{
 "type": "FeatureCollection",
 "name": "bangkok_fir_holdings",
 "crs": {
  "type": "name",
  "properties": {
   "name": "urn:ogc:def:crs:OGC:1.3/CRS84"
  }
 },
 "metadata": {
  "description": "Published holding fixes whose position falls inside the Bangkok FIR",
  "airac_cycle": "2607",
  "airac_effective": "0907060826",
  "arinc_version": "424-18",
  "source_table": "airac_current.holdings (Navigraph DFD)",
  "fir_polygon": "airspace.fir 'BANGKOK FIR'",
  "spatial_filter": "ST_Contains(fir.geom, holding fix point), EPSG:4326",
  "feature_count": 231,
  "distinct_fixes": 189,
  "extracted_at_utc": "2026-07-26T13:59:26Z"
 },
 "features": [
  {
   "type": "Feature",
   "geometry": {
    "type": "Point",
    "coordinates": [
     101.84016667,
     6.74162222
    ]
   },
   "properties": {
    "waypoint_identifier": "AKTIG",
    "holding_name": "AKTIG",
    "icao_code": "VT",
    "region_code": "VTSC",
    "duplicate_identifier": 50,
    "inbound_holding_course_deg": 204.0,
    "turn_direction": "L",
    "leg_length_nm": null,
    "leg_time_min": 1.0,
    "minimum_altitude_ft": 3000,
    "maximum_altitude_ft": null,
    "holding_speed_kt": 230
   }
  },
  {
   "type": "Feature",
   "geometry": {
    "type": "Point",
    "coordinates": [
     100.178625,
     8.54101111
    ]
   },
   "properties": {
    "waypoint_identifier": "ALBAR",
    "holding_name": "ALBAR",
    "icao_code": "VT",
    "region_code": "VTSF",
    "duplicate_identifier": 50,
    "inbound_holding_course_deg": 271.0,
    "turn_direction": "R",
    "leg_length_nm": null,
    "leg_time_min": 1.0,
    "minimum_altitude_ft": 4000,
    "maximum_altitude_ft": null,
    "holding_speed_kt": null
   }
  },
  {
   "type": "Feature",
   "geometry": {
    "type": "Point",
    "coordinates": [
     100.13808333,
     7.12288889
    ]
   },
   "properties": {
    "waypoint_identifier": "ALDUG",
    "holding_name": "ALDUG",
    "icao_code": "VT",
    "region_code": "VTSS",
    "duplicate_identifier": 40,
    "inbound_holding_course_deg": 180.0,
    "turn_direction": "L",
    "leg_length_nm": null,
    "leg_time_min": 1.0,
    "minimum_altitude_ft": 8000,
    "maximum_altitude_ft": null,
    "holding_speed_kt": 230
   }
  },
  {
   "type": "Feature",
   "geometry": {
    "type": "Point",
    "coordinates": [
     100.13808333,
     7.12288889
    ]
   },
   "properties": {
    "waypoint_identifier": "ALDUG",
    "holding_name": "ALDUG",
    "icao_code": "VT",
    "region_code": "VTSS",
    "duplicate_identifier": 50,
    "inbound_holding_course_deg": 180.0,
    "turn_direction": "L",
    "leg_length_nm": null,
    "leg_time_min": 1.0,
    "minimum_altitude_ft": 8000,
    "maximum_altitude_ft": null,
    "holding_speed_kt": 230
   }
  },
  {
   "type": "Feature",
   "geometry": {
    "type": "Point",
    "coordinates": [
     98.59501944,
     8.22904167
    ]
   },
   "properties": {
    "waypoint_identifier": "ANFIL",
    "holding_name": "ANFIL",
    "icao_code": "VT",
    "region_code": "VTSP",
    "duplicate_identifier": 50,
    "inbound_holding_course_deg": 202.0,
    "turn_direction": "R",
    "leg_length_nm": null,
    "leg_time_min": 1.0,
    "minimum_altitude_ft": 4000,
    "maximum_altitude_ft": null,
    "holding_speed_kt": null
   }
  },
  {
   "type": "Feature",
   "geometry": {
    "type": "Point",
    "coordinates": [
     98.82534722,
     16.72058056
    ]
   },
   "properties": {
    "waypoint_identifier": "ANPOX",
    "holding_name": "ANPOX",
    "icao_code": "VT",
    "region_code": "VTPM",
    "duplicate_identifier": 50,
    "inbound_holding_course_deg": 266.0,
    "turn_direction": "R",
    "leg_length_nm": null,
    "leg_time_min": 1.0,
    "minimum_altitude_ft": 5700,
    "maximum_altitude_ft": null,
    "holding_speed_kt": 200
   }
  },
  {
   "type": "Feature",
   "geometry": {
    "type": "Point",
    "coordinates": [
     98.83989167,
     18.74689722
    ]
   },
   "properties": {
    "waypoint_identifier": "ANSAB",
    "holding_name": "ANSAB",
    "icao_code": "VT",
    "region_code": "VTCC",
    "duplicate_identifier": 40,
    "inbound_holding_course_deg": 181.0,
    "turn_direction": "L",
    "leg_length_nm": null,
    "leg_time_min": 1.0,
    "minimum_altitude_ft": 13000,
    "maximum_altitude_ft": null,
    "holding_speed_kt": 230
   }
  },
  {
   "type": "Feature",
   "geometry": {
    "type": "Point",
    "coordinates": [
     104.72536111,
     15.13923333
    ]
   },
   "properties": {
    "waypoint_identifier": "ARARA",
    "holding_name": "ARARA",
    "icao_code": "VT",
    "region_code": "VTUU",
    "duplicate_identifier": 40,
    "inbound_holding_course_deg": 53.0,
    "turn_direction": "R",
    "leg_length_nm": null,
    "leg_time_min": 1.0,
    "minimum_altitude_ft": 3000,
    "maximum_altitude_ft": null,
    "holding_speed_kt": 230
   }
  },
  {
   "type": "Feature",
   "geometry": {
    "type": "Point",
    "coordinates": [
     104.72536111,
     15.13923333
    ]
   },
   "properties": {
    "waypoint_identifier": "ARARA",
    "holding_name": "ARARA",
    "icao_code": "VT",
    "region_code": "VTUU",
    "duplicate_identifier": 50,
    "inbound_holding_course_deg": 53.0,
    "turn_direction": "R",
    "leg_length_nm": null,
    "leg_time_min": 1.0,
    "minimum_altitude_ft": 3000,
    "maximum_altitude_ft": null,
    "holding_speed_kt": 230
   }
  },
  {
   "type": "Feature",
   "geometry": {
    "type": "Point",
    "coordinates": [
     100.32215556,
     13.383275
    ]
   },
   "properties": {
    "waypoint_identifier": "ARMUS",
    "holding_name": "ARMUS",
    "icao_code": "VT",
    "region_code": "VTBD",
    "duplicate_identifier": 40,
    "inbound_holding_course_deg": 360.0,
    "turn_direction": "R",
    "leg_length_nm": null,
    "leg_time_min": 1.0,
    "minimum_altitude_ft": 9000,
    "maximum_altitude_ft": null,
    "holding_speed_kt": null
   }
  },
  {
   "type": "Feature",
   "geometry": {
    "type": "Point",
    "coordinates": [
     100.66441389,
     14.18948889
    ]
   },
   "properties": {
    "waypoint_identifier": "AROKA",
    "holding_name": "AROKA",
    "icao_code": "VT",
    "region_code": "VTBD",
    "duplicate_identifier": 40,
    "inbound_holding_course_deg": 165.0,
    "turn_direction": "R",
    "leg_length_nm": null,
    "leg_time_min": 1.0,
    "minimum_altitude_ft": 3000,
    "maximum_altitude_ft": null,
    "holding_speed_kt": null
   }
  },
  {
   "type": "Feature",
   "geometry": {
    "type": "Point",
    "coordinates": [
     100.69333611,
     18.58048611
    ]
   },
   "properties": {
    "waypoint_identifier": "ASUBI",
    "holding_name": "ASUBI",
    "icao_code": "VT",
    "region_code": "VTCN",
    "duplicate_identifier": 50,
    "inbound_holding_course_deg": 22.0,
    "turn_direction": "L",
    "leg_length_nm": null,
    "leg_time_min": 1.0,
    "minimum_altitude_ft": 5000,
    "maximum_altitude_ft": null,
    "holding_speed_kt": 230
   }
  },
  {
   "type": "Feature",
   "geometry": {
    "type": "Point",
    "coordinates": [
     100.69333611,
     18.58048611
    ]
   },
   "properties": {
    "waypoint_identifier": "ASUBI",
    "holding_name": "ASUBI",
    "icao_code": "VT",
    "region_code": "VTCN",
    "duplicate_identifier": 51,
    "inbound_holding_course_deg": 21.0,
    "turn_direction": "L",
    "leg_length_nm": null,
    "leg_time_min": 1.0,
    "minimum_altitude_ft": 5000,
    "maximum_altitude_ft": null,
    "holding_speed_kt": 230
   }
  },
  {
   "type": "Feature",
   "geometry": {
    "type": "Point",
    "coordinates": [
     104.00752778,
     16.22285833
    ]
   },
   "properties": {
    "waypoint_identifier": "ATKER",
    "holding_name": "ATKER",
    "icao_code": "VT",
    "region_code": "VTUV",
    "duplicate_identifier": 50,
    "inbound_holding_course_deg": 246.0,
    "turn_direction": "L",
    "leg_length_nm": null,
    "leg_time_min": 1.0,
    "minimum_altitude_ft": 3500,
    "maximum_altitude_ft": null,
    "holding_speed_kt": 230
   }
  },
  {
   "type": "Feature",
   "geometry": {
    "type": "Point",
    "coordinates": [
     100.39604444,
     7.11812778
    ]
   },
   "properties": {
    "waypoint_identifier": "ATMOT",
    "holding_name": "ATMOT",
    "icao_code": "VT",
    "region_code": "VTSS",
    "duplicate_identifier": 50,
    "inbound_holding_course_deg": 183.0,
    "turn_direction": "R",
    "leg_length_nm": null,
    "leg_time_min": 1.0,
    "minimum_altitude_ft": 3000,
    "maximum_altitude_ft": null,
    "holding_speed_kt": 230
   }
  },
  {
   "type": "Feature",
   "geometry": {
    "type": "Point",
    "coordinates": [
     100.08260833,
     9.34098611
    ]
   },
   "properties": {
    "waypoint_identifier": "ATNES",
    "holding_name": "ATNES",
    "icao_code": "VT",
    "region_code": "VTSM",
    "duplicate_identifier": 50,
    "inbound_holding_course_deg": 355.0,
    "turn_direction": "R",
    "leg_length_nm": null,
    "leg_time_min": 1.0,
    "minimum_altitude_ft": 3300,
    "maximum_altitude_ft": null,
    "holding_speed_kt": 230
   }
  },
  {
   "type": "Feature",
   "geometry": {
    "type": "Point",
    "coordinates": [
     99.41090278,
     18.59438611
    ]
   },
   "properties": {
    "waypoint_identifier": "ATNUT",
    "holding_name": "ATNUT",
    "icao_code": "VT",
    "region_code": "VTCC",
    "duplicate_identifier": 40,
    "inbound_holding_course_deg": 243.0,
    "turn_direction": "R",
    "leg_length_nm": null,
    "leg_time_min": 1.0,
    "minimum_altitude_ft": 10000,
    "maximum_altitude_ft": null,
    "holding_speed_kt": 230
   }
  },
  {
   "type": "Feature",
   "geometry": {
    "type": "Point",
    "coordinates": [
     100.30070833,
     15.48848889
    ]
   },
   "properties": {
    "waypoint_identifier": "ATRIL",
    "holding_name": "ATRIL",
    "icao_code": "VT",
    "region_code": "VTPI",
    "duplicate_identifier": 50,
    "inbound_holding_course_deg": 182.0,
    "turn_direction": "R",
    "leg_length_nm": null,
    "leg_time_min": 1.0,
    "minimum_altitude_ft": 3200,
    "maximum_altitude_ft": null,
    "holding_speed_kt": 230
   }
  },
  {
   "type": "Feature",
   "geometry": {
    "type": "Point",
    "coordinates": [
     98.55760833,
     8.13581667
    ]
   },
   "properties": {
    "waypoint_identifier": "BARON",
    "holding_name": "BARON",
    "icao_code": "VT",
    "region_code": "VTSP",
    "duplicate_identifier": 40,
    "inbound_holding_course_deg": 265.0,
    "turn_direction": "R",
    "leg_length_nm": null,
    "leg_time_min": 1.0,
    "minimum_altitude_ft": 3000,
    "maximum_altitude_ft": null,
    "holding_speed_kt": null
   }
  },
  {
   "type": "Feature",
   "geometry": {
    "type": "Point",
    "coordinates": [
     100.63820556,
     14.13603056
    ]
   },
   "properties": {
    "waypoint_identifier": "BD103",
    "holding_name": "BD103",
    "icao_code": "VT",
    "region_code": "VTBD",
    "duplicate_identifier": 50,
    "inbound_holding_course_deg": 139.0,
    "turn_direction": "L",
    "leg_length_nm": null,
    "leg_time_min": 1.0,
    "minimum_altitude_ft": 2600,
    "maximum_altitude_ft": 99999,
    "holding_speed_kt": null
   }
  },
  {
   "type": "Feature",
   "geometry": {
    "type": "Point",
    "coordinates": [
     100.63820556,
     14.13603056
    ]
   },
   "properties": {
    "waypoint_identifier": "BD103",
    "holding_name": "BD103",
    "icao_code": "VT",
    "region_code": "VTBD",
    "duplicate_identifier": 60,
    "inbound_holding_course_deg": 139.0,
    "turn_direction": "L",
    "leg_length_nm": null,
    "leg_time_min": 1.0,
    "minimum_altitude_ft": 2600,
    "maximum_altitude_ft": 99999,
    "holding_speed_kt": null
   }
  },
  {
   "type": "Feature",
   "geometry": {
    "type": "Point",
    "coordinates": [
     100.78241389,
     14.05723333
    ]
   },
   "properties": {
    "waypoint_identifier": "BD110",
    "holding_name": "BD110",
    "icao_code": "VT",
    "region_code": "VTBD",
    "duplicate_identifier": 50,
    "inbound_holding_course_deg": 278.0,
    "turn_direction": "R",
    "leg_length_nm": null,
    "leg_time_min": 1.0,
    "minimum_altitude_ft": 2600,
    "maximum_altitude_ft": 99999,
    "holding_speed_kt": null
   }
  },
  {
   "type": "Feature",
   "geometry": {
    "type": "Point",
    "coordinates": [
     100.78241389,
     14.05723333
    ]
   },
   "properties": {
    "waypoint_identifier": "BD110",
    "holding_name": "BD110",
    "icao_code": "VT",
    "region_code": "VTBD",
    "duplicate_identifier": 60,
    "inbound_holding_course_deg": 278.0,
    "turn_direction": "R",
    "leg_length_nm": null,
    "leg_time_min": 1.0,
    "minimum_altitude_ft": 2600,
    "maximum_altitude_ft": 99999,
    "holding_speed_kt": null
   }
  },
  {
   "type": "Feature",
   "geometry": {
    "type": "Point",
    "coordinates": [
     100.86595278,
     13.35110278
    ]
   },
   "properties": {
    "waypoint_identifier": "BD120",
    "holding_name": "BD120",
    "icao_code": "VT",
    "region_code": "VTBD",
    "duplicate_identifier": 40,
    "inbound_holding_course_deg": 281.0,
    "turn_direction": "R",
    "leg_length_nm": null,
    "leg_time_min": 1.0,
    "minimum_altitude_ft": 13000,
    "maximum_altitude_ft": null,
    "holding_speed_kt": null
   }
  },
  {
   "type": "Feature",
   "geometry": {
    "type": "Point",
    "coordinates": [
     99.24450556,
     8.04933889
    ]
   },
   "properties": {
    "waypoint_identifier": "BELMI",
    "holding_name": "BELMI",
    "icao_code": "VT",
    "region_code": "VTSG",
    "duplicate_identifier": 40,
    "inbound_holding_course_deg": 231.0,
    "turn_direction": "R",
    "leg_length_nm": null,
    "leg_time_min": 1.0,
    "minimum_altitude_ft": 5000,
    "maximum_altitude_ft": null,
    "holding_speed_kt": 230
   }
  },
  {
   "type": "Feature",
   "geometry": {
    "type": "Point",
    "coordinates": [
     99.24450556,
     8.04933889
    ]
   },
   "properties": {
    "waypoint_identifier": "BELMI",
    "holding_name": "BELMI",
    "icao_code": "VT",
    "region_code": "VTSG",
    "duplicate_identifier": 50,
    "inbound_holding_course_deg": 231.0,
    "turn_direction": "R",
    "leg_length_nm": null,
    "leg_time_min": 1.0,
    "minimum_altitude_ft": 5000,
    "maximum_altitude_ft": null,
    "holding_speed_kt": 230
   }
  },
  {
   "type": "Feature",
   "geometry": {
    "type": "Point",
    "coordinates": [
     103.76559167,
     15.93283889
    ]
   },
   "properties": {
    "waypoint_identifier": "BEPSI",
    "holding_name": "BEPSI",
    "icao_code": "VT",
    "region_code": "VTUV",
    "duplicate_identifier": 50,
    "inbound_holding_course_deg": 4.0,
    "turn_direction": "R",
    "leg_length_nm": null,
    "leg_time_min": 1.0,
    "minimum_altitude_ft": 3000,
    "maximum_altitude_ft": null,
    "holding_speed_kt": 230
   }
  },
  {
   "type": "Feature",
   "geometry": {
    "type": "Point",
    "coordinates": [
     98.60548889,
     9.53148611
    ]
   },
   "properties": {
    "waypoint_identifier": "BIGDA",
    "holding_name": "BIGDA",
    "icao_code": "VT",
    "region_code": "VTSR",
    "duplicate_identifier": 50,
    "inbound_holding_course_deg": 294.0,
    "turn_direction": "L",
    "leg_length_nm": null,
    "leg_time_min": 1.0,
    "minimum_altitude_ft": 6000,
    "maximum_altitude_ft": null,
    "holding_speed_kt": 230
   }
  },
  {
   "type": "Feature",
   "geometry": {
    "type": "Point",
    "coordinates": [
     99.74160833,
     18.22555278
    ]
   },
   "properties": {
    "waypoint_identifier": "BIXEB",
    "holding_name": "BIXEB",
    "icao_code": "VT",
    "region_code": "VTCL",
    "duplicate_identifier": 50,
    "inbound_holding_course_deg": 283.0,
    "turn_direction": "L",
    "leg_length_nm": null,
    "leg_time_min": 1.0,
    "minimum_altitude_ft": 7000,
    "maximum_altitude_ft": null,
    "holding_speed_kt": 230
   }
  },
  {
   "type": "Feature",
   "geometry": {
    "type": "Point",
    "coordinates": [
     100.59619444,
     13.89352778
    ]
   },
   "properties": {
    "waypoint_identifier": "BKK",
    "holding_name": "BANGKOK",
    "icao_code": null,
    "region_code": "ENRT",
    "duplicate_identifier": 50,
    "inbound_holding_course_deg": 120.0,
    "turn_direction": "L",
    "leg_length_nm": null,
    "leg_time_min": 1.0,
    "minimum_altitude_ft": 7000,
    "maximum_altitude_ft": null,
    "holding_speed_kt": 230
   }
  },
  {
   "type": "Feature",
   "geometry": {
    "type": "Point",
    "coordinates": [
     103.25255556,
     15.23863889
    ]
   },
   "properties": {
    "waypoint_identifier": "BR",
    "holding_name": "BURIRUM",
    "icao_code": null,
    "region_code": "ENRT",
    "duplicate_identifier": 60,
    "inbound_holding_course_deg": 27.0,
    "turn_direction": "R",
    "leg_length_nm": null,
    "leg_time_min": 1.0,
    "minimum_altitude_ft": 2000,
    "maximum_altitude_ft": null,
    "holding_speed_kt": null
   }
  },
  {
   "type": "Feature",
   "geometry": {
    "type": "Point",
    "coordinates": [
     100.58919722,
     14.13257222
    ]
   },
   "properties": {
    "waypoint_identifier": "BRENT",
    "holding_name": "BRENT",
    "icao_code": "VT",
    "region_code": "VTBD",
    "duplicate_identifier": 40,
    "inbound_holding_course_deg": 181.0,
    "turn_direction": "R",
    "leg_length_nm": null,
    "leg_time_min": 1.0,
    "minimum_altitude_ft": 7000,
    "maximum_altitude_ft": null,
    "holding_speed_kt": null
   }
  },
  {
   "type": "Feature",
   "geometry": {
    "type": "Point",
    "coordinates": [
     101.00047222,
     12.66666667
    ]
   },
   "properties": {
    "waypoint_identifier": "BUT",
    "holding_name": "U-TAPAO",
    "icao_code": null,
    "region_code": "ENRT",
    "duplicate_identifier": 50,
    "inbound_holding_course_deg": 346.0,
    "turn_direction": "R",
    "leg_length_nm": null,
    "leg_time_min": 1.0,
    "minimum_altitude_ft": 6000,
    "maximum_altitude_ft": null,
    "holding_speed_kt": 230
   }
  },
  {
   "type": "Feature",
   "geometry": {
    "type": "Point",
    "coordinates": [
     101.00047222,
     12.66666667
    ]
   },
   "properties": {
    "waypoint_identifier": "BUT",
    "holding_name": "U-TAPAO",
    "icao_code": null,
    "region_code": "ENRT",
    "duplicate_identifier": 51,
    "inbound_holding_course_deg": 148.0,
    "turn_direction": "L",
    "leg_length_nm": null,
    "leg_time_min": 1.0,
    "minimum_altitude_ft": 5000,
    "maximum_altitude_ft": null,
    "holding_speed_kt": 230
   }
  },
  {
   "type": "Feature",
   "geometry": {
    "type": "Point",
    "coordinates": [
     101.00047222,
     12.66666667
    ]
   },
   "properties": {
    "waypoint_identifier": "BUT",
    "holding_name": "U-TAPAO",
    "icao_code": null,
    "region_code": "ENRT",
    "duplicate_identifier": 52,
    "inbound_holding_course_deg": 344.0,
    "turn_direction": "R",
    "leg_length_nm": null,
    "leg_time_min": 1.0,
    "minimum_altitude_ft": 6000,
    "maximum_altitude_ft": null,
    "holding_speed_kt": 230
   }
  },
  {
   "type": "Feature",
   "geometry": {
    "type": "Point",
    "coordinates": [
     100.21108889,
     8.54090833
    ]
   },
   "properties": {
    "waypoint_identifier": "CENLO",
    "holding_name": "CENLO",
    "icao_code": "VT",
    "region_code": "VTSF",
    "duplicate_identifier": 50,
    "inbound_holding_course_deg": 271.0,
    "turn_direction": "R",
    "leg_length_nm": null,
    "leg_time_min": 1.0,
    "minimum_altitude_ft": 4000,
    "maximum_altitude_ft": null,
    "holding_speed_kt": null
   }
  },
  {
   "type": "Feature",
   "geometry": {
    "type": "Point",
    "coordinates": [
     99.15763889,
     10.59871944
    ]
   },
   "properties": {
    "waypoint_identifier": "CF06",
    "holding_name": "CPN242014",
    "icao_code": "VT",
    "region_code": "VTSE",
    "duplicate_identifier": 50,
    "inbound_holding_course_deg": 62.0,
    "turn_direction": "R",
    "leg_length_nm": null,
    "leg_time_min": 1.0,
    "minimum_altitude_ft": 3200,
    "maximum_altitude_ft": null,
    "holding_speed_kt": 230
   }
  },
  {
   "type": "Feature",
   "geometry": {
    "type": "Point",
    "coordinates": [
     99.56730278,
     10.834275
    ]
   },
   "properties": {
    "waypoint_identifier": "CF24",
    "holding_name": "CPN059014",
    "icao_code": "VT",
    "region_code": "VTSE",
    "duplicate_identifier": 50,
    "inbound_holding_course_deg": 239.0,
    "turn_direction": "L",
    "leg_length_nm": null,
    "leg_time_min": 1.0,
    "minimum_altitude_ft": 3000,
    "maximum_altitude_ft": null,
    "holding_speed_kt": 230
   }
  },
  {
   "type": "Feature",
   "geometry": {
    "type": "Point",
    "coordinates": [
     100.1273,
     12.81651389
    ]
   },
   "properties": {
    "waypoint_identifier": "CHANG",
    "holding_name": "CHANG",
    "icao_code": "VT",
    "region_code": "VTPH",
    "duplicate_identifier": 50,
    "inbound_holding_course_deg": 227.0,
    "turn_direction": "R",
    "leg_length_nm": null,
    "leg_time_min": 1.0,
    "minimum_altitude_ft": 3200,
    "maximum_altitude_ft": null,
    "holding_speed_kt": null
   }
  },
  {
   "type": "Feature",
   "geometry": {
    "type": "Point",
    "coordinates": [
     98.96122222,
     18.76611111
    ]
   },
   "properties": {
    "waypoint_identifier": "CMA",
    "holding_name": "CHIANG MAI",
    "icao_code": null,
    "region_code": "ENRT",
    "duplicate_identifier": 40,
    "inbound_holding_course_deg": 82.0,
    "turn_direction": "L",
    "leg_length_nm": null,
    "leg_time_min": 1.0,
    "minimum_altitude_ft": 13000,
    "maximum_altitude_ft": null,
    "holding_speed_kt": 230
   }
  },
  {
   "type": "Feature",
   "geometry": {
    "type": "Point",
    "coordinates": [
     98.96122222,
     18.76611111
    ]
   },
   "properties": {
    "waypoint_identifier": "CMA",
    "holding_name": "CHIANG MAI",
    "icao_code": null,
    "region_code": "ENRT",
    "duplicate_identifier": 50,
    "inbound_holding_course_deg": 121.0,
    "turn_direction": "R",
    "leg_length_nm": null,
    "leg_time_min": 1.0,
    "minimum_altitude_ft": 8000,
    "maximum_altitude_ft": null,
    "holding_speed_kt": 230
   }
  },
  {
   "type": "Feature",
   "geometry": {
    "type": "Point",
    "coordinates": [
     98.96122222,
     18.76611111
    ]
   },
   "properties": {
    "waypoint_identifier": "CMA",
    "holding_name": "CHIANG MAI",
    "icao_code": null,
    "region_code": "ENRT",
    "duplicate_identifier": 51,
    "inbound_holding_course_deg": 50.0,
    "turn_direction": "R",
    "leg_length_nm": null,
    "leg_time_min": 1.0,
    "minimum_altitude_ft": 8000,
    "maximum_altitude_ft": null,
    "holding_speed_kt": 230
   }
  },
  {
   "type": "Feature",
   "geometry": {
    "type": "Point",
    "coordinates": [
     100.97407778,
     18.72057222
    ]
   },
   "properties": {
    "waypoint_identifier": "CN202",
    "holding_name": "CN202",
    "icao_code": "VT",
    "region_code": "VTCN",
    "duplicate_identifier": 50,
    "inbound_holding_course_deg": 22.0,
    "turn_direction": "R",
    "leg_length_nm": null,
    "leg_time_min": 1.0,
    "minimum_altitude_ft": 9000,
    "maximum_altitude_ft": null,
    "holding_speed_kt": 230
   }
  },
  {
   "type": "Feature",
   "geometry": {
    "type": "Point",
    "coordinates": [
     101.21364722,
     12.81491389
    ]
   },
   "properties": {
    "waypoint_identifier": "COBAR",
    "holding_name": "COBAR",
    "icao_code": "VT",
    "region_code": "VTBU",
    "duplicate_identifier": 50,
    "inbound_holding_course_deg": 235.0,
    "turn_direction": "L",
    "leg_length_nm": null,
    "leg_time_min": 1.0,
    "minimum_altitude_ft": 4000,
    "maximum_altitude_ft": null,
    "holding_speed_kt": 230
   }
  },
  {
   "type": "Feature",
   "geometry": {
    "type": "Point",
    "coordinates": [
     99.36611111,
     10.71772222
    ]
   },
   "properties": {
    "waypoint_identifier": "CP",
    "holding_name": "CHUMPHON",
    "icao_code": null,
    "region_code": "ENRT",
    "duplicate_identifier": 50,
    "inbound_holding_course_deg": 234.0,
    "turn_direction": "L",
    "leg_length_nm": null,
    "leg_time_min": 1.0,
    "minimum_altitude_ft": 3700,
    "maximum_altitude_ft": null,
    "holding_speed_kt": 230
   }
  },
  {
   "type": "Feature",
   "geometry": {
    "type": "Point",
    "coordinates": [
     99.36611111,
     10.71772222
    ]
   },
   "properties": {
    "waypoint_identifier": "CP",
    "holding_name": "CHUMPHON",
    "icao_code": null,
    "region_code": "ENRT",
    "duplicate_identifier": 51,
    "inbound_holding_course_deg": 74.0,
    "turn_direction": "R",
    "leg_length_nm": null,
    "leg_time_min": 1.0,
    "minimum_altitude_ft": 3700,
    "maximum_altitude_ft": null,
    "holding_speed_kt": 230
   }
  },
  {
   "type": "Feature",
   "geometry": {
    "type": "Point",
    "coordinates": [
     99.88313889,
     19.94886111
    ]
   },
   "properties": {
    "waypoint_identifier": "CTR",
    "holding_name": "CHIANG RAI",
    "icao_code": null,
    "region_code": "ENRT",
    "duplicate_identifier": 50,
    "inbound_holding_course_deg": 173.0,
    "turn_direction": "R",
    "leg_length_nm": null,
    "leg_time_min": 1.0,
    "minimum_altitude_ft": 8000,
    "maximum_altitude_ft": null,
    "holding_speed_kt": 230
   }
  },
  {
   "type": "Feature",
   "geometry": {
    "type": "Point",
    "coordinates": [
     99.88313889,
     19.94886111
    ]
   },
   "properties": {
    "waypoint_identifier": "CTR",
    "holding_name": "CHIANG RAI",
    "icao_code": null,
    "region_code": "ENRT",
    "duplicate_identifier": 51,
    "inbound_holding_course_deg": 70.0,
    "turn_direction": "R",
    "leg_length_nm": null,
    "leg_time_min": 1.0,
    "minimum_altitude_ft": 7000,
    "maximum_altitude_ft": null,
    "holding_speed_kt": 230
   }
  },
  {
   "type": "Feature",
   "geometry": {
    "type": "Point",
    "coordinates": [
     100.67088889,
     14.00585278
    ]
   },
   "properties": {
    "waypoint_identifier": "D034H",
    "holding_name": "BKK034008",
    "icao_code": "VT",
    "region_code": "VTBD",
    "duplicate_identifier": 50,
    "inbound_holding_course_deg": 214.0,
    "turn_direction": "R",
    "leg_length_nm": null,
    "leg_time_min": 1.0,
    "minimum_altitude_ft": 6000,
    "maximum_altitude_ft": null,
    "holding_speed_kt": 230
   }
  },
  {
   "type": "Feature",
   "geometry": {
    "type": "Point",
    "coordinates": [
     99.12198056,
     8.31306389
    ]
   },
   "properties": {
    "waypoint_identifier": "D035O",
    "holding_name": "KBI035015",
    "icao_code": "VT",
    "region_code": "VTSG",
    "duplicate_identifier": 50,
    "inbound_holding_course_deg": 215.0,
    "turn_direction": "L",
    "leg_length_nm": null,
    "leg_time_min": 1.0,
    "minimum_altitude_ft": 4000,
    "maximum_altitude_ft": 99999,
    "holding_speed_kt": null
   }
  },
  {
   "type": "Feature",
   "geometry": {
    "type": "Point",
    "coordinates": [
     100.29093333,
     15.06299444
    ]
   },
   "properties": {
    "waypoint_identifier": "DALBA",
    "holding_name": "DALBA",
    "icao_code": "VT",
    "region_code": "VTPI",
    "duplicate_identifier": 50,
    "inbound_holding_course_deg": 2.0,
    "turn_direction": "L",
    "leg_length_nm": null,
    "leg_time_min": 1.0,
    "minimum_altitude_ft": 3200,
    "maximum_altitude_ft": null,
    "holding_speed_kt": 230
   }
  },
  {
   "type": "Feature",
   "geometry": {
    "type": "Point",
    "coordinates": [
     98.1293,
     19.50131111
    ]
   },
   "properties": {
    "waypoint_identifier": "DANPU",
    "holding_name": "DANPU",
    "icao_code": "VT",
    "region_code": "VTCH",
    "duplicate_identifier": 50,
    "inbound_holding_course_deg": 270.0,
    "turn_direction": "R",
    "leg_length_nm": null,
    "leg_time_min": 1.0,
    "minimum_altitude_ft": 7600,
    "maximum_altitude_ft": null,
    "holding_speed_kt": 230
   }
  },
  {
   "type": "Feature",
   "geometry": {
    "type": "Point",
    "coordinates": [
     103.78201389,
     16.30066111
    ]
   },
   "properties": {
    "waypoint_identifier": "DAPGI",
    "holding_name": "DAPGI",
    "icao_code": "VT",
    "region_code": "VTUV",
    "duplicate_identifier": 50,
    "inbound_holding_course_deg": 184.0,
    "turn_direction": "L",
    "leg_length_nm": null,
    "leg_time_min": 1.0,
    "minimum_altitude_ft": 3000,
    "maximum_altitude_ft": null,
    "holding_speed_kt": 210
   }
  },
  {
   "type": "Feature",
   "geometry": {
    "type": "Point",
    "coordinates": [
     101.31925556,
     6.91401111
    ]
   },
   "properties": {
    "waypoint_identifier": "DATOE",
    "holding_name": "DATOE",
    "icao_code": "VT",
    "region_code": "VTSK",
    "duplicate_identifier": 50,
    "inbound_holding_course_deg": 91.0,
    "turn_direction": "L",
    "leg_length_nm": null,
    "leg_time_min": 1.0,
    "minimum_altitude_ft": 3500,
    "maximum_altitude_ft": null,
    "holding_speed_kt": 230
   }
  },
  {
   "type": "Feature",
   "geometry": {
    "type": "Point",
    "coordinates": [
     100.39090278,
     6.75631944
    ]
   },
   "properties": {
    "waypoint_identifier": "DUDIB",
    "holding_name": "DUDIB",
    "icao_code": "VT",
    "region_code": "VTSS",
    "duplicate_identifier": 40,
    "inbound_holding_course_deg": 270.0,
    "turn_direction": "R",
    "leg_length_nm": null,
    "leg_time_min": 1.0,
    "minimum_altitude_ft": 8000,
    "maximum_altitude_ft": null,
    "holding_speed_kt": 230
   }
  },
  {
   "type": "Feature",
   "geometry": {
    "type": "Point",
    "coordinates": [
     100.39090278,
     6.75631944
    ]
   },
   "properties": {
    "waypoint_identifier": "DUDIB",
    "holding_name": "DUDIB",
    "icao_code": "VT",
    "region_code": "VTSS",
    "duplicate_identifier": 50,
    "inbound_holding_course_deg": 270.0,
    "turn_direction": "R",
    "leg_length_nm": null,
    "leg_time_min": 1.0,
    "minimum_altitude_ft": 8000,
    "maximum_altitude_ft": null,
    "holding_speed_kt": 230
   }
  },
  {
   "type": "Feature",
   "geometry": {
    "type": "Point",
    "coordinates": [
     105.01075556,
     15.37264167
    ]
   },
   "properties": {
    "waypoint_identifier": "DUGIL",
    "holding_name": "DUGIL",
    "icao_code": "VT",
    "region_code": "VTUU",
    "duplicate_identifier": 50,
    "inbound_holding_course_deg": 229.0,
    "turn_direction": "L",
    "leg_length_nm": null,
    "leg_time_min": 1.0,
    "minimum_altitude_ft": 3000,
    "maximum_altitude_ft": null,
    "holding_speed_kt": 230
   }
  },
  {
   "type": "Feature",
   "geometry": {
    "type": "Point",
    "coordinates": [
     104.26006944,
     17.09445278
    ]
   },
   "properties": {
    "waypoint_identifier": "DUPER",
    "holding_name": "DUPER",
    "icao_code": "VT",
    "region_code": "VTUI",
    "duplicate_identifier": 50,
    "inbound_holding_course_deg": 216.0,
    "turn_direction": "L",
    "leg_length_nm": null,
    "leg_time_min": 1.0,
    "minimum_altitude_ft": 4000,
    "maximum_altitude_ft": null,
    "holding_speed_kt": 230
   }
  },
  {
   "type": "Feature",
   "geometry": {
    "type": "Point",
    "coordinates": [
     101.28624444,
     14.30966667
    ]
   },
   "properties": {
    "waypoint_identifier": "EASTE",
    "holding_name": "EASTE",
    "icao_code": null,
    "region_code": "ENRT",
    "duplicate_identifier": 40,
    "inbound_holding_course_deg": 248.0,
    "turn_direction": "L",
    "leg_length_nm": null,
    "leg_time_min": 1.0,
    "minimum_altitude_ft": 14000,
    "maximum_altitude_ft": null,
    "holding_speed_kt": null
   }
  },
  {
   "type": "Feature",
   "geometry": {
    "type": "Point",
    "coordinates": [
     101.28800556,
     12.77213889
    ]
   },
   "properties": {
    "waypoint_identifier": "EKOBA",
    "holding_name": "EKOBA",
    "icao_code": "VT",
    "region_code": "VTBU",
    "duplicate_identifier": 50,
    "inbound_holding_course_deg": 250.0,
    "turn_direction": "R",
    "leg_length_nm": null,
    "leg_time_min": 1.0,
    "minimum_altitude_ft": 4000,
    "maximum_altitude_ft": null,
    "holding_speed_kt": 230
   }
  },
  {
   "type": "Feature",
   "geometry": {
    "type": "Point",
    "coordinates": [
     101.31631944,
     16.45833056
    ]
   },
   "properties": {
    "waypoint_identifier": "EKVIP",
    "holding_name": "EKVIP",
    "icao_code": "VT",
    "region_code": "VTPB",
    "duplicate_identifier": 50,
    "inbound_holding_course_deg": 271.0,
    "turn_direction": "R",
    "leg_length_nm": null,
    "leg_time_min": 1.0,
    "minimum_altitude_ft": 6000,
    "maximum_altitude_ft": null,
    "holding_speed_kt": 230
   }
  },
  {
   "type": "Feature",
   "geometry": {
    "type": "Point",
    "coordinates": [
     102.90919722,
     16.654125
    ]
   },
   "properties": {
    "waypoint_identifier": "ELGEV",
    "holding_name": "ELGEV",
    "icao_code": "VT",
    "region_code": "VTUK",
    "duplicate_identifier": 50,
    "inbound_holding_course_deg": 214.0,
    "turn_direction": "R",
    "leg_length_nm": null,
    "leg_time_min": 1.0,
    "minimum_altitude_ft": 3400,
    "maximum_altitude_ft": null,
    "holding_speed_kt": 230
   }
  },
  {
   "type": "Feature",
   "geometry": {
    "type": "Point",
    "coordinates": [
     101.63553611,
     6.77180278
    ]
   },
   "properties": {
    "waypoint_identifier": "ELMIT",
    "holding_name": "ELMIT",
    "icao_code": "VT",
    "region_code": "VTSC",
    "duplicate_identifier": 50,
    "inbound_holding_course_deg": 156.0,
    "turn_direction": "L",
    "leg_length_nm": null,
    "leg_time_min": 1.0,
    "minimum_altitude_ft": 5000,
    "maximum_altitude_ft": null,
    "holding_speed_kt": 230
   }
  },
  {
   "type": "Feature",
   "geometry": {
    "type": "Point",
    "coordinates": [
     101.73635,
     14.63966944
    ]
   },
   "properties": {
    "waypoint_identifier": "ELTON",
    "holding_name": "ELTON",
    "icao_code": null,
    "region_code": "ENRT",
    "duplicate_identifier": 40,
    "inbound_holding_course_deg": 236.0,
    "turn_direction": "R",
    "leg_length_nm": null,
    "leg_time_min": 2.0,
    "minimum_altitude_ft": 23000,
    "maximum_altitude_ft": 99999,
    "holding_speed_kt": null
   }
  },
  {
   "type": "Feature",
   "geometry": {
    "type": "Point",
    "coordinates": [
     100.05831944,
     20.00973056
    ]
   },
   "properties": {
    "waypoint_identifier": "EMTOD",
    "holding_name": "EMTOD",
    "icao_code": "VT",
    "region_code": "VTCT",
    "duplicate_identifier": 50,
    "inbound_holding_course_deg": 210.0,
    "turn_direction": "L",
    "leg_length_nm": null,
    "leg_time_min": 1.0,
    "minimum_altitude_ft": 8000,
    "maximum_altitude_ft": null,
    "holding_speed_kt": 230
   }
  },
  {
   "type": "Feature",
   "geometry": {
    "type": "Point",
    "coordinates": [
     101.22131944,
     14.49705
    ]
   },
   "properties": {
    "waypoint_identifier": "ENDUU",
    "holding_name": "ENDUU",
    "icao_code": "VT",
    "region_code": "VTBD",
    "duplicate_identifier": 40,
    "inbound_holding_course_deg": 244.0,
    "turn_direction": "R",
    "leg_length_nm": null,
    "leg_time_min": 1.0,
    "minimum_altitude_ft": 9000,
    "maximum_altitude_ft": null,
    "holding_speed_kt": null
   }
  },
  {
   "type": "Feature",
   "geometry": {
    "type": "Point",
    "coordinates": [
     101.22131944,
     14.49705
    ]
   },
   "properties": {
    "waypoint_identifier": "ENDUU",
    "holding_name": "ENDUU",
    "icao_code": "VT",
    "region_code": "VTBD",
    "duplicate_identifier": 41,
    "inbound_holding_course_deg": 240.0,
    "turn_direction": "R",
    "leg_length_nm": null,
    "leg_time_min": 1.0,
    "minimum_altitude_ft": 9000,
    "maximum_altitude_ft": null,
    "holding_speed_kt": null
   }
  },
  {
   "type": "Feature",
   "geometry": {
    "type": "Point",
    "coordinates": [
     100.09818889,
     20.02604444
    ]
   },
   "properties": {
    "waypoint_identifier": "ENGAL",
    "holding_name": "ENGAL",
    "icao_code": "VT",
    "region_code": "VTCT",
    "duplicate_identifier": 50,
    "inbound_holding_course_deg": 70.0,
    "turn_direction": "R",
    "leg_length_nm": null,
    "leg_time_min": 1.0,
    "minimum_altitude_ft": 7000,
    "maximum_altitude_ft": null,
    "holding_speed_kt": 230
   }
  },
  {
   "type": "Feature",
   "geometry": {
    "type": "Point",
    "coordinates": [
     101.78189167,
     17.622125
    ]
   },
   "properties": {
    "waypoint_identifier": "ENSUP",
    "holding_name": "ENSUP",
    "icao_code": "VT",
    "region_code": "VTUL",
    "duplicate_identifier": 50,
    "inbound_holding_course_deg": 199.0,
    "turn_direction": "R",
    "leg_length_nm": null,
    "leg_time_min": 1.0,
    "minimum_altitude_ft": 3900,
    "maximum_altitude_ft": null,
    "holding_speed_kt": 230
   }
  },
  {
   "type": "Feature",
   "geometry": {
    "type": "Point",
    "coordinates": [
     100.29433889,
     13.58795556
    ]
   },
   "properties": {
    "waypoint_identifier": "ESMAG",
    "holding_name": "ESMAG",
    "icao_code": "VT",
    "region_code": "VTBD",
    "duplicate_identifier": 40,
    "inbound_holding_course_deg": 347.0,
    "turn_direction": "L",
    "leg_length_nm": null,
    "leg_time_min": 1.0,
    "minimum_altitude_ft": 13000,
    "maximum_altitude_ft": null,
    "holding_speed_kt": null
   }
  },
  {
   "type": "Feature",
   "geometry": {
    "type": "Point",
    "coordinates": [
     99.80958333,
     17.33668889
    ]
   },
   "properties": {
    "waypoint_identifier": "FANTY",
    "holding_name": "FANTY",
    "icao_code": "VT",
    "region_code": "VTPO",
    "duplicate_identifier": 60,
    "inbound_holding_course_deg": 175.0,
    "turn_direction": "L",
    "leg_length_nm": null,
    "leg_time_min": 1.0,
    "minimum_altitude_ft": 2200,
    "maximum_altitude_ft": 99999,
    "holding_speed_kt": null
   }
  },
  {
   "type": "Feature",
   "geometry": {
    "type": "Point",
    "coordinates": [
     98.42444444,
     8.12061389
    ]
   },
   "properties": {
    "waypoint_identifier": "FD27",
    "holding_name": "PUT087007",
    "icao_code": "VT",
    "region_code": "VTSP",
    "duplicate_identifier": 60,
    "inbound_holding_course_deg": 268.0,
    "turn_direction": "R",
    "leg_length_nm": 5.0,
    "leg_time_min": null,
    "minimum_altitude_ft": 2500,
    "maximum_altitude_ft": 99999,
    "holding_speed_kt": null
   }
  },
  {
   "type": "Feature",
   "geometry": {
    "type": "Point",
    "coordinates": [
     99.91399444,
     12.74228056
    ]
   },
   "properties": {
    "waypoint_identifier": "FS16",
    "holding_name": "HHN342007",
    "icao_code": "VT",
    "region_code": "VTPH",
    "duplicate_identifier": 50,
    "inbound_holding_course_deg": 161.0,
    "turn_direction": "L",
    "leg_length_nm": 5.0,
    "leg_time_min": null,
    "minimum_altitude_ft": 3200,
    "maximum_altitude_ft": 12999,
    "holding_speed_kt": null
   }
  },
  {
   "type": "Feature",
   "geometry": {
    "type": "Point",
    "coordinates": [
     99.91399444,
     12.74228056
    ]
   },
   "properties": {
    "waypoint_identifier": "FS16",
    "holding_name": "HHN342007",
    "icao_code": "VT",
    "region_code": "VTPH",
    "duplicate_identifier": 60,
    "inbound_holding_course_deg": 161.0,
    "turn_direction": "L",
    "leg_length_nm": 5.0,
    "leg_time_min": null,
    "minimum_altitude_ft": 3200,
    "maximum_altitude_ft": 12999,
    "holding_speed_kt": null
   }
  },
  {
   "type": "Feature",
   "geometry": {
    "type": "Point",
    "coordinates": [
     99.97959722,
     12.38483056
    ]
   },
   "properties": {
    "waypoint_identifier": "GINGA",
    "holding_name": "GINGA",
    "icao_code": "VT",
    "region_code": "VTPH",
    "duplicate_identifier": 50,
    "inbound_holding_course_deg": 354.0,
    "turn_direction": "R",
    "leg_length_nm": null,
    "leg_time_min": 1.0,
    "minimum_altitude_ft": 4000,
    "maximum_altitude_ft": null,
    "holding_speed_kt": 230
   }
  },
  {
   "type": "Feature",
   "geometry": {
    "type": "Point",
    "coordinates": [
     100.18855556,
     18.36707778
    ]
   },
   "properties": {
    "waypoint_identifier": "GOLAM",
    "holding_name": "GOLAM",
    "icao_code": "VT",
    "region_code": "VTCP",
    "duplicate_identifier": 50,
    "inbound_holding_course_deg": 187.0,
    "turn_direction": "L",
    "leg_length_nm": null,
    "leg_time_min": 1.0,
    "minimum_altitude_ft": 5000,
    "maximum_altitude_ft": null,
    "holding_speed_kt": 170
   }
  },
  {
   "type": "Feature",
   "geometry": {
    "type": "Point",
    "coordinates": [
     100.2915,
     15.28502222
    ]
   },
   "properties": {
    "waypoint_identifier": "GOODA",
    "holding_name": "GOODA",
    "icao_code": null,
    "region_code": "ENRT",
    "duplicate_identifier": 40,
    "inbound_holding_course_deg": 168.0,
    "turn_direction": "R",
    "leg_length_nm": null,
    "leg_time_min": 2.0,
    "minimum_altitude_ft": 23000,
    "maximum_altitude_ft": 99999,
    "holding_speed_kt": null
   }
  },
  {
   "type": "Feature",
   "geometry": {
    "type": "Point",
    "coordinates": [
     100.66074444,
     19.06723333
    ]
   },
   "properties": {
    "waypoint_identifier": "GORDU",
    "holding_name": "GORDU",
    "icao_code": "VT",
    "region_code": "VTCN",
    "duplicate_identifier": 50,
    "inbound_holding_course_deg": 112.0,
    "turn_direction": "R",
    "leg_length_nm": null,
    "leg_time_min": 1.0,
    "minimum_altitude_ft": 7600,
    "maximum_altitude_ft": null,
    "holding_speed_kt": 230
   }
  },
  {
   "type": "Feature",
   "geometry": {
    "type": "Point",
    "coordinates": [
     99.28631111,
     9.28669167
    ]
   },
   "properties": {
    "waypoint_identifier": "GULNA",
    "holding_name": "GULNA",
    "icao_code": "VT",
    "region_code": "VTSB",
    "duplicate_identifier": 40,
    "inbound_holding_course_deg": 225.0,
    "turn_direction": "R",
    "leg_length_nm": null,
    "leg_time_min": 1.0,
    "minimum_altitude_ft": 3000,
    "maximum_altitude_ft": null,
    "holding_speed_kt": 230
   }
  },
  {
   "type": "Feature",
   "geometry": {
    "type": "Point",
    "coordinates": [
     99.28631111,
     9.28669167
    ]
   },
   "properties": {
    "waypoint_identifier": "GULNA",
    "holding_name": "GULNA",
    "icao_code": "VT",
    "region_code": "VTSB",
    "duplicate_identifier": 50,
    "inbound_holding_course_deg": 225.0,
    "turn_direction": "R",
    "leg_length_nm": null,
    "leg_time_min": 1.0,
    "minimum_altitude_ft": 3000,
    "maximum_altitude_ft": null,
    "holding_speed_kt": 230
   }
  },
  {
   "type": "Feature",
   "geometry": {
    "type": "Point",
    "coordinates": [
     101.30734444,
     12.66978889
    ]
   },
   "properties": {
    "waypoint_identifier": "IFONE",
    "holding_name": "IFONE",
    "icao_code": "VT",
    "region_code": "VTBU",
    "duplicate_identifier": 50,
    "inbound_holding_course_deg": 270.0,
    "turn_direction": "L",
    "leg_length_nm": null,
    "leg_time_min": 1.0,
    "minimum_altitude_ft": 4000,
    "maximum_altitude_ft": null,
    "holding_speed_kt": 230
   }
  },
  {
   "type": "Feature",
   "geometry": {
    "type": "Point",
    "coordinates": [
     99.56966944,
     10.82955278
    ]
   },
   "properties": {
    "waypoint_identifier": "IGAKO",
    "holding_name": "IGAKO",
    "icao_code": "VT",
    "region_code": "VTSE",
    "duplicate_identifier": 50,
    "inbound_holding_course_deg": 241.0,
    "turn_direction": "L",
    "leg_length_nm": null,
    "leg_time_min": 1.0,
    "minimum_altitude_ft": 3000,
    "maximum_altitude_ft": null,
    "holding_speed_kt": 230
   }
  },
  {
   "type": "Feature",
   "geometry": {
    "type": "Point",
    "coordinates": [
     99.64553611,
     18.00539444
    ]
   },
   "properties": {
    "waypoint_identifier": "IGNUM",
    "holding_name": "IGNUM",
    "icao_code": "VT",
    "region_code": "VTCL",
    "duplicate_identifier": 40,
    "inbound_holding_course_deg": 334.0,
    "turn_direction": "R",
    "leg_length_nm": null,
    "leg_time_min": 1.0,
    "minimum_altitude_ft": 6000,
    "maximum_altitude_ft": null,
    "holding_speed_kt": 230
   }
  },
  {
   "type": "Feature",
   "geometry": {
    "type": "Point",
    "coordinates": [
     99.64553611,
     18.00539444
    ]
   },
   "properties": {
    "waypoint_identifier": "IGNUM",
    "holding_name": "IGNUM",
    "icao_code": "VT",
    "region_code": "VTCL",
    "duplicate_identifier": 50,
    "inbound_holding_course_deg": 334.0,
    "turn_direction": "R",
    "leg_length_nm": null,
    "leg_time_min": 1.0,
    "minimum_altitude_ft": 6000,
    "maximum_altitude_ft": null,
    "holding_speed_kt": 230
   }
  },
  {
   "type": "Feature",
   "geometry": {
    "type": "Point",
    "coordinates": [
     99.64553611,
     18.00539444
    ]
   },
   "properties": {
    "waypoint_identifier": "IGNUM",
    "holding_name": "IGNUM",
    "icao_code": "VT",
    "region_code": "VTCL",
    "duplicate_identifier": 51,
    "inbound_holding_course_deg": 334.0,
    "turn_direction": "R",
    "leg_length_nm": null,
    "leg_time_min": 1.0,
    "minimum_altitude_ft": 7000,
    "maximum_altitude_ft": null,
    "holding_speed_kt": 230
   }
  },
  {
   "type": "Feature",
   "geometry": {
    "type": "Point",
    "coordinates": [
     99.64553611,
     18.00539444
    ]
   },
   "properties": {
    "waypoint_identifier": "IGNUM",
    "holding_name": "IGNUM",
    "icao_code": "VT",
    "region_code": "VTCL",
    "duplicate_identifier": 52,
    "inbound_holding_course_deg": 333.0,
    "turn_direction": "R",
    "leg_length_nm": null,
    "leg_time_min": 1.0,
    "minimum_altitude_ft": 6000,
    "maximum_altitude_ft": null,
    "holding_speed_kt": 230
   }
  },
  {
   "type": "Feature",
   "geometry": {
    "type": "Point",
    "coordinates": [
     99.25888889,
     9.52955278
    ]
   },
   "properties": {
    "waypoint_identifier": "IKERA",
    "holding_name": "IKERA",
    "icao_code": null,
    "region_code": "ENRT",
    "duplicate_identifier": 40,
    "inbound_holding_course_deg": 198.0,
    "turn_direction": "R",
    "leg_length_nm": null,
    "leg_time_min": 1.0,
    "minimum_altitude_ft": 7000,
    "maximum_altitude_ft": null,
    "holding_speed_kt": 230
   }
  },
  {
   "type": "Feature",
   "geometry": {
    "type": "Point",
    "coordinates": [
     99.93803611,
     19.60074444
    ]
   },
   "properties": {
    "waypoint_identifier": "INTUP",
    "holding_name": "INTUP",
    "icao_code": "VT",
    "region_code": "VTCT",
    "duplicate_identifier": 50,
    "inbound_holding_course_deg": 353.0,
    "turn_direction": "R",
    "leg_length_nm": null,
    "leg_time_min": 1.0,
    "minimum_altitude_ft": 8000,
    "maximum_altitude_ft": null,
    "holding_speed_kt": 230
   }
  },
  {
   "type": "Feature",
   "geometry": {
    "type": "Point",
    "coordinates": [
     100.22086111,
     8.54088056
    ]
   },
   "properties": {
    "waypoint_identifier": "JELRY",
    "holding_name": "JELRY",
    "icao_code": "VT",
    "region_code": "VTSF",
    "duplicate_identifier": 50,
    "inbound_holding_course_deg": 271.0,
    "turn_direction": "R",
    "leg_length_nm": null,
    "leg_time_min": 1.0,
    "minimum_altitude_ft": 4000,
    "maximum_altitude_ft": null,
    "holding_speed_kt": null
   }
  },
  {
   "type": "Feature",
   "geometry": {
    "type": "Point",
    "coordinates": [
     101.84771389,
     14.72520556
    ]
   },
   "properties": {
    "waypoint_identifier": "JONEW",
    "holding_name": "JONEW",
    "icao_code": "VT",
    "region_code": "VTUQ",
    "duplicate_identifier": 50,
    "inbound_holding_course_deg": 56.0,
    "turn_direction": "R",
    "leg_length_nm": null,
    "leg_time_min": 1.0,
    "minimum_altitude_ft": 5000,
    "maximum_altitude_ft": null,
    "holding_speed_kt": null
   }
  },
  {
   "type": "Feature",
   "geometry": {
    "type": "Point",
    "coordinates": [
     100.02465278,
     12.92281667
    ]
   },
   "properties": {
    "waypoint_identifier": "JUTHA",
    "holding_name": "JUTHA",
    "icao_code": "VT",
    "region_code": "VTPH",
    "duplicate_identifier": 50,
    "inbound_holding_course_deg": 250.0,
    "turn_direction": "R",
    "leg_length_nm": null,
    "leg_time_min": 1.0,
    "minimum_altitude_ft": 3200,
    "maximum_altitude_ft": null,
    "holding_speed_kt": 230
   }
  },
  {
   "type": "Feature",
   "geometry": {
    "type": "Point",
    "coordinates": [
     98.01889444,
     8.08507222
    ]
   },
   "properties": {
    "waypoint_identifier": "KALIM",
    "holding_name": "KALIM",
    "icao_code": "VT",
    "region_code": "VTSP",
    "duplicate_identifier": 40,
    "inbound_holding_course_deg": 85.0,
    "turn_direction": "R",
    "leg_length_nm": null,
    "leg_time_min": 1.0,
    "minimum_altitude_ft": 4000,
    "maximum_altitude_ft": null,
    "holding_speed_kt": null
   }
  },
  {
   "type": "Feature",
   "geometry": {
    "type": "Point",
    "coordinates": [
     103.783375,
     16.3006
    ]
   },
   "properties": {
    "waypoint_identifier": "KALRO",
    "holding_name": "KALRO",
    "icao_code": "VT",
    "region_code": "VTUV",
    "duplicate_identifier": 50,
    "inbound_holding_course_deg": 184.0,
    "turn_direction": "L",
    "leg_length_nm": null,
    "leg_time_min": 1.0,
    "minimum_altitude_ft": 3000,
    "maximum_altitude_ft": null,
    "holding_speed_kt": 230
   }
  },
  {
   "type": "Feature",
   "geometry": {
    "type": "Point",
    "coordinates": [
     98.80817222,
     18.50251944
    ]
   },
   "properties": {
    "waypoint_identifier": "KARAE",
    "holding_name": "KARAE",
    "icao_code": null,
    "region_code": "ENRT",
    "duplicate_identifier": 20,
    "inbound_holding_course_deg": 30.0,
    "turn_direction": "L",
    "leg_length_nm": null,
    "leg_time_min": 1.0,
    "minimum_altitude_ft": 8000,
    "maximum_altitude_ft": 11000,
    "holding_speed_kt": null
   }
  },
  {
   "type": "Feature",
   "geometry": {
    "type": "Point",
    "coordinates": [
     102.66468889,
     16.288525
    ]
   },
   "properties": {
    "waypoint_identifier": "KASRA",
    "holding_name": "KASRA",
    "icao_code": "VT",
    "region_code": "VTUK",
    "duplicate_identifier": 50,
    "inbound_holding_course_deg": 34.0,
    "turn_direction": "R",
    "leg_length_nm": null,
    "leg_time_min": 1.0,
    "minimum_altitude_ft": 3400,
    "maximum_altitude_ft": null,
    "holding_speed_kt": 230
   }
  },
  {
   "type": "Feature",
   "geometry": {
    "type": "Point",
    "coordinates": [
     99.74147778,
     16.82433333
    ]
   },
   "properties": {
    "waypoint_identifier": "KIMET",
    "holding_name": "KIMET",
    "icao_code": null,
    "region_code": "ENRT",
    "duplicate_identifier": 50,
    "inbound_holding_course_deg": 19.0,
    "turn_direction": "L",
    "leg_length_nm": null,
    "leg_time_min": 1.0,
    "minimum_altitude_ft": 7000,
    "maximum_altitude_ft": null,
    "holding_speed_kt": 230
   }
  },
  {
   "type": "Feature",
   "geometry": {
    "type": "Point",
    "coordinates": [
     102.7845,
     16.46202778
    ]
   },
   "properties": {
    "waypoint_identifier": "KN",
    "holding_name": "KHON KAEN",
    "icao_code": null,
    "region_code": "ENRT",
    "duplicate_identifier": 50,
    "inbound_holding_course_deg": 41.0,
    "turn_direction": "L",
    "leg_length_nm": null,
    "leg_time_min": 1.0,
    "minimum_altitude_ft": 3400,
    "maximum_altitude_ft": null,
    "holding_speed_kt": null
   }
  },
  {
   "type": "Feature",
   "geometry": {
    "type": "Point",
    "coordinates": [
     100.61166667,
     7.18333333
    ]
   },
   "properties": {
    "waypoint_identifier": "KOYAW",
    "holding_name": "KOYAW",
    "icao_code": null,
    "region_code": "ENRT",
    "duplicate_identifier": 20,
    "inbound_holding_course_deg": 220.0,
    "turn_direction": "R",
    "leg_length_nm": null,
    "leg_time_min": 1.0,
    "minimum_altitude_ft": 3000,
    "maximum_altitude_ft": 7000,
    "holding_speed_kt": null
   }
  },
  {
   "type": "Feature",
   "geometry": {
    "type": "Point",
    "coordinates": [
     99.95431111,
     14.16575278
    ]
   },
   "properties": {
    "waypoint_identifier": "KPS",
    "holding_name": "KAMPHAENG SAEN NAKHON P",
    "icao_code": null,
    "region_code": "ENRT",
    "duplicate_identifier": 60,
    "inbound_holding_course_deg": 211.0,
    "turn_direction": "R",
    "leg_length_nm": null,
    "leg_time_min": 1.0,
    "minimum_altitude_ft": 2000,
    "maximum_altitude_ft": null,
    "holding_speed_kt": null
   }
  },
  {
   "type": "Feature",
   "geometry": {
    "type": "Point",
    "coordinates": [
     104.23693889,
     17.30871667
    ]
   },
   "properties": {
    "waypoint_identifier": "LAMMO",
    "holding_name": "LAMMO",
    "icao_code": "VT",
    "region_code": "VTUI",
    "duplicate_identifier": 50,
    "inbound_holding_course_deg": 226.0,
    "turn_direction": "R",
    "leg_length_nm": null,
    "leg_time_min": 1.0,
    "minimum_altitude_ft": 2500,
    "maximum_altitude_ft": null,
    "holding_speed_kt": 230
   }
  },
  {
   "type": "Feature",
   "geometry": {
    "type": "Point",
    "coordinates": [
     101.43740556,
     6.40416667
    ]
   },
   "properties": {
    "waypoint_identifier": "LAXIN",
    "holding_name": "LAXIN",
    "icao_code": "VT",
    "region_code": "VTSC",
    "duplicate_identifier": 50,
    "inbound_holding_course_deg": 113.0,
    "turn_direction": "R",
    "leg_length_nm": null,
    "leg_time_min": 1.0,
    "minimum_altitude_ft": 6000,
    "maximum_altitude_ft": null,
    "holding_speed_kt": 230
   }
  },
  {
   "type": "Feature",
   "geometry": {
    "type": "Point",
    "coordinates": [
     99.87801389,
     9.69188333
    ]
   },
   "properties": {
    "waypoint_identifier": "LAXOS",
    "holding_name": "LAXOS",
    "icao_code": "VT",
    "region_code": "VTSM",
    "duplicate_identifier": 50,
    "inbound_holding_course_deg": 90.0,
    "turn_direction": "R",
    "leg_length_nm": null,
    "leg_time_min": 1.0,
    "minimum_altitude_ft": 4000,
    "maximum_altitude_ft": null,
    "holding_speed_kt": 230
   }
  },
  {
   "type": "Feature",
   "geometry": {
    "type": "Point",
    "coordinates": [
     98.01892778,
     8.14608611
    ]
   },
   "properties": {
    "waypoint_identifier": "LAZIO",
    "holding_name": "LAZIO",
    "icao_code": "VT",
    "region_code": "VTSP",
    "duplicate_identifier": 51,
    "inbound_holding_course_deg": 97.0,
    "turn_direction": "L",
    "leg_length_nm": null,
    "leg_time_min": 1.0,
    "minimum_altitude_ft": 3000,
    "maximum_altitude_ft": null,
    "holding_speed_kt": 210
   }
  },
  {
   "type": "Feature",
   "geometry": {
    "type": "Point",
    "coordinates": [
     100.65734722,
     14.87674167
    ]
   },
   "properties": {
    "waypoint_identifier": "LB",
    "holding_name": "LOP BURI",
    "icao_code": null,
    "region_code": "ENRT",
    "duplicate_identifier": 50,
    "inbound_holding_course_deg": 179.0,
    "turn_direction": "R",
    "leg_length_nm": null,
    "leg_time_min": 1.0,
    "minimum_altitude_ft": 3500,
    "maximum_altitude_ft": null,
    "holding_speed_kt": 170
   }
  },
  {
   "type": "Feature",
   "geometry": {
    "type": "Point",
    "coordinates": [
     100.473475,
     13.08744722
    ]
   },
   "properties": {
    "waypoint_identifier": "LEBIM",
    "holding_name": "LEBIM",
    "icao_code": null,
    "region_code": "ENRT",
    "duplicate_identifier": 40,
    "inbound_holding_course_deg": 360.0,
    "turn_direction": "L",
    "leg_length_nm": null,
    "leg_time_min": 1.0,
    "minimum_altitude_ft": 14000,
    "maximum_altitude_ft": null,
    "holding_speed_kt": null
   }
  },
  {
   "type": "Feature",
   "geometry": {
    "type": "Point",
    "coordinates": [
     100.56294167,
     7.24328889
    ]
   },
   "properties": {
    "waypoint_identifier": "LETMO",
    "holding_name": "LETMO",
    "icao_code": "VT",
    "region_code": "VTSS",
    "duplicate_identifier": 40,
    "inbound_holding_course_deg": 175.0,
    "turn_direction": "R",
    "leg_length_nm": null,
    "leg_time_min": 1.0,
    "minimum_altitude_ft": 8000,
    "maximum_altitude_ft": null,
    "holding_speed_kt": 230
   }
  },
  {
   "type": "Feature",
   "geometry": {
    "type": "Point",
    "coordinates": [
     100.09203056,
     9.33148611
    ]
   },
   "properties": {
    "waypoint_identifier": "LILTO",
    "holding_name": "LILTO",
    "icao_code": "VT",
    "region_code": "VTSM",
    "duplicate_identifier": 50,
    "inbound_holding_course_deg": 352.0,
    "turn_direction": "R",
    "leg_length_nm": null,
    "leg_time_min": 1.0,
    "minimum_altitude_ft": 3300,
    "maximum_altitude_ft": null,
    "holding_speed_kt": 230
   }
  },
  {
   "type": "Feature",
   "geometry": {
    "type": "Point",
    "coordinates": [
     101.72308333,
     17.44702778
    ]
   },
   "properties": {
    "waypoint_identifier": "LOY",
    "holding_name": "LOEI",
    "icao_code": null,
    "region_code": "ENRT",
    "duplicate_identifier": 50,
    "inbound_holding_course_deg": 356.0,
    "turn_direction": "R",
    "leg_length_nm": null,
    "leg_time_min": 1.0,
    "minimum_altitude_ft": 7000,
    "maximum_altitude_ft": null,
    "holding_speed_kt": 230
   }
  },
  {
   "type": "Feature",
   "geometry": {
    "type": "Point",
    "coordinates": [
     100.40933333,
     16.58493056
    ]
   },
   "properties": {
    "waypoint_identifier": "LUKPA",
    "holding_name": "LUKPA",
    "icao_code": "VT",
    "region_code": "VTPP",
    "duplicate_identifier": 50,
    "inbound_holding_course_deg": 330.0,
    "turn_direction": "R",
    "leg_length_nm": null,
    "leg_time_min": 1.0,
    "minimum_altitude_ft": 3200,
    "maximum_altitude_ft": null,
    "holding_speed_kt": 230
   }
  },
  {
   "type": "Feature",
   "geometry": {
    "type": "Point",
    "coordinates": [
     100.06406111,
     19.720975
    ]
   },
   "properties": {
    "waypoint_identifier": "MAGVI",
    "holding_name": "MAGVI",
    "icao_code": "VT",
    "region_code": "VTCT",
    "duplicate_identifier": 50,
    "inbound_holding_course_deg": 324.0,
    "turn_direction": "R",
    "leg_length_nm": null,
    "leg_time_min": 1.0,
    "minimum_altitude_ft": 7000,
    "maximum_altitude_ft": null,
    "holding_speed_kt": 230
   }
  },
  {
   "type": "Feature",
   "geometry": {
    "type": "Point",
    "coordinates": [
     101.78005278,
     17.62279444
    ]
   },
   "properties": {
    "waypoint_identifier": "MAKEP",
    "holding_name": "MAKEP",
    "icao_code": "VT",
    "region_code": "VTUL",
    "duplicate_identifier": 50,
    "inbound_holding_course_deg": 198.0,
    "turn_direction": "R",
    "leg_length_nm": null,
    "leg_time_min": 1.0,
    "minimum_altitude_ft": 3900,
    "maximum_altitude_ft": null,
    "holding_speed_kt": 210
   }
  },
  {
   "type": "Feature",
   "geometry": {
    "type": "Point",
    "coordinates": [
     98.60846944,
     8.03960278
    ]
   },
   "properties": {
    "waypoint_identifier": "MANYU",
    "holding_name": "MANYU",
    "icao_code": "VT",
    "region_code": "VTSP",
    "duplicate_identifier": 50,
    "inbound_holding_course_deg": 333.0,
    "turn_direction": "L",
    "leg_length_nm": null,
    "leg_time_min": 1.0,
    "minimum_altitude_ft": 4000,
    "maximum_altitude_ft": null,
    "holding_speed_kt": null
   }
  },
  {
   "type": "Feature",
   "geometry": {
    "type": "Point",
    "coordinates": [
     103.37358333,
     15.386125
    ]
   },
   "properties": {
    "waypoint_identifier": "MARMU",
    "holding_name": "MARMU",
    "icao_code": "VT",
    "region_code": "VTUO",
    "duplicate_identifier": 50,
    "inbound_holding_course_deg": 218.0,
    "turn_direction": "L",
    "leg_length_nm": null,
    "leg_time_min": 1.0,
    "minimum_altitude_ft": 3000,
    "maximum_altitude_ft": null,
    "holding_speed_kt": 230
   }
  },
  {
   "type": "Feature",
   "geometry": {
    "type": "Point",
    "coordinates": [
     99.11962222,
     19.05013333
    ]
   },
   "properties": {
    "waypoint_identifier": "MESUX",
    "holding_name": "MESUX",
    "icao_code": "VT",
    "region_code": "VTCC",
    "duplicate_identifier": 50,
    "inbound_holding_course_deg": 271.0,
    "turn_direction": "R",
    "leg_length_nm": null,
    "leg_time_min": 1.0,
    "minimum_altitude_ft": 8400,
    "maximum_altitude_ft": null,
    "holding_speed_kt": 220
   }
  },
  {
   "type": "Feature",
   "geometry": {
    "type": "Point",
    "coordinates": [
     98.98106944,
     8.97443333
    ]
   },
   "properties": {
    "waypoint_identifier": "METIN",
    "holding_name": "METIN",
    "icao_code": "VT",
    "region_code": "VTSB",
    "duplicate_identifier": 40,
    "inbound_holding_course_deg": 45.0,
    "turn_direction": "R",
    "leg_length_nm": null,
    "leg_time_min": 1.0,
    "minimum_altitude_ft": 3200,
    "maximum_altitude_ft": null,
    "holding_speed_kt": 210
   }
  },
  {
   "type": "Feature",
   "geometry": {
    "type": "Point",
    "coordinates": [
     98.98106944,
     8.97443333
    ]
   },
   "properties": {
    "waypoint_identifier": "METIN",
    "holding_name": "METIN",
    "icao_code": "VT",
    "region_code": "VTSB",
    "duplicate_identifier": 50,
    "inbound_holding_course_deg": 45.0,
    "turn_direction": "R",
    "leg_length_nm": null,
    "leg_time_min": 1.0,
    "minimum_altitude_ft": 3200,
    "maximum_altitude_ft": null,
    "holding_speed_kt": 210
   }
  },
  {
   "type": "Feature",
   "geometry": {
    "type": "Point",
    "coordinates": [
     101.30820278,
     13.17003056
    ]
   },
   "properties": {
    "waypoint_identifier": "MINDI",
    "holding_name": "MINDI",
    "icao_code": null,
    "region_code": "ENRT",
    "duplicate_identifier": 40,
    "inbound_holding_course_deg": 316.0,
    "turn_direction": "R",
    "leg_length_nm": null,
    "leg_time_min": 2.0,
    "minimum_altitude_ft": 23000,
    "maximum_altitude_ft": 99999,
    "holding_speed_kt": null
   }
  },
  {
   "type": "Feature",
   "geometry": {
    "type": "Point",
    "coordinates": [
     102.77900556,
     17.10004444
    ]
   },
   "properties": {
    "waypoint_identifier": "MULVA",
    "holding_name": "MULVA",
    "icao_code": "VT",
    "region_code": "VTUD",
    "duplicate_identifier": 50,
    "inbound_holding_course_deg": 360.0,
    "turn_direction": "L",
    "leg_length_nm": null,
    "leg_time_min": 1.0,
    "minimum_altitude_ft": 5000,
    "maximum_altitude_ft": null,
    "holding_speed_kt": 230
   }
  },
  {
   "type": "Feature",
   "geometry": {
    "type": "Point",
    "coordinates": [
     102.77900556,
     17.10004444
    ]
   },
   "properties": {
    "waypoint_identifier": "MULVA",
    "holding_name": "MULVA",
    "icao_code": "VT",
    "region_code": "VTUD",
    "duplicate_identifier": 51,
    "inbound_holding_course_deg": 360.0,
    "turn_direction": "R",
    "leg_length_nm": null,
    "leg_time_min": 1.0,
    "minimum_altitude_ft": 6500,
    "maximum_altitude_ft": null,
    "holding_speed_kt": 230
   }
  },
  {
   "type": "Feature",
   "geometry": {
    "type": "Point",
    "coordinates": [
     102.98016667,
     17.29229444
    ]
   },
   "properties": {
    "waypoint_identifier": "MUNUR",
    "holding_name": "MUNUR",
    "icao_code": "VT",
    "region_code": "VTUD",
    "duplicate_identifier": 40,
    "inbound_holding_course_deg": 298.0,
    "turn_direction": "R",
    "leg_length_nm": null,
    "leg_time_min": 1.0,
    "minimum_altitude_ft": 3500,
    "maximum_altitude_ft": null,
    "holding_speed_kt": 230
   }
  },
  {
   "type": "Feature",
   "geometry": {
    "type": "Point",
    "coordinates": [
     102.98016667,
     17.29229444
    ]
   },
   "properties": {
    "waypoint_identifier": "MUNUR",
    "holding_name": "MUNUR",
    "icao_code": "VT",
    "region_code": "VTUD",
    "duplicate_identifier": 50,
    "inbound_holding_course_deg": 298.0,
    "turn_direction": "R",
    "leg_length_nm": null,
    "leg_time_min": 1.0,
    "minimum_altitude_ft": 3500,
    "maximum_altitude_ft": null,
    "holding_speed_kt": 230
   }
  },
  {
   "type": "Feature",
   "geometry": {
    "type": "Point",
    "coordinates": [
     102.98016667,
     17.29229444
    ]
   },
   "properties": {
    "waypoint_identifier": "MUNUR",
    "holding_name": "MUNUR",
    "icao_code": "VT",
    "region_code": "VTUD",
    "duplicate_identifier": 51,
    "inbound_holding_course_deg": 296.0,
    "turn_direction": "R",
    "leg_length_nm": null,
    "leg_time_min": 1.0,
    "minimum_altitude_ft": 3500,
    "maximum_altitude_ft": null,
    "holding_speed_kt": 230
   }
  },
  {
   "type": "Feature",
   "geometry": {
    "type": "Point",
    "coordinates": [
     103.84331389,
     17.25165556
    ]
   },
   "properties": {
    "waypoint_identifier": "NAKEE",
    "holding_name": "NAKEE",
    "icao_code": "VT",
    "region_code": "VTUI",
    "duplicate_identifier": 50,
    "inbound_holding_course_deg": 99.0,
    "turn_direction": "L",
    "leg_length_nm": null,
    "leg_time_min": 1.0,
    "minimum_altitude_ft": 4000,
    "maximum_altitude_ft": null,
    "holding_speed_kt": 230
   }
  },
  {
   "type": "Feature",
   "geometry": {
    "type": "Point",
    "coordinates": [
     100.51760833,
     14.70386111
    ]
   },
   "properties": {
    "waypoint_identifier": "NAKON",
    "holding_name": "NAKON",
    "icao_code": "VT",
    "region_code": "VTBD",
    "duplicate_identifier": 40,
    "inbound_holding_course_deg": 180.0,
    "turn_direction": "R",
    "leg_length_nm": null,
    "leg_time_min": 1.0,
    "minimum_altitude_ft": 13000,
    "maximum_altitude_ft": null,
    "holding_speed_kt": null
   }
  },
  {
   "type": "Feature",
   "geometry": {
    "type": "Point",
    "coordinates": [
     100.51760833,
     14.70386111
    ]
   },
   "properties": {
    "waypoint_identifier": "NAKON",
    "holding_name": "NAKON",
    "icao_code": "VT",
    "region_code": "VTBD",
    "duplicate_identifier": 41,
    "inbound_holding_course_deg": 165.0,
    "turn_direction": "R",
    "leg_length_nm": null,
    "leg_time_min": 1.0,
    "minimum_altitude_ft": 13000,
    "maximum_altitude_ft": null,
    "holding_speed_kt": null
   }
  },
  {
   "type": "Feature",
   "geometry": {
    "type": "Point",
    "coordinates": [
     100.78261111,
     18.80911111
    ]
   },
   "properties": {
    "waypoint_identifier": "NAN",
    "holding_name": "NAN",
    "icao_code": null,
    "region_code": "ENRT",
    "duplicate_identifier": 50,
    "inbound_holding_course_deg": 352.0,
    "turn_direction": "L",
    "leg_length_nm": null,
    "leg_time_min": 1.0,
    "minimum_altitude_ft": 8600,
    "maximum_altitude_ft": null,
    "holding_speed_kt": 230
   }
  },
  {
   "type": "Feature",
   "geometry": {
    "type": "Point",
    "coordinates": [
     103.83081111,
     17.04763333
    ]
   },
   "properties": {
    "waypoint_identifier": "NANAI",
    "holding_name": "NANAI",
    "icao_code": "VT",
    "region_code": "VTUI",
    "duplicate_identifier": 50,
    "inbound_holding_course_deg": 60.0,
    "turn_direction": "L",
    "leg_length_nm": null,
    "leg_time_min": 1.0,
    "minimum_altitude_ft": 6000,
    "maximum_altitude_ft": null,
    "holding_speed_kt": 230
   }
  },
  {
   "type": "Feature",
   "geometry": {
    "type": "Point",
    "coordinates": [
     104.70538889,
     15.14723889
    ]
   },
   "properties": {
    "waypoint_identifier": "NINOM",
    "holding_name": "NINOM",
    "icao_code": "VT",
    "region_code": "VTUU",
    "duplicate_identifier": 50,
    "inbound_holding_course_deg": 59.0,
    "turn_direction": "R",
    "leg_length_nm": null,
    "leg_time_min": 1.0,
    "minimum_altitude_ft": 3000,
    "maximum_altitude_ft": null,
    "holding_speed_kt": 230
   }
  },
  {
   "type": "Feature",
   "geometry": {
    "type": "Point",
    "coordinates": [
     101.84771389,
     14.72520556
    ]
   },
   "properties": {
    "waypoint_identifier": "NKR30",
    "holding_name": "NKR244030",
    "icao_code": "VT",
    "region_code": "VTUQ",
    "duplicate_identifier": 50,
    "inbound_holding_course_deg": 56.0,
    "turn_direction": "R",
    "leg_length_nm": null,
    "leg_time_min": 1.0,
    "minimum_altitude_ft": 5000,
    "maximum_altitude_ft": null,
    "holding_speed_kt": null
   }
  },
  {
   "type": "Feature",
   "geometry": {
    "type": "Point",
    "coordinates": [
     100.78663889,
     18.80722222
    ]
   },
   "properties": {
    "waypoint_identifier": "NN",
    "holding_name": "NAN",
    "icao_code": null,
    "region_code": "ENRT",
    "duplicate_identifier": 50,
    "inbound_holding_course_deg": 206.0,
    "turn_direction": "L",
    "leg_length_nm": null,
    "leg_time_min": 1.0,
    "minimum_altitude_ft": 6200,
    "maximum_altitude_ft": null,
    "holding_speed_kt": 230
   }
  },
  {
   "type": "Feature",
   "geometry": {
    "type": "Point",
    "coordinates": [
     100.10650278,
     19.667475
    ]
   },
   "properties": {
    "waypoint_identifier": "NOKUS",
    "holding_name": "NOKUS",
    "icao_code": "VT",
    "region_code": "VTCT",
    "duplicate_identifier": 50,
    "inbound_holding_course_deg": 324.0,
    "turn_direction": "R",
    "leg_length_nm": null,
    "leg_time_min": 1.0,
    "minimum_altitude_ft": 8000,
    "maximum_altitude_ft": null,
    "holding_speed_kt": 230
   }
  },
  {
   "type": "Feature",
   "geometry": {
    "type": "Point",
    "coordinates": [
     100.57230556,
     19.07731111
    ]
   },
   "properties": {
    "waypoint_identifier": "NOLUK",
    "holding_name": "NOLUK",
    "icao_code": "VT",
    "region_code": "VTCN",
    "duplicate_identifier": 50,
    "inbound_holding_course_deg": 144.0,
    "turn_direction": "L",
    "leg_length_nm": null,
    "leg_time_min": 1.0,
    "minimum_altitude_ft": 7600,
    "maximum_altitude_ft": null,
    "holding_speed_kt": 230
   }
  },
  {
   "type": "Feature",
   "geometry": {
    "type": "Point",
    "coordinates": [
     103.52880833,
     16.20484722
    ]
   },
   "properties": {
    "waypoint_identifier": "NOPIG",
    "holding_name": "NOPIG",
    "icao_code": "VT",
    "region_code": "VTUV",
    "duplicate_identifier": 50,
    "inbound_holding_course_deg": 112.0,
    "turn_direction": "R",
    "leg_length_nm": null,
    "leg_time_min": 1.0,
    "minimum_altitude_ft": 3500,
    "maximum_altitude_ft": null,
    "holding_speed_kt": 230
   }
  },
  {
   "type": "Feature",
   "geometry": {
    "type": "Point",
    "coordinates": [
     100.63901667,
     14.71878889
    ]
   },
   "properties": {
    "waypoint_identifier": "NORTA",
    "holding_name": "NORTA",
    "icao_code": "VT",
    "region_code": "VTBS",
    "duplicate_identifier": 40,
    "inbound_holding_course_deg": 180.0,
    "turn_direction": "R",
    "leg_length_nm": null,
    "leg_time_min": 1.0,
    "minimum_altitude_ft": 14000,
    "maximum_altitude_ft": null,
    "holding_speed_kt": null
   }
  },
  {
   "type": "Feature",
   "geometry": {
    "type": "Point",
    "coordinates": [
     98.82515556,
     16.70378333
    ]
   },
   "properties": {
    "waypoint_identifier": "NUDSI",
    "holding_name": "NUDSI",
    "icao_code": "VT",
    "region_code": "VTPM",
    "duplicate_identifier": 40,
    "inbound_holding_course_deg": 270.0,
    "turn_direction": "R",
    "leg_length_nm": null,
    "leg_time_min": 1.0,
    "minimum_altitude_ft": 5700,
    "maximum_altitude_ft": null,
    "holding_speed_kt": 200
   }
  },
  {
   "type": "Feature",
   "geometry": {
    "type": "Point",
    "coordinates": [
     98.82515556,
     16.70378333
    ]
   },
   "properties": {
    "waypoint_identifier": "NUDSI",
    "holding_name": "NUDSI",
    "icao_code": "VT",
    "region_code": "VTPM",
    "duplicate_identifier": 50,
    "inbound_holding_course_deg": 270.0,
    "turn_direction": "R",
    "leg_length_nm": null,
    "leg_time_min": 1.0,
    "minimum_altitude_ft": 5700,
    "maximum_altitude_ft": null,
    "holding_speed_kt": 200
   }
  },
  {
   "type": "Feature",
   "geometry": {
    "type": "Point",
    "coordinates": [
     99.15931389,
     10.59579444
    ]
   },
   "properties": {
    "waypoint_identifier": "NUDSO",
    "holding_name": "NUDSO",
    "icao_code": "VT",
    "region_code": "VTSE",
    "duplicate_identifier": 50,
    "inbound_holding_course_deg": 61.0,
    "turn_direction": "R",
    "leg_length_nm": null,
    "leg_time_min": 1.0,
    "minimum_altitude_ft": 3200,
    "maximum_altitude_ft": null,
    "holding_speed_kt": 230
   }
  },
  {
   "type": "Feature",
   "geometry": {
    "type": "Point",
    "coordinates": [
     100.15608056,
     16.94528333
    ]
   },
   "properties": {
    "waypoint_identifier": "OMBAR",
    "holding_name": "OMBAR",
    "icao_code": "VT",
    "region_code": "VTPP",
    "duplicate_identifier": 50,
    "inbound_holding_course_deg": 145.0,
    "turn_direction": "R",
    "leg_length_nm": null,
    "leg_time_min": 1.0,
    "minimum_altitude_ft": 3200,
    "maximum_altitude_ft": null,
    "holding_speed_kt": 230
   }
  },
  {
   "type": "Feature",
   "geometry": {
    "type": "Point",
    "coordinates": [
     99.72997778,
     19.71131389
    ]
   },
   "properties": {
    "waypoint_identifier": "OMGEN",
    "holding_name": "OMGEN",
    "icao_code": "VT",
    "region_code": "VTCT",
    "duplicate_identifier": 50,
    "inbound_holding_course_deg": 32.0,
    "turn_direction": "L",
    "leg_length_nm": null,
    "leg_time_min": 1.0,
    "minimum_altitude_ft": 6000,
    "maximum_altitude_ft": null,
    "holding_speed_kt": 230
   }
  },
  {
   "type": "Feature",
   "geometry": {
    "type": "Point",
    "coordinates": [
     100.12798889,
     17.90274167
    ]
   },
   "properties": {
    "waypoint_identifier": "OMKOT",
    "holding_name": "OMKOT",
    "icao_code": "VT",
    "region_code": "VTCP",
    "duplicate_identifier": 50,
    "inbound_holding_course_deg": 10.0,
    "turn_direction": "L",
    "leg_length_nm": null,
    "leg_time_min": 1.0,
    "minimum_altitude_ft": 5000,
    "maximum_altitude_ft": null,
    "holding_speed_kt": 200
   }
  },
  {
   "type": "Feature",
   "geometry": {
    "type": "Point",
    "coordinates": [
     104.44163056,
     17.32018611
    ]
   },
   "properties": {
    "waypoint_identifier": "OPAAR",
    "holding_name": "OPAAR",
    "icao_code": "VT",
    "region_code": "VTUW",
    "duplicate_identifier": 50,
    "inbound_holding_course_deg": 71.0,
    "turn_direction": "R",
    "leg_length_nm": null,
    "leg_time_min": 1.0,
    "minimum_altitude_ft": 3000,
    "maximum_altitude_ft": null,
    "holding_speed_kt": 230
   }
  },
  {
   "type": "Feature",
   "geometry": {
    "type": "Point",
    "coordinates": [
     100.92125,
     14.45110833
    ]
   },
   "properties": {
    "waypoint_identifier": "OPERA",
    "holding_name": "OPERA",
    "icao_code": "VT",
    "region_code": "VTBD",
    "duplicate_identifier": 40,
    "inbound_holding_course_deg": 262.0,
    "turn_direction": "R",
    "leg_length_nm": null,
    "leg_time_min": 1.0,
    "minimum_altitude_ft": 7000,
    "maximum_altitude_ft": null,
    "holding_speed_kt": null
   }
  },
  {
   "type": "Feature",
   "geometry": {
    "type": "Point",
    "coordinates": [
     98.57809444,
     7.91812222
    ]
   },
   "properties": {
    "waypoint_identifier": "PACUS",
    "holding_name": "PACUS",
    "icao_code": "VT",
    "region_code": "VTSP",
    "duplicate_identifier": 40,
    "inbound_holding_course_deg": 355.0,
    "turn_direction": "R",
    "leg_length_nm": null,
    "leg_time_min": 1.0,
    "minimum_altitude_ft": 5000,
    "maximum_altitude_ft": null,
    "holding_speed_kt": null
   }
  },
  {
   "type": "Feature",
   "geometry": {
    "type": "Point",
    "coordinates": [
     100.16625,
     18.13413889
    ]
   },
   "properties": {
    "waypoint_identifier": "PAE",
    "holding_name": "PHRAE",
    "icao_code": null,
    "region_code": "ENRT",
    "duplicate_identifier": 50,
    "inbound_holding_course_deg": 23.0,
    "turn_direction": "L",
    "leg_length_nm": null,
    "leg_time_min": 1.0,
    "minimum_altitude_ft": 7000,
    "maximum_altitude_ft": null,
    "holding_speed_kt": 230
   }
  },
  {
   "type": "Feature",
   "geometry": {
    "type": "Point",
    "coordinates": [
     100.16625,
     18.13413889
    ]
   },
   "properties": {
    "waypoint_identifier": "PAE",
    "holding_name": "PHRAE",
    "icao_code": null,
    "region_code": "ENRT",
    "duplicate_identifier": 51,
    "inbound_holding_course_deg": 207.0,
    "turn_direction": "R",
    "leg_length_nm": null,
    "leg_time_min": 1.0,
    "minimum_altitude_ft": 7000,
    "maximum_altitude_ft": null,
    "holding_speed_kt": 230
   }
  },
  {
   "type": "Feature",
   "geometry": {
    "type": "Point",
    "coordinates": [
     100.97220556,
     6.89076667
    ]
   },
   "properties": {
    "waypoint_identifier": "PATAA",
    "holding_name": "PATAA",
    "icao_code": "VT",
    "region_code": "VTSK",
    "duplicate_identifier": 50,
    "inbound_holding_course_deg": 176.0,
    "turn_direction": "L",
    "leg_length_nm": null,
    "leg_time_min": 1.0,
    "minimum_altitude_ft": 3500,
    "maximum_altitude_ft": null,
    "holding_speed_kt": 230
   }
  },
  {
   "type": "Feature",
   "geometry": {
    "type": "Point",
    "coordinates": [
     103.87953889,
     17.07352778
    ]
   },
   "properties": {
    "waypoint_identifier": "PAYON",
    "holding_name": "PAYON",
    "icao_code": "VT",
    "region_code": "VTUI",
    "duplicate_identifier": 50,
    "inbound_holding_course_deg": 61.0,
    "turn_direction": "L",
    "leg_length_nm": null,
    "leg_time_min": 1.0,
    "minimum_altitude_ft": 4000,
    "maximum_altitude_ft": null,
    "holding_speed_kt": 230
   }
  },
  {
   "type": "Feature",
   "geometry": {
    "type": "Point",
    "coordinates": [
     99.79755556,
     17.14068056
    ]
   },
   "properties": {
    "waypoint_identifier": "PAYTO",
    "holding_name": "PAYTO",
    "icao_code": "VT",
    "region_code": "VTPO",
    "duplicate_identifier": 50,
    "inbound_holding_course_deg": 10.0,
    "turn_direction": "R",
    "leg_length_nm": null,
    "leg_time_min": 1.0,
    "minimum_altitude_ft": 2000,
    "maximum_altitude_ft": 99999,
    "holding_speed_kt": null
   }
  },
  {
   "type": "Feature",
   "geometry": {
    "type": "Point",
    "coordinates": [
     101.19661111,
     16.676
    ]
   },
   "properties": {
    "waypoint_identifier": "PCB",
    "holding_name": "PHETCHABUN",
    "icao_code": null,
    "region_code": "ENRT",
    "duplicate_identifier": 50,
    "inbound_holding_course_deg": 166.0,
    "turn_direction": "L",
    "leg_length_nm": null,
    "leg_time_min": 1.0,
    "minimum_altitude_ft": 7000,
    "maximum_altitude_ft": null,
    "holding_speed_kt": 230
   }
  },
  {
   "type": "Feature",
   "geometry": {
    "type": "Point",
    "coordinates": [
     100.58166667,
     13.35166667
    ]
   },
   "properties": {
    "waypoint_identifier": "POLAK",
    "holding_name": "POLAK",
    "icao_code": null,
    "region_code": "ENRT",
    "duplicate_identifier": 40,
    "inbound_holding_course_deg": 2.0,
    "turn_direction": "L",
    "leg_length_nm": null,
    "leg_time_min": 1.0,
    "minimum_altitude_ft": 13000,
    "maximum_altitude_ft": 99999,
    "holding_speed_kt": null
   }
  },
  {
   "type": "Feature",
   "geometry": {
    "type": "Point",
    "coordinates": [
     100.42253333,
     16.59329444
    ]
   },
   "properties": {
    "waypoint_identifier": "PUGAN",
    "holding_name": "PUGAN",
    "icao_code": "VT",
    "region_code": "VTPP",
    "duplicate_identifier": 50,
    "inbound_holding_course_deg": 325.0,
    "turn_direction": "R",
    "leg_length_nm": null,
    "leg_time_min": 1.0,
    "minimum_altitude_ft": 3200,
    "maximum_altitude_ft": null,
    "holding_speed_kt": 230
   }
  },
  {
   "type": "Feature",
   "geometry": {
    "type": "Point",
    "coordinates": [
     100.10613056,
     9.73496389
    ]
   },
   "properties": {
    "waypoint_identifier": "PUKOM",
    "holding_name": "PUKOM",
    "icao_code": "VT",
    "region_code": "VTSM",
    "duplicate_identifier": 50,
    "inbound_holding_course_deg": 205.0,
    "turn_direction": "L",
    "leg_length_nm": null,
    "leg_time_min": 1.0,
    "minimum_altitude_ft": 3300,
    "maximum_altitude_ft": null,
    "holding_speed_kt": 230
   }
  },
  {
   "type": "Feature",
   "geometry": {
    "type": "Point",
    "coordinates": [
     103.9648,
     17.04715833
    ]
   },
   "properties": {
    "waypoint_identifier": "PUNNA",
    "holding_name": "PUNNA",
    "icao_code": "VT",
    "region_code": "VTUI",
    "duplicate_identifier": 50,
    "inbound_holding_course_deg": 46.0,
    "turn_direction": "R",
    "leg_length_nm": null,
    "leg_time_min": 1.0,
    "minimum_altitude_ft": 3200,
    "maximum_altitude_ft": null,
    "holding_speed_kt": 230
   }
  },
  {
   "type": "Feature",
   "geometry": {
    "type": "Point",
    "coordinates": [
     103.86143611,
     17.24930556
    ]
   },
   "properties": {
    "waypoint_identifier": "PUPEK",
    "holding_name": "PUPEK",
    "icao_code": "VT",
    "region_code": "VTUI",
    "duplicate_identifier": 50,
    "inbound_holding_course_deg": 97.0,
    "turn_direction": "L",
    "leg_length_nm": null,
    "leg_time_min": 1.0,
    "minimum_altitude_ft": 7000,
    "maximum_altitude_ft": null,
    "holding_speed_kt": 230
   }
  },
  {
   "type": "Feature",
   "geometry": {
    "type": "Point",
    "coordinates": [
     98.30697222,
     8.11394444
    ]
   },
   "properties": {
    "waypoint_identifier": "PUT",
    "holding_name": "PHUKET",
    "icao_code": null,
    "region_code": "ENRT",
    "duplicate_identifier": 50,
    "inbound_holding_course_deg": 274.0,
    "turn_direction": "R",
    "leg_length_nm": null,
    "leg_time_min": 1.0,
    "minimum_altitude_ft": 3000,
    "maximum_altitude_ft": 14000,
    "holding_speed_kt": null
   }
  },
  {
   "type": "Feature",
   "geometry": {
    "type": "Point",
    "coordinates": [
     98.30697222,
     8.11394444
    ]
   },
   "properties": {
    "waypoint_identifier": "PUT",
    "holding_name": "PHUKET",
    "icao_code": null,
    "region_code": "ENRT",
    "duplicate_identifier": 51,
    "inbound_holding_course_deg": 69.0,
    "turn_direction": "L",
    "leg_length_nm": null,
    "leg_time_min": 1.0,
    "minimum_altitude_ft": 3000,
    "maximum_altitude_ft": null,
    "holding_speed_kt": null
   }
  },
  {
   "type": "Feature",
   "geometry": {
    "type": "Point",
    "coordinates": [
     98.02844444,
     7.985025
    ]
   },
   "properties": {
    "waypoint_identifier": "RAWAI",
    "holding_name": "RAWAI",
    "icao_code": "VT",
    "region_code": "VTSP",
    "duplicate_identifier": 40,
    "inbound_holding_course_deg": 355.0,
    "turn_direction": "L",
    "leg_length_nm": null,
    "leg_time_min": 1.0,
    "minimum_altitude_ft": 4000,
    "maximum_altitude_ft": null,
    "holding_speed_kt": null
   }
  },
  {
   "type": "Feature",
   "geometry": {
    "type": "Point",
    "coordinates": [
     99.20811667,
     18.59416667
    ]
   },
   "properties": {
    "waypoint_identifier": "RAXOM",
    "holding_name": "RAXOM",
    "icao_code": "VT",
    "region_code": "VTCC",
    "duplicate_identifier": 40,
    "inbound_holding_course_deg": 1.0,
    "turn_direction": "R",
    "leg_length_nm": null,
    "leg_time_min": 1.5,
    "minimum_altitude_ft": 15000,
    "maximum_altitude_ft": null,
    "holding_speed_kt": 240
   }
  },
  {
   "type": "Feature",
   "geometry": {
    "type": "Point",
    "coordinates": [
     99.73890278,
     19.70634444
    ]
   },
   "properties": {
    "waypoint_identifier": "REDIP",
    "holding_name": "REDIP",
    "icao_code": "VT",
    "region_code": "VTCT",
    "duplicate_identifier": 50,
    "inbound_holding_course_deg": 30.0,
    "turn_direction": "L",
    "leg_length_nm": null,
    "leg_time_min": 1.0,
    "minimum_altitude_ft": 6000,
    "maximum_altitude_ft": null,
    "holding_speed_kt": 230
   }
  },
  {
   "type": "Feature",
   "geometry": {
    "type": "Point",
    "coordinates": [
     98.96201944,
     18.42981944
    ]
   },
   "properties": {
    "waypoint_identifier": "RIGTA",
    "holding_name": "RIGTA",
    "icao_code": "VT",
    "region_code": "VTCC",
    "duplicate_identifier": 40,
    "inbound_holding_course_deg": 1.0,
    "turn_direction": "R",
    "leg_length_nm": null,
    "leg_time_min": 1.0,
    "minimum_altitude_ft": 6600,
    "maximum_altitude_ft": null,
    "holding_speed_kt": 210
   }
  },
  {
   "type": "Feature",
   "geometry": {
    "type": "Point",
    "coordinates": [
     98.96201944,
     18.42981944
    ]
   },
   "properties": {
    "waypoint_identifier": "RIGTA",
    "holding_name": "RIGTA",
    "icao_code": "VT",
    "region_code": "VTCC",
    "duplicate_identifier": 50,
    "inbound_holding_course_deg": 1.0,
    "turn_direction": "R",
    "leg_length_nm": null,
    "leg_time_min": 1.0,
    "minimum_altitude_ft": 6600,
    "maximum_altitude_ft": null,
    "holding_speed_kt": 210
   }
  },
  {
   "type": "Feature",
   "geometry": {
    "type": "Point",
    "coordinates": [
     101.30664167,
     16.83769167
    ]
   },
   "properties": {
    "waypoint_identifier": "RINRO",
    "holding_name": "RINRO",
    "icao_code": "VT",
    "region_code": "VTPB",
    "duplicate_identifier": 50,
    "inbound_holding_course_deg": 271.0,
    "turn_direction": "L",
    "leg_length_nm": null,
    "leg_time_min": 1.0,
    "minimum_altitude_ft": 4900,
    "maximum_altitude_ft": null,
    "holding_speed_kt": 230
   }
  },
  {
   "type": "Feature",
   "geometry": {
    "type": "Point",
    "coordinates": [
     100.58771111,
     6.95696389
    ]
   },
   "properties": {
    "waypoint_identifier": "RISRO",
    "holding_name": "RISRO",
    "icao_code": "VT",
    "region_code": "VTSS",
    "duplicate_identifier": 40,
    "inbound_holding_course_deg": 263.0,
    "turn_direction": "R",
    "leg_length_nm": null,
    "leg_time_min": 1.0,
    "minimum_altitude_ft": 3000,
    "maximum_altitude_ft": null,
    "holding_speed_kt": 230
   }
  },
  {
   "type": "Feature",
   "geometry": {
    "type": "Point",
    "coordinates": [
     100.58771111,
     6.95696389
    ]
   },
   "properties": {
    "waypoint_identifier": "RISRO",
    "holding_name": "RISRO",
    "icao_code": "VT",
    "region_code": "VTSS",
    "duplicate_identifier": 50,
    "inbound_holding_course_deg": 264.0,
    "turn_direction": "R",
    "leg_length_nm": null,
    "leg_time_min": 1.0,
    "minimum_altitude_ft": 3000,
    "maximum_altitude_ft": null,
    "holding_speed_kt": 230
   }
  },
  {
   "type": "Feature",
   "geometry": {
    "type": "Point",
    "coordinates": [
     100.58771111,
     6.95696389
    ]
   },
   "properties": {
    "waypoint_identifier": "RISRO",
    "holding_name": "RISRO",
    "icao_code": "VT",
    "region_code": "VTSS",
    "duplicate_identifier": 51,
    "inbound_holding_course_deg": 263.0,
    "turn_direction": "R",
    "leg_length_nm": null,
    "leg_time_min": 1.0,
    "minimum_altitude_ft": 3000,
    "maximum_altitude_ft": null,
    "holding_speed_kt": 230
   }
  },
  {
   "type": "Feature",
   "geometry": {
    "type": "Point",
    "coordinates": [
     98.05651667,
     7.97040278
    ]
   },
   "properties": {
    "waypoint_identifier": "ROMAA",
    "holding_name": "ROMAA",
    "icao_code": "VT",
    "region_code": "VTSP",
    "duplicate_identifier": 51,
    "inbound_holding_course_deg": 60.0,
    "turn_direction": "R",
    "leg_length_nm": null,
    "leg_time_min": 1.0,
    "minimum_altitude_ft": 3000,
    "maximum_altitude_ft": null,
    "holding_speed_kt": 210
   }
  },
  {
   "type": "Feature",
   "geometry": {
    "type": "Point",
    "coordinates": [
     98.945925,
     7.80494722
    ]
   },
   "properties": {
    "waypoint_identifier": "ROSIC",
    "holding_name": "ROSIC",
    "icao_code": "VT",
    "region_code": "VTSG",
    "duplicate_identifier": 40,
    "inbound_holding_course_deg": 51.0,
    "turn_direction": "R",
    "leg_length_nm": null,
    "leg_time_min": 1.0,
    "minimum_altitude_ft": 3100,
    "maximum_altitude_ft": null,
    "holding_speed_kt": 230
   }
  },
  {
   "type": "Feature",
   "geometry": {
    "type": "Point",
    "coordinates": [
     98.945925,
     7.80494722
    ]
   },
   "properties": {
    "waypoint_identifier": "ROSIC",
    "holding_name": "ROSIC",
    "icao_code": "VT",
    "region_code": "VTSG",
    "duplicate_identifier": 50,
    "inbound_holding_course_deg": 51.0,
    "turn_direction": "R",
    "leg_length_nm": null,
    "leg_time_min": 1.0,
    "minimum_altitude_ft": 3100,
    "maximum_altitude_ft": null,
    "holding_speed_kt": 230
   }
  },
  {
   "type": "Feature",
   "geometry": {
    "type": "Point",
    "coordinates": [
     98.945925,
     7.80494722
    ]
   },
   "properties": {
    "waypoint_identifier": "ROSIC",
    "holding_name": "ROSIC",
    "icao_code": "VT",
    "region_code": "VTSG",
    "duplicate_identifier": 51,
    "inbound_holding_course_deg": 7.0,
    "turn_direction": "R",
    "leg_length_nm": null,
    "leg_time_min": 1.0,
    "minimum_altitude_ft": 3100,
    "maximum_altitude_ft": null,
    "holding_speed_kt": 230
   }
  },
  {
   "type": "Feature",
   "geometry": {
    "type": "Point",
    "coordinates": [
     101.0299,
     12.98254722
    ]
   },
   "properties": {
    "waypoint_identifier": "RUNOS",
    "holding_name": "RUNOS",
    "icao_code": "VT",
    "region_code": "VTBU",
    "duplicate_identifier": 50,
    "inbound_holding_course_deg": 185.0,
    "turn_direction": "R",
    "leg_length_nm": null,
    "leg_time_min": 1.0,
    "minimum_altitude_ft": 4000,
    "maximum_altitude_ft": null,
    "holding_speed_kt": 230
   }
  },
  {
   "type": "Feature",
   "geometry": {
    "type": "Point",
    "coordinates": [
     100.18379444,
     18.36777778
    ]
   },
   "properties": {
    "waypoint_identifier": "RUPKI",
    "holding_name": "RUPKI",
    "icao_code": "VT",
    "region_code": "VTCP",
    "duplicate_identifier": 50,
    "inbound_holding_course_deg": 185.0,
    "turn_direction": "L",
    "leg_length_nm": null,
    "leg_time_min": 1.0,
    "minimum_altitude_ft": 5000,
    "maximum_altitude_ft": null,
    "holding_speed_kt": 230
   }
  },
  {
   "type": "Feature",
   "geometry": {
    "type": "Point",
    "coordinates": [
     100.32756389,
     13.12281389
    ]
   },
   "properties": {
    "waypoint_identifier": "SABAI",
    "holding_name": "SABAI",
    "icao_code": "VT",
    "region_code": "VTBD",
    "duplicate_identifier": 40,
    "inbound_holding_course_deg": 1.0,
    "turn_direction": "L",
    "leg_length_nm": null,
    "leg_time_min": 1.0,
    "minimum_altitude_ft": 13000,
    "maximum_altitude_ft": null,
    "holding_speed_kt": null
   }
  },
  {
   "type": "Feature",
   "geometry": {
    "type": "Point",
    "coordinates": [
     101.45679444,
     16.6633
    ]
   },
   "properties": {
    "waypoint_identifier": "SABOR",
    "holding_name": "SABOR",
    "icao_code": "VT",
    "region_code": "VTPB",
    "duplicate_identifier": 50,
    "inbound_holding_course_deg": 274.0,
    "turn_direction": "L",
    "leg_length_nm": null,
    "leg_time_min": 1.0,
    "minimum_altitude_ft": 6000,
    "maximum_altitude_ft": null,
    "holding_speed_kt": 230
   }
  },
  {
   "type": "Feature",
   "geometry": {
    "type": "Point",
    "coordinates": [
     100.14951667,
     16.93974444
    ]
   },
   "properties": {
    "waypoint_identifier": "SALOK",
    "holding_name": "SALOK",
    "icao_code": "VT",
    "region_code": "VTPP",
    "duplicate_identifier": 50,
    "inbound_holding_course_deg": 142.0,
    "turn_direction": "R",
    "leg_length_nm": null,
    "leg_time_min": 1.0,
    "minimum_altitude_ft": 3200,
    "maximum_altitude_ft": null,
    "holding_speed_kt": 230
   }
  },
  {
   "type": "Feature",
   "geometry": {
    "type": "Point",
    "coordinates": [
     101.17848611,
     13.29505
    ]
   },
   "properties": {
    "waypoint_identifier": "SEHNA",
    "holding_name": "SEHNA",
    "icao_code": "VT",
    "region_code": "VTBD",
    "duplicate_identifier": 40,
    "inbound_holding_course_deg": 281.0,
    "turn_direction": "R",
    "leg_length_nm": null,
    "leg_time_min": 1.0,
    "minimum_altitude_ft": 13000,
    "maximum_altitude_ft": null,
    "holding_speed_kt": null
   }
  },
  {
   "type": "Feature",
   "geometry": {
    "type": "Point",
    "coordinates": [
     100.06710833,
     17.90920833
    ]
   },
   "properties": {
    "waypoint_identifier": "SENOW",
    "holding_name": "SENOW",
    "icao_code": "VT",
    "region_code": "VTCP",
    "duplicate_identifier": 50,
    "inbound_holding_course_deg": 127.0,
    "turn_direction": "R",
    "leg_length_nm": null,
    "leg_time_min": 1.0,
    "minimum_altitude_ft": 5000,
    "maximum_altitude_ft": null,
    "holding_speed_kt": 200
   }
  },
  {
   "type": "Feature",
   "geometry": {
    "type": "Point",
    "coordinates": [
     99.61061667,
     14.40234444
    ]
   },
   "properties": {
    "waypoint_identifier": "SIRIN",
    "holding_name": "SIRIN",
    "icao_code": null,
    "region_code": "ENRT",
    "duplicate_identifier": 40,
    "inbound_holding_course_deg": 118.0,
    "turn_direction": "L",
    "leg_length_nm": null,
    "leg_time_min": 2.0,
    "minimum_altitude_ft": 23000,
    "maximum_altitude_ft": 99999,
    "holding_speed_kt": null
   }
  },
  {
   "type": "Feature",
   "geometry": {
    "type": "Point",
    "coordinates": [
     100.06175,
     9.54705556
    ]
   },
   "properties": {
    "waypoint_identifier": "SMU",
    "holding_name": "SAMUI",
    "icao_code": null,
    "region_code": "ENRT",
    "duplicate_identifier": 50,
    "inbound_holding_course_deg": 13.0,
    "turn_direction": "R",
    "leg_length_nm": null,
    "leg_time_min": 1.0,
    "minimum_altitude_ft": 4000,
    "maximum_altitude_ft": null,
    "holding_speed_kt": 230
   }
  },
  {
   "type": "Feature",
   "geometry": {
    "type": "Point",
    "coordinates": [
     100.06175,
     9.54705556
    ]
   },
   "properties": {
    "waypoint_identifier": "SMU",
    "holding_name": "SAMUI",
    "icao_code": null,
    "region_code": "ENRT",
    "duplicate_identifier": 51,
    "inbound_holding_course_deg": 152.0,
    "turn_direction": "L",
    "leg_length_nm": null,
    "leg_time_min": 1.0,
    "minimum_altitude_ft": 4000,
    "maximum_altitude_ft": null,
    "holding_speed_kt": 230
   }
  },
  {
   "type": "Feature",
   "geometry": {
    "type": "Point",
    "coordinates": [
     98.53653889,
     8.35943333
    ]
   },
   "properties": {
    "waypoint_identifier": "STONE",
    "holding_name": "STONE",
    "icao_code": "VT",
    "region_code": "VTSP",
    "duplicate_identifier": 40,
    "inbound_holding_course_deg": 175.0,
    "turn_direction": "L",
    "leg_length_nm": null,
    "leg_time_min": 1.0,
    "minimum_altitude_ft": 5000,
    "maximum_altitude_ft": null,
    "holding_speed_kt": null
   }
  },
  {
   "type": "Feature",
   "geometry": {
    "type": "Point",
    "coordinates": [
     98.31433611,
     9.68119722
    ]
   },
   "properties": {
    "waypoint_identifier": "SUDEX",
    "holding_name": "SUDEX",
    "icao_code": "VT",
    "region_code": "VTSR",
    "duplicate_identifier": 50,
    "inbound_holding_course_deg": 127.0,
    "turn_direction": "R",
    "leg_length_nm": null,
    "leg_time_min": 1.0,
    "minimum_altitude_ft": 5000,
    "maximum_altitude_ft": 5000,
    "holding_speed_kt": 230
   }
  },
  {
   "type": "Feature",
   "geometry": {
    "type": "Point",
    "coordinates": [
     98.31433611,
     9.68119722
    ]
   },
   "properties": {
    "waypoint_identifier": "SUDEX",
    "holding_name": "SUDEX",
    "icao_code": "VT",
    "region_code": "VTSR",
    "duplicate_identifier": 51,
    "inbound_holding_course_deg": 71.0,
    "turn_direction": "L",
    "leg_length_nm": null,
    "leg_time_min": 1.0,
    "minimum_altitude_ft": 5000,
    "maximum_altitude_ft": 5000,
    "holding_speed_kt": 230
   }
  },
  {
   "type": "Feature",
   "geometry": {
    "type": "Point",
    "coordinates": [
     100.34654722,
     13.09301389
    ]
   },
   "properties": {
    "waypoint_identifier": "SUMLI",
    "holding_name": "SUMLI",
    "icao_code": null,
    "region_code": "ENRT",
    "duplicate_identifier": 40,
    "inbound_holding_course_deg": 17.0,
    "turn_direction": "R",
    "leg_length_nm": null,
    "leg_time_min": 2.0,
    "minimum_altitude_ft": 23000,
    "maximum_altitude_ft": 99999,
    "holding_speed_kt": null
   }
  },
  {
   "type": "Feature",
   "geometry": {
    "type": "Point",
    "coordinates": [
     105.01770556,
     15.365125
    ]
   },
   "properties": {
    "waypoint_identifier": "SUNIN",
    "holding_name": "SUNIN",
    "icao_code": "VT",
    "region_code": "VTUU",
    "duplicate_identifier": 40,
    "inbound_holding_course_deg": 233.0,
    "turn_direction": "L",
    "leg_length_nm": null,
    "leg_time_min": 1.0,
    "minimum_altitude_ft": 3000,
    "maximum_altitude_ft": null,
    "holding_speed_kt": 230
   }
  },
  {
   "type": "Feature",
   "geometry": {
    "type": "Point",
    "coordinates": [
     105.01770556,
     15.365125
    ]
   },
   "properties": {
    "waypoint_identifier": "SUNIN",
    "holding_name": "SUNIN",
    "icao_code": "VT",
    "region_code": "VTUU",
    "duplicate_identifier": 50,
    "inbound_holding_course_deg": 233.0,
    "turn_direction": "L",
    "leg_length_nm": null,
    "leg_time_min": 1.0,
    "minimum_altitude_ft": 3000,
    "maximum_altitude_ft": null,
    "holding_speed_kt": 230
   }
  },
  {
   "type": "Feature",
   "geometry": {
    "type": "Point",
    "coordinates": [
     101.84561667,
     6.755625
    ]
   },
   "properties": {
    "waypoint_identifier": "SUSGO",
    "holding_name": "SUSGO",
    "icao_code": "VT",
    "region_code": "VTSC",
    "duplicate_identifier": 50,
    "inbound_holding_course_deg": 204.0,
    "turn_direction": "L",
    "leg_length_nm": null,
    "leg_time_min": 1.0,
    "minimum_altitude_ft": 3000,
    "maximum_altitude_ft": null,
    "holding_speed_kt": 230
   }
  },
  {
   "type": "Feature",
   "geometry": {
    "type": "Point",
    "coordinates": [
     102.12290556,
     14.84866111
    ]
   },
   "properties": {
    "waypoint_identifier": "SYRUP",
    "holding_name": "SYRUP",
    "icao_code": "VT",
    "region_code": "VTUQ",
    "duplicate_identifier": 50,
    "inbound_holding_course_deg": 61.0,
    "turn_direction": "R",
    "leg_length_nm": null,
    "leg_time_min": 1.0,
    "minimum_altitude_ft": 4000,
    "maximum_altitude_ft": null,
    "holding_speed_kt": 230
   }
  },
  {
   "type": "Feature",
   "geometry": {
    "type": "Point",
    "coordinates": [
     99.37687222,
     7.47045556
    ]
   },
   "properties": {
    "waypoint_identifier": "TANYO",
    "holding_name": "TANYO",
    "icao_code": "VT",
    "region_code": "VTST",
    "duplicate_identifier": 50,
    "inbound_holding_course_deg": 81.0,
    "turn_direction": "R",
    "leg_length_nm": null,
    "leg_time_min": 1.0,
    "minimum_altitude_ft": 3000,
    "maximum_altitude_ft": null,
    "holding_speed_kt": 230
   }
  },
  {
   "type": "Feature",
   "geometry": {
    "type": "Point",
    "coordinates": [
     99.37687222,
     7.47045556
    ]
   },
   "properties": {
    "waypoint_identifier": "TANYO",
    "holding_name": "TANYO",
    "icao_code": "VT",
    "region_code": "VTST",
    "duplicate_identifier": 51,
    "inbound_holding_course_deg": 82.0,
    "turn_direction": "R",
    "leg_length_nm": null,
    "leg_time_min": 1.0,
    "minimum_altitude_ft": 3000,
    "maximum_altitude_ft": null,
    "holding_speed_kt": 230
   }
  },
  {
   "type": "Feature",
   "geometry": {
    "type": "Point",
    "coordinates": [
     104.29777778,
     17.36709722
    ]
   },
   "properties": {
    "waypoint_identifier": "TARAE",
    "holding_name": "TARAE",
    "icao_code": "VT",
    "region_code": "VTUI",
    "duplicate_identifier": 50,
    "inbound_holding_course_deg": 226.0,
    "turn_direction": "R",
    "leg_length_nm": null,
    "leg_time_min": 1.0,
    "minimum_altitude_ft": 2500,
    "maximum_altitude_ft": null,
    "holding_speed_kt": 230
   }
  },
  {
   "type": "Feature",
   "geometry": {
    "type": "Point",
    "coordinates": [
     97.99647778,
     8.30853611
    ]
   },
   "properties": {
    "waypoint_identifier": "TARPU",
    "holding_name": "TARPU",
    "icao_code": "VT",
    "region_code": "VTSP",
    "duplicate_identifier": 40,
    "inbound_holding_course_deg": 175.0,
    "turn_direction": "R",
    "leg_length_nm": null,
    "leg_time_min": 1.0,
    "minimum_altitude_ft": 4000,
    "maximum_altitude_ft": null,
    "holding_speed_kt": null
   }
  },
  {
   "type": "Feature",
   "geometry": {
    "type": "Point",
    "coordinates": [
     101.26996111,
     6.131675
    ]
   },
   "properties": {
    "waypoint_identifier": "TARUG",
    "holding_name": "TARUG",
    "icao_code": "VT",
    "region_code": "VTSY",
    "duplicate_identifier": 50,
    "inbound_holding_course_deg": 200.0,
    "turn_direction": "L",
    "leg_length_nm": null,
    "leg_time_min": 1.0,
    "minimum_altitude_ft": 6000,
    "maximum_altitude_ft": null,
    "holding_speed_kt": 170
   }
  },
  {
   "type": "Feature",
   "geometry": {
    "type": "Point",
    "coordinates": [
     100.73461667,
     14.14398611
    ]
   },
   "properties": {
    "waypoint_identifier": "TAWAN",
    "holding_name": "TAWAN",
    "icao_code": "VT",
    "region_code": "VTBD",
    "duplicate_identifier": 50,
    "inbound_holding_course_deg": 209.0,
    "turn_direction": "R",
    "leg_length_nm": null,
    "leg_time_min": 1.0,
    "minimum_altitude_ft": 3000,
    "maximum_altitude_ft": null,
    "holding_speed_kt": 230
   }
  },
  {
   "type": "Feature",
   "geometry": {
    "type": "Point",
    "coordinates": [
     101.36493889,
     6.05837778
    ]
   },
   "properties": {
    "waypoint_identifier": "TCART",
    "holding_name": "TCART",
    "icao_code": "VT",
    "region_code": "VTSY",
    "duplicate_identifier": 50,
    "inbound_holding_course_deg": 219.0,
    "turn_direction": "L",
    "leg_length_nm": null,
    "leg_time_min": 1.0,
    "minimum_altitude_ft": 6000,
    "maximum_altitude_ft": null,
    "holding_speed_kt": 170
   }
  },
  {
   "type": "Feature",
   "geometry": {
    "type": "Point",
    "coordinates": [
     102.57673889,
     17.48986111
    ]
   },
   "properties": {
    "waypoint_identifier": "TELUG",
    "holding_name": "TELUG",
    "icao_code": "VT",
    "region_code": "VTUD",
    "duplicate_identifier": 40,
    "inbound_holding_course_deg": 118.0,
    "turn_direction": "R",
    "leg_length_nm": null,
    "leg_time_min": 1.0,
    "minimum_altitude_ft": 3500,
    "maximum_altitude_ft": null,
    "holding_speed_kt": 230
   }
  },
  {
   "type": "Feature",
   "geometry": {
    "type": "Point",
    "coordinates": [
     102.57673889,
     17.48986111
    ]
   },
   "properties": {
    "waypoint_identifier": "TELUG",
    "holding_name": "TELUG",
    "icao_code": "VT",
    "region_code": "VTUD",
    "duplicate_identifier": 50,
    "inbound_holding_course_deg": 118.0,
    "turn_direction": "R",
    "leg_length_nm": null,
    "leg_time_min": 1.0,
    "minimum_altitude_ft": 3500,
    "maximum_altitude_ft": null,
    "holding_speed_kt": 230
   }
  },
  {
   "type": "Feature",
   "geometry": {
    "type": "Point",
    "coordinates": [
     100.13176389,
     9.90333056
    ]
   },
   "properties": {
    "waypoint_identifier": "TEPAD",
    "holding_name": "TEPAD",
    "icao_code": "VT",
    "region_code": "VTSM",
    "duplicate_identifier": 50,
    "inbound_holding_course_deg": 191.0,
    "turn_direction": "R",
    "leg_length_nm": null,
    "leg_time_min": 1.0,
    "minimum_altitude_ft": 4000,
    "maximum_altitude_ft": null,
    "holding_speed_kt": 230
   }
  },
  {
   "type": "Feature",
   "geometry": {
    "type": "Point",
    "coordinates": [
     100.10133333,
     20.08281667
    ]
   },
   "properties": {
    "waypoint_identifier": "TEPED",
    "holding_name": "TEPED",
    "icao_code": "VT",
    "region_code": "VTCT",
    "duplicate_identifier": 50,
    "inbound_holding_course_deg": 300.0,
    "turn_direction": "R",
    "leg_length_nm": null,
    "leg_time_min": 1.0,
    "minimum_altitude_ft": 6000,
    "maximum_altitude_ft": null,
    "holding_speed_kt": 230
   }
  },
  {
   "type": "Feature",
   "geometry": {
    "type": "Point",
    "coordinates": [
     101.04683611,
     13.96600833
    ]
   },
   "properties": {
    "waypoint_identifier": "TERIB",
    "holding_name": "TERIB",
    "icao_code": "VT",
    "region_code": "VTBS",
    "duplicate_identifier": 40,
    "inbound_holding_course_deg": 196.0,
    "turn_direction": "L",
    "leg_length_nm": null,
    "leg_time_min": 1.0,
    "minimum_altitude_ft": 7000,
    "maximum_altitude_ft": null,
    "holding_speed_kt": null
   }
  },
  {
   "type": "Feature",
   "geometry": {
    "type": "Point",
    "coordinates": [
     99.88554167,
     12.82473056
    ]
   },
   "properties": {
    "waypoint_identifier": "THILA",
    "holding_name": "THILA",
    "icao_code": "VT",
    "region_code": "VTPH",
    "duplicate_identifier": 50,
    "inbound_holding_course_deg": 162.0,
    "turn_direction": "L",
    "leg_length_nm": null,
    "leg_time_min": 1.0,
    "minimum_altitude_ft": 3200,
    "maximum_altitude_ft": null,
    "holding_speed_kt": 230
   }
  },
  {
   "type": "Feature",
   "geometry": {
    "type": "Point",
    "coordinates": [
     100.29753056,
     15.27595833
    ]
   },
   "properties": {
    "waypoint_identifier": "TL",
    "holding_name": "TAKHLI",
    "icao_code": null,
    "region_code": "ENRT",
    "duplicate_identifier": 50,
    "inbound_holding_course_deg": 344.0,
    "turn_direction": "R",
    "leg_length_nm": null,
    "leg_time_min": 1.0,
    "minimum_altitude_ft": 4000,
    "maximum_altitude_ft": null,
    "holding_speed_kt": 230
   }
  },
  {
   "type": "Feature",
   "geometry": {
    "type": "Point",
    "coordinates": [
     99.66116111,
     17.97863056
    ]
   },
   "properties": {
    "waypoint_identifier": "TOMYA",
    "holding_name": "TOMYA",
    "icao_code": "VT",
    "region_code": "VTCL",
    "duplicate_identifier": 50,
    "inbound_holding_course_deg": 333.0,
    "turn_direction": "R",
    "leg_length_nm": null,
    "leg_time_min": 1.0,
    "minimum_altitude_ft": 6000,
    "maximum_altitude_ft": 99999,
    "holding_speed_kt": null
   }
  },
  {
   "type": "Feature",
   "geometry": {
    "type": "Point",
    "coordinates": [
     99.66116111,
     17.97863056
    ]
   },
   "properties": {
    "waypoint_identifier": "TOMYA",
    "holding_name": "TOMYA",
    "icao_code": "VT",
    "region_code": "VTCL",
    "duplicate_identifier": 60,
    "inbound_holding_course_deg": 333.0,
    "turn_direction": "R",
    "leg_length_nm": null,
    "leg_time_min": 1.0,
    "minimum_altitude_ft": 6000,
    "maximum_altitude_ft": 99999,
    "holding_speed_kt": null
   }
  },
  {
   "type": "Feature",
   "geometry": {
    "type": "Point",
    "coordinates": [
     99.09820556,
     18.38638333
    ]
   },
   "properties": {
    "waypoint_identifier": "TOONY",
    "holding_name": "TOONY",
    "icao_code": "VT",
    "region_code": "VTCC",
    "duplicate_identifier": 50,
    "inbound_holding_course_deg": 343.0,
    "turn_direction": "R",
    "leg_length_nm": null,
    "leg_time_min": 1.0,
    "minimum_altitude_ft": 7000,
    "maximum_altitude_ft": 99999,
    "holding_speed_kt": null
   }
  },
  {
   "type": "Feature",
   "geometry": {
    "type": "Point",
    "coordinates": [
     101.20104722,
     13.35416944
    ]
   },
   "properties": {
    "waypoint_identifier": "TUMGA",
    "holding_name": "TUMGA",
    "icao_code": "VT",
    "region_code": "VTBS",
    "duplicate_identifier": 40,
    "inbound_holding_course_deg": 283.0,
    "turn_direction": "R",
    "leg_length_nm": null,
    "leg_time_min": 1.0,
    "minimum_altitude_ft": 14000,
    "maximum_altitude_ft": null,
    "holding_speed_kt": null
   }
  },
  {
   "type": "Feature",
   "geometry": {
    "type": "Point",
    "coordinates": [
     99.20951944,
     18.95139167
    ]
   },
   "properties": {
    "waypoint_identifier": "TUNTU",
    "holding_name": "TUNTU",
    "icao_code": "VT",
    "region_code": "VTCC",
    "duplicate_identifier": 40,
    "inbound_holding_course_deg": 1.0,
    "turn_direction": "R",
    "leg_length_nm": null,
    "leg_time_min": 1.0,
    "minimum_altitude_ft": 9000,
    "maximum_altitude_ft": null,
    "holding_speed_kt": 220
   }
  },
  {
   "type": "Feature",
   "geometry": {
    "type": "Point",
    "coordinates": [
     101.05906111,
     16.31348611
    ]
   },
   "properties": {
    "waypoint_identifier": "TUVBO",
    "holding_name": "TUVBO",
    "icao_code": "VT",
    "region_code": "VTPB",
    "duplicate_identifier": 50,
    "inbound_holding_course_deg": 21.0,
    "turn_direction": "R",
    "leg_length_nm": null,
    "leg_time_min": 1.0,
    "minimum_altitude_ft": 6000,
    "maximum_altitude_ft": null,
    "holding_speed_kt": 230
   }
  },
  {
   "type": "Feature",
   "geometry": {
    "type": "Point",
    "coordinates": [
     102.58926667,
     17.50914722
    ]
   },
   "properties": {
    "waypoint_identifier": "UD122",
    "holding_name": "UD122",
    "icao_code": "VT",
    "region_code": "VTUD",
    "duplicate_identifier": 50,
    "inbound_holding_course_deg": 126.0,
    "turn_direction": "R",
    "leg_length_nm": null,
    "leg_time_min": 1.0,
    "minimum_altitude_ft": 3500,
    "maximum_altitude_ft": null,
    "holding_speed_kt": 230
   }
  },
  {
   "type": "Feature",
   "geometry": {
    "type": "Point",
    "coordinates": [
     102.98621389,
     17.30586944
    ]
   },
   "properties": {
    "waypoint_identifier": "UD302",
    "holding_name": "UD302",
    "icao_code": "VT",
    "region_code": "VTUD",
    "duplicate_identifier": 50,
    "inbound_holding_course_deg": 292.0,
    "turn_direction": "R",
    "leg_length_nm": null,
    "leg_time_min": 1.0,
    "minimum_altitude_ft": 3500,
    "maximum_altitude_ft": null,
    "holding_speed_kt": 230
   }
  },
  {
   "type": "Feature",
   "geometry": {
    "type": "Point",
    "coordinates": [
     102.77491667,
     17.38475
    ]
   },
   "properties": {
    "waypoint_identifier": "UDN",
    "holding_name": "UDON THANI",
    "icao_code": null,
    "region_code": "ENRT",
    "duplicate_identifier": 50,
    "inbound_holding_course_deg": 291.0,
    "turn_direction": "R",
    "leg_length_nm": null,
    "leg_time_min": 1.0,
    "minimum_altitude_ft": 3300,
    "maximum_altitude_ft": 99999,
    "holding_speed_kt": null
   }
  },
  {
   "type": "Feature",
   "geometry": {
    "type": "Point",
    "coordinates": [
     99.82278056,
     17.45631111
    ]
   },
   "properties": {
    "waypoint_identifier": "UGEKO",
    "holding_name": "UGEKO",
    "icao_code": "VT",
    "region_code": "VTPO",
    "duplicate_identifier": 50,
    "inbound_holding_course_deg": 182.0,
    "turn_direction": "R",
    "leg_length_nm": null,
    "leg_time_min": 1.0,
    "minimum_altitude_ft": 3500,
    "maximum_altitude_ft": null,
    "holding_speed_kt": 230
   }
  },
  {
   "type": "Feature",
   "geometry": {
    "type": "Point",
    "coordinates": [
     100.55774444,
     16.98533611
    ]
   },
   "properties": {
    "waypoint_identifier": "UNITE",
    "holding_name": "UNITE",
    "icao_code": null,
    "region_code": "ENRT",
    "duplicate_identifier": 20,
    "inbound_holding_course_deg": 230.0,
    "turn_direction": "R",
    "leg_length_nm": null,
    "leg_time_min": 1.0,
    "minimum_altitude_ft": 6000,
    "maximum_altitude_ft": 11000,
    "holding_speed_kt": null
   }
  },
  {
   "type": "Feature",
   "geometry": {
    "type": "Point",
    "coordinates": [
     103.15096111,
     15.08813056
    ]
   },
   "properties": {
    "waypoint_identifier": "UNTAB",
    "holding_name": "UNTAB",
    "icao_code": "VT",
    "region_code": "VTUO",
    "duplicate_identifier": 50,
    "inbound_holding_course_deg": 35.0,
    "turn_direction": "R",
    "leg_length_nm": null,
    "leg_time_min": 1.0,
    "minimum_altitude_ft": 3000,
    "maximum_altitude_ft": null,
    "holding_speed_kt": 230
   }
  },
  {
   "type": "Feature",
   "geometry": {
    "type": "Point",
    "coordinates": [
     99.62936944,
     18.45581944
    ]
   },
   "properties": {
    "waypoint_identifier": "UNTIM",
    "holding_name": "UNTIM",
    "icao_code": "VT",
    "region_code": "VTCL",
    "duplicate_identifier": 40,
    "inbound_holding_course_deg": 266.0,
    "turn_direction": "R",
    "leg_length_nm": null,
    "leg_time_min": 1.0,
    "minimum_altitude_ft": 5000,
    "maximum_altitude_ft": null,
    "holding_speed_kt": 230
   }
  },
  {
   "type": "Feature",
   "geometry": {
    "type": "Point",
    "coordinates": [
     99.62936944,
     18.45581944
    ]
   },
   "properties": {
    "waypoint_identifier": "UNTIM",
    "holding_name": "UNTIM",
    "icao_code": "VT",
    "region_code": "VTCL",
    "duplicate_identifier": 50,
    "inbound_holding_course_deg": 266.0,
    "turn_direction": "R",
    "leg_length_nm": null,
    "leg_time_min": 1.0,
    "minimum_altitude_ft": 5000,
    "maximum_altitude_ft": null,
    "holding_speed_kt": 230
   }
  },
  {
   "type": "Feature",
   "geometry": {
    "type": "Point",
    "coordinates": [
     99.14446389,
     18.23698056
    ]
   },
   "properties": {
    "waypoint_identifier": "UPDOS",
    "holding_name": "UPDOS",
    "icao_code": "VT",
    "region_code": "VTCC",
    "duplicate_identifier": 40,
    "inbound_holding_course_deg": 54.0,
    "turn_direction": "L",
    "leg_length_nm": null,
    "leg_time_min": 1.0,
    "minimum_altitude_ft": 11000,
    "maximum_altitude_ft": null,
    "holding_speed_kt": 220
   }
  },
  {
   "type": "Feature",
   "geometry": {
    "type": "Point",
    "coordinates": [
     100.58855,
     6.94873889
    ]
   },
   "properties": {
    "waypoint_identifier": "UPVEK",
    "holding_name": "UPVEK",
    "icao_code": "VT",
    "region_code": "VTSS",
    "duplicate_identifier": 50,
    "inbound_holding_course_deg": 266.0,
    "turn_direction": "R",
    "leg_length_nm": null,
    "leg_time_min": 1.0,
    "minimum_altitude_ft": 3000,
    "maximum_altitude_ft": null,
    "holding_speed_kt": 230
   }
  },
  {
   "type": "Feature",
   "geometry": {
    "type": "Point",
    "coordinates": [
     102.90016389,
     16.65940556
    ]
   },
   "properties": {
    "waypoint_identifier": "UPVEM",
    "holding_name": "UPVEM",
    "icao_code": "VT",
    "region_code": "VTUK",
    "duplicate_identifier": 50,
    "inbound_holding_course_deg": 211.0,
    "turn_direction": "R",
    "leg_length_nm": null,
    "leg_time_min": 1.0,
    "minimum_altitude_ft": 3400,
    "maximum_altitude_ft": null,
    "holding_speed_kt": 230
   }
  },
  {
   "type": "Feature",
   "geometry": {
    "type": "Point",
    "coordinates": [
     101.07351667,
     16.45853056
    ]
   },
   "properties": {
    "waypoint_identifier": "VABRO",
    "holding_name": "VABRO",
    "icao_code": "VT",
    "region_code": "VTPB",
    "duplicate_identifier": 50,
    "inbound_holding_course_deg": 91.0,
    "turn_direction": "L",
    "leg_length_nm": null,
    "leg_time_min": 1.0,
    "minimum_altitude_ft": 6000,
    "maximum_altitude_ft": null,
    "holding_speed_kt": 230
   }
  },
  {
   "type": "Feature",
   "geometry": {
    "type": "Point",
    "coordinates": [
     98.61460833,
     17.0592
    ]
   },
   "properties": {
    "waypoint_identifier": "VEGRA",
    "holding_name": "VEGRA",
    "icao_code": null,
    "region_code": "ENRT",
    "duplicate_identifier": 40,
    "inbound_holding_course_deg": 192.0,
    "turn_direction": "L",
    "leg_length_nm": null,
    "leg_time_min": 1.0,
    "minimum_altitude_ft": 10000,
    "maximum_altitude_ft": null,
    "holding_speed_kt": 230
   }
  },
  {
   "type": "Feature",
   "geometry": {
    "type": "Point",
    "coordinates": [
     98.61460833,
     17.0592
    ]
   },
   "properties": {
    "waypoint_identifier": "VEGRA",
    "holding_name": "VEGRA",
    "icao_code": null,
    "region_code": "ENRT",
    "duplicate_identifier": 50,
    "inbound_holding_course_deg": 192.0,
    "turn_direction": "L",
    "leg_length_nm": null,
    "leg_time_min": 1.0,
    "minimum_altitude_ft": 10000,
    "maximum_altitude_ft": null,
    "holding_speed_kt": 230
   }
  },
  {
   "type": "Feature",
   "geometry": {
    "type": "Point",
    "coordinates": [
     99.61497778,
     17.35919167
    ]
   },
   "properties": {
    "waypoint_identifier": "VEGTO",
    "holding_name": "VEGTO",
    "icao_code": "VT",
    "region_code": "VTPO",
    "duplicate_identifier": 50,
    "inbound_holding_course_deg": 168.0,
    "turn_direction": "R",
    "leg_length_nm": null,
    "leg_time_min": 1.0,
    "minimum_altitude_ft": 5200,
    "maximum_altitude_ft": null,
    "holding_speed_kt": 230
   }
  },
  {
   "type": "Feature",
   "geometry": {
    "type": "Point",
    "coordinates": [
     103.76875,
     15.93276111
    ]
   },
   "properties": {
    "waypoint_identifier": "VEKNO",
    "holding_name": "VEKNO",
    "icao_code": "VT",
    "region_code": "VTUV",
    "duplicate_identifier": 50,
    "inbound_holding_course_deg": 2.0,
    "turn_direction": "R",
    "leg_length_nm": null,
    "leg_time_min": 1.0,
    "minimum_altitude_ft": 3000,
    "maximum_altitude_ft": null,
    "holding_speed_kt": 230
   }
  },
  {
   "type": "Feature",
   "geometry": {
    "type": "Point",
    "coordinates": [
     98.20701389,
     8.09777222
    ]
   },
   "properties": {
    "waypoint_identifier": "WANDY",
    "holding_name": "WANDY",
    "icao_code": null,
    "region_code": "ENRT",
    "duplicate_identifier": 40,
    "inbound_holding_course_deg": 80.0,
    "turn_direction": "R",
    "leg_length_nm": 5.0,
    "leg_time_min": null,
    "minimum_altitude_ft": 2800,
    "maximum_altitude_ft": 99999,
    "holding_speed_kt": null
   }
  },
  {
   "type": "Feature",
   "geometry": {
    "type": "Point",
    "coordinates": [
     98.20701389,
     8.09777222
    ]
   },
   "properties": {
    "waypoint_identifier": "WANDY",
    "holding_name": "WANDY",
    "icao_code": null,
    "region_code": "ENRT",
    "duplicate_identifier": 60,
    "inbound_holding_course_deg": 80.0,
    "turn_direction": "R",
    "leg_length_nm": 5.0,
    "leg_time_min": null,
    "minimum_altitude_ft": 2800,
    "maximum_altitude_ft": 99999,
    "holding_speed_kt": null
   }
  },
  {
   "type": "Feature",
   "geometry": {
    "type": "Point",
    "coordinates": [
     100.13312778,
     12.81103611
    ]
   },
   "properties": {
    "waypoint_identifier": "WATSA",
    "holding_name": "WATSA",
    "icao_code": "VT",
    "region_code": "VTPH",
    "duplicate_identifier": 50,
    "inbound_holding_course_deg": 226.0,
    "turn_direction": "R",
    "leg_length_nm": null,
    "leg_time_min": 1.0,
    "minimum_altitude_ft": 3200,
    "maximum_altitude_ft": null,
    "holding_speed_kt": 230
   }
  },
  {
   "type": "Feature",
   "geometry": {
    "type": "Point",
    "coordinates": [
     100.05916944,
     14.26546389
    ]
   },
   "properties": {
    "waypoint_identifier": "WEHHA",
    "holding_name": "WEHHA",
    "icao_code": "VT",
    "region_code": "VTBD",
    "duplicate_identifier": 40,
    "inbound_holding_course_deg": 105.0,
    "turn_direction": "R",
    "leg_length_nm": null,
    "leg_time_min": 1.0,
    "minimum_altitude_ft": 9000,
    "maximum_altitude_ft": null,
    "holding_speed_kt": null
   }
  },
  {
   "type": "Feature",
   "geometry": {
    "type": "Point",
    "coordinates": [
     100.05916944,
     14.26546389
    ]
   },
   "properties": {
    "waypoint_identifier": "WEHHA",
    "holding_name": "WEHHA",
    "icao_code": "VT",
    "region_code": "VTBD",
    "duplicate_identifier": 41,
    "inbound_holding_course_deg": 98.0,
    "turn_direction": "R",
    "leg_length_nm": null,
    "leg_time_min": 1.0,
    "minimum_altitude_ft": 9000,
    "maximum_altitude_ft": null,
    "holding_speed_kt": null
   }
  },
  {
   "type": "Feature",
   "geometry": {
    "type": "Point",
    "coordinates": [
     100.05982222,
     14.40471667
    ]
   },
   "properties": {
    "waypoint_identifier": "WILLA",
    "holding_name": "WILLA",
    "icao_code": "VT",
    "region_code": "VTBS",
    "duplicate_identifier": 40,
    "inbound_holding_course_deg": 105.0,
    "turn_direction": "R",
    "leg_length_nm": null,
    "leg_time_min": 1.0,
    "minimum_altitude_ft": 14000,
    "maximum_altitude_ft": null,
    "holding_speed_kt": null
   }
  },
  {
   "type": "Feature",
   "geometry": {
    "type": "Point",
    "coordinates": [
     102.47375,
     15.03497778
    ]
   },
   "properties": {
    "waypoint_identifier": "YALIS",
    "holding_name": "YALIS",
    "icao_code": "VT",
    "region_code": "VTUQ",
    "duplicate_identifier": 50,
    "inbound_holding_course_deg": 242.0,
    "turn_direction": "L",
    "leg_length_nm": null,
    "leg_time_min": 1.0,
    "minimum_altitude_ft": 3000,
    "maximum_altitude_ft": null,
    "holding_speed_kt": 230
   }
  },
  {
   "type": "Feature",
   "geometry": {
    "type": "Point",
    "coordinates": [
     99.08820278,
     18.36388611
    ]
   },
   "properties": {
    "waypoint_identifier": "ZAMBA",
    "holding_name": "ZAMBA",
    "icao_code": "VT",
    "region_code": "VTCC",
    "duplicate_identifier": 50,
    "inbound_holding_course_deg": 344.0,
    "turn_direction": "R",
    "leg_length_nm": null,
    "leg_time_min": 1.0,
    "minimum_altitude_ft": 7000,
    "maximum_altitude_ft": null,
    "holding_speed_kt": 230
   }
  }
 ]
}