{"type": "FeatureCollection", "name": "ils_leg", "crs": {"type": "name", "properties": {"name": "urn:ogc:def:crs:OGC:1.3:CRS84"}}, "features": [{"type": "Feature", "properties": {"fid": 5130, "area_code": "PAC", "airport_identifier": "VTUD", "procedure_identifier": "I30-Y", "transition_identifier": "ATMOB"}, "geometry": {"type": "MultiLineString", "coordinates": [[[102.56363056, 17.18528333], [103.01122222, 17.27703333], [102.98016667, 17.29229444]]]}}, {"type": "Feature", "properties": {"fid": 5135, "area_code": "PAC", "airport_identifier": "VTUD", "procedure_identifier": "I30-Y", "transition_identifier": "BIGDI"}, "geometry": {"type": "MultiLineString", "coordinates": [[[102.67490278, 17.65226667], [103.01122222, 17.27703333], [102.98016667, 17.29229444]]]}}, {"type": "Feature", "properties": {"fid": 5140, "area_code": "PAC", "airport_identifier": "VTUD", "procedure_identifier": "I30-Y", "transition_identifier": "DUBMO"}, "geometry": {"type": "MultiLineString", "coordinates": [[[102.95433333, 17.158125], [103.01122222, 17.27703333], [102.98016667, 17.29229444]]]}}, {"type": "Feature", "properties": {"fid": 5145, "area_code": "PAC", "airport_identifier": "VTUD", "procedure_identifier": "I30-Y", "transition_identifier": "IDRON"}, "geometry": {"type": "MultiLineString", "coordinates": [[[103.16975556, 17.3361], [103.13519444, 17.34036944], [102.98016667, 17.29229444]]]}}, {"type": "Feature", "properties": {"fid": 5150, "area_code": "PAC", "airport_identifier": "VTUD", "procedure_identifier": "I30-Y", "transition_identifier": "MULVA"}, "geometry": {"type": "MultiLineString", "coordinates": [[[102.77900556, 17.10004444], [103.01122222, 17.27703333], [102.98016667, 17.29229444]]]}}, {"type": "Feature", "properties": {"fid": 5155, "area_code": "PAC", "airport_identifier": "VTUD", "procedure_identifier": "I30-Y", "transition_identifier": "POKIR"}, "geometry": {"type": "MultiLineString", "coordinates": [[[102.47932778, 17.40264722], [103.01122222, 17.27703333], [102.98016667, 17.29229444]]]}}, {"type": "Feature", "properties": {"fid": 5159, "area_code": "PAC", "airport_identifier": "VTUD", "procedure_identifier": "I30-Y", "transition_identifier": "UDN1"}, "geometry": {"type": "MultiLineString", "coordinates": [[[102.77491667, 17.38475], [102.98016667, 17.29229444]]]}}, {"type": "Feature", "properties": {"fid": 5163, "area_code": "PAC", "airport_identifier": "VTUD", "procedure_identifier": "I30-Y", "transition_identifier": "UDN2"}, "geometry": {"type": "MultiLineString", "coordinates": [[[102.77491667, 17.38475], [102.98016667, 17.29229444]]]}}, {"type": "Feature", "properties": {"fid": 5167, "area_code": "PAC", "airport_identifier": "VTUD", "procedure_identifier": "I30-Y", "transition_identifier": null}, "geometry": {"type": "MultiLineString", "coordinates": [[[102.98016667, 17.29229444], [102.89260556, 17.33528056], [102.80103611, 17.38017222]]]}}, {"type": "Feature", "properties": {"fid": 5171, "area_code": "PAC", "airport_identifier": "VTUD", "procedure_identifier": "I30-Y", "transition_identifier": null}, "geometry": {"type": "MultiLineString", "coordinates": [[[102.98016667, 17.29229444], [102.98016667, 17.29229444]]]}}, {"type": "Feature", "properties": {"fid": 5175, "area_code": "PAC", "airport_identifier": "VTUW", "procedure_identifier": "D15", "transition_identifier": "OPAAR"}, "geometry": {"type": "MultiLineString", "coordinates": [[[104.44163056, 17.32018611], [104.53875278, 17.52568333]]]}}, {"type": "Feature", "properties": {"fid": 5179, "area_code": "PAC", "airport_identifier": "VTUW", "procedure_identifier": "D15", "transition_identifier": null}, "geometry": {"type": "MultiLineString", "coordinates": [[[104.53875278, 17.52568333], [104.59273889, 17.45078333], [104.63623333, 17.39304167]]]}}, {"type": "Feature", "properties": {"fid": 5184, "area_code": "PAC", "airport_identifier": "VTUW", "procedure_identifier": "D15", "transition_identifier": null}, "geometry": {"type": "MultiLineString", "coordinates": [[[104.44163056, 17.32018611], [104.44163056, 17.32018611]]]}}, {"type": "Feature", "properties": {"fid": 5188, "area_code": "PAC", "airport_identifier": "VTCL", "procedure_identifier": "R18", "transition_identifier": "UBCOX"}, "geometry": {"type": "MultiLineString", "coordinates": [[[99.37793333, 18.54895278], [99.44086389, 18.49045556], [99.48956111, 18.44509722]]]}}, {"type": "Feature", "properties": {"fid": 5191, "area_code": "PAC", "airport_identifier": "VTCL", "procedure_identifier": "R18", "transition_identifier": "UNTIM"}, "geometry": {"type": "MultiLineString", "coordinates": [[[99.62936944, 18.45581944], [99.48956111, 18.44509722]]]}}, {"type": "Feature", "properties": {"fid": 5196, "area_code": "PAC", "airport_identifier": "VTCL", "procedure_identifier": "R18", "transition_identifier": null}, "geometry": {"type": "MultiLineString", "coordinates": [[[99.48956111, 18.44509722], [99.49375833, 18.39506111], [99.49795556, 18.345025], [99.50356111, 18.27829167]]]}}, {"type": "Feature", "properties": {"fid": 5202, "area_code": "PAC", "airport_identifier": "VTCL", "procedure_identifier": "R18", "transition_identifier": null}, "geometry": {"type": "MultiLineString", "coordinates": [[[99.51597222, 18.12978333], [99.60319444, 18.13643056], [99.61411944, 18.26988333], [99.62936944, 18.45581944], [99.62936944, 18.45581944]]]}}, {"type": "Feature", "properties": {"fid": 5205, "area_code": "PAC", "airport_identifier": "VTSR", "procedure_identifier": "D02", "transition_identifier": "ADLIX"}, "geometry": {"type": "MultiLineString", "coordinates": [[[98.52268333, 9.41308889], [98.50016944, 9.57747222]]]}}, {"type": "Feature", "properties": {"fid": 5209, "area_code": "PAC", "airport_identifier": "VTSR", "procedure_identifier": "D02", "transition_identifier": "RAN1"}, "geometry": {"type": "MultiLineString", "coordinates": [[[98.58372222, 9.77797222], [98.50016944, 9.57747222]]]}}, {"type": "Feature", "properties": {"fid": 5213, "area_code": "PAC", "airport_identifier": "VTSR", "procedure_identifier": "D02", "transition_identifier": "RAN2"}, "geometry": {"type": "MultiLineString", "coordinates": [[[98.58372222, 9.77797222], [98.50016944, 9.57747222]]]}}, {"type": "Feature", "properties": {"fid": 5218, "area_code": "PAC", "airport_identifier": "VTSR", "procedure_identifier": "D02", "transition_identifier": "SUDEX"}, "geometry": {"type": "MultiLineString", "coordinates": [[[98.31433611, 9.68119722], [98.48726389, 9.54648056], [98.50016944, 9.57747222]]]}}, {"type": "Feature", "properties": {"fid": 5225, "area_code": "PAC", "airport_identifier": "VTSR", "procedure_identifier": "D02", "transition_identifier": "UPMIK"}, "geometry": {"type": "MultiLineString", "coordinates": [[[98.76887222, 9.56106667], [98.64940833, 9.53605], [98.58391944, 9.5275], [98.48726389, 9.54648056], [98.50016944, 9.57747222]]]}}, {"type": "Feature", "properties": {"fid": 5229, "area_code": "PAC", "airport_identifier": "VTSR", "procedure_identifier": "D02", "transition_identifier": null}, "geometry": {"type": "MultiLineString", "coordinates": [[[98.50016944, 9.57747222], [98.53494444, 9.66105556], [98.57038333, 9.74616111]]]}}, {"type": "Feature", "properties": {"fid": 5235, "area_code": "PAC", "airport_identifier": "VTSR", "procedure_identifier": "D02", "transition_identifier": null}, "geometry": {"type": "MultiLineString", "coordinates": [[[98.58372222, 9.77797222], [98.59566944, 9.86156667], [98.31433611, 9.68119722], [98.31433611, 9.68119722]]]}}, {"type": "Feature", "properties": {"fid": 5239, "area_code": "PAC", "airport_identifier": "VTSS", "procedure_identifier": "I26-Z", "transition_identifier": "KASLA"}, "geometry": {"type": "MultiLineString", "coordinates": [[[100.57760833, 7.07377222], [100.58771111, 6.95696389], [100.53449722, 6.95029722]]]}}, {"type": "Feature", "properties": {"fid": 5243, "area_code": "PAC", "airport_identifier": "VTSS", "procedure_identifier": "I26-Z", "transition_identifier": "PIMUV"}, "geometry": {"type": "MultiLineString", "coordinates": [[[100.69195833, 6.87598889], [100.58771111, 6.95696389], [100.53449722, 6.95029722]]]}}, {"type": "Feature", "properties": {"fid": 5247, "area_code": "PAC", "airport_identifier": "VTSS", "procedure_identifier": "I26-Z", "transition_identifier": null}, "geometry": {"type": "MultiLineString", "coordinates": [[[100.53449722, 6.95029722], [100.48108611, 6.9436], [100.40792222, 6.93441389]]]}}, {"type": "Feature", "properties": {"fid": 5253, "area_code": "PAC", "airport_identifier": "VTSS", "procedure_identifier": "I26-Z", "transition_identifier": null}, "geometry": {"type": "MultiLineString", "coordinates": [[[100.35576667, 6.80970833], [100.60229167, 6.84063889], [100.58771111, 6.95696389], [100.58771111, 6.95696389]]]}}, {"type": "Feature", "properties": {"fid": 5256, "area_code": "PAC", "airport_identifier": "VTSG", "procedure_identifier": "R32", "transition_identifier": "BELMI"}, "geometry": {"type": "MultiLineString", "coordinates": [[[99.24450556, 8.04933889], [99.11465, 7.9431]]]}}, {"type": "Feature", "properties": {"fid": 5260, "area_code": "PAC", "airport_identifier": "VTSG", "procedure_identifier": "R32", "transition_identifier": "ROSIC"}, "geometry": {"type": "MultiLineString", "coordinates": [[[98.945925, 7.80494722], [99.02378333, 7.86871944], [99.11465, 7.9431]]]}}, {"type": "Feature", "properties": {"fid": 5264, "area_code": "PAC", "airport_identifier": "VTSG", "procedure_identifier": "R32", "transition_identifier": null}, "geometry": {"type": "MultiLineString", "coordinates": [[[99.11465, 7.9431], [99.06136667, 8.007825], [99.01233333, 8.06736389]]]}}, {"type": "Feature", "properties": {"fid": 5267, "area_code": "PAC", "airport_identifier": "VTSG", "procedure_identifier": "R32", "transition_identifier": null}, "geometry": {"type": "MultiLineString", "coordinates": [[[98.945925, 7.80494722], [98.945925, 7.80494722]]]}}, {"type": "Feature", "properties": {"fid": 5272, "area_code": "PAC", "airport_identifier": "VTCL", "procedure_identifier": "L36-Y", "transition_identifier": "BIXEB"}, "geometry": {"type": "MultiLineString", "coordinates": [[[99.74160833, 18.22555278], [99.55056667, 18.11578611]]]}}, {"type": "Feature", "properties": {"fid": 5278, "area_code": "PAC", "airport_identifier": "VTCL", "procedure_identifier": "L36-Y", "transition_identifier": "IGNAX"}, "geometry": {"type": "MultiLineString", "coordinates": [[[99.56095833, 17.86208611], [99.49043056, 17.96898889], [99.45238056, 18.02659444], [99.48393611, 18.06697778], [99.51752778, 18.10993889]]]}}, {"type": "Feature", "properties": {"fid": 5283, "area_code": "PAC", "airport_identifier": "VTCL", "procedure_identifier": "L36-Y", "transition_identifier": "VENAG"}, "geometry": {"type": "MultiLineString", "coordinates": [[[99.69938333, 17.90316389], [99.64553611, 18.00539444], [99.57903333, 18.05972778], [99.51752778, 18.10993889]]]}}, {"type": "Feature", "properties": {"fid": 5288, "area_code": "PAC", "airport_identifier": "VTCL", "procedure_identifier": "L36-Y", "transition_identifier": null}, "geometry": {"type": "MultiLineString", "coordinates": [[[99.51752778, 18.10993889], [99.51019722, 18.19831111], [99.50770556, 18.22858889], [99.50481944, 18.26323611]]]}}, {"type": "Feature", "properties": {"fid": 5293, "area_code": "PAC", "airport_identifier": "VTCL", "procedure_identifier": "L36-Y", "transition_identifier": null}, "geometry": {"type": "MultiLineString", "coordinates": [[[99.50233333, 18.27661111], [99.64553611, 18.00539444], [99.64553611, 18.00539444]]]}}, {"type": "Feature", "properties": {"fid": 5299, "area_code": "PAC", "airport_identifier": "VTPB", "procedure_identifier": "I36", "transition_identifier": "NISIP"}, "geometry": {"type": "MultiLineString", "coordinates": [[[100.9378, 16.70341111], [101.08065556, 16.48944722], [101.16136667, 16.46111389]]]}}, {"type": "Feature", "properties": {"fid": 5303, "area_code": "PAC", "airport_identifier": "VTPB", "procedure_identifier": "I36", "transition_identifier": "PCB1"}, "geometry": {"type": "MultiLineString", "coordinates": [[[101.19661111, 16.676], [101.19491667, 16.45846389]]]}}, {"type": "Feature", "properties": {"fid": 5307, "area_code": "PAC", "airport_identifier": "VTPB", "procedure_identifier": "I36", "transition_identifier": "PCB2"}, "geometry": {"type": "MultiLineString", "coordinates": [[[101.19661111, 16.676], [101.19491667, 16.45846389]]]}}, {"type": "Feature", "properties": {"fid": 5313, "area_code": "PAC", "airport_identifier": "VTPB", "procedure_identifier": "I36", "transition_identifier": "SABOR"}, "geometry": {"type": "MultiLineString", "coordinates": [[[101.45679444, 16.6633], [101.30232222, 16.483775], [101.23190833, 16.46111389]]]}}, {"type": "Feature", "properties": {"fid": 5318, "area_code": "PAC", "airport_identifier": "VTPB", "procedure_identifier": "I36", "transition_identifier": "TUVBO"}, "geometry": {"type": "MultiLineString", "coordinates": [[[101.05906111, 16.31348611], [101.070975, 16.34491944], [101.19491667, 16.45846389]]]}}, {"type": "Feature", "properties": {"fid": 5322, "area_code": "PAC", "airport_identifier": "VTPB", "procedure_identifier": "I36", "transition_identifier": null}, "geometry": {"type": "MultiLineString", "coordinates": [[[101.19491667, 16.45846389], [101.19501944, 16.57616389], [101.1951, 16.66653333]]]}}, {"type": "Feature", "properties": {"fid": 5328, "area_code": "PAC", "airport_identifier": "VTPB", "procedure_identifier": "I36", "transition_identifier": null}, "geometry": {"type": "MultiLineString", "coordinates": [[[101.26851389, 16.91728889], [101.45679444, 16.6633], [101.45679444, 16.6633]]]}}, {"type": "Feature", "properties": {"fid": 5332, "area_code": "PAC", "airport_identifier": "VTUV", "procedure_identifier": "I36-Z", "transition_identifier": "ANKID"}, "geometry": {"type": "MultiLineString", "coordinates": [[[103.51594444, 15.68018611], [103.681875, 15.84821667], [103.76559167, 15.93283889]]]}}, {"type": "Feature", "properties": {"fid": 5336, "area_code": "PAC", "airport_identifier": "VTUV", "procedure_identifier": "I36-Z", "transition_identifier": "BODUR"}, "geometry": {"type": "MultiLineString", "coordinates": [[[103.35755833, 15.81469444], [103.681875, 15.84821667], [103.76559167, 15.93283889]]]}}, {"type": "Feature", "properties": {"fid": 5343, "area_code": "PAC", "airport_identifier": "VTUV", "procedure_identifier": "I36-Z", "transition_identifier": "DOTUS"}, "geometry": {"type": "MultiLineString", "coordinates": [[[103.45876667, 16.51750278], [103.53492778, 16.20263889], [103.52842222, 16.05279167], [103.52334444, 15.93574167], [103.681875, 15.84821667], [103.76559167, 15.93283889]]]}}, {"type": "Feature", "properties": {"fid": 5347, "area_code": "PAC", "airport_identifier": "VTUV", "procedure_identifier": "I36-Z", "transition_identifier": "ENTEK"}, "geometry": {"type": "MultiLineString", "coordinates": [[[104.17341944, 15.79851944], [103.85301389, 15.8518], [103.76559167, 15.93283889]]]}}, {"type": "Feature", "properties": {"fid": 5354, "area_code": "PAC", "airport_identifier": "VTUV", "procedure_identifier": "I36-Z", "transition_identifier": "RURAR"}, "geometry": {"type": "MultiLineString", "coordinates": [[[104.24323611, 16.32862222], [104.02156944, 16.22916944], [104.01321667, 16.04707778], [104.00785833, 15.93003889], [103.85301389, 15.8518], [103.76559167, 15.93283889]]]}}, {"type": "Feature", "properties": {"fid": 5361, "area_code": "PAC", "airport_identifier": "VTUV", "procedure_identifier": "I36-Z", "transition_identifier": "SEDNO"}, "geometry": {"type": "MultiLineString", "coordinates": [[[103.28532778, 16.29258611], [103.53492778, 16.20263889], [103.52842222, 16.05279167], [103.52334444, 15.93574167], [103.681875, 15.84821667], [103.76559167, 15.93283889]]]}}, {"type": "Feature", "properties": {"fid": 5365, "area_code": "PAC", "airport_identifier": "VTUV", "procedure_identifier": "I36-Z", "transition_identifier": null}, "geometry": {"type": "MultiLineString", "coordinates": [[[103.76559167, 15.93283889], [103.77031389, 16.03870833], [103.773375, 16.10726111]]]}}, {"type": "Feature", "properties": {"fid": 5369, "area_code": "PAC", "airport_identifier": "VTUV", "procedure_identifier": "I36-Z", "transition_identifier": null}, "geometry": {"type": "MultiLineString", "coordinates": [[[103.76559167, 15.93283889], [103.76559167, 15.93283889]]]}}, {"type": "Feature", "properties": {"fid": 5373, "area_code": "PAC", "airport_identifier": "VTSS", "procedure_identifier": "R08", "transition_identifier": "ALDUG"}, "geometry": {"type": "MultiLineString", "coordinates": [[[100.13808333, 7.12288889], [100.13808333, 6.916425], [100.19886389, 6.83638611]]]}}, {"type": "Feature", "properties": {"fid": 5377, "area_code": "PAC", "airport_identifier": "VTSS", "procedure_identifier": "R08", "transition_identifier": "DUDIB"}, "geometry": {"type": "MultiLineString", "coordinates": [[[100.39090278, 6.75631944], [100.25962222, 6.75633611], [100.19886389, 6.83638611]]]}}, {"type": "Feature", "properties": {"fid": 5383, "area_code": "PAC", "airport_identifier": "VTSS", "procedure_identifier": "R08", "transition_identifier": null}, "geometry": {"type": "MultiLineString", "coordinates": [[[100.19886389, 6.83638611], [100.25093056, 6.87585278], [100.27763333, 6.89608889], [100.31235833, 6.9224], [100.38053056, 6.93097222]]]}}, {"type": "Feature", "properties": {"fid": 5387, "area_code": "PAC", "airport_identifier": "VTSS", "procedure_identifier": "R08", "transition_identifier": null}, "geometry": {"type": "MultiLineString", "coordinates": [[[100.39090278, 6.75631944], [100.39090278, 6.75631944]]]}}, {"type": "Feature", "properties": {"fid": 5393, "area_code": "PAC", "airport_identifier": "VTUV", "procedure_identifier": "I36-Y", "transition_identifier": "ATKER"}, "geometry": {"type": "MultiLineString", "coordinates": [[[104.00752778, 16.22285833], [103.96459722, 16.00423333], [103.7641, 15.89936667], [103.76559167, 15.93283889]]]}}, {"type": "Feature", "properties": {"fid": 5398, "area_code": "PAC", "airport_identifier": "VTUV", "procedure_identifier": "I36-Y", "transition_identifier": "BIMON"}, "geometry": {"type": "MultiLineString", "coordinates": [[[103.64386944, 15.89855], [103.7641, 15.89936667], [103.76559167, 15.93283889]]]}}, {"type": "Feature", "properties": {"fid": 5404, "area_code": "PAC", "airport_identifier": "VTUV", "procedure_identifier": "I36-Y", "transition_identifier": "MOSNU"}, "geometry": {"type": "MultiLineString", "coordinates": [[[103.56465833, 15.96586389], [103.64264167, 15.938875], [103.7641, 15.89936667], [103.76559167, 15.93283889]]]}}, {"type": "Feature", "properties": {"fid": 5410, "area_code": "PAC", "airport_identifier": "VTUV", "procedure_identifier": "I36-Y", "transition_identifier": "NOPIG"}, "geometry": {"type": "MultiLineString", "coordinates": [[[103.52880833, 16.20484722], [103.64264167, 15.938875], [103.7641, 15.89936667], [103.76559167, 15.93283889]]]}}, {"type": "Feature", "properties": {"fid": 5414, "area_code": "PAC", "airport_identifier": "VTUV", "procedure_identifier": "I36-Y", "transition_identifier": "ROT1"}, "geometry": {"type": "MultiLineString", "coordinates": [[[103.77208333, 16.11680556], [103.76559167, 15.93283889]]]}}, {"type": "Feature", "properties": {"fid": 5418, "area_code": "PAC", "airport_identifier": "VTUV", "procedure_identifier": "I36-Y", "transition_identifier": "ROT2"}, "geometry": {"type": "MultiLineString", "coordinates": [[[103.77208333, 16.11680556], [103.76559167, 15.93283889]]]}}, {"type": "Feature", "properties": {"fid": 5423, "area_code": "PAC", "airport_identifier": "VTUV", "procedure_identifier": "I36-Y", "transition_identifier": "TEDOT"}, "geometry": {"type": "MultiLineString", "coordinates": [[[103.97290278, 15.95776944], [103.7641, 15.89936667], [103.76559167, 15.93283889]]]}}, {"type": "Feature", "properties": {"fid": 5427, "area_code": "PAC", "airport_identifier": "VTUV", "procedure_identifier": "I36-Y", "transition_identifier": null}, "geometry": {"type": "MultiLineString", "coordinates": [[[103.76559167, 15.93283889], [103.77031389, 16.03870833], [103.773375, 16.10726111]]]}}, {"type": "Feature", "properties": {"fid": 5432, "area_code": "PAC", "airport_identifier": "VTUV", "procedure_identifier": "I36-Y", "transition_identifier": null}, "geometry": {"type": "MultiLineString", "coordinates": [[[103.76559167, 15.93283889], [103.76559167, 15.93283889]]]}}, {"type": "Feature", "properties": {"fid": 5435, "area_code": "PAC", "airport_identifier": "VTUD", "procedure_identifier": "R30", "transition_identifier": "ALDES"}, "geometry": {"type": "MultiLineString", "coordinates": [[[103.03570833, 17.39658333], [102.98016667, 17.29229444]]]}}, {"type": "Feature", "properties": {"fid": 5438, "area_code": "PAC", "airport_identifier": "VTUD", "procedure_identifier": "R30", "transition_identifier": "LATUR"}, "geometry": {"type": "MultiLineString", "coordinates": [[[103.0577, 17.25419167], [102.98016667, 17.29229444]]]}}, {"type": "Feature", "properties": {"fid": 5441, "area_code": "PAC", "airport_identifier": "VTUD", "procedure_identifier": "R30", "transition_identifier": "OTLOR"}, "geometry": {"type": "MultiLineString", "coordinates": [[[102.92469167, 17.18798889], [102.98016667, 17.29229444]]]}}, {"type": "Feature", "properties": {"fid": 5445, "area_code": "PAC", "airport_identifier": "VTUD", "procedure_identifier": "R30", "transition_identifier": null}, "geometry": {"type": "MultiLineString", "coordinates": [[[102.98016667, 17.29229444], [102.89260556, 17.33528056], [102.80103611, 17.38017222]]]}}, {"type": "Feature", "properties": {"fid": 5451, "area_code": "PAC", "airport_identifier": "VTUD", "procedure_identifier": "R30", "transition_identifier": null}, "geometry": {"type": "MultiLineString", "coordinates": [[[102.86830833, 17.478725], [103.03570833, 17.39658333], [102.98016667, 17.29229444], [102.98016667, 17.29229444]]]}}, {"type": "Feature", "properties": {"fid": 5454, "area_code": "PAC", "airport_identifier": "VTBS", "procedure_identifier": "R02L", "transition_identifier": "BATEM"}, "geometry": {"type": "MultiLineString", "coordinates": [[[100.66255, 13.41115], [100.68207222, 13.48553611]]]}}, {"type": "Feature", "properties": {"fid": 5458, "area_code": "PAC", "airport_identifier": "VTBS", "procedure_identifier": "R02L", "transition_identifier": null}, "geometry": {"type": "MultiLineString", "coordinates": [[[100.68207222, 13.48553611], [100.70851944, 13.58621389], [100.72924444, 13.665175]]]}}, {"type": "Feature", "properties": {"fid": 5467, "area_code": "PAC", "airport_identifier": "VTBS", "procedure_identifier": "R02L", "transition_identifier": null}, "geometry": {"type": "MultiLineString", "coordinates": [[[100.73844722, 13.70018889], [100.73359722, 13.86898333], [100.75734167, 13.95919444], [100.951625, 13.95771389], [101.01552222, 13.85126667], [100.976825, 13.70588056], [100.90537222, 13.43694444], [100.90537222, 13.43694444]]]}}, {"type": "Feature", "properties": {"fid": 5470, "area_code": "PAC", "airport_identifier": "VTCN", "procedure_identifier": "R02", "transition_identifier": "DUGEL"}, "geometry": {"type": "MultiLineString", "coordinates": [[[100.68276111, 18.48147778], [100.69333611, 18.58048611]]]}}, {"type": "Feature", "properties": {"fid": 5474, "area_code": "PAC", "airport_identifier": "VTCN", "procedure_identifier": "R02", "transition_identifier": "INVAR"}, "geometry": {"type": "MultiLineString", "coordinates": [[[100.65871111, 18.96723611], [100.52898889, 18.63951389], [100.69333611, 18.58048611]]]}}, {"type": "Feature", "properties": {"fid": 5478, "area_code": "PAC", "airport_identifier": "VTCN", "procedure_identifier": "R02", "transition_identifier": "MIBOB"}, "geometry": {"type": "MultiLineString", "coordinates": [[[100.43424167, 18.80225556], [100.52898889, 18.63951389], [100.69333611, 18.58048611]]]}}, {"type": "Feature", "properties": {"fid": 5481, "area_code": "PAC", "airport_identifier": "VTCN", "procedure_identifier": "R02", "transition_identifier": "OGENO"}, "geometry": {"type": "MultiLineString", "coordinates": [[[100.55210833, 18.55756111], [100.69333611, 18.58048611]]]}}, {"type": "Feature", "properties": {"fid": 5486, "area_code": "PAC", "airport_identifier": "VTCN", "procedure_identifier": "R02", "transition_identifier": null}, "geometry": {"type": "MultiLineString", "coordinates": [[[100.69333611, 18.58048611], [100.72431111, 18.65876111], [100.76208056, 18.75412222], [100.78033611, 18.80014444]]]}}, {"type": "Feature", "properties": {"fid": 5490, "area_code": "PAC", "airport_identifier": "VTCN", "procedure_identifier": "R02", "transition_identifier": null}, "geometry": {"type": "MultiLineString", "coordinates": [[[100.69333611, 18.58048611], [100.69333611, 18.58048611]]]}}, {"type": "Feature", "properties": {"fid": 5494, "area_code": "PAC", "airport_identifier": "VTUO", "procedure_identifier": "D22", "transition_identifier": "BRM1"}, "geometry": {"type": "MultiLineString", "coordinates": [[[103.25877778, 15.23955556], [103.37358333, 15.386125]]]}}, {"type": "Feature", "properties": {"fid": 5498, "area_code": "PAC", "airport_identifier": "VTUO", "procedure_identifier": "D22", "transition_identifier": "BRM2"}, "geometry": {"type": "MultiLineString", "coordinates": [[[103.25877778, 15.23955556], [103.37358333, 15.386125]]]}}, {"type": "Feature", "properties": {"fid": 5502, "area_code": "PAC", "airport_identifier": "VTUO", "procedure_identifier": "D22", "transition_identifier": "UBMEM"}, "geometry": {"type": "MultiLineString", "coordinates": [[[103.43538611, 15.54239444], [103.37358333, 15.386125]]]}}, {"type": "Feature", "properties": {"fid": 5507, "area_code": "PAC", "airport_identifier": "VTUO", "procedure_identifier": "D22", "transition_identifier": "VASPA"}, "geometry": {"type": "MultiLineString", "coordinates": [[[103.52345833, 15.11756389], [103.394475, 15.41276667], [103.37358333, 15.386125]]]}}, {"type": "Feature", "properties": {"fid": 5511, "area_code": "PAC", "airport_identifier": "VTUO", "procedure_identifier": "D22", "transition_identifier": null}, "geometry": {"type": "MultiLineString", "coordinates": [[[103.37358333, 15.386125], [103.30050556, 15.29286667], [103.25886667, 15.23729722]]]}}, {"type": "Feature", "properties": {"fid": 5515, "area_code": "PAC", "airport_identifier": "VTUO", "procedure_identifier": "D22", "transition_identifier": null}, "geometry": {"type": "MultiLineString", "coordinates": [[[103.37358333, 15.386125], [103.37358333, 15.386125]]]}}, {"type": "Feature", "properties": {"fid": 5520, "area_code": "PAC", "airport_identifier": "VTUW", "procedure_identifier": "I15", "transition_identifier": "OPAAR"}, "geometry": {"type": "MultiLineString", "coordinates": [[[104.44163056, 17.32018611], [104.51288611, 17.5045]]]}}, {"type": "Feature", "properties": {"fid": 5524, "area_code": "PAC", "airport_identifier": "VTUW", "procedure_identifier": "I15", "transition_identifier": null}, "geometry": {"type": "MultiLineString", "coordinates": [[[104.53875278, 17.52568333], [104.59304167, 17.45185], [104.63623333, 17.39304167]]]}}, {"type": "Feature", "properties": {"fid": 5529, "area_code": "PAC", "airport_identifier": "VTUW", "procedure_identifier": "I15", "transition_identifier": null}, "geometry": {"type": "MultiLineString", "coordinates": [[[104.44163056, 17.32018611], [104.44163056, 17.32018611]]]}}, {"type": "Feature", "properties": {"fid": 5532, "area_code": "PAC", "airport_identifier": "VTSS", "procedure_identifier": "S08-A", "transition_identifier": "OLDEV"}, "geometry": {"type": "MultiLineString", "coordinates": [[[100.39974444, 7.20177778], [100.39604444, 7.11812778]]]}}, {"type": "Feature", "properties": {"fid": 5536, "area_code": "PAC", "airport_identifier": "VTSS", "procedure_identifier": "S08-A", "transition_identifier": null}, "geometry": {"type": "MultiLineString", "coordinates": [[[100.39604444, 7.11812778], [100.39130833, 7.01105556], [100.38794444, 6.93411111]]]}}, {"type": "Feature", "properties": {"fid": 5541, "area_code": "PAC", "airport_identifier": "VTSS", "procedure_identifier": "S08-A", "transition_identifier": null}, "geometry": {"type": "MultiLineString", "coordinates": [[[100.39604444, 7.11812778], [100.39604444, 7.11812778]]]}}, {"type": "Feature", "properties": {"fid": 5545, "area_code": "PAC", "airport_identifier": "VTPH", "procedure_identifier": "R16", "transition_identifier": "NUSON"}, "geometry": {"type": "MultiLineString", "coordinates": [[[100.25314444, 12.92729444], [100.02465278, 12.92281667], [99.864675, 12.86443611]]]}}, {"type": "Feature", "properties": {"fid": 5550, "area_code": "PAC", "airport_identifier": "VTPH", "procedure_identifier": "R16", "transition_identifier": "PAPAT"}, "geometry": {"type": "MultiLineString", "coordinates": [[[99.99852778, 12.21841389], [100.10783889, 12.70306667], [100.02465278, 12.92281667], [99.864675, 12.86443611]]]}}, {"type": "Feature", "properties": {"fid": 5555, "area_code": "PAC", "airport_identifier": "VTPH", "procedure_identifier": "R16", "transition_identifier": null}, "geometry": {"type": "MultiLineString", "coordinates": [[[99.864675, 12.86443611], [99.89444444, 12.78596944], [99.91289722, 12.73730833], [99.93014444, 12.69180833]]]}}, {"type": "Feature", "properties": {"fid": 5558, "area_code": "PAC", "airport_identifier": "VTPH", "procedure_identifier": "R16", "transition_identifier": null}, "geometry": {"type": "MultiLineString", "coordinates": [[[100.02465278, 12.92281667], [100.02465278, 12.92281667]]]}}, {"type": "Feature", "properties": {"fid": 5563, "area_code": "PAC", "airport_identifier": "VTUU", "procedure_identifier": "D05", "transition_identifier": "BINEK"}, "geometry": {"type": "MultiLineString", "coordinates": [[[104.63520833, 15.35872222], [104.67619444, 15.12939722], [104.70538889, 15.14723889]]]}}, {"type": "Feature", "properties": {"fid": 5566, "area_code": "PAC", "airport_identifier": "VTUU", "procedure_identifier": "D05", "transition_identifier": "KABUB"}, "geometry": {"type": "MultiLineString", "coordinates": [[[104.59167222, 15.17237222], [104.70538889, 15.14723889]]]}}, {"type": "Feature", "properties": {"fid": 5571, "area_code": "PAC", "airport_identifier": "VTUU", "procedure_identifier": "D05", "transition_identifier": "PEGBI"}, "geometry": {"type": "MultiLineString", "coordinates": [[[104.66645556, 15.40508611], [104.67619444, 15.12939722], [104.70538889, 15.14723889]]]}}, {"type": "Feature", "properties": {"fid": 5576, "area_code": "PAC", "airport_identifier": "VTUU", "procedure_identifier": "D05", "transition_identifier": "POVIV"}, "geometry": {"type": "MultiLineString", "coordinates": [[[104.60825278, 15.22405833], [104.67619444, 15.12939722], [104.70538889, 15.14723889]]]}}, {"type": "Feature", "properties": {"fid": 5580, "area_code": "PAC", "airport_identifier": "VTUU", "procedure_identifier": "D05", "transition_identifier": "UBL1"}, "geometry": {"type": "MultiLineString", "coordinates": [[[104.86588889, 15.24516667], [104.70538889, 15.14723889]]]}}, {"type": "Feature", "properties": {"fid": 5584, "area_code": "PAC", "airport_identifier": "VTUU", "procedure_identifier": "D05", "transition_identifier": "UBL2"}, "geometry": {"type": "MultiLineString", "coordinates": [[[104.86588889, 15.24516667], [104.70538889, 15.14723889]]]}}, {"type": "Feature", "properties": {"fid": 5588, "area_code": "PAC", "airport_identifier": "VTUU", "procedure_identifier": "D05", "transition_identifier": null}, "geometry": {"type": "MultiLineString", "coordinates": [[[104.70538889, 15.14723889], [104.78861111, 15.19805], [104.86013611, 15.24167222]]]}}, {"type": "Feature", "properties": {"fid": 5592, "area_code": "PAC", "airport_identifier": "VTUU", "procedure_identifier": "D05", "transition_identifier": null}, "geometry": {"type": "MultiLineString", "coordinates": [[[104.70538889, 15.14723889], [104.70538889, 15.14723889]]]}}, {"type": "Feature", "properties": {"fid": 5596, "area_code": "PAC", "airport_identifier": "VTPO", "procedure_identifier": "R36", "transition_identifier": "IGEMU"}, "geometry": {"type": "MultiLineString", "coordinates": [[[99.96222778, 17.45363889], [99.93594167, 17.03253889], [99.8142, 17.03486389]]]}}, {"type": "Feature", "properties": {"fid": 5599, "area_code": "PAC", "airport_identifier": "VTPO", "procedure_identifier": "R36", "transition_identifier": "KIMET"}, "geometry": {"type": "MultiLineString", "coordinates": [[[99.74147778, 16.82433333], [99.8142, 17.03486389]]]}}, {"type": "Feature", "properties": {"fid": 5603, "area_code": "PAC", "airport_identifier": "VTPO", "procedure_identifier": "R36", "transition_identifier": "VEGTO"}, "geometry": {"type": "MultiLineString", "coordinates": [[[99.61497778, 17.35919167], [99.69245556, 17.03711389], [99.8142, 17.03486389]]]}}, {"type": "Feature", "properties": {"fid": 5607, "area_code": "PAC", "airport_identifier": "VTPO", "procedure_identifier": "R36", "transition_identifier": null}, "geometry": {"type": "MultiLineString", "coordinates": [[[99.8142, 17.03486389], [99.81591944, 17.11945833], [99.81813889, 17.22821111]]]}}, {"type": "Feature", "properties": {"fid": 5611, "area_code": "PAC", "airport_identifier": "VTPO", "procedure_identifier": "R36", "transition_identifier": null}, "geometry": {"type": "MultiLineString", "coordinates": [[[99.61497778, 17.35919167], [99.61497778, 17.35919167]]]}}, {"type": "Feature", "properties": {"fid": 5614, "area_code": "PAC", "airport_identifier": "VTSR", "procedure_identifier": "L02-Y", "transition_identifier": "ADLIX"}, "geometry": {"type": "MultiLineString", "coordinates": [[[98.52268333, 9.41308889], [98.49738056, 9.57863889]]]}}, {"type": "Feature", "properties": {"fid": 5618, "area_code": "PAC", "airport_identifier": "VTSR", "procedure_identifier": "L02-Y", "transition_identifier": "RAN1"}, "geometry": {"type": "MultiLineString", "coordinates": [[[98.58372222, 9.77797222], [98.49738056, 9.57863889]]]}}, {"type": "Feature", "properties": {"fid": 5622, "area_code": "PAC", "airport_identifier": "VTSR", "procedure_identifier": "L02-Y", "transition_identifier": "RAN2"}, "geometry": {"type": "MultiLineString", "coordinates": [[[98.58372222, 9.77797222], [98.49738056, 9.57863889]]]}}, {"type": "Feature", "properties": {"fid": 5627, "area_code": "PAC", "airport_identifier": "VTSR", "procedure_identifier": "L02-Y", "transition_identifier": "SUDEX"}, "geometry": {"type": "MultiLineString", "coordinates": [[[98.31433611, 9.68119722], [98.48377222, 9.54788889], [98.49738056, 9.57863889]]]}}, {"type": "Feature", "properties": {"fid": 5634, "area_code": "PAC", "airport_identifier": "VTSR", "procedure_identifier": "L02-Y", "transition_identifier": "UPMIK"}, "geometry": {"type": "MultiLineString", "coordinates": [[[98.76887222, 9.56106667], [98.64940833, 9.53605], [98.58391944, 9.5275], [98.48377222, 9.54788889], [98.49738056, 9.57863889]]]}}, {"type": "Feature", "properties": {"fid": 5638, "area_code": "PAC", "airport_identifier": "VTSR", "procedure_identifier": "L02-Y", "transition_identifier": null}, "geometry": {"type": "MultiLineString", "coordinates": [[[98.49738056, 9.57863889], [98.534025, 9.66142778], [98.56687778, 9.73560833]]]}}, {"type": "Feature", "properties": {"fid": 5644, "area_code": "PAC", "airport_identifier": "VTSR", "procedure_identifier": "L02-Y", "transition_identifier": null}, "geometry": {"type": "MultiLineString", "coordinates": [[[98.58372222, 9.77797222], [98.59566944, 9.86156667], [98.31433611, 9.68119722], [98.31433611, 9.68119722]]]}}, {"type": "Feature", "properties": {"fid": 5649, "area_code": "PAC", "airport_identifier": "VTCN", "procedure_identifier": "D20", "transition_identifier": "ESMOP"}, "geometry": {"type": "MultiLineString", "coordinates": [[[100.43128333, 18.80219722], [100.73421389, 19.08978056], [100.88944722, 19.07473333]]]}}, {"type": "Feature", "properties": {"fid": 5653, "area_code": "PAC", "airport_identifier": "VTCN", "procedure_identifier": "D20", "transition_identifier": "NAN"}, "geometry": {"type": "MultiLineString", "coordinates": [[[100.78261111, 18.80911111], [100.73421389, 19.08978056], [100.88944722, 19.07473333]]]}}, {"type": "Feature", "properties": {"fid": 5658, "area_code": "PAC", "airport_identifier": "VTCN", "procedure_identifier": "D20", "transition_identifier": "NOLUK"}, "geometry": {"type": "MultiLineString", "coordinates": [[[100.57230556, 19.07731111], [100.73421389, 19.08978056], [100.88944722, 19.07473333]]]}}, {"type": "Feature", "properties": {"fid": 5663, "area_code": "PAC", "airport_identifier": "VTCN", "procedure_identifier": "D20", "transition_identifier": null}, "geometry": {"type": "MultiLineString", "coordinates": [[[100.88944722, 19.07473333], [100.84846944, 18.97297778], [100.81704167, 18.89484722], [100.78675278, 18.81631667]]]}}, {"type": "Feature", "properties": {"fid": 5667, "area_code": "PAC", "airport_identifier": "VTCN", "procedure_identifier": "D20", "transition_identifier": null}, "geometry": {"type": "MultiLineString", "coordinates": [[[100.78261111, 18.80911111], [100.78261111, 18.80911111]]]}}, {"type": "Feature", "properties": {"fid": 5671, "area_code": "PAC", "airport_identifier": "VTBS", "procedure_identifier": "I20LZ", "transition_identifier": "REGIR"}, "geometry": {"type": "MultiLineString", "coordinates": [[[100.82686667, 14.021575], [100.80550278, 13.94051944], [100.78962222, 13.88021389]]]}}, {"type": "Feature", "properties": {"fid": 5675, "area_code": "PAC", "airport_identifier": "VTBS", "procedure_identifier": "I20LZ", "transition_identifier": null}, "geometry": {"type": "MultiLineString", "coordinates": [[[100.78962222, 13.88021389], [100.76407222, 13.78308889], [100.74317778, 13.70366944]]]}}, {"type": "Feature", "properties": {"fid": 5683, "area_code": "PAC", "airport_identifier": "VTBS", "procedure_identifier": "I20LZ", "transition_identifier": null}, "geometry": {"type": "MultiLineString", "coordinates": [[[100.73466389, 13.67127778], [100.61577778, 13.55199167], [100.61543889, 13.501775], [100.90337222, 13.42969444], [100.98096667, 13.72095833], [101.02458889, 13.88437222], [101.02458889, 13.88437222]]]}}, {"type": "Feature", "properties": {"fid": 5688, "area_code": "PAC", "airport_identifier": "VTSY", "procedure_identifier": "R25-A", "transition_identifier": "ERVES"}, "geometry": {"type": "MultiLineString", "coordinates": [[[101.48144444, 6.20218889], [101.36493889, 6.05837778], [101.28255833, 6.01996111], [101.21844167, 5.99005]]]}}, {"type": "Feature", "properties": {"fid": 5692, "area_code": "PAC", "airport_identifier": "VTSY", "procedure_identifier": "R25-A", "transition_identifier": "PETAC"}, "geometry": {"type": "MultiLineString", "coordinates": [[[101.32918889, 6.29439444], [101.26996111, 6.131675], [101.21844167, 5.99005]]]}}, {"type": "Feature", "properties": {"fid": 5697, "area_code": "PAC", "airport_identifier": "VTSY", "procedure_identifier": "R25-A", "transition_identifier": null}, "geometry": {"type": "MultiLineString", "coordinates": [[[101.21844167, 5.99005], [101.20127222, 5.94283889], [101.185825, 5.90035], [101.17895833, 5.88146389]]]}}, {"type": "Feature", "properties": {"fid": 5704, "area_code": "PAC", "airport_identifier": "VTSY", "procedure_identifier": "R25-A", "transition_identifier": null}, "geometry": {"type": "MultiLineString", "coordinates": [[[101.15265, 5.809075], [101.13549167, 5.76186111], [101.08835, 5.77904167], [101.10550278, 5.82625556], [101.26996111, 6.131675], [101.26996111, 6.131675]]]}}, {"type": "Feature", "properties": {"fid": 5709, "area_code": "PAC", "airport_identifier": "VTUU", "procedure_identifier": "D23", "transition_identifier": "BINEK"}, "geometry": {"type": "MultiLineString", "coordinates": [[[104.63520833, 15.35872222], [105.03200556, 15.39131389], [105.01075556, 15.37264167]]]}}, {"type": "Feature", "properties": {"fid": 5714, "area_code": "PAC", "airport_identifier": "VTUU", "procedure_identifier": "D23", "transition_identifier": "GUNEP"}, "geometry": {"type": "MultiLineString", "coordinates": [[[105.11709444, 15.30503889], [105.03200556, 15.39131389], [105.01075556, 15.37264167]]]}}, {"type": "Feature", "properties": {"fid": 5719, "area_code": "PAC", "airport_identifier": "VTUU", "procedure_identifier": "D23", "transition_identifier": "NOGEK"}, "geometry": {"type": "MultiLineString", "coordinates": [[[104.61651667, 15.17898333], [105.03200556, 15.39131389], [105.01075556, 15.37264167]]]}}, {"type": "Feature", "properties": {"fid": 5724, "area_code": "PAC", "airport_identifier": "VTUU", "procedure_identifier": "D23", "transition_identifier": "PEGBI"}, "geometry": {"type": "MultiLineString", "coordinates": [[[104.66645556, 15.40508611], [105.03200556, 15.39131389], [105.01075556, 15.37264167]]]}}, {"type": "Feature", "properties": {"fid": 5729, "area_code": "PAC", "airport_identifier": "VTUU", "procedure_identifier": "D23", "transition_identifier": "POVIV"}, "geometry": {"type": "MultiLineString", "coordinates": [[[104.60825278, 15.22405833], [105.03200556, 15.39131389], [105.01075556, 15.37264167]]]}}, {"type": "Feature", "properties": {"fid": 5733, "area_code": "PAC", "airport_identifier": "VTUU", "procedure_identifier": "D23", "transition_identifier": "UBL1"}, "geometry": {"type": "MultiLineString", "coordinates": [[[104.86588889, 15.24516667], [105.01075556, 15.37264167]]]}}, {"type": "Feature", "properties": {"fid": 5737, "area_code": "PAC", "airport_identifier": "VTUU", "procedure_identifier": "D23", "transition_identifier": "UBL2"}, "geometry": {"type": "MultiLineString", "coordinates": [[[104.86588889, 15.24516667], [105.01075556, 15.37264167]]]}}, {"type": "Feature", "properties": {"fid": 5741, "area_code": "PAC", "airport_identifier": "VTUU", "procedure_identifier": "D23", "transition_identifier": null}, "geometry": {"type": "MultiLineString", "coordinates": [[[105.01075556, 15.37264167], [104.9443, 15.31419722], [104.88171111, 15.25910556]]]}}, {"type": "Feature", "properties": {"fid": 5745, "area_code": "PAC", "airport_identifier": "VTUU", "procedure_identifier": "D23", "transition_identifier": null}, "geometry": {"type": "MultiLineString", "coordinates": [[[105.01075556, 15.37264167], [105.01075556, 15.37264167]]]}}, {"type": "Feature", "properties": {"fid": 5749, "area_code": "PAC", "airport_identifier": "VTPP", "procedure_identifier": "R32", "transition_identifier": "GOKON"}, "geometry": {"type": "MultiLineString", "coordinates": [[[100.80939444, 16.71687778], [100.64454167, 16.66432222], [100.42253333, 16.59329444]]]}}, {"type": "Feature", "properties": {"fid": 5754, "area_code": "PAC", "airport_identifier": "VTPP", "procedure_identifier": "R32", "transition_identifier": "GOSTA"}, "geometry": {"type": "MultiLineString", "coordinates": [[[100.37495278, 17.26591667], [100.35888611, 16.87643333], [100.52078333, 16.66222222], [100.42253333, 16.59329444]]]}}, {"type": "Feature", "properties": {"fid": 5759, "area_code": "PAC", "airport_identifier": "VTPP", "procedure_identifier": "R32", "transition_identifier": "IGPOP"}, "geometry": {"type": "MultiLineString", "coordinates": [[[99.785475, 16.83391111], [100.16237778, 16.73835278], [100.32435556, 16.52432222], [100.42253333, 16.59329444]]]}}, {"type": "Feature", "properties": {"fid": 5764, "area_code": "PAC", "airport_identifier": "VTPP", "procedure_identifier": "R32", "transition_identifier": "NIROP"}, "geometry": {"type": "MultiLineString", "coordinates": [[[100.24564722, 17.27048333], [100.35888611, 16.87643333], [100.52078333, 16.66222222], [100.42253333, 16.59329444]]]}}, {"type": "Feature", "properties": {"fid": 5767, "area_code": "PAC", "airport_identifier": "VTPP", "procedure_identifier": "R32", "transition_identifier": "PEBLI"}, "geometry": {"type": "MultiLineString", "coordinates": [[[100.29339167, 16.26831667], [100.42253333, 16.59329444]]]}}, {"type": "Feature", "properties": {"fid": 5771, "area_code": "PAC", "airport_identifier": "VTPP", "procedure_identifier": "R32", "transition_identifier": "PIBAN"}, "geometry": {"type": "MultiLineString", "coordinates": [[[99.95502778, 16.38710278], [100.32435556, 16.52432222], [100.42253333, 16.59329444]]]}}, {"type": "Feature", "properties": {"fid": 5776, "area_code": "PAC", "airport_identifier": "VTPP", "procedure_identifier": "R32", "transition_identifier": "PIBIK"}, "geometry": {"type": "MultiLineString", "coordinates": [[[100.00771389, 17.19175833], [100.35888611, 16.87643333], [100.52078333, 16.66222222], [100.42253333, 16.59329444]]]}}, {"type": "Feature", "properties": {"fid": 5781, "area_code": "PAC", "airport_identifier": "VTPP", "procedure_identifier": "R32", "transition_identifier": "POLOB"}, "geometry": {"type": "MultiLineString", "coordinates": [[[100.05772222, 17.21928611], [100.35888611, 16.87643333], [100.52078333, 16.66222222], [100.42253333, 16.59329444]]]}}, {"type": "Feature", "properties": {"fid": 5785, "area_code": "PAC", "airport_identifier": "VTPP", "procedure_identifier": "R32", "transition_identifier": "REMER"}, "geometry": {"type": "MultiLineString", "coordinates": [[[100.75870556, 16.99293333], [100.52078333, 16.66222222], [100.42253333, 16.59329444]]]}}, {"type": "Feature", "properties": {"fid": 5789, "area_code": "PAC", "airport_identifier": "VTPP", "procedure_identifier": "R32", "transition_identifier": null}, "geometry": {"type": "MultiLineString", "coordinates": [[[100.42253333, 16.59329444], [100.34855278, 16.69121667], [100.28743056, 16.77198056]]]}}, {"type": "Feature", "properties": {"fid": 5793, "area_code": "PAC", "airport_identifier": "VTPP", "procedure_identifier": "R32", "transition_identifier": null}, "geometry": {"type": "MultiLineString", "coordinates": [[[100.42253333, 16.59329444], [100.42253333, 16.59329444]]]}}, {"type": "Feature", "properties": {"fid": 5797, "area_code": "PAC", "airport_identifier": "VTSC", "procedure_identifier": "D02", "transition_identifier": "ELMIT"}, "geometry": {"type": "MultiLineString", "coordinates": [[[101.63553611, 6.77180278], [101.66054167, 6.30863611]]]}}, {"type": "Feature", "properties": {"fid": 5801, "area_code": "PAC", "airport_identifier": "VTSC", "procedure_identifier": "D02", "transition_identifier": "ERVES"}, "geometry": {"type": "MultiLineString", "coordinates": [[[101.48144444, 6.20218889], [101.51582222, 6.24460556], [101.66054167, 6.30863611]]]}}, {"type": "Feature", "properties": {"fid": 5805, "area_code": "PAC", "airport_identifier": "VTSC", "procedure_identifier": "D02", "transition_identifier": null}, "geometry": {"type": "MultiLineString", "coordinates": [[[101.66054167, 6.30863611], [101.702225, 6.41640278], [101.73753889, 6.50766944]]]}}, {"type": "Feature", "properties": {"fid": 5810, "area_code": "PAC", "airport_identifier": "VTSC", "procedure_identifier": "D02", "transition_identifier": null}, "geometry": {"type": "MultiLineString", "coordinates": [[[101.63553611, 6.77180278], [101.63553611, 6.77180278]]]}}, {"type": "Feature", "properties": {"fid": 5814, "area_code": "PAC", "airport_identifier": "VTSE", "procedure_identifier": "N06", "transition_identifier": "CP1"}, "geometry": {"type": "MultiLineString", "coordinates": [[[99.36611111, 10.71772222], [99.26217222, 10.64026667]]]}}, {"type": "Feature", "properties": {"fid": 5818, "area_code": "PAC", "airport_identifier": "VTSE", "procedure_identifier": "N06", "transition_identifier": "CP2"}, "geometry": {"type": "MultiLineString", "coordinates": [[[99.36611111, 10.71772222], [99.26217222, 10.64026667]]]}}, {"type": "Feature", "properties": {"fid": 5821, "area_code": "PAC", "airport_identifier": "VTSE", "procedure_identifier": "N06", "transition_identifier": null}, "geometry": {"type": "MultiLineString", "coordinates": [[[99.26217222, 10.64026667], [99.35338611, 10.70645]]]}}, {"type": "Feature", "properties": {"fid": 5826, "area_code": "PAC", "airport_identifier": "VTSE", "procedure_identifier": "N06", "transition_identifier": null}, "geometry": {"type": "MultiLineString", "coordinates": [[[99.36611111, 10.71772222], [99.36611111, 10.71772222], [99.36611111, 10.71772222]]]}}, {"type": "Feature", "properties": {"fid": 5831, "area_code": "PAC", "airport_identifier": "VTUI", "procedure_identifier": "R23", "transition_identifier": "MASIO"}, "geometry": {"type": "MultiLineString", "coordinates": [[[103.68525278, 16.96696389], [103.84331389, 17.25165556], [104.15074167, 17.39159444], [104.23693889, 17.30871667]]]}}, {"type": "Feature", "properties": {"fid": 5835, "area_code": "PAC", "airport_identifier": "VTUI", "procedure_identifier": "R23", "transition_identifier": "NAKEE"}, "geometry": {"type": "MultiLineString", "coordinates": [[[103.84331389, 17.25165556], [104.15074167, 17.39159444], [104.23693889, 17.30871667]]]}}, {"type": "Feature", "properties": {"fid": 5838, "area_code": "PAC", "airport_identifier": "VTUI", "procedure_identifier": "R23", "transition_identifier": "VANON"}, "geometry": {"type": "MultiLineString", "coordinates": [[[104.414625, 17.31081389], [104.23693889, 17.30871667]]]}}, {"type": "Feature", "properties": {"fid": 5842, "area_code": "PAC", "airport_identifier": "VTUI", "procedure_identifier": "R23", "transition_identifier": null}, "geometry": {"type": "MultiLineString", "coordinates": [[[104.23693889, 17.30871667], [104.18271111, 17.25668611], [104.13713889, 17.21291944]]]}}, {"type": "Feature", "properties": {"fid": 5845, "area_code": "PAC", "airport_identifier": "VTUI", "procedure_identifier": "R23", "transition_identifier": null}, "geometry": {"type": "MultiLineString", "coordinates": [[[104.23693889, 17.30871667], [104.23693889, 17.30871667]]]}}, {"type": "Feature", "properties": {"fid": 5849, "area_code": "PAC", "airport_identifier": "VTCH", "procedure_identifier": "RNVA", "transition_identifier": "BOKIB"}, "geometry": {"type": "MultiLineString", "coordinates": [[[98.37366667, 19.076], [98.1293, 19.50131111], [98.02345556, 19.49978333]]]}}, {"type": "Feature", "properties": {"fid": 5852, "area_code": "PAC", "airport_identifier": "VTCH", "procedure_identifier": "RNVA", "transition_identifier": "DANPU"}, "geometry": {"type": "MultiLineString", "coordinates": [[[98.1293, 19.50131111], [98.02345556, 19.49978333]]]}}, {"type": "Feature", "properties": {"fid": 5856, "area_code": "PAC", "airport_identifier": "VTCH", "procedure_identifier": "RNVA", "transition_identifier": "DOMKA"}, "geometry": {"type": "MultiLineString", "coordinates": [[[98.43385556, 19.23871667], [98.1293, 19.50131111], [98.02345556, 19.49978333]]]}}, {"type": "Feature", "properties": {"fid": 5861, "area_code": "PAC", "airport_identifier": "VTCH", "procedure_identifier": "RNVA", "transition_identifier": null}, "geometry": {"type": "MultiLineString", "coordinates": [[[98.02345556, 19.49978333], [97.98838056, 19.45797778], [97.93561389, 19.39504167], [97.92309444, 19.35493889]]]}}, {"type": "Feature", "properties": {"fid": 5868, "area_code": "PAC", "airport_identifier": "VTCH", "procedure_identifier": "RNVA", "transition_identifier": null}, "geometry": {"type": "MultiLineString", "coordinates": [[[97.91208333, 19.31964722], [97.92221944, 18.96837778], [97.99368056, 19.10243889], [98.1343, 19.19637778], [98.1293, 19.50131111], [98.1293, 19.50131111]]]}}, {"type": "Feature", "properties": {"fid": 5871, "area_code": "PAC", "airport_identifier": "VTSB", "procedure_identifier": "I22-Z", "transition_identifier": "BAVOR"}, "geometry": {"type": "MultiLineString", "coordinates": [[[99.40402222, 9.29483889], [99.28631111, 9.28669167]]]}}, {"type": "Feature", "properties": {"fid": 5874, "area_code": "PAC", "airport_identifier": "VTSB", "procedure_identifier": "I22-Z", "transition_identifier": "BEVLA"}, "geometry": {"type": "MultiLineString", "coordinates": [[[99.2017, 9.36839722], [99.28631111, 9.28669167]]]}}, {"type": "Feature", "properties": {"fid": 5877, "area_code": "PAC", "airport_identifier": "VTSB", "procedure_identifier": "I22-Z", "transition_identifier": "ELNON"}, "geometry": {"type": "MultiLineString", "coordinates": [[[99.37088333, 9.20496667], [99.28631111, 9.28669167]]]}}, {"type": "Feature", "properties": {"fid": 5881, "area_code": "PAC", "airport_identifier": "VTSB", "procedure_identifier": "I22-Z", "transition_identifier": "GUPES"}, "geometry": {"type": "MultiLineString", "coordinates": [[[99.27316389, 9.403175], [99.28631111, 9.28669167]]]}}, {"type": "Feature", "properties": {"fid": 5885, "area_code": "PAC", "airport_identifier": "VTSB", "procedure_identifier": "I22-Z", "transition_identifier": null}, "geometry": {"type": "MultiLineString", "coordinates": [[[99.28631111, 9.28669167], [99.22382222, 9.22283333], [99.14513889, 9.142375]]]}}, {"type": "Feature", "properties": {"fid": 5891, "area_code": "PAC", "airport_identifier": "VTSB", "procedure_identifier": "I22-Z", "transition_identifier": null}, "geometry": {"type": "MultiLineString", "coordinates": [[[99.169525, 8.99911667], [99.37088333, 9.20496667], [99.28631111, 9.28669167], [99.28631111, 9.28669167]]]}}, {"type": "Feature", "properties": {"fid": 5896, "area_code": "PAC", "airport_identifier": "VTBD", "procedure_identifier": "I03LZ", "transition_identifier": "DOTLI"}, "geometry": {"type": "MultiLineString", "coordinates": [[[100.37213889, 13.64946944], [100.49195833, 13.64877778], [100.58633889, 13.72865278], [100.54409722, 13.80451389]]]}}, {"type": "Feature", "properties": {"fid": 5900, "area_code": "PAC", "airport_identifier": "VTBD", "procedure_identifier": "I03LZ", "transition_identifier": null}, "geometry": {"type": "MultiLineString", "coordinates": [[[100.54409722, 13.80451389], [100.56877778, 13.84856389], [100.59593889, 13.89701111]]]}}, {"type": "Feature", "properties": {"fid": 5907, "area_code": "PAC", "airport_identifier": "VTBD", "procedure_identifier": "I03LZ", "transition_identifier": null}, "geometry": {"type": "MultiLineString", "coordinates": [[[100.61239444, 13.92635278], [100.564475, 14.02675556], [100.45216944, 14.02533889], [100.37350556, 13.88484722], [100.37283611, 13.76938889], [100.37283611, 13.76938889]]]}}, {"type": "Feature", "properties": {"fid": 5911, "area_code": "PAC", "airport_identifier": "VTPP", "procedure_identifier": "I32-Z", "transition_identifier": "GOKON"}, "geometry": {"type": "MultiLineString", "coordinates": [[[100.80939444, 16.71687778], [100.64454167, 16.66432222], [100.42253333, 16.59329444]]]}}, {"type": "Feature", "properties": {"fid": 5916, "area_code": "PAC", "airport_identifier": "VTPP", "procedure_identifier": "I32-Z", "transition_identifier": "GOSTA"}, "geometry": {"type": "MultiLineString", "coordinates": [[[100.37495278, 17.26591667], [100.35888611, 16.87643333], [100.52078333, 16.66222222], [100.42253333, 16.59329444]]]}}, {"type": "Feature", "properties": {"fid": 5921, "area_code": "PAC", "airport_identifier": "VTPP", "procedure_identifier": "I32-Z", "transition_identifier": "IGPOP"}, "geometry": {"type": "MultiLineString", "coordinates": [[[99.785475, 16.83391111], [100.16237778, 16.73835278], [100.32435556, 16.52432222], [100.42253333, 16.59329444]]]}}, {"type": "Feature", "properties": {"fid": 5926, "area_code": "PAC", "airport_identifier": "VTPP", "procedure_identifier": "I32-Z", "transition_identifier": "NIROP"}, "geometry": {"type": "MultiLineString", "coordinates": [[[100.24564722, 17.27048333], [100.35888611, 16.87643333], [100.52078333, 16.66222222], [100.42253333, 16.59329444]]]}}, {"type": "Feature", "properties": {"fid": 5929, "area_code": "PAC", "airport_identifier": "VTPP", "procedure_identifier": "I32-Z", "transition_identifier": "PEBLI"}, "geometry": {"type": "MultiLineString", "coordinates": [[[100.29339167, 16.26831667], [100.42253333, 16.59329444]]]}}, {"type": "Feature", "properties": {"fid": 5933, "area_code": "PAC", "airport_identifier": "VTPP", "procedure_identifier": "I32-Z", "transition_identifier": "PIBAN"}, "geometry": {"type": "MultiLineString", "coordinates": [[[99.95502778, 16.38710278], [100.32435556, 16.52432222], [100.42253333, 16.59329444]]]}}, {"type": "Feature", "properties": {"fid": 5938, "area_code": "PAC", "airport_identifier": "VTPP", "procedure_identifier": "I32-Z", "transition_identifier": "PIBIK"}, "geometry": {"type": "MultiLineString", "coordinates": [[[100.00771389, 17.19175833], [100.35888611, 16.87643333], [100.52078333, 16.66222222], [100.42253333, 16.59329444]]]}}, {"type": "Feature", "properties": {"fid": 5943, "area_code": "PAC", "airport_identifier": "VTPP", "procedure_identifier": "I32-Z", "transition_identifier": "POLOB"}, "geometry": {"type": "MultiLineString", "coordinates": [[[100.05772222, 17.21928611], [100.35888611, 16.87643333], [100.52078333, 16.66222222], [100.42253333, 16.59329444]]]}}, {"type": "Feature", "properties": {"fid": 5947, "area_code": "PAC", "airport_identifier": "VTPP", "procedure_identifier": "I32-Z", "transition_identifier": "REMER"}, "geometry": {"type": "MultiLineString", "coordinates": [[[100.75870556, 16.99293333], [100.52078333, 16.66222222], [100.42253333, 16.59329444]]]}}, {"type": "Feature", "properties": {"fid": 5951, "area_code": "PAC", "airport_identifier": "VTPP", "procedure_identifier": "I32-Z", "transition_identifier": null}, "geometry": {"type": "MultiLineString", "coordinates": [[[100.42253333, 16.59329444], [100.34855278, 16.69121667], [100.28743056, 16.77198056]]]}}, {"type": "Feature", "properties": {"fid": 5955, "area_code": "PAC", "airport_identifier": "VTPP", "procedure_identifier": "I32-Z", "transition_identifier": null}, "geometry": {"type": "MultiLineString", "coordinates": [[[100.42253333, 16.59329444], [100.42253333, 16.59329444]]]}}, {"type": "Feature", "properties": {"fid": 5961, "area_code": "PAC", "airport_identifier": "VTCC", "procedure_identifier": "D36", "transition_identifier": "CMA"}, "geometry": {"type": "MultiLineString", "coordinates": [[[98.96122222, 18.76611111], [99.26612778, 18.60018333], [99.29658611, 18.58355833], [98.96209444, 18.39802222], [98.96201944, 18.42981944]]]}}, {"type": "Feature", "properties": {"fid": 5966, "area_code": "PAC", "airport_identifier": "VTCC", "procedure_identifier": "D36", "transition_identifier": null}, "geometry": {"type": "MultiLineString", "coordinates": [[[98.96201944, 18.42981944], [98.96165, 18.58542222], [98.96153611, 18.63394444], [98.961325, 18.72262222]]]}}, {"type": "Feature", "properties": {"fid": 5976, "area_code": "PAC", "airport_identifier": "VTCC", "procedure_identifier": "D36", "transition_identifier": null}, "geometry": {"type": "MultiLineString", "coordinates": [[[98.96122222, 18.76611111], [98.98946667, 18.93126667], [98.99512222, 18.96429167], [99.14423333, 18.66661944], [99.26612778, 18.60018333], [99.29658611, 18.58355833], [98.96209444, 18.39802222], [98.96201944, 18.42981944], [98.96201944, 18.42981944]]]}}, {"type": "Feature", "properties": {"fid": 5981, "area_code": "PAC", "airport_identifier": "VTSE", "procedure_identifier": "R06", "transition_identifier": "LERBU"}, "geometry": {"type": "MultiLineString", "coordinates": [[[99.60990556, 10.97694722], [99.32012222, 10.82277222], [99.10009722, 10.69730833], [99.15931389, 10.59579444]]]}}, {"type": "Feature", "properties": {"fid": 5985, "area_code": "PAC", "airport_identifier": "VTSE", "procedure_identifier": "R06", "transition_identifier": "VEMLO"}, "geometry": {"type": "MultiLineString", "coordinates": [[[99.10144444, 10.39690278], [99.17076389, 10.47946667], [99.15931389, 10.59579444]]]}}, {"type": "Feature", "properties": {"fid": 5990, "area_code": "PAC", "airport_identifier": "VTSE", "procedure_identifier": "R06", "transition_identifier": null}, "geometry": {"type": "MultiLineString", "coordinates": [[[99.15931389, 10.59579444], [99.26830278, 10.65796667], [99.30056667, 10.67636111], [99.35337222, 10.70645278]]]}}, {"type": "Feature", "properties": {"fid": 5994, "area_code": "PAC", "airport_identifier": "VTSE", "procedure_identifier": "R06", "transition_identifier": null}, "geometry": {"type": "MultiLineString", "coordinates": [[[99.15931389, 10.59579444], [99.15931389, 10.59579444]]]}}, {"type": "Feature", "properties": {"fid": 6000, "area_code": "PAC", "airport_identifier": "VTCN", "procedure_identifier": "D02", "transition_identifier": "ADPIP"}, "geometry": {"type": "MultiLineString", "coordinates": [[[101.09851944, 18.66288889], [100.94998056, 18.57360833], [100.67853611, 18.54252222], [100.69333611, 18.58048611]]]}}, {"type": "Feature", "properties": {"fid": 6003, "area_code": "PAC", "airport_identifier": "VTCN", "procedure_identifier": "D02", "transition_identifier": "DUGEL"}, "geometry": {"type": "MultiLineString", "coordinates": [[[100.68276111, 18.48147778], [100.69333611, 18.58048611]]]}}, {"type": "Feature", "properties": {"fid": 6009, "area_code": "PAC", "airport_identifier": "VTCN", "procedure_identifier": "D02", "transition_identifier": "ESMOP"}, "geometry": {"type": "MultiLineString", "coordinates": [[[100.43128333, 18.80219722], [100.52414167, 18.66670278], [100.67853611, 18.54252222], [100.69333611, 18.58048611]]]}}, {"type": "Feature", "properties": {"fid": 6014, "area_code": "PAC", "airport_identifier": "VTCN", "procedure_identifier": "D02", "transition_identifier": "NAN"}, "geometry": {"type": "MultiLineString", "coordinates": [[[100.78261111, 18.80911111], [100.52414167, 18.66670278], [100.67853611, 18.54252222], [100.69333611, 18.58048611]]]}}, {"type": "Feature", "properties": {"fid": 6020, "area_code": "PAC", "airport_identifier": "VTCN", "procedure_identifier": "D02", "transition_identifier": "NOLUK"}, "geometry": {"type": "MultiLineString", "coordinates": [[[100.57230556, 19.07731111], [100.52414167, 18.66670278], [100.67853611, 18.54252222], [100.69333611, 18.58048611]]]}}, {"type": "Feature", "properties": {"fid": 6025, "area_code": "PAC", "airport_identifier": "VTCN", "procedure_identifier": "D02", "transition_identifier": "OGENO"}, "geometry": {"type": "MultiLineString", "coordinates": [[[100.55210833, 18.55756111], [100.67853611, 18.54252222], [100.69333611, 18.58048611]]]}}, {"type": "Feature", "properties": {"fid": 6030, "area_code": "PAC", "airport_identifier": "VTCN", "procedure_identifier": "D02", "transition_identifier": null}, "geometry": {"type": "MultiLineString", "coordinates": [[[100.69333611, 18.58048611], [100.72387222, 18.658775], [100.76114722, 18.75421944], [100.78033611, 18.80014444]]]}}, {"type": "Feature", "properties": {"fid": 6034, "area_code": "PAC", "airport_identifier": "VTCN", "procedure_identifier": "D02", "transition_identifier": null}, "geometry": {"type": "MultiLineString", "coordinates": [[[100.69333611, 18.58048611], [100.69333611, 18.58048611]]]}}, {"type": "Feature", "properties": {"fid": 6038, "area_code": "PAC", "airport_identifier": "VTCP", "procedure_identifier": "D19", "transition_identifier": "DALIR"}, "geometry": {"type": "MultiLineString", "coordinates": [[[100.35004444, 18.33618056], [100.18379444, 18.36777778]]]}}, {"type": "Feature", "properties": {"fid": 6042, "area_code": "PAC", "airport_identifier": "VTCP", "procedure_identifier": "D19", "transition_identifier": "PAE1"}, "geometry": {"type": "MultiLineString", "coordinates": [[[100.16625, 18.13413889], [100.18379444, 18.36777778]]]}}, {"type": "Feature", "properties": {"fid": 6046, "area_code": "PAC", "airport_identifier": "VTCP", "procedure_identifier": "D19", "transition_identifier": "PAE2"}, "geometry": {"type": "MultiLineString", "coordinates": [[[100.16625, 18.13413889], [100.18379444, 18.36777778]]]}}, {"type": "Feature", "properties": {"fid": 6049, "area_code": "PAC", "airport_identifier": "VTCP", "procedure_identifier": "D19", "transition_identifier": "SADUB"}, "geometry": {"type": "MultiLineString", "coordinates": [[[99.951775, 18.24750833], [100.18379444, 18.36777778]]]}}, {"type": "Feature", "properties": {"fid": 6053, "area_code": "PAC", "airport_identifier": "VTCP", "procedure_identifier": "D19", "transition_identifier": null}, "geometry": {"type": "MultiLineString", "coordinates": [[[100.18379444, 18.36777778], [100.17363333, 18.23259444], [100.16659444, 18.13881111]]]}}, {"type": "Feature", "properties": {"fid": 6058, "area_code": "PAC", "airport_identifier": "VTCP", "procedure_identifier": "D19", "transition_identifier": null}, "geometry": {"type": "MultiLineString", "coordinates": [[[100.18379444, 18.36777778], [100.18379444, 18.36777778]]]}}, {"type": "Feature", "properties": {"fid": 6062, "area_code": "PAC", "airport_identifier": "VTSE", "procedure_identifier": "I24-Z", "transition_identifier": "ANDET"}, "geometry": {"type": "MultiLineString", "coordinates": [[[99.68973889, 11.06363611], [99.60990556, 10.97694722], [99.56966944, 10.82955278]]]}}, {"type": "Feature", "properties": {"fid": 6067, "area_code": "PAC", "airport_identifier": "VTSE", "procedure_identifier": "I24-Z", "transition_identifier": "MAGMI"}, "geometry": {"type": "MultiLineString", "coordinates": [[[99.17076389, 10.47946667], [99.40866944, 10.60270556], [99.62875278, 10.72795], [99.56966944, 10.82955278]]]}}, {"type": "Feature", "properties": {"fid": 6071, "area_code": "PAC", "airport_identifier": "VTSE", "procedure_identifier": "I24-Z", "transition_identifier": null}, "geometry": {"type": "MultiLineString", "coordinates": [[[99.56966944, 10.82955278], [99.45514167, 10.76440556], [99.37004444, 10.71593889]]]}}, {"type": "Feature", "properties": {"fid": 6075, "area_code": "PAC", "airport_identifier": "VTSE", "procedure_identifier": "I24-Z", "transition_identifier": null}, "geometry": {"type": "MultiLineString", "coordinates": [[[99.56966944, 10.82955278], [99.56966944, 10.82955278]]]}}, {"type": "Feature", "properties": {"fid": 6079, "area_code": "PAC", "airport_identifier": "VTSE", "procedure_identifier": "D06", "transition_identifier": "CPN1"}, "geometry": {"type": "MultiLineString", "coordinates": [[[99.36555556, 10.71116667], [99.15763889, 10.59871944]]]}}, {"type": "Feature", "properties": {"fid": 6083, "area_code": "PAC", "airport_identifier": "VTSE", "procedure_identifier": "D06", "transition_identifier": "CPN2"}, "geometry": {"type": "MultiLineString", "coordinates": [[[99.36555556, 10.71116667], [99.15763889, 10.59871944]]]}}, {"type": "Feature", "properties": {"fid": 6088, "area_code": "PAC", "airport_identifier": "VTSE", "procedure_identifier": "D06", "transition_identifier": "LERBU"}, "geometry": {"type": "MultiLineString", "coordinates": [[[99.60990556, 10.97694722], [99.54778333, 10.90943889], [99.12794444, 10.58263889], [99.15763889, 10.59871944]]]}}, {"type": "Feature", "properties": {"fid": 6093, "area_code": "PAC", "airport_identifier": "VTSE", "procedure_identifier": "D06", "transition_identifier": "MAGMI"}, "geometry": {"type": "MultiLineString", "coordinates": [[[99.17076389, 10.47946667], [99.12794444, 10.58263889], [99.15763889, 10.59871944]]]}}, {"type": "Feature", "properties": {"fid": 6098, "area_code": "PAC", "airport_identifier": "VTSE", "procedure_identifier": "D06", "transition_identifier": null}, "geometry": {"type": "MultiLineString", "coordinates": [[[99.15763889, 10.59871944], [99.26306667, 10.65576667], [99.29574444, 10.67343333], [99.35338611, 10.70645]]]}}, {"type": "Feature", "properties": {"fid": 6103, "area_code": "PAC", "airport_identifier": "VTSE", "procedure_identifier": "D06", "transition_identifier": null}, "geometry": {"type": "MultiLineString", "coordinates": [[[99.36555556, 10.71116667], [99.15763889, 10.59871944], [99.15763889, 10.59871944]]]}}, {"type": "Feature", "properties": {"fid": 6108, "area_code": "PAC", "airport_identifier": "VTSY", "procedure_identifier": "RNVA", "transition_identifier": "ERVES"}, "geometry": {"type": "MultiLineString", "coordinates": [[[101.48144444, 6.20218889], [101.36493889, 6.05837778], [101.28255833, 6.01996111], [101.21844167, 5.99005]]]}}, {"type": "Feature", "properties": {"fid": 6112, "area_code": "PAC", "airport_identifier": "VTSY", "procedure_identifier": "RNVA", "transition_identifier": "PETAC"}, "geometry": {"type": "MultiLineString", "coordinates": [[[101.32918889, 6.29439444], [101.26996111, 6.131675], [101.21844167, 5.99005]]]}}, {"type": "Feature", "properties": {"fid": 6117, "area_code": "PAC", "airport_identifier": "VTSY", "procedure_identifier": "RNVA", "transition_identifier": null}, "geometry": {"type": "MultiLineString", "coordinates": [[[101.21844167, 5.99005], [101.20127222, 5.94283889], [101.185825, 5.90035], [101.17895833, 5.88146389]]]}}, {"type": "Feature", "properties": {"fid": 6124, "area_code": "PAC", "airport_identifier": "VTSY", "procedure_identifier": "RNVA", "transition_identifier": null}, "geometry": {"type": "MultiLineString", "coordinates": [[[101.15265, 5.809075], [101.13549167, 5.76186111], [101.08835, 5.77904167], [101.10550278, 5.82625556], [101.26996111, 6.131675], [101.26996111, 6.131675]]]}}, {"type": "Feature", "properties": {"fid": 6127, "area_code": "PAC", "airport_identifier": "VTBD", "procedure_identifier": "I21RZ", "transition_identifier": "AROKA"}, "geometry": {"type": "MultiLineString", "coordinates": [[[100.66441389, 14.18948889], [100.69658889, 14.07649444]]]}}, {"type": "Feature", "properties": {"fid": 6130, "area_code": "PAC", "airport_identifier": "VTBD", "procedure_identifier": "I21RZ", "transition_identifier": "TAWAN"}, "geometry": {"type": "MultiLineString", "coordinates": [[[100.73461667, 14.14398611], [100.69658889, 14.07649444]]]}}, {"type": "Feature", "properties": {"fid": 6134, "area_code": "PAC", "airport_identifier": "VTBD", "procedure_identifier": "I21RZ", "transition_identifier": null}, "geometry": {"type": "MultiLineString", "coordinates": [[[100.69658889, 14.07649444], [100.65275833, 13.99828889], [100.61239444, 13.92635278]]]}}, {"type": "Feature", "properties": {"fid": 6139, "area_code": "PAC", "airport_identifier": "VTBD", "procedure_identifier": "I21RZ", "transition_identifier": null}, "geometry": {"type": "MultiLineString", "coordinates": [[[100.57642222, 13.86220278], [100.48401389, 13.85211111], [100.35585556, 13.80468333], [100.35585556, 13.80468333]]]}}, {"type": "Feature", "properties": {"fid": 6142, "area_code": "PAC", "airport_identifier": "VTPB", "procedure_identifier": "R18", "transition_identifier": "RINRO"}, "geometry": {"type": "MultiLineString", "coordinates": [[[101.30664167, 16.83769167], [101.19525, 16.83781389]]]}}, {"type": "Feature", "properties": {"fid": 6146, "area_code": "PAC", "airport_identifier": "VTPB", "procedure_identifier": "R18", "transition_identifier": null}, "geometry": {"type": "MultiLineString", "coordinates": [[[101.19525, 16.83781389], [101.19517778, 16.75413889], [101.19511667, 16.685525]]]}}, {"type": "Feature", "properties": {"fid": 6151, "area_code": "PAC", "airport_identifier": "VTPB", "procedure_identifier": "R18", "transition_identifier": null}, "geometry": {"type": "MultiLineString", "coordinates": [[[101.30639167, 16.66642778], [101.30664167, 16.83769167], [101.30664167, 16.83769167]]]}}, {"type": "Feature", "properties": {"fid": 6154, "area_code": "PAC", "airport_identifier": "VTPI", "procedure_identifier": "R36", "transition_identifier": "DABES"}, "geometry": {"type": "MultiLineString", "coordinates": [[[100.138175, 15.06625278], [100.29093333, 15.06299444]]]}}, {"type": "Feature", "properties": {"fid": 6157, "area_code": "PAC", "airport_identifier": "VTPI", "procedure_identifier": "R36", "transition_identifier": "POTAX"}, "geometry": {"type": "MultiLineString", "coordinates": [[[100.36296389, 14.96904722], [100.29093333, 15.06299444]]]}}, {"type": "Feature", "properties": {"fid": 6160, "area_code": "PAC", "airport_identifier": "VTPI", "procedure_identifier": "R36", "transition_identifier": "PUGUL"}, "geometry": {"type": "MultiLineString", "coordinates": [[[100.41147778, 15.06035278], [100.29093333, 15.06299444]]]}}, {"type": "Feature", "properties": {"fid": 6164, "area_code": "PAC", "airport_identifier": "VTPI", "procedure_identifier": "R36", "transition_identifier": null}, "geometry": {"type": "MultiLineString", "coordinates": [[[100.29093333, 15.06299444], [100.29324167, 15.16339444], [100.29555, 15.26379444]]]}}, {"type": "Feature", "properties": {"fid": 6168, "area_code": "PAC", "airport_identifier": "VTPI", "procedure_identifier": "R36", "transition_identifier": null}, "geometry": {"type": "MultiLineString", "coordinates": [[[100.29093333, 15.06299444], [100.29093333, 15.06299444]]]}}, {"type": "Feature", "properties": {"fid": 6171, "area_code": "PAC", "airport_identifier": "VTUK", "procedure_identifier": "R21", "transition_identifier": "AKRET"}, "geometry": {"type": "MultiLineString", "coordinates": [[[103.14875278, 16.67111111], [102.90919722, 16.654125]]]}}, {"type": "Feature", "properties": {"fid": 6174, "area_code": "PAC", "airport_identifier": "VTUK", "procedure_identifier": "R21", "transition_identifier": "ALGIT"}, "geometry": {"type": "MultiLineString", "coordinates": [[[102.78189722, 16.88331667], [102.90919722, 16.654125]]]}}, {"type": "Feature", "properties": {"fid": 6179, "area_code": "PAC", "airport_identifier": "VTUK", "procedure_identifier": "R21", "transition_identifier": "EMRUT"}, "geometry": {"type": "MultiLineString", "coordinates": [[[102.59257222, 16.00545556], [102.92926111, 16.46823611], [103.01121944, 16.5905], [102.90919722, 16.654125]]]}}, {"type": "Feature", "properties": {"fid": 6184, "area_code": "PAC", "airport_identifier": "VTUK", "procedure_identifier": "R21", "transition_identifier": "ONUVI"}, "geometry": {"type": "MultiLineString", "coordinates": [[[102.44861667, 16.54116944], [102.55675833, 16.59451944], [102.80710833, 16.71769722], [102.90919722, 16.654125]]]}}, {"type": "Feature", "properties": {"fid": 6189, "area_code": "PAC", "airport_identifier": "VTUK", "procedure_identifier": "R21", "transition_identifier": "SEDNO"}, "geometry": {"type": "MultiLineString", "coordinates": [[[103.28532778, 16.29258611], [103.14949444, 16.44037778], [103.01121944, 16.5905], [102.90919722, 16.654125]]]}}, {"type": "Feature", "properties": {"fid": 6193, "area_code": "PAC", "airport_identifier": "VTUK", "procedure_identifier": "R21", "transition_identifier": null}, "geometry": {"type": "MultiLineString", "coordinates": [[[102.90919722, 16.654125], [102.84333611, 16.55581111], [102.79064722, 16.47707222]]]}}, {"type": "Feature", "properties": {"fid": 6197, "area_code": "PAC", "airport_identifier": "VTUK", "procedure_identifier": "R21", "transition_identifier": null}, "geometry": {"type": "MultiLineString", "coordinates": [[[102.90919722, 16.654125], [102.90919722, 16.654125]]]}}, {"type": "Feature", "properties": {"fid": 6202, "area_code": "PAC", "airport_identifier": "VTPP", "procedure_identifier": "D32", "transition_identifier": "DAMRI"}, "geometry": {"type": "MultiLineString", "coordinates": [[[100.55603056, 16.89661667], [100.42749167, 16.55634167], [100.40933333, 16.58493056]]]}}, {"type": "Feature", "properties": {"fid": 6207, "area_code": "PAC", "airport_identifier": "VTPP", "procedure_identifier": "D32", "transition_identifier": "NIVUS"}, "geometry": {"type": "MultiLineString", "coordinates": [[[99.99847222, 16.80731389], [100.42749167, 16.55634167], [100.40933333, 16.58493056]]]}}, {"type": "Feature", "properties": {"fid": 6212, "area_code": "PAC", "airport_identifier": "VTPP", "procedure_identifier": "D32", "transition_identifier": "NOGEM"}, "geometry": {"type": "MultiLineString", "coordinates": [[[100.29248889, 16.48587778], [100.42749167, 16.55634167], [100.40933333, 16.58493056]]]}}, {"type": "Feature", "properties": {"fid": 6216, "area_code": "PAC", "airport_identifier": "VTPP", "procedure_identifier": "D32", "transition_identifier": "PSL1"}, "geometry": {"type": "MultiLineString", "coordinates": [[[100.29136111, 16.77033333], [100.40933333, 16.58493056]]]}}, {"type": "Feature", "properties": {"fid": 6220, "area_code": "PAC", "airport_identifier": "VTPP", "procedure_identifier": "D32", "transition_identifier": "PSL2"}, "geometry": {"type": "MultiLineString", "coordinates": [[[100.29136111, 16.77033333], [100.40933333, 16.58493056]]]}}, {"type": "Feature", "properties": {"fid": 6225, "area_code": "PAC", "airport_identifier": "VTPP", "procedure_identifier": "D32", "transition_identifier": "VELDI"}, "geometry": {"type": "MultiLineString", "coordinates": [[[100.584925, 16.74021944], [100.42749167, 16.55634167], [100.40933333, 16.58493056]]]}}, {"type": "Feature", "properties": {"fid": 6229, "area_code": "PAC", "airport_identifier": "VTPP", "procedure_identifier": "D32", "transition_identifier": null}, "geometry": {"type": "MultiLineString", "coordinates": [[[100.40933333, 16.58493056], [100.34401389, 16.68766389], [100.29136111, 16.77033333]]]}}, {"type": "Feature", "properties": {"fid": 6234, "area_code": "PAC", "airport_identifier": "VTPP", "procedure_identifier": "D32", "transition_identifier": null}, "geometry": {"type": "MultiLineString", "coordinates": [[[100.40933333, 16.58493056], [100.40933333, 16.58493056]]]}}, {"type": "Feature", "properties": {"fid": 6238, "area_code": "PAC", "airport_identifier": "VTBL", "procedure_identifier": "I05", "transition_identifier": "LB"}, "geometry": {"type": "MultiLineString", "coordinates": [[[100.65734722, 14.87674167], [100.54945, 14.76878333]]]}}, {"type": "Feature", "properties": {"fid": 6242, "area_code": "PAC", "airport_identifier": "VTBL", "procedure_identifier": "I05", "transition_identifier": null}, "geometry": {"type": "MultiLineString", "coordinates": [[[100.54945, 14.76878333], [100.58506667, 14.80186389], [100.65772778, 14.86943333]]]}}, {"type": "Feature", "properties": {"fid": 6248, "area_code": "PAC", "airport_identifier": "VTBL", "procedure_identifier": "I05", "transition_identifier": null}, "geometry": {"type": "MultiLineString", "coordinates": [[[100.65734722, 14.87674167], [100.65734722, 14.87674167]]]}}, {"type": "Feature", "properties": {"fid": 6253, "area_code": "PAC", "airport_identifier": "VTUK", "procedure_identifier": "D21", "transition_identifier": "ISLAR"}, "geometry": {"type": "MultiLineString", "coordinates": [[[102.91802222, 16.68811667], [102.90016389, 16.65940556]]]}}, {"type": "Feature", "properties": {"fid": 6258, "area_code": "PAC", "airport_identifier": "VTUK", "procedure_identifier": "D21", "transition_identifier": "KABVI"}, "geometry": {"type": "MultiLineString", "coordinates": [[[102.91802222, 16.68811667], [102.90016389, 16.65940556]]]}}, {"type": "Feature", "properties": {"fid": 6262, "area_code": "PAC", "airport_identifier": "VTUK", "procedure_identifier": "D21", "transition_identifier": "KKN1"}, "geometry": {"type": "MultiLineString", "coordinates": [[[102.78797222, 16.47088889], [102.90016389, 16.65940556]]]}}, {"type": "Feature", "properties": {"fid": 6266, "area_code": "PAC", "airport_identifier": "VTUK", "procedure_identifier": "D21", "transition_identifier": "KKN2"}, "geometry": {"type": "MultiLineString", "coordinates": [[[102.78797222, 16.47088889], [102.90016389, 16.65940556]]]}}, {"type": "Feature", "properties": {"fid": 6271, "area_code": "PAC", "airport_identifier": "VTUK", "procedure_identifier": "D21", "transition_identifier": "NIVAD"}, "geometry": {"type": "MultiLineString", "coordinates": [[[102.91802222, 16.68811667], [102.90016389, 16.65940556]]]}}, {"type": "Feature", "properties": {"fid": 6276, "area_code": "PAC", "airport_identifier": "VTUK", "procedure_identifier": "D21", "transition_identifier": "ONUVI"}, "geometry": {"type": "MultiLineString", "coordinates": [[[102.91802222, 16.68811667], [102.90016389, 16.65940556]]]}}, {"type": "Feature", "properties": {"fid": 6281, "area_code": "PAC", "airport_identifier": "VTUK", "procedure_identifier": "D21", "transition_identifier": "VAMTA"}, "geometry": {"type": "MultiLineString", "coordinates": [[[102.91802222, 16.68811667], [102.90016389, 16.65940556]]]}}, {"type": "Feature", "properties": {"fid": 6285, "area_code": "PAC", "airport_identifier": "VTUK", "procedure_identifier": "D21", "transition_identifier": null}, "geometry": {"type": "MultiLineString", "coordinates": [[[102.90016389, 16.65940556], [102.83963056, 16.55783333], [102.79130833, 16.47666111]]]}}, {"type": "Feature", "properties": {"fid": 6290, "area_code": "PAC", "airport_identifier": "VTUK", "procedure_identifier": "D21", "transition_identifier": null}, "geometry": {"type": "MultiLineString", "coordinates": [[[102.90016389, 16.65940556], [102.90016389, 16.65940556]]]}}, {"type": "Feature", "properties": {"fid": 6295, "area_code": "PAC", "airport_identifier": "VTPP", "procedure_identifier": "I32-Y", "transition_identifier": "DAMRI"}, "geometry": {"type": "MultiLineString", "coordinates": [[[100.55603056, 16.89661667], [100.44266944, 16.56609722], [100.42253333, 16.59329444]]]}}, {"type": "Feature", "properties": {"fid": 6300, "area_code": "PAC", "airport_identifier": "VTPP", "procedure_identifier": "I32-Y", "transition_identifier": "NIVUS"}, "geometry": {"type": "MultiLineString", "coordinates": [[[99.99847222, 16.80731389], [100.44266944, 16.56609722], [100.42253333, 16.59329444]]]}}, {"type": "Feature", "properties": {"fid": 6305, "area_code": "PAC", "airport_identifier": "VTPP", "procedure_identifier": "I32-Y", "transition_identifier": "NOGEM"}, "geometry": {"type": "MultiLineString", "coordinates": [[[100.29248889, 16.48587778], [100.44266944, 16.56609722], [100.42253333, 16.59329444]]]}}, {"type": "Feature", "properties": {"fid": 6309, "area_code": "PAC", "airport_identifier": "VTPP", "procedure_identifier": "I32-Y", "transition_identifier": "PSL1"}, "geometry": {"type": "MultiLineString", "coordinates": [[[100.29136111, 16.77033333], [100.42253333, 16.59329444]]]}}, {"type": "Feature", "properties": {"fid": 6313, "area_code": "PAC", "airport_identifier": "VTPP", "procedure_identifier": "I32-Y", "transition_identifier": "PSL2"}, "geometry": {"type": "MultiLineString", "coordinates": [[[100.29136111, 16.77033333], [100.42253333, 16.59329444]]]}}, {"type": "Feature", "properties": {"fid": 6318, "area_code": "PAC", "airport_identifier": "VTPP", "procedure_identifier": "I32-Y", "transition_identifier": "VELDI"}, "geometry": {"type": "MultiLineString", "coordinates": [[[100.584925, 16.74021944], [100.44266944, 16.56609722], [100.42253333, 16.59329444]]]}}, {"type": "Feature", "properties": {"fid": 6322, "area_code": "PAC", "airport_identifier": "VTPP", "procedure_identifier": "I32-Y", "transition_identifier": null}, "geometry": {"type": "MultiLineString", "coordinates": [[[100.42253333, 16.59329444], [100.34855278, 16.69121667], [100.28743056, 16.77198056]]]}}, {"type": "Feature", "properties": {"fid": 6327, "area_code": "PAC", "airport_identifier": "VTPP", "procedure_identifier": "I32-Y", "transition_identifier": null}, "geometry": {"type": "MultiLineString", "coordinates": [[[100.42253333, 16.59329444], [100.42253333, 16.59329444]]]}}, {"type": "Feature", "properties": {"fid": 6332, "area_code": "PAC", "airport_identifier": "VTPP", "procedure_identifier": "R14", "transition_identifier": "GOKON"}, "geometry": {"type": "MultiLineString", "coordinates": [[[100.80939444, 16.71687778], [100.48649444, 16.97630833], [100.3528, 17.08336389], [100.15608056, 16.94528333]]]}}, {"type": "Feature", "properties": {"fid": 6335, "area_code": "PAC", "airport_identifier": "VTPP", "procedure_identifier": "R14", "transition_identifier": "GOSTA"}, "geometry": {"type": "MultiLineString", "coordinates": [[[100.37495278, 17.26591667], [100.15608056, 16.94528333]]]}}, {"type": "Feature", "properties": {"fid": 6338, "area_code": "PAC", "airport_identifier": "VTPP", "procedure_identifier": "R14", "transition_identifier": "IGPOP"}, "geometry": {"type": "MultiLineString", "coordinates": [[[99.785475, 16.83391111], [100.15608056, 16.94528333]]]}}, {"type": "Feature", "properties": {"fid": 6341, "area_code": "PAC", "airport_identifier": "VTPP", "procedure_identifier": "R14", "transition_identifier": "NIROP"}, "geometry": {"type": "MultiLineString", "coordinates": [[[100.24564722, 17.27048333], [100.15608056, 16.94528333]]]}}, {"type": "Feature", "properties": {"fid": 6346, "area_code": "PAC", "airport_identifier": "VTPP", "procedure_identifier": "R14", "transition_identifier": "PEBLI"}, "geometry": {"type": "MultiLineString", "coordinates": [[[100.29339167, 16.26831667], [100.04883333, 16.66340833], [99.95965, 16.80701111], [100.15608056, 16.94528333]]]}}, {"type": "Feature", "properties": {"fid": 6351, "area_code": "PAC", "airport_identifier": "VTPP", "procedure_identifier": "R14", "transition_identifier": "PIBAN"}, "geometry": {"type": "MultiLineString", "coordinates": [[[99.95502778, 16.38710278], [99.95780556, 16.63966944], [99.95965, 16.80701111], [100.15608056, 16.94528333]]]}}, {"type": "Feature", "properties": {"fid": 6354, "area_code": "PAC", "airport_identifier": "VTPP", "procedure_identifier": "R14", "transition_identifier": "PIBIK"}, "geometry": {"type": "MultiLineString", "coordinates": [[[100.00771389, 17.19175833], [100.15608056, 16.94528333]]]}}, {"type": "Feature", "properties": {"fid": 6357, "area_code": "PAC", "airport_identifier": "VTPP", "procedure_identifier": "R14", "transition_identifier": "POLOB"}, "geometry": {"type": "MultiLineString", "coordinates": [[[100.05772222, 17.21928611], [100.15608056, 16.94528333]]]}}, {"type": "Feature", "properties": {"fid": 6362, "area_code": "PAC", "airport_identifier": "VTPP", "procedure_identifier": "R14", "transition_identifier": "REMER"}, "geometry": {"type": "MultiLineString", "coordinates": [[[100.75870556, 16.99293333], [100.52149444, 17.04588889], [100.3528, 17.08336389], [100.15608056, 16.94528333]]]}}, {"type": "Feature", "properties": {"fid": 6366, "area_code": "PAC", "airport_identifier": "VTPP", "procedure_identifier": "R14", "transition_identifier": null}, "geometry": {"type": "MultiLineString", "coordinates": [[[100.15608056, 16.94528333], [100.20938056, 16.87500833], [100.27083611, 16.79389722]]]}}, {"type": "Feature", "properties": {"fid": 6370, "area_code": "PAC", "airport_identifier": "VTPP", "procedure_identifier": "R14", "transition_identifier": null}, "geometry": {"type": "MultiLineString", "coordinates": [[[100.15608056, 16.94528333], [100.15608056, 16.94528333]]]}}, {"type": "Feature", "properties": {"fid": 6374, "area_code": "PAC", "airport_identifier": "VTSC", "procedure_identifier": "I02-Z", "transition_identifier": "ERVES"}, "geometry": {"type": "MultiLineString", "coordinates": [[[101.48144444, 6.20218889], [101.51582222, 6.24460556], [101.65327222, 6.31159167]]]}}, {"type": "Feature", "properties": {"fid": 6379, "area_code": "PAC", "airport_identifier": "VTSC", "procedure_identifier": "I02-Z", "transition_identifier": "NUBKA"}, "geometry": {"type": "MultiLineString", "coordinates": [[[101.57383889, 6.90932778], [101.48104167, 6.56584722], [101.43740556, 6.40416667], [101.65327222, 6.31159167]]]}}, {"type": "Feature", "properties": {"fid": 6383, "area_code": "PAC", "airport_identifier": "VTSC", "procedure_identifier": "I02-Z", "transition_identifier": null}, "geometry": {"type": "MultiLineString", "coordinates": [[[101.65327222, 6.31159167], [101.69944167, 6.41833056], [101.73801667, 6.50746667]]]}}, {"type": "Feature", "properties": {"fid": 6387, "area_code": "PAC", "airport_identifier": "VTSC", "procedure_identifier": "I02-Z", "transition_identifier": null}, "geometry": {"type": "MultiLineString", "coordinates": [[[101.43740556, 6.40416667], [101.43740556, 6.40416667]]]}}, {"type": "Feature", "properties": {"fid": 6392, "area_code": "PAC", "airport_identifier": "VTUW", "procedure_identifier": "D33", "transition_identifier": "OPAAR"}, "geometry": {"type": "MultiLineString", "coordinates": [[[104.44163056, 17.32018611], [104.58842222, 17.228725], [104.73911111, 17.25279722]]]}}, {"type": "Feature", "properties": {"fid": 6396, "area_code": "PAC", "airport_identifier": "VTUW", "procedure_identifier": "D33", "transition_identifier": null}, "geometry": {"type": "MultiLineString", "coordinates": [[[104.73911111, 17.25279722], [104.69407222, 17.313425], [104.64981111, 17.37454722]]]}}, {"type": "Feature", "properties": {"fid": 6401, "area_code": "PAC", "airport_identifier": "VTUW", "procedure_identifier": "D33", "transition_identifier": null}, "geometry": {"type": "MultiLineString", "coordinates": [[[104.44163056, 17.32018611], [104.44163056, 17.32018611]]]}}, {"type": "Feature", "properties": {"fid": 6404, "area_code": "PAC", "airport_identifier": "VTUD", "procedure_identifier": "R12", "transition_identifier": "LEBOG"}, "geometry": {"type": "MultiLineString", "coordinates": [[[102.49901111, 17.52778056], [102.57673889, 17.48986111]]]}}, {"type": "Feature", "properties": {"fid": 6407, "area_code": "PAC", "airport_identifier": "VTUD", "procedure_identifier": "R12", "transition_identifier": "RIRMI"}, "geometry": {"type": "MultiLineString", "coordinates": [[[102.52143056, 17.38544444], [102.57673889, 17.48986111]]]}}, {"type": "Feature", "properties": {"fid": 6410, "area_code": "PAC", "airport_identifier": "VTUD", "procedure_identifier": "R12", "transition_identifier": "RUGBU"}, "geometry": {"type": "MultiLineString", "coordinates": [[[102.63211111, 17.59425833], [102.57673889, 17.48986111]]]}}, {"type": "Feature", "properties": {"fid": 6414, "area_code": "PAC", "airport_identifier": "VTUD", "procedure_identifier": "R12", "transition_identifier": null}, "geometry": {"type": "MultiLineString", "coordinates": [[[102.57673889, 17.48986111], [102.68383333, 17.43753611], [102.77545833, 17.3927]]]}}, {"type": "Feature", "properties": {"fid": 6420, "area_code": "PAC", "airport_identifier": "VTUD", "procedure_identifier": "R12", "transition_identifier": null}, "geometry": {"type": "MultiLineString", "coordinates": [[[102.79985833, 17.51225], [102.63211111, 17.59425833], [102.57673889, 17.48986111], [102.57673889, 17.48986111]]]}}, {"type": "Feature", "properties": {"fid": 6425, "area_code": "PAC", "airport_identifier": "VTCT", "procedure_identifier": "R21", "transition_identifier": "BENVI"}, "geometry": {"type": "MultiLineString", "coordinates": [[[99.96139444, 19.45181111], [99.96323611, 19.84788611], [100.10133333, 20.08281667], [99.99298056, 20.13971944]]]}}, {"type": "Feature", "properties": {"fid": 6430, "area_code": "PAC", "airport_identifier": "VTCT", "procedure_identifier": "R21", "transition_identifier": "DUBEN"}, "geometry": {"type": "MultiLineString", "coordinates": [[[100.20189722, 19.54706111], [99.96323611, 19.84788611], [100.10133333, 20.08281667], [99.99298056, 20.13971944]]]}}, {"type": "Feature", "properties": {"fid": 6435, "area_code": "PAC", "airport_identifier": "VTCT", "procedure_identifier": "R21", "transition_identifier": "NUMDO"}, "geometry": {"type": "MultiLineString", "coordinates": [[[99.56719167, 19.54539722], [99.96323611, 19.84788611], [100.10133333, 20.08281667], [99.99298056, 20.13971944]]]}}, {"type": "Feature", "properties": {"fid": 6439, "area_code": "PAC", "airport_identifier": "VTCT", "procedure_identifier": "R21", "transition_identifier": "PONUK"}, "geometry": {"type": "MultiLineString", "coordinates": [[[100.38494444, 20.31613889], [100.10133333, 20.08281667], [99.99298056, 20.13971944]]]}}, {"type": "Feature", "properties": {"fid": 6444, "area_code": "PAC", "airport_identifier": "VTCT", "procedure_identifier": "R21", "transition_identifier": null}, "geometry": {"type": "MultiLineString", "coordinates": [[[99.99298056, 20.13971944], [99.94054167, 20.05050278], [99.91563333, 20.00808056], [99.88989722, 19.96419167]]]}}, {"type": "Feature", "properties": {"fid": 6448, "area_code": "PAC", "airport_identifier": "VTCT", "procedure_identifier": "R21", "transition_identifier": null}, "geometry": {"type": "MultiLineString", "coordinates": [[[100.10133333, 20.08281667], [100.10133333, 20.08281667]]]}}, {"type": "Feature", "properties": {"fid": 6452, "area_code": "PAC", "airport_identifier": "VTBD", "procedure_identifier": "I03LY", "transition_identifier": null}, "geometry": {"type": "MultiLineString", "coordinates": [[[100.54544722, 13.80695833], [100.55344167, 13.82119722], [100.59593889, 13.89701111]]]}}, {"type": "Feature", "properties": {"fid": 6458, "area_code": "PAC", "airport_identifier": "VTBD", "procedure_identifier": "I03LY", "transition_identifier": null}, "geometry": {"type": "MultiLineString", "coordinates": [[[100.59619444, 13.89352778], [100.373725, 13.76791111], [100.373725, 13.76791111]]]}}, {"type": "Feature", "properties": {"fid": 6463, "area_code": "PAC", "airport_identifier": "VTSY", "procedure_identifier": "S25-A", "transition_identifier": "ERVES"}, "geometry": {"type": "MultiLineString", "coordinates": [[[101.48144444, 6.20218889], [101.36493889, 6.05837778], [101.28255833, 6.01996111], [101.21844167, 5.99005]]]}}, {"type": "Feature", "properties": {"fid": 6467, "area_code": "PAC", "airport_identifier": "VTSY", "procedure_identifier": "S25-A", "transition_identifier": "PETAC"}, "geometry": {"type": "MultiLineString", "coordinates": [[[101.32918889, 6.29439444], [101.26996111, 6.131675], [101.21844167, 5.99005]]]}}, {"type": "Feature", "properties": {"fid": 6472, "area_code": "PAC", "airport_identifier": "VTSY", "procedure_identifier": "S25-A", "transition_identifier": null}, "geometry": {"type": "MultiLineString", "coordinates": [[[101.21844167, 5.99005], [101.20127222, 5.94283889], [101.185825, 5.90035], [101.17895833, 5.88146389]]]}}, {"type": "Feature", "properties": {"fid": 6478, "area_code": "PAC", "airport_identifier": "VTSY", "procedure_identifier": "S25-A", "transition_identifier": null}, "geometry": {"type": "MultiLineString", "coordinates": [[[101.15265, 5.809075], [101.13549167, 5.76186111], [101.26996111, 6.131675], [101.26996111, 6.131675]]]}}, {"type": "Feature", "properties": {"fid": 6482, "area_code": "PAC", "airport_identifier": "VTUQ", "procedure_identifier": "L06", "transition_identifier": "BKK"}, "geometry": {"type": "MultiLineString", "coordinates": [[[100.59619444, 13.89352778], [101.84771389, 14.72520556], [102.12976667, 14.849775]]]}}, {"type": "Feature", "properties": {"fid": 6487, "area_code": "PAC", "airport_identifier": "VTUQ", "procedure_identifier": "L06", "transition_identifier": null}, "geometry": {"type": "MultiLineString", "coordinates": [[[102.12976667, 14.849775], [102.21117778, 14.89421944], [102.28917222, 14.93656944]]]}}, {"type": "Feature", "properties": {"fid": 6493, "area_code": "PAC", "airport_identifier": "VTUQ", "procedure_identifier": "L06", "transition_identifier": null}, "geometry": {"type": "MultiLineString", "coordinates": [[[102.21117778, 14.89421944], [102.21117778, 14.89421944]]]}}, {"type": "Feature", "properties": {"fid": 6498, "area_code": "PAC", "airport_identifier": "VTCT", "procedure_identifier": "D21", "transition_identifier": "ABTOG"}, "geometry": {"type": "MultiLineString", "coordinates": [[[100.12176667, 20.12178333], [100.00463333, 20.17199722], [99.98830278, 20.14204444]]]}}, {"type": "Feature", "properties": {"fid": 6504, "area_code": "PAC", "airport_identifier": "VTCT", "procedure_identifier": "D21", "transition_identifier": "CTR"}, "geometry": {"type": "MultiLineString", "coordinates": [[[99.88313889, 19.94886111], [100.09818889, 20.02604444], [100.13131944, 20.03790556], [100.00463333, 20.17199722], [99.98830278, 20.14204444]]]}}, {"type": "Feature", "properties": {"fid": 6509, "area_code": "PAC", "airport_identifier": "VTCT", "procedure_identifier": "D21", "transition_identifier": "MAGVI"}, "geometry": {"type": "MultiLineString", "coordinates": [[[100.06406111, 19.720975], [100.00463333, 20.17199722], [99.98830278, 20.14204444]]]}}, {"type": "Feature", "properties": {"fid": 6514, "area_code": "PAC", "airport_identifier": "VTCT", "procedure_identifier": "D21", "transition_identifier": "SASLO"}, "geometry": {"type": "MultiLineString", "coordinates": [[[99.92764167, 19.66693611], [100.00463333, 20.17199722], [99.98830278, 20.14204444]]]}}, {"type": "Feature", "properties": {"fid": 6519, "area_code": "PAC", "airport_identifier": "VTCT", "procedure_identifier": "D21", "transition_identifier": "TURVI"}, "geometry": {"type": "MultiLineString", "coordinates": [[[99.70400556, 19.72003056], [100.00463333, 20.17199722], [99.98830278, 20.14204444]]]}}, {"type": "Feature", "properties": {"fid": 6524, "area_code": "PAC", "airport_identifier": "VTCT", "procedure_identifier": "D21", "transition_identifier": null}, "geometry": {"type": "MultiLineString", "coordinates": [[[99.98830278, 20.14204444], [99.93898333, 20.05151111], [99.91712222, 20.01134444], [99.89122778, 19.96373611]]]}}, {"type": "Feature", "properties": {"fid": 6529, "area_code": "PAC", "airport_identifier": "VTCT", "procedure_identifier": "D21", "transition_identifier": null}, "geometry": {"type": "MultiLineString", "coordinates": [[[100.06406111, 19.720975], [100.06406111, 19.720975]]]}}, {"type": "Feature", "properties": {"fid": 6534, "area_code": "PAC", "airport_identifier": "VTCN", "procedure_identifier": "R20", "transition_identifier": "ANUGU"}, "geometry": {"type": "MultiLineString", "coordinates": [[[100.46691111, 19.21132222], [100.66074444, 19.06723333], [100.75958889, 19.03198333], [100.85823889, 18.99629444]]]}}, {"type": "Feature", "properties": {"fid": 6539, "area_code": "PAC", "airport_identifier": "VTCN", "procedure_identifier": "R20", "transition_identifier": "DUGEL"}, "geometry": {"type": "MultiLineString", "coordinates": [[[100.68276111, 18.48147778], [100.97407778, 18.72057222], [101.05556667, 18.92514722], [100.85823889, 18.99629444]]]}}, {"type": "Feature", "properties": {"fid": 6545, "area_code": "PAC", "airport_identifier": "VTCN", "procedure_identifier": "R20", "transition_identifier": "UKLOM"}, "geometry": {"type": "MultiLineString", "coordinates": [[[100.50076667, 18.50138889], [100.55681667, 18.80473889], [100.66074444, 19.06723333], [100.75958889, 19.03198333], [100.85823889, 18.99629444]]]}}, {"type": "Feature", "properties": {"fid": 6550, "area_code": "PAC", "airport_identifier": "VTCN", "procedure_identifier": "R20", "transition_identifier": null}, "geometry": {"type": "MultiLineString", "coordinates": [[[100.85823889, 18.99629444], [100.82713889, 18.91804722], [100.81781389, 18.89457222], [100.78675278, 18.81631667]]]}}, {"type": "Feature", "properties": {"fid": 6554, "area_code": "PAC", "airport_identifier": "VTCN", "procedure_identifier": "R20", "transition_identifier": null}, "geometry": {"type": "MultiLineString", "coordinates": [[[100.66074444, 19.06723333], [100.66074444, 19.06723333]]]}}, {"type": "Feature", "properties": {"fid": 6562, "area_code": "PAC", "airport_identifier": "VTCC", "procedure_identifier": "I36-Y", "transition_identifier": "CMA"}, "geometry": {"type": "MultiLineString", "coordinates": [[[98.96122222, 18.76611111], [99.26612778, 18.60018333], [99.29658611, 18.58355833], [98.96209444, 18.39802222], [98.96201944, 18.42981944], [98.96241667, 18.58499167]]]}}, {"type": "Feature", "properties": {"fid": 6566, "area_code": "PAC", "airport_identifier": "VTCC", "procedure_identifier": "I36-Y", "transition_identifier": null}, "geometry": {"type": "MultiLineString", "coordinates": [[[98.96241667, 18.58499167], [98.96254444, 18.63424722], [98.96285, 18.75303889]]]}}, {"type": "Feature", "properties": {"fid": 6576, "area_code": "PAC", "airport_identifier": "VTCC", "procedure_identifier": "I36-Y", "transition_identifier": null}, "geometry": {"type": "MultiLineString", "coordinates": [[[98.96291944, 18.78105833], [98.98946667, 18.93126667], [98.99512222, 18.96429167], [99.14423333, 18.66661944], [99.26612778, 18.60018333], [99.29658611, 18.58355833], [98.96209444, 18.39802222], [98.96201944, 18.42981944], [98.96201944, 18.42981944]]]}}, {"type": "Feature", "properties": {"fid": 6580, "area_code": "PAC", "airport_identifier": "VTUW", "procedure_identifier": "R33", "transition_identifier": "OPAAR"}, "geometry": {"type": "MultiLineString", "coordinates": [[[104.44163056, 17.32018611], [104.63946944, 17.18532778], [104.73911111, 17.25279722]]]}}, {"type": "Feature", "properties": {"fid": 6584, "area_code": "PAC", "airport_identifier": "VTUW", "procedure_identifier": "R33", "transition_identifier": null}, "geometry": {"type": "MultiLineString", "coordinates": [[[104.73911111, 17.25279722], [104.693975, 17.31436111], [104.64981111, 17.37454722]]]}}, {"type": "Feature", "properties": {"fid": 6588, "area_code": "PAC", "airport_identifier": "VTUW", "procedure_identifier": "R33", "transition_identifier": null}, "geometry": {"type": "MultiLineString", "coordinates": [[[104.44163056, 17.32018611], [104.44163056, 17.32018611]]]}}, {"type": "Feature", "properties": {"fid": 6593, "area_code": "PAC", "airport_identifier": "VTCL", "procedure_identifier": "D18", "transition_identifier": "BIXEB"}, "geometry": {"type": "MultiLineString", "coordinates": [[[99.74160833, 18.22555278], [99.65408889, 18.36023056], [99.49621389, 18.44385]]]}}, {"type": "Feature", "properties": {"fid": 6597, "area_code": "PAC", "airport_identifier": "VTCL", "procedure_identifier": "D18", "transition_identifier": "UBCOX"}, "geometry": {"type": "MultiLineString", "coordinates": [[[99.37793333, 18.54895278], [99.44225833, 18.49184722], [99.49621389, 18.44385]]]}}, {"type": "Feature", "properties": {"fid": 6604, "area_code": "PAC", "airport_identifier": "VTCL", "procedure_identifier": "D18", "transition_identifier": "VENAG"}, "geometry": {"type": "MultiLineString", "coordinates": [[[99.69938333, 17.90316389], [99.64553611, 18.00539444], [99.59702222, 18.09739444], [99.65408889, 18.36023056], [99.49621389, 18.44385]]]}}, {"type": "Feature", "properties": {"fid": 6609, "area_code": "PAC", "airport_identifier": "VTCL", "procedure_identifier": "D18", "transition_identifier": null}, "geometry": {"type": "MultiLineString", "coordinates": [[[99.49621389, 18.44385], [99.49737778, 18.41208056], [99.499275, 18.36024167], [99.502275, 18.27823889]]]}}, {"type": "Feature", "properties": {"fid": 6616, "area_code": "PAC", "airport_identifier": "VTCL", "procedure_identifier": "D18", "transition_identifier": null}, "geometry": {"type": "MultiLineString", "coordinates": [[[99.32749444, 17.98673333], [99.48621944, 17.94233056], [99.66003611, 17.97787778], [99.64553611, 18.00539444], [99.64553611, 18.00539444]]]}}, {"type": "Feature", "properties": {"fid": 6620, "area_code": "PAC", "airport_identifier": "VTSG", "procedure_identifier": "L32", "transition_identifier": "KBI"}, "geometry": {"type": "MultiLineString", "coordinates": [[[98.9775, 8.1075], [99.11465, 7.9431]]]}}, {"type": "Feature", "properties": {"fid": 6625, "area_code": "PAC", "airport_identifier": "VTSG", "procedure_identifier": "L32", "transition_identifier": "ROSIC"}, "geometry": {"type": "MultiLineString", "coordinates": [[[98.945925, 7.80494722], [99.14936111, 7.90148889], [99.11465, 7.9431]]]}}, {"type": "Feature", "properties": {"fid": 6629, "area_code": "PAC", "airport_identifier": "VTSG", "procedure_identifier": "L32", "transition_identifier": null}, "geometry": {"type": "MultiLineString", "coordinates": [[[99.11465, 7.9431], [99.06139444, 8.00779167], [99.01234167, 8.06735556]]]}}, {"type": "Feature", "properties": {"fid": 6632, "area_code": "PAC", "airport_identifier": "VTSG", "procedure_identifier": "L32", "transition_identifier": null}, "geometry": {"type": "MultiLineString", "coordinates": [[[98.945925, 7.80494722], [98.945925, 7.80494722]]]}}, {"type": "Feature", "properties": {"fid": 6636, "area_code": "PAC", "airport_identifier": "VTUN", "procedure_identifier": "I24", "transition_identifier": "PIMAI"}, "geometry": {"type": "MultiLineString", "coordinates": [[[102.13981111, 14.91731944], [102.27516944, 15.03503889], [102.27516944, 15.03503889]]]}}, {"type": "Feature", "properties": {"fid": 6640, "area_code": "PAC", "airport_identifier": "VTUN", "procedure_identifier": "I24", "transition_identifier": "SEEMA"}, "geometry": {"type": "MultiLineString", "coordinates": [[[102.26252222, 15.21399444], [102.27516944, 15.03503889]]]}}, {"type": "Feature", "properties": {"fid": 6644, "area_code": "PAC", "airport_identifier": "VTUN", "procedure_identifier": "I24", "transition_identifier": "SURAA"}, "geometry": {"type": "MultiLineString", "coordinates": [[[102.49239167, 14.96919722], [102.27516944, 15.03503889]]]}}, {"type": "Feature", "properties": {"fid": 6648, "area_code": "PAC", "airport_identifier": "VTUN", "procedure_identifier": "I24", "transition_identifier": null}, "geometry": {"type": "MultiLineString", "coordinates": [[[102.27516944, 15.03503889], [102.19902778, 14.99615556], [102.09095, 14.94088889]]]}}, {"type": "Feature", "properties": {"fid": 6653, "area_code": "PAC", "airport_identifier": "VTUN", "procedure_identifier": "I24", "transition_identifier": null}, "geometry": {"type": "MultiLineString", "coordinates": [[[102.13980556, 14.91730556], [102.27516944, 15.03503889], [102.27516944, 15.03503889]]]}}, {"type": "Feature", "properties": {"fid": 6656, "area_code": "PAC", "airport_identifier": "VTUQ", "procedure_identifier": "D06", "transition_identifier": "NKR30"}, "geometry": {"type": "MultiLineString", "coordinates": [[[101.84771389, 14.72520556], [102.12255278, 14.8648]]]}}, {"type": "Feature", "properties": {"fid": 6660, "area_code": "PAC", "airport_identifier": "VTUQ", "procedure_identifier": "D06", "transition_identifier": null}, "geometry": {"type": "MultiLineString", "coordinates": [[[102.12255278, 14.8648], [102.20115278, 14.89888889], [102.28574167, 14.93552778]]]}}, {"type": "Feature", "properties": {"fid": 6665, "area_code": "PAC", "airport_identifier": "VTUQ", "procedure_identifier": "D06", "transition_identifier": null}, "geometry": {"type": "MultiLineString", "coordinates": [[[102.31122222, 14.94655556], [102.20115278, 14.89888889], [102.20115278, 14.89888889]]]}}, {"type": "Feature", "properties": {"fid": 6668, "area_code": "PAC", "airport_identifier": "VTBS", "procedure_identifier": "R20R", "transition_identifier": "RUPED"}, "geometry": {"type": "MultiLineString", "coordinates": [[[100.82349722, 14.02330278], [100.80213889, 13.94225]]]}}, {"type": "Feature", "properties": {"fid": 6673, "area_code": "PAC", "airport_identifier": "VTBS", "procedure_identifier": "R20R", "transition_identifier": null}, "geometry": {"type": "MultiLineString", "coordinates": [[[100.80213889, 13.94225], [100.78484444, 13.87657222], [100.75920833, 13.77914444], [100.73844722, 13.70018889]]]}}, {"type": "Feature", "properties": {"fid": 6681, "area_code": "PAC", "airport_identifier": "VTBS", "procedure_identifier": "R20R", "transition_identifier": null}, "geometry": {"type": "MultiLineString", "coordinates": [[[100.72924444, 13.665175], [100.61577778, 13.55199167], [100.61543889, 13.501775], [100.90337222, 13.42969444], [100.98096667, 13.72095833], [101.02458889, 13.88437222], [101.02458889, 13.88437222]]]}}, {"type": "Feature", "properties": {"fid": 6684, "area_code": "PAC", "airport_identifier": "VTPI", "procedure_identifier": "I18-Y", "transition_identifier": "MUDOR"}, "geometry": {"type": "MultiLineString", "coordinates": [[[100.17991944, 15.49106667], [100.30070833, 15.48848889]]]}}, {"type": "Feature", "properties": {"fid": 6687, "area_code": "PAC", "airport_identifier": "VTPI", "procedure_identifier": "I18-Y", "transition_identifier": "OMBIN"}, "geometry": {"type": "MultiLineString", "coordinates": [[[100.29613056, 15.60556111], [100.30070833, 15.48848889]]]}}, {"type": "Feature", "properties": {"fid": 6690, "area_code": "PAC", "airport_identifier": "VTPI", "procedure_identifier": "I18-Y", "transition_identifier": "VAPNO"}, "geometry": {"type": "MultiLineString", "coordinates": [[[100.42149444, 15.48584167], [100.30070833, 15.48848889]]]}}, {"type": "Feature", "properties": {"fid": 6694, "area_code": "PAC", "airport_identifier": "VTPI", "procedure_identifier": "I18-Y", "transition_identifier": null}, "geometry": {"type": "MultiLineString", "coordinates": [[[100.30070833, 15.48848889], [100.29840278, 15.38808611], [100.29617222, 15.29083333]]]}}, {"type": "Feature", "properties": {"fid": 6698, "area_code": "PAC", "airport_identifier": "VTPI", "procedure_identifier": "I18-Y", "transition_identifier": null}, "geometry": {"type": "MultiLineString", "coordinates": [[[100.30070833, 15.48848889], [100.30070833, 15.48848889]]]}}, {"type": "Feature", "properties": {"fid": 6702, "area_code": "PAC", "airport_identifier": "VTSP", "procedure_identifier": "R27-Y", "transition_identifier": "BARON"}, "geometry": {"type": "MultiLineString", "coordinates": [[[98.55760833, 8.13581667], [98.46372222, 8.127025], [98.39053889, 8.12016111]]]}}, {"type": "Feature", "properties": {"fid": 6707, "area_code": "PAC", "airport_identifier": "VTSP", "procedure_identifier": "R27-Y", "transition_identifier": "PACUS"}, "geometry": {"type": "MultiLineString", "coordinates": [[[98.57809444, 7.91812222], [98.50361944, 8.02227222], [98.45439167, 8.09108056], [98.39053889, 8.12016111]]]}}, {"type": "Feature", "properties": {"fid": 6712, "area_code": "PAC", "airport_identifier": "VTSP", "procedure_identifier": "R27-Y", "transition_identifier": "STONE"}, "geometry": {"type": "MultiLineString", "coordinates": [[[98.53653889, 8.35943333], [98.45719444, 8.19651944], [98.43498611, 8.15089167], [98.39053889, 8.12016111]]]}}, {"type": "Feature", "properties": {"fid": 6715, "area_code": "PAC", "airport_identifier": "VTSP", "procedure_identifier": "R27-Y", "transition_identifier": null}, "geometry": {"type": "MultiLineString", "coordinates": [[[98.39053889, 8.12016111], [98.33040556, 8.11450833]]]}}, {"type": "Feature", "properties": {"fid": 6721, "area_code": "PAC", "airport_identifier": "VTSP", "procedure_identifier": "R27-Y", "transition_identifier": null}, "geometry": {"type": "MultiLineString", "coordinates": [[[98.31057222, 8.11264167], [98.25089722, 8.10702222], [98.20122778, 8.077375], [98.06879722, 7.87834167], [98.06879722, 7.87834167]]]}}, {"type": "Feature", "properties": {"fid": 6728, "area_code": "PAC", "airport_identifier": "VTST", "procedure_identifier": "I08", "transition_identifier": "HUNNY"}, "geometry": {"type": "MultiLineString", "coordinates": [[[99.88069444, 7.31760278], [99.75889444, 7.25704444], [99.34413056, 7.46538611], [99.37687222, 7.47045556], [99.46468056, 7.48448333]]]}}, {"type": "Feature", "properties": {"fid": 6735, "area_code": "PAC", "airport_identifier": "VTST", "procedure_identifier": "I08", "transition_identifier": "KEEDO"}, "geometry": {"type": "MultiLineString", "coordinates": [[[99.39178889, 7.72485], [99.34483611, 7.55695833], [99.34413056, 7.46538611], [99.37687222, 7.47045556], [99.46468056, 7.48448333]]]}}, {"type": "Feature", "properties": {"fid": 6742, "area_code": "PAC", "airport_identifier": "VTST", "procedure_identifier": "I08", "transition_identifier": "NAKAR"}, "geometry": {"type": "MultiLineString", "coordinates": [[[99.71983056, 7.81303333], [99.34483611, 7.55695833], [99.34413056, 7.46538611], [99.37687222, 7.47045556], [99.46468056, 7.48448333]]]}}, {"type": "Feature", "properties": {"fid": 6750, "area_code": "PAC", "airport_identifier": "VTST", "procedure_identifier": "I08", "transition_identifier": "NECON"}, "geometry": {"type": "MultiLineString", "coordinates": [[[99.244875, 7.683975], [99.33598333, 7.64235], [99.34483611, 7.55695833], [99.34413056, 7.46538611], [99.37687222, 7.47045556], [99.46468056, 7.48448333]]]}}, {"type": "Feature", "properties": {"fid": 6757, "area_code": "PAC", "airport_identifier": "VTST", "procedure_identifier": "I08", "transition_identifier": "SULEZ"}, "geometry": {"type": "MultiLineString", "coordinates": [[[99.53354167, 7.81343889], [99.34483611, 7.55695833], [99.34413056, 7.46538611], [99.37687222, 7.47045556], [99.46468056, 7.48448333]]]}}, {"type": "Feature", "properties": {"fid": 6761, "area_code": "PAC", "airport_identifier": "VTST", "procedure_identifier": "I08", "transition_identifier": null}, "geometry": {"type": "MultiLineString", "coordinates": [[[99.46468056, 7.48448333], [99.52763889, 7.49453889], [99.60716667, 7.50724167]]]}}, {"type": "Feature", "properties": {"fid": 6766, "area_code": "PAC", "airport_identifier": "VTST", "procedure_identifier": "I08", "transition_identifier": null}, "geometry": {"type": "MultiLineString", "coordinates": [[[99.626075, 7.19075833], [99.626075, 7.19075833]]]}}, {"type": "Feature", "properties": {"fid": 6769, "area_code": "PAC", "airport_identifier": "VTSK", "procedure_identifier": "R08", "transition_identifier": "BOODU"}, "geometry": {"type": "MultiLineString", "coordinates": [[[100.80208056, 6.85489167], [100.98009167, 6.77380833]]]}}, {"type": "Feature", "properties": {"fid": 6772, "area_code": "PAC", "airport_identifier": "VTSK", "procedure_identifier": "R08", "transition_identifier": "PATAA"}, "geometry": {"type": "MultiLineString", "coordinates": [[[100.97220556, 6.89076667], [100.98009167, 6.77380833]]]}}, {"type": "Feature", "properties": {"fid": 6775, "area_code": "PAC", "airport_identifier": "VTSK", "procedure_identifier": "R08", "transition_identifier": "TARNY"}, "geometry": {"type": "MultiLineString", "coordinates": [[[100.99134722, 6.60672222], [100.98009167, 6.77380833]]]}}, {"type": "Feature", "properties": {"fid": 6779, "area_code": "PAC", "airport_identifier": "VTSK", "procedure_identifier": "R08", "transition_identifier": null}, "geometry": {"type": "MultiLineString", "coordinates": [[[100.98009167, 6.77380833], [101.08205278, 6.78066389], [101.14724444, 6.78503333]]]}}, {"type": "Feature", "properties": {"fid": 6783, "area_code": "PAC", "airport_identifier": "VTSK", "procedure_identifier": "R08", "transition_identifier": null}, "geometry": {"type": "MultiLineString", "coordinates": [[[100.97220556, 6.89076667], [100.97220556, 6.89076667]]]}}, {"type": "Feature", "properties": {"fid": 6788, "area_code": "PAC", "airport_identifier": "VTSC", "procedure_identifier": "I02-Y", "transition_identifier": "ELMIT"}, "geometry": {"type": "MultiLineString", "coordinates": [[[101.63553611, 6.77180278], [101.62095278, 6.32844167]]]}}, {"type": "Feature", "properties": {"fid": 6793, "area_code": "PAC", "airport_identifier": "VTSC", "procedure_identifier": "I02-Y", "transition_identifier": "ERVES"}, "geometry": {"type": "MultiLineString", "coordinates": [[[101.48144444, 6.20218889], [101.51582222, 6.24460556], [101.65327222, 6.31159167]]]}}, {"type": "Feature", "properties": {"fid": 6797, "area_code": "PAC", "airport_identifier": "VTSC", "procedure_identifier": "I02-Y", "transition_identifier": null}, "geometry": {"type": "MultiLineString", "coordinates": [[[101.65327222, 6.31159167], [101.69944167, 6.41833056], [101.73801667, 6.50746667]]]}}, {"type": "Feature", "properties": {"fid": 6802, "area_code": "PAC", "airport_identifier": "VTSC", "procedure_identifier": "I02-Y", "transition_identifier": null}, "geometry": {"type": "MultiLineString", "coordinates": [[[101.63553611, 6.77180278], [101.63553611, 6.77180278]]]}}, {"type": "Feature", "properties": {"fid": 6805, "area_code": "PAC", "airport_identifier": "VTPB", "procedure_identifier": "R36", "transition_identifier": "EKVIP"}, "geometry": {"type": "MultiLineString", "coordinates": [[[101.31631944, 16.45833056], [101.19491667, 16.45846389]]]}}, {"type": "Feature", "properties": {"fid": 6808, "area_code": "PAC", "airport_identifier": "VTPB", "procedure_identifier": "R36", "transition_identifier": "TUVBO"}, "geometry": {"type": "MultiLineString", "coordinates": [[[101.05906111, 16.31348611], [101.19491667, 16.45846389]]]}}, {"type": "Feature", "properties": {"fid": 6811, "area_code": "PAC", "airport_identifier": "VTPB", "procedure_identifier": "R36", "transition_identifier": "VABRO"}, "geometry": {"type": "MultiLineString", "coordinates": [[[101.07351667, 16.45853056], [101.19491667, 16.45846389]]]}}, {"type": "Feature", "properties": {"fid": 6815, "area_code": "PAC", "airport_identifier": "VTPB", "procedure_identifier": "R36", "transition_identifier": null}, "geometry": {"type": "MultiLineString", "coordinates": [[[101.19491667, 16.45846389], [101.19501944, 16.57616389], [101.1951, 16.66653333]]]}}, {"type": "Feature", "properties": {"fid": 6820, "area_code": "PAC", "airport_identifier": "VTPB", "procedure_identifier": "R36", "transition_identifier": null}, "geometry": {"type": "MultiLineString", "coordinates": [[[101.31666111, 16.68538889], [101.31631944, 16.45833056], [101.31631944, 16.45833056]]]}}, {"type": "Feature", "properties": {"fid": 6824, "area_code": "PAC", "airport_identifier": "VTCN", "procedure_identifier": "N02", "transition_identifier": "NN"}, "geometry": {"type": "MultiLineString", "coordinates": [[[100.78663889, 18.80722222], [100.71811111, 18.66713889]]]}}, {"type": "Feature", "properties": {"fid": 6828, "area_code": "PAC", "airport_identifier": "VTCN", "procedure_identifier": "N02", "transition_identifier": null}, "geometry": {"type": "MultiLineString", "coordinates": [[[100.71811111, 18.66713889], [100.78266667, 18.79910833], [100.78663889, 18.80722222]]]}}, {"type": "Feature", "properties": {"fid": 6832, "area_code": "PAC", "airport_identifier": "VTCN", "procedure_identifier": "N02", "transition_identifier": null}, "geometry": {"type": "MultiLineString", "coordinates": [[[100.78663889, 18.80722222], [100.78663889, 18.80722222]]]}}, {"type": "Feature", "properties": {"fid": 6838, "area_code": "PAC", "airport_identifier": "VTUI", "procedure_identifier": "D23", "transition_identifier": "NAKEE"}, "geometry": {"type": "MultiLineString", "coordinates": [[[103.84331389, 17.25165556], [103.96538056, 17.40362222], [104.32256667, 17.39061667], [104.29777778, 17.36709722]]]}}, {"type": "Feature", "properties": {"fid": 6843, "area_code": "PAC", "airport_identifier": "VTUI", "procedure_identifier": "D23", "transition_identifier": "PAYO1"}, "geometry": {"type": "MultiLineString", "coordinates": [[[103.87953889, 17.07352778], [104.13675, 17.21411111], [104.29777778, 17.36709722]]]}}, {"type": "Feature", "properties": {"fid": 6849, "area_code": "PAC", "airport_identifier": "VTUI", "procedure_identifier": "D23", "transition_identifier": "PAYO2"}, "geometry": {"type": "MultiLineString", "coordinates": [[[103.87953889, 17.07352778], [103.96538056, 17.40362222], [104.32256667, 17.39061667], [104.29777778, 17.36709722]]]}}, {"type": "Feature", "properties": {"fid": 6854, "area_code": "PAC", "airport_identifier": "VTUI", "procedure_identifier": "D23", "transition_identifier": "VANON"}, "geometry": {"type": "MultiLineString", "coordinates": [[[104.414625, 17.31081389], [104.32256667, 17.39061667], [104.29777778, 17.36709722]]]}}, {"type": "Feature", "properties": {"fid": 6858, "area_code": "PAC", "airport_identifier": "VTUI", "procedure_identifier": "D23", "transition_identifier": null}, "geometry": {"type": "MultiLineString", "coordinates": [[[104.29777778, 17.36709722], [104.18257222, 17.257675], [104.13675, 17.21411111]]]}}, {"type": "Feature", "properties": {"fid": 6862, "area_code": "PAC", "airport_identifier": "VTUI", "procedure_identifier": "D23", "transition_identifier": null}, "geometry": {"type": "MultiLineString", "coordinates": [[[104.29777778, 17.36709722], [104.29777778, 17.36709722]]]}}, {"type": "Feature", "properties": {"fid": 6867, "area_code": "PAC", "airport_identifier": "VTUD", "procedure_identifier": "D30", "transition_identifier": "ATMOB"}, "geometry": {"type": "MultiLineString", "coordinates": [[[102.56363056, 17.18528333], [103.01869167, 17.29375], [102.98621389, 17.30586944]]]}}, {"type": "Feature", "properties": {"fid": 6872, "area_code": "PAC", "airport_identifier": "VTUD", "procedure_identifier": "D30", "transition_identifier": "BIGDI"}, "geometry": {"type": "MultiLineString", "coordinates": [[[102.67490278, 17.65226667], [103.01869167, 17.29375], [102.98621389, 17.30586944]]]}}, {"type": "Feature", "properties": {"fid": 6877, "area_code": "PAC", "airport_identifier": "VTUD", "procedure_identifier": "D30", "transition_identifier": "DUBMO"}, "geometry": {"type": "MultiLineString", "coordinates": [[[102.95433333, 17.158125], [103.01869167, 17.29375], [102.98621389, 17.30586944]]]}}, {"type": "Feature", "properties": {"fid": 6881, "area_code": "PAC", "airport_identifier": "VTUD", "procedure_identifier": "D30", "transition_identifier": "IDRON"}, "geometry": {"type": "MultiLineString", "coordinates": [[[103.16975556, 17.3361], [103.08307778, 17.34679722], [102.98621389, 17.30586944]]]}}, {"type": "Feature", "properties": {"fid": 6886, "area_code": "PAC", "airport_identifier": "VTUD", "procedure_identifier": "D30", "transition_identifier": "MULVA"}, "geometry": {"type": "MultiLineString", "coordinates": [[[102.77900556, 17.10004444], [103.01869167, 17.29375], [102.98621389, 17.30586944]]]}}, {"type": "Feature", "properties": {"fid": 6891, "area_code": "PAC", "airport_identifier": "VTUD", "procedure_identifier": "D30", "transition_identifier": "POKIR"}, "geometry": {"type": "MultiLineString", "coordinates": [[[102.47932778, 17.40264722], [103.01869167, 17.29375], [102.98621389, 17.30586944]]]}}, {"type": "Feature", "properties": {"fid": 6895, "area_code": "PAC", "airport_identifier": "VTUD", "procedure_identifier": "D30", "transition_identifier": "UDN1"}, "geometry": {"type": "MultiLineString", "coordinates": [[[102.77491667, 17.38475], [102.98621389, 17.30586944]]]}}, {"type": "Feature", "properties": {"fid": 6899, "area_code": "PAC", "airport_identifier": "VTUD", "procedure_identifier": "D30", "transition_identifier": "UDN2"}, "geometry": {"type": "MultiLineString", "coordinates": [[[102.77491667, 17.38475], [102.98621389, 17.30586944]]]}}, {"type": "Feature", "properties": {"fid": 6903, "area_code": "PAC", "airport_identifier": "VTUD", "procedure_identifier": "D30", "transition_identifier": null}, "geometry": {"type": "MultiLineString", "coordinates": [[[102.98621389, 17.30586944], [102.89481667, 17.34003611], [102.79898889, 17.3758]]]}}, {"type": "Feature", "properties": {"fid": 6907, "area_code": "PAC", "airport_identifier": "VTUD", "procedure_identifier": "D30", "transition_identifier": null}, "geometry": {"type": "MultiLineString", "coordinates": [[[102.98621389, 17.30586944], [102.98621389, 17.30586944]]]}}, {"type": "Feature", "properties": {"fid": 6911, "area_code": "PAC", "airport_identifier": "VTSM", "procedure_identifier": "R35", "transition_identifier": "DORNA"}, "geometry": {"type": "MultiLineString", "coordinates": [[[99.77058333, 9.41630556], [99.92788333, 9.3261], [100.08260833, 9.34098611]]]}}, {"type": "Feature", "properties": {"fid": 6917, "area_code": "PAC", "airport_identifier": "VTSM", "procedure_identifier": "R35", "transition_identifier": "ENRAG"}, "geometry": {"type": "MultiLineString", "coordinates": [[[100.15863056, 10.03980833], [100.17276944, 9.80558333], [100.19001667, 9.51938611], [100.20007778, 9.35223889], [100.08260833, 9.34098611]]]}}, {"type": "Feature", "properties": {"fid": 6921, "area_code": "PAC", "airport_identifier": "VTSM", "procedure_identifier": "R35", "transition_identifier": "MESEM"}, "geometry": {"type": "MultiLineString", "coordinates": [[[99.80440278, 9.12195833], [99.913875, 9.2082], [100.08260833, 9.34098611]]]}}, {"type": "Feature", "properties": {"fid": 6924, "area_code": "PAC", "airport_identifier": "VTSM", "procedure_identifier": "R35", "transition_identifier": "RUMVA"}, "geometry": {"type": "MultiLineString", "coordinates": [[[100.26658889, 9.28803611], [100.08260833, 9.34098611]]]}}, {"type": "Feature", "properties": {"fid": 6929, "area_code": "PAC", "airport_identifier": "VTSM", "procedure_identifier": "R35", "transition_identifier": "UPNEP"}, "geometry": {"type": "MultiLineString", "coordinates": [[[100.49344444, 9.70363889], [100.38142222, 9.52366111], [100.20007778, 9.35223889], [100.08260833, 9.34098611]]]}}, {"type": "Feature", "properties": {"fid": 6933, "area_code": "PAC", "airport_identifier": "VTSM", "procedure_identifier": "R35", "transition_identifier": null}, "geometry": {"type": "MultiLineString", "coordinates": [[[100.08260833, 9.34098611], [100.07271667, 9.44265278], [100.06314167, 9.54098611]]]}}, {"type": "Feature", "properties": {"fid": 6937, "area_code": "PAC", "airport_identifier": "VTSM", "procedure_identifier": "R35", "transition_identifier": null}, "geometry": {"type": "MultiLineString", "coordinates": [[[100.05827222, 9.59098611], [100.08260833, 9.34098611], [100.08260833, 9.34098611]]]}}, {"type": "Feature", "properties": {"fid": 6942, "area_code": "PAC", "airport_identifier": "VTSY", "procedure_identifier": "VORA", "transition_identifier": "ERVES"}, "geometry": {"type": "MultiLineString", "coordinates": [[[101.48144444, 6.20218889], [101.36493889, 6.05837778], [101.28255833, 6.01996111], [101.21844167, 5.99005]]]}}, {"type": "Feature", "properties": {"fid": 6946, "area_code": "PAC", "airport_identifier": "VTSY", "procedure_identifier": "VORA", "transition_identifier": "PETAC"}, "geometry": {"type": "MultiLineString", "coordinates": [[[101.32918889, 6.29439444], [101.26996111, 6.131675], [101.21844167, 5.99005]]]}}, {"type": "Feature", "properties": {"fid": 6951, "area_code": "PAC", "airport_identifier": "VTSY", "procedure_identifier": "VORA", "transition_identifier": null}, "geometry": {"type": "MultiLineString", "coordinates": [[[101.21844167, 5.99005], [101.20127222, 5.94283889], [101.185825, 5.90035], [101.17895833, 5.88146389]]]}}, {"type": "Feature", "properties": {"fid": 6957, "area_code": "PAC", "airport_identifier": "VTSY", "procedure_identifier": "VORA", "transition_identifier": null}, "geometry": {"type": "MultiLineString", "coordinates": [[[101.15265, 5.809075], [101.13549167, 5.76186111], [101.26996111, 6.131675], [101.26996111, 6.131675]]]}}, {"type": "Feature", "properties": {"fid": 6962, "area_code": "PAC", "airport_identifier": "VTBD", "procedure_identifier": "D21L", "transition_identifier": "BKK"}, "geometry": {"type": "MultiLineString", "coordinates": [[[100.59619444, 13.89352778], [100.74199722, 14.13995], [100.74199722, 14.13995], [100.69908056, 14.06749167]]]}}, {"type": "Feature", "properties": {"fid": 6966, "area_code": "PAC", "airport_identifier": "VTBD", "procedure_identifier": "D21L", "transition_identifier": null}, "geometry": {"type": "MultiLineString", "coordinates": [[[100.69908056, 14.06749167], [100.65447778, 13.992125], [100.62704444, 13.94574167]]]}}, {"type": "Feature", "properties": {"fid": 6971, "area_code": "PAC", "airport_identifier": "VTBD", "procedure_identifier": "D21L", "transition_identifier": null}, "geometry": {"type": "MultiLineString", "coordinates": [[[100.59619444, 13.89352778], [100.35633056, 13.80345278], [100.35633056, 13.80345278]]]}}, {"type": "Feature", "properties": {"fid": 6977, "area_code": "PAC", "airport_identifier": "VTCT", "procedure_identifier": "I03-Y", "transition_identifier": "CTR"}, "geometry": {"type": "MultiLineString", "coordinates": [[[99.88313889, 19.94886111], [99.92764167, 19.66693611], [99.93275278, 19.63448056], [99.71863056, 19.67165], [99.73890278, 19.70634444]]]}}, {"type": "Feature", "properties": {"fid": 6982, "area_code": "PAC", "airport_identifier": "VTCT", "procedure_identifier": "I03-Y", "transition_identifier": "IBANA"}, "geometry": {"type": "MultiLineString", "coordinates": [[[100.17793611, 20.16257222], [99.71863056, 19.67165], [99.73890278, 19.70634444]]]}}, {"type": "Feature", "properties": {"fid": 6987, "area_code": "PAC", "airport_identifier": "VTCT", "procedure_identifier": "I03-Y", "transition_identifier": "INTUP"}, "geometry": {"type": "MultiLineString", "coordinates": [[[99.93803611, 19.60074444], [99.71863056, 19.67165], [99.73890278, 19.70634444]]]}}, {"type": "Feature", "properties": {"fid": 6992, "area_code": "PAC", "airport_identifier": "VTCT", "procedure_identifier": "I03-Y", "transition_identifier": "NOKUS"}, "geometry": {"type": "MultiLineString", "coordinates": [[[100.10650278, 19.667475], [99.71863056, 19.67165], [99.73890278, 19.70634444]]]}}, {"type": "Feature", "properties": {"fid": 6996, "area_code": "PAC", "airport_identifier": "VTCT", "procedure_identifier": "I03-Y", "transition_identifier": "PATGU"}, "geometry": {"type": "MultiLineString", "coordinates": [[[99.60925556, 19.59914167], [99.73890278, 19.70634444]]]}}, {"type": "Feature", "properties": {"fid": 7000, "area_code": "PAC", "airport_identifier": "VTCT", "procedure_identifier": "I03-Y", "transition_identifier": null}, "geometry": {"type": "MultiLineString", "coordinates": [[[99.73890278, 19.70634444], [99.81424167, 19.83513611], [99.87600278, 19.94048333]]]}}, {"type": "Feature", "properties": {"fid": 7005, "area_code": "PAC", "airport_identifier": "VTCT", "procedure_identifier": "I03-Y", "transition_identifier": null}, "geometry": {"type": "MultiLineString", "coordinates": [[[100.10650278, 19.667475], [100.10650278, 19.667475]]]}}, {"type": "Feature", "properties": {"fid": 7008, "area_code": "PAC", "airport_identifier": "VTPO", "procedure_identifier": "R18", "transition_identifier": "AKTIK"}, "geometry": {"type": "MultiLineString", "coordinates": [[[99.68332778, 17.45888611], [99.82278056, 17.45631111]]]}}, {"type": "Feature", "properties": {"fid": 7013, "area_code": "PAC", "airport_identifier": "VTPO", "procedure_identifier": "R18", "transition_identifier": "KIMET"}, "geometry": {"type": "MultiLineString", "coordinates": [[[99.74147778, 16.82433333], [100.00771389, 17.19175833], [99.96222778, 17.45363889], [99.82278056, 17.45631111]]]}}, {"type": "Feature", "properties": {"fid": 7016, "area_code": "PAC", "airport_identifier": "VTPO", "procedure_identifier": "R18", "transition_identifier": "OPELO"}, "geometry": {"type": "MultiLineString", "coordinates": [[[100.00210278, 17.70674167], [99.82278056, 17.45631111]]]}}, {"type": "Feature", "properties": {"fid": 7020, "area_code": "PAC", "airport_identifier": "VTPO", "procedure_identifier": "R18", "transition_identifier": null}, "geometry": {"type": "MultiLineString", "coordinates": [[[99.82278056, 17.45631111], [99.82073333, 17.35592778], [99.818525, 17.24718056]]]}}, {"type": "Feature", "properties": {"fid": 7024, "area_code": "PAC", "airport_identifier": "VTPO", "procedure_identifier": "R18", "transition_identifier": null}, "geometry": {"type": "MultiLineString", "coordinates": [[[99.82278056, 17.45631111], [99.82278056, 17.45631111]]]}}, {"type": "Feature", "properties": {"fid": 7028, "area_code": "PAC", "airport_identifier": "VTCL", "procedure_identifier": "L36-Z", "transition_identifier": "BOVBA"}, "geometry": {"type": "MultiLineString", "coordinates": [[[99.45238056, 18.02659444], [99.48393611, 18.06697778], [99.51752778, 18.10993889]]]}}, {"type": "Feature", "properties": {"fid": 7032, "area_code": "PAC", "airport_identifier": "VTCL", "procedure_identifier": "L36-Z", "transition_identifier": "IGNUM"}, "geometry": {"type": "MultiLineString", "coordinates": [[[99.64553611, 18.00539444], [99.57903333, 18.05972778], [99.51752778, 18.10993889]]]}}, {"type": "Feature", "properties": {"fid": 7037, "area_code": "PAC", "airport_identifier": "VTCL", "procedure_identifier": "L36-Z", "transition_identifier": null}, "geometry": {"type": "MultiLineString", "coordinates": [[[99.51752778, 18.10993889], [99.51019722, 18.19831111], [99.50770556, 18.22858889], [99.50481944, 18.26323611]]]}}, {"type": "Feature", "properties": {"fid": 7043, "area_code": "PAC", "airport_identifier": "VTCL", "procedure_identifier": "L36-Z", "transition_identifier": null}, "geometry": {"type": "MultiLineString", "coordinates": [[[99.49713056, 18.35495278], [99.67181389, 18.36820833], [99.68255556, 18.23818889], [99.64553611, 18.00539444], [99.64553611, 18.00539444]]]}}, {"type": "Feature", "properties": {"fid": 7046, "area_code": "PAC", "airport_identifier": "VTSB", "procedure_identifier": "R04", "transition_identifier": "EMTOB"}, "geometry": {"type": "MultiLineString", "coordinates": [[[98.91629167, 8.87650278], [98.98106944, 8.97443333]]]}}, {"type": "Feature", "properties": {"fid": 7049, "area_code": "PAC", "airport_identifier": "VTSB", "procedure_identifier": "R04", "transition_identifier": "MULRO"}, "geometry": {"type": "MultiLineString", "coordinates": [[[99.01958333, 8.86365278], [98.98106944, 8.97443333]]]}}, {"type": "Feature", "properties": {"fid": 7052, "area_code": "PAC", "airport_identifier": "VTSB", "procedure_identifier": "R04", "transition_identifier": "VARSA"}, "geometry": {"type": "MultiLineString", "coordinates": [[[98.87228056, 9.07938889], [98.98106944, 8.97443333]]]}}, {"type": "Feature", "properties": {"fid": 7055, "area_code": "PAC", "airport_identifier": "VTSB", "procedure_identifier": "R04", "transition_identifier": "VELRA"}, "geometry": {"type": "MultiLineString", "coordinates": [[[99.06563889, 8.89278056], [98.98106944, 8.97443333]]]}}, {"type": "Feature", "properties": {"fid": 7061, "area_code": "PAC", "airport_identifier": "VTSB", "procedure_identifier": "R04", "transition_identifier": null}, "geometry": {"type": "MultiLineString", "coordinates": [[[98.98106944, 8.97443333], [99.00570278, 8.99966389], [99.04739444, 9.04235], [99.09433889, 9.0904], [99.12603333, 9.12283056]]]}}, {"type": "Feature", "properties": {"fid": 7067, "area_code": "PAC", "airport_identifier": "VTSB", "procedure_identifier": "R04", "transition_identifier": null}, "geometry": {"type": "MultiLineString", "coordinates": [[[99.27081389, 9.10271111], [99.06563889, 8.89278056], [98.98106944, 8.97443333], [98.98106944, 8.97443333]]]}}, {"type": "Feature", "properties": {"fid": 7073, "area_code": "PAC", "airport_identifier": "VTUO", "procedure_identifier": "R22", "transition_identifier": "RAMEI"}, "geometry": {"type": "MultiLineString", "coordinates": [[[103.01111667, 15.04448611], [103.1601, 15.30465556], [103.27023333, 15.45676111], [103.36903889, 15.38937778]]]}}, {"type": "Feature", "properties": {"fid": 7076, "area_code": "PAC", "airport_identifier": "VTUO", "procedure_identifier": "R22", "transition_identifier": "UBMEM"}, "geometry": {"type": "MultiLineString", "coordinates": [[[103.43538611, 15.54239444], [103.36903889, 15.38937778]]]}}, {"type": "Feature", "properties": {"fid": 7081, "area_code": "PAC", "airport_identifier": "VTUO", "procedure_identifier": "R22", "transition_identifier": "VIREB"}, "geometry": {"type": "MultiLineString", "coordinates": [[[103.617575, 15.13085], [103.56475, 15.19748889], [103.46777778, 15.32195278], [103.36903889, 15.38937778]]]}}, {"type": "Feature", "properties": {"fid": 7085, "area_code": "PAC", "airport_identifier": "VTUO", "procedure_identifier": "R22", "transition_identifier": null}, "geometry": {"type": "MultiLineString", "coordinates": [[[103.36903889, 15.38937778], [103.29951944, 15.29346111], [103.25886667, 15.23732222]]]}}, {"type": "Feature", "properties": {"fid": 7089, "area_code": "PAC", "airport_identifier": "VTUO", "procedure_identifier": "R22", "transition_identifier": null}, "geometry": {"type": "MultiLineString", "coordinates": [[[103.36903889, 15.38937778], [103.36903889, 15.38937778]]]}}, {"type": "Feature", "properties": {"fid": 7092, "area_code": "PAC", "airport_identifier": "VTUI", "procedure_identifier": "R05", "transition_identifier": "MASIO"}, "geometry": {"type": "MultiLineString", "coordinates": [[[103.68525278, 16.96696389], [103.9648, 17.04715833]]]}}, {"type": "Feature", "properties": {"fid": 7095, "area_code": "PAC", "airport_identifier": "VTUI", "procedure_identifier": "R05", "transition_identifier": "PATAN"}, "geometry": {"type": "MultiLineString", "coordinates": [[[103.62086389, 17.27980278], [103.9648, 17.04715833]]]}}, {"type": "Feature", "properties": {"fid": 7100, "area_code": "PAC", "airport_identifier": "VTUI", "procedure_identifier": "R05", "transition_identifier": "VANON"}, "geometry": {"type": "MultiLineString", "coordinates": [[[104.414625, 17.31081389], [104.26006944, 17.09445278], [104.08780833, 16.92886389], [103.9648, 17.04715833]]]}}, {"type": "Feature", "properties": {"fid": 7105, "area_code": "PAC", "airport_identifier": "VTUI", "procedure_identifier": "R05", "transition_identifier": null}, "geometry": {"type": "MultiLineString", "coordinates": [[[103.9648, 17.04715833], [104.03366667, 17.11345278], [104.05089167, 17.13005], [104.10996944, 17.18682222]]]}}, {"type": "Feature", "properties": {"fid": 7109, "area_code": "PAC", "airport_identifier": "VTUI", "procedure_identifier": "R05", "transition_identifier": null}, "geometry": {"type": "MultiLineString", "coordinates": [[[103.9648, 17.04715833], [103.9648, 17.04715833]]]}}, {"type": "Feature", "properties": {"fid": 7113, "area_code": "PAC", "airport_identifier": "VTSE", "procedure_identifier": "R24", "transition_identifier": "ANDET"}, "geometry": {"type": "MultiLineString", "coordinates": [[[99.68973889, 11.06363611], [99.60990556, 10.97694722], [99.56966944, 10.82955278]]]}}, {"type": "Feature", "properties": {"fid": 7118, "area_code": "PAC", "airport_identifier": "VTSE", "procedure_identifier": "R24", "transition_identifier": "MAGMI"}, "geometry": {"type": "MultiLineString", "coordinates": [[[99.17076389, 10.47946667], [99.40866944, 10.60270556], [99.62875278, 10.72795], [99.56966944, 10.82955278]]]}}, {"type": "Feature", "properties": {"fid": 7122, "area_code": "PAC", "airport_identifier": "VTSE", "procedure_identifier": "R24", "transition_identifier": null}, "geometry": {"type": "MultiLineString", "coordinates": [[[99.56966944, 10.82955278], [99.45514167, 10.76440556], [99.37003889, 10.71594722]]]}}, {"type": "Feature", "properties": {"fid": 7126, "area_code": "PAC", "airport_identifier": "VTSE", "procedure_identifier": "R24", "transition_identifier": null}, "geometry": {"type": "MultiLineString", "coordinates": [[[99.56966944, 10.82955278], [99.56966944, 10.82955278]]]}}, {"type": "Feature", "properties": {"fid": 7129, "area_code": "PAC", "airport_identifier": "VTUK", "procedure_identifier": "N03-Z", "transition_identifier": null}, "geometry": {"type": "MultiLineString", "coordinates": [[[102.72994444, 16.40148056], [102.77669167, 16.45617222]]]}}, {"type": "Feature", "properties": {"fid": 7134, "area_code": "PAC", "airport_identifier": "VTUK", "procedure_identifier": "N03-Z", "transition_identifier": null}, "geometry": {"type": "MultiLineString", "coordinates": [[[102.7845, 16.46202778], [102.7845, 16.46202778], [102.7845, 16.46202778]]]}}, {"type": "Feature", "properties": {"fid": 7138, "area_code": "PAC", "airport_identifier": "VTCH", "procedure_identifier": "R29-A", "transition_identifier": "BOKIB"}, "geometry": {"type": "MultiLineString", "coordinates": [[[98.37366667, 19.076], [98.1293, 19.50131111], [98.02345556, 19.49978333]]]}}, {"type": "Feature", "properties": {"fid": 7141, "area_code": "PAC", "airport_identifier": "VTCH", "procedure_identifier": "R29-A", "transition_identifier": "DANPU"}, "geometry": {"type": "MultiLineString", "coordinates": [[[98.1293, 19.50131111], [98.02345556, 19.49978333]]]}}, {"type": "Feature", "properties": {"fid": 7145, "area_code": "PAC", "airport_identifier": "VTCH", "procedure_identifier": "R29-A", "transition_identifier": "DOMKA"}, "geometry": {"type": "MultiLineString", "coordinates": [[[98.43385556, 19.23871667], [98.1293, 19.50131111], [98.02345556, 19.49978333]]]}}, {"type": "Feature", "properties": {"fid": 7150, "area_code": "PAC", "airport_identifier": "VTCH", "procedure_identifier": "R29-A", "transition_identifier": null}, "geometry": {"type": "MultiLineString", "coordinates": [[[98.02345556, 19.49978333], [97.98838056, 19.45797778], [97.93561389, 19.39504167], [97.92309444, 19.35493889]]]}}, {"type": "Feature", "properties": {"fid": 7157, "area_code": "PAC", "airport_identifier": "VTCH", "procedure_identifier": "R29-A", "transition_identifier": null}, "geometry": {"type": "MultiLineString", "coordinates": [[[97.91208333, 19.31964722], [97.92221944, 18.96837778], [97.99368056, 19.10243889], [98.1343, 19.19637778], [98.1293, 19.50131111], [98.1293, 19.50131111]]]}}, {"type": "Feature", "properties": {"fid": 7162, "area_code": "PAC", "airport_identifier": "VTSC", "procedure_identifier": "R20", "transition_identifier": "ERVES"}, "geometry": {"type": "MultiLineString", "coordinates": [[[101.48144444, 6.20218889], [101.66110278, 6.66760278], [101.74359444, 6.81335833], [101.84561667, 6.755625]]]}}, {"type": "Feature", "properties": {"fid": 7166, "area_code": "PAC", "airport_identifier": "VTSC", "procedure_identifier": "R20", "transition_identifier": "NUBKA"}, "geometry": {"type": "MultiLineString", "coordinates": [[[101.57383889, 6.90932778], [101.74359444, 6.81335833], [101.84561667, 6.755625]]]}}, {"type": "Feature", "properties": {"fid": 7170, "area_code": "PAC", "airport_identifier": "VTSC", "procedure_identifier": "R20", "transition_identifier": null}, "geometry": {"type": "MultiLineString", "coordinates": [[[101.84561667, 6.755625], [101.78564444, 6.61734722], [101.74700556, 6.52820833]]]}}, {"type": "Feature", "properties": {"fid": 7174, "area_code": "PAC", "airport_identifier": "VTSC", "procedure_identifier": "R20", "transition_identifier": null}, "geometry": {"type": "MultiLineString", "coordinates": [[[101.84561667, 6.755625], [101.84561667, 6.755625]]]}}, {"type": "Feature", "properties": {"fid": 7178, "area_code": "PAC", "airport_identifier": "VTPM", "procedure_identifier": "R27", "transition_identifier": "KADAV"}, "geometry": {"type": "MultiLineString", "coordinates": [[[98.89469167, 16.7984], [98.86457222, 16.75743056], [98.82515556, 16.70378333]]]}}, {"type": "Feature", "properties": {"fid": 7182, "area_code": "PAC", "airport_identifier": "VTPM", "procedure_identifier": "R27", "transition_identifier": "LARAK"}, "geometry": {"type": "MultiLineString", "coordinates": [[[98.75552778, 16.89979167], [98.82347222, 16.82091667], [98.82515556, 16.70378333]]]}}, {"type": "Feature", "properties": {"fid": 7185, "area_code": "PAC", "airport_identifier": "VTPM", "procedure_identifier": "R27", "transition_identifier": "TORAN"}, "geometry": {"type": "MultiLineString", "coordinates": [[[98.87192778, 16.594825], [98.82515556, 16.70378333]]]}}, {"type": "Feature", "properties": {"fid": 7188, "area_code": "PAC", "airport_identifier": "VTPM", "procedure_identifier": "R27", "transition_identifier": "URGUM"}, "geometry": {"type": "MultiLineString", "coordinates": [[[98.88953056, 16.69835833], [98.82515556, 16.70378333]]]}}, {"type": "Feature", "properties": {"fid": 7194, "area_code": "PAC", "airport_identifier": "VTPM", "procedure_identifier": "R27", "transition_identifier": null}, "geometry": {"type": "MultiLineString", "coordinates": [[[98.82515556, 16.70378333], [98.69886944, 16.70205278], [98.672825, 16.70168889], [98.634625, 16.70115], [98.58774722, 16.70047778]]]}}, {"type": "Feature", "properties": {"fid": 7201, "area_code": "PAC", "airport_identifier": "VTPM", "procedure_identifier": "R27", "transition_identifier": null}, "geometry": {"type": "MultiLineString", "coordinates": [[[98.56544722, 16.81609167], [98.60164722, 16.89760556], [98.75552778, 16.89979167], [98.82347222, 16.82091667], [98.82515556, 16.70378333], [98.82515556, 16.70378333]]]}}, {"type": "Feature", "properties": {"fid": 7206, "area_code": "PAC", "airport_identifier": "VTPH", "procedure_identifier": "Q16", "transition_identifier": "CHANG"}, "geometry": {"type": "MultiLineString", "coordinates": [[[100.1273, 12.81651389], [99.92640556, 12.867525], [99.89541389, 12.84505278]]]}}, {"type": "Feature", "properties": {"fid": 7211, "area_code": "PAC", "airport_identifier": "VTPH", "procedure_identifier": "Q16", "transition_identifier": null}, "geometry": {"type": "MultiLineString", "coordinates": [[[99.89541389, 12.84505278], [99.91781389, 12.76435], [99.92638333, 12.72321667], [99.93670278, 12.68258889]]]}}, {"type": "Feature", "properties": {"fid": 7215, "area_code": "PAC", "airport_identifier": "VTPH", "procedure_identifier": "Q16", "transition_identifier": null}, "geometry": {"type": "MultiLineString", "coordinates": [[[100.1273, 12.81651389], [100.1273, 12.81651389]]]}}, {"type": "Feature", "properties": {"fid": 7220, "area_code": "PAC", "airport_identifier": "VTBK", "procedure_identifier": "S21", "transition_identifier": null}, "geometry": {"type": "MultiLineString", "coordinates": [[[99.95431111, 14.16575278], [99.93154167, 14.12832778]]]}}, {"type": "Feature", "properties": {"fid": 7228, "area_code": "PAC", "airport_identifier": "VTUD", "procedure_identifier": "D12", "transition_identifier": "ATMOB"}, "geometry": {"type": "MultiLineString", "coordinates": [[[102.56363056, 17.18528333], [102.51933611, 17.43698333], [102.56066389, 17.52830833], [102.58926667, 17.50914722]]]}}, {"type": "Feature", "properties": {"fid": 7233, "area_code": "PAC", "airport_identifier": "VTUD", "procedure_identifier": "D12", "transition_identifier": "BIGDI"}, "geometry": {"type": "MultiLineString", "coordinates": [[[102.67490278, 17.65226667], [102.56066389, 17.52830833], [102.58926667, 17.50914722]]]}}, {"type": "Feature", "properties": {"fid": 7238, "area_code": "PAC", "airport_identifier": "VTUD", "procedure_identifier": "D12", "transition_identifier": "IDRON"}, "geometry": {"type": "MultiLineString", "coordinates": [[[103.16975556, 17.3361], [103.03431944, 17.35279444], [102.56066389, 17.52830833], [102.58926667, 17.50914722]]]}}, {"type": "Feature", "properties": {"fid": 7244, "area_code": "PAC", "airport_identifier": "VTUD", "procedure_identifier": "D12", "transition_identifier": "MULVA"}, "geometry": {"type": "MultiLineString", "coordinates": [[[102.77900556, 17.10004444], [102.51933611, 17.43698333], [102.56066389, 17.52830833], [102.58926667, 17.50914722]]]}}, {"type": "Feature", "properties": {"fid": 7250, "area_code": "PAC", "airport_identifier": "VTUD", "procedure_identifier": "D12", "transition_identifier": "POKIR"}, "geometry": {"type": "MultiLineString", "coordinates": [[[102.47932778, 17.40264722], [102.51933611, 17.43698333], [102.56066389, 17.52830833], [102.58926667, 17.50914722]]]}}, {"type": "Feature", "properties": {"fid": 7254, "area_code": "PAC", "airport_identifier": "VTUD", "procedure_identifier": "D12", "transition_identifier": "UDN1"}, "geometry": {"type": "MultiLineString", "coordinates": [[[102.77491667, 17.38475], [102.58926667, 17.50914722]]]}}, {"type": "Feature", "properties": {"fid": 7258, "area_code": "PAC", "airport_identifier": "VTUD", "procedure_identifier": "D12", "transition_identifier": "UDN2"}, "geometry": {"type": "MultiLineString", "coordinates": [[[102.77491667, 17.38475], [102.58926667, 17.50914722]]]}}, {"type": "Feature", "properties": {"fid": 7262, "area_code": "PAC", "airport_identifier": "VTUD", "procedure_identifier": "D12", "transition_identifier": null}, "geometry": {"type": "MultiLineString", "coordinates": [[[102.58926667, 17.50914722], [102.68749722, 17.44338611], [102.77181389, 17.38686111]]]}}, {"type": "Feature", "properties": {"fid": 7266, "area_code": "PAC", "airport_identifier": "VTUD", "procedure_identifier": "D12", "transition_identifier": null}, "geometry": {"type": "MultiLineString", "coordinates": [[[102.58926667, 17.50914722], [102.58926667, 17.50914722]]]}}, {"type": "Feature", "properties": {"fid": 7269, "area_code": "PAC", "airport_identifier": "VTUD", "procedure_identifier": "I30-Z", "transition_identifier": "ALDES"}, "geometry": {"type": "MultiLineString", "coordinates": [[[103.03570833, 17.39658333], [102.98016667, 17.29229444]]]}}, {"type": "Feature", "properties": {"fid": 7272, "area_code": "PAC", "airport_identifier": "VTUD", "procedure_identifier": "I30-Z", "transition_identifier": "LATUR"}, "geometry": {"type": "MultiLineString", "coordinates": [[[103.0577, 17.25419167], [102.98016667, 17.29229444]]]}}, {"type": "Feature", "properties": {"fid": 7275, "area_code": "PAC", "airport_identifier": "VTUD", "procedure_identifier": "I30-Z", "transition_identifier": "OTLOR"}, "geometry": {"type": "MultiLineString", "coordinates": [[[102.92469167, 17.18798889], [102.98016667, 17.29229444]]]}}, {"type": "Feature", "properties": {"fid": 7279, "area_code": "PAC", "airport_identifier": "VTUD", "procedure_identifier": "I30-Z", "transition_identifier": null}, "geometry": {"type": "MultiLineString", "coordinates": [[[102.98016667, 17.29229444], [102.89260556, 17.33528056], [102.80103611, 17.38017222]]]}}, {"type": "Feature", "properties": {"fid": 7285, "area_code": "PAC", "airport_identifier": "VTUD", "procedure_identifier": "I30-Z", "transition_identifier": null}, "geometry": {"type": "MultiLineString", "coordinates": [[[102.86830833, 17.478725], [103.03570833, 17.39658333], [102.98016667, 17.29229444], [102.98016667, 17.29229444]]]}}, {"type": "Feature", "properties": {"fid": 7288, "area_code": "PAC", "airport_identifier": "VTBU", "procedure_identifier": "R36", "transition_identifier": "HAMOO"}, "geometry": {"type": "MultiLineString", "coordinates": [[[100.85465833, 12.52714167], [100.99239167, 12.52717778]]]}}, {"type": "Feature", "properties": {"fid": 7291, "area_code": "PAC", "airport_identifier": "VTBU", "procedure_identifier": "R36", "transition_identifier": "MONJA"}, "geometry": {"type": "MultiLineString", "coordinates": [[[101.10568333, 12.45024722], [100.99239167, 12.52717778]]]}}, {"type": "Feature", "properties": {"fid": 7295, "area_code": "PAC", "airport_identifier": "VTBU", "procedure_identifier": "R36", "transition_identifier": null}, "geometry": {"type": "MultiLineString", "coordinates": [[[100.99239167, 12.52717778], [100.999275, 12.61061111], [101.00368333, 12.66400556]]]}}, {"type": "Feature", "properties": {"fid": 7299, "area_code": "PAC", "airport_identifier": "VTBU", "procedure_identifier": "R36", "transition_identifier": null}, "geometry": {"type": "MultiLineString", "coordinates": [[[101.21364722, 12.81491389], [101.21364722, 12.81491389]]]}}, {"type": "Feature", "properties": {"fid": 7303, "area_code": "PAC", "airport_identifier": "VTCH", "procedure_identifier": "R11-A", "transition_identifier": "BOKIB"}, "geometry": {"type": "MultiLineString", "coordinates": [[[98.37366667, 19.076], [98.1293, 19.50131111], [98.02345556, 19.49978333]]]}}, {"type": "Feature", "properties": {"fid": 7306, "area_code": "PAC", "airport_identifier": "VTCH", "procedure_identifier": "R11-A", "transition_identifier": "DANPU"}, "geometry": {"type": "MultiLineString", "coordinates": [[[98.1293, 19.50131111], [98.02345556, 19.49978333]]]}}, {"type": "Feature", "properties": {"fid": 7310, "area_code": "PAC", "airport_identifier": "VTCH", "procedure_identifier": "R11-A", "transition_identifier": "DOMKA"}, "geometry": {"type": "MultiLineString", "coordinates": [[[98.43385556, 19.23871667], [98.1293, 19.50131111], [98.02345556, 19.49978333]]]}}, {"type": "Feature", "properties": {"fid": 7315, "area_code": "PAC", "airport_identifier": "VTCH", "procedure_identifier": "R11-A", "transition_identifier": null}, "geometry": {"type": "MultiLineString", "coordinates": [[[98.02345556, 19.49978333], [97.98838056, 19.45797778], [97.93561389, 19.39504167], [97.92309444, 19.35493889]]]}}, {"type": "Feature", "properties": {"fid": 7322, "area_code": "PAC", "airport_identifier": "VTCH", "procedure_identifier": "R11-A", "transition_identifier": null}, "geometry": {"type": "MultiLineString", "coordinates": [[[97.91208333, 19.31964722], [97.92221944, 18.96837778], [97.99368056, 19.10243889], [98.1343, 19.19637778], [98.1293, 19.50131111], [98.1293, 19.50131111]]]}}, {"type": "Feature", "properties": {"fid": 7326, "area_code": "PAC", "airport_identifier": "VTUL", "procedure_identifier": "D19", "transition_identifier": "LOY1"}, "geometry": {"type": "MultiLineString", "coordinates": [[[101.72308333, 17.44702778], [101.78189167, 17.622125]]]}}, {"type": "Feature", "properties": {"fid": 7330, "area_code": "PAC", "airport_identifier": "VTUL", "procedure_identifier": "D19", "transition_identifier": "LOY2"}, "geometry": {"type": "MultiLineString", "coordinates": [[[101.72308333, 17.44702778], [101.78189167, 17.622125]]]}}, {"type": "Feature", "properties": {"fid": 7336, "area_code": "PAC", "airport_identifier": "VTUL", "procedure_identifier": "D19", "transition_identifier": "NOGAD"}, "geometry": {"type": "MultiLineString", "coordinates": [[[102.00579722, 17.64269167], [101.935075, 17.59383333], [101.79259167, 17.65394167], [101.78189167, 17.622125]]]}}, {"type": "Feature", "properties": {"fid": 7342, "area_code": "PAC", "airport_identifier": "VTUL", "procedure_identifier": "D19", "transition_identifier": "RIBDO"}, "geometry": {"type": "MultiLineString", "coordinates": [[[101.48821667, 17.33713333], [101.55153889, 17.58909722], [101.79259167, 17.65394167], [101.78189167, 17.622125]]]}}, {"type": "Feature", "properties": {"fid": 7347, "area_code": "PAC", "airport_identifier": "VTUL", "procedure_identifier": "D19", "transition_identifier": "SWENI"}, "geometry": {"type": "MultiLineString", "coordinates": [[[101.98409167, 17.43205833], [101.79259167, 17.65394167], [101.78189167, 17.622125]]]}}, {"type": "Feature", "properties": {"fid": 7353, "area_code": "PAC", "airport_identifier": "VTUL", "procedure_identifier": "D19", "transition_identifier": "UPMEN"}, "geometry": {"type": "MultiLineString", "coordinates": [[[101.46413056, 17.41324444], [101.55153889, 17.58909722], [101.79259167, 17.65394167], [101.78189167, 17.622125]]]}}, {"type": "Feature", "properties": {"fid": 7359, "area_code": "PAC", "airport_identifier": "VTUL", "procedure_identifier": "D19", "transition_identifier": null}, "geometry": {"type": "MultiLineString", "coordinates": [[[101.78189167, 17.622125], [101.75999167, 17.55694444], [101.74662222, 17.517125], [101.73646667, 17.48686389], [101.72363889, 17.44863333]]]}}, {"type": "Feature", "properties": {"fid": 7363, "area_code": "PAC", "airport_identifier": "VTUL", "procedure_identifier": "D19", "transition_identifier": null}, "geometry": {"type": "MultiLineString", "coordinates": [[[101.78189167, 17.622125], [101.78189167, 17.622125]]]}}, {"type": "Feature", "properties": {"fid": 7366, "area_code": "PAC", "airport_identifier": "VTCT", "procedure_identifier": "I03-Z", "transition_identifier": "BENVI"}, "geometry": {"type": "MultiLineString", "coordinates": [[[99.96139444, 19.45181111], [99.73890278, 19.70634444]]]}}, {"type": "Feature", "properties": {"fid": 7370, "area_code": "PAC", "airport_identifier": "VTCT", "procedure_identifier": "I03-Z", "transition_identifier": "DUBEN"}, "geometry": {"type": "MultiLineString", "coordinates": [[[100.20189722, 19.54706111], [99.84705278, 19.6496], [99.73890278, 19.70634444]]]}}, {"type": "Feature", "properties": {"fid": 7373, "area_code": "PAC", "airport_identifier": "VTCT", "procedure_identifier": "I03-Z", "transition_identifier": "NUMDO"}, "geometry": {"type": "MultiLineString", "coordinates": [[[99.56719167, 19.54539722], [99.73890278, 19.70634444]]]}}, {"type": "Feature", "properties": {"fid": 7379, "area_code": "PAC", "airport_identifier": "VTCT", "procedure_identifier": "I03-Z", "transition_identifier": "PONUK"}, "geometry": {"type": "MultiLineString", "coordinates": [[[100.38494444, 20.31613889], [100.05831944, 20.00973056], [99.97239722, 19.86349167], [99.84705278, 19.6496], [99.73890278, 19.70634444]]]}}, {"type": "Feature", "properties": {"fid": 7383, "area_code": "PAC", "airport_identifier": "VTCT", "procedure_identifier": "I03-Z", "transition_identifier": null}, "geometry": {"type": "MultiLineString", "coordinates": [[[99.73890278, 19.70634444], [99.81424167, 19.83513611], [99.87600278, 19.94048333]]]}}, {"type": "Feature", "properties": {"fid": 7387, "area_code": "PAC", "airport_identifier": "VTCT", "procedure_identifier": "I03-Z", "transition_identifier": null}, "geometry": {"type": "MultiLineString", "coordinates": [[[100.05831944, 20.00973056], [100.05831944, 20.00973056]]]}}, {"type": "Feature", "properties": {"fid": 7393, "area_code": "PAC", "airport_identifier": "VTBD", "procedure_identifier": "D03R", "transition_identifier": "D034H"}, "geometry": {"type": "MultiLineString", "coordinates": [[[100.67088889, 14.00585278], [100.67088889, 14.00585278], [100.59619444, 13.89352778], [100.51600833, 13.86409444], [100.56411111, 13.81595278]]]}}, {"type": "Feature", "properties": {"fid": 7396, "area_code": "PAC", "airport_identifier": "VTBD", "procedure_identifier": "D03R", "transition_identifier": null}, "geometry": {"type": "MultiLineString", "coordinates": [[[100.56411111, 13.81595278], [100.59619444, 13.89352778]]]}}, {"type": "Feature", "properties": {"fid": 7401, "area_code": "PAC", "airport_identifier": "VTBD", "procedure_identifier": "D03R", "transition_identifier": null}, "geometry": {"type": "MultiLineString", "coordinates": [[[100.59619444, 13.89352778], [100.373725, 13.76791111], [100.373725, 13.76791111]]]}}, {"type": "Feature", "properties": {"fid": 7408, "area_code": "PAC", "airport_identifier": "VTUV", "procedure_identifier": "R18", "transition_identifier": "ANKID"}, "geometry": {"type": "MultiLineString", "coordinates": [[[103.51594444, 15.68018611], [103.55943611, 15.78950833], [103.64788333, 16.01193611], [103.65303333, 16.12898333], [103.66081944, 16.30566389], [103.78201389, 16.30066111]]]}}, {"type": "Feature", "properties": {"fid": 7415, "area_code": "PAC", "airport_identifier": "VTUV", "procedure_identifier": "R18", "transition_identifier": "BODUR"}, "geometry": {"type": "MultiLineString", "coordinates": [[[103.35755833, 15.81469444], [103.45666944, 15.88193056], [103.64788333, 16.01193611], [103.65303333, 16.12898333], [103.66081944, 16.30566389], [103.78201389, 16.30066111]]]}}, {"type": "Feature", "properties": {"fid": 7420, "area_code": "PAC", "airport_identifier": "VTUV", "procedure_identifier": "R18", "transition_identifier": "DOTUS"}, "geometry": {"type": "MultiLineString", "coordinates": [[[103.45876667, 16.51750278], [103.54343611, 16.42881111], [103.66081944, 16.30566389], [103.78201389, 16.30066111]]]}}, {"type": "Feature", "properties": {"fid": 7427, "area_code": "PAC", "airport_identifier": "VTUV", "procedure_identifier": "R18", "transition_identifier": "ENTEK"}, "geometry": {"type": "MultiLineString", "coordinates": [[[104.17341944, 15.79851944], [104.07624444, 15.86834722], [103.88990833, 16.00187222], [103.8952, 16.11891389], [103.9032, 16.29559167], [103.78201389, 16.30066111]]]}}, {"type": "Feature", "properties": {"fid": 7432, "area_code": "PAC", "airport_identifier": "VTUV", "procedure_identifier": "R18", "transition_identifier": "RURAR"}, "geometry": {"type": "MultiLineString", "coordinates": [[[104.24323611, 16.32862222], [104.07079167, 16.31194167], [103.9032, 16.29559167], [103.78201389, 16.30066111]]]}}, {"type": "Feature", "properties": {"fid": 7438, "area_code": "PAC", "airport_identifier": "VTUV", "procedure_identifier": "R18", "transition_identifier": "SEDNO"}, "geometry": {"type": "MultiLineString", "coordinates": [[[103.28532778, 16.29258611], [103.45300278, 16.29850833], [103.55690833, 16.30211111], [103.66081944, 16.30566389], [103.78201389, 16.30066111]]]}}, {"type": "Feature", "properties": {"fid": 7442, "area_code": "PAC", "airport_identifier": "VTUV", "procedure_identifier": "R18", "transition_identifier": null}, "geometry": {"type": "MultiLineString", "coordinates": [[[103.78201389, 16.30066111], [103.77773056, 16.20484722], [103.77422222, 16.12625833]]]}}, {"type": "Feature", "properties": {"fid": 7446, "area_code": "PAC", "airport_identifier": "VTUV", "procedure_identifier": "R18", "transition_identifier": null}, "geometry": {"type": "MultiLineString", "coordinates": [[[103.78201389, 16.30066111], [103.78201389, 16.30066111]]]}}, {"type": "Feature", "properties": {"fid": 7451, "area_code": "PAC", "airport_identifier": "VTPB", "procedure_identifier": "D36", "transition_identifier": "NISIP"}, "geometry": {"type": "MultiLineString", "coordinates": [[[100.9378, 16.70341111], [101.08065556, 16.48944722], [101.19071667, 16.45853611]]]}}, {"type": "Feature", "properties": {"fid": 7455, "area_code": "PAC", "airport_identifier": "VTPB", "procedure_identifier": "D36", "transition_identifier": "PCB1"}, "geometry": {"type": "MultiLineString", "coordinates": [[[101.19661111, 16.676], [101.19071667, 16.45853611]]]}}, {"type": "Feature", "properties": {"fid": 7459, "area_code": "PAC", "airport_identifier": "VTPB", "procedure_identifier": "D36", "transition_identifier": "PCB2"}, "geometry": {"type": "MultiLineString", "coordinates": [[[101.19661111, 16.676], [101.19071667, 16.45853611]]]}}, {"type": "Feature", "properties": {"fid": 7464, "area_code": "PAC", "airport_identifier": "VTPB", "procedure_identifier": "D36", "transition_identifier": "SABOR"}, "geometry": {"type": "MultiLineString", "coordinates": [[[101.45679444, 16.6633], [101.30232222, 16.483775], [101.19071667, 16.45853611]]]}}, {"type": "Feature", "properties": {"fid": 7468, "area_code": "PAC", "airport_identifier": "VTPB", "procedure_identifier": "D36", "transition_identifier": "TUVBO"}, "geometry": {"type": "MultiLineString", "coordinates": [[[101.05906111, 16.31348611], [101.07325, 16.35092222], [101.19071667, 16.45853611]]]}}, {"type": "Feature", "properties": {"fid": 7472, "area_code": "PAC", "airport_identifier": "VTPB", "procedure_identifier": "D36", "transition_identifier": null}, "geometry": {"type": "MultiLineString", "coordinates": [[[101.19071667, 16.45853611], [101.19395278, 16.57617778], [101.1951, 16.66653333]]]}}, {"type": "Feature", "properties": {"fid": 7477, "area_code": "PAC", "airport_identifier": "VTPB", "procedure_identifier": "D36", "transition_identifier": null}, "geometry": {"type": "MultiLineString", "coordinates": [[[101.26851389, 16.91728889], [101.45679444, 16.6633], [101.45679444, 16.6633]]]}}, {"type": "Feature", "properties": {"fid": 7481, "area_code": "PAC", "airport_identifier": "VTBS", "procedure_identifier": "I19-Z", "transition_identifier": "LETMA"}, "geometry": {"type": "MultiLineString", "coordinates": [[[100.846425, 14.01610833], [100.82506389, 13.93505278], [100.80371667, 13.85399722]]]}}, {"type": "Feature", "properties": {"fid": 7485, "area_code": "PAC", "airport_identifier": "VTBS", "procedure_identifier": "I19-Z", "transition_identifier": null}, "geometry": {"type": "MultiLineString", "coordinates": [[[100.80371667, 13.85399722], [100.78179167, 13.77066944], [100.76103333, 13.69171389]]]}}, {"type": "Feature", "properties": {"fid": 7491, "area_code": "PAC", "airport_identifier": "VTBS", "procedure_identifier": "I19-Z", "transition_identifier": null}, "geometry": {"type": "MultiLineString", "coordinates": [[[100.75183056, 13.65669722], [100.78207222, 13.60665556], [100.98096667, 13.72095833], [101.02458889, 13.88437222], [101.02458889, 13.88437222]]]}}, {"type": "Feature", "properties": {"fid": 7494, "area_code": "PAC", "airport_identifier": "VTBS", "procedure_identifier": "R19", "transition_identifier": "LETMA"}, "geometry": {"type": "MultiLineString", "coordinates": [[[100.846425, 14.01610833], [100.82506389, 13.93505278]]]}}, {"type": "Feature", "properties": {"fid": 7499, "area_code": "PAC", "airport_identifier": "VTBS", "procedure_identifier": "R19", "transition_identifier": null}, "geometry": {"type": "MultiLineString", "coordinates": [[[100.82506389, 13.93505278], [100.80371667, 13.85399722], [100.78179167, 13.77066944], [100.76103333, 13.69171389]]]}}, {"type": "Feature", "properties": {"fid": 7505, "area_code": "PAC", "airport_identifier": "VTBS", "procedure_identifier": "R19", "transition_identifier": null}, "geometry": {"type": "MultiLineString", "coordinates": [[[100.75183056, 13.65669722], [100.78207222, 13.60665556], [100.98096667, 13.72095833], [101.02458889, 13.88437222], [101.02458889, 13.88437222]]]}}, {"type": "Feature", "properties": {"fid": 7509, "area_code": "PAC", "airport_identifier": "VTSC", "procedure_identifier": "D20", "transition_identifier": "ELMIT"}, "geometry": {"type": "MultiLineString", "coordinates": [[[101.63553611, 6.77180278], [101.84016667, 6.74162222]]]}}, {"type": "Feature", "properties": {"fid": 7513, "area_code": "PAC", "airport_identifier": "VTSC", "procedure_identifier": "D20", "transition_identifier": "NTW1"}, "geometry": {"type": "MultiLineString", "coordinates": [[[101.74513889, 6.52727778], [101.84016667, 6.74162222]]]}}, {"type": "Feature", "properties": {"fid": 7517, "area_code": "PAC", "airport_identifier": "VTSC", "procedure_identifier": "D20", "transition_identifier": "NTW2"}, "geometry": {"type": "MultiLineString", "coordinates": [[[101.74513889, 6.52727778], [101.84016667, 6.74162222]]]}}, {"type": "Feature", "properties": {"fid": 7521, "area_code": "PAC", "airport_identifier": "VTSC", "procedure_identifier": "D20", "transition_identifier": null}, "geometry": {"type": "MultiLineString", "coordinates": [[[101.84016667, 6.74162222], [101.78515, 6.61756111], [101.74578611, 6.52876111]]]}}, {"type": "Feature", "properties": {"fid": 7525, "area_code": "PAC", "airport_identifier": "VTSC", "procedure_identifier": "D20", "transition_identifier": null}, "geometry": {"type": "MultiLineString", "coordinates": [[[101.84016667, 6.74162222], [101.84016667, 6.74162222]]]}}, {"type": "Feature", "properties": {"fid": 7529, "area_code": "PAC", "airport_identifier": "VTCL", "procedure_identifier": "R36", "transition_identifier": "BOVBA"}, "geometry": {"type": "MultiLineString", "coordinates": [[[99.45238056, 18.02659444], [99.48393611, 18.06697778], [99.51752778, 18.10993889]]]}}, {"type": "Feature", "properties": {"fid": 7533, "area_code": "PAC", "airport_identifier": "VTCL", "procedure_identifier": "R36", "transition_identifier": "IGNUM"}, "geometry": {"type": "MultiLineString", "coordinates": [[[99.64553611, 18.00539444], [99.57903333, 18.05972778], [99.51752778, 18.10993889]]]}}, {"type": "Feature", "properties": {"fid": 7538, "area_code": "PAC", "airport_identifier": "VTCL", "procedure_identifier": "R36", "transition_identifier": null}, "geometry": {"type": "MultiLineString", "coordinates": [[[99.51752778, 18.10993889], [99.51019722, 18.19831111], [99.50770556, 18.22858889], [99.50481944, 18.26323611]]]}}, {"type": "Feature", "properties": {"fid": 7544, "area_code": "PAC", "airport_identifier": "VTCL", "procedure_identifier": "R36", "transition_identifier": null}, "geometry": {"type": "MultiLineString", "coordinates": [[[99.49713056, 18.35495278], [99.67181389, 18.36820833], [99.68255556, 18.23818889], [99.64553611, 18.00539444], [99.64553611, 18.00539444]]]}}, {"type": "Feature", "properties": {"fid": 7548, "area_code": "PAC", "airport_identifier": "VTUO", "procedure_identifier": "D04", "transition_identifier": "BRM1"}, "geometry": {"type": "MultiLineString", "coordinates": [[[103.25877778, 15.23955556], [103.15096111, 15.08813056]]]}}, {"type": "Feature", "properties": {"fid": 7552, "area_code": "PAC", "airport_identifier": "VTUO", "procedure_identifier": "D04", "transition_identifier": "BRM2"}, "geometry": {"type": "MultiLineString", "coordinates": [[[103.25877778, 15.23955556], [103.15096111, 15.08813056]]]}}, {"type": "Feature", "properties": {"fid": 7557, "area_code": "PAC", "airport_identifier": "VTUO", "procedure_identifier": "D04", "transition_identifier": "OTBET"}, "geometry": {"type": "MultiLineString", "coordinates": [[[103.481175, 15.11158056], [103.13137222, 15.06058889], [103.15096111, 15.08813056]]]}}, {"type": "Feature", "properties": {"fid": 7560, "area_code": "PAC", "airport_identifier": "VTUO", "procedure_identifier": "D04", "transition_identifier": "RAMEI"}, "geometry": {"type": "MultiLineString", "coordinates": [[[103.01111667, 15.04448611], [103.15096111, 15.08813056]]]}}, {"type": "Feature", "properties": {"fid": 7565, "area_code": "PAC", "airport_identifier": "VTUO", "procedure_identifier": "D04", "transition_identifier": null}, "geometry": {"type": "MultiLineString", "coordinates": [[[103.15096111, 15.08813056], [103.20735556, 15.167375], [103.24762778, 15.22176944]]]}}, {"type": "Feature", "properties": {"fid": 7569, "area_code": "PAC", "airport_identifier": "VTUO", "procedure_identifier": "D04", "transition_identifier": null}, "geometry": {"type": "MultiLineString", "coordinates": [[[103.15096111, 15.08813056], [103.15096111, 15.08813056]]]}}, {"type": "Feature", "properties": {"fid": 7575, "area_code": "PAC", "airport_identifier": "VTUQ", "procedure_identifier": "D24", "transition_identifier": "NKR30"}, "geometry": {"type": "MultiLineString", "coordinates": [[[101.84771389, 14.72520556], [102.13980556, 14.91730556], [102.31122222, 14.94655556], [102.49773056, 14.97846667], [102.47360278, 15.04133889]]]}}, {"type": "Feature", "properties": {"fid": 7579, "area_code": "PAC", "airport_identifier": "VTUQ", "procedure_identifier": "D24", "transition_identifier": null}, "geometry": {"type": "MultiLineString", "coordinates": [[[102.47360278, 15.04133889], [102.39978056, 14.998275], [102.34221111, 14.96465833]]]}}, {"type": "Feature", "properties": {"fid": 7584, "area_code": "PAC", "airport_identifier": "VTUQ", "procedure_identifier": "D24", "transition_identifier": null}, "geometry": {"type": "MultiLineString", "coordinates": [[[102.31122222, 14.94655556], [102.39978056, 14.998275], [102.39978056, 14.998275]]]}}, {"type": "Feature", "properties": {"fid": 7590, "area_code": "PAC", "airport_identifier": "VTST", "procedure_identifier": "D08", "transition_identifier": "HUNNY"}, "geometry": {"type": "MultiLineString", "coordinates": [[[99.88069444, 7.31760278], [99.75889444, 7.25704444], [99.34413056, 7.46538611], [99.37687222, 7.47045556]]]}}, {"type": "Feature", "properties": {"fid": 7596, "area_code": "PAC", "airport_identifier": "VTST", "procedure_identifier": "D08", "transition_identifier": "KEEDO"}, "geometry": {"type": "MultiLineString", "coordinates": [[[99.39178889, 7.72485], [99.34483611, 7.55695833], [99.34413056, 7.46538611], [99.37687222, 7.47045556]]]}}, {"type": "Feature", "properties": {"fid": 7602, "area_code": "PAC", "airport_identifier": "VTST", "procedure_identifier": "D08", "transition_identifier": "NAKAR"}, "geometry": {"type": "MultiLineString", "coordinates": [[[99.71983056, 7.81303333], [99.34483611, 7.55695833], [99.34413056, 7.46538611], [99.37687222, 7.47045556]]]}}, {"type": "Feature", "properties": {"fid": 7609, "area_code": "PAC", "airport_identifier": "VTST", "procedure_identifier": "D08", "transition_identifier": "NECON"}, "geometry": {"type": "MultiLineString", "coordinates": [[[99.244875, 7.683975], [99.33598333, 7.64235], [99.34483611, 7.55695833], [99.34413056, 7.46538611], [99.37687222, 7.47045556]]]}}, {"type": "Feature", "properties": {"fid": 7615, "area_code": "PAC", "airport_identifier": "VTST", "procedure_identifier": "D08", "transition_identifier": "SULEZ"}, "geometry": {"type": "MultiLineString", "coordinates": [[[99.53354167, 7.81343889], [99.34483611, 7.55695833], [99.34413056, 7.46538611], [99.37687222, 7.47045556]]]}}, {"type": "Feature", "properties": {"fid": 7620, "area_code": "PAC", "airport_identifier": "VTST", "procedure_identifier": "D08", "transition_identifier": null}, "geometry": {"type": "MultiLineString", "coordinates": [[[99.37687222, 7.47045556], [99.46517222, 7.48412222], [99.52818333, 7.49384167], [99.60716667, 7.50724167]]]}}, {"type": "Feature", "properties": {"fid": 7625, "area_code": "PAC", "airport_identifier": "VTST", "procedure_identifier": "D08", "transition_identifier": null}, "geometry": {"type": "MultiLineString", "coordinates": [[[99.626075, 7.19075833], [99.626075, 7.19075833]]]}}, {"type": "Feature", "properties": {"fid": 7630, "area_code": "PAC", "airport_identifier": "VTBK", "procedure_identifier": "I21", "transition_identifier": null}, "geometry": {"type": "MultiLineString", "coordinates": [[[99.991125, 14.22837778], [99.95680556, 14.17039722], [99.92353333, 14.11280556]]]}}, {"type": "Feature", "properties": {"fid": 7638, "area_code": "PAC", "airport_identifier": "VTSM", "procedure_identifier": "R17", "transition_identifier": "DORNA"}, "geometry": {"type": "MultiLineString", "coordinates": [[[99.77058333, 9.41630556], [99.87801389, 9.69188333], [100.00605833, 9.69185833], [100.035475, 9.65097778], [100.05508056, 9.62372222]]]}}, {"type": "Feature", "properties": {"fid": 7643, "area_code": "PAC", "airport_identifier": "VTSM", "procedure_identifier": "R17", "transition_identifier": "ENRAG"}, "geometry": {"type": "MultiLineString", "coordinates": [[[100.15863056, 10.03980833], [100.10613056, 9.73496389], [100.07395833, 9.66486667], [100.05508056, 9.62372222]]]}}, {"type": "Feature", "properties": {"fid": 7651, "area_code": "PAC", "airport_identifier": "VTSM", "procedure_identifier": "R17", "transition_identifier": "MESEM"}, "geometry": {"type": "MultiLineString", "coordinates": [[[99.80440278, 9.12195833], [99.83189722, 9.33503889], [99.85335, 9.50112222], [99.87801389, 9.69188333], [100.00605833, 9.69185833], [100.035475, 9.65097778], [100.05508056, 9.62372222]]]}}, {"type": "Feature", "properties": {"fid": 7655, "area_code": "PAC", "airport_identifier": "VTSM", "procedure_identifier": "R17", "transition_identifier": "PUKOM"}, "geometry": {"type": "MultiLineString", "coordinates": [[[100.10613056, 9.73496389], [100.07395833, 9.66486667], [100.05508056, 9.62372222]]]}}, {"type": "Feature", "properties": {"fid": 7662, "area_code": "PAC", "airport_identifier": "VTSM", "procedure_identifier": "R17", "transition_identifier": "RUMVA"}, "geometry": {"type": "MultiLineString", "coordinates": [[[100.26658889, 9.28803611], [100.29921389, 9.56752778], [100.29926667, 9.73496944], [100.10613056, 9.73496389], [100.07395833, 9.66486667], [100.05508056, 9.62372222]]]}}, {"type": "Feature", "properties": {"fid": 7669, "area_code": "PAC", "airport_identifier": "VTSM", "procedure_identifier": "R17", "transition_identifier": "UPNEP"}, "geometry": {"type": "MultiLineString", "coordinates": [[[100.49344444, 9.70363889], [100.36590556, 9.72423056], [100.29926667, 9.73496944], [100.10613056, 9.73496389], [100.07395833, 9.66486667], [100.05508056, 9.62372222]]]}}, {"type": "Feature", "properties": {"fid": 7672, "area_code": "PAC", "airport_identifier": "VTSM", "procedure_identifier": "R17", "transition_identifier": null}, "geometry": {"type": "MultiLineString", "coordinates": [[[100.05508056, 9.62372222], [100.06173889, 9.55538889]]]}}, {"type": "Feature", "properties": {"fid": 7676, "area_code": "PAC", "airport_identifier": "VTSM", "procedure_identifier": "R17", "transition_identifier": null}, "geometry": {"type": "MultiLineString", "coordinates": [[[100.09807222, 9.47983611], [100.10613056, 9.73496389], [100.10613056, 9.73496389]]]}}, {"type": "Feature", "properties": {"fid": 7679, "area_code": "PAC", "airport_identifier": "VTPI", "procedure_identifier": "R18", "transition_identifier": "MUDOR"}, "geometry": {"type": "MultiLineString", "coordinates": [[[100.17991944, 15.49106667], [100.30070833, 15.48848889]]]}}, {"type": "Feature", "properties": {"fid": 7682, "area_code": "PAC", "airport_identifier": "VTPI", "procedure_identifier": "R18", "transition_identifier": "OMBIN"}, "geometry": {"type": "MultiLineString", "coordinates": [[[100.29613056, 15.60556111], [100.30070833, 15.48848889]]]}}, {"type": "Feature", "properties": {"fid": 7685, "area_code": "PAC", "airport_identifier": "VTPI", "procedure_identifier": "R18", "transition_identifier": "VAPNO"}, "geometry": {"type": "MultiLineString", "coordinates": [[[100.42149444, 15.48584167], [100.30070833, 15.48848889]]]}}, {"type": "Feature", "properties": {"fid": 7689, "area_code": "PAC", "airport_identifier": "VTPI", "procedure_identifier": "R18", "transition_identifier": null}, "geometry": {"type": "MultiLineString", "coordinates": [[[100.30070833, 15.48848889], [100.29840278, 15.38808611], [100.29617222, 15.29083333]]]}}, {"type": "Feature", "properties": {"fid": 7693, "area_code": "PAC", "airport_identifier": "VTPI", "procedure_identifier": "R18", "transition_identifier": null}, "geometry": {"type": "MultiLineString", "coordinates": [[[100.30070833, 15.48848889], [100.30070833, 15.48848889]]]}}, {"type": "Feature", "properties": {"fid": 7699, "area_code": "PAC", "airport_identifier": "VTSS", "procedure_identifier": "I26-Y", "transition_identifier": "ENTAM"}, "geometry": {"type": "MultiLineString", "coordinates": [[[100.60974722, 6.78363889], [100.62097778, 6.961125], [100.58771111, 6.95696389], [100.53449722, 6.95029722]]]}}, {"type": "Feature", "properties": {"fid": 7706, "area_code": "PAC", "airport_identifier": "VTSS", "procedure_identifier": "I26-Y", "transition_identifier": "ESBIG"}, "geometry": {"type": "MultiLineString", "coordinates": [[[100.17402778, 7.09574444], [100.53754722, 7.11469444], [100.62097778, 6.961125], [100.58771111, 6.95696389], [100.53449722, 6.95029722]]]}}, {"type": "Feature", "properties": {"fid": 7711, "area_code": "PAC", "airport_identifier": "VTSS", "procedure_identifier": "I26-Y", "transition_identifier": "HTY1"}, "geometry": {"type": "MultiLineString", "coordinates": [[[100.38794444, 6.93411111], [100.58771111, 6.95696389], [100.53449722, 6.95029722]]]}}, {"type": "Feature", "properties": {"fid": 7716, "area_code": "PAC", "airport_identifier": "VTSS", "procedure_identifier": "I26-Y", "transition_identifier": "HTY2"}, "geometry": {"type": "MultiLineString", "coordinates": [[[100.38794444, 6.93411111], [100.58771111, 6.95696389], [100.53449722, 6.95029722]]]}}, {"type": "Feature", "properties": {"fid": 7722, "area_code": "PAC", "airport_identifier": "VTSS", "procedure_identifier": "I26-Y", "transition_identifier": "MERIV"}, "geometry": {"type": "MultiLineString", "coordinates": [[[100.63693056, 6.83480833], [100.62097778, 6.961125], [100.58771111, 6.95696389], [100.53449722, 6.95029722]]]}}, {"type": "Feature", "properties": {"fid": 7729, "area_code": "PAC", "airport_identifier": "VTSS", "procedure_identifier": "I26-Y", "transition_identifier": "MOSPO"}, "geometry": {"type": "MultiLineString", "coordinates": [[[100.45824444, 7.19266111], [100.53754722, 7.11469444], [100.62097778, 6.961125], [100.58771111, 6.95696389], [100.53449722, 6.95029722]]]}}, {"type": "Feature", "properties": {"fid": 7736, "area_code": "PAC", "airport_identifier": "VTSS", "procedure_identifier": "I26-Y", "transition_identifier": "OLDEV"}, "geometry": {"type": "MultiLineString", "coordinates": [[[100.39974444, 7.20177778], [100.53754722, 7.11469444], [100.62097778, 6.961125], [100.58771111, 6.95696389], [100.53449722, 6.95029722]]]}}, {"type": "Feature", "properties": {"fid": 7740, "area_code": "PAC", "airport_identifier": "VTSS", "procedure_identifier": "I26-Y", "transition_identifier": "PIMUV"}, "geometry": {"type": "MultiLineString", "coordinates": [[[100.69195833, 6.87598889], [100.58771111, 6.95696389], [100.53449722, 6.95029722]]]}}, {"type": "Feature", "properties": {"fid": 7746, "area_code": "PAC", "airport_identifier": "VTSS", "procedure_identifier": "I26-Y", "transition_identifier": "RUXUB"}, "geometry": {"type": "MultiLineString", "coordinates": [[[100.39242222, 6.66618889], [100.62097778, 6.961125], [100.58771111, 6.95696389], [100.53449722, 6.95029722]]]}}, {"type": "Feature", "properties": {"fid": 7753, "area_code": "PAC", "airport_identifier": "VTSS", "procedure_identifier": "I26-Y", "transition_identifier": "UBDOG"}, "geometry": {"type": "MultiLineString", "coordinates": [[[100.317225, 7.19256667], [100.53754722, 7.11469444], [100.62097778, 6.961125], [100.58771111, 6.95696389], [100.53449722, 6.95029722]]]}}, {"type": "Feature", "properties": {"fid": 7760, "area_code": "PAC", "airport_identifier": "VTSS", "procedure_identifier": "I26-Y", "transition_identifier": "UGOMI"}, "geometry": {"type": "MultiLineString", "coordinates": [[[100.25559167, 7.16716389], [100.53754722, 7.11469444], [100.62097778, 6.961125], [100.58771111, 6.95696389], [100.53449722, 6.95029722]]]}}, {"type": "Feature", "properties": {"fid": 7764, "area_code": "PAC", "airport_identifier": "VTSS", "procedure_identifier": "I26-Y", "transition_identifier": null}, "geometry": {"type": "MultiLineString", "coordinates": [[[100.53449722, 6.95029722], [100.48108611, 6.9436], [100.40792222, 6.93441389]]]}}, {"type": "Feature", "properties": {"fid": 7769, "area_code": "PAC", "airport_identifier": "VTSS", "procedure_identifier": "I26-Y", "transition_identifier": null}, "geometry": {"type": "MultiLineString", "coordinates": [[[100.58771111, 6.95696389], [100.58771111, 6.95696389]]]}}, {"type": "Feature", "properties": {"fid": 7775, "area_code": "PAC", "airport_identifier": "VTUI", "procedure_identifier": "I23", "transition_identifier": "NAKEE"}, "geometry": {"type": "MultiLineString", "coordinates": [[[103.84331389, 17.25165556], [103.96538056, 17.40362222], [104.32256667, 17.39061667], [104.29777778, 17.36709722]]]}}, {"type": "Feature", "properties": {"fid": 7780, "area_code": "PAC", "airport_identifier": "VTUI", "procedure_identifier": "I23", "transition_identifier": "PAYO1"}, "geometry": {"type": "MultiLineString", "coordinates": [[[103.87953889, 17.07352778], [104.13675, 17.21411111], [104.29777778, 17.36709722]]]}}, {"type": "Feature", "properties": {"fid": 7786, "area_code": "PAC", "airport_identifier": "VTUI", "procedure_identifier": "I23", "transition_identifier": "PAYO2"}, "geometry": {"type": "MultiLineString", "coordinates": [[[103.87953889, 17.07352778], [103.96538056, 17.40362222], [104.32256667, 17.39061667], [104.29777778, 17.36709722]]]}}, {"type": "Feature", "properties": {"fid": 7791, "area_code": "PAC", "airport_identifier": "VTUI", "procedure_identifier": "I23", "transition_identifier": "VANON"}, "geometry": {"type": "MultiLineString", "coordinates": [[[104.414625, 17.31081389], [104.32256667, 17.39061667], [104.29777778, 17.36709722]]]}}, {"type": "Feature", "properties": {"fid": 7795, "area_code": "PAC", "airport_identifier": "VTUI", "procedure_identifier": "I23", "transition_identifier": null}, "geometry": {"type": "MultiLineString", "coordinates": [[[104.29777778, 17.36709722], [104.18273056, 17.25666944], [104.12728333, 17.20345833]]]}}, {"type": "Feature", "properties": {"fid": 7799, "area_code": "PAC", "airport_identifier": "VTUI", "procedure_identifier": "I23", "transition_identifier": null}, "geometry": {"type": "MultiLineString", "coordinates": [[[104.29777778, 17.36709722], [104.29777778, 17.36709722]]]}}, {"type": "Feature", "properties": {"fid": 7804, "area_code": "PAC", "airport_identifier": "VTSY", "procedure_identifier": "R07-A", "transition_identifier": "ERVES"}, "geometry": {"type": "MultiLineString", "coordinates": [[[101.48144444, 6.20218889], [101.36493889, 6.05837778], [101.28255833, 6.01996111], [101.21844167, 5.99005]]]}}, {"type": "Feature", "properties": {"fid": 7808, "area_code": "PAC", "airport_identifier": "VTSY", "procedure_identifier": "R07-A", "transition_identifier": "PETAC"}, "geometry": {"type": "MultiLineString", "coordinates": [[[101.32918889, 6.29439444], [101.26996111, 6.131675], [101.21844167, 5.99005]]]}}, {"type": "Feature", "properties": {"fid": 7813, "area_code": "PAC", "airport_identifier": "VTSY", "procedure_identifier": "R07-A", "transition_identifier": null}, "geometry": {"type": "MultiLineString", "coordinates": [[[101.21844167, 5.99005], [101.20127222, 5.94283889], [101.185825, 5.90035], [101.17895833, 5.88146389]]]}}, {"type": "Feature", "properties": {"fid": 7820, "area_code": "PAC", "airport_identifier": "VTSY", "procedure_identifier": "R07-A", "transition_identifier": null}, "geometry": {"type": "MultiLineString", "coordinates": [[[101.15265, 5.809075], [101.13549167, 5.76186111], [101.08835, 5.77904167], [101.10550278, 5.82625556], [101.26996111, 6.131675], [101.26996111, 6.131675]]]}}, {"type": "Feature", "properties": {"fid": 7824, "area_code": "PAC", "airport_identifier": "VTSP", "procedure_identifier": "S09-Y", "transition_identifier": "PUT1"}, "geometry": {"type": "MultiLineString", "coordinates": [[[98.30697222, 8.11394444], [98.20478333, 8.08666111]]]}}, {"type": "Feature", "properties": {"fid": 7828, "area_code": "PAC", "airport_identifier": "VTSP", "procedure_identifier": "S09-Y", "transition_identifier": "PUT2"}, "geometry": {"type": "MultiLineString", "coordinates": [[[98.30697222, 8.11394444], [98.20478333, 8.08666111]]]}}, {"type": "Feature", "properties": {"fid": 7831, "area_code": "PAC", "airport_identifier": "VTSP", "procedure_identifier": "S09-Y", "transition_identifier": null}, "geometry": {"type": "MultiLineString", "coordinates": [[[98.20478333, 8.08666111], [98.30330556, 8.11195833]]]}}, {"type": "Feature", "properties": {"fid": 7836, "area_code": "PAC", "airport_identifier": "VTSP", "procedure_identifier": "S09-Y", "transition_identifier": null}, "geometry": {"type": "MultiLineString", "coordinates": [[[98.30697222, 8.11394444], [98.30697222, 8.11394444], [98.30697222, 8.11394444]]]}}, {"type": "Feature", "properties": {"fid": 7841, "area_code": "PAC", "airport_identifier": "VTSF", "procedure_identifier": "D19-Z", "transition_identifier": "CHARY"}, "geometry": {"type": "MultiLineString", "coordinates": [[[100.02736111, 8.24891667], [99.94685, 8.54165556], [100.03624722, 8.71620833], [99.96213333, 8.73710278]]]}}, {"type": "Feature", "properties": {"fid": 7847, "area_code": "PAC", "airport_identifier": "VTSF", "procedure_identifier": "D19-Z", "transition_identifier": "GIFBY"}, "geometry": {"type": "MultiLineString", "coordinates": [[[100.45398889, 8.540075], [100.21108889, 8.54090833], [99.96474722, 8.77053611], [99.96213333, 8.73710278]]]}}, {"type": "Feature", "properties": {"fid": 7852, "area_code": "PAC", "airport_identifier": "VTSF", "procedure_identifier": "D19-Z", "transition_identifier": "MEZZI"}, "geometry": {"type": "MultiLineString", "coordinates": [[[99.85582778, 8.24931389], [99.94685, 8.54165556], [100.03624722, 8.71620833], [99.96213333, 8.73710278]]]}}, {"type": "Feature", "properties": {"fid": 7859, "area_code": "PAC", "airport_identifier": "VTSF", "procedure_identifier": "D19-Z", "transition_identifier": "PUYOL"}, "geometry": {"type": "MultiLineString", "coordinates": [[[99.65731944, 8.75163333], [99.73325833, 8.69660278], [99.85468056, 8.752075], [99.96474722, 8.77053611], [99.96213333, 8.73710278]]]}}, {"type": "Feature", "properties": {"fid": 7862, "area_code": "PAC", "airport_identifier": "VTSF", "procedure_identifier": "D19-Z", "transition_identifier": "TAWIT"}, "geometry": {"type": "MultiLineString", "coordinates": [[[100.08920833, 8.84520833], [99.96213333, 8.73710278]]]}}, {"type": "Feature", "properties": {"fid": 7866, "area_code": "PAC", "airport_identifier": "VTSF", "procedure_identifier": "D19-Z", "transition_identifier": null}, "geometry": {"type": "MultiLineString", "coordinates": [[[99.96213333, 8.73710278], [99.95381389, 8.63076111], [99.94898611, 8.56900278]]]}}, {"type": "Feature", "properties": {"fid": 7871, "area_code": "PAC", "airport_identifier": "VTSF", "procedure_identifier": "D19-Z", "transition_identifier": null}, "geometry": {"type": "MultiLineString", "coordinates": [[[100.21108889, 8.54090833], [100.21108889, 8.54090833]]]}}, {"type": "Feature", "properties": {"fid": 7875, "area_code": "PAC", "airport_identifier": "VTSM", "procedure_identifier": "D17", "transition_identifier": "SMU"}, "geometry": {"type": "MultiLineString", "coordinates": [[[100.06175, 9.54705556], [100.03880556, 9.76355556]]]}}, {"type": "Feature", "properties": {"fid": 7878, "area_code": "PAC", "airport_identifier": "VTSM", "procedure_identifier": "D17", "transition_identifier": "TEPAD"}, "geometry": {"type": "MultiLineString", "coordinates": [[[100.13176389, 9.90333056], [100.03880556, 9.76355556]]]}}, {"type": "Feature", "properties": {"fid": 7884, "area_code": "PAC", "airport_identifier": "VTSM", "procedure_identifier": "D17", "transition_identifier": null}, "geometry": {"type": "MultiLineString", "coordinates": [[[100.03880556, 9.76355556], [100.04339444, 9.72026111], [100.04798333, 9.67696389], [100.05434722, 9.61690556], [100.06173889, 9.55538889]]]}}, {"type": "Feature", "properties": {"fid": 7888, "area_code": "PAC", "airport_identifier": "VTSM", "procedure_identifier": "D17", "transition_identifier": null}, "geometry": {"type": "MultiLineString", "coordinates": [[[100.06175, 9.54705556], [100.06175, 9.54705556]]]}}, {"type": "Feature", "properties": {"fid": 7894, "area_code": "PAC", "airport_identifier": "VTUK", "procedure_identifier": "R03", "transition_identifier": "AKRET"}, "geometry": {"type": "MultiLineString", "coordinates": [[[103.14875278, 16.67111111], [103.02369722, 16.52543889], [102.91667222, 16.40052778], [102.76658333, 16.22502778], [102.66468889, 16.288525]]]}}, {"type": "Feature", "properties": {"fid": 7900, "area_code": "PAC", "airport_identifier": "VTUK", "procedure_identifier": "R03", "transition_identifier": "ALGIT"}, "geometry": {"type": "MultiLineString", "coordinates": [[[102.78189722, 16.88331667], [102.71569722, 16.723175], [102.63954722, 16.53860833], [102.56270833, 16.351975], [102.66468889, 16.288525]]]}}, {"type": "Feature", "properties": {"fid": 7903, "area_code": "PAC", "airport_identifier": "VTUK", "procedure_identifier": "R03", "transition_identifier": "EMRUT"}, "geometry": {"type": "MultiLineString", "coordinates": [[[102.59257222, 16.00545556], [102.66468889, 16.288525]]]}}, {"type": "Feature", "properties": {"fid": 7908, "area_code": "PAC", "airport_identifier": "VTUK", "procedure_identifier": "R03", "transition_identifier": "ONUVI"}, "geometry": {"type": "MultiLineString", "coordinates": [[[102.44861667, 16.54116944], [102.49225556, 16.46885556], [102.56270833, 16.351975], [102.66468889, 16.288525]]]}}, {"type": "Feature", "properties": {"fid": 7913, "area_code": "PAC", "airport_identifier": "VTUK", "procedure_identifier": "R03", "transition_identifier": "SEDNO"}, "geometry": {"type": "MultiLineString", "coordinates": [[[103.28532778, 16.29258611], [103.02410833, 16.25872778], [102.76658333, 16.22502778], [102.66468889, 16.288525]]]}}, {"type": "Feature", "properties": {"fid": 7917, "area_code": "PAC", "airport_identifier": "VTUK", "procedure_identifier": "R03", "transition_identifier": null}, "geometry": {"type": "MultiLineString", "coordinates": [[[102.66468889, 16.288525], [102.73061944, 16.38727222], [102.77667778, 16.45618333]]]}}, {"type": "Feature", "properties": {"fid": 7921, "area_code": "PAC", "airport_identifier": "VTUK", "procedure_identifier": "R03", "transition_identifier": null}, "geometry": {"type": "MultiLineString", "coordinates": [[[102.66468889, 16.288525], [102.66468889, 16.288525]]]}}, {"type": "Feature", "properties": {"fid": 7925, "area_code": "PAC", "airport_identifier": "VTSP", "procedure_identifier": "S27-Y", "transition_identifier": "PUT1"}, "geometry": {"type": "MultiLineString", "coordinates": [[[98.30697222, 8.11394444], [98.43381389, 8.11836389]]]}}, {"type": "Feature", "properties": {"fid": 7929, "area_code": "PAC", "airport_identifier": "VTSP", "procedure_identifier": "S27-Y", "transition_identifier": "PUT2"}, "geometry": {"type": "MultiLineString", "coordinates": [[[98.30697222, 8.11394444], [98.43381389, 8.11836389]]]}}, {"type": "Feature", "properties": {"fid": 7932, "area_code": "PAC", "airport_identifier": "VTSP", "procedure_identifier": "S27-Y", "transition_identifier": null}, "geometry": {"type": "MultiLineString", "coordinates": [[[98.43381389, 8.11836389], [98.33040556, 8.11450833]]]}}, {"type": "Feature", "properties": {"fid": 7937, "area_code": "PAC", "airport_identifier": "VTSP", "procedure_identifier": "S27-Y", "transition_identifier": null}, "geometry": {"type": "MultiLineString", "coordinates": [[[98.30697222, 8.11394444], [98.30697222, 8.11394444], [98.30697222, 8.11394444]]]}}, {"type": "Feature", "properties": {"fid": 7941, "area_code": "PAC", "airport_identifier": "VTSG", "procedure_identifier": "D32", "transition_identifier": "KBI"}, "geometry": {"type": "MultiLineString", "coordinates": [[[98.9775, 8.1075], [99.11465, 7.9431]]]}}, {"type": "Feature", "properties": {"fid": 7946, "area_code": "PAC", "airport_identifier": "VTSG", "procedure_identifier": "D32", "transition_identifier": "ROSIC"}, "geometry": {"type": "MultiLineString", "coordinates": [[[98.945925, 7.80494722], [99.14936111, 7.90148889], [99.11465, 7.9431]]]}}, {"type": "Feature", "properties": {"fid": 7950, "area_code": "PAC", "airport_identifier": "VTSG", "procedure_identifier": "D32", "transition_identifier": null}, "geometry": {"type": "MultiLineString", "coordinates": [[[99.11465, 7.9431], [99.06098611, 8.00746111], [99.01188611, 8.06630278]]]}}, {"type": "Feature", "properties": {"fid": 7953, "area_code": "PAC", "airport_identifier": "VTSG", "procedure_identifier": "D32", "transition_identifier": null}, "geometry": {"type": "MultiLineString", "coordinates": [[[98.945925, 7.80494722], [98.945925, 7.80494722]]]}}, {"type": "Feature", "properties": {"fid": 7960, "area_code": "PAC", "airport_identifier": "VTCC", "procedure_identifier": "D18-A", "transition_identifier": "CMA"}, "geometry": {"type": "MultiLineString", "coordinates": [[[98.96122222, 18.76611111], [99.18718333, 18.9522], [99.21380278, 18.97407222], [99.04568611, 19.07369167], [99.03678056, 19.04131667], [99.01497778, 18.962]]]}}, {"type": "Feature", "properties": {"fid": 7964, "area_code": "PAC", "airport_identifier": "VTCC", "procedure_identifier": "D18-A", "transition_identifier": null}, "geometry": {"type": "MultiLineString", "coordinates": [[[99.01497778, 18.962], [98.99763611, 18.89886944], [98.96521667, 18.78069444]]]}}, {"type": "Feature", "properties": {"fid": 7969, "area_code": "PAC", "airport_identifier": "VTCC", "procedure_identifier": "D18-A", "transition_identifier": null}, "geometry": {"type": "MultiLineString", "coordinates": [[[98.96122222, 18.76611111], [98.96122222, 18.76611111], [98.96122222, 18.76611111]]]}}, {"type": "Feature", "properties": {"fid": 7973, "area_code": "PAC", "airport_identifier": "VTUW", "procedure_identifier": "R15", "transition_identifier": "OPAAR"}, "geometry": {"type": "MultiLineString", "coordinates": [[[104.44163056, 17.32018611], [104.43904167, 17.45811944], [104.53875278, 17.52568333]]]}}, {"type": "Feature", "properties": {"fid": 7977, "area_code": "PAC", "airport_identifier": "VTUW", "procedure_identifier": "R15", "transition_identifier": null}, "geometry": {"type": "MultiLineString", "coordinates": [[[104.53875278, 17.52568333], [104.59304167, 17.45185], [104.63623333, 17.39304167]]]}}, {"type": "Feature", "properties": {"fid": 7981, "area_code": "PAC", "airport_identifier": "VTUW", "procedure_identifier": "R15", "transition_identifier": null}, "geometry": {"type": "MultiLineString", "coordinates": [[[104.44163056, 17.32018611], [104.44163056, 17.32018611]]]}}, {"type": "Feature", "properties": {"fid": 7984, "area_code": "PAC", "airport_identifier": "VTBS", "procedure_identifier": "I02RZ", "transition_identifier": "LASAM"}, "geometry": {"type": "MultiLineString", "coordinates": [[[100.66614167, 13.41024167], [100.68740556, 13.49131111]]]}}, {"type": "Feature", "properties": {"fid": 7988, "area_code": "PAC", "airport_identifier": "VTBS", "procedure_identifier": "I02RZ", "transition_identifier": null}, "geometry": {"type": "MultiLineString", "coordinates": [[[100.68740556, 13.49131111], [100.71383889, 13.59190278], [100.73466389, 13.67127778]]]}}, {"type": "Feature", "properties": {"fid": 7997, "area_code": "PAC", "airport_identifier": "VTBS", "procedure_identifier": "I02RZ", "transition_identifier": null}, "geometry": {"type": "MultiLineString", "coordinates": [[[100.74317778, 13.70366944], [100.73359722, 13.86898333], [100.75734167, 13.95919444], [100.951625, 13.95771389], [101.01552222, 13.85126667], [100.976825, 13.70588056], [100.90537222, 13.43694444], [100.90537222, 13.43694444]]]}}, {"type": "Feature", "properties": {"fid": 8000, "area_code": "PAC", "airport_identifier": "VTBU", "procedure_identifier": "I18-Z", "transition_identifier": "PIWAT"}, "geometry": {"type": "MultiLineString", "coordinates": [[[100.91569444, 12.92127222], [101.02035, 12.86661111]]]}}, {"type": "Feature", "properties": {"fid": 8003, "area_code": "PAC", "airport_identifier": "VTBU", "procedure_identifier": "I18-Z", "transition_identifier": "RUNOS"}, "geometry": {"type": "MultiLineString", "coordinates": [[[101.0299, 12.98254722], [101.02035, 12.86661111]]]}}, {"type": "Feature", "properties": {"fid": 8006, "area_code": "PAC", "airport_identifier": "VTBU", "procedure_identifier": "I18-Z", "transition_identifier": "UKEPA"}, "geometry": {"type": "MultiLineString", "coordinates": [[[101.13285833, 12.90329722], [101.02035, 12.86661111]]]}}, {"type": "Feature", "properties": {"fid": 8010, "area_code": "PAC", "airport_identifier": "VTBU", "procedure_identifier": "I18-Z", "transition_identifier": "VEPDA"}, "geometry": {"type": "MultiLineString", "coordinates": [[[100.72770278, 12.66410556], [100.91569444, 12.92127222], [101.02035, 12.86661111]]]}}, {"type": "Feature", "properties": {"fid": 8014, "area_code": "PAC", "airport_identifier": "VTBU", "procedure_identifier": "I18-Z", "transition_identifier": null}, "geometry": {"type": "MultiLineString", "coordinates": [[[101.02035, 12.86661111], [101.013125, 12.77882222], [101.00629444, 12.69562778]]]}}, {"type": "Feature", "properties": {"fid": 8018, "area_code": "PAC", "airport_identifier": "VTBU", "procedure_identifier": "I18-Z", "transition_identifier": null}, "geometry": {"type": "MultiLineString", "coordinates": [[[100.9959, 12.56967778], [101.28800556, 12.77213889], [101.28800556, 12.77213889]]]}}, {"type": "Feature", "properties": {"fid": 8022, "area_code": "PAC", "airport_identifier": "VTSM", "procedure_identifier": "D35", "transition_identifier": "SMU"}, "geometry": {"type": "MultiLineString", "coordinates": [[[100.06175, 9.54705556], [100.09203056, 9.33148611]]]}}, {"type": "Feature", "properties": {"fid": 8026, "area_code": "PAC", "airport_identifier": "VTSM", "procedure_identifier": "D35", "transition_identifier": null}, "geometry": {"type": "MultiLineString", "coordinates": [[[100.09203056, 9.33148611], [100.07425833, 9.45802222], [100.06314167, 9.54098611]]]}}, {"type": "Feature", "properties": {"fid": 8030, "area_code": "PAC", "airport_identifier": "VTSM", "procedure_identifier": "D35", "transition_identifier": null}, "geometry": {"type": "MultiLineString", "coordinates": [[[100.05474722, 9.596825], [100.06175, 9.54705556], [100.06175, 9.54705556]]]}}, {"type": "Feature", "properties": {"fid": 8036, "area_code": "PAC", "airport_identifier": "VTSF", "procedure_identifier": "I19-Y", "transition_identifier": "CHARY"}, "geometry": {"type": "MultiLineString", "coordinates": [[[100.02736111, 8.24891667], [100.01925833, 8.27839444], [99.97010833, 8.77985278], [99.96658333, 8.74648056]]]}}, {"type": "Feature", "properties": {"fid": 8042, "area_code": "PAC", "airport_identifier": "VTSF", "procedure_identifier": "I19-Y", "transition_identifier": "GIFBY"}, "geometry": {"type": "MultiLineString", "coordinates": [[[100.45398889, 8.540075], [100.22086111, 8.54088056], [99.97010833, 8.77985278], [99.96658333, 8.74648056]]]}}, {"type": "Feature", "properties": {"fid": 8048, "area_code": "PAC", "airport_identifier": "VTSF", "procedure_identifier": "I19-Y", "transition_identifier": "MEZZI"}, "geometry": {"type": "MultiLineString", "coordinates": [[[99.85582778, 8.24931389], [99.86566944, 8.28094444], [99.97010833, 8.77985278], [99.96658333, 8.74648056]]]}}, {"type": "Feature", "properties": {"fid": 8055, "area_code": "PAC", "airport_identifier": "VTSF", "procedure_identifier": "I19-Y", "transition_identifier": "PUYOL"}, "geometry": {"type": "MultiLineString", "coordinates": [[[99.65731944, 8.75163333], [99.72536111, 8.702325], [99.85077222, 8.76098611], [99.97010833, 8.77985278], [99.96658333, 8.74648056]]]}}, {"type": "Feature", "properties": {"fid": 8058, "area_code": "PAC", "airport_identifier": "VTSF", "procedure_identifier": "I19-Y", "transition_identifier": "TAWIT"}, "geometry": {"type": "MultiLineString", "coordinates": [[[100.08920833, 8.84520833], [99.96658333, 8.74648056]]]}}, {"type": "Feature", "properties": {"fid": 8062, "area_code": "PAC", "airport_identifier": "VTSF", "procedure_identifier": "I19-Y", "transition_identifier": null}, "geometry": {"type": "MultiLineString", "coordinates": [[[99.96658333, 8.74648056], [99.95435, 8.63070556], [99.945725, 8.54909167]]]}}, {"type": "Feature", "properties": {"fid": 8067, "area_code": "PAC", "airport_identifier": "VTSF", "procedure_identifier": "I19-Y", "transition_identifier": null}, "geometry": {"type": "MultiLineString", "coordinates": [[[100.22086111, 8.54088056], [100.22086111, 8.54088056]]]}}, {"type": "Feature", "properties": {"fid": 8071, "area_code": "PAC", "airport_identifier": "VTSP", "procedure_identifier": "R09-Y", "transition_identifier": "KALIM"}, "geometry": {"type": "MultiLineString", "coordinates": [[[98.01889444, 8.08507222], [98.08204167, 8.09106944], [98.25089722, 8.10702222]]]}}, {"type": "Feature", "properties": {"fid": 8076, "area_code": "PAC", "airport_identifier": "VTSP", "procedure_identifier": "R09-Y", "transition_identifier": "MODON"}, "geometry": {"type": "MultiLineString", "coordinates": [[[98.62459167, 8.50444444], [98.26550278, 8.22155], [98.21938611, 8.18516667], [98.25089722, 8.10702222]]]}}, {"type": "Feature", "properties": {"fid": 8081, "area_code": "PAC", "airport_identifier": "VTSP", "procedure_identifier": "R09-Y", "transition_identifier": "SP801"}, "geometry": {"type": "MultiLineString", "coordinates": [[[98.47637222, 7.80369722], [98.2681, 7.98402222], [98.22369167, 8.02243611], [98.25089722, 8.10702222]]]}}, {"type": "Feature", "properties": {"fid": 8084, "area_code": "PAC", "airport_identifier": "VTSP", "procedure_identifier": "R09-Y", "transition_identifier": null}, "geometry": {"type": "MultiLineString", "coordinates": [[[98.25089722, 8.10702222], [98.30330556, 8.11195833]]]}}, {"type": "Feature", "properties": {"fid": 8090, "area_code": "PAC", "airport_identifier": "VTSP", "procedure_identifier": "R09-Y", "transition_identifier": null}, "geometry": {"type": "MultiLineString", "coordinates": [[[98.34253611, 8.11565], [98.39096667, 8.1202], [98.45926389, 8.07938611], [98.54300833, 7.87993611], [98.54300833, 7.87993611]]]}}, {"type": "Feature", "properties": {"fid": 8094, "area_code": "PAC", "airport_identifier": "VTBU", "procedure_identifier": "D36", "transition_identifier": "BUT"}, "geometry": {"type": "MultiLineString", "coordinates": [[[101.00047222, 12.66666667], [101.00325556, 12.52697778]]]}}, {"type": "Feature", "properties": {"fid": 8100, "area_code": "PAC", "airport_identifier": "VTBU", "procedure_identifier": "D36", "transition_identifier": "COBAR"}, "geometry": {"type": "MultiLineString", "coordinates": [[[101.21364722, 12.81491389], [101.153525, 12.77313889], [101.13895556, 12.542525], [101.00413889, 12.48255278], [101.00325556, 12.52697778]]]}}, {"type": "Feature", "properties": {"fid": 8104, "area_code": "PAC", "airport_identifier": "VTBU", "procedure_identifier": "D36", "transition_identifier": "NAVAA"}, "geometry": {"type": "MultiLineString", "coordinates": [[[101.07229722, 12.41458056], [101.05393889, 12.47906667], [101.00325556, 12.52697778]]]}}, {"type": "Feature", "properties": {"fid": 8108, "area_code": "PAC", "airport_identifier": "VTBU", "procedure_identifier": "D36", "transition_identifier": null}, "geometry": {"type": "MultiLineString", "coordinates": [[[101.00325556, 12.52697778], [101.00159167, 12.61053889], [101.000525, 12.6641]]]}}, {"type": "Feature", "properties": {"fid": 8114, "area_code": "PAC", "airport_identifier": "VTBU", "procedure_identifier": "D36", "transition_identifier": null}, "geometry": {"type": "MultiLineString", "coordinates": [[[101.00047222, 12.66666667], [100.99135, 12.92298333], [101.21364722, 12.81491389], [101.21364722, 12.81491389]]]}}, {"type": "Feature", "properties": {"fid": 8117, "area_code": "PAC", "airport_identifier": "VTSS", "procedure_identifier": "VORA", "transition_identifier": "OLDEV"}, "geometry": {"type": "MultiLineString", "coordinates": [[[100.39974444, 7.20177778], [100.39604444, 7.11812778]]]}}, {"type": "Feature", "properties": {"fid": 8121, "area_code": "PAC", "airport_identifier": "VTSS", "procedure_identifier": "VORA", "transition_identifier": null}, "geometry": {"type": "MultiLineString", "coordinates": [[[100.39604444, 7.11812778], [100.39130833, 7.01105556], [100.38794444, 6.93411111]]]}}, {"type": "Feature", "properties": {"fid": 8126, "area_code": "PAC", "airport_identifier": "VTSS", "procedure_identifier": "VORA", "transition_identifier": null}, "geometry": {"type": "MultiLineString", "coordinates": [[[100.39604444, 7.11812778], [100.39604444, 7.11812778]]]}}, {"type": "Feature", "properties": {"fid": 8131, "area_code": "PAC", "airport_identifier": "VTBD", "procedure_identifier": "I21RY", "transition_identifier": "BKK"}, "geometry": {"type": "MultiLineString", "coordinates": [[[100.59619444, 13.89352778], [100.73461667, 14.14398611], [100.73461667, 14.14398611], [100.69458056, 14.07275556]]]}}, {"type": "Feature", "properties": {"fid": 8135, "area_code": "PAC", "airport_identifier": "VTBD", "procedure_identifier": "I21RY", "transition_identifier": null}, "geometry": {"type": "MultiLineString", "coordinates": [[[100.69458056, 14.07275556], [100.65193333, 13.99681389], [100.61239444, 13.92635278]]]}}, {"type": "Feature", "properties": {"fid": 8140, "area_code": "PAC", "airport_identifier": "VTBD", "procedure_identifier": "I21RY", "transition_identifier": null}, "geometry": {"type": "MultiLineString", "coordinates": [[[100.57840833, 13.86493889], [100.35633056, 13.80345278], [100.35633056, 13.80345278]]]}}, {"type": "Feature", "properties": {"fid": 8143, "area_code": "PAC", "airport_identifier": "VTBS", "procedure_identifier": "R02R", "transition_identifier": "LASAM"}, "geometry": {"type": "MultiLineString", "coordinates": [[[100.66614167, 13.41024167], [100.68740556, 13.49131111]]]}}, {"type": "Feature", "properties": {"fid": 8147, "area_code": "PAC", "airport_identifier": "VTBS", "procedure_identifier": "R02R", "transition_identifier": null}, "geometry": {"type": "MultiLineString", "coordinates": [[[100.68740556, 13.49131111], [100.71383889, 13.59190278], [100.73466389, 13.67127778]]]}}, {"type": "Feature", "properties": {"fid": 8156, "area_code": "PAC", "airport_identifier": "VTBS", "procedure_identifier": "R02R", "transition_identifier": null}, "geometry": {"type": "MultiLineString", "coordinates": [[[100.74317778, 13.70366944], [100.73359722, 13.86898333], [100.75734167, 13.95919444], [100.951625, 13.95771389], [101.01552222, 13.85126667], [100.976825, 13.70588056], [100.90537222, 13.43694444], [100.90537222, 13.43694444]]]}}, {"type": "Feature", "properties": {"fid": 8159, "area_code": "PAC", "airport_identifier": "VTBS", "procedure_identifier": "I01-Z", "transition_identifier": "REPEN"}, "geometry": {"type": "MultiLineString", "coordinates": [[[100.68586667, 13.40538611], [100.70713056, 13.48645833]]]}}, {"type": "Feature", "properties": {"fid": 8163, "area_code": "PAC", "airport_identifier": "VTBS", "procedure_identifier": "I01-Z", "transition_identifier": null}, "geometry": {"type": "MultiLineString", "coordinates": [[[100.70713056, 13.48645833], [100.73110833, 13.57773611], [100.75183056, 13.65669722]]]}}, {"type": "Feature", "properties": {"fid": 8169, "area_code": "PAC", "airport_identifier": "VTBS", "procedure_identifier": "I01-Z", "transition_identifier": null}, "geometry": {"type": "MultiLineString", "coordinates": [[[100.76103333, 13.69171389], [100.83073889, 13.74307222], [100.976825, 13.70588056], [100.90537222, 13.43694444], [100.90537222, 13.43694444]]]}}, {"type": "Feature", "properties": {"fid": 8172, "area_code": "PAC", "airport_identifier": "VTSR", "procedure_identifier": "I02-Y", "transition_identifier": "ADLIX"}, "geometry": {"type": "MultiLineString", "coordinates": [[[98.52268333, 9.41308889], [98.49738056, 9.57863889]]]}}, {"type": "Feature", "properties": {"fid": 8176, "area_code": "PAC", "airport_identifier": "VTSR", "procedure_identifier": "I02-Y", "transition_identifier": "RAN1"}, "geometry": {"type": "MultiLineString", "coordinates": [[[98.58372222, 9.77797222], [98.49738056, 9.57863889]]]}}, {"type": "Feature", "properties": {"fid": 8180, "area_code": "PAC", "airport_identifier": "VTSR", "procedure_identifier": "I02-Y", "transition_identifier": "RAN2"}, "geometry": {"type": "MultiLineString", "coordinates": [[[98.58372222, 9.77797222], [98.49738056, 9.57863889]]]}}, {"type": "Feature", "properties": {"fid": 8185, "area_code": "PAC", "airport_identifier": "VTSR", "procedure_identifier": "I02-Y", "transition_identifier": "SUDEX"}, "geometry": {"type": "MultiLineString", "coordinates": [[[98.31433611, 9.68119722], [98.48377222, 9.54788889], [98.49738056, 9.57863889]]]}}, {"type": "Feature", "properties": {"fid": 8192, "area_code": "PAC", "airport_identifier": "VTSR", "procedure_identifier": "I02-Y", "transition_identifier": "UPMIK"}, "geometry": {"type": "MultiLineString", "coordinates": [[[98.76887222, 9.56106667], [98.64940833, 9.53605], [98.58391944, 9.5275], [98.48377222, 9.54788889], [98.49738056, 9.57863889]]]}}, {"type": "Feature", "properties": {"fid": 8196, "area_code": "PAC", "airport_identifier": "VTSR", "procedure_identifier": "I02-Y", "transition_identifier": null}, "geometry": {"type": "MultiLineString", "coordinates": [[[98.49738056, 9.57863889], [98.534025, 9.66142778], [98.58181667, 9.76933889]]]}}, {"type": "Feature", "properties": {"fid": 8202, "area_code": "PAC", "airport_identifier": "VTSR", "procedure_identifier": "I02-Y", "transition_identifier": null}, "geometry": {"type": "MultiLineString", "coordinates": [[[98.59566944, 9.86156667], [98.31433611, 9.68119722], [98.31433611, 9.68119722]]]}}, {"type": "Feature", "properties": {"fid": 8205, "area_code": "PAC", "airport_identifier": "VTSS", "procedure_identifier": "S26-A", "transition_identifier": "OLDEV"}, "geometry": {"type": "MultiLineString", "coordinates": [[[100.39974444, 7.20177778], [100.39604444, 7.11812778]]]}}, {"type": "Feature", "properties": {"fid": 8209, "area_code": "PAC", "airport_identifier": "VTSS", "procedure_identifier": "S26-A", "transition_identifier": null}, "geometry": {"type": "MultiLineString", "coordinates": [[[100.39604444, 7.11812778], [100.39130833, 7.01105556], [100.38794444, 6.93411111]]]}}, {"type": "Feature", "properties": {"fid": 8214, "area_code": "PAC", "airport_identifier": "VTSS", "procedure_identifier": "S26-A", "transition_identifier": null}, "geometry": {"type": "MultiLineString", "coordinates": [[[100.39604444, 7.11812778], [100.39604444, 7.11812778]]]}}, {"type": "Feature", "properties": {"fid": 8217, "area_code": "PAC", "airport_identifier": "VTBS", "procedure_identifier": "R01", "transition_identifier": "REPEN"}, "geometry": {"type": "MultiLineString", "coordinates": [[[100.68586667, 13.40538611], [100.70713056, 13.48645833]]]}}, {"type": "Feature", "properties": {"fid": 8222, "area_code": "PAC", "airport_identifier": "VTBS", "procedure_identifier": "R01", "transition_identifier": null}, "geometry": {"type": "MultiLineString", "coordinates": [[[100.70713056, 13.48645833], [100.73110833, 13.57773611], [100.73913611, 13.60839167], [100.75183056, 13.65669722]]]}}, {"type": "Feature", "properties": {"fid": 8228, "area_code": "PAC", "airport_identifier": "VTBS", "procedure_identifier": "R01", "transition_identifier": null}, "geometry": {"type": "MultiLineString", "coordinates": [[[100.76103333, 13.69171389], [100.83073889, 13.74307222], [100.976825, 13.70588056], [100.90537222, 13.43694444], [100.90537222, 13.43694444]]]}}, {"type": "Feature", "properties": {"fid": 8231, "area_code": "PAC", "airport_identifier": "VTBS", "procedure_identifier": "R20L", "transition_identifier": "REGIR"}, "geometry": {"type": "MultiLineString", "coordinates": [[[100.82686667, 14.021575], [100.80550278, 13.94051944]]]}}, {"type": "Feature", "properties": {"fid": 8236, "area_code": "PAC", "airport_identifier": "VTBS", "procedure_identifier": "R20L", "transition_identifier": null}, "geometry": {"type": "MultiLineString", "coordinates": [[[100.80550278, 13.94051944], [100.78962222, 13.88021389], [100.76407222, 13.78308889], [100.74317778, 13.70366944]]]}}, {"type": "Feature", "properties": {"fid": 8244, "area_code": "PAC", "airport_identifier": "VTBS", "procedure_identifier": "R20L", "transition_identifier": null}, "geometry": {"type": "MultiLineString", "coordinates": [[[100.73466389, 13.67127778], [100.61577778, 13.55199167], [100.61543889, 13.501775], [100.90337222, 13.42969444], [100.98096667, 13.72095833], [101.02458889, 13.88437222], [101.02458889, 13.88437222]]]}}, {"type": "Feature", "properties": {"fid": 8249, "area_code": "PAC", "airport_identifier": "VTSF", "procedure_identifier": "R19", "transition_identifier": "GIFBY"}, "geometry": {"type": "MultiLineString", "coordinates": [[[100.45398889, 8.540075], [100.22086111, 8.54088056], [100.08377778, 8.73419722], [99.96658333, 8.74648056]]]}}, {"type": "Feature", "properties": {"fid": 8254, "area_code": "PAC", "airport_identifier": "VTSF", "procedure_identifier": "R19", "transition_identifier": "PEDOR"}, "geometry": {"type": "MultiLineString", "coordinates": [[[99.79748889, 8.06166944], [99.83504444, 8.62278611], [99.84937222, 8.758725], [99.96658333, 8.74648056]]]}}, {"type": "Feature", "properties": {"fid": 8258, "area_code": "PAC", "airport_identifier": "VTSF", "procedure_identifier": "R19", "transition_identifier": "PUYOL"}, "geometry": {"type": "MultiLineString", "coordinates": [[[99.65731944, 8.75163333], [99.84937222, 8.758725], [99.96658333, 8.74648056]]]}}, {"type": "Feature", "properties": {"fid": 8261, "area_code": "PAC", "airport_identifier": "VTSF", "procedure_identifier": "R19", "transition_identifier": "TAWIT"}, "geometry": {"type": "MultiLineString", "coordinates": [[[100.08920833, 8.84520833], [99.96658333, 8.74648056]]]}}, {"type": "Feature", "properties": {"fid": 8266, "area_code": "PAC", "airport_identifier": "VTSF", "procedure_identifier": "R19", "transition_identifier": "WADEZ"}, "geometry": {"type": "MultiLineString", "coordinates": [[[100.08009167, 8.05700556], [100.08165556, 8.347825], [100.08377778, 8.73419722], [99.96658333, 8.74648056]]]}}, {"type": "Feature", "properties": {"fid": 8270, "area_code": "PAC", "airport_identifier": "VTSF", "procedure_identifier": "R19", "transition_identifier": null}, "geometry": {"type": "MultiLineString", "coordinates": [[[99.96658333, 8.74648056], [99.95435, 8.63070556], [99.94784167, 8.56907222]]]}}, {"type": "Feature", "properties": {"fid": 8274, "area_code": "PAC", "airport_identifier": "VTSF", "procedure_identifier": "R19", "transition_identifier": null}, "geometry": {"type": "MultiLineString", "coordinates": [[[100.22086111, 8.54088056], [100.22086111, 8.54088056]]]}}, {"type": "Feature", "properties": {"fid": 8280, "area_code": "PAC", "airport_identifier": "VTUV", "procedure_identifier": "D36", "transition_identifier": "ATKER"}, "geometry": {"type": "MultiLineString", "coordinates": [[[104.00752778, 16.22285833], [103.96459722, 16.00423333], [103.76814444, 15.89929167], [103.76875, 15.93276111]]]}}, {"type": "Feature", "properties": {"fid": 8285, "area_code": "PAC", "airport_identifier": "VTUV", "procedure_identifier": "D36", "transition_identifier": "BIMON"}, "geometry": {"type": "MultiLineString", "coordinates": [[[103.64386944, 15.89855], [103.76814444, 15.89929167], [103.76875, 15.93276111]]]}}, {"type": "Feature", "properties": {"fid": 8291, "area_code": "PAC", "airport_identifier": "VTUV", "procedure_identifier": "D36", "transition_identifier": "MOSNU"}, "geometry": {"type": "MultiLineString", "coordinates": [[[103.56465833, 15.96586389], [103.64264167, 15.938875], [103.76814444, 15.89929167], [103.76875, 15.93276111]]]}}, {"type": "Feature", "properties": {"fid": 8297, "area_code": "PAC", "airport_identifier": "VTUV", "procedure_identifier": "D36", "transition_identifier": "NOPIG"}, "geometry": {"type": "MultiLineString", "coordinates": [[[103.52880833, 16.20484722], [103.64264167, 15.938875], [103.76814444, 15.89929167], [103.76875, 15.93276111]]]}}, {"type": "Feature", "properties": {"fid": 8301, "area_code": "PAC", "airport_identifier": "VTUV", "procedure_identifier": "D36", "transition_identifier": "ROT1"}, "geometry": {"type": "MultiLineString", "coordinates": [[[103.77208333, 16.11680556], [103.76875, 15.93276111]]]}}, {"type": "Feature", "properties": {"fid": 8305, "area_code": "PAC", "airport_identifier": "VTUV", "procedure_identifier": "D36", "transition_identifier": "ROT2"}, "geometry": {"type": "MultiLineString", "coordinates": [[[103.77208333, 16.11680556], [103.76875, 15.93276111]]]}}, {"type": "Feature", "properties": {"fid": 8310, "area_code": "PAC", "airport_identifier": "VTUV", "procedure_identifier": "D36", "transition_identifier": "TEDOT"}, "geometry": {"type": "MultiLineString", "coordinates": [[[103.97290278, 15.95776944], [103.76814444, 15.89929167], [103.76875, 15.93276111]]]}}, {"type": "Feature", "properties": {"fid": 8314, "area_code": "PAC", "airport_identifier": "VTUV", "procedure_identifier": "D36", "transition_identifier": null}, "geometry": {"type": "MultiLineString", "coordinates": [[[103.76875, 15.93276111], [103.77065833, 16.03869722], [103.773375, 16.10726111]]]}}, {"type": "Feature", "properties": {"fid": 8319, "area_code": "PAC", "airport_identifier": "VTUV", "procedure_identifier": "D36", "transition_identifier": null}, "geometry": {"type": "MultiLineString", "coordinates": [[[103.76875, 15.93276111], [103.76875, 15.93276111]]]}}, {"type": "Feature", "properties": {"fid": 8324, "area_code": "PAC", "airport_identifier": "VTSF", "procedure_identifier": "I19-Z", "transition_identifier": "CHARY"}, "geometry": {"type": "MultiLineString", "coordinates": [[[100.02736111, 8.24891667], [99.94685, 8.54165556], [100.04403889, 8.72349722], [99.96658333, 8.74648056]]]}}, {"type": "Feature", "properties": {"fid": 8330, "area_code": "PAC", "airport_identifier": "VTSF", "procedure_identifier": "I19-Z", "transition_identifier": "GIFBY"}, "geometry": {"type": "MultiLineString", "coordinates": [[[100.45398889, 8.540075], [100.22086111, 8.54088056], [99.97010833, 8.77985278], [99.96658333, 8.74648056]]]}}, {"type": "Feature", "properties": {"fid": 8335, "area_code": "PAC", "airport_identifier": "VTSF", "procedure_identifier": "I19-Z", "transition_identifier": "MEZZI"}, "geometry": {"type": "MultiLineString", "coordinates": [[[99.85582778, 8.24931389], [99.94685, 8.54165556], [100.04403889, 8.72349722], [99.96658333, 8.74648056]]]}}, {"type": "Feature", "properties": {"fid": 8342, "area_code": "PAC", "airport_identifier": "VTSF", "procedure_identifier": "I19-Z", "transition_identifier": "PUYOL"}, "geometry": {"type": "MultiLineString", "coordinates": [[[99.65731944, 8.75163333], [99.72536111, 8.702325], [99.85077222, 8.76098611], [99.97010833, 8.77985278], [99.96658333, 8.74648056]]]}}, {"type": "Feature", "properties": {"fid": 8345, "area_code": "PAC", "airport_identifier": "VTSF", "procedure_identifier": "I19-Z", "transition_identifier": "TAWIT"}, "geometry": {"type": "MultiLineString", "coordinates": [[[100.08920833, 8.84520833], [99.96658333, 8.74648056]]]}}, {"type": "Feature", "properties": {"fid": 8349, "area_code": "PAC", "airport_identifier": "VTSF", "procedure_identifier": "I19-Z", "transition_identifier": null}, "geometry": {"type": "MultiLineString", "coordinates": [[[99.96658333, 8.74648056], [99.95435, 8.63070556], [99.945725, 8.54909167]]]}}, {"type": "Feature", "properties": {"fid": 8354, "area_code": "PAC", "airport_identifier": "VTSF", "procedure_identifier": "I19-Z", "transition_identifier": null}, "geometry": {"type": "MultiLineString", "coordinates": [[[100.22086111, 8.54088056], [100.22086111, 8.54088056]]]}}, {"type": "Feature", "properties": {"fid": 8357, "area_code": "PAC", "airport_identifier": "VTBD", "procedure_identifier": "R21R", "transition_identifier": "AROKA"}, "geometry": {"type": "MultiLineString", "coordinates": [[[100.66441389, 14.18948889], [100.69658889, 14.07649444]]]}}, {"type": "Feature", "properties": {"fid": 8360, "area_code": "PAC", "airport_identifier": "VTBD", "procedure_identifier": "R21R", "transition_identifier": "TAWAN"}, "geometry": {"type": "MultiLineString", "coordinates": [[[100.73461667, 14.14398611], [100.69658889, 14.07649444]]]}}, {"type": "Feature", "properties": {"fid": 8364, "area_code": "PAC", "airport_identifier": "VTBD", "procedure_identifier": "R21R", "transition_identifier": null}, "geometry": {"type": "MultiLineString", "coordinates": [[[100.69658889, 14.07649444], [100.65275833, 13.99828889], [100.61239444, 13.92635278]]]}}, {"type": "Feature", "properties": {"fid": 8369, "area_code": "PAC", "airport_identifier": "VTBD", "procedure_identifier": "R21R", "transition_identifier": null}, "geometry": {"type": "MultiLineString", "coordinates": [[[100.57642222, 13.86220278], [100.48401389, 13.85211111], [100.35585556, 13.80468333], [100.35585556, 13.80468333]]]}}, {"type": "Feature", "properties": {"fid": 8373, "area_code": "PAC", "airport_identifier": "VTBO", "procedure_identifier": "R23", "transition_identifier": "HUNSA"}, "geometry": {"type": "MultiLineString", "coordinates": [[[101.98345, 12.53770278], [102.43247222, 12.47106111], [102.48563333, 12.40580833]]]}}, {"type": "Feature", "properties": {"fid": 8378, "area_code": "PAC", "airport_identifier": "VTBO", "procedure_identifier": "R23", "transition_identifier": "SUNDA"}, "geometry": {"type": "MultiLineString", "coordinates": [[[102.13724444, 11.80389167], [102.43786667, 12.20600278], [102.53876944, 12.34055], [102.48563333, 12.40580833]]]}}, {"type": "Feature", "properties": {"fid": 8382, "area_code": "PAC", "airport_identifier": "VTBO", "procedure_identifier": "R23", "transition_identifier": null}, "geometry": {"type": "MultiLineString", "coordinates": [[[102.48563333, 12.40580833], [102.40598611, 12.3431], [102.32637778, 12.28035833]]]}}, {"type": "Feature", "properties": {"fid": 8386, "area_code": "PAC", "airport_identifier": "VTBO", "procedure_identifier": "R23", "transition_identifier": null}, "geometry": {"type": "MultiLineString", "coordinates": [[[102.40598611, 12.3431], [102.40598611, 12.3431]]]}}, {"type": "Feature", "properties": {"fid": 8390, "area_code": "PAC", "airport_identifier": "VTUQ", "procedure_identifier": "I06", "transition_identifier": "BKK"}, "geometry": {"type": "MultiLineString", "coordinates": [[[100.59619444, 13.89352778], [101.84771389, 14.72520556], [102.12976667, 14.849775]]]}}, {"type": "Feature", "properties": {"fid": 8395, "area_code": "PAC", "airport_identifier": "VTUQ", "procedure_identifier": "I06", "transition_identifier": null}, "geometry": {"type": "MultiLineString", "coordinates": [[[102.12976667, 14.849775], [102.21117778, 14.89421944], [102.30416944, 14.94494167]]]}}, {"type": "Feature", "properties": {"fid": 8401, "area_code": "PAC", "airport_identifier": "VTUQ", "procedure_identifier": "I06", "transition_identifier": null}, "geometry": {"type": "MultiLineString", "coordinates": [[[102.21117778, 14.89421944], [102.21117778, 14.89421944]]]}}, {"type": "Feature", "properties": {"fid": 8404, "area_code": "PAC", "airport_identifier": "VTPM", "procedure_identifier": "D27", "transition_identifier": "BINIX"}, "geometry": {"type": "MultiLineString", "coordinates": [[[98.89353889, 16.79807222], [98.82534722, 16.72058056]]]}}, {"type": "Feature", "properties": {"fid": 8410, "area_code": "PAC", "airport_identifier": "VTPM", "procedure_identifier": "D27", "transition_identifier": "VEGRA"}, "geometry": {"type": "MultiLineString", "coordinates": [[[98.61460833, 17.0592], [98.60130833, 16.9935], [98.76283611, 16.91069444], [98.85308333, 16.72278333], [98.82534722, 16.72058056]]]}}, {"type": "Feature", "properties": {"fid": 8416, "area_code": "PAC", "airport_identifier": "VTPM", "procedure_identifier": "D27", "transition_identifier": null}, "geometry": {"type": "MultiLineString", "coordinates": [[[98.82534722, 16.72058056], [98.69905, 16.71049722], [98.67298056, 16.70840556], [98.63484722, 16.70534167], [98.58770833, 16.70154167]]]}}, {"type": "Feature", "properties": {"fid": 8424, "area_code": "PAC", "airport_identifier": "VTPM", "procedure_identifier": "D27", "transition_identifier": null}, "geometry": {"type": "MultiLineString", "coordinates": [[[98.56544722, 16.81609167], [98.594375, 16.9607], [98.60130833, 16.9935], [98.76283611, 16.91069444], [98.85308333, 16.72278333], [98.82534722, 16.72058056], [98.82534722, 16.72058056]]]}}, {"type": "Feature", "properties": {"fid": 8428, "area_code": "PAC", "airport_identifier": "VTPI", "procedure_identifier": "I18-Z", "transition_identifier": "D360U"}, "geometry": {"type": "MultiLineString", "coordinates": [[[100.29599167, 15.63913889], [100.30070833, 15.48848889]]]}}, {"type": "Feature", "properties": {"fid": 8432, "area_code": "PAC", "airport_identifier": "VTPI", "procedure_identifier": "I18-Z", "transition_identifier": "TL"}, "geometry": {"type": "MultiLineString", "coordinates": [[[100.29753056, 15.27595833], [100.30070833, 15.48848889]]]}}, {"type": "Feature", "properties": {"fid": 8436, "area_code": "PAC", "airport_identifier": "VTPI", "procedure_identifier": "I18-Z", "transition_identifier": null}, "geometry": {"type": "MultiLineString", "coordinates": [[[100.30070833, 15.48848889], [100.29840278, 15.38808611], [100.29617222, 15.29083333]]]}}, {"type": "Feature", "properties": {"fid": 8440, "area_code": "PAC", "airport_identifier": "VTPI", "procedure_identifier": "I18-Z", "transition_identifier": null}, "geometry": {"type": "MultiLineString", "coordinates": [[[100.30070833, 15.48848889], [100.30070833, 15.48848889]]]}}, {"type": "Feature", "properties": {"fid": 8443, "area_code": "PAC", "airport_identifier": "VTSS", "procedure_identifier": "R26", "transition_identifier": "KASLA"}, "geometry": {"type": "MultiLineString", "coordinates": [[[100.57760833, 7.07377222], [100.58771111, 6.95696389]]]}}, {"type": "Feature", "properties": {"fid": 8446, "area_code": "PAC", "airport_identifier": "VTSS", "procedure_identifier": "R26", "transition_identifier": "PIMUV"}, "geometry": {"type": "MultiLineString", "coordinates": [[[100.69195833, 6.87598889], [100.58771111, 6.95696389]]]}}, {"type": "Feature", "properties": {"fid": 8451, "area_code": "PAC", "airport_identifier": "VTSS", "procedure_identifier": "R26", "transition_identifier": null}, "geometry": {"type": "MultiLineString", "coordinates": [[[100.58771111, 6.95696389], [100.53449722, 6.95029722], [100.48108611, 6.9436], [100.40792222, 6.93441389]]]}}, {"type": "Feature", "properties": {"fid": 8457, "area_code": "PAC", "airport_identifier": "VTSS", "procedure_identifier": "R26", "transition_identifier": null}, "geometry": {"type": "MultiLineString", "coordinates": [[[100.35576667, 6.80970833], [100.60229167, 6.84063889], [100.58771111, 6.95696389], [100.58771111, 6.95696389]]]}}, {"type": "Feature", "properties": {"fid": 8462, "area_code": "PAC", "airport_identifier": "VTUU", "procedure_identifier": "I23-Y", "transition_identifier": "BINEK"}, "geometry": {"type": "MultiLineString", "coordinates": [[[104.63520833, 15.35872222], [105.03977222, 15.38253611], [105.01770556, 15.365125]]]}}, {"type": "Feature", "properties": {"fid": 8467, "area_code": "PAC", "airport_identifier": "VTUU", "procedure_identifier": "I23-Y", "transition_identifier": "GUNEP"}, "geometry": {"type": "MultiLineString", "coordinates": [[[105.11709444, 15.30503889], [105.03977222, 15.38253611], [105.01770556, 15.365125]]]}}, {"type": "Feature", "properties": {"fid": 8472, "area_code": "PAC", "airport_identifier": "VTUU", "procedure_identifier": "I23-Y", "transition_identifier": "NOGEK"}, "geometry": {"type": "MultiLineString", "coordinates": [[[104.61651667, 15.17898333], [105.03977222, 15.38253611], [105.01770556, 15.365125]]]}}, {"type": "Feature", "properties": {"fid": 8477, "area_code": "PAC", "airport_identifier": "VTUU", "procedure_identifier": "I23-Y", "transition_identifier": "PEGBI"}, "geometry": {"type": "MultiLineString", "coordinates": [[[104.66645556, 15.40508611], [105.03977222, 15.38253611], [105.01770556, 15.365125]]]}}, {"type": "Feature", "properties": {"fid": 8482, "area_code": "PAC", "airport_identifier": "VTUU", "procedure_identifier": "I23-Y", "transition_identifier": "POVIV"}, "geometry": {"type": "MultiLineString", "coordinates": [[[104.60825278, 15.22405833], [105.03977222, 15.38253611], [105.01770556, 15.365125]]]}}, {"type": "Feature", "properties": {"fid": 8486, "area_code": "PAC", "airport_identifier": "VTUU", "procedure_identifier": "I23-Y", "transition_identifier": "UBL1"}, "geometry": {"type": "MultiLineString", "coordinates": [[[104.86588889, 15.24516667], [105.01770556, 15.365125]]]}}, {"type": "Feature", "properties": {"fid": 8490, "area_code": "PAC", "airport_identifier": "VTUU", "procedure_identifier": "I23-Y", "transition_identifier": "UBL2"}, "geometry": {"type": "MultiLineString", "coordinates": [[[104.86588889, 15.24516667], [105.01770556, 15.365125]]]}}, {"type": "Feature", "properties": {"fid": 8494, "area_code": "PAC", "airport_identifier": "VTUU", "procedure_identifier": "I23-Y", "transition_identifier": null}, "geometry": {"type": "MultiLineString", "coordinates": [[[105.01770556, 15.365125], [104.94699444, 15.31056667], [104.88117778, 15.25971944]]]}}, {"type": "Feature", "properties": {"fid": 8498, "area_code": "PAC", "airport_identifier": "VTUU", "procedure_identifier": "I23-Y", "transition_identifier": null}, "geometry": {"type": "MultiLineString", "coordinates": [[[105.01770556, 15.365125], [105.01770556, 15.365125]]]}}, {"type": "Feature", "properties": {"fid": 8502, "area_code": "PAC", "airport_identifier": "VTCL", "procedure_identifier": "D36", "transition_identifier": "BIXEB"}, "geometry": {"type": "MultiLineString", "coordinates": [[[99.74160833, 18.22555278], [99.51905, 18.11006944]]]}}, {"type": "Feature", "properties": {"fid": 8508, "area_code": "PAC", "airport_identifier": "VTCL", "procedure_identifier": "D36", "transition_identifier": "IGNAX"}, "geometry": {"type": "MultiLineString", "coordinates": [[[99.56095833, 17.86208611], [99.49043056, 17.96898889], [99.45238056, 18.02659444], [99.48434444, 18.06662778], [99.51905, 18.11006944]]]}}, {"type": "Feature", "properties": {"fid": 8513, "area_code": "PAC", "airport_identifier": "VTCL", "procedure_identifier": "D36", "transition_identifier": "VENAG"}, "geometry": {"type": "MultiLineString", "coordinates": [[[99.69938333, 17.90316389], [99.64553611, 18.00539444], [99.57942778, 18.06013056], [99.51905, 18.11006944]]]}}, {"type": "Feature", "properties": {"fid": 8518, "area_code": "PAC", "airport_identifier": "VTCL", "procedure_identifier": "D36", "transition_identifier": null}, "geometry": {"type": "MultiLineString", "coordinates": [[[99.51905, 18.11006944], [99.51021389, 18.19815278], [99.50720278, 18.22813333], [99.50369167, 18.26311111]]]}}, {"type": "Feature", "properties": {"fid": 8523, "area_code": "PAC", "airport_identifier": "VTCL", "procedure_identifier": "D36", "transition_identifier": null}, "geometry": {"type": "MultiLineString", "coordinates": [[[99.50233333, 18.27661111], [99.64553611, 18.00539444], [99.64553611, 18.00539444]]]}}, {"type": "Feature", "properties": {"fid": 8526, "area_code": "PAC", "airport_identifier": "VTBU", "procedure_identifier": "N36", "transition_identifier": null}, "geometry": {"type": "MultiLineString", "coordinates": [[[101.01655556, 12.55295], [101.00215278, 12.62575]]]}}, {"type": "Feature", "properties": {"fid": 8531, "area_code": "PAC", "airport_identifier": "VTBU", "procedure_identifier": "N36", "transition_identifier": null}, "geometry": {"type": "MultiLineString", "coordinates": [[[100.995, 12.66194444], [100.995, 12.66194444], [100.995, 12.66194444]]]}}, {"type": "Feature", "properties": {"fid": 8534, "area_code": "PAC", "airport_identifier": "VTUU", "procedure_identifier": "R05", "transition_identifier": "AREVU"}, "geometry": {"type": "MultiLineString", "coordinates": [[[104.65015556, 15.23082778], [104.72536111, 15.13923333]]]}}, {"type": "Feature", "properties": {"fid": 8537, "area_code": "PAC", "airport_identifier": "VTUU", "procedure_identifier": "R05", "transition_identifier": "GOPVI"}, "geometry": {"type": "MultiLineString", "coordinates": [[[104.53539722, 15.12643056], [104.72536111, 15.13923333]]]}}, {"type": "Feature", "properties": {"fid": 8540, "area_code": "PAC", "airport_identifier": "VTUU", "procedure_identifier": "R05", "transition_identifier": "SADUP"}, "geometry": {"type": "MultiLineString", "coordinates": [[[104.81125, 15.0345], [104.72536111, 15.13923333]]]}}, {"type": "Feature", "properties": {"fid": 8543, "area_code": "PAC", "airport_identifier": "VTUU", "procedure_identifier": "R05", "transition_identifier": "TOGOK"}, "geometry": {"type": "MultiLineString", "coordinates": [[[104.52195556, 15.17544444], [104.72536111, 15.13923333]]]}}, {"type": "Feature", "properties": {"fid": 8547, "area_code": "PAC", "airport_identifier": "VTUU", "procedure_identifier": "R05", "transition_identifier": null}, "geometry": {"type": "MultiLineString", "coordinates": [[[104.72536111, 15.13923333], [104.79322222, 15.19173611], [104.85931389, 15.242825]]]}}, {"type": "Feature", "properties": {"fid": 8551, "area_code": "PAC", "airport_identifier": "VTUU", "procedure_identifier": "R05", "transition_identifier": null}, "geometry": {"type": "MultiLineString", "coordinates": [[[104.72536111, 15.13923333], [104.72536111, 15.13923333]]]}}, {"type": "Feature", "properties": {"fid": 8556, "area_code": "PAC", "airport_identifier": "VTST", "procedure_identifier": "R08", "transition_identifier": "HUNNY"}, "geometry": {"type": "MultiLineString", "coordinates": [[[99.88069444, 7.31760278], [99.62605556, 7.30546944], [99.39290278, 7.29416389], [99.37687222, 7.47045556]]]}}, {"type": "Feature", "properties": {"fid": 8560, "area_code": "PAC", "airport_identifier": "VTST", "procedure_identifier": "R08", "transition_identifier": "NAKAR"}, "geometry": {"type": "MultiLineString", "coordinates": [[[99.71983056, 7.81303333], [99.33598333, 7.64235], [99.37687222, 7.47045556]]]}}, {"type": "Feature", "properties": {"fid": 8564, "area_code": "PAC", "airport_identifier": "VTST", "procedure_identifier": "R08", "transition_identifier": "NECON"}, "geometry": {"type": "MultiLineString", "coordinates": [[[99.244875, 7.683975], [99.33598333, 7.64235], [99.37687222, 7.47045556]]]}}, {"type": "Feature", "properties": {"fid": 8568, "area_code": "PAC", "airport_identifier": "VTST", "procedure_identifier": "R08", "transition_identifier": "RICOH"}, "geometry": {"type": "MultiLineString", "coordinates": [[[99.31768056, 7.79363889], [99.33598333, 7.64235], [99.37687222, 7.47045556]]]}}, {"type": "Feature", "properties": {"fid": 8572, "area_code": "PAC", "airport_identifier": "VTST", "procedure_identifier": "R08", "transition_identifier": "SULEZ"}, "geometry": {"type": "MultiLineString", "coordinates": [[[99.53354167, 7.81343889], [99.33598333, 7.64235], [99.37687222, 7.47045556]]]}}, {"type": "Feature", "properties": {"fid": 8577, "area_code": "PAC", "airport_identifier": "VTST", "procedure_identifier": "R08", "transition_identifier": null}, "geometry": {"type": "MultiLineString", "coordinates": [[[99.37687222, 7.47045556], [99.46468056, 7.48448333], [99.52763889, 7.49453889], [99.60716667, 7.50724167]]]}}, {"type": "Feature", "properties": {"fid": 8581, "area_code": "PAC", "airport_identifier": "VTST", "procedure_identifier": "R08", "transition_identifier": null}, "geometry": {"type": "MultiLineString", "coordinates": [[[99.626075, 7.19075833], [99.626075, 7.19075833]]]}}, {"type": "Feature", "properties": {"fid": 8584, "area_code": "PAC", "airport_identifier": "VTCC", "procedure_identifier": "R36", "transition_identifier": "ENRIS"}, "geometry": {"type": "MultiLineString", "coordinates": [[[98.83930833, 18.43006667], [98.96201944, 18.42981944]]]}}, {"type": "Feature", "properties": {"fid": 8587, "area_code": "PAC", "airport_identifier": "VTCC", "procedure_identifier": "R36", "transition_identifier": "PUKAT"}, "geometry": {"type": "MultiLineString", "coordinates": [[[99.08473056, 18.42949167], [98.96201944, 18.42981944]]]}}, {"type": "Feature", "properties": {"fid": 8592, "area_code": "PAC", "airport_identifier": "VTCC", "procedure_identifier": "R36", "transition_identifier": null}, "geometry": {"type": "MultiLineString", "coordinates": [[[98.96201944, 18.42981944], [98.96241667, 18.58499167], [98.96254444, 18.63424722], [98.96277222, 18.722925]]]}}, {"type": "Feature", "properties": {"fid": 8598, "area_code": "PAC", "airport_identifier": "VTCC", "procedure_identifier": "R36", "transition_identifier": null}, "geometry": {"type": "MultiLineString", "coordinates": [[[98.998275, 18.86436944], [99.08615, 18.86439722], [99.08473056, 18.42949167], [98.96201944, 18.42981944], [98.96201944, 18.42981944]]]}}, {"type": "Feature", "properties": {"fid": 8601, "area_code": "PAC", "airport_identifier": "VTCC", "procedure_identifier": "R18", "transition_identifier": "MESUX"}, "geometry": {"type": "MultiLineString", "coordinates": [[[99.11962222, 19.05013333], [98.96358889, 19.05055]]]}}, {"type": "Feature", "properties": {"fid": 8604, "area_code": "PAC", "airport_identifier": "VTCC", "procedure_identifier": "R18", "transition_identifier": "SANRA"}, "geometry": {"type": "MultiLineString", "coordinates": [[[98.80755278, 19.05083611], [98.96358889, 19.05055]]]}}, {"type": "Feature", "properties": {"fid": 8608, "area_code": "PAC", "airport_identifier": "VTCC", "procedure_identifier": "R18", "transition_identifier": null}, "geometry": {"type": "MultiLineString", "coordinates": [[[98.96358889, 19.05055], [98.96322222, 18.90319722], [98.96291944, 18.78105833]]]}}, {"type": "Feature", "properties": {"fid": 8612, "area_code": "PAC", "airport_identifier": "VTCC", "procedure_identifier": "R18", "transition_identifier": null}, "geometry": {"type": "MultiLineString", "coordinates": [[[99.20811667, 18.59416667], [99.20811667, 18.59416667]]]}}, {"type": "Feature", "properties": {"fid": 8616, "area_code": "PAC", "airport_identifier": "VTCC", "procedure_identifier": "I36-Z", "transition_identifier": "ENRIS"}, "geometry": {"type": "MultiLineString", "coordinates": [[[98.83930833, 18.43006667], [98.96201944, 18.42981944], [98.96241667, 18.58499167]]]}}, {"type": "Feature", "properties": {"fid": 8620, "area_code": "PAC", "airport_identifier": "VTCC", "procedure_identifier": "I36-Z", "transition_identifier": "PUKAT"}, "geometry": {"type": "MultiLineString", "coordinates": [[[99.08473056, 18.42949167], [98.96201944, 18.42981944], [98.96241667, 18.58499167]]]}}, {"type": "Feature", "properties": {"fid": 8624, "area_code": "PAC", "airport_identifier": "VTCC", "procedure_identifier": "I36-Z", "transition_identifier": null}, "geometry": {"type": "MultiLineString", "coordinates": [[[98.96241667, 18.58499167], [98.96254444, 18.63424722], [98.96285, 18.75303889]]]}}, {"type": "Feature", "properties": {"fid": 8630, "area_code": "PAC", "airport_identifier": "VTCC", "procedure_identifier": "I36-Z", "transition_identifier": null}, "geometry": {"type": "MultiLineString", "coordinates": [[[98.998275, 18.86436944], [99.08615, 18.86439722], [99.08473056, 18.42949167], [98.96201944, 18.42981944], [98.96201944, 18.42981944]]]}}, {"type": "Feature", "properties": {"fid": 8634, "area_code": "PAC", "airport_identifier": "VTBD", "procedure_identifier": "I21LZ", "transition_identifier": "AROKA"}, "geometry": {"type": "MultiLineString", "coordinates": [[[100.66441389, 14.18948889], [100.69658889, 14.07649444], [100.67240556, 14.025875]]]}}, {"type": "Feature", "properties": {"fid": 8638, "area_code": "PAC", "airport_identifier": "VTBD", "procedure_identifier": "I21LZ", "transition_identifier": "TAWAN"}, "geometry": {"type": "MultiLineString", "coordinates": [[[100.73461667, 14.14398611], [100.69658889, 14.07649444], [100.67240556, 14.025875]]]}}, {"type": "Feature", "properties": {"fid": 8642, "area_code": "PAC", "airport_identifier": "VTBD", "procedure_identifier": "I21LZ", "transition_identifier": null}, "geometry": {"type": "MultiLineString", "coordinates": [[[100.67240556, 14.025875], [100.65590833, 13.99648611], [100.61554444, 13.92455833]]]}}, {"type": "Feature", "properties": {"fid": 8647, "area_code": "PAC", "airport_identifier": "VTBD", "procedure_identifier": "I21LZ", "transition_identifier": null}, "geometry": {"type": "MultiLineString", "coordinates": [[[100.58094722, 13.86286667], [100.48401389, 13.85211111], [100.35585556, 13.80468333], [100.35585556, 13.80468333]]]}}, {"type": "Feature", "properties": {"fid": 8652, "area_code": "PAC", "airport_identifier": "VTSK", "procedure_identifier": "R26", "transition_identifier": "BOODU"}, "geometry": {"type": "MultiLineString", "coordinates": [[[100.80208056, 6.85489167], [101.15168611, 6.91580556], [101.31925556, 6.91401111], [101.32705833, 6.79704444]]]}}, {"type": "Feature", "properties": {"fid": 8655, "area_code": "PAC", "airport_identifier": "VTSK", "procedure_identifier": "R26", "transition_identifier": "ZIMMY"}, "geometry": {"type": "MultiLineString", "coordinates": [[[101.36156944, 6.69514167], [101.32705833, 6.79704444]]]}}, {"type": "Feature", "properties": {"fid": 8659, "area_code": "PAC", "airport_identifier": "VTSK", "procedure_identifier": "R26", "transition_identifier": null}, "geometry": {"type": "MultiLineString", "coordinates": [[[101.32705833, 6.79704444], [101.22508611, 6.79024167], [101.15989444, 6.78588056]]]}}, {"type": "Feature", "properties": {"fid": 8663, "area_code": "PAC", "airport_identifier": "VTSK", "procedure_identifier": "R26", "transition_identifier": null}, "geometry": {"type": "MultiLineString", "coordinates": [[[101.31925556, 6.91401111], [101.31925556, 6.91401111]]]}}, {"type": "Feature", "properties": {"fid": 8666, "area_code": "PAC", "airport_identifier": "VTBU", "procedure_identifier": "R18", "transition_identifier": "PIWAT"}, "geometry": {"type": "MultiLineString", "coordinates": [[[100.91569444, 12.92127222], [101.02035, 12.86661111]]]}}, {"type": "Feature", "properties": {"fid": 8669, "area_code": "PAC", "airport_identifier": "VTBU", "procedure_identifier": "R18", "transition_identifier": "RUNOS"}, "geometry": {"type": "MultiLineString", "coordinates": [[[101.0299, 12.98254722], [101.02035, 12.86661111]]]}}, {"type": "Feature", "properties": {"fid": 8672, "area_code": "PAC", "airport_identifier": "VTBU", "procedure_identifier": "R18", "transition_identifier": "UKEPA"}, "geometry": {"type": "MultiLineString", "coordinates": [[[101.13285833, 12.90329722], [101.02035, 12.86661111]]]}}, {"type": "Feature", "properties": {"fid": 8676, "area_code": "PAC", "airport_identifier": "VTBU", "procedure_identifier": "R18", "transition_identifier": "VEPDA"}, "geometry": {"type": "MultiLineString", "coordinates": [[[100.72770278, 12.66410556], [100.91569444, 12.92127222], [101.02035, 12.86661111]]]}}, {"type": "Feature", "properties": {"fid": 8680, "area_code": "PAC", "airport_identifier": "VTBU", "procedure_identifier": "R18", "transition_identifier": null}, "geometry": {"type": "MultiLineString", "coordinates": [[[101.02035, 12.86661111], [101.013125, 12.77882222], [101.00626111, 12.69538889]]]}}, {"type": "Feature", "properties": {"fid": 8684, "area_code": "PAC", "airport_identifier": "VTBU", "procedure_identifier": "R18", "transition_identifier": null}, "geometry": {"type": "MultiLineString", "coordinates": [[[100.9959, 12.56967778], [101.28800556, 12.77213889], [101.28800556, 12.77213889]]]}}, {"type": "Feature", "properties": {"fid": 8688, "area_code": "PAC", "airport_identifier": "VTSR", "procedure_identifier": "I02-Z", "transition_identifier": "ELPUT"}, "geometry": {"type": "MultiLineString", "coordinates": [[[98.51475833, 9.36572222], [98.50795, 9.44916944], [98.49738056, 9.57863889]]]}}, {"type": "Feature", "properties": {"fid": 8694, "area_code": "PAC", "airport_identifier": "VTSR", "procedure_identifier": "I02-Z", "transition_identifier": "SAKUB"}, "geometry": {"type": "MultiLineString", "coordinates": [[[98.85336389, 10.10093889], [98.78033333, 9.93117778], [98.70738056, 9.7614], [98.60548889, 9.53148611], [98.49738056, 9.57863889]]]}}, {"type": "Feature", "properties": {"fid": 8698, "area_code": "PAC", "airport_identifier": "VTSR", "procedure_identifier": "I02-Z", "transition_identifier": "SUDEX"}, "geometry": {"type": "MultiLineString", "coordinates": [[[98.31433611, 9.68119722], [98.38924167, 9.62575556], [98.49738056, 9.57863889]]]}}, {"type": "Feature", "properties": {"fid": 8702, "area_code": "PAC", "airport_identifier": "VTSR", "procedure_identifier": "I02-Z", "transition_identifier": "TOGIM"}, "geometry": {"type": "MultiLineString", "coordinates": [[[98.86333333, 9.44972222], [98.60548889, 9.53148611], [98.49738056, 9.57863889]]]}}, {"type": "Feature", "properties": {"fid": 8706, "area_code": "PAC", "airport_identifier": "VTSR", "procedure_identifier": "I02-Z", "transition_identifier": null}, "geometry": {"type": "MultiLineString", "coordinates": [[[98.49738056, 9.57863889], [98.534025, 9.66142778], [98.58181667, 9.76933889]]]}}, {"type": "Feature", "properties": {"fid": 8711, "area_code": "PAC", "airport_identifier": "VTSR", "procedure_identifier": "I02-Z", "transition_identifier": null}, "geometry": {"type": "MultiLineString", "coordinates": [[[98.59566944, 9.86156667], [98.31433611, 9.68119722], [98.31433611, 9.68119722]]]}}, {"type": "Feature", "properties": {"fid": 8715, "area_code": "PAC", "airport_identifier": "VTBK", "procedure_identifier": "D21", "transition_identifier": "D104G"}, "geometry": {"type": "MultiLineString", "coordinates": [[[100.07096667, 14.13797222], [99.99811667, 14.23771389]]]}}, {"type": "Feature", "properties": {"fid": 8719, "area_code": "PAC", "airport_identifier": "VTBK", "procedure_identifier": "D21", "transition_identifier": null}, "geometry": {"type": "MultiLineString", "coordinates": [[[99.99811667, 14.23771389], [99.95431111, 14.16575278], [99.93154167, 14.12832778]]]}}, {"type": "Feature", "properties": {"fid": 8726, "area_code": "PAC", "airport_identifier": "VTSS", "procedure_identifier": "D26", "transition_identifier": "ENTAM"}, "geometry": {"type": "MultiLineString", "coordinates": [[[100.60974722, 6.78363889], [100.62191111, 6.95116389], [100.58855, 6.94873889]]]}}, {"type": "Feature", "properties": {"fid": 8732, "area_code": "PAC", "airport_identifier": "VTSS", "procedure_identifier": "D26", "transition_identifier": "ESBIG"}, "geometry": {"type": "MultiLineString", "coordinates": [[[100.17402778, 7.09574444], [100.53754722, 7.11469444], [100.62191111, 6.95116389], [100.58855, 6.94873889]]]}}, {"type": "Feature", "properties": {"fid": 8736, "area_code": "PAC", "airport_identifier": "VTSS", "procedure_identifier": "D26", "transition_identifier": "HTY1"}, "geometry": {"type": "MultiLineString", "coordinates": [[[100.38794444, 6.93411111], [100.58855, 6.94873889]]]}}, {"type": "Feature", "properties": {"fid": 8740, "area_code": "PAC", "airport_identifier": "VTSS", "procedure_identifier": "D26", "transition_identifier": "HTY2"}, "geometry": {"type": "MultiLineString", "coordinates": [[[100.38794444, 6.93411111], [100.58855, 6.94873889]]]}}, {"type": "Feature", "properties": {"fid": 8745, "area_code": "PAC", "airport_identifier": "VTSS", "procedure_identifier": "D26", "transition_identifier": "MERIV"}, "geometry": {"type": "MultiLineString", "coordinates": [[[100.63693056, 6.83480833], [100.62191111, 6.95116389], [100.58855, 6.94873889]]]}}, {"type": "Feature", "properties": {"fid": 8751, "area_code": "PAC", "airport_identifier": "VTSS", "procedure_identifier": "D26", "transition_identifier": "MOSPO"}, "geometry": {"type": "MultiLineString", "coordinates": [[[100.45824444, 7.19266111], [100.53754722, 7.11469444], [100.62191111, 6.95116389], [100.58855, 6.94873889]]]}}, {"type": "Feature", "properties": {"fid": 8757, "area_code": "PAC", "airport_identifier": "VTSS", "procedure_identifier": "D26", "transition_identifier": "OLDEV"}, "geometry": {"type": "MultiLineString", "coordinates": [[[100.39974444, 7.20177778], [100.53754722, 7.11469444], [100.62191111, 6.95116389], [100.58855, 6.94873889]]]}}, {"type": "Feature", "properties": {"fid": 8760, "area_code": "PAC", "airport_identifier": "VTSS", "procedure_identifier": "D26", "transition_identifier": "PIMUV"}, "geometry": {"type": "MultiLineString", "coordinates": [[[100.69195833, 6.87598889], [100.58855, 6.94873889]]]}}, {"type": "Feature", "properties": {"fid": 8765, "area_code": "PAC", "airport_identifier": "VTSS", "procedure_identifier": "D26", "transition_identifier": "RUXUB"}, "geometry": {"type": "MultiLineString", "coordinates": [[[100.39242222, 6.66618889], [100.62191111, 6.95116389], [100.58855, 6.94873889]]]}}, {"type": "Feature", "properties": {"fid": 8771, "area_code": "PAC", "airport_identifier": "VTSS", "procedure_identifier": "D26", "transition_identifier": "UBDOG"}, "geometry": {"type": "MultiLineString", "coordinates": [[[100.317225, 7.19256667], [100.53754722, 7.11469444], [100.62191111, 6.95116389], [100.58855, 6.94873889]]]}}, {"type": "Feature", "properties": {"fid": 8777, "area_code": "PAC", "airport_identifier": "VTSS", "procedure_identifier": "D26", "transition_identifier": "UGOMI"}, "geometry": {"type": "MultiLineString", "coordinates": [[[100.25559167, 7.16716389], [100.53754722, 7.11469444], [100.62191111, 6.95116389], [100.58855, 6.94873889]]]}}, {"type": "Feature", "properties": {"fid": 8782, "area_code": "PAC", "airport_identifier": "VTSS", "procedure_identifier": "D26", "transition_identifier": null}, "geometry": {"type": "MultiLineString", "coordinates": [[[100.58855, 6.94873889], [100.53499722, 6.94483889], [100.48131111, 6.940925], [100.40781111, 6.93555278]]]}}, {"type": "Feature", "properties": {"fid": 8787, "area_code": "PAC", "airport_identifier": "VTSS", "procedure_identifier": "D26", "transition_identifier": null}, "geometry": {"type": "MultiLineString", "coordinates": [[[100.58855, 6.94873889], [100.58855, 6.94873889]]]}}, {"type": "Feature", "properties": {"fid": 8791, "area_code": "PAC", "airport_identifier": "VTUQ", "procedure_identifier": "R06", "transition_identifier": "SAIGA"}, "geometry": {"type": "MultiLineString", "coordinates": [[[102.56070278, 14.96653056], [102.17238889, 14.760525], [102.12290556, 14.84866111]]]}}, {"type": "Feature", "properties": {"fid": 8795, "area_code": "PAC", "airport_identifier": "VTUQ", "procedure_identifier": "R06", "transition_identifier": "VOBOT"}, "geometry": {"type": "MultiLineString", "coordinates": [[[101.60604722, 14.56571389], [102.00319722, 14.78259167], [102.12290556, 14.84866111]]]}}, {"type": "Feature", "properties": {"fid": 8799, "area_code": "PAC", "airport_identifier": "VTUQ", "procedure_identifier": "R06", "transition_identifier": null}, "geometry": {"type": "MultiLineString", "coordinates": [[[102.12290556, 14.84866111], [102.22865556, 14.90478611], [102.30416944, 14.94494167]]]}}, {"type": "Feature", "properties": {"fid": 8803, "area_code": "PAC", "airport_identifier": "VTUQ", "procedure_identifier": "R06", "transition_identifier": null}, "geometry": {"type": "MultiLineString", "coordinates": [[[102.12290556, 14.84866111], [102.12290556, 14.84866111]]]}}, {"type": "Feature", "properties": {"fid": 8808, "area_code": "PAC", "airport_identifier": "VTUL", "procedure_identifier": "R19", "transition_identifier": "BOVGO"}, "geometry": {"type": "MultiLineString", "coordinates": [[[101.82643056, 17.12766944], [101.80555278, 17.30006111], [101.89694167, 17.58880556], [101.78005278, 17.62279444]]]}}, {"type": "Feature", "properties": {"fid": 8813, "area_code": "PAC", "airport_identifier": "VTUL", "procedure_identifier": "R19", "transition_identifier": "DUBOL"}, "geometry": {"type": "MultiLineString", "coordinates": [[[101.53165, 17.16764444], [101.59169444, 17.42988889], [101.66312222, 17.65671389], [101.78005278, 17.62279444]]]}}, {"type": "Feature", "properties": {"fid": 8817, "area_code": "PAC", "airport_identifier": "VTUL", "procedure_identifier": "R19", "transition_identifier": "NOGAD"}, "geometry": {"type": "MultiLineString", "coordinates": [[[102.00579722, 17.64269167], [101.89694167, 17.58880556], [101.78005278, 17.62279444]]]}}, {"type": "Feature", "properties": {"fid": 8822, "area_code": "PAC", "airport_identifier": "VTUL", "procedure_identifier": "R19", "transition_identifier": "RIBDO"}, "geometry": {"type": "MultiLineString", "coordinates": [[[101.48821667, 17.33713333], [101.59169444, 17.42988889], [101.66312222, 17.65671389], [101.78005278, 17.62279444]]]}}, {"type": "Feature", "properties": {"fid": 8826, "area_code": "PAC", "airport_identifier": "VTUL", "procedure_identifier": "R19", "transition_identifier": "SWENI"}, "geometry": {"type": "MultiLineString", "coordinates": [[[101.98409167, 17.43205833], [101.89694167, 17.58880556], [101.78005278, 17.62279444]]]}}, {"type": "Feature", "properties": {"fid": 8831, "area_code": "PAC", "airport_identifier": "VTUL", "procedure_identifier": "R19", "transition_identifier": "UPMEN"}, "geometry": {"type": "MultiLineString", "coordinates": [[[101.46413056, 17.41324444], [101.59169444, 17.42988889], [101.66312222, 17.65671389], [101.78005278, 17.62279444]]]}}, {"type": "Feature", "properties": {"fid": 8837, "area_code": "PAC", "airport_identifier": "VTUL", "procedure_identifier": "R19", "transition_identifier": null}, "geometry": {"type": "MultiLineString", "coordinates": [[[101.78005278, 17.62279444], [101.75931389, 17.55713333], [101.74667222, 17.51709444], [101.73706667, 17.48666667], [101.72493611, 17.44823056]]]}}, {"type": "Feature", "properties": {"fid": 8841, "area_code": "PAC", "airport_identifier": "VTUL", "procedure_identifier": "R19", "transition_identifier": null}, "geometry": {"type": "MultiLineString", "coordinates": [[[101.78005278, 17.62279444], [101.78005278, 17.62279444]]]}}, {"type": "Feature", "properties": {"fid": 8844, "area_code": "PAC", "airport_identifier": "VTSP", "procedure_identifier": "R27-Z", "transition_identifier": "ANFIL"}, "geometry": {"type": "MultiLineString", "coordinates": [[[98.59501944, 8.22904167], [98.55760833, 8.13581667]]]}}, {"type": "Feature", "properties": {"fid": 8847, "area_code": "PAC", "airport_identifier": "VTSP", "procedure_identifier": "R27-Z", "transition_identifier": "MANYU"}, "geometry": {"type": "MultiLineString", "coordinates": [[[98.60846944, 8.03960278], [98.55760833, 8.13581667]]]}}, {"type": "Feature", "properties": {"fid": 8851, "area_code": "PAC", "airport_identifier": "VTSP", "procedure_identifier": "R27-Z", "transition_identifier": null}, "geometry": {"type": "MultiLineString", "coordinates": [[[98.55760833, 8.13581667], [98.41740833, 8.12269444], [98.33040556, 8.11450833]]]}}, {"type": "Feature", "properties": {"fid": 8855, "area_code": "PAC", "airport_identifier": "VTSP", "procedure_identifier": "R27-Z", "transition_identifier": null}, "geometry": {"type": "MultiLineString", "coordinates": [[[98.06879722, 7.87834167], [98.06879722, 7.87834167]]]}}, {"type": "Feature", "properties": {"fid": 8859, "area_code": "PAC", "airport_identifier": "VTSE", "procedure_identifier": "N24", "transition_identifier": "CP1"}, "geometry": {"type": "MultiLineString", "coordinates": [[[99.36611111, 10.71772222], [99.46722778, 10.74831111]]]}}, {"type": "Feature", "properties": {"fid": 8863, "area_code": "PAC", "airport_identifier": "VTSE", "procedure_identifier": "N24", "transition_identifier": "CP2"}, "geometry": {"type": "MultiLineString", "coordinates": [[[99.36611111, 10.71772222], [99.46722778, 10.74831111]]]}}, {"type": "Feature", "properties": {"fid": 8867, "area_code": "PAC", "airport_identifier": "VTSE", "procedure_identifier": "N24", "transition_identifier": null}, "geometry": {"type": "MultiLineString", "coordinates": [[[99.46722778, 10.74831111], [99.36919167, 10.71868889], [99.36611111, 10.71772222]]]}}, {"type": "Feature", "properties": {"fid": 8871, "area_code": "PAC", "airport_identifier": "VTSE", "procedure_identifier": "N24", "transition_identifier": null}, "geometry": {"type": "MultiLineString", "coordinates": [[[99.36611111, 10.71772222], [99.36611111, 10.71772222]]]}}, {"type": "Feature", "properties": {"fid": 8876, "area_code": "PAC", "airport_identifier": "VTUK", "procedure_identifier": "D03", "transition_identifier": "ISLAR"}, "geometry": {"type": "MultiLineString", "coordinates": [[[102.64576667, 16.26047778], [102.66468889, 16.288525]]]}}, {"type": "Feature", "properties": {"fid": 8881, "area_code": "PAC", "airport_identifier": "VTUK", "procedure_identifier": "D03", "transition_identifier": "KABVI"}, "geometry": {"type": "MultiLineString", "coordinates": [[[102.64576667, 16.26047778], [102.66468889, 16.288525]]]}}, {"type": "Feature", "properties": {"fid": 8885, "area_code": "PAC", "airport_identifier": "VTUK", "procedure_identifier": "D03", "transition_identifier": "KKN1"}, "geometry": {"type": "MultiLineString", "coordinates": [[[102.78797222, 16.47088889], [102.66468889, 16.288525]]]}}, {"type": "Feature", "properties": {"fid": 8889, "area_code": "PAC", "airport_identifier": "VTUK", "procedure_identifier": "D03", "transition_identifier": "KKN2"}, "geometry": {"type": "MultiLineString", "coordinates": [[[102.78797222, 16.47088889], [102.66468889, 16.288525]]]}}, {"type": "Feature", "properties": {"fid": 8894, "area_code": "PAC", "airport_identifier": "VTUK", "procedure_identifier": "D03", "transition_identifier": "NIVAD"}, "geometry": {"type": "MultiLineString", "coordinates": [[[102.64576667, 16.26047778], [102.66468889, 16.288525]]]}}, {"type": "Feature", "properties": {"fid": 8899, "area_code": "PAC", "airport_identifier": "VTUK", "procedure_identifier": "D03", "transition_identifier": "ONUVI"}, "geometry": {"type": "MultiLineString", "coordinates": [[[102.64576667, 16.26047778], [102.66468889, 16.288525]]]}}, {"type": "Feature", "properties": {"fid": 8902, "area_code": "PAC", "airport_identifier": "VTUK", "procedure_identifier": "D03", "transition_identifier": "VAMTA"}, "geometry": {"type": "MultiLineString", "coordinates": [[[102.65754722, 16.16057778], [102.66468889, 16.288525]]]}}, {"type": "Feature", "properties": {"fid": 8906, "area_code": "PAC", "airport_identifier": "VTUK", "procedure_identifier": "D03", "transition_identifier": null}, "geometry": {"type": "MultiLineString", "coordinates": [[[102.66468889, 16.288525], [102.73094722, 16.38666111], [102.77756389, 16.45562778]]]}}, {"type": "Feature", "properties": {"fid": 8911, "area_code": "PAC", "airport_identifier": "VTUK", "procedure_identifier": "D03", "transition_identifier": null}, "geometry": {"type": "MultiLineString", "coordinates": [[[102.66468889, 16.288525], [102.66468889, 16.288525]]]}}, {"type": "Feature", "properties": {"fid": 8915, "area_code": "PAC", "airport_identifier": "VTSP", "procedure_identifier": "D27-Z", "transition_identifier": "ANFIL"}, "geometry": {"type": "MultiLineString", "coordinates": [[[98.59501944, 8.22904167], [98.5077, 8.12531111], [98.42444444, 8.12061389]]]}}, {"type": "Feature", "properties": {"fid": 8920, "area_code": "PAC", "airport_identifier": "VTSP", "procedure_identifier": "D27-Z", "transition_identifier": "MANYU"}, "geometry": {"type": "MultiLineString", "coordinates": [[[98.60846944, 8.03960278], [98.5077, 8.12531111], [98.42444444, 8.12061389]]]}}, {"type": "Feature", "properties": {"fid": 8923, "area_code": "PAC", "airport_identifier": "VTSP", "procedure_identifier": "D27-Z", "transition_identifier": null}, "geometry": {"type": "MultiLineString", "coordinates": [[[98.42444444, 8.12061389], [98.34726389, 8.11625278]]]}}, {"type": "Feature", "properties": {"fid": 8927, "area_code": "PAC", "airport_identifier": "VTSP", "procedure_identifier": "D27-Z", "transition_identifier": null}, "geometry": {"type": "MultiLineString", "coordinates": [[[98.42444444, 8.12061389], [98.42444444, 8.12061389]]]}}, {"type": "Feature", "properties": {"fid": 8931, "area_code": "PAC", "airport_identifier": "VTBK", "procedure_identifier": "N21", "transition_identifier": null}, "geometry": {"type": "MultiLineString", "coordinates": [[[99.95686389, 14.17034444], [99.93146667, 14.12860278]]]}}, {"type": "Feature", "properties": {"fid": 8936, "area_code": "PAC", "airport_identifier": "VTUO", "procedure_identifier": "N04", "transition_identifier": null}, "geometry": {"type": "MultiLineString", "coordinates": [[[103.20437778, 15.14684167], [103.23577778, 15.20671389]]]}}, {"type": "Feature", "properties": {"fid": 8940, "area_code": "PAC", "airport_identifier": "VTUO", "procedure_identifier": "N04", "transition_identifier": null}, "geometry": {"type": "MultiLineString", "coordinates": [[[103.25255556, 15.23863889], [103.25255556, 15.23863889]]]}}, {"type": "Feature", "properties": {"fid": 8944, "area_code": "PAC", "airport_identifier": "VTSE", "procedure_identifier": "D24", "transition_identifier": "CPN1"}, "geometry": {"type": "MultiLineString", "coordinates": [[[99.36555556, 10.71116667], [99.56730278, 10.834275]]]}}, {"type": "Feature", "properties": {"fid": 8948, "area_code": "PAC", "airport_identifier": "VTSE", "procedure_identifier": "D24", "transition_identifier": "CPN2"}, "geometry": {"type": "MultiLineString", "coordinates": [[[99.36555556, 10.71116667], [99.56730278, 10.834275]]]}}, {"type": "Feature", "properties": {"fid": 8953, "area_code": "PAC", "airport_identifier": "VTSE", "procedure_identifier": "D24", "transition_identifier": "MAGMI"}, "geometry": {"type": "MultiLineString", "coordinates": [[[99.17076389, 10.47946667], [99.59613889, 10.85186111], [99.56730278, 10.834275]]]}}, {"type": "Feature", "properties": {"fid": 8956, "area_code": "PAC", "airport_identifier": "VTSE", "procedure_identifier": "D24", "transition_identifier": "OBKAN"}, "geometry": {"type": "MultiLineString", "coordinates": [[[99.59858333, 10.96464444], [99.56730278, 10.834275]]]}}, {"type": "Feature", "properties": {"fid": 8960, "area_code": "PAC", "airport_identifier": "VTSE", "procedure_identifier": "D24", "transition_identifier": null}, "geometry": {"type": "MultiLineString", "coordinates": [[[99.56730278, 10.834275], [99.45488611, 10.76570556], [99.37004444, 10.71593889]]]}}, {"type": "Feature", "properties": {"fid": 8965, "area_code": "PAC", "airport_identifier": "VTSE", "procedure_identifier": "D24", "transition_identifier": null}, "geometry": {"type": "MultiLineString", "coordinates": [[[99.36555556, 10.71116667], [99.56730278, 10.834275], [99.56730278, 10.834275]]]}}, {"type": "Feature", "properties": {"fid": 8971, "area_code": "PAC", "airport_identifier": "VTCP", "procedure_identifier": "R19", "transition_identifier": "AIZAK"}, "geometry": {"type": "MultiLineString", "coordinates": [[[100.34445278, 17.88401667], [100.25734722, 18.006375], [100.27616944, 18.19081667], [100.29320278, 18.35734722], [100.18855556, 18.36707778]]]}}, {"type": "Feature", "properties": {"fid": 8977, "area_code": "PAC", "airport_identifier": "VTCP", "procedure_identifier": "R19", "transition_identifier": "IDKOR"}, "geometry": {"type": "MultiLineString", "coordinates": [[[100.21203611, 17.636025], [100.25734722, 18.006375], [100.27616944, 18.19081667], [100.29320278, 18.35734722], [100.18855556, 18.36707778]]]}}, {"type": "Feature", "properties": {"fid": 8982, "area_code": "PAC", "airport_identifier": "VTCP", "procedure_identifier": "R19", "transition_identifier": "OTBAD"}, "geometry": {"type": "MultiLineString", "coordinates": [[[99.93953333, 18.25393611], [100.00799722, 18.31221667], [100.08389722, 18.37675278], [100.18855556, 18.36707778]]]}}, {"type": "Feature", "properties": {"fid": 8986, "area_code": "PAC", "airport_identifier": "VTCP", "procedure_identifier": "R19", "transition_identifier": "SUNGO"}, "geometry": {"type": "MultiLineString", "coordinates": [[[100.39606389, 18.38666389], [100.29320278, 18.35734722], [100.18855556, 18.36707778]]]}}, {"type": "Feature", "properties": {"fid": 8990, "area_code": "PAC", "airport_identifier": "VTCP", "procedure_identifier": "R19", "transition_identifier": null}, "geometry": {"type": "MultiLineString", "coordinates": [[[100.18855556, 18.36707778], [100.17483611, 18.232175], [100.16536389, 18.13891111]]]}}, {"type": "Feature", "properties": {"fid": 8994, "area_code": "PAC", "airport_identifier": "VTCP", "procedure_identifier": "R19", "transition_identifier": null}, "geometry": {"type": "MultiLineString", "coordinates": [[[100.18855556, 18.36707778], [100.18855556, 18.36707778]]]}}, {"type": "Feature", "properties": {"fid": 8997, "area_code": "PAC", "airport_identifier": "VTSF", "procedure_identifier": "R01", "transition_identifier": "CHARY"}, "geometry": {"type": "MultiLineString", "coordinates": [[[100.02736111, 8.24891667], [99.92778889, 8.37905278]]]}}, {"type": "Feature", "properties": {"fid": 9002, "area_code": "PAC", "airport_identifier": "VTSF", "procedure_identifier": "R01", "transition_identifier": "GIFBY"}, "geometry": {"type": "MultiLineString", "coordinates": [[[100.45398889, 8.540075], [100.178625, 8.54101111], [100.03861389, 8.36742222], [99.92778889, 8.37905278]]]}}, {"type": "Feature", "properties": {"fid": 9005, "area_code": "PAC", "airport_identifier": "VTSF", "procedure_identifier": "R01", "transition_identifier": "MEZZI"}, "geometry": {"type": "MultiLineString", "coordinates": [[[99.85582778, 8.24931389], [99.92778889, 8.37905278]]]}}, {"type": "Feature", "properties": {"fid": 9010, "area_code": "PAC", "airport_identifier": "VTSF", "procedure_identifier": "R01", "transition_identifier": "PUYOL"}, "geometry": {"type": "MultiLineString", "coordinates": [[[99.65731944, 8.75163333], [99.86648056, 8.59990833], [99.84415278, 8.38775833], [99.92778889, 8.37905278]]]}}, {"type": "Feature", "properties": {"fid": 9016, "area_code": "PAC", "airport_identifier": "VTSF", "procedure_identifier": "R01", "transition_identifier": "TAWIT"}, "geometry": {"type": "MultiLineString", "coordinates": [[[100.08920833, 8.84520833], [100.07423889, 8.70403889], [100.06122222, 8.58117222], [100.03861389, 8.36742222], [99.92778889, 8.37905278]]]}}, {"type": "Feature", "properties": {"fid": 9020, "area_code": "PAC", "airport_identifier": "VTSF", "procedure_identifier": "R01", "transition_identifier": null}, "geometry": {"type": "MultiLineString", "coordinates": [[[99.92778889, 8.37905278], [99.93695833, 8.46594167], [99.94162222, 8.51014444]]]}}, {"type": "Feature", "properties": {"fid": 9024, "area_code": "PAC", "airport_identifier": "VTSF", "procedure_identifier": "R01", "transition_identifier": null}, "geometry": {"type": "MultiLineString", "coordinates": [[[100.178625, 8.54101111], [100.178625, 8.54101111]]]}}, {"type": "Feature", "properties": {"fid": 9027, "area_code": "PAC", "airport_identifier": "VTCT", "procedure_identifier": "R03", "transition_identifier": "BENVI"}, "geometry": {"type": "MultiLineString", "coordinates": [[[99.96139444, 19.45181111], [99.73890278, 19.70634444]]]}}, {"type": "Feature", "properties": {"fid": 9031, "area_code": "PAC", "airport_identifier": "VTCT", "procedure_identifier": "R03", "transition_identifier": "DUBEN"}, "geometry": {"type": "MultiLineString", "coordinates": [[[100.20189722, 19.54706111], [99.84705278, 19.6496], [99.73890278, 19.70634444]]]}}, {"type": "Feature", "properties": {"fid": 9034, "area_code": "PAC", "airport_identifier": "VTCT", "procedure_identifier": "R03", "transition_identifier": "NUMDO"}, "geometry": {"type": "MultiLineString", "coordinates": [[[99.56719167, 19.54539722], [99.73890278, 19.70634444]]]}}, {"type": "Feature", "properties": {"fid": 9040, "area_code": "PAC", "airport_identifier": "VTCT", "procedure_identifier": "R03", "transition_identifier": "PONUK"}, "geometry": {"type": "MultiLineString", "coordinates": [[[100.38494444, 20.31613889], [100.05831944, 20.00973056], [99.97239722, 19.86349167], [99.84705278, 19.6496], [99.73890278, 19.70634444]]]}}, {"type": "Feature", "properties": {"fid": 9044, "area_code": "PAC", "airport_identifier": "VTCT", "procedure_identifier": "R03", "transition_identifier": null}, "geometry": {"type": "MultiLineString", "coordinates": [[[99.73890278, 19.70634444], [99.81424167, 19.83513611], [99.87600278, 19.94048333]]]}}, {"type": "Feature", "properties": {"fid": 9048, "area_code": "PAC", "airport_identifier": "VTCT", "procedure_identifier": "R03", "transition_identifier": null}, "geometry": {"type": "MultiLineString", "coordinates": [[[100.05831944, 20.00973056], [100.05831944, 20.00973056]]]}}, {"type": "Feature", "properties": {"fid": 9053, "area_code": "PAC", "airport_identifier": "VTCP", "procedure_identifier": "D01", "transition_identifier": "ALAPA"}, "geometry": {"type": "MultiLineString", "coordinates": [[[100.32388611, 17.912925], [100.23326667, 17.90881389], [100.12798889, 17.90274167]]]}}, {"type": "Feature", "properties": {"fid": 9057, "area_code": "PAC", "airport_identifier": "VTCP", "procedure_identifier": "D01", "transition_identifier": "PAE1"}, "geometry": {"type": "MultiLineString", "coordinates": [[[100.16625, 18.13413889], [100.12798889, 17.90274167]]]}}, {"type": "Feature", "properties": {"fid": 9061, "area_code": "PAC", "airport_identifier": "VTCP", "procedure_identifier": "D01", "transition_identifier": "PAE2"}, "geometry": {"type": "MultiLineString", "coordinates": [[[100.16625, 18.13413889], [100.12798889, 17.90274167]]]}}, {"type": "Feature", "properties": {"fid": 9064, "area_code": "PAC", "airport_identifier": "VTCP", "procedure_identifier": "D01", "transition_identifier": "VIRIN"}, "geometry": {"type": "MultiLineString", "coordinates": [[[100.20159167, 17.75075833], [100.12798889, 17.90274167]]]}}, {"type": "Feature", "properties": {"fid": 9071, "area_code": "PAC", "airport_identifier": "VTCP", "procedure_identifier": "D01", "transition_identifier": null}, "geometry": {"type": "MultiLineString", "coordinates": [[[100.12798889, 17.90274167], [100.13453889, 17.94240833], [100.14135833, 17.98372778], [100.14928889, 18.03165833], [100.15666944, 18.07628056], [100.16478611, 18.12534167]]]}}, {"type": "Feature", "properties": {"fid": 9076, "area_code": "PAC", "airport_identifier": "VTCP", "procedure_identifier": "D01", "transition_identifier": null}, "geometry": {"type": "MultiLineString", "coordinates": [[[100.12798889, 17.90274167], [100.12798889, 17.90274167]]]}}, {"type": "Feature", "properties": {"fid": 9080, "area_code": "PAC", "airport_identifier": "VTSC", "procedure_identifier": "R02", "transition_identifier": "ERVES"}, "geometry": {"type": "MultiLineString", "coordinates": [[[101.48144444, 6.20218889], [101.51582222, 6.24460556], [101.65327222, 6.31159167]]]}}, {"type": "Feature", "properties": {"fid": 9085, "area_code": "PAC", "airport_identifier": "VTSC", "procedure_identifier": "R02", "transition_identifier": "NUBKA"}, "geometry": {"type": "MultiLineString", "coordinates": [[[101.57383889, 6.90932778], [101.48104167, 6.56584722], [101.43740556, 6.40416667], [101.65327222, 6.31159167]]]}}, {"type": "Feature", "properties": {"fid": 9089, "area_code": "PAC", "airport_identifier": "VTSC", "procedure_identifier": "R02", "transition_identifier": null}, "geometry": {"type": "MultiLineString", "coordinates": [[[101.65327222, 6.31159167], [101.69944167, 6.41833056], [101.73801667, 6.50746667]]]}}, {"type": "Feature", "properties": {"fid": 9093, "area_code": "PAC", "airport_identifier": "VTSC", "procedure_identifier": "R02", "transition_identifier": null}, "geometry": {"type": "MultiLineString", "coordinates": [[[101.43740556, 6.40416667], [101.43740556, 6.40416667]]]}}, {"type": "Feature", "properties": {"fid": 9097, "area_code": "PAC", "airport_identifier": "VTSE", "procedure_identifier": "I24-Y", "transition_identifier": "CPN1"}, "geometry": {"type": "MultiLineString", "coordinates": [[[99.36555556, 10.71116667], [99.56966944, 10.82955278]]]}}, {"type": "Feature", "properties": {"fid": 9101, "area_code": "PAC", "airport_identifier": "VTSE", "procedure_identifier": "I24-Y", "transition_identifier": "CPN2"}, "geometry": {"type": "MultiLineString", "coordinates": [[[99.36555556, 10.71116667], [99.56966944, 10.82955278]]]}}, {"type": "Feature", "properties": {"fid": 9104, "area_code": "PAC", "airport_identifier": "VTSE", "procedure_identifier": "I24-Y", "transition_identifier": "LERBU"}, "geometry": {"type": "MultiLineString", "coordinates": [[[99.60990556, 10.97694722], [99.56966944, 10.82955278]]]}}, {"type": "Feature", "properties": {"fid": 9109, "area_code": "PAC", "airport_identifier": "VTSE", "procedure_identifier": "I24-Y", "transition_identifier": "MAGMI"}, "geometry": {"type": "MultiLineString", "coordinates": [[[99.17076389, 10.47946667], [99.60025556, 10.84502778], [99.56966944, 10.82955278]]]}}, {"type": "Feature", "properties": {"fid": 9113, "area_code": "PAC", "airport_identifier": "VTSE", "procedure_identifier": "I24-Y", "transition_identifier": null}, "geometry": {"type": "MultiLineString", "coordinates": [[[99.56966944, 10.82955278], [99.45514167, 10.76440556], [99.37004444, 10.71593889]]]}}, {"type": "Feature", "properties": {"fid": 9117, "area_code": "PAC", "airport_identifier": "VTSE", "procedure_identifier": "I24-Y", "transition_identifier": null}, "geometry": {"type": "MultiLineString", "coordinates": [[[99.56966944, 10.82955278], [99.56966944, 10.82955278]]]}}, {"type": "Feature", "properties": {"fid": 9121, "area_code": "PAC", "airport_identifier": "VTUV", "procedure_identifier": "R36", "transition_identifier": "ANKID"}, "geometry": {"type": "MultiLineString", "coordinates": [[[103.51594444, 15.68018611], [103.681875, 15.84821667], [103.76559167, 15.93283889]]]}}, {"type": "Feature", "properties": {"fid": 9125, "area_code": "PAC", "airport_identifier": "VTUV", "procedure_identifier": "R36", "transition_identifier": "BODUR"}, "geometry": {"type": "MultiLineString", "coordinates": [[[103.35755833, 15.81469444], [103.681875, 15.84821667], [103.76559167, 15.93283889]]]}}, {"type": "Feature", "properties": {"fid": 9132, "area_code": "PAC", "airport_identifier": "VTUV", "procedure_identifier": "R36", "transition_identifier": "DOTUS"}, "geometry": {"type": "MultiLineString", "coordinates": [[[103.45876667, 16.51750278], [103.53492778, 16.20263889], [103.52842222, 16.05279167], [103.52334444, 15.93574167], [103.681875, 15.84821667], [103.76559167, 15.93283889]]]}}, {"type": "Feature", "properties": {"fid": 9136, "area_code": "PAC", "airport_identifier": "VTUV", "procedure_identifier": "R36", "transition_identifier": "ENTEK"}, "geometry": {"type": "MultiLineString", "coordinates": [[[104.17341944, 15.79851944], [103.85301389, 15.8518], [103.76559167, 15.93283889]]]}}, {"type": "Feature", "properties": {"fid": 9143, "area_code": "PAC", "airport_identifier": "VTUV", "procedure_identifier": "R36", "transition_identifier": "RURAR"}, "geometry": {"type": "MultiLineString", "coordinates": [[[104.24323611, 16.32862222], [104.02156944, 16.22916944], [104.01321667, 16.04707778], [104.00785833, 15.93003889], [103.85301389, 15.8518], [103.76559167, 15.93283889]]]}}, {"type": "Feature", "properties": {"fid": 9150, "area_code": "PAC", "airport_identifier": "VTUV", "procedure_identifier": "R36", "transition_identifier": "SEDNO"}, "geometry": {"type": "MultiLineString", "coordinates": [[[103.28532778, 16.29258611], [103.53492778, 16.20263889], [103.52842222, 16.05279167], [103.52334444, 15.93574167], [103.681875, 15.84821667], [103.76559167, 15.93283889]]]}}, {"type": "Feature", "properties": {"fid": 9154, "area_code": "PAC", "airport_identifier": "VTUV", "procedure_identifier": "R36", "transition_identifier": null}, "geometry": {"type": "MultiLineString", "coordinates": [[[103.76559167, 15.93283889], [103.77031389, 16.03870833], [103.773375, 16.10726111]]]}}, {"type": "Feature", "properties": {"fid": 9158, "area_code": "PAC", "airport_identifier": "VTUV", "procedure_identifier": "R36", "transition_identifier": null}, "geometry": {"type": "MultiLineString", "coordinates": [[[103.76559167, 15.93283889], [103.76559167, 15.93283889]]]}}, {"type": "Feature", "properties": {"fid": 9161, "area_code": "PAC", "airport_identifier": "VTSB", "procedure_identifier": "R22", "transition_identifier": "BAVOR"}, "geometry": {"type": "MultiLineString", "coordinates": [[[99.40402222, 9.29483889], [99.28631111, 9.28669167]]]}}, {"type": "Feature", "properties": {"fid": 9164, "area_code": "PAC", "airport_identifier": "VTSB", "procedure_identifier": "R22", "transition_identifier": "BEVLA"}, "geometry": {"type": "MultiLineString", "coordinates": [[[99.2017, 9.36839722], [99.28631111, 9.28669167]]]}}, {"type": "Feature", "properties": {"fid": 9167, "area_code": "PAC", "airport_identifier": "VTSB", "procedure_identifier": "R22", "transition_identifier": "ELNON"}, "geometry": {"type": "MultiLineString", "coordinates": [[[99.37088333, 9.20496667], [99.28631111, 9.28669167]]]}}, {"type": "Feature", "properties": {"fid": 9170, "area_code": "PAC", "airport_identifier": "VTSB", "procedure_identifier": "R22", "transition_identifier": "GUPES"}, "geometry": {"type": "MultiLineString", "coordinates": [[[99.27316389, 9.403175], [99.28631111, 9.28669167]]]}}, {"type": "Feature", "properties": {"fid": 9174, "area_code": "PAC", "airport_identifier": "VTSB", "procedure_identifier": "R22", "transition_identifier": null}, "geometry": {"type": "MultiLineString", "coordinates": [[[99.28631111, 9.28669167], [99.22382222, 9.22283333], [99.14513889, 9.142375]]]}}, {"type": "Feature", "properties": {"fid": 9180, "area_code": "PAC", "airport_identifier": "VTSB", "procedure_identifier": "R22", "transition_identifier": null}, "geometry": {"type": "MultiLineString", "coordinates": [[[99.169525, 8.99911667], [99.37088333, 9.20496667], [99.28631111, 9.28669167], [99.28631111, 9.28669167]]]}}, {"type": "Feature", "properties": {"fid": 9183, "area_code": "PAC", "airport_identifier": "VTBD", "procedure_identifier": "R21L", "transition_identifier": "AROKA"}, "geometry": {"type": "MultiLineString", "coordinates": [[[100.66441389, 14.18948889], [100.69658889, 14.07649444]]]}}, {"type": "Feature", "properties": {"fid": 9186, "area_code": "PAC", "airport_identifier": "VTBD", "procedure_identifier": "R21L", "transition_identifier": "TAWAN"}, "geometry": {"type": "MultiLineString", "coordinates": [[[100.73461667, 14.14398611], [100.69658889, 14.07649444]]]}}, {"type": "Feature", "properties": {"fid": 9190, "area_code": "PAC", "airport_identifier": "VTBD", "procedure_identifier": "R21L", "transition_identifier": null}, "geometry": {"type": "MultiLineString", "coordinates": [[[100.69658889, 14.07649444], [100.65590833, 13.99648611], [100.61554444, 13.92455833]]]}}, {"type": "Feature", "properties": {"fid": 9195, "area_code": "PAC", "airport_identifier": "VTBD", "procedure_identifier": "R21L", "transition_identifier": null}, "geometry": {"type": "MultiLineString", "coordinates": [[[100.58094722, 13.86286667], [100.48401389, 13.85211111], [100.35585556, 13.80468333], [100.35585556, 13.80468333]]]}}, {"type": "Feature", "properties": {"fid": 9199, "area_code": "PAC", "airport_identifier": "VTBU", "procedure_identifier": "D18", "transition_identifier": "BUT"}, "geometry": {"type": "MultiLineString", "coordinates": [[[101.00047222, 12.66666667], [101.02506667, 12.86194167]]]}}, {"type": "Feature", "properties": {"fid": 9204, "area_code": "PAC", "airport_identifier": "VTBU", "procedure_identifier": "D18", "transition_identifier": "IFONE"}, "geometry": {"type": "MultiLineString", "coordinates": [[[101.30734444, 12.66978889], [101.02958889, 12.89929444], [101.02506667, 12.86194167]]]}}, {"type": "Feature", "properties": {"fid": 9209, "area_code": "PAC", "airport_identifier": "VTBU", "procedure_identifier": "D18", "transition_identifier": "PIWAT"}, "geometry": {"type": "MultiLineString", "coordinates": [[[100.91569444, 12.92127222], [101.02958889, 12.89929444], [101.02506667, 12.86194167]]]}}, {"type": "Feature", "properties": {"fid": 9214, "area_code": "PAC", "airport_identifier": "VTBU", "procedure_identifier": "D18", "transition_identifier": null}, "geometry": {"type": "MultiLineString", "coordinates": [[[101.02506667, 12.86194167], [101.01458056, 12.77870556], [101.01060278, 12.74713889], [101.00629444, 12.69562778]]]}}, {"type": "Feature", "properties": {"fid": 9221, "area_code": "PAC", "airport_identifier": "VTBU", "procedure_identifier": "D18", "transition_identifier": null}, "geometry": {"type": "MultiLineString", "coordinates": [[[101.00047222, 12.66666667], [100.99886111, 12.60560278], [101.30734444, 12.66978889], [101.30734444, 12.66978889]]]}}, {"type": "Feature", "properties": {"fid": 9226, "area_code": "PAC", "airport_identifier": "VTBD", "procedure_identifier": "R03L", "transition_identifier": "DOTLI"}, "geometry": {"type": "MultiLineString", "coordinates": [[[100.37213889, 13.64946944], [100.49195833, 13.64877778], [100.58633889, 13.72865278], [100.54409722, 13.80451389]]]}}, {"type": "Feature", "properties": {"fid": 9230, "area_code": "PAC", "airport_identifier": "VTBD", "procedure_identifier": "R03L", "transition_identifier": null}, "geometry": {"type": "MultiLineString", "coordinates": [[[100.54409722, 13.80451389], [100.56877778, 13.84856389], [100.59593889, 13.89701111]]]}}, {"type": "Feature", "properties": {"fid": 9237, "area_code": "PAC", "airport_identifier": "VTBD", "procedure_identifier": "R03L", "transition_identifier": null}, "geometry": {"type": "MultiLineString", "coordinates": [[[100.61239444, 13.92635278], [100.564475, 14.02675556], [100.45216944, 14.02533889], [100.37350556, 13.88484722], [100.37283611, 13.76938889], [100.37283611, 13.76938889]]]}}, {"type": "Feature", "properties": {"fid": 9240, "area_code": "PAC", "airport_identifier": "VTUK", "procedure_identifier": "Q21", "transition_identifier": "CARAT"}, "geometry": {"type": "MultiLineString", "coordinates": [[[102.78449444, 16.77199444], [102.87410278, 16.63495278]]]}}, {"type": "Feature", "properties": {"fid": 9244, "area_code": "PAC", "airport_identifier": "VTUK", "procedure_identifier": "Q21", "transition_identifier": "KN"}, "geometry": {"type": "MultiLineString", "coordinates": [[[102.7845, 16.46202778], [102.87410278, 16.63495278]]]}}, {"type": "Feature", "properties": {"fid": 9247, "area_code": "PAC", "airport_identifier": "VTUK", "procedure_identifier": "Q21", "transition_identifier": "MOOSE"}, "geometry": {"type": "MultiLineString", "coordinates": [[[103.04381111, 16.61213333], [102.87410278, 16.63495278]]]}}, {"type": "Feature", "properties": {"fid": 9252, "area_code": "PAC", "airport_identifier": "VTUK", "procedure_identifier": "Q21", "transition_identifier": null}, "geometry": {"type": "MultiLineString", "coordinates": [[[102.87410278, 16.63495278], [102.83516111, 16.55985833], [102.82753333, 16.54514167], [102.79650833, 16.48526111]]]}}, {"type": "Feature", "properties": {"fid": 9256, "area_code": "PAC", "airport_identifier": "VTUK", "procedure_identifier": "Q21", "transition_identifier": null}, "geometry": {"type": "MultiLineString", "coordinates": [[[102.83516111, 16.55985833], [102.83516111, 16.55985833]]]}}, {"type": "Feature", "properties": {"fid": 9259, "area_code": "PAC", "airport_identifier": "VTSP", "procedure_identifier": "R09-Z", "transition_identifier": "KALIM"}, "geometry": {"type": "MultiLineString", "coordinates": [[[98.01889444, 8.08507222], [98.10253333, 8.09320278]]]}}, {"type": "Feature", "properties": {"fid": 9262, "area_code": "PAC", "airport_identifier": "VTSP", "procedure_identifier": "R09-Z", "transition_identifier": "LAZIO"}, "geometry": {"type": "MultiLineString", "coordinates": [[[98.01892778, 8.14608611], [98.10253333, 8.09320278]]]}}, {"type": "Feature", "properties": {"fid": 9265, "area_code": "PAC", "airport_identifier": "VTSP", "procedure_identifier": "R09-Z", "transition_identifier": "ROMAA"}, "geometry": {"type": "MultiLineString", "coordinates": [[[98.05651667, 7.97040278], [98.10253333, 8.09320278]]]}}, {"type": "Feature", "properties": {"fid": 9269, "area_code": "PAC", "airport_identifier": "VTSP", "procedure_identifier": "R09-Z", "transition_identifier": null}, "geometry": {"type": "MultiLineString", "coordinates": [[[98.10253333, 8.09320278], [98.21798889, 8.10391111], [98.28657778, 8.11038333]]]}}, {"type": "Feature", "properties": {"fid": 9273, "area_code": "PAC", "airport_identifier": "VTSP", "procedure_identifier": "R09-Z", "transition_identifier": null}, "geometry": {"type": "MultiLineString", "coordinates": [[[98.54300833, 7.87993611], [98.54300833, 7.87993611]]]}}, {"type": "Feature", "properties": {"fid": 9276, "area_code": "PAC", "airport_identifier": "VTUI", "procedure_identifier": "D05", "transition_identifier": "FOSSA"}, "geometry": {"type": "MultiLineString", "coordinates": [[[103.83081111, 17.04763333], [103.9648, 17.04715833]]]}}, {"type": "Feature", "properties": {"fid": 9281, "area_code": "PAC", "airport_identifier": "VTUI", "procedure_identifier": "D05", "transition_identifier": "NAKEE"}, "geometry": {"type": "MultiLineString", "coordinates": [[[103.84331389, 17.25165556], [103.953075, 17.03575833], [103.9648, 17.04715833]]]}}, {"type": "Feature", "properties": {"fid": 9285, "area_code": "PAC", "airport_identifier": "VTUI", "procedure_identifier": "D05", "transition_identifier": "SKN"}, "geometry": {"type": "MultiLineString", "coordinates": [[[104.13675, 17.21411111], [103.9648, 17.04715833]]]}}, {"type": "Feature", "properties": {"fid": 9289, "area_code": "PAC", "airport_identifier": "VTUI", "procedure_identifier": "D05", "transition_identifier": null}, "geometry": {"type": "MultiLineString", "coordinates": [[[103.9648, 17.04715833], [104.03138056, 17.11191944], [104.10996944, 17.18682222]]]}}, {"type": "Feature", "properties": {"fid": 9294, "area_code": "PAC", "airport_identifier": "VTUI", "procedure_identifier": "D05", "transition_identifier": null}, "geometry": {"type": "MultiLineString", "coordinates": [[[104.13675, 17.21411111], [103.9648, 17.04715833], [103.9648, 17.04715833]]]}}, {"type": "Feature", "properties": {"fid": 9298, "area_code": "PAC", "airport_identifier": "VTPO", "procedure_identifier": "N36", "transition_identifier": null}, "geometry": {"type": "MultiLineString", "coordinates": [[[99.80991111, 17.16168611], [99.82080278, 17.22780278], [99.82202778, 17.23519444]]]}}, {"type": "Feature", "properties": {"fid": 9302, "area_code": "PAC", "airport_identifier": "VTPO", "procedure_identifier": "N36", "transition_identifier": null}, "geometry": {"type": "MultiLineString", "coordinates": [[[99.82202778, 17.23519444], [99.82202778, 17.23519444]]]}}, {"type": "Feature", "properties": {"fid": 9307, "area_code": "PAC", "airport_identifier": "VTBD", "procedure_identifier": "R03R", "transition_identifier": "DOTLI"}, "geometry": {"type": "MultiLineString", "coordinates": [[[100.37213889, 13.64946944], [100.49195833, 13.64877778], [100.58633889, 13.72865278], [100.54963333, 13.8071]]]}}, {"type": "Feature", "properties": {"fid": 9311, "area_code": "PAC", "airport_identifier": "VTBD", "procedure_identifier": "R03R", "transition_identifier": null}, "geometry": {"type": "MultiLineString", "coordinates": [[[100.54963333, 13.8071], [100.57434167, 13.85113611], [100.60152778, 13.89956944]]]}}, {"type": "Feature", "properties": {"fid": 9319, "area_code": "PAC", "airport_identifier": "VTBD", "procedure_identifier": "R03R", "transition_identifier": null}, "geometry": {"type": "MultiLineString", "coordinates": [[[100.67902222, 14.03771389], [100.62447778, 14.13366389], [100.51211944, 14.132275], [100.45216944, 14.02533889], [100.37350556, 13.88484722], [100.37283611, 13.76938889], [100.37283611, 13.76938889]]]}}, {"type": "Feature", "properties": {"fid": 9325, "area_code": "PAC", "airport_identifier": "VTUI", "procedure_identifier": "L23", "transition_identifier": "NAKEE"}, "geometry": {"type": "MultiLineString", "coordinates": [[[103.84331389, 17.25165556], [103.96538056, 17.40362222], [104.32256667, 17.39061667], [104.29777778, 17.36709722]]]}}, {"type": "Feature", "properties": {"fid": 9330, "area_code": "PAC", "airport_identifier": "VTUI", "procedure_identifier": "L23", "transition_identifier": "PAYO1"}, "geometry": {"type": "MultiLineString", "coordinates": [[[103.87953889, 17.07352778], [104.13675, 17.21411111], [104.29777778, 17.36709722]]]}}, {"type": "Feature", "properties": {"fid": 9336, "area_code": "PAC", "airport_identifier": "VTUI", "procedure_identifier": "L23", "transition_identifier": "PAYO2"}, "geometry": {"type": "MultiLineString", "coordinates": [[[103.87953889, 17.07352778], [103.96538056, 17.40362222], [104.32256667, 17.39061667], [104.29777778, 17.36709722]]]}}, {"type": "Feature", "properties": {"fid": 9341, "area_code": "PAC", "airport_identifier": "VTUI", "procedure_identifier": "L23", "transition_identifier": "VANON"}, "geometry": {"type": "MultiLineString", "coordinates": [[[104.414625, 17.31081389], [104.32256667, 17.39061667], [104.29777778, 17.36709722]]]}}, {"type": "Feature", "properties": {"fid": 9345, "area_code": "PAC", "airport_identifier": "VTUI", "procedure_identifier": "L23", "transition_identifier": null}, "geometry": {"type": "MultiLineString", "coordinates": [[[104.29777778, 17.36709722], [104.18273056, 17.25666944], [104.13689722, 17.21268889]]]}}, {"type": "Feature", "properties": {"fid": 9349, "area_code": "PAC", "airport_identifier": "VTUI", "procedure_identifier": "L23", "transition_identifier": null}, "geometry": {"type": "MultiLineString", "coordinates": [[[104.29777778, 17.36709722], [104.29777778, 17.36709722]]]}}, {"type": "Feature", "properties": {"fid": 9352, "area_code": "PAC", "airport_identifier": "VTSP", "procedure_identifier": "I27", "transition_identifier": "ANFIL"}, "geometry": {"type": "MultiLineString", "coordinates": [[[98.59501944, 8.22904167], [98.50665556, 8.12719722]]]}}, {"type": "Feature", "properties": {"fid": 9355, "area_code": "PAC", "airport_identifier": "VTSP", "procedure_identifier": "I27", "transition_identifier": "MANYU"}, "geometry": {"type": "MultiLineString", "coordinates": [[[98.60846944, 8.03960278], [98.50665556, 8.12719722]]]}}, {"type": "Feature", "properties": {"fid": 9359, "area_code": "PAC", "airport_identifier": "VTSP", "procedure_identifier": "I27", "transition_identifier": null}, "geometry": {"type": "MultiLineString", "coordinates": [[[98.50665556, 8.12719722], [98.42281667, 8.12139722], [98.33040556, 8.11450833]]]}}, {"type": "Feature", "properties": {"fid": 9363, "area_code": "PAC", "airport_identifier": "VTSP", "procedure_identifier": "I27", "transition_identifier": null}, "geometry": {"type": "MultiLineString", "coordinates": [[[98.42281667, 8.12139722], [98.42281667, 8.12139722]]]}}, {"type": "Feature", "properties": {"fid": 9367, "area_code": "PAC", "airport_identifier": "VTCP", "procedure_identifier": "R01", "transition_identifier": "IDKOR"}, "geometry": {"type": "MultiLineString", "coordinates": [[[100.21203611, 17.636025], [100.19505833, 17.82173056], [100.06710833, 17.90920833]]]}}, {"type": "Feature", "properties": {"fid": 9372, "area_code": "PAC", "airport_identifier": "VTCP", "procedure_identifier": "R01", "transition_identifier": "OTBAD"}, "geometry": {"type": "MultiLineString", "coordinates": [[[99.93953333, 18.25393611], [99.95066944, 18.14377222], [99.96747778, 17.97721944], [100.06710833, 17.90920833]]]}}, {"type": "Feature", "properties": {"fid": 9379, "area_code": "PAC", "airport_identifier": "VTCP", "procedure_identifier": "R01", "transition_identifier": "SUNGO"}, "geometry": {"type": "MultiLineString", "coordinates": [[[100.39606389, 18.38666389], [100.38406944, 18.2701], [100.36183333, 18.05361667], [100.34445278, 17.88401667], [100.19505833, 17.82173056], [100.06710833, 17.90920833]]]}}, {"type": "Feature", "properties": {"fid": 9384, "area_code": "PAC", "airport_identifier": "VTCP", "procedure_identifier": "R01", "transition_identifier": null}, "geometry": {"type": "MultiLineString", "coordinates": [[[100.06710833, 17.90920833], [100.15385833, 18.02549167], [100.15757222, 18.06213333], [100.16399444, 18.12541944]]]}}, {"type": "Feature", "properties": {"fid": 9388, "area_code": "PAC", "airport_identifier": "VTCP", "procedure_identifier": "R01", "transition_identifier": null}, "geometry": {"type": "MultiLineString", "coordinates": [[[100.06710833, 17.90920833], [100.06710833, 17.90920833]]]}}, {"type": "Feature", "properties": {"fid": 9394, "area_code": "PAC", "airport_identifier": "VTSF", "procedure_identifier": "D19-Y", "transition_identifier": "CHARY"}, "geometry": {"type": "MultiLineString", "coordinates": [[[100.02736111, 8.24891667], [100.01659444, 8.28808611], [99.96474722, 8.77053611], [99.96213333, 8.73710278]]]}}, {"type": "Feature", "properties": {"fid": 9400, "area_code": "PAC", "airport_identifier": "VTSF", "procedure_identifier": "D19-Y", "transition_identifier": "GIFBY"}, "geometry": {"type": "MultiLineString", "coordinates": [[[100.45398889, 8.540075], [100.21108889, 8.54090833], [99.96474722, 8.77053611], [99.96213333, 8.73710278]]]}}, {"type": "Feature", "properties": {"fid": 9406, "area_code": "PAC", "airport_identifier": "VTSF", "procedure_identifier": "D19-Y", "transition_identifier": "MEZZI"}, "geometry": {"type": "MultiLineString", "coordinates": [[[99.85582778, 8.24931389], [99.86865556, 8.29054167], [99.96474722, 8.77053611], [99.96213333, 8.73710278]]]}}, {"type": "Feature", "properties": {"fid": 9413, "area_code": "PAC", "airport_identifier": "VTSF", "procedure_identifier": "D19-Y", "transition_identifier": "PUYOL"}, "geometry": {"type": "MultiLineString", "coordinates": [[[99.65731944, 8.75163333], [99.73325833, 8.69660278], [99.85468056, 8.752075], [99.96474722, 8.77053611], [99.96213333, 8.73710278]]]}}, {"type": "Feature", "properties": {"fid": 9416, "area_code": "PAC", "airport_identifier": "VTSF", "procedure_identifier": "D19-Y", "transition_identifier": "TAWIT"}, "geometry": {"type": "MultiLineString", "coordinates": [[[100.08920833, 8.84520833], [99.96213333, 8.73710278]]]}}, {"type": "Feature", "properties": {"fid": 9420, "area_code": "PAC", "airport_identifier": "VTSF", "procedure_identifier": "D19-Y", "transition_identifier": null}, "geometry": {"type": "MultiLineString", "coordinates": [[[99.96213333, 8.73710278], [99.95381389, 8.63076111], [99.94898611, 8.56900278]]]}}, {"type": "Feature", "properties": {"fid": 9425, "area_code": "PAC", "airport_identifier": "VTSF", "procedure_identifier": "D19-Y", "transition_identifier": null}, "geometry": {"type": "MultiLineString", "coordinates": [[[100.21108889, 8.54090833], [100.21108889, 8.54090833]]]}}, {"type": "Feature", "properties": {"fid": 9429, "area_code": "PAC", "airport_identifier": "VTUO", "procedure_identifier": "R04", "transition_identifier": "RISBO"}, "geometry": {"type": "MultiLineString", "coordinates": [[[102.84075833, 15.01991667], [103.01111667, 15.04448611], [103.15096111, 15.08813056]]]}}, {"type": "Feature", "properties": {"fid": 9434, "area_code": "PAC", "airport_identifier": "VTUO", "procedure_identifier": "R04", "transition_identifier": "UBMEM"}, "geometry": {"type": "MultiLineString", "coordinates": [[[103.43538611, 15.54239444], [103.41708889, 15.25206944], [103.24963056, 15.02079444], [103.15096111, 15.08813056]]]}}, {"type": "Feature", "properties": {"fid": 9440, "area_code": "PAC", "airport_identifier": "VTUO", "procedure_identifier": "R04", "transition_identifier": "VIREB"}, "geometry": {"type": "MultiLineString", "coordinates": [[[103.617575, 15.13085], [103.481175, 15.11158056], [103.24963056, 15.02079444], [103.15096111, 15.08813056]]]}}, {"type": "Feature", "properties": {"fid": 9444, "area_code": "PAC", "airport_identifier": "VTUO", "procedure_identifier": "R04", "transition_identifier": null}, "geometry": {"type": "MultiLineString", "coordinates": [[[103.15096111, 15.08813056], [103.20799167, 15.16701667], [103.24759444, 15.22175278]]]}}, {"type": "Feature", "properties": {"fid": 9448, "area_code": "PAC", "airport_identifier": "VTUO", "procedure_identifier": "R04", "transition_identifier": null}, "geometry": {"type": "MultiLineString", "coordinates": [[[103.15096111, 15.08813056], [103.15096111, 15.08813056]]]}}, {"type": "Feature", "properties": {"fid": 9451, "area_code": "PAC", "airport_identifier": "VTSF", "procedure_identifier": "D01", "transition_identifier": "CHARY"}, "geometry": {"type": "MultiLineString", "coordinates": [[[100.02736111, 8.24891667], [99.92608611, 8.37923056]]]}}, {"type": "Feature", "properties": {"fid": 9457, "area_code": "PAC", "airport_identifier": "VTSF", "procedure_identifier": "D01", "transition_identifier": "GIFBY"}, "geometry": {"type": "MultiLineString", "coordinates": [[[100.45398889, 8.540075], [100.178625, 8.54101111], [99.92179167, 8.34563611], [99.92608611, 8.37923056]]]}}, {"type": "Feature", "properties": {"fid": 9461, "area_code": "PAC", "airport_identifier": "VTSF", "procedure_identifier": "D01", "transition_identifier": "MEZZI"}, "geometry": {"type": "MultiLineString", "coordinates": [[[99.85582778, 8.24931389], [99.91536111, 8.29524167], [99.92608611, 8.37923056]]]}}, {"type": "Feature", "properties": {"fid": 9467, "area_code": "PAC", "airport_identifier": "VTSF", "procedure_identifier": "D01", "transition_identifier": "PUYOL"}, "geometry": {"type": "MultiLineString", "coordinates": [[[99.65731944, 8.75163333], [99.86648056, 8.59990833], [99.94685, 8.54165556], [99.98950278, 8.38313611], [99.92608611, 8.37923056]]]}}, {"type": "Feature", "properties": {"fid": 9472, "area_code": "PAC", "airport_identifier": "VTSF", "procedure_identifier": "D01", "transition_identifier": "TAWIT"}, "geometry": {"type": "MultiLineString", "coordinates": [[[100.08920833, 8.84520833], [99.94685, 8.54165556], [99.98950278, 8.38313611], [99.92608611, 8.37923056]]]}}, {"type": "Feature", "properties": {"fid": 9476, "area_code": "PAC", "airport_identifier": "VTSF", "procedure_identifier": "D01", "transition_identifier": null}, "geometry": {"type": "MultiLineString", "coordinates": [[[99.92608611, 8.37923056], [99.93713056, 8.46563333], [99.94238056, 8.50669722]]]}}, {"type": "Feature", "properties": {"fid": 9481, "area_code": "PAC", "airport_identifier": "VTSF", "procedure_identifier": "D01", "transition_identifier": null}, "geometry": {"type": "MultiLineString", "coordinates": [[[100.178625, 8.54101111], [100.178625, 8.54101111]]]}}, {"type": "Feature", "properties": {"fid": 9485, "area_code": "PAC", "airport_identifier": "VTPO", "procedure_identifier": "I36", "transition_identifier": "IGEMU"}, "geometry": {"type": "MultiLineString", "coordinates": [[[99.96222778, 17.45363889], [99.93594167, 17.03253889], [99.8142, 17.03486389]]]}}, {"type": "Feature", "properties": {"fid": 9488, "area_code": "PAC", "airport_identifier": "VTPO", "procedure_identifier": "I36", "transition_identifier": "KIMET"}, "geometry": {"type": "MultiLineString", "coordinates": [[[99.74147778, 16.82433333], [99.8142, 17.03486389]]]}}, {"type": "Feature", "properties": {"fid": 9492, "area_code": "PAC", "airport_identifier": "VTPO", "procedure_identifier": "I36", "transition_identifier": "VEGTO"}, "geometry": {"type": "MultiLineString", "coordinates": [[[99.61497778, 17.35919167], [99.69245556, 17.03711389], [99.8142, 17.03486389]]]}}, {"type": "Feature", "properties": {"fid": 9496, "area_code": "PAC", "airport_identifier": "VTPO", "procedure_identifier": "I36", "transition_identifier": null}, "geometry": {"type": "MultiLineString", "coordinates": [[[99.8142, 17.03486389], [99.81591944, 17.11945833], [99.81813889, 17.22821111]]]}}, {"type": "Feature", "properties": {"fid": 9500, "area_code": "PAC", "airport_identifier": "VTPO", "procedure_identifier": "I36", "transition_identifier": null}, "geometry": {"type": "MultiLineString", "coordinates": [[[99.61497778, 17.35919167], [99.61497778, 17.35919167]]]}}, {"type": "Feature", "properties": {"fid": 9503, "area_code": "PAC", "airport_identifier": "VTUU", "procedure_identifier": "R23", "transition_identifier": "OPTAD"}, "geometry": {"type": "MultiLineString", "coordinates": [[[105.12746944, 15.231], [105.01770556, 15.365125]]]}}, {"type": "Feature", "properties": {"fid": 9506, "area_code": "PAC", "airport_identifier": "VTUU", "procedure_identifier": "R23", "transition_identifier": "OSNID"}, "geometry": {"type": "MultiLineString", "coordinates": [[[105.18546389, 15.36306389], [105.01770556, 15.365125]]]}}, {"type": "Feature", "properties": {"fid": 9509, "area_code": "PAC", "airport_identifier": "VTUU", "procedure_identifier": "R23", "transition_identifier": "RUSTU"}, "geometry": {"type": "MultiLineString", "coordinates": [[[104.94254722, 15.45683333], [105.01770556, 15.365125]]]}}, {"type": "Feature", "properties": {"fid": 9513, "area_code": "PAC", "airport_identifier": "VTUU", "procedure_identifier": "R23", "transition_identifier": null}, "geometry": {"type": "MultiLineString", "coordinates": [[[105.01770556, 15.365125], [104.94699444, 15.31056667], [104.88117778, 15.25971944]]]}}, {"type": "Feature", "properties": {"fid": 9517, "area_code": "PAC", "airport_identifier": "VTUU", "procedure_identifier": "R23", "transition_identifier": null}, "geometry": {"type": "MultiLineString", "coordinates": [[[105.01770556, 15.365125], [105.01770556, 15.365125]]]}}, {"type": "Feature", "properties": {"fid": 9523, "area_code": "PAC", "airport_identifier": "VTBD", "procedure_identifier": "I21LY", "transition_identifier": "BKK"}, "geometry": {"type": "MultiLineString", "coordinates": [[[100.59619444, 13.89352778], [100.73461667, 14.14398611], [100.73461667, 14.14398611], [100.69658889, 14.07649444], [100.67240556, 14.025875]]]}}, {"type": "Feature", "properties": {"fid": 9527, "area_code": "PAC", "airport_identifier": "VTBD", "procedure_identifier": "I21LY", "transition_identifier": null}, "geometry": {"type": "MultiLineString", "coordinates": [[[100.67240556, 14.025875], [100.65590833, 13.99648611], [100.61554444, 13.92455833]]]}}, {"type": "Feature", "properties": {"fid": 9532, "area_code": "PAC", "airport_identifier": "VTBD", "procedure_identifier": "I21LY", "transition_identifier": null}, "geometry": {"type": "MultiLineString", "coordinates": [[[100.58161944, 13.86325278], [100.35585556, 13.80468333], [100.35585556, 13.80468333]]]}}, {"type": "Feature", "properties": {"fid": 9536, "area_code": "PAC", "airport_identifier": "VTSR", "procedure_identifier": "R02", "transition_identifier": "ELPUT"}, "geometry": {"type": "MultiLineString", "coordinates": [[[98.51475833, 9.36572222], [98.50795, 9.44916944], [98.49738056, 9.57863889]]]}}, {"type": "Feature", "properties": {"fid": 9542, "area_code": "PAC", "airport_identifier": "VTSR", "procedure_identifier": "R02", "transition_identifier": "SAKUB"}, "geometry": {"type": "MultiLineString", "coordinates": [[[98.85336389, 10.10093889], [98.78033333, 9.93117778], [98.70738056, 9.7614], [98.60548889, 9.53148611], [98.49738056, 9.57863889]]]}}, {"type": "Feature", "properties": {"fid": 9546, "area_code": "PAC", "airport_identifier": "VTSR", "procedure_identifier": "R02", "transition_identifier": "SUDEX"}, "geometry": {"type": "MultiLineString", "coordinates": [[[98.31433611, 9.68119722], [98.38924167, 9.62575556], [98.49738056, 9.57863889]]]}}, {"type": "Feature", "properties": {"fid": 9550, "area_code": "PAC", "airport_identifier": "VTSR", "procedure_identifier": "R02", "transition_identifier": "TOGIM"}, "geometry": {"type": "MultiLineString", "coordinates": [[[98.86333333, 9.44972222], [98.60548889, 9.53148611], [98.49738056, 9.57863889]]]}}, {"type": "Feature", "properties": {"fid": 9554, "area_code": "PAC", "airport_identifier": "VTSR", "procedure_identifier": "R02", "transition_identifier": null}, "geometry": {"type": "MultiLineString", "coordinates": [[[98.49738056, 9.57863889], [98.534025, 9.66142778], [98.56687778, 9.73560833]]]}}, {"type": "Feature", "properties": {"fid": 9558, "area_code": "PAC", "airport_identifier": "VTSR", "procedure_identifier": "R02", "transition_identifier": null}, "geometry": {"type": "MultiLineString", "coordinates": [[[98.59566944, 9.86156667], [98.31433611, 9.68119722], [98.31433611, 9.68119722]]]}}, {"type": "Feature", "properties": {"fid": 9563, "area_code": "PAC", "airport_identifier": "VTPP", "procedure_identifier": "D14", "transition_identifier": "DAMRI"}, "geometry": {"type": "MultiLineString", "coordinates": [[[100.55603056, 16.89661667], [100.12770833, 16.96574167], [100.14951667, 16.93974444]]]}}, {"type": "Feature", "properties": {"fid": 9568, "area_code": "PAC", "airport_identifier": "VTPP", "procedure_identifier": "D14", "transition_identifier": "ENLAX"}, "geometry": {"type": "MultiLineString", "coordinates": [[[100.26546389, 17.05377222], [100.12770833, 16.96574167], [100.14951667, 16.93974444]]]}}, {"type": "Feature", "properties": {"fid": 9573, "area_code": "PAC", "airport_identifier": "VTPP", "procedure_identifier": "D14", "transition_identifier": "LAGUX"}, "geometry": {"type": "MultiLineString", "coordinates": [[[100.33865, 17.05118611], [100.12770833, 16.96574167], [100.14951667, 16.93974444]]]}}, {"type": "Feature", "properties": {"fid": 9578, "area_code": "PAC", "airport_identifier": "VTPP", "procedure_identifier": "D14", "transition_identifier": "NIVUS"}, "geometry": {"type": "MultiLineString", "coordinates": [[[99.99847222, 16.80731389], [100.12770833, 16.96574167], [100.14951667, 16.93974444]]]}}, {"type": "Feature", "properties": {"fid": 9582, "area_code": "PAC", "airport_identifier": "VTPP", "procedure_identifier": "D14", "transition_identifier": "PSL1"}, "geometry": {"type": "MultiLineString", "coordinates": [[[100.29136111, 16.77033333], [100.14951667, 16.93974444]]]}}, {"type": "Feature", "properties": {"fid": 9586, "area_code": "PAC", "airport_identifier": "VTPP", "procedure_identifier": "D14", "transition_identifier": "PSL2"}, "geometry": {"type": "MultiLineString", "coordinates": [[[100.29136111, 16.77033333], [100.14951667, 16.93974444]]]}}, {"type": "Feature", "properties": {"fid": 9589, "area_code": "PAC", "airport_identifier": "VTPP", "procedure_identifier": "D14", "transition_identifier": "RUTEX"}, "geometry": {"type": "MultiLineString", "coordinates": [[[100.11769167, 17.10426389], [100.14951667, 16.93974444]]]}}, {"type": "Feature", "properties": {"fid": 9594, "area_code": "PAC", "airport_identifier": "VTPP", "procedure_identifier": "D14", "transition_identifier": "VELDI"}, "geometry": {"type": "MultiLineString", "coordinates": [[[100.584925, 16.74021944], [100.12770833, 16.96574167], [100.14951667, 16.93974444]]]}}, {"type": "Feature", "properties": {"fid": 9597, "area_code": "PAC", "airport_identifier": "VTPP", "procedure_identifier": "D14", "transition_identifier": "VIRUM"}, "geometry": {"type": "MultiLineString", "coordinates": [[[100.07553333, 17.09119722], [100.14951667, 16.93974444]]]}}, {"type": "Feature", "properties": {"fid": 9601, "area_code": "PAC", "airport_identifier": "VTPP", "procedure_identifier": "D14", "transition_identifier": null}, "geometry": {"type": "MultiLineString", "coordinates": [[[100.14951667, 16.93974444], [100.2062, 16.87210833], [100.27135556, 16.79428056]]]}}, {"type": "Feature", "properties": {"fid": 9606, "area_code": "PAC", "airport_identifier": "VTPP", "procedure_identifier": "D14", "transition_identifier": null}, "geometry": {"type": "MultiLineString", "coordinates": [[[100.14951667, 16.93974444], [100.14951667, 16.93974444]]]}}, {"type": "Feature", "properties": {"fid": 9609, "area_code": "PAC", "airport_identifier": "VTUQ", "procedure_identifier": "R24", "transition_identifier": "FINNY"}, "geometry": {"type": "MultiLineString", "coordinates": [[[102.42212778, 15.12688611], [102.47375, 15.03497778]]]}}, {"type": "Feature", "properties": {"fid": 9612, "area_code": "PAC", "airport_identifier": "VTUQ", "procedure_identifier": "R24", "transition_identifier": "SAMBY"}, "geometry": {"type": "MultiLineString", "coordinates": [[[102.67283611, 14.98028333], [102.47375, 15.03497778]]]}}, {"type": "Feature", "properties": {"fid": 9617, "area_code": "PAC", "airport_identifier": "VTUQ", "procedure_identifier": "R24", "transition_identifier": "VOBOT"}, "geometry": {"type": "MultiLineString", "coordinates": [[[101.60604722, 14.56571389], [102.37228611, 14.86684444], [102.52316389, 14.94693889], [102.47375, 15.03497778]]]}}, {"type": "Feature", "properties": {"fid": 9621, "area_code": "PAC", "airport_identifier": "VTUQ", "procedure_identifier": "R24", "transition_identifier": null}, "geometry": {"type": "MultiLineString", "coordinates": [[[102.47375, 15.03497778], [102.39826944, 14.99493056], [102.32130556, 14.95405]]]}}, {"type": "Feature", "properties": {"fid": 9625, "area_code": "PAC", "airport_identifier": "VTUQ", "procedure_identifier": "R24", "transition_identifier": null}, "geometry": {"type": "MultiLineString", "coordinates": [[[102.47375, 15.03497778], [102.47375, 15.03497778]]]}}, {"type": "Feature", "properties": {"fid": 9629, "area_code": "PAC", "airport_identifier": "VTSR", "procedure_identifier": "L02-Z", "transition_identifier": "ELPUT"}, "geometry": {"type": "MultiLineString", "coordinates": [[[98.51475833, 9.36572222], [98.50795, 9.44916944], [98.49738056, 9.57863889]]]}}, {"type": "Feature", "properties": {"fid": 9635, "area_code": "PAC", "airport_identifier": "VTSR", "procedure_identifier": "L02-Z", "transition_identifier": "SAKUB"}, "geometry": {"type": "MultiLineString", "coordinates": [[[98.85336389, 10.10093889], [98.78033333, 9.93117778], [98.70738056, 9.7614], [98.60548889, 9.53148611], [98.49738056, 9.57863889]]]}}, {"type": "Feature", "properties": {"fid": 9639, "area_code": "PAC", "airport_identifier": "VTSR", "procedure_identifier": "L02-Z", "transition_identifier": "SUDEX"}, "geometry": {"type": "MultiLineString", "coordinates": [[[98.31433611, 9.68119722], [98.38924167, 9.62575556], [98.49738056, 9.57863889]]]}}, {"type": "Feature", "properties": {"fid": 9643, "area_code": "PAC", "airport_identifier": "VTSR", "procedure_identifier": "L02-Z", "transition_identifier": "TOGIM"}, "geometry": {"type": "MultiLineString", "coordinates": [[[98.86333333, 9.44972222], [98.60548889, 9.53148611], [98.49738056, 9.57863889]]]}}, {"type": "Feature", "properties": {"fid": 9647, "area_code": "PAC", "airport_identifier": "VTSR", "procedure_identifier": "L02-Z", "transition_identifier": null}, "geometry": {"type": "MultiLineString", "coordinates": [[[98.49738056, 9.57863889], [98.534025, 9.66142778], [98.56687778, 9.73560833]]]}}, {"type": "Feature", "properties": {"fid": 9651, "area_code": "PAC", "airport_identifier": "VTSR", "procedure_identifier": "L02-Z", "transition_identifier": null}, "geometry": {"type": "MultiLineString", "coordinates": [[[98.59566944, 9.86156667], [98.31433611, 9.68119722], [98.31433611, 9.68119722]]]}}, {"type": "Feature", "properties": {"fid": 9655, "area_code": "PAC", "airport_identifier": "VTPH", "procedure_identifier": "D16", "transition_identifier": "GINGA"}, "geometry": {"type": "MultiLineString", "coordinates": [[[99.97959722, 12.38483056], [99.88554167, 12.82473056]]]}}, {"type": "Feature", "properties": {"fid": 9659, "area_code": "PAC", "airport_identifier": "VTPH", "procedure_identifier": "D16", "transition_identifier": "WATSA"}, "geometry": {"type": "MultiLineString", "coordinates": [[[100.13312778, 12.81103611], [99.88554167, 12.82473056]]]}}, {"type": "Feature", "properties": {"fid": 9666, "area_code": "PAC", "airport_identifier": "VTPH", "procedure_identifier": "D16", "transition_identifier": null}, "geometry": {"type": "MultiLineString", "coordinates": [[[99.88554167, 12.82473056], [99.89703333, 12.79143611], [99.90524167, 12.76765], [99.91399444, 12.74228056], [99.93040278, 12.69471111], [99.934775, 12.68202778]]]}}, {"type": "Feature", "properties": {"fid": 9671, "area_code": "PAC", "airport_identifier": "VTPH", "procedure_identifier": "D16", "transition_identifier": null}, "geometry": {"type": "MultiLineString", "coordinates": [[[100.19169167, 12.72025], [100.13312778, 12.81103611], [100.13312778, 12.81103611]]]}}, {"type": "Feature", "properties": {"fid": 9677, "area_code": "PAC", "airport_identifier": "VTCT", "procedure_identifier": "D03", "transition_identifier": "CTR"}, "geometry": {"type": "MultiLineString", "coordinates": [[[99.88313889, 19.94886111], [99.92764167, 19.66693611], [99.93275278, 19.63448056], [99.70822222, 19.67750278], [99.72997778, 19.71131389]]]}}, {"type": "Feature", "properties": {"fid": 9682, "area_code": "PAC", "airport_identifier": "VTCT", "procedure_identifier": "D03", "transition_identifier": "IBANA"}, "geometry": {"type": "MultiLineString", "coordinates": [[[100.17793611, 20.16257222], [99.70822222, 19.67750278], [99.72997778, 19.71131389]]]}}, {"type": "Feature", "properties": {"fid": 9687, "area_code": "PAC", "airport_identifier": "VTCT", "procedure_identifier": "D03", "transition_identifier": "INTUP"}, "geometry": {"type": "MultiLineString", "coordinates": [[[99.93803611, 19.60074444], [99.70822222, 19.67750278], [99.72997778, 19.71131389]]]}}, {"type": "Feature", "properties": {"fid": 9692, "area_code": "PAC", "airport_identifier": "VTCT", "procedure_identifier": "D03", "transition_identifier": "NOKUS"}, "geometry": {"type": "MultiLineString", "coordinates": [[[100.10650278, 19.667475], [99.70822222, 19.67750278], [99.72997778, 19.71131389]]]}}, {"type": "Feature", "properties": {"fid": 9695, "area_code": "PAC", "airport_identifier": "VTCT", "procedure_identifier": "D03", "transition_identifier": "PATGU"}, "geometry": {"type": "MultiLineString", "coordinates": [[[99.60925556, 19.59914167], [99.72997778, 19.71131389]]]}}, {"type": "Feature", "properties": {"fid": 9699, "area_code": "PAC", "airport_identifier": "VTCT", "procedure_identifier": "D03", "transition_identifier": null}, "geometry": {"type": "MultiLineString", "coordinates": [[[99.72997778, 19.71131389], [99.81125833, 19.83748333], [99.87758333, 19.94029167]]]}}, {"type": "Feature", "properties": {"fid": 9704, "area_code": "PAC", "airport_identifier": "VTCT", "procedure_identifier": "D03", "transition_identifier": null}, "geometry": {"type": "MultiLineString", "coordinates": [[[100.10650278, 19.667475], [100.10650278, 19.667475]]]}}, {"type": "Feature", "properties": {"fid": 9709, "area_code": "PAC", "airport_identifier": "VTSP", "procedure_identifier": "D09-Z", "transition_identifier": "LAZIO"}, "geometry": {"type": "MultiLineString", "coordinates": [[[98.01892778, 8.14608611], [98.12485556, 8.07983056], [98.20791944, 8.09540556]]]}}, {"type": "Feature", "properties": {"fid": 9713, "area_code": "PAC", "airport_identifier": "VTSP", "procedure_identifier": "D09-Z", "transition_identifier": "ROMAA"}, "geometry": {"type": "MultiLineString", "coordinates": [[[98.05651667, 7.97040278], [98.12485556, 8.07983056], [98.20791944, 8.09540556]]]}}, {"type": "Feature", "properties": {"fid": 9716, "area_code": "PAC", "airport_identifier": "VTSP", "procedure_identifier": "D09-Z", "transition_identifier": null}, "geometry": {"type": "MultiLineString", "coordinates": [[[98.20791944, 8.09540556], [98.282225, 8.10933056]]]}}, {"type": "Feature", "properties": {"fid": 9721, "area_code": "PAC", "airport_identifier": "VTSP", "procedure_identifier": "D09-Z", "transition_identifier": null}, "geometry": {"type": "MultiLineString", "coordinates": [[[98.54300833, 7.87993611], [98.54300833, 7.87993611]]]}}, {"type": "Feature", "properties": {"fid": 9724, "area_code": "PAC", "airport_identifier": "VTUU", "procedure_identifier": "I23-Z", "transition_identifier": "OPTAD"}, "geometry": {"type": "MultiLineString", "coordinates": [[[105.12746944, 15.231], [105.01770556, 15.365125]]]}}, {"type": "Feature", "properties": {"fid": 9727, "area_code": "PAC", "airport_identifier": "VTUU", "procedure_identifier": "I23-Z", "transition_identifier": "OSNID"}, "geometry": {"type": "MultiLineString", "coordinates": [[[105.18546389, 15.36306389], [105.01770556, 15.365125]]]}}, {"type": "Feature", "properties": {"fid": 9730, "area_code": "PAC", "airport_identifier": "VTUU", "procedure_identifier": "I23-Z", "transition_identifier": "RUSTU"}, "geometry": {"type": "MultiLineString", "coordinates": [[[104.94254722, 15.45683333], [105.01770556, 15.365125]]]}}, {"type": "Feature", "properties": {"fid": 9734, "area_code": "PAC", "airport_identifier": "VTUU", "procedure_identifier": "I23-Z", "transition_identifier": null}, "geometry": {"type": "MultiLineString", "coordinates": [[[105.01770556, 15.365125], [104.94699444, 15.31056667], [104.88117778, 15.25971944]]]}}, {"type": "Feature", "properties": {"fid": 9738, "area_code": "PAC", "airport_identifier": "VTUU", "procedure_identifier": "I23-Z", "transition_identifier": null}, "geometry": {"type": "MultiLineString", "coordinates": [[[105.01770556, 15.365125], [105.01770556, 15.365125]]]}}, {"type": "Feature", "properties": {"fid": 9744, "area_code": "PAC", "airport_identifier": "VTUV", "procedure_identifier": "D18", "transition_identifier": "ATKER"}, "geometry": {"type": "MultiLineString", "coordinates": [[[104.00752778, 16.22285833], [103.90807778, 16.29022222], [103.78543056, 16.33401389], [103.783375, 16.3006]]]}}, {"type": "Feature", "properties": {"fid": 9750, "area_code": "PAC", "airport_identifier": "VTUV", "procedure_identifier": "D18", "transition_identifier": "NOPIG"}, "geometry": {"type": "MultiLineString", "coordinates": [[[103.52880833, 16.20484722], [103.59738611, 16.25409167], [103.78543056, 16.33401389], [103.783375, 16.3006]]]}}, {"type": "Feature", "properties": {"fid": 9754, "area_code": "PAC", "airport_identifier": "VTUV", "procedure_identifier": "D18", "transition_identifier": "ROT1"}, "geometry": {"type": "MultiLineString", "coordinates": [[[103.77208333, 16.11680556], [103.783375, 16.3006]]]}}, {"type": "Feature", "properties": {"fid": 9758, "area_code": "PAC", "airport_identifier": "VTUV", "procedure_identifier": "D18", "transition_identifier": "ROT2"}, "geometry": {"type": "MultiLineString", "coordinates": [[[103.77208333, 16.11680556], [103.783375, 16.3006]]]}}, {"type": "Feature", "properties": {"fid": 9764, "area_code": "PAC", "airport_identifier": "VTUV", "procedure_identifier": "D18", "transition_identifier": "TEDOT"}, "geometry": {"type": "MultiLineString", "coordinates": [[[103.97290278, 15.95776944], [103.90807778, 16.29022222], [103.78543056, 16.33401389], [103.783375, 16.3006]]]}}, {"type": "Feature", "properties": {"fid": 9769, "area_code": "PAC", "airport_identifier": "VTUV", "procedure_identifier": "D18", "transition_identifier": "UKADA"}, "geometry": {"type": "MultiLineString", "coordinates": [[[103.61557778, 16.31722778], [103.78543056, 16.33401389], [103.783375, 16.3006]]]}}, {"type": "Feature", "properties": {"fid": 9773, "area_code": "PAC", "airport_identifier": "VTUV", "procedure_identifier": "D18", "transition_identifier": null}, "geometry": {"type": "MultiLineString", "coordinates": [[[103.783375, 16.3006], [103.77748056, 16.20485556], [103.77422222, 16.12625833]]]}}, {"type": "Feature", "properties": {"fid": 9778, "area_code": "PAC", "airport_identifier": "VTUV", "procedure_identifier": "D18", "transition_identifier": null}, "geometry": {"type": "MultiLineString", "coordinates": [[[103.783375, 16.3006], [103.783375, 16.3006]]]}}, {"type": "Feature", "properties": {"fid": 9783, "area_code": "PAC", "airport_identifier": "VTSY", "procedure_identifier": "S07-A", "transition_identifier": "ERVES"}, "geometry": {"type": "MultiLineString", "coordinates": [[[101.48144444, 6.20218889], [101.36493889, 6.05837778], [101.28255833, 6.01996111], [101.21844167, 5.99005]]]}}, {"type": "Feature", "properties": {"fid": 9787, "area_code": "PAC", "airport_identifier": "VTSY", "procedure_identifier": "S07-A", "transition_identifier": "PETAC"}, "geometry": {"type": "MultiLineString", "coordinates": [[[101.32918889, 6.29439444], [101.26996111, 6.131675], [101.21844167, 5.99005]]]}}, {"type": "Feature", "properties": {"fid": 9792, "area_code": "PAC", "airport_identifier": "VTSY", "procedure_identifier": "S07-A", "transition_identifier": null}, "geometry": {"type": "MultiLineString", "coordinates": [[[101.21844167, 5.99005], [101.20127222, 5.94283889], [101.185825, 5.90035], [101.17895833, 5.88146389]]]}}, {"type": "Feature", "properties": {"fid": 9798, "area_code": "PAC", "airport_identifier": "VTSY", "procedure_identifier": "S07-A", "transition_identifier": null}, "geometry": {"type": "MultiLineString", "coordinates": [[[101.15265, 5.809075], [101.13549167, 5.76186111], [101.26996111, 6.131675], [101.26996111, 6.131675]]]}}, {"type": "Feature", "properties": {"fid": 9802, "area_code": "PAC", "airport_identifier": "VTBU", "procedure_identifier": "I18-Y", "transition_identifier": "BUT1"}, "geometry": {"type": "MultiLineString", "coordinates": [[[101.00047222, 12.66666667], [101.02035, 12.86661111]]]}}, {"type": "Feature", "properties": {"fid": 9806, "area_code": "PAC", "airport_identifier": "VTBU", "procedure_identifier": "I18-Y", "transition_identifier": "BUT2"}, "geometry": {"type": "MultiLineString", "coordinates": [[[101.00047222, 12.66666667], [101.02035, 12.86661111]]]}}, {"type": "Feature", "properties": {"fid": 9812, "area_code": "PAC", "airport_identifier": "VTBU", "procedure_identifier": "I18-Y", "transition_identifier": "EKOBA"}, "geometry": {"type": "MultiLineString", "coordinates": [[[101.28800556, 12.77213889], [101.15234444, 12.847525], [101.02366389, 12.89993611], [101.02035, 12.86661111]]]}}, {"type": "Feature", "properties": {"fid": 9817, "area_code": "PAC", "airport_identifier": "VTBU", "procedure_identifier": "I18-Y", "transition_identifier": "PIWAT"}, "geometry": {"type": "MultiLineString", "coordinates": [[[100.91569444, 12.92127222], [101.02366389, 12.89993611], [101.02035, 12.86661111]]]}}, {"type": "Feature", "properties": {"fid": 9822, "area_code": "PAC", "airport_identifier": "VTBU", "procedure_identifier": "I18-Y", "transition_identifier": "VEPDA"}, "geometry": {"type": "MultiLineString", "coordinates": [[[100.72770278, 12.66410556], [101.02366389, 12.89993611], [101.02035, 12.86661111]]]}}, {"type": "Feature", "properties": {"fid": 9826, "area_code": "PAC", "airport_identifier": "VTBU", "procedure_identifier": "I18-Y", "transition_identifier": null}, "geometry": {"type": "MultiLineString", "coordinates": [[[101.02035, 12.86661111], [101.013125, 12.77882222], [101.00629444, 12.69562778]]]}}, {"type": "Feature", "properties": {"fid": 9832, "area_code": "PAC", "airport_identifier": "VTBU", "procedure_identifier": "I18-Y", "transition_identifier": null}, "geometry": {"type": "MultiLineString", "coordinates": [[[101.00047222, 12.66666667], [100.9959, 12.56967778], [101.28800556, 12.77213889], [101.28800556, 12.77213889]]]}}, {"type": "Feature", "properties": {"fid": 9837, "area_code": "PAC", "airport_identifier": "VTBD", "procedure_identifier": "D21R", "transition_identifier": "BKK"}, "geometry": {"type": "MultiLineString", "coordinates": [[[100.59619444, 13.89352778], [100.73309722, 14.14477222], [100.73309722, 14.14477222], [100.6928, 14.07089444]]]}}, {"type": "Feature", "properties": {"fid": 9841, "area_code": "PAC", "airport_identifier": "VTBD", "procedure_identifier": "D21R", "transition_identifier": null}, "geometry": {"type": "MultiLineString", "coordinates": [[[100.6928, 14.07089444], [100.65011389, 13.992575], [100.62274444, 13.94232778]]]}}, {"type": "Feature", "properties": {"fid": 9846, "area_code": "PAC", "airport_identifier": "VTBD", "procedure_identifier": "D21R", "transition_identifier": null}, "geometry": {"type": "MultiLineString", "coordinates": [[[100.59619444, 13.89352778], [100.35633056, 13.80345278], [100.35633056, 13.80345278]]]}}]}