{"type": "FeatureCollection", "name": "pbn_leg", "crs": {"type": "name", "properties": {"name": "urn:ogc:def:crs:OGC:1.3:CRS84"}}, "features": [{"type": "Feature", "properties": {"fid": 5188, "area_code": "PAC", "airport_identifier": "VTCL", "procedure_identifier": "R18", "transition_identifier": "UBCOX"}, "geometry": {"type": "MultiLineString", "coordinates": [[[99.37793333, 18.54895278], [99.44086389, 18.49045556], [99.48956111, 18.44509722]]]}}, {"type": "Feature", "properties": {"fid": 5191, "area_code": "PAC", "airport_identifier": "VTCL", "procedure_identifier": "R18", "transition_identifier": "UNTIM"}, "geometry": {"type": "MultiLineString", "coordinates": [[[99.62936944, 18.45581944], [99.48956111, 18.44509722]]]}}, {"type": "Feature", "properties": {"fid": 5196, "area_code": "PAC", "airport_identifier": "VTCL", "procedure_identifier": "R18", "transition_identifier": null}, "geometry": {"type": "MultiLineString", "coordinates": [[[99.48956111, 18.44509722], [99.49375833, 18.39506111], [99.49795556, 18.345025], [99.50356111, 18.27829167]]]}}, {"type": "Feature", "properties": {"fid": 5202, "area_code": "PAC", "airport_identifier": "VTCL", "procedure_identifier": "R18", "transition_identifier": null}, "geometry": {"type": "MultiLineString", "coordinates": [[[99.51597222, 18.12978333], [99.60319444, 18.13643056], [99.61411944, 18.26988333], [99.62936944, 18.45581944], [99.62936944, 18.45581944]]]}}, {"type": "Feature", "properties": {"fid": 5256, "area_code": "PAC", "airport_identifier": "VTSG", "procedure_identifier": "R32", "transition_identifier": "BELMI"}, "geometry": {"type": "MultiLineString", "coordinates": [[[99.24450556, 8.04933889], [99.11465, 7.9431]]]}}, {"type": "Feature", "properties": {"fid": 5260, "area_code": "PAC", "airport_identifier": "VTSG", "procedure_identifier": "R32", "transition_identifier": "ROSIC"}, "geometry": {"type": "MultiLineString", "coordinates": [[[98.945925, 7.80494722], [99.02378333, 7.86871944], [99.11465, 7.9431]]]}}, {"type": "Feature", "properties": {"fid": 5264, "area_code": "PAC", "airport_identifier": "VTSG", "procedure_identifier": "R32", "transition_identifier": null}, "geometry": {"type": "MultiLineString", "coordinates": [[[99.11465, 7.9431], [99.06136667, 8.007825], [99.01233333, 8.06736389]]]}}, {"type": "Feature", "properties": {"fid": 5267, "area_code": "PAC", "airport_identifier": "VTSG", "procedure_identifier": "R32", "transition_identifier": null}, "geometry": {"type": "MultiLineString", "coordinates": [[[98.945925, 7.80494722], [98.945925, 7.80494722]]]}}, {"type": "Feature", "properties": {"fid": 5373, "area_code": "PAC", "airport_identifier": "VTSS", "procedure_identifier": "R08", "transition_identifier": "ALDUG"}, "geometry": {"type": "MultiLineString", "coordinates": [[[100.13808333, 7.12288889], [100.13808333, 6.916425], [100.19886389, 6.83638611]]]}}, {"type": "Feature", "properties": {"fid": 5377, "area_code": "PAC", "airport_identifier": "VTSS", "procedure_identifier": "R08", "transition_identifier": "DUDIB"}, "geometry": {"type": "MultiLineString", "coordinates": [[[100.39090278, 6.75631944], [100.25962222, 6.75633611], [100.19886389, 6.83638611]]]}}, {"type": "Feature", "properties": {"fid": 5383, "area_code": "PAC", "airport_identifier": "VTSS", "procedure_identifier": "R08", "transition_identifier": null}, "geometry": {"type": "MultiLineString", "coordinates": [[[100.19886389, 6.83638611], [100.25093056, 6.87585278], [100.27763333, 6.89608889], [100.31235833, 6.9224], [100.38053056, 6.93097222]]]}}, {"type": "Feature", "properties": {"fid": 5387, "area_code": "PAC", "airport_identifier": "VTSS", "procedure_identifier": "R08", "transition_identifier": null}, "geometry": {"type": "MultiLineString", "coordinates": [[[100.39090278, 6.75631944], [100.39090278, 6.75631944]]]}}, {"type": "Feature", "properties": {"fid": 5435, "area_code": "PAC", "airport_identifier": "VTUD", "procedure_identifier": "R30", "transition_identifier": "ALDES"}, "geometry": {"type": "MultiLineString", "coordinates": [[[103.03570833, 17.39658333], [102.98016667, 17.29229444]]]}}, {"type": "Feature", "properties": {"fid": 5438, "area_code": "PAC", "airport_identifier": "VTUD", "procedure_identifier": "R30", "transition_identifier": "LATUR"}, "geometry": {"type": "MultiLineString", "coordinates": [[[103.0577, 17.25419167], [102.98016667, 17.29229444]]]}}, {"type": "Feature", "properties": {"fid": 5441, "area_code": "PAC", "airport_identifier": "VTUD", "procedure_identifier": "R30", "transition_identifier": "OTLOR"}, "geometry": {"type": "MultiLineString", "coordinates": [[[102.92469167, 17.18798889], [102.98016667, 17.29229444]]]}}, {"type": "Feature", "properties": {"fid": 5445, "area_code": "PAC", "airport_identifier": "VTUD", "procedure_identifier": "R30", "transition_identifier": null}, "geometry": {"type": "MultiLineString", "coordinates": [[[102.98016667, 17.29229444], [102.89260556, 17.33528056], [102.80103611, 17.38017222]]]}}, {"type": "Feature", "properties": {"fid": 5451, "area_code": "PAC", "airport_identifier": "VTUD", "procedure_identifier": "R30", "transition_identifier": null}, "geometry": {"type": "MultiLineString", "coordinates": [[[102.86830833, 17.478725], [103.03570833, 17.39658333], [102.98016667, 17.29229444], [102.98016667, 17.29229444]]]}}, {"type": "Feature", "properties": {"fid": 5454, "area_code": "PAC", "airport_identifier": "VTBS", "procedure_identifier": "R02L", "transition_identifier": "BATEM"}, "geometry": {"type": "MultiLineString", "coordinates": [[[100.66255, 13.41115], [100.68207222, 13.48553611]]]}}, {"type": "Feature", "properties": {"fid": 5458, "area_code": "PAC", "airport_identifier": "VTBS", "procedure_identifier": "R02L", "transition_identifier": null}, "geometry": {"type": "MultiLineString", "coordinates": [[[100.68207222, 13.48553611], [100.70851944, 13.58621389], [100.72924444, 13.665175]]]}}, {"type": "Feature", "properties": {"fid": 5467, "area_code": "PAC", "airport_identifier": "VTBS", "procedure_identifier": "R02L", "transition_identifier": null}, "geometry": {"type": "MultiLineString", "coordinates": [[[100.73844722, 13.70018889], [100.73359722, 13.86898333], [100.75734167, 13.95919444], [100.951625, 13.95771389], [101.01552222, 13.85126667], [100.976825, 13.70588056], [100.90537222, 13.43694444], [100.90537222, 13.43694444]]]}}, {"type": "Feature", "properties": {"fid": 5470, "area_code": "PAC", "airport_identifier": "VTCN", "procedure_identifier": "R02", "transition_identifier": "DUGEL"}, "geometry": {"type": "MultiLineString", "coordinates": [[[100.68276111, 18.48147778], [100.69333611, 18.58048611]]]}}, {"type": "Feature", "properties": {"fid": 5474, "area_code": "PAC", "airport_identifier": "VTCN", "procedure_identifier": "R02", "transition_identifier": "INVAR"}, "geometry": {"type": "MultiLineString", "coordinates": [[[100.65871111, 18.96723611], [100.52898889, 18.63951389], [100.69333611, 18.58048611]]]}}, {"type": "Feature", "properties": {"fid": 5478, "area_code": "PAC", "airport_identifier": "VTCN", "procedure_identifier": "R02", "transition_identifier": "MIBOB"}, "geometry": {"type": "MultiLineString", "coordinates": [[[100.43424167, 18.80225556], [100.52898889, 18.63951389], [100.69333611, 18.58048611]]]}}, {"type": "Feature", "properties": {"fid": 5481, "area_code": "PAC", "airport_identifier": "VTCN", "procedure_identifier": "R02", "transition_identifier": "OGENO"}, "geometry": {"type": "MultiLineString", "coordinates": [[[100.55210833, 18.55756111], [100.69333611, 18.58048611]]]}}, {"type": "Feature", "properties": {"fid": 5486, "area_code": "PAC", "airport_identifier": "VTCN", "procedure_identifier": "R02", "transition_identifier": null}, "geometry": {"type": "MultiLineString", "coordinates": [[[100.69333611, 18.58048611], [100.72431111, 18.65876111], [100.76208056, 18.75412222], [100.78033611, 18.80014444]]]}}, {"type": "Feature", "properties": {"fid": 5490, "area_code": "PAC", "airport_identifier": "VTCN", "procedure_identifier": "R02", "transition_identifier": null}, "geometry": {"type": "MultiLineString", "coordinates": [[[100.69333611, 18.58048611], [100.69333611, 18.58048611]]]}}, {"type": "Feature", "properties": {"fid": 5545, "area_code": "PAC", "airport_identifier": "VTPH", "procedure_identifier": "R16", "transition_identifier": "NUSON"}, "geometry": {"type": "MultiLineString", "coordinates": [[[100.25314444, 12.92729444], [100.02465278, 12.92281667], [99.864675, 12.86443611]]]}}, {"type": "Feature", "properties": {"fid": 5550, "area_code": "PAC", "airport_identifier": "VTPH", "procedure_identifier": "R16", "transition_identifier": "PAPAT"}, "geometry": {"type": "MultiLineString", "coordinates": [[[99.99852778, 12.21841389], [100.10783889, 12.70306667], [100.02465278, 12.92281667], [99.864675, 12.86443611]]]}}, {"type": "Feature", "properties": {"fid": 5555, "area_code": "PAC", "airport_identifier": "VTPH", "procedure_identifier": "R16", "transition_identifier": null}, "geometry": {"type": "MultiLineString", "coordinates": [[[99.864675, 12.86443611], [99.89444444, 12.78596944], [99.91289722, 12.73730833], [99.93014444, 12.69180833]]]}}, {"type": "Feature", "properties": {"fid": 5558, "area_code": "PAC", "airport_identifier": "VTPH", "procedure_identifier": "R16", "transition_identifier": null}, "geometry": {"type": "MultiLineString", "coordinates": [[[100.02465278, 12.92281667], [100.02465278, 12.92281667]]]}}, {"type": "Feature", "properties": {"fid": 5596, "area_code": "PAC", "airport_identifier": "VTPO", "procedure_identifier": "R36", "transition_identifier": "IGEMU"}, "geometry": {"type": "MultiLineString", "coordinates": [[[99.96222778, 17.45363889], [99.93594167, 17.03253889], [99.8142, 17.03486389]]]}}, {"type": "Feature", "properties": {"fid": 5599, "area_code": "PAC", "airport_identifier": "VTPO", "procedure_identifier": "R36", "transition_identifier": "KIMET"}, "geometry": {"type": "MultiLineString", "coordinates": [[[99.74147778, 16.82433333], [99.8142, 17.03486389]]]}}, {"type": "Feature", "properties": {"fid": 5603, "area_code": "PAC", "airport_identifier": "VTPO", "procedure_identifier": "R36", "transition_identifier": "VEGTO"}, "geometry": {"type": "MultiLineString", "coordinates": [[[99.61497778, 17.35919167], [99.69245556, 17.03711389], [99.8142, 17.03486389]]]}}, {"type": "Feature", "properties": {"fid": 5607, "area_code": "PAC", "airport_identifier": "VTPO", "procedure_identifier": "R36", "transition_identifier": null}, "geometry": {"type": "MultiLineString", "coordinates": [[[99.8142, 17.03486389], [99.81591944, 17.11945833], [99.81813889, 17.22821111]]]}}, {"type": "Feature", "properties": {"fid": 5611, "area_code": "PAC", "airport_identifier": "VTPO", "procedure_identifier": "R36", "transition_identifier": null}, "geometry": {"type": "MultiLineString", "coordinates": [[[99.61497778, 17.35919167], [99.61497778, 17.35919167]]]}}, {"type": "Feature", "properties": {"fid": 5688, "area_code": "PAC", "airport_identifier": "VTSY", "procedure_identifier": "R25-A", "transition_identifier": "ERVES"}, "geometry": {"type": "MultiLineString", "coordinates": [[[101.48144444, 6.20218889], [101.36493889, 6.05837778], [101.28255833, 6.01996111], [101.21844167, 5.99005]]]}}, {"type": "Feature", "properties": {"fid": 5692, "area_code": "PAC", "airport_identifier": "VTSY", "procedure_identifier": "R25-A", "transition_identifier": "PETAC"}, "geometry": {"type": "MultiLineString", "coordinates": [[[101.32918889, 6.29439444], [101.26996111, 6.131675], [101.21844167, 5.99005]]]}}, {"type": "Feature", "properties": {"fid": 5697, "area_code": "PAC", "airport_identifier": "VTSY", "procedure_identifier": "R25-A", "transition_identifier": null}, "geometry": {"type": "MultiLineString", "coordinates": [[[101.21844167, 5.99005], [101.20127222, 5.94283889], [101.185825, 5.90035], [101.17895833, 5.88146389]]]}}, {"type": "Feature", "properties": {"fid": 5704, "area_code": "PAC", "airport_identifier": "VTSY", "procedure_identifier": "R25-A", "transition_identifier": null}, "geometry": {"type": "MultiLineString", "coordinates": [[[101.15265, 5.809075], [101.13549167, 5.76186111], [101.08835, 5.77904167], [101.10550278, 5.82625556], [101.26996111, 6.131675], [101.26996111, 6.131675]]]}}, {"type": "Feature", "properties": {"fid": 5749, "area_code": "PAC", "airport_identifier": "VTPP", "procedure_identifier": "R32", "transition_identifier": "GOKON"}, "geometry": {"type": "MultiLineString", "coordinates": [[[100.80939444, 16.71687778], [100.64454167, 16.66432222], [100.42253333, 16.59329444]]]}}, {"type": "Feature", "properties": {"fid": 5754, "area_code": "PAC", "airport_identifier": "VTPP", "procedure_identifier": "R32", "transition_identifier": "GOSTA"}, "geometry": {"type": "MultiLineString", "coordinates": [[[100.37495278, 17.26591667], [100.35888611, 16.87643333], [100.52078333, 16.66222222], [100.42253333, 16.59329444]]]}}, {"type": "Feature", "properties": {"fid": 5759, "area_code": "PAC", "airport_identifier": "VTPP", "procedure_identifier": "R32", "transition_identifier": "IGPOP"}, "geometry": {"type": "MultiLineString", "coordinates": [[[99.785475, 16.83391111], [100.16237778, 16.73835278], [100.32435556, 16.52432222], [100.42253333, 16.59329444]]]}}, {"type": "Feature", "properties": {"fid": 5764, "area_code": "PAC", "airport_identifier": "VTPP", "procedure_identifier": "R32", "transition_identifier": "NIROP"}, "geometry": {"type": "MultiLineString", "coordinates": [[[100.24564722, 17.27048333], [100.35888611, 16.87643333], [100.52078333, 16.66222222], [100.42253333, 16.59329444]]]}}, {"type": "Feature", "properties": {"fid": 5767, "area_code": "PAC", "airport_identifier": "VTPP", "procedure_identifier": "R32", "transition_identifier": "PEBLI"}, "geometry": {"type": "MultiLineString", "coordinates": [[[100.29339167, 16.26831667], [100.42253333, 16.59329444]]]}}, {"type": "Feature", "properties": {"fid": 5771, "area_code": "PAC", "airport_identifier": "VTPP", "procedure_identifier": "R32", "transition_identifier": "PIBAN"}, "geometry": {"type": "MultiLineString", "coordinates": [[[99.95502778, 16.38710278], [100.32435556, 16.52432222], [100.42253333, 16.59329444]]]}}, {"type": "Feature", "properties": {"fid": 5776, "area_code": "PAC", "airport_identifier": "VTPP", "procedure_identifier": "R32", "transition_identifier": "PIBIK"}, "geometry": {"type": "MultiLineString", "coordinates": [[[100.00771389, 17.19175833], [100.35888611, 16.87643333], [100.52078333, 16.66222222], [100.42253333, 16.59329444]]]}}, {"type": "Feature", "properties": {"fid": 5781, "area_code": "PAC", "airport_identifier": "VTPP", "procedure_identifier": "R32", "transition_identifier": "POLOB"}, "geometry": {"type": "MultiLineString", "coordinates": [[[100.05772222, 17.21928611], [100.35888611, 16.87643333], [100.52078333, 16.66222222], [100.42253333, 16.59329444]]]}}, {"type": "Feature", "properties": {"fid": 5785, "area_code": "PAC", "airport_identifier": "VTPP", "procedure_identifier": "R32", "transition_identifier": "REMER"}, "geometry": {"type": "MultiLineString", "coordinates": [[[100.75870556, 16.99293333], [100.52078333, 16.66222222], [100.42253333, 16.59329444]]]}}, {"type": "Feature", "properties": {"fid": 5789, "area_code": "PAC", "airport_identifier": "VTPP", "procedure_identifier": "R32", "transition_identifier": null}, "geometry": {"type": "MultiLineString", "coordinates": [[[100.42253333, 16.59329444], [100.34855278, 16.69121667], [100.28743056, 16.77198056]]]}}, {"type": "Feature", "properties": {"fid": 5793, "area_code": "PAC", "airport_identifier": "VTPP", "procedure_identifier": "R32", "transition_identifier": null}, "geometry": {"type": "MultiLineString", "coordinates": [[[100.42253333, 16.59329444], [100.42253333, 16.59329444]]]}}, {"type": "Feature", "properties": {"fid": 5831, "area_code": "PAC", "airport_identifier": "VTUI", "procedure_identifier": "R23", "transition_identifier": "MASIO"}, "geometry": {"type": "MultiLineString", "coordinates": [[[103.68525278, 16.96696389], [103.84331389, 17.25165556], [104.15074167, 17.39159444], [104.23693889, 17.30871667]]]}}, {"type": "Feature", "properties": {"fid": 5835, "area_code": "PAC", "airport_identifier": "VTUI", "procedure_identifier": "R23", "transition_identifier": "NAKEE"}, "geometry": {"type": "MultiLineString", "coordinates": [[[103.84331389, 17.25165556], [104.15074167, 17.39159444], [104.23693889, 17.30871667]]]}}, {"type": "Feature", "properties": {"fid": 5838, "area_code": "PAC", "airport_identifier": "VTUI", "procedure_identifier": "R23", "transition_identifier": "VANON"}, "geometry": {"type": "MultiLineString", "coordinates": [[[104.414625, 17.31081389], [104.23693889, 17.30871667]]]}}, {"type": "Feature", "properties": {"fid": 5842, "area_code": "PAC", "airport_identifier": "VTUI", "procedure_identifier": "R23", "transition_identifier": null}, "geometry": {"type": "MultiLineString", "coordinates": [[[104.23693889, 17.30871667], [104.18271111, 17.25668611], [104.13713889, 17.21291944]]]}}, {"type": "Feature", "properties": {"fid": 5845, "area_code": "PAC", "airport_identifier": "VTUI", "procedure_identifier": "R23", "transition_identifier": null}, "geometry": {"type": "MultiLineString", "coordinates": [[[104.23693889, 17.30871667], [104.23693889, 17.30871667]]]}}, {"type": "Feature", "properties": {"fid": 5849, "area_code": "PAC", "airport_identifier": "VTCH", "procedure_identifier": "RNVA", "transition_identifier": "BOKIB"}, "geometry": {"type": "MultiLineString", "coordinates": [[[98.37366667, 19.076], [98.1293, 19.50131111], [98.02345556, 19.49978333]]]}}, {"type": "Feature", "properties": {"fid": 5852, "area_code": "PAC", "airport_identifier": "VTCH", "procedure_identifier": "RNVA", "transition_identifier": "DANPU"}, "geometry": {"type": "MultiLineString", "coordinates": [[[98.1293, 19.50131111], [98.02345556, 19.49978333]]]}}, {"type": "Feature", "properties": {"fid": 5856, "area_code": "PAC", "airport_identifier": "VTCH", "procedure_identifier": "RNVA", "transition_identifier": "DOMKA"}, "geometry": {"type": "MultiLineString", "coordinates": [[[98.43385556, 19.23871667], [98.1293, 19.50131111], [98.02345556, 19.49978333]]]}}, {"type": "Feature", "properties": {"fid": 5861, "area_code": "PAC", "airport_identifier": "VTCH", "procedure_identifier": "RNVA", "transition_identifier": null}, "geometry": {"type": "MultiLineString", "coordinates": [[[98.02345556, 19.49978333], [97.98838056, 19.45797778], [97.93561389, 19.39504167], [97.92309444, 19.35493889]]]}}, {"type": "Feature", "properties": {"fid": 5868, "area_code": "PAC", "airport_identifier": "VTCH", "procedure_identifier": "RNVA", "transition_identifier": null}, "geometry": {"type": "MultiLineString", "coordinates": [[[97.91208333, 19.31964722], [97.92221944, 18.96837778], [97.99368056, 19.10243889], [98.1343, 19.19637778], [98.1293, 19.50131111], [98.1293, 19.50131111]]]}}, {"type": "Feature", "properties": {"fid": 5981, "area_code": "PAC", "airport_identifier": "VTSE", "procedure_identifier": "R06", "transition_identifier": "LERBU"}, "geometry": {"type": "MultiLineString", "coordinates": [[[99.60990556, 10.97694722], [99.32012222, 10.82277222], [99.10009722, 10.69730833], [99.15931389, 10.59579444]]]}}, {"type": "Feature", "properties": {"fid": 5985, "area_code": "PAC", "airport_identifier": "VTSE", "procedure_identifier": "R06", "transition_identifier": "VEMLO"}, "geometry": {"type": "MultiLineString", "coordinates": [[[99.10144444, 10.39690278], [99.17076389, 10.47946667], [99.15931389, 10.59579444]]]}}, {"type": "Feature", "properties": {"fid": 5990, "area_code": "PAC", "airport_identifier": "VTSE", "procedure_identifier": "R06", "transition_identifier": null}, "geometry": {"type": "MultiLineString", "coordinates": [[[99.15931389, 10.59579444], [99.26830278, 10.65796667], [99.30056667, 10.67636111], [99.35337222, 10.70645278]]]}}, {"type": "Feature", "properties": {"fid": 5994, "area_code": "PAC", "airport_identifier": "VTSE", "procedure_identifier": "R06", "transition_identifier": null}, "geometry": {"type": "MultiLineString", "coordinates": [[[99.15931389, 10.59579444], [99.15931389, 10.59579444]]]}}, {"type": "Feature", "properties": {"fid": 6108, "area_code": "PAC", "airport_identifier": "VTSY", "procedure_identifier": "RNVA", "transition_identifier": "ERVES"}, "geometry": {"type": "MultiLineString", "coordinates": [[[101.48144444, 6.20218889], [101.36493889, 6.05837778], [101.28255833, 6.01996111], [101.21844167, 5.99005]]]}}, {"type": "Feature", "properties": {"fid": 6112, "area_code": "PAC", "airport_identifier": "VTSY", "procedure_identifier": "RNVA", "transition_identifier": "PETAC"}, "geometry": {"type": "MultiLineString", "coordinates": [[[101.32918889, 6.29439444], [101.26996111, 6.131675], [101.21844167, 5.99005]]]}}, {"type": "Feature", "properties": {"fid": 6117, "area_code": "PAC", "airport_identifier": "VTSY", "procedure_identifier": "RNVA", "transition_identifier": null}, "geometry": {"type": "MultiLineString", "coordinates": [[[101.21844167, 5.99005], [101.20127222, 5.94283889], [101.185825, 5.90035], [101.17895833, 5.88146389]]]}}, {"type": "Feature", "properties": {"fid": 6124, "area_code": "PAC", "airport_identifier": "VTSY", "procedure_identifier": "RNVA", "transition_identifier": null}, "geometry": {"type": "MultiLineString", "coordinates": [[[101.15265, 5.809075], [101.13549167, 5.76186111], [101.08835, 5.77904167], [101.10550278, 5.82625556], [101.26996111, 6.131675], [101.26996111, 6.131675]]]}}, {"type": "Feature", "properties": {"fid": 6142, "area_code": "PAC", "airport_identifier": "VTPB", "procedure_identifier": "R18", "transition_identifier": "RINRO"}, "geometry": {"type": "MultiLineString", "coordinates": [[[101.30664167, 16.83769167], [101.19525, 16.83781389]]]}}, {"type": "Feature", "properties": {"fid": 6146, "area_code": "PAC", "airport_identifier": "VTPB", "procedure_identifier": "R18", "transition_identifier": null}, "geometry": {"type": "MultiLineString", "coordinates": [[[101.19525, 16.83781389], [101.19517778, 16.75413889], [101.19511667, 16.685525]]]}}, {"type": "Feature", "properties": {"fid": 6151, "area_code": "PAC", "airport_identifier": "VTPB", "procedure_identifier": "R18", "transition_identifier": null}, "geometry": {"type": "MultiLineString", "coordinates": [[[101.30639167, 16.66642778], [101.30664167, 16.83769167], [101.30664167, 16.83769167]]]}}, {"type": "Feature", "properties": {"fid": 6154, "area_code": "PAC", "airport_identifier": "VTPI", "procedure_identifier": "R36", "transition_identifier": "DABES"}, "geometry": {"type": "MultiLineString", "coordinates": [[[100.138175, 15.06625278], [100.29093333, 15.06299444]]]}}, {"type": "Feature", "properties": {"fid": 6157, "area_code": "PAC", "airport_identifier": "VTPI", "procedure_identifier": "R36", "transition_identifier": "POTAX"}, "geometry": {"type": "MultiLineString", "coordinates": [[[100.36296389, 14.96904722], [100.29093333, 15.06299444]]]}}, {"type": "Feature", "properties": {"fid": 6160, "area_code": "PAC", "airport_identifier": "VTPI", "procedure_identifier": "R36", "transition_identifier": "PUGUL"}, "geometry": {"type": "MultiLineString", "coordinates": [[[100.41147778, 15.06035278], [100.29093333, 15.06299444]]]}}, {"type": "Feature", "properties": {"fid": 6164, "area_code": "PAC", "airport_identifier": "VTPI", "procedure_identifier": "R36", "transition_identifier": null}, "geometry": {"type": "MultiLineString", "coordinates": [[[100.29093333, 15.06299444], [100.29324167, 15.16339444], [100.29555, 15.26379444]]]}}, {"type": "Feature", "properties": {"fid": 6168, "area_code": "PAC", "airport_identifier": "VTPI", "procedure_identifier": "R36", "transition_identifier": null}, "geometry": {"type": "MultiLineString", "coordinates": [[[100.29093333, 15.06299444], [100.29093333, 15.06299444]]]}}, {"type": "Feature", "properties": {"fid": 6171, "area_code": "PAC", "airport_identifier": "VTUK", "procedure_identifier": "R21", "transition_identifier": "AKRET"}, "geometry": {"type": "MultiLineString", "coordinates": [[[103.14875278, 16.67111111], [102.90919722, 16.654125]]]}}, {"type": "Feature", "properties": {"fid": 6174, "area_code": "PAC", "airport_identifier": "VTUK", "procedure_identifier": "R21", "transition_identifier": "ALGIT"}, "geometry": {"type": "MultiLineString", "coordinates": [[[102.78189722, 16.88331667], [102.90919722, 16.654125]]]}}, {"type": "Feature", "properties": {"fid": 6179, "area_code": "PAC", "airport_identifier": "VTUK", "procedure_identifier": "R21", "transition_identifier": "EMRUT"}, "geometry": {"type": "MultiLineString", "coordinates": [[[102.59257222, 16.00545556], [102.92926111, 16.46823611], [103.01121944, 16.5905], [102.90919722, 16.654125]]]}}, {"type": "Feature", "properties": {"fid": 6184, "area_code": "PAC", "airport_identifier": "VTUK", "procedure_identifier": "R21", "transition_identifier": "ONUVI"}, "geometry": {"type": "MultiLineString", "coordinates": [[[102.44861667, 16.54116944], [102.55675833, 16.59451944], [102.80710833, 16.71769722], [102.90919722, 16.654125]]]}}, {"type": "Feature", "properties": {"fid": 6189, "area_code": "PAC", "airport_identifier": "VTUK", "procedure_identifier": "R21", "transition_identifier": "SEDNO"}, "geometry": {"type": "MultiLineString", "coordinates": [[[103.28532778, 16.29258611], [103.14949444, 16.44037778], [103.01121944, 16.5905], [102.90919722, 16.654125]]]}}, {"type": "Feature", "properties": {"fid": 6193, "area_code": "PAC", "airport_identifier": "VTUK", "procedure_identifier": "R21", "transition_identifier": null}, "geometry": {"type": "MultiLineString", "coordinates": [[[102.90919722, 16.654125], [102.84333611, 16.55581111], [102.79064722, 16.47707222]]]}}, {"type": "Feature", "properties": {"fid": 6197, "area_code": "PAC", "airport_identifier": "VTUK", "procedure_identifier": "R21", "transition_identifier": null}, "geometry": {"type": "MultiLineString", "coordinates": [[[102.90919722, 16.654125], [102.90919722, 16.654125]]]}}, {"type": "Feature", "properties": {"fid": 6332, "area_code": "PAC", "airport_identifier": "VTPP", "procedure_identifier": "R14", "transition_identifier": "GOKON"}, "geometry": {"type": "MultiLineString", "coordinates": [[[100.80939444, 16.71687778], [100.48649444, 16.97630833], [100.3528, 17.08336389], [100.15608056, 16.94528333]]]}}, {"type": "Feature", "properties": {"fid": 6335, "area_code": "PAC", "airport_identifier": "VTPP", "procedure_identifier": "R14", "transition_identifier": "GOSTA"}, "geometry": {"type": "MultiLineString", "coordinates": [[[100.37495278, 17.26591667], [100.15608056, 16.94528333]]]}}, {"type": "Feature", "properties": {"fid": 6338, "area_code": "PAC", "airport_identifier": "VTPP", "procedure_identifier": "R14", "transition_identifier": "IGPOP"}, "geometry": {"type": "MultiLineString", "coordinates": [[[99.785475, 16.83391111], [100.15608056, 16.94528333]]]}}, {"type": "Feature", "properties": {"fid": 6341, "area_code": "PAC", "airport_identifier": "VTPP", "procedure_identifier": "R14", "transition_identifier": "NIROP"}, "geometry": {"type": "MultiLineString", "coordinates": [[[100.24564722, 17.27048333], [100.15608056, 16.94528333]]]}}, {"type": "Feature", "properties": {"fid": 6346, "area_code": "PAC", "airport_identifier": "VTPP", "procedure_identifier": "R14", "transition_identifier": "PEBLI"}, "geometry": {"type": "MultiLineString", "coordinates": [[[100.29339167, 16.26831667], [100.04883333, 16.66340833], [99.95965, 16.80701111], [100.15608056, 16.94528333]]]}}, {"type": "Feature", "properties": {"fid": 6351, "area_code": "PAC", "airport_identifier": "VTPP", "procedure_identifier": "R14", "transition_identifier": "PIBAN"}, "geometry": {"type": "MultiLineString", "coordinates": [[[99.95502778, 16.38710278], [99.95780556, 16.63966944], [99.95965, 16.80701111], [100.15608056, 16.94528333]]]}}, {"type": "Feature", "properties": {"fid": 6354, "area_code": "PAC", "airport_identifier": "VTPP", "procedure_identifier": "R14", "transition_identifier": "PIBIK"}, "geometry": {"type": "MultiLineString", "coordinates": [[[100.00771389, 17.19175833], [100.15608056, 16.94528333]]]}}, {"type": "Feature", "properties": {"fid": 6357, "area_code": "PAC", "airport_identifier": "VTPP", "procedure_identifier": "R14", "transition_identifier": "POLOB"}, "geometry": {"type": "MultiLineString", "coordinates": [[[100.05772222, 17.21928611], [100.15608056, 16.94528333]]]}}, {"type": "Feature", "properties": {"fid": 6362, "area_code": "PAC", "airport_identifier": "VTPP", "procedure_identifier": "R14", "transition_identifier": "REMER"}, "geometry": {"type": "MultiLineString", "coordinates": [[[100.75870556, 16.99293333], [100.52149444, 17.04588889], [100.3528, 17.08336389], [100.15608056, 16.94528333]]]}}, {"type": "Feature", "properties": {"fid": 6366, "area_code": "PAC", "airport_identifier": "VTPP", "procedure_identifier": "R14", "transition_identifier": null}, "geometry": {"type": "MultiLineString", "coordinates": [[[100.15608056, 16.94528333], [100.20938056, 16.87500833], [100.27083611, 16.79389722]]]}}, {"type": "Feature", "properties": {"fid": 6370, "area_code": "PAC", "airport_identifier": "VTPP", "procedure_identifier": "R14", "transition_identifier": null}, "geometry": {"type": "MultiLineString", "coordinates": [[[100.15608056, 16.94528333], [100.15608056, 16.94528333]]]}}, {"type": "Feature", "properties": {"fid": 6404, "area_code": "PAC", "airport_identifier": "VTUD", "procedure_identifier": "R12", "transition_identifier": "LEBOG"}, "geometry": {"type": "MultiLineString", "coordinates": [[[102.49901111, 17.52778056], [102.57673889, 17.48986111]]]}}, {"type": "Feature", "properties": {"fid": 6407, "area_code": "PAC", "airport_identifier": "VTUD", "procedure_identifier": "R12", "transition_identifier": "RIRMI"}, "geometry": {"type": "MultiLineString", "coordinates": [[[102.52143056, 17.38544444], [102.57673889, 17.48986111]]]}}, {"type": "Feature", "properties": {"fid": 6410, "area_code": "PAC", "airport_identifier": "VTUD", "procedure_identifier": "R12", "transition_identifier": "RUGBU"}, "geometry": {"type": "MultiLineString", "coordinates": [[[102.63211111, 17.59425833], [102.57673889, 17.48986111]]]}}, {"type": "Feature", "properties": {"fid": 6414, "area_code": "PAC", "airport_identifier": "VTUD", "procedure_identifier": "R12", "transition_identifier": null}, "geometry": {"type": "MultiLineString", "coordinates": [[[102.57673889, 17.48986111], [102.68383333, 17.43753611], [102.77545833, 17.3927]]]}}, {"type": "Feature", "properties": {"fid": 6420, "area_code": "PAC", "airport_identifier": "VTUD", "procedure_identifier": "R12", "transition_identifier": null}, "geometry": {"type": "MultiLineString", "coordinates": [[[102.79985833, 17.51225], [102.63211111, 17.59425833], [102.57673889, 17.48986111], [102.57673889, 17.48986111]]]}}, {"type": "Feature", "properties": {"fid": 6425, "area_code": "PAC", "airport_identifier": "VTCT", "procedure_identifier": "R21", "transition_identifier": "BENVI"}, "geometry": {"type": "MultiLineString", "coordinates": [[[99.96139444, 19.45181111], [99.96323611, 19.84788611], [100.10133333, 20.08281667], [99.99298056, 20.13971944]]]}}, {"type": "Feature", "properties": {"fid": 6430, "area_code": "PAC", "airport_identifier": "VTCT", "procedure_identifier": "R21", "transition_identifier": "DUBEN"}, "geometry": {"type": "MultiLineString", "coordinates": [[[100.20189722, 19.54706111], [99.96323611, 19.84788611], [100.10133333, 20.08281667], [99.99298056, 20.13971944]]]}}, {"type": "Feature", "properties": {"fid": 6435, "area_code": "PAC", "airport_identifier": "VTCT", "procedure_identifier": "R21", "transition_identifier": "NUMDO"}, "geometry": {"type": "MultiLineString", "coordinates": [[[99.56719167, 19.54539722], [99.96323611, 19.84788611], [100.10133333, 20.08281667], [99.99298056, 20.13971944]]]}}, {"type": "Feature", "properties": {"fid": 6439, "area_code": "PAC", "airport_identifier": "VTCT", "procedure_identifier": "R21", "transition_identifier": "PONUK"}, "geometry": {"type": "MultiLineString", "coordinates": [[[100.38494444, 20.31613889], [100.10133333, 20.08281667], [99.99298056, 20.13971944]]]}}, {"type": "Feature", "properties": {"fid": 6444, "area_code": "PAC", "airport_identifier": "VTCT", "procedure_identifier": "R21", "transition_identifier": null}, "geometry": {"type": "MultiLineString", "coordinates": [[[99.99298056, 20.13971944], [99.94054167, 20.05050278], [99.91563333, 20.00808056], [99.88989722, 19.96419167]]]}}, {"type": "Feature", "properties": {"fid": 6448, "area_code": "PAC", "airport_identifier": "VTCT", "procedure_identifier": "R21", "transition_identifier": null}, "geometry": {"type": "MultiLineString", "coordinates": [[[100.10133333, 20.08281667], [100.10133333, 20.08281667]]]}}, {"type": "Feature", "properties": {"fid": 6534, "area_code": "PAC", "airport_identifier": "VTCN", "procedure_identifier": "R20", "transition_identifier": "ANUGU"}, "geometry": {"type": "MultiLineString", "coordinates": [[[100.46691111, 19.21132222], [100.66074444, 19.06723333], [100.75958889, 19.03198333], [100.85823889, 18.99629444]]]}}, {"type": "Feature", "properties": {"fid": 6539, "area_code": "PAC", "airport_identifier": "VTCN", "procedure_identifier": "R20", "transition_identifier": "DUGEL"}, "geometry": {"type": "MultiLineString", "coordinates": [[[100.68276111, 18.48147778], [100.97407778, 18.72057222], [101.05556667, 18.92514722], [100.85823889, 18.99629444]]]}}, {"type": "Feature", "properties": {"fid": 6545, "area_code": "PAC", "airport_identifier": "VTCN", "procedure_identifier": "R20", "transition_identifier": "UKLOM"}, "geometry": {"type": "MultiLineString", "coordinates": [[[100.50076667, 18.50138889], [100.55681667, 18.80473889], [100.66074444, 19.06723333], [100.75958889, 19.03198333], [100.85823889, 18.99629444]]]}}, {"type": "Feature", "properties": {"fid": 6550, "area_code": "PAC", "airport_identifier": "VTCN", "procedure_identifier": "R20", "transition_identifier": null}, "geometry": {"type": "MultiLineString", "coordinates": [[[100.85823889, 18.99629444], [100.82713889, 18.91804722], [100.81781389, 18.89457222], [100.78675278, 18.81631667]]]}}, {"type": "Feature", "properties": {"fid": 6554, "area_code": "PAC", "airport_identifier": "VTCN", "procedure_identifier": "R20", "transition_identifier": null}, "geometry": {"type": "MultiLineString", "coordinates": [[[100.66074444, 19.06723333], [100.66074444, 19.06723333]]]}}, {"type": "Feature", "properties": {"fid": 6580, "area_code": "PAC", "airport_identifier": "VTUW", "procedure_identifier": "R33", "transition_identifier": "OPAAR"}, "geometry": {"type": "MultiLineString", "coordinates": [[[104.44163056, 17.32018611], [104.63946944, 17.18532778], [104.73911111, 17.25279722]]]}}, {"type": "Feature", "properties": {"fid": 6584, "area_code": "PAC", "airport_identifier": "VTUW", "procedure_identifier": "R33", "transition_identifier": null}, "geometry": {"type": "MultiLineString", "coordinates": [[[104.73911111, 17.25279722], [104.693975, 17.31436111], [104.64981111, 17.37454722]]]}}, {"type": "Feature", "properties": {"fid": 6588, "area_code": "PAC", "airport_identifier": "VTUW", "procedure_identifier": "R33", "transition_identifier": null}, "geometry": {"type": "MultiLineString", "coordinates": [[[104.44163056, 17.32018611], [104.44163056, 17.32018611]]]}}, {"type": "Feature", "properties": {"fid": 6668, "area_code": "PAC", "airport_identifier": "VTBS", "procedure_identifier": "R20R", "transition_identifier": "RUPED"}, "geometry": {"type": "MultiLineString", "coordinates": [[[100.82349722, 14.02330278], [100.80213889, 13.94225]]]}}, {"type": "Feature", "properties": {"fid": 6673, "area_code": "PAC", "airport_identifier": "VTBS", "procedure_identifier": "R20R", "transition_identifier": null}, "geometry": {"type": "MultiLineString", "coordinates": [[[100.80213889, 13.94225], [100.78484444, 13.87657222], [100.75920833, 13.77914444], [100.73844722, 13.70018889]]]}}, {"type": "Feature", "properties": {"fid": 6681, "area_code": "PAC", "airport_identifier": "VTBS", "procedure_identifier": "R20R", "transition_identifier": null}, "geometry": {"type": "MultiLineString", "coordinates": [[[100.72924444, 13.665175], [100.61577778, 13.55199167], [100.61543889, 13.501775], [100.90337222, 13.42969444], [100.98096667, 13.72095833], [101.02458889, 13.88437222], [101.02458889, 13.88437222]]]}}, {"type": "Feature", "properties": {"fid": 6702, "area_code": "PAC", "airport_identifier": "VTSP", "procedure_identifier": "R27-Y", "transition_identifier": "BARON"}, "geometry": {"type": "MultiLineString", "coordinates": [[[98.55760833, 8.13581667], [98.46372222, 8.127025], [98.39053889, 8.12016111]]]}}, {"type": "Feature", "properties": {"fid": 6707, "area_code": "PAC", "airport_identifier": "VTSP", "procedure_identifier": "R27-Y", "transition_identifier": "PACUS"}, "geometry": {"type": "MultiLineString", "coordinates": [[[98.57809444, 7.91812222], [98.50361944, 8.02227222], [98.45439167, 8.09108056], [98.39053889, 8.12016111]]]}}, {"type": "Feature", "properties": {"fid": 6712, "area_code": "PAC", "airport_identifier": "VTSP", "procedure_identifier": "R27-Y", "transition_identifier": "STONE"}, "geometry": {"type": "MultiLineString", "coordinates": [[[98.53653889, 8.35943333], [98.45719444, 8.19651944], [98.43498611, 8.15089167], [98.39053889, 8.12016111]]]}}, {"type": "Feature", "properties": {"fid": 6715, "area_code": "PAC", "airport_identifier": "VTSP", "procedure_identifier": "R27-Y", "transition_identifier": null}, "geometry": {"type": "MultiLineString", "coordinates": [[[98.39053889, 8.12016111], [98.33040556, 8.11450833]]]}}, {"type": "Feature", "properties": {"fid": 6721, "area_code": "PAC", "airport_identifier": "VTSP", "procedure_identifier": "R27-Y", "transition_identifier": null}, "geometry": {"type": "MultiLineString", "coordinates": [[[98.31057222, 8.11264167], [98.25089722, 8.10702222], [98.20122778, 8.077375], [98.06879722, 7.87834167], [98.06879722, 7.87834167]]]}}, {"type": "Feature", "properties": {"fid": 6769, "area_code": "PAC", "airport_identifier": "VTSK", "procedure_identifier": "R08", "transition_identifier": "BOODU"}, "geometry": {"type": "MultiLineString", "coordinates": [[[100.80208056, 6.85489167], [100.98009167, 6.77380833]]]}}, {"type": "Feature", "properties": {"fid": 6772, "area_code": "PAC", "airport_identifier": "VTSK", "procedure_identifier": "R08", "transition_identifier": "PATAA"}, "geometry": {"type": "MultiLineString", "coordinates": [[[100.97220556, 6.89076667], [100.98009167, 6.77380833]]]}}, {"type": "Feature", "properties": {"fid": 6775, "area_code": "PAC", "airport_identifier": "VTSK", "procedure_identifier": "R08", "transition_identifier": "TARNY"}, "geometry": {"type": "MultiLineString", "coordinates": [[[100.99134722, 6.60672222], [100.98009167, 6.77380833]]]}}, {"type": "Feature", "properties": {"fid": 6779, "area_code": "PAC", "airport_identifier": "VTSK", "procedure_identifier": "R08", "transition_identifier": null}, "geometry": {"type": "MultiLineString", "coordinates": [[[100.98009167, 6.77380833], [101.08205278, 6.78066389], [101.14724444, 6.78503333]]]}}, {"type": "Feature", "properties": {"fid": 6783, "area_code": "PAC", "airport_identifier": "VTSK", "procedure_identifier": "R08", "transition_identifier": null}, "geometry": {"type": "MultiLineString", "coordinates": [[[100.97220556, 6.89076667], [100.97220556, 6.89076667]]]}}, {"type": "Feature", "properties": {"fid": 6805, "area_code": "PAC", "airport_identifier": "VTPB", "procedure_identifier": "R36", "transition_identifier": "EKVIP"}, "geometry": {"type": "MultiLineString", "coordinates": [[[101.31631944, 16.45833056], [101.19491667, 16.45846389]]]}}, {"type": "Feature", "properties": {"fid": 6808, "area_code": "PAC", "airport_identifier": "VTPB", "procedure_identifier": "R36", "transition_identifier": "TUVBO"}, "geometry": {"type": "MultiLineString", "coordinates": [[[101.05906111, 16.31348611], [101.19491667, 16.45846389]]]}}, {"type": "Feature", "properties": {"fid": 6811, "area_code": "PAC", "airport_identifier": "VTPB", "procedure_identifier": "R36", "transition_identifier": "VABRO"}, "geometry": {"type": "MultiLineString", "coordinates": [[[101.07351667, 16.45853056], [101.19491667, 16.45846389]]]}}, {"type": "Feature", "properties": {"fid": 6815, "area_code": "PAC", "airport_identifier": "VTPB", "procedure_identifier": "R36", "transition_identifier": null}, "geometry": {"type": "MultiLineString", "coordinates": [[[101.19491667, 16.45846389], [101.19501944, 16.57616389], [101.1951, 16.66653333]]]}}, {"type": "Feature", "properties": {"fid": 6820, "area_code": "PAC", "airport_identifier": "VTPB", "procedure_identifier": "R36", "transition_identifier": null}, "geometry": {"type": "MultiLineString", "coordinates": [[[101.31666111, 16.68538889], [101.31631944, 16.45833056], [101.31631944, 16.45833056]]]}}, {"type": "Feature", "properties": {"fid": 6911, "area_code": "PAC", "airport_identifier": "VTSM", "procedure_identifier": "R35", "transition_identifier": "DORNA"}, "geometry": {"type": "MultiLineString", "coordinates": [[[99.77058333, 9.41630556], [99.92788333, 9.3261], [100.08260833, 9.34098611]]]}}, {"type": "Feature", "properties": {"fid": 6917, "area_code": "PAC", "airport_identifier": "VTSM", "procedure_identifier": "R35", "transition_identifier": "ENRAG"}, "geometry": {"type": "MultiLineString", "coordinates": [[[100.15863056, 10.03980833], [100.17276944, 9.80558333], [100.19001667, 9.51938611], [100.20007778, 9.35223889], [100.08260833, 9.34098611]]]}}, {"type": "Feature", "properties": {"fid": 6921, "area_code": "PAC", "airport_identifier": "VTSM", "procedure_identifier": "R35", "transition_identifier": "MESEM"}, "geometry": {"type": "MultiLineString", "coordinates": [[[99.80440278, 9.12195833], [99.913875, 9.2082], [100.08260833, 9.34098611]]]}}, {"type": "Feature", "properties": {"fid": 6924, "area_code": "PAC", "airport_identifier": "VTSM", "procedure_identifier": "R35", "transition_identifier": "RUMVA"}, "geometry": {"type": "MultiLineString", "coordinates": [[[100.26658889, 9.28803611], [100.08260833, 9.34098611]]]}}, {"type": "Feature", "properties": {"fid": 6929, "area_code": "PAC", "airport_identifier": "VTSM", "procedure_identifier": "R35", "transition_identifier": "UPNEP"}, "geometry": {"type": "MultiLineString", "coordinates": [[[100.49344444, 9.70363889], [100.38142222, 9.52366111], [100.20007778, 9.35223889], [100.08260833, 9.34098611]]]}}, {"type": "Feature", "properties": {"fid": 6933, "area_code": "PAC", "airport_identifier": "VTSM", "procedure_identifier": "R35", "transition_identifier": null}, "geometry": {"type": "MultiLineString", "coordinates": [[[100.08260833, 9.34098611], [100.07271667, 9.44265278], [100.06314167, 9.54098611]]]}}, {"type": "Feature", "properties": {"fid": 6937, "area_code": "PAC", "airport_identifier": "VTSM", "procedure_identifier": "R35", "transition_identifier": null}, "geometry": {"type": "MultiLineString", "coordinates": [[[100.05827222, 9.59098611], [100.08260833, 9.34098611], [100.08260833, 9.34098611]]]}}, {"type": "Feature", "properties": {"fid": 7008, "area_code": "PAC", "airport_identifier": "VTPO", "procedure_identifier": "R18", "transition_identifier": "AKTIK"}, "geometry": {"type": "MultiLineString", "coordinates": [[[99.68332778, 17.45888611], [99.82278056, 17.45631111]]]}}, {"type": "Feature", "properties": {"fid": 7013, "area_code": "PAC", "airport_identifier": "VTPO", "procedure_identifier": "R18", "transition_identifier": "KIMET"}, "geometry": {"type": "MultiLineString", "coordinates": [[[99.74147778, 16.82433333], [100.00771389, 17.19175833], [99.96222778, 17.45363889], [99.82278056, 17.45631111]]]}}, {"type": "Feature", "properties": {"fid": 7016, "area_code": "PAC", "airport_identifier": "VTPO", "procedure_identifier": "R18", "transition_identifier": "OPELO"}, "geometry": {"type": "MultiLineString", "coordinates": [[[100.00210278, 17.70674167], [99.82278056, 17.45631111]]]}}, {"type": "Feature", "properties": {"fid": 7020, "area_code": "PAC", "airport_identifier": "VTPO", "procedure_identifier": "R18", "transition_identifier": null}, "geometry": {"type": "MultiLineString", "coordinates": [[[99.82278056, 17.45631111], [99.82073333, 17.35592778], [99.818525, 17.24718056]]]}}, {"type": "Feature", "properties": {"fid": 7024, "area_code": "PAC", "airport_identifier": "VTPO", "procedure_identifier": "R18", "transition_identifier": null}, "geometry": {"type": "MultiLineString", "coordinates": [[[99.82278056, 17.45631111], [99.82278056, 17.45631111]]]}}, {"type": "Feature", "properties": {"fid": 7046, "area_code": "PAC", "airport_identifier": "VTSB", "procedure_identifier": "R04", "transition_identifier": "EMTOB"}, "geometry": {"type": "MultiLineString", "coordinates": [[[98.91629167, 8.87650278], [98.98106944, 8.97443333]]]}}, {"type": "Feature", "properties": {"fid": 7049, "area_code": "PAC", "airport_identifier": "VTSB", "procedure_identifier": "R04", "transition_identifier": "MULRO"}, "geometry": {"type": "MultiLineString", "coordinates": [[[99.01958333, 8.86365278], [98.98106944, 8.97443333]]]}}, {"type": "Feature", "properties": {"fid": 7052, "area_code": "PAC", "airport_identifier": "VTSB", "procedure_identifier": "R04", "transition_identifier": "VARSA"}, "geometry": {"type": "MultiLineString", "coordinates": [[[98.87228056, 9.07938889], [98.98106944, 8.97443333]]]}}, {"type": "Feature", "properties": {"fid": 7055, "area_code": "PAC", "airport_identifier": "VTSB", "procedure_identifier": "R04", "transition_identifier": "VELRA"}, "geometry": {"type": "MultiLineString", "coordinates": [[[99.06563889, 8.89278056], [98.98106944, 8.97443333]]]}}, {"type": "Feature", "properties": {"fid": 7061, "area_code": "PAC", "airport_identifier": "VTSB", "procedure_identifier": "R04", "transition_identifier": null}, "geometry": {"type": "MultiLineString", "coordinates": [[[98.98106944, 8.97443333], [99.00570278, 8.99966389], [99.04739444, 9.04235], [99.09433889, 9.0904], [99.12603333, 9.12283056]]]}}, {"type": "Feature", "properties": {"fid": 7067, "area_code": "PAC", "airport_identifier": "VTSB", "procedure_identifier": "R04", "transition_identifier": null}, "geometry": {"type": "MultiLineString", "coordinates": [[[99.27081389, 9.10271111], [99.06563889, 8.89278056], [98.98106944, 8.97443333], [98.98106944, 8.97443333]]]}}, {"type": "Feature", "properties": {"fid": 7073, "area_code": "PAC", "airport_identifier": "VTUO", "procedure_identifier": "R22", "transition_identifier": "RAMEI"}, "geometry": {"type": "MultiLineString", "coordinates": [[[103.01111667, 15.04448611], [103.1601, 15.30465556], [103.27023333, 15.45676111], [103.36903889, 15.38937778]]]}}, {"type": "Feature", "properties": {"fid": 7076, "area_code": "PAC", "airport_identifier": "VTUO", "procedure_identifier": "R22", "transition_identifier": "UBMEM"}, "geometry": {"type": "MultiLineString", "coordinates": [[[103.43538611, 15.54239444], [103.36903889, 15.38937778]]]}}, {"type": "Feature", "properties": {"fid": 7081, "area_code": "PAC", "airport_identifier": "VTUO", "procedure_identifier": "R22", "transition_identifier": "VIREB"}, "geometry": {"type": "MultiLineString", "coordinates": [[[103.617575, 15.13085], [103.56475, 15.19748889], [103.46777778, 15.32195278], [103.36903889, 15.38937778]]]}}, {"type": "Feature", "properties": {"fid": 7085, "area_code": "PAC", "airport_identifier": "VTUO", "procedure_identifier": "R22", "transition_identifier": null}, "geometry": {"type": "MultiLineString", "coordinates": [[[103.36903889, 15.38937778], [103.29951944, 15.29346111], [103.25886667, 15.23732222]]]}}, {"type": "Feature", "properties": {"fid": 7089, "area_code": "PAC", "airport_identifier": "VTUO", "procedure_identifier": "R22", "transition_identifier": null}, "geometry": {"type": "MultiLineString", "coordinates": [[[103.36903889, 15.38937778], [103.36903889, 15.38937778]]]}}, {"type": "Feature", "properties": {"fid": 7092, "area_code": "PAC", "airport_identifier": "VTUI", "procedure_identifier": "R05", "transition_identifier": "MASIO"}, "geometry": {"type": "MultiLineString", "coordinates": [[[103.68525278, 16.96696389], [103.9648, 17.04715833]]]}}, {"type": "Feature", "properties": {"fid": 7095, "area_code": "PAC", "airport_identifier": "VTUI", "procedure_identifier": "R05", "transition_identifier": "PATAN"}, "geometry": {"type": "MultiLineString", "coordinates": [[[103.62086389, 17.27980278], [103.9648, 17.04715833]]]}}, {"type": "Feature", "properties": {"fid": 7100, "area_code": "PAC", "airport_identifier": "VTUI", "procedure_identifier": "R05", "transition_identifier": "VANON"}, "geometry": {"type": "MultiLineString", "coordinates": [[[104.414625, 17.31081389], [104.26006944, 17.09445278], [104.08780833, 16.92886389], [103.9648, 17.04715833]]]}}, {"type": "Feature", "properties": {"fid": 7105, "area_code": "PAC", "airport_identifier": "VTUI", "procedure_identifier": "R05", "transition_identifier": null}, "geometry": {"type": "MultiLineString", "coordinates": [[[103.9648, 17.04715833], [104.03366667, 17.11345278], [104.05089167, 17.13005], [104.10996944, 17.18682222]]]}}, {"type": "Feature", "properties": {"fid": 7109, "area_code": "PAC", "airport_identifier": "VTUI", "procedure_identifier": "R05", "transition_identifier": null}, "geometry": {"type": "MultiLineString", "coordinates": [[[103.9648, 17.04715833], [103.9648, 17.04715833]]]}}, {"type": "Feature", "properties": {"fid": 7113, "area_code": "PAC", "airport_identifier": "VTSE", "procedure_identifier": "R24", "transition_identifier": "ANDET"}, "geometry": {"type": "MultiLineString", "coordinates": [[[99.68973889, 11.06363611], [99.60990556, 10.97694722], [99.56966944, 10.82955278]]]}}, {"type": "Feature", "properties": {"fid": 7118, "area_code": "PAC", "airport_identifier": "VTSE", "procedure_identifier": "R24", "transition_identifier": "MAGMI"}, "geometry": {"type": "MultiLineString", "coordinates": [[[99.17076389, 10.47946667], [99.40866944, 10.60270556], [99.62875278, 10.72795], [99.56966944, 10.82955278]]]}}, {"type": "Feature", "properties": {"fid": 7122, "area_code": "PAC", "airport_identifier": "VTSE", "procedure_identifier": "R24", "transition_identifier": null}, "geometry": {"type": "MultiLineString", "coordinates": [[[99.56966944, 10.82955278], [99.45514167, 10.76440556], [99.37003889, 10.71594722]]]}}, {"type": "Feature", "properties": {"fid": 7126, "area_code": "PAC", "airport_identifier": "VTSE", "procedure_identifier": "R24", "transition_identifier": null}, "geometry": {"type": "MultiLineString", "coordinates": [[[99.56966944, 10.82955278], [99.56966944, 10.82955278]]]}}, {"type": "Feature", "properties": {"fid": 7138, "area_code": "PAC", "airport_identifier": "VTCH", "procedure_identifier": "R29-A", "transition_identifier": "BOKIB"}, "geometry": {"type": "MultiLineString", "coordinates": [[[98.37366667, 19.076], [98.1293, 19.50131111], [98.02345556, 19.49978333]]]}}, {"type": "Feature", "properties": {"fid": 7141, "area_code": "PAC", "airport_identifier": "VTCH", "procedure_identifier": "R29-A", "transition_identifier": "DANPU"}, "geometry": {"type": "MultiLineString", "coordinates": [[[98.1293, 19.50131111], [98.02345556, 19.49978333]]]}}, {"type": "Feature", "properties": {"fid": 7145, "area_code": "PAC", "airport_identifier": "VTCH", "procedure_identifier": "R29-A", "transition_identifier": "DOMKA"}, "geometry": {"type": "MultiLineString", "coordinates": [[[98.43385556, 19.23871667], [98.1293, 19.50131111], [98.02345556, 19.49978333]]]}}, {"type": "Feature", "properties": {"fid": 7150, "area_code": "PAC", "airport_identifier": "VTCH", "procedure_identifier": "R29-A", "transition_identifier": null}, "geometry": {"type": "MultiLineString", "coordinates": [[[98.02345556, 19.49978333], [97.98838056, 19.45797778], [97.93561389, 19.39504167], [97.92309444, 19.35493889]]]}}, {"type": "Feature", "properties": {"fid": 7157, "area_code": "PAC", "airport_identifier": "VTCH", "procedure_identifier": "R29-A", "transition_identifier": null}, "geometry": {"type": "MultiLineString", "coordinates": [[[97.91208333, 19.31964722], [97.92221944, 18.96837778], [97.99368056, 19.10243889], [98.1343, 19.19637778], [98.1293, 19.50131111], [98.1293, 19.50131111]]]}}, {"type": "Feature", "properties": {"fid": 7162, "area_code": "PAC", "airport_identifier": "VTSC", "procedure_identifier": "R20", "transition_identifier": "ERVES"}, "geometry": {"type": "MultiLineString", "coordinates": [[[101.48144444, 6.20218889], [101.66110278, 6.66760278], [101.74359444, 6.81335833], [101.84561667, 6.755625]]]}}, {"type": "Feature", "properties": {"fid": 7166, "area_code": "PAC", "airport_identifier": "VTSC", "procedure_identifier": "R20", "transition_identifier": "NUBKA"}, "geometry": {"type": "MultiLineString", "coordinates": [[[101.57383889, 6.90932778], [101.74359444, 6.81335833], [101.84561667, 6.755625]]]}}, {"type": "Feature", "properties": {"fid": 7170, "area_code": "PAC", "airport_identifier": "VTSC", "procedure_identifier": "R20", "transition_identifier": null}, "geometry": {"type": "MultiLineString", "coordinates": [[[101.84561667, 6.755625], [101.78564444, 6.61734722], [101.74700556, 6.52820833]]]}}, {"type": "Feature", "properties": {"fid": 7174, "area_code": "PAC", "airport_identifier": "VTSC", "procedure_identifier": "R20", "transition_identifier": null}, "geometry": {"type": "MultiLineString", "coordinates": [[[101.84561667, 6.755625], [101.84561667, 6.755625]]]}}, {"type": "Feature", "properties": {"fid": 7178, "area_code": "PAC", "airport_identifier": "VTPM", "procedure_identifier": "R27", "transition_identifier": "KADAV"}, "geometry": {"type": "MultiLineString", "coordinates": [[[98.89469167, 16.7984], [98.86457222, 16.75743056], [98.82515556, 16.70378333]]]}}, {"type": "Feature", "properties": {"fid": 7182, "area_code": "PAC", "airport_identifier": "VTPM", "procedure_identifier": "R27", "transition_identifier": "LARAK"}, "geometry": {"type": "MultiLineString", "coordinates": [[[98.75552778, 16.89979167], [98.82347222, 16.82091667], [98.82515556, 16.70378333]]]}}, {"type": "Feature", "properties": {"fid": 7185, "area_code": "PAC", "airport_identifier": "VTPM", "procedure_identifier": "R27", "transition_identifier": "TORAN"}, "geometry": {"type": "MultiLineString", "coordinates": [[[98.87192778, 16.594825], [98.82515556, 16.70378333]]]}}, {"type": "Feature", "properties": {"fid": 7188, "area_code": "PAC", "airport_identifier": "VTPM", "procedure_identifier": "R27", "transition_identifier": "URGUM"}, "geometry": {"type": "MultiLineString", "coordinates": [[[98.88953056, 16.69835833], [98.82515556, 16.70378333]]]}}, {"type": "Feature", "properties": {"fid": 7194, "area_code": "PAC", "airport_identifier": "VTPM", "procedure_identifier": "R27", "transition_identifier": null}, "geometry": {"type": "MultiLineString", "coordinates": [[[98.82515556, 16.70378333], [98.69886944, 16.70205278], [98.672825, 16.70168889], [98.634625, 16.70115], [98.58774722, 16.70047778]]]}}, {"type": "Feature", "properties": {"fid": 7201, "area_code": "PAC", "airport_identifier": "VTPM", "procedure_identifier": "R27", "transition_identifier": null}, "geometry": {"type": "MultiLineString", "coordinates": [[[98.56544722, 16.81609167], [98.60164722, 16.89760556], [98.75552778, 16.89979167], [98.82347222, 16.82091667], [98.82515556, 16.70378333], [98.82515556, 16.70378333]]]}}, {"type": "Feature", "properties": {"fid": 7288, "area_code": "PAC", "airport_identifier": "VTBU", "procedure_identifier": "R36", "transition_identifier": "HAMOO"}, "geometry": {"type": "MultiLineString", "coordinates": [[[100.85465833, 12.52714167], [100.99239167, 12.52717778]]]}}, {"type": "Feature", "properties": {"fid": 7291, "area_code": "PAC", "airport_identifier": "VTBU", "procedure_identifier": "R36", "transition_identifier": "MONJA"}, "geometry": {"type": "MultiLineString", "coordinates": [[[101.10568333, 12.45024722], [100.99239167, 12.52717778]]]}}, {"type": "Feature", "properties": {"fid": 7295, "area_code": "PAC", "airport_identifier": "VTBU", "procedure_identifier": "R36", "transition_identifier": null}, "geometry": {"type": "MultiLineString", "coordinates": [[[100.99239167, 12.52717778], [100.999275, 12.61061111], [101.00368333, 12.66400556]]]}}, {"type": "Feature", "properties": {"fid": 7299, "area_code": "PAC", "airport_identifier": "VTBU", "procedure_identifier": "R36", "transition_identifier": null}, "geometry": {"type": "MultiLineString", "coordinates": [[[101.21364722, 12.81491389], [101.21364722, 12.81491389]]]}}, {"type": "Feature", "properties": {"fid": 7303, "area_code": "PAC", "airport_identifier": "VTCH", "procedure_identifier": "R11-A", "transition_identifier": "BOKIB"}, "geometry": {"type": "MultiLineString", "coordinates": [[[98.37366667, 19.076], [98.1293, 19.50131111], [98.02345556, 19.49978333]]]}}, {"type": "Feature", "properties": {"fid": 7306, "area_code": "PAC", "airport_identifier": "VTCH", "procedure_identifier": "R11-A", "transition_identifier": "DANPU"}, "geometry": {"type": "MultiLineString", "coordinates": [[[98.1293, 19.50131111], [98.02345556, 19.49978333]]]}}, {"type": "Feature", "properties": {"fid": 7310, "area_code": "PAC", "airport_identifier": "VTCH", "procedure_identifier": "R11-A", "transition_identifier": "DOMKA"}, "geometry": {"type": "MultiLineString", "coordinates": [[[98.43385556, 19.23871667], [98.1293, 19.50131111], [98.02345556, 19.49978333]]]}}, {"type": "Feature", "properties": {"fid": 7315, "area_code": "PAC", "airport_identifier": "VTCH", "procedure_identifier": "R11-A", "transition_identifier": null}, "geometry": {"type": "MultiLineString", "coordinates": [[[98.02345556, 19.49978333], [97.98838056, 19.45797778], [97.93561389, 19.39504167], [97.92309444, 19.35493889]]]}}, {"type": "Feature", "properties": {"fid": 7322, "area_code": "PAC", "airport_identifier": "VTCH", "procedure_identifier": "R11-A", "transition_identifier": null}, "geometry": {"type": "MultiLineString", "coordinates": [[[97.91208333, 19.31964722], [97.92221944, 18.96837778], [97.99368056, 19.10243889], [98.1343, 19.19637778], [98.1293, 19.50131111], [98.1293, 19.50131111]]]}}, {"type": "Feature", "properties": {"fid": 7408, "area_code": "PAC", "airport_identifier": "VTUV", "procedure_identifier": "R18", "transition_identifier": "ANKID"}, "geometry": {"type": "MultiLineString", "coordinates": [[[103.51594444, 15.68018611], [103.55943611, 15.78950833], [103.64788333, 16.01193611], [103.65303333, 16.12898333], [103.66081944, 16.30566389], [103.78201389, 16.30066111]]]}}, {"type": "Feature", "properties": {"fid": 7415, "area_code": "PAC", "airport_identifier": "VTUV", "procedure_identifier": "R18", "transition_identifier": "BODUR"}, "geometry": {"type": "MultiLineString", "coordinates": [[[103.35755833, 15.81469444], [103.45666944, 15.88193056], [103.64788333, 16.01193611], [103.65303333, 16.12898333], [103.66081944, 16.30566389], [103.78201389, 16.30066111]]]}}, {"type": "Feature", "properties": {"fid": 7420, "area_code": "PAC", "airport_identifier": "VTUV", "procedure_identifier": "R18", "transition_identifier": "DOTUS"}, "geometry": {"type": "MultiLineString", "coordinates": [[[103.45876667, 16.51750278], [103.54343611, 16.42881111], [103.66081944, 16.30566389], [103.78201389, 16.30066111]]]}}, {"type": "Feature", "properties": {"fid": 7427, "area_code": "PAC", "airport_identifier": "VTUV", "procedure_identifier": "R18", "transition_identifier": "ENTEK"}, "geometry": {"type": "MultiLineString", "coordinates": [[[104.17341944, 15.79851944], [104.07624444, 15.86834722], [103.88990833, 16.00187222], [103.8952, 16.11891389], [103.9032, 16.29559167], [103.78201389, 16.30066111]]]}}, {"type": "Feature", "properties": {"fid": 7432, "area_code": "PAC", "airport_identifier": "VTUV", "procedure_identifier": "R18", "transition_identifier": "RURAR"}, "geometry": {"type": "MultiLineString", "coordinates": [[[104.24323611, 16.32862222], [104.07079167, 16.31194167], [103.9032, 16.29559167], [103.78201389, 16.30066111]]]}}, {"type": "Feature", "properties": {"fid": 7438, "area_code": "PAC", "airport_identifier": "VTUV", "procedure_identifier": "R18", "transition_identifier": "SEDNO"}, "geometry": {"type": "MultiLineString", "coordinates": [[[103.28532778, 16.29258611], [103.45300278, 16.29850833], [103.55690833, 16.30211111], [103.66081944, 16.30566389], [103.78201389, 16.30066111]]]}}, {"type": "Feature", "properties": {"fid": 7442, "area_code": "PAC", "airport_identifier": "VTUV", "procedure_identifier": "R18", "transition_identifier": null}, "geometry": {"type": "MultiLineString", "coordinates": [[[103.78201389, 16.30066111], [103.77773056, 16.20484722], [103.77422222, 16.12625833]]]}}, {"type": "Feature", "properties": {"fid": 7446, "area_code": "PAC", "airport_identifier": "VTUV", "procedure_identifier": "R18", "transition_identifier": null}, "geometry": {"type": "MultiLineString", "coordinates": [[[103.78201389, 16.30066111], [103.78201389, 16.30066111]]]}}, {"type": "Feature", "properties": {"fid": 7494, "area_code": "PAC", "airport_identifier": "VTBS", "procedure_identifier": "R19", "transition_identifier": "LETMA"}, "geometry": {"type": "MultiLineString", "coordinates": [[[100.846425, 14.01610833], [100.82506389, 13.93505278]]]}}, {"type": "Feature", "properties": {"fid": 7499, "area_code": "PAC", "airport_identifier": "VTBS", "procedure_identifier": "R19", "transition_identifier": null}, "geometry": {"type": "MultiLineString", "coordinates": [[[100.82506389, 13.93505278], [100.80371667, 13.85399722], [100.78179167, 13.77066944], [100.76103333, 13.69171389]]]}}, {"type": "Feature", "properties": {"fid": 7505, "area_code": "PAC", "airport_identifier": "VTBS", "procedure_identifier": "R19", "transition_identifier": null}, "geometry": {"type": "MultiLineString", "coordinates": [[[100.75183056, 13.65669722], [100.78207222, 13.60665556], [100.98096667, 13.72095833], [101.02458889, 13.88437222], [101.02458889, 13.88437222]]]}}, {"type": "Feature", "properties": {"fid": 7529, "area_code": "PAC", "airport_identifier": "VTCL", "procedure_identifier": "R36", "transition_identifier": "BOVBA"}, "geometry": {"type": "MultiLineString", "coordinates": [[[99.45238056, 18.02659444], [99.48393611, 18.06697778], [99.51752778, 18.10993889]]]}}, {"type": "Feature", "properties": {"fid": 7533, "area_code": "PAC", "airport_identifier": "VTCL", "procedure_identifier": "R36", "transition_identifier": "IGNUM"}, "geometry": {"type": "MultiLineString", "coordinates": [[[99.64553611, 18.00539444], [99.57903333, 18.05972778], [99.51752778, 18.10993889]]]}}, {"type": "Feature", "properties": {"fid": 7538, "area_code": "PAC", "airport_identifier": "VTCL", "procedure_identifier": "R36", "transition_identifier": null}, "geometry": {"type": "MultiLineString", "coordinates": [[[99.51752778, 18.10993889], [99.51019722, 18.19831111], [99.50770556, 18.22858889], [99.50481944, 18.26323611]]]}}, {"type": "Feature", "properties": {"fid": 7544, "area_code": "PAC", "airport_identifier": "VTCL", "procedure_identifier": "R36", "transition_identifier": null}, "geometry": {"type": "MultiLineString", "coordinates": [[[99.49713056, 18.35495278], [99.67181389, 18.36820833], [99.68255556, 18.23818889], [99.64553611, 18.00539444], [99.64553611, 18.00539444]]]}}, {"type": "Feature", "properties": {"fid": 7638, "area_code": "PAC", "airport_identifier": "VTSM", "procedure_identifier": "R17", "transition_identifier": "DORNA"}, "geometry": {"type": "MultiLineString", "coordinates": [[[99.77058333, 9.41630556], [99.87801389, 9.69188333], [100.00605833, 9.69185833], [100.035475, 9.65097778], [100.05508056, 9.62372222]]]}}, {"type": "Feature", "properties": {"fid": 7643, "area_code": "PAC", "airport_identifier": "VTSM", "procedure_identifier": "R17", "transition_identifier": "ENRAG"}, "geometry": {"type": "MultiLineString", "coordinates": [[[100.15863056, 10.03980833], [100.10613056, 9.73496389], [100.07395833, 9.66486667], [100.05508056, 9.62372222]]]}}, {"type": "Feature", "properties": {"fid": 7651, "area_code": "PAC", "airport_identifier": "VTSM", "procedure_identifier": "R17", "transition_identifier": "MESEM"}, "geometry": {"type": "MultiLineString", "coordinates": [[[99.80440278, 9.12195833], [99.83189722, 9.33503889], [99.85335, 9.50112222], [99.87801389, 9.69188333], [100.00605833, 9.69185833], [100.035475, 9.65097778], [100.05508056, 9.62372222]]]}}, {"type": "Feature", "properties": {"fid": 7655, "area_code": "PAC", "airport_identifier": "VTSM", "procedure_identifier": "R17", "transition_identifier": "PUKOM"}, "geometry": {"type": "MultiLineString", "coordinates": [[[100.10613056, 9.73496389], [100.07395833, 9.66486667], [100.05508056, 9.62372222]]]}}, {"type": "Feature", "properties": {"fid": 7662, "area_code": "PAC", "airport_identifier": "VTSM", "procedure_identifier": "R17", "transition_identifier": "RUMVA"}, "geometry": {"type": "MultiLineString", "coordinates": [[[100.26658889, 9.28803611], [100.29921389, 9.56752778], [100.29926667, 9.73496944], [100.10613056, 9.73496389], [100.07395833, 9.66486667], [100.05508056, 9.62372222]]]}}, {"type": "Feature", "properties": {"fid": 7669, "area_code": "PAC", "airport_identifier": "VTSM", "procedure_identifier": "R17", "transition_identifier": "UPNEP"}, "geometry": {"type": "MultiLineString", "coordinates": [[[100.49344444, 9.70363889], [100.36590556, 9.72423056], [100.29926667, 9.73496944], [100.10613056, 9.73496389], [100.07395833, 9.66486667], [100.05508056, 9.62372222]]]}}, {"type": "Feature", "properties": {"fid": 7672, "area_code": "PAC", "airport_identifier": "VTSM", "procedure_identifier": "R17", "transition_identifier": null}, "geometry": {"type": "MultiLineString", "coordinates": [[[100.05508056, 9.62372222], [100.06173889, 9.55538889]]]}}, {"type": "Feature", "properties": {"fid": 7676, "area_code": "PAC", "airport_identifier": "VTSM", "procedure_identifier": "R17", "transition_identifier": null}, "geometry": {"type": "MultiLineString", "coordinates": [[[100.09807222, 9.47983611], [100.10613056, 9.73496389], [100.10613056, 9.73496389]]]}}, {"type": "Feature", "properties": {"fid": 7679, "area_code": "PAC", "airport_identifier": "VTPI", "procedure_identifier": "R18", "transition_identifier": "MUDOR"}, "geometry": {"type": "MultiLineString", "coordinates": [[[100.17991944, 15.49106667], [100.30070833, 15.48848889]]]}}, {"type": "Feature", "properties": {"fid": 7682, "area_code": "PAC", "airport_identifier": "VTPI", "procedure_identifier": "R18", "transition_identifier": "OMBIN"}, "geometry": {"type": "MultiLineString", "coordinates": [[[100.29613056, 15.60556111], [100.30070833, 15.48848889]]]}}, {"type": "Feature", "properties": {"fid": 7685, "area_code": "PAC", "airport_identifier": "VTPI", "procedure_identifier": "R18", "transition_identifier": "VAPNO"}, "geometry": {"type": "MultiLineString", "coordinates": [[[100.42149444, 15.48584167], [100.30070833, 15.48848889]]]}}, {"type": "Feature", "properties": {"fid": 7689, "area_code": "PAC", "airport_identifier": "VTPI", "procedure_identifier": "R18", "transition_identifier": null}, "geometry": {"type": "MultiLineString", "coordinates": [[[100.30070833, 15.48848889], [100.29840278, 15.38808611], [100.29617222, 15.29083333]]]}}, {"type": "Feature", "properties": {"fid": 7693, "area_code": "PAC", "airport_identifier": "VTPI", "procedure_identifier": "R18", "transition_identifier": null}, "geometry": {"type": "MultiLineString", "coordinates": [[[100.30070833, 15.48848889], [100.30070833, 15.48848889]]]}}, {"type": "Feature", "properties": {"fid": 7804, "area_code": "PAC", "airport_identifier": "VTSY", "procedure_identifier": "R07-A", "transition_identifier": "ERVES"}, "geometry": {"type": "MultiLineString", "coordinates": [[[101.48144444, 6.20218889], [101.36493889, 6.05837778], [101.28255833, 6.01996111], [101.21844167, 5.99005]]]}}, {"type": "Feature", "properties": {"fid": 7808, "area_code": "PAC", "airport_identifier": "VTSY", "procedure_identifier": "R07-A", "transition_identifier": "PETAC"}, "geometry": {"type": "MultiLineString", "coordinates": [[[101.32918889, 6.29439444], [101.26996111, 6.131675], [101.21844167, 5.99005]]]}}, {"type": "Feature", "properties": {"fid": 7813, "area_code": "PAC", "airport_identifier": "VTSY", "procedure_identifier": "R07-A", "transition_identifier": null}, "geometry": {"type": "MultiLineString", "coordinates": [[[101.21844167, 5.99005], [101.20127222, 5.94283889], [101.185825, 5.90035], [101.17895833, 5.88146389]]]}}, {"type": "Feature", "properties": {"fid": 7820, "area_code": "PAC", "airport_identifier": "VTSY", "procedure_identifier": "R07-A", "transition_identifier": null}, "geometry": {"type": "MultiLineString", "coordinates": [[[101.15265, 5.809075], [101.13549167, 5.76186111], [101.08835, 5.77904167], [101.10550278, 5.82625556], [101.26996111, 6.131675], [101.26996111, 6.131675]]]}}, {"type": "Feature", "properties": {"fid": 7894, "area_code": "PAC", "airport_identifier": "VTUK", "procedure_identifier": "R03", "transition_identifier": "AKRET"}, "geometry": {"type": "MultiLineString", "coordinates": [[[103.14875278, 16.67111111], [103.02369722, 16.52543889], [102.91667222, 16.40052778], [102.76658333, 16.22502778], [102.66468889, 16.288525]]]}}, {"type": "Feature", "properties": {"fid": 7900, "area_code": "PAC", "airport_identifier": "VTUK", "procedure_identifier": "R03", "transition_identifier": "ALGIT"}, "geometry": {"type": "MultiLineString", "coordinates": [[[102.78189722, 16.88331667], [102.71569722, 16.723175], [102.63954722, 16.53860833], [102.56270833, 16.351975], [102.66468889, 16.288525]]]}}, {"type": "Feature", "properties": {"fid": 7903, "area_code": "PAC", "airport_identifier": "VTUK", "procedure_identifier": "R03", "transition_identifier": "EMRUT"}, "geometry": {"type": "MultiLineString", "coordinates": [[[102.59257222, 16.00545556], [102.66468889, 16.288525]]]}}, {"type": "Feature", "properties": {"fid": 7908, "area_code": "PAC", "airport_identifier": "VTUK", "procedure_identifier": "R03", "transition_identifier": "ONUVI"}, "geometry": {"type": "MultiLineString", "coordinates": [[[102.44861667, 16.54116944], [102.49225556, 16.46885556], [102.56270833, 16.351975], [102.66468889, 16.288525]]]}}, {"type": "Feature", "properties": {"fid": 7913, "area_code": "PAC", "airport_identifier": "VTUK", "procedure_identifier": "R03", "transition_identifier": "SEDNO"}, "geometry": {"type": "MultiLineString", "coordinates": [[[103.28532778, 16.29258611], [103.02410833, 16.25872778], [102.76658333, 16.22502778], [102.66468889, 16.288525]]]}}, {"type": "Feature", "properties": {"fid": 7917, "area_code": "PAC", "airport_identifier": "VTUK", "procedure_identifier": "R03", "transition_identifier": null}, "geometry": {"type": "MultiLineString", "coordinates": [[[102.66468889, 16.288525], [102.73061944, 16.38727222], [102.77667778, 16.45618333]]]}}, {"type": "Feature", "properties": {"fid": 7921, "area_code": "PAC", "airport_identifier": "VTUK", "procedure_identifier": "R03", "transition_identifier": null}, "geometry": {"type": "MultiLineString", "coordinates": [[[102.66468889, 16.288525], [102.66468889, 16.288525]]]}}, {"type": "Feature", "properties": {"fid": 7973, "area_code": "PAC", "airport_identifier": "VTUW", "procedure_identifier": "R15", "transition_identifier": "OPAAR"}, "geometry": {"type": "MultiLineString", "coordinates": [[[104.44163056, 17.32018611], [104.43904167, 17.45811944], [104.53875278, 17.52568333]]]}}, {"type": "Feature", "properties": {"fid": 7977, "area_code": "PAC", "airport_identifier": "VTUW", "procedure_identifier": "R15", "transition_identifier": null}, "geometry": {"type": "MultiLineString", "coordinates": [[[104.53875278, 17.52568333], [104.59304167, 17.45185], [104.63623333, 17.39304167]]]}}, {"type": "Feature", "properties": {"fid": 7981, "area_code": "PAC", "airport_identifier": "VTUW", "procedure_identifier": "R15", "transition_identifier": null}, "geometry": {"type": "MultiLineString", "coordinates": [[[104.44163056, 17.32018611], [104.44163056, 17.32018611]]]}}, {"type": "Feature", "properties": {"fid": 8071, "area_code": "PAC", "airport_identifier": "VTSP", "procedure_identifier": "R09-Y", "transition_identifier": "KALIM"}, "geometry": {"type": "MultiLineString", "coordinates": [[[98.01889444, 8.08507222], [98.08204167, 8.09106944], [98.25089722, 8.10702222]]]}}, {"type": "Feature", "properties": {"fid": 8076, "area_code": "PAC", "airport_identifier": "VTSP", "procedure_identifier": "R09-Y", "transition_identifier": "MODON"}, "geometry": {"type": "MultiLineString", "coordinates": [[[98.62459167, 8.50444444], [98.26550278, 8.22155], [98.21938611, 8.18516667], [98.25089722, 8.10702222]]]}}, {"type": "Feature", "properties": {"fid": 8081, "area_code": "PAC", "airport_identifier": "VTSP", "procedure_identifier": "R09-Y", "transition_identifier": "SP801"}, "geometry": {"type": "MultiLineString", "coordinates": [[[98.47637222, 7.80369722], [98.2681, 7.98402222], [98.22369167, 8.02243611], [98.25089722, 8.10702222]]]}}, {"type": "Feature", "properties": {"fid": 8084, "area_code": "PAC", "airport_identifier": "VTSP", "procedure_identifier": "R09-Y", "transition_identifier": null}, "geometry": {"type": "MultiLineString", "coordinates": [[[98.25089722, 8.10702222], [98.30330556, 8.11195833]]]}}, {"type": "Feature", "properties": {"fid": 8090, "area_code": "PAC", "airport_identifier": "VTSP", "procedure_identifier": "R09-Y", "transition_identifier": null}, "geometry": {"type": "MultiLineString", "coordinates": [[[98.34253611, 8.11565], [98.39096667, 8.1202], [98.45926389, 8.07938611], [98.54300833, 7.87993611], [98.54300833, 7.87993611]]]}}, {"type": "Feature", "properties": {"fid": 8143, "area_code": "PAC", "airport_identifier": "VTBS", "procedure_identifier": "R02R", "transition_identifier": "LASAM"}, "geometry": {"type": "MultiLineString", "coordinates": [[[100.66614167, 13.41024167], [100.68740556, 13.49131111]]]}}, {"type": "Feature", "properties": {"fid": 8147, "area_code": "PAC", "airport_identifier": "VTBS", "procedure_identifier": "R02R", "transition_identifier": null}, "geometry": {"type": "MultiLineString", "coordinates": [[[100.68740556, 13.49131111], [100.71383889, 13.59190278], [100.73466389, 13.67127778]]]}}, {"type": "Feature", "properties": {"fid": 8156, "area_code": "PAC", "airport_identifier": "VTBS", "procedure_identifier": "R02R", "transition_identifier": null}, "geometry": {"type": "MultiLineString", "coordinates": [[[100.74317778, 13.70366944], [100.73359722, 13.86898333], [100.75734167, 13.95919444], [100.951625, 13.95771389], [101.01552222, 13.85126667], [100.976825, 13.70588056], [100.90537222, 13.43694444], [100.90537222, 13.43694444]]]}}, {"type": "Feature", "properties": {"fid": 8217, "area_code": "PAC", "airport_identifier": "VTBS", "procedure_identifier": "R01", "transition_identifier": "REPEN"}, "geometry": {"type": "MultiLineString", "coordinates": [[[100.68586667, 13.40538611], [100.70713056, 13.48645833]]]}}, {"type": "Feature", "properties": {"fid": 8222, "area_code": "PAC", "airport_identifier": "VTBS", "procedure_identifier": "R01", "transition_identifier": null}, "geometry": {"type": "MultiLineString", "coordinates": [[[100.70713056, 13.48645833], [100.73110833, 13.57773611], [100.73913611, 13.60839167], [100.75183056, 13.65669722]]]}}, {"type": "Feature", "properties": {"fid": 8228, "area_code": "PAC", "airport_identifier": "VTBS", "procedure_identifier": "R01", "transition_identifier": null}, "geometry": {"type": "MultiLineString", "coordinates": [[[100.76103333, 13.69171389], [100.83073889, 13.74307222], [100.976825, 13.70588056], [100.90537222, 13.43694444], [100.90537222, 13.43694444]]]}}, {"type": "Feature", "properties": {"fid": 8231, "area_code": "PAC", "airport_identifier": "VTBS", "procedure_identifier": "R20L", "transition_identifier": "REGIR"}, "geometry": {"type": "MultiLineString", "coordinates": [[[100.82686667, 14.021575], [100.80550278, 13.94051944]]]}}, {"type": "Feature", "properties": {"fid": 8236, "area_code": "PAC", "airport_identifier": "VTBS", "procedure_identifier": "R20L", "transition_identifier": null}, "geometry": {"type": "MultiLineString", "coordinates": [[[100.80550278, 13.94051944], [100.78962222, 13.88021389], [100.76407222, 13.78308889], [100.74317778, 13.70366944]]]}}, {"type": "Feature", "properties": {"fid": 8244, "area_code": "PAC", "airport_identifier": "VTBS", "procedure_identifier": "R20L", "transition_identifier": null}, "geometry": {"type": "MultiLineString", "coordinates": [[[100.73466389, 13.67127778], [100.61577778, 13.55199167], [100.61543889, 13.501775], [100.90337222, 13.42969444], [100.98096667, 13.72095833], [101.02458889, 13.88437222], [101.02458889, 13.88437222]]]}}, {"type": "Feature", "properties": {"fid": 8249, "area_code": "PAC", "airport_identifier": "VTSF", "procedure_identifier": "R19", "transition_identifier": "GIFBY"}, "geometry": {"type": "MultiLineString", "coordinates": [[[100.45398889, 8.540075], [100.22086111, 8.54088056], [100.08377778, 8.73419722], [99.96658333, 8.74648056]]]}}, {"type": "Feature", "properties": {"fid": 8254, "area_code": "PAC", "airport_identifier": "VTSF", "procedure_identifier": "R19", "transition_identifier": "PEDOR"}, "geometry": {"type": "MultiLineString", "coordinates": [[[99.79748889, 8.06166944], [99.83504444, 8.62278611], [99.84937222, 8.758725], [99.96658333, 8.74648056]]]}}, {"type": "Feature", "properties": {"fid": 8258, "area_code": "PAC", "airport_identifier": "VTSF", "procedure_identifier": "R19", "transition_identifier": "PUYOL"}, "geometry": {"type": "MultiLineString", "coordinates": [[[99.65731944, 8.75163333], [99.84937222, 8.758725], [99.96658333, 8.74648056]]]}}, {"type": "Feature", "properties": {"fid": 8261, "area_code": "PAC", "airport_identifier": "VTSF", "procedure_identifier": "R19", "transition_identifier": "TAWIT"}, "geometry": {"type": "MultiLineString", "coordinates": [[[100.08920833, 8.84520833], [99.96658333, 8.74648056]]]}}, {"type": "Feature", "properties": {"fid": 8266, "area_code": "PAC", "airport_identifier": "VTSF", "procedure_identifier": "R19", "transition_identifier": "WADEZ"}, "geometry": {"type": "MultiLineString", "coordinates": [[[100.08009167, 8.05700556], [100.08165556, 8.347825], [100.08377778, 8.73419722], [99.96658333, 8.74648056]]]}}, {"type": "Feature", "properties": {"fid": 8270, "area_code": "PAC", "airport_identifier": "VTSF", "procedure_identifier": "R19", "transition_identifier": null}, "geometry": {"type": "MultiLineString", "coordinates": [[[99.96658333, 8.74648056], [99.95435, 8.63070556], [99.94784167, 8.56907222]]]}}, {"type": "Feature", "properties": {"fid": 8274, "area_code": "PAC", "airport_identifier": "VTSF", "procedure_identifier": "R19", "transition_identifier": null}, "geometry": {"type": "MultiLineString", "coordinates": [[[100.22086111, 8.54088056], [100.22086111, 8.54088056]]]}}, {"type": "Feature", "properties": {"fid": 8357, "area_code": "PAC", "airport_identifier": "VTBD", "procedure_identifier": "R21R", "transition_identifier": "AROKA"}, "geometry": {"type": "MultiLineString", "coordinates": [[[100.66441389, 14.18948889], [100.69658889, 14.07649444]]]}}, {"type": "Feature", "properties": {"fid": 8360, "area_code": "PAC", "airport_identifier": "VTBD", "procedure_identifier": "R21R", "transition_identifier": "TAWAN"}, "geometry": {"type": "MultiLineString", "coordinates": [[[100.73461667, 14.14398611], [100.69658889, 14.07649444]]]}}, {"type": "Feature", "properties": {"fid": 8364, "area_code": "PAC", "airport_identifier": "VTBD", "procedure_identifier": "R21R", "transition_identifier": null}, "geometry": {"type": "MultiLineString", "coordinates": [[[100.69658889, 14.07649444], [100.65275833, 13.99828889], [100.61239444, 13.92635278]]]}}, {"type": "Feature", "properties": {"fid": 8369, "area_code": "PAC", "airport_identifier": "VTBD", "procedure_identifier": "R21R", "transition_identifier": null}, "geometry": {"type": "MultiLineString", "coordinates": [[[100.57642222, 13.86220278], [100.48401389, 13.85211111], [100.35585556, 13.80468333], [100.35585556, 13.80468333]]]}}, {"type": "Feature", "properties": {"fid": 8373, "area_code": "PAC", "airport_identifier": "VTBO", "procedure_identifier": "R23", "transition_identifier": "HUNSA"}, "geometry": {"type": "MultiLineString", "coordinates": [[[101.98345, 12.53770278], [102.43247222, 12.47106111], [102.48563333, 12.40580833]]]}}, {"type": "Feature", "properties": {"fid": 8378, "area_code": "PAC", "airport_identifier": "VTBO", "procedure_identifier": "R23", "transition_identifier": "SUNDA"}, "geometry": {"type": "MultiLineString", "coordinates": [[[102.13724444, 11.80389167], [102.43786667, 12.20600278], [102.53876944, 12.34055], [102.48563333, 12.40580833]]]}}, {"type": "Feature", "properties": {"fid": 8382, "area_code": "PAC", "airport_identifier": "VTBO", "procedure_identifier": "R23", "transition_identifier": null}, "geometry": {"type": "MultiLineString", "coordinates": [[[102.48563333, 12.40580833], [102.40598611, 12.3431], [102.32637778, 12.28035833]]]}}, {"type": "Feature", "properties": {"fid": 8386, "area_code": "PAC", "airport_identifier": "VTBO", "procedure_identifier": "R23", "transition_identifier": null}, "geometry": {"type": "MultiLineString", "coordinates": [[[102.40598611, 12.3431], [102.40598611, 12.3431]]]}}, {"type": "Feature", "properties": {"fid": 8443, "area_code": "PAC", "airport_identifier": "VTSS", "procedure_identifier": "R26", "transition_identifier": "KASLA"}, "geometry": {"type": "MultiLineString", "coordinates": [[[100.57760833, 7.07377222], [100.58771111, 6.95696389]]]}}, {"type": "Feature", "properties": {"fid": 8446, "area_code": "PAC", "airport_identifier": "VTSS", "procedure_identifier": "R26", "transition_identifier": "PIMUV"}, "geometry": {"type": "MultiLineString", "coordinates": [[[100.69195833, 6.87598889], [100.58771111, 6.95696389]]]}}, {"type": "Feature", "properties": {"fid": 8451, "area_code": "PAC", "airport_identifier": "VTSS", "procedure_identifier": "R26", "transition_identifier": null}, "geometry": {"type": "MultiLineString", "coordinates": [[[100.58771111, 6.95696389], [100.53449722, 6.95029722], [100.48108611, 6.9436], [100.40792222, 6.93441389]]]}}, {"type": "Feature", "properties": {"fid": 8457, "area_code": "PAC", "airport_identifier": "VTSS", "procedure_identifier": "R26", "transition_identifier": null}, "geometry": {"type": "MultiLineString", "coordinates": [[[100.35576667, 6.80970833], [100.60229167, 6.84063889], [100.58771111, 6.95696389], [100.58771111, 6.95696389]]]}}, {"type": "Feature", "properties": {"fid": 8534, "area_code": "PAC", "airport_identifier": "VTUU", "procedure_identifier": "R05", "transition_identifier": "AREVU"}, "geometry": {"type": "MultiLineString", "coordinates": [[[104.65015556, 15.23082778], [104.72536111, 15.13923333]]]}}, {"type": "Feature", "properties": {"fid": 8537, "area_code": "PAC", "airport_identifier": "VTUU", "procedure_identifier": "R05", "transition_identifier": "GOPVI"}, "geometry": {"type": "MultiLineString", "coordinates": [[[104.53539722, 15.12643056], [104.72536111, 15.13923333]]]}}, {"type": "Feature", "properties": {"fid": 8540, "area_code": "PAC", "airport_identifier": "VTUU", "procedure_identifier": "R05", "transition_identifier": "SADUP"}, "geometry": {"type": "MultiLineString", "coordinates": [[[104.81125, 15.0345], [104.72536111, 15.13923333]]]}}, {"type": "Feature", "properties": {"fid": 8543, "area_code": "PAC", "airport_identifier": "VTUU", "procedure_identifier": "R05", "transition_identifier": "TOGOK"}, "geometry": {"type": "MultiLineString", "coordinates": [[[104.52195556, 15.17544444], [104.72536111, 15.13923333]]]}}, {"type": "Feature", "properties": {"fid": 8547, "area_code": "PAC", "airport_identifier": "VTUU", "procedure_identifier": "R05", "transition_identifier": null}, "geometry": {"type": "MultiLineString", "coordinates": [[[104.72536111, 15.13923333], [104.79322222, 15.19173611], [104.85931389, 15.242825]]]}}, {"type": "Feature", "properties": {"fid": 8551, "area_code": "PAC", "airport_identifier": "VTUU", "procedure_identifier": "R05", "transition_identifier": null}, "geometry": {"type": "MultiLineString", "coordinates": [[[104.72536111, 15.13923333], [104.72536111, 15.13923333]]]}}, {"type": "Feature", "properties": {"fid": 8556, "area_code": "PAC", "airport_identifier": "VTST", "procedure_identifier": "R08", "transition_identifier": "HUNNY"}, "geometry": {"type": "MultiLineString", "coordinates": [[[99.88069444, 7.31760278], [99.62605556, 7.30546944], [99.39290278, 7.29416389], [99.37687222, 7.47045556]]]}}, {"type": "Feature", "properties": {"fid": 8560, "area_code": "PAC", "airport_identifier": "VTST", "procedure_identifier": "R08", "transition_identifier": "NAKAR"}, "geometry": {"type": "MultiLineString", "coordinates": [[[99.71983056, 7.81303333], [99.33598333, 7.64235], [99.37687222, 7.47045556]]]}}, {"type": "Feature", "properties": {"fid": 8564, "area_code": "PAC", "airport_identifier": "VTST", "procedure_identifier": "R08", "transition_identifier": "NECON"}, "geometry": {"type": "MultiLineString", "coordinates": [[[99.244875, 7.683975], [99.33598333, 7.64235], [99.37687222, 7.47045556]]]}}, {"type": "Feature", "properties": {"fid": 8568, "area_code": "PAC", "airport_identifier": "VTST", "procedure_identifier": "R08", "transition_identifier": "RICOH"}, "geometry": {"type": "MultiLineString", "coordinates": [[[99.31768056, 7.79363889], [99.33598333, 7.64235], [99.37687222, 7.47045556]]]}}, {"type": "Feature", "properties": {"fid": 8572, "area_code": "PAC", "airport_identifier": "VTST", "procedure_identifier": "R08", "transition_identifier": "SULEZ"}, "geometry": {"type": "MultiLineString", "coordinates": [[[99.53354167, 7.81343889], [99.33598333, 7.64235], [99.37687222, 7.47045556]]]}}, {"type": "Feature", "properties": {"fid": 8577, "area_code": "PAC", "airport_identifier": "VTST", "procedure_identifier": "R08", "transition_identifier": null}, "geometry": {"type": "MultiLineString", "coordinates": [[[99.37687222, 7.47045556], [99.46468056, 7.48448333], [99.52763889, 7.49453889], [99.60716667, 7.50724167]]]}}, {"type": "Feature", "properties": {"fid": 8581, "area_code": "PAC", "airport_identifier": "VTST", "procedure_identifier": "R08", "transition_identifier": null}, "geometry": {"type": "MultiLineString", "coordinates": [[[99.626075, 7.19075833], [99.626075, 7.19075833]]]}}, {"type": "Feature", "properties": {"fid": 8584, "area_code": "PAC", "airport_identifier": "VTCC", "procedure_identifier": "R36", "transition_identifier": "ENRIS"}, "geometry": {"type": "MultiLineString", "coordinates": [[[98.83930833, 18.43006667], [98.96201944, 18.42981944]]]}}, {"type": "Feature", "properties": {"fid": 8587, "area_code": "PAC", "airport_identifier": "VTCC", "procedure_identifier": "R36", "transition_identifier": "PUKAT"}, "geometry": {"type": "MultiLineString", "coordinates": [[[99.08473056, 18.42949167], [98.96201944, 18.42981944]]]}}, {"type": "Feature", "properties": {"fid": 8592, "area_code": "PAC", "airport_identifier": "VTCC", "procedure_identifier": "R36", "transition_identifier": null}, "geometry": {"type": "MultiLineString", "coordinates": [[[98.96201944, 18.42981944], [98.96241667, 18.58499167], [98.96254444, 18.63424722], [98.96277222, 18.722925]]]}}, {"type": "Feature", "properties": {"fid": 8598, "area_code": "PAC", "airport_identifier": "VTCC", "procedure_identifier": "R36", "transition_identifier": null}, "geometry": {"type": "MultiLineString", "coordinates": [[[98.998275, 18.86436944], [99.08615, 18.86439722], [99.08473056, 18.42949167], [98.96201944, 18.42981944], [98.96201944, 18.42981944]]]}}, {"type": "Feature", "properties": {"fid": 8601, "area_code": "PAC", "airport_identifier": "VTCC", "procedure_identifier": "R18", "transition_identifier": "MESUX"}, "geometry": {"type": "MultiLineString", "coordinates": [[[99.11962222, 19.05013333], [98.96358889, 19.05055]]]}}, {"type": "Feature", "properties": {"fid": 8604, "area_code": "PAC", "airport_identifier": "VTCC", "procedure_identifier": "R18", "transition_identifier": "SANRA"}, "geometry": {"type": "MultiLineString", "coordinates": [[[98.80755278, 19.05083611], [98.96358889, 19.05055]]]}}, {"type": "Feature", "properties": {"fid": 8608, "area_code": "PAC", "airport_identifier": "VTCC", "procedure_identifier": "R18", "transition_identifier": null}, "geometry": {"type": "MultiLineString", "coordinates": [[[98.96358889, 19.05055], [98.96322222, 18.90319722], [98.96291944, 18.78105833]]]}}, {"type": "Feature", "properties": {"fid": 8612, "area_code": "PAC", "airport_identifier": "VTCC", "procedure_identifier": "R18", "transition_identifier": null}, "geometry": {"type": "MultiLineString", "coordinates": [[[99.20811667, 18.59416667], [99.20811667, 18.59416667]]]}}, {"type": "Feature", "properties": {"fid": 8652, "area_code": "PAC", "airport_identifier": "VTSK", "procedure_identifier": "R26", "transition_identifier": "BOODU"}, "geometry": {"type": "MultiLineString", "coordinates": [[[100.80208056, 6.85489167], [101.15168611, 6.91580556], [101.31925556, 6.91401111], [101.32705833, 6.79704444]]]}}, {"type": "Feature", "properties": {"fid": 8655, "area_code": "PAC", "airport_identifier": "VTSK", "procedure_identifier": "R26", "transition_identifier": "ZIMMY"}, "geometry": {"type": "MultiLineString", "coordinates": [[[101.36156944, 6.69514167], [101.32705833, 6.79704444]]]}}, {"type": "Feature", "properties": {"fid": 8659, "area_code": "PAC", "airport_identifier": "VTSK", "procedure_identifier": "R26", "transition_identifier": null}, "geometry": {"type": "MultiLineString", "coordinates": [[[101.32705833, 6.79704444], [101.22508611, 6.79024167], [101.15989444, 6.78588056]]]}}, {"type": "Feature", "properties": {"fid": 8663, "area_code": "PAC", "airport_identifier": "VTSK", "procedure_identifier": "R26", "transition_identifier": null}, "geometry": {"type": "MultiLineString", "coordinates": [[[101.31925556, 6.91401111], [101.31925556, 6.91401111]]]}}, {"type": "Feature", "properties": {"fid": 8666, "area_code": "PAC", "airport_identifier": "VTBU", "procedure_identifier": "R18", "transition_identifier": "PIWAT"}, "geometry": {"type": "MultiLineString", "coordinates": [[[100.91569444, 12.92127222], [101.02035, 12.86661111]]]}}, {"type": "Feature", "properties": {"fid": 8669, "area_code": "PAC", "airport_identifier": "VTBU", "procedure_identifier": "R18", "transition_identifier": "RUNOS"}, "geometry": {"type": "MultiLineString", "coordinates": [[[101.0299, 12.98254722], [101.02035, 12.86661111]]]}}, {"type": "Feature", "properties": {"fid": 8672, "area_code": "PAC", "airport_identifier": "VTBU", "procedure_identifier": "R18", "transition_identifier": "UKEPA"}, "geometry": {"type": "MultiLineString", "coordinates": [[[101.13285833, 12.90329722], [101.02035, 12.86661111]]]}}, {"type": "Feature", "properties": {"fid": 8676, "area_code": "PAC", "airport_identifier": "VTBU", "procedure_identifier": "R18", "transition_identifier": "VEPDA"}, "geometry": {"type": "MultiLineString", "coordinates": [[[100.72770278, 12.66410556], [100.91569444, 12.92127222], [101.02035, 12.86661111]]]}}, {"type": "Feature", "properties": {"fid": 8680, "area_code": "PAC", "airport_identifier": "VTBU", "procedure_identifier": "R18", "transition_identifier": null}, "geometry": {"type": "MultiLineString", "coordinates": [[[101.02035, 12.86661111], [101.013125, 12.77882222], [101.00626111, 12.69538889]]]}}, {"type": "Feature", "properties": {"fid": 8684, "area_code": "PAC", "airport_identifier": "VTBU", "procedure_identifier": "R18", "transition_identifier": null}, "geometry": {"type": "MultiLineString", "coordinates": [[[100.9959, 12.56967778], [101.28800556, 12.77213889], [101.28800556, 12.77213889]]]}}, {"type": "Feature", "properties": {"fid": 8791, "area_code": "PAC", "airport_identifier": "VTUQ", "procedure_identifier": "R06", "transition_identifier": "SAIGA"}, "geometry": {"type": "MultiLineString", "coordinates": [[[102.56070278, 14.96653056], [102.17238889, 14.760525], [102.12290556, 14.84866111]]]}}, {"type": "Feature", "properties": {"fid": 8795, "area_code": "PAC", "airport_identifier": "VTUQ", "procedure_identifier": "R06", "transition_identifier": "VOBOT"}, "geometry": {"type": "MultiLineString", "coordinates": [[[101.60604722, 14.56571389], [102.00319722, 14.78259167], [102.12290556, 14.84866111]]]}}, {"type": "Feature", "properties": {"fid": 8799, "area_code": "PAC", "airport_identifier": "VTUQ", "procedure_identifier": "R06", "transition_identifier": null}, "geometry": {"type": "MultiLineString", "coordinates": [[[102.12290556, 14.84866111], [102.22865556, 14.90478611], [102.30416944, 14.94494167]]]}}, {"type": "Feature", "properties": {"fid": 8803, "area_code": "PAC", "airport_identifier": "VTUQ", "procedure_identifier": "R06", "transition_identifier": null}, "geometry": {"type": "MultiLineString", "coordinates": [[[102.12290556, 14.84866111], [102.12290556, 14.84866111]]]}}, {"type": "Feature", "properties": {"fid": 8808, "area_code": "PAC", "airport_identifier": "VTUL", "procedure_identifier": "R19", "transition_identifier": "BOVGO"}, "geometry": {"type": "MultiLineString", "coordinates": [[[101.82643056, 17.12766944], [101.80555278, 17.30006111], [101.89694167, 17.58880556], [101.78005278, 17.62279444]]]}}, {"type": "Feature", "properties": {"fid": 8813, "area_code": "PAC", "airport_identifier": "VTUL", "procedure_identifier": "R19", "transition_identifier": "DUBOL"}, "geometry": {"type": "MultiLineString", "coordinates": [[[101.53165, 17.16764444], [101.59169444, 17.42988889], [101.66312222, 17.65671389], [101.78005278, 17.62279444]]]}}, {"type": "Feature", "properties": {"fid": 8817, "area_code": "PAC", "airport_identifier": "VTUL", "procedure_identifier": "R19", "transition_identifier": "NOGAD"}, "geometry": {"type": "MultiLineString", "coordinates": [[[102.00579722, 17.64269167], [101.89694167, 17.58880556], [101.78005278, 17.62279444]]]}}, {"type": "Feature", "properties": {"fid": 8822, "area_code": "PAC", "airport_identifier": "VTUL", "procedure_identifier": "R19", "transition_identifier": "RIBDO"}, "geometry": {"type": "MultiLineString", "coordinates": [[[101.48821667, 17.33713333], [101.59169444, 17.42988889], [101.66312222, 17.65671389], [101.78005278, 17.62279444]]]}}, {"type": "Feature", "properties": {"fid": 8826, "area_code": "PAC", "airport_identifier": "VTUL", "procedure_identifier": "R19", "transition_identifier": "SWENI"}, "geometry": {"type": "MultiLineString", "coordinates": [[[101.98409167, 17.43205833], [101.89694167, 17.58880556], [101.78005278, 17.62279444]]]}}, {"type": "Feature", "properties": {"fid": 8831, "area_code": "PAC", "airport_identifier": "VTUL", "procedure_identifier": "R19", "transition_identifier": "UPMEN"}, "geometry": {"type": "MultiLineString", "coordinates": [[[101.46413056, 17.41324444], [101.59169444, 17.42988889], [101.66312222, 17.65671389], [101.78005278, 17.62279444]]]}}, {"type": "Feature", "properties": {"fid": 8837, "area_code": "PAC", "airport_identifier": "VTUL", "procedure_identifier": "R19", "transition_identifier": null}, "geometry": {"type": "MultiLineString", "coordinates": [[[101.78005278, 17.62279444], [101.75931389, 17.55713333], [101.74667222, 17.51709444], [101.73706667, 17.48666667], [101.72493611, 17.44823056]]]}}, {"type": "Feature", "properties": {"fid": 8841, "area_code": "PAC", "airport_identifier": "VTUL", "procedure_identifier": "R19", "transition_identifier": null}, "geometry": {"type": "MultiLineString", "coordinates": [[[101.78005278, 17.62279444], [101.78005278, 17.62279444]]]}}, {"type": "Feature", "properties": {"fid": 8844, "area_code": "PAC", "airport_identifier": "VTSP", "procedure_identifier": "R27-Z", "transition_identifier": "ANFIL"}, "geometry": {"type": "MultiLineString", "coordinates": [[[98.59501944, 8.22904167], [98.55760833, 8.13581667]]]}}, {"type": "Feature", "properties": {"fid": 8847, "area_code": "PAC", "airport_identifier": "VTSP", "procedure_identifier": "R27-Z", "transition_identifier": "MANYU"}, "geometry": {"type": "MultiLineString", "coordinates": [[[98.60846944, 8.03960278], [98.55760833, 8.13581667]]]}}, {"type": "Feature", "properties": {"fid": 8851, "area_code": "PAC", "airport_identifier": "VTSP", "procedure_identifier": "R27-Z", "transition_identifier": null}, "geometry": {"type": "MultiLineString", "coordinates": [[[98.55760833, 8.13581667], [98.41740833, 8.12269444], [98.33040556, 8.11450833]]]}}, {"type": "Feature", "properties": {"fid": 8855, "area_code": "PAC", "airport_identifier": "VTSP", "procedure_identifier": "R27-Z", "transition_identifier": null}, "geometry": {"type": "MultiLineString", "coordinates": [[[98.06879722, 7.87834167], [98.06879722, 7.87834167]]]}}, {"type": "Feature", "properties": {"fid": 8971, "area_code": "PAC", "airport_identifier": "VTCP", "procedure_identifier": "R19", "transition_identifier": "AIZAK"}, "geometry": {"type": "MultiLineString", "coordinates": [[[100.34445278, 17.88401667], [100.25734722, 18.006375], [100.27616944, 18.19081667], [100.29320278, 18.35734722], [100.18855556, 18.36707778]]]}}, {"type": "Feature", "properties": {"fid": 8977, "area_code": "PAC", "airport_identifier": "VTCP", "procedure_identifier": "R19", "transition_identifier": "IDKOR"}, "geometry": {"type": "MultiLineString", "coordinates": [[[100.21203611, 17.636025], [100.25734722, 18.006375], [100.27616944, 18.19081667], [100.29320278, 18.35734722], [100.18855556, 18.36707778]]]}}, {"type": "Feature", "properties": {"fid": 8982, "area_code": "PAC", "airport_identifier": "VTCP", "procedure_identifier": "R19", "transition_identifier": "OTBAD"}, "geometry": {"type": "MultiLineString", "coordinates": [[[99.93953333, 18.25393611], [100.00799722, 18.31221667], [100.08389722, 18.37675278], [100.18855556, 18.36707778]]]}}, {"type": "Feature", "properties": {"fid": 8986, "area_code": "PAC", "airport_identifier": "VTCP", "procedure_identifier": "R19", "transition_identifier": "SUNGO"}, "geometry": {"type": "MultiLineString", "coordinates": [[[100.39606389, 18.38666389], [100.29320278, 18.35734722], [100.18855556, 18.36707778]]]}}, {"type": "Feature", "properties": {"fid": 8990, "area_code": "PAC", "airport_identifier": "VTCP", "procedure_identifier": "R19", "transition_identifier": null}, "geometry": {"type": "MultiLineString", "coordinates": [[[100.18855556, 18.36707778], [100.17483611, 18.232175], [100.16536389, 18.13891111]]]}}, {"type": "Feature", "properties": {"fid": 8994, "area_code": "PAC", "airport_identifier": "VTCP", "procedure_identifier": "R19", "transition_identifier": null}, "geometry": {"type": "MultiLineString", "coordinates": [[[100.18855556, 18.36707778], [100.18855556, 18.36707778]]]}}, {"type": "Feature", "properties": {"fid": 8997, "area_code": "PAC", "airport_identifier": "VTSF", "procedure_identifier": "R01", "transition_identifier": "CHARY"}, "geometry": {"type": "MultiLineString", "coordinates": [[[100.02736111, 8.24891667], [99.92778889, 8.37905278]]]}}, {"type": "Feature", "properties": {"fid": 9002, "area_code": "PAC", "airport_identifier": "VTSF", "procedure_identifier": "R01", "transition_identifier": "GIFBY"}, "geometry": {"type": "MultiLineString", "coordinates": [[[100.45398889, 8.540075], [100.178625, 8.54101111], [100.03861389, 8.36742222], [99.92778889, 8.37905278]]]}}, {"type": "Feature", "properties": {"fid": 9005, "area_code": "PAC", "airport_identifier": "VTSF", "procedure_identifier": "R01", "transition_identifier": "MEZZI"}, "geometry": {"type": "MultiLineString", "coordinates": [[[99.85582778, 8.24931389], [99.92778889, 8.37905278]]]}}, {"type": "Feature", "properties": {"fid": 9010, "area_code": "PAC", "airport_identifier": "VTSF", "procedure_identifier": "R01", "transition_identifier": "PUYOL"}, "geometry": {"type": "MultiLineString", "coordinates": [[[99.65731944, 8.75163333], [99.86648056, 8.59990833], [99.84415278, 8.38775833], [99.92778889, 8.37905278]]]}}, {"type": "Feature", "properties": {"fid": 9016, "area_code": "PAC", "airport_identifier": "VTSF", "procedure_identifier": "R01", "transition_identifier": "TAWIT"}, "geometry": {"type": "MultiLineString", "coordinates": [[[100.08920833, 8.84520833], [100.07423889, 8.70403889], [100.06122222, 8.58117222], [100.03861389, 8.36742222], [99.92778889, 8.37905278]]]}}, {"type": "Feature", "properties": {"fid": 9020, "area_code": "PAC", "airport_identifier": "VTSF", "procedure_identifier": "R01", "transition_identifier": null}, "geometry": {"type": "MultiLineString", "coordinates": [[[99.92778889, 8.37905278], [99.93695833, 8.46594167], [99.94162222, 8.51014444]]]}}, {"type": "Feature", "properties": {"fid": 9024, "area_code": "PAC", "airport_identifier": "VTSF", "procedure_identifier": "R01", "transition_identifier": null}, "geometry": {"type": "MultiLineString", "coordinates": [[[100.178625, 8.54101111], [100.178625, 8.54101111]]]}}, {"type": "Feature", "properties": {"fid": 9027, "area_code": "PAC", "airport_identifier": "VTCT", "procedure_identifier": "R03", "transition_identifier": "BENVI"}, "geometry": {"type": "MultiLineString", "coordinates": [[[99.96139444, 19.45181111], [99.73890278, 19.70634444]]]}}, {"type": "Feature", "properties": {"fid": 9031, "area_code": "PAC", "airport_identifier": "VTCT", "procedure_identifier": "R03", "transition_identifier": "DUBEN"}, "geometry": {"type": "MultiLineString", "coordinates": [[[100.20189722, 19.54706111], [99.84705278, 19.6496], [99.73890278, 19.70634444]]]}}, {"type": "Feature", "properties": {"fid": 9034, "area_code": "PAC", "airport_identifier": "VTCT", "procedure_identifier": "R03", "transition_identifier": "NUMDO"}, "geometry": {"type": "MultiLineString", "coordinates": [[[99.56719167, 19.54539722], [99.73890278, 19.70634444]]]}}, {"type": "Feature", "properties": {"fid": 9040, "area_code": "PAC", "airport_identifier": "VTCT", "procedure_identifier": "R03", "transition_identifier": "PONUK"}, "geometry": {"type": "MultiLineString", "coordinates": [[[100.38494444, 20.31613889], [100.05831944, 20.00973056], [99.97239722, 19.86349167], [99.84705278, 19.6496], [99.73890278, 19.70634444]]]}}, {"type": "Feature", "properties": {"fid": 9044, "area_code": "PAC", "airport_identifier": "VTCT", "procedure_identifier": "R03", "transition_identifier": null}, "geometry": {"type": "MultiLineString", "coordinates": [[[99.73890278, 19.70634444], [99.81424167, 19.83513611], [99.87600278, 19.94048333]]]}}, {"type": "Feature", "properties": {"fid": 9048, "area_code": "PAC", "airport_identifier": "VTCT", "procedure_identifier": "R03", "transition_identifier": null}, "geometry": {"type": "MultiLineString", "coordinates": [[[100.05831944, 20.00973056], [100.05831944, 20.00973056]]]}}, {"type": "Feature", "properties": {"fid": 9080, "area_code": "PAC", "airport_identifier": "VTSC", "procedure_identifier": "R02", "transition_identifier": "ERVES"}, "geometry": {"type": "MultiLineString", "coordinates": [[[101.48144444, 6.20218889], [101.51582222, 6.24460556], [101.65327222, 6.31159167]]]}}, {"type": "Feature", "properties": {"fid": 9085, "area_code": "PAC", "airport_identifier": "VTSC", "procedure_identifier": "R02", "transition_identifier": "NUBKA"}, "geometry": {"type": "MultiLineString", "coordinates": [[[101.57383889, 6.90932778], [101.48104167, 6.56584722], [101.43740556, 6.40416667], [101.65327222, 6.31159167]]]}}, {"type": "Feature", "properties": {"fid": 9089, "area_code": "PAC", "airport_identifier": "VTSC", "procedure_identifier": "R02", "transition_identifier": null}, "geometry": {"type": "MultiLineString", "coordinates": [[[101.65327222, 6.31159167], [101.69944167, 6.41833056], [101.73801667, 6.50746667]]]}}, {"type": "Feature", "properties": {"fid": 9093, "area_code": "PAC", "airport_identifier": "VTSC", "procedure_identifier": "R02", "transition_identifier": null}, "geometry": {"type": "MultiLineString", "coordinates": [[[101.43740556, 6.40416667], [101.43740556, 6.40416667]]]}}, {"type": "Feature", "properties": {"fid": 9121, "area_code": "PAC", "airport_identifier": "VTUV", "procedure_identifier": "R36", "transition_identifier": "ANKID"}, "geometry": {"type": "MultiLineString", "coordinates": [[[103.51594444, 15.68018611], [103.681875, 15.84821667], [103.76559167, 15.93283889]]]}}, {"type": "Feature", "properties": {"fid": 9125, "area_code": "PAC", "airport_identifier": "VTUV", "procedure_identifier": "R36", "transition_identifier": "BODUR"}, "geometry": {"type": "MultiLineString", "coordinates": [[[103.35755833, 15.81469444], [103.681875, 15.84821667], [103.76559167, 15.93283889]]]}}, {"type": "Feature", "properties": {"fid": 9132, "area_code": "PAC", "airport_identifier": "VTUV", "procedure_identifier": "R36", "transition_identifier": "DOTUS"}, "geometry": {"type": "MultiLineString", "coordinates": [[[103.45876667, 16.51750278], [103.53492778, 16.20263889], [103.52842222, 16.05279167], [103.52334444, 15.93574167], [103.681875, 15.84821667], [103.76559167, 15.93283889]]]}}, {"type": "Feature", "properties": {"fid": 9136, "area_code": "PAC", "airport_identifier": "VTUV", "procedure_identifier": "R36", "transition_identifier": "ENTEK"}, "geometry": {"type": "MultiLineString", "coordinates": [[[104.17341944, 15.79851944], [103.85301389, 15.8518], [103.76559167, 15.93283889]]]}}, {"type": "Feature", "properties": {"fid": 9143, "area_code": "PAC", "airport_identifier": "VTUV", "procedure_identifier": "R36", "transition_identifier": "RURAR"}, "geometry": {"type": "MultiLineString", "coordinates": [[[104.24323611, 16.32862222], [104.02156944, 16.22916944], [104.01321667, 16.04707778], [104.00785833, 15.93003889], [103.85301389, 15.8518], [103.76559167, 15.93283889]]]}}, {"type": "Feature", "properties": {"fid": 9150, "area_code": "PAC", "airport_identifier": "VTUV", "procedure_identifier": "R36", "transition_identifier": "SEDNO"}, "geometry": {"type": "MultiLineString", "coordinates": [[[103.28532778, 16.29258611], [103.53492778, 16.20263889], [103.52842222, 16.05279167], [103.52334444, 15.93574167], [103.681875, 15.84821667], [103.76559167, 15.93283889]]]}}, {"type": "Feature", "properties": {"fid": 9154, "area_code": "PAC", "airport_identifier": "VTUV", "procedure_identifier": "R36", "transition_identifier": null}, "geometry": {"type": "MultiLineString", "coordinates": [[[103.76559167, 15.93283889], [103.77031389, 16.03870833], [103.773375, 16.10726111]]]}}, {"type": "Feature", "properties": {"fid": 9158, "area_code": "PAC", "airport_identifier": "VTUV", "procedure_identifier": "R36", "transition_identifier": null}, "geometry": {"type": "MultiLineString", "coordinates": [[[103.76559167, 15.93283889], [103.76559167, 15.93283889]]]}}, {"type": "Feature", "properties": {"fid": 9161, "area_code": "PAC", "airport_identifier": "VTSB", "procedure_identifier": "R22", "transition_identifier": "BAVOR"}, "geometry": {"type": "MultiLineString", "coordinates": [[[99.40402222, 9.29483889], [99.28631111, 9.28669167]]]}}, {"type": "Feature", "properties": {"fid": 9164, "area_code": "PAC", "airport_identifier": "VTSB", "procedure_identifier": "R22", "transition_identifier": "BEVLA"}, "geometry": {"type": "MultiLineString", "coordinates": [[[99.2017, 9.36839722], [99.28631111, 9.28669167]]]}}, {"type": "Feature", "properties": {"fid": 9167, "area_code": "PAC", "airport_identifier": "VTSB", "procedure_identifier": "R22", "transition_identifier": "ELNON"}, "geometry": {"type": "MultiLineString", "coordinates": [[[99.37088333, 9.20496667], [99.28631111, 9.28669167]]]}}, {"type": "Feature", "properties": {"fid": 9170, "area_code": "PAC", "airport_identifier": "VTSB", "procedure_identifier": "R22", "transition_identifier": "GUPES"}, "geometry": {"type": "MultiLineString", "coordinates": [[[99.27316389, 9.403175], [99.28631111, 9.28669167]]]}}, {"type": "Feature", "properties": {"fid": 9174, "area_code": "PAC", "airport_identifier": "VTSB", "procedure_identifier": "R22", "transition_identifier": null}, "geometry": {"type": "MultiLineString", "coordinates": [[[99.28631111, 9.28669167], [99.22382222, 9.22283333], [99.14513889, 9.142375]]]}}, {"type": "Feature", "properties": {"fid": 9180, "area_code": "PAC", "airport_identifier": "VTSB", "procedure_identifier": "R22", "transition_identifier": null}, "geometry": {"type": "MultiLineString", "coordinates": [[[99.169525, 8.99911667], [99.37088333, 9.20496667], [99.28631111, 9.28669167], [99.28631111, 9.28669167]]]}}, {"type": "Feature", "properties": {"fid": 9183, "area_code": "PAC", "airport_identifier": "VTBD", "procedure_identifier": "R21L", "transition_identifier": "AROKA"}, "geometry": {"type": "MultiLineString", "coordinates": [[[100.66441389, 14.18948889], [100.69658889, 14.07649444]]]}}, {"type": "Feature", "properties": {"fid": 9186, "area_code": "PAC", "airport_identifier": "VTBD", "procedure_identifier": "R21L", "transition_identifier": "TAWAN"}, "geometry": {"type": "MultiLineString", "coordinates": [[[100.73461667, 14.14398611], [100.69658889, 14.07649444]]]}}, {"type": "Feature", "properties": {"fid": 9190, "area_code": "PAC", "airport_identifier": "VTBD", "procedure_identifier": "R21L", "transition_identifier": null}, "geometry": {"type": "MultiLineString", "coordinates": [[[100.69658889, 14.07649444], [100.65590833, 13.99648611], [100.61554444, 13.92455833]]]}}, {"type": "Feature", "properties": {"fid": 9195, "area_code": "PAC", "airport_identifier": "VTBD", "procedure_identifier": "R21L", "transition_identifier": null}, "geometry": {"type": "MultiLineString", "coordinates": [[[100.58094722, 13.86286667], [100.48401389, 13.85211111], [100.35585556, 13.80468333], [100.35585556, 13.80468333]]]}}, {"type": "Feature", "properties": {"fid": 9226, "area_code": "PAC", "airport_identifier": "VTBD", "procedure_identifier": "R03L", "transition_identifier": "DOTLI"}, "geometry": {"type": "MultiLineString", "coordinates": [[[100.37213889, 13.64946944], [100.49195833, 13.64877778], [100.58633889, 13.72865278], [100.54409722, 13.80451389]]]}}, {"type": "Feature", "properties": {"fid": 9230, "area_code": "PAC", "airport_identifier": "VTBD", "procedure_identifier": "R03L", "transition_identifier": null}, "geometry": {"type": "MultiLineString", "coordinates": [[[100.54409722, 13.80451389], [100.56877778, 13.84856389], [100.59593889, 13.89701111]]]}}, {"type": "Feature", "properties": {"fid": 9237, "area_code": "PAC", "airport_identifier": "VTBD", "procedure_identifier": "R03L", "transition_identifier": null}, "geometry": {"type": "MultiLineString", "coordinates": [[[100.61239444, 13.92635278], [100.564475, 14.02675556], [100.45216944, 14.02533889], [100.37350556, 13.88484722], [100.37283611, 13.76938889], [100.37283611, 13.76938889]]]}}, {"type": "Feature", "properties": {"fid": 9259, "area_code": "PAC", "airport_identifier": "VTSP", "procedure_identifier": "R09-Z", "transition_identifier": "KALIM"}, "geometry": {"type": "MultiLineString", "coordinates": [[[98.01889444, 8.08507222], [98.10253333, 8.09320278]]]}}, {"type": "Feature", "properties": {"fid": 9262, "area_code": "PAC", "airport_identifier": "VTSP", "procedure_identifier": "R09-Z", "transition_identifier": "LAZIO"}, "geometry": {"type": "MultiLineString", "coordinates": [[[98.01892778, 8.14608611], [98.10253333, 8.09320278]]]}}, {"type": "Feature", "properties": {"fid": 9265, "area_code": "PAC", "airport_identifier": "VTSP", "procedure_identifier": "R09-Z", "transition_identifier": "ROMAA"}, "geometry": {"type": "MultiLineString", "coordinates": [[[98.05651667, 7.97040278], [98.10253333, 8.09320278]]]}}, {"type": "Feature", "properties": {"fid": 9269, "area_code": "PAC", "airport_identifier": "VTSP", "procedure_identifier": "R09-Z", "transition_identifier": null}, "geometry": {"type": "MultiLineString", "coordinates": [[[98.10253333, 8.09320278], [98.21798889, 8.10391111], [98.28657778, 8.11038333]]]}}, {"type": "Feature", "properties": {"fid": 9273, "area_code": "PAC", "airport_identifier": "VTSP", "procedure_identifier": "R09-Z", "transition_identifier": null}, "geometry": {"type": "MultiLineString", "coordinates": [[[98.54300833, 7.87993611], [98.54300833, 7.87993611]]]}}, {"type": "Feature", "properties": {"fid": 9307, "area_code": "PAC", "airport_identifier": "VTBD", "procedure_identifier": "R03R", "transition_identifier": "DOTLI"}, "geometry": {"type": "MultiLineString", "coordinates": [[[100.37213889, 13.64946944], [100.49195833, 13.64877778], [100.58633889, 13.72865278], [100.54963333, 13.8071]]]}}, {"type": "Feature", "properties": {"fid": 9311, "area_code": "PAC", "airport_identifier": "VTBD", "procedure_identifier": "R03R", "transition_identifier": null}, "geometry": {"type": "MultiLineString", "coordinates": [[[100.54963333, 13.8071], [100.57434167, 13.85113611], [100.60152778, 13.89956944]]]}}, {"type": "Feature", "properties": {"fid": 9319, "area_code": "PAC", "airport_identifier": "VTBD", "procedure_identifier": "R03R", "transition_identifier": null}, "geometry": {"type": "MultiLineString", "coordinates": [[[100.67902222, 14.03771389], [100.62447778, 14.13366389], [100.51211944, 14.132275], [100.45216944, 14.02533889], [100.37350556, 13.88484722], [100.37283611, 13.76938889], [100.37283611, 13.76938889]]]}}, {"type": "Feature", "properties": {"fid": 9367, "area_code": "PAC", "airport_identifier": "VTCP", "procedure_identifier": "R01", "transition_identifier": "IDKOR"}, "geometry": {"type": "MultiLineString", "coordinates": [[[100.21203611, 17.636025], [100.19505833, 17.82173056], [100.06710833, 17.90920833]]]}}, {"type": "Feature", "properties": {"fid": 9372, "area_code": "PAC", "airport_identifier": "VTCP", "procedure_identifier": "R01", "transition_identifier": "OTBAD"}, "geometry": {"type": "MultiLineString", "coordinates": [[[99.93953333, 18.25393611], [99.95066944, 18.14377222], [99.96747778, 17.97721944], [100.06710833, 17.90920833]]]}}, {"type": "Feature", "properties": {"fid": 9379, "area_code": "PAC", "airport_identifier": "VTCP", "procedure_identifier": "R01", "transition_identifier": "SUNGO"}, "geometry": {"type": "MultiLineString", "coordinates": [[[100.39606389, 18.38666389], [100.38406944, 18.2701], [100.36183333, 18.05361667], [100.34445278, 17.88401667], [100.19505833, 17.82173056], [100.06710833, 17.90920833]]]}}, {"type": "Feature", "properties": {"fid": 9384, "area_code": "PAC", "airport_identifier": "VTCP", "procedure_identifier": "R01", "transition_identifier": null}, "geometry": {"type": "MultiLineString", "coordinates": [[[100.06710833, 17.90920833], [100.15385833, 18.02549167], [100.15757222, 18.06213333], [100.16399444, 18.12541944]]]}}, {"type": "Feature", "properties": {"fid": 9388, "area_code": "PAC", "airport_identifier": "VTCP", "procedure_identifier": "R01", "transition_identifier": null}, "geometry": {"type": "MultiLineString", "coordinates": [[[100.06710833, 17.90920833], [100.06710833, 17.90920833]]]}}, {"type": "Feature", "properties": {"fid": 9429, "area_code": "PAC", "airport_identifier": "VTUO", "procedure_identifier": "R04", "transition_identifier": "RISBO"}, "geometry": {"type": "MultiLineString", "coordinates": [[[102.84075833, 15.01991667], [103.01111667, 15.04448611], [103.15096111, 15.08813056]]]}}, {"type": "Feature", "properties": {"fid": 9434, "area_code": "PAC", "airport_identifier": "VTUO", "procedure_identifier": "R04", "transition_identifier": "UBMEM"}, "geometry": {"type": "MultiLineString", "coordinates": [[[103.43538611, 15.54239444], [103.41708889, 15.25206944], [103.24963056, 15.02079444], [103.15096111, 15.08813056]]]}}, {"type": "Feature", "properties": {"fid": 9440, "area_code": "PAC", "airport_identifier": "VTUO", "procedure_identifier": "R04", "transition_identifier": "VIREB"}, "geometry": {"type": "MultiLineString", "coordinates": [[[103.617575, 15.13085], [103.481175, 15.11158056], [103.24963056, 15.02079444], [103.15096111, 15.08813056]]]}}, {"type": "Feature", "properties": {"fid": 9444, "area_code": "PAC", "airport_identifier": "VTUO", "procedure_identifier": "R04", "transition_identifier": null}, "geometry": {"type": "MultiLineString", "coordinates": [[[103.15096111, 15.08813056], [103.20799167, 15.16701667], [103.24759444, 15.22175278]]]}}, {"type": "Feature", "properties": {"fid": 9448, "area_code": "PAC", "airport_identifier": "VTUO", "procedure_identifier": "R04", "transition_identifier": null}, "geometry": {"type": "MultiLineString", "coordinates": [[[103.15096111, 15.08813056], [103.15096111, 15.08813056]]]}}, {"type": "Feature", "properties": {"fid": 9503, "area_code": "PAC", "airport_identifier": "VTUU", "procedure_identifier": "R23", "transition_identifier": "OPTAD"}, "geometry": {"type": "MultiLineString", "coordinates": [[[105.12746944, 15.231], [105.01770556, 15.365125]]]}}, {"type": "Feature", "properties": {"fid": 9506, "area_code": "PAC", "airport_identifier": "VTUU", "procedure_identifier": "R23", "transition_identifier": "OSNID"}, "geometry": {"type": "MultiLineString", "coordinates": [[[105.18546389, 15.36306389], [105.01770556, 15.365125]]]}}, {"type": "Feature", "properties": {"fid": 9509, "area_code": "PAC", "airport_identifier": "VTUU", "procedure_identifier": "R23", "transition_identifier": "RUSTU"}, "geometry": {"type": "MultiLineString", "coordinates": [[[104.94254722, 15.45683333], [105.01770556, 15.365125]]]}}, {"type": "Feature", "properties": {"fid": 9513, "area_code": "PAC", "airport_identifier": "VTUU", "procedure_identifier": "R23", "transition_identifier": null}, "geometry": {"type": "MultiLineString", "coordinates": [[[105.01770556, 15.365125], [104.94699444, 15.31056667], [104.88117778, 15.25971944]]]}}, {"type": "Feature", "properties": {"fid": 9517, "area_code": "PAC", "airport_identifier": "VTUU", "procedure_identifier": "R23", "transition_identifier": null}, "geometry": {"type": "MultiLineString", "coordinates": [[[105.01770556, 15.365125], [105.01770556, 15.365125]]]}}, {"type": "Feature", "properties": {"fid": 9536, "area_code": "PAC", "airport_identifier": "VTSR", "procedure_identifier": "R02", "transition_identifier": "ELPUT"}, "geometry": {"type": "MultiLineString", "coordinates": [[[98.51475833, 9.36572222], [98.50795, 9.44916944], [98.49738056, 9.57863889]]]}}, {"type": "Feature", "properties": {"fid": 9542, "area_code": "PAC", "airport_identifier": "VTSR", "procedure_identifier": "R02", "transition_identifier": "SAKUB"}, "geometry": {"type": "MultiLineString", "coordinates": [[[98.85336389, 10.10093889], [98.78033333, 9.93117778], [98.70738056, 9.7614], [98.60548889, 9.53148611], [98.49738056, 9.57863889]]]}}, {"type": "Feature", "properties": {"fid": 9546, "area_code": "PAC", "airport_identifier": "VTSR", "procedure_identifier": "R02", "transition_identifier": "SUDEX"}, "geometry": {"type": "MultiLineString", "coordinates": [[[98.31433611, 9.68119722], [98.38924167, 9.62575556], [98.49738056, 9.57863889]]]}}, {"type": "Feature", "properties": {"fid": 9550, "area_code": "PAC", "airport_identifier": "VTSR", "procedure_identifier": "R02", "transition_identifier": "TOGIM"}, "geometry": {"type": "MultiLineString", "coordinates": [[[98.86333333, 9.44972222], [98.60548889, 9.53148611], [98.49738056, 9.57863889]]]}}, {"type": "Feature", "properties": {"fid": 9554, "area_code": "PAC", "airport_identifier": "VTSR", "procedure_identifier": "R02", "transition_identifier": null}, "geometry": {"type": "MultiLineString", "coordinates": [[[98.49738056, 9.57863889], [98.534025, 9.66142778], [98.56687778, 9.73560833]]]}}, {"type": "Feature", "properties": {"fid": 9558, "area_code": "PAC", "airport_identifier": "VTSR", "procedure_identifier": "R02", "transition_identifier": null}, "geometry": {"type": "MultiLineString", "coordinates": [[[98.59566944, 9.86156667], [98.31433611, 9.68119722], [98.31433611, 9.68119722]]]}}, {"type": "Feature", "properties": {"fid": 9609, "area_code": "PAC", "airport_identifier": "VTUQ", "procedure_identifier": "R24", "transition_identifier": "FINNY"}, "geometry": {"type": "MultiLineString", "coordinates": [[[102.42212778, 15.12688611], [102.47375, 15.03497778]]]}}, {"type": "Feature", "properties": {"fid": 9612, "area_code": "PAC", "airport_identifier": "VTUQ", "procedure_identifier": "R24", "transition_identifier": "SAMBY"}, "geometry": {"type": "MultiLineString", "coordinates": [[[102.67283611, 14.98028333], [102.47375, 15.03497778]]]}}, {"type": "Feature", "properties": {"fid": 9617, "area_code": "PAC", "airport_identifier": "VTUQ", "procedure_identifier": "R24", "transition_identifier": "VOBOT"}, "geometry": {"type": "MultiLineString", "coordinates": [[[101.60604722, 14.56571389], [102.37228611, 14.86684444], [102.52316389, 14.94693889], [102.47375, 15.03497778]]]}}, {"type": "Feature", "properties": {"fid": 9621, "area_code": "PAC", "airport_identifier": "VTUQ", "procedure_identifier": "R24", "transition_identifier": null}, "geometry": {"type": "MultiLineString", "coordinates": [[[102.47375, 15.03497778], [102.39826944, 14.99493056], [102.32130556, 14.95405]]]}}, {"type": "Feature", "properties": {"fid": 9625, "area_code": "PAC", "airport_identifier": "VTUQ", "procedure_identifier": "R24", "transition_identifier": null}, "geometry": {"type": "MultiLineString", "coordinates": [[[102.47375, 15.03497778], [102.47375, 15.03497778]]]}}]}