{"type": "FeatureCollection", "name": "sid_line", "crs": {"type": "name", "properties": {"name": "urn:ogc:def:crs:OGC:1.3:CRS84"}}, "features": [{"type": "Feature", "properties": {"fid": 5, "area_code": "PAC", "airport_identifier": "VTSR", "procedure_identifier": "STN1C", "transition_identifier": "RW20"}, "geometry": {"type": "MultiLineString", "coordinates": [[[98.41978889, 9.428925], [98.90879167, 9.39304167], [99.13472222, 9.12947222]]]}}, {"type": "Feature", "properties": {"fid": 12, "area_code": "PAC", "airport_identifier": "VTBS", "procedure_identifier": "LIPL1F", "transition_identifier": "RW02L"}, "geometry": {"type": "MultiLineString", "coordinates": [[[100.73844722, 13.70018889], [100.75808611, 13.76038056], [100.78180833, 13.85053333], [100.97478056, 13.84905278], [101.96565, 14.17434722]]]}}, {"type": "Feature", "properties": {"fid": 16, "area_code": "PAC", "airport_identifier": "VTCP", "procedure_identifier": "OTBA1A", "transition_identifier": "RW19"}, "geometry": {"type": "MultiLineString", "coordinates": [[[100.02419444, 18.06902778], [99.93953333, 18.25393611]]]}}, {"type": "Feature", "properties": {"fid": 22, "area_code": "PAC", "airport_identifier": "VTCL", "procedure_identifier": "IGNA1C", "transition_identifier": "RW36"}, "geometry": {"type": "MultiLineString", "coordinates": [[[99.49713056, 18.35495278], [99.72462778, 18.36714444], [99.74160833, 18.22555278], [99.64553611, 18.00539444], [99.56095833, 17.86208611]]]}}, {"type": "Feature", "properties": {"fid": 32, "area_code": "PAC", "airport_identifier": "VTBS", "procedure_identifier": "NUNL1U", "transition_identifier": "RW01"}, "geometry": {"type": "MultiLineString", "coordinates": [[[100.76103333, 13.69171389], [100.931825, 13.70310556], [101.12033889, 13.71554167], [101.22248611, 14.08675278], [101.17034167, 14.26378889], [101.09235278, 14.52818333], [100.81553056, 14.78699167], [99.38433333, 14.857625]]]}}, {"type": "Feature", "properties": {"fid": 41, "area_code": "PAC", "airport_identifier": "VTBS", "procedure_identifier": "KASN1K", "transition_identifier": "RW01"}, "geometry": {"type": "MultiLineString", "coordinates": [[[100.8534, 13.75975556], [101.02249444, 13.75930278], [101.08299722, 13.64540556], [101.05758333, 13.55293333], [100.999925, 13.342775], [100.86885, 13.23605556], [100.6783, 13.08060278]]]}}, {"type": "Feature", "properties": {"fid": 47, "area_code": "PAC", "airport_identifier": "VTBS", "procedure_identifier": "GOME1K", "transition_identifier": "RW01"}, "geometry": {"type": "MultiLineString", "coordinates": [[[100.8534, 13.75975556], [101.02249444, 13.75930278], [101.237525, 13.68165], [101.58491667, 13.40169444]]]}}, {"type": "Feature", "properties": {"fid": 55, "area_code": "PAC", "airport_identifier": "VTBD", "procedure_identifier": "UGUV3A", "transition_identifier": "RW21R"}, "geometry": {"type": "MultiLineString", "coordinates": [[[100.59593889, 13.89701111], [100.32975556, 13.97181944], [100.308825, 14.15117222], [100.27145556, 14.47099722], [100.211175, 14.65788333], [100.19472222, 15.14305556]]]}}, {"type": "Feature", "properties": {"fid": 63, "area_code": "PAC", "airport_identifier": "VTBS", "procedure_identifier": "ALBO1H", "transition_identifier": "RW02R"}, "geometry": {"type": "MultiLineString", "coordinates": [[[100.74317778, 13.70366944], [100.75808611, 13.76038056], [100.78180833, 13.85053333], [100.81033056, 13.95880556], [100.83314444, 14.04530833], [100.904175, 14.31351944], [101.02830556, 14.74491667]]]}}, {"type": "Feature", "properties": {"fid": 66, "area_code": "PAC", "airport_identifier": "VTSP", "procedure_identifier": "ONET1A", "transition_identifier": "RW09"}, "geometry": {"type": "MultiLineString", "coordinates": [[[98.61166389, 8.14086667], [98.77586667, 8.29927222]]]}}, {"type": "Feature", "properties": {"fid": 69, "area_code": "PAC", "airport_identifier": "VTPP", "procedure_identifier": "GOKO1A", "transition_identifier": "RW14"}, "geometry": {"type": "MultiLineString", "coordinates": [[[100.36928611, 16.66380556], [100.80939444, 16.71687778]]]}}, {"type": "Feature", "properties": {"fid": 79, "area_code": "PAC", "airport_identifier": "VTBS", "procedure_identifier": "SEMB1U", "transition_identifier": "RW01"}, "geometry": {"type": "MultiLineString", "coordinates": [[[100.76103333, 13.69171389], [100.931825, 13.70310556], [101.12033889, 13.71554167], [101.22248611, 14.08675278], [101.17034167, 14.26378889], [101.09235278, 14.52818333], [100.81553056, 14.78699167], [100.26331111, 14.89976667]]]}}, {"type": "Feature", "properties": {"fid": 85, "area_code": "PAC", "airport_identifier": "VTBS", "procedure_identifier": "DOSB1Q", "transition_identifier": "RW02L"}, "geometry": {"type": "MultiLineString", "coordinates": [[[100.73844722, 13.70018889], [100.931825, 13.70310556], [101.12033889, 13.71554167], [101.83388333, 13.87785]]]}}, {"type": "Feature", "properties": {"fid": 89, "area_code": "PAC", "airport_identifier": "VTSG", "procedure_identifier": "OSPE1F", "transition_identifier": "RW32"}, "geometry": {"type": "MultiLineString", "coordinates": [[[98.99530556, 8.22342222], [99.22207778, 8.33753611]]]}}, {"type": "Feature", "properties": {"fid": 96, "area_code": "PAC", "airport_identifier": "VTUV", "procedure_identifier": "DOTU1A", "transition_identifier": "RW18"}, "geometry": {"type": "MultiLineString", "coordinates": [[[103.76889722, 16.00693889], [103.64788333, 16.01193611], [103.44951111, 16.16567222], [103.45300278, 16.29850833], [103.45608333, 16.41561944], [103.45876667, 16.51750278]]]}}, {"type": "Feature", "properties": {"fid": 102, "area_code": "PAC", "airport_identifier": "VTUD", "procedure_identifier": "ESGI1B", "transition_identifier": "RW12"}, "geometry": {"type": "MultiLineString", "coordinates": [[[102.85536111, 17.35354722], [102.83954167, 17.22979167], [102.77861389, 17.12816389], [102.56184722, 17.23429167], [102.25386944, 17.41618056]]]}}, {"type": "Feature", "properties": {"fid": 110, "area_code": "PAC", "airport_identifier": "VTBD", "procedure_identifier": "SEMB4A", "transition_identifier": "RW21R"}, "geometry": {"type": "MultiLineString", "coordinates": [[[100.59593889, 13.89701111], [100.32975556, 13.97181944], [100.308825, 14.15117222], [100.27145556, 14.47099722], [100.33849167, 14.70990833], [100.26331111, 14.89976667]]]}}, {"type": "Feature", "properties": {"fid": 126, "area_code": "PAC", "airport_identifier": "VTBS", "procedure_identifier": "NOBE1T", "transition_identifier": "RW19"}, "geometry": {"type": "MultiLineString", "coordinates": [[[100.75183056, 13.65669722], [100.81497222, 13.63081667], [101.12033889, 13.71554167], [101.22248611, 14.08675278], [101.17034167, 14.26378889], [101.09235278, 14.52818333], [100.81553056, 14.78699167], [100.66833333, 15.27655556]]]}}, {"type": "Feature", "properties": {"fid": 138, "area_code": "PAC", "airport_identifier": "VTBS", "procedure_identifier": "ALBO1J", "transition_identifier": "RW19"}, "geometry": {"type": "MultiLineString", "coordinates": [[[100.75232778, 13.60648056], [100.78757778, 13.48322222], [100.77083056, 13.41913333], [100.56941389, 13.46946389], [100.57166667, 13.55528056], [100.57448333, 13.66239167], [100.65339167, 13.7547], [100.73234722, 13.846975], [100.85511389, 14.31888611], [101.02830556, 14.74491667]]]}}, {"type": "Feature", "properties": {"fid": 144, "area_code": "PAC", "airport_identifier": "VTSS", "procedure_identifier": "ELRE1C", "transition_identifier": "RW26"}, "geometry": {"type": "MultiLineString", "coordinates": [[[100.29739444, 6.92051667], [100.28462778, 7.01218056], [100.298775, 7.25997778], [100.21168056, 7.33858611], [100.10181389, 7.43768333]]]}}, {"type": "Feature", "properties": {"fid": 153, "area_code": "PAC", "airport_identifier": "VTBS", "procedure_identifier": "BUT1Q", "transition_identifier": "RW02L"}, "geometry": {"type": "MultiLineString", "coordinates": [[[100.73844722, 13.70018889], [100.931825, 13.70310556], [101.08299722, 13.64540556], [101.05758333, 13.55293333], [100.999925, 13.342775], [100.81499722, 13.082125], [101.00047222, 12.66666667]]]}}, {"type": "Feature", "properties": {"fid": 158, "area_code": "PAC", "airport_identifier": "VTSF", "procedure_identifier": "PEDO1B", "transition_identifier": "RW19"}, "geometry": {"type": "MultiLineString", "coordinates": [[[99.92621944, 8.36410278], [99.92577222, 8.19660278], [99.79748889, 8.06166944], [99.626, 7.50891667]]]}}, {"type": "Feature", "properties": {"fid": 167, "area_code": "PAC", "airport_identifier": "VTBS", "procedure_identifier": "ALBO1U", "transition_identifier": "RW01"}, "geometry": {"type": "MultiLineString", "coordinates": [[[100.76103333, 13.69171389], [100.931825, 13.70310556], [101.12033889, 13.71554167], [101.22248611, 14.08675278], [101.17034167, 14.26378889], [101.09235278, 14.52818333], [101.02830556, 14.74491667]]]}}, {"type": "Feature", "properties": {"fid": 173, "area_code": "PAC", "airport_identifier": "VTCC", "procedure_identifier": "MHS1B", "transition_identifier": "RW36"}, "geometry": {"type": "MultiLineString", "coordinates": [[[98.96122222, 18.76611111], [97.91211111, 19.31975]]]}}, {"type": "Feature", "properties": {"fid": 181, "area_code": "PAC", "airport_identifier": "VTBS", "procedure_identifier": "VANK1G", "transition_identifier": "RW20L"}, "geometry": {"type": "MultiLineString", "coordinates": [[[100.73466389, 13.67127778], [100.69593333, 13.52424444], [100.54620556, 13.39734722], [100.37930556, 13.21113889], [100.24331944, 13.05911111], [100.19014722, 12.99959167], [99.76043056, 12.58640278]]]}}, {"type": "Feature", "properties": {"fid": 186, "area_code": "PAC", "airport_identifier": "VTUK", "procedure_identifier": "NEMT1A", "transition_identifier": "RW03"}, "geometry": {"type": "MultiLineString", "coordinates": [[[102.81886667, 16.51925556], [103.03006111, 16.38753333], [102.86639722, 16.14298056], [102.48688333, 16.06244167]]]}}, {"type": "Feature", "properties": {"fid": 192, "area_code": "PAC", "airport_identifier": "VTBS", "procedure_identifier": "SELK1R", "transition_identifier": "RW20L"}, "geometry": {"type": "MultiLineString", "coordinates": [[[100.73466389, 13.67127778], [100.81497222, 13.63081667], [101.12033889, 13.71554167], [101.88631389, 14.33890556]]]}}, {"type": "Feature", "properties": {"fid": 198, "area_code": "PAC", "airport_identifier": "VTBD", "procedure_identifier": "OLVU1D", "transition_identifier": "RW03R"}, "geometry": {"type": "MultiLineString", "coordinates": [[[100.63663333, 13.96199167], [100.52439167, 14.063375], [100.30788889, 14.21763889], [100.27145556, 14.47099722], [100.211175, 14.65788333]]]}}, {"type": "Feature", "properties": {"fid": 203, "area_code": "PAC", "airport_identifier": "VTCH", "procedure_identifier": "BOKI1R", "transition_identifier": "RW29"}, "geometry": {"type": "MultiLineString", "coordinates": [[[97.92945278, 19.31571667], [97.97347778, 19.39804167], [98.13915278, 19.340875], [98.37366667, 19.076]]]}}, {"type": "Feature", "properties": {"fid": 215, "area_code": "PAC", "airport_identifier": "VTBS", "procedure_identifier": "SEMB2E", "transition_identifier": "RW20R"}, "geometry": {"type": "MultiLineString", "coordinates": [[[100.72924444, 13.665175], [100.69593333, 13.52424444], [100.57166667, 13.55528056], [100.57448333, 13.66239167], [100.57756389, 13.77857778], [100.47471944, 13.94214722], [100.38085556, 14.23797778], [100.30918889, 14.463375], [100.33849167, 14.70990833], [100.26331111, 14.89976667]]]}}, {"type": "Feature", "properties": {"fid": 223, "area_code": "PAC", "airport_identifier": "VTBS", "procedure_identifier": "RYN1T", "transition_identifier": "RW19"}, "geometry": {"type": "MultiLineString", "coordinates": [[[100.75183056, 13.65669722], [100.81497222, 13.63081667], [100.9199, 13.63003056], [101.35779167, 13.51517778], [101.58491667, 13.40169444], [101.67644444, 12.77863889]]]}}, {"type": "Feature", "properties": {"fid": 232, "area_code": "PAC", "airport_identifier": "VTUV", "procedure_identifier": "ANKI1A", "transition_identifier": "RW18"}, "geometry": {"type": "MultiLineString", "coordinates": [[[103.76889722, 16.00693889], [103.51594444, 15.68018611]]]}}, {"type": "Feature", "properties": {"fid": 237, "area_code": "PAC", "airport_identifier": "VTSM", "procedure_identifier": "UPNE1B", "transition_identifier": "RW35"}, "geometry": {"type": "MultiLineString", "coordinates": [[[100.2814, 9.68568056], [100.38228611, 9.69424167], [100.49344444, 9.70363889]]]}}, {"type": "Feature", "properties": {"fid": 246, "area_code": "PAC", "airport_identifier": "VTBU", "procedure_identifier": "BKK1A", "transition_identifier": "RW18"}, "geometry": {"type": "MultiLineString", "coordinates": [[[101.00368333, 12.66400556], [101.04759167, 12.50135278], [101.19301389, 12.50268611], [101.21080278, 12.62025833], [101.16390278, 12.76158889], [101.02388889, 13.1825], [100.59619444, 13.89352778]]]}}, {"type": "Feature", "properties": {"fid": 261, "area_code": "PAC", "airport_identifier": "VTBS", "procedure_identifier": "ALBO1G", "transition_identifier": "RW20L"}, "geometry": {"type": "MultiLineString", "coordinates": [[[100.73466389, 13.67127778], [100.69593333, 13.52424444], [100.57166667, 13.55528056], [100.57448333, 13.66239167], [100.65339167, 13.7547], [100.73234722, 13.846975], [100.85511389, 14.31888611], [101.02830556, 14.74491667]]]}}, {"type": "Feature", "properties": {"fid": 267, "area_code": "PAC", "airport_identifier": "VTBS", "procedure_identifier": "SELK1H", "transition_identifier": "RW02R"}, "geometry": {"type": "MultiLineString", "coordinates": [[[100.74317778, 13.70366944], [100.75808611, 13.76038056], [100.78180833, 13.85053333], [100.97478056, 13.84905278], [101.88631389, 14.33890556]]]}}, {"type": "Feature", "properties": {"fid": 276, "area_code": "PAC", "airport_identifier": "VTBD", "procedure_identifier": "ALBO3A", "transition_identifier": "RW21R"}, "geometry": {"type": "MultiLineString", "coordinates": [[[100.59593889, 13.89701111], [100.32975556, 13.97181944], [100.308825, 14.15117222], [100.27145556, 14.47099722], [100.36633889, 14.54301944], [100.71429722, 14.64918333], [101.02830556, 14.74491667]]]}}, {"type": "Feature", "properties": {"fid": 286, "area_code": "PAC", "airport_identifier": "VTBS", "procedure_identifier": "TARE1G", "transition_identifier": "RW20L"}, "geometry": {"type": "MultiLineString", "coordinates": [[[100.73466389, 13.67127778], [100.69593333, 13.52424444], [100.57166667, 13.55528056], [100.57448333, 13.66239167], [100.57756389, 13.77857778], [100.47471944, 13.94214722], [100.24156944, 13.97508889], [99.91999167, 14.18358056], [99.52468611, 14.43875556]]]}}, {"type": "Feature", "properties": {"fid": 296, "area_code": "PAC", "airport_identifier": "VTBS", "procedure_identifier": "NUNL1Q", "transition_identifier": "RW02L"}, "geometry": {"type": "MultiLineString", "coordinates": [[[100.73844722, 13.70018889], [100.931825, 13.70310556], [101.12033889, 13.71554167], [101.22248611, 14.08675278], [101.17034167, 14.26378889], [101.09235278, 14.52818333], [100.81553056, 14.78699167], [99.38433333, 14.857625]]]}}, {"type": "Feature", "properties": {"fid": 302, "area_code": "PAC", "airport_identifier": "VTBS", "procedure_identifier": "DOSB1R", "transition_identifier": "RW20L"}, "geometry": {"type": "MultiLineString", "coordinates": [[[100.73466389, 13.67127778], [100.81497222, 13.63081667], [101.12033889, 13.71554167], [101.83388333, 13.87785]]]}}, {"type": "Feature", "properties": {"fid": 312, "area_code": "PAC", "airport_identifier": "VTBD", "procedure_identifier": "UPKU3A", "transition_identifier": "RW21R"}, "geometry": {"type": "MultiLineString", "coordinates": [[[100.59593889, 13.89701111], [100.48218889, 13.84046111], [100.41750833, 13.78061667], [100.43101944, 13.63743611], [100.57363611, 13.61210556], [100.96541667, 13.66918889], [101.26378889, 13.90141111], [101.44856667, 14.064625]]]}}, {"type": "Feature", "properties": {"fid": 322, "area_code": "PAC", "airport_identifier": "VTBS", "procedure_identifier": "UKER1J", "transition_identifier": "RW19"}, "geometry": {"type": "MultiLineString", "coordinates": [[[100.75232778, 13.60648056], [100.78757778, 13.48322222], [100.77083056, 13.41913333], [100.54620556, 13.39734722], [100.37930556, 13.21113889], [100.24331944, 13.05911111], [100.19014722, 12.99959167], [100.01933056, 12.03534722]]]}}, {"type": "Feature", "properties": {"fid": 331, "area_code": "PAC", "airport_identifier": "VTBS", "procedure_identifier": "UKER1E", "transition_identifier": "RW20R"}, "geometry": {"type": "MultiLineString", "coordinates": [[[100.72924444, 13.665175], [100.69593333, 13.52424444], [100.54620556, 13.39734722], [100.37930556, 13.21113889], [100.24331944, 13.05911111], [100.19014722, 12.99959167], [100.01933056, 12.03534722]]]}}, {"type": "Feature", "properties": {"fid": 338, "area_code": "PAC", "airport_identifier": "VTUD", "procedure_identifier": "ANPU1D", "transition_identifier": "RW30"}, "geometry": {"type": "MultiLineString", "coordinates": [[[102.72110833, 17.41930278], [102.61400833, 17.33931944], [102.54634722, 17.24186667], [102.62918889, 17.14475556], [102.69431389, 17.06831389], [102.780875, 16.96658333]]]}}, {"type": "Feature", "properties": {"fid": 345, "area_code": "PAC", "airport_identifier": "VTBD", "procedure_identifier": "SEMB2D", "transition_identifier": "RW03R"}, "geometry": {"type": "MultiLineString", "coordinates": [[[100.63663333, 13.96199167], [100.52439167, 14.063375], [100.30788889, 14.21763889], [100.27145556, 14.47099722], [100.33849167, 14.70990833], [100.26331111, 14.89976667]]]}}, {"type": "Feature", "properties": {"fid": 355, "area_code": "PAC", "airport_identifier": "VTBS", "procedure_identifier": "NUNL1K", "transition_identifier": "RW01"}, "geometry": {"type": "MultiLineString", "coordinates": [[[100.8534, 13.75975556], [100.97478056, 13.84905278], [100.98055278, 13.94610833], [101.00102222, 14.28896944], [100.65115556, 14.37744722], [100.43020556, 14.43283056], [100.30918889, 14.463375], [99.38433333, 14.857625]]]}}, {"type": "Feature", "properties": {"fid": 359, "area_code": "PAC", "airport_identifier": "VTPO", "procedure_identifier": "PEBL1C", "transition_identifier": "RW18"}, "geometry": {"type": "MultiLineString", "coordinates": [[[99.8142, 17.03486389], [99.87651667, 16.62495833], [100.29339167, 16.26831667]]]}}, {"type": "Feature", "properties": {"fid": 364, "area_code": "PAC", "airport_identifier": "VTPP", "procedure_identifier": "REME1B", "transition_identifier": "RW32"}, "geometry": {"type": "MultiLineString", "coordinates": [[[100.20938056, 16.87500833], [100.40613611, 17.01289167], [100.61641944, 17.00111944], [100.75870556, 16.99293333]]]}}, {"type": "Feature", "properties": {"fid": 370, "area_code": "PAC", "airport_identifier": "VTCC", "procedure_identifier": "LAMU2W", "transition_identifier": "RW18"}, "geometry": {"type": "MultiLineString", "coordinates": [[[98.96264444, 18.66938333], [98.87639167, 18.66955278], [98.787075, 18.85867778], [98.73900556, 18.96027222], [98.67896111, 19.08698333]]]}}, {"type": "Feature", "properties": {"fid": 383, "area_code": "PAC", "airport_identifier": "VTBS", "procedure_identifier": "OLVU1J", "transition_identifier": "RW19"}, "geometry": {"type": "MultiLineString", "coordinates": [[[100.75232778, 13.60648056], [100.78757778, 13.48322222], [100.77083056, 13.41913333], [100.56941389, 13.46946389], [100.57166667, 13.55528056], [100.57448333, 13.66239167], [100.57756389, 13.77857778], [100.47471944, 13.94214722], [100.38085556, 14.23797778], [100.30918889, 14.463375], [100.211175, 14.65788333]]]}}, {"type": "Feature", "properties": {"fid": 394, "area_code": "PAC", "airport_identifier": "VTBS", "procedure_identifier": "UGUV1G", "transition_identifier": "RW20L"}, "geometry": {"type": "MultiLineString", "coordinates": [[[100.73466389, 13.67127778], [100.69593333, 13.52424444], [100.57166667, 13.55528056], [100.57448333, 13.66239167], [100.57756389, 13.77857778], [100.47471944, 13.94214722], [100.38085556, 14.23797778], [100.30918889, 14.463375], [100.211175, 14.65788333], [100.19472222, 15.14305556]]]}}, {"type": "Feature", "properties": {"fid": 402, "area_code": "PAC", "airport_identifier": "VTCC", "procedure_identifier": "PANT2N", "transition_identifier": "RW36"}, "geometry": {"type": "MultiLineString", "coordinates": [[[98.96312778, 18.86471389], [99.08615, 18.86439722], [99.08573056, 18.73451111], [99.08551389, 18.66758611], [99.08515, 18.55194444], [99.085, 18.50515278], [99.32140278, 18.23088056]]]}}, {"type": "Feature", "properties": {"fid": 408, "area_code": "PAC", "airport_identifier": "VTSY", "procedure_identifier": "ERVE1A", "transition_identifier": "RW07"}, "geometry": {"type": "MultiLineString", "coordinates": [[[101.20541111, 5.80976389], [101.185825, 5.90035], [101.21844167, 5.99005], [101.26996111, 6.131675], [101.48144444, 6.20218889]]]}}, {"type": "Feature", "properties": {"fid": 412, "area_code": "PAC", "airport_identifier": "VTUQ", "procedure_identifier": "SAMB1A", "transition_identifier": "RW06"}, "geometry": {"type": "MultiLineString", "coordinates": [[[102.41196111, 15.00221111], [102.67283611, 14.98028333], [103.01111667, 15.04448611]]]}}, {"type": "Feature", "properties": {"fid": 418, "area_code": "PAC", "airport_identifier": "VTUQ", "procedure_identifier": "SAMB1B", "transition_identifier": "RW24"}, "geometry": {"type": "MultiLineString", "coordinates": [[[102.21355556, 14.89675278], [102.27131111, 14.79393611], [102.435925, 14.88140833], [102.67283611, 14.98028333], [103.01111667, 15.04448611]]]}}, {"type": "Feature", "properties": {"fid": 428, "area_code": "PAC", "airport_identifier": "VTBS", "procedure_identifier": "HHN1J", "transition_identifier": "RW19"}, "geometry": {"type": "MultiLineString", "coordinates": [[[100.75232778, 13.60648056], [100.78757778, 13.48322222], [100.77083056, 13.41913333], [100.54620556, 13.39734722], [100.37930556, 13.21113889], [100.24331944, 13.05911111], [100.19014722, 12.99959167], [99.95116667, 12.63441667]]]}}, {"type": "Feature", "properties": {"fid": 439, "area_code": "PAC", "airport_identifier": "VTBS", "procedure_identifier": "SELK1E", "transition_identifier": "RW20R"}, "geometry": {"type": "MultiLineString", "coordinates": [[[100.72924444, 13.665175], [100.69593333, 13.52424444], [100.57166667, 13.55528056], [100.57448333, 13.66239167], [100.65339167, 13.7547], [100.81148333, 13.75420278], [101.00205833, 13.75346944], [101.23103611, 13.75239167], [101.88631389, 14.33890556]]]}}, {"type": "Feature", "properties": {"fid": 444, "area_code": "PAC", "airport_identifier": "VTSF", "procedure_identifier": "GIFB1B", "transition_identifier": "RW19"}, "geometry": {"type": "MultiLineString", "coordinates": [[[99.92621944, 8.36410278], [100.08165556, 8.347825], [100.22025556, 8.34791111], [100.45398889, 8.540075]]]}}, {"type": "Feature", "properties": {"fid": 447, "area_code": "PAC", "airport_identifier": "VTSF", "procedure_identifier": "GIFB1B", "transition_identifier": "RELIP"}, "geometry": {"type": "MultiLineString", "coordinates": [[[100.45398889, 8.540075], [100.43847222, 8.07541667]]]}}, {"type": "Feature", "properties": {"fid": 450, "area_code": "PAC", "airport_identifier": "VTSF", "procedure_identifier": "GIFB1B", "transition_identifier": "UPNEP"}, "geometry": {"type": "MultiLineString", "coordinates": [[[100.45398889, 8.540075], [100.49344444, 9.70363889]]]}}, {"type": "Feature", "properties": {"fid": 459, "area_code": "PAC", "airport_identifier": "VTBS", "procedure_identifier": "BUT1U", "transition_identifier": "RW01"}, "geometry": {"type": "MultiLineString", "coordinates": [[[100.76103333, 13.69171389], [100.931825, 13.70310556], [101.08299722, 13.64540556], [101.05758333, 13.55293333], [100.999925, 13.342775], [100.81499722, 13.082125], [101.00047222, 12.66666667]]]}}, {"type": "Feature", "properties": {"fid": 476, "area_code": "PAC", "airport_identifier": "VTBS", "procedure_identifier": "NUNL1E", "transition_identifier": "RW20R"}, "geometry": {"type": "MultiLineString", "coordinates": [[[100.72924444, 13.665175], [100.69593333, 13.52424444], [100.57166667, 13.55528056], [100.57448333, 13.66239167], [100.57756389, 13.77857778], [100.47471944, 13.94214722], [100.38085556, 14.23797778], [100.30918889, 14.463375], [99.38433333, 14.857625]]]}}, {"type": "Feature", "properties": {"fid": 480, "area_code": "PAC", "airport_identifier": "VTSB", "procedure_identifier": "TOGI1C", "transition_identifier": "RW22"}, "geometry": {"type": "MultiLineString", "coordinates": [[[99.08494722, 9.08079167], [98.91854444, 9.315925], [98.86333333, 9.44972222]]]}}, {"type": "Feature", "properties": {"fid": 485, "area_code": "PAC", "airport_identifier": "VTSF", "procedure_identifier": "WADE1B", "transition_identifier": "RW19"}, "geometry": {"type": "MultiLineString", "coordinates": [[[99.92621944, 8.36410278], [99.92577222, 8.19660278], [100.08009167, 8.05700556], [100.38794444, 6.93411111]]]}}, {"type": "Feature", "properties": {"fid": 496, "area_code": "PAC", "airport_identifier": "VTCC", "procedure_identifier": "PUMA2N", "transition_identifier": "RW36"}, "geometry": {"type": "MultiLineString", "coordinates": [[[98.96312778, 18.86471389], [99.08615, 18.86439722], [99.08573056, 18.73451111], [99.08551389, 18.66758611], [99.08515, 18.55194444], [99.085, 18.50515278], [98.93009167, 18.28146111], [98.83363611, 18.14181944]]]}}, {"type": "Feature", "properties": {"fid": 499, "area_code": "PAC", "airport_identifier": "VTSB", "procedure_identifier": "LAMU1C", "transition_identifier": "RW22"}, "geometry": {"type": "MultiLineString", "coordinates": [[[99.08494722, 9.08079167], [98.86893333, 8.80486667]]]}}, {"type": "Feature", "properties": {"fid": 508, "area_code": "PAC", "airport_identifier": "VTSP", "procedure_identifier": "EMRI1A", "transition_identifier": "RW09"}, "geometry": {"type": "MultiLineString", "coordinates": [[[98.61166389, 8.14086667], [98.81122778, 8.10584722]]]}}, {"type": "Feature", "properties": {"fid": 514, "area_code": "PAC", "airport_identifier": "VTBS", "procedure_identifier": "LIPL1U", "transition_identifier": "RW01"}, "geometry": {"type": "MultiLineString", "coordinates": [[[100.76103333, 13.69171389], [100.931825, 13.70310556], [101.12033889, 13.71554167], [101.96565, 14.17434722]]]}}, {"type": "Feature", "properties": {"fid": 521, "area_code": "PAC", "airport_identifier": "VTBD", "procedure_identifier": "OLVU3A", "transition_identifier": "RW21R"}, "geometry": {"type": "MultiLineString", "coordinates": [[[100.59593889, 13.89701111], [100.32975556, 13.97181944], [100.308825, 14.15117222], [100.27145556, 14.47099722], [100.211175, 14.65788333]]]}}, {"type": "Feature", "properties": {"fid": 531, "area_code": "PAC", "airport_identifier": "VTBS", "procedure_identifier": "SEMB1Q", "transition_identifier": "RW02L"}, "geometry": {"type": "MultiLineString", "coordinates": [[[100.73844722, 13.70018889], [100.931825, 13.70310556], [101.12033889, 13.71554167], [101.22248611, 14.08675278], [101.17034167, 14.26378889], [101.09235278, 14.52818333], [100.81553056, 14.78699167], [100.26331111, 14.89976667]]]}}, {"type": "Feature", "properties": {"fid": 544, "area_code": "PAC", "airport_identifier": "VTBD", "procedure_identifier": "HHN3A", "transition_identifier": "RW21R"}, "geometry": {"type": "MultiLineString", "coordinates": [[[100.59593889, 13.89701111], [100.32975556, 13.97181944], [100.06517778, 13.98153333], [100.01415556, 13.91099722], [100.08079722, 13.6984], [100.19304444, 13.33951389], [100.19014722, 12.99959167], [99.95116667, 12.63441667]]]}}, {"type": "Feature", "properties": {"fid": 547, "area_code": "PAC", "airport_identifier": "VTUL", "procedure_identifier": "ANLU1B", "transition_identifier": "RW19"}, "geometry": {"type": "MultiLineString", "coordinates": [[[101.68889167, 17.33393889], [101.45151667, 17.22506944]]]}}, {"type": "Feature", "properties": {"fid": 551, "area_code": "PAC", "airport_identifier": "VTSS", "procedure_identifier": "ENVO1D", "transition_identifier": "RW08"}, "geometry": {"type": "MultiLineString", "coordinates": [[[100.49106389, 6.94485], [100.45934167, 7.19669167], [100.23506944, 7.49259722]]]}}, {"type": "Feature", "properties": {"fid": 557, "area_code": "PAC", "airport_identifier": "VTBS", "procedure_identifier": "LIPL1T", "transition_identifier": "RW19"}, "geometry": {"type": "MultiLineString", "coordinates": [[[100.75183056, 13.65669722], [100.81497222, 13.63081667], [101.12033889, 13.71554167], [101.96565, 14.17434722]]]}}, {"type": "Feature", "properties": {"fid": 560, "area_code": "PAC", "airport_identifier": "VTSB", "procedure_identifier": "TAVA1C", "transition_identifier": "RW22"}, "geometry": {"type": "MultiLineString", "coordinates": [[[99.08494722, 9.08079167], [99.07097778, 8.71571944]]]}}, {"type": "Feature", "properties": {"fid": 568, "area_code": "PAC", "airport_identifier": "VTBS", "procedure_identifier": "RYN1R", "transition_identifier": "RW20L"}, "geometry": {"type": "MultiLineString", "coordinates": [[[100.73466389, 13.67127778], [100.81497222, 13.63081667], [100.9199, 13.63003056], [101.35779167, 13.51517778], [101.58491667, 13.40169444], [101.67644444, 12.77863889]]]}}, {"type": "Feature", "properties": {"fid": 579, "area_code": "PAC", "airport_identifier": "VTBS", "procedure_identifier": "KASN1H", "transition_identifier": "RW02R"}, "geometry": {"type": "MultiLineString", "coordinates": [[[100.74317778, 13.70366944], [100.75808611, 13.76038056], [100.78180833, 13.85053333], [100.97478056, 13.84905278], [101.02249444, 13.75930278], [101.08299722, 13.64540556], [101.05758333, 13.55293333], [100.999925, 13.342775], [100.86885, 13.23605556], [100.6783, 13.08060278]]]}}, {"type": "Feature", "properties": {"fid": 585, "area_code": "PAC", "airport_identifier": "VTBD", "procedure_identifier": "BONV3C", "transition_identifier": "RW21L"}, "geometry": {"type": "MultiLineString", "coordinates": [[[100.60152778, 13.89956944], [100.32975556, 13.97181944], [100.06517778, 13.98153333], [99.76853333, 13.73624167]]]}}, {"type": "Feature", "properties": {"fid": 598, "area_code": "PAC", "airport_identifier": "VTBS", "procedure_identifier": "VANK1F", "transition_identifier": "RW02L"}, "geometry": {"type": "MultiLineString", "coordinates": [[[100.73844722, 13.70018889], [100.75808611, 13.76038056], [100.78180833, 13.85053333], [100.81033056, 13.95880556], [100.69347778, 14.06668889], [100.52433889, 14.09246944], [100.34487778, 14.11968333], [100.08079722, 13.6984], [100.19304444, 13.33951389], [100.19014722, 12.99959167], [99.76043056, 12.58640278]]]}}, {"type": "Feature", "properties": {"fid": 608, "area_code": "PAC", "airport_identifier": "VTBS", "procedure_identifier": "SEMB1P", "transition_identifier": "RW20R"}, "geometry": {"type": "MultiLineString", "coordinates": [[[100.72924444, 13.665175], [100.81497222, 13.63081667], [101.12033889, 13.71554167], [101.22248611, 14.08675278], [101.17034167, 14.26378889], [101.09235278, 14.52818333], [100.81553056, 14.78699167], [100.26331111, 14.89976667]]]}}, {"type": "Feature", "properties": {"fid": 618, "area_code": "PAC", "airport_identifier": "VTBS", "procedure_identifier": "RYN1S", "transition_identifier": "RW02R"}, "geometry": {"type": "MultiLineString", "coordinates": [[[100.74317778, 13.70366944], [100.931825, 13.70310556], [101.12033889, 13.71554167], [101.58491667, 13.40169444], [101.67644444, 12.77863889]]]}}, {"type": "Feature", "properties": {"fid": 621, "area_code": "PAC", "airport_identifier": "VTCL", "procedure_identifier": "KABM1C", "transition_identifier": "RW36"}, "geometry": {"type": "MultiLineString", "coordinates": [[[99.49713056, 18.35495278], [99.54640278, 18.46071667]]]}}, {"type": "Feature", "properties": {"fid": 634, "area_code": "PAC", "airport_identifier": "VTBS", "procedure_identifier": "REGO1F", "transition_identifier": "RW02L"}, "geometry": {"type": "MultiLineString", "coordinates": [[[100.73844722, 13.70018889], [100.75808611, 13.76038056], [100.78180833, 13.85053333], [100.97478056, 13.84905278], [101.02249444, 13.75930278], [101.08299722, 13.64540556], [101.05758333, 13.55293333], [100.999925, 13.342775], [100.86885, 13.23605556], [100.6783, 13.08060278], [100.58175, 12.00180556]]]}}, {"type": "Feature", "properties": {"fid": 648, "area_code": "PAC", "airport_identifier": "VTBS", "procedure_identifier": "NOBE2J", "transition_identifier": "RW19"}, "geometry": {"type": "MultiLineString", "coordinates": [[[100.75232778, 13.60648056], [100.78757778, 13.48322222], [100.77083056, 13.41913333], [100.56941389, 13.46946389], [100.57166667, 13.55528056], [100.57448333, 13.66239167], [100.57756389, 13.77857778], [100.47471944, 13.94214722], [100.38085556, 14.23797778], [100.30918889, 14.463375], [100.33849167, 14.70990833], [100.66833333, 15.27655556]]]}}, {"type": "Feature", "properties": {"fid": 651, "area_code": "PAC", "airport_identifier": "VTPP", "procedure_identifier": "POLO1B", "transition_identifier": "RW32"}, "geometry": {"type": "MultiLineString", "coordinates": [[[100.20938056, 16.87500833], [100.05772222, 17.21928611]]]}}, {"type": "Feature", "properties": {"fid": 660, "area_code": "PAC", "airport_identifier": "VTBD", "procedure_identifier": "DOSB3C", "transition_identifier": "RW21L"}, "geometry": {"type": "MultiLineString", "coordinates": [[[100.60152778, 13.89956944], [100.48218889, 13.84046111], [100.41750833, 13.78061667], [100.43101944, 13.63743611], [100.57363611, 13.61210556], [101.05455833, 13.52605], [101.83388333, 13.87785]]]}}, {"type": "Feature", "properties": {"fid": 670, "area_code": "PAC", "airport_identifier": "VTBS", "procedure_identifier": "SELK1G", "transition_identifier": "RW20L"}, "geometry": {"type": "MultiLineString", "coordinates": [[[100.73466389, 13.67127778], [100.69593333, 13.52424444], [100.57166667, 13.55528056], [100.57448333, 13.66239167], [100.65339167, 13.7547], [100.81148333, 13.75420278], [101.00205833, 13.75346944], [101.23103611, 13.75239167], [101.88631389, 14.33890556]]]}}, {"type": "Feature", "properties": {"fid": 675, "area_code": "PAC", "airport_identifier": "VTSP", "procedure_identifier": "REBE1B", "transition_identifier": "RW27"}, "geometry": {"type": "MultiLineString", "coordinates": [[[98.24047778, 7.88446944], [98.50037778, 7.77751389], [98.62671944, 7.72544444]]]}}, {"type": "Feature", "properties": {"fid": 678, "area_code": "PAC", "airport_identifier": "VTCT", "procedure_identifier": "PONU1A", "transition_identifier": "RW03"}, "geometry": {"type": "MultiLineString", "coordinates": [[[99.94997222, 20.06660278], [100.38494444, 20.31613889]]]}}, {"type": "Feature", "properties": {"fid": 687, "area_code": "PAC", "airport_identifier": "VTBS", "procedure_identifier": "HHN1E", "transition_identifier": "RW20R"}, "geometry": {"type": "MultiLineString", "coordinates": [[[100.72924444, 13.665175], [100.69593333, 13.52424444], [100.54620556, 13.39734722], [100.37930556, 13.21113889], [100.24331944, 13.05911111], [100.19014722, 12.99959167], [99.95116667, 12.63441667]]]}}, {"type": "Feature", "properties": {"fid": 697, "area_code": "PAC", "airport_identifier": "VTBS", "procedure_identifier": "LIPL1G", "transition_identifier": "RW20L"}, "geometry": {"type": "MultiLineString", "coordinates": [[[100.73466389, 13.67127778], [100.69593333, 13.52424444], [100.57166667, 13.55528056], [100.57448333, 13.66239167], [100.65339167, 13.7547], [100.81148333, 13.75420278], [101.00205833, 13.75346944], [101.23103611, 13.75239167], [101.96565, 14.17434722]]]}}, {"type": "Feature", "properties": {"fid": 706, "area_code": "PAC", "airport_identifier": "VTBD", "procedure_identifier": "ALBO3C", "transition_identifier": "RW21L"}, "geometry": {"type": "MultiLineString", "coordinates": [[[100.60152778, 13.89956944], [100.32975556, 13.97181944], [100.308825, 14.15117222], [100.27145556, 14.47099722], [100.36633889, 14.54301944], [100.71429722, 14.64918333], [101.02830556, 14.74491667]]]}}, {"type": "Feature", "properties": {"fid": 711, "area_code": "PAC", "airport_identifier": "VTSP", "procedure_identifier": "IGEV1B", "transition_identifier": "RW27"}, "geometry": {"type": "MultiLineString", "coordinates": [[[98.199025, 8.32086111], [98.29696944, 8.47063889], [98.38882778, 8.61099444]]]}}, {"type": "Feature", "properties": {"fid": 717, "area_code": "PAC", "airport_identifier": "VTBS", "procedure_identifier": "GOME1U", "transition_identifier": "RW01"}, "geometry": {"type": "MultiLineString", "coordinates": [[[100.76103333, 13.69171389], [100.931825, 13.70310556], [101.12033889, 13.71554167], [101.58491667, 13.40169444]]]}}, {"type": "Feature", "properties": {"fid": 723, "area_code": "PAC", "airport_identifier": "VTUD", "procedure_identifier": "TERC1D", "transition_identifier": "RW30"}, "geometry": {"type": "MultiLineString", "coordinates": [[[102.72110833, 17.41930278], [102.61400833, 17.33931944], [102.54634722, 17.24186667], [102.46571667, 17.12487222], [102.55221667, 16.93046111]]]}}, {"type": "Feature", "properties": {"fid": 731, "area_code": "PAC", "airport_identifier": "VTBD", "procedure_identifier": "SABI2D", "transition_identifier": "RW03R"}, "geometry": {"type": "MultiLineString", "coordinates": [[[100.63663333, 13.96199167], [100.52439167, 14.063375], [100.38263889, 14.018075], [100.22863333, 13.76026944], [100.19359167, 13.70150833], [100.19131111, 13.24135833], [100.19014722, 12.99959167]]]}}, {"type": "Feature", "properties": {"fid": 739, "area_code": "PAC", "airport_identifier": "VTBS", "procedure_identifier": "KASN1Q", "transition_identifier": "RW02L"}, "geometry": {"type": "MultiLineString", "coordinates": [[[100.73844722, 13.70018889], [100.931825, 13.70310556], [101.08299722, 13.64540556], [101.05758333, 13.55293333], [100.999925, 13.342775], [100.6783, 13.08060278]]]}}, {"type": "Feature", "properties": {"fid": 747, "area_code": "PAC", "airport_identifier": "VTCC", "procedure_identifier": "IGUD2S", "transition_identifier": "RW18"}, "geometry": {"type": "MultiLineString", "coordinates": [[[98.96235278, 18.55226111], [99.08515, 18.55194444], [99.08541944, 18.63560556], [99.08579167, 18.752725], [99.08635556, 18.92783333], [99.27975278, 18.92773333], [99.39226111, 18.84646944]]]}}, {"type": "Feature", "properties": {"fid": 754, "area_code": "PAC", "airport_identifier": "VTSF", "procedure_identifier": "TAWI1B", "transition_identifier": "RW19"}, "geometry": {"type": "MultiLineString", "coordinates": [[[99.92621944, 8.36410278], [100.08165556, 8.347825], [100.22025556, 8.34791111], [100.22086111, 8.54088056], [100.08920833, 8.84520833], [100.38489167, 9.47365556]]]}}, {"type": "Feature", "properties": {"fid": 765, "area_code": "PAC", "airport_identifier": "VTBS", "procedure_identifier": "SEMB2H", "transition_identifier": "RW02R"}, "geometry": {"type": "MultiLineString", "coordinates": [[[100.74317778, 13.70366944], [100.75808611, 13.76038056], [100.78180833, 13.85053333], [100.81033056, 13.95880556], [100.83314444, 14.04530833], [100.904175, 14.31351944], [100.65115556, 14.37744722], [100.43020556, 14.43283056], [100.33849167, 14.70990833], [100.26331111, 14.89976667]]]}}, {"type": "Feature", "properties": {"fid": 773, "area_code": "PAC", "airport_identifier": "VTBS", "procedure_identifier": "KASN1R", "transition_identifier": "RW20L"}, "geometry": {"type": "MultiLineString", "coordinates": [[[100.73466389, 13.67127778], [100.81497222, 13.63081667], [100.9199, 13.63003056], [100.91903611, 13.52239167], [100.91676944, 13.23603611], [100.6783, 13.08060278]]]}}, {"type": "Feature", "properties": {"fid": 779, "area_code": "PAC", "airport_identifier": "VTSM", "procedure_identifier": "UPNE1A", "transition_identifier": "RW17"}, "geometry": {"type": "MultiLineString", "coordinates": [[[100.09270278, 9.462575], [100.17986389, 9.46256667], [100.37179444, 9.61019167], [100.49344444, 9.70363889]]]}}, {"type": "Feature", "properties": {"fid": 788, "area_code": "PAC", "airport_identifier": "VTBS", "procedure_identifier": "ALBO1F", "transition_identifier": "RW02L"}, "geometry": {"type": "MultiLineString", "coordinates": [[[100.73844722, 13.70018889], [100.75808611, 13.76038056], [100.78180833, 13.85053333], [100.81033056, 13.95880556], [100.83314444, 14.04530833], [100.904175, 14.31351944], [101.02830556, 14.74491667]]]}}, {"type": "Feature", "properties": {"fid": 797, "area_code": "PAC", "airport_identifier": "VTBS", "procedure_identifier": "HOTE1Q", "transition_identifier": "RW02L"}, "geometry": {"type": "MultiLineString", "coordinates": [[[100.73844722, 13.70018889], [100.931825, 13.70310556], [101.08299722, 13.64540556], [101.05758333, 13.55293333], [100.999925, 13.342775], [100.6783, 13.08060278], [100.33008333, 13.00172222]]]}}, {"type": "Feature", "properties": {"fid": 811, "area_code": "PAC", "airport_identifier": "VTBS", "procedure_identifier": "KASN1P", "transition_identifier": "RW20R"}, "geometry": {"type": "MultiLineString", "coordinates": [[[100.72924444, 13.665175], [100.81497222, 13.63081667], [100.9199, 13.63003056], [100.91903611, 13.52239167], [100.91676944, 13.23603611], [100.6783, 13.08060278]]]}}, {"type": "Feature", "properties": {"fid": 820, "area_code": "PAC", "airport_identifier": "VTBS", "procedure_identifier": "ALBO1T", "transition_identifier": "RW19"}, "geometry": {"type": "MultiLineString", "coordinates": [[[100.75183056, 13.65669722], [100.81497222, 13.63081667], [101.12033889, 13.71554167], [101.22248611, 14.08675278], [101.17034167, 14.26378889], [101.09235278, 14.52818333], [101.02830556, 14.74491667]]]}}, {"type": "Feature", "properties": {"fid": 824, "area_code": "PAC", "airport_identifier": "VTUL", "procedure_identifier": "BOVG1A", "transition_identifier": "RW01"}, "geometry": {"type": "MultiLineString", "coordinates": [[[101.75527222, 17.54431944], [101.87211111, 17.51033056], [101.82643056, 17.12766944]]]}}, {"type": "Feature", "properties": {"fid": 829, "area_code": "PAC", "airport_identifier": "VTSB", "procedure_identifier": "NIXE1C", "transition_identifier": "RW22"}, "geometry": {"type": "MultiLineString", "coordinates": [[[99.08494722, 9.08079167], [99.169525, 8.99911667], [99.31213889, 9.14495], [99.43701389, 9.42141944]]]}}, {"type": "Feature", "properties": {"fid": 833, "area_code": "PAC", "airport_identifier": "VTCP", "procedure_identifier": "SUNG1E", "transition_identifier": "RW01"}, "geometry": {"type": "MultiLineString", "coordinates": [[[100.18432222, 18.32546667], [100.39606389, 18.38666389]]]}}, {"type": "Feature", "properties": {"fid": 838, "area_code": "PAC", "airport_identifier": "VTSM", "procedure_identifier": "OLBA1B", "transition_identifier": "RW35"}, "geometry": {"type": "MultiLineString", "coordinates": [[[100.08568611, 9.66898889], [100.12628333, 9.87546667], [100.31451389, 9.98037778]]]}}, {"type": "Feature", "properties": {"fid": 847, "area_code": "PAC", "airport_identifier": "VTBS", "procedure_identifier": "HOTE1T", "transition_identifier": "RW19"}, "geometry": {"type": "MultiLineString", "coordinates": [[[100.75183056, 13.65669722], [100.81497222, 13.63081667], [100.9199, 13.63003056], [100.91903611, 13.52239167], [100.91676944, 13.23603611], [100.6783, 13.08060278], [100.33008333, 13.00172222]]]}}, {"type": "Feature", "properties": {"fid": 853, "area_code": "PAC", "airport_identifier": "VTBD", "procedure_identifier": "PAST3C", "transition_identifier": "RW21L"}, "geometry": {"type": "MultiLineString", "coordinates": [[[100.60152778, 13.89956944], [100.32975556, 13.97181944], [100.06517778, 13.98153333], [99.50192778, 14.00125]]]}}, {"type": "Feature", "properties": {"fid": 859, "area_code": "PAC", "airport_identifier": "VTBS", "procedure_identifier": "KASN1E", "transition_identifier": "RW20R"}, "geometry": {"type": "MultiLineString", "coordinates": [[[100.72924444, 13.665175], [100.69593333, 13.52424444], [100.67947222, 13.28566667], [100.6783, 13.08060278]]]}}, {"type": "Feature", "properties": {"fid": 865, "area_code": "PAC", "airport_identifier": "VTUQ", "procedure_identifier": "VOBO1A", "transition_identifier": "RW06"}, "geometry": {"type": "MultiLineString", "coordinates": [[[102.41196111, 15.00221111], [102.46975833, 14.8994], [102.22827222, 14.77079722], [101.60604722, 14.56571389], [101.43657222, 14.62095278]]]}}, {"type": "Feature", "properties": {"fid": 870, "area_code": "PAC", "airport_identifier": "VTSM", "procedure_identifier": "DORN1A", "transition_identifier": "RW17"}, "geometry": {"type": "MultiLineString", "coordinates": [[[100.09270278, 9.462575], [99.92498611, 9.40020833], [99.77058333, 9.41630556]]]}}, {"type": "Feature", "properties": {"fid": 876, "area_code": "PAC", "airport_identifier": "VTBS", "procedure_identifier": "DOSB1T", "transition_identifier": "RW19"}, "geometry": {"type": "MultiLineString", "coordinates": [[[100.75183056, 13.65669722], [100.81497222, 13.63081667], [101.12033889, 13.71554167], [101.83388333, 13.87785]]]}}, {"type": "Feature", "properties": {"fid": 885, "area_code": "PAC", "airport_identifier": "VTBD", "procedure_identifier": "HHN1D", "transition_identifier": "RW03R"}, "geometry": {"type": "MultiLineString", "coordinates": [[[100.63663333, 13.96199167], [100.52439167, 14.063375], [100.38263889, 14.018075], [100.22863333, 13.76026944], [100.19359167, 13.70150833], [100.19131111, 13.24135833], [100.19014722, 12.99959167], [99.95116667, 12.63441667]]]}}, {"type": "Feature", "properties": {"fid": 895, "area_code": "PAC", "airport_identifier": "VTBS", "procedure_identifier": "SEMB1S", "transition_identifier": "RW02R"}, "geometry": {"type": "MultiLineString", "coordinates": [[[100.74317778, 13.70366944], [100.931825, 13.70310556], [101.12033889, 13.71554167], [101.22248611, 14.08675278], [101.17034167, 14.26378889], [101.09235278, 14.52818333], [100.81553056, 14.78699167], [100.26331111, 14.89976667]]]}}, {"type": "Feature", "properties": {"fid": 907, "area_code": "PAC", "airport_identifier": "VTBS", "procedure_identifier": "UGUV1E", "transition_identifier": "RW20R"}, "geometry": {"type": "MultiLineString", "coordinates": [[[100.72924444, 13.665175], [100.69593333, 13.52424444], [100.57166667, 13.55528056], [100.57448333, 13.66239167], [100.57756389, 13.77857778], [100.47471944, 13.94214722], [100.38085556, 14.23797778], [100.30918889, 14.463375], [100.211175, 14.65788333], [100.19472222, 15.14305556]]]}}, {"type": "Feature", "properties": {"fid": 913, "area_code": "PAC", "airport_identifier": "VTSP", "procedure_identifier": "SAVS1A", "transition_identifier": "RW09"}, "geometry": {"type": "MultiLineString", "coordinates": [[[98.61166389, 8.14086667], [98.61935833, 8.35725556], [98.62459167, 8.50444444]]]}}, {"type": "Feature", "properties": {"fid": 922, "area_code": "PAC", "airport_identifier": "VTBS", "procedure_identifier": "VANK1E", "transition_identifier": "RW20R"}, "geometry": {"type": "MultiLineString", "coordinates": [[[100.72924444, 13.665175], [100.69593333, 13.52424444], [100.54620556, 13.39734722], [100.37930556, 13.21113889], [100.24331944, 13.05911111], [100.19014722, 12.99959167], [99.76043056, 12.58640278]]]}}, {"type": "Feature", "properties": {"fid": 927, "area_code": "PAC", "airport_identifier": "VTSS", "procedure_identifier": "PADP1C", "transition_identifier": "RW26"}, "geometry": {"type": "MultiLineString", "coordinates": [[[100.29739444, 6.92051667], [100.28462778, 7.01218056], [100.05729722, 7.183875], [99.92551667, 7.28329444]]]}}, {"type": "Feature", "properties": {"fid": 931, "area_code": "PAC", "airport_identifier": "VTUK", "procedure_identifier": "ONUV1B", "transition_identifier": "RW21"}, "geometry": {"type": "MultiLineString", "coordinates": [[[102.72028611, 16.37180278], [102.61827222, 16.43526944], [102.44861667, 16.54116944]]]}}, {"type": "Feature", "properties": {"fid": 938, "area_code": "PAC", "airport_identifier": "VTBS", "procedure_identifier": "GOME1T", "transition_identifier": "RW19"}, "geometry": {"type": "MultiLineString", "coordinates": [[[100.75183056, 13.65669722], [100.81497222, 13.63081667], [100.9199, 13.63003056], [101.35779167, 13.51517778], [101.58491667, 13.40169444]]]}}, {"type": "Feature", "properties": {"fid": 943, "area_code": "PAC", "airport_identifier": "VTSP", "procedure_identifier": "ONET1B", "transition_identifier": "RW27"}, "geometry": {"type": "MultiLineString", "coordinates": [[[98.199025, 8.32086111], [98.47888333, 8.34717778], [98.77586667, 8.29927222]]]}}, {"type": "Feature", "properties": {"fid": 949, "area_code": "PAC", "airport_identifier": "VTUD", "procedure_identifier": "SURG1D", "transition_identifier": "RW30"}, "geometry": {"type": "MultiLineString", "coordinates": [[[102.72110833, 17.41930278], [102.61400833, 17.33931944], [102.54634722, 17.24186667], [102.46571667, 17.12487222], [102.40223889, 17.03274167]]]}}, {"type": "Feature", "properties": {"fid": 961, "area_code": "PAC", "airport_identifier": "VTBS", "procedure_identifier": "DOSB1U", "transition_identifier": "RW01"}, "geometry": {"type": "MultiLineString", "coordinates": [[[100.76103333, 13.69171389], [100.931825, 13.70310556], [101.12033889, 13.71554167], [101.83388333, 13.87785]]]}}, {"type": "Feature", "properties": {"fid": 970, "area_code": "PAC", "airport_identifier": "VTCC", "procedure_identifier": "PUMA2C", "transition_identifier": "RW36"}, "geometry": {"type": "MultiLineString", "coordinates": [[[98.96338889, 18.96936667], [99.08648889, 18.96905], [99.08573056, 18.73451111], [99.08551389, 18.66758611], [99.08515, 18.55194444], [99.085, 18.50515278], [98.93009167, 18.28146111], [98.83363611, 18.14181944]]]}}, {"type": "Feature", "properties": {"fid": 981, "area_code": "PAC", "airport_identifier": "VTBS", "procedure_identifier": "OLVU1H", "transition_identifier": "RW02R"}, "geometry": {"type": "MultiLineString", "coordinates": [[[100.74317778, 13.70366944], [100.75808611, 13.76038056], [100.78180833, 13.85053333], [100.81033056, 13.95880556], [100.83314444, 14.04530833], [100.904175, 14.31351944], [100.65115556, 14.37744722], [100.43020556, 14.43283056], [100.30918889, 14.463375], [100.211175, 14.65788333]]]}}, {"type": "Feature", "properties": {"fid": 988, "area_code": "PAC", "airport_identifier": "VTBS", "procedure_identifier": "RYN1Q", "transition_identifier": "RW02L"}, "geometry": {"type": "MultiLineString", "coordinates": [[[100.73844722, 13.70018889], [100.931825, 13.70310556], [101.12033889, 13.71554167], [101.58491667, 13.40169444], [101.67644444, 12.77863889]]]}}, {"type": "Feature", "properties": {"fid": 996, "area_code": "PAC", "airport_identifier": "VTSF", "procedure_identifier": "PEDO1A", "transition_identifier": "RW01"}, "geometry": {"type": "MultiLineString", "coordinates": [[[99.963325, 8.71566111], [100.07423889, 8.70403889], [100.185325, 8.69236667], [100.14960556, 8.35577222], [100.02736111, 8.24891667], [99.79748889, 8.06166944], [99.626, 7.50891667]]]}}, {"type": "Feature", "properties": {"fid": 1005, "area_code": "PAC", "airport_identifier": "VTBS", "procedure_identifier": "BUT1P", "transition_identifier": "RW20R"}, "geometry": {"type": "MultiLineString", "coordinates": [[[100.72924444, 13.665175], [100.81497222, 13.63081667], [100.9199, 13.63003056], [100.91903611, 13.52239167], [100.91676944, 13.23603611], [100.81499722, 13.082125], [101.00047222, 12.66666667]]]}}, {"type": "Feature", "properties": {"fid": 1013, "area_code": "PAC", "airport_identifier": "VTSM", "procedure_identifier": "ENRA1A", "transition_identifier": "RW17"}, "geometry": {"type": "MultiLineString", "coordinates": [[[100.09270278, 9.462575], [100.17986389, 9.46256667], [100.19406389, 9.54967778], [100.19246389, 9.63338333], [100.19052222, 9.73495556], [100.15863056, 10.03980833]]]}}, {"type": "Feature", "properties": {"fid": 1021, "area_code": "PAC", "airport_identifier": "VTSP", "procedure_identifier": "ANPU1A", "transition_identifier": "RW09"}, "geometry": {"type": "MultiLineString", "coordinates": [[[98.61166389, 8.14086667], [98.61966111, 7.92071389], [98.06913611, 7.87718056], [97.87121667, 7.86135556]]]}}, {"type": "Feature", "properties": {"fid": 1028, "area_code": "PAC", "airport_identifier": "VTBD", "procedure_identifier": "KASN1B", "transition_identifier": "RW03L"}, "geometry": {"type": "MultiLineString", "coordinates": [[[100.63343889, 13.96370833], [100.52439167, 14.063375], [100.38263889, 14.018075], [100.22863333, 13.76026944], [100.68003333, 13.38407222], [100.6783, 13.08060278]]]}}, {"type": "Feature", "properties": {"fid": 1033, "area_code": "PAC", "airport_identifier": "VTSM", "procedure_identifier": "ENRA1B", "transition_identifier": "RW35"}, "geometry": {"type": "MultiLineString", "coordinates": [[[100.08568611, 9.66898889], [100.12628333, 9.87546667], [100.15863056, 10.03980833]]]}}, {"type": "Feature", "properties": {"fid": 1037, "area_code": "PAC", "airport_identifier": "VTCL", "procedure_identifier": "OTBA1C", "transition_identifier": "RW36"}, "geometry": {"type": "MultiLineString", "coordinates": [[[99.49713056, 18.35495278], [99.72462778, 18.36714444], [99.93953333, 18.25393611]]]}}, {"type": "Feature", "properties": {"fid": 1044, "area_code": "PAC", "airport_identifier": "VTBS", "procedure_identifier": "GOME1H", "transition_identifier": "RW02R"}, "geometry": {"type": "MultiLineString", "coordinates": [[[100.74317778, 13.70366944], [100.75808611, 13.76038056], [100.78180833, 13.85053333], [100.97478056, 13.84905278], [101.237525, 13.68165], [101.58491667, 13.40169444]]]}}, {"type": "Feature", "properties": {"fid": 1053, "area_code": "PAC", "airport_identifier": "VTBS", "procedure_identifier": "HOTE1P", "transition_identifier": "RW20R"}, "geometry": {"type": "MultiLineString", "coordinates": [[[100.72924444, 13.665175], [100.81497222, 13.63081667], [100.9199, 13.63003056], [100.91903611, 13.52239167], [100.91676944, 13.23603611], [100.6783, 13.08060278], [100.33008333, 13.00172222]]]}}, {"type": "Feature", "properties": {"fid": 1061, "area_code": "PAC", "airport_identifier": "VTBS", "procedure_identifier": "GOME1F", "transition_identifier": "RW02L"}, "geometry": {"type": "MultiLineString", "coordinates": [[[100.73844722, 13.70018889], [100.75808611, 13.76038056], [100.78180833, 13.85053333], [100.97478056, 13.84905278], [101.237525, 13.68165], [101.58491667, 13.40169444]]]}}, {"type": "Feature", "properties": {"fid": 1070, "area_code": "PAC", "airport_identifier": "VTBD", "procedure_identifier": "KIGO3A", "transition_identifier": "RW21R"}, "geometry": {"type": "MultiLineString", "coordinates": [[[100.59593889, 13.89701111], [100.48218889, 13.84046111], [100.41750833, 13.78061667], [100.43101944, 13.63743611], [100.43863333, 13.55674444], [100.68003333, 13.38407222], [100.85175833, 13.11290556]]]}}, {"type": "Feature", "properties": {"fid": 1080, "area_code": "PAC", "airport_identifier": "VTBS", "procedure_identifier": "NOBE1S", "transition_identifier": "RW02R"}, "geometry": {"type": "MultiLineString", "coordinates": [[[100.74317778, 13.70366944], [100.931825, 13.70310556], [101.12033889, 13.71554167], [101.22248611, 14.08675278], [101.17034167, 14.26378889], [101.09235278, 14.52818333], [100.81553056, 14.78699167], [100.66833333, 15.27655556]]]}}, {"type": "Feature", "properties": {"fid": 1085, "area_code": "PAC", "airport_identifier": "VTSC", "procedure_identifier": "ERVE1A", "transition_identifier": "RW02"}, "geometry": {"type": "MultiLineString", "coordinates": [[[101.58492222, 6.45528889], [101.52579167, 6.31069444], [101.48144444, 6.20218889]]]}}, {"type": "Feature", "properties": {"fid": 1091, "area_code": "PAC", "airport_identifier": "VTBS", "procedure_identifier": "DOSB1S", "transition_identifier": "RW02R"}, "geometry": {"type": "MultiLineString", "coordinates": [[[100.74317778, 13.70366944], [100.931825, 13.70310556], [101.12033889, 13.71554167], [101.83388333, 13.87785]]]}}, {"type": "Feature", "properties": {"fid": 1099, "area_code": "PAC", "airport_identifier": "VTBS", "procedure_identifier": "GOME1J", "transition_identifier": "RW19"}, "geometry": {"type": "MultiLineString", "coordinates": [[[100.75232778, 13.60648056], [100.81515833, 13.57338333], [100.90070556, 13.57274444], [101.03035833, 13.571725], [101.35779167, 13.51517778], [101.58491667, 13.40169444]]]}}, {"type": "Feature", "properties": {"fid": 1104, "area_code": "PAC", "airport_identifier": "VTUL", "procedure_identifier": "ANLU1A", "transition_identifier": "RW01"}, "geometry": {"type": "MultiLineString", "coordinates": [[[101.75527222, 17.54431944], [101.63839167, 17.57823889], [101.57540833, 17.37798889], [101.45151667, 17.22506944]]]}}, {"type": "Feature", "properties": {"fid": 1109, "area_code": "PAC", "airport_identifier": "VTUD", "procedure_identifier": "ANPU1B", "transition_identifier": "RW12"}, "geometry": {"type": "MultiLineString", "coordinates": [[[102.85536111, 17.35354722], [102.83954167, 17.22979167], [102.81395833, 17.11510278], [102.780875, 16.96658333]]]}}, {"type": "Feature", "properties": {"fid": 1119, "area_code": "PAC", "airport_identifier": "VTBS", "procedure_identifier": "BUT1K", "transition_identifier": "RW01"}, "geometry": {"type": "MultiLineString", "coordinates": [[[100.8534, 13.75975556], [101.02249444, 13.75930278], [101.08299722, 13.64540556], [101.05758333, 13.55293333], [100.999925, 13.342775], [100.897425, 13.1984], [100.81499722, 13.082125], [101.00047222, 12.66666667]]]}}, {"type": "Feature", "properties": {"fid": 1128, "area_code": "PAC", "airport_identifier": "VTCC", "procedure_identifier": "MONL2N", "transition_identifier": "RW36"}, "geometry": {"type": "MultiLineString", "coordinates": [[[98.96312778, 18.86471389], [99.08615, 18.86439722], [99.08573056, 18.73451111], [99.08551389, 18.66758611], [99.24226389, 18.66706111], [99.36271944, 18.70359722], [99.46126667, 18.73341944], [99.62870833, 18.78394444]]]}}, {"type": "Feature", "properties": {"fid": 1141, "area_code": "PAC", "airport_identifier": "VTBS", "procedure_identifier": "UGUV1K", "transition_identifier": "RW01"}, "geometry": {"type": "MultiLineString", "coordinates": [[[100.8534, 13.75975556], [100.97478056, 13.84905278], [100.98055278, 13.94610833], [101.00102222, 14.28896944], [100.65115556, 14.37744722], [100.43020556, 14.43283056], [100.30918889, 14.463375], [100.211175, 14.65788333], [100.19472222, 15.14305556]]]}}, {"type": "Feature", "properties": {"fid": 1147, "area_code": "PAC", "airport_identifier": "VTBS", "procedure_identifier": "SELK1Q", "transition_identifier": "RW02L"}, "geometry": {"type": "MultiLineString", "coordinates": [[[100.73844722, 13.70018889], [100.931825, 13.70310556], [101.12033889, 13.71554167], [101.88631389, 14.33890556]]]}}, {"type": "Feature", "properties": {"fid": 1157, "area_code": "PAC", "airport_identifier": "VTPP", "procedure_identifier": "REME1A", "transition_identifier": "RW14"}, "geometry": {"type": "MultiLineString", "coordinates": [[[100.36928611, 16.66380556], [100.46753056, 16.73278333], [100.75870556, 16.99293333]]]}}, {"type": "Feature", "properties": {"fid": 1162, "area_code": "PAC", "airport_identifier": "VTCL", "procedure_identifier": "KABM1D", "transition_identifier": "RW18"}, "geometry": {"type": "MultiLineString", "coordinates": [[[99.51876111, 18.09642222], [99.78264167, 18.11661667], [99.76374722, 18.34656667], [99.54640278, 18.46071667]]]}}, {"type": "Feature", "properties": {"fid": 1171, "area_code": "PAC", "airport_identifier": "VTCC", "procedure_identifier": "MONL2C", "transition_identifier": "RW36"}, "geometry": {"type": "MultiLineString", "coordinates": [[[98.96338889, 18.96936667], [99.08648889, 18.96905], [99.08573056, 18.73451111], [99.08551389, 18.66758611], [99.24226389, 18.66706111], [99.36271944, 18.70359722], [99.46126667, 18.73341944], [99.62870833, 18.78394444]]]}}, {"type": "Feature", "properties": {"fid": 1183, "area_code": "PAC", "airport_identifier": "VTBS", "procedure_identifier": "NOBE2E", "transition_identifier": "RW20R"}, "geometry": {"type": "MultiLineString", "coordinates": [[[100.72924444, 13.665175], [100.69593333, 13.52424444], [100.57166667, 13.55528056], [100.57448333, 13.66239167], [100.57756389, 13.77857778], [100.47471944, 13.94214722], [100.38085556, 14.23797778], [100.30918889, 14.463375], [100.33849167, 14.70990833], [100.66833333, 15.27655556]]]}}, {"type": "Feature", "properties": {"fid": 1190, "area_code": "PAC", "airport_identifier": "VTBD", "procedure_identifier": "KIGO1D", "transition_identifier": "RW03R"}, "geometry": {"type": "MultiLineString", "coordinates": [[[100.63663333, 13.96199167], [100.52439167, 14.063375], [100.38263889, 14.018075], [100.22863333, 13.76026944], [100.68003333, 13.38407222], [100.85175833, 13.11290556]]]}}, {"type": "Feature", "properties": {"fid": 1195, "area_code": "PAC", "airport_identifier": "VTSB", "procedure_identifier": "ADLA1C", "transition_identifier": "RW22"}, "geometry": {"type": "MultiLineString", "coordinates": [[[99.08494722, 9.08079167], [99.169525, 8.99911667], [99.31213889, 9.14495], [99.51846111, 9.30277778]]]}}, {"type": "Feature", "properties": {"fid": 1201, "area_code": "PAC", "airport_identifier": "VTSR", "procedure_identifier": "TOGI1A", "transition_identifier": "RW02"}, "geometry": {"type": "MultiLineString", "coordinates": [[[98.42993333, 9.71775], [98.86333333, 9.44972222]]]}}, {"type": "Feature", "properties": {"fid": 1210, "area_code": "PAC", "airport_identifier": "VTUK", "procedure_identifier": "ALGI1A", "transition_identifier": "RW03"}, "geometry": {"type": "MultiLineString", "coordinates": [[[102.81886667, 16.51925556], [102.78189722, 16.88331667]]]}}, {"type": "Feature", "properties": {"fid": 1220, "area_code": "PAC", "airport_identifier": "VTBD", "procedure_identifier": "UKER3A", "transition_identifier": "RW21R"}, "geometry": {"type": "MultiLineString", "coordinates": [[[100.59593889, 13.89701111], [100.32975556, 13.97181944], [100.06517778, 13.98153333], [100.01415556, 13.91099722], [100.08079722, 13.6984], [100.19304444, 13.33951389], [100.19014722, 12.99959167], [100.01933056, 12.03534722]]]}}, {"type": "Feature", "properties": {"fid": 1224, "area_code": "PAC", "airport_identifier": "VTCL", "procedure_identifier": "IGNA1D", "transition_identifier": "RW18"}, "geometry": {"type": "MultiLineString", "coordinates": [[[99.51876111, 18.09642222], [99.52808611, 17.98478333], [99.56095833, 17.86208611]]]}}, {"type": "Feature", "properties": {"fid": 1230, "area_code": "PAC", "airport_identifier": "VTBD", "procedure_identifier": "TARE1B", "transition_identifier": "RW03L"}, "geometry": {"type": "MultiLineString", "coordinates": [[[100.63343889, 13.96370833], [100.52439167, 14.063375], [100.27514444, 14.09080278], [99.91999167, 14.18358056], [99.52468611, 14.43875556]]]}}, {"type": "Feature", "properties": {"fid": 1239, "area_code": "PAC", "airport_identifier": "VTBS", "procedure_identifier": "ALBO1Q", "transition_identifier": "RW02L"}, "geometry": {"type": "MultiLineString", "coordinates": [[[100.73844722, 13.70018889], [100.931825, 13.70310556], [101.12033889, 13.71554167], [101.22248611, 14.08675278], [101.17034167, 14.26378889], [101.09235278, 14.52818333], [101.02830556, 14.74491667]]]}}, {"type": "Feature", "properties": {"fid": 1246, "area_code": "PAC", "airport_identifier": "VTSS", "procedure_identifier": "KARM1C", "transition_identifier": "RW26"}, "geometry": {"type": "MultiLineString", "coordinates": [[[100.29739444, 6.92051667], [100.30784722, 6.83745278], [100.39090278, 6.75631944], [100.47576111, 6.64721389], [100.50290556, 6.5585], [100.5225, 6.4944]]]}}, {"type": "Feature", "properties": {"fid": 1253, "area_code": "PAC", "airport_identifier": "VTBS", "procedure_identifier": "GOME1P", "transition_identifier": "RW20R"}, "geometry": {"type": "MultiLineString", "coordinates": [[[100.72924444, 13.665175], [100.81497222, 13.63081667], [100.9199, 13.63003056], [101.35779167, 13.51517778], [101.58491667, 13.40169444]]]}}, {"type": "Feature", "properties": {"fid": 1265, "area_code": "PAC", "airport_identifier": "VTSG", "procedure_identifier": "STN2H", "transition_identifier": "RW14"}, "geometry": {"type": "MultiLineString", "coordinates": [[[98.99740556, 8.08548333], [99.00165556, 8.26480833], [99.13472222, 9.12947222]]]}}, {"type": "Feature", "properties": {"fid": 1269, "area_code": "PAC", "airport_identifier": "VTSM", "procedure_identifier": "RUMV1A", "transition_identifier": "RW17"}, "geometry": {"type": "MultiLineString", "coordinates": [[[100.09270278, 9.462575], [100.26658889, 9.28803611]]]}}, {"type": "Feature", "properties": {"fid": 1276, "area_code": "PAC", "airport_identifier": "VTBD", "procedure_identifier": "KASN1D", "transition_identifier": "RW03R"}, "geometry": {"type": "MultiLineString", "coordinates": [[[100.63663333, 13.96199167], [100.52439167, 14.063375], [100.38263889, 14.018075], [100.22863333, 13.76026944], [100.68003333, 13.38407222], [100.6783, 13.08060278]]]}}, {"type": "Feature", "properties": {"fid": 1283, "area_code": "PAC", "airport_identifier": "VTSY", "procedure_identifier": "ERVE1B", "transition_identifier": "RW25"}, "geometry": {"type": "MultiLineString", "coordinates": [[[101.09570556, 5.77025556], [101.07871111, 5.81752778], [101.185825, 5.90035], [101.21844167, 5.99005], [101.26996111, 6.131675], [101.48144444, 6.20218889]]]}}, {"type": "Feature", "properties": {"fid": 1291, "area_code": "PAC", "airport_identifier": "VTBD", "procedure_identifier": "UGUV3C", "transition_identifier": "RW21L"}, "geometry": {"type": "MultiLineString", "coordinates": [[[100.60152778, 13.89956944], [100.32975556, 13.97181944], [100.308825, 14.15117222], [100.27145556, 14.47099722], [100.211175, 14.65788333], [100.19472222, 15.14305556]]]}}, {"type": "Feature", "properties": {"fid": 1297, "area_code": "PAC", "airport_identifier": "VTBS", "procedure_identifier": "LIPL1H", "transition_identifier": "RW02R"}, "geometry": {"type": "MultiLineString", "coordinates": [[[100.74317778, 13.70366944], [100.75808611, 13.76038056], [100.78180833, 13.85053333], [100.97478056, 13.84905278], [101.96565, 14.17434722]]]}}, {"type": "Feature", "properties": {"fid": 1307, "area_code": "PAC", "airport_identifier": "VTBS", "procedure_identifier": "NOBE2K", "transition_identifier": "RW01"}, "geometry": {"type": "MultiLineString", "coordinates": [[[100.8534, 13.75975556], [100.97478056, 13.84905278], [100.98055278, 13.94610833], [101.00102222, 14.28896944], [100.65115556, 14.37744722], [100.43020556, 14.43283056], [100.33849167, 14.70990833], [100.66833333, 15.27655556]]]}}, {"type": "Feature", "properties": {"fid": 1310, "area_code": "PAC", "airport_identifier": "VTSB", "procedure_identifier": "EMVE1C", "transition_identifier": "RW22"}, "geometry": {"type": "MultiLineString", "coordinates": [[[99.08494722, 9.08079167], [99.35601944, 8.74377222]]]}}, {"type": "Feature", "properties": {"fid": 1321, "area_code": "PAC", "airport_identifier": "VTBS", "procedure_identifier": "BONV1K", "transition_identifier": "RW01"}, "geometry": {"type": "MultiLineString", "coordinates": [[[100.8534, 13.75975556], [100.97478056, 13.84905278], [100.98055278, 13.94610833], [100.83314444, 14.04530833], [100.69347778, 14.06668889], [100.52433889, 14.09246944], [100.34487778, 14.11968333], [100.06517778, 13.98153333], [99.76853333, 13.73624167]]]}}, {"type": "Feature", "properties": {"fid": 1325, "area_code": "PAC", "airport_identifier": "VTUL", "procedure_identifier": "BARC1B", "transition_identifier": "RW19"}, "geometry": {"type": "MultiLineString", "coordinates": [[[101.68889167, 17.33393889], [101.48821667, 17.33713333], [101.20522222, 17.37908889]]]}}, {"type": "Feature", "properties": {"fid": 1331, "area_code": "PAC", "airport_identifier": "VTBS", "procedure_identifier": "SELK1U", "transition_identifier": "RW01"}, "geometry": {"type": "MultiLineString", "coordinates": [[[100.76103333, 13.69171389], [100.931825, 13.70310556], [101.12033889, 13.71554167], [101.88631389, 14.33890556]]]}}, {"type": "Feature", "properties": {"fid": 1339, "area_code": "PAC", "airport_identifier": "VTBD", "procedure_identifier": "RYN1B", "transition_identifier": "RW03L"}, "geometry": {"type": "MultiLineString", "coordinates": [[[100.63343889, 13.96370833], [100.52439167, 14.063375], [100.38263889, 14.018075], [100.22863333, 13.76026944], [100.64598333, 13.64230556], [101.05455833, 13.52605], [101.67644444, 12.77863889]]]}}, {"type": "Feature", "properties": {"fid": 1343, "area_code": "PAC", "airport_identifier": "VTSP", "procedure_identifier": "SATV1A", "transition_identifier": "RW09"}, "geometry": {"type": "MultiLineString", "coordinates": [[[98.61166389, 8.14086667], [98.61935833, 8.35725556], [97.96557778, 8.48390833]]]}}, {"type": "Feature", "properties": {"fid": 1355, "area_code": "PAC", "airport_identifier": "VTBS", "procedure_identifier": "SEMB2F", "transition_identifier": "RW02L"}, "geometry": {"type": "MultiLineString", "coordinates": [[[100.73844722, 13.70018889], [100.75808611, 13.76038056], [100.78180833, 13.85053333], [100.81033056, 13.95880556], [100.83314444, 14.04530833], [100.904175, 14.31351944], [100.65115556, 14.37744722], [100.43020556, 14.43283056], [100.33849167, 14.70990833], [100.26331111, 14.89976667]]]}}, {"type": "Feature", "properties": {"fid": 1364, "area_code": "PAC", "airport_identifier": "VTBS", "procedure_identifier": "REGO1P", "transition_identifier": "RW20R"}, "geometry": {"type": "MultiLineString", "coordinates": [[[100.72924444, 13.665175], [100.81497222, 13.63081667], [100.9199, 13.63003056], [100.91903611, 13.52239167], [100.91676944, 13.23603611], [100.6783, 13.08060278], [100.58175, 12.00180556]]]}}, {"type": "Feature", "properties": {"fid": 1370, "area_code": "PAC", "airport_identifier": "VTBS", "procedure_identifier": "DOSB1P", "transition_identifier": "RW20R"}, "geometry": {"type": "MultiLineString", "coordinates": [[[100.72924444, 13.665175], [100.81497222, 13.63081667], [101.12033889, 13.71554167], [101.83388333, 13.87785]]]}}, {"type": "Feature", "properties": {"fid": 1381, "area_code": "PAC", "airport_identifier": "VTBS", "procedure_identifier": "LIPL1E", "transition_identifier": "RW20R"}, "geometry": {"type": "MultiLineString", "coordinates": [[[100.72924444, 13.665175], [100.69593333, 13.52424444], [100.57166667, 13.55528056], [100.57448333, 13.66239167], [100.65339167, 13.7547], [100.81148333, 13.75420278], [101.00205833, 13.75346944], [101.23103611, 13.75239167], [101.96565, 14.17434722]]]}}, {"type": "Feature", "properties": {"fid": 1387, "area_code": "PAC", "airport_identifier": "VTBS", "procedure_identifier": "GOME1S", "transition_identifier": "RW02R"}, "geometry": {"type": "MultiLineString", "coordinates": [[[100.74317778, 13.70366944], [100.931825, 13.70310556], [101.12033889, 13.71554167], [101.58491667, 13.40169444]]]}}, {"type": "Feature", "properties": {"fid": 1396, "area_code": "PAC", "airport_identifier": "VTBD", "procedure_identifier": "DOSB3A", "transition_identifier": "RW21R"}, "geometry": {"type": "MultiLineString", "coordinates": [[[100.59593889, 13.89701111], [100.48218889, 13.84046111], [100.41750833, 13.78061667], [100.43101944, 13.63743611], [100.57363611, 13.61210556], [101.05455833, 13.52605], [101.83388333, 13.87785]]]}}, {"type": "Feature", "properties": {"fid": 1399, "area_code": "PAC", "airport_identifier": "VTPP", "procedure_identifier": "GOST1B", "transition_identifier": "RW32"}, "geometry": {"type": "MultiLineString", "coordinates": [[[100.20938056, 16.87500833], [100.37495278, 17.26591667]]]}}, {"type": "Feature", "properties": {"fid": 1408, "area_code": "PAC", "airport_identifier": "VTBD", "procedure_identifier": "KIGO3C", "transition_identifier": "RW21L"}, "geometry": {"type": "MultiLineString", "coordinates": [[[100.60152778, 13.89956944], [100.48218889, 13.84046111], [100.41750833, 13.78061667], [100.43101944, 13.63743611], [100.43863333, 13.55674444], [100.68003333, 13.38407222], [100.85175833, 13.11290556]]]}}, {"type": "Feature", "properties": {"fid": 1414, "area_code": "PAC", "airport_identifier": "VTPP", "procedure_identifier": "POLO1A", "transition_identifier": "RW14"}, "geometry": {"type": "MultiLineString", "coordinates": [[[100.36928611, 16.66380556], [100.46753056, 16.73278333], [100.32426389, 16.92213056], [100.18256389, 17.10893611], [100.05772222, 17.21928611]]]}}, {"type": "Feature", "properties": {"fid": 1423, "area_code": "PAC", "airport_identifier": "VTBS", "procedure_identifier": "HOTE1S", "transition_identifier": "RW02R"}, "geometry": {"type": "MultiLineString", "coordinates": [[[100.74317778, 13.70366944], [100.931825, 13.70310556], [101.08299722, 13.64540556], [101.05758333, 13.55293333], [100.999925, 13.342775], [100.6783, 13.08060278], [100.33008333, 13.00172222]]]}}, {"type": "Feature", "properties": {"fid": 1435, "area_code": "PAC", "airport_identifier": "VTBS", "procedure_identifier": "KASN1F", "transition_identifier": "RW02L"}, "geometry": {"type": "MultiLineString", "coordinates": [[[100.73844722, 13.70018889], [100.75808611, 13.76038056], [100.78180833, 13.85053333], [100.97478056, 13.84905278], [101.02249444, 13.75930278], [101.08299722, 13.64540556], [101.05758333, 13.55293333], [100.999925, 13.342775], [100.86885, 13.23605556], [100.6783, 13.08060278]]]}}, {"type": "Feature", "properties": {"fid": 1442, "area_code": "PAC", "airport_identifier": "VTCP", "procedure_identifier": "SUNG1A", "transition_identifier": "RW19"}, "geometry": {"type": "MultiLineString", "coordinates": [[[100.14144167, 17.90294444], [100.34445278, 17.88401667], [100.35639444, 18.00058611], [100.37516667, 18.18350833], [100.39606389, 18.38666389]]]}}, {"type": "Feature", "properties": {"fid": 1448, "area_code": "PAC", "airport_identifier": "VTBS", "procedure_identifier": "LIPL1S", "transition_identifier": "RW02R"}, "geometry": {"type": "MultiLineString", "coordinates": [[[100.74317778, 13.70366944], [100.931825, 13.70310556], [101.12033889, 13.71554167], [101.96565, 14.17434722]]]}}, {"type": "Feature", "properties": {"fid": 1453, "area_code": "PAC", "airport_identifier": "VTCC", "procedure_identifier": "PAE1A", "transition_identifier": "RW18"}, "geometry": {"type": "MultiLineString", "coordinates": [[[98.96122222, 18.76611111], [100.16625, 18.13413889]]]}}, {"type": "Feature", "properties": {"fid": 1458, "area_code": "PAC", "airport_identifier": "VTCH", "procedure_identifier": "BOKI1L", "transition_identifier": "RW29"}, "geometry": {"type": "MultiLineString", "coordinates": [[[97.92945278, 19.31571667], [97.922, 19.10333333], [98.19901667, 19.08670278], [98.37366667, 19.076]]]}}, {"type": "Feature", "properties": {"fid": 1468, "area_code": "PAC", "airport_identifier": "VTBS", "procedure_identifier": "NUNL1G", "transition_identifier": "RW20L"}, "geometry": {"type": "MultiLineString", "coordinates": [[[100.73466389, 13.67127778], [100.69593333, 13.52424444], [100.57166667, 13.55528056], [100.57448333, 13.66239167], [100.57756389, 13.77857778], [100.47471944, 13.94214722], [100.38085556, 14.23797778], [100.30918889, 14.463375], [99.38433333, 14.857625]]]}}, {"type": "Feature", "properties": {"fid": 1481, "area_code": "PAC", "airport_identifier": "VTBS", "procedure_identifier": "PAST1J", "transition_identifier": "RW19"}, "geometry": {"type": "MultiLineString", "coordinates": [[[100.75232778, 13.60648056], [100.78757778, 13.48322222], [100.77083056, 13.41913333], [100.56941389, 13.46946389], [100.57166667, 13.55528056], [100.57448333, 13.66239167], [100.57756389, 13.77857778], [100.47471944, 13.94214722], [100.24156944, 13.97508889], [100.06517778, 13.98153333], [99.50192778, 14.00125]]]}}, {"type": "Feature", "properties": {"fid": 1487, "area_code": "PAC", "airport_identifier": "VTBS", "procedure_identifier": "GOME1Q", "transition_identifier": "RW02L"}, "geometry": {"type": "MultiLineString", "coordinates": [[[100.73844722, 13.70018889], [100.931825, 13.70310556], [101.12033889, 13.71554167], [101.58491667, 13.40169444]]]}}, {"type": "Feature", "properties": {"fid": 1495, "area_code": "PAC", "airport_identifier": "VTBD", "procedure_identifier": "RYN1D", "transition_identifier": "RW03R"}, "geometry": {"type": "MultiLineString", "coordinates": [[[100.63663333, 13.96199167], [100.52439167, 14.063375], [100.38263889, 14.018075], [100.22863333, 13.76026944], [100.64598333, 13.64230556], [101.05455833, 13.52605], [101.67644444, 12.77863889]]]}}, {"type": "Feature", "properties": {"fid": 1501, "area_code": "PAC", "airport_identifier": "VTBS", "procedure_identifier": "LIPL1Q", "transition_identifier": "RW02L"}, "geometry": {"type": "MultiLineString", "coordinates": [[[100.73844722, 13.70018889], [100.931825, 13.70310556], [101.12033889, 13.71554167], [101.96565, 14.17434722]]]}}, {"type": "Feature", "properties": {"fid": 1510, "area_code": "PAC", "airport_identifier": "VTBD", "procedure_identifier": "GORS3C", "transition_identifier": "RW21L"}, "geometry": {"type": "MultiLineString", "coordinates": [[[100.60152778, 13.89956944], [100.48218889, 13.84046111], [100.41750833, 13.78061667], [100.43101944, 13.63743611], [100.57363611, 13.61210556], [101.05455833, 13.52605], [101.35779167, 13.51517778]]]}}, {"type": "Feature", "properties": {"fid": 1515, "area_code": "PAC", "airport_identifier": "VTSR", "procedure_identifier": "PUT1A", "transition_identifier": "RW20"}, "geometry": {"type": "MultiLineString", "coordinates": [[[98.41978889, 9.428925], [98.51776389, 9.36454167], [98.30697222, 8.11394444]]]}}, {"type": "Feature", "properties": {"fid": 1518, "area_code": "PAC", "airport_identifier": "VTPP", "procedure_identifier": "IGPO1B", "transition_identifier": "RW32"}, "geometry": {"type": "MultiLineString", "coordinates": [[[100.20938056, 16.87500833], [99.785475, 16.83391111]]]}}, {"type": "Feature", "properties": {"fid": 1522, "area_code": "PAC", "airport_identifier": "VTCT", "procedure_identifier": "DUBE1B", "transition_identifier": "RW21"}, "geometry": {"type": "MultiLineString", "coordinates": [[[99.81595, 19.83806667], [100.03230278, 19.72441389], [100.20189722, 19.54706111]]]}}, {"type": "Feature", "properties": {"fid": 1529, "area_code": "PAC", "airport_identifier": "VTSY", "procedure_identifier": "PETA1B", "transition_identifier": "RW25"}, "geometry": {"type": "MultiLineString", "coordinates": [[[101.09570556, 5.77025556], [101.07871111, 5.81752778], [101.185825, 5.90035], [101.21844167, 5.99005], [101.26996111, 6.131675], [101.32918889, 6.29439444]]]}}, {"type": "Feature", "properties": {"fid": 1534, "area_code": "PAC", "airport_identifier": "VTUD", "procedure_identifier": "TERC1B", "transition_identifier": "RW12"}, "geometry": {"type": "MultiLineString", "coordinates": [[[102.85536111, 17.35354722], [102.83954167, 17.22979167], [102.77861389, 17.12816389], [102.55221667, 16.93046111]]]}}, {"type": "Feature", "properties": {"fid": 1538, "area_code": "PAC", "airport_identifier": "VTSP", "procedure_identifier": "IGEV1A", "transition_identifier": "RW09"}, "geometry": {"type": "MultiLineString", "coordinates": [[[98.61166389, 8.14086667], [98.61935833, 8.35725556], [98.38882778, 8.61099444]]]}}, {"type": "Feature", "properties": {"fid": 1544, "area_code": "PAC", "airport_identifier": "VTBD", "procedure_identifier": "PAST1B", "transition_identifier": "RW03L"}, "geometry": {"type": "MultiLineString", "coordinates": [[[100.63343889, 13.96370833], [100.52439167, 14.063375], [100.38263889, 14.018075], [100.25600278, 13.97455556], [99.50192778, 14.00125]]]}}, {"type": "Feature", "properties": {"fid": 1555, "area_code": "PAC", "airport_identifier": "VTBS", "procedure_identifier": "NOBE2H", "transition_identifier": "RW02R"}, "geometry": {"type": "MultiLineString", "coordinates": [[[100.74317778, 13.70366944], [100.75808611, 13.76038056], [100.78180833, 13.85053333], [100.81033056, 13.95880556], [100.83314444, 14.04530833], [100.904175, 14.31351944], [100.65115556, 14.37744722], [100.43020556, 14.43283056], [100.33849167, 14.70990833], [100.66833333, 15.27655556]]]}}, {"type": "Feature", "properties": {"fid": 1567, "area_code": "PAC", "airport_identifier": "VTBS", "procedure_identifier": "HHN1H", "transition_identifier": "RW02R"}, "geometry": {"type": "MultiLineString", "coordinates": [[[100.74317778, 13.70366944], [100.75808611, 13.76038056], [100.78180833, 13.85053333], [100.81033056, 13.95880556], [100.69347778, 14.06668889], [100.52433889, 14.09246944], [100.34487778, 14.11968333], [100.08079722, 13.6984], [100.19304444, 13.33951389], [100.19014722, 12.99959167], [99.95116667, 12.63441667]]]}}, {"type": "Feature", "properties": {"fid": 1574, "area_code": "PAC", "airport_identifier": "VTBD", "procedure_identifier": "DOSB1B", "transition_identifier": "RW03L"}, "geometry": {"type": "MultiLineString", "coordinates": [[[100.63343889, 13.96370833], [100.52439167, 14.063375], [100.38263889, 14.018075], [100.22863333, 13.76026944], [100.64598333, 13.64230556], [101.83388333, 13.87785]]]}}, {"type": "Feature", "properties": {"fid": 1583, "area_code": "PAC", "airport_identifier": "VTBS", "procedure_identifier": "REGO1U", "transition_identifier": "RW01"}, "geometry": {"type": "MultiLineString", "coordinates": [[[100.76103333, 13.69171389], [100.931825, 13.70310556], [101.08299722, 13.64540556], [101.05758333, 13.55293333], [100.999925, 13.342775], [100.6783, 13.08060278], [100.58175, 12.00180556]]]}}, {"type": "Feature", "properties": {"fid": 1592, "area_code": "PAC", "airport_identifier": "VTBS", "procedure_identifier": "HOTE1U", "transition_identifier": "RW01"}, "geometry": {"type": "MultiLineString", "coordinates": [[[100.76103333, 13.69171389], [100.931825, 13.70310556], [101.08299722, 13.64540556], [101.05758333, 13.55293333], [100.999925, 13.342775], [100.6783, 13.08060278], [100.33008333, 13.00172222]]]}}, {"type": "Feature", "properties": {"fid": 1603, "area_code": "PAC", "airport_identifier": "VTBS", "procedure_identifier": "NOBE2G", "transition_identifier": "RW20L"}, "geometry": {"type": "MultiLineString", "coordinates": [[[100.73466389, 13.67127778], [100.69593333, 13.52424444], [100.57166667, 13.55528056], [100.57448333, 13.66239167], [100.57756389, 13.77857778], [100.47471944, 13.94214722], [100.38085556, 14.23797778], [100.30918889, 14.463375], [100.33849167, 14.70990833], [100.66833333, 15.27655556]]]}}, {"type": "Feature", "properties": {"fid": 1607, "area_code": "PAC", "airport_identifier": "VTSF", "procedure_identifier": "TAWI1A", "transition_identifier": "RW01"}, "geometry": {"type": "MultiLineString", "coordinates": [[[99.963325, 8.71566111], [100.08920833, 8.84520833], [100.38489167, 9.47365556]]]}}, {"type": "Feature", "properties": {"fid": 1611, "area_code": "PAC", "airport_identifier": "VTUD", "procedure_identifier": "ESGI1D", "transition_identifier": "RW30"}, "geometry": {"type": "MultiLineString", "coordinates": [[[102.72110833, 17.41930278], [102.48715278, 17.40217222], [102.25386944, 17.41618056]]]}}, {"type": "Feature", "properties": {"fid": 1616, "area_code": "PAC", "airport_identifier": "VTSM", "procedure_identifier": "MESE1A", "transition_identifier": "RW17"}, "geometry": {"type": "MultiLineString", "coordinates": [[[100.09270278, 9.462575], [99.90465556, 9.24050556], [99.80440278, 9.12195833]]]}}, {"type": "Feature", "properties": {"fid": 1621, "area_code": "PAC", "airport_identifier": "VTSP", "procedure_identifier": "EMRI1B", "transition_identifier": "RW27"}, "geometry": {"type": "MultiLineString", "coordinates": [[[98.24047778, 7.88446944], [98.52146667, 7.89536667], [98.81122778, 8.10584722]]]}}, {"type": "Feature", "properties": {"fid": 1627, "area_code": "PAC", "airport_identifier": "VTBS", "procedure_identifier": "BUT1G", "transition_identifier": "RW20L"}, "geometry": {"type": "MultiLineString", "coordinates": [[[100.73466389, 13.67127778], [100.69593333, 13.52424444], [100.67947222, 13.28566667], [100.81499722, 13.082125], [101.00047222, 12.66666667]]]}}, {"type": "Feature", "properties": {"fid": 1636, "area_code": "PAC", "airport_identifier": "VTBD", "procedure_identifier": "SABI3C", "transition_identifier": "RW21L"}, "geometry": {"type": "MultiLineString", "coordinates": [[[100.60152778, 13.89956944], [100.32975556, 13.97181944], [100.06517778, 13.98153333], [100.01415556, 13.91099722], [100.08079722, 13.6984], [100.19304444, 13.33951389], [100.19014722, 12.99959167]]]}}, {"type": "Feature", "properties": {"fid": 1641, "area_code": "PAC", "airport_identifier": "VTBD", "procedure_identifier": "ROBK1D", "transition_identifier": "RW03R"}, "geometry": {"type": "MultiLineString", "coordinates": [[[100.63663333, 13.96199167], [100.69964444, 14.09517778], [101.09772222, 14.06595556], [101.418875, 14.17859722]]]}}, {"type": "Feature", "properties": {"fid": 1646, "area_code": "PAC", "airport_identifier": "VTBD", "procedure_identifier": "UPKU1D", "transition_identifier": "RW03R"}, "geometry": {"type": "MultiLineString", "coordinates": [[[100.63663333, 13.96199167], [100.69964444, 14.09517778], [101.09772222, 14.06595556], [101.44856667, 14.064625]]]}}, {"type": "Feature", "properties": {"fid": 1653, "area_code": "PAC", "airport_identifier": "VTSG", "procedure_identifier": "TUNR1F", "transition_identifier": "RW32"}, "geometry": {"type": "MultiLineString", "coordinates": [[[99.08827778, 8.15983889], [99.12213889, 8.05622778], [98.96797778, 7.92009444], [99.07934167, 7.79475278], [99.31803056, 7.79353889]]]}}, {"type": "Feature", "properties": {"fid": 1658, "area_code": "PAC", "airport_identifier": "VTCC", "procedure_identifier": "CTR1A", "transition_identifier": "RW18"}, "geometry": {"type": "MultiLineString", "coordinates": [[[98.96122222, 18.76611111], [99.88313889, 19.94886111]]]}}, {"type": "Feature", "properties": {"fid": 1669, "area_code": "PAC", "airport_identifier": "VTBS", "procedure_identifier": "TARE1K", "transition_identifier": "RW01"}, "geometry": {"type": "MultiLineString", "coordinates": [[[100.8534, 13.75975556], [100.97478056, 13.84905278], [100.98055278, 13.94610833], [100.83314444, 14.04530833], [100.69347778, 14.06668889], [100.52433889, 14.09246944], [100.34487778, 14.11968333], [99.91999167, 14.18358056], [99.52468611, 14.43875556]]]}}, {"type": "Feature", "properties": {"fid": 1675, "area_code": "PAC", "airport_identifier": "VTBS", "procedure_identifier": "REGO1G", "transition_identifier": "RW20L"}, "geometry": {"type": "MultiLineString", "coordinates": [[[100.73466389, 13.67127778], [100.69593333, 13.52424444], [100.67947222, 13.28566667], [100.6783, 13.08060278], [100.58175, 12.00180556]]]}}, {"type": "Feature", "properties": {"fid": 1694, "area_code": "PAC", "airport_identifier": "VTBS", "procedure_identifier": "UKER1F", "transition_identifier": "RW02L"}, "geometry": {"type": "MultiLineString", "coordinates": [[[100.73844722, 13.70018889], [100.75808611, 13.76038056], [100.78180833, 13.85053333], [100.81033056, 13.95880556], [100.69347778, 14.06668889], [100.52433889, 14.09246944], [100.34487778, 14.11968333], [100.08079722, 13.6984], [100.19304444, 13.33951389], [100.19014722, 12.99959167], [100.01933056, 12.03534722]]]}}, {"type": "Feature", "properties": {"fid": 1707, "area_code": "PAC", "airport_identifier": "VTUL", "procedure_identifier": "NOGA1B", "transition_identifier": "RW19"}, "geometry": {"type": "MultiLineString", "coordinates": [[[101.68889167, 17.33393889], [101.80555278, 17.30006111], [101.93070833, 17.26353889], [101.95872222, 17.35201389], [101.98409167, 17.43205833], [102.00579722, 17.64269167]]]}}, {"type": "Feature", "properties": {"fid": 1711, "area_code": "PAC", "airport_identifier": "VTPM", "procedure_identifier": "KADA1A", "transition_identifier": "RW09"}, "geometry": {"type": "MultiLineString", "coordinates": [[[98.60985556, 16.70079722], [98.77810278, 16.76526667], [98.89469167, 16.7984]]]}}, {"type": "Feature", "properties": {"fid": 1720, "area_code": "PAC", "airport_identifier": "VTBD", "procedure_identifier": "UKER1D", "transition_identifier": "RW03R"}, "geometry": {"type": "MultiLineString", "coordinates": [[[100.63663333, 13.96199167], [100.52439167, 14.063375], [100.38263889, 14.018075], [100.22863333, 13.76026944], [100.19359167, 13.70150833], [100.19131111, 13.24135833], [100.19014722, 12.99959167], [100.01933056, 12.03534722]]]}}, {"type": "Feature", "properties": {"fid": 1723, "area_code": "PAC", "airport_identifier": "VTPP", "procedure_identifier": "PIBI1B", "transition_identifier": "RW32"}, "geometry": {"type": "MultiLineString", "coordinates": [[[100.20938056, 16.87500833], [100.00771389, 17.19175833]]]}}, {"type": "Feature", "properties": {"fid": 1733, "area_code": "PAC", "airport_identifier": "VTBS", "procedure_identifier": "ALBO1E", "transition_identifier": "RW20R"}, "geometry": {"type": "MultiLineString", "coordinates": [[[100.72924444, 13.665175], [100.69593333, 13.52424444], [100.57166667, 13.55528056], [100.57448333, 13.66239167], [100.65339167, 13.7547], [100.73234722, 13.846975], [100.85511389, 14.31888611], [101.02830556, 14.74491667]]]}}, {"type": "Feature", "properties": {"fid": 1736, "area_code": "PAC", "airport_identifier": "VTSB", "procedure_identifier": "ADLA1D", "transition_identifier": "RW04"}, "geometry": {"type": "MultiLineString", "coordinates": [[[99.18623889, 9.18440833], [99.51846111, 9.30277778]]]}}, {"type": "Feature", "properties": {"fid": 1745, "area_code": "PAC", "airport_identifier": "VTBS", "procedure_identifier": "BUT1R", "transition_identifier": "RW20L"}, "geometry": {"type": "MultiLineString", "coordinates": [[[100.73466389, 13.67127778], [100.81497222, 13.63081667], [100.9199, 13.63003056], [100.91903611, 13.52239167], [100.91676944, 13.23603611], [100.81499722, 13.082125], [101.00047222, 12.66666667]]]}}, {"type": "Feature", "properties": {"fid": 1754, "area_code": "PAC", "airport_identifier": "VTBS", "procedure_identifier": "RYN1F", "transition_identifier": "RW02L"}, "geometry": {"type": "MultiLineString", "coordinates": [[[100.73844722, 13.70018889], [100.75808611, 13.76038056], [100.78180833, 13.85053333], [100.97478056, 13.84905278], [101.237525, 13.68165], [101.58491667, 13.40169444], [101.67644444, 12.77863889]]]}}, {"type": "Feature", "properties": {"fid": 1759, "area_code": "PAC", "airport_identifier": "VTUL", "procedure_identifier": "DUBO1A", "transition_identifier": "RW01"}, "geometry": {"type": "MultiLineString", "coordinates": [[[101.75527222, 17.54431944], [101.63839167, 17.57823889], [101.57540833, 17.37798889], [101.53165, 17.16764444]]]}}, {"type": "Feature", "properties": {"fid": 1771, "area_code": "PAC", "airport_identifier": "VTBS", "procedure_identifier": "NUNL1F", "transition_identifier": "RW02L"}, "geometry": {"type": "MultiLineString", "coordinates": [[[100.73844722, 13.70018889], [100.75808611, 13.76038056], [100.78180833, 13.85053333], [100.81033056, 13.95880556], [100.83314444, 14.04530833], [100.904175, 14.31351944], [100.65115556, 14.37744722], [100.43020556, 14.43283056], [100.30918889, 14.463375], [99.38433333, 14.857625]]]}}, {"type": "Feature", "properties": {"fid": 1784, "area_code": "PAC", "airport_identifier": "VTBS", "procedure_identifier": "HHN1F", "transition_identifier": "RW02L"}, "geometry": {"type": "MultiLineString", "coordinates": [[[100.73844722, 13.70018889], [100.75808611, 13.76038056], [100.78180833, 13.85053333], [100.81033056, 13.95880556], [100.69347778, 14.06668889], [100.52433889, 14.09246944], [100.34487778, 14.11968333], [100.08079722, 13.6984], [100.19304444, 13.33951389], [100.19014722, 12.99959167], [99.95116667, 12.63441667]]]}}, {"type": "Feature", "properties": {"fid": 1788, "area_code": "PAC", "airport_identifier": "VTSG", "procedure_identifier": "LUXI1F", "transition_identifier": "RW32"}, "geometry": {"type": "MultiLineString", "coordinates": [[[98.99530556, 8.22342222], [99.03346667, 8.47183056]]]}}, {"type": "Feature", "properties": {"fid": 1798, "area_code": "PAC", "airport_identifier": "VTBS", "procedure_identifier": "BLAF1R", "transition_identifier": "RW20L"}, "geometry": {"type": "MultiLineString", "coordinates": [[[100.73466389, 13.67127778], [100.81497222, 13.63081667], [101.12033889, 13.71554167], [101.22248611, 14.08675278], [101.17034167, 14.26378889], [101.09235278, 14.52818333], [100.81553056, 14.78699167], [100.29753056, 15.27595833]]]}}, {"type": "Feature", "properties": {"fid": 1805, "area_code": "PAC", "airport_identifier": "VTBD", "procedure_identifier": "SEMB2B", "transition_identifier": "RW03L"}, "geometry": {"type": "MultiLineString", "coordinates": [[[100.63343889, 13.96370833], [100.52439167, 14.063375], [100.30788889, 14.21763889], [100.27145556, 14.47099722], [100.33849167, 14.70990833], [100.26331111, 14.89976667]]]}}, {"type": "Feature", "properties": {"fid": 1817, "area_code": "PAC", "airport_identifier": "VTBS", "procedure_identifier": "OLVU1F", "transition_identifier": "RW02L"}, "geometry": {"type": "MultiLineString", "coordinates": [[[100.73844722, 13.70018889], [100.75808611, 13.76038056], [100.78180833, 13.85053333], [100.81033056, 13.95880556], [100.83314444, 14.04530833], [100.904175, 14.31351944], [100.65115556, 14.37744722], [100.43020556, 14.43283056], [100.30918889, 14.463375], [100.211175, 14.65788333]]]}}, {"type": "Feature", "properties": {"fid": 1821, "area_code": "PAC", "airport_identifier": "VTUV", "procedure_identifier": "DOTU1B", "transition_identifier": "RW36"}, "geometry": {"type": "MultiLineString", "coordinates": [[[103.77870278, 16.22658056], [103.600575, 16.45452778], [103.45876667, 16.51750278]]]}}, {"type": "Feature", "properties": {"fid": 1826, "area_code": "PAC", "airport_identifier": "VTUV", "procedure_identifier": "RURA1A", "transition_identifier": "RW18"}, "geometry": {"type": "MultiLineString", "coordinates": [[[103.76889722, 16.00693889], [103.88990833, 16.00187222], [104.11798611, 16.21298611], [104.24323611, 16.32862222]]]}}, {"type": "Feature", "properties": {"fid": 1831, "area_code": "PAC", "airport_identifier": "VTCC", "procedure_identifier": "PSL1B", "transition_identifier": "RW36"}, "geometry": {"type": "MultiLineString", "coordinates": [[[98.96122222, 18.76611111], [100.29136111, 16.77033333]]]}}, {"type": "Feature", "properties": {"fid": 1841, "area_code": "PAC", "airport_identifier": "VTBD", "procedure_identifier": "ROBK3C", "transition_identifier": "RW21L"}, "geometry": {"type": "MultiLineString", "coordinates": [[[100.60152778, 13.89956944], [100.48218889, 13.84046111], [100.41750833, 13.78061667], [100.43101944, 13.63743611], [100.57363611, 13.61210556], [100.96541667, 13.66918889], [101.26378889, 13.90141111], [101.418875, 14.17859722]]]}}, {"type": "Feature", "properties": {"fid": 1848, "area_code": "PAC", "airport_identifier": "VTBD", "procedure_identifier": "UGUV1B", "transition_identifier": "RW03L"}, "geometry": {"type": "MultiLineString", "coordinates": [[[100.63343889, 13.96370833], [100.52439167, 14.063375], [100.30788889, 14.21763889], [100.27145556, 14.47099722], [100.211175, 14.65788333], [100.19472222, 15.14305556]]]}}, {"type": "Feature", "properties": {"fid": 1862, "area_code": "PAC", "airport_identifier": "VTBS", "procedure_identifier": "UGUV1J", "transition_identifier": "RW19"}, "geometry": {"type": "MultiLineString", "coordinates": [[[100.75232778, 13.60648056], [100.78757778, 13.48322222], [100.77083056, 13.41913333], [100.56941389, 13.46946389], [100.57166667, 13.55528056], [100.57448333, 13.66239167], [100.57756389, 13.77857778], [100.47471944, 13.94214722], [100.38085556, 14.23797778], [100.30918889, 14.463375], [100.211175, 14.65788333], [100.19472222, 15.14305556]]]}}, {"type": "Feature", "properties": {"fid": 1875, "area_code": "PAC", "airport_identifier": "VTBS", "procedure_identifier": "NOBE1P", "transition_identifier": "RW20R"}, "geometry": {"type": "MultiLineString", "coordinates": [[[100.72924444, 13.665175], [100.81497222, 13.63081667], [101.12033889, 13.71554167], [101.22248611, 14.08675278], [101.17034167, 14.26378889], [101.09235278, 14.52818333], [100.81553056, 14.78699167], [100.66833333, 15.27655556]]]}}, {"type": "Feature", "properties": {"fid": 1884, "area_code": "PAC", "airport_identifier": "VTBS", "procedure_identifier": "ALBO1P", "transition_identifier": "RW20R"}, "geometry": {"type": "MultiLineString", "coordinates": [[[100.72924444, 13.665175], [100.81497222, 13.63081667], [101.12033889, 13.71554167], [101.22248611, 14.08675278], [101.17034167, 14.26378889], [101.09235278, 14.52818333], [101.02830556, 14.74491667]]]}}, {"type": "Feature", "properties": {"fid": 1887, "area_code": "PAC", "airport_identifier": "VTSB", "procedure_identifier": "TOGI1D", "transition_identifier": "RW04"}, "geometry": {"type": "MultiLineString", "coordinates": [[[99.18623889, 9.18440833], [98.86333333, 9.44972222]]]}}, {"type": "Feature", "properties": {"fid": 1894, "area_code": "PAC", "airport_identifier": "VTBS", "procedure_identifier": "KASN1J", "transition_identifier": "RW19"}, "geometry": {"type": "MultiLineString", "coordinates": [[[100.75232778, 13.60648056], [100.78757778, 13.48322222], [100.81527222, 13.38657222], [100.81522778, 13.28489444], [100.6783, 13.08060278]]]}}, {"type": "Feature", "properties": {"fid": 1899, "area_code": "PAC", "airport_identifier": "VTSP", "procedure_identifier": "UBNE1A", "transition_identifier": "RW09"}, "geometry": {"type": "MultiLineString", "coordinates": [[[98.61166389, 8.14086667], [98.61966111, 7.92071389], [98.06913611, 7.87718056], [97.80338611, 8.08893611]]]}}, {"type": "Feature", "properties": {"fid": 1906, "area_code": "PAC", "airport_identifier": "VTBS", "procedure_identifier": "LIPL1J", "transition_identifier": "RW19"}, "geometry": {"type": "MultiLineString", "coordinates": [[[100.75232778, 13.60648056], [100.81515833, 13.57338333], [100.90070556, 13.57274444], [101.03035833, 13.571725], [101.96565, 14.17434722]]]}}, {"type": "Feature", "properties": {"fid": 1916, "area_code": "PAC", "airport_identifier": "VTBS", "procedure_identifier": "BONV1G", "transition_identifier": "RW20L"}, "geometry": {"type": "MultiLineString", "coordinates": [[[100.73466389, 13.67127778], [100.69593333, 13.52424444], [100.57166667, 13.55528056], [100.57448333, 13.66239167], [100.57756389, 13.77857778], [100.47471944, 13.94214722], [100.24156944, 13.97508889], [100.06517778, 13.98153333], [99.76853333, 13.73624167]]]}}, {"type": "Feature", "properties": {"fid": 1923, "area_code": "PAC", "airport_identifier": "VTUD", "procedure_identifier": "ELNE1B", "transition_identifier": "RW12"}, "geometry": {"type": "MultiLineString", "coordinates": [[[102.85536111, 17.35354722], [102.93551389, 17.44577222], [102.95753056, 17.566525], [102.77531389, 17.68166389], [102.70239167, 17.72765278], [102.62943056, 17.77361389]]]}}, {"type": "Feature", "properties": {"fid": 1930, "area_code": "PAC", "airport_identifier": "VTUD", "procedure_identifier": "POVE1D", "transition_identifier": "RW30"}, "geometry": {"type": "MultiLineString", "coordinates": [[[102.72110833, 17.41930278], [102.61400833, 17.33931944], [102.54634722, 17.24186667], [102.62918889, 17.14475556], [102.69431389, 17.06831389], [103.09157222, 16.984775]]]}}, {"type": "Feature", "properties": {"fid": 1941, "area_code": "PAC", "airport_identifier": "VTBS", "procedure_identifier": "RYN1G", "transition_identifier": "RW20L"}, "geometry": {"type": "MultiLineString", "coordinates": [[[100.73466389, 13.67127778], [100.69593333, 13.52424444], [100.57166667, 13.55528056], [100.57448333, 13.66239167], [100.65339167, 13.7547], [100.81148333, 13.75420278], [101.00205833, 13.75346944], [101.35779167, 13.51517778], [101.58491667, 13.40169444], [101.67644444, 12.77863889]]]}}, {"type": "Feature", "properties": {"fid": 1949, "area_code": "PAC", "airport_identifier": "VTBS", "procedure_identifier": "RYN1H", "transition_identifier": "RW02R"}, "geometry": {"type": "MultiLineString", "coordinates": [[[100.74317778, 13.70366944], [100.75808611, 13.76038056], [100.78180833, 13.85053333], [100.97478056, 13.84905278], [101.237525, 13.68165], [101.58491667, 13.40169444], [101.67644444, 12.77863889]]]}}, {"type": "Feature", "properties": {"fid": 1954, "area_code": "PAC", "airport_identifier": "VTSG", "procedure_identifier": "PUT2F", "transition_identifier": "RW14"}, "geometry": {"type": "MultiLineString", "coordinates": [[[98.99740556, 8.08548333], [98.30697222, 8.11394444]]]}}, {"type": "Feature", "properties": {"fid": 1961, "area_code": "PAC", "airport_identifier": "VTBS", "procedure_identifier": "REGO1E", "transition_identifier": "RW20R"}, "geometry": {"type": "MultiLineString", "coordinates": [[[100.72924444, 13.665175], [100.69593333, 13.52424444], [100.67947222, 13.28566667], [100.6783, 13.08060278], [100.58175, 12.00180556]]]}}, {"type": "Feature", "properties": {"fid": 1965, "area_code": "PAC", "airport_identifier": "VTCP", "procedure_identifier": "OTBA1E", "transition_identifier": "RW01"}, "geometry": {"type": "MultiLineString", "coordinates": [[[100.04246389, 18.22200833], [99.93953333, 18.25393611]]]}}, {"type": "Feature", "properties": {"fid": 1969, "area_code": "PAC", "airport_identifier": "VTSP", "procedure_identifier": "REBE1A", "transition_identifier": "RW09"}, "geometry": {"type": "MultiLineString", "coordinates": [[[98.61166389, 8.14086667], [98.61966111, 7.92071389], [98.62671944, 7.72544444]]]}}, {"type": "Feature", "properties": {"fid": 1973, "area_code": "PAC", "airport_identifier": "VTPM", "procedure_identifier": "VEGR1A", "transition_identifier": "RW09"}, "geometry": {"type": "MultiLineString", "coordinates": [[[98.60985556, 16.70079722], [98.61224722, 16.88133611], [98.61460833, 17.0592]]]}}, {"type": "Feature", "properties": {"fid": 1979, "area_code": "PAC", "airport_identifier": "VTSS", "procedure_identifier": "DAND1C", "transition_identifier": "RW26"}, "geometry": {"type": "MultiLineString", "coordinates": [[[100.29739444, 6.92051667], [100.28462778, 7.01218056], [100.298775, 7.25997778], [100.317475, 7.37570556], [100.33999722, 7.51499444]]]}}, {"type": "Feature", "properties": {"fid": 1984, "area_code": "PAC", "airport_identifier": "VTSM", "procedure_identifier": "RUMV1B", "transition_identifier": "RW35"}, "geometry": {"type": "MultiLineString", "coordinates": [[[100.29091667, 9.56863889], [100.29832222, 9.44514167], [100.26658889, 9.28803611]]]}}, {"type": "Feature", "properties": {"fid": 1992, "area_code": "PAC", "airport_identifier": "VTCC", "procedure_identifier": "KABM2C", "transition_identifier": "RW36"}, "geometry": {"type": "MultiLineString", "coordinates": [[[98.96338889, 18.96936667], [99.08648889, 18.96905], [99.08573056, 18.73451111], [99.08551389, 18.66758611], [99.08515, 18.55194444], [99.25693889, 18.51811111], [99.54640278, 18.46071667]]]}}, {"type": "Feature", "properties": {"fid": 1997, "area_code": "PAC", "airport_identifier": "VTCH", "procedure_identifier": "DOMK1R", "transition_identifier": "RW29"}, "geometry": {"type": "MultiLineString", "coordinates": [[[97.92945278, 19.31571667], [97.97347778, 19.39804167], [98.13915278, 19.340875], [98.43385556, 19.23871667]]]}}, {"type": "Feature", "properties": {"fid": 2002, "area_code": "PAC", "airport_identifier": "VTBS", "procedure_identifier": "KASN1G", "transition_identifier": "RW20L"}, "geometry": {"type": "MultiLineString", "coordinates": [[[100.73466389, 13.67127778], [100.69593333, 13.52424444], [100.67947222, 13.28566667], [100.6783, 13.08060278]]]}}, {"type": "Feature", "properties": {"fid": 2014, "area_code": "PAC", "airport_identifier": "VTBS", "procedure_identifier": "PAST1K", "transition_identifier": "RW01"}, "geometry": {"type": "MultiLineString", "coordinates": [[[100.8534, 13.75975556], [100.97478056, 13.84905278], [100.98055278, 13.94610833], [100.83314444, 14.04530833], [100.69347778, 14.06668889], [100.52433889, 14.09246944], [100.34487778, 14.11968333], [99.50192778, 14.00125]]]}}, {"type": "Feature", "properties": {"fid": 2018, "area_code": "PAC", "airport_identifier": "VTUK", "procedure_identifier": "ONUV1A", "transition_identifier": "RW03"}, "geometry": {"type": "MultiLineString", "coordinates": [[[102.81886667, 16.51925556], [102.71681111, 16.58276667], [102.44861667, 16.54116944]]]}}, {"type": "Feature", "properties": {"fid": 2026, "area_code": "PAC", "airport_identifier": "VTCC", "procedure_identifier": "KABM2N", "transition_identifier": "RW36"}, "geometry": {"type": "MultiLineString", "coordinates": [[[98.96312778, 18.86471389], [99.08615, 18.86439722], [99.08573056, 18.73451111], [99.08551389, 18.66758611], [99.08515, 18.55194444], [99.25693889, 18.51811111], [99.54640278, 18.46071667]]]}}, {"type": "Feature", "properties": {"fid": 2032, "area_code": "PAC", "airport_identifier": "VTSG", "procedure_identifier": "EPGO1F", "transition_identifier": "RW32"}, "geometry": {"type": "MultiLineString", "coordinates": [[[99.08827778, 8.15983889], [99.12213889, 8.05622778], [98.96797778, 7.92009444], [98.76525833, 7.90443056]]]}}, {"type": "Feature", "properties": {"fid": 2038, "area_code": "PAC", "airport_identifier": "VTBS", "procedure_identifier": "LIPL1P", "transition_identifier": "RW20R"}, "geometry": {"type": "MultiLineString", "coordinates": [[[100.72924444, 13.665175], [100.81497222, 13.63081667], [101.12033889, 13.71554167], [101.96565, 14.17434722]]]}}, {"type": "Feature", "properties": {"fid": 2042, "area_code": "PAC", "airport_identifier": "VTSG", "procedure_identifier": "TRN2D", "transition_identifier": "RW14"}, "geometry": {"type": "MultiLineString", "coordinates": [[[98.99740556, 8.08548333], [99.626, 7.50891667]]]}}, {"type": "Feature", "properties": {"fid": 2045, "area_code": "PAC", "airport_identifier": "VTCT", "procedure_identifier": "NUMD1B", "transition_identifier": "RW21"}, "geometry": {"type": "MultiLineString", "coordinates": [[[99.81595, 19.83806667], [99.56719167, 19.54539722]]]}}, {"type": "Feature", "properties": {"fid": 2050, "area_code": "PAC", "airport_identifier": "VTCC", "procedure_identifier": "PAE1B", "transition_identifier": "RW36"}, "geometry": {"type": "MultiLineString", "coordinates": [[[98.96122222, 18.76611111], [100.16625, 18.13413889]]]}}, {"type": "Feature", "properties": {"fid": 2054, "area_code": "PAC", "airport_identifier": "VTSR", "procedure_identifier": "SAKU1B", "transition_identifier": "RW20"}, "geometry": {"type": "MultiLineString", "coordinates": [[[98.61299444, 9.939175], [98.85336389, 10.10093889]]]}}, {"type": "Feature", "properties": {"fid": 2058, "area_code": "PAC", "airport_identifier": "VTSS", "procedure_identifier": "PIME1D", "transition_identifier": "RW08"}, "geometry": {"type": "MultiLineString", "coordinates": [[[100.49106389, 6.94485], [100.45934167, 7.19669167], [100.4135, 7.51249444]]]}}, {"type": "Feature", "properties": {"fid": 2065, "area_code": "PAC", "airport_identifier": "VTBS", "procedure_identifier": "DOSB1J", "transition_identifier": "RW19"}, "geometry": {"type": "MultiLineString", "coordinates": [[[100.75232778, 13.60648056], [100.81515833, 13.57338333], [100.90070556, 13.57274444], [101.03035833, 13.571725], [101.83388333, 13.87785]]]}}, {"type": "Feature", "properties": {"fid": 2074, "area_code": "PAC", "airport_identifier": "VTBU", "procedure_identifier": "BKK1B", "transition_identifier": "RW36"}, "geometry": {"type": "MultiLineString", "coordinates": [[[101.00629444, 12.69562778], [101.30176111, 12.80564722], [101.34859444, 12.66429444], [101.21080278, 12.62025833], [101.16390278, 12.76158889], [101.02388889, 13.1825], [100.59619444, 13.89352778]]]}}, {"type": "Feature", "properties": {"fid": 2077, "area_code": "PAC", "airport_identifier": "VTCC", "procedure_identifier": "PANT2S", "transition_identifier": "RW18"}, "geometry": {"type": "MultiLineString", "coordinates": [[[98.96222778, 18.50206667], [99.32140278, 18.23088056]]]}}, {"type": "Feature", "properties": {"fid": 2080, "area_code": "PAC", "airport_identifier": "VTUK", "procedure_identifier": "AKRE1A", "transition_identifier": "RW03"}, "geometry": {"type": "MultiLineString", "coordinates": [[[102.81886667, 16.51925556], [103.14875278, 16.67111111]]]}}, {"type": "Feature", "properties": {"fid": 2086, "area_code": "PAC", "airport_identifier": "VTBD", "procedure_identifier": "TARE3A", "transition_identifier": "RW21R"}, "geometry": {"type": "MultiLineString", "coordinates": [[[100.59593889, 13.89701111], [100.32975556, 13.97181944], [99.91999167, 14.18358056], [99.52468611, 14.43875556]]]}}, {"type": "Feature", "properties": {"fid": 2094, "area_code": "PAC", "airport_identifier": "VTBD", "procedure_identifier": "NOBE4C", "transition_identifier": "RW21L"}, "geometry": {"type": "MultiLineString", "coordinates": [[[100.60152778, 13.89956944], [100.32975556, 13.97181944], [100.308825, 14.15117222], [100.27145556, 14.47099722], [100.33849167, 14.70990833], [100.66833333, 15.27655556]]]}}, {"type": "Feature", "properties": {"fid": 2098, "area_code": "PAC", "airport_identifier": "VTSB", "procedure_identifier": "SEGR1D", "transition_identifier": "RW04"}, "geometry": {"type": "MultiLineString", "coordinates": [[[99.18623889, 9.18440833], [99.36835833, 9.00854167], [99.47536389, 8.88339444]]]}}, {"type": "Feature", "properties": {"fid": 2103, "area_code": "PAC", "airport_identifier": "VTSP", "procedure_identifier": "SAVS1B", "transition_identifier": "RW27"}, "geometry": {"type": "MultiLineString", "coordinates": [[[98.199025, 8.32086111], [98.46616389, 8.43628889], [98.62459167, 8.50444444]]]}}, {"type": "Feature", "properties": {"fid": 2109, "area_code": "PAC", "airport_identifier": "VTSG", "procedure_identifier": "STN2G", "transition_identifier": "RW32"}, "geometry": {"type": "MultiLineString", "coordinates": [[[98.98011944, 8.10646667], [99.00165556, 8.26480833], [99.13472222, 9.12947222]]]}}, {"type": "Feature", "properties": {"fid": 2119, "area_code": "PAC", "airport_identifier": "VTBD", "procedure_identifier": "HHN3C", "transition_identifier": "RW21L"}, "geometry": {"type": "MultiLineString", "coordinates": [[[100.60152778, 13.89956944], [100.32975556, 13.97181944], [100.06517778, 13.98153333], [100.01415556, 13.91099722], [100.08079722, 13.6984], [100.19304444, 13.33951389], [100.19014722, 12.99959167], [99.95116667, 12.63441667]]]}}, {"type": "Feature", "properties": {"fid": 2122, "area_code": "PAC", "airport_identifier": "VTUL", "procedure_identifier": "RIBD1B", "transition_identifier": "RW19"}, "geometry": {"type": "MultiLineString", "coordinates": [[[101.68889167, 17.33393889], [101.48821667, 17.33713333]]]}}, {"type": "Feature", "properties": {"fid": 2127, "area_code": "PAC", "airport_identifier": "VTCT", "procedure_identifier": "DUBE1A", "transition_identifier": "RW03"}, "geometry": {"type": "MultiLineString", "coordinates": [[[99.94997222, 20.06660278], [100.16656667, 19.9528], [100.18836389, 19.70270556], [100.20189722, 19.54706111]]]}}, {"type": "Feature", "properties": {"fid": 2132, "area_code": "PAC", "airport_identifier": "VTUK", "procedure_identifier": "AKRE1B", "transition_identifier": "RW21"}, "geometry": {"type": "MultiLineString", "coordinates": [[[102.72028611, 16.37180278], [102.94447778, 16.23199722], [103.02728611, 16.35566389], [103.14875278, 16.67111111]]]}}, {"type": "Feature", "properties": {"fid": 2140, "area_code": "PAC", "airport_identifier": "VTCC", "procedure_identifier": "ENBA2C", "transition_identifier": "RW36"}, "geometry": {"type": "MultiLineString", "coordinates": [[[98.96338889, 18.96936667], [99.08648889, 18.96905], [99.08573056, 18.73451111], [99.08551389, 18.66758611], [99.08515, 18.55194444], [99.085, 18.50515278], [99.16787778, 18.1614]]]}}, {"type": "Feature", "properties": {"fid": 2148, "area_code": "PAC", "airport_identifier": "VTCC", "procedure_identifier": "ADLU2S", "transition_identifier": "RW18"}, "geometry": {"type": "MultiLineString", "coordinates": [[[98.96235278, 18.55226111], [99.08515, 18.55194444], [99.08541944, 18.63560556], [99.08579167, 18.752725], [99.08635556, 18.92783333], [99.14904167, 19.00868889], [99.22219167, 19.10291389]]]}}, {"type": "Feature", "properties": {"fid": 2161, "area_code": "PAC", "airport_identifier": "VTBS", "procedure_identifier": "UGUV1F", "transition_identifier": "RW02L"}, "geometry": {"type": "MultiLineString", "coordinates": [[[100.73844722, 13.70018889], [100.75808611, 13.76038056], [100.78180833, 13.85053333], [100.81033056, 13.95880556], [100.83314444, 14.04530833], [100.904175, 14.31351944], [100.65115556, 14.37744722], [100.43020556, 14.43283056], [100.30918889, 14.463375], [100.211175, 14.65788333], [100.19472222, 15.14305556]]]}}, {"type": "Feature", "properties": {"fid": 2166, "area_code": "PAC", "airport_identifier": "VTUQ", "procedure_identifier": "BLUV1B", "transition_identifier": "RW24"}, "geometry": {"type": "MultiLineString", "coordinates": [[[102.21355556, 14.89675278], [102.27131111, 14.79393611], [102.435925, 14.88140833], [102.45593611, 15.151925]]]}}, {"type": "Feature", "properties": {"fid": 2173, "area_code": "PAC", "airport_identifier": "VTBS", "procedure_identifier": "DOSB1F", "transition_identifier": "RW02L"}, "geometry": {"type": "MultiLineString", "coordinates": [[[100.73844722, 13.70018889], [100.75808611, 13.76038056], [100.78180833, 13.85053333], [100.97478056, 13.84905278], [101.83388333, 13.87785]]]}}, {"type": "Feature", "properties": {"fid": 2179, "area_code": "PAC", "airport_identifier": "VTBD", "procedure_identifier": "NUNL1B", "transition_identifier": "RW03L"}, "geometry": {"type": "MultiLineString", "coordinates": [[[100.63343889, 13.96370833], [100.52439167, 14.063375], [100.30788889, 14.21763889], [100.27145556, 14.47099722], [99.38433333, 14.857625]]]}}, {"type": "Feature", "properties": {"fid": 2187, "area_code": "PAC", "airport_identifier": "VTBS", "procedure_identifier": "KASN1S", "transition_identifier": "RW02R"}, "geometry": {"type": "MultiLineString", "coordinates": [[[100.74317778, 13.70366944], [100.931825, 13.70310556], [101.08299722, 13.64540556], [101.05758333, 13.55293333], [100.999925, 13.342775], [100.6783, 13.08060278]]]}}, {"type": "Feature", "properties": {"fid": 2197, "area_code": "PAC", "airport_identifier": "VTBS", "procedure_identifier": "BLAF1S", "transition_identifier": "RW02R"}, "geometry": {"type": "MultiLineString", "coordinates": [[[100.74317778, 13.70366944], [100.931825, 13.70310556], [101.12033889, 13.71554167], [101.22248611, 14.08675278], [101.17034167, 14.26378889], [101.09235278, 14.52818333], [100.81553056, 14.78699167], [100.29753056, 15.27595833]]]}}, {"type": "Feature", "properties": {"fid": 2203, "area_code": "PAC", "airport_identifier": "VTBD", "procedure_identifier": "BONV1B", "transition_identifier": "RW03L"}, "geometry": {"type": "MultiLineString", "coordinates": [[[100.63343889, 13.96370833], [100.52439167, 14.063375], [100.38263889, 14.018075], [100.25600278, 13.97455556], [99.76853333, 13.73624167]]]}}, {"type": "Feature", "properties": {"fid": 2213, "area_code": "PAC", "airport_identifier": "VTBS", "procedure_identifier": "NUNL1S", "transition_identifier": "RW02R"}, "geometry": {"type": "MultiLineString", "coordinates": [[[100.74317778, 13.70366944], [100.931825, 13.70310556], [101.12033889, 13.71554167], [101.22248611, 14.08675278], [101.17034167, 14.26378889], [101.09235278, 14.52818333], [100.81553056, 14.78699167], [99.38433333, 14.857625]]]}}, {"type": "Feature", "properties": {"fid": 2221, "area_code": "PAC", "airport_identifier": "VTBS", "procedure_identifier": "KASN1T", "transition_identifier": "RW19"}, "geometry": {"type": "MultiLineString", "coordinates": [[[100.75183056, 13.65669722], [100.81497222, 13.63081667], [100.9199, 13.63003056], [100.91903611, 13.52239167], [100.91676944, 13.23603611], [100.6783, 13.08060278]]]}}, {"type": "Feature", "properties": {"fid": 2227, "area_code": "PAC", "airport_identifier": "VTSM", "procedure_identifier": "MESE1B", "transition_identifier": "RW35"}, "geometry": {"type": "MultiLineString", "coordinates": [[[100.05361944, 9.63872222], [99.93605833, 9.62741944], [99.89567222, 9.47253056], [99.84134722, 9.26395], [99.80440278, 9.12195833]]]}}, {"type": "Feature", "properties": {"fid": 2231, "area_code": "PAC", "airport_identifier": "VTSP", "procedure_identifier": "SUSI1A", "transition_identifier": "RW09"}, "geometry": {"type": "MultiLineString", "coordinates": [[[98.61166389, 8.14086667], [98.61935833, 8.35725556], [98.30221389, 8.61646111]]]}}, {"type": "Feature", "properties": {"fid": 2243, "area_code": "PAC", "airport_identifier": "VTBS", "procedure_identifier": "UKER1H", "transition_identifier": "RW02R"}, "geometry": {"type": "MultiLineString", "coordinates": [[[100.74317778, 13.70366944], [100.75808611, 13.76038056], [100.78180833, 13.85053333], [100.81033056, 13.95880556], [100.69347778, 14.06668889], [100.52433889, 14.09246944], [100.34487778, 14.11968333], [100.08079722, 13.6984], [100.19304444, 13.33951389], [100.19014722, 12.99959167], [100.01933056, 12.03534722]]]}}, {"type": "Feature", "properties": {"fid": 2250, "area_code": "PAC", "airport_identifier": "VTBD", "procedure_identifier": "UGUV1D", "transition_identifier": "RW03R"}, "geometry": {"type": "MultiLineString", "coordinates": [[[100.63663333, 13.96199167], [100.52439167, 14.063375], [100.30788889, 14.21763889], [100.27145556, 14.47099722], [100.211175, 14.65788333], [100.19472222, 15.14305556]]]}}, {"type": "Feature", "properties": {"fid": 2256, "area_code": "PAC", "airport_identifier": "VTBD", "procedure_identifier": "TARE3C", "transition_identifier": "RW21L"}, "geometry": {"type": "MultiLineString", "coordinates": [[[100.60152778, 13.89956944], [100.32975556, 13.97181944], [99.91999167, 14.18358056], [99.52468611, 14.43875556]]]}}, {"type": "Feature", "properties": {"fid": 2267, "area_code": "PAC", "airport_identifier": "VTBS", "procedure_identifier": "GOME1E", "transition_identifier": "RW20R"}, "geometry": {"type": "MultiLineString", "coordinates": [[[100.72924444, 13.665175], [100.69593333, 13.52424444], [100.57166667, 13.55528056], [100.57448333, 13.66239167], [100.65339167, 13.7547], [100.81148333, 13.75420278], [101.00205833, 13.75346944], [101.35779167, 13.51517778], [101.58491667, 13.40169444]]]}}, {"type": "Feature", "properties": {"fid": 2271, "area_code": "PAC", "airport_identifier": "VTCC", "procedure_identifier": "VISE2N", "transition_identifier": "RW36"}, "geometry": {"type": "MultiLineString", "coordinates": [[[98.96338889, 18.96936667], [98.76994167, 18.96926667], [98.57726111, 18.96983611]]]}}, {"type": "Feature", "properties": {"fid": 2281, "area_code": "PAC", "airport_identifier": "VTBS", "procedure_identifier": "REGO1K", "transition_identifier": "RW01"}, "geometry": {"type": "MultiLineString", "coordinates": [[[100.8534, 13.75975556], [101.02249444, 13.75930278], [101.08299722, 13.64540556], [101.05758333, 13.55293333], [100.999925, 13.342775], [100.86885, 13.23605556], [100.6783, 13.08060278], [100.58175, 12.00180556]]]}}, {"type": "Feature", "properties": {"fid": 2287, "area_code": "PAC", "airport_identifier": "VTPP", "procedure_identifier": "PIBI1A", "transition_identifier": "RW14"}, "geometry": {"type": "MultiLineString", "coordinates": [[[100.36928611, 16.66380556], [100.27111111, 16.59478056], [100.12775278, 16.78399444], [99.98594444, 16.97069167], [100.00771389, 17.19175833]]]}}, {"type": "Feature", "properties": {"fid": 2296, "area_code": "PAC", "airport_identifier": "VTBD", "procedure_identifier": "SABI3A", "transition_identifier": "RW21R"}, "geometry": {"type": "MultiLineString", "coordinates": [[[100.59593889, 13.89701111], [100.32975556, 13.97181944], [100.06517778, 13.98153333], [100.01415556, 13.91099722], [100.08079722, 13.6984], [100.19304444, 13.33951389], [100.19014722, 12.99959167]]]}}, {"type": "Feature", "properties": {"fid": 2309, "area_code": "PAC", "airport_identifier": "VTBS", "procedure_identifier": "UKER1K", "transition_identifier": "RW01"}, "geometry": {"type": "MultiLineString", "coordinates": [[[100.8534, 13.75975556], [100.97478056, 13.84905278], [100.98055278, 13.94610833], [100.83314444, 14.04530833], [100.69347778, 14.06668889], [100.52433889, 14.09246944], [100.34487778, 14.11968333], [100.08079722, 13.6984], [100.19304444, 13.33951389], [100.19014722, 12.99959167], [100.01933056, 12.03534722]]]}}, {"type": "Feature", "properties": {"fid": 2316, "area_code": "PAC", "airport_identifier": "VTBS", "procedure_identifier": "RYN1U", "transition_identifier": "RW01"}, "geometry": {"type": "MultiLineString", "coordinates": [[[100.76103333, 13.69171389], [100.931825, 13.70310556], [101.12033889, 13.71554167], [101.58491667, 13.40169444], [101.67644444, 12.77863889]]]}}, {"type": "Feature", "properties": {"fid": 2324, "area_code": "PAC", "airport_identifier": "VTSM", "procedure_identifier": "OLBA1A", "transition_identifier": "RW17"}, "geometry": {"type": "MultiLineString", "coordinates": [[[100.09270278, 9.462575], [100.17986389, 9.46256667], [100.19406389, 9.54967778], [100.19246389, 9.63338333], [100.19052222, 9.73495556], [100.31451389, 9.98037778]]]}}, {"type": "Feature", "properties": {"fid": 2335, "area_code": "PAC", "airport_identifier": "VTBS", "procedure_identifier": "SEMB2G", "transition_identifier": "RW20L"}, "geometry": {"type": "MultiLineString", "coordinates": [[[100.73466389, 13.67127778], [100.69593333, 13.52424444], [100.57166667, 13.55528056], [100.57448333, 13.66239167], [100.57756389, 13.77857778], [100.47471944, 13.94214722], [100.38085556, 14.23797778], [100.30918889, 14.463375], [100.33849167, 14.70990833], [100.26331111, 14.89976667]]]}}, {"type": "Feature", "properties": {"fid": 2343, "area_code": "PAC", "airport_identifier": "VTCC", "procedure_identifier": "ENBA2N", "transition_identifier": "RW36"}, "geometry": {"type": "MultiLineString", "coordinates": [[[98.96312778, 18.86471389], [99.08615, 18.86439722], [99.08573056, 18.73451111], [99.08551389, 18.66758611], [99.08515, 18.55194444], [99.085, 18.50515278], [99.16787778, 18.1614]]]}}, {"type": "Feature", "properties": {"fid": 2356, "area_code": "PAC", "airport_identifier": "VTBS", "procedure_identifier": "TARE1J", "transition_identifier": "RW19"}, "geometry": {"type": "MultiLineString", "coordinates": [[[100.75232778, 13.60648056], [100.78757778, 13.48322222], [100.77083056, 13.41913333], [100.56941389, 13.46946389], [100.57166667, 13.55528056], [100.57448333, 13.66239167], [100.57756389, 13.77857778], [100.47471944, 13.94214722], [100.24156944, 13.97508889], [99.91999167, 14.18358056], [99.52468611, 14.43875556]]]}}, {"type": "Feature", "properties": {"fid": 2366, "area_code": "PAC", "airport_identifier": "VTBS", "procedure_identifier": "GOME1G", "transition_identifier": "RW20L"}, "geometry": {"type": "MultiLineString", "coordinates": [[[100.73466389, 13.67127778], [100.69593333, 13.52424444], [100.57166667, 13.55528056], [100.57448333, 13.66239167], [100.65339167, 13.7547], [100.81148333, 13.75420278], [101.00205833, 13.75346944], [101.35779167, 13.51517778], [101.58491667, 13.40169444]]]}}, {"type": "Feature", "properties": {"fid": 2372, "area_code": "PAC", "airport_identifier": "VTBS", "procedure_identifier": "DOSB1H", "transition_identifier": "RW02R"}, "geometry": {"type": "MultiLineString", "coordinates": [[[100.74317778, 13.70366944], [100.75808611, 13.76038056], [100.78180833, 13.85053333], [100.97478056, 13.84905278], [101.83388333, 13.87785]]]}}, {"type": "Feature", "properties": {"fid": 2376, "area_code": "PAC", "airport_identifier": "VTSS", "procedure_identifier": "DAND1D", "transition_identifier": "RW08"}, "geometry": {"type": "MultiLineString", "coordinates": [[[100.49106389, 6.94485], [100.45934167, 7.19669167], [100.33999722, 7.51499444]]]}}, {"type": "Feature", "properties": {"fid": 2381, "area_code": "PAC", "airport_identifier": "VTUL", "procedure_identifier": "BARC1A", "transition_identifier": "RW01"}, "geometry": {"type": "MultiLineString", "coordinates": [[[101.75527222, 17.54431944], [101.63839167, 17.57823889], [101.46413056, 17.41324444], [101.20522222, 17.37908889]]]}}, {"type": "Feature", "properties": {"fid": 2393, "area_code": "PAC", "airport_identifier": "VTBS", "procedure_identifier": "BUT1H", "transition_identifier": "RW02R"}, "geometry": {"type": "MultiLineString", "coordinates": [[[100.74317778, 13.70366944], [100.75808611, 13.76038056], [100.78180833, 13.85053333], [100.97478056, 13.84905278], [101.02249444, 13.75930278], [101.08299722, 13.64540556], [101.05758333, 13.55293333], [100.999925, 13.342775], [100.897425, 13.1984], [100.81499722, 13.082125], [101.00047222, 12.66666667]]]}}, {"type": "Feature", "properties": {"fid": 2397, "area_code": "PAC", "airport_identifier": "VTCC", "procedure_identifier": "LAMU2N", "transition_identifier": "RW36"}, "geometry": {"type": "MultiLineString", "coordinates": [[[98.96338889, 18.96936667], [98.78596944, 19.04280556], [98.67896111, 19.08698333]]]}}, {"type": "Feature", "properties": {"fid": 2405, "area_code": "PAC", "airport_identifier": "VTBD", "procedure_identifier": "REGO1B", "transition_identifier": "RW03L"}, "geometry": {"type": "MultiLineString", "coordinates": [[[100.63343889, 13.96370833], [100.52439167, 14.063375], [100.38263889, 14.018075], [100.22863333, 13.76026944], [100.68003333, 13.38407222], [100.6783, 13.08060278], [100.58175, 12.00180556]]]}}, {"type": "Feature", "properties": {"fid": 2418, "area_code": "PAC", "airport_identifier": "VTBS", "procedure_identifier": "VANK1K", "transition_identifier": "RW01"}, "geometry": {"type": "MultiLineString", "coordinates": [[[100.8534, 13.75975556], [100.97478056, 13.84905278], [100.98055278, 13.94610833], [100.83314444, 14.04530833], [100.69347778, 14.06668889], [100.52433889, 14.09246944], [100.34487778, 14.11968333], [100.08079722, 13.6984], [100.19304444, 13.33951389], [100.19014722, 12.99959167], [99.76043056, 12.58640278]]]}}, {"type": "Feature", "properties": {"fid": 2424, "area_code": "PAC", "airport_identifier": "VTCC", "procedure_identifier": "VISE2W", "transition_identifier": "RW18"}, "geometry": {"type": "MultiLineString", "coordinates": [[[98.96264444, 18.66938333], [98.87639167, 18.66955278], [98.787075, 18.85867778], [98.68481944, 18.9129], [98.57726111, 18.96983611]]]}}, {"type": "Feature", "properties": {"fid": 2435, "area_code": "PAC", "airport_identifier": "VTBS", "procedure_identifier": "TARE1E", "transition_identifier": "RW20R"}, "geometry": {"type": "MultiLineString", "coordinates": [[[100.72924444, 13.665175], [100.69593333, 13.52424444], [100.57166667, 13.55528056], [100.57448333, 13.66239167], [100.57756389, 13.77857778], [100.47471944, 13.94214722], [100.24156944, 13.97508889], [99.91999167, 14.18358056], [99.52468611, 14.43875556]]]}}, {"type": "Feature", "properties": {"fid": 2445, "area_code": "PAC", "airport_identifier": "VTBS", "procedure_identifier": "DOSB1G", "transition_identifier": "RW20L"}, "geometry": {"type": "MultiLineString", "coordinates": [[[100.73466389, 13.67127778], [100.69593333, 13.52424444], [100.57166667, 13.55528056], [100.57448333, 13.66239167], [100.65339167, 13.7547], [100.81148333, 13.75420278], [101.00205833, 13.75346944], [101.23103611, 13.75239167], [101.83388333, 13.87785]]]}}, {"type": "Feature", "properties": {"fid": 2455, "area_code": "PAC", "airport_identifier": "VTBD", "procedure_identifier": "ROBK3A", "transition_identifier": "RW21R"}, "geometry": {"type": "MultiLineString", "coordinates": [[[100.59593889, 13.89701111], [100.48218889, 13.84046111], [100.41750833, 13.78061667], [100.43101944, 13.63743611], [100.57363611, 13.61210556], [100.96541667, 13.66918889], [101.26378889, 13.90141111], [101.418875, 14.17859722]]]}}, {"type": "Feature", "properties": {"fid": 2460, "area_code": "PAC", "airport_identifier": "VTSP", "procedure_identifier": "SUSI1B", "transition_identifier": "RW27"}, "geometry": {"type": "MultiLineString", "coordinates": [[[98.199025, 8.32086111], [98.24730278, 8.45921667], [98.30221389, 8.61646111]]]}}, {"type": "Feature", "properties": {"fid": 2474, "area_code": "PAC", "airport_identifier": "VTBS", "procedure_identifier": "UGUV1H", "transition_identifier": "RW02R"}, "geometry": {"type": "MultiLineString", "coordinates": [[[100.74317778, 13.70366944], [100.75808611, 13.76038056], [100.78180833, 13.85053333], [100.81033056, 13.95880556], [100.83314444, 14.04530833], [100.904175, 14.31351944], [100.65115556, 14.37744722], [100.43020556, 14.43283056], [100.30918889, 14.463375], [100.211175, 14.65788333], [100.19472222, 15.14305556]]]}}, {"type": "Feature", "properties": {"fid": 2478, "area_code": "PAC", "airport_identifier": "VTCL", "procedure_identifier": "VENA1D", "transition_identifier": "RW18"}, "geometry": {"type": "MultiLineString", "coordinates": [[[99.51876111, 18.09642222], [99.52808611, 17.98478333], [99.69938333, 17.90316389]]]}}, {"type": "Feature", "properties": {"fid": 2490, "area_code": "PAC", "airport_identifier": "VTBS", "procedure_identifier": "VANK1H", "transition_identifier": "RW02R"}, "geometry": {"type": "MultiLineString", "coordinates": [[[100.74317778, 13.70366944], [100.75808611, 13.76038056], [100.78180833, 13.85053333], [100.81033056, 13.95880556], [100.69347778, 14.06668889], [100.52433889, 14.09246944], [100.34487778, 14.11968333], [100.08079722, 13.6984], [100.19304444, 13.33951389], [100.19014722, 12.99959167], [99.76043056, 12.58640278]]]}}, {"type": "Feature", "properties": {"fid": 2501, "area_code": "PAC", "airport_identifier": "VTBS", "procedure_identifier": "OLVU1E", "transition_identifier": "RW20R"}, "geometry": {"type": "MultiLineString", "coordinates": [[[100.72924444, 13.665175], [100.69593333, 13.52424444], [100.57166667, 13.55528056], [100.57448333, 13.66239167], [100.57756389, 13.77857778], [100.47471944, 13.94214722], [100.38085556, 14.23797778], [100.30918889, 14.463375], [100.211175, 14.65788333]]]}}, {"type": "Feature", "properties": {"fid": 2510, "area_code": "PAC", "airport_identifier": "VTBD", "procedure_identifier": "HHN1B", "transition_identifier": "RW03L"}, "geometry": {"type": "MultiLineString", "coordinates": [[[100.63343889, 13.96370833], [100.52439167, 14.063375], [100.38263889, 14.018075], [100.22863333, 13.76026944], [100.19359167, 13.70150833], [100.19131111, 13.24135833], [100.19014722, 12.99959167], [99.95116667, 12.63441667]]]}}, {"type": "Feature", "properties": {"fid": 2521, "area_code": "PAC", "airport_identifier": "VTBS", "procedure_identifier": "BONV1F", "transition_identifier": "RW02L"}, "geometry": {"type": "MultiLineString", "coordinates": [[[100.73844722, 13.70018889], [100.75808611, 13.76038056], [100.78180833, 13.85053333], [100.81033056, 13.95880556], [100.69347778, 14.06668889], [100.52433889, 14.09246944], [100.34487778, 14.11968333], [100.06517778, 13.98153333], [99.76853333, 13.73624167]]]}}, {"type": "Feature", "properties": {"fid": 2526, "area_code": "PAC", "airport_identifier": "VTCP", "procedure_identifier": "IDKO1E", "transition_identifier": "RW01"}, "geometry": {"type": "MultiLineString", "coordinates": [[[100.27691111, 18.20029444], [100.25714444, 18.00665556], [100.21203611, 17.636025]]]}}, {"type": "Feature", "properties": {"fid": 2529, "area_code": "PAC", "airport_identifier": "VTSB", "procedure_identifier": "NIXE1D", "transition_identifier": "RW04"}, "geometry": {"type": "MultiLineString", "coordinates": [[[99.18623889, 9.18440833], [99.43701389, 9.42141944]]]}}, {"type": "Feature", "properties": {"fid": 2533, "area_code": "PAC", "airport_identifier": "VTUQ", "procedure_identifier": "VOBO1B", "transition_identifier": "RW24"}, "geometry": {"type": "MultiLineString", "coordinates": [[[102.21355556, 14.89675278], [101.60604722, 14.56571389], [101.43657222, 14.62095278]]]}}, {"type": "Feature", "properties": {"fid": 2539, "area_code": "PAC", "airport_identifier": "VTSF", "procedure_identifier": "GIFB1A", "transition_identifier": "RW01"}, "geometry": {"type": "MultiLineString", "coordinates": [[[99.963325, 8.71566111], [100.07423889, 8.70403889], [100.185325, 8.69236667], [100.28574722, 8.54067222], [100.45398889, 8.540075]]]}}, {"type": "Feature", "properties": {"fid": 2542, "area_code": "PAC", "airport_identifier": "VTSF", "procedure_identifier": "GIFB1A", "transition_identifier": "RELIP"}, "geometry": {"type": "MultiLineString", "coordinates": [[[100.45398889, 8.540075], [100.43847222, 8.07541667]]]}}, {"type": "Feature", "properties": {"fid": 2545, "area_code": "PAC", "airport_identifier": "VTSF", "procedure_identifier": "GIFB1A", "transition_identifier": "UPNEP"}, "geometry": {"type": "MultiLineString", "coordinates": [[[100.45398889, 8.540075], [100.49344444, 9.70363889]]]}}, {"type": "Feature", "properties": {"fid": 2549, "area_code": "PAC", "airport_identifier": "VTCL", "procedure_identifier": "OTBA1D", "transition_identifier": "RW18"}, "geometry": {"type": "MultiLineString", "coordinates": [[[99.51876111, 18.09642222], [99.78264167, 18.11661667], [99.93953333, 18.25393611]]]}}, {"type": "Feature", "properties": {"fid": 2556, "area_code": "PAC", "airport_identifier": "VTSG", "procedure_identifier": "EPGO1G", "transition_identifier": "RW14"}, "geometry": {"type": "MultiLineString", "coordinates": [[[99.06350278, 8.005225], [99.17028611, 7.95613889], [99.12104722, 7.84969722], [98.96797778, 7.92009444], [98.76525833, 7.90443056]]]}}, {"type": "Feature", "properties": {"fid": 2561, "area_code": "PAC", "airport_identifier": "VTBS", "procedure_identifier": "DOSB1K", "transition_identifier": "RW01"}, "geometry": {"type": "MultiLineString", "coordinates": [[[100.8534, 13.75975556], [100.97478056, 13.84905278], [101.83388333, 13.87785]]]}}, {"type": "Feature", "properties": {"fid": 2568, "area_code": "PAC", "airport_identifier": "VTBS", "procedure_identifier": "BUT1E", "transition_identifier": "RW20R"}, "geometry": {"type": "MultiLineString", "coordinates": [[[100.72924444, 13.665175], [100.69593333, 13.52424444], [100.67947222, 13.28566667], [100.81499722, 13.082125], [101.00047222, 12.66666667]]]}}, {"type": "Feature", "properties": {"fid": 2571, "area_code": "PAC", "airport_identifier": "VTUV", "procedure_identifier": "ENTE1A", "transition_identifier": "RW18"}, "geometry": {"type": "MultiLineString", "coordinates": [[[103.76889722, 16.00693889], [104.17341944, 15.79851944]]]}}, {"type": "Feature", "properties": {"fid": 2575, "area_code": "PAC", "airport_identifier": "VTSB", "procedure_identifier": "SEGR1C", "transition_identifier": "RW22"}, "geometry": {"type": "MultiLineString", "coordinates": [[[99.08494722, 9.08079167], [99.169525, 8.99911667], [99.47536389, 8.88339444]]]}}, {"type": "Feature", "properties": {"fid": 2588, "area_code": "PAC", "airport_identifier": "VTBS", "procedure_identifier": "BONV1J", "transition_identifier": "RW19"}, "geometry": {"type": "MultiLineString", "coordinates": [[[100.75232778, 13.60648056], [100.78757778, 13.48322222], [100.77083056, 13.41913333], [100.56941389, 13.46946389], [100.57166667, 13.55528056], [100.57448333, 13.66239167], [100.57756389, 13.77857778], [100.47471944, 13.94214722], [100.24156944, 13.97508889], [100.06517778, 13.98153333], [99.76853333, 13.73624167]]]}}, {"type": "Feature", "properties": {"fid": 2597, "area_code": "PAC", "airport_identifier": "VTBD", "procedure_identifier": "UKER1B", "transition_identifier": "RW03L"}, "geometry": {"type": "MultiLineString", "coordinates": [[[100.63343889, 13.96370833], [100.52439167, 14.063375], [100.38263889, 14.018075], [100.22863333, 13.76026944], [100.19359167, 13.70150833], [100.19131111, 13.24135833], [100.19014722, 12.99959167], [100.01933056, 12.03534722]]]}}, {"type": "Feature", "properties": {"fid": 2602, "area_code": "PAC", "airport_identifier": "VTCP", "procedure_identifier": "AIZA1E", "transition_identifier": "RW01"}, "geometry": {"type": "MultiLineString", "coordinates": [[[100.27691111, 18.20029444], [100.25714444, 18.00665556], [100.34445278, 17.88401667]]]}}, {"type": "Feature", "properties": {"fid": 2609, "area_code": "PAC", "airport_identifier": "VTBD", "procedure_identifier": "UPKU1B", "transition_identifier": "RW03L"}, "geometry": {"type": "MultiLineString", "coordinates": [[[100.63343889, 13.96370833], [100.69964444, 14.09517778], [101.09772222, 14.06595556], [101.44856667, 14.064625]]]}}, {"type": "Feature", "properties": {"fid": 2614, "area_code": "PAC", "airport_identifier": "VTCT", "procedure_identifier": "BENV1A", "transition_identifier": "RW03"}, "geometry": {"type": "MultiLineString", "coordinates": [[[99.94997222, 20.06660278], [100.16656667, 19.9528], [100.07058889, 19.71886944], [99.96139444, 19.45181111]]]}}, {"type": "Feature", "properties": {"fid": 2622, "area_code": "PAC", "airport_identifier": "VTCC", "procedure_identifier": "PANT2C", "transition_identifier": "RW36"}, "geometry": {"type": "MultiLineString", "coordinates": [[[98.96338889, 18.96936667], [99.08648889, 18.96905], [99.08573056, 18.73451111], [99.08551389, 18.66758611], [99.08515, 18.55194444], [99.085, 18.50515278], [99.32140278, 18.23088056]]]}}, {"type": "Feature", "properties": {"fid": 2629, "area_code": "PAC", "airport_identifier": "VTBD", "procedure_identifier": "NOBE2B", "transition_identifier": "RW03L"}, "geometry": {"type": "MultiLineString", "coordinates": [[[100.63343889, 13.96370833], [100.52439167, 14.063375], [100.30788889, 14.21763889], [100.27145556, 14.47099722], [100.33849167, 14.70990833], [100.66833333, 15.27655556]]]}}, {"type": "Feature", "properties": {"fid": 2636, "area_code": "PAC", "airport_identifier": "VTBD", "procedure_identifier": "DOSB1D", "transition_identifier": "RW03R"}, "geometry": {"type": "MultiLineString", "coordinates": [[[100.63663333, 13.96199167], [100.52439167, 14.063375], [100.38263889, 14.018075], [100.22863333, 13.76026944], [100.64598333, 13.64230556], [101.83388333, 13.87785]]]}}, {"type": "Feature", "properties": {"fid": 2641, "area_code": "PAC", "airport_identifier": "VTUU", "procedure_identifier": "ENLE1B", "transition_identifier": "RW05"}, "geometry": {"type": "MultiLineString", "coordinates": [[[104.9586, 15.44375833], [104.663525, 15.49869722], [104.46671944, 15.56479444]]]}}, {"type": "Feature", "properties": {"fid": 2645, "area_code": "PAC", "airport_identifier": "VTSP", "procedure_identifier": "SATV1B", "transition_identifier": "RW27"}, "geometry": {"type": "MultiLineString", "coordinates": [[[98.199025, 8.32086111], [97.96557778, 8.48390833]]]}}, {"type": "Feature", "properties": {"fid": 2656, "area_code": "PAC", "airport_identifier": "VTBS", "procedure_identifier": "NUNL1H", "transition_identifier": "RW02R"}, "geometry": {"type": "MultiLineString", "coordinates": [[[100.74317778, 13.70366944], [100.75808611, 13.76038056], [100.78180833, 13.85053333], [100.81033056, 13.95880556], [100.83314444, 14.04530833], [100.904175, 14.31351944], [100.65115556, 14.37744722], [100.43020556, 14.43283056], [100.30918889, 14.463375], [99.38433333, 14.857625]]]}}, {"type": "Feature", "properties": {"fid": 2660, "area_code": "PAC", "airport_identifier": "VTUD", "procedure_identifier": "ELNE1D", "transition_identifier": "RW30"}, "geometry": {"type": "MultiLineString", "coordinates": [[[102.72110833, 17.41930278], [102.67837778, 17.64293611], [102.62943056, 17.77361389]]]}}, {"type": "Feature", "properties": {"fid": 2665, "area_code": "PAC", "airport_identifier": "VTUV", "procedure_identifier": "SEDN1B", "transition_identifier": "RW36"}, "geometry": {"type": "MultiLineString", "coordinates": [[[103.77870278, 16.22658056], [103.65755278, 16.23157778], [103.46964167, 16.26246389], [103.28532778, 16.29258611]]]}}, {"type": "Feature", "properties": {"fid": 2670, "area_code": "PAC", "airport_identifier": "VTUK", "procedure_identifier": "SEDN1D", "transition_identifier": "RW21"}, "geometry": {"type": "MultiLineString", "coordinates": [[[102.72028611, 16.37180278], [102.94447778, 16.23199722], [103.11487778, 16.26236111], [103.28532778, 16.29258611]]]}}, {"type": "Feature", "properties": {"fid": 2677, "area_code": "PAC", "airport_identifier": "VTBD", "procedure_identifier": "KIGO1B", "transition_identifier": "RW03L"}, "geometry": {"type": "MultiLineString", "coordinates": [[[100.63343889, 13.96370833], [100.52439167, 14.063375], [100.38263889, 14.018075], [100.22863333, 13.76026944], [100.68003333, 13.38407222], [100.85175833, 13.11290556]]]}}, {"type": "Feature", "properties": {"fid": 2682, "area_code": "PAC", "airport_identifier": "VTPP", "procedure_identifier": "GOKO1B", "transition_identifier": "RW32"}, "geometry": {"type": "MultiLineString", "coordinates": [[[100.20938056, 16.87500833], [100.40613611, 17.01289167], [100.54944444, 16.91064167], [100.80939444, 16.71687778]]]}}, {"type": "Feature", "properties": {"fid": 2696, "area_code": "PAC", "airport_identifier": "VTBS", "procedure_identifier": "SEMB2J", "transition_identifier": "RW19"}, "geometry": {"type": "MultiLineString", "coordinates": [[[100.75232778, 13.60648056], [100.78757778, 13.48322222], [100.77083056, 13.41913333], [100.56941389, 13.46946389], [100.57166667, 13.55528056], [100.57448333, 13.66239167], [100.57756389, 13.77857778], [100.47471944, 13.94214722], [100.38085556, 14.23797778], [100.30918889, 14.463375], [100.33849167, 14.70990833], [100.26331111, 14.89976667]]]}}, {"type": "Feature", "properties": {"fid": 2701, "area_code": "PAC", "airport_identifier": "VTUK", "procedure_identifier": "EMRU1A", "transition_identifier": "RW03"}, "geometry": {"type": "MultiLineString", "coordinates": [[[102.81886667, 16.51925556], [103.03006111, 16.38753333], [102.86639722, 16.14298056], [102.59257222, 16.00545556]]]}}, {"type": "Feature", "properties": {"fid": 2708, "area_code": "PAC", "airport_identifier": "VTBD", "procedure_identifier": "NUNL3A", "transition_identifier": "RW21R"}, "geometry": {"type": "MultiLineString", "coordinates": [[[100.59593889, 13.89701111], [100.32975556, 13.97181944], [100.308825, 14.15117222], [100.27145556, 14.47099722], [99.38433333, 14.857625]]]}}, {"type": "Feature", "properties": {"fid": 2712, "area_code": "PAC", "airport_identifier": "VTCP", "procedure_identifier": "AIZA1A", "transition_identifier": "RW19"}, "geometry": {"type": "MultiLineString", "coordinates": [[[100.14144167, 17.90294444], [100.34445278, 17.88401667]]]}}, {"type": "Feature", "properties": {"fid": 2716, "area_code": "PAC", "airport_identifier": "VTSP", "procedure_identifier": "ANPU1B", "transition_identifier": "RW27"}, "geometry": {"type": "MultiLineString", "coordinates": [[[98.10640556, 8.09999722], [97.87121667, 7.86135556]]]}}, {"type": "Feature", "properties": {"fid": 2720, "area_code": "PAC", "airport_identifier": "VTUQ", "procedure_identifier": "SITA1A", "transition_identifier": "RW06"}, "geometry": {"type": "MultiLineString", "coordinates": [[[102.41196111, 15.00221111], [102.35410556, 15.10500278], [102.26252222, 15.21399444]]]}}, {"type": "Feature", "properties": {"fid": 2723, "area_code": "PAC", "airport_identifier": "VTUL", "procedure_identifier": "BOVG1B", "transition_identifier": "RW19"}, "geometry": {"type": "MultiLineString", "coordinates": [[[101.68889167, 17.33393889], [101.82643056, 17.12766944]]]}}, {"type": "Feature", "properties": {"fid": 2732, "area_code": "PAC", "airport_identifier": "VTBD", "procedure_identifier": "GORS3A", "transition_identifier": "RW21R"}, "geometry": {"type": "MultiLineString", "coordinates": [[[100.59593889, 13.89701111], [100.48218889, 13.84046111], [100.41750833, 13.78061667], [100.43101944, 13.63743611], [100.57363611, 13.61210556], [101.05455833, 13.52605], [101.35779167, 13.51517778]]]}}, {"type": "Feature", "properties": {"fid": 2739, "area_code": "PAC", "airport_identifier": "VTBS", "procedure_identifier": "GOME1R", "transition_identifier": "RW20L"}, "geometry": {"type": "MultiLineString", "coordinates": [[[100.73466389, 13.67127778], [100.81497222, 13.63081667], [100.9199, 13.63003056], [101.35779167, 13.51517778], [101.58491667, 13.40169444]]]}}, {"type": "Feature", "properties": {"fid": 2747, "area_code": "PAC", "airport_identifier": "VTSS", "procedure_identifier": "TAXE1C", "transition_identifier": "RW26"}, "geometry": {"type": "MultiLineString", "coordinates": [[[100.29739444, 6.92051667], [100.30784722, 6.83745278], [100.39090278, 6.75631944], [100.47576111, 6.64721389], [100.59209167, 6.66180833], [100.68574444, 6.815325], [100.77909444, 6.77804722]]]}}, {"type": "Feature", "properties": {"fid": 2752, "area_code": "PAC", "airport_identifier": "VTBD", "procedure_identifier": "ROBK1B", "transition_identifier": "RW03L"}, "geometry": {"type": "MultiLineString", "coordinates": [[[100.63343889, 13.96370833], [100.69964444, 14.09517778], [101.09772222, 14.06595556], [101.418875, 14.17859722]]]}}, {"type": "Feature", "properties": {"fid": 2756, "area_code": "PAC", "airport_identifier": "VTSP", "procedure_identifier": "UPSA1A", "transition_identifier": "RW09"}, "geometry": {"type": "MultiLineString", "coordinates": [[[98.61166389, 8.14086667], [98.61935833, 8.35725556], [98.08106944, 8.56327778]]]}}, {"type": "Feature", "properties": {"fid": 2765, "area_code": "PAC", "airport_identifier": "VTBS", "procedure_identifier": "HOTE1R", "transition_identifier": "RW20L"}, "geometry": {"type": "MultiLineString", "coordinates": [[[100.73466389, 13.67127778], [100.81497222, 13.63081667], [100.9199, 13.63003056], [100.91903611, 13.52239167], [100.91676944, 13.23603611], [100.6783, 13.08060278], [100.33008333, 13.00172222]]]}}, {"type": "Feature", "properties": {"fid": 2770, "area_code": "PAC", "airport_identifier": "VTSR", "procedure_identifier": "CPN1A", "transition_identifier": "RW20"}, "geometry": {"type": "MultiLineString", "coordinates": [[[98.51239167, 9.62623889], [98.58372222, 9.77797222], [99.36555556, 10.71116667]]]}}, {"type": "Feature", "properties": {"fid": 2773, "area_code": "PAC", "airport_identifier": "VTCC", "procedure_identifier": "ENBA2S", "transition_identifier": "RW18"}, "geometry": {"type": "MultiLineString", "coordinates": [[[98.96222778, 18.50206667], [99.16787778, 18.1614]]]}}, {"type": "Feature", "properties": {"fid": 2777, "area_code": "PAC", "airport_identifier": "VTUU", "procedure_identifier": "ASAB1A", "transition_identifier": "RW23"}, "geometry": {"type": "MultiLineString", "coordinates": [[[104.682325, 15.10588611], [104.35064167, 15.20262222]]]}}, {"type": "Feature", "properties": {"fid": 2782, "area_code": "PAC", "airport_identifier": "VTSC", "procedure_identifier": "ERVE1B", "transition_identifier": "RW20"}, "geometry": {"type": "MultiLineString", "coordinates": [[[101.69138889, 6.39994167], [101.48144444, 6.20218889]]]}}, {"type": "Feature", "properties": {"fid": 2792, "area_code": "PAC", "airport_identifier": "VTUD", "procedure_identifier": "GULN1B", "transition_identifier": "RW12"}, "geometry": {"type": "MultiLineString", "coordinates": [[[102.85536111, 17.35354722], [103.09592778, 17.34521389], [103.29307778, 17.32081389]]]}}, {"type": "Feature", "properties": {"fid": 2798, "area_code": "PAC", "airport_identifier": "VTCC", "procedure_identifier": "MONL2S", "transition_identifier": "RW18"}, "geometry": {"type": "MultiLineString", "coordinates": [[[98.96264444, 18.66938333], [99.085525, 18.66906667], [99.20840833, 18.66866944], [99.33128889, 18.66819167], [99.62870833, 18.78394444]]]}}, {"type": "Feature", "properties": {"fid": 2804, "area_code": "PAC", "airport_identifier": "VTPP", "procedure_identifier": "GOST1A", "transition_identifier": "RW14"}, "geometry": {"type": "MultiLineString", "coordinates": [[[100.36928611, 16.66380556], [100.46753056, 16.73278333], [100.32426389, 16.92213056], [100.18256389, 17.10893611], [100.37495278, 17.26591667]]]}}, {"type": "Feature", "properties": {"fid": 2809, "area_code": "PAC", "airport_identifier": "VTSG", "procedure_identifier": "TRN2C", "transition_identifier": "RW32"}, "geometry": {"type": "MultiLineString", "coordinates": [[[98.98011944, 8.10646667], [99.626, 7.50891667]]]}}, {"type": "Feature", "properties": {"fid": 2821, "area_code": "PAC", "airport_identifier": "VTSS", "procedure_identifier": "PIME1C", "transition_identifier": "RW26"}, "geometry": {"type": "MultiLineString", "coordinates": [[[100.29739444, 6.92051667], [100.28462778, 7.01218056], [100.298775, 7.25997778], [100.34726111, 7.36673889], [100.4135, 7.51249444]]]}}, {"type": "Feature", "properties": {"fid": 2832, "area_code": "PAC", "airport_identifier": "VTBS", "procedure_identifier": "ALBO1S", "transition_identifier": "RW02R"}, "geometry": {"type": "MultiLineString", "coordinates": [[[100.74317778, 13.70366944], [100.931825, 13.70310556], [101.12033889, 13.71554167], [101.22248611, 14.08675278], [101.17034167, 14.26378889], [101.09235278, 14.52818333], [101.02830556, 14.74491667]]]}}, {"type": "Feature", "properties": {"fid": 2837, "area_code": "PAC", "airport_identifier": "VTUU", "procedure_identifier": "ASAB1B", "transition_identifier": "RW05"}, "geometry": {"type": "MultiLineString", "coordinates": [[[104.75609444, 15.29928056], [104.59738333, 15.22315833], [104.35064167, 15.20262222]]]}}, {"type": "Feature", "properties": {"fid": 2843, "area_code": "PAC", "airport_identifier": "VTUL", "procedure_identifier": "SWEN1B", "transition_identifier": "RW19"}, "geometry": {"type": "MultiLineString", "coordinates": [[[101.68889167, 17.33393889], [101.80555278, 17.30006111], [101.93070833, 17.26353889], [101.95872222, 17.35201389], [101.98409167, 17.43205833]]]}}, {"type": "Feature", "properties": {"fid": 2851, "area_code": "PAC", "airport_identifier": "VTSF", "procedure_identifier": "WADE1A", "transition_identifier": "RW01"}, "geometry": {"type": "MultiLineString", "coordinates": [[[99.963325, 8.71566111], [100.07423889, 8.70403889], [100.185325, 8.69236667], [100.14960556, 8.35577222], [100.02736111, 8.24891667], [100.08009167, 8.05700556], [100.38794444, 6.93411111]]]}}, {"type": "Feature", "properties": {"fid": 2856, "area_code": "PAC", "airport_identifier": "VTCT", "procedure_identifier": "NUMD1A", "transition_identifier": "RW03"}, "geometry": {"type": "MultiLineString", "coordinates": [[[99.75581111, 19.97701389], [99.68813889, 19.82245], [99.56719167, 19.54539722]]]}}, {"type": "Feature", "properties": {"fid": 2862, "area_code": "PAC", "airport_identifier": "VTSG", "procedure_identifier": "PUT2E", "transition_identifier": "RW32"}, "geometry": {"type": "MultiLineString", "coordinates": [[[98.98011944, 8.10646667], [98.9775, 8.1075], [98.30697222, 8.11394444]]]}}, {"type": "Feature", "properties": {"fid": 2869, "area_code": "PAC", "airport_identifier": "VTBS", "procedure_identifier": "SELK1J", "transition_identifier": "RW19"}, "geometry": {"type": "MultiLineString", "coordinates": [[[100.75232778, 13.60648056], [100.81515833, 13.57338333], [100.90070556, 13.57274444], [101.03035833, 13.571725], [101.88631389, 14.33890556]]]}}, {"type": "Feature", "properties": {"fid": 2878, "area_code": "PAC", "airport_identifier": "VTBS", "procedure_identifier": "PAST1H", "transition_identifier": "RW02R"}, "geometry": {"type": "MultiLineString", "coordinates": [[[100.74317778, 13.70366944], [100.75808611, 13.76038056], [100.78180833, 13.85053333], [100.81033056, 13.95880556], [100.69347778, 14.06668889], [100.52433889, 14.09246944], [100.34487778, 14.11968333], [99.50192778, 14.00125]]]}}, {"type": "Feature", "properties": {"fid": 2886, "area_code": "PAC", "airport_identifier": "VTBS", "procedure_identifier": "HHN1G", "transition_identifier": "RW20L"}, "geometry": {"type": "MultiLineString", "coordinates": [[[100.73466389, 13.67127778], [100.69593333, 13.52424444], [100.54620556, 13.39734722], [100.37930556, 13.21113889], [100.24331944, 13.05911111], [100.19014722, 12.99959167], [99.95116667, 12.63441667]]]}}, {"type": "Feature", "properties": {"fid": 2891, "area_code": "PAC", "airport_identifier": "VTBS", "procedure_identifier": "LIPL1K", "transition_identifier": "RW01"}, "geometry": {"type": "MultiLineString", "coordinates": [[[100.8534, 13.75975556], [100.97478056, 13.84905278], [101.96565, 14.17434722]]]}}, {"type": "Feature", "properties": {"fid": 2895, "area_code": "PAC", "airport_identifier": "VTCL", "procedure_identifier": "PANT1D", "transition_identifier": "RW18"}, "geometry": {"type": "MultiLineString", "coordinates": [[[99.51876111, 18.09642222], [99.43835278, 18.04782222], [99.32140278, 18.23088056]]]}}, {"type": "Feature", "properties": {"fid": 2903, "area_code": "PAC", "airport_identifier": "VTCC", "procedure_identifier": "IGUD2C", "transition_identifier": "RW36"}, "geometry": {"type": "MultiLineString", "coordinates": [[[98.96338889, 18.96936667], [99.08648889, 18.96905], [99.08573056, 18.73451111], [99.08551389, 18.66758611], [99.24226389, 18.66706111], [99.36271944, 18.70359722], [99.39226111, 18.84646944]]]}}, {"type": "Feature", "properties": {"fid": 2919, "area_code": "PAC", "airport_identifier": "VTBS", "procedure_identifier": "PAST1G", "transition_identifier": "RW20L"}, "geometry": {"type": "MultiLineString", "coordinates": [[[100.73466389, 13.67127778], [100.69593333, 13.52424444], [100.57166667, 13.55528056], [100.57448333, 13.66239167], [100.57756389, 13.77857778], [100.47471944, 13.94214722], [100.24156944, 13.97508889], [100.06517778, 13.98153333], [99.50192778, 14.00125]]]}}, {"type": "Feature", "properties": {"fid": 2926, "area_code": "PAC", "airport_identifier": "VTUD", "procedure_identifier": "SURG1B", "transition_identifier": "RW12"}, "geometry": {"type": "MultiLineString", "coordinates": [[[102.85536111, 17.35354722], [102.83954167, 17.22979167], [102.77861389, 17.12816389], [102.69190278, 17.10625], [102.51997222, 17.062675], [102.40223889, 17.03274167]]]}}, {"type": "Feature", "properties": {"fid": 2936, "area_code": "PAC", "airport_identifier": "VTBS", "procedure_identifier": "BONV1H", "transition_identifier": "RW02R"}, "geometry": {"type": "MultiLineString", "coordinates": [[[100.74317778, 13.70366944], [100.75808611, 13.76038056], [100.78180833, 13.85053333], [100.81033056, 13.95880556], [100.69347778, 14.06668889], [100.52433889, 14.09246944], [100.34487778, 14.11968333], [100.06517778, 13.98153333], [99.76853333, 13.73624167]]]}}, {"type": "Feature", "properties": {"fid": 2944, "area_code": "PAC", "airport_identifier": "VTBD", "procedure_identifier": "SABI2B", "transition_identifier": "RW03L"}, "geometry": {"type": "MultiLineString", "coordinates": [[[100.63343889, 13.96370833], [100.52439167, 14.063375], [100.38263889, 14.018075], [100.22863333, 13.76026944], [100.19359167, 13.70150833], [100.19131111, 13.24135833], [100.19014722, 12.99959167]]]}}, {"type": "Feature", "properties": {"fid": 2949, "area_code": "PAC", "airport_identifier": "VTBS", "procedure_identifier": "SELK1K", "transition_identifier": "RW01"}, "geometry": {"type": "MultiLineString", "coordinates": [[[100.8534, 13.75975556], [100.97478056, 13.84905278], [101.88631389, 14.33890556]]]}}, {"type": "Feature", "properties": {"fid": 2959, "area_code": "PAC", "airport_identifier": "VTBD", "procedure_identifier": "REGO3C", "transition_identifier": "RW21L"}, "geometry": {"type": "MultiLineString", "coordinates": [[[100.60152778, 13.89956944], [100.48218889, 13.84046111], [100.41750833, 13.78061667], [100.43101944, 13.63743611], [100.43863333, 13.55674444], [100.68003333, 13.38407222], [100.6783, 13.08060278], [100.58175, 12.00180556]]]}}, {"type": "Feature", "properties": {"fid": 2969, "area_code": "PAC", "airport_identifier": "VTBS", "procedure_identifier": "BLAF1P", "transition_identifier": "RW20R"}, "geometry": {"type": "MultiLineString", "coordinates": [[[100.72924444, 13.665175], [100.81497222, 13.63081667], [101.12033889, 13.71554167], [101.22248611, 14.08675278], [101.17034167, 14.26378889], [101.09235278, 14.52818333], [100.81553056, 14.78699167], [100.29753056, 15.27595833]]]}}, {"type": "Feature", "properties": {"fid": 2974, "area_code": "PAC", "airport_identifier": "VTPP", "procedure_identifier": "IGPO1A", "transition_identifier": "RW14"}, "geometry": {"type": "MultiLineString", "coordinates": [[[100.36928611, 16.66380556], [100.27111111, 16.59478056], [100.12775278, 16.78399444], [99.785475, 16.83391111]]]}}, {"type": "Feature", "properties": {"fid": 2977, "area_code": "PAC", "airport_identifier": "VTCT", "procedure_identifier": "BENV1B", "transition_identifier": "RW21"}, "geometry": {"type": "MultiLineString", "coordinates": [[[99.81595, 19.83806667], [99.96139444, 19.45181111]]]}}, {"type": "Feature", "properties": {"fid": 2986, "area_code": "PAC", "airport_identifier": "VTUL", "procedure_identifier": "NOGA1A", "transition_identifier": "RW01"}, "geometry": {"type": "MultiLineString", "coordinates": [[[101.75527222, 17.54431944], [102.00579722, 17.64269167]]]}}, {"type": "Feature", "properties": {"fid": 2991, "area_code": "PAC", "airport_identifier": "VTPO", "procedure_identifier": "PEBL1D", "transition_identifier": "RW36"}, "geometry": {"type": "MultiLineString", "coordinates": [[[99.74419167, 16.95908333], [99.87651667, 16.62495833], [100.29339167, 16.26831667]]]}}, {"type": "Feature", "properties": {"fid": 2999, "area_code": "PAC", "airport_identifier": "VTBS", "procedure_identifier": "REGO1J", "transition_identifier": "RW19"}, "geometry": {"type": "MultiLineString", "coordinates": [[[100.75232778, 13.60648056], [100.78757778, 13.48322222], [100.81527222, 13.38657222], [100.81522778, 13.28489444], [100.6783, 13.08060278], [100.58175, 12.00180556]]]}}, {"type": "Feature", "properties": {"fid": 3004, "area_code": "PAC", "airport_identifier": "VTCC", "procedure_identifier": "PSL1A", "transition_identifier": "RW18"}, "geometry": {"type": "MultiLineString", "coordinates": [[[98.96122222, 18.76611111], [100.29136111, 16.77033333]]]}}, {"type": "Feature", "properties": {"fid": 3009, "area_code": "PAC", "airport_identifier": "VTBD", "procedure_identifier": "ALBO1D", "transition_identifier": "RW03R"}, "geometry": {"type": "MultiLineString", "coordinates": [[[100.63663333, 13.96199167], [100.69964444, 14.09517778], [100.87544444, 14.443325], [101.02830556, 14.74491667]]]}}, {"type": "Feature", "properties": {"fid": 3019, "area_code": "PAC", "airport_identifier": "VTSF", "procedure_identifier": "PUYO1A", "transition_identifier": "RW01"}, "geometry": {"type": "MultiLineString", "coordinates": [[[99.963325, 8.71566111], [99.65731944, 8.75163333], [99.13472222, 9.12947222]]]}}, {"type": "Feature", "properties": {"fid": 3027, "area_code": "PAC", "airport_identifier": "VTCC", "procedure_identifier": "LAMU2S", "transition_identifier": "RW18"}, "geometry": {"type": "MultiLineString", "coordinates": [[[98.96235278, 18.55226111], [99.08515, 18.55194444], [99.08541944, 18.63560556], [99.08579167, 18.752725], [99.08635556, 18.92783333], [98.92373889, 18.99150833], [98.67896111, 19.08698333]]]}}, {"type": "Feature", "properties": {"fid": 3036, "area_code": "PAC", "airport_identifier": "VTBD", "procedure_identifier": "RYN3A", "transition_identifier": "RW21R"}, "geometry": {"type": "MultiLineString", "coordinates": [[[100.59593889, 13.89701111], [100.48218889, 13.84046111], [100.41750833, 13.78061667], [100.43101944, 13.63743611], [100.57363611, 13.61210556], [101.05455833, 13.52605], [101.67644444, 12.77863889]]]}}, {"type": "Feature", "properties": {"fid": 3040, "area_code": "PAC", "airport_identifier": "VTSP", "procedure_identifier": "UBNE1B", "transition_identifier": "RW27"}, "geometry": {"type": "MultiLineString", "coordinates": [[[98.10640556, 8.09999722], [97.80338611, 8.08893611]]]}}, {"type": "Feature", "properties": {"fid": 3048, "area_code": "PAC", "airport_identifier": "VTBS", "procedure_identifier": "BUT1J", "transition_identifier": "RW19"}, "geometry": {"type": "MultiLineString", "coordinates": [[[100.75232778, 13.60648056], [100.78757778, 13.48322222], [100.81527222, 13.38657222], [100.81522778, 13.28489444], [100.81499722, 13.082125], [101.00047222, 12.66666667]]]}}, {"type": "Feature", "properties": {"fid": 3053, "area_code": "PAC", "airport_identifier": "VTUV", "procedure_identifier": "SEDN1A", "transition_identifier": "RW18"}, "geometry": {"type": "MultiLineString", "coordinates": [[[103.76889722, 16.00693889], [103.64788333, 16.01193611], [103.44951111, 16.16567222], [103.28532778, 16.29258611]]]}}, {"type": "Feature", "properties": {"fid": 3056, "area_code": "PAC", "airport_identifier": "VTUL", "procedure_identifier": "DUBO1B", "transition_identifier": "RW19"}, "geometry": {"type": "MultiLineString", "coordinates": [[[101.68889167, 17.33393889], [101.53165, 17.16764444]]]}}, {"type": "Feature", "properties": {"fid": 3062, "area_code": "PAC", "airport_identifier": "VTBD", "procedure_identifier": "BONV3A", "transition_identifier": "RW21R"}, "geometry": {"type": "MultiLineString", "coordinates": [[[100.59593889, 13.89701111], [100.32975556, 13.97181944], [100.06517778, 13.98153333], [99.76853333, 13.73624167]]]}}, {"type": "Feature", "properties": {"fid": 3071, "area_code": "PAC", "airport_identifier": "VTSF", "procedure_identifier": "PUYO1B", "transition_identifier": "RW19"}, "geometry": {"type": "MultiLineString", "coordinates": [[[99.92621944, 8.36410278], [100.08165556, 8.347825], [100.22025556, 8.34791111], [100.22086111, 8.54088056], [99.94685, 8.54165556], [99.83504444, 8.62278611], [99.65731944, 8.75163333], [99.13472222, 9.12947222]]]}}, {"type": "Feature", "properties": {"fid": 3081, "area_code": "PAC", "airport_identifier": "VTBS", "procedure_identifier": "NUNL1P", "transition_identifier": "RW20R"}, "geometry": {"type": "MultiLineString", "coordinates": [[[100.72924444, 13.665175], [100.81497222, 13.63081667], [101.12033889, 13.71554167], [101.22248611, 14.08675278], [101.17034167, 14.26378889], [101.09235278, 14.52818333], [100.81553056, 14.78699167], [99.38433333, 14.857625]]]}}, {"type": "Feature", "properties": {"fid": 3089, "area_code": "PAC", "airport_identifier": "VTCC", "procedure_identifier": "VISE2S", "transition_identifier": "RW18"}, "geometry": {"type": "MultiLineString", "coordinates": [[[98.96235278, 18.55226111], [99.08515, 18.55194444], [99.08541944, 18.63560556], [99.08579167, 18.752725], [99.08635556, 18.92783333], [98.91120556, 18.94244722], [98.57726111, 18.96983611]]]}}, {"type": "Feature", "properties": {"fid": 3095, "area_code": "PAC", "airport_identifier": "VTBS", "procedure_identifier": "SELK1P", "transition_identifier": "RW20R"}, "geometry": {"type": "MultiLineString", "coordinates": [[[100.72924444, 13.665175], [100.81497222, 13.63081667], [101.12033889, 13.71554167], [101.88631389, 14.33890556]]]}}, {"type": "Feature", "properties": {"fid": 3101, "area_code": "PAC", "airport_identifier": "VTUU", "procedure_identifier": "POTE1A", "transition_identifier": "RW23"}, "geometry": {"type": "MultiLineString", "coordinates": [[[104.90172778, 15.10678056], [105.02148333, 15.17309167], [105.22595, 15.28606667], [105.36841111, 15.36459722]]]}}, {"type": "Feature", "properties": {"fid": 3109, "area_code": "PAC", "airport_identifier": "VTBD", "procedure_identifier": "REGO1D", "transition_identifier": "RW03R"}, "geometry": {"type": "MultiLineString", "coordinates": [[[100.63663333, 13.96199167], [100.52439167, 14.063375], [100.38263889, 14.018075], [100.22863333, 13.76026944], [100.68003333, 13.38407222], [100.6783, 13.08060278], [100.58175, 12.00180556]]]}}, {"type": "Feature", "properties": {"fid": 3126, "area_code": "PAC", "airport_identifier": "VTBS", "procedure_identifier": "REGO1T", "transition_identifier": "RW19"}, "geometry": {"type": "MultiLineString", "coordinates": [[[100.75183056, 13.65669722], [100.81497222, 13.63081667], [100.9199, 13.63003056], [100.91903611, 13.52239167], [100.91676944, 13.23603611], [100.6783, 13.08060278], [100.58175, 12.00180556]]]}}, {"type": "Feature", "properties": {"fid": 3135, "area_code": "PAC", "airport_identifier": "VTBS", "procedure_identifier": "REGO1S", "transition_identifier": "RW02R"}, "geometry": {"type": "MultiLineString", "coordinates": [[[100.74317778, 13.70366944], [100.931825, 13.70310556], [101.08299722, 13.64540556], [101.05758333, 13.55293333], [100.999925, 13.342775], [100.6783, 13.08060278], [100.58175, 12.00180556]]]}}, {"type": "Feature", "properties": {"fid": 3145, "area_code": "PAC", "airport_identifier": "VTBS", "procedure_identifier": "VANK1J", "transition_identifier": "RW19"}, "geometry": {"type": "MultiLineString", "coordinates": [[[100.75232778, 13.60648056], [100.78757778, 13.48322222], [100.77083056, 13.41913333], [100.54620556, 13.39734722], [100.37930556, 13.21113889], [100.24331944, 13.05911111], [100.19014722, 12.99959167], [99.76043056, 12.58640278]]]}}, {"type": "Feature", "properties": {"fid": 3151, "area_code": "PAC", "airport_identifier": "VTCC", "procedure_identifier": "MHS1A", "transition_identifier": "RW18"}, "geometry": {"type": "MultiLineString", "coordinates": [[[98.96122222, 18.76611111], [97.91211111, 19.31975]]]}}, {"type": "Feature", "properties": {"fid": 3158, "area_code": "PAC", "airport_identifier": "VTSS", "procedure_identifier": "KENE1C", "transition_identifier": "RW26"}, "geometry": {"type": "MultiLineString", "coordinates": [[[100.29739444, 6.92051667], [100.30784722, 6.83745278], [100.39090278, 6.75631944], [100.47576111, 6.64721389], [100.59209167, 6.66180833], [100.69211111, 6.72772778]]]}}, {"type": "Feature", "properties": {"fid": 3164, "area_code": "PAC", "airport_identifier": "VTSS", "procedure_identifier": "ENVO1C", "transition_identifier": "RW26"}, "geometry": {"type": "MultiLineString", "coordinates": [[[100.29739444, 6.92051667], [100.28462778, 7.01218056], [100.298775, 7.25997778], [100.26781667, 7.37305278], [100.23506944, 7.49259722]]]}}, {"type": "Feature", "properties": {"fid": 3169, "area_code": "PAC", "airport_identifier": "VTUV", "procedure_identifier": "RURA1B", "transition_identifier": "RW36"}, "geometry": {"type": "MultiLineString", "coordinates": [[[103.77870278, 16.22658056], [103.89984444, 16.22151111], [104.08116944, 16.27815556], [104.24323611, 16.32862222]]]}}, {"type": "Feature", "properties": {"fid": 3178, "area_code": "PAC", "airport_identifier": "VTBS", "procedure_identifier": "RYN1J", "transition_identifier": "RW19"}, "geometry": {"type": "MultiLineString", "coordinates": [[[100.75232778, 13.60648056], [100.81515833, 13.57338333], [100.90070556, 13.57274444], [101.03035833, 13.571725], [101.35779167, 13.51517778], [101.58491667, 13.40169444], [101.67644444, 12.77863889]]]}}, {"type": "Feature", "properties": {"fid": 3188, "area_code": "PAC", "airport_identifier": "VTBS", "procedure_identifier": "SEMB2K", "transition_identifier": "RW01"}, "geometry": {"type": "MultiLineString", "coordinates": [[[100.8534, 13.75975556], [100.97478056, 13.84905278], [100.98055278, 13.94610833], [101.00102222, 14.28896944], [100.65115556, 14.37744722], [100.43020556, 14.43283056], [100.33849167, 14.70990833], [100.26331111, 14.89976667]]]}}, {"type": "Feature", "properties": {"fid": 3197, "area_code": "PAC", "airport_identifier": "VTBD", "procedure_identifier": "RYN3C", "transition_identifier": "RW21L"}, "geometry": {"type": "MultiLineString", "coordinates": [[[100.60152778, 13.89956944], [100.48218889, 13.84046111], [100.41750833, 13.78061667], [100.43101944, 13.63743611], [100.57363611, 13.61210556], [101.05455833, 13.52605], [101.67644444, 12.77863889]]]}}, {"type": "Feature", "properties": {"fid": 3207, "area_code": "PAC", "airport_identifier": "VTBS", "procedure_identifier": "SEMB1R", "transition_identifier": "RW20L"}, "geometry": {"type": "MultiLineString", "coordinates": [[[100.73466389, 13.67127778], [100.81497222, 13.63081667], [101.12033889, 13.71554167], [101.22248611, 14.08675278], [101.17034167, 14.26378889], [101.09235278, 14.52818333], [100.81553056, 14.78699167], [100.26331111, 14.89976667]]]}}, {"type": "Feature", "properties": {"fid": 3219, "area_code": "PAC", "airport_identifier": "VTBS", "procedure_identifier": "NOBE2F", "transition_identifier": "RW02L"}, "geometry": {"type": "MultiLineString", "coordinates": [[[100.73844722, 13.70018889], [100.75808611, 13.76038056], [100.78180833, 13.85053333], [100.81033056, 13.95880556], [100.83314444, 14.04530833], [100.904175, 14.31351944], [100.65115556, 14.37744722], [100.43020556, 14.43283056], [100.33849167, 14.70990833], [100.66833333, 15.27655556]]]}}, {"type": "Feature", "properties": {"fid": 3223, "area_code": "PAC", "airport_identifier": "VTUD", "procedure_identifier": "POVE1B", "transition_identifier": "RW12"}, "geometry": {"type": "MultiLineString", "coordinates": [[[102.85536111, 17.35354722], [102.98036389, 17.15920556], [103.09157222, 16.984775]]]}}, {"type": "Feature", "properties": {"fid": 3232, "area_code": "PAC", "airport_identifier": "VTBS", "procedure_identifier": "ALBO1R", "transition_identifier": "RW20L"}, "geometry": {"type": "MultiLineString", "coordinates": [[[100.73466389, 13.67127778], [100.81497222, 13.63081667], [101.12033889, 13.71554167], [101.22248611, 14.08675278], [101.17034167, 14.26378889], [101.09235278, 14.52818333], [101.02830556, 14.74491667]]]}}, {"type": "Feature", "properties": {"fid": 3236, "area_code": "PAC", "airport_identifier": "VTSB", "procedure_identifier": "IDNA1D", "transition_identifier": "RW04"}, "geometry": {"type": "MultiLineString", "coordinates": [[[99.18623889, 9.18440833], [99.36835833, 9.00854167], [99.25661944, 8.72881389]]]}}, {"type": "Feature", "properties": {"fid": 3243, "area_code": "PAC", "airport_identifier": "VTBS", "procedure_identifier": "RYN1K", "transition_identifier": "RW01"}, "geometry": {"type": "MultiLineString", "coordinates": [[[100.8534, 13.75975556], [101.02249444, 13.75930278], [101.237525, 13.68165], [101.58491667, 13.40169444], [101.67644444, 12.77863889]]]}}, {"type": "Feature", "properties": {"fid": 3248, "area_code": "PAC", "airport_identifier": "VTSS", "procedure_identifier": "KARM1D", "transition_identifier": "RW08"}, "geometry": {"type": "MultiLineString", "coordinates": [[[100.49106389, 6.94485], [100.51468333, 6.75626944], [100.51818333, 6.63909722], [100.5225, 6.4944]]]}}, {"type": "Feature", "properties": {"fid": 3252, "area_code": "PAC", "airport_identifier": "VTSP", "procedure_identifier": "UPSA1B", "transition_identifier": "RW27"}, "geometry": {"type": "MultiLineString", "coordinates": [[[98.199025, 8.32086111], [98.08106944, 8.56327778]]]}}, {"type": "Feature", "properties": {"fid": 3257, "area_code": "PAC", "airport_identifier": "VTUL", "procedure_identifier": "RIBD1A", "transition_identifier": "RW01"}, "geometry": {"type": "MultiLineString", "coordinates": [[[101.75527222, 17.54431944], [101.63839167, 17.57823889], [101.57540833, 17.37798889], [101.48821667, 17.33713333]]]}}, {"type": "Feature", "properties": {"fid": 3263, "area_code": "PAC", "airport_identifier": "VTUV", "procedure_identifier": "ENTE1B", "transition_identifier": "RW36"}, "geometry": {"type": "MultiLineString", "coordinates": [[[103.77870278, 16.22658056], [103.89984444, 16.22151111], [103.89085556, 16.02280556], [104.00785833, 15.93003889], [104.17341944, 15.79851944]]]}}, {"type": "Feature", "properties": {"fid": 3267, "area_code": "PAC", "airport_identifier": "VTCP", "procedure_identifier": "IDKO1A", "transition_identifier": "RW19"}, "geometry": {"type": "MultiLineString", "coordinates": [[[100.14144167, 17.90294444], [100.21203611, 17.636025]]]}}, {"type": "Feature", "properties": {"fid": 3273, "area_code": "PAC", "airport_identifier": "VTSS", "procedure_identifier": "PADP1D", "transition_identifier": "RW08"}, "geometry": {"type": "MultiLineString", "coordinates": [[[100.49106389, 6.94485], [100.45934167, 7.19669167], [100.13808333, 7.27005278], [100.05439444, 7.27527778], [99.92551667, 7.28329444]]]}}, {"type": "Feature", "properties": {"fid": 3283, "area_code": "PAC", "airport_identifier": "VTBS", "procedure_identifier": "OLVU1K", "transition_identifier": "RW01"}, "geometry": {"type": "MultiLineString", "coordinates": [[[100.8534, 13.75975556], [100.97478056, 13.84905278], [100.98055278, 13.94610833], [101.00102222, 14.28896944], [100.65115556, 14.37744722], [100.43020556, 14.43283056], [100.30918889, 14.463375], [100.211175, 14.65788333]]]}}, {"type": "Feature", "properties": {"fid": 3287, "area_code": "PAC", "airport_identifier": "VTUL", "procedure_identifier": "SWEN1A", "transition_identifier": "RW01"}, "geometry": {"type": "MultiLineString", "coordinates": [[[101.75527222, 17.54431944], [101.87211111, 17.51033056], [101.98409167, 17.43205833]]]}}, {"type": "Feature", "properties": {"fid": 3292, "area_code": "PAC", "airport_identifier": "VTPP", "procedure_identifier": "PEBL1B", "transition_identifier": "RW32"}, "geometry": {"type": "MultiLineString", "coordinates": [[[100.20938056, 16.87500833], [100.01306944, 16.73661944], [100.13468611, 16.533775], [100.29339167, 16.26831667]]]}}, {"type": "Feature", "properties": {"fid": 3302, "area_code": "PAC", "airport_identifier": "VTBD", "procedure_identifier": "REGO3A", "transition_identifier": "RW21R"}, "geometry": {"type": "MultiLineString", "coordinates": [[[100.59593889, 13.89701111], [100.48218889, 13.84046111], [100.41750833, 13.78061667], [100.43101944, 13.63743611], [100.43863333, 13.55674444], [100.68003333, 13.38407222], [100.6783, 13.08060278], [100.58175, 12.00180556]]]}}, {"type": "Feature", "properties": {"fid": 3307, "area_code": "PAC", "airport_identifier": "VTCL", "procedure_identifier": "OMDI1C", "transition_identifier": "RW36"}, "geometry": {"type": "MultiLineString", "coordinates": [[[99.49713056, 18.35495278], [99.72462778, 18.36714444], [99.74160833, 18.22555278], [99.92950833, 18.18521111]]]}}, {"type": "Feature", "properties": {"fid": 3313, "area_code": "PAC", "airport_identifier": "VTBD", "procedure_identifier": "BONV1D", "transition_identifier": "RW03R"}, "geometry": {"type": "MultiLineString", "coordinates": [[[100.63663333, 13.96199167], [100.52439167, 14.063375], [100.38263889, 14.018075], [100.25600278, 13.97455556], [99.76853333, 13.73624167]]]}}, {"type": "Feature", "properties": {"fid": 3323, "area_code": "PAC", "airport_identifier": "VTBS", "procedure_identifier": "NUNL1T", "transition_identifier": "RW19"}, "geometry": {"type": "MultiLineString", "coordinates": [[[100.75183056, 13.65669722], [100.81497222, 13.63081667], [101.12033889, 13.71554167], [101.22248611, 14.08675278], [101.17034167, 14.26378889], [101.09235278, 14.52818333], [100.81553056, 14.78699167], [99.38433333, 14.857625]]]}}, {"type": "Feature", "properties": {"fid": 3327, "area_code": "PAC", "airport_identifier": "VTSS", "procedure_identifier": "ELRE1D", "transition_identifier": "RW08"}, "geometry": {"type": "MultiLineString", "coordinates": [[[100.49106389, 6.94485], [100.45934167, 7.19669167], [100.10181389, 7.43768333]]]}}, {"type": "Feature", "properties": {"fid": 3334, "area_code": "PAC", "airport_identifier": "VTBS", "procedure_identifier": "SELK1F", "transition_identifier": "RW02L"}, "geometry": {"type": "MultiLineString", "coordinates": [[[100.73844722, 13.70018889], [100.75808611, 13.76038056], [100.78180833, 13.85053333], [100.97478056, 13.84905278], [101.88631389, 14.33890556]]]}}, {"type": "Feature", "properties": {"fid": 3342, "area_code": "PAC", "airport_identifier": "VTBD", "procedure_identifier": "GORS1B", "transition_identifier": "RW03L"}, "geometry": {"type": "MultiLineString", "coordinates": [[[100.63343889, 13.96370833], [100.52439167, 14.063375], [100.38263889, 14.018075], [100.22863333, 13.76026944], [100.64598333, 13.64230556], [101.05455833, 13.52605], [101.35779167, 13.51517778]]]}}, {"type": "Feature", "properties": {"fid": 3355, "area_code": "PAC", "airport_identifier": "VTBS", "procedure_identifier": "HHN1K", "transition_identifier": "RW01"}, "geometry": {"type": "MultiLineString", "coordinates": [[[100.8534, 13.75975556], [100.97478056, 13.84905278], [100.98055278, 13.94610833], [100.83314444, 14.04530833], [100.69347778, 14.06668889], [100.52433889, 14.09246944], [100.34487778, 14.11968333], [100.08079722, 13.6984], [100.19304444, 13.33951389], [100.19014722, 12.99959167], [99.95116667, 12.63441667]]]}}, {"type": "Feature", "properties": {"fid": 3358, "area_code": "PAC", "airport_identifier": "VTUK", "procedure_identifier": "EMRU1B", "transition_identifier": "RW21"}, "geometry": {"type": "MultiLineString", "coordinates": [[[102.72028611, 16.37180278], [102.59257222, 16.00545556]]]}}, {"type": "Feature", "properties": {"fid": 3368, "area_code": "PAC", "airport_identifier": "VTBS", "procedure_identifier": "NOBE1Q", "transition_identifier": "RW02L"}, "geometry": {"type": "MultiLineString", "coordinates": [[[100.73844722, 13.70018889], [100.931825, 13.70310556], [101.12033889, 13.71554167], [101.22248611, 14.08675278], [101.17034167, 14.26378889], [101.09235278, 14.52818333], [100.81553056, 14.78699167], [100.66833333, 15.27655556]]]}}, {"type": "Feature", "properties": {"fid": 3378, "area_code": "PAC", "airport_identifier": "VTBS", "procedure_identifier": "NUNL1R", "transition_identifier": "RW20L"}, "geometry": {"type": "MultiLineString", "coordinates": [[[100.73466389, 13.67127778], [100.81497222, 13.63081667], [101.12033889, 13.71554167], [101.22248611, 14.08675278], [101.17034167, 14.26378889], [101.09235278, 14.52818333], [100.81553056, 14.78699167], [99.38433333, 14.857625]]]}}, {"type": "Feature", "properties": {"fid": 3384, "area_code": "PAC", "airport_identifier": "VTBD", "procedure_identifier": "NUNL1D", "transition_identifier": "RW03R"}, "geometry": {"type": "MultiLineString", "coordinates": [[[100.63663333, 13.96199167], [100.52439167, 14.063375], [100.30788889, 14.21763889], [100.27145556, 14.47099722], [99.38433333, 14.857625]]]}}, {"type": "Feature", "properties": {"fid": 3395, "area_code": "PAC", "airport_identifier": "VTBS", "procedure_identifier": "DOSB1E", "transition_identifier": "RW20R"}, "geometry": {"type": "MultiLineString", "coordinates": [[[100.72924444, 13.665175], [100.69593333, 13.52424444], [100.57166667, 13.55528056], [100.57448333, 13.66239167], [100.65339167, 13.7547], [100.81148333, 13.75420278], [101.00205833, 13.75346944], [101.23103611, 13.75239167], [101.83388333, 13.87785]]]}}, {"type": "Feature", "properties": {"fid": 3403, "area_code": "PAC", "airport_identifier": "VTBS", "procedure_identifier": "RYN1P", "transition_identifier": "RW20R"}, "geometry": {"type": "MultiLineString", "coordinates": [[[100.72924444, 13.665175], [100.81497222, 13.63081667], [100.9199, 13.63003056], [101.35779167, 13.51517778], [101.58491667, 13.40169444], [101.67644444, 12.77863889]]]}}, {"type": "Feature", "properties": {"fid": 3412, "area_code": "PAC", "airport_identifier": "VTBS", "procedure_identifier": "BUT1S", "transition_identifier": "RW02R"}, "geometry": {"type": "MultiLineString", "coordinates": [[[100.74317778, 13.70366944], [100.931825, 13.70310556], [101.08299722, 13.64540556], [101.05758333, 13.55293333], [100.999925, 13.342775], [100.81499722, 13.082125], [101.00047222, 12.66666667]]]}}, {"type": "Feature", "properties": {"fid": 3425, "area_code": "PAC", "airport_identifier": "VTBS", "procedure_identifier": "NUNL1J", "transition_identifier": "RW19"}, "geometry": {"type": "MultiLineString", "coordinates": [[[100.75232778, 13.60648056], [100.78757778, 13.48322222], [100.77083056, 13.41913333], [100.56941389, 13.46946389], [100.57166667, 13.55528056], [100.57448333, 13.66239167], [100.57756389, 13.77857778], [100.47471944, 13.94214722], [100.38085556, 14.23797778], [100.30918889, 14.463375], [99.38433333, 14.857625]]]}}, {"type": "Feature", "properties": {"fid": 3432, "area_code": "PAC", "airport_identifier": "VTSC", "procedure_identifier": "NUBK1B", "transition_identifier": "RW20"}, "geometry": {"type": "MultiLineString", "coordinates": [[[101.69138889, 6.39994167], [101.47088889, 6.49553611], [101.519225, 6.65213611], [101.57383889, 6.90932778]]]}}, {"type": "Feature", "properties": {"fid": 3439, "area_code": "PAC", "airport_identifier": "VTBD", "procedure_identifier": "OLVU3C", "transition_identifier": "RW21L"}, "geometry": {"type": "MultiLineString", "coordinates": [[[100.60152778, 13.89956944], [100.32975556, 13.97181944], [100.308825, 14.15117222], [100.27145556, 14.47099722], [100.211175, 14.65788333]]]}}, {"type": "Feature", "properties": {"fid": 3450, "area_code": "PAC", "airport_identifier": "VTBS", "procedure_identifier": "TARE1F", "transition_identifier": "RW02L"}, "geometry": {"type": "MultiLineString", "coordinates": [[[100.73844722, 13.70018889], [100.75808611, 13.76038056], [100.78180833, 13.85053333], [100.81033056, 13.95880556], [100.69347778, 14.06668889], [100.52433889, 14.09246944], [100.34487778, 14.11968333], [99.91999167, 14.18358056], [99.52468611, 14.43875556]]]}}, {"type": "Feature", "properties": {"fid": 3460, "area_code": "PAC", "airport_identifier": "VTBS", "procedure_identifier": "BLAF1Q", "transition_identifier": "RW02L"}, "geometry": {"type": "MultiLineString", "coordinates": [[[100.73844722, 13.70018889], [100.931825, 13.70310556], [101.12033889, 13.71554167], [101.22248611, 14.08675278], [101.17034167, 14.26378889], [101.09235278, 14.52818333], [100.81553056, 14.78699167], [100.29753056, 15.27595833]]]}}, {"type": "Feature", "properties": {"fid": 3467, "area_code": "PAC", "airport_identifier": "VTBS", "procedure_identifier": "ALBO1K", "transition_identifier": "RW01"}, "geometry": {"type": "MultiLineString", "coordinates": [[[100.8534, 13.75975556], [100.97478056, 13.84905278], [100.98055278, 13.94610833], [101.00102222, 14.28896944], [101.02830556, 14.74491667]]]}}, {"type": "Feature", "properties": {"fid": 3472, "area_code": "PAC", "airport_identifier": "VTPM", "procedure_identifier": "KADA1B", "transition_identifier": "RW09"}, "geometry": {"type": "MultiLineString", "coordinates": [[[98.60985556, 16.70079722], [98.61224722, 16.88133611], [98.74136111, 16.88129722], [98.89469167, 16.7984]]]}}, {"type": "Feature", "properties": {"fid": 3480, "area_code": "PAC", "airport_identifier": "VTBD", "procedure_identifier": "NOBE4A", "transition_identifier": "RW21R"}, "geometry": {"type": "MultiLineString", "coordinates": [[[100.59593889, 13.89701111], [100.32975556, 13.97181944], [100.308825, 14.15117222], [100.27145556, 14.47099722], [100.33849167, 14.70990833], [100.66833333, 15.27655556]]]}}, {"type": "Feature", "properties": {"fid": 3484, "area_code": "PAC", "airport_identifier": "VTSB", "procedure_identifier": "EMVE1D", "transition_identifier": "RW04"}, "geometry": {"type": "MultiLineString", "coordinates": [[[99.18623889, 9.18440833], [99.36835833, 9.00854167], [99.35601944, 8.74377222]]]}}, {"type": "Feature", "properties": {"fid": 3491, "area_code": "PAC", "airport_identifier": "VTBD", "procedure_identifier": "NOBE2D", "transition_identifier": "RW03R"}, "geometry": {"type": "MultiLineString", "coordinates": [[[100.63663333, 13.96199167], [100.52439167, 14.063375], [100.30788889, 14.21763889], [100.27145556, 14.47099722], [100.33849167, 14.70990833], [100.66833333, 15.27655556]]]}}, {"type": "Feature", "properties": {"fid": 3503, "area_code": "PAC", "airport_identifier": "VTBS", "procedure_identifier": "RYN1E", "transition_identifier": "RW20R"}, "geometry": {"type": "MultiLineString", "coordinates": [[[100.72924444, 13.665175], [100.69593333, 13.52424444], [100.57166667, 13.55528056], [100.57448333, 13.66239167], [100.65339167, 13.7547], [100.81148333, 13.75420278], [101.00205833, 13.75346944], [101.35779167, 13.51517778], [101.58491667, 13.40169444], [101.67644444, 12.77863889]]]}}, {"type": "Feature", "properties": {"fid": 3508, "area_code": "PAC", "airport_identifier": "VTUK", "procedure_identifier": "SEDN1C", "transition_identifier": "RW03"}, "geometry": {"type": "MultiLineString", "coordinates": [[[102.81886667, 16.51925556], [103.03006111, 16.38753333], [103.15948333, 16.33944444], [103.28532778, 16.29258611]]]}}, {"type": "Feature", "properties": {"fid": 3514, "area_code": "PAC", "airport_identifier": "VTBS", "procedure_identifier": "LIPL1R", "transition_identifier": "RW20L"}, "geometry": {"type": "MultiLineString", "coordinates": [[[100.73466389, 13.67127778], [100.81497222, 13.63081667], [101.12033889, 13.71554167], [101.96565, 14.17434722]]]}}, {"type": "Feature", "properties": {"fid": 3519, "area_code": "PAC", "airport_identifier": "VTSP", "procedure_identifier": "EPGO1B", "transition_identifier": "RW27"}, "geometry": {"type": "MultiLineString", "coordinates": [[[98.24047778, 7.88446944], [98.52146667, 7.89536667], [98.76525833, 7.90443056]]]}}, {"type": "Feature", "properties": {"fid": 3527, "area_code": "PAC", "airport_identifier": "VTCC", "procedure_identifier": "IGUD2N", "transition_identifier": "RW36"}, "geometry": {"type": "MultiLineString", "coordinates": [[[98.96312778, 18.86471389], [99.08615, 18.86439722], [99.08573056, 18.73451111], [99.08551389, 18.66758611], [99.24226389, 18.66706111], [99.36271944, 18.70359722], [99.39226111, 18.84646944]]]}}, {"type": "Feature", "properties": {"fid": 3530, "area_code": "PAC", "airport_identifier": "VTSP", "procedure_identifier": "EPGO1A", "transition_identifier": "RW09"}, "geometry": {"type": "MultiLineString", "coordinates": [[[98.61166389, 8.14086667], [98.76525833, 7.90443056]]]}}, {"type": "Feature", "properties": {"fid": 3544, "area_code": "PAC", "airport_identifier": "VTBS", "procedure_identifier": "UKER1G", "transition_identifier": "RW20L"}, "geometry": {"type": "MultiLineString", "coordinates": [[[100.73466389, 13.67127778], [100.69593333, 13.52424444], [100.54620556, 13.39734722], [100.37930556, 13.21113889], [100.24331944, 13.05911111], [100.19014722, 12.99959167], [100.01933056, 12.03534722]]]}}, {"type": "Feature", "properties": {"fid": 3554, "area_code": "PAC", "airport_identifier": "VTBS", "procedure_identifier": "BLAF1T", "transition_identifier": "RW19"}, "geometry": {"type": "MultiLineString", "coordinates": [[[100.75183056, 13.65669722], [100.81497222, 13.63081667], [101.12033889, 13.71554167], [101.22248611, 14.08675278], [101.17034167, 14.26378889], [101.09235278, 14.52818333], [100.81553056, 14.78699167], [100.29753056, 15.27595833]]]}}, {"type": "Feature", "properties": {"fid": 3559, "area_code": "PAC", "airport_identifier": "VTCC", "procedure_identifier": "CTR1B", "transition_identifier": "RW36"}, "geometry": {"type": "MultiLineString", "coordinates": [[[98.96122222, 18.76611111], [99.88313889, 19.94886111]]]}}, {"type": "Feature", "properties": {"fid": 3564, "area_code": "PAC", "airport_identifier": "VTUK", "procedure_identifier": "ALGI1B", "transition_identifier": "RW21"}, "geometry": {"type": "MultiLineString", "coordinates": [[[102.72028611, 16.37180278], [102.61827222, 16.43526944], [102.71224444, 16.57594167], [102.78189722, 16.88331667]]]}}, {"type": "Feature", "properties": {"fid": 3570, "area_code": "PAC", "airport_identifier": "VTBD", "procedure_identifier": "TARE1D", "transition_identifier": "RW03R"}, "geometry": {"type": "MultiLineString", "coordinates": [[[100.63663333, 13.96199167], [100.52439167, 14.063375], [100.27514444, 14.09080278], [99.91999167, 14.18358056], [99.52468611, 14.43875556]]]}}, {"type": "Feature", "properties": {"fid": 3576, "area_code": "PAC", "airport_identifier": "VTBD", "procedure_identifier": "PAST1D", "transition_identifier": "RW03R"}, "geometry": {"type": "MultiLineString", "coordinates": [[[100.63663333, 13.96199167], [100.52439167, 14.063375], [100.38263889, 14.018075], [100.25600278, 13.97455556], [99.50192778, 14.00125]]]}}, {"type": "Feature", "properties": {"fid": 3589, "area_code": "PAC", "airport_identifier": "VTBS", "procedure_identifier": "BUT1F", "transition_identifier": "RW02L"}, "geometry": {"type": "MultiLineString", "coordinates": [[[100.73844722, 13.70018889], [100.75808611, 13.76038056], [100.78180833, 13.85053333], [100.97478056, 13.84905278], [101.02249444, 13.75930278], [101.08299722, 13.64540556], [101.05758333, 13.55293333], [100.999925, 13.342775], [100.897425, 13.1984], [100.81499722, 13.082125], [101.00047222, 12.66666667]]]}}, {"type": "Feature", "properties": {"fid": 3595, "area_code": "PAC", "airport_identifier": "VTUD", "procedure_identifier": "GULN1D", "transition_identifier": "RW30"}, "geometry": {"type": "MultiLineString", "coordinates": [[[102.72110833, 17.41930278], [102.79985833, 17.51225], [102.93551389, 17.44577222], [103.03570833, 17.39658333], [103.29307778, 17.32081389]]]}}, {"type": "Feature", "properties": {"fid": 3608, "area_code": "PAC", "airport_identifier": "VTBS", "procedure_identifier": "NOBE1R", "transition_identifier": "RW20L"}, "geometry": {"type": "MultiLineString", "coordinates": [[[100.73466389, 13.67127778], [100.81497222, 13.63081667], [101.12033889, 13.71554167], [101.22248611, 14.08675278], [101.17034167, 14.26378889], [101.09235278, 14.52818333], [100.81553056, 14.78699167], [100.66833333, 15.27655556]]]}}, {"type": "Feature", "properties": {"fid": 3611, "area_code": "PAC", "airport_identifier": "VTSS", "procedure_identifier": "TAXE1D", "transition_identifier": "RW08"}, "geometry": {"type": "MultiLineString", "coordinates": [[[100.49106389, 6.94485], [100.77909444, 6.77804722]]]}}, {"type": "Feature", "properties": {"fid": 3616, "area_code": "PAC", "airport_identifier": "VTUU", "procedure_identifier": "VENP1B", "transition_identifier": "RW05"}, "geometry": {"type": "MultiLineString", "coordinates": [[[104.75609444, 15.29928056], [104.59738333, 15.22315833], [104.36727222, 15.11249444]]]}}, {"type": "Feature", "properties": {"fid": 3625, "area_code": "PAC", "airport_identifier": "VTBD", "procedure_identifier": "KASN3A", "transition_identifier": "RW21R"}, "geometry": {"type": "MultiLineString", "coordinates": [[[100.59593889, 13.89701111], [100.48218889, 13.84046111], [100.41750833, 13.78061667], [100.43101944, 13.63743611], [100.43863333, 13.55674444], [100.68003333, 13.38407222], [100.6783, 13.08060278]]]}}, {"type": "Feature", "properties": {"fid": 3631, "area_code": "PAC", "airport_identifier": "VTBS", "procedure_identifier": "SELK1T", "transition_identifier": "RW19"}, "geometry": {"type": "MultiLineString", "coordinates": [[[100.75183056, 13.65669722], [100.81497222, 13.63081667], [101.12033889, 13.71554167], [101.88631389, 14.33890556]]]}}, {"type": "Feature", "properties": {"fid": 3635, "area_code": "PAC", "airport_identifier": "VTCC", "procedure_identifier": "PUMA2S", "transition_identifier": "RW18"}, "geometry": {"type": "MultiLineString", "coordinates": [[[98.96222778, 18.50206667], [98.88818333, 18.294825], [98.83363611, 18.14181944]]]}}, {"type": "Feature", "properties": {"fid": 3640, "area_code": "PAC", "airport_identifier": "VTBD", "procedure_identifier": "ALBO1B", "transition_identifier": "RW03L"}, "geometry": {"type": "MultiLineString", "coordinates": [[[100.63343889, 13.96370833], [100.69964444, 14.09517778], [100.87544444, 14.443325], [101.02830556, 14.74491667]]]}}, {"type": "Feature", "properties": {"fid": 3643, "area_code": "PAC", "airport_identifier": "VTUV", "procedure_identifier": "BODU1A", "transition_identifier": "RW18"}, "geometry": {"type": "MultiLineString", "coordinates": [[[103.76889722, 16.00693889], [103.35755833, 15.81469444]]]}}, {"type": "Feature", "properties": {"fid": 3649, "area_code": "PAC", "airport_identifier": "VTSY", "procedure_identifier": "PETA1A", "transition_identifier": "RW07"}, "geometry": {"type": "MultiLineString", "coordinates": [[[101.20541111, 5.80976389], [101.185825, 5.90035], [101.21844167, 5.99005], [101.26996111, 6.131675], [101.32918889, 6.29439444]]]}}, {"type": "Feature", "properties": {"fid": 3655, "area_code": "PAC", "airport_identifier": "VTUV", "procedure_identifier": "ANKI1B", "transition_identifier": "RW36"}, "geometry": {"type": "MultiLineString", "coordinates": [[[103.77870278, 16.22658056], [103.65755278, 16.23157778], [103.64854722, 16.026975], [103.52334444, 15.93574167], [103.51594444, 15.68018611]]]}}, {"type": "Feature", "properties": {"fid": 3665, "area_code": "PAC", "airport_identifier": "VTBS", "procedure_identifier": "PAST1F", "transition_identifier": "RW02L"}, "geometry": {"type": "MultiLineString", "coordinates": [[[100.73844722, 13.70018889], [100.75808611, 13.76038056], [100.78180833, 13.85053333], [100.81033056, 13.95880556], [100.69347778, 14.06668889], [100.52433889, 14.09246944], [100.34487778, 14.11968333], [99.50192778, 14.00125]]]}}, {"type": "Feature", "properties": {"fid": 3669, "area_code": "PAC", "airport_identifier": "VTCL", "procedure_identifier": "OMDI1D", "transition_identifier": "RW18"}, "geometry": {"type": "MultiLineString", "coordinates": [[[99.51876111, 18.09642222], [99.78264167, 18.11661667], [99.92950833, 18.18521111]]]}}, {"type": "Feature", "properties": {"fid": 3684, "area_code": "PAC", "airport_identifier": "VTBD", "procedure_identifier": "KASN3C", "transition_identifier": "RW21L"}, "geometry": {"type": "MultiLineString", "coordinates": [[[100.60152778, 13.89956944], [100.48218889, 13.84046111], [100.41750833, 13.78061667], [100.43101944, 13.63743611], [100.43863333, 13.55674444], [100.68003333, 13.38407222], [100.6783, 13.08060278]]]}}, {"type": "Feature", "properties": {"fid": 3692, "area_code": "PAC", "airport_identifier": "VTBS", "procedure_identifier": "KASN1U", "transition_identifier": "RW01"}, "geometry": {"type": "MultiLineString", "coordinates": [[[100.76103333, 13.69171389], [100.931825, 13.70310556], [101.08299722, 13.64540556], [101.05758333, 13.55293333], [100.999925, 13.342775], [100.6783, 13.08060278]]]}}, {"type": "Feature", "properties": {"fid": 3702, "area_code": "PAC", "airport_identifier": "VTBS", "procedure_identifier": "TARE1H", "transition_identifier": "RW02R"}, "geometry": {"type": "MultiLineString", "coordinates": [[[100.74317778, 13.70366944], [100.75808611, 13.76038056], [100.78180833, 13.85053333], [100.81033056, 13.95880556], [100.69347778, 14.06668889], [100.52433889, 14.09246944], [100.34487778, 14.11968333], [99.91999167, 14.18358056], [99.52468611, 14.43875556]]]}}, {"type": "Feature", "properties": {"fid": 3708, "area_code": "PAC", "airport_identifier": "VTUV", "procedure_identifier": "BODU1B", "transition_identifier": "RW36"}, "geometry": {"type": "MultiLineString", "coordinates": [[[103.77870278, 16.22658056], [103.65755278, 16.23157778], [103.64854722, 16.026975], [103.52334444, 15.93574167], [103.35755833, 15.81469444]]]}}, {"type": "Feature", "properties": {"fid": 3712, "area_code": "PAC", "airport_identifier": "VTCC", "procedure_identifier": "ADLU2N", "transition_identifier": "RW36"}, "geometry": {"type": "MultiLineString", "coordinates": [[[98.96338889, 18.96936667], [99.13343889, 19.05718056], [99.22219167, 19.10291389]]]}}, {"type": "Feature", "properties": {"fid": 3717, "area_code": "PAC", "airport_identifier": "VTPM", "procedure_identifier": "KADA1C", "transition_identifier": "RW09"}, "geometry": {"type": "MultiLineString", "coordinates": [[[98.60985556, 16.70079722], [98.70604722, 16.618475], [98.79149722, 16.61961944], [98.89469167, 16.7984]]]}}, {"type": "Feature", "properties": {"fid": 3723, "area_code": "PAC", "airport_identifier": "VTSB", "procedure_identifier": "LAMU1D", "transition_identifier": "RW04"}, "geometry": {"type": "MultiLineString", "coordinates": [[[99.18623889, 9.18440833], [99.10162222, 9.26608333], [98.99999444, 9.11401667], [98.92030278, 8.9261], [98.86893333, 8.80486667]]]}}, {"type": "Feature", "properties": {"fid": 3729, "area_code": "PAC", "airport_identifier": "VTBD", "procedure_identifier": "PAST3A", "transition_identifier": "RW21R"}, "geometry": {"type": "MultiLineString", "coordinates": [[[100.59593889, 13.89701111], [100.32975556, 13.97181944], [100.06517778, 13.98153333], [99.50192778, 14.00125]]]}}, {"type": "Feature", "properties": {"fid": 3740, "area_code": "PAC", "airport_identifier": "VTBS", "procedure_identifier": "PAST1E", "transition_identifier": "RW20R"}, "geometry": {"type": "MultiLineString", "coordinates": [[[100.72924444, 13.665175], [100.69593333, 13.52424444], [100.57166667, 13.55528056], [100.57448333, 13.66239167], [100.57756389, 13.77857778], [100.47471944, 13.94214722], [100.24156944, 13.97508889], [100.06517778, 13.98153333], [99.50192778, 14.00125]]]}}, {"type": "Feature", "properties": {"fid": 3750, "area_code": "PAC", "airport_identifier": "VTBD", "procedure_identifier": "UKER3C", "transition_identifier": "RW21L"}, "geometry": {"type": "MultiLineString", "coordinates": [[[100.60152778, 13.89956944], [100.32975556, 13.97181944], [100.06517778, 13.98153333], [100.01415556, 13.91099722], [100.08079722, 13.6984], [100.19304444, 13.33951389], [100.19014722, 12.99959167], [100.01933056, 12.03534722]]]}}, {"type": "Feature", "properties": {"fid": 3756, "area_code": "PAC", "airport_identifier": "VTSB", "procedure_identifier": "NIXE1X", "transition_identifier": "RW22"}, "geometry": {"type": "MultiLineString", "coordinates": [[[99.08494722, 9.08079167], [99.00033611, 9.16244444], [99.08251389, 9.24653611], [99.16944167, 9.28942778], [99.43701389, 9.42141944]]]}}, {"type": "Feature", "properties": {"fid": 3759, "area_code": "PAC", "airport_identifier": "VTSB", "procedure_identifier": "IDNA1C", "transition_identifier": "RW22"}, "geometry": {"type": "MultiLineString", "coordinates": [[[99.08494722, 9.08079167], [99.25661944, 8.72881389]]]}}, {"type": "Feature", "properties": {"fid": 3765, "area_code": "PAC", "airport_identifier": "VTCT", "procedure_identifier": "PONU1B", "transition_identifier": "RW21"}, "geometry": {"type": "MultiLineString", "coordinates": [[[99.81595, 19.83806667], [100.03230278, 19.72441389], [100.11919167, 19.8701], [100.20634722, 20.01568333], [100.38494444, 20.31613889]]]}}, {"type": "Feature", "properties": {"fid": 3769, "area_code": "PAC", "airport_identifier": "VTSR", "procedure_identifier": "SAKU1A", "transition_identifier": "RW02"}, "geometry": {"type": "MultiLineString", "coordinates": [[[98.61299444, 9.939175], [98.85336389, 10.10093889]]]}}, {"type": "Feature", "properties": {"fid": 3779, "area_code": "PAC", "airport_identifier": "VTBS", "procedure_identifier": "SEMB1T", "transition_identifier": "RW19"}, "geometry": {"type": "MultiLineString", "coordinates": [[[100.75183056, 13.65669722], [100.81497222, 13.63081667], [101.12033889, 13.71554167], [101.22248611, 14.08675278], [101.17034167, 14.26378889], [101.09235278, 14.52818333], [100.81553056, 14.78699167], [100.26331111, 14.89976667]]]}}, {"type": "Feature", "properties": {"fid": 3791, "area_code": "PAC", "airport_identifier": "VTBS", "procedure_identifier": "REGO1H", "transition_identifier": "RW02R"}, "geometry": {"type": "MultiLineString", "coordinates": [[[100.74317778, 13.70366944], [100.75808611, 13.76038056], [100.78180833, 13.85053333], [100.97478056, 13.84905278], [101.02249444, 13.75930278], [101.08299722, 13.64540556], [101.05758333, 13.55293333], [100.999925, 13.342775], [100.86885, 13.23605556], [100.6783, 13.08060278], [100.58175, 12.00180556]]]}}, {"type": "Feature", "properties": {"fid": 3796, "area_code": "PAC", "airport_identifier": "VTCH", "procedure_identifier": "DOMK1L", "transition_identifier": "RW29"}, "geometry": {"type": "MultiLineString", "coordinates": [[[97.92945278, 19.31571667], [97.922, 19.10333333], [98.18942222, 19.17427222], [98.43385556, 19.23871667]]]}}, {"type": "Feature", "properties": {"fid": 3805, "area_code": "PAC", "airport_identifier": "VTBS", "procedure_identifier": "BUT1T", "transition_identifier": "RW19"}, "geometry": {"type": "MultiLineString", "coordinates": [[[100.75183056, 13.65669722], [100.81497222, 13.63081667], [100.9199, 13.63003056], [100.91903611, 13.52239167], [100.91676944, 13.23603611], [100.81499722, 13.082125], [101.00047222, 12.66666667]]]}}, {"type": "Feature", "properties": {"fid": 3811, "area_code": "PAC", "airport_identifier": "VTCL", "procedure_identifier": "VENA1C", "transition_identifier": "RW36"}, "geometry": {"type": "MultiLineString", "coordinates": [[[99.49713056, 18.35495278], [99.72462778, 18.36714444], [99.74160833, 18.22555278], [99.64553611, 18.00539444], [99.69938333, 17.90316389]]]}}, {"type": "Feature", "properties": {"fid": 3814, "area_code": "PAC", "airport_identifier": "VTPP", "procedure_identifier": "PEBL1A", "transition_identifier": "RW14"}, "geometry": {"type": "MultiLineString", "coordinates": [[[100.36928611, 16.66380556], [100.29339167, 16.26831667]]]}}, {"type": "Feature", "properties": {"fid": 3817, "area_code": "PAC", "airport_identifier": "VTUK", "procedure_identifier": "NEMT1B", "transition_identifier": "RW21"}, "geometry": {"type": "MultiLineString", "coordinates": [[[102.72028611, 16.37180278], [102.48688333, 16.06244167]]]}}, {"type": "Feature", "properties": {"fid": 3825, "area_code": "PAC", "airport_identifier": "VTBD", "procedure_identifier": "SEMB4C", "transition_identifier": "RW21L"}, "geometry": {"type": "MultiLineString", "coordinates": [[[100.60152778, 13.89956944], [100.32975556, 13.97181944], [100.308825, 14.15117222], [100.27145556, 14.47099722], [100.33849167, 14.70990833], [100.26331111, 14.89976667]]]}}, {"type": "Feature", "properties": {"fid": 3834, "area_code": "PAC", "airport_identifier": "VTSS", "procedure_identifier": "KENE1D", "transition_identifier": "RW08"}, "geometry": {"type": "MultiLineString", "coordinates": [[[100.49106389, 6.94485], [100.69211111, 6.72772778]]]}}, {"type": "Feature", "properties": {"fid": 3845, "area_code": "PAC", "airport_identifier": "VTBS", "procedure_identifier": "BONV1E", "transition_identifier": "RW20R"}, "geometry": {"type": "MultiLineString", "coordinates": [[[100.72924444, 13.665175], [100.69593333, 13.52424444], [100.57166667, 13.55528056], [100.57448333, 13.66239167], [100.57756389, 13.77857778], [100.47471944, 13.94214722], [100.24156944, 13.97508889], [100.06517778, 13.98153333], [99.76853333, 13.73624167]]]}}, {"type": "Feature", "properties": {"fid": 3848, "area_code": "PAC", "airport_identifier": "VTPP", "procedure_identifier": "NIRO1B", "transition_identifier": "RW32"}, "geometry": {"type": "MultiLineString", "coordinates": [[[100.20938056, 16.87500833], [100.24564722, 17.27048333]]]}}, {"type": "Feature", "properties": {"fid": 3853, "area_code": "PAC", "airport_identifier": "VTUU", "procedure_identifier": "ENLE1A", "transition_identifier": "RW23"}, "geometry": {"type": "MultiLineString", "coordinates": [[[104.64840833, 15.35223611], [104.57249722, 15.44111667], [104.46671944, 15.56479444]]]}}, {"type": "Feature", "properties": {"fid": 3863, "area_code": "PAC", "airport_identifier": "VTBD", "procedure_identifier": "UPKU3C", "transition_identifier": "RW21L"}, "geometry": {"type": "MultiLineString", "coordinates": [[[100.60152778, 13.89956944], [100.48218889, 13.84046111], [100.41750833, 13.78061667], [100.43101944, 13.63743611], [100.57363611, 13.61210556], [100.96541667, 13.66918889], [101.26378889, 13.90141111], [101.44856667, 14.064625]]]}}, {"type": "Feature", "properties": {"fid": 3869, "area_code": "PAC", "airport_identifier": "VTBS", "procedure_identifier": "SELK1S", "transition_identifier": "RW02R"}, "geometry": {"type": "MultiLineString", "coordinates": [[[100.74317778, 13.70366944], [100.931825, 13.70310556], [101.12033889, 13.71554167], [101.88631389, 14.33890556]]]}}, {"type": "Feature", "properties": {"fid": 3875, "area_code": "PAC", "airport_identifier": "VTSB", "procedure_identifier": "TAVA1D", "transition_identifier": "RW04"}, "geometry": {"type": "MultiLineString", "coordinates": [[[99.18623889, 9.18440833], [99.10162222, 9.26608333], [98.99999444, 9.11401667], [99.03580278, 8.91321389], [99.07097778, 8.71571944]]]}}, {"type": "Feature", "properties": {"fid": 3881, "area_code": "PAC", "airport_identifier": "VTCC", "procedure_identifier": "KABM2S", "transition_identifier": "RW18"}, "geometry": {"type": "MultiLineString", "coordinates": [[[98.96264444, 18.66938333], [99.085525, 18.66906667], [99.20840833, 18.66866944], [99.33128889, 18.66819167], [99.54640278, 18.46071667]]]}}, {"type": "Feature", "properties": {"fid": 3886, "area_code": "PAC", "airport_identifier": "VTUQ", "procedure_identifier": "SITA1B", "transition_identifier": "RW24"}, "geometry": {"type": "MultiLineString", "coordinates": [[[102.21355556, 14.89675278], [102.27131111, 14.79393611], [102.435925, 14.88140833], [102.26252222, 15.21399444]]]}}, {"type": "Feature", "properties": {"fid": 3892, "area_code": "PAC", "airport_identifier": "VTPP", "procedure_identifier": "NIRO1A", "transition_identifier": "RW14"}, "geometry": {"type": "MultiLineString", "coordinates": [[[100.36928611, 16.66380556], [100.46753056, 16.73278333], [100.32426389, 16.92213056], [100.18256389, 17.10893611], [100.24564722, 17.27048333]]]}}, {"type": "Feature", "properties": {"fid": 3899, "area_code": "PAC", "airport_identifier": "VTBD", "procedure_identifier": "NUNL3C", "transition_identifier": "RW21L"}, "geometry": {"type": "MultiLineString", "coordinates": [[[100.60152778, 13.89956944], [100.32975556, 13.97181944], [100.308825, 14.15117222], [100.27145556, 14.47099722], [99.38433333, 14.857625]]]}}, {"type": "Feature", "properties": {"fid": 3908, "area_code": "PAC", "airport_identifier": "VTBS", "procedure_identifier": "REGO1Q", "transition_identifier": "RW02L"}, "geometry": {"type": "MultiLineString", "coordinates": [[[100.73844722, 13.70018889], [100.931825, 13.70310556], [101.08299722, 13.64540556], [101.05758333, 13.55293333], [100.999925, 13.342775], [100.6783, 13.08060278], [100.58175, 12.00180556]]]}}, {"type": "Feature", "properties": {"fid": 3917, "area_code": "PAC", "airport_identifier": "VTBS", "procedure_identifier": "REGO1R", "transition_identifier": "RW20L"}, "geometry": {"type": "MultiLineString", "coordinates": [[[100.73466389, 13.67127778], [100.81497222, 13.63081667], [100.9199, 13.63003056], [100.91903611, 13.52239167], [100.91676944, 13.23603611], [100.6783, 13.08060278], [100.58175, 12.00180556]]]}}, {"type": "Feature", "properties": {"fid": 3927, "area_code": "PAC", "airport_identifier": "VTBS", "procedure_identifier": "BLAF1U", "transition_identifier": "RW01"}, "geometry": {"type": "MultiLineString", "coordinates": [[[100.76103333, 13.69171389], [100.931825, 13.70310556], [101.12033889, 13.71554167], [101.22248611, 14.08675278], [101.17034167, 14.26378889], [101.09235278, 14.52818333], [100.81553056, 14.78699167], [100.29753056, 15.27595833]]]}}, {"type": "Feature", "properties": {"fid": 3937, "area_code": "PAC", "airport_identifier": "VTBS", "procedure_identifier": "NOBE1U", "transition_identifier": "RW01"}, "geometry": {"type": "MultiLineString", "coordinates": [[[100.76103333, 13.69171389], [100.931825, 13.70310556], [101.12033889, 13.71554167], [101.22248611, 14.08675278], [101.17034167, 14.26378889], [101.09235278, 14.52818333], [100.81553056, 14.78699167], [100.66833333, 15.27655556]]]}}, {"type": "Feature", "properties": {"fid": 3941, "area_code": "PAC", "airport_identifier": "VTUU", "procedure_identifier": "VENP1A", "transition_identifier": "RW23"}, "geometry": {"type": "MultiLineString", "coordinates": [[[104.682325, 15.10588611], [104.36727222, 15.11249444]]]}}, {"type": "Feature", "properties": {"fid": 3949, "area_code": "PAC", "airport_identifier": "VTBD", "procedure_identifier": "GORS1D", "transition_identifier": "RW03R"}, "geometry": {"type": "MultiLineString", "coordinates": [[[100.63663333, 13.96199167], [100.52439167, 14.063375], [100.38263889, 14.018075], [100.22863333, 13.76026944], [100.64598333, 13.64230556], [101.05455833, 13.52605], [101.35779167, 13.51517778]]]}}, {"type": "Feature", "properties": {"fid": 3955, "area_code": "PAC", "airport_identifier": "VTBD", "procedure_identifier": "OLVU1B", "transition_identifier": "RW03L"}, "geometry": {"type": "MultiLineString", "coordinates": [[[100.63343889, 13.96370833], [100.52439167, 14.063375], [100.30788889, 14.21763889], [100.27145556, 14.47099722], [100.211175, 14.65788333]]]}}, {"type": "Feature", "properties": {"fid": 3959, "area_code": "PAC", "airport_identifier": "VTSR", "procedure_identifier": "ELPU1A", "transition_identifier": "RW02"}, "geometry": {"type": "MultiLineString", "coordinates": [[[98.42993333, 9.71775], [98.51475833, 9.36572222]]]}}, {"type": "Feature", "properties": {"fid": 3969, "area_code": "PAC", "airport_identifier": "VTBS", "procedure_identifier": "OLVU1G", "transition_identifier": "RW20L"}, "geometry": {"type": "MultiLineString", "coordinates": [[[100.73466389, 13.67127778], [100.69593333, 13.52424444], [100.57166667, 13.55528056], [100.57448333, 13.66239167], [100.57756389, 13.77857778], [100.47471944, 13.94214722], [100.38085556, 14.23797778], [100.30918889, 14.463375], [100.211175, 14.65788333]]]}}]}