{"type": "FeatureCollection", "name": "star_waypoint", "crs": {"type": "name", "properties": {"name": "urn:ogc:def:crs:OGC:1.3:CRS84"}}, "features": [{"type": "Feature", "properties": {"fid": 3970, "area_code": "PAC", "airport_identifier": "VTBS", "procedure_identifier": "TUMG1C", "route_type": "4", "transition_identifier": "ALEMI", "seqno": 10, "waypoint_icao_code": "VT", "waypoint_identifier": "ALEMI", "waypoint_latitude": 12.60709722, "waypoint_longitude": 101.43331111, "waypoint_description_code": "E", "turn_direction": null, "rnp": null, "path_termination": "IF", "recommanded_navaid": null, "recommanded_navaid_latitude": null, "recommanded_navaid_longitude": null, "arc_radius": null, "theta": null, "rho": null, "magnetic_course": null, "route_distance_holding_distance_time": null, "distance_time": null, "altitude_description": null, "altitude1": null, "altitude2": null, "transition_altitude": null, "speed_limit_description": null, "speed_limit": null, "vertical_angle": null, "center_waypoint": null, "center_waypoint_latitude": null, "center_waypoint_longitude": null, "aircraft_category": null}, "geometry": {"type": "MultiPoint", "coordinates": [[101.43331111, 12.60709722]]}}, {"type": "Feature", "properties": {"fid": 3971, "area_code": "PAC", "airport_identifier": "VTBS", "procedure_identifier": "TUMG1C", "route_type": "4", "transition_identifier": "ALEMI", "seqno": 20, "waypoint_icao_code": "VT", "waypoint_identifier": "TUMGA", "waypoint_latitude": 13.35416944, "waypoint_longitude": 101.20104722, "waypoint_description_code": "E", "turn_direction": null, "rnp": null, "path_termination": "TF", "recommanded_navaid": null, "recommanded_navaid_latitude": null, "recommanded_navaid_longitude": null, "arc_radius": null, "theta": null, "rho": null, "magnetic_course": null, "route_distance_holding_distance_time": null, "distance_time": null, "altitude_description": "-", "altitude1": 18000.0, "altitude2": null, "transition_altitude": null, "speed_limit_description": "-", "speed_limit": 280.0, "vertical_angle": null, "center_waypoint": null, "center_waypoint_latitude": null, "center_waypoint_longitude": null, "aircraft_category": null}, "geometry": {"type": "MultiPoint", "coordinates": [[101.20104722, 13.35416944]]}}, {"type": "Feature", "properties": {"fid": 3973, "area_code": "PAC", "airport_identifier": "VTBS", "procedure_identifier": "TUMG1C", "route_type": "4", "transition_identifier": "ANREN", "seqno": 10, "waypoint_icao_code": "VT", "waypoint_identifier": "ANREN", "waypoint_latitude": 13.87013333, "waypoint_longitude": 102.31054167, "waypoint_description_code": "E", "turn_direction": null, "rnp": null, "path_termination": "IF", "recommanded_navaid": null, "recommanded_navaid_latitude": null, "recommanded_navaid_longitude": null, "arc_radius": null, "theta": null, "rho": null, "magnetic_course": null, "route_distance_holding_distance_time": null, "distance_time": null, "altitude_description": null, "altitude1": null, "altitude2": null, "transition_altitude": null, "speed_limit_description": null, "speed_limit": null, "vertical_angle": null, "center_waypoint": null, "center_waypoint_latitude": null, "center_waypoint_longitude": null, "aircraft_category": null}, "geometry": {"type": "MultiPoint", "coordinates": [[102.31054167, 13.87013333]]}}, {"type": "Feature", "properties": {"fid": 3974, "area_code": "PAC", "airport_identifier": "VTBS", "procedure_identifier": "TUMG1C", "route_type": "4", "transition_identifier": "ANREN", "seqno": 20, "waypoint_icao_code": "VT", "waypoint_identifier": "GOMES", "waypoint_latitude": 13.40169444, "waypoint_longitude": 101.58491667, "waypoint_description_code": "E", "turn_direction": null, "rnp": null, "path_termination": "TF", "recommanded_navaid": null, "recommanded_navaid_latitude": null, "recommanded_navaid_longitude": null, "arc_radius": null, "theta": null, "rho": null, "magnetic_course": null, "route_distance_holding_distance_time": null, "distance_time": null, "altitude_description": null, "altitude1": null, "altitude2": null, "transition_altitude": null, "speed_limit_description": null, "speed_limit": null, "vertical_angle": null, "center_waypoint": null, "center_waypoint_latitude": null, "center_waypoint_longitude": null, "aircraft_category": null}, "geometry": {"type": "MultiPoint", "coordinates": [[101.58491667, 13.40169444]]}}, {"type": "Feature", "properties": {"fid": 3975, "area_code": "PAC", "airport_identifier": "VTBS", "procedure_identifier": "TUMG1C", "route_type": "4", "transition_identifier": "ANREN", "seqno": 30, "waypoint_icao_code": "VT", "waypoint_identifier": "TUMGA", "waypoint_latitude": 13.35416944, "waypoint_longitude": 101.20104722, "waypoint_description_code": "E", "turn_direction": null, "rnp": null, "path_termination": "TF", "recommanded_navaid": null, "recommanded_navaid_latitude": null, "recommanded_navaid_longitude": null, "arc_radius": null, "theta": null, "rho": null, "magnetic_course": null, "route_distance_holding_distance_time": null, "distance_time": null, "altitude_description": "-", "altitude1": 18000.0, "altitude2": null, "transition_altitude": null, "speed_limit_description": "-", "speed_limit": 280.0, "vertical_angle": null, "center_waypoint": null, "center_waypoint_latitude": null, "center_waypoint_longitude": null, "aircraft_category": null}, "geometry": {"type": "MultiPoint", "coordinates": [[101.20104722, 13.35416944]]}}, {"type": "Feature", "properties": {"fid": 3977, "area_code": "PAC", "airport_identifier": "VTBS", "procedure_identifier": "TUMG1C", "route_type": "4", "transition_identifier": "BUT", "seqno": 10, "waypoint_icao_code": "VT", "waypoint_identifier": "BUT", "waypoint_latitude": 12.66666667, "waypoint_longitude": 101.00047222, "waypoint_description_code": "E", "turn_direction": null, "rnp": null, "path_termination": "IF", "recommanded_navaid": null, "recommanded_navaid_latitude": null, "recommanded_navaid_longitude": null, "arc_radius": null, "theta": null, "rho": null, "magnetic_course": null, "route_distance_holding_distance_time": null, "distance_time": null, "altitude_description": null, "altitude1": null, "altitude2": null, "transition_altitude": null, "speed_limit_description": null, "speed_limit": null, "vertical_angle": null, "center_waypoint": null, "center_waypoint_latitude": null, "center_waypoint_longitude": null, "aircraft_category": null}, "geometry": {"type": "MultiPoint", "coordinates": [[101.00047222, 12.66666667]]}}, {"type": "Feature", "properties": {"fid": 3978, "area_code": "PAC", "airport_identifier": "VTBS", "procedure_identifier": "TUMG1C", "route_type": "4", "transition_identifier": "BUT", "seqno": 20, "waypoint_icao_code": "VT", "waypoint_identifier": "TUMGA", "waypoint_latitude": 13.35416944, "waypoint_longitude": 101.20104722, "waypoint_description_code": "E", "turn_direction": null, "rnp": null, "path_termination": "TF", "recommanded_navaid": null, "recommanded_navaid_latitude": null, "recommanded_navaid_longitude": null, "arc_radius": null, "theta": null, "rho": null, "magnetic_course": null, "route_distance_holding_distance_time": null, "distance_time": null, "altitude_description": "-", "altitude1": 18000.0, "altitude2": null, "transition_altitude": null, "speed_limit_description": "-", "speed_limit": 280.0, "vertical_angle": null, "center_waypoint": null, "center_waypoint_latitude": null, "center_waypoint_longitude": null, "aircraft_category": null}, "geometry": {"type": "MultiPoint", "coordinates": [[101.20104722, 13.35416944]]}}, {"type": "Feature", "properties": {"fid": 3980, "area_code": "PAC", "airport_identifier": "VTBS", "procedure_identifier": "TUMG1C", "route_type": "4", "transition_identifier": "DULEM", "seqno": 10, "waypoint_icao_code": "VT", "waypoint_identifier": "DULEM", "waypoint_latitude": 13.73766111, "waypoint_longitude": 102.23326389, "waypoint_description_code": "E", "turn_direction": null, "rnp": null, "path_termination": "IF", "recommanded_navaid": null, "recommanded_navaid_latitude": null, "recommanded_navaid_longitude": null, "arc_radius": null, "theta": null, "rho": null, "magnetic_course": null, "route_distance_holding_distance_time": null, "distance_time": null, "altitude_description": null, "altitude1": null, "altitude2": null, "transition_altitude": null, "speed_limit_description": null, "speed_limit": null, "vertical_angle": null, "center_waypoint": null, "center_waypoint_latitude": null, "center_waypoint_longitude": null, "aircraft_category": null}, "geometry": {"type": "MultiPoint", "coordinates": [[102.23326389, 13.73766111]]}}, {"type": "Feature", "properties": {"fid": 3981, "area_code": "PAC", "airport_identifier": "VTBS", "procedure_identifier": "TUMG1C", "route_type": "4", "transition_identifier": "DULEM", "seqno": 20, "waypoint_icao_code": "VT", "waypoint_identifier": "GOMES", "waypoint_latitude": 13.40169444, "waypoint_longitude": 101.58491667, "waypoint_description_code": "E", "turn_direction": null, "rnp": null, "path_termination": "TF", "recommanded_navaid": null, "recommanded_navaid_latitude": null, "recommanded_navaid_longitude": null, "arc_radius": null, "theta": null, "rho": null, "magnetic_course": null, "route_distance_holding_distance_time": null, "distance_time": null, "altitude_description": null, "altitude1": null, "altitude2": null, "transition_altitude": null, "speed_limit_description": null, "speed_limit": null, "vertical_angle": null, "center_waypoint": null, "center_waypoint_latitude": null, "center_waypoint_longitude": null, "aircraft_category": null}, "geometry": {"type": "MultiPoint", "coordinates": [[101.58491667, 13.40169444]]}}, {"type": "Feature", "properties": {"fid": 3982, "area_code": "PAC", "airport_identifier": "VTBS", "procedure_identifier": "TUMG1C", "route_type": "4", "transition_identifier": "DULEM", "seqno": 30, "waypoint_icao_code": "VT", "waypoint_identifier": "TUMGA", "waypoint_latitude": 13.35416944, "waypoint_longitude": 101.20104722, "waypoint_description_code": "E", "turn_direction": null, "rnp": null, "path_termination": "TF", "recommanded_navaid": null, "recommanded_navaid_latitude": null, "recommanded_navaid_longitude": null, "arc_radius": null, "theta": null, "rho": null, "magnetic_course": null, "route_distance_holding_distance_time": null, "distance_time": null, "altitude_description": "-", "altitude1": 18000.0, "altitude2": null, "transition_altitude": null, "speed_limit_description": "-", "speed_limit": 280.0, "vertical_angle": null, "center_waypoint": null, "center_waypoint_latitude": null, "center_waypoint_longitude": null, "aircraft_category": null}, "geometry": {"type": "MultiPoint", "coordinates": [[101.20104722, 13.35416944]]}}, {"type": "Feature", "properties": {"fid": 3984, "area_code": "PAC", "airport_identifier": "VTBS", "procedure_identifier": "TUMG1C", "route_type": "4", "transition_identifier": "GOMES", "seqno": 10, "waypoint_icao_code": "VT", "waypoint_identifier": "GOMES", "waypoint_latitude": 13.40169444, "waypoint_longitude": 101.58491667, "waypoint_description_code": "E", "turn_direction": null, "rnp": null, "path_termination": "IF", "recommanded_navaid": null, "recommanded_navaid_latitude": null, "recommanded_navaid_longitude": null, "arc_radius": null, "theta": null, "rho": null, "magnetic_course": null, "route_distance_holding_distance_time": null, "distance_time": null, "altitude_description": null, "altitude1": null, "altitude2": null, "transition_altitude": null, "speed_limit_description": null, "speed_limit": null, "vertical_angle": null, "center_waypoint": null, "center_waypoint_latitude": null, "center_waypoint_longitude": null, "aircraft_category": null}, "geometry": {"type": "MultiPoint", "coordinates": [[101.58491667, 13.40169444]]}}, {"type": "Feature", "properties": {"fid": 3985, "area_code": "PAC", "airport_identifier": "VTBS", "procedure_identifier": "TUMG1C", "route_type": "4", "transition_identifier": "GOMES", "seqno": 20, "waypoint_icao_code": "VT", "waypoint_identifier": "TUMGA", "waypoint_latitude": 13.35416944, "waypoint_longitude": 101.20104722, "waypoint_description_code": "E", "turn_direction": null, "rnp": null, "path_termination": "TF", "recommanded_navaid": null, "recommanded_navaid_latitude": null, "recommanded_navaid_longitude": null, "arc_radius": null, "theta": null, "rho": null, "magnetic_course": null, "route_distance_holding_distance_time": null, "distance_time": null, "altitude_description": "-", "altitude1": 18000.0, "altitude2": null, "transition_altitude": null, "speed_limit_description": "-", "speed_limit": 280.0, "vertical_angle": null, "center_waypoint": null, "center_waypoint_latitude": null, "center_waypoint_longitude": null, "aircraft_category": null}, "geometry": {"type": "MultiPoint", "coordinates": [[101.20104722, 13.35416944]]}}, {"type": "Feature", "properties": {"fid": 3987, "area_code": "PAC", "airport_identifier": "VTBS", "procedure_identifier": "TUMG1C", "route_type": "4", "transition_identifier": "NUGPA", "seqno": 10, "waypoint_icao_code": "VT", "waypoint_identifier": "NUGPA", "waypoint_latitude": 13.04837778, "waypoint_longitude": 101.83313611, "waypoint_description_code": "E", "turn_direction": null, "rnp": null, "path_termination": "IF", "recommanded_navaid": null, "recommanded_navaid_latitude": null, "recommanded_navaid_longitude": null, "arc_radius": null, "theta": null, "rho": null, "magnetic_course": null, "route_distance_holding_distance_time": null, "distance_time": null, "altitude_description": null, "altitude1": null, "altitude2": null, "transition_altitude": null, "speed_limit_description": null, "speed_limit": null, "vertical_angle": null, "center_waypoint": null, "center_waypoint_latitude": null, "center_waypoint_longitude": null, "aircraft_category": null}, "geometry": {"type": "MultiPoint", "coordinates": [[101.83313611, 13.04837778]]}}, {"type": "Feature", "properties": {"fid": 3988, "area_code": "PAC", "airport_identifier": "VTBS", "procedure_identifier": "TUMG1C", "route_type": "4", "transition_identifier": "NUGPA", "seqno": 20, "waypoint_icao_code": "VT", "waypoint_identifier": "TUMGA", "waypoint_latitude": 13.35416944, "waypoint_longitude": 101.20104722, "waypoint_description_code": "E", "turn_direction": null, "rnp": null, "path_termination": "TF", "recommanded_navaid": null, "recommanded_navaid_latitude": null, "recommanded_navaid_longitude": null, "arc_radius": null, "theta": null, "rho": null, "magnetic_course": null, "route_distance_holding_distance_time": null, "distance_time": null, "altitude_description": "-", "altitude1": 18000.0, "altitude2": null, "transition_altitude": null, "speed_limit_description": "-", "speed_limit": 280.0, "vertical_angle": null, "center_waypoint": null, "center_waypoint_latitude": null, "center_waypoint_longitude": null, "aircraft_category": null}, "geometry": {"type": "MultiPoint", "coordinates": [[101.20104722, 13.35416944]]}}, {"type": "Feature", "properties": {"fid": 3990, "area_code": "PAC", "airport_identifier": "VTBS", "procedure_identifier": "TUMG1C", "route_type": "4", "transition_identifier": "RYN", "seqno": 10, "waypoint_icao_code": "VT", "waypoint_identifier": "RYN", "waypoint_latitude": 12.77863889, "waypoint_longitude": 101.67644444, "waypoint_description_code": "E", "turn_direction": null, "rnp": null, "path_termination": "IF", "recommanded_navaid": null, "recommanded_navaid_latitude": null, "recommanded_navaid_longitude": null, "arc_radius": null, "theta": null, "rho": null, "magnetic_course": null, "route_distance_holding_distance_time": null, "distance_time": null, "altitude_description": null, "altitude1": null, "altitude2": null, "transition_altitude": null, "speed_limit_description": null, "speed_limit": null, "vertical_angle": null, "center_waypoint": null, "center_waypoint_latitude": null, "center_waypoint_longitude": null, "aircraft_category": null}, "geometry": {"type": "MultiPoint", "coordinates": [[101.67644444, 12.77863889]]}}, {"type": "Feature", "properties": {"fid": 3991, "area_code": "PAC", "airport_identifier": "VTBS", "procedure_identifier": "TUMG1C", "route_type": "4", "transition_identifier": "RYN", "seqno": 20, "waypoint_icao_code": "VT", "waypoint_identifier": "TUMGA", "waypoint_latitude": 13.35416944, "waypoint_longitude": 101.20104722, "waypoint_description_code": "E", "turn_direction": null, "rnp": null, "path_termination": "TF", "recommanded_navaid": null, "recommanded_navaid_latitude": null, "recommanded_navaid_longitude": null, "arc_radius": null, "theta": null, "rho": null, "magnetic_course": null, "route_distance_holding_distance_time": null, "distance_time": null, "altitude_description": "-", "altitude1": 18000.0, "altitude2": null, "transition_altitude": null, "speed_limit_description": "-", "speed_limit": 280.0, "vertical_angle": null, "center_waypoint": null, "center_waypoint_latitude": null, "center_waypoint_longitude": null, "aircraft_category": null}, "geometry": {"type": "MultiPoint", "coordinates": [[101.20104722, 13.35416944]]}}, {"type": "Feature", "properties": {"fid": 3993, "area_code": "PAC", "airport_identifier": "VTBS", "procedure_identifier": "TUMG1C", "route_type": "5", "transition_identifier": null, "seqno": 10, "waypoint_icao_code": "VT", "waypoint_identifier": "TUMGA", "waypoint_latitude": 13.35416944, "waypoint_longitude": 101.20104722, "waypoint_description_code": "E", "turn_direction": null, "rnp": null, "path_termination": "IF", "recommanded_navaid": null, "recommanded_navaid_latitude": null, "recommanded_navaid_longitude": null, "arc_radius": null, "theta": null, "rho": null, "magnetic_course": null, "route_distance_holding_distance_time": null, "distance_time": null, "altitude_description": "-", "altitude1": 18000.0, "altitude2": null, "transition_altitude": null, "speed_limit_description": "-", "speed_limit": 280.0, "vertical_angle": null, "center_waypoint": null, "center_waypoint_latitude": null, "center_waypoint_longitude": null, "aircraft_category": null}, "geometry": {"type": "MultiPoint", "coordinates": [[101.20104722, 13.35416944]]}}, {"type": "Feature", "properties": {"fid": 3994, "area_code": "PAC", "airport_identifier": "VTBS", "procedure_identifier": "TUMG1C", "route_type": "5", "transition_identifier": null, "seqno": 20, "waypoint_icao_code": "VT", "waypoint_identifier": "ISRAM", "waypoint_latitude": 13.41804444, "waypoint_longitude": 100.896675, "waypoint_description_code": "E", "turn_direction": null, "rnp": null, "path_termination": "TF", "recommanded_navaid": null, "recommanded_navaid_latitude": null, "recommanded_navaid_longitude": null, "arc_radius": null, "theta": null, "rho": null, "magnetic_course": null, "route_distance_holding_distance_time": null, "distance_time": null, "altitude_description": "+", "altitude1": 11000.0, "altitude2": null, "transition_altitude": null, "speed_limit_description": null, "speed_limit": null, "vertical_angle": null, "center_waypoint": null, "center_waypoint_latitude": null, "center_waypoint_longitude": null, "aircraft_category": null}, "geometry": {"type": "MultiPoint", "coordinates": [[100.896675, 13.41804444]]}}, {"type": "Feature", "properties": {"fid": 3995, "area_code": "PAC", "airport_identifier": "VTBS", "procedure_identifier": "TUMG1C", "route_type": "5", "transition_identifier": null, "seqno": 30, "waypoint_icao_code": "VT", "waypoint_identifier": "DUDER", "waypoint_latitude": 13.55150556, "waypoint_longitude": 100.80917778, "waypoint_description_code": "E", "turn_direction": null, "rnp": null, "path_termination": "TF", "recommanded_navaid": null, "recommanded_navaid_latitude": null, "recommanded_navaid_longitude": null, "arc_radius": null, "theta": null, "rho": null, "magnetic_course": null, "route_distance_holding_distance_time": null, "distance_time": null, "altitude_description": null, "altitude1": null, "altitude2": null, "transition_altitude": null, "speed_limit_description": "-", "speed_limit": 250.0, "vertical_angle": null, "center_waypoint": null, "center_waypoint_latitude": null, "center_waypoint_longitude": null, "aircraft_category": null}, "geometry": {"type": "MultiPoint", "coordinates": [[100.80917778, 13.55150556]]}}, {"type": "Feature", "properties": {"fid": 3996, "area_code": "PAC", "airport_identifier": "VTBS", "procedure_identifier": "TUMG1C", "route_type": "5", "transition_identifier": null, "seqno": 40, "waypoint_icao_code": "VT", "waypoint_identifier": "BS520", "waypoint_latitude": 13.62522778, "waypoint_longitude": 100.82934167, "waypoint_description_code": "E", "turn_direction": null, "rnp": null, "path_termination": "TF", "recommanded_navaid": null, "recommanded_navaid_latitude": null, "recommanded_navaid_longitude": null, "arc_radius": null, "theta": null, "rho": null, "magnetic_course": null, "route_distance_holding_distance_time": null, "distance_time": null, "altitude_description": "B", "altitude1": 11000.0, "altitude2": 9000.0, "transition_altitude": null, "speed_limit_description": null, "speed_limit": null, "vertical_angle": null, "center_waypoint": null, "center_waypoint_latitude": null, "center_waypoint_longitude": null, "aircraft_category": null}, "geometry": {"type": "MultiPoint", "coordinates": [[100.82934167, 13.62522778]]}}, {"type": "Feature", "properties": {"fid": 3997, "area_code": "PAC", "airport_identifier": "VTBS", "procedure_identifier": "TUMG1C", "route_type": "5", "transition_identifier": null, "seqno": 50, "waypoint_icao_code": "VT", "waypoint_identifier": "MUMUP", "waypoint_latitude": 13.83396389, "waypoint_longitude": 100.88652222, "waypoint_description_code": "E", "turn_direction": null, "rnp": null, "path_termination": "TF", "recommanded_navaid": null, "recommanded_navaid_latitude": null, "recommanded_navaid_longitude": null, "arc_radius": null, "theta": null, "rho": null, "magnetic_course": null, "route_distance_holding_distance_time": null, "distance_time": null, "altitude_description": null, "altitude1": null, "altitude2": null, "transition_altitude": null, "speed_limit_description": "-", "speed_limit": 220.0, "vertical_angle": null, "center_waypoint": null, "center_waypoint_latitude": null, "center_waypoint_longitude": null, "aircraft_category": null}, "geometry": {"type": "MultiPoint", "coordinates": [[100.88652222, 13.83396389]]}}, {"type": "Feature", "properties": {"fid": 3998, "area_code": "PAC", "airport_identifier": "VTBS", "procedure_identifier": "TUMG1C", "route_type": "5", "transition_identifier": null, "seqno": 60, "waypoint_icao_code": "VT", "waypoint_identifier": "BS501", "waypoint_latitude": 13.91385, "waypoint_longitude": 100.90840833, "waypoint_description_code": "E", "turn_direction": null, "rnp": null, "path_termination": "TF", "recommanded_navaid": null, "recommanded_navaid_latitude": null, "recommanded_navaid_longitude": null, "arc_radius": null, "theta": null, "rho": null, "magnetic_course": null, "route_distance_holding_distance_time": null, "distance_time": null, "altitude_description": null, "altitude1": null, "altitude2": null, "transition_altitude": null, "speed_limit_description": null, "speed_limit": null, "vertical_angle": null, "center_waypoint": null, "center_waypoint_latitude": null, "center_waypoint_longitude": null, "aircraft_category": null}, "geometry": {"type": "MultiPoint", "coordinates": [[100.90840833, 13.91385]]}}, {"type": "Feature", "properties": {"fid": 3999, "area_code": "PAC", "airport_identifier": "VTBS", "procedure_identifier": "TUMG1C", "route_type": "5", "transition_identifier": null, "seqno": 70, "waypoint_icao_code": "VT", "waypoint_identifier": "ESGEN", "waypoint_latitude": 13.99625556, "waypoint_longitude": 100.93103889, "waypoint_description_code": "E", "turn_direction": null, "rnp": null, "path_termination": "TF", "recommanded_navaid": null, "recommanded_navaid_latitude": null, "recommanded_navaid_longitude": null, "arc_radius": null, "theta": null, "rho": null, "magnetic_course": null, "route_distance_holding_distance_time": null, "distance_time": null, "altitude_description": "+", "altitude1": 5000.0, "altitude2": null, "transition_altitude": null, "speed_limit_description": null, "speed_limit": null, "vertical_angle": null, "center_waypoint": null, "center_waypoint_latitude": null, "center_waypoint_longitude": null, "aircraft_category": null}, "geometry": {"type": "MultiPoint", "coordinates": [[100.93103889, 13.99625556]]}}, {"type": "Feature", "properties": {"fid": 4001, "area_code": "PAC", "airport_identifier": "VTBS", "procedure_identifier": "TUMG1C", "route_type": "6", "transition_identifier": "RW19", "seqno": 10, "waypoint_icao_code": "VT", "waypoint_identifier": "ESGEN", "waypoint_latitude": 13.99625556, "waypoint_longitude": 100.93103889, "waypoint_description_code": "E", "turn_direction": null, "rnp": null, "path_termination": "IF", "recommanded_navaid": null, "recommanded_navaid_latitude": null, "recommanded_navaid_longitude": null, "arc_radius": null, "theta": null, "rho": null, "magnetic_course": null, "route_distance_holding_distance_time": null, "distance_time": null, "altitude_description": "+", "altitude1": 5000.0, "altitude2": null, "transition_altitude": null, "speed_limit_description": null, "speed_limit": null, "vertical_angle": null, "center_waypoint": null, "center_waypoint_latitude": null, "center_waypoint_longitude": null, "aircraft_category": null}, "geometry": {"type": "MultiPoint", "coordinates": [[100.93103889, 13.99625556]]}}, {"type": "Feature", "properties": {"fid": 4002, "area_code": "PAC", "airport_identifier": "VTBS", "procedure_identifier": "TUMG1C", "route_type": "6", "transition_identifier": "RW19", "seqno": 20, "waypoint_icao_code": null, "waypoint_identifier": null, "waypoint_latitude": null, "waypoint_longitude": null, "waypoint_description_code": null, "turn_direction": null, "rnp": null, "path_termination": "VM", "recommanded_navaid": null, "recommanded_navaid_latitude": null, "recommanded_navaid_longitude": null, "arc_radius": null, "theta": null, "rho": null, "magnetic_course": 15.0, "route_distance_holding_distance_time": null, "distance_time": null, "altitude_description": null, "altitude1": null, "altitude2": null, "transition_altitude": null, "speed_limit_description": null, "speed_limit": null, "vertical_angle": null, "center_waypoint": null, "center_waypoint_latitude": null, "center_waypoint_longitude": null, "aircraft_category": null}, "geometry": {"type": "MultiPoint", "coordinates": []}}, {"type": "Feature", "properties": {"fid": 4003, "area_code": "PAC", "airport_identifier": "VTBS", "procedure_identifier": "TUMG1C", "route_type": "6", "transition_identifier": "RW20B", "seqno": 10, "waypoint_icao_code": "VT", "waypoint_identifier": "ESGEN", "waypoint_latitude": 13.99625556, "waypoint_longitude": 100.93103889, "waypoint_description_code": "E", "turn_direction": null, "rnp": null, "path_termination": "IF", "recommanded_navaid": null, "recommanded_navaid_latitude": null, "recommanded_navaid_longitude": null, "arc_radius": null, "theta": null, "rho": null, "magnetic_course": null, "route_distance_holding_distance_time": null, "distance_time": null, "altitude_description": "+", "altitude1": 5000.0, "altitude2": null, "transition_altitude": null, "speed_limit_description": null, "speed_limit": null, "vertical_angle": null, "center_waypoint": null, "center_waypoint_latitude": null, "center_waypoint_longitude": null, "aircraft_category": null}, "geometry": {"type": "MultiPoint", "coordinates": [[100.93103889, 13.99625556]]}}, {"type": "Feature", "properties": {"fid": 4004, "area_code": "PAC", "airport_identifier": "VTBS", "procedure_identifier": "TUMG1C", "route_type": "6", "transition_identifier": "RW20B", "seqno": 20, "waypoint_icao_code": null, "waypoint_identifier": null, "waypoint_latitude": null, "waypoint_longitude": null, "waypoint_description_code": null, "turn_direction": null, "rnp": null, "path_termination": "VM", "recommanded_navaid": null, "recommanded_navaid_latitude": null, "recommanded_navaid_longitude": null, "arc_radius": null, "theta": null, "rho": null, "magnetic_course": 15.0, "route_distance_holding_distance_time": null, "distance_time": null, "altitude_description": null, "altitude1": null, "altitude2": null, "transition_altitude": null, "speed_limit_description": null, "speed_limit": null, "vertical_angle": null, "center_waypoint": null, "center_waypoint_latitude": null, "center_waypoint_longitude": null, "aircraft_category": null}, "geometry": {"type": "MultiPoint", "coordinates": []}}, {"type": "Feature", "properties": {"fid": 4005, "area_code": "PAC", "airport_identifier": "VTSS", "procedure_identifier": "KENE1B", "route_type": "5", "transition_identifier": "RW08", "seqno": 10, "waypoint_icao_code": "VT", "waypoint_identifier": "KENNE", "waypoint_latitude": 6.72772778, "waypoint_longitude": 100.69211111, "waypoint_description_code": "E", "turn_direction": null, "rnp": 1.0, "path_termination": "IF", "recommanded_navaid": null, "recommanded_navaid_latitude": null, "recommanded_navaid_longitude": null, "arc_radius": null, "theta": null, "rho": null, "magnetic_course": null, "route_distance_holding_distance_time": null, "distance_time": null, "altitude_description": "+", "altitude1": 11000.0, "altitude2": null, "transition_altitude": null, "speed_limit_description": null, "speed_limit": null, "vertical_angle": null, "center_waypoint": null, "center_waypoint_latitude": null, "center_waypoint_longitude": null, "aircraft_category": null}, "geometry": {"type": "MultiPoint", "coordinates": [[100.69211111, 6.72772778]]}}, {"type": "Feature", "properties": {"fid": 4006, "area_code": "PAC", "airport_identifier": "VTSS", "procedure_identifier": "KENE1B", "route_type": "5", "transition_identifier": "RW08", "seqno": 20, "waypoint_icao_code": "VT", "waypoint_identifier": "POVAK", "waypoint_latitude": 6.75626944, "waypoint_longitude": 100.51468333, "waypoint_description_code": "E", "turn_direction": null, "rnp": 1.0, "path_termination": "TF", "recommanded_navaid": null, "recommanded_navaid_latitude": null, "recommanded_navaid_longitude": null, "arc_radius": null, "theta": null, "rho": null, "magnetic_course": null, "route_distance_holding_distance_time": null, "distance_time": null, "altitude_description": "+", "altitude1": 9000.0, "altitude2": null, "transition_altitude": null, "speed_limit_description": null, "speed_limit": null, "vertical_angle": null, "center_waypoint": null, "center_waypoint_latitude": null, "center_waypoint_longitude": null, "aircraft_category": null}, "geometry": {"type": "MultiPoint", "coordinates": [[100.51468333, 6.75626944]]}}, {"type": "Feature", "properties": {"fid": 4007, "area_code": "PAC", "airport_identifier": "VTSS", "procedure_identifier": "KENE1B", "route_type": "5", "transition_identifier": "RW08", "seqno": 30, "waypoint_icao_code": "VT", "waypoint_identifier": "SS808", "waypoint_latitude": 6.75626667, "waypoint_longitude": 100.4527, "waypoint_description_code": "E", "turn_direction": null, "rnp": 1.0, "path_termination": "TF", "recommanded_navaid": null, "recommanded_navaid_latitude": null, "recommanded_navaid_longitude": null, "arc_radius": null, "theta": null, "rho": null, "magnetic_course": null, "route_distance_holding_distance_time": null, "distance_time": null, "altitude_description": "+", "altitude1": 9000.0, "altitude2": null, "transition_altitude": null, "speed_limit_description": null, "speed_limit": null, "vertical_angle": null, "center_waypoint": null, "center_waypoint_latitude": null, "center_waypoint_longitude": null, "aircraft_category": null}, "geometry": {"type": "MultiPoint", "coordinates": [[100.4527, 6.75626667]]}}, {"type": "Feature", "properties": {"fid": 4008, "area_code": "PAC", "airport_identifier": "VTSS", "procedure_identifier": "KENE1B", "route_type": "5", "transition_identifier": "RW08", "seqno": 40, "waypoint_icao_code": "VT", "waypoint_identifier": "DUDIB", "waypoint_latitude": 6.75631944, "waypoint_longitude": 100.39090278, "waypoint_description_code": "E", "turn_direction": null, "rnp": 1.0, "path_termination": "TF", "recommanded_navaid": null, "recommanded_navaid_latitude": null, "recommanded_navaid_longitude": null, "arc_radius": null, "theta": null, "rho": null, "magnetic_course": null, "route_distance_holding_distance_time": null, "distance_time": null, "altitude_description": "+", "altitude1": 8000.0, "altitude2": null, "transition_altitude": null, "speed_limit_description": "-", "speed_limit": 230.0, "vertical_angle": null, "center_waypoint": null, "center_waypoint_latitude": null, "center_waypoint_longitude": null, "aircraft_category": null}, "geometry": {"type": "MultiPoint", "coordinates": [[100.39090278, 6.75631944]]}}, {"type": "Feature", "properties": {"fid": 4009, "area_code": "PAC", "airport_identifier": "VTSS", "procedure_identifier": "KENE1B", "route_type": "5", "transition_identifier": "RW08", "seqno": 50, "waypoint_icao_code": "VT", "waypoint_identifier": "IGMUG", "waypoint_latitude": 6.75633611, "waypoint_longitude": 100.25962222, "waypoint_description_code": "E", "turn_direction": null, "rnp": 1.0, "path_termination": "TF", "recommanded_navaid": null, "recommanded_navaid_latitude": null, "recommanded_navaid_longitude": null, "arc_radius": null, "theta": null, "rho": null, "magnetic_course": null, "route_distance_holding_distance_time": null, "distance_time": null, "altitude_description": "+", "altitude1": 5500.0, "altitude2": null, "transition_altitude": null, "speed_limit_description": "-", "speed_limit": 210.0, "vertical_angle": null, "center_waypoint": null, "center_waypoint_latitude": null, "center_waypoint_longitude": null, "aircraft_category": null}, "geometry": {"type": "MultiPoint", "coordinates": [[100.25962222, 6.75633611]]}}, {"type": "Feature", "properties": {"fid": 4010, "area_code": "PAC", "airport_identifier": "VTSS", "procedure_identifier": "KENE1B", "route_type": "5", "transition_identifier": "RW08", "seqno": 60, "waypoint_icao_code": "VT", "waypoint_identifier": "PIMAN", "waypoint_latitude": 6.83638611, "waypoint_longitude": 100.19886389, "waypoint_description_code": "E", "turn_direction": null, "rnp": 1.0, "path_termination": "TF", "recommanded_navaid": null, "recommanded_navaid_latitude": null, "recommanded_navaid_longitude": null, "arc_radius": null, "theta": null, "rho": null, "magnetic_course": null, "route_distance_holding_distance_time": null, "distance_time": null, "altitude_description": "+", "altitude1": 3500.0, "altitude2": null, "transition_altitude": null, "speed_limit_description": "-", "speed_limit": 190.0, "vertical_angle": null, "center_waypoint": null, "center_waypoint_latitude": null, "center_waypoint_longitude": null, "aircraft_category": null}, "geometry": {"type": "MultiPoint", "coordinates": [[100.19886389, 6.83638611]]}}, {"type": "Feature", "properties": {"fid": 4012, "area_code": "PAC", "airport_identifier": "VTBS", "procedure_identifier": "WILA1C", "route_type": "4", "transition_identifier": "BONVO", "seqno": 10, "waypoint_icao_code": "VT", "waypoint_identifier": "BONVO", "waypoint_latitude": 13.73624167, "waypoint_longitude": 99.76853333, "waypoint_description_code": "E", "turn_direction": null, "rnp": null, "path_termination": "IF", "recommanded_navaid": null, "recommanded_navaid_latitude": null, "recommanded_navaid_longitude": null, "arc_radius": null, "theta": null, "rho": null, "magnetic_course": null, "route_distance_holding_distance_time": null, "distance_time": null, "altitude_description": null, "altitude1": null, "altitude2": null, "transition_altitude": null, "speed_limit_description": null, "speed_limit": null, "vertical_angle": null, "center_waypoint": null, "center_waypoint_latitude": null, "center_waypoint_longitude": null, "aircraft_category": null}, "geometry": {"type": "MultiPoint", "coordinates": [[99.76853333, 13.73624167]]}}, {"type": "Feature", "properties": {"fid": 4013, "area_code": "PAC", "airport_identifier": "VTBS", "procedure_identifier": "WILA1C", "route_type": "4", "transition_identifier": "BONVO", "seqno": 20, "waypoint_icao_code": "VT", "waypoint_identifier": "WILLA", "waypoint_latitude": 14.40471667, "waypoint_longitude": 100.05982222, "waypoint_description_code": "E", "turn_direction": null, "rnp": null, "path_termination": "TF", "recommanded_navaid": null, "recommanded_navaid_latitude": null, "recommanded_navaid_longitude": null, "arc_radius": null, "theta": null, "rho": null, "magnetic_course": null, "route_distance_holding_distance_time": null, "distance_time": null, "altitude_description": "-", "altitude1": 18000.0, "altitude2": null, "transition_altitude": null, "speed_limit_description": "-", "speed_limit": 280.0, "vertical_angle": null, "center_waypoint": null, "center_waypoint_latitude": null, "center_waypoint_longitude": null, "aircraft_category": null}, "geometry": {"type": "MultiPoint", "coordinates": [[100.05982222, 14.40471667]]}}, {"type": "Feature", "properties": {"fid": 4015, "area_code": "PAC", "airport_identifier": "VTBS", "procedure_identifier": "WILA1C", "route_type": "4", "transition_identifier": "IBETO", "seqno": 10, "waypoint_icao_code": "VT", "waypoint_identifier": "IBETO", "waypoint_latitude": 14.17670556, "waypoint_longitude": 99.49602222, "waypoint_description_code": "E", "turn_direction": null, "rnp": null, "path_termination": "IF", "recommanded_navaid": null, "recommanded_navaid_latitude": null, "recommanded_navaid_longitude": null, "arc_radius": null, "theta": null, "rho": null, "magnetic_course": null, "route_distance_holding_distance_time": null, "distance_time": null, "altitude_description": null, "altitude1": null, "altitude2": null, "transition_altitude": null, "speed_limit_description": null, "speed_limit": null, "vertical_angle": null, "center_waypoint": null, "center_waypoint_latitude": null, "center_waypoint_longitude": null, "aircraft_category": null}, "geometry": {"type": "MultiPoint", "coordinates": [[99.49602222, 14.17670556]]}}, {"type": "Feature", "properties": {"fid": 4016, "area_code": "PAC", "airport_identifier": "VTBS", "procedure_identifier": "WILA1C", "route_type": "4", "transition_identifier": "IBETO", "seqno": 20, "waypoint_icao_code": "VT", "waypoint_identifier": "WILLA", "waypoint_latitude": 14.40471667, "waypoint_longitude": 100.05982222, "waypoint_description_code": "E", "turn_direction": null, "rnp": null, "path_termination": "TF", "recommanded_navaid": null, "recommanded_navaid_latitude": null, "recommanded_navaid_longitude": null, "arc_radius": null, "theta": null, "rho": null, "magnetic_course": null, "route_distance_holding_distance_time": null, "distance_time": null, "altitude_description": "-", "altitude1": 18000.0, "altitude2": null, "transition_altitude": null, "speed_limit_description": "-", "speed_limit": 280.0, "vertical_angle": null, "center_waypoint": null, "center_waypoint_latitude": null, "center_waypoint_longitude": null, "aircraft_category": null}, "geometry": {"type": "MultiPoint", "coordinates": [[100.05982222, 14.40471667]]}}, {"type": "Feature", "properties": {"fid": 4018, "area_code": "PAC", "airport_identifier": "VTBS", "procedure_identifier": "WILA1C", "route_type": "4", "transition_identifier": "IGONI", "seqno": 10, "waypoint_icao_code": "VT", "waypoint_identifier": "IGONI", "waypoint_latitude": 14.442425, "waypoint_longitude": 99.90841389, "waypoint_description_code": "E", "turn_direction": null, "rnp": null, "path_termination": "IF", "recommanded_navaid": null, "recommanded_navaid_latitude": null, "recommanded_navaid_longitude": null, "arc_radius": null, "theta": null, "rho": null, "magnetic_course": null, "route_distance_holding_distance_time": null, "distance_time": null, "altitude_description": null, "altitude1": null, "altitude2": null, "transition_altitude": null, "speed_limit_description": null, "speed_limit": null, "vertical_angle": null, "center_waypoint": null, "center_waypoint_latitude": null, "center_waypoint_longitude": null, "aircraft_category": null}, "geometry": {"type": "MultiPoint", "coordinates": [[99.90841389, 14.442425]]}}, {"type": "Feature", "properties": {"fid": 4019, "area_code": "PAC", "airport_identifier": "VTBS", "procedure_identifier": "WILA1C", "route_type": "4", "transition_identifier": "IGONI", "seqno": 20, "waypoint_icao_code": "VT", "waypoint_identifier": "WILLA", "waypoint_latitude": 14.40471667, "waypoint_longitude": 100.05982222, "waypoint_description_code": "E", "turn_direction": null, "rnp": null, "path_termination": "TF", "recommanded_navaid": null, "recommanded_navaid_latitude": null, "recommanded_navaid_longitude": null, "arc_radius": null, "theta": null, "rho": null, "magnetic_course": null, "route_distance_holding_distance_time": null, "distance_time": null, "altitude_description": "-", "altitude1": 18000.0, "altitude2": null, "transition_altitude": null, "speed_limit_description": "-", "speed_limit": 280.0, "vertical_angle": null, "center_waypoint": null, "center_waypoint_latitude": null, "center_waypoint_longitude": null, "aircraft_category": null}, "geometry": {"type": "MultiPoint", "coordinates": [[100.05982222, 14.40471667]]}}, {"type": "Feature", "properties": {"fid": 4021, "area_code": "PAC", "airport_identifier": "VTBS", "procedure_identifier": "WILA1C", "route_type": "4", "transition_identifier": "TARED", "seqno": 10, "waypoint_icao_code": "VT", "waypoint_identifier": "TARED", "waypoint_latitude": 14.43875556, "waypoint_longitude": 99.52468611, "waypoint_description_code": "E", "turn_direction": null, "rnp": null, "path_termination": "IF", "recommanded_navaid": null, "recommanded_navaid_latitude": null, "recommanded_navaid_longitude": null, "arc_radius": null, "theta": null, "rho": null, "magnetic_course": null, "route_distance_holding_distance_time": null, "distance_time": null, "altitude_description": null, "altitude1": null, "altitude2": null, "transition_altitude": null, "speed_limit_description": null, "speed_limit": null, "vertical_angle": null, "center_waypoint": null, "center_waypoint_latitude": null, "center_waypoint_longitude": null, "aircraft_category": null}, "geometry": {"type": "MultiPoint", "coordinates": [[99.52468611, 14.43875556]]}}, {"type": "Feature", "properties": {"fid": 4022, "area_code": "PAC", "airport_identifier": "VTBS", "procedure_identifier": "WILA1C", "route_type": "4", "transition_identifier": "TARED", "seqno": 20, "waypoint_icao_code": "VT", "waypoint_identifier": "WILLA", "waypoint_latitude": 14.40471667, "waypoint_longitude": 100.05982222, "waypoint_description_code": "E", "turn_direction": null, "rnp": null, "path_termination": "TF", "recommanded_navaid": null, "recommanded_navaid_latitude": null, "recommanded_navaid_longitude": null, "arc_radius": null, "theta": null, "rho": null, "magnetic_course": null, "route_distance_holding_distance_time": null, "distance_time": null, "altitude_description": "-", "altitude1": 18000.0, "altitude2": null, "transition_altitude": null, "speed_limit_description": "-", "speed_limit": 280.0, "vertical_angle": null, "center_waypoint": null, "center_waypoint_latitude": null, "center_waypoint_longitude": null, "aircraft_category": null}, "geometry": {"type": "MultiPoint", "coordinates": [[100.05982222, 14.40471667]]}}, {"type": "Feature", "properties": {"fid": 4024, "area_code": "PAC", "airport_identifier": "VTBS", "procedure_identifier": "WILA1C", "route_type": "5", "transition_identifier": null, "seqno": 10, "waypoint_icao_code": "VT", "waypoint_identifier": "WILLA", "waypoint_latitude": 14.40471667, "waypoint_longitude": 100.05982222, "waypoint_description_code": "E", "turn_direction": null, "rnp": null, "path_termination": "IF", "recommanded_navaid": null, "recommanded_navaid_latitude": null, "recommanded_navaid_longitude": null, "arc_radius": null, "theta": null, "rho": null, "magnetic_course": null, "route_distance_holding_distance_time": null, "distance_time": null, "altitude_description": "-", "altitude1": 18000.0, "altitude2": null, "transition_altitude": null, "speed_limit_description": "-", "speed_limit": 280.0, "vertical_angle": null, "center_waypoint": null, "center_waypoint_latitude": null, "center_waypoint_longitude": null, "aircraft_category": null}, "geometry": {"type": "MultiPoint", "coordinates": [[100.05982222, 14.40471667]]}}, {"type": "Feature", "properties": {"fid": 4025, "area_code": "PAC", "airport_identifier": "VTBS", "procedure_identifier": "WILA1C", "route_type": "5", "transition_identifier": null, "seqno": 20, "waypoint_icao_code": "VT", "waypoint_identifier": "BAROK", "waypoint_latitude": 14.37175, "waypoint_longitude": 100.19183611, "waypoint_description_code": "E", "turn_direction": null, "rnp": null, "path_termination": "TF", "recommanded_navaid": null, "recommanded_navaid_latitude": null, "recommanded_navaid_longitude": null, "arc_radius": null, "theta": null, "rho": null, "magnetic_course": null, "route_distance_holding_distance_time": null, "distance_time": null, "altitude_description": null, "altitude1": null, "altitude2": null, "transition_altitude": null, "speed_limit_description": null, "speed_limit": null, "vertical_angle": null, "center_waypoint": null, "center_waypoint_latitude": null, "center_waypoint_longitude": null, "aircraft_category": null}, "geometry": {"type": "MultiPoint", "coordinates": [[100.19183611, 14.37175]]}}, {"type": "Feature", "properties": {"fid": 4026, "area_code": "PAC", "airport_identifier": "VTBS", "procedure_identifier": "WILA1C", "route_type": "5", "transition_identifier": null, "seqno": 30, "waypoint_icao_code": "VT", "waypoint_identifier": "BS517", "waypoint_latitude": 14.334875, "waypoint_longitude": 100.33911944, "waypoint_description_code": "E", "turn_direction": null, "rnp": null, "path_termination": "TF", "recommanded_navaid": null, "recommanded_navaid_latitude": null, "recommanded_navaid_longitude": null, "arc_radius": null, "theta": null, "rho": null, "magnetic_course": null, "route_distance_holding_distance_time": null, "distance_time": null, "altitude_description": "B", "altitude1": 15000.0, "altitude2": 14000.0, "transition_altitude": null, "speed_limit_description": null, "speed_limit": null, "vertical_angle": null, "center_waypoint": null, "center_waypoint_latitude": null, "center_waypoint_longitude": null, "aircraft_category": null}, "geometry": {"type": "MultiPoint", "coordinates": [[100.33911944, 14.334875]]}}, {"type": "Feature", "properties": {"fid": 4027, "area_code": "PAC", "airport_identifier": "VTBS", "procedure_identifier": "WILA1C", "route_type": "5", "transition_identifier": null, "seqno": 40, "waypoint_icao_code": "VT", "waypoint_identifier": "BS516", "waypoint_latitude": 14.30186944, "waypoint_longitude": 100.47061389, "waypoint_description_code": "E", "turn_direction": null, "rnp": null, "path_termination": "TF", "recommanded_navaid": null, "recommanded_navaid_latitude": null, "recommanded_navaid_longitude": null, "arc_radius": null, "theta": null, "rho": null, "magnetic_course": null, "route_distance_holding_distance_time": null, "distance_time": null, "altitude_description": null, "altitude1": null, "altitude2": null, "transition_altitude": null, "speed_limit_description": "-", "speed_limit": 250.0, "vertical_angle": null, "center_waypoint": null, "center_waypoint_latitude": null, "center_waypoint_longitude": null, "aircraft_category": null}, "geometry": {"type": "MultiPoint", "coordinates": [[100.47061389, 14.30186944]]}}, {"type": "Feature", "properties": {"fid": 4028, "area_code": "PAC", "airport_identifier": "VTBS", "procedure_identifier": "WILA1C", "route_type": "5", "transition_identifier": null, "seqno": 50, "waypoint_icao_code": "VT", "waypoint_identifier": "MEPIN", "waypoint_latitude": 14.25138889, "waypoint_longitude": 100.67111111, "waypoint_description_code": "E", "turn_direction": null, "rnp": null, "path_termination": "TF", "recommanded_navaid": null, "recommanded_navaid_latitude": null, "recommanded_navaid_longitude": null, "arc_radius": null, "theta": null, "rho": null, "magnetic_course": null, "route_distance_holding_distance_time": null, "distance_time": null, "altitude_description": "+", "altitude1": 11000.0, "altitude2": null, "transition_altitude": null, "speed_limit_description": null, "speed_limit": null, "vertical_angle": null, "center_waypoint": null, "center_waypoint_latitude": null, "center_waypoint_longitude": null, "aircraft_category": null}, "geometry": {"type": "MultiPoint", "coordinates": [[100.67111111, 14.25138889]]}}, {"type": "Feature", "properties": {"fid": 4029, "area_code": "PAC", "airport_identifier": "VTBS", "procedure_identifier": "WILA1C", "route_type": "5", "transition_identifier": null, "seqno": 60, "waypoint_icao_code": "VT", "waypoint_identifier": "BS515", "waypoint_latitude": 13.99375556, "waypoint_longitude": 100.60333611, "waypoint_description_code": "E", "turn_direction": null, "rnp": null, "path_termination": "TF", "recommanded_navaid": null, "recommanded_navaid_latitude": null, "recommanded_navaid_longitude": null, "arc_radius": null, "theta": null, "rho": null, "magnetic_course": null, "route_distance_holding_distance_time": null, "distance_time": null, "altitude_description": "+", "altitude1": 9000.0, "altitude2": null, "transition_altitude": null, "speed_limit_description": "-", "speed_limit": 220.0, "vertical_angle": null, "center_waypoint": null, "center_waypoint_latitude": null, "center_waypoint_longitude": null, "aircraft_category": null}, "geometry": {"type": "MultiPoint", "coordinates": [[100.60333611, 13.99375556]]}}, {"type": "Feature", "properties": {"fid": 4030, "area_code": "PAC", "airport_identifier": "VTBS", "procedure_identifier": "WILA1C", "route_type": "5", "transition_identifier": null, "seqno": 70, "waypoint_icao_code": "VT", "waypoint_identifier": "BS514", "waypoint_latitude": 13.96344722, "waypoint_longitude": 100.71924722, "waypoint_description_code": "E", "turn_direction": null, "rnp": null, "path_termination": "TF", "recommanded_navaid": null, "recommanded_navaid_latitude": null, "recommanded_navaid_longitude": null, "arc_radius": null, "theta": null, "rho": null, "magnetic_course": null, "route_distance_holding_distance_time": null, "distance_time": null, "altitude_description": null, "altitude1": null, "altitude2": null, "transition_altitude": null, "speed_limit_description": null, "speed_limit": null, "vertical_angle": null, "center_waypoint": null, "center_waypoint_latitude": null, "center_waypoint_longitude": null, "aircraft_category": null}, "geometry": {"type": "MultiPoint", "coordinates": [[100.71924722, 13.96344722]]}}, {"type": "Feature", "properties": {"fid": 4031, "area_code": "PAC", "airport_identifier": "VTBS", "procedure_identifier": "WILA1C", "route_type": "5", "transition_identifier": null, "seqno": 80, "waypoint_icao_code": "VT", "waypoint_identifier": "ATKIN", "waypoint_latitude": 14.04447222, "waypoint_longitude": 100.74071944, "waypoint_description_code": "E", "turn_direction": "L", "rnp": null, "path_termination": "TF", "recommanded_navaid": null, "recommanded_navaid_latitude": null, "recommanded_navaid_longitude": null, "arc_radius": null, "theta": null, "rho": null, "magnetic_course": null, "route_distance_holding_distance_time": null, "distance_time": null, "altitude_description": "+", "altitude1": 6000.0, "altitude2": null, "transition_altitude": null, "speed_limit_description": null, "speed_limit": null, "vertical_angle": null, "center_waypoint": null, "center_waypoint_latitude": null, "center_waypoint_longitude": null, "aircraft_category": null}, "geometry": {"type": "MultiPoint", "coordinates": [[100.74071944, 14.04447222]]}}, {"type": "Feature", "properties": {"fid": 4033, "area_code": "PAC", "airport_identifier": "VTBS", "procedure_identifier": "WILA1C", "route_type": "6", "transition_identifier": "RW19", "seqno": 10, "waypoint_icao_code": "VT", "waypoint_identifier": "ATKIN", "waypoint_latitude": 14.04447222, "waypoint_longitude": 100.74071944, "waypoint_description_code": "E", "turn_direction": null, "rnp": null, "path_termination": "IF", "recommanded_navaid": null, "recommanded_navaid_latitude": null, "recommanded_navaid_longitude": null, "arc_radius": null, "theta": null, "rho": null, "magnetic_course": null, "route_distance_holding_distance_time": null, "distance_time": null, "altitude_description": "+", "altitude1": 6000.0, "altitude2": null, "transition_altitude": null, "speed_limit_description": null, "speed_limit": null, "vertical_angle": null, "center_waypoint": null, "center_waypoint_latitude": null, "center_waypoint_longitude": null, "aircraft_category": null}, "geometry": {"type": "MultiPoint", "coordinates": [[100.74071944, 14.04447222]]}}, {"type": "Feature", "properties": {"fid": 4034, "area_code": "PAC", "airport_identifier": "VTBS", "procedure_identifier": "WILA1C", "route_type": "6", "transition_identifier": "RW19", "seqno": 20, "waypoint_icao_code": null, "waypoint_identifier": null, "waypoint_latitude": null, "waypoint_longitude": null, "waypoint_description_code": null, "turn_direction": null, "rnp": null, "path_termination": "VM", "recommanded_navaid": null, "recommanded_navaid_latitude": null, "recommanded_navaid_longitude": null, "arc_radius": null, "theta": null, "rho": null, "magnetic_course": 15.0, "route_distance_holding_distance_time": null, "distance_time": null, "altitude_description": null, "altitude1": null, "altitude2": null, "transition_altitude": null, "speed_limit_description": null, "speed_limit": null, "vertical_angle": null, "center_waypoint": null, "center_waypoint_latitude": null, "center_waypoint_longitude": null, "aircraft_category": null}, "geometry": {"type": "MultiPoint", "coordinates": []}}, {"type": "Feature", "properties": {"fid": 4035, "area_code": "PAC", "airport_identifier": "VTBS", "procedure_identifier": "WILA1C", "route_type": "6", "transition_identifier": "RW20B", "seqno": 10, "waypoint_icao_code": "VT", "waypoint_identifier": "ATKIN", "waypoint_latitude": 14.04447222, "waypoint_longitude": 100.74071944, "waypoint_description_code": "E", "turn_direction": null, "rnp": null, "path_termination": "IF", "recommanded_navaid": null, "recommanded_navaid_latitude": null, "recommanded_navaid_longitude": null, "arc_radius": null, "theta": null, "rho": null, "magnetic_course": null, "route_distance_holding_distance_time": null, "distance_time": null, "altitude_description": "+", "altitude1": 6000.0, "altitude2": null, "transition_altitude": null, "speed_limit_description": null, "speed_limit": null, "vertical_angle": null, "center_waypoint": null, "center_waypoint_latitude": null, "center_waypoint_longitude": null, "aircraft_category": null}, "geometry": {"type": "MultiPoint", "coordinates": [[100.74071944, 14.04447222]]}}, {"type": "Feature", "properties": {"fid": 4036, "area_code": "PAC", "airport_identifier": "VTBS", "procedure_identifier": "WILA1C", "route_type": "6", "transition_identifier": "RW20B", "seqno": 20, "waypoint_icao_code": null, "waypoint_identifier": null, "waypoint_latitude": null, "waypoint_longitude": null, "waypoint_description_code": null, "turn_direction": null, "rnp": null, "path_termination": "VM", "recommanded_navaid": null, "recommanded_navaid_latitude": null, "recommanded_navaid_longitude": null, "arc_radius": null, "theta": null, "rho": null, "magnetic_course": 15.0, "route_distance_holding_distance_time": null, "distance_time": null, "altitude_description": null, "altitude1": null, "altitude2": null, "transition_altitude": null, "speed_limit_description": null, "speed_limit": null, "vertical_angle": null, "center_waypoint": null, "center_waypoint_latitude": null, "center_waypoint_longitude": null, "aircraft_category": null}, "geometry": {"type": "MultiPoint", "coordinates": []}}, {"type": "Feature", "properties": {"fid": 4037, "area_code": "PAC", "airport_identifier": "VTSS", "procedure_identifier": "ELRE1A", "route_type": "5", "transition_identifier": "RW26", "seqno": 10, "waypoint_icao_code": "VT", "waypoint_identifier": "ELREM", "waypoint_latitude": 7.43768333, "waypoint_longitude": 100.10181389, "waypoint_description_code": "E", "turn_direction": null, "rnp": 1.0, "path_termination": "IF", "recommanded_navaid": null, "recommanded_navaid_latitude": null, "recommanded_navaid_longitude": null, "arc_radius": null, "theta": null, "rho": null, "magnetic_course": null, "route_distance_holding_distance_time": null, "distance_time": null, "altitude_description": "+", "altitude1": 10000.0, "altitude2": null, "transition_altitude": null, "speed_limit_description": null, "speed_limit": null, "vertical_angle": null, "center_waypoint": null, "center_waypoint_latitude": null, "center_waypoint_longitude": null, "aircraft_category": null}, "geometry": {"type": "MultiPoint", "coordinates": [[100.10181389, 7.43768333]]}}, {"type": "Feature", "properties": {"fid": 4038, "area_code": "PAC", "airport_identifier": "VTSS", "procedure_identifier": "ELRE1A", "route_type": "5", "transition_identifier": "RW26", "seqno": 20, "waypoint_icao_code": "VT", "waypoint_identifier": "SS211", "waypoint_latitude": 7.33858611, "waypoint_longitude": 100.21168056, "waypoint_description_code": "E", "turn_direction": null, "rnp": 1.0, "path_termination": "TF", "recommanded_navaid": null, "recommanded_navaid_latitude": null, "recommanded_navaid_longitude": null, "arc_radius": null, "theta": null, "rho": null, "magnetic_course": null, "route_distance_holding_distance_time": null, "distance_time": null, "altitude_description": "+", "altitude1": 10000.0, "altitude2": null, "transition_altitude": null, "speed_limit_description": null, "speed_limit": null, "vertical_angle": null, "center_waypoint": null, "center_waypoint_latitude": null, "center_waypoint_longitude": null, "aircraft_category": null}, "geometry": {"type": "MultiPoint", "coordinates": [[100.21168056, 7.33858611]]}}, {"type": "Feature", "properties": {"fid": 4039, "area_code": "PAC", "airport_identifier": "VTSS", "procedure_identifier": "ELRE1A", "route_type": "5", "transition_identifier": "RW26", "seqno": 30, "waypoint_icao_code": "VT", "waypoint_identifier": "KIBAB", "waypoint_latitude": 7.25997778, "waypoint_longitude": 100.298775, "waypoint_description_code": "E", "turn_direction": null, "rnp": 1.0, "path_termination": "TF", "recommanded_navaid": null, "recommanded_navaid_latitude": null, "recommanded_navaid_longitude": null, "arc_radius": null, "theta": null, "rho": null, "magnetic_course": null, "route_distance_holding_distance_time": null, "distance_time": null, "altitude_description": "+", "altitude1": 10000.0, "altitude2": null, "transition_altitude": null, "speed_limit_description": null, "speed_limit": null, "vertical_angle": null, "center_waypoint": null, "center_waypoint_latitude": null, "center_waypoint_longitude": null, "aircraft_category": null}, "geometry": {"type": "MultiPoint", "coordinates": [[100.298775, 7.25997778]]}}, {"type": "Feature", "properties": {"fid": 4040, "area_code": "PAC", "airport_identifier": "VTSS", "procedure_identifier": "ELRE1A", "route_type": "5", "transition_identifier": "RW26", "seqno": 40, "waypoint_icao_code": "VT", "waypoint_identifier": "SS218", "waypoint_latitude": 7.25347222, "waypoint_longitude": 100.40203056, "waypoint_description_code": "E", "turn_direction": null, "rnp": 1.0, "path_termination": "TF", "recommanded_navaid": null, "recommanded_navaid_latitude": null, "recommanded_navaid_longitude": null, "arc_radius": null, "theta": null, "rho": null, "magnetic_course": null, "route_distance_holding_distance_time": null, "distance_time": null, "altitude_description": "+", "altitude1": 10000.0, "altitude2": null, "transition_altitude": null, "speed_limit_description": null, "speed_limit": null, "vertical_angle": null, "center_waypoint": null, "center_waypoint_latitude": null, "center_waypoint_longitude": null, "aircraft_category": null}, "geometry": {"type": "MultiPoint", "coordinates": [[100.40203056, 7.25347222]]}}, {"type": "Feature", "properties": {"fid": 4041, "area_code": "PAC", "airport_identifier": "VTSS", "procedure_identifier": "ELRE1A", "route_type": "5", "transition_identifier": "RW26", "seqno": 50, "waypoint_icao_code": "VT", "waypoint_identifier": "LETMO", "waypoint_latitude": 7.24328889, "waypoint_longitude": 100.56294167, "waypoint_description_code": "E", "turn_direction": null, "rnp": 1.0, "path_termination": "TF", "recommanded_navaid": null, "recommanded_navaid_latitude": null, "recommanded_navaid_longitude": null, "arc_radius": null, "theta": null, "rho": null, "magnetic_course": null, "route_distance_holding_distance_time": null, "distance_time": null, "altitude_description": "+", "altitude1": 8000.0, "altitude2": null, "transition_altitude": null, "speed_limit_description": null, "speed_limit": null, "vertical_angle": null, "center_waypoint": null, "center_waypoint_latitude": null, "center_waypoint_longitude": null, "aircraft_category": null}, "geometry": {"type": "MultiPoint", "coordinates": [[100.56294167, 7.24328889]]}}, {"type": "Feature", "properties": {"fid": 4042, "area_code": "PAC", "airport_identifier": "VTSS", "procedure_identifier": "ELRE1A", "route_type": "5", "transition_identifier": "RW26", "seqno": 60, "waypoint_icao_code": "VT", "waypoint_identifier": "KASLA", "waypoint_latitude": 7.07377222, "waypoint_longitude": 100.57760833, "waypoint_description_code": "E", "turn_direction": null, "rnp": 1.0, "path_termination": "TF", "recommanded_navaid": null, "recommanded_navaid_latitude": null, "recommanded_navaid_longitude": null, "arc_radius": null, "theta": null, "rho": null, "magnetic_course": null, "route_distance_holding_distance_time": null, "distance_time": null, "altitude_description": "+", "altitude1": 5000.0, "altitude2": null, "transition_altitude": null, "speed_limit_description": "-", "speed_limit": 230.0, "vertical_angle": null, "center_waypoint": null, "center_waypoint_latitude": null, "center_waypoint_longitude": null, "aircraft_category": null}, "geometry": {"type": "MultiPoint", "coordinates": [[100.57760833, 7.07377222]]}}, {"type": "Feature", "properties": {"fid": 4043, "area_code": "PAC", "airport_identifier": "VTSS", "procedure_identifier": "ELRE1A", "route_type": "5", "transition_identifier": "RW26", "seqno": 70, "waypoint_icao_code": "VT", "waypoint_identifier": "RISRO", "waypoint_latitude": 6.95696389, "waypoint_longitude": 100.58771111, "waypoint_description_code": "E", "turn_direction": null, "rnp": 1.0, "path_termination": "TF", "recommanded_navaid": null, "recommanded_navaid_latitude": null, "recommanded_navaid_longitude": null, "arc_radius": null, "theta": null, "rho": null, "magnetic_course": null, "route_distance_holding_distance_time": null, "distance_time": null, "altitude_description": "+", "altitude1": 3000.0, "altitude2": null, "transition_altitude": null, "speed_limit_description": "-", "speed_limit": 230.0, "vertical_angle": null, "center_waypoint": null, "center_waypoint_latitude": null, "center_waypoint_longitude": null, "aircraft_category": null}, "geometry": {"type": "MultiPoint", "coordinates": [[100.58771111, 6.95696389]]}}, {"type": "Feature", "properties": {"fid": 4045, "area_code": "PAC", "airport_identifier": "VTSP", "procedure_identifier": "SATV1C", "route_type": "5", "transition_identifier": "RW09", "seqno": 10, "waypoint_icao_code": "VT", "waypoint_identifier": "SATVA", "waypoint_latitude": 8.48390833, "waypoint_longitude": 97.96557778, "waypoint_description_code": "E", "turn_direction": null, "rnp": null, "path_termination": "IF", "recommanded_navaid": null, "recommanded_navaid_latitude": null, "recommanded_navaid_longitude": null, "arc_radius": null, "theta": null, "rho": null, "magnetic_course": null, "route_distance_holding_distance_time": null, "distance_time": null, "altitude_description": "-", "altitude1": 10000.0, "altitude2": null, "transition_altitude": null, "speed_limit_description": null, "speed_limit": null, "vertical_angle": null, "center_waypoint": null, "center_waypoint_latitude": null, "center_waypoint_longitude": null, "aircraft_category": null}, "geometry": {"type": "MultiPoint", "coordinates": [[97.96557778, 8.48390833]]}}, {"type": "Feature", "properties": {"fid": 4046, "area_code": "PAC", "airport_identifier": "VTSP", "procedure_identifier": "SATV1C", "route_type": "5", "transition_identifier": "RW09", "seqno": 30, "waypoint_icao_code": "VT", "waypoint_identifier": "TARPU", "waypoint_latitude": 8.30853611, "waypoint_longitude": 97.99647778, "waypoint_description_code": "E", "turn_direction": null, "rnp": null, "path_termination": "TF", "recommanded_navaid": null, "recommanded_navaid_latitude": null, "recommanded_navaid_longitude": null, "arc_radius": null, "theta": null, "rho": null, "magnetic_course": null, "route_distance_holding_distance_time": null, "distance_time": null, "altitude_description": "-", "altitude1": 7000.0, "altitude2": null, "transition_altitude": null, "speed_limit_description": "-", "speed_limit": 230.0, "vertical_angle": null, "center_waypoint": null, "center_waypoint_latitude": null, "center_waypoint_longitude": null, "aircraft_category": null}, "geometry": {"type": "MultiPoint", "coordinates": [[97.99647778, 8.30853611]]}}, {"type": "Feature", "properties": {"fid": 4047, "area_code": "PAC", "airport_identifier": "VTSP", "procedure_identifier": "SATV1C", "route_type": "5", "transition_identifier": "RW09", "seqno": 40, "waypoint_icao_code": "VT", "waypoint_identifier": "SP702", "waypoint_latitude": 8.18511944, "waypoint_longitude": 98.00933889, "waypoint_description_code": "E", "turn_direction": null, "rnp": null, "path_termination": "TF", "recommanded_navaid": null, "recommanded_navaid_latitude": null, "recommanded_navaid_longitude": null, "arc_radius": null, "theta": null, "rho": null, "magnetic_course": null, "route_distance_holding_distance_time": null, "distance_time": null, "altitude_description": "+", "altitude1": 4000.0, "altitude2": null, "transition_altitude": null, "speed_limit_description": "-", "speed_limit": 230.0, "vertical_angle": null, "center_waypoint": null, "center_waypoint_latitude": null, "center_waypoint_longitude": null, "aircraft_category": null}, "geometry": {"type": "MultiPoint", "coordinates": [[98.00933889, 8.18511944]]}}, {"type": "Feature", "properties": {"fid": 4048, "area_code": "PAC", "airport_identifier": "VTSP", "procedure_identifier": "SATV1C", "route_type": "5", "transition_identifier": "RW09", "seqno": 50, "waypoint_icao_code": "VT", "waypoint_identifier": "KALIM", "waypoint_latitude": 8.08507222, "waypoint_longitude": 98.01889444, "waypoint_description_code": "E", "turn_direction": null, "rnp": null, "path_termination": "TF", "recommanded_navaid": null, "recommanded_navaid_latitude": null, "recommanded_navaid_longitude": null, "arc_radius": null, "theta": null, "rho": null, "magnetic_course": null, "route_distance_holding_distance_time": null, "distance_time": null, "altitude_description": "+", "altitude1": 4000.0, "altitude2": null, "transition_altitude": null, "speed_limit_description": "-", "speed_limit": 200.0, "vertical_angle": null, "center_waypoint": null, "center_waypoint_latitude": null, "center_waypoint_longitude": null, "aircraft_category": null}, "geometry": {"type": "MultiPoint", "coordinates": [[98.01889444, 8.08507222]]}}, {"type": "Feature", "properties": {"fid": 4050, "area_code": "PAC", "airport_identifier": "VTBS", "procedure_identifier": "LEBI1C", "route_type": "4", "transition_identifier": "GUTSO", "seqno": 10, "waypoint_icao_code": "VT", "waypoint_identifier": "GUTSO", "waypoint_latitude": 12.80553889, "waypoint_longitude": 100.58175, "waypoint_description_code": "E", "turn_direction": null, "rnp": null, "path_termination": "IF", "recommanded_navaid": null, "recommanded_navaid_latitude": null, "recommanded_navaid_longitude": null, "arc_radius": null, "theta": null, "rho": null, "magnetic_course": null, "route_distance_holding_distance_time": null, "distance_time": null, "altitude_description": null, "altitude1": null, "altitude2": null, "transition_altitude": null, "speed_limit_description": null, "speed_limit": null, "vertical_angle": null, "center_waypoint": null, "center_waypoint_latitude": null, "center_waypoint_longitude": null, "aircraft_category": null}, "geometry": {"type": "MultiPoint", "coordinates": [[100.58175, 12.80553889]]}}, {"type": "Feature", "properties": {"fid": 4051, "area_code": "PAC", "airport_identifier": "VTBS", "procedure_identifier": "LEBI1C", "route_type": "4", "transition_identifier": "GUTSO", "seqno": 20, "waypoint_icao_code": "VT", "waypoint_identifier": "LEBIM", "waypoint_latitude": 13.08744722, "waypoint_longitude": 100.473475, "waypoint_description_code": "E", "turn_direction": null, "rnp": null, "path_termination": "TF", "recommanded_navaid": null, "recommanded_navaid_latitude": null, "recommanded_navaid_longitude": null, "arc_radius": null, "theta": null, "rho": null, "magnetic_course": null, "route_distance_holding_distance_time": null, "distance_time": null, "altitude_description": "-", "altitude1": 18000.0, "altitude2": null, "transition_altitude": null, "speed_limit_description": "-", "speed_limit": 280.0, "vertical_angle": null, "center_waypoint": null, "center_waypoint_latitude": null, "center_waypoint_longitude": null, "aircraft_category": null}, "geometry": {"type": "MultiPoint", "coordinates": [[100.473475, 13.08744722]]}}, {"type": "Feature", "properties": {"fid": 4053, "area_code": "PAC", "airport_identifier": "VTBS", "procedure_identifier": "LEBI1C", "route_type": "4", "transition_identifier": "HOTEL", "seqno": 10, "waypoint_icao_code": "VT", "waypoint_identifier": "HOTEL", "waypoint_latitude": 13.00172222, "waypoint_longitude": 100.33008333, "waypoint_description_code": "E", "turn_direction": null, "rnp": null, "path_termination": "IF", "recommanded_navaid": null, "recommanded_navaid_latitude": null, "recommanded_navaid_longitude": null, "arc_radius": null, "theta": null, "rho": null, "magnetic_course": null, "route_distance_holding_distance_time": null, "distance_time": null, "altitude_description": null, "altitude1": null, "altitude2": null, "transition_altitude": null, "speed_limit_description": null, "speed_limit": null, "vertical_angle": null, "center_waypoint": null, "center_waypoint_latitude": null, "center_waypoint_longitude": null, "aircraft_category": null}, "geometry": {"type": "MultiPoint", "coordinates": [[100.33008333, 13.00172222]]}}, {"type": "Feature", "properties": {"fid": 4054, "area_code": "PAC", "airport_identifier": "VTBS", "procedure_identifier": "LEBI1C", "route_type": "4", "transition_identifier": "HOTEL", "seqno": 20, "waypoint_icao_code": "VT", "waypoint_identifier": "LEBIM", "waypoint_latitude": 13.08744722, "waypoint_longitude": 100.473475, "waypoint_description_code": "E", "turn_direction": null, "rnp": null, "path_termination": "TF", "recommanded_navaid": null, "recommanded_navaid_latitude": null, "recommanded_navaid_longitude": null, "arc_radius": null, "theta": null, "rho": null, "magnetic_course": null, "route_distance_holding_distance_time": null, "distance_time": null, "altitude_description": "-", "altitude1": 18000.0, "altitude2": null, "transition_altitude": null, "speed_limit_description": "-", "speed_limit": 280.0, "vertical_angle": null, "center_waypoint": null, "center_waypoint_latitude": null, "center_waypoint_longitude": null, "aircraft_category": null}, "geometry": {"type": "MultiPoint", "coordinates": [[100.473475, 13.08744722]]}}, {"type": "Feature", "properties": {"fid": 4056, "area_code": "PAC", "airport_identifier": "VTBS", "procedure_identifier": "LEBI1C", "route_type": "4", "transition_identifier": "SURMA", "seqno": 10, "waypoint_icao_code": "VT", "waypoint_identifier": "SURMA", "waypoint_latitude": 11.85623611, "waypoint_longitude": 100.44240278, "waypoint_description_code": "E", "turn_direction": null, "rnp": null, "path_termination": "IF", "recommanded_navaid": null, "recommanded_navaid_latitude": null, "recommanded_navaid_longitude": null, "arc_radius": null, "theta": null, "rho": null, "magnetic_course": null, "route_distance_holding_distance_time": null, "distance_time": null, "altitude_description": null, "altitude1": null, "altitude2": null, "transition_altitude": null, "speed_limit_description": null, "speed_limit": null, "vertical_angle": null, "center_waypoint": null, "center_waypoint_latitude": null, "center_waypoint_longitude": null, "aircraft_category": null}, "geometry": {"type": "MultiPoint", "coordinates": [[100.44240278, 11.85623611]]}}, {"type": "Feature", "properties": {"fid": 4057, "area_code": "PAC", "airport_identifier": "VTBS", "procedure_identifier": "LEBI1C", "route_type": "4", "transition_identifier": "SURMA", "seqno": 20, "waypoint_icao_code": "VT", "waypoint_identifier": "LEBIM", "waypoint_latitude": 13.08744722, "waypoint_longitude": 100.473475, "waypoint_description_code": "E", "turn_direction": null, "rnp": null, "path_termination": "TF", "recommanded_navaid": null, "recommanded_navaid_latitude": null, "recommanded_navaid_longitude": null, "arc_radius": null, "theta": null, "rho": null, "magnetic_course": null, "route_distance_holding_distance_time": null, "distance_time": null, "altitude_description": "-", "altitude1": 18000.0, "altitude2": null, "transition_altitude": null, "speed_limit_description": "-", "speed_limit": 280.0, "vertical_angle": null, "center_waypoint": null, "center_waypoint_latitude": null, "center_waypoint_longitude": null, "aircraft_category": null}, "geometry": {"type": "MultiPoint", "coordinates": [[100.473475, 13.08744722]]}}, {"type": "Feature", "properties": {"fid": 4059, "area_code": "PAC", "airport_identifier": "VTBS", "procedure_identifier": "LEBI1C", "route_type": "5", "transition_identifier": null, "seqno": 10, "waypoint_icao_code": "VT", "waypoint_identifier": "LEBIM", "waypoint_latitude": 13.08744722, "waypoint_longitude": 100.473475, "waypoint_description_code": "E", "turn_direction": null, "rnp": null, "path_termination": "IF", "recommanded_navaid": null, "recommanded_navaid_latitude": null, "recommanded_navaid_longitude": null, "arc_radius": null, "theta": null, "rho": null, "magnetic_course": null, "route_distance_holding_distance_time": null, "distance_time": null, "altitude_description": "-", "altitude1": 18000.0, "altitude2": null, "transition_altitude": null, "speed_limit_description": "-", "speed_limit": 280.0, "vertical_angle": null, "center_waypoint": null, "center_waypoint_latitude": null, "center_waypoint_longitude": null, "aircraft_category": null}, "geometry": {"type": "MultiPoint", "coordinates": [[100.473475, 13.08744722]]}}, {"type": "Feature", "properties": {"fid": 4060, "area_code": "PAC", "airport_identifier": "VTBS", "procedure_identifier": "LEBI1C", "route_type": "5", "transition_identifier": null, "seqno": 20, "waypoint_icao_code": "VT", "waypoint_identifier": "SAGAP", "waypoint_latitude": 13.26724167, "waypoint_longitude": 100.60349722, "waypoint_description_code": "E", "turn_direction": null, "rnp": null, "path_termination": "TF", "recommanded_navaid": null, "recommanded_navaid_latitude": null, "recommanded_navaid_longitude": null, "arc_radius": null, "theta": null, "rho": null, "magnetic_course": null, "route_distance_holding_distance_time": null, "distance_time": null, "altitude_description": "-", "altitude1": 14000.0, "altitude2": null, "transition_altitude": null, "speed_limit_description": null, "speed_limit": null, "vertical_angle": null, "center_waypoint": null, "center_waypoint_latitude": null, "center_waypoint_longitude": null, "aircraft_category": null}, "geometry": {"type": "MultiPoint", "coordinates": [[100.60349722, 13.26724167]]}}, {"type": "Feature", "properties": {"fid": 4061, "area_code": "PAC", "airport_identifier": "VTBS", "procedure_identifier": "LEBI1C", "route_type": "5", "transition_identifier": null, "seqno": 30, "waypoint_icao_code": "VT", "waypoint_identifier": "BS521", "waypoint_latitude": 13.42216111, "waypoint_longitude": 100.71542778, "waypoint_description_code": "E", "turn_direction": null, "rnp": null, "path_termination": "TF", "recommanded_navaid": null, "recommanded_navaid_latitude": null, "recommanded_navaid_longitude": null, "arc_radius": null, "theta": null, "rho": null, "magnetic_course": null, "route_distance_holding_distance_time": null, "distance_time": null, "altitude_description": "+", "altitude1": 11000.0, "altitude2": null, "transition_altitude": null, "speed_limit_description": null, "speed_limit": null, "vertical_angle": null, "center_waypoint": null, "center_waypoint_latitude": null, "center_waypoint_longitude": null, "aircraft_category": null}, "geometry": {"type": "MultiPoint", "coordinates": [[100.71542778, 13.42216111]]}}, {"type": "Feature", "properties": {"fid": 4062, "area_code": "PAC", "airport_identifier": "VTBS", "procedure_identifier": "LEBI1C", "route_type": "5", "transition_identifier": null, "seqno": 40, "waypoint_icao_code": "VT", "waypoint_identifier": "DUDER", "waypoint_latitude": 13.55150556, "waypoint_longitude": 100.80917778, "waypoint_description_code": "E", "turn_direction": null, "rnp": null, "path_termination": "TF", "recommanded_navaid": null, "recommanded_navaid_latitude": null, "recommanded_navaid_longitude": null, "arc_radius": null, "theta": null, "rho": null, "magnetic_course": null, "route_distance_holding_distance_time": null, "distance_time": null, "altitude_description": null, "altitude1": null, "altitude2": null, "transition_altitude": null, "speed_limit_description": "-", "speed_limit": 250.0, "vertical_angle": null, "center_waypoint": null, "center_waypoint_latitude": null, "center_waypoint_longitude": null, "aircraft_category": null}, "geometry": {"type": "MultiPoint", "coordinates": [[100.80917778, 13.55150556]]}}, {"type": "Feature", "properties": {"fid": 4063, "area_code": "PAC", "airport_identifier": "VTBS", "procedure_identifier": "LEBI1C", "route_type": "5", "transition_identifier": null, "seqno": 50, "waypoint_icao_code": "VT", "waypoint_identifier": "BS520", "waypoint_latitude": 13.62522778, "waypoint_longitude": 100.82934167, "waypoint_description_code": "E", "turn_direction": null, "rnp": null, "path_termination": "TF", "recommanded_navaid": null, "recommanded_navaid_latitude": null, "recommanded_navaid_longitude": null, "arc_radius": null, "theta": null, "rho": null, "magnetic_course": null, "route_distance_holding_distance_time": null, "distance_time": null, "altitude_description": "B", "altitude1": 11000.0, "altitude2": 9000.0, "transition_altitude": null, "speed_limit_description": null, "speed_limit": null, "vertical_angle": null, "center_waypoint": null, "center_waypoint_latitude": null, "center_waypoint_longitude": null, "aircraft_category": null}, "geometry": {"type": "MultiPoint", "coordinates": [[100.82934167, 13.62522778]]}}, {"type": "Feature", "properties": {"fid": 4064, "area_code": "PAC", "airport_identifier": "VTBS", "procedure_identifier": "LEBI1C", "route_type": "5", "transition_identifier": null, "seqno": 60, "waypoint_icao_code": "VT", "waypoint_identifier": "MUMUP", "waypoint_latitude": 13.83396389, "waypoint_longitude": 100.88652222, "waypoint_description_code": "E", "turn_direction": null, "rnp": null, "path_termination": "TF", "recommanded_navaid": null, "recommanded_navaid_latitude": null, "recommanded_navaid_longitude": null, "arc_radius": null, "theta": null, "rho": null, "magnetic_course": null, "route_distance_holding_distance_time": null, "distance_time": null, "altitude_description": null, "altitude1": null, "altitude2": null, "transition_altitude": null, "speed_limit_description": "-", "speed_limit": 220.0, "vertical_angle": null, "center_waypoint": null, "center_waypoint_latitude": null, "center_waypoint_longitude": null, "aircraft_category": null}, "geometry": {"type": "MultiPoint", "coordinates": [[100.88652222, 13.83396389]]}}, {"type": "Feature", "properties": {"fid": 4065, "area_code": "PAC", "airport_identifier": "VTBS", "procedure_identifier": "LEBI1C", "route_type": "5", "transition_identifier": null, "seqno": 70, "waypoint_icao_code": "VT", "waypoint_identifier": "BS501", "waypoint_latitude": 13.91385, "waypoint_longitude": 100.90840833, "waypoint_description_code": "E", "turn_direction": null, "rnp": null, "path_termination": "TF", "recommanded_navaid": null, "recommanded_navaid_latitude": null, "recommanded_navaid_longitude": null, "arc_radius": null, "theta": null, "rho": null, "magnetic_course": null, "route_distance_holding_distance_time": null, "distance_time": null, "altitude_description": null, "altitude1": null, "altitude2": null, "transition_altitude": null, "speed_limit_description": null, "speed_limit": null, "vertical_angle": null, "center_waypoint": null, "center_waypoint_latitude": null, "center_waypoint_longitude": null, "aircraft_category": null}, "geometry": {"type": "MultiPoint", "coordinates": [[100.90840833, 13.91385]]}}, {"type": "Feature", "properties": {"fid": 4066, "area_code": "PAC", "airport_identifier": "VTBS", "procedure_identifier": "LEBI1C", "route_type": "5", "transition_identifier": null, "seqno": 80, "waypoint_icao_code": "VT", "waypoint_identifier": "ESGEN", "waypoint_latitude": 13.99625556, "waypoint_longitude": 100.93103889, "waypoint_description_code": "E", "turn_direction": null, "rnp": null, "path_termination": "TF", "recommanded_navaid": null, "recommanded_navaid_latitude": null, "recommanded_navaid_longitude": null, "arc_radius": null, "theta": null, "rho": null, "magnetic_course": null, "route_distance_holding_distance_time": null, "distance_time": null, "altitude_description": "+", "altitude1": 5000.0, "altitude2": null, "transition_altitude": null, "speed_limit_description": null, "speed_limit": null, "vertical_angle": null, "center_waypoint": null, "center_waypoint_latitude": null, "center_waypoint_longitude": null, "aircraft_category": null}, "geometry": {"type": "MultiPoint", "coordinates": [[100.93103889, 13.99625556]]}}, {"type": "Feature", "properties": {"fid": 4068, "area_code": "PAC", "airport_identifier": "VTBS", "procedure_identifier": "LEBI1C", "route_type": "6", "transition_identifier": "RW19", "seqno": 10, "waypoint_icao_code": "VT", "waypoint_identifier": "ESGEN", "waypoint_latitude": 13.99625556, "waypoint_longitude": 100.93103889, "waypoint_description_code": "E", "turn_direction": null, "rnp": null, "path_termination": "IF", "recommanded_navaid": null, "recommanded_navaid_latitude": null, "recommanded_navaid_longitude": null, "arc_radius": null, "theta": null, "rho": null, "magnetic_course": null, "route_distance_holding_distance_time": null, "distance_time": null, "altitude_description": "+", "altitude1": 5000.0, "altitude2": null, "transition_altitude": null, "speed_limit_description": null, "speed_limit": null, "vertical_angle": null, "center_waypoint": null, "center_waypoint_latitude": null, "center_waypoint_longitude": null, "aircraft_category": null}, "geometry": {"type": "MultiPoint", "coordinates": [[100.93103889, 13.99625556]]}}, {"type": "Feature", "properties": {"fid": 4069, "area_code": "PAC", "airport_identifier": "VTBS", "procedure_identifier": "LEBI1C", "route_type": "6", "transition_identifier": "RW19", "seqno": 20, "waypoint_icao_code": null, "waypoint_identifier": null, "waypoint_latitude": null, "waypoint_longitude": null, "waypoint_description_code": null, "turn_direction": null, "rnp": null, "path_termination": "VM", "recommanded_navaid": null, "recommanded_navaid_latitude": null, "recommanded_navaid_longitude": null, "arc_radius": null, "theta": null, "rho": null, "magnetic_course": 15.0, "route_distance_holding_distance_time": null, "distance_time": null, "altitude_description": null, "altitude1": null, "altitude2": null, "transition_altitude": null, "speed_limit_description": null, "speed_limit": null, "vertical_angle": null, "center_waypoint": null, "center_waypoint_latitude": null, "center_waypoint_longitude": null, "aircraft_category": null}, "geometry": {"type": "MultiPoint", "coordinates": []}}, {"type": "Feature", "properties": {"fid": 4070, "area_code": "PAC", "airport_identifier": "VTBS", "procedure_identifier": "LEBI1C", "route_type": "6", "transition_identifier": "RW20B", "seqno": 10, "waypoint_icao_code": "VT", "waypoint_identifier": "ESGEN", "waypoint_latitude": 13.99625556, "waypoint_longitude": 100.93103889, "waypoint_description_code": "E", "turn_direction": null, "rnp": null, "path_termination": "IF", "recommanded_navaid": null, "recommanded_navaid_latitude": null, "recommanded_navaid_longitude": null, "arc_radius": null, "theta": null, "rho": null, "magnetic_course": null, "route_distance_holding_distance_time": null, "distance_time": null, "altitude_description": "+", "altitude1": 5000.0, "altitude2": null, "transition_altitude": null, "speed_limit_description": null, "speed_limit": null, "vertical_angle": null, "center_waypoint": null, "center_waypoint_latitude": null, "center_waypoint_longitude": null, "aircraft_category": null}, "geometry": {"type": "MultiPoint", "coordinates": [[100.93103889, 13.99625556]]}}, {"type": "Feature", "properties": {"fid": 4071, "area_code": "PAC", "airport_identifier": "VTBS", "procedure_identifier": "LEBI1C", "route_type": "6", "transition_identifier": "RW20B", "seqno": 20, "waypoint_icao_code": null, "waypoint_identifier": null, "waypoint_latitude": null, "waypoint_longitude": null, "waypoint_description_code": null, "turn_direction": null, "rnp": null, "path_termination": "VM", "recommanded_navaid": null, "recommanded_navaid_latitude": null, "recommanded_navaid_longitude": null, "arc_radius": null, "theta": null, "rho": null, "magnetic_course": 15.0, "route_distance_holding_distance_time": null, "distance_time": null, "altitude_description": null, "altitude1": null, "altitude2": null, "transition_altitude": null, "speed_limit_description": null, "speed_limit": null, "vertical_angle": null, "center_waypoint": null, "center_waypoint_latitude": null, "center_waypoint_longitude": null, "aircraft_category": null}, "geometry": {"type": "MultiPoint", "coordinates": []}}, {"type": "Feature", "properties": {"fid": 4072, "area_code": "PAC", "airport_identifier": "VTCL", "procedure_identifier": "OTBA1B", "route_type": "5", "transition_identifier": "RW18", "seqno": 10, "waypoint_icao_code": "VT", "waypoint_identifier": "OTBAD", "waypoint_latitude": 18.25393611, "waypoint_longitude": 99.93953333, "waypoint_description_code": "E", "turn_direction": null, "rnp": 1.0, "path_termination": "IF", "recommanded_navaid": null, "recommanded_navaid_latitude": null, "recommanded_navaid_longitude": null, "arc_radius": null, "theta": null, "rho": null, "magnetic_course": null, "route_distance_holding_distance_time": null, "distance_time": null, "altitude_description": "+", "altitude1": 11000.0, "altitude2": null, "transition_altitude": null, "speed_limit_description": null, "speed_limit": null, "vertical_angle": null, "center_waypoint": null, "center_waypoint_latitude": null, "center_waypoint_longitude": null, "aircraft_category": null}, "geometry": {"type": "MultiPoint", "coordinates": [[99.93953333, 18.25393611]]}}, {"type": "Feature", "properties": {"fid": 4073, "area_code": "PAC", "airport_identifier": "VTCL", "procedure_identifier": "OTBA1B", "route_type": "5", "transition_identifier": "RW18", "seqno": 20, "waypoint_icao_code": "VT", "waypoint_identifier": "VAGLU", "waypoint_latitude": 18.24583056, "waypoint_longitude": 99.64680278, "waypoint_description_code": "E", "turn_direction": null, "rnp": 1.0, "path_termination": "TF", "recommanded_navaid": null, "recommanded_navaid_latitude": null, "recommanded_navaid_longitude": null, "arc_radius": null, "theta": null, "rho": null, "magnetic_course": null, "route_distance_holding_distance_time": null, "distance_time": null, "altitude_description": "@", "altitude1": 9000.0, "altitude2": null, "transition_altitude": null, "speed_limit_description": null, "speed_limit": null, "vertical_angle": null, "center_waypoint": null, "center_waypoint_latitude": null, "center_waypoint_longitude": null, "aircraft_category": null}, "geometry": {"type": "MultiPoint", "coordinates": [[99.64680278, 18.24583056]]}}, {"type": "Feature", "properties": {"fid": 4074, "area_code": "PAC", "airport_identifier": "VTCL", "procedure_identifier": "OTBA1B", "route_type": "5", "transition_identifier": "RW18", "seqno": 30, "waypoint_icao_code": "VT", "waypoint_identifier": "LAMEM", "waypoint_latitude": 18.354075, "waypoint_longitude": 99.63782222, "waypoint_description_code": "E", "turn_direction": null, "rnp": 1.0, "path_termination": "TF", "recommanded_navaid": null, "recommanded_navaid_latitude": null, "recommanded_navaid_longitude": null, "arc_radius": null, "theta": null, "rho": null, "magnetic_course": null, "route_distance_holding_distance_time": null, "distance_time": null, "altitude_description": "-", "altitude1": 7000.0, "altitude2": null, "transition_altitude": null, "speed_limit_description": "-", "speed_limit": 230.0, "vertical_angle": null, "center_waypoint": null, "center_waypoint_latitude": null, "center_waypoint_longitude": null, "aircraft_category": null}, "geometry": {"type": "MultiPoint", "coordinates": [[99.63782222, 18.354075]]}}, {"type": "Feature", "properties": {"fid": 4075, "area_code": "PAC", "airport_identifier": "VTCL", "procedure_identifier": "OTBA1B", "route_type": "5", "transition_identifier": "RW18", "seqno": 40, "waypoint_icao_code": "VT", "waypoint_identifier": "UNTIM", "waypoint_latitude": 18.45581944, "waypoint_longitude": 99.62936944, "waypoint_description_code": "E", "turn_direction": null, "rnp": 1.0, "path_termination": "TF", "recommanded_navaid": null, "recommanded_navaid_latitude": null, "recommanded_navaid_longitude": null, "arc_radius": null, "theta": null, "rho": null, "magnetic_course": null, "route_distance_holding_distance_time": null, "distance_time": null, "altitude_description": "+", "altitude1": 5000.0, "altitude2": null, "transition_altitude": null, "speed_limit_description": "-", "speed_limit": 230.0, "vertical_angle": null, "center_waypoint": null, "center_waypoint_latitude": null, "center_waypoint_longitude": null, "aircraft_category": null}, "geometry": {"type": "MultiPoint", "coordinates": [[99.62936944, 18.45581944]]}}, {"type": "Feature", "properties": {"fid": 4076, "area_code": "PAC", "airport_identifier": "VTCL", "procedure_identifier": "OTBA1B", "route_type": "5", "transition_identifier": "RW18", "seqno": 50, "waypoint_icao_code": "VT", "waypoint_identifier": "ATKIM", "waypoint_latitude": 18.44509722, "waypoint_longitude": 99.48956111, "waypoint_description_code": "E", "turn_direction": null, "rnp": 1.0, "path_termination": "TF", "recommanded_navaid": null, "recommanded_navaid_latitude": null, "recommanded_navaid_longitude": null, "arc_radius": null, "theta": null, "rho": null, "magnetic_course": null, "route_distance_holding_distance_time": null, "distance_time": null, "altitude_description": "+", "altitude1": 3500.0, "altitude2": null, "transition_altitude": null, "speed_limit_description": "-", "speed_limit": 200.0, "vertical_angle": null, "center_waypoint": null, "center_waypoint_latitude": null, "center_waypoint_longitude": null, "aircraft_category": null}, "geometry": {"type": "MultiPoint", "coordinates": [[99.48956111, 18.44509722]]}}, {"type": "Feature", "properties": {"fid": 4078, "area_code": "PAC", "airport_identifier": "VTUU", "procedure_identifier": "POTE1D", "route_type": "5", "transition_identifier": "RW23", "seqno": 10, "waypoint_icao_code": "VT", "waypoint_identifier": "POTEV", "waypoint_latitude": 15.36459722, "waypoint_longitude": 105.36841111, "waypoint_description_code": "E", "turn_direction": null, "rnp": 1.0, "path_termination": "IF", "recommanded_navaid": null, "recommanded_navaid_latitude": null, "recommanded_navaid_longitude": null, "arc_radius": null, "theta": null, "rho": null, "magnetic_course": null, "route_distance_holding_distance_time": null, "distance_time": null, "altitude_description": "-", "altitude1": 10000.0, "altitude2": null, "transition_altitude": null, "speed_limit_description": null, "speed_limit": null, "vertical_angle": null, "center_waypoint": null, "center_waypoint_latitude": null, "center_waypoint_longitude": null, "aircraft_category": null}, "geometry": {"type": "MultiPoint", "coordinates": [[105.36841111, 15.36459722]]}}, {"type": "Feature", "properties": {"fid": 4079, "area_code": "PAC", "airport_identifier": "VTUU", "procedure_identifier": "POTE1D", "route_type": "5", "transition_identifier": "RW23", "seqno": 20, "waypoint_icao_code": "VT", "waypoint_identifier": "OSNID", "waypoint_latitude": 15.36306389, "waypoint_longitude": 105.18546389, "waypoint_description_code": "E", "turn_direction": null, "rnp": 1.0, "path_termination": "TF", "recommanded_navaid": null, "recommanded_navaid_latitude": null, "recommanded_navaid_longitude": null, "arc_radius": null, "theta": null, "rho": null, "magnetic_course": null, "route_distance_holding_distance_time": null, "distance_time": null, "altitude_description": "-", "altitude1": 6000.0, "altitude2": null, "transition_altitude": null, "speed_limit_description": null, "speed_limit": null, "vertical_angle": null, "center_waypoint": null, "center_waypoint_latitude": null, "center_waypoint_longitude": null, "aircraft_category": null}, "geometry": {"type": "MultiPoint", "coordinates": [[105.18546389, 15.36306389]]}}, {"type": "Feature", "properties": {"fid": 4080, "area_code": "PAC", "airport_identifier": "VTUU", "procedure_identifier": "POTE1D", "route_type": "5", "transition_identifier": "RW23", "seqno": 30, "waypoint_icao_code": "VT", "waypoint_identifier": "SUNIN", "waypoint_latitude": 15.365125, "waypoint_longitude": 105.01770556, "waypoint_description_code": "E", "turn_direction": null, "rnp": 1.0, "path_termination": "TF", "recommanded_navaid": null, "recommanded_navaid_latitude": null, "recommanded_navaid_longitude": null, "arc_radius": null, "theta": null, "rho": null, "magnetic_course": null, "route_distance_holding_distance_time": null, "distance_time": null, "altitude_description": "+", "altitude1": 3000.0, "altitude2": null, "transition_altitude": null, "speed_limit_description": "-", "speed_limit": 230.0, "vertical_angle": null, "center_waypoint": null, "center_waypoint_latitude": null, "center_waypoint_longitude": null, "aircraft_category": null}, "geometry": {"type": "MultiPoint", "coordinates": [[105.01770556, 15.365125]]}}, {"type": "Feature", "properties": {"fid": 4082, "area_code": "PAC", "airport_identifier": "VTSS", "procedure_identifier": "TAXE1A", "route_type": "5", "transition_identifier": "RW26", "seqno": 10, "waypoint_icao_code": "VT", "waypoint_identifier": "TAXEB", "waypoint_latitude": 6.77804722, "waypoint_longitude": 100.77909444, "waypoint_description_code": "E", "turn_direction": null, "rnp": 1.0, "path_termination": "IF", "recommanded_navaid": null, "recommanded_navaid_latitude": null, "recommanded_navaid_longitude": null, "arc_radius": null, "theta": null, "rho": null, "magnetic_course": null, "route_distance_holding_distance_time": null, "distance_time": null, "altitude_description": "-", "altitude1": 7000.0, "altitude2": null, "transition_altitude": null, "speed_limit_description": null, "speed_limit": null, "vertical_angle": null, "center_waypoint": null, "center_waypoint_latitude": null, "center_waypoint_longitude": null, "aircraft_category": null}, "geometry": {"type": "MultiPoint", "coordinates": [[100.77909444, 6.77804722]]}}, {"type": "Feature", "properties": {"fid": 4083, "area_code": "PAC", "airport_identifier": "VTSS", "procedure_identifier": "TAXE1A", "route_type": "5", "transition_identifier": "RW26", "seqno": 20, "waypoint_icao_code": "VT", "waypoint_identifier": "PIMUV", "waypoint_latitude": 6.87598889, "waypoint_longitude": 100.69195833, "waypoint_description_code": "E", "turn_direction": null, "rnp": 1.0, "path_termination": "TF", "recommanded_navaid": null, "recommanded_navaid_latitude": null, "recommanded_navaid_longitude": null, "arc_radius": null, "theta": null, "rho": null, "magnetic_course": null, "route_distance_holding_distance_time": null, "distance_time": null, "altitude_description": "+", "altitude1": 5000.0, "altitude2": null, "transition_altitude": null, "speed_limit_description": "-", "speed_limit": 230.0, "vertical_angle": null, "center_waypoint": null, "center_waypoint_latitude": null, "center_waypoint_longitude": null, "aircraft_category": null}, "geometry": {"type": "MultiPoint", "coordinates": [[100.69195833, 6.87598889]]}}, {"type": "Feature", "properties": {"fid": 4084, "area_code": "PAC", "airport_identifier": "VTSS", "procedure_identifier": "TAXE1A", "route_type": "5", "transition_identifier": "RW26", "seqno": 30, "waypoint_icao_code": "VT", "waypoint_identifier": "RISRO", "waypoint_latitude": 6.95696389, "waypoint_longitude": 100.58771111, "waypoint_description_code": "E", "turn_direction": null, "rnp": 1.0, "path_termination": "TF", "recommanded_navaid": null, "recommanded_navaid_latitude": null, "recommanded_navaid_longitude": null, "arc_radius": null, "theta": null, "rho": null, "magnetic_course": null, "route_distance_holding_distance_time": null, "distance_time": null, "altitude_description": "+", "altitude1": 3000.0, "altitude2": null, "transition_altitude": null, "speed_limit_description": "-", "speed_limit": 230.0, "vertical_angle": null, "center_waypoint": null, "center_waypoint_latitude": null, "center_waypoint_longitude": null, "aircraft_category": null}, "geometry": {"type": "MultiPoint", "coordinates": [[100.58771111, 6.95696389]]}}, {"type": "Feature", "properties": {"fid": 4086, "area_code": "PAC", "airport_identifier": "VTSP", "procedure_identifier": "ANPU1D", "route_type": "5", "transition_identifier": "RW27", "seqno": 10, "waypoint_icao_code": "VT", "waypoint_identifier": "ANPUB", "waypoint_latitude": 7.86135556, "waypoint_longitude": 97.87121667, "waypoint_description_code": "E", "turn_direction": null, "rnp": null, "path_termination": "IF", "recommanded_navaid": null, "recommanded_navaid_latitude": null, "recommanded_navaid_longitude": null, "arc_radius": null, "theta": null, "rho": null, "magnetic_course": null, "route_distance_holding_distance_time": null, "distance_time": null, "altitude_description": "-", "altitude1": 11000.0, "altitude2": null, "transition_altitude": null, "speed_limit_description": null, "speed_limit": null, "vertical_angle": null, "center_waypoint": null, "center_waypoint_latitude": null, "center_waypoint_longitude": null, "aircraft_category": null}, "geometry": {"type": "MultiPoint", "coordinates": [[97.87121667, 7.86135556]]}}, {"type": "Feature", "properties": {"fid": 4087, "area_code": "PAC", "airport_identifier": "VTSP", "procedure_identifier": "ANPU1D", "route_type": "5", "transition_identifier": "RW27", "seqno": 20, "waypoint_icao_code": "VT", "waypoint_identifier": "SP202", "waypoint_latitude": 7.99646389, "waypoint_longitude": 98.14913889, "waypoint_description_code": "E", "turn_direction": null, "rnp": null, "path_termination": "TF", "recommanded_navaid": null, "recommanded_navaid_latitude": null, "recommanded_navaid_longitude": null, "arc_radius": null, "theta": null, "rho": null, "magnetic_course": null, "route_distance_holding_distance_time": null, "distance_time": null, "altitude_description": "+", "altitude1": 7000.0, "altitude2": null, "transition_altitude": null, "speed_limit_description": null, "speed_limit": null, "vertical_angle": null, "center_waypoint": null, "center_waypoint_latitude": null, "center_waypoint_longitude": null, "aircraft_category": null}, "geometry": {"type": "MultiPoint", "coordinates": [[98.14913889, 7.99646389]]}}, {"type": "Feature", "properties": {"fid": 4088, "area_code": "PAC", "airport_identifier": "VTSP", "procedure_identifier": "ANPU1D", "route_type": "5", "transition_identifier": "RW27", "seqno": 30, "waypoint_icao_code": "VT", "waypoint_identifier": "SP201", "waypoint_latitude": 8.01735556, "waypoint_longitude": 98.37081944, "waypoint_description_code": "E", "turn_direction": null, "rnp": null, "path_termination": "TF", "recommanded_navaid": null, "recommanded_navaid_latitude": null, "recommanded_navaid_longitude": null, "arc_radius": null, "theta": null, "rho": null, "magnetic_course": null, "route_distance_holding_distance_time": null, "distance_time": null, "altitude_description": "+", "altitude1": 7000.0, "altitude2": null, "transition_altitude": null, "speed_limit_description": null, "speed_limit": null, "vertical_angle": null, "center_waypoint": null, "center_waypoint_latitude": null, "center_waypoint_longitude": null, "aircraft_category": null}, "geometry": {"type": "MultiPoint", "coordinates": [[98.37081944, 8.01735556]]}}, {"type": "Feature", "properties": {"fid": 4089, "area_code": "PAC", "airport_identifier": "VTSP", "procedure_identifier": "ANPU1D", "route_type": "5", "transition_identifier": "RW27", "seqno": 40, "waypoint_icao_code": "VT", "waypoint_identifier": "RIZZO", "waypoint_latitude": 8.03574444, "waypoint_longitude": 98.56703056, "waypoint_description_code": "E", "turn_direction": null, "rnp": null, "path_termination": "TF", "recommanded_navaid": null, "recommanded_navaid_latitude": null, "recommanded_navaid_longitude": null, "arc_radius": null, "theta": null, "rho": null, "magnetic_course": null, "route_distance_holding_distance_time": null, "distance_time": null, "altitude_description": "+", "altitude1": 5000.0, "altitude2": null, "transition_altitude": null, "speed_limit_description": "-", "speed_limit": 230.0, "vertical_angle": null, "center_waypoint": null, "center_waypoint_latitude": null, "center_waypoint_longitude": null, "aircraft_category": null}, "geometry": {"type": "MultiPoint", "coordinates": [[98.56703056, 8.03574444]]}}, {"type": "Feature", "properties": {"fid": 4090, "area_code": "PAC", "airport_identifier": "VTSP", "procedure_identifier": "ANPU1D", "route_type": "5", "transition_identifier": "RW27", "seqno": 50, "waypoint_icao_code": "VT", "waypoint_identifier": "BARON", "waypoint_latitude": 8.13581667, "waypoint_longitude": 98.55760833, "waypoint_description_code": "E", "turn_direction": null, "rnp": null, "path_termination": "TF", "recommanded_navaid": null, "recommanded_navaid_latitude": null, "recommanded_navaid_longitude": null, "arc_radius": null, "theta": null, "rho": null, "magnetic_course": null, "route_distance_holding_distance_time": null, "distance_time": null, "altitude_description": "+", "altitude1": 3000.0, "altitude2": null, "transition_altitude": null, "speed_limit_description": "-", "speed_limit": 200.0, "vertical_angle": null, "center_waypoint": null, "center_waypoint_latitude": null, "center_waypoint_longitude": null, "aircraft_category": null}, "geometry": {"type": "MultiPoint", "coordinates": [[98.55760833, 8.13581667]]}}, {"type": "Feature", "properties": {"fid": 4091, "area_code": "PAC", "airport_identifier": "VTSP", "procedure_identifier": "ANPU1D", "route_type": "5", "transition_identifier": "RW27", "seqno": 60, "waypoint_icao_code": "VT", "waypoint_identifier": "CI27", "waypoint_latitude": 8.12719722, "waypoint_longitude": 98.50665556, "waypoint_description_code": "E", "turn_direction": "L", "rnp": null, "path_termination": "TF", "recommanded_navaid": null, "recommanded_navaid_latitude": null, "recommanded_navaid_longitude": null, "arc_radius": null, "theta": null, "rho": null, "magnetic_course": null, "route_distance_holding_distance_time": null, "distance_time": null, "altitude_description": null, "altitude1": null, "altitude2": null, "transition_altitude": null, "speed_limit_description": null, "speed_limit": null, "vertical_angle": null, "center_waypoint": null, "center_waypoint_latitude": null, "center_waypoint_longitude": null, "aircraft_category": null}, "geometry": {"type": "MultiPoint", "coordinates": [[98.50665556, 8.12719722]]}}, {"type": "Feature", "properties": {"fid": 4093, "area_code": "PAC", "airport_identifier": "VTPM", "procedure_identifier": "KADA1W", "route_type": "5", "transition_identifier": "RW27", "seqno": 10, "waypoint_icao_code": "VT", "waypoint_identifier": "KADAV", "waypoint_latitude": 16.7984, "waypoint_longitude": 98.89469167, "waypoint_description_code": "E", "turn_direction": null, "rnp": 1.0, "path_termination": "IF", "recommanded_navaid": null, "recommanded_navaid_latitude": null, "recommanded_navaid_longitude": null, "arc_radius": null, "theta": null, "rho": null, "magnetic_course": null, "route_distance_holding_distance_time": null, "distance_time": null, "altitude_description": "@", "altitude1": 7000.0, "altitude2": null, "transition_altitude": null, "speed_limit_description": "-", "speed_limit": 240.0, "vertical_angle": null, "center_waypoint": null, "center_waypoint_latitude": null, "center_waypoint_longitude": null, "aircraft_category": null}, "geometry": {"type": "MultiPoint", "coordinates": [[98.89469167, 16.7984]]}}, {"type": "Feature", "properties": {"fid": 4094, "area_code": "PAC", "airport_identifier": "VTPM", "procedure_identifier": "KADA1W", "route_type": "5", "transition_identifier": "RW27", "seqno": 20, "waypoint_icao_code": "VT", "waypoint_identifier": "OBKED", "waypoint_latitude": 16.75743056, "waypoint_longitude": 98.86457222, "waypoint_description_code": "E", "turn_direction": null, "rnp": 1.0, "path_termination": "TF", "recommanded_navaid": null, "recommanded_navaid_latitude": null, "recommanded_navaid_longitude": null, "arc_radius": null, "theta": null, "rho": null, "magnetic_course": null, "route_distance_holding_distance_time": null, "distance_time": null, "altitude_description": "@", "altitude1": 6000.0, "altitude2": null, "transition_altitude": null, "speed_limit_description": null, "speed_limit": null, "vertical_angle": null, "center_waypoint": null, "center_waypoint_latitude": null, "center_waypoint_longitude": null, "aircraft_category": null}, "geometry": {"type": "MultiPoint", "coordinates": [[98.86457222, 16.75743056]]}}, {"type": "Feature", "properties": {"fid": 4095, "area_code": "PAC", "airport_identifier": "VTPM", "procedure_identifier": "KADA1W", "route_type": "5", "transition_identifier": "RW27", "seqno": 30, "waypoint_icao_code": "VT", "waypoint_identifier": "NUDSI", "waypoint_latitude": 16.70378333, "waypoint_longitude": 98.82515556, "waypoint_description_code": "E", "turn_direction": null, "rnp": 1.0, "path_termination": "TF", "recommanded_navaid": null, "recommanded_navaid_latitude": null, "recommanded_navaid_longitude": null, "arc_radius": null, "theta": null, "rho": null, "magnetic_course": null, "route_distance_holding_distance_time": null, "distance_time": null, "altitude_description": "+", "altitude1": 5700.0, "altitude2": null, "transition_altitude": null, "speed_limit_description": "-", "speed_limit": 200.0, "vertical_angle": null, "center_waypoint": null, "center_waypoint_latitude": null, "center_waypoint_longitude": null, "aircraft_category": null}, "geometry": {"type": "MultiPoint", "coordinates": [[98.82515556, 16.70378333]]}}, {"type": "Feature", "properties": {"fid": 4097, "area_code": "PAC", "airport_identifier": "VTUU", "procedure_identifier": "ENLE1C", "route_type": "5", "transition_identifier": "RW05", "seqno": 10, "waypoint_icao_code": "VT", "waypoint_identifier": "ENLEP", "waypoint_latitude": 15.56479444, "waypoint_longitude": 104.46671944, "waypoint_description_code": "E", "turn_direction": null, "rnp": 1.0, "path_termination": "IF", "recommanded_navaid": null, "recommanded_navaid_latitude": null, "recommanded_navaid_longitude": null, "arc_radius": null, "theta": null, "rho": null, "magnetic_course": null, "route_distance_holding_distance_time": null, "distance_time": null, "altitude_description": "-", "altitude1": 10000.0, "altitude2": null, "transition_altitude": null, "speed_limit_description": null, "speed_limit": null, "vertical_angle": null, "center_waypoint": null, "center_waypoint_latitude": null, "center_waypoint_longitude": null, "aircraft_category": null}, "geometry": {"type": "MultiPoint", "coordinates": [[104.46671944, 15.56479444]]}}, {"type": "Feature", "properties": {"fid": 4098, "area_code": "PAC", "airport_identifier": "VTUU", "procedure_identifier": "ENLE1C", "route_type": "5", "transition_identifier": "RW05", "seqno": 20, "waypoint_icao_code": "VT", "waypoint_identifier": "VESUD", "waypoint_latitude": 15.35223611, "waypoint_longitude": 104.64840833, "waypoint_description_code": "E", "turn_direction": null, "rnp": 1.0, "path_termination": "TF", "recommanded_navaid": null, "recommanded_navaid_latitude": null, "recommanded_navaid_longitude": null, "arc_radius": null, "theta": null, "rho": null, "magnetic_course": null, "route_distance_holding_distance_time": null, "distance_time": null, "altitude_description": "-", "altitude1": 5000.0, "altitude2": null, "transition_altitude": null, "speed_limit_description": null, "speed_limit": null, "vertical_angle": null, "center_waypoint": null, "center_waypoint_latitude": null, "center_waypoint_longitude": null, "aircraft_category": null}, "geometry": {"type": "MultiPoint", "coordinates": [[104.64840833, 15.35223611]]}}, {"type": "Feature", "properties": {"fid": 4099, "area_code": "PAC", "airport_identifier": "VTUU", "procedure_identifier": "ENLE1C", "route_type": "5", "transition_identifier": "RW05", "seqno": 30, "waypoint_icao_code": "VT", "waypoint_identifier": "AREVU", "waypoint_latitude": 15.23082778, "waypoint_longitude": 104.65015556, "waypoint_description_code": "E", "turn_direction": null, "rnp": 1.0, "path_termination": "TF", "recommanded_navaid": null, "recommanded_navaid_latitude": null, "recommanded_navaid_longitude": null, "arc_radius": null, "theta": null, "rho": null, "magnetic_course": null, "route_distance_holding_distance_time": null, "distance_time": null, "altitude_description": "-", "altitude1": 5000.0, "altitude2": null, "transition_altitude": null, "speed_limit_description": null, "speed_limit": null, "vertical_angle": null, "center_waypoint": null, "center_waypoint_latitude": null, "center_waypoint_longitude": null, "aircraft_category": null}, "geometry": {"type": "MultiPoint", "coordinates": [[104.65015556, 15.23082778]]}}, {"type": "Feature", "properties": {"fid": 4100, "area_code": "PAC", "airport_identifier": "VTUU", "procedure_identifier": "ENLE1C", "route_type": "5", "transition_identifier": "RW05", "seqno": 40, "waypoint_icao_code": "VT", "waypoint_identifier": "ARARA", "waypoint_latitude": 15.13923333, "waypoint_longitude": 104.72536111, "waypoint_description_code": "E", "turn_direction": null, "rnp": 1.0, "path_termination": "TF", "recommanded_navaid": null, "recommanded_navaid_latitude": null, "recommanded_navaid_longitude": null, "arc_radius": null, "theta": null, "rho": null, "magnetic_course": null, "route_distance_holding_distance_time": null, "distance_time": null, "altitude_description": "+", "altitude1": 3000.0, "altitude2": null, "transition_altitude": null, "speed_limit_description": "-", "speed_limit": 230.0, "vertical_angle": null, "center_waypoint": null, "center_waypoint_latitude": null, "center_waypoint_longitude": null, "aircraft_category": null}, "geometry": {"type": "MultiPoint", "coordinates": [[104.72536111, 15.13923333]]}}, {"type": "Feature", "properties": {"fid": 4102, "area_code": "PAC", "airport_identifier": "VTSS", "procedure_identifier": "OBLE1B", "route_type": "5", "transition_identifier": "RW08", "seqno": 10, "waypoint_icao_code": "VT", "waypoint_identifier": "OBLEX", "waypoint_latitude": 7.49652778, "waypoint_longitude": 100.54100833, "waypoint_description_code": "E", "turn_direction": null, "rnp": 1.0, "path_termination": "IF", "recommanded_navaid": null, "recommanded_navaid_latitude": null, "recommanded_navaid_longitude": null, "arc_radius": null, "theta": null, "rho": null, "magnetic_course": null, "route_distance_holding_distance_time": null, "distance_time": null, "altitude_description": "+", "altitude1": 10000.0, "altitude2": null, "transition_altitude": null, "speed_limit_description": null, "speed_limit": null, "vertical_angle": null, "center_waypoint": null, "center_waypoint_latitude": null, "center_waypoint_longitude": null, "aircraft_category": null}, "geometry": {"type": "MultiPoint", "coordinates": [[100.54100833, 7.49652778]]}}, {"type": "Feature", "properties": {"fid": 4103, "area_code": "PAC", "airport_identifier": "VTSS", "procedure_identifier": "OBLE1B", "route_type": "5", "transition_identifier": "RW08", "seqno": 20, "waypoint_icao_code": "VT", "waypoint_identifier": "ESLUG", "waypoint_latitude": 7.19669167, "waypoint_longitude": 100.45934167, "waypoint_description_code": "E", "turn_direction": null, "rnp": 1.0, "path_termination": "TF", "recommanded_navaid": null, "recommanded_navaid_latitude": null, "recommanded_navaid_longitude": null, "arc_radius": null, "theta": null, "rho": null, "magnetic_course": null, "route_distance_holding_distance_time": null, "distance_time": null, "altitude_description": "+", "altitude1": 10000.0, "altitude2": null, "transition_altitude": null, "speed_limit_description": null, "speed_limit": null, "vertical_angle": null, "center_waypoint": null, "center_waypoint_latitude": null, "center_waypoint_longitude": null, "aircraft_category": null}, "geometry": {"type": "MultiPoint", "coordinates": [[100.45934167, 7.19669167]]}}, {"type": "Feature", "properties": {"fid": 4104, "area_code": "PAC", "airport_identifier": "VTSS", "procedure_identifier": "OBLE1B", "route_type": "5", "transition_identifier": "RW08", "seqno": 30, "waypoint_icao_code": "VT", "waypoint_identifier": "SS809", "waypoint_latitude": 7.17044167, "waypoint_longitude": 100.34495, "waypoint_description_code": "E", "turn_direction": null, "rnp": 1.0, "path_termination": "TF", "recommanded_navaid": null, "recommanded_navaid_latitude": null, "recommanded_navaid_longitude": null, "arc_radius": null, "theta": null, "rho": null, "magnetic_course": null, "route_distance_holding_distance_time": null, "distance_time": null, "altitude_description": "+", "altitude1": 10000.0, "altitude2": null, "transition_altitude": null, "speed_limit_description": null, "speed_limit": null, "vertical_angle": null, "center_waypoint": null, "center_waypoint_latitude": null, "center_waypoint_longitude": null, "aircraft_category": null}, "geometry": {"type": "MultiPoint", "coordinates": [[100.34495, 7.17044167]]}}, {"type": "Feature", "properties": {"fid": 4105, "area_code": "PAC", "airport_identifier": "VTSS", "procedure_identifier": "OBLE1B", "route_type": "5", "transition_identifier": "RW08", "seqno": 40, "waypoint_icao_code": "VT", "waypoint_identifier": "ALDUG", "waypoint_latitude": 7.12288889, "waypoint_longitude": 100.13808333, "waypoint_description_code": "E", "turn_direction": null, "rnp": 1.0, "path_termination": "TF", "recommanded_navaid": null, "recommanded_navaid_latitude": null, "recommanded_navaid_longitude": null, "arc_radius": null, "theta": null, "rho": null, "magnetic_course": null, "route_distance_holding_distance_time": null, "distance_time": null, "altitude_description": "+", "altitude1": 8000.0, "altitude2": null, "transition_altitude": null, "speed_limit_description": "-", "speed_limit": 230.0, "vertical_angle": null, "center_waypoint": null, "center_waypoint_latitude": null, "center_waypoint_longitude": null, "aircraft_category": null}, "geometry": {"type": "MultiPoint", "coordinates": [[100.13808333, 7.12288889]]}}, {"type": "Feature", "properties": {"fid": 4106, "area_code": "PAC", "airport_identifier": "VTSS", "procedure_identifier": "OBLE1B", "route_type": "5", "transition_identifier": "RW08", "seqno": 50, "waypoint_icao_code": "VT", "waypoint_identifier": "VEGTI", "waypoint_latitude": 6.916425, "waypoint_longitude": 100.13808333, "waypoint_description_code": "E", "turn_direction": null, "rnp": 1.0, "path_termination": "TF", "recommanded_navaid": null, "recommanded_navaid_latitude": null, "recommanded_navaid_longitude": null, "arc_radius": null, "theta": null, "rho": null, "magnetic_course": null, "route_distance_holding_distance_time": null, "distance_time": null, "altitude_description": "+", "altitude1": 5500.0, "altitude2": null, "transition_altitude": null, "speed_limit_description": "-", "speed_limit": 210.0, "vertical_angle": null, "center_waypoint": null, "center_waypoint_latitude": null, "center_waypoint_longitude": null, "aircraft_category": null}, "geometry": {"type": "MultiPoint", "coordinates": [[100.13808333, 6.916425]]}}, {"type": "Feature", "properties": {"fid": 4107, "area_code": "PAC", "airport_identifier": "VTSS", "procedure_identifier": "OBLE1B", "route_type": "5", "transition_identifier": "RW08", "seqno": 60, "waypoint_icao_code": "VT", "waypoint_identifier": "PIMAN", "waypoint_latitude": 6.83638611, "waypoint_longitude": 100.19886389, "waypoint_description_code": "E", "turn_direction": null, "rnp": 1.0, "path_termination": "TF", "recommanded_navaid": null, "recommanded_navaid_latitude": null, "recommanded_navaid_longitude": null, "arc_radius": null, "theta": null, "rho": null, "magnetic_course": null, "route_distance_holding_distance_time": null, "distance_time": null, "altitude_description": "+", "altitude1": 3500.0, "altitude2": null, "transition_altitude": null, "speed_limit_description": "-", "speed_limit": 190.0, "vertical_angle": null, "center_waypoint": null, "center_waypoint_latitude": null, "center_waypoint_longitude": null, "aircraft_category": null}, "geometry": {"type": "MultiPoint", "coordinates": [[100.19886389, 6.83638611]]}}, {"type": "Feature", "properties": {"fid": 4109, "area_code": "PAC", "airport_identifier": "VTCC", "procedure_identifier": "LAMU2A", "route_type": "5", "transition_identifier": "RW36", "seqno": 10, "waypoint_icao_code": "VT", "waypoint_identifier": "LAMUN", "waypoint_latitude": 19.08698333, "waypoint_longitude": 98.67896111, "waypoint_description_code": "E", "turn_direction": null, "rnp": 1.0, "path_termination": "IF", "recommanded_navaid": null, "recommanded_navaid_latitude": null, "recommanded_navaid_longitude": null, "arc_radius": null, "theta": null, "rho": null, "magnetic_course": null, "route_distance_holding_distance_time": null, "distance_time": null, "altitude_description": "+", "altitude1": 13000.0, "altitude2": null, "transition_altitude": null, "speed_limit_description": null, "speed_limit": null, "vertical_angle": null, "center_waypoint": null, "center_waypoint_latitude": null, "center_waypoint_longitude": null, "aircraft_category": null}, "geometry": {"type": "MultiPoint", "coordinates": [[98.67896111, 19.08698333]]}}, {"type": "Feature", "properties": {"fid": 4110, "area_code": "PAC", "airport_identifier": "VTCC", "procedure_identifier": "LAMU2A", "route_type": "5", "transition_identifier": "RW36", "seqno": 20, "waypoint_icao_code": "VT", "waypoint_identifier": "CC632", "waypoint_latitude": 18.85867778, "waypoint_longitude": 98.787075, "waypoint_description_code": "E", "turn_direction": null, "rnp": 1.0, "path_termination": "TF", "recommanded_navaid": null, "recommanded_navaid_latitude": null, "recommanded_navaid_longitude": null, "arc_radius": null, "theta": null, "rho": null, "magnetic_course": null, "route_distance_holding_distance_time": null, "distance_time": null, "altitude_description": "+", "altitude1": 13000.0, "altitude2": null, "transition_altitude": null, "speed_limit_description": null, "speed_limit": null, "vertical_angle": null, "center_waypoint": null, "center_waypoint_latitude": null, "center_waypoint_longitude": null, "aircraft_category": null}, "geometry": {"type": "MultiPoint", "coordinates": [[98.787075, 18.85867778]]}}, {"type": "Feature", "properties": {"fid": 4111, "area_code": "PAC", "airport_identifier": "VTCC", "procedure_identifier": "LAMU2A", "route_type": "5", "transition_identifier": "RW36", "seqno": 30, "waypoint_icao_code": "VT", "waypoint_identifier": "ANSAB", "waypoint_latitude": 18.74689722, "waypoint_longitude": 98.83989167, "waypoint_description_code": "E", "turn_direction": null, "rnp": 1.0, "path_termination": "TF", "recommanded_navaid": null, "recommanded_navaid_latitude": null, "recommanded_navaid_longitude": null, "arc_radius": null, "theta": null, "rho": null, "magnetic_course": null, "route_distance_holding_distance_time": null, "distance_time": null, "altitude_description": "+", "altitude1": 13000.0, "altitude2": null, "transition_altitude": null, "speed_limit_description": null, "speed_limit": null, "vertical_angle": null, "center_waypoint": null, "center_waypoint_latitude": null, "center_waypoint_longitude": null, "aircraft_category": null}, "geometry": {"type": "MultiPoint", "coordinates": [[98.83989167, 18.74689722]]}}, {"type": "Feature", "properties": {"fid": 4112, "area_code": "PAC", "airport_identifier": "VTCC", "procedure_identifier": "LAMU2A", "route_type": "5", "transition_identifier": "RW36", "seqno": 40, "waypoint_icao_code": "VT", "waypoint_identifier": "ENRIS", "waypoint_latitude": 18.43006667, "waypoint_longitude": 98.83930833, "waypoint_description_code": "E", "turn_direction": null, "rnp": 1.0, "path_termination": "TF", "recommanded_navaid": null, "recommanded_navaid_latitude": null, "recommanded_navaid_longitude": null, "arc_radius": null, "theta": null, "rho": null, "magnetic_course": null, "route_distance_holding_distance_time": null, "distance_time": null, "altitude_description": "+", "altitude1": 8000.0, "altitude2": null, "transition_altitude": null, "speed_limit_description": "-", "speed_limit": 220.0, "vertical_angle": null, "center_waypoint": null, "center_waypoint_latitude": null, "center_waypoint_longitude": null, "aircraft_category": null}, "geometry": {"type": "MultiPoint", "coordinates": [[98.83930833, 18.43006667]]}}, {"type": "Feature", "properties": {"fid": 4113, "area_code": "PAC", "airport_identifier": "VTCC", "procedure_identifier": "LAMU2A", "route_type": "5", "transition_identifier": "RW36", "seqno": 60, "waypoint_icao_code": "VT", "waypoint_identifier": "RIGTA", "waypoint_latitude": 18.42981944, "waypoint_longitude": 98.96201944, "waypoint_description_code": "E", "turn_direction": null, "rnp": 1.0, "path_termination": "TF", "recommanded_navaid": null, "recommanded_navaid_latitude": null, "recommanded_navaid_longitude": null, "arc_radius": null, "theta": null, "rho": null, "magnetic_course": null, "route_distance_holding_distance_time": null, "distance_time": null, "altitude_description": "+", "altitude1": 6600.0, "altitude2": null, "transition_altitude": null, "speed_limit_description": "-", "speed_limit": 210.0, "vertical_angle": null, "center_waypoint": null, "center_waypoint_latitude": null, "center_waypoint_longitude": null, "aircraft_category": null}, "geometry": {"type": "MultiPoint", "coordinates": [[98.96201944, 18.42981944]]}}, {"type": "Feature", "properties": {"fid": 4115, "area_code": "PAC", "airport_identifier": "VTUU", "procedure_identifier": "POTE1C", "route_type": "5", "transition_identifier": "RW05", "seqno": 10, "waypoint_icao_code": "VT", "waypoint_identifier": "POTEV", "waypoint_latitude": 15.36459722, "waypoint_longitude": 105.36841111, "waypoint_description_code": "E", "turn_direction": null, "rnp": 1.0, "path_termination": "IF", "recommanded_navaid": null, "recommanded_navaid_latitude": null, "recommanded_navaid_longitude": null, "arc_radius": null, "theta": null, "rho": null, "magnetic_course": null, "route_distance_holding_distance_time": null, "distance_time": null, "altitude_description": "+", "altitude1": 11000.0, "altitude2": null, "transition_altitude": null, "speed_limit_description": null, "speed_limit": null, "vertical_angle": null, "center_waypoint": null, "center_waypoint_latitude": null, "center_waypoint_longitude": null, "aircraft_category": null}, "geometry": {"type": "MultiPoint", "coordinates": [[105.36841111, 15.36459722]]}}, {"type": "Feature", "properties": {"fid": 4116, "area_code": "PAC", "airport_identifier": "VTUU", "procedure_identifier": "POTE1C", "route_type": "5", "transition_identifier": "RW05", "seqno": 20, "waypoint_icao_code": "VT", "waypoint_identifier": "OPTAD", "waypoint_latitude": 15.231, "waypoint_longitude": 105.12746944, "waypoint_description_code": "E", "turn_direction": null, "rnp": 1.0, "path_termination": "TF", "recommanded_navaid": null, "recommanded_navaid_latitude": null, "recommanded_navaid_longitude": null, "arc_radius": null, "theta": null, "rho": null, "magnetic_course": null, "route_distance_holding_distance_time": null, "distance_time": null, "altitude_description": "+", "altitude1": 11000.0, "altitude2": null, "transition_altitude": null, "speed_limit_description": null, "speed_limit": null, "vertical_angle": null, "center_waypoint": null, "center_waypoint_latitude": null, "center_waypoint_longitude": null, "aircraft_category": null}, "geometry": {"type": "MultiPoint", "coordinates": [[105.12746944, 15.231]]}}, {"type": "Feature", "properties": {"fid": 4117, "area_code": "PAC", "airport_identifier": "VTUU", "procedure_identifier": "POTE1C", "route_type": "5", "transition_identifier": "RW05", "seqno": 30, "waypoint_icao_code": "VT", "waypoint_identifier": "SADUP", "waypoint_latitude": 15.0345, "waypoint_longitude": 104.81125, "waypoint_description_code": "E", "turn_direction": null, "rnp": 1.0, "path_termination": "TF", "recommanded_navaid": null, "recommanded_navaid_latitude": null, "recommanded_navaid_longitude": null, "arc_radius": null, "theta": null, "rho": null, "magnetic_course": null, "route_distance_holding_distance_time": null, "distance_time": null, "altitude_description": "+", "altitude1": 5000.0, "altitude2": null, "transition_altitude": null, "speed_limit_description": null, "speed_limit": null, "vertical_angle": null, "center_waypoint": null, "center_waypoint_latitude": null, "center_waypoint_longitude": null, "aircraft_category": null}, "geometry": {"type": "MultiPoint", "coordinates": [[104.81125, 15.0345]]}}, {"type": "Feature", "properties": {"fid": 4118, "area_code": "PAC", "airport_identifier": "VTUU", "procedure_identifier": "POTE1C", "route_type": "5", "transition_identifier": "RW05", "seqno": 40, "waypoint_icao_code": "VT", "waypoint_identifier": "ARARA", "waypoint_latitude": 15.13923333, "waypoint_longitude": 104.72536111, "waypoint_description_code": "E", "turn_direction": null, "rnp": 1.0, "path_termination": "TF", "recommanded_navaid": null, "recommanded_navaid_latitude": null, "recommanded_navaid_longitude": null, "arc_radius": null, "theta": null, "rho": null, "magnetic_course": null, "route_distance_holding_distance_time": null, "distance_time": null, "altitude_description": "+", "altitude1": 3000.0, "altitude2": null, "transition_altitude": null, "speed_limit_description": "-", "speed_limit": 230.0, "vertical_angle": null, "center_waypoint": null, "center_waypoint_latitude": null, "center_waypoint_longitude": null, "aircraft_category": null}, "geometry": {"type": "MultiPoint", "coordinates": [[104.72536111, 15.13923333]]}}, {"type": "Feature", "properties": {"fid": 4120, "area_code": "PAC", "airport_identifier": "VTSB", "procedure_identifier": "IDNA1B", "route_type": "5", "transition_identifier": "RW04", "seqno": 10, "waypoint_icao_code": "VT", "waypoint_identifier": "IDNAR", "waypoint_latitude": 8.72881389, "waypoint_longitude": 99.25661944, "waypoint_description_code": "E", "turn_direction": null, "rnp": null, "path_termination": "IF", "recommanded_navaid": null, "recommanded_navaid_latitude": null, "recommanded_navaid_longitude": null, "arc_radius": null, "theta": null, "rho": null, "magnetic_course": null, "route_distance_holding_distance_time": null, "distance_time": null, "altitude_description": "+", "altitude1": 9000.0, "altitude2": null, "transition_altitude": null, "speed_limit_description": null, "speed_limit": null, "vertical_angle": null, "center_waypoint": null, "center_waypoint_latitude": null, "center_waypoint_longitude": null, "aircraft_category": null}, "geometry": {"type": "MultiPoint", "coordinates": [[99.25661944, 8.72881389]]}}, {"type": "Feature", "properties": {"fid": 4121, "area_code": "PAC", "airport_identifier": "VTSB", "procedure_identifier": "IDNA1B", "route_type": "5", "transition_identifier": "RW04", "seqno": 20, "waypoint_icao_code": "VT", "waypoint_identifier": "SB413", "waypoint_latitude": 8.77243889, "waypoint_longitude": 99.20583611, "waypoint_description_code": "E", "turn_direction": null, "rnp": null, "path_termination": "TF", "recommanded_navaid": null, "recommanded_navaid_latitude": null, "recommanded_navaid_longitude": null, "arc_radius": null, "theta": null, "rho": null, "magnetic_course": null, "route_distance_holding_distance_time": null, "distance_time": null, "altitude_description": "+", "altitude1": 9000.0, "altitude2": null, "transition_altitude": null, "speed_limit_description": null, "speed_limit": null, "vertical_angle": null, "center_waypoint": null, "center_waypoint_latitude": null, "center_waypoint_longitude": null, "aircraft_category": null}, "geometry": {"type": "MultiPoint", "coordinates": [[99.20583611, 8.77243889]]}}, {"type": "Feature", "properties": {"fid": 4122, "area_code": "PAC", "airport_identifier": "VTSB", "procedure_identifier": "IDNA1B", "route_type": "5", "transition_identifier": "RW04", "seqno": 30, "waypoint_icao_code": "VT", "waypoint_identifier": "VELRA", "waypoint_latitude": 8.89278056, "waypoint_longitude": 99.06563889, "waypoint_description_code": "E", "turn_direction": null, "rnp": null, "path_termination": "TF", "recommanded_navaid": null, "recommanded_navaid_latitude": null, "recommanded_navaid_longitude": null, "arc_radius": null, "theta": null, "rho": null, "magnetic_course": null, "route_distance_holding_distance_time": null, "distance_time": null, "altitude_description": "-", "altitude1": 5000.0, "altitude2": null, "transition_altitude": null, "speed_limit_description": "-", "speed_limit": 230.0, "vertical_angle": null, "center_waypoint": null, "center_waypoint_latitude": null, "center_waypoint_longitude": null, "aircraft_category": null}, "geometry": {"type": "MultiPoint", "coordinates": [[99.06563889, 8.89278056]]}}, {"type": "Feature", "properties": {"fid": 4123, "area_code": "PAC", "airport_identifier": "VTSB", "procedure_identifier": "IDNA1B", "route_type": "5", "transition_identifier": "RW04", "seqno": 40, "waypoint_icao_code": "VT", "waypoint_identifier": "METIN", "waypoint_latitude": 8.97443333, "waypoint_longitude": 98.98106944, "waypoint_description_code": "E", "turn_direction": null, "rnp": null, "path_termination": "TF", "recommanded_navaid": null, "recommanded_navaid_latitude": null, "recommanded_navaid_longitude": null, "arc_radius": null, "theta": null, "rho": null, "magnetic_course": null, "route_distance_holding_distance_time": null, "distance_time": null, "altitude_description": "+", "altitude1": 3200.0, "altitude2": null, "transition_altitude": null, "speed_limit_description": "-", "speed_limit": 210.0, "vertical_angle": null, "center_waypoint": null, "center_waypoint_latitude": null, "center_waypoint_longitude": null, "aircraft_category": null}, "geometry": {"type": "MultiPoint", "coordinates": [[98.98106944, 8.97443333]]}}, {"type": "Feature", "properties": {"fid": 4125, "area_code": "PAC", "airport_identifier": "VTSB", "procedure_identifier": "ADLA1A", "route_type": "5", "transition_identifier": "RW22", "seqno": 10, "waypoint_icao_code": "VT", "waypoint_identifier": "ADLAL", "waypoint_latitude": 9.30277778, "waypoint_longitude": 99.51846111, "waypoint_description_code": "E", "turn_direction": null, "rnp": null, "path_termination": "IF", "recommanded_navaid": null, "recommanded_navaid_latitude": null, "recommanded_navaid_longitude": null, "arc_radius": null, "theta": null, "rho": null, "magnetic_course": null, "route_distance_holding_distance_time": null, "distance_time": null, "altitude_description": "-", "altitude1": 7000.0, "altitude2": null, "transition_altitude": null, "speed_limit_description": null, "speed_limit": null, "vertical_angle": null, "center_waypoint": null, "center_waypoint_latitude": null, "center_waypoint_longitude": null, "aircraft_category": null}, "geometry": {"type": "MultiPoint", "coordinates": [[99.51846111, 9.30277778]]}}, {"type": "Feature", "properties": {"fid": 4126, "area_code": "PAC", "airport_identifier": "VTSB", "procedure_identifier": "ADLA1A", "route_type": "5", "transition_identifier": "RW22", "seqno": 20, "waypoint_icao_code": "VT", "waypoint_identifier": "BAVOR", "waypoint_latitude": 9.29483889, "waypoint_longitude": 99.40402222, "waypoint_description_code": "E", "turn_direction": null, "rnp": null, "path_termination": "TF", "recommanded_navaid": null, "recommanded_navaid_latitude": null, "recommanded_navaid_longitude": null, "arc_radius": null, "theta": null, "rho": null, "magnetic_course": null, "route_distance_holding_distance_time": null, "distance_time": null, "altitude_description": "-", "altitude1": 5000.0, "altitude2": null, "transition_altitude": null, "speed_limit_description": "-", "speed_limit": 230.0, "vertical_angle": null, "center_waypoint": null, "center_waypoint_latitude": null, "center_waypoint_longitude": null, "aircraft_category": null}, "geometry": {"type": "MultiPoint", "coordinates": [[99.40402222, 9.29483889]]}}, {"type": "Feature", "properties": {"fid": 4127, "area_code": "PAC", "airport_identifier": "VTSB", "procedure_identifier": "ADLA1A", "route_type": "5", "transition_identifier": "RW22", "seqno": 30, "waypoint_icao_code": "VT", "waypoint_identifier": "GULNA", "waypoint_latitude": 9.28669167, "waypoint_longitude": 99.28631111, "waypoint_description_code": "E", "turn_direction": null, "rnp": null, "path_termination": "TF", "recommanded_navaid": null, "recommanded_navaid_latitude": null, "recommanded_navaid_longitude": null, "arc_radius": null, "theta": null, "rho": null, "magnetic_course": null, "route_distance_holding_distance_time": null, "distance_time": null, "altitude_description": "+", "altitude1": 3000.0, "altitude2": null, "transition_altitude": null, "speed_limit_description": "-", "speed_limit": 230.0, "vertical_angle": null, "center_waypoint": null, "center_waypoint_latitude": null, "center_waypoint_longitude": null, "aircraft_category": null}, "geometry": {"type": "MultiPoint", "coordinates": [[99.28631111, 9.28669167]]}}, {"type": "Feature", "properties": {"fid": 4129, "area_code": "PAC", "airport_identifier": "VTCC", "procedure_identifier": "MONL2A", "route_type": "5", "transition_identifier": "RW36", "seqno": 10, "waypoint_icao_code": "VT", "waypoint_identifier": "MONLO", "waypoint_latitude": 18.78394444, "waypoint_longitude": 99.62870833, "waypoint_description_code": "E", "turn_direction": null, "rnp": null, "path_termination": "IF", "recommanded_navaid": null, "recommanded_navaid_latitude": null, "recommanded_navaid_longitude": null, "arc_radius": null, "theta": null, "rho": null, "magnetic_course": null, "route_distance_holding_distance_time": null, "distance_time": null, "altitude_description": "-", "altitude1": 15000.0, "altitude2": null, "transition_altitude": null, "speed_limit_description": null, "speed_limit": null, "vertical_angle": null, "center_waypoint": null, "center_waypoint_latitude": null, "center_waypoint_longitude": null, "aircraft_category": null}, "geometry": {"type": "MultiPoint", "coordinates": [[99.62870833, 18.78394444]]}}, {"type": "Feature", "properties": {"fid": 4130, "area_code": "PAC", "airport_identifier": "VTCC", "procedure_identifier": "MONL2A", "route_type": "5", "transition_identifier": "RW36", "seqno": 20, "waypoint_icao_code": "VT", "waypoint_identifier": "ATNUT", "waypoint_latitude": 18.59438611, "waypoint_longitude": 99.41090278, "waypoint_description_code": "E", "turn_direction": null, "rnp": null, "path_termination": "TF", "recommanded_navaid": null, "recommanded_navaid_latitude": null, "recommanded_navaid_longitude": null, "arc_radius": null, "theta": null, "rho": null, "magnetic_course": null, "route_distance_holding_distance_time": null, "distance_time": null, "altitude_description": "-", "altitude1": 10000.0, "altitude2": null, "transition_altitude": null, "speed_limit_description": "-", "speed_limit": 230.0, "vertical_angle": null, "center_waypoint": null, "center_waypoint_latitude": null, "center_waypoint_longitude": null, "aircraft_category": null}, "geometry": {"type": "MultiPoint", "coordinates": [[99.41090278, 18.59438611]]}}, {"type": "Feature", "properties": {"fid": 4131, "area_code": "PAC", "airport_identifier": "VTCC", "procedure_identifier": "MONL2A", "route_type": "5", "transition_identifier": "RW36", "seqno": 30, "waypoint_icao_code": "VT", "waypoint_identifier": "TASIV", "waypoint_latitude": 18.53923889, "waypoint_longitude": 99.30162222, "waypoint_description_code": "E", "turn_direction": null, "rnp": null, "path_termination": "TF", "recommanded_navaid": null, "recommanded_navaid_latitude": null, "recommanded_navaid_longitude": null, "arc_radius": null, "theta": null, "rho": null, "magnetic_course": null, "route_distance_holding_distance_time": null, "distance_time": null, "altitude_description": "@", "altitude1": 9000.0, "altitude2": null, "transition_altitude": null, "speed_limit_description": "-", "speed_limit": 220.0, "vertical_angle": null, "center_waypoint": null, "center_waypoint_latitude": null, "center_waypoint_longitude": null, "aircraft_category": null}, "geometry": {"type": "MultiPoint", "coordinates": [[99.30162222, 18.53923889]]}}, {"type": "Feature", "properties": {"fid": 4132, "area_code": "PAC", "airport_identifier": "VTCC", "procedure_identifier": "MONL2A", "route_type": "5", "transition_identifier": "RW36", "seqno": 40, "waypoint_icao_code": "VT", "waypoint_identifier": "CC115", "waypoint_latitude": 18.40555556, "waypoint_longitude": 99.32885278, "waypoint_description_code": "E", "turn_direction": null, "rnp": null, "path_termination": "TF", "recommanded_navaid": null, "recommanded_navaid_latitude": null, "recommanded_navaid_longitude": null, "arc_radius": null, "theta": null, "rho": null, "magnetic_course": null, "route_distance_holding_distance_time": null, "distance_time": null, "altitude_description": null, "altitude1": null, "altitude2": null, "transition_altitude": null, "speed_limit_description": null, "speed_limit": null, "vertical_angle": null, "center_waypoint": null, "center_waypoint_latitude": null, "center_waypoint_longitude": null, "aircraft_category": null}, "geometry": {"type": "MultiPoint", "coordinates": [[99.32885278, 18.40555556]]}}, {"type": "Feature", "properties": {"fid": 4133, "area_code": "PAC", "airport_identifier": "VTCC", "procedure_identifier": "MONL2A", "route_type": "5", "transition_identifier": "RW36", "seqno": 50, "waypoint_icao_code": "VT", "waypoint_identifier": "CC116", "waypoint_latitude": 18.30525, "waypoint_longitude": 99.29271667, "waypoint_description_code": "E", "turn_direction": null, "rnp": null, "path_termination": "TF", "recommanded_navaid": null, "recommanded_navaid_latitude": null, "recommanded_navaid_longitude": null, "arc_radius": null, "theta": null, "rho": null, "magnetic_course": null, "route_distance_holding_distance_time": null, "distance_time": null, "altitude_description": null, "altitude1": null, "altitude2": null, "transition_altitude": null, "speed_limit_description": null, "speed_limit": null, "vertical_angle": null, "center_waypoint": null, "center_waypoint_latitude": null, "center_waypoint_longitude": null, "aircraft_category": null}, "geometry": {"type": "MultiPoint", "coordinates": [[99.29271667, 18.30525]]}}, {"type": "Feature", "properties": {"fid": 4134, "area_code": "PAC", "airport_identifier": "VTCC", "procedure_identifier": "MONL2A", "route_type": "5", "transition_identifier": "RW36", "seqno": 60, "waypoint_icao_code": "VT", "waypoint_identifier": "CC117", "waypoint_latitude": 18.20489167, "waypoint_longitude": 99.15440833, "waypoint_description_code": "E", "turn_direction": null, "rnp": null, "path_termination": "TF", "recommanded_navaid": null, "recommanded_navaid_latitude": null, "recommanded_navaid_longitude": null, "arc_radius": null, "theta": null, "rho": null, "magnetic_course": null, "route_distance_holding_distance_time": null, "distance_time": null, "altitude_description": "@", "altitude1": 9000.0, "altitude2": null, "transition_altitude": null, "speed_limit_description": null, "speed_limit": null, "vertical_angle": null, "center_waypoint": null, "center_waypoint_latitude": null, "center_waypoint_longitude": null, "aircraft_category": null}, "geometry": {"type": "MultiPoint", "coordinates": [[99.15440833, 18.20489167]]}}, {"type": "Feature", "properties": {"fid": 4135, "area_code": "PAC", "airport_identifier": "VTCC", "procedure_identifier": "MONL2A", "route_type": "5", "transition_identifier": "RW36", "seqno": 70, "waypoint_icao_code": "VT", "waypoint_identifier": "PUKAT", "waypoint_latitude": 18.42949167, "waypoint_longitude": 99.08473056, "waypoint_description_code": "E", "turn_direction": "R", "rnp": null, "path_termination": "TF", "recommanded_navaid": null, "recommanded_navaid_latitude": null, "recommanded_navaid_longitude": null, "arc_radius": null, "theta": null, "rho": null, "magnetic_course": null, "route_distance_holding_distance_time": null, "distance_time": null, "altitude_description": "-", "altitude1": 8000.0, "altitude2": null, "transition_altitude": null, "speed_limit_description": null, "speed_limit": null, "vertical_angle": null, "center_waypoint": null, "center_waypoint_latitude": null, "center_waypoint_longitude": null, "aircraft_category": null}, "geometry": {"type": "MultiPoint", "coordinates": [[99.08473056, 18.42949167]]}}, {"type": "Feature", "properties": {"fid": 4136, "area_code": "PAC", "airport_identifier": "VTCC", "procedure_identifier": "MONL2A", "route_type": "5", "transition_identifier": "RW36", "seqno": 80, "waypoint_icao_code": "VT", "waypoint_identifier": "RIGTA", "waypoint_latitude": 18.42981944, "waypoint_longitude": 98.96201944, "waypoint_description_code": "E", "turn_direction": null, "rnp": null, "path_termination": "TF", "recommanded_navaid": null, "recommanded_navaid_latitude": null, "recommanded_navaid_longitude": null, "arc_radius": null, "theta": null, "rho": null, "magnetic_course": null, "route_distance_holding_distance_time": null, "distance_time": null, "altitude_description": "+", "altitude1": 6600.0, "altitude2": null, "transition_altitude": null, "speed_limit_description": "-", "speed_limit": 210.0, "vertical_angle": null, "center_waypoint": null, "center_waypoint_latitude": null, "center_waypoint_longitude": null, "aircraft_category": null}, "geometry": {"type": "MultiPoint", "coordinates": [[98.96201944, 18.42981944]]}}, {"type": "Feature", "properties": {"fid": 4138, "area_code": "PAC", "airport_identifier": "VTCL", "procedure_identifier": "IBIR1B", "route_type": "5", "transition_identifier": "RW18", "seqno": 10, "waypoint_icao_code": "VT", "waypoint_identifier": "IBIRI", "waypoint_latitude": 17.87305556, "waypoint_longitude": 99.38805556, "waypoint_description_code": "E", "turn_direction": null, "rnp": 1.0, "path_termination": "IF", "recommanded_navaid": null, "recommanded_navaid_latitude": null, "recommanded_navaid_longitude": null, "arc_radius": null, "theta": null, "rho": null, "magnetic_course": null, "route_distance_holding_distance_time": null, "distance_time": null, "altitude_description": "+", "altitude1": 11000.0, "altitude2": null, "transition_altitude": null, "speed_limit_description": null, "speed_limit": null, "vertical_angle": null, "center_waypoint": null, "center_waypoint_latitude": null, "center_waypoint_longitude": null, "aircraft_category": null}, "geometry": {"type": "MultiPoint", "coordinates": [[99.38805556, 17.87305556]]}}, {"type": "Feature", "properties": {"fid": 4139, "area_code": "PAC", "airport_identifier": "VTCL", "procedure_identifier": "IBIR1B", "route_type": "5", "transition_identifier": "RW18", "seqno": 20, "waypoint_icao_code": "VT", "waypoint_identifier": "IGNUM", "waypoint_latitude": 18.00539444, "waypoint_longitude": 99.64553611, "waypoint_description_code": "E", "turn_direction": null, "rnp": 1.0, "path_termination": "TF", "recommanded_navaid": null, "recommanded_navaid_latitude": null, "recommanded_navaid_longitude": null, "arc_radius": null, "theta": null, "rho": null, "magnetic_course": null, "route_distance_holding_distance_time": null, "distance_time": null, "altitude_description": "+", "altitude1": 11000.0, "altitude2": null, "transition_altitude": null, "speed_limit_description": "-", "speed_limit": 230.0, "vertical_angle": null, "center_waypoint": null, "center_waypoint_latitude": null, "center_waypoint_longitude": null, "aircraft_category": null}, "geometry": {"type": "MultiPoint", "coordinates": [[99.64553611, 18.00539444]]}}, {"type": "Feature", "properties": {"fid": 4140, "area_code": "PAC", "airport_identifier": "VTCL", "procedure_identifier": "IBIR1B", "route_type": "5", "transition_identifier": "RW18", "seqno": 30, "waypoint_icao_code": "VT", "waypoint_identifier": "VAGLU", "waypoint_latitude": 18.24583056, "waypoint_longitude": 99.64680278, "waypoint_description_code": "E", "turn_direction": null, "rnp": 1.0, "path_termination": "TF", "recommanded_navaid": null, "recommanded_navaid_latitude": null, "recommanded_navaid_longitude": null, "arc_radius": null, "theta": null, "rho": null, "magnetic_course": null, "route_distance_holding_distance_time": null, "distance_time": null, "altitude_description": "@", "altitude1": 9000.0, "altitude2": null, "transition_altitude": null, "speed_limit_description": null, "speed_limit": null, "vertical_angle": null, "center_waypoint": null, "center_waypoint_latitude": null, "center_waypoint_longitude": null, "aircraft_category": null}, "geometry": {"type": "MultiPoint", "coordinates": [[99.64680278, 18.24583056]]}}, {"type": "Feature", "properties": {"fid": 4141, "area_code": "PAC", "airport_identifier": "VTCL", "procedure_identifier": "IBIR1B", "route_type": "5", "transition_identifier": "RW18", "seqno": 40, "waypoint_icao_code": "VT", "waypoint_identifier": "LAMEM", "waypoint_latitude": 18.354075, "waypoint_longitude": 99.63782222, "waypoint_description_code": "E", "turn_direction": null, "rnp": 1.0, "path_termination": "TF", "recommanded_navaid": null, "recommanded_navaid_latitude": null, "recommanded_navaid_longitude": null, "arc_radius": null, "theta": null, "rho": null, "magnetic_course": null, "route_distance_holding_distance_time": null, "distance_time": null, "altitude_description": "-", "altitude1": 7000.0, "altitude2": null, "transition_altitude": null, "speed_limit_description": "-", "speed_limit": 230.0, "vertical_angle": null, "center_waypoint": null, "center_waypoint_latitude": null, "center_waypoint_longitude": null, "aircraft_category": null}, "geometry": {"type": "MultiPoint", "coordinates": [[99.63782222, 18.354075]]}}, {"type": "Feature", "properties": {"fid": 4142, "area_code": "PAC", "airport_identifier": "VTCL", "procedure_identifier": "IBIR1B", "route_type": "5", "transition_identifier": "RW18", "seqno": 50, "waypoint_icao_code": "VT", "waypoint_identifier": "UNTIM", "waypoint_latitude": 18.45581944, "waypoint_longitude": 99.62936944, "waypoint_description_code": "E", "turn_direction": null, "rnp": 1.0, "path_termination": "TF", "recommanded_navaid": null, "recommanded_navaid_latitude": null, "recommanded_navaid_longitude": null, "arc_radius": null, "theta": null, "rho": null, "magnetic_course": null, "route_distance_holding_distance_time": null, "distance_time": null, "altitude_description": "+", "altitude1": 5000.0, "altitude2": null, "transition_altitude": null, "speed_limit_description": "-", "speed_limit": 230.0, "vertical_angle": null, "center_waypoint": null, "center_waypoint_latitude": null, "center_waypoint_longitude": null, "aircraft_category": null}, "geometry": {"type": "MultiPoint", "coordinates": [[99.62936944, 18.45581944]]}}, {"type": "Feature", "properties": {"fid": 4143, "area_code": "PAC", "airport_identifier": "VTCL", "procedure_identifier": "IBIR1B", "route_type": "5", "transition_identifier": "RW18", "seqno": 60, "waypoint_icao_code": "VT", "waypoint_identifier": "ATKIM", "waypoint_latitude": 18.44509722, "waypoint_longitude": 99.48956111, "waypoint_description_code": "E", "turn_direction": null, "rnp": 1.0, "path_termination": "TF", "recommanded_navaid": null, "recommanded_navaid_latitude": null, "recommanded_navaid_longitude": null, "arc_radius": null, "theta": null, "rho": null, "magnetic_course": null, "route_distance_holding_distance_time": null, "distance_time": null, "altitude_description": "+", "altitude1": 3500.0, "altitude2": null, "transition_altitude": null, "speed_limit_description": "-", "speed_limit": 200.0, "vertical_angle": null, "center_waypoint": null, "center_waypoint_latitude": null, "center_waypoint_longitude": null, "aircraft_category": null}, "geometry": {"type": "MultiPoint", "coordinates": [[99.48956111, 18.44509722]]}}, {"type": "Feature", "properties": {"fid": 4145, "area_code": "PAC", "airport_identifier": "VTCC", "procedure_identifier": "KABM2B", "route_type": "5", "transition_identifier": "RW18", "seqno": 10, "waypoint_icao_code": "VT", "waypoint_identifier": "KABMU", "waypoint_latitude": 18.46071667, "waypoint_longitude": 99.54640278, "waypoint_description_code": "E", "turn_direction": null, "rnp": null, "path_termination": "IF", "recommanded_navaid": null, "recommanded_navaid_latitude": null, "recommanded_navaid_longitude": null, "arc_radius": null, "theta": null, "rho": null, "magnetic_course": null, "route_distance_holding_distance_time": null, "distance_time": null, "altitude_description": "+", "altitude1": 20000.0, "altitude2": null, "transition_altitude": null, "speed_limit_description": null, "speed_limit": null, "vertical_angle": null, "center_waypoint": null, "center_waypoint_latitude": null, "center_waypoint_longitude": null, "aircraft_category": null}, "geometry": {"type": "MultiPoint", "coordinates": [[99.54640278, 18.46071667]]}}, {"type": "Feature", "properties": {"fid": 4146, "area_code": "PAC", "airport_identifier": "VTCC", "procedure_identifier": "KABM2B", "route_type": "5", "transition_identifier": "RW18", "seqno": 20, "waypoint_icao_code": "VT", "waypoint_identifier": "CC501", "waypoint_latitude": 18.5303, "waypoint_longitude": 99.37027222, "waypoint_description_code": "E", "turn_direction": null, "rnp": null, "path_termination": "TF", "recommanded_navaid": null, "recommanded_navaid_latitude": null, "recommanded_navaid_longitude": null, "arc_radius": null, "theta": null, "rho": null, "magnetic_course": null, "route_distance_holding_distance_time": null, "distance_time": null, "altitude_description": "+", "altitude1": 17000.0, "altitude2": null, "transition_altitude": null, "speed_limit_description": null, "speed_limit": null, "vertical_angle": null, "center_waypoint": null, "center_waypoint_latitude": null, "center_waypoint_longitude": null, "aircraft_category": null}, "geometry": {"type": "MultiPoint", "coordinates": [[99.37027222, 18.5303]]}}, {"type": "Feature", "properties": {"fid": 4147, "area_code": "PAC", "airport_identifier": "VTCC", "procedure_identifier": "KABM2B", "route_type": "5", "transition_identifier": "RW18", "seqno": 30, "waypoint_icao_code": "VT", "waypoint_identifier": "RAXOM", "waypoint_latitude": 18.59416667, "waypoint_longitude": 99.20811667, "waypoint_description_code": "E", "turn_direction": null, "rnp": null, "path_termination": "TF", "recommanded_navaid": null, "recommanded_navaid_latitude": null, "recommanded_navaid_longitude": null, "arc_radius": null, "theta": null, "rho": null, "magnetic_course": null, "route_distance_holding_distance_time": null, "distance_time": null, "altitude_description": "+", "altitude1": 15000.0, "altitude2": null, "transition_altitude": null, "speed_limit_description": null, "speed_limit": null, "vertical_angle": null, "center_waypoint": null, "center_waypoint_latitude": null, "center_waypoint_longitude": null, "aircraft_category": null}, "geometry": {"type": "MultiPoint", "coordinates": [[99.20811667, 18.59416667]]}}, {"type": "Feature", "properties": {"fid": 4148, "area_code": "PAC", "airport_identifier": "VTCC", "procedure_identifier": "KABM2B", "route_type": "5", "transition_identifier": "RW18", "seqno": 40, "waypoint_icao_code": "VT", "waypoint_identifier": "CC515", "waypoint_latitude": 18.68935833, "waypoint_longitude": 99.20848889, "waypoint_description_code": "E", "turn_direction": null, "rnp": null, "path_termination": "TF", "recommanded_navaid": null, "recommanded_navaid_latitude": null, "recommanded_navaid_longitude": null, "arc_radius": null, "theta": null, "rho": null, "magnetic_course": null, "route_distance_holding_distance_time": null, "distance_time": null, "altitude_description": "+", "altitude1": 13000.0, "altitude2": null, "transition_altitude": null, "speed_limit_description": null, "speed_limit": null, "vertical_angle": null, "center_waypoint": null, "center_waypoint_latitude": null, "center_waypoint_longitude": null, "aircraft_category": null}, "geometry": {"type": "MultiPoint", "coordinates": [[99.20848889, 18.68935833]]}}, {"type": "Feature", "properties": {"fid": 4149, "area_code": "PAC", "airport_identifier": "VTCC", "procedure_identifier": "KABM2B", "route_type": "5", "transition_identifier": "RW18", "seqno": 50, "waypoint_icao_code": "VT", "waypoint_identifier": "EMSOG", "waypoint_latitude": 18.78579167, "waypoint_longitude": 99.20886667, "waypoint_description_code": "E", "turn_direction": null, "rnp": null, "path_termination": "TF", "recommanded_navaid": null, "recommanded_navaid_latitude": null, "recommanded_navaid_longitude": null, "arc_radius": null, "theta": null, "rho": null, "magnetic_course": null, "route_distance_holding_distance_time": null, "distance_time": null, "altitude_description": "@", "altitude1": 11000.0, "altitude2": null, "transition_altitude": null, "speed_limit_description": "-", "speed_limit": 220.0, "vertical_angle": null, "center_waypoint": null, "center_waypoint_latitude": null, "center_waypoint_longitude": null, "aircraft_category": null}, "geometry": {"type": "MultiPoint", "coordinates": [[99.20886667, 18.78579167]]}}, {"type": "Feature", "properties": {"fid": 4150, "area_code": "PAC", "airport_identifier": "VTCC", "procedure_identifier": "KABM2B", "route_type": "5", "transition_identifier": "RW18", "seqno": 60, "waypoint_icao_code": "VT", "waypoint_identifier": "TUNTU", "waypoint_latitude": 18.95139167, "waypoint_longitude": 99.20951944, "waypoint_description_code": "E", "turn_direction": null, "rnp": null, "path_termination": "TF", "recommanded_navaid": null, "recommanded_navaid_latitude": null, "recommanded_navaid_longitude": null, "arc_radius": null, "theta": null, "rho": null, "magnetic_course": null, "route_distance_holding_distance_time": null, "distance_time": null, "altitude_description": "-", "altitude1": 9000.0, "altitude2": null, "transition_altitude": null, "speed_limit_description": null, "speed_limit": null, "vertical_angle": null, "center_waypoint": null, "center_waypoint_latitude": null, "center_waypoint_longitude": null, "aircraft_category": null}, "geometry": {"type": "MultiPoint", "coordinates": [[99.20951944, 18.95139167]]}}, {"type": "Feature", "properties": {"fid": 4151, "area_code": "PAC", "airport_identifier": "VTCC", "procedure_identifier": "KABM2B", "route_type": "5", "transition_identifier": "RW18", "seqno": 70, "waypoint_icao_code": "VT", "waypoint_identifier": "SUSEG", "waypoint_latitude": 19.04983056, "waypoint_longitude": 99.20991111, "waypoint_description_code": "E", "turn_direction": null, "rnp": null, "path_termination": "TF", "recommanded_navaid": null, "recommanded_navaid_latitude": null, "recommanded_navaid_longitude": null, "arc_radius": null, "theta": null, "rho": null, "magnetic_course": null, "route_distance_holding_distance_time": null, "distance_time": null, "altitude_description": "-", "altitude1": 9000.0, "altitude2": null, "transition_altitude": null, "speed_limit_description": null, "speed_limit": null, "vertical_angle": null, "center_waypoint": null, "center_waypoint_latitude": null, "center_waypoint_longitude": null, "aircraft_category": null}, "geometry": {"type": "MultiPoint", "coordinates": [[99.20991111, 19.04983056]]}}, {"type": "Feature", "properties": {"fid": 4152, "area_code": "PAC", "airport_identifier": "VTCC", "procedure_identifier": "KABM2B", "route_type": "5", "transition_identifier": "RW18", "seqno": 80, "waypoint_icao_code": "VT", "waypoint_identifier": "MESUX", "waypoint_latitude": 19.05013333, "waypoint_longitude": 99.11962222, "waypoint_description_code": "E", "turn_direction": null, "rnp": null, "path_termination": "TF", "recommanded_navaid": null, "recommanded_navaid_latitude": null, "recommanded_navaid_longitude": null, "arc_radius": null, "theta": null, "rho": null, "magnetic_course": null, "route_distance_holding_distance_time": null, "distance_time": null, "altitude_description": "+", "altitude1": 8400.0, "altitude2": null, "transition_altitude": null, "speed_limit_description": null, "speed_limit": null, "vertical_angle": null, "center_waypoint": null, "center_waypoint_latitude": null, "center_waypoint_longitude": null, "aircraft_category": null}, "geometry": {"type": "MultiPoint", "coordinates": [[99.11962222, 19.05013333]]}}, {"type": "Feature", "properties": {"fid": 4153, "area_code": "PAC", "airport_identifier": "VTCC", "procedure_identifier": "KABM2B", "route_type": "5", "transition_identifier": "RW18", "seqno": 90, "waypoint_icao_code": "VT", "waypoint_identifier": "PILEX", "waypoint_latitude": 19.05055, "waypoint_longitude": 98.96358889, "waypoint_description_code": "E", "turn_direction": null, "rnp": null, "path_termination": "TF", "recommanded_navaid": null, "recommanded_navaid_latitude": null, "recommanded_navaid_longitude": null, "arc_radius": null, "theta": null, "rho": null, "magnetic_course": null, "route_distance_holding_distance_time": null, "distance_time": null, "altitude_description": "+", "altitude1": 5500.0, "altitude2": null, "transition_altitude": null, "speed_limit_description": "-", "speed_limit": 210.0, "vertical_angle": null, "center_waypoint": null, "center_waypoint_latitude": null, "center_waypoint_longitude": null, "aircraft_category": null}, "geometry": {"type": "MultiPoint", "coordinates": [[98.96358889, 19.05055]]}}, {"type": "Feature", "properties": {"fid": 4155, "area_code": "PAC", "airport_identifier": "VTBS", "procedure_identifier": "TUMG1D", "route_type": "4", "transition_identifier": "ALEMI", "seqno": 10, "waypoint_icao_code": "VT", "waypoint_identifier": "ALEMI", "waypoint_latitude": 12.60709722, "waypoint_longitude": 101.43331111, "waypoint_description_code": "E", "turn_direction": null, "rnp": null, "path_termination": "IF", "recommanded_navaid": null, "recommanded_navaid_latitude": null, "recommanded_navaid_longitude": null, "arc_radius": null, "theta": null, "rho": null, "magnetic_course": null, "route_distance_holding_distance_time": null, "distance_time": null, "altitude_description": null, "altitude1": null, "altitude2": null, "transition_altitude": null, "speed_limit_description": null, "speed_limit": null, "vertical_angle": null, "center_waypoint": null, "center_waypoint_latitude": null, "center_waypoint_longitude": null, "aircraft_category": null}, "geometry": {"type": "MultiPoint", "coordinates": [[101.43331111, 12.60709722]]}}, {"type": "Feature", "properties": {"fid": 4156, "area_code": "PAC", "airport_identifier": "VTBS", "procedure_identifier": "TUMG1D", "route_type": "4", "transition_identifier": "ALEMI", "seqno": 20, "waypoint_icao_code": "VT", "waypoint_identifier": "TUMGA", "waypoint_latitude": 13.35416944, "waypoint_longitude": 101.20104722, "waypoint_description_code": "E", "turn_direction": null, "rnp": null, "path_termination": "TF", "recommanded_navaid": null, "recommanded_navaid_latitude": null, "recommanded_navaid_longitude": null, "arc_radius": null, "theta": null, "rho": null, "magnetic_course": null, "route_distance_holding_distance_time": null, "distance_time": null, "altitude_description": "-", "altitude1": 18000.0, "altitude2": null, "transition_altitude": null, "speed_limit_description": "-", "speed_limit": 280.0, "vertical_angle": null, "center_waypoint": null, "center_waypoint_latitude": null, "center_waypoint_longitude": null, "aircraft_category": null}, "geometry": {"type": "MultiPoint", "coordinates": [[101.20104722, 13.35416944]]}}, {"type": "Feature", "properties": {"fid": 4158, "area_code": "PAC", "airport_identifier": "VTBS", "procedure_identifier": "TUMG1D", "route_type": "4", "transition_identifier": "ANREN", "seqno": 10, "waypoint_icao_code": "VT", "waypoint_identifier": "ANREN", "waypoint_latitude": 13.87013333, "waypoint_longitude": 102.31054167, "waypoint_description_code": "E", "turn_direction": null, "rnp": null, "path_termination": "IF", "recommanded_navaid": null, "recommanded_navaid_latitude": null, "recommanded_navaid_longitude": null, "arc_radius": null, "theta": null, "rho": null, "magnetic_course": null, "route_distance_holding_distance_time": null, "distance_time": null, "altitude_description": null, "altitude1": null, "altitude2": null, "transition_altitude": null, "speed_limit_description": null, "speed_limit": null, "vertical_angle": null, "center_waypoint": null, "center_waypoint_latitude": null, "center_waypoint_longitude": null, "aircraft_category": null}, "geometry": {"type": "MultiPoint", "coordinates": [[102.31054167, 13.87013333]]}}, {"type": "Feature", "properties": {"fid": 4159, "area_code": "PAC", "airport_identifier": "VTBS", "procedure_identifier": "TUMG1D", "route_type": "4", "transition_identifier": "ANREN", "seqno": 20, "waypoint_icao_code": "VT", "waypoint_identifier": "GOMES", "waypoint_latitude": 13.40169444, "waypoint_longitude": 101.58491667, "waypoint_description_code": "E", "turn_direction": null, "rnp": null, "path_termination": "TF", "recommanded_navaid": null, "recommanded_navaid_latitude": null, "recommanded_navaid_longitude": null, "arc_radius": null, "theta": null, "rho": null, "magnetic_course": null, "route_distance_holding_distance_time": null, "distance_time": null, "altitude_description": null, "altitude1": null, "altitude2": null, "transition_altitude": null, "speed_limit_description": null, "speed_limit": null, "vertical_angle": null, "center_waypoint": null, "center_waypoint_latitude": null, "center_waypoint_longitude": null, "aircraft_category": null}, "geometry": {"type": "MultiPoint", "coordinates": [[101.58491667, 13.40169444]]}}, {"type": "Feature", "properties": {"fid": 4160, "area_code": "PAC", "airport_identifier": "VTBS", "procedure_identifier": "TUMG1D", "route_type": "4", "transition_identifier": "ANREN", "seqno": 30, "waypoint_icao_code": "VT", "waypoint_identifier": "TUMGA", "waypoint_latitude": 13.35416944, "waypoint_longitude": 101.20104722, "waypoint_description_code": "E", "turn_direction": null, "rnp": null, "path_termination": "TF", "recommanded_navaid": null, "recommanded_navaid_latitude": null, "recommanded_navaid_longitude": null, "arc_radius": null, "theta": null, "rho": null, "magnetic_course": null, "route_distance_holding_distance_time": null, "distance_time": null, "altitude_description": "-", "altitude1": 18000.0, "altitude2": null, "transition_altitude": null, "speed_limit_description": "-", "speed_limit": 280.0, "vertical_angle": null, "center_waypoint": null, "center_waypoint_latitude": null, "center_waypoint_longitude": null, "aircraft_category": null}, "geometry": {"type": "MultiPoint", "coordinates": [[101.20104722, 13.35416944]]}}, {"type": "Feature", "properties": {"fid": 4162, "area_code": "PAC", "airport_identifier": "VTBS", "procedure_identifier": "TUMG1D", "route_type": "4", "transition_identifier": "BUT", "seqno": 10, "waypoint_icao_code": "VT", "waypoint_identifier": "BUT", "waypoint_latitude": 12.66666667, "waypoint_longitude": 101.00047222, "waypoint_description_code": "E", "turn_direction": null, "rnp": null, "path_termination": "IF", "recommanded_navaid": null, "recommanded_navaid_latitude": null, "recommanded_navaid_longitude": null, "arc_radius": null, "theta": null, "rho": null, "magnetic_course": null, "route_distance_holding_distance_time": null, "distance_time": null, "altitude_description": null, "altitude1": null, "altitude2": null, "transition_altitude": null, "speed_limit_description": null, "speed_limit": null, "vertical_angle": null, "center_waypoint": null, "center_waypoint_latitude": null, "center_waypoint_longitude": null, "aircraft_category": null}, "geometry": {"type": "MultiPoint", "coordinates": [[101.00047222, 12.66666667]]}}, {"type": "Feature", "properties": {"fid": 4163, "area_code": "PAC", "airport_identifier": "VTBS", "procedure_identifier": "TUMG1D", "route_type": "4", "transition_identifier": "BUT", "seqno": 20, "waypoint_icao_code": "VT", "waypoint_identifier": "TUMGA", "waypoint_latitude": 13.35416944, "waypoint_longitude": 101.20104722, "waypoint_description_code": "E", "turn_direction": null, "rnp": null, "path_termination": "TF", "recommanded_navaid": null, "recommanded_navaid_latitude": null, "recommanded_navaid_longitude": null, "arc_radius": null, "theta": null, "rho": null, "magnetic_course": null, "route_distance_holding_distance_time": null, "distance_time": null, "altitude_description": "-", "altitude1": 18000.0, "altitude2": null, "transition_altitude": null, "speed_limit_description": "-", "speed_limit": 280.0, "vertical_angle": null, "center_waypoint": null, "center_waypoint_latitude": null, "center_waypoint_longitude": null, "aircraft_category": null}, "geometry": {"type": "MultiPoint", "coordinates": [[101.20104722, 13.35416944]]}}, {"type": "Feature", "properties": {"fid": 4165, "area_code": "PAC", "airport_identifier": "VTBS", "procedure_identifier": "TUMG1D", "route_type": "4", "transition_identifier": "DULEM", "seqno": 10, "waypoint_icao_code": "VT", "waypoint_identifier": "DULEM", "waypoint_latitude": 13.73766111, "waypoint_longitude": 102.23326389, "waypoint_description_code": "E", "turn_direction": null, "rnp": null, "path_termination": "IF", "recommanded_navaid": null, "recommanded_navaid_latitude": null, "recommanded_navaid_longitude": null, "arc_radius": null, "theta": null, "rho": null, "magnetic_course": null, "route_distance_holding_distance_time": null, "distance_time": null, "altitude_description": null, "altitude1": null, "altitude2": null, "transition_altitude": null, "speed_limit_description": null, "speed_limit": null, "vertical_angle": null, "center_waypoint": null, "center_waypoint_latitude": null, "center_waypoint_longitude": null, "aircraft_category": null}, "geometry": {"type": "MultiPoint", "coordinates": [[102.23326389, 13.73766111]]}}, {"type": "Feature", "properties": {"fid": 4166, "area_code": "PAC", "airport_identifier": "VTBS", "procedure_identifier": "TUMG1D", "route_type": "4", "transition_identifier": "DULEM", "seqno": 20, "waypoint_icao_code": "VT", "waypoint_identifier": "GOMES", "waypoint_latitude": 13.40169444, "waypoint_longitude": 101.58491667, "waypoint_description_code": "E", "turn_direction": null, "rnp": null, "path_termination": "TF", "recommanded_navaid": null, "recommanded_navaid_latitude": null, "recommanded_navaid_longitude": null, "arc_radius": null, "theta": null, "rho": null, "magnetic_course": null, "route_distance_holding_distance_time": null, "distance_time": null, "altitude_description": null, "altitude1": null, "altitude2": null, "transition_altitude": null, "speed_limit_description": null, "speed_limit": null, "vertical_angle": null, "center_waypoint": null, "center_waypoint_latitude": null, "center_waypoint_longitude": null, "aircraft_category": null}, "geometry": {"type": "MultiPoint", "coordinates": [[101.58491667, 13.40169444]]}}, {"type": "Feature", "properties": {"fid": 4167, "area_code": "PAC", "airport_identifier": "VTBS", "procedure_identifier": "TUMG1D", "route_type": "4", "transition_identifier": "DULEM", "seqno": 30, "waypoint_icao_code": "VT", "waypoint_identifier": "TUMGA", "waypoint_latitude": 13.35416944, "waypoint_longitude": 101.20104722, "waypoint_description_code": "E", "turn_direction": null, "rnp": null, "path_termination": "TF", "recommanded_navaid": null, "recommanded_navaid_latitude": null, "recommanded_navaid_longitude": null, "arc_radius": null, "theta": null, "rho": null, "magnetic_course": null, "route_distance_holding_distance_time": null, "distance_time": null, "altitude_description": "-", "altitude1": 18000.0, "altitude2": null, "transition_altitude": null, "speed_limit_description": "-", "speed_limit": 280.0, "vertical_angle": null, "center_waypoint": null, "center_waypoint_latitude": null, "center_waypoint_longitude": null, "aircraft_category": null}, "geometry": {"type": "MultiPoint", "coordinates": [[101.20104722, 13.35416944]]}}, {"type": "Feature", "properties": {"fid": 4169, "area_code": "PAC", "airport_identifier": "VTBS", "procedure_identifier": "TUMG1D", "route_type": "4", "transition_identifier": "GOMES", "seqno": 10, "waypoint_icao_code": "VT", "waypoint_identifier": "GOMES", "waypoint_latitude": 13.40169444, "waypoint_longitude": 101.58491667, "waypoint_description_code": "E", "turn_direction": null, "rnp": null, "path_termination": "IF", "recommanded_navaid": null, "recommanded_navaid_latitude": null, "recommanded_navaid_longitude": null, "arc_radius": null, "theta": null, "rho": null, "magnetic_course": null, "route_distance_holding_distance_time": null, "distance_time": null, "altitude_description": null, "altitude1": null, "altitude2": null, "transition_altitude": null, "speed_limit_description": null, "speed_limit": null, "vertical_angle": null, "center_waypoint": null, "center_waypoint_latitude": null, "center_waypoint_longitude": null, "aircraft_category": null}, "geometry": {"type": "MultiPoint", "coordinates": [[101.58491667, 13.40169444]]}}, {"type": "Feature", "properties": {"fid": 4170, "area_code": "PAC", "airport_identifier": "VTBS", "procedure_identifier": "TUMG1D", "route_type": "4", "transition_identifier": "GOMES", "seqno": 20, "waypoint_icao_code": "VT", "waypoint_identifier": "TUMGA", "waypoint_latitude": 13.35416944, "waypoint_longitude": 101.20104722, "waypoint_description_code": "E", "turn_direction": null, "rnp": null, "path_termination": "TF", "recommanded_navaid": null, "recommanded_navaid_latitude": null, "recommanded_navaid_longitude": null, "arc_radius": null, "theta": null, "rho": null, "magnetic_course": null, "route_distance_holding_distance_time": null, "distance_time": null, "altitude_description": "-", "altitude1": 18000.0, "altitude2": null, "transition_altitude": null, "speed_limit_description": "-", "speed_limit": 280.0, "vertical_angle": null, "center_waypoint": null, "center_waypoint_latitude": null, "center_waypoint_longitude": null, "aircraft_category": null}, "geometry": {"type": "MultiPoint", "coordinates": [[101.20104722, 13.35416944]]}}, {"type": "Feature", "properties": {"fid": 4172, "area_code": "PAC", "airport_identifier": "VTBS", "procedure_identifier": "TUMG1D", "route_type": "4", "transition_identifier": "NUGPA", "seqno": 10, "waypoint_icao_code": "VT", "waypoint_identifier": "NUGPA", "waypoint_latitude": 13.04837778, "waypoint_longitude": 101.83313611, "waypoint_description_code": "E", "turn_direction": null, "rnp": null, "path_termination": "IF", "recommanded_navaid": null, "recommanded_navaid_latitude": null, "recommanded_navaid_longitude": null, "arc_radius": null, "theta": null, "rho": null, "magnetic_course": null, "route_distance_holding_distance_time": null, "distance_time": null, "altitude_description": null, "altitude1": null, "altitude2": null, "transition_altitude": null, "speed_limit_description": null, "speed_limit": null, "vertical_angle": null, "center_waypoint": null, "center_waypoint_latitude": null, "center_waypoint_longitude": null, "aircraft_category": null}, "geometry": {"type": "MultiPoint", "coordinates": [[101.83313611, 13.04837778]]}}, {"type": "Feature", "properties": {"fid": 4173, "area_code": "PAC", "airport_identifier": "VTBS", "procedure_identifier": "TUMG1D", "route_type": "4", "transition_identifier": "NUGPA", "seqno": 20, "waypoint_icao_code": "VT", "waypoint_identifier": "TUMGA", "waypoint_latitude": 13.35416944, "waypoint_longitude": 101.20104722, "waypoint_description_code": "E", "turn_direction": null, "rnp": null, "path_termination": "TF", "recommanded_navaid": null, "recommanded_navaid_latitude": null, "recommanded_navaid_longitude": null, "arc_radius": null, "theta": null, "rho": null, "magnetic_course": null, "route_distance_holding_distance_time": null, "distance_time": null, "altitude_description": "-", "altitude1": 18000.0, "altitude2": null, "transition_altitude": null, "speed_limit_description": "-", "speed_limit": 280.0, "vertical_angle": null, "center_waypoint": null, "center_waypoint_latitude": null, "center_waypoint_longitude": null, "aircraft_category": null}, "geometry": {"type": "MultiPoint", "coordinates": [[101.20104722, 13.35416944]]}}, {"type": "Feature", "properties": {"fid": 4175, "area_code": "PAC", "airport_identifier": "VTBS", "procedure_identifier": "TUMG1D", "route_type": "4", "transition_identifier": "RYN", "seqno": 10, "waypoint_icao_code": "VT", "waypoint_identifier": "RYN", "waypoint_latitude": 12.77863889, "waypoint_longitude": 101.67644444, "waypoint_description_code": "E", "turn_direction": null, "rnp": null, "path_termination": "IF", "recommanded_navaid": null, "recommanded_navaid_latitude": null, "recommanded_navaid_longitude": null, "arc_radius": null, "theta": null, "rho": null, "magnetic_course": null, "route_distance_holding_distance_time": null, "distance_time": null, "altitude_description": null, "altitude1": null, "altitude2": null, "transition_altitude": null, "speed_limit_description": null, "speed_limit": null, "vertical_angle": null, "center_waypoint": null, "center_waypoint_latitude": null, "center_waypoint_longitude": null, "aircraft_category": null}, "geometry": {"type": "MultiPoint", "coordinates": [[101.67644444, 12.77863889]]}}, {"type": "Feature", "properties": {"fid": 4176, "area_code": "PAC", "airport_identifier": "VTBS", "procedure_identifier": "TUMG1D", "route_type": "4", "transition_identifier": "RYN", "seqno": 20, "waypoint_icao_code": "VT", "waypoint_identifier": "TUMGA", "waypoint_latitude": 13.35416944, "waypoint_longitude": 101.20104722, "waypoint_description_code": "E", "turn_direction": null, "rnp": null, "path_termination": "TF", "recommanded_navaid": null, "recommanded_navaid_latitude": null, "recommanded_navaid_longitude": null, "arc_radius": null, "theta": null, "rho": null, "magnetic_course": null, "route_distance_holding_distance_time": null, "distance_time": null, "altitude_description": "-", "altitude1": 18000.0, "altitude2": null, "transition_altitude": null, "speed_limit_description": "-", "speed_limit": 280.0, "vertical_angle": null, "center_waypoint": null, "center_waypoint_latitude": null, "center_waypoint_longitude": null, "aircraft_category": null}, "geometry": {"type": "MultiPoint", "coordinates": [[101.20104722, 13.35416944]]}}, {"type": "Feature", "properties": {"fid": 4178, "area_code": "PAC", "airport_identifier": "VTBS", "procedure_identifier": "TUMG1D", "route_type": "5", "transition_identifier": null, "seqno": 10, "waypoint_icao_code": "VT", "waypoint_identifier": "TUMGA", "waypoint_latitude": 13.35416944, "waypoint_longitude": 101.20104722, "waypoint_description_code": "E", "turn_direction": null, "rnp": null, "path_termination": "IF", "recommanded_navaid": null, "recommanded_navaid_latitude": null, "recommanded_navaid_longitude": null, "arc_radius": null, "theta": null, "rho": null, "magnetic_course": null, "route_distance_holding_distance_time": null, "distance_time": null, "altitude_description": "-", "altitude1": 18000.0, "altitude2": null, "transition_altitude": null, "speed_limit_description": "-", "speed_limit": 280.0, "vertical_angle": null, "center_waypoint": null, "center_waypoint_latitude": null, "center_waypoint_longitude": null, "aircraft_category": null}, "geometry": {"type": "MultiPoint", "coordinates": [[101.20104722, 13.35416944]]}}, {"type": "Feature", "properties": {"fid": 4179, "area_code": "PAC", "airport_identifier": "VTBS", "procedure_identifier": "TUMG1D", "route_type": "5", "transition_identifier": null, "seqno": 20, "waypoint_icao_code": "VT", "waypoint_identifier": "BS414", "waypoint_latitude": 13.57098333, "waypoint_longitude": 101.18655, "waypoint_description_code": "E", "turn_direction": null, "rnp": null, "path_termination": "TF", "recommanded_navaid": null, "recommanded_navaid_latitude": null, "recommanded_navaid_longitude": null, "arc_radius": null, "theta": null, "rho": null, "magnetic_course": null, "route_distance_holding_distance_time": null, "distance_time": null, "altitude_description": null, "altitude1": null, "altitude2": null, "transition_altitude": null, "speed_limit_description": "-", "speed_limit": 250.0, "vertical_angle": null, "center_waypoint": null, "center_waypoint_latitude": null, "center_waypoint_longitude": null, "aircraft_category": null}, "geometry": {"type": "MultiPoint", "coordinates": [[101.18655, 13.57098333]]}}, {"type": "Feature", "properties": {"fid": 4180, "area_code": "PAC", "airport_identifier": "VTBS", "procedure_identifier": "TUMG1D", "route_type": "5", "transition_identifier": null, "seqno": 30, "waypoint_icao_code": "VT", "waypoint_identifier": "BS413", "waypoint_latitude": 13.61445, "waypoint_longitude": 101.02133056, "waypoint_description_code": "E", "turn_direction": null, "rnp": null, "path_termination": "TF", "recommanded_navaid": null, "recommanded_navaid_latitude": null, "recommanded_navaid_longitude": null, "arc_radius": null, "theta": null, "rho": null, "magnetic_course": null, "route_distance_holding_distance_time": null, "distance_time": null, "altitude_description": null, "altitude1": null, "altitude2": null, "transition_altitude": null, "speed_limit_description": null, "speed_limit": null, "vertical_angle": null, "center_waypoint": null, "center_waypoint_latitude": null, "center_waypoint_longitude": null, "aircraft_category": null}, "geometry": {"type": "MultiPoint", "coordinates": [[101.02133056, 13.61445]]}}, {"type": "Feature", "properties": {"fid": 4181, "area_code": "PAC", "airport_identifier": "VTBS", "procedure_identifier": "TUMG1D", "route_type": "5", "transition_identifier": null, "seqno": 40, "waypoint_icao_code": "VT", "waypoint_identifier": "BS412", "waypoint_latitude": 13.63181667, "waypoint_longitude": 100.95519722, "waypoint_description_code": "E", "turn_direction": null, "rnp": null, "path_termination": "TF", "recommanded_navaid": null, "recommanded_navaid_latitude": null, "recommanded_navaid_longitude": null, "arc_radius": null, "theta": null, "rho": null, "magnetic_course": null, "route_distance_holding_distance_time": null, "distance_time": null, "altitude_description": "+", "altitude1": 11000.0, "altitude2": null, "transition_altitude": null, "speed_limit_description": null, "speed_limit": null, "vertical_angle": null, "center_waypoint": null, "center_waypoint_latitude": null, "center_waypoint_longitude": null, "aircraft_category": null}, "geometry": {"type": "MultiPoint", "coordinates": [[100.95519722, 13.63181667]]}}, {"type": "Feature", "properties": {"fid": 4182, "area_code": "PAC", "airport_identifier": "VTBS", "procedure_identifier": "TUMG1D", "route_type": "5", "transition_identifier": null, "seqno": 50, "waypoint_icao_code": "VT", "waypoint_identifier": "BS411", "waypoint_latitude": 13.66216111, "waypoint_longitude": 100.83945278, "waypoint_description_code": "E", "turn_direction": null, "rnp": null, "path_termination": "TF", "recommanded_navaid": null, "recommanded_navaid_latitude": null, "recommanded_navaid_longitude": null, "arc_radius": null, "theta": null, "rho": null, "magnetic_course": null, "route_distance_holding_distance_time": null, "distance_time": null, "altitude_description": null, "altitude1": null, "altitude2": null, "transition_altitude": null, "speed_limit_description": "-", "speed_limit": 220.0, "vertical_angle": null, "center_waypoint": null, "center_waypoint_latitude": null, "center_waypoint_longitude": null, "aircraft_category": null}, "geometry": {"type": "MultiPoint", "coordinates": [[100.83945278, 13.66216111]]}}, {"type": "Feature", "properties": {"fid": 4183, "area_code": "PAC", "airport_identifier": "VTBS", "procedure_identifier": "TUMG1D", "route_type": "5", "transition_identifier": null, "seqno": 60, "waypoint_icao_code": "VT", "waypoint_identifier": "BS410", "waypoint_latitude": 13.46623889, "waypoint_longitude": 100.78587222, "waypoint_description_code": "E", "turn_direction": null, "rnp": null, "path_termination": "TF", "recommanded_navaid": null, "recommanded_navaid_latitude": null, "recommanded_navaid_longitude": null, "arc_radius": null, "theta": null, "rho": null, "magnetic_course": null, "route_distance_holding_distance_time": null, "distance_time": null, "altitude_description": null, "altitude1": null, "altitude2": null, "transition_altitude": null, "speed_limit_description": null, "speed_limit": null, "vertical_angle": null, "center_waypoint": null, "center_waypoint_latitude": null, "center_waypoint_longitude": null, "aircraft_category": null}, "geometry": {"type": "MultiPoint", "coordinates": [[100.78587222, 13.46623889]]}}, {"type": "Feature", "properties": {"fid": 4184, "area_code": "PAC", "airport_identifier": "VTBS", "procedure_identifier": "TUMG1D", "route_type": "5", "transition_identifier": null, "seqno": 70, "waypoint_icao_code": "VT", "waypoint_identifier": "ENKAA", "waypoint_latitude": 13.38546111, "waypoint_longitude": 100.763725, "waypoint_description_code": "E", "turn_direction": null, "rnp": null, "path_termination": "TF", "recommanded_navaid": null, "recommanded_navaid_latitude": null, "recommanded_navaid_longitude": null, "arc_radius": null, "theta": null, "rho": null, "magnetic_course": null, "route_distance_holding_distance_time": null, "distance_time": null, "altitude_description": "+", "altitude1": 3000.0, "altitude2": null, "transition_altitude": null, "speed_limit_description": null, "speed_limit": null, "vertical_angle": null, "center_waypoint": null, "center_waypoint_latitude": null, "center_waypoint_longitude": null, "aircraft_category": null}, "geometry": {"type": "MultiPoint", "coordinates": [[100.763725, 13.38546111]]}}, {"type": "Feature", "properties": {"fid": 4186, "area_code": "PAC", "airport_identifier": "VTBS", "procedure_identifier": "TUMG1D", "route_type": "6", "transition_identifier": "RW01", "seqno": 10, "waypoint_icao_code": "VT", "waypoint_identifier": "ENKAA", "waypoint_latitude": 13.38546111, "waypoint_longitude": 100.763725, "waypoint_description_code": "E", "turn_direction": null, "rnp": null, "path_termination": "IF", "recommanded_navaid": null, "recommanded_navaid_latitude": null, "recommanded_navaid_longitude": null, "arc_radius": null, "theta": null, "rho": null, "magnetic_course": null, "route_distance_holding_distance_time": null, "distance_time": null, "altitude_description": "+", "altitude1": 3000.0, "altitude2": null, "transition_altitude": null, "speed_limit_description": null, "speed_limit": null, "vertical_angle": null, "center_waypoint": null, "center_waypoint_latitude": null, "center_waypoint_longitude": null, "aircraft_category": null}, "geometry": {"type": "MultiPoint", "coordinates": [[100.763725, 13.38546111]]}}, {"type": "Feature", "properties": {"fid": 4187, "area_code": "PAC", "airport_identifier": "VTBS", "procedure_identifier": "TUMG1D", "route_type": "6", "transition_identifier": "RW01", "seqno": 20, "waypoint_icao_code": null, "waypoint_identifier": null, "waypoint_latitude": null, "waypoint_longitude": null, "waypoint_description_code": null, "turn_direction": null, "rnp": null, "path_termination": "VM", "recommanded_navaid": null, "recommanded_navaid_latitude": null, "recommanded_navaid_longitude": null, "arc_radius": null, "theta": null, "rho": null, "magnetic_course": 195.0, "route_distance_holding_distance_time": null, "distance_time": null, "altitude_description": null, "altitude1": null, "altitude2": null, "transition_altitude": null, "speed_limit_description": null, "speed_limit": null, "vertical_angle": null, "center_waypoint": null, "center_waypoint_latitude": null, "center_waypoint_longitude": null, "aircraft_category": null}, "geometry": {"type": "MultiPoint", "coordinates": []}}, {"type": "Feature", "properties": {"fid": 4188, "area_code": "PAC", "airport_identifier": "VTBS", "procedure_identifier": "TUMG1D", "route_type": "6", "transition_identifier": "RW02B", "seqno": 10, "waypoint_icao_code": "VT", "waypoint_identifier": "ENKAA", "waypoint_latitude": 13.38546111, "waypoint_longitude": 100.763725, "waypoint_description_code": "E", "turn_direction": null, "rnp": null, "path_termination": "IF", "recommanded_navaid": null, "recommanded_navaid_latitude": null, "recommanded_navaid_longitude": null, "arc_radius": null, "theta": null, "rho": null, "magnetic_course": null, "route_distance_holding_distance_time": null, "distance_time": null, "altitude_description": "+", "altitude1": 3000.0, "altitude2": null, "transition_altitude": null, "speed_limit_description": null, "speed_limit": null, "vertical_angle": null, "center_waypoint": null, "center_waypoint_latitude": null, "center_waypoint_longitude": null, "aircraft_category": null}, "geometry": {"type": "MultiPoint", "coordinates": [[100.763725, 13.38546111]]}}, {"type": "Feature", "properties": {"fid": 4189, "area_code": "PAC", "airport_identifier": "VTBS", "procedure_identifier": "TUMG1D", "route_type": "6", "transition_identifier": "RW02B", "seqno": 20, "waypoint_icao_code": null, "waypoint_identifier": null, "waypoint_latitude": null, "waypoint_longitude": null, "waypoint_description_code": null, "turn_direction": null, "rnp": null, "path_termination": "VM", "recommanded_navaid": null, "recommanded_navaid_latitude": null, "recommanded_navaid_longitude": null, "arc_radius": null, "theta": null, "rho": null, "magnetic_course": 195.0, "route_distance_holding_distance_time": null, "distance_time": null, "altitude_description": null, "altitude1": null, "altitude2": null, "transition_altitude": null, "speed_limit_description": null, "speed_limit": null, "vertical_angle": null, "center_waypoint": null, "center_waypoint_latitude": null, "center_waypoint_longitude": null, "aircraft_category": null}, "geometry": {"type": "MultiPoint", "coordinates": []}}, {"type": "Feature", "properties": {"fid": 4190, "area_code": "PAC", "airport_identifier": "VTSB", "procedure_identifier": "IDNA1A", "route_type": "5", "transition_identifier": "RW22", "seqno": 10, "waypoint_icao_code": "VT", "waypoint_identifier": "IDNAR", "waypoint_latitude": 8.72881389, "waypoint_longitude": 99.25661944, "waypoint_description_code": "E", "turn_direction": null, "rnp": null, "path_termination": "IF", "recommanded_navaid": null, "recommanded_navaid_latitude": null, "recommanded_navaid_longitude": null, "arc_radius": null, "theta": null, "rho": null, "magnetic_course": null, "route_distance_holding_distance_time": null, "distance_time": null, "altitude_description": "+", "altitude1": 13000.0, "altitude2": null, "transition_altitude": null, "speed_limit_description": null, "speed_limit": null, "vertical_angle": null, "center_waypoint": null, "center_waypoint_latitude": null, "center_waypoint_longitude": null, "aircraft_category": null}, "geometry": {"type": "MultiPoint", "coordinates": [[99.25661944, 8.72881389]]}}, {"type": "Feature", "properties": {"fid": 4191, "area_code": "PAC", "airport_identifier": "VTSB", "procedure_identifier": "IDNA1A", "route_type": "5", "transition_identifier": "RW22", "seqno": 20, "waypoint_icao_code": "VT", "waypoint_identifier": "SB205", "waypoint_latitude": 8.99123056, "waypoint_longitude": 99.32623333, "waypoint_description_code": "E", "turn_direction": null, "rnp": null, "path_termination": "TF", "recommanded_navaid": null, "recommanded_navaid_latitude": null, "recommanded_navaid_longitude": null, "arc_radius": null, "theta": null, "rho": null, "magnetic_course": null, "route_distance_holding_distance_time": null, "distance_time": null, "altitude_description": "+", "altitude1": 11000.0, "altitude2": null, "transition_altitude": null, "speed_limit_description": null, "speed_limit": null, "vertical_angle": null, "center_waypoint": null, "center_waypoint_latitude": null, "center_waypoint_longitude": null, "aircraft_category": null}, "geometry": {"type": "MultiPoint", "coordinates": [[99.32623333, 8.99123056]]}}, {"type": "Feature", "properties": {"fid": 4192, "area_code": "PAC", "airport_identifier": "VTSB", "procedure_identifier": "IDNA1A", "route_type": "5", "transition_identifier": "RW22", "seqno": 30, "waypoint_icao_code": "VT", "waypoint_identifier": "IBIGA", "waypoint_latitude": 9.12321944, "waypoint_longitude": 99.45541667, "waypoint_description_code": "E", "turn_direction": null, "rnp": null, "path_termination": "TF", "recommanded_navaid": null, "recommanded_navaid_latitude": null, "recommanded_navaid_longitude": null, "arc_radius": null, "theta": null, "rho": null, "magnetic_course": null, "route_distance_holding_distance_time": null, "distance_time": null, "altitude_description": "-", "altitude1": 7000.0, "altitude2": null, "transition_altitude": null, "speed_limit_description": null, "speed_limit": null, "vertical_angle": null, "center_waypoint": null, "center_waypoint_latitude": null, "center_waypoint_longitude": null, "aircraft_category": null}, "geometry": {"type": "MultiPoint", "coordinates": [[99.45541667, 9.12321944]]}}, {"type": "Feature", "properties": {"fid": 4193, "area_code": "PAC", "airport_identifier": "VTSB", "procedure_identifier": "IDNA1A", "route_type": "5", "transition_identifier": "RW22", "seqno": 40, "waypoint_icao_code": "VT", "waypoint_identifier": "ELNON", "waypoint_latitude": 9.20496667, "waypoint_longitude": 99.37088333, "waypoint_description_code": "E", "turn_direction": null, "rnp": null, "path_termination": "TF", "recommanded_navaid": null, "recommanded_navaid_latitude": null, "recommanded_navaid_longitude": null, "arc_radius": null, "theta": null, "rho": null, "magnetic_course": null, "route_distance_holding_distance_time": null, "distance_time": null, "altitude_description": "-", "altitude1": 5000.0, "altitude2": null, "transition_altitude": null, "speed_limit_description": "-", "speed_limit": 230.0, "vertical_angle": null, "center_waypoint": null, "center_waypoint_latitude": null, "center_waypoint_longitude": null, "aircraft_category": null}, "geometry": {"type": "MultiPoint", "coordinates": [[99.37088333, 9.20496667]]}}, {"type": "Feature", "properties": {"fid": 4194, "area_code": "PAC", "airport_identifier": "VTSB", "procedure_identifier": "IDNA1A", "route_type": "5", "transition_identifier": "RW22", "seqno": 50, "waypoint_icao_code": "VT", "waypoint_identifier": "GULNA", "waypoint_latitude": 9.28669167, "waypoint_longitude": 99.28631111, "waypoint_description_code": "E", "turn_direction": null, "rnp": null, "path_termination": "TF", "recommanded_navaid": null, "recommanded_navaid_latitude": null, "recommanded_navaid_longitude": null, "arc_radius": null, "theta": null, "rho": null, "magnetic_course": null, "route_distance_holding_distance_time": null, "distance_time": null, "altitude_description": "+", "altitude1": 3000.0, "altitude2": null, "transition_altitude": null, "speed_limit_description": "-", "speed_limit": 230.0, "vertical_angle": null, "center_waypoint": null, "center_waypoint_latitude": null, "center_waypoint_longitude": null, "aircraft_category": null}, "geometry": {"type": "MultiPoint", "coordinates": [[99.28631111, 9.28669167]]}}, {"type": "Feature", "properties": {"fid": 4196, "area_code": "PAC", "airport_identifier": "VTSB", "procedure_identifier": "TAVA1B", "route_type": "5", "transition_identifier": "RW04", "seqno": 10, "waypoint_icao_code": "VT", "waypoint_identifier": "TAVAT", "waypoint_latitude": 8.71571944, "waypoint_longitude": 99.07097778, "waypoint_description_code": "E", "turn_direction": null, "rnp": null, "path_termination": "IF", "recommanded_navaid": null, "recommanded_navaid_latitude": null, "recommanded_navaid_longitude": null, "arc_radius": null, "theta": null, "rho": null, "magnetic_course": null, "route_distance_holding_distance_time": null, "distance_time": null, "altitude_description": "-", "altitude1": 8000.0, "altitude2": null, "transition_altitude": null, "speed_limit_description": null, "speed_limit": null, "vertical_angle": null, "center_waypoint": null, "center_waypoint_latitude": null, "center_waypoint_longitude": null, "aircraft_category": null}, "geometry": {"type": "MultiPoint", "coordinates": [[99.07097778, 8.71571944]]}}, {"type": "Feature", "properties": {"fid": 4197, "area_code": "PAC", "airport_identifier": "VTSB", "procedure_identifier": "TAVA1B", "route_type": "5", "transition_identifier": "RW04", "seqno": 20, "waypoint_icao_code": "VT", "waypoint_identifier": "MULRO", "waypoint_latitude": 8.86365278, "waypoint_longitude": 99.01958333, "waypoint_description_code": "E", "turn_direction": null, "rnp": null, "path_termination": "TF", "recommanded_navaid": null, "recommanded_navaid_latitude": null, "recommanded_navaid_longitude": null, "arc_radius": null, "theta": null, "rho": null, "magnetic_course": null, "route_distance_holding_distance_time": null, "distance_time": null, "altitude_description": "-", "altitude1": 5000.0, "altitude2": null, "transition_altitude": null, "speed_limit_description": "-", "speed_limit": 230.0, "vertical_angle": null, "center_waypoint": null, "center_waypoint_latitude": null, "center_waypoint_longitude": null, "aircraft_category": null}, "geometry": {"type": "MultiPoint", "coordinates": [[99.01958333, 8.86365278]]}}, {"type": "Feature", "properties": {"fid": 4198, "area_code": "PAC", "airport_identifier": "VTSB", "procedure_identifier": "TAVA1B", "route_type": "5", "transition_identifier": "RW04", "seqno": 30, "waypoint_icao_code": "VT", "waypoint_identifier": "METIN", "waypoint_latitude": 8.97443333, "waypoint_longitude": 98.98106944, "waypoint_description_code": "E", "turn_direction": null, "rnp": null, "path_termination": "TF", "recommanded_navaid": null, "recommanded_navaid_latitude": null, "recommanded_navaid_longitude": null, "arc_radius": null, "theta": null, "rho": null, "magnetic_course": null, "route_distance_holding_distance_time": null, "distance_time": null, "altitude_description": "+", "altitude1": 3200.0, "altitude2": null, "transition_altitude": null, "speed_limit_description": "-", "speed_limit": 210.0, "vertical_angle": null, "center_waypoint": null, "center_waypoint_latitude": null, "center_waypoint_longitude": null, "aircraft_category": null}, "geometry": {"type": "MultiPoint", "coordinates": [[98.98106944, 8.97443333]]}}, {"type": "Feature", "properties": {"fid": 4200, "area_code": "PAC", "airport_identifier": "VTBS", "procedure_identifier": "NORT1C", "route_type": "4", "transition_identifier": "ALBOS", "seqno": 10, "waypoint_icao_code": "VT", "waypoint_identifier": "ALBOS", "waypoint_latitude": 14.74491667, "waypoint_longitude": 101.02830556, "waypoint_description_code": "E", "turn_direction": null, "rnp": null, "path_termination": "IF", "recommanded_navaid": null, "recommanded_navaid_latitude": null, "recommanded_navaid_longitude": null, "arc_radius": null, "theta": null, "rho": null, "magnetic_course": null, "route_distance_holding_distance_time": null, "distance_time": null, "altitude_description": null, "altitude1": null, "altitude2": null, "transition_altitude": null, "speed_limit_description": null, "speed_limit": null, "vertical_angle": null, "center_waypoint": null, "center_waypoint_latitude": null, "center_waypoint_longitude": null, "aircraft_category": null}, "geometry": {"type": "MultiPoint", "coordinates": [[101.02830556, 14.74491667]]}}, {"type": "Feature", "properties": {"fid": 4201, "area_code": "PAC", "airport_identifier": "VTBS", "procedure_identifier": "NORT1C", "route_type": "4", "transition_identifier": "ALBOS", "seqno": 20, "waypoint_icao_code": "VT", "waypoint_identifier": "NORTA", "waypoint_latitude": 14.71878889, "waypoint_longitude": 100.63901667, "waypoint_description_code": "E", "turn_direction": null, "rnp": null, "path_termination": "TF", "recommanded_navaid": null, "recommanded_navaid_latitude": null, "recommanded_navaid_longitude": null, "arc_radius": null, "theta": null, "rho": null, "magnetic_course": null, "route_distance_holding_distance_time": null, "distance_time": null, "altitude_description": "-", "altitude1": 18000.0, "altitude2": null, "transition_altitude": null, "speed_limit_description": "-", "speed_limit": 280.0, "vertical_angle": null, "center_waypoint": null, "center_waypoint_latitude": null, "center_waypoint_longitude": null, "aircraft_category": null}, "geometry": {"type": "MultiPoint", "coordinates": [[100.63901667, 14.71878889]]}}, {"type": "Feature", "properties": {"fid": 4203, "area_code": "PAC", "airport_identifier": "VTBS", "procedure_identifier": "NORT1C", "route_type": "4", "transition_identifier": "BLAFF", "seqno": 10, "waypoint_icao_code": "VT", "waypoint_identifier": "BLAFF", "waypoint_latitude": 15.27595833, "waypoint_longitude": 100.29753056, "waypoint_description_code": "E", "turn_direction": null, "rnp": null, "path_termination": "IF", "recommanded_navaid": null, "recommanded_navaid_latitude": null, "recommanded_navaid_longitude": null, "arc_radius": null, "theta": null, "rho": null, "magnetic_course": null, "route_distance_holding_distance_time": null, "distance_time": null, "altitude_description": null, "altitude1": null, "altitude2": null, "transition_altitude": null, "speed_limit_description": null, "speed_limit": null, "vertical_angle": null, "center_waypoint": null, "center_waypoint_latitude": null, "center_waypoint_longitude": null, "aircraft_category": null}, "geometry": {"type": "MultiPoint", "coordinates": [[100.29753056, 15.27595833]]}}, {"type": "Feature", "properties": {"fid": 4204, "area_code": "PAC", "airport_identifier": "VTBS", "procedure_identifier": "NORT1C", "route_type": "4", "transition_identifier": "BLAFF", "seqno": 20, "waypoint_icao_code": "VT", "waypoint_identifier": "NORTA", "waypoint_latitude": 14.71878889, "waypoint_longitude": 100.63901667, "waypoint_description_code": "E", "turn_direction": null, "rnp": null, "path_termination": "TF", "recommanded_navaid": null, "recommanded_navaid_latitude": null, "recommanded_navaid_longitude": null, "arc_radius": null, "theta": null, "rho": null, "magnetic_course": null, "route_distance_holding_distance_time": null, "distance_time": null, "altitude_description": "-", "altitude1": 18000.0, "altitude2": null, "transition_altitude": null, "speed_limit_description": "-", "speed_limit": 280.0, "vertical_angle": null, "center_waypoint": null, "center_waypoint_latitude": null, "center_waypoint_longitude": null, "aircraft_category": null}, "geometry": {"type": "MultiPoint", "coordinates": [[100.63901667, 14.71878889]]}}, {"type": "Feature", "properties": {"fid": 4206, "area_code": "PAC", "airport_identifier": "VTBS", "procedure_identifier": "NORT1C", "route_type": "4", "transition_identifier": "NOBER", "seqno": 10, "waypoint_icao_code": "VT", "waypoint_identifier": "NOBER", "waypoint_latitude": 15.27655556, "waypoint_longitude": 100.66833333, "waypoint_description_code": "E", "turn_direction": null, "rnp": null, "path_termination": "IF", "recommanded_navaid": null, "recommanded_navaid_latitude": null, "recommanded_navaid_longitude": null, "arc_radius": null, "theta": null, "rho": null, "magnetic_course": null, "route_distance_holding_distance_time": null, "distance_time": null, "altitude_description": null, "altitude1": null, "altitude2": null, "transition_altitude": null, "speed_limit_description": null, "speed_limit": null, "vertical_angle": null, "center_waypoint": null, "center_waypoint_latitude": null, "center_waypoint_longitude": null, "aircraft_category": null}, "geometry": {"type": "MultiPoint", "coordinates": [[100.66833333, 15.27655556]]}}, {"type": "Feature", "properties": {"fid": 4207, "area_code": "PAC", "airport_identifier": "VTBS", "procedure_identifier": "NORT1C", "route_type": "4", "transition_identifier": "NOBER", "seqno": 20, "waypoint_icao_code": "VT", "waypoint_identifier": "NORTA", "waypoint_latitude": 14.71878889, "waypoint_longitude": 100.63901667, "waypoint_description_code": "E", "turn_direction": null, "rnp": null, "path_termination": "TF", "recommanded_navaid": null, "recommanded_navaid_latitude": null, "recommanded_navaid_longitude": null, "arc_radius": null, "theta": null, "rho": null, "magnetic_course": null, "route_distance_holding_distance_time": null, "distance_time": null, "altitude_description": "-", "altitude1": 18000.0, "altitude2": null, "transition_altitude": null, "speed_limit_description": "-", "speed_limit": 280.0, "vertical_angle": null, "center_waypoint": null, "center_waypoint_latitude": null, "center_waypoint_longitude": null, "aircraft_category": null}, "geometry": {"type": "MultiPoint", "coordinates": [[100.63901667, 14.71878889]]}}, {"type": "Feature", "properties": {"fid": 4209, "area_code": "PAC", "airport_identifier": "VTBS", "procedure_identifier": "NORT1C", "route_type": "4", "transition_identifier": "SEMBO", "seqno": 10, "waypoint_icao_code": "VT", "waypoint_identifier": "SEMBO", "waypoint_latitude": 14.89976667, "waypoint_longitude": 100.26331111, "waypoint_description_code": "E", "turn_direction": null, "rnp": null, "path_termination": "IF", "recommanded_navaid": null, "recommanded_navaid_latitude": null, "recommanded_navaid_longitude": null, "arc_radius": null, "theta": null, "rho": null, "magnetic_course": null, "route_distance_holding_distance_time": null, "distance_time": null, "altitude_description": null, "altitude1": null, "altitude2": null, "transition_altitude": null, "speed_limit_description": null, "speed_limit": null, "vertical_angle": null, "center_waypoint": null, "center_waypoint_latitude": null, "center_waypoint_longitude": null, "aircraft_category": null}, "geometry": {"type": "MultiPoint", "coordinates": [[100.26331111, 14.89976667]]}}, {"type": "Feature", "properties": {"fid": 4210, "area_code": "PAC", "airport_identifier": "VTBS", "procedure_identifier": "NORT1C", "route_type": "4", "transition_identifier": "SEMBO", "seqno": 20, "waypoint_icao_code": "VT", "waypoint_identifier": "NORTA", "waypoint_latitude": 14.71878889, "waypoint_longitude": 100.63901667, "waypoint_description_code": "E", "turn_direction": null, "rnp": null, "path_termination": "TF", "recommanded_navaid": null, "recommanded_navaid_latitude": null, "recommanded_navaid_longitude": null, "arc_radius": null, "theta": null, "rho": null, "magnetic_course": null, "route_distance_holding_distance_time": null, "distance_time": null, "altitude_description": "-", "altitude1": 18000.0, "altitude2": null, "transition_altitude": null, "speed_limit_description": "-", "speed_limit": 280.0, "vertical_angle": null, "center_waypoint": null, "center_waypoint_latitude": null, "center_waypoint_longitude": null, "aircraft_category": null}, "geometry": {"type": "MultiPoint", "coordinates": [[100.63901667, 14.71878889]]}}, {"type": "Feature", "properties": {"fid": 4212, "area_code": "PAC", "airport_identifier": "VTBS", "procedure_identifier": "NORT1C", "route_type": "5", "transition_identifier": null, "seqno": 10, "waypoint_icao_code": "VT", "waypoint_identifier": "NORTA", "waypoint_latitude": 14.71878889, "waypoint_longitude": 100.63901667, "waypoint_description_code": "E", "turn_direction": null, "rnp": null, "path_termination": "IF", "recommanded_navaid": null, "recommanded_navaid_latitude": null, "recommanded_navaid_longitude": null, "arc_radius": null, "theta": null, "rho": null, "magnetic_course": null, "route_distance_holding_distance_time": null, "distance_time": null, "altitude_description": "-", "altitude1": 18000.0, "altitude2": null, "transition_altitude": null, "speed_limit_description": "-", "speed_limit": 280.0, "vertical_angle": null, "center_waypoint": null, "center_waypoint_latitude": null, "center_waypoint_longitude": null, "aircraft_category": null}, "geometry": {"type": "MultiPoint", "coordinates": [[100.63901667, 14.71878889]]}}, {"type": "Feature", "properties": {"fid": 4213, "area_code": "PAC", "airport_identifier": "VTBS", "procedure_identifier": "NORT1C", "route_type": "5", "transition_identifier": null, "seqno": 20, "waypoint_icao_code": "VT", "waypoint_identifier": "BS519", "waypoint_latitude": 14.57681389, "waypoint_longitude": 100.68273889, "waypoint_description_code": "E", "turn_direction": null, "rnp": null, "path_termination": "TF", "recommanded_navaid": null, "recommanded_navaid_latitude": null, "recommanded_navaid_longitude": null, "arc_radius": null, "theta": null, "rho": null, "magnetic_course": null, "route_distance_holding_distance_time": null, "distance_time": null, "altitude_description": "+", "altitude1": 16000.0, "altitude2": null, "transition_altitude": null, "speed_limit_description": null, "speed_limit": null, "vertical_angle": null, "center_waypoint": null, "center_waypoint_latitude": null, "center_waypoint_longitude": null, "aircraft_category": null}, "geometry": {"type": "MultiPoint", "coordinates": [[100.68273889, 14.57681389]]}}, {"type": "Feature", "properties": {"fid": 4214, "area_code": "PAC", "airport_identifier": "VTBS", "procedure_identifier": "NORT1C", "route_type": "5", "transition_identifier": null, "seqno": 30, "waypoint_icao_code": "VT", "waypoint_identifier": "BS518", "waypoint_latitude": 14.44695833, "waypoint_longitude": 100.72268889, "waypoint_description_code": "E", "turn_direction": null, "rnp": null, "path_termination": "TF", "recommanded_navaid": null, "recommanded_navaid_latitude": null, "recommanded_navaid_longitude": null, "arc_radius": null, "theta": null, "rho": null, "magnetic_course": null, "route_distance_holding_distance_time": null, "distance_time": null, "altitude_description": null, "altitude1": null, "altitude2": null, "transition_altitude": null, "speed_limit_description": "-", "speed_limit": 250.0, "vertical_angle": null, "center_waypoint": null, "center_waypoint_latitude": null, "center_waypoint_longitude": null, "aircraft_category": null}, "geometry": {"type": "MultiPoint", "coordinates": [[100.72268889, 14.44695833]]}}, {"type": "Feature", "properties": {"fid": 4215, "area_code": "PAC", "airport_identifier": "VTBS", "procedure_identifier": "NORT1C", "route_type": "5", "transition_identifier": null, "seqno": 40, "waypoint_icao_code": "VT", "waypoint_identifier": "MEPIN", "waypoint_latitude": 14.25138889, "waypoint_longitude": 100.67111111, "waypoint_description_code": "E", "turn_direction": null, "rnp": null, "path_termination": "TF", "recommanded_navaid": null, "recommanded_navaid_latitude": null, "recommanded_navaid_longitude": null, "arc_radius": null, "theta": null, "rho": null, "magnetic_course": null, "route_distance_holding_distance_time": null, "distance_time": null, "altitude_description": "+", "altitude1": 11000.0, "altitude2": null, "transition_altitude": null, "speed_limit_description": null, "speed_limit": null, "vertical_angle": null, "center_waypoint": null, "center_waypoint_latitude": null, "center_waypoint_longitude": null, "aircraft_category": null}, "geometry": {"type": "MultiPoint", "coordinates": [[100.67111111, 14.25138889]]}}, {"type": "Feature", "properties": {"fid": 4216, "area_code": "PAC", "airport_identifier": "VTBS", "procedure_identifier": "NORT1C", "route_type": "5", "transition_identifier": null, "seqno": 50, "waypoint_icao_code": "VT", "waypoint_identifier": "BS515", "waypoint_latitude": 13.99375556, "waypoint_longitude": 100.60333611, "waypoint_description_code": "E", "turn_direction": null, "rnp": null, "path_termination": "TF", "recommanded_navaid": null, "recommanded_navaid_latitude": null, "recommanded_navaid_longitude": null, "arc_radius": null, "theta": null, "rho": null, "magnetic_course": null, "route_distance_holding_distance_time": null, "distance_time": null, "altitude_description": "+", "altitude1": 9000.0, "altitude2": null, "transition_altitude": null, "speed_limit_description": "-", "speed_limit": 220.0, "vertical_angle": null, "center_waypoint": null, "center_waypoint_latitude": null, "center_waypoint_longitude": null, "aircraft_category": null}, "geometry": {"type": "MultiPoint", "coordinates": [[100.60333611, 13.99375556]]}}, {"type": "Feature", "properties": {"fid": 4217, "area_code": "PAC", "airport_identifier": "VTBS", "procedure_identifier": "NORT1C", "route_type": "5", "transition_identifier": null, "seqno": 60, "waypoint_icao_code": "VT", "waypoint_identifier": "BS514", "waypoint_latitude": 13.96344722, "waypoint_longitude": 100.71924722, "waypoint_description_code": "E", "turn_direction": null, "rnp": null, "path_termination": "TF", "recommanded_navaid": null, "recommanded_navaid_latitude": null, "recommanded_navaid_longitude": null, "arc_radius": null, "theta": null, "rho": null, "magnetic_course": null, "route_distance_holding_distance_time": null, "distance_time": null, "altitude_description": null, "altitude1": null, "altitude2": null, "transition_altitude": null, "speed_limit_description": null, "speed_limit": null, "vertical_angle": null, "center_waypoint": null, "center_waypoint_latitude": null, "center_waypoint_longitude": null, "aircraft_category": null}, "geometry": {"type": "MultiPoint", "coordinates": [[100.71924722, 13.96344722]]}}, {"type": "Feature", "properties": {"fid": 4218, "area_code": "PAC", "airport_identifier": "VTBS", "procedure_identifier": "NORT1C", "route_type": "5", "transition_identifier": null, "seqno": 70, "waypoint_icao_code": "VT", "waypoint_identifier": "ATKIN", "waypoint_latitude": 14.04447222, "waypoint_longitude": 100.74071944, "waypoint_description_code": "E", "turn_direction": "L", "rnp": null, "path_termination": "TF", "recommanded_navaid": null, "recommanded_navaid_latitude": null, "recommanded_navaid_longitude": null, "arc_radius": null, "theta": null, "rho": null, "magnetic_course": null, "route_distance_holding_distance_time": null, "distance_time": null, "altitude_description": "+", "altitude1": 6000.0, "altitude2": null, "transition_altitude": null, "speed_limit_description": null, "speed_limit": null, "vertical_angle": null, "center_waypoint": null, "center_waypoint_latitude": null, "center_waypoint_longitude": null, "aircraft_category": null}, "geometry": {"type": "MultiPoint", "coordinates": [[100.74071944, 14.04447222]]}}, {"type": "Feature", "properties": {"fid": 4220, "area_code": "PAC", "airport_identifier": "VTBS", "procedure_identifier": "NORT1C", "route_type": "6", "transition_identifier": "RW19", "seqno": 10, "waypoint_icao_code": "VT", "waypoint_identifier": "ATKIN", "waypoint_latitude": 14.04447222, "waypoint_longitude": 100.74071944, "waypoint_description_code": "E", "turn_direction": null, "rnp": null, "path_termination": "IF", "recommanded_navaid": null, "recommanded_navaid_latitude": null, "recommanded_navaid_longitude": null, "arc_radius": null, "theta": null, "rho": null, "magnetic_course": null, "route_distance_holding_distance_time": null, "distance_time": null, "altitude_description": "+", "altitude1": 6000.0, "altitude2": null, "transition_altitude": null, "speed_limit_description": null, "speed_limit": null, "vertical_angle": null, "center_waypoint": null, "center_waypoint_latitude": null, "center_waypoint_longitude": null, "aircraft_category": null}, "geometry": {"type": "MultiPoint", "coordinates": [[100.74071944, 14.04447222]]}}, {"type": "Feature", "properties": {"fid": 4221, "area_code": "PAC", "airport_identifier": "VTBS", "procedure_identifier": "NORT1C", "route_type": "6", "transition_identifier": "RW19", "seqno": 20, "waypoint_icao_code": null, "waypoint_identifier": null, "waypoint_latitude": null, "waypoint_longitude": null, "waypoint_description_code": null, "turn_direction": null, "rnp": null, "path_termination": "VM", "recommanded_navaid": null, "recommanded_navaid_latitude": null, "recommanded_navaid_longitude": null, "arc_radius": null, "theta": null, "rho": null, "magnetic_course": 15.0, "route_distance_holding_distance_time": null, "distance_time": null, "altitude_description": null, "altitude1": null, "altitude2": null, "transition_altitude": null, "speed_limit_description": null, "speed_limit": null, "vertical_angle": null, "center_waypoint": null, "center_waypoint_latitude": null, "center_waypoint_longitude": null, "aircraft_category": null}, "geometry": {"type": "MultiPoint", "coordinates": []}}, {"type": "Feature", "properties": {"fid": 4222, "area_code": "PAC", "airport_identifier": "VTBS", "procedure_identifier": "NORT1C", "route_type": "6", "transition_identifier": "RW20B", "seqno": 10, "waypoint_icao_code": "VT", "waypoint_identifier": "ATKIN", "waypoint_latitude": 14.04447222, "waypoint_longitude": 100.74071944, "waypoint_description_code": "E", "turn_direction": null, "rnp": null, "path_termination": "IF", "recommanded_navaid": null, "recommanded_navaid_latitude": null, "recommanded_navaid_longitude": null, "arc_radius": null, "theta": null, "rho": null, "magnetic_course": null, "route_distance_holding_distance_time": null, "distance_time": null, "altitude_description": "+", "altitude1": 6000.0, "altitude2": null, "transition_altitude": null, "speed_limit_description": null, "speed_limit": null, "vertical_angle": null, "center_waypoint": null, "center_waypoint_latitude": null, "center_waypoint_longitude": null, "aircraft_category": null}, "geometry": {"type": "MultiPoint", "coordinates": [[100.74071944, 14.04447222]]}}, {"type": "Feature", "properties": {"fid": 4223, "area_code": "PAC", "airport_identifier": "VTBS", "procedure_identifier": "NORT1C", "route_type": "6", "transition_identifier": "RW20B", "seqno": 20, "waypoint_icao_code": null, "waypoint_identifier": null, "waypoint_latitude": null, "waypoint_longitude": null, "waypoint_description_code": null, "turn_direction": null, "rnp": null, "path_termination": "VM", "recommanded_navaid": null, "recommanded_navaid_latitude": null, "recommanded_navaid_longitude": null, "arc_radius": null, "theta": null, "rho": null, "magnetic_course": 15.0, "route_distance_holding_distance_time": null, "distance_time": null, "altitude_description": null, "altitude1": null, "altitude2": null, "transition_altitude": null, "speed_limit_description": null, "speed_limit": null, "vertical_angle": null, "center_waypoint": null, "center_waypoint_latitude": null, "center_waypoint_longitude": null, "aircraft_category": null}, "geometry": {"type": "MultiPoint", "coordinates": []}}, {"type": "Feature", "properties": {"fid": 4224, "area_code": "PAC", "airport_identifier": "VTUD", "procedure_identifier": "ESGI1C", "route_type": "5", "transition_identifier": "RW30", "seqno": 10, "waypoint_icao_code": "VT", "waypoint_identifier": "ESGIB", "waypoint_latitude": 17.41618056, "waypoint_longitude": 102.25386944, "waypoint_description_code": "E", "turn_direction": null, "rnp": 1.0, "path_termination": "IF", "recommanded_navaid": null, "recommanded_navaid_latitude": null, "recommanded_navaid_longitude": null, "arc_radius": null, "theta": null, "rho": null, "magnetic_course": null, "route_distance_holding_distance_time": null, "distance_time": null, "altitude_description": "+", "altitude1": 11000.0, "altitude2": null, "transition_altitude": null, "speed_limit_description": null, "speed_limit": null, "vertical_angle": null, "center_waypoint": null, "center_waypoint_latitude": null, "center_waypoint_longitude": null, "aircraft_category": null}, "geometry": {"type": "MultiPoint", "coordinates": [[102.25386944, 17.41618056]]}}, {"type": "Feature", "properties": {"fid": 4225, "area_code": "PAC", "airport_identifier": "VTUD", "procedure_identifier": "ESGI1C", "route_type": "5", "transition_identifier": "RW30", "seqno": 20, "waypoint_icao_code": "VT", "waypoint_identifier": "UD307", "waypoint_latitude": 17.34720278, "waypoint_longitude": 102.52083333, "waypoint_description_code": "E", "turn_direction": null, "rnp": 1.0, "path_termination": "TF", "recommanded_navaid": null, "recommanded_navaid_latitude": null, "recommanded_navaid_longitude": null, "arc_radius": null, "theta": null, "rho": null, "magnetic_course": null, "route_distance_holding_distance_time": null, "distance_time": null, "altitude_description": "+", "altitude1": 11000.0, "altitude2": null, "transition_altitude": null, "speed_limit_description": null, "speed_limit": null, "vertical_angle": null, "center_waypoint": null, "center_waypoint_latitude": null, "center_waypoint_longitude": null, "aircraft_category": null}, "geometry": {"type": "MultiPoint", "coordinates": [[102.52083333, 17.34720278]]}}, {"type": "Feature", "properties": {"fid": 4226, "area_code": "PAC", "airport_identifier": "VTUD", "procedure_identifier": "ESGI1C", "route_type": "5", "transition_identifier": "RW30", "seqno": 30, "waypoint_icao_code": "VT", "waypoint_identifier": "MOSDI", "waypoint_latitude": 17.30353611, "waypoint_longitude": 102.68902222, "waypoint_description_code": "E", "turn_direction": null, "rnp": 1.0, "path_termination": "TF", "recommanded_navaid": null, "recommanded_navaid_latitude": null, "recommanded_navaid_longitude": null, "arc_radius": null, "theta": null, "rho": null, "magnetic_course": null, "route_distance_holding_distance_time": null, "distance_time": null, "altitude_description": "+", "altitude1": 10000.0, "altitude2": null, "transition_altitude": null, "speed_limit_description": null, "speed_limit": null, "vertical_angle": null, "center_waypoint": null, "center_waypoint_latitude": null, "center_waypoint_longitude": null, "aircraft_category": null}, "geometry": {"type": "MultiPoint", "coordinates": [[102.68902222, 17.30353611]]}}, {"type": "Feature", "properties": {"fid": 4227, "area_code": "PAC", "airport_identifier": "VTUD", "procedure_identifier": "ESGI1C", "route_type": "5", "transition_identifier": "RW30", "seqno": 40, "waypoint_icao_code": "VT", "waypoint_identifier": "OTLOR", "waypoint_latitude": 17.18798889, "waypoint_longitude": 102.92469167, "waypoint_description_code": "E", "turn_direction": null, "rnp": 1.0, "path_termination": "TF", "recommanded_navaid": null, "recommanded_navaid_latitude": null, "recommanded_navaid_longitude": null, "arc_radius": null, "theta": null, "rho": null, "magnetic_course": null, "route_distance_holding_distance_time": null, "distance_time": null, "altitude_description": "-", "altitude1": 5000.0, "altitude2": null, "transition_altitude": null, "speed_limit_description": "-", "speed_limit": 230.0, "vertical_angle": null, "center_waypoint": null, "center_waypoint_latitude": null, "center_waypoint_longitude": null, "aircraft_category": null}, "geometry": {"type": "MultiPoint", "coordinates": [[102.92469167, 17.18798889]]}}, {"type": "Feature", "properties": {"fid": 4228, "area_code": "PAC", "airport_identifier": "VTUD", "procedure_identifier": "ESGI1C", "route_type": "5", "transition_identifier": "RW30", "seqno": 50, "waypoint_icao_code": "VT", "waypoint_identifier": "MUNUR", "waypoint_latitude": 17.29229444, "waypoint_longitude": 102.98016667, "waypoint_description_code": "E", "turn_direction": null, "rnp": 1.0, "path_termination": "TF", "recommanded_navaid": null, "recommanded_navaid_latitude": null, "recommanded_navaid_longitude": null, "arc_radius": null, "theta": null, "rho": null, "magnetic_course": null, "route_distance_holding_distance_time": null, "distance_time": null, "altitude_description": "+", "altitude1": 3500.0, "altitude2": null, "transition_altitude": null, "speed_limit_description": "-", "speed_limit": 230.0, "vertical_angle": null, "center_waypoint": null, "center_waypoint_latitude": null, "center_waypoint_longitude": null, "aircraft_category": null}, "geometry": {"type": "MultiPoint", "coordinates": [[102.98016667, 17.29229444]]}}, {"type": "Feature", "properties": {"fid": 4230, "area_code": "PAC", "airport_identifier": "VTUU", "procedure_identifier": "VENP1C", "route_type": "5", "transition_identifier": "RW05", "seqno": 10, "waypoint_icao_code": "VT", "waypoint_identifier": "VENPO", "waypoint_latitude": 15.11249444, "waypoint_longitude": 104.36727222, "waypoint_description_code": "E", "turn_direction": null, "rnp": 1.0, "path_termination": "IF", "recommanded_navaid": null, "recommanded_navaid_latitude": null, "recommanded_navaid_longitude": null, "arc_radius": null, "theta": null, "rho": null, "magnetic_course": null, "route_distance_holding_distance_time": null, "distance_time": null, "altitude_description": "-", "altitude1": 10000.0, "altitude2": null, "transition_altitude": null, "speed_limit_description": null, "speed_limit": null, "vertical_angle": null, "center_waypoint": null, "center_waypoint_latitude": null, "center_waypoint_longitude": null, "aircraft_category": null}, "geometry": {"type": "MultiPoint", "coordinates": [[104.36727222, 15.11249444]]}}, {"type": "Feature", "properties": {"fid": 4231, "area_code": "PAC", "airport_identifier": "VTUU", "procedure_identifier": "VENP1C", "route_type": "5", "transition_identifier": "RW05", "seqno": 20, "waypoint_icao_code": "VT", "waypoint_identifier": "GOPVI", "waypoint_latitude": 15.12643056, "waypoint_longitude": 104.53539722, "waypoint_description_code": "E", "turn_direction": null, "rnp": 1.0, "path_termination": "TF", "recommanded_navaid": null, "recommanded_navaid_latitude": null, "recommanded_navaid_longitude": null, "arc_radius": null, "theta": null, "rho": null, "magnetic_course": null, "route_distance_holding_distance_time": null, "distance_time": null, "altitude_description": "-", "altitude1": 7000.0, "altitude2": null, "transition_altitude": null, "speed_limit_description": null, "speed_limit": null, "vertical_angle": null, "center_waypoint": null, "center_waypoint_latitude": null, "center_waypoint_longitude": null, "aircraft_category": null}, "geometry": {"type": "MultiPoint", "coordinates": [[104.53539722, 15.12643056]]}}, {"type": "Feature", "properties": {"fid": 4232, "area_code": "PAC", "airport_identifier": "VTUU", "procedure_identifier": "VENP1C", "route_type": "5", "transition_identifier": "RW05", "seqno": 30, "waypoint_icao_code": "VT", "waypoint_identifier": "ARARA", "waypoint_latitude": 15.13923333, "waypoint_longitude": 104.72536111, "waypoint_description_code": "E", "turn_direction": null, "rnp": 1.0, "path_termination": "TF", "recommanded_navaid": null, "recommanded_navaid_latitude": null, "recommanded_navaid_longitude": null, "arc_radius": null, "theta": null, "rho": null, "magnetic_course": null, "route_distance_holding_distance_time": null, "distance_time": null, "altitude_description": "+", "altitude1": 3000.0, "altitude2": null, "transition_altitude": null, "speed_limit_description": "-", "speed_limit": 230.0, "vertical_angle": null, "center_waypoint": null, "center_waypoint_latitude": null, "center_waypoint_longitude": null, "aircraft_category": null}, "geometry": {"type": "MultiPoint", "coordinates": [[104.72536111, 15.13923333]]}}, {"type": "Feature", "properties": {"fid": 4234, "area_code": "PAC", "airport_identifier": "VTUU", "procedure_identifier": "VENP1D", "route_type": "5", "transition_identifier": "RW23", "seqno": 10, "waypoint_icao_code": "VT", "waypoint_identifier": "VENPO", "waypoint_latitude": 15.11249444, "waypoint_longitude": 104.36727222, "waypoint_description_code": "E", "turn_direction": null, "rnp": 1.0, "path_termination": "IF", "recommanded_navaid": null, "recommanded_navaid_latitude": null, "recommanded_navaid_longitude": null, "arc_radius": null, "theta": null, "rho": null, "magnetic_course": null, "route_distance_holding_distance_time": null, "distance_time": null, "altitude_description": "+", "altitude1": 14000.0, "altitude2": null, "transition_altitude": null, "speed_limit_description": null, "speed_limit": null, "vertical_angle": null, "center_waypoint": null, "center_waypoint_latitude": null, "center_waypoint_longitude": null, "aircraft_category": null}, "geometry": {"type": "MultiPoint", "coordinates": [[104.36727222, 15.11249444]]}}, {"type": "Feature", "properties": {"fid": 4235, "area_code": "PAC", "airport_identifier": "VTUU", "procedure_identifier": "VENP1D", "route_type": "5", "transition_identifier": "RW23", "seqno": 20, "waypoint_icao_code": "VT", "waypoint_identifier": "UBNES", "waypoint_latitude": 15.21876944, "waypoint_longitude": 104.54437778, "waypoint_description_code": "E", "turn_direction": null, "rnp": 1.0, "path_termination": "TF", "recommanded_navaid": null, "recommanded_navaid_latitude": null, "recommanded_navaid_longitude": null, "arc_radius": null, "theta": null, "rho": null, "magnetic_course": null, "route_distance_holding_distance_time": null, "distance_time": null, "altitude_description": "+", "altitude1": 14000.0, "altitude2": null, "transition_altitude": null, "speed_limit_description": null, "speed_limit": null, "vertical_angle": null, "center_waypoint": null, "center_waypoint_latitude": null, "center_waypoint_longitude": null, "aircraft_category": null}, "geometry": {"type": "MultiPoint", "coordinates": [[104.54437778, 15.21876944]]}}, {"type": "Feature", "properties": {"fid": 4236, "area_code": "PAC", "airport_identifier": "VTUU", "procedure_identifier": "VENP1D", "route_type": "5", "transition_identifier": "RW23", "seqno": 30, "waypoint_icao_code": "VT", "waypoint_identifier": "OBKIB", "waypoint_latitude": 15.32014167, "waypoint_longitude": 104.71369444, "waypoint_description_code": "E", "turn_direction": null, "rnp": 1.0, "path_termination": "TF", "recommanded_navaid": null, "recommanded_navaid_latitude": null, "recommanded_navaid_longitude": null, "arc_radius": null, "theta": null, "rho": null, "magnetic_course": null, "route_distance_holding_distance_time": null, "distance_time": null, "altitude_description": "+", "altitude1": 10000.0, "altitude2": null, "transition_altitude": null, "speed_limit_description": null, "speed_limit": null, "vertical_angle": null, "center_waypoint": null, "center_waypoint_latitude": null, "center_waypoint_longitude": null, "aircraft_category": null}, "geometry": {"type": "MultiPoint", "coordinates": [[104.71369444, 15.32014167]]}}, {"type": "Feature", "properties": {"fid": 4237, "area_code": "PAC", "airport_identifier": "VTUU", "procedure_identifier": "VENP1D", "route_type": "5", "transition_identifier": "RW23", "seqno": 40, "waypoint_icao_code": "VT", "waypoint_identifier": "RUSTU", "waypoint_latitude": 15.45683333, "waypoint_longitude": 104.94254722, "waypoint_description_code": "E", "turn_direction": null, "rnp": 1.0, "path_termination": "TF", "recommanded_navaid": null, "recommanded_navaid_latitude": null, "recommanded_navaid_longitude": null, "arc_radius": null, "theta": null, "rho": null, "magnetic_course": null, "route_distance_holding_distance_time": null, "distance_time": null, "altitude_description": "+", "altitude1": 5000.0, "altitude2": null, "transition_altitude": null, "speed_limit_description": null, "speed_limit": null, "vertical_angle": null, "center_waypoint": null, "center_waypoint_latitude": null, "center_waypoint_longitude": null, "aircraft_category": null}, "geometry": {"type": "MultiPoint", "coordinates": [[104.94254722, 15.45683333]]}}, {"type": "Feature", "properties": {"fid": 4238, "area_code": "PAC", "airport_identifier": "VTUU", "procedure_identifier": "VENP1D", "route_type": "5", "transition_identifier": "RW23", "seqno": 50, "waypoint_icao_code": "VT", "waypoint_identifier": "SUNIN", "waypoint_latitude": 15.365125, "waypoint_longitude": 105.01770556, "waypoint_description_code": "E", "turn_direction": null, "rnp": 1.0, "path_termination": "TF", "recommanded_navaid": null, "recommanded_navaid_latitude": null, "recommanded_navaid_longitude": null, "arc_radius": null, "theta": null, "rho": null, "magnetic_course": null, "route_distance_holding_distance_time": null, "distance_time": null, "altitude_description": "+", "altitude1": 3000.0, "altitude2": null, "transition_altitude": null, "speed_limit_description": "-", "speed_limit": 230.0, "vertical_angle": null, "center_waypoint": null, "center_waypoint_latitude": null, "center_waypoint_longitude": null, "aircraft_category": null}, "geometry": {"type": "MultiPoint", "coordinates": [[105.01770556, 15.365125]]}}, {"type": "Feature", "properties": {"fid": 4240, "area_code": "PAC", "airport_identifier": "VTSS", "procedure_identifier": "PIME1A", "route_type": "5", "transition_identifier": "RW26", "seqno": 10, "waypoint_icao_code": "VT", "waypoint_identifier": "PIMER", "waypoint_latitude": 7.51249444, "waypoint_longitude": 100.4135, "waypoint_description_code": "E", "turn_direction": null, "rnp": 1.0, "path_termination": "IF", "recommanded_navaid": null, "recommanded_navaid_latitude": null, "recommanded_navaid_longitude": null, "arc_radius": null, "theta": null, "rho": null, "magnetic_course": null, "route_distance_holding_distance_time": null, "distance_time": null, "altitude_description": "+", "altitude1": 10000.0, "altitude2": null, "transition_altitude": null, "speed_limit_description": null, "speed_limit": null, "vertical_angle": null, "center_waypoint": null, "center_waypoint_latitude": null, "center_waypoint_longitude": null, "aircraft_category": null}, "geometry": {"type": "MultiPoint", "coordinates": [[100.4135, 7.51249444]]}}, {"type": "Feature", "properties": {"fid": 4241, "area_code": "PAC", "airport_identifier": "VTSS", "procedure_identifier": "PIME1A", "route_type": "5", "transition_identifier": "RW26", "seqno": 20, "waypoint_icao_code": "VT", "waypoint_identifier": "SS219", "waypoint_latitude": 7.35319722, "waypoint_longitude": 100.50195278, "waypoint_description_code": "E", "turn_direction": null, "rnp": 1.0, "path_termination": "TF", "recommanded_navaid": null, "recommanded_navaid_latitude": null, "recommanded_navaid_longitude": null, "arc_radius": null, "theta": null, "rho": null, "magnetic_course": null, "route_distance_holding_distance_time": null, "distance_time": null, "altitude_description": "+", "altitude1": 10000.0, "altitude2": null, "transition_altitude": null, "speed_limit_description": null, "speed_limit": null, "vertical_angle": null, "center_waypoint": null, "center_waypoint_latitude": null, "center_waypoint_longitude": null, "aircraft_category": null}, "geometry": {"type": "MultiPoint", "coordinates": [[100.50195278, 7.35319722]]}}, {"type": "Feature", "properties": {"fid": 4242, "area_code": "PAC", "airport_identifier": "VTSS", "procedure_identifier": "PIME1A", "route_type": "5", "transition_identifier": "RW26", "seqno": 30, "waypoint_icao_code": "VT", "waypoint_identifier": "LETMO", "waypoint_latitude": 7.24328889, "waypoint_longitude": 100.56294167, "waypoint_description_code": "E", "turn_direction": null, "rnp": 1.0, "path_termination": "TF", "recommanded_navaid": null, "recommanded_navaid_latitude": null, "recommanded_navaid_longitude": null, "arc_radius": null, "theta": null, "rho": null, "magnetic_course": null, "route_distance_holding_distance_time": null, "distance_time": null, "altitude_description": "+", "altitude1": 8000.0, "altitude2": null, "transition_altitude": null, "speed_limit_description": null, "speed_limit": null, "vertical_angle": null, "center_waypoint": null, "center_waypoint_latitude": null, "center_waypoint_longitude": null, "aircraft_category": null}, "geometry": {"type": "MultiPoint", "coordinates": [[100.56294167, 7.24328889]]}}, {"type": "Feature", "properties": {"fid": 4243, "area_code": "PAC", "airport_identifier": "VTSS", "procedure_identifier": "PIME1A", "route_type": "5", "transition_identifier": "RW26", "seqno": 40, "waypoint_icao_code": "VT", "waypoint_identifier": "KASLA", "waypoint_latitude": 7.07377222, "waypoint_longitude": 100.57760833, "waypoint_description_code": "E", "turn_direction": null, "rnp": 1.0, "path_termination": "TF", "recommanded_navaid": null, "recommanded_navaid_latitude": null, "recommanded_navaid_longitude": null, "arc_radius": null, "theta": null, "rho": null, "magnetic_course": null, "route_distance_holding_distance_time": null, "distance_time": null, "altitude_description": "+", "altitude1": 5000.0, "altitude2": null, "transition_altitude": null, "speed_limit_description": "-", "speed_limit": 230.0, "vertical_angle": null, "center_waypoint": null, "center_waypoint_latitude": null, "center_waypoint_longitude": null, "aircraft_category": null}, "geometry": {"type": "MultiPoint", "coordinates": [[100.57760833, 7.07377222]]}}, {"type": "Feature", "properties": {"fid": 4244, "area_code": "PAC", "airport_identifier": "VTSS", "procedure_identifier": "PIME1A", "route_type": "5", "transition_identifier": "RW26", "seqno": 50, "waypoint_icao_code": "VT", "waypoint_identifier": "RISRO", "waypoint_latitude": 6.95696389, "waypoint_longitude": 100.58771111, "waypoint_description_code": "E", "turn_direction": null, "rnp": 1.0, "path_termination": "TF", "recommanded_navaid": null, "recommanded_navaid_latitude": null, "recommanded_navaid_longitude": null, "arc_radius": null, "theta": null, "rho": null, "magnetic_course": null, "route_distance_holding_distance_time": null, "distance_time": null, "altitude_description": "+", "altitude1": 3000.0, "altitude2": null, "transition_altitude": null, "speed_limit_description": "-", "speed_limit": 230.0, "vertical_angle": null, "center_waypoint": null, "center_waypoint_latitude": null, "center_waypoint_longitude": null, "aircraft_category": null}, "geometry": {"type": "MultiPoint", "coordinates": [[100.58771111, 6.95696389]]}}, {"type": "Feature", "properties": {"fid": 4246, "area_code": "PAC", "airport_identifier": "VTSP", "procedure_identifier": "ONET1D", "route_type": "5", "transition_identifier": "RW27", "seqno": 10, "waypoint_icao_code": "VT", "waypoint_identifier": "ONETI", "waypoint_latitude": 8.29927222, "waypoint_longitude": 98.77586667, "waypoint_description_code": "E", "turn_direction": null, "rnp": null, "path_termination": "IF", "recommanded_navaid": null, "recommanded_navaid_latitude": null, "recommanded_navaid_longitude": null, "arc_radius": null, "theta": null, "rho": null, "magnetic_course": null, "route_distance_holding_distance_time": null, "distance_time": null, "altitude_description": "-", "altitude1": 10000.0, "altitude2": null, "transition_altitude": null, "speed_limit_description": null, "speed_limit": null, "vertical_angle": null, "center_waypoint": null, "center_waypoint_latitude": null, "center_waypoint_longitude": null, "aircraft_category": null}, "geometry": {"type": "MultiPoint", "coordinates": [[98.77586667, 8.29927222]]}}, {"type": "Feature", "properties": {"fid": 4247, "area_code": "PAC", "airport_identifier": "VTSP", "procedure_identifier": "ONET1D", "route_type": "5", "transition_identifier": "RW27", "seqno": 20, "waypoint_icao_code": "VT", "waypoint_identifier": "SP112", "waypoint_latitude": 8.14363056, "waypoint_longitude": 98.64130278, "waypoint_description_code": "E", "turn_direction": null, "rnp": null, "path_termination": "TF", "recommanded_navaid": null, "recommanded_navaid_latitude": null, "recommanded_navaid_longitude": null, "arc_radius": null, "theta": null, "rho": null, "magnetic_course": null, "route_distance_holding_distance_time": null, "distance_time": null, "altitude_description": "+", "altitude1": 5000.0, "altitude2": null, "transition_altitude": null, "speed_limit_description": "-", "speed_limit": 220.0, "vertical_angle": null, "center_waypoint": null, "center_waypoint_latitude": null, "center_waypoint_longitude": null, "aircraft_category": null}, "geometry": {"type": "MultiPoint", "coordinates": [[98.64130278, 8.14363056]]}}, {"type": "Feature", "properties": {"fid": 4248, "area_code": "PAC", "airport_identifier": "VTSP", "procedure_identifier": "ONET1D", "route_type": "5", "transition_identifier": "RW27", "seqno": 30, "waypoint_icao_code": "VT", "waypoint_identifier": "BARON", "waypoint_latitude": 8.13581667, "waypoint_longitude": 98.55760833, "waypoint_description_code": "E", "turn_direction": null, "rnp": null, "path_termination": "TF", "recommanded_navaid": null, "recommanded_navaid_latitude": null, "recommanded_navaid_longitude": null, "arc_radius": null, "theta": null, "rho": null, "magnetic_course": null, "route_distance_holding_distance_time": null, "distance_time": null, "altitude_description": "+", "altitude1": 3000.0, "altitude2": null, "transition_altitude": null, "speed_limit_description": "-", "speed_limit": 200.0, "vertical_angle": null, "center_waypoint": null, "center_waypoint_latitude": null, "center_waypoint_longitude": null, "aircraft_category": null}, "geometry": {"type": "MultiPoint", "coordinates": [[98.55760833, 8.13581667]]}}, {"type": "Feature", "properties": {"fid": 4249, "area_code": "PAC", "airport_identifier": "VTSP", "procedure_identifier": "ONET1D", "route_type": "5", "transition_identifier": "RW27", "seqno": 40, "waypoint_icao_code": "VT", "waypoint_identifier": "CI27", "waypoint_latitude": 8.12719722, "waypoint_longitude": 98.50665556, "waypoint_description_code": "E", "turn_direction": null, "rnp": null, "path_termination": "TF", "recommanded_navaid": null, "recommanded_navaid_latitude": null, "recommanded_navaid_longitude": null, "arc_radius": null, "theta": null, "rho": null, "magnetic_course": null, "route_distance_holding_distance_time": null, "distance_time": null, "altitude_description": null, "altitude1": null, "altitude2": null, "transition_altitude": null, "speed_limit_description": null, "speed_limit": null, "vertical_angle": null, "center_waypoint": null, "center_waypoint_latitude": null, "center_waypoint_longitude": null, "aircraft_category": null}, "geometry": {"type": "MultiPoint", "coordinates": [[98.50665556, 8.12719722]]}}, {"type": "Feature", "properties": {"fid": 4251, "area_code": "PAC", "airport_identifier": "VTSS", "procedure_identifier": "PADP1B", "route_type": "5", "transition_identifier": "RW08", "seqno": 10, "waypoint_icao_code": "VT", "waypoint_identifier": "PADPA", "waypoint_latitude": 7.28329444, "waypoint_longitude": 99.92551667, "waypoint_description_code": "E", "turn_direction": null, "rnp": 1.0, "path_termination": "IF", "recommanded_navaid": null, "recommanded_navaid_latitude": null, "recommanded_navaid_longitude": null, "arc_radius": null, "theta": null, "rho": null, "magnetic_course": null, "route_distance_holding_distance_time": null, "distance_time": null, "altitude_description": "+", "altitude1": 10000.0, "altitude2": null, "transition_altitude": null, "speed_limit_description": null, "speed_limit": null, "vertical_angle": null, "center_waypoint": null, "center_waypoint_latitude": null, "center_waypoint_longitude": null, "aircraft_category": null}, "geometry": {"type": "MultiPoint", "coordinates": [[99.92551667, 7.28329444]]}}, {"type": "Feature", "properties": {"fid": 4252, "area_code": "PAC", "airport_identifier": "VTSS", "procedure_identifier": "PADP1B", "route_type": "5", "transition_identifier": "RW08", "seqno": 20, "waypoint_icao_code": "VT", "waypoint_identifier": "SS807", "waypoint_latitude": 7.19356944, "waypoint_longitude": 100.04445278, "waypoint_description_code": "E", "turn_direction": null, "rnp": 1.0, "path_termination": "TF", "recommanded_navaid": null, "recommanded_navaid_latitude": null, "recommanded_navaid_longitude": null, "arc_radius": null, "theta": null, "rho": null, "magnetic_course": null, "route_distance_holding_distance_time": null, "distance_time": null, "altitude_description": "+", "altitude1": 10000.0, "altitude2": null, "transition_altitude": null, "speed_limit_description": null, "speed_limit": null, "vertical_angle": null, "center_waypoint": null, "center_waypoint_latitude": null, "center_waypoint_longitude": null, "aircraft_category": null}, "geometry": {"type": "MultiPoint", "coordinates": [[100.04445278, 7.19356944]]}}, {"type": "Feature", "properties": {"fid": 4253, "area_code": "PAC", "airport_identifier": "VTSS", "procedure_identifier": "PADP1B", "route_type": "5", "transition_identifier": "RW08", "seqno": 30, "waypoint_icao_code": "VT", "waypoint_identifier": "ALDUG", "waypoint_latitude": 7.12288889, "waypoint_longitude": 100.13808333, "waypoint_description_code": "E", "turn_direction": null, "rnp": 1.0, "path_termination": "TF", "recommanded_navaid": null, "recommanded_navaid_latitude": null, "recommanded_navaid_longitude": null, "arc_radius": null, "theta": null, "rho": null, "magnetic_course": null, "route_distance_holding_distance_time": null, "distance_time": null, "altitude_description": "+", "altitude1": 8000.0, "altitude2": null, "transition_altitude": null, "speed_limit_description": "-", "speed_limit": 230.0, "vertical_angle": null, "center_waypoint": null, "center_waypoint_latitude": null, "center_waypoint_longitude": null, "aircraft_category": null}, "geometry": {"type": "MultiPoint", "coordinates": [[100.13808333, 7.12288889]]}}, {"type": "Feature", "properties": {"fid": 4254, "area_code": "PAC", "airport_identifier": "VTSS", "procedure_identifier": "PADP1B", "route_type": "5", "transition_identifier": "RW08", "seqno": 40, "waypoint_icao_code": "VT", "waypoint_identifier": "VEGTI", "waypoint_latitude": 6.916425, "waypoint_longitude": 100.13808333, "waypoint_description_code": "E", "turn_direction": null, "rnp": 1.0, "path_termination": "TF", "recommanded_navaid": null, "recommanded_navaid_latitude": null, "recommanded_navaid_longitude": null, "arc_radius": null, "theta": null, "rho": null, "magnetic_course": null, "route_distance_holding_distance_time": null, "distance_time": null, "altitude_description": "+", "altitude1": 5500.0, "altitude2": null, "transition_altitude": null, "speed_limit_description": "-", "speed_limit": 210.0, "vertical_angle": null, "center_waypoint": null, "center_waypoint_latitude": null, "center_waypoint_longitude": null, "aircraft_category": null}, "geometry": {"type": "MultiPoint", "coordinates": [[100.13808333, 6.916425]]}}, {"type": "Feature", "properties": {"fid": 4255, "area_code": "PAC", "airport_identifier": "VTSS", "procedure_identifier": "PADP1B", "route_type": "5", "transition_identifier": "RW08", "seqno": 50, "waypoint_icao_code": "VT", "waypoint_identifier": "PIMAN", "waypoint_latitude": 6.83638611, "waypoint_longitude": 100.19886389, "waypoint_description_code": "E", "turn_direction": null, "rnp": 1.0, "path_termination": "TF", "recommanded_navaid": null, "recommanded_navaid_latitude": null, "recommanded_navaid_longitude": null, "arc_radius": null, "theta": null, "rho": null, "magnetic_course": null, "route_distance_holding_distance_time": null, "distance_time": null, "altitude_description": "+", "altitude1": 3500.0, "altitude2": null, "transition_altitude": null, "speed_limit_description": "-", "speed_limit": 190.0, "vertical_angle": null, "center_waypoint": null, "center_waypoint_latitude": null, "center_waypoint_longitude": null, "aircraft_category": null}, "geometry": {"type": "MultiPoint", "coordinates": [[100.19886389, 6.83638611]]}}, {"type": "Feature", "properties": {"fid": 4257, "area_code": "PAC", "airport_identifier": "VTSS", "procedure_identifier": "OBLE1A", "route_type": "5", "transition_identifier": "RW26", "seqno": 10, "waypoint_icao_code": "VT", "waypoint_identifier": "OBLEX", "waypoint_latitude": 7.49652778, "waypoint_longitude": 100.54100833, "waypoint_description_code": "E", "turn_direction": null, "rnp": 1.0, "path_termination": "IF", "recommanded_navaid": null, "recommanded_navaid_latitude": null, "recommanded_navaid_longitude": null, "arc_radius": null, "theta": null, "rho": null, "magnetic_course": null, "route_distance_holding_distance_time": null, "distance_time": null, "altitude_description": "+", "altitude1": 10000.0, "altitude2": null, "transition_altitude": null, "speed_limit_description": null, "speed_limit": null, "vertical_angle": null, "center_waypoint": null, "center_waypoint_latitude": null, "center_waypoint_longitude": null, "aircraft_category": null}, "geometry": {"type": "MultiPoint", "coordinates": [[100.54100833, 7.49652778]]}}, {"type": "Feature", "properties": {"fid": 4258, "area_code": "PAC", "airport_identifier": "VTSS", "procedure_identifier": "OBLE1A", "route_type": "5", "transition_identifier": "RW26", "seqno": 20, "waypoint_icao_code": "VT", "waypoint_identifier": "LETMO", "waypoint_latitude": 7.24328889, "waypoint_longitude": 100.56294167, "waypoint_description_code": "E", "turn_direction": null, "rnp": 1.0, "path_termination": "TF", "recommanded_navaid": null, "recommanded_navaid_latitude": null, "recommanded_navaid_longitude": null, "arc_radius": null, "theta": null, "rho": null, "magnetic_course": null, "route_distance_holding_distance_time": null, "distance_time": null, "altitude_description": "+", "altitude1": 8000.0, "altitude2": null, "transition_altitude": null, "speed_limit_description": null, "speed_limit": null, "vertical_angle": null, "center_waypoint": null, "center_waypoint_latitude": null, "center_waypoint_longitude": null, "aircraft_category": null}, "geometry": {"type": "MultiPoint", "coordinates": [[100.56294167, 7.24328889]]}}, {"type": "Feature", "properties": {"fid": 4259, "area_code": "PAC", "airport_identifier": "VTSS", "procedure_identifier": "OBLE1A", "route_type": "5", "transition_identifier": "RW26", "seqno": 30, "waypoint_icao_code": "VT", "waypoint_identifier": "KASLA", "waypoint_latitude": 7.07377222, "waypoint_longitude": 100.57760833, "waypoint_description_code": "E", "turn_direction": null, "rnp": 1.0, "path_termination": "TF", "recommanded_navaid": null, "recommanded_navaid_latitude": null, "recommanded_navaid_longitude": null, "arc_radius": null, "theta": null, "rho": null, "magnetic_course": null, "route_distance_holding_distance_time": null, "distance_time": null, "altitude_description": "+", "altitude1": 5000.0, "altitude2": null, "transition_altitude": null, "speed_limit_description": "-", "speed_limit": 230.0, "vertical_angle": null, "center_waypoint": null, "center_waypoint_latitude": null, "center_waypoint_longitude": null, "aircraft_category": null}, "geometry": {"type": "MultiPoint", "coordinates": [[100.57760833, 7.07377222]]}}, {"type": "Feature", "properties": {"fid": 4260, "area_code": "PAC", "airport_identifier": "VTSS", "procedure_identifier": "OBLE1A", "route_type": "5", "transition_identifier": "RW26", "seqno": 40, "waypoint_icao_code": "VT", "waypoint_identifier": "RISRO", "waypoint_latitude": 6.95696389, "waypoint_longitude": 100.58771111, "waypoint_description_code": "E", "turn_direction": null, "rnp": 1.0, "path_termination": "TF", "recommanded_navaid": null, "recommanded_navaid_latitude": null, "recommanded_navaid_longitude": null, "arc_radius": null, "theta": null, "rho": null, "magnetic_course": null, "route_distance_holding_distance_time": null, "distance_time": null, "altitude_description": "+", "altitude1": 3000.0, "altitude2": null, "transition_altitude": null, "speed_limit_description": "-", "speed_limit": 230.0, "vertical_angle": null, "center_waypoint": null, "center_waypoint_latitude": null, "center_waypoint_longitude": null, "aircraft_category": null}, "geometry": {"type": "MultiPoint", "coordinates": [[100.58771111, 6.95696389]]}}, {"type": "Feature", "properties": {"fid": 4262, "area_code": "PAC", "airport_identifier": "VTSB", "procedure_identifier": "IKER1A", "route_type": "5", "transition_identifier": "RW22", "seqno": 10, "waypoint_icao_code": "VT", "waypoint_identifier": "IKERA", "waypoint_latitude": 9.52955278, "waypoint_longitude": 99.25888889, "waypoint_description_code": "E", "turn_direction": null, "rnp": null, "path_termination": "IF", "recommanded_navaid": null, "recommanded_navaid_latitude": null, "recommanded_navaid_longitude": null, "arc_radius": null, "theta": null, "rho": null, "magnetic_course": null, "route_distance_holding_distance_time": null, "distance_time": null, "altitude_description": "+", "altitude1": 7000.0, "altitude2": null, "transition_altitude": null, "speed_limit_description": null, "speed_limit": null, "vertical_angle": null, "center_waypoint": null, "center_waypoint_latitude": null, "center_waypoint_longitude": null, "aircraft_category": null}, "geometry": {"type": "MultiPoint", "coordinates": [[99.25888889, 9.52955278]]}}, {"type": "Feature", "properties": {"fid": 4263, "area_code": "PAC", "airport_identifier": "VTSB", "procedure_identifier": "IKER1A", "route_type": "5", "transition_identifier": "RW22", "seqno": 20, "waypoint_icao_code": "VT", "waypoint_identifier": "GUPES", "waypoint_latitude": 9.403175, "waypoint_longitude": 99.27316389, "waypoint_description_code": "E", "turn_direction": null, "rnp": null, "path_termination": "TF", "recommanded_navaid": null, "recommanded_navaid_latitude": null, "recommanded_navaid_longitude": null, "arc_radius": null, "theta": null, "rho": null, "magnetic_course": null, "route_distance_holding_distance_time": null, "distance_time": null, "altitude_description": "-", "altitude1": 5000.0, "altitude2": null, "transition_altitude": null, "speed_limit_description": "-", "speed_limit": 230.0, "vertical_angle": null, "center_waypoint": null, "center_waypoint_latitude": null, "center_waypoint_longitude": null, "aircraft_category": null}, "geometry": {"type": "MultiPoint", "coordinates": [[99.27316389, 9.403175]]}}, {"type": "Feature", "properties": {"fid": 4264, "area_code": "PAC", "airport_identifier": "VTSB", "procedure_identifier": "IKER1A", "route_type": "5", "transition_identifier": "RW22", "seqno": 30, "waypoint_icao_code": "VT", "waypoint_identifier": "GULNA", "waypoint_latitude": 9.28669167, "waypoint_longitude": 99.28631111, "waypoint_description_code": "E", "turn_direction": null, "rnp": null, "path_termination": "TF", "recommanded_navaid": null, "recommanded_navaid_latitude": null, "recommanded_navaid_longitude": null, "arc_radius": null, "theta": null, "rho": null, "magnetic_course": null, "route_distance_holding_distance_time": null, "distance_time": null, "altitude_description": "+", "altitude1": 3000.0, "altitude2": null, "transition_altitude": null, "speed_limit_description": "-", "speed_limit": 230.0, "vertical_angle": null, "center_waypoint": null, "center_waypoint_latitude": null, "center_waypoint_longitude": null, "aircraft_category": null}, "geometry": {"type": "MultiPoint", "coordinates": [[99.28631111, 9.28669167]]}}, {"type": "Feature", "properties": {"fid": 4266, "area_code": "PAC", "airport_identifier": "VTSP", "procedure_identifier": "SAVS1C", "route_type": "5", "transition_identifier": "RW09", "seqno": 10, "waypoint_icao_code": "VT", "waypoint_identifier": "SAVSA", "waypoint_latitude": 8.50444444, "waypoint_longitude": 98.62459167, "waypoint_description_code": "E", "turn_direction": null, "rnp": null, "path_termination": "IF", "recommanded_navaid": null, "recommanded_navaid_latitude": null, "recommanded_navaid_longitude": null, "arc_radius": null, "theta": null, "rho": null, "magnetic_course": null, "route_distance_holding_distance_time": null, "distance_time": null, "altitude_description": "-", "altitude1": 10000.0, "altitude2": null, "transition_altitude": null, "speed_limit_description": null, "speed_limit": null, "vertical_angle": null, "center_waypoint": null, "center_waypoint_latitude": null, "center_waypoint_longitude": null, "aircraft_category": null}, "geometry": {"type": "MultiPoint", "coordinates": [[98.62459167, 8.50444444]]}}, {"type": "Feature", "properties": {"fid": 4267, "area_code": "PAC", "airport_identifier": "VTSP", "procedure_identifier": "SAVS1C", "route_type": "5", "transition_identifier": "RW09", "seqno": 20, "waypoint_icao_code": "VT", "waypoint_identifier": "MILAN", "waypoint_latitude": 8.197775, "waypoint_longitude": 98.09243056, "waypoint_description_code": "E", "turn_direction": null, "rnp": null, "path_termination": "TF", "recommanded_navaid": null, "recommanded_navaid_latitude": null, "recommanded_navaid_longitude": null, "arc_radius": null, "theta": null, "rho": null, "magnetic_course": null, "route_distance_holding_distance_time": null, "distance_time": null, "altitude_description": null, "altitude1": null, "altitude2": null, "transition_altitude": null, "speed_limit_description": null, "speed_limit": null, "vertical_angle": null, "center_waypoint": null, "center_waypoint_latitude": null, "center_waypoint_longitude": null, "aircraft_category": null}, "geometry": {"type": "MultiPoint", "coordinates": [[98.09243056, 8.197775]]}}, {"type": "Feature", "properties": {"fid": 4268, "area_code": "PAC", "airport_identifier": "VTSP", "procedure_identifier": "SAVS1C", "route_type": "5", "transition_identifier": "RW09", "seqno": 30, "waypoint_icao_code": "VT", "waypoint_identifier": "SP702", "waypoint_latitude": 8.18511944, "waypoint_longitude": 98.00933889, "waypoint_description_code": "E", "turn_direction": null, "rnp": null, "path_termination": "TF", "recommanded_navaid": null, "recommanded_navaid_latitude": null, "recommanded_navaid_longitude": null, "arc_radius": null, "theta": null, "rho": null, "magnetic_course": null, "route_distance_holding_distance_time": null, "distance_time": null, "altitude_description": "+", "altitude1": 4000.0, "altitude2": null, "transition_altitude": null, "speed_limit_description": "-", "speed_limit": 230.0, "vertical_angle": null, "center_waypoint": null, "center_waypoint_latitude": null, "center_waypoint_longitude": null, "aircraft_category": null}, "geometry": {"type": "MultiPoint", "coordinates": [[98.00933889, 8.18511944]]}}, {"type": "Feature", "properties": {"fid": 4269, "area_code": "PAC", "airport_identifier": "VTSP", "procedure_identifier": "SAVS1C", "route_type": "5", "transition_identifier": "RW09", "seqno": 40, "waypoint_icao_code": "VT", "waypoint_identifier": "KALIM", "waypoint_latitude": 8.08507222, "waypoint_longitude": 98.01889444, "waypoint_description_code": "E", "turn_direction": null, "rnp": null, "path_termination": "TF", "recommanded_navaid": null, "recommanded_navaid_latitude": null, "recommanded_navaid_longitude": null, "arc_radius": null, "theta": null, "rho": null, "magnetic_course": null, "route_distance_holding_distance_time": null, "distance_time": null, "altitude_description": "+", "altitude1": 4000.0, "altitude2": null, "transition_altitude": null, "speed_limit_description": "-", "speed_limit": 200.0, "vertical_angle": null, "center_waypoint": null, "center_waypoint_latitude": null, "center_waypoint_longitude": null, "aircraft_category": null}, "geometry": {"type": "MultiPoint", "coordinates": [[98.01889444, 8.08507222]]}}, {"type": "Feature", "properties": {"fid": 4271, "area_code": "PAC", "airport_identifier": "VTCC", "procedure_identifier": "VISE2X", "route_type": "5", "transition_identifier": "RW18", "seqno": 10, "waypoint_icao_code": "VT", "waypoint_identifier": "VISES", "waypoint_latitude": 18.96983611, "waypoint_longitude": 98.57726111, "waypoint_description_code": "E", "turn_direction": null, "rnp": 1.0, "path_termination": "IF", "recommanded_navaid": null, "recommanded_navaid_latitude": null, "recommanded_navaid_longitude": null, "arc_radius": null, "theta": null, "rho": null, "magnetic_course": null, "route_distance_holding_distance_time": null, "distance_time": null, "altitude_description": "-", "altitude1": 9000.0, "altitude2": null, "transition_altitude": null, "speed_limit_description": null, "speed_limit": null, "vertical_angle": null, "center_waypoint": null, "center_waypoint_latitude": null, "center_waypoint_longitude": null, "aircraft_category": null}, "geometry": {"type": "MultiPoint", "coordinates": [[98.57726111, 18.96983611]]}}, {"type": "Feature", "properties": {"fid": 4272, "area_code": "PAC", "airport_identifier": "VTCC", "procedure_identifier": "VISE2X", "route_type": "5", "transition_identifier": "RW18", "seqno": 20, "waypoint_icao_code": "VT", "waypoint_identifier": "SANRA", "waypoint_latitude": 19.05083611, "waypoint_longitude": 98.80755278, "waypoint_description_code": "E", "turn_direction": null, "rnp": 1.0, "path_termination": "TF", "recommanded_navaid": null, "recommanded_navaid_latitude": null, "recommanded_navaid_longitude": null, "arc_radius": null, "theta": null, "rho": null, "magnetic_course": null, "route_distance_holding_distance_time": null, "distance_time": null, "altitude_description": "+", "altitude1": 8400.0, "altitude2": null, "transition_altitude": null, "speed_limit_description": "-", "speed_limit": 220.0, "vertical_angle": null, "center_waypoint": null, "center_waypoint_latitude": null, "center_waypoint_longitude": null, "aircraft_category": null}, "geometry": {"type": "MultiPoint", "coordinates": [[98.80755278, 19.05083611]]}}, {"type": "Feature", "properties": {"fid": 4273, "area_code": "PAC", "airport_identifier": "VTCC", "procedure_identifier": "VISE2X", "route_type": "5", "transition_identifier": "RW18", "seqno": 30, "waypoint_icao_code": "VT", "waypoint_identifier": "PILEX", "waypoint_latitude": 19.05055, "waypoint_longitude": 98.96358889, "waypoint_description_code": "E", "turn_direction": null, "rnp": 1.0, "path_termination": "TF", "recommanded_navaid": null, "recommanded_navaid_latitude": null, "recommanded_navaid_longitude": null, "arc_radius": null, "theta": null, "rho": null, "magnetic_course": null, "route_distance_holding_distance_time": null, "distance_time": null, "altitude_description": "+", "altitude1": 5500.0, "altitude2": null, "transition_altitude": null, "speed_limit_description": "-", "speed_limit": 210.0, "vertical_angle": null, "center_waypoint": null, "center_waypoint_latitude": null, "center_waypoint_longitude": null, "aircraft_category": null}, "geometry": {"type": "MultiPoint", "coordinates": [[98.96358889, 19.05055]]}}, {"type": "Feature", "properties": {"fid": 4275, "area_code": "PAC", "airport_identifier": "VTSP", "procedure_identifier": "EMRI1C", "route_type": "5", "transition_identifier": "RW09", "seqno": 10, "waypoint_icao_code": "VT", "waypoint_identifier": "EMRIT", "waypoint_latitude": 8.10584722, "waypoint_longitude": 98.81122778, "waypoint_description_code": "E", "turn_direction": null, "rnp": null, "path_termination": "IF", "recommanded_navaid": null, "recommanded_navaid_latitude": null, "recommanded_navaid_longitude": null, "arc_radius": null, "theta": null, "rho": null, "magnetic_course": null, "route_distance_holding_distance_time": null, "distance_time": null, "altitude_description": "+", "altitude1": 13000.0, "altitude2": null, "transition_altitude": null, "speed_limit_description": null, "speed_limit": null, "vertical_angle": null, "center_waypoint": null, "center_waypoint_latitude": null, "center_waypoint_longitude": null, "aircraft_category": null}, "geometry": {"type": "MultiPoint", "coordinates": [[98.81122778, 8.10584722]]}}, {"type": "Feature", "properties": {"fid": 4276, "area_code": "PAC", "airport_identifier": "VTSP", "procedure_identifier": "EMRI1C", "route_type": "5", "transition_identifier": "RW09", "seqno": 20, "waypoint_icao_code": "VT", "waypoint_identifier": "SP803", "waypoint_latitude": 8.03145278, "waypoint_longitude": 98.52115, "waypoint_description_code": "E", "turn_direction": null, "rnp": null, "path_termination": "TF", "recommanded_navaid": null, "recommanded_navaid_latitude": null, "recommanded_navaid_longitude": null, "arc_radius": null, "theta": null, "rho": null, "magnetic_course": null, "route_distance_holding_distance_time": null, "distance_time": null, "altitude_description": "+", "altitude1": 13000.0, "altitude2": null, "transition_altitude": null, "speed_limit_description": null, "speed_limit": null, "vertical_angle": null, "center_waypoint": null, "center_waypoint_latitude": null, "center_waypoint_longitude": null, "aircraft_category": null}, "geometry": {"type": "MultiPoint", "coordinates": [[98.52115, 8.03145278]]}}, {"type": "Feature", "properties": {"fid": 4277, "area_code": "PAC", "airport_identifier": "VTSP", "procedure_identifier": "EMRI1C", "route_type": "5", "transition_identifier": "RW09", "seqno": 30, "waypoint_icao_code": "VT", "waypoint_identifier": "JUVEY", "waypoint_latitude": 7.99294722, "waypoint_longitude": 98.11208333, "waypoint_description_code": "E", "turn_direction": null, "rnp": null, "path_termination": "TF", "recommanded_navaid": null, "recommanded_navaid_latitude": null, "recommanded_navaid_longitude": null, "arc_radius": null, "theta": null, "rho": null, "magnetic_course": null, "route_distance_holding_distance_time": null, "distance_time": null, "altitude_description": null, "altitude1": null, "altitude2": null, "transition_altitude": null, "speed_limit_description": null, "speed_limit": null, "vertical_angle": null, "center_waypoint": null, "center_waypoint_latitude": null, "center_waypoint_longitude": null, "aircraft_category": null}, "geometry": {"type": "MultiPoint", "coordinates": [[98.11208333, 7.99294722]]}}, {"type": "Feature", "properties": {"fid": 4278, "area_code": "PAC", "airport_identifier": "VTSP", "procedure_identifier": "EMRI1C", "route_type": "5", "transition_identifier": "RW09", "seqno": 40, "waypoint_icao_code": "VT", "waypoint_identifier": "RAWAI", "waypoint_latitude": 7.985025, "waypoint_longitude": 98.02844444, "waypoint_description_code": "E", "turn_direction": null, "rnp": null, "path_termination": "TF", "recommanded_navaid": null, "recommanded_navaid_latitude": null, "recommanded_navaid_longitude": null, "arc_radius": null, "theta": null, "rho": null, "magnetic_course": null, "route_distance_holding_distance_time": null, "distance_time": null, "altitude_description": "+", "altitude1": 4000.0, "altitude2": null, "transition_altitude": null, "speed_limit_description": "-", "speed_limit": 230.0, "vertical_angle": null, "center_waypoint": null, "center_waypoint_latitude": null, "center_waypoint_longitude": null, "aircraft_category": null}, "geometry": {"type": "MultiPoint", "coordinates": [[98.02844444, 7.985025]]}}, {"type": "Feature", "properties": {"fid": 4279, "area_code": "PAC", "airport_identifier": "VTSP", "procedure_identifier": "EMRI1C", "route_type": "5", "transition_identifier": "RW09", "seqno": 50, "waypoint_icao_code": "VT", "waypoint_identifier": "KALIM", "waypoint_latitude": 8.08507222, "waypoint_longitude": 98.01889444, "waypoint_description_code": "E", "turn_direction": null, "rnp": null, "path_termination": "TF", "recommanded_navaid": null, "recommanded_navaid_latitude": null, "recommanded_navaid_longitude": null, "arc_radius": null, "theta": null, "rho": null, "magnetic_course": null, "route_distance_holding_distance_time": null, "distance_time": null, "altitude_description": "+", "altitude1": 4000.0, "altitude2": null, "transition_altitude": null, "speed_limit_description": "-", "speed_limit": 200.0, "vertical_angle": null, "center_waypoint": null, "center_waypoint_latitude": null, "center_waypoint_longitude": null, "aircraft_category": null}, "geometry": {"type": "MultiPoint", "coordinates": [[98.01889444, 8.08507222]]}}, {"type": "Feature", "properties": {"fid": 4281, "area_code": "PAC", "airport_identifier": "VTCC", "procedure_identifier": "PANT2A", "route_type": "5", "transition_identifier": "RW36", "seqno": 10, "waypoint_icao_code": "VT", "waypoint_identifier": "PANTA", "waypoint_latitude": 18.23088056, "waypoint_longitude": 99.32140278, "waypoint_description_code": "E", "turn_direction": null, "rnp": null, "path_termination": "IF", "recommanded_navaid": null, "recommanded_navaid_latitude": null, "recommanded_navaid_longitude": null, "arc_radius": null, "theta": null, "rho": null, "magnetic_course": null, "route_distance_holding_distance_time": null, "distance_time": null, "altitude_description": "-", "altitude1": 13000.0, "altitude2": null, "transition_altitude": null, "speed_limit_description": "-", "speed_limit": 220.0, "vertical_angle": null, "center_waypoint": null, "center_waypoint_latitude": null, "center_waypoint_longitude": null, "aircraft_category": null}, "geometry": {"type": "MultiPoint", "coordinates": [[99.32140278, 18.23088056]]}}, {"type": "Feature", "properties": {"fid": 4282, "area_code": "PAC", "airport_identifier": "VTCC", "procedure_identifier": "PANT2A", "route_type": "5", "transition_identifier": "RW36", "seqno": 20, "waypoint_icao_code": "VT", "waypoint_identifier": "CC101", "waypoint_latitude": 18.32301389, "waypoint_longitude": 99.26302222, "waypoint_description_code": "E", "turn_direction": null, "rnp": null, "path_termination": "TF", "recommanded_navaid": null, "recommanded_navaid_latitude": null, "recommanded_navaid_longitude": null, "arc_radius": null, "theta": null, "rho": null, "magnetic_course": null, "route_distance_holding_distance_time": null, "distance_time": null, "altitude_description": null, "altitude1": null, "altitude2": null, "transition_altitude": null, "speed_limit_description": null, "speed_limit": null, "vertical_angle": null, "center_waypoint": null, "center_waypoint_latitude": null, "center_waypoint_longitude": null, "aircraft_category": null}, "geometry": {"type": "MultiPoint", "coordinates": [[99.26302222, 18.32301389]]}}, {"type": "Feature", "properties": {"fid": 4283, "area_code": "PAC", "airport_identifier": "VTCC", "procedure_identifier": "PANT2A", "route_type": "5", "transition_identifier": "RW36", "seqno": 30, "waypoint_icao_code": "VT", "waypoint_identifier": "CC102", "waypoint_latitude": 18.40899444, "waypoint_longitude": 99.29397778, "waypoint_description_code": "E", "turn_direction": null, "rnp": null, "path_termination": "TF", "recommanded_navaid": null, "recommanded_navaid_latitude": null, "recommanded_navaid_longitude": null, "arc_radius": null, "theta": null, "rho": null, "magnetic_course": null, "route_distance_holding_distance_time": null, "distance_time": null, "altitude_description": null, "altitude1": null, "altitude2": null, "transition_altitude": null, "speed_limit_description": null, "speed_limit": null, "vertical_angle": null, "center_waypoint": null, "center_waypoint_latitude": null, "center_waypoint_longitude": null, "aircraft_category": null}, "geometry": {"type": "MultiPoint", "coordinates": [[99.29397778, 18.40899444]]}}, {"type": "Feature", "properties": {"fid": 4284, "area_code": "PAC", "airport_identifier": "VTCC", "procedure_identifier": "PANT2A", "route_type": "5", "transition_identifier": "RW36", "seqno": 40, "waypoint_icao_code": "VT", "waypoint_identifier": "CC103", "waypoint_latitude": 18.523575, "waypoint_longitude": 99.27062222, "waypoint_description_code": "E", "turn_direction": null, "rnp": null, "path_termination": "TF", "recommanded_navaid": null, "recommanded_navaid_latitude": null, "recommanded_navaid_longitude": null, "arc_radius": null, "theta": null, "rho": null, "magnetic_course": null, "route_distance_holding_distance_time": null, "distance_time": null, "altitude_description": "@", "altitude1": 11000.0, "altitude2": null, "transition_altitude": null, "speed_limit_description": null, "speed_limit": null, "vertical_angle": null, "center_waypoint": null, "center_waypoint_latitude": null, "center_waypoint_longitude": null, "aircraft_category": null}, "geometry": {"type": "MultiPoint", "coordinates": [[99.27062222, 18.523575]]}}, {"type": "Feature", "properties": {"fid": 4285, "area_code": "PAC", "airport_identifier": "VTCC", "procedure_identifier": "PANT2A", "route_type": "5", "transition_identifier": "RW36", "seqno": 50, "waypoint_icao_code": "VT", "waypoint_identifier": "PUKAT", "waypoint_latitude": 18.42949167, "waypoint_longitude": 99.08473056, "waypoint_description_code": "E", "turn_direction": "L", "rnp": null, "path_termination": "TF", "recommanded_navaid": null, "recommanded_navaid_latitude": null, "recommanded_navaid_longitude": null, "arc_radius": null, "theta": null, "rho": null, "magnetic_course": null, "route_distance_holding_distance_time": null, "distance_time": null, "altitude_description": "-", "altitude1": 8000.0, "altitude2": null, "transition_altitude": null, "speed_limit_description": null, "speed_limit": null, "vertical_angle": null, "center_waypoint": null, "center_waypoint_latitude": null, "center_waypoint_longitude": null, "aircraft_category": null}, "geometry": {"type": "MultiPoint", "coordinates": [[99.08473056, 18.42949167]]}}, {"type": "Feature", "properties": {"fid": 4286, "area_code": "PAC", "airport_identifier": "VTCC", "procedure_identifier": "PANT2A", "route_type": "5", "transition_identifier": "RW36", "seqno": 60, "waypoint_icao_code": "VT", "waypoint_identifier": "RIGTA", "waypoint_latitude": 18.42981944, "waypoint_longitude": 98.96201944, "waypoint_description_code": "E", "turn_direction": null, "rnp": null, "path_termination": "TF", "recommanded_navaid": null, "recommanded_navaid_latitude": null, "recommanded_navaid_longitude": null, "arc_radius": null, "theta": null, "rho": null, "magnetic_course": null, "route_distance_holding_distance_time": null, "distance_time": null, "altitude_description": "+", "altitude1": 6600.0, "altitude2": null, "transition_altitude": null, "speed_limit_description": "-", "speed_limit": 210.0, "vertical_angle": null, "center_waypoint": null, "center_waypoint_latitude": null, "center_waypoint_longitude": null, "aircraft_category": null}, "geometry": {"type": "MultiPoint", "coordinates": [[98.96201944, 18.42981944]]}}, {"type": "Feature", "properties": {"fid": 4288, "area_code": "PAC", "airport_identifier": "VTSP", "procedure_identifier": "ANPU1C", "route_type": "5", "transition_identifier": "RW09", "seqno": 10, "waypoint_icao_code": "VT", "waypoint_identifier": "ANPUB", "waypoint_latitude": 7.86135556, "waypoint_longitude": 97.87121667, "waypoint_description_code": "E", "turn_direction": null, "rnp": null, "path_termination": "IF", "recommanded_navaid": null, "recommanded_navaid_latitude": null, "recommanded_navaid_longitude": null, "arc_radius": null, "theta": null, "rho": null, "magnetic_course": null, "route_distance_holding_distance_time": null, "distance_time": null, "altitude_description": "-", "altitude1": 10000.0, "altitude2": null, "transition_altitude": null, "speed_limit_description": null, "speed_limit": null, "vertical_angle": null, "center_waypoint": null, "center_waypoint_latitude": null, "center_waypoint_longitude": null, "aircraft_category": null}, "geometry": {"type": "MultiPoint", "coordinates": [[97.87121667, 7.86135556]]}}, {"type": "Feature", "properties": {"fid": 4289, "area_code": "PAC", "airport_identifier": "VTSP", "procedure_identifier": "ANPU1C", "route_type": "5", "transition_identifier": "RW09", "seqno": 20, "waypoint_icao_code": "VT", "waypoint_identifier": "SP312", "waypoint_latitude": 8.07713056, "waypoint_longitude": 97.93523889, "waypoint_description_code": "E", "turn_direction": null, "rnp": null, "path_termination": "TF", "recommanded_navaid": null, "recommanded_navaid_latitude": null, "recommanded_navaid_longitude": null, "arc_radius": null, "theta": null, "rho": null, "magnetic_course": null, "route_distance_holding_distance_time": null, "distance_time": null, "altitude_description": null, "altitude1": null, "altitude2": null, "transition_altitude": null, "speed_limit_description": "-", "speed_limit": 230.0, "vertical_angle": null, "center_waypoint": null, "center_waypoint_latitude": null, "center_waypoint_longitude": null, "aircraft_category": null}, "geometry": {"type": "MultiPoint", "coordinates": [[97.93523889, 8.07713056]]}}, {"type": "Feature", "properties": {"fid": 4290, "area_code": "PAC", "airport_identifier": "VTSP", "procedure_identifier": "ANPU1C", "route_type": "5", "transition_identifier": "RW09", "seqno": 30, "waypoint_icao_code": "VT", "waypoint_identifier": "KALIM", "waypoint_latitude": 8.08507222, "waypoint_longitude": 98.01889444, "waypoint_description_code": "E", "turn_direction": null, "rnp": null, "path_termination": "TF", "recommanded_navaid": null, "recommanded_navaid_latitude": null, "recommanded_navaid_longitude": null, "arc_radius": null, "theta": null, "rho": null, "magnetic_course": null, "route_distance_holding_distance_time": null, "distance_time": null, "altitude_description": "+", "altitude1": 4000.0, "altitude2": null, "transition_altitude": null, "speed_limit_description": "-", "speed_limit": 200.0, "vertical_angle": null, "center_waypoint": null, "center_waypoint_latitude": null, "center_waypoint_longitude": null, "aircraft_category": null}, "geometry": {"type": "MultiPoint", "coordinates": [[98.01889444, 8.08507222]]}}, {"type": "Feature", "properties": {"fid": 4292, "area_code": "PAC", "airport_identifier": "VTSB", "procedure_identifier": "TOGI1A", "route_type": "5", "transition_identifier": "RW22", "seqno": 10, "waypoint_icao_code": "VT", "waypoint_identifier": "TOGIM", "waypoint_latitude": 9.44972222, "waypoint_longitude": 98.86333333, "waypoint_description_code": "E", "turn_direction": null, "rnp": null, "path_termination": "IF", "recommanded_navaid": null, "recommanded_navaid_latitude": null, "recommanded_navaid_longitude": null, "arc_radius": null, "theta": null, "rho": null, "magnetic_course": null, "route_distance_holding_distance_time": null, "distance_time": null, "altitude_description": "-", "altitude1": 7000.0, "altitude2": null, "transition_altitude": null, "speed_limit_description": null, "speed_limit": null, "vertical_angle": null, "center_waypoint": null, "center_waypoint_latitude": null, "center_waypoint_longitude": null, "aircraft_category": null}, "geometry": {"type": "MultiPoint", "coordinates": [[98.86333333, 9.44972222]]}}, {"type": "Feature", "properties": {"fid": 4293, "area_code": "PAC", "airport_identifier": "VTSB", "procedure_identifier": "TOGI1A", "route_type": "5", "transition_identifier": "RW22", "seqno": 20, "waypoint_icao_code": "VT", "waypoint_identifier": "SB203", "waypoint_latitude": 9.41574722, "waypoint_longitude": 99.00497778, "waypoint_description_code": "E", "turn_direction": null, "rnp": null, "path_termination": "TF", "recommanded_navaid": null, "recommanded_navaid_latitude": null, "recommanded_navaid_longitude": null, "arc_radius": null, "theta": null, "rho": null, "magnetic_course": null, "route_distance_holding_distance_time": null, "distance_time": null, "altitude_description": "+", "altitude1": 6000.0, "altitude2": null, "transition_altitude": null, "speed_limit_description": null, "speed_limit": null, "vertical_angle": null, "center_waypoint": null, "center_waypoint_latitude": null, "center_waypoint_longitude": null, "aircraft_category": null}, "geometry": {"type": "MultiPoint", "coordinates": [[99.00497778, 9.41574722]]}}, {"type": "Feature", "properties": {"fid": 4294, "area_code": "PAC", "airport_identifier": "VTSB", "procedure_identifier": "TOGI1A", "route_type": "5", "transition_identifier": "RW22", "seqno": 30, "waypoint_icao_code": "VT", "waypoint_identifier": "BEVLA", "waypoint_latitude": 9.36839722, "waypoint_longitude": 99.2017, "waypoint_description_code": "E", "turn_direction": null, "rnp": null, "path_termination": "TF", "recommanded_navaid": null, "recommanded_navaid_latitude": null, "recommanded_navaid_longitude": null, "arc_radius": null, "theta": null, "rho": null, "magnetic_course": null, "route_distance_holding_distance_time": null, "distance_time": null, "altitude_description": "-", "altitude1": 5000.0, "altitude2": null, "transition_altitude": null, "speed_limit_description": "-", "speed_limit": 230.0, "vertical_angle": null, "center_waypoint": null, "center_waypoint_latitude": null, "center_waypoint_longitude": null, "aircraft_category": null}, "geometry": {"type": "MultiPoint", "coordinates": [[99.2017, 9.36839722]]}}, {"type": "Feature", "properties": {"fid": 4295, "area_code": "PAC", "airport_identifier": "VTSB", "procedure_identifier": "TOGI1A", "route_type": "5", "transition_identifier": "RW22", "seqno": 40, "waypoint_icao_code": "VT", "waypoint_identifier": "GULNA", "waypoint_latitude": 9.28669167, "waypoint_longitude": 99.28631111, "waypoint_description_code": "E", "turn_direction": null, "rnp": null, "path_termination": "TF", "recommanded_navaid": null, "recommanded_navaid_latitude": null, "recommanded_navaid_longitude": null, "arc_radius": null, "theta": null, "rho": null, "magnetic_course": null, "route_distance_holding_distance_time": null, "distance_time": null, "altitude_description": "+", "altitude1": 3000.0, "altitude2": null, "transition_altitude": null, "speed_limit_description": "-", "speed_limit": 230.0, "vertical_angle": null, "center_waypoint": null, "center_waypoint_latitude": null, "center_waypoint_longitude": null, "aircraft_category": null}, "geometry": {"type": "MultiPoint", "coordinates": [[99.28631111, 9.28669167]]}}, {"type": "Feature", "properties": {"fid": 4297, "area_code": "PAC", "airport_identifier": "VTBS", "procedure_identifier": "EAST1D", "route_type": "4", "transition_identifier": "RUKSA", "seqno": 10, "waypoint_icao_code": "VT", "waypoint_identifier": "RUKSA", "waypoint_latitude": 14.56416667, "waypoint_longitude": 101.92009444, "waypoint_description_code": "E", "turn_direction": null, "rnp": null, "path_termination": "IF", "recommanded_navaid": null, "recommanded_navaid_latitude": null, "recommanded_navaid_longitude": null, "arc_radius": null, "theta": null, "rho": null, "magnetic_course": null, "route_distance_holding_distance_time": null, "distance_time": null, "altitude_description": null, "altitude1": null, "altitude2": null, "transition_altitude": null, "speed_limit_description": null, "speed_limit": null, "vertical_angle": null, "center_waypoint": null, "center_waypoint_latitude": null, "center_waypoint_longitude": null, "aircraft_category": null}, "geometry": {"type": "MultiPoint", "coordinates": [[101.92009444, 14.56416667]]}}, {"type": "Feature", "properties": {"fid": 4298, "area_code": "PAC", "airport_identifier": "VTBS", "procedure_identifier": "EAST1D", "route_type": "4", "transition_identifier": "RUKSA", "seqno": 20, "waypoint_icao_code": "VT", "waypoint_identifier": "EASTE", "waypoint_latitude": 14.30966667, "waypoint_longitude": 101.28624444, "waypoint_description_code": "E", "turn_direction": null, "rnp": null, "path_termination": "TF", "recommanded_navaid": null, "recommanded_navaid_latitude": null, "recommanded_navaid_longitude": null, "arc_radius": null, "theta": null, "rho": null, "magnetic_course": null, "route_distance_holding_distance_time": null, "distance_time": null, "altitude_description": "-", "altitude1": 18000.0, "altitude2": null, "transition_altitude": null, "speed_limit_description": "-", "speed_limit": 280.0, "vertical_angle": null, "center_waypoint": null, "center_waypoint_latitude": null, "center_waypoint_longitude": null, "aircraft_category": null}, "geometry": {"type": "MultiPoint", "coordinates": [[101.28624444, 14.30966667]]}}, {"type": "Feature", "properties": {"fid": 4300, "area_code": "PAC", "airport_identifier": "VTBS", "procedure_identifier": "EAST1D", "route_type": "4", "transition_identifier": "UBLOD", "seqno": 10, "waypoint_icao_code": "VT", "waypoint_identifier": "UBLOD", "waypoint_latitude": 14.62095278, "waypoint_longitude": 101.43657222, "waypoint_description_code": "E", "turn_direction": null, "rnp": null, "path_termination": "IF", "recommanded_navaid": null, "recommanded_navaid_latitude": null, "recommanded_navaid_longitude": null, "arc_radius": null, "theta": null, "rho": null, "magnetic_course": null, "route_distance_holding_distance_time": null, "distance_time": null, "altitude_description": null, "altitude1": null, "altitude2": null, "transition_altitude": null, "speed_limit_description": null, "speed_limit": null, "vertical_angle": null, "center_waypoint": null, "center_waypoint_latitude": null, "center_waypoint_longitude": null, "aircraft_category": null}, "geometry": {"type": "MultiPoint", "coordinates": [[101.43657222, 14.62095278]]}}, {"type": "Feature", "properties": {"fid": 4301, "area_code": "PAC", "airport_identifier": "VTBS", "procedure_identifier": "EAST1D", "route_type": "4", "transition_identifier": "UBLOD", "seqno": 20, "waypoint_icao_code": "VT", "waypoint_identifier": "EASTE", "waypoint_latitude": 14.30966667, "waypoint_longitude": 101.28624444, "waypoint_description_code": "E", "turn_direction": null, "rnp": null, "path_termination": "TF", "recommanded_navaid": null, "recommanded_navaid_latitude": null, "recommanded_navaid_longitude": null, "arc_radius": null, "theta": null, "rho": null, "magnetic_course": null, "route_distance_holding_distance_time": null, "distance_time": null, "altitude_description": "-", "altitude1": 18000.0, "altitude2": null, "transition_altitude": null, "speed_limit_description": "-", "speed_limit": 280.0, "vertical_angle": null, "center_waypoint": null, "center_waypoint_latitude": null, "center_waypoint_longitude": null, "aircraft_category": null}, "geometry": {"type": "MultiPoint", "coordinates": [[101.28624444, 14.30966667]]}}, {"type": "Feature", "properties": {"fid": 4303, "area_code": "PAC", "airport_identifier": "VTBS", "procedure_identifier": "EAST1D", "route_type": "5", "transition_identifier": null, "seqno": 10, "waypoint_icao_code": "VT", "waypoint_identifier": "EASTE", "waypoint_latitude": 14.30966667, "waypoint_longitude": 101.28624444, "waypoint_description_code": "E", "turn_direction": null, "rnp": null, "path_termination": "IF", "recommanded_navaid": null, "recommanded_navaid_latitude": null, "recommanded_navaid_longitude": null, "arc_radius": null, "theta": null, "rho": null, "magnetic_course": null, "route_distance_holding_distance_time": null, "distance_time": null, "altitude_description": "-", "altitude1": 18000.0, "altitude2": null, "transition_altitude": null, "speed_limit_description": "-", "speed_limit": 280.0, "vertical_angle": null, "center_waypoint": null, "center_waypoint_latitude": null, "center_waypoint_longitude": null, "aircraft_category": null}, "geometry": {"type": "MultiPoint", "coordinates": [[101.28624444, 14.30966667]]}}, {"type": "Feature", "properties": {"fid": 4304, "area_code": "PAC", "airport_identifier": "VTBS", "procedure_identifier": "EAST1D", "route_type": "5", "transition_identifier": null, "seqno": 20, "waypoint_icao_code": "VT", "waypoint_identifier": "BS417", "waypoint_latitude": 14.12406389, "waypoint_longitude": 101.13000278, "waypoint_description_code": "E", "turn_direction": null, "rnp": null, "path_termination": "TF", "recommanded_navaid": null, "recommanded_navaid_latitude": null, "recommanded_navaid_longitude": null, "arc_radius": null, "theta": null, "rho": null, "magnetic_course": null, "route_distance_holding_distance_time": null, "distance_time": null, "altitude_description": null, "altitude1": null, "altitude2": null, "transition_altitude": null, "speed_limit_description": null, "speed_limit": null, "vertical_angle": null, "center_waypoint": null, "center_waypoint_latitude": null, "center_waypoint_longitude": null, "aircraft_category": null}, "geometry": {"type": "MultiPoint", "coordinates": [[101.13000278, 14.12406389]]}}, {"type": "Feature", "properties": {"fid": 4305, "area_code": "PAC", "airport_identifier": "VTBS", "procedure_identifier": "EAST1D", "route_type": "5", "transition_identifier": null, "seqno": 30, "waypoint_icao_code": "VT", "waypoint_identifier": "BS416", "waypoint_latitude": 13.97698889, "waypoint_longitude": 101.00646111, "waypoint_description_code": "E", "turn_direction": null, "rnp": null, "path_termination": "TF", "recommanded_navaid": null, "recommanded_navaid_latitude": null, "recommanded_navaid_longitude": null, "arc_radius": null, "theta": null, "rho": null, "magnetic_course": null, "route_distance_holding_distance_time": null, "distance_time": null, "altitude_description": "-", "altitude1": 13000.0, "altitude2": null, "transition_altitude": null, "speed_limit_description": "-", "speed_limit": 250.0, "vertical_angle": null, "center_waypoint": null, "center_waypoint_latitude": null, "center_waypoint_longitude": null, "aircraft_category": null}, "geometry": {"type": "MultiPoint", "coordinates": [[101.00646111, 13.97698889]]}}, {"type": "Feature", "properties": {"fid": 4306, "area_code": "PAC", "airport_identifier": "VTBS", "procedure_identifier": "EAST1D", "route_type": "5", "transition_identifier": null, "seqno": 40, "waypoint_icao_code": "VT", "waypoint_identifier": "MUMUP", "waypoint_latitude": 13.83396389, "waypoint_longitude": 100.88652222, "waypoint_description_code": "E", "turn_direction": null, "rnp": null, "path_termination": "TF", "recommanded_navaid": null, "recommanded_navaid_latitude": null, "recommanded_navaid_longitude": null, "arc_radius": null, "theta": null, "rho": null, "magnetic_course": null, "route_distance_holding_distance_time": null, "distance_time": null, "altitude_description": null, "altitude1": null, "altitude2": null, "transition_altitude": null, "speed_limit_description": null, "speed_limit": null, "vertical_angle": null, "center_waypoint": null, "center_waypoint_latitude": null, "center_waypoint_longitude": null, "aircraft_category": null}, "geometry": {"type": "MultiPoint", "coordinates": [[100.88652222, 13.83396389]]}}, {"type": "Feature", "properties": {"fid": 4307, "area_code": "PAC", "airport_identifier": "VTBS", "procedure_identifier": "EAST1D", "route_type": "5", "transition_identifier": null, "seqno": 50, "waypoint_icao_code": "VT", "waypoint_identifier": "BS415", "waypoint_latitude": 13.74806667, "waypoint_longitude": 100.862975, "waypoint_description_code": "E", "turn_direction": null, "rnp": null, "path_termination": "TF", "recommanded_navaid": null, "recommanded_navaid_latitude": null, "recommanded_navaid_longitude": null, "arc_radius": null, "theta": null, "rho": null, "magnetic_course": null, "route_distance_holding_distance_time": null, "distance_time": null, "altitude_description": "+", "altitude1": 11000.0, "altitude2": null, "transition_altitude": null, "speed_limit_description": null, "speed_limit": null, "vertical_angle": null, "center_waypoint": null, "center_waypoint_latitude": null, "center_waypoint_longitude": null, "aircraft_category": null}, "geometry": {"type": "MultiPoint", "coordinates": [[100.862975, 13.74806667]]}}, {"type": "Feature", "properties": {"fid": 4308, "area_code": "PAC", "airport_identifier": "VTBS", "procedure_identifier": "EAST1D", "route_type": "5", "transition_identifier": null, "seqno": 60, "waypoint_icao_code": "VT", "waypoint_identifier": "BS411", "waypoint_latitude": 13.66216111, "waypoint_longitude": 100.83945278, "waypoint_description_code": "E", "turn_direction": null, "rnp": null, "path_termination": "TF", "recommanded_navaid": null, "recommanded_navaid_latitude": null, "recommanded_navaid_longitude": null, "arc_radius": null, "theta": null, "rho": null, "magnetic_course": null, "route_distance_holding_distance_time": null, "distance_time": null, "altitude_description": null, "altitude1": null, "altitude2": null, "transition_altitude": null, "speed_limit_description": "-", "speed_limit": 220.0, "vertical_angle": null, "center_waypoint": null, "center_waypoint_latitude": null, "center_waypoint_longitude": null, "aircraft_category": null}, "geometry": {"type": "MultiPoint", "coordinates": [[100.83945278, 13.66216111]]}}, {"type": "Feature", "properties": {"fid": 4309, "area_code": "PAC", "airport_identifier": "VTBS", "procedure_identifier": "EAST1D", "route_type": "5", "transition_identifier": null, "seqno": 70, "waypoint_icao_code": "VT", "waypoint_identifier": "BS410", "waypoint_latitude": 13.46623889, "waypoint_longitude": 100.78587222, "waypoint_description_code": "E", "turn_direction": null, "rnp": null, "path_termination": "TF", "recommanded_navaid": null, "recommanded_navaid_latitude": null, "recommanded_navaid_longitude": null, "arc_radius": null, "theta": null, "rho": null, "magnetic_course": null, "route_distance_holding_distance_time": null, "distance_time": null, "altitude_description": null, "altitude1": null, "altitude2": null, "transition_altitude": null, "speed_limit_description": null, "speed_limit": null, "vertical_angle": null, "center_waypoint": null, "center_waypoint_latitude": null, "center_waypoint_longitude": null, "aircraft_category": null}, "geometry": {"type": "MultiPoint", "coordinates": [[100.78587222, 13.46623889]]}}, {"type": "Feature", "properties": {"fid": 4310, "area_code": "PAC", "airport_identifier": "VTBS", "procedure_identifier": "EAST1D", "route_type": "5", "transition_identifier": null, "seqno": 80, "waypoint_icao_code": "VT", "waypoint_identifier": "ENKAA", "waypoint_latitude": 13.38546111, "waypoint_longitude": 100.763725, "waypoint_description_code": "E", "turn_direction": null, "rnp": null, "path_termination": "TF", "recommanded_navaid": null, "recommanded_navaid_latitude": null, "recommanded_navaid_longitude": null, "arc_radius": null, "theta": null, "rho": null, "magnetic_course": null, "route_distance_holding_distance_time": null, "distance_time": null, "altitude_description": "+", "altitude1": 3000.0, "altitude2": null, "transition_altitude": null, "speed_limit_description": null, "speed_limit": null, "vertical_angle": null, "center_waypoint": null, "center_waypoint_latitude": null, "center_waypoint_longitude": null, "aircraft_category": null}, "geometry": {"type": "MultiPoint", "coordinates": [[100.763725, 13.38546111]]}}, {"type": "Feature", "properties": {"fid": 4312, "area_code": "PAC", "airport_identifier": "VTBS", "procedure_identifier": "EAST1D", "route_type": "6", "transition_identifier": "RW01", "seqno": 10, "waypoint_icao_code": "VT", "waypoint_identifier": "ENKAA", "waypoint_latitude": 13.38546111, "waypoint_longitude": 100.763725, "waypoint_description_code": "E", "turn_direction": null, "rnp": null, "path_termination": "IF", "recommanded_navaid": null, "recommanded_navaid_latitude": null, "recommanded_navaid_longitude": null, "arc_radius": null, "theta": null, "rho": null, "magnetic_course": null, "route_distance_holding_distance_time": null, "distance_time": null, "altitude_description": "+", "altitude1": 3000.0, "altitude2": null, "transition_altitude": null, "speed_limit_description": null, "speed_limit": null, "vertical_angle": null, "center_waypoint": null, "center_waypoint_latitude": null, "center_waypoint_longitude": null, "aircraft_category": null}, "geometry": {"type": "MultiPoint", "coordinates": [[100.763725, 13.38546111]]}}, {"type": "Feature", "properties": {"fid": 4313, "area_code": "PAC", "airport_identifier": "VTBS", "procedure_identifier": "EAST1D", "route_type": "6", "transition_identifier": "RW01", "seqno": 20, "waypoint_icao_code": null, "waypoint_identifier": null, "waypoint_latitude": null, "waypoint_longitude": null, "waypoint_description_code": null, "turn_direction": null, "rnp": null, "path_termination": "VM", "recommanded_navaid": null, "recommanded_navaid_latitude": null, "recommanded_navaid_longitude": null, "arc_radius": null, "theta": null, "rho": null, "magnetic_course": 195.0, "route_distance_holding_distance_time": null, "distance_time": null, "altitude_description": null, "altitude1": null, "altitude2": null, "transition_altitude": null, "speed_limit_description": null, "speed_limit": null, "vertical_angle": null, "center_waypoint": null, "center_waypoint_latitude": null, "center_waypoint_longitude": null, "aircraft_category": null}, "geometry": {"type": "MultiPoint", "coordinates": []}}, {"type": "Feature", "properties": {"fid": 4314, "area_code": "PAC", "airport_identifier": "VTBS", "procedure_identifier": "EAST1D", "route_type": "6", "transition_identifier": "RW02B", "seqno": 10, "waypoint_icao_code": "VT", "waypoint_identifier": "ENKAA", "waypoint_latitude": 13.38546111, "waypoint_longitude": 100.763725, "waypoint_description_code": "E", "turn_direction": null, "rnp": null, "path_termination": "IF", "recommanded_navaid": null, "recommanded_navaid_latitude": null, "recommanded_navaid_longitude": null, "arc_radius": null, "theta": null, "rho": null, "magnetic_course": null, "route_distance_holding_distance_time": null, "distance_time": null, "altitude_description": "+", "altitude1": 3000.0, "altitude2": null, "transition_altitude": null, "speed_limit_description": null, "speed_limit": null, "vertical_angle": null, "center_waypoint": null, "center_waypoint_latitude": null, "center_waypoint_longitude": null, "aircraft_category": null}, "geometry": {"type": "MultiPoint", "coordinates": [[100.763725, 13.38546111]]}}, {"type": "Feature", "properties": {"fid": 4315, "area_code": "PAC", "airport_identifier": "VTBS", "procedure_identifier": "EAST1D", "route_type": "6", "transition_identifier": "RW02B", "seqno": 20, "waypoint_icao_code": null, "waypoint_identifier": null, "waypoint_latitude": null, "waypoint_longitude": null, "waypoint_description_code": null, "turn_direction": null, "rnp": null, "path_termination": "VM", "recommanded_navaid": null, "recommanded_navaid_latitude": null, "recommanded_navaid_longitude": null, "arc_radius": null, "theta": null, "rho": null, "magnetic_course": 195.0, "route_distance_holding_distance_time": null, "distance_time": null, "altitude_description": null, "altitude1": null, "altitude2": null, "transition_altitude": null, "speed_limit_description": null, "speed_limit": null, "vertical_angle": null, "center_waypoint": null, "center_waypoint_latitude": null, "center_waypoint_longitude": null, "aircraft_category": null}, "geometry": {"type": "MultiPoint", "coordinates": []}}, {"type": "Feature", "properties": {"fid": 4316, "area_code": "PAC", "airport_identifier": "VTUD", "procedure_identifier": "SURG1C", "route_type": "5", "transition_identifier": "RW30", "seqno": 10, "waypoint_icao_code": "VT", "waypoint_identifier": "SURGU", "waypoint_latitude": 17.03274167, "waypoint_longitude": 102.40223889, "waypoint_description_code": "E", "turn_direction": null, "rnp": 1.0, "path_termination": "IF", "recommanded_navaid": null, "recommanded_navaid_latitude": null, "recommanded_navaid_longitude": null, "arc_radius": null, "theta": null, "rho": null, "magnetic_course": null, "route_distance_holding_distance_time": null, "distance_time": null, "altitude_description": "-", "altitude1": 10000.0, "altitude2": null, "transition_altitude": null, "speed_limit_description": null, "speed_limit": null, "vertical_angle": null, "center_waypoint": null, "center_waypoint_latitude": null, "center_waypoint_longitude": null, "aircraft_category": null}, "geometry": {"type": "MultiPoint", "coordinates": [[102.40223889, 17.03274167]]}}, {"type": "Feature", "properties": {"fid": 4317, "area_code": "PAC", "airport_identifier": "VTUD", "procedure_identifier": "SURG1C", "route_type": "5", "transition_identifier": "RW30", "seqno": 20, "waypoint_icao_code": "VT", "waypoint_identifier": "VEKVA", "waypoint_latitude": 17.05594722, "waypoint_longitude": 102.59238333, "waypoint_description_code": "E", "turn_direction": null, "rnp": 1.0, "path_termination": "TF", "recommanded_navaid": null, "recommanded_navaid_latitude": null, "recommanded_navaid_longitude": null, "arc_radius": null, "theta": null, "rho": null, "magnetic_course": null, "route_distance_holding_distance_time": null, "distance_time": null, "altitude_description": "-", "altitude1": 9000.0, "altitude2": null, "transition_altitude": null, "speed_limit_description": null, "speed_limit": null, "vertical_angle": null, "center_waypoint": null, "center_waypoint_latitude": null, "center_waypoint_longitude": null, "aircraft_category": null}, "geometry": {"type": "MultiPoint", "coordinates": [[102.59238333, 17.05594722]]}}, {"type": "Feature", "properties": {"fid": 4318, "area_code": "PAC", "airport_identifier": "VTUD", "procedure_identifier": "SURG1C", "route_type": "5", "transition_identifier": "RW30", "seqno": 30, "waypoint_icao_code": "VT", "waypoint_identifier": "EMTER", "waypoint_latitude": 17.08828333, "waypoint_longitude": 102.85987778, "waypoint_description_code": "E", "turn_direction": null, "rnp": 1.0, "path_termination": "TF", "recommanded_navaid": null, "recommanded_navaid_latitude": null, "recommanded_navaid_longitude": null, "arc_radius": null, "theta": null, "rho": null, "magnetic_course": null, "route_distance_holding_distance_time": null, "distance_time": null, "altitude_description": null, "altitude1": null, "altitude2": null, "transition_altitude": null, "speed_limit_description": null, "speed_limit": null, "vertical_angle": null, "center_waypoint": null, "center_waypoint_latitude": null, "center_waypoint_longitude": null, "aircraft_category": null}, "geometry": {"type": "MultiPoint", "coordinates": [[102.85987778, 17.08828333]]}}, {"type": "Feature", "properties": {"fid": 4319, "area_code": "PAC", "airport_identifier": "VTUD", "procedure_identifier": "SURG1C", "route_type": "5", "transition_identifier": "RW30", "seqno": 40, "waypoint_icao_code": "VT", "waypoint_identifier": "OTLOR", "waypoint_latitude": 17.18798889, "waypoint_longitude": 102.92469167, "waypoint_description_code": "E", "turn_direction": null, "rnp": 1.0, "path_termination": "TF", "recommanded_navaid": null, "recommanded_navaid_latitude": null, "recommanded_navaid_longitude": null, "arc_radius": null, "theta": null, "rho": null, "magnetic_course": null, "route_distance_holding_distance_time": null, "distance_time": null, "altitude_description": "-", "altitude1": 5000.0, "altitude2": null, "transition_altitude": null, "speed_limit_description": "-", "speed_limit": 230.0, "vertical_angle": null, "center_waypoint": null, "center_waypoint_latitude": null, "center_waypoint_longitude": null, "aircraft_category": null}, "geometry": {"type": "MultiPoint", "coordinates": [[102.92469167, 17.18798889]]}}, {"type": "Feature", "properties": {"fid": 4320, "area_code": "PAC", "airport_identifier": "VTUD", "procedure_identifier": "SURG1C", "route_type": "5", "transition_identifier": "RW30", "seqno": 50, "waypoint_icao_code": "VT", "waypoint_identifier": "MUNUR", "waypoint_latitude": 17.29229444, "waypoint_longitude": 102.98016667, "waypoint_description_code": "E", "turn_direction": null, "rnp": 1.0, "path_termination": "TF", "recommanded_navaid": null, "recommanded_navaid_latitude": null, "recommanded_navaid_longitude": null, "arc_radius": null, "theta": null, "rho": null, "magnetic_course": null, "route_distance_holding_distance_time": null, "distance_time": null, "altitude_description": "+", "altitude1": 3500.0, "altitude2": null, "transition_altitude": null, "speed_limit_description": "-", "speed_limit": 230.0, "vertical_angle": null, "center_waypoint": null, "center_waypoint_latitude": null, "center_waypoint_longitude": null, "aircraft_category": null}, "geometry": {"type": "MultiPoint", "coordinates": [[102.98016667, 17.29229444]]}}, {"type": "Feature", "properties": {"fid": 4322, "area_code": "PAC", "airport_identifier": "VTSS", "procedure_identifier": "PADP1A", "route_type": "5", "transition_identifier": "RW26", "seqno": 10, "waypoint_icao_code": "VT", "waypoint_identifier": "PADPA", "waypoint_latitude": 7.28329444, "waypoint_longitude": 99.92551667, "waypoint_description_code": "E", "turn_direction": null, "rnp": 1.0, "path_termination": "IF", "recommanded_navaid": null, "recommanded_navaid_latitude": null, "recommanded_navaid_longitude": null, "arc_radius": null, "theta": null, "rho": null, "magnetic_course": null, "route_distance_holding_distance_time": null, "distance_time": null, "altitude_description": "+", "altitude1": 10000.0, "altitude2": null, "transition_altitude": null, "speed_limit_description": null, "speed_limit": null, "vertical_angle": null, "center_waypoint": null, "center_waypoint_latitude": null, "center_waypoint_longitude": null, "aircraft_category": null}, "geometry": {"type": "MultiPoint", "coordinates": [[99.92551667, 7.28329444]]}}, {"type": "Feature", "properties": {"fid": 4323, "area_code": "PAC", "airport_identifier": "VTSS", "procedure_identifier": "PADP1A", "route_type": "5", "transition_identifier": "RW26", "seqno": 20, "waypoint_icao_code": "VT", "waypoint_identifier": "ISDIV", "waypoint_latitude": 7.27005278, "waypoint_longitude": 100.13808333, "waypoint_description_code": "E", "turn_direction": null, "rnp": 1.0, "path_termination": "TF", "recommanded_navaid": null, "recommanded_navaid_latitude": null, "recommanded_navaid_longitude": null, "arc_radius": null, "theta": null, "rho": null, "magnetic_course": null, "route_distance_holding_distance_time": null, "distance_time": null, "altitude_description": "+", "altitude1": 10000.0, "altitude2": null, "transition_altitude": null, "speed_limit_description": null, "speed_limit": null, "vertical_angle": null, "center_waypoint": null, "center_waypoint_latitude": null, "center_waypoint_longitude": null, "aircraft_category": null}, "geometry": {"type": "MultiPoint", "coordinates": [[100.13808333, 7.27005278]]}}, {"type": "Feature", "properties": {"fid": 4324, "area_code": "PAC", "airport_identifier": "VTSS", "procedure_identifier": "PADP1A", "route_type": "5", "transition_identifier": "RW26", "seqno": 30, "waypoint_icao_code": "VT", "waypoint_identifier": "KIBAB", "waypoint_latitude": 7.25997778, "waypoint_longitude": 100.298775, "waypoint_description_code": "E", "turn_direction": null, "rnp": 1.0, "path_termination": "TF", "recommanded_navaid": null, "recommanded_navaid_latitude": null, "recommanded_navaid_longitude": null, "arc_radius": null, "theta": null, "rho": null, "magnetic_course": null, "route_distance_holding_distance_time": null, "distance_time": null, "altitude_description": "+", "altitude1": 10000.0, "altitude2": null, "transition_altitude": null, "speed_limit_description": null, "speed_limit": null, "vertical_angle": null, "center_waypoint": null, "center_waypoint_latitude": null, "center_waypoint_longitude": null, "aircraft_category": null}, "geometry": {"type": "MultiPoint", "coordinates": [[100.298775, 7.25997778]]}}, {"type": "Feature", "properties": {"fid": 4325, "area_code": "PAC", "airport_identifier": "VTSS", "procedure_identifier": "PADP1A", "route_type": "5", "transition_identifier": "RW26", "seqno": 40, "waypoint_icao_code": "VT", "waypoint_identifier": "SS218", "waypoint_latitude": 7.25347222, "waypoint_longitude": 100.40203056, "waypoint_description_code": "E", "turn_direction": null, "rnp": 1.0, "path_termination": "TF", "recommanded_navaid": null, "recommanded_navaid_latitude": null, "recommanded_navaid_longitude": null, "arc_radius": null, "theta": null, "rho": null, "magnetic_course": null, "route_distance_holding_distance_time": null, "distance_time": null, "altitude_description": "+", "altitude1": 10000.0, "altitude2": null, "transition_altitude": null, "speed_limit_description": null, "speed_limit": null, "vertical_angle": null, "center_waypoint": null, "center_waypoint_latitude": null, "center_waypoint_longitude": null, "aircraft_category": null}, "geometry": {"type": "MultiPoint", "coordinates": [[100.40203056, 7.25347222]]}}, {"type": "Feature", "properties": {"fid": 4326, "area_code": "PAC", "airport_identifier": "VTSS", "procedure_identifier": "PADP1A", "route_type": "5", "transition_identifier": "RW26", "seqno": 50, "waypoint_icao_code": "VT", "waypoint_identifier": "LETMO", "waypoint_latitude": 7.24328889, "waypoint_longitude": 100.56294167, "waypoint_description_code": "E", "turn_direction": null, "rnp": 1.0, "path_termination": "TF", "recommanded_navaid": null, "recommanded_navaid_latitude": null, "recommanded_navaid_longitude": null, "arc_radius": null, "theta": null, "rho": null, "magnetic_course": null, "route_distance_holding_distance_time": null, "distance_time": null, "altitude_description": "+", "altitude1": 8000.0, "altitude2": null, "transition_altitude": null, "speed_limit_description": null, "speed_limit": null, "vertical_angle": null, "center_waypoint": null, "center_waypoint_latitude": null, "center_waypoint_longitude": null, "aircraft_category": null}, "geometry": {"type": "MultiPoint", "coordinates": [[100.56294167, 7.24328889]]}}, {"type": "Feature", "properties": {"fid": 4327, "area_code": "PAC", "airport_identifier": "VTSS", "procedure_identifier": "PADP1A", "route_type": "5", "transition_identifier": "RW26", "seqno": 60, "waypoint_icao_code": "VT", "waypoint_identifier": "KASLA", "waypoint_latitude": 7.07377222, "waypoint_longitude": 100.57760833, "waypoint_description_code": "E", "turn_direction": null, "rnp": 1.0, "path_termination": "TF", "recommanded_navaid": null, "recommanded_navaid_latitude": null, "recommanded_navaid_longitude": null, "arc_radius": null, "theta": null, "rho": null, "magnetic_course": null, "route_distance_holding_distance_time": null, "distance_time": null, "altitude_description": "+", "altitude1": 5000.0, "altitude2": null, "transition_altitude": null, "speed_limit_description": "-", "speed_limit": 230.0, "vertical_angle": null, "center_waypoint": null, "center_waypoint_latitude": null, "center_waypoint_longitude": null, "aircraft_category": null}, "geometry": {"type": "MultiPoint", "coordinates": [[100.57760833, 7.07377222]]}}, {"type": "Feature", "properties": {"fid": 4328, "area_code": "PAC", "airport_identifier": "VTSS", "procedure_identifier": "PADP1A", "route_type": "5", "transition_identifier": "RW26", "seqno": 70, "waypoint_icao_code": "VT", "waypoint_identifier": "RISRO", "waypoint_latitude": 6.95696389, "waypoint_longitude": 100.58771111, "waypoint_description_code": "E", "turn_direction": null, "rnp": 1.0, "path_termination": "TF", "recommanded_navaid": null, "recommanded_navaid_latitude": null, "recommanded_navaid_longitude": null, "arc_radius": null, "theta": null, "rho": null, "magnetic_course": null, "route_distance_holding_distance_time": null, "distance_time": null, "altitude_description": "+", "altitude1": 3000.0, "altitude2": null, "transition_altitude": null, "speed_limit_description": "-", "speed_limit": 230.0, "vertical_angle": null, "center_waypoint": null, "center_waypoint_latitude": null, "center_waypoint_longitude": null, "aircraft_category": null}, "geometry": {"type": "MultiPoint", "coordinates": [[100.58771111, 6.95696389]]}}, {"type": "Feature", "properties": {"fid": 4330, "area_code": "PAC", "airport_identifier": "VTCC", "procedure_identifier": "ADLU2X", "route_type": "5", "transition_identifier": "RW18", "seqno": 10, "waypoint_icao_code": "VT", "waypoint_identifier": "ADLUS", "waypoint_latitude": 19.10291389, "waypoint_longitude": 99.22219167, "waypoint_description_code": "E", "turn_direction": null, "rnp": null, "path_termination": "IF", "recommanded_navaid": null, "recommanded_navaid_latitude": null, "recommanded_navaid_longitude": null, "arc_radius": null, "theta": null, "rho": null, "magnetic_course": null, "route_distance_holding_distance_time": null, "distance_time": null, "altitude_description": "-", "altitude1": 9000.0, "altitude2": null, "transition_altitude": null, "speed_limit_description": null, "speed_limit": null, "vertical_angle": null, "center_waypoint": null, "center_waypoint_latitude": null, "center_waypoint_longitude": null, "aircraft_category": null}, "geometry": {"type": "MultiPoint", "coordinates": [[99.22219167, 19.10291389]]}}, {"type": "Feature", "properties": {"fid": 4331, "area_code": "PAC", "airport_identifier": "VTCC", "procedure_identifier": "ADLU2X", "route_type": "5", "transition_identifier": "RW18", "seqno": 20, "waypoint_icao_code": "VT", "waypoint_identifier": "MESUX", "waypoint_latitude": 19.05013333, "waypoint_longitude": 99.11962222, "waypoint_description_code": "E", "turn_direction": null, "rnp": null, "path_termination": "TF", "recommanded_navaid": null, "recommanded_navaid_latitude": null, "recommanded_navaid_longitude": null, "arc_radius": null, "theta": null, "rho": null, "magnetic_course": null, "route_distance_holding_distance_time": null, "distance_time": null, "altitude_description": "+", "altitude1": 8400.0, "altitude2": null, "transition_altitude": null, "speed_limit_description": "-", "speed_limit": 220.0, "vertical_angle": null, "center_waypoint": null, "center_waypoint_latitude": null, "center_waypoint_longitude": null, "aircraft_category": null}, "geometry": {"type": "MultiPoint", "coordinates": [[99.11962222, 19.05013333]]}}, {"type": "Feature", "properties": {"fid": 4332, "area_code": "PAC", "airport_identifier": "VTCC", "procedure_identifier": "ADLU2X", "route_type": "5", "transition_identifier": "RW18", "seqno": 30, "waypoint_icao_code": "VT", "waypoint_identifier": "PILEX", "waypoint_latitude": 19.05055, "waypoint_longitude": 98.96358889, "waypoint_description_code": "E", "turn_direction": null, "rnp": null, "path_termination": "TF", "recommanded_navaid": null, "recommanded_navaid_latitude": null, "recommanded_navaid_longitude": null, "arc_radius": null, "theta": null, "rho": null, "magnetic_course": null, "route_distance_holding_distance_time": null, "distance_time": null, "altitude_description": "+", "altitude1": 5500.0, "altitude2": null, "transition_altitude": null, "speed_limit_description": "-", "speed_limit": 210.0, "vertical_angle": null, "center_waypoint": null, "center_waypoint_latitude": null, "center_waypoint_longitude": null, "aircraft_category": null}, "geometry": {"type": "MultiPoint", "coordinates": [[98.96358889, 19.05055]]}}, {"type": "Feature", "properties": {"fid": 4334, "area_code": "PAC", "airport_identifier": "VTCC", "procedure_identifier": "PANT2B", "route_type": "5", "transition_identifier": "RW18", "seqno": 10, "waypoint_icao_code": "VT", "waypoint_identifier": "PANTA", "waypoint_latitude": 18.23088056, "waypoint_longitude": 99.32140278, "waypoint_description_code": "E", "turn_direction": null, "rnp": null, "path_termination": "IF", "recommanded_navaid": null, "recommanded_navaid_latitude": null, "recommanded_navaid_longitude": null, "arc_radius": null, "theta": null, "rho": null, "magnetic_course": null, "route_distance_holding_distance_time": null, "distance_time": null, "altitude_description": "+", "altitude1": 20000.0, "altitude2": null, "transition_altitude": null, "speed_limit_description": null, "speed_limit": null, "vertical_angle": null, "center_waypoint": null, "center_waypoint_latitude": null, "center_waypoint_longitude": null, "aircraft_category": null}, "geometry": {"type": "MultiPoint", "coordinates": [[99.32140278, 18.23088056]]}}, {"type": "Feature", "properties": {"fid": 4335, "area_code": "PAC", "airport_identifier": "VTCC", "procedure_identifier": "PANT2B", "route_type": "5", "transition_identifier": "RW18", "seqno": 20, "waypoint_icao_code": "VT", "waypoint_identifier": "CC503", "waypoint_latitude": 18.43380833, "waypoint_longitude": 99.25818333, "waypoint_description_code": "E", "turn_direction": null, "rnp": null, "path_termination": "TF", "recommanded_navaid": null, "recommanded_navaid_latitude": null, "recommanded_navaid_longitude": null, "arc_radius": null, "theta": null, "rho": null, "magnetic_course": null, "route_distance_holding_distance_time": null, "distance_time": null, "altitude_description": "+", "altitude1": 17000.0, "altitude2": null, "transition_altitude": null, "speed_limit_description": null, "speed_limit": null, "vertical_angle": null, "center_waypoint": null, "center_waypoint_latitude": null, "center_waypoint_longitude": null, "aircraft_category": null}, "geometry": {"type": "MultiPoint", "coordinates": [[99.25818333, 18.43380833]]}}, {"type": "Feature", "properties": {"fid": 4336, "area_code": "PAC", "airport_identifier": "VTCC", "procedure_identifier": "PANT2B", "route_type": "5", "transition_identifier": "RW18", "seqno": 30, "waypoint_icao_code": "VT", "waypoint_identifier": "RAXOM", "waypoint_latitude": 18.59416667, "waypoint_longitude": 99.20811667, "waypoint_description_code": "E", "turn_direction": null, "rnp": null, "path_termination": "TF", "recommanded_navaid": null, "recommanded_navaid_latitude": null, "recommanded_navaid_longitude": null, "arc_radius": null, "theta": null, "rho": null, "magnetic_course": null, "route_distance_holding_distance_time": null, "distance_time": null, "altitude_description": "+", "altitude1": 15000.0, "altitude2": null, "transition_altitude": null, "speed_limit_description": null, "speed_limit": null, "vertical_angle": null, "center_waypoint": null, "center_waypoint_latitude": null, "center_waypoint_longitude": null, "aircraft_category": null}, "geometry": {"type": "MultiPoint", "coordinates": [[99.20811667, 18.59416667]]}}, {"type": "Feature", "properties": {"fid": 4337, "area_code": "PAC", "airport_identifier": "VTCC", "procedure_identifier": "PANT2B", "route_type": "5", "transition_identifier": "RW18", "seqno": 40, "waypoint_icao_code": "VT", "waypoint_identifier": "CC515", "waypoint_latitude": 18.68935833, "waypoint_longitude": 99.20848889, "waypoint_description_code": "E", "turn_direction": null, "rnp": null, "path_termination": "TF", "recommanded_navaid": null, "recommanded_navaid_latitude": null, "recommanded_navaid_longitude": null, "arc_radius": null, "theta": null, "rho": null, "magnetic_course": null, "route_distance_holding_distance_time": null, "distance_time": null, "altitude_description": "+", "altitude1": 13000.0, "altitude2": null, "transition_altitude": null, "speed_limit_description": null, "speed_limit": null, "vertical_angle": null, "center_waypoint": null, "center_waypoint_latitude": null, "center_waypoint_longitude": null, "aircraft_category": null}, "geometry": {"type": "MultiPoint", "coordinates": [[99.20848889, 18.68935833]]}}, {"type": "Feature", "properties": {"fid": 4338, "area_code": "PAC", "airport_identifier": "VTCC", "procedure_identifier": "PANT2B", "route_type": "5", "transition_identifier": "RW18", "seqno": 50, "waypoint_icao_code": "VT", "waypoint_identifier": "EMSOG", "waypoint_latitude": 18.78579167, "waypoint_longitude": 99.20886667, "waypoint_description_code": "E", "turn_direction": null, "rnp": null, "path_termination": "TF", "recommanded_navaid": null, "recommanded_navaid_latitude": null, "recommanded_navaid_longitude": null, "arc_radius": null, "theta": null, "rho": null, "magnetic_course": null, "route_distance_holding_distance_time": null, "distance_time": null, "altitude_description": "@", "altitude1": 11000.0, "altitude2": null, "transition_altitude": null, "speed_limit_description": "-", "speed_limit": 220.0, "vertical_angle": null, "center_waypoint": null, "center_waypoint_latitude": null, "center_waypoint_longitude": null, "aircraft_category": null}, "geometry": {"type": "MultiPoint", "coordinates": [[99.20886667, 18.78579167]]}}, {"type": "Feature", "properties": {"fid": 4339, "area_code": "PAC", "airport_identifier": "VTCC", "procedure_identifier": "PANT2B", "route_type": "5", "transition_identifier": "RW18", "seqno": 60, "waypoint_icao_code": "VT", "waypoint_identifier": "TUNTU", "waypoint_latitude": 18.95139167, "waypoint_longitude": 99.20951944, "waypoint_description_code": "E", "turn_direction": null, "rnp": null, "path_termination": "TF", "recommanded_navaid": null, "recommanded_navaid_latitude": null, "recommanded_navaid_longitude": null, "arc_radius": null, "theta": null, "rho": null, "magnetic_course": null, "route_distance_holding_distance_time": null, "distance_time": null, "altitude_description": "-", "altitude1": 9000.0, "altitude2": null, "transition_altitude": null, "speed_limit_description": null, "speed_limit": null, "vertical_angle": null, "center_waypoint": null, "center_waypoint_latitude": null, "center_waypoint_longitude": null, "aircraft_category": null}, "geometry": {"type": "MultiPoint", "coordinates": [[99.20951944, 18.95139167]]}}, {"type": "Feature", "properties": {"fid": 4340, "area_code": "PAC", "airport_identifier": "VTCC", "procedure_identifier": "PANT2B", "route_type": "5", "transition_identifier": "RW18", "seqno": 70, "waypoint_icao_code": "VT", "waypoint_identifier": "SUSEG", "waypoint_latitude": 19.04983056, "waypoint_longitude": 99.20991111, "waypoint_description_code": "E", "turn_direction": null, "rnp": null, "path_termination": "TF", "recommanded_navaid": null, "recommanded_navaid_latitude": null, "recommanded_navaid_longitude": null, "arc_radius": null, "theta": null, "rho": null, "magnetic_course": null, "route_distance_holding_distance_time": null, "distance_time": null, "altitude_description": "-", "altitude1": 9000.0, "altitude2": null, "transition_altitude": null, "speed_limit_description": null, "speed_limit": null, "vertical_angle": null, "center_waypoint": null, "center_waypoint_latitude": null, "center_waypoint_longitude": null, "aircraft_category": null}, "geometry": {"type": "MultiPoint", "coordinates": [[99.20991111, 19.04983056]]}}, {"type": "Feature", "properties": {"fid": 4341, "area_code": "PAC", "airport_identifier": "VTCC", "procedure_identifier": "PANT2B", "route_type": "5", "transition_identifier": "RW18", "seqno": 80, "waypoint_icao_code": "VT", "waypoint_identifier": "MESUX", "waypoint_latitude": 19.05013333, "waypoint_longitude": 99.11962222, "waypoint_description_code": "E", "turn_direction": null, "rnp": null, "path_termination": "TF", "recommanded_navaid": null, "recommanded_navaid_latitude": null, "recommanded_navaid_longitude": null, "arc_radius": null, "theta": null, "rho": null, "magnetic_course": null, "route_distance_holding_distance_time": null, "distance_time": null, "altitude_description": "+", "altitude1": 8400.0, "altitude2": null, "transition_altitude": null, "speed_limit_description": null, "speed_limit": null, "vertical_angle": null, "center_waypoint": null, "center_waypoint_latitude": null, "center_waypoint_longitude": null, "aircraft_category": null}, "geometry": {"type": "MultiPoint", "coordinates": [[99.11962222, 19.05013333]]}}, {"type": "Feature", "properties": {"fid": 4342, "area_code": "PAC", "airport_identifier": "VTCC", "procedure_identifier": "PANT2B", "route_type": "5", "transition_identifier": "RW18", "seqno": 90, "waypoint_icao_code": "VT", "waypoint_identifier": "PILEX", "waypoint_latitude": 19.05055, "waypoint_longitude": 98.96358889, "waypoint_description_code": "E", "turn_direction": null, "rnp": null, "path_termination": "TF", "recommanded_navaid": null, "recommanded_navaid_latitude": null, "recommanded_navaid_longitude": null, "arc_radius": null, "theta": null, "rho": null, "magnetic_course": null, "route_distance_holding_distance_time": null, "distance_time": null, "altitude_description": "+", "altitude1": 5500.0, "altitude2": null, "transition_altitude": null, "speed_limit_description": "-", "speed_limit": 210.0, "vertical_angle": null, "center_waypoint": null, "center_waypoint_latitude": null, "center_waypoint_longitude": null, "aircraft_category": null}, "geometry": {"type": "MultiPoint", "coordinates": [[98.96358889, 19.05055]]}}, {"type": "Feature", "properties": {"fid": 4344, "area_code": "PAC", "airport_identifier": "VTSP", "procedure_identifier": "MONB1D", "route_type": "5", "transition_identifier": "RW27", "seqno": 10, "waypoint_icao_code": "VT", "waypoint_identifier": "MONBU", "waypoint_latitude": 8.44976389, "waypoint_longitude": 98.68233611, "waypoint_description_code": "E", "turn_direction": null, "rnp": null, "path_termination": "IF", "recommanded_navaid": null, "recommanded_navaid_latitude": null, "recommanded_navaid_longitude": null, "arc_radius": null, "theta": null, "rho": null, "magnetic_course": null, "route_distance_holding_distance_time": null, "distance_time": null, "altitude_description": "-", "altitude1": 10000.0, "altitude2": null, "transition_altitude": null, "speed_limit_description": null, "speed_limit": null, "vertical_angle": null, "center_waypoint": null, "center_waypoint_latitude": null, "center_waypoint_longitude": null, "aircraft_category": null}, "geometry": {"type": "MultiPoint", "coordinates": [[98.68233611, 8.44976389]]}}, {"type": "Feature", "properties": {"fid": 4345, "area_code": "PAC", "airport_identifier": "VTSP", "procedure_identifier": "MONB1D", "route_type": "5", "transition_identifier": "RW27", "seqno": 20, "waypoint_icao_code": "VT", "waypoint_identifier": "STONE", "waypoint_latitude": 8.35943333, "waypoint_longitude": 98.53653889, "waypoint_description_code": "E", "turn_direction": null, "rnp": null, "path_termination": "TF", "recommanded_navaid": null, "recommanded_navaid_latitude": null, "recommanded_navaid_longitude": null, "arc_radius": null, "theta": null, "rho": null, "magnetic_course": null, "route_distance_holding_distance_time": null, "distance_time": null, "altitude_description": "-", "altitude1": 8000.0, "altitude2": null, "transition_altitude": null, "speed_limit_description": "-", "speed_limit": 230.0, "vertical_angle": null, "center_waypoint": null, "center_waypoint_latitude": null, "center_waypoint_longitude": null, "aircraft_category": null}, "geometry": {"type": "MultiPoint", "coordinates": [[98.53653889, 8.35943333]]}}, {"type": "Feature", "properties": {"fid": 4346, "area_code": "PAC", "airport_identifier": "VTSP", "procedure_identifier": "MONB1D", "route_type": "5", "transition_identifier": "RW27", "seqno": 30, "waypoint_icao_code": "VT", "waypoint_identifier": "CIDER", "waypoint_latitude": 8.23588611, "waypoint_longitude": 98.54818333, "waypoint_description_code": "E", "turn_direction": null, "rnp": null, "path_termination": "TF", "recommanded_navaid": null, "recommanded_navaid_latitude": null, "recommanded_navaid_longitude": null, "arc_radius": null, "theta": null, "rho": null, "magnetic_course": null, "route_distance_holding_distance_time": null, "distance_time": null, "altitude_description": "+", "altitude1": 5000.0, "altitude2": null, "transition_altitude": null, "speed_limit_description": "-", "speed_limit": 230.0, "vertical_angle": null, "center_waypoint": null, "center_waypoint_latitude": null, "center_waypoint_longitude": null, "aircraft_category": null}, "geometry": {"type": "MultiPoint", "coordinates": [[98.54818333, 8.23588611]]}}, {"type": "Feature", "properties": {"fid": 4347, "area_code": "PAC", "airport_identifier": "VTSP", "procedure_identifier": "MONB1D", "route_type": "5", "transition_identifier": "RW27", "seqno": 40, "waypoint_icao_code": "VT", "waypoint_identifier": "BARON", "waypoint_latitude": 8.13581667, "waypoint_longitude": 98.55760833, "waypoint_description_code": "E", "turn_direction": null, "rnp": null, "path_termination": "TF", "recommanded_navaid": null, "recommanded_navaid_latitude": null, "recommanded_navaid_longitude": null, "arc_radius": null, "theta": null, "rho": null, "magnetic_course": null, "route_distance_holding_distance_time": null, "distance_time": null, "altitude_description": "+", "altitude1": 3000.0, "altitude2": null, "transition_altitude": null, "speed_limit_description": "-", "speed_limit": 200.0, "vertical_angle": null, "center_waypoint": null, "center_waypoint_latitude": null, "center_waypoint_longitude": null, "aircraft_category": null}, "geometry": {"type": "MultiPoint", "coordinates": [[98.55760833, 8.13581667]]}}, {"type": "Feature", "properties": {"fid": 4348, "area_code": "PAC", "airport_identifier": "VTSP", "procedure_identifier": "MONB1D", "route_type": "5", "transition_identifier": "RW27", "seqno": 50, "waypoint_icao_code": "VT", "waypoint_identifier": "CI27", "waypoint_latitude": 8.12719722, "waypoint_longitude": 98.50665556, "waypoint_description_code": "E", "turn_direction": null, "rnp": null, "path_termination": "TF", "recommanded_navaid": null, "recommanded_navaid_latitude": null, "recommanded_navaid_longitude": null, "arc_radius": null, "theta": null, "rho": null, "magnetic_course": null, "route_distance_holding_distance_time": null, "distance_time": null, "altitude_description": null, "altitude1": null, "altitude2": null, "transition_altitude": null, "speed_limit_description": null, "speed_limit": null, "vertical_angle": null, "center_waypoint": null, "center_waypoint_latitude": null, "center_waypoint_longitude": null, "aircraft_category": null}, "geometry": {"type": "MultiPoint", "coordinates": [[98.50665556, 8.12719722]]}}, {"type": "Feature", "properties": {"fid": 4350, "area_code": "PAC", "airport_identifier": "VTSP", "procedure_identifier": "SATV1D", "route_type": "5", "transition_identifier": "RW27", "seqno": 10, "waypoint_icao_code": "VT", "waypoint_identifier": "SATVA", "waypoint_latitude": 8.48390833, "waypoint_longitude": 97.96557778, "waypoint_description_code": "E", "turn_direction": null, "rnp": null, "path_termination": "IF", "recommanded_navaid": null, "recommanded_navaid_latitude": null, "recommanded_navaid_longitude": null, "arc_radius": null, "theta": null, "rho": null, "magnetic_course": null, "route_distance_holding_distance_time": null, "distance_time": null, "altitude_description": "-", "altitude1": 11000.0, "altitude2": null, "transition_altitude": null, "speed_limit_description": null, "speed_limit": null, "vertical_angle": null, "center_waypoint": null, "center_waypoint_latitude": null, "center_waypoint_longitude": null, "aircraft_category": null}, "geometry": {"type": "MultiPoint", "coordinates": [[97.96557778, 8.48390833]]}}, {"type": "Feature", "properties": {"fid": 4351, "area_code": "PAC", "airport_identifier": "VTSP", "procedure_identifier": "SATV1D", "route_type": "5", "transition_identifier": "RW27", "seqno": 30, "waypoint_icao_code": "VT", "waypoint_identifier": "SP103", "waypoint_latitude": 8.33863889, "waypoint_longitude": 98.02404167, "waypoint_description_code": "E", "turn_direction": null, "rnp": null, "path_termination": "TF", "recommanded_navaid": null, "recommanded_navaid_latitude": null, "recommanded_navaid_longitude": null, "arc_radius": null, "theta": null, "rho": null, "magnetic_course": null, "route_distance_holding_distance_time": null, "distance_time": null, "altitude_description": "+", "altitude1": 7000.0, "altitude2": null, "transition_altitude": null, "speed_limit_description": null, "speed_limit": null, "vertical_angle": null, "center_waypoint": null, "center_waypoint_latitude": null, "center_waypoint_longitude": null, "aircraft_category": null}, "geometry": {"type": "MultiPoint", "coordinates": [[98.02404167, 8.33863889]]}}, {"type": "Feature", "properties": {"fid": 4352, "area_code": "PAC", "airport_identifier": "VTSP", "procedure_identifier": "SATV1D", "route_type": "5", "transition_identifier": "RW27", "seqno": 40, "waypoint_icao_code": "VT", "waypoint_identifier": "SP102", "waypoint_latitude": 8.18789444, "waypoint_longitude": 98.03844722, "waypoint_description_code": "E", "turn_direction": null, "rnp": null, "path_termination": "TF", "recommanded_navaid": null, "recommanded_navaid_latitude": null, "recommanded_navaid_longitude": null, "arc_radius": null, "theta": null, "rho": null, "magnetic_course": null, "route_distance_holding_distance_time": null, "distance_time": null, "altitude_description": "+", "altitude1": 7000.0, "altitude2": null, "transition_altitude": null, "speed_limit_description": null, "speed_limit": null, "vertical_angle": null, "center_waypoint": null, "center_waypoint_latitude": null, "center_waypoint_longitude": null, "aircraft_category": null}, "geometry": {"type": "MultiPoint", "coordinates": [[98.03844722, 8.18789444]]}}, {"type": "Feature", "properties": {"fid": 4353, "area_code": "PAC", "airport_identifier": "VTSP", "procedure_identifier": "SATV1D", "route_type": "5", "transition_identifier": "RW27", "seqno": 50, "waypoint_icao_code": "VT", "waypoint_identifier": "SP101", "waypoint_latitude": 8.21748056, "waypoint_longitude": 98.35188056, "waypoint_description_code": "E", "turn_direction": null, "rnp": null, "path_termination": "TF", "recommanded_navaid": null, "recommanded_navaid_latitude": null, "recommanded_navaid_longitude": null, "arc_radius": null, "theta": null, "rho": null, "magnetic_course": null, "route_distance_holding_distance_time": null, "distance_time": null, "altitude_description": "+", "altitude1": 7000.0, "altitude2": null, "transition_altitude": null, "speed_limit_description": null, "speed_limit": null, "vertical_angle": null, "center_waypoint": null, "center_waypoint_latitude": null, "center_waypoint_longitude": null, "aircraft_category": null}, "geometry": {"type": "MultiPoint", "coordinates": [[98.35188056, 8.21748056]]}}, {"type": "Feature", "properties": {"fid": 4354, "area_code": "PAC", "airport_identifier": "VTSP", "procedure_identifier": "SATV1D", "route_type": "5", "transition_identifier": "RW27", "seqno": 60, "waypoint_icao_code": "VT", "waypoint_identifier": "CIDER", "waypoint_latitude": 8.23588611, "waypoint_longitude": 98.54818333, "waypoint_description_code": "E", "turn_direction": null, "rnp": null, "path_termination": "TF", "recommanded_navaid": null, "recommanded_navaid_latitude": null, "recommanded_navaid_longitude": null, "arc_radius": null, "theta": null, "rho": null, "magnetic_course": null, "route_distance_holding_distance_time": null, "distance_time": null, "altitude_description": "+", "altitude1": 5000.0, "altitude2": null, "transition_altitude": null, "speed_limit_description": "-", "speed_limit": 230.0, "vertical_angle": null, "center_waypoint": null, "center_waypoint_latitude": null, "center_waypoint_longitude": null, "aircraft_category": null}, "geometry": {"type": "MultiPoint", "coordinates": [[98.54818333, 8.23588611]]}}, {"type": "Feature", "properties": {"fid": 4355, "area_code": "PAC", "airport_identifier": "VTSP", "procedure_identifier": "SATV1D", "route_type": "5", "transition_identifier": "RW27", "seqno": 70, "waypoint_icao_code": "VT", "waypoint_identifier": "BARON", "waypoint_latitude": 8.13581667, "waypoint_longitude": 98.55760833, "waypoint_description_code": "E", "turn_direction": null, "rnp": null, "path_termination": "TF", "recommanded_navaid": null, "recommanded_navaid_latitude": null, "recommanded_navaid_longitude": null, "arc_radius": null, "theta": null, "rho": null, "magnetic_course": null, "route_distance_holding_distance_time": null, "distance_time": null, "altitude_description": "+", "altitude1": 3000.0, "altitude2": null, "transition_altitude": null, "speed_limit_description": "-", "speed_limit": 200.0, "vertical_angle": null, "center_waypoint": null, "center_waypoint_latitude": null, "center_waypoint_longitude": null, "aircraft_category": null}, "geometry": {"type": "MultiPoint", "coordinates": [[98.55760833, 8.13581667]]}}, {"type": "Feature", "properties": {"fid": 4356, "area_code": "PAC", "airport_identifier": "VTSP", "procedure_identifier": "SATV1D", "route_type": "5", "transition_identifier": "RW27", "seqno": 80, "waypoint_icao_code": "VT", "waypoint_identifier": "CI27", "waypoint_latitude": 8.12719722, "waypoint_longitude": 98.50665556, "waypoint_description_code": "E", "turn_direction": null, "rnp": null, "path_termination": "TF", "recommanded_navaid": null, "recommanded_navaid_latitude": null, "recommanded_navaid_longitude": null, "arc_radius": null, "theta": null, "rho": null, "magnetic_course": null, "route_distance_holding_distance_time": null, "distance_time": null, "altitude_description": null, "altitude1": null, "altitude2": null, "transition_altitude": null, "speed_limit_description": null, "speed_limit": null, "vertical_angle": null, "center_waypoint": null, "center_waypoint_latitude": null, "center_waypoint_longitude": null, "aircraft_category": null}, "geometry": {"type": "MultiPoint", "coordinates": [[98.50665556, 8.12719722]]}}, {"type": "Feature", "properties": {"fid": 4358, "area_code": "PAC", "airport_identifier": "VTBD", "procedure_identifier": "WEHA1B", "route_type": "4", "transition_identifier": "BONVO", "seqno": 10, "waypoint_icao_code": "VT", "waypoint_identifier": "BONVO", "waypoint_latitude": 13.73624167, "waypoint_longitude": 99.76853333, "waypoint_description_code": "E", "turn_direction": null, "rnp": null, "path_termination": "IF", "recommanded_navaid": null, "recommanded_navaid_latitude": null, "recommanded_navaid_longitude": null, "arc_radius": null, "theta": null, "rho": null, "magnetic_course": null, "route_distance_holding_distance_time": null, "distance_time": null, "altitude_description": null, "altitude1": null, "altitude2": null, "transition_altitude": null, "speed_limit_description": null, "speed_limit": null, "vertical_angle": null, "center_waypoint": null, "center_waypoint_latitude": null, "center_waypoint_longitude": null, "aircraft_category": null}, "geometry": {"type": "MultiPoint", "coordinates": [[99.76853333, 13.73624167]]}}, {"type": "Feature", "properties": {"fid": 4359, "area_code": "PAC", "airport_identifier": "VTBD", "procedure_identifier": "WEHA1B", "route_type": "4", "transition_identifier": "BONVO", "seqno": 20, "waypoint_icao_code": "VT", "waypoint_identifier": "WEHHA", "waypoint_latitude": 14.26546389, "waypoint_longitude": 100.05916944, "waypoint_description_code": "E", "turn_direction": null, "rnp": null, "path_termination": "TF", "recommanded_navaid": null, "recommanded_navaid_latitude": null, "recommanded_navaid_longitude": null, "arc_radius": null, "theta": null, "rho": null, "magnetic_course": null, "route_distance_holding_distance_time": null, "distance_time": null, "altitude_description": "-", "altitude1": 18000.0, "altitude2": null, "transition_altitude": null, "speed_limit_description": null, "speed_limit": null, "vertical_angle": null, "center_waypoint": null, "center_waypoint_latitude": null, "center_waypoint_longitude": null, "aircraft_category": null}, "geometry": {"type": "MultiPoint", "coordinates": [[100.05916944, 14.26546389]]}}, {"type": "Feature", "properties": {"fid": 4361, "area_code": "PAC", "airport_identifier": "VTBD", "procedure_identifier": "WEHA1B", "route_type": "4", "transition_identifier": "IBETO", "seqno": 10, "waypoint_icao_code": "VT", "waypoint_identifier": "IBETO", "waypoint_latitude": 14.17670556, "waypoint_longitude": 99.49602222, "waypoint_description_code": "E", "turn_direction": null, "rnp": null, "path_termination": "IF", "recommanded_navaid": null, "recommanded_navaid_latitude": null, "recommanded_navaid_longitude": null, "arc_radius": null, "theta": null, "rho": null, "magnetic_course": null, "route_distance_holding_distance_time": null, "distance_time": null, "altitude_description": null, "altitude1": null, "altitude2": null, "transition_altitude": null, "speed_limit_description": null, "speed_limit": null, "vertical_angle": null, "center_waypoint": null, "center_waypoint_latitude": null, "center_waypoint_longitude": null, "aircraft_category": null}, "geometry": {"type": "MultiPoint", "coordinates": [[99.49602222, 14.17670556]]}}, {"type": "Feature", "properties": {"fid": 4362, "area_code": "PAC", "airport_identifier": "VTBD", "procedure_identifier": "WEHA1B", "route_type": "4", "transition_identifier": "IBETO", "seqno": 20, "waypoint_icao_code": "VT", "waypoint_identifier": "WEHHA", "waypoint_latitude": 14.26546389, "waypoint_longitude": 100.05916944, "waypoint_description_code": "E", "turn_direction": null, "rnp": null, "path_termination": "TF", "recommanded_navaid": null, "recommanded_navaid_latitude": null, "recommanded_navaid_longitude": null, "arc_radius": null, "theta": null, "rho": null, "magnetic_course": null, "route_distance_holding_distance_time": null, "distance_time": null, "altitude_description": "-", "altitude1": 18000.0, "altitude2": null, "transition_altitude": null, "speed_limit_description": null, "speed_limit": null, "vertical_angle": null, "center_waypoint": null, "center_waypoint_latitude": null, "center_waypoint_longitude": null, "aircraft_category": null}, "geometry": {"type": "MultiPoint", "coordinates": [[100.05916944, 14.26546389]]}}, {"type": "Feature", "properties": {"fid": 4364, "area_code": "PAC", "airport_identifier": "VTBD", "procedure_identifier": "WEHA1B", "route_type": "4", "transition_identifier": "IGONI", "seqno": 10, "waypoint_icao_code": "VT", "waypoint_identifier": "IGONI", "waypoint_latitude": 14.442425, "waypoint_longitude": 99.90841389, "waypoint_description_code": "E", "turn_direction": null, "rnp": null, "path_termination": "IF", "recommanded_navaid": null, "recommanded_navaid_latitude": null, "recommanded_navaid_longitude": null, "arc_radius": null, "theta": null, "rho": null, "magnetic_course": null, "route_distance_holding_distance_time": null, "distance_time": null, "altitude_description": null, "altitude1": null, "altitude2": null, "transition_altitude": null, "speed_limit_description": null, "speed_limit": null, "vertical_angle": null, "center_waypoint": null, "center_waypoint_latitude": null, "center_waypoint_longitude": null, "aircraft_category": null}, "geometry": {"type": "MultiPoint", "coordinates": [[99.90841389, 14.442425]]}}, {"type": "Feature", "properties": {"fid": 4365, "area_code": "PAC", "airport_identifier": "VTBD", "procedure_identifier": "WEHA1B", "route_type": "4", "transition_identifier": "IGONI", "seqno": 20, "waypoint_icao_code": "VT", "waypoint_identifier": "WEHHA", "waypoint_latitude": 14.26546389, "waypoint_longitude": 100.05916944, "waypoint_description_code": "E", "turn_direction": null, "rnp": null, "path_termination": "TF", "recommanded_navaid": null, "recommanded_navaid_latitude": null, "recommanded_navaid_longitude": null, "arc_radius": null, "theta": null, "rho": null, "magnetic_course": null, "route_distance_holding_distance_time": null, "distance_time": null, "altitude_description": "-", "altitude1": 18000.0, "altitude2": null, "transition_altitude": null, "speed_limit_description": null, "speed_limit": null, "vertical_angle": null, "center_waypoint": null, "center_waypoint_latitude": null, "center_waypoint_longitude": null, "aircraft_category": null}, "geometry": {"type": "MultiPoint", "coordinates": [[100.05916944, 14.26546389]]}}, {"type": "Feature", "properties": {"fid": 4367, "area_code": "PAC", "airport_identifier": "VTBD", "procedure_identifier": "WEHA1B", "route_type": "4", "transition_identifier": "PASTO", "seqno": 10, "waypoint_icao_code": "VT", "waypoint_identifier": "PASTO", "waypoint_latitude": 14.00125, "waypoint_longitude": 99.50192778, "waypoint_description_code": "E", "turn_direction": null, "rnp": null, "path_termination": "IF", "recommanded_navaid": null, "recommanded_navaid_latitude": null, "recommanded_navaid_longitude": null, "arc_radius": null, "theta": null, "rho": null, "magnetic_course": null, "route_distance_holding_distance_time": null, "distance_time": null, "altitude_description": null, "altitude1": null, "altitude2": null, "transition_altitude": null, "speed_limit_description": null, "speed_limit": null, "vertical_angle": null, "center_waypoint": null, "center_waypoint_latitude": null, "center_waypoint_longitude": null, "aircraft_category": null}, "geometry": {"type": "MultiPoint", "coordinates": [[99.50192778, 14.00125]]}}, {"type": "Feature", "properties": {"fid": 4368, "area_code": "PAC", "airport_identifier": "VTBD", "procedure_identifier": "WEHA1B", "route_type": "4", "transition_identifier": "PASTO", "seqno": 20, "waypoint_icao_code": "VT", "waypoint_identifier": "WEHHA", "waypoint_latitude": 14.26546389, "waypoint_longitude": 100.05916944, "waypoint_description_code": "E", "turn_direction": null, "rnp": null, "path_termination": "TF", "recommanded_navaid": null, "recommanded_navaid_latitude": null, "recommanded_navaid_longitude": null, "arc_radius": null, "theta": null, "rho": null, "magnetic_course": null, "route_distance_holding_distance_time": null, "distance_time": null, "altitude_description": "-", "altitude1": 18000.0, "altitude2": null, "transition_altitude": null, "speed_limit_description": null, "speed_limit": null, "vertical_angle": null, "center_waypoint": null, "center_waypoint_latitude": null, "center_waypoint_longitude": null, "aircraft_category": null}, "geometry": {"type": "MultiPoint", "coordinates": [[100.05916944, 14.26546389]]}}, {"type": "Feature", "properties": {"fid": 4370, "area_code": "PAC", "airport_identifier": "VTBD", "procedure_identifier": "WEHA1B", "route_type": "4", "transition_identifier": "TARED", "seqno": 10, "waypoint_icao_code": "VT", "waypoint_identifier": "TARED", "waypoint_latitude": 14.43875556, "waypoint_longitude": 99.52468611, "waypoint_description_code": "E", "turn_direction": null, "rnp": null, "path_termination": "IF", "recommanded_navaid": null, "recommanded_navaid_latitude": null, "recommanded_navaid_longitude": null, "arc_radius": null, "theta": null, "rho": null, "magnetic_course": null, "route_distance_holding_distance_time": null, "distance_time": null, "altitude_description": null, "altitude1": null, "altitude2": null, "transition_altitude": null, "speed_limit_description": null, "speed_limit": null, "vertical_angle": null, "center_waypoint": null, "center_waypoint_latitude": null, "center_waypoint_longitude": null, "aircraft_category": null}, "geometry": {"type": "MultiPoint", "coordinates": [[99.52468611, 14.43875556]]}}, {"type": "Feature", "properties": {"fid": 4371, "area_code": "PAC", "airport_identifier": "VTBD", "procedure_identifier": "WEHA1B", "route_type": "4", "transition_identifier": "TARED", "seqno": 20, "waypoint_icao_code": "VT", "waypoint_identifier": "WEHHA", "waypoint_latitude": 14.26546389, "waypoint_longitude": 100.05916944, "waypoint_description_code": "E", "turn_direction": null, "rnp": null, "path_termination": "TF", "recommanded_navaid": null, "recommanded_navaid_latitude": null, "recommanded_navaid_longitude": null, "arc_radius": null, "theta": null, "rho": null, "magnetic_course": null, "route_distance_holding_distance_time": null, "distance_time": null, "altitude_description": "-", "altitude1": 18000.0, "altitude2": null, "transition_altitude": null, "speed_limit_description": null, "speed_limit": null, "vertical_angle": null, "center_waypoint": null, "center_waypoint_latitude": null, "center_waypoint_longitude": null, "aircraft_category": null}, "geometry": {"type": "MultiPoint", "coordinates": [[100.05916944, 14.26546389]]}}, {"type": "Feature", "properties": {"fid": 4373, "area_code": "PAC", "airport_identifier": "VTBD", "procedure_identifier": "WEHA1B", "route_type": "5", "transition_identifier": "RW03B", "seqno": 10, "waypoint_icao_code": "VT", "waypoint_identifier": "WEHHA", "waypoint_latitude": 14.26546389, "waypoint_longitude": 100.05916944, "waypoint_description_code": "E", "turn_direction": null, "rnp": null, "path_termination": "IF", "recommanded_navaid": null, "recommanded_navaid_latitude": null, "recommanded_navaid_longitude": null, "arc_radius": null, "theta": null, "rho": null, "magnetic_course": null, "route_distance_holding_distance_time": null, "distance_time": null, "altitude_description": "-", "altitude1": 18000.0, "altitude2": null, "transition_altitude": null, "speed_limit_description": null, "speed_limit": null, "vertical_angle": null, "center_waypoint": null, "center_waypoint_latitude": null, "center_waypoint_longitude": null, "aircraft_category": null}, "geometry": {"type": "MultiPoint", "coordinates": [[100.05916944, 14.26546389]]}}, {"type": "Feature", "properties": {"fid": 4374, "area_code": "PAC", "airport_identifier": "VTBD", "procedure_identifier": "WEHA1B", "route_type": "5", "transition_identifier": "RW03B", "seqno": 20, "waypoint_icao_code": "VT", "waypoint_identifier": "PESTO", "waypoint_latitude": 14.2247, "waypoint_longitude": 100.22230833, "waypoint_description_code": "E", "turn_direction": null, "rnp": null, "path_termination": "TF", "recommanded_navaid": null, "recommanded_navaid_latitude": null, "recommanded_navaid_longitude": null, "arc_radius": null, "theta": null, "rho": null, "magnetic_course": null, "route_distance_holding_distance_time": null, "distance_time": null, "altitude_description": null, "altitude1": null, "altitude2": null, "transition_altitude": null, "speed_limit_description": "-", "speed_limit": 250.0, "vertical_angle": null, "center_waypoint": null, "center_waypoint_latitude": null, "center_waypoint_longitude": null, "aircraft_category": null}, "geometry": {"type": "MultiPoint", "coordinates": [[100.22230833, 14.2247]]}}, {"type": "Feature", "properties": {"fid": 4375, "area_code": "PAC", "airport_identifier": "VTBD", "procedure_identifier": "WEHA1B", "route_type": "5", "transition_identifier": "RW03B", "seqno": 30, "waypoint_icao_code": "VT", "waypoint_identifier": "DM308", "waypoint_latitude": 14.18293889, "waypoint_longitude": 100.38892222, "waypoint_description_code": "E", "turn_direction": null, "rnp": null, "path_termination": "TF", "recommanded_navaid": null, "recommanded_navaid_latitude": null, "recommanded_navaid_longitude": null, "arc_radius": null, "theta": null, "rho": null, "magnetic_course": null, "route_distance_holding_distance_time": null, "distance_time": null, "altitude_description": "B", "altitude1": 13000.0, "altitude2": 10000.0, "transition_altitude": null, "speed_limit_description": null, "speed_limit": null, "vertical_angle": null, "center_waypoint": null, "center_waypoint_latitude": null, "center_waypoint_longitude": null, "aircraft_category": null}, "geometry": {"type": "MultiPoint", "coordinates": [[100.38892222, 14.18293889]]}}, {"type": "Feature", "properties": {"fid": 4376, "area_code": "PAC", "airport_identifier": "VTBD", "procedure_identifier": "WEHA1B", "route_type": "5", "transition_identifier": "RW03B", "seqno": 40, "waypoint_icao_code": "VT", "waypoint_identifier": "BRENT", "waypoint_latitude": 14.13257222, "waypoint_longitude": 100.58919722, "waypoint_description_code": "E", "turn_direction": null, "rnp": null, "path_termination": "TF", "recommanded_navaid": null, "recommanded_navaid_latitude": null, "recommanded_navaid_longitude": null, "arc_radius": null, "theta": null, "rho": null, "magnetic_course": null, "route_distance_holding_distance_time": null, "distance_time": null, "altitude_description": "-", "altitude1": 8000.0, "altitude2": null, "transition_altitude": null, "speed_limit_description": null, "speed_limit": null, "vertical_angle": null, "center_waypoint": null, "center_waypoint_latitude": null, "center_waypoint_longitude": null, "aircraft_category": null}, "geometry": {"type": "MultiPoint", "coordinates": [[100.58919722, 14.13257222]]}}, {"type": "Feature", "properties": {"fid": 4377, "area_code": "PAC", "airport_identifier": "VTBD", "procedure_identifier": "WEHA1B", "route_type": "5", "transition_identifier": "RW03B", "seqno": 50, "waypoint_icao_code": "VT", "waypoint_identifier": "FERDO", "waypoint_latitude": 13.941425, "waypoint_longitude": 100.47621111, "waypoint_description_code": "E", "turn_direction": "R", "rnp": null, "path_termination": "TF", "recommanded_navaid": null, "recommanded_navaid_latitude": null, "recommanded_navaid_longitude": null, "arc_radius": null, "theta": null, "rho": null, "magnetic_course": null, "route_distance_holding_distance_time": null, "distance_time": null, "altitude_description": "+", "altitude1": 7000.0, "altitude2": null, "transition_altitude": null, "speed_limit_description": "-", "speed_limit": 220.0, "vertical_angle": null, "center_waypoint": null, "center_waypoint_latitude": null, "center_waypoint_longitude": null, "aircraft_category": null}, "geometry": {"type": "MultiPoint", "coordinates": [[100.47621111, 13.941425]]}}, {"type": "Feature", "properties": {"fid": 4378, "area_code": "PAC", "airport_identifier": "VTBD", "procedure_identifier": "WEHA1B", "route_type": "5", "transition_identifier": "RW03B", "seqno": 60, "waypoint_icao_code": "VT", "waypoint_identifier": "DM307", "waypoint_latitude": 13.76614444, "waypoint_longitude": 100.37281667, "waypoint_description_code": "E", "turn_direction": null, "rnp": null, "path_termination": "TF", "recommanded_navaid": null, "recommanded_navaid_latitude": null, "recommanded_navaid_longitude": null, "arc_radius": null, "theta": null, "rho": null, "magnetic_course": null, "route_distance_holding_distance_time": null, "distance_time": null, "altitude_description": null, "altitude1": null, "altitude2": null, "transition_altitude": null, "speed_limit_description": null, "speed_limit": null, "vertical_angle": null, "center_waypoint": null, "center_waypoint_latitude": null, "center_waypoint_longitude": null, "aircraft_category": null}, "geometry": {"type": "MultiPoint", "coordinates": [[100.37281667, 13.76614444]]}}, {"type": "Feature", "properties": {"fid": 4379, "area_code": "PAC", "airport_identifier": "VTBD", "procedure_identifier": "WEHA1B", "route_type": "5", "transition_identifier": "RW03B", "seqno": 70, "waypoint_icao_code": "VT", "waypoint_identifier": "DOTLI", "waypoint_latitude": 13.64946944, "waypoint_longitude": 100.37213889, "waypoint_description_code": "E", "turn_direction": null, "rnp": null, "path_termination": "TF", "recommanded_navaid": null, "recommanded_navaid_latitude": null, "recommanded_navaid_longitude": null, "arc_radius": null, "theta": null, "rho": null, "magnetic_course": null, "route_distance_holding_distance_time": null, "distance_time": null, "altitude_description": "+", "altitude1": 4000.0, "altitude2": null, "transition_altitude": null, "speed_limit_description": "-", "speed_limit": 220.0, "vertical_angle": null, "center_waypoint": null, "center_waypoint_latitude": null, "center_waypoint_longitude": null, "aircraft_category": null}, "geometry": {"type": "MultiPoint", "coordinates": [[100.37213889, 13.64946944]]}}, {"type": "Feature", "properties": {"fid": 4381, "area_code": "PAC", "airport_identifier": "VTBD", "procedure_identifier": "ENDU3A", "route_type": "4", "transition_identifier": "UBLOD", "seqno": 10, "waypoint_icao_code": "VT", "waypoint_identifier": "UBLOD", "waypoint_latitude": 14.62095278, "waypoint_longitude": 101.43657222, "waypoint_description_code": "E", "turn_direction": null, "rnp": null, "path_termination": "IF", "recommanded_navaid": null, "recommanded_navaid_latitude": null, "recommanded_navaid_longitude": null, "arc_radius": null, "theta": null, "rho": null, "magnetic_course": null, "route_distance_holding_distance_time": null, "distance_time": null, "altitude_description": null, "altitude1": null, "altitude2": null, "transition_altitude": null, "speed_limit_description": null, "speed_limit": null, "vertical_angle": null, "center_waypoint": null, "center_waypoint_latitude": null, "center_waypoint_longitude": null, "aircraft_category": null}, "geometry": {"type": "MultiPoint", "coordinates": [[101.43657222, 14.62095278]]}}, {"type": "Feature", "properties": {"fid": 4382, "area_code": "PAC", "airport_identifier": "VTBD", "procedure_identifier": "ENDU3A", "route_type": "4", "transition_identifier": "UBLOD", "seqno": 20, "waypoint_icao_code": "VT", "waypoint_identifier": "ENDUU", "waypoint_latitude": 14.49705, "waypoint_longitude": 101.22131944, "waypoint_description_code": "E", "turn_direction": null, "rnp": null, "path_termination": "TF", "recommanded_navaid": null, "recommanded_navaid_latitude": null, "recommanded_navaid_longitude": null, "arc_radius": null, "theta": null, "rho": null, "magnetic_course": null, "route_distance_holding_distance_time": null, "distance_time": null, "altitude_description": "-", "altitude1": 16000.0, "altitude2": null, "transition_altitude": null, "speed_limit_description": "-", "speed_limit": 280.0, "vertical_angle": null, "center_waypoint": null, "center_waypoint_latitude": null, "center_waypoint_longitude": null, "aircraft_category": null}, "geometry": {"type": "MultiPoint", "coordinates": [[101.22131944, 14.49705]]}}, {"type": "Feature", "properties": {"fid": 4384, "area_code": "PAC", "airport_identifier": "VTBD", "procedure_identifier": "ENDU3A", "route_type": "5", "transition_identifier": "RW21B", "seqno": 10, "waypoint_icao_code": "VT", "waypoint_identifier": "ENDUU", "waypoint_latitude": 14.49705, "waypoint_longitude": 101.22131944, "waypoint_description_code": "E", "turn_direction": null, "rnp": null, "path_termination": "IF", "recommanded_navaid": null, "recommanded_navaid_latitude": null, "recommanded_navaid_longitude": null, "arc_radius": null, "theta": null, "rho": null, "magnetic_course": null, "route_distance_holding_distance_time": null, "distance_time": null, "altitude_description": "-", "altitude1": 16000.0, "altitude2": null, "transition_altitude": null, "speed_limit_description": "-", "speed_limit": 280.0, "vertical_angle": null, "center_waypoint": null, "center_waypoint_latitude": null, "center_waypoint_longitude": null, "aircraft_category": null}, "geometry": {"type": "MultiPoint", "coordinates": [[101.22131944, 14.49705]]}}, {"type": "Feature", "properties": {"fid": 4385, "area_code": "PAC", "airport_identifier": "VTBD", "procedure_identifier": "ENDU3A", "route_type": "5", "transition_identifier": "RW21B", "seqno": 20, "waypoint_icao_code": "VT", "waypoint_identifier": "BD115", "waypoint_latitude": 14.4717, "waypoint_longitude": 101.05540833, "waypoint_description_code": "E", "turn_direction": null, "rnp": null, "path_termination": "TF", "recommanded_navaid": null, "recommanded_navaid_latitude": null, "recommanded_navaid_longitude": null, "arc_radius": null, "theta": null, "rho": null, "magnetic_course": null, "route_distance_holding_distance_time": null, "distance_time": null, "altitude_description": "+", "altitude1": 14000.0, "altitude2": null, "transition_altitude": null, "speed_limit_description": null, "speed_limit": null, "vertical_angle": null, "center_waypoint": null, "center_waypoint_latitude": null, "center_waypoint_longitude": null, "aircraft_category": null}, "geometry": {"type": "MultiPoint", "coordinates": [[101.05540833, 14.4717]]}}, {"type": "Feature", "properties": {"fid": 4386, "area_code": "PAC", "airport_identifier": "VTBD", "procedure_identifier": "ENDU3A", "route_type": "5", "transition_identifier": "RW21B", "seqno": 30, "waypoint_icao_code": "VT", "waypoint_identifier": "OPERA", "waypoint_latitude": 14.45110833, "waypoint_longitude": 100.92125, "waypoint_description_code": "E", "turn_direction": null, "rnp": null, "path_termination": "TF", "recommanded_navaid": null, "recommanded_navaid_latitude": null, "recommanded_navaid_longitude": null, "arc_radius": null, "theta": null, "rho": null, "magnetic_course": null, "route_distance_holding_distance_time": null, "distance_time": null, "altitude_description": null, "altitude1": null, "altitude2": null, "transition_altitude": null, "speed_limit_description": "-", "speed_limit": 250.0, "vertical_angle": null, "center_waypoint": null, "center_waypoint_latitude": null, "center_waypoint_longitude": null, "aircraft_category": null}, "geometry": {"type": "MultiPoint", "coordinates": [[100.92125, 14.45110833]]}}, {"type": "Feature", "properties": {"fid": 4387, "area_code": "PAC", "airport_identifier": "VTBD", "procedure_identifier": "ENDU3A", "route_type": "5", "transition_identifier": "RW21B", "seqno": 40, "waypoint_icao_code": "VT", "waypoint_identifier": "DUDAT", "waypoint_latitude": 14.4203, "waypoint_longitude": 100.72150278, "waypoint_description_code": "E", "turn_direction": null, "rnp": null, "path_termination": "TF", "recommanded_navaid": null, "recommanded_navaid_latitude": null, "recommanded_navaid_longitude": null, "arc_radius": null, "theta": null, "rho": null, "magnetic_course": null, "route_distance_holding_distance_time": null, "distance_time": null, "altitude_description": "-", "altitude1": 9000.0, "altitude2": null, "transition_altitude": null, "speed_limit_description": null, "speed_limit": null, "vertical_angle": null, "center_waypoint": null, "center_waypoint_latitude": null, "center_waypoint_longitude": null, "aircraft_category": null}, "geometry": {"type": "MultiPoint", "coordinates": [[100.72150278, 14.4203]]}}, {"type": "Feature", "properties": {"fid": 4388, "area_code": "PAC", "airport_identifier": "VTBD", "procedure_identifier": "ENDU3A", "route_type": "5", "transition_identifier": "RW21B", "seqno": 50, "waypoint_icao_code": "VT", "waypoint_identifier": "BD114", "waypoint_latitude": 14.40206111, "waypoint_longitude": 100.60381389, "waypoint_description_code": "E", "turn_direction": null, "rnp": null, "path_termination": "TF", "recommanded_navaid": null, "recommanded_navaid_latitude": null, "recommanded_navaid_longitude": null, "arc_radius": null, "theta": null, "rho": null, "magnetic_course": null, "route_distance_holding_distance_time": null, "distance_time": null, "altitude_description": null, "altitude1": null, "altitude2": null, "transition_altitude": null, "speed_limit_description": "-", "speed_limit": 220.0, "vertical_angle": null, "center_waypoint": null, "center_waypoint_latitude": null, "center_waypoint_longitude": null, "aircraft_category": null}, "geometry": {"type": "MultiPoint", "coordinates": [[100.60381389, 14.40206111]]}}, {"type": "Feature", "properties": {"fid": 4389, "area_code": "PAC", "airport_identifier": "VTBD", "procedure_identifier": "ENDU3A", "route_type": "5", "transition_identifier": "RW21B", "seqno": 60, "waypoint_icao_code": "VT", "waypoint_identifier": "AROKA", "waypoint_latitude": 14.18948889, "waypoint_longitude": 100.66441389, "waypoint_description_code": "E", "turn_direction": "L", "rnp": null, "path_termination": "TF", "recommanded_navaid": null, "recommanded_navaid_latitude": null, "recommanded_navaid_longitude": null, "arc_radius": null, "theta": null, "rho": null, "magnetic_course": null, "route_distance_holding_distance_time": null, "distance_time": null, "altitude_description": "-", "altitude1": 5000.0, "altitude2": null, "transition_altitude": null, "speed_limit_description": null, "speed_limit": null, "vertical_angle": null, "center_waypoint": null, "center_waypoint_latitude": null, "center_waypoint_longitude": null, "aircraft_category": null}, "geometry": {"type": "MultiPoint", "coordinates": [[100.66441389, 14.18948889]]}}, {"type": "Feature", "properties": {"fid": 4390, "area_code": "PAC", "airport_identifier": "VTBD", "procedure_identifier": "ENDU3A", "route_type": "5", "transition_identifier": "RW21B", "seqno": 70, "waypoint_icao_code": "VT", "waypoint_identifier": "BD111", "waypoint_latitude": 14.07649444, "waypoint_longitude": 100.69658889, "waypoint_description_code": "E", "turn_direction": null, "rnp": null, "path_termination": "TF", "recommanded_navaid": null, "recommanded_navaid_latitude": null, "recommanded_navaid_longitude": null, "arc_radius": null, "theta": null, "rho": null, "magnetic_course": null, "route_distance_holding_distance_time": null, "distance_time": null, "altitude_description": "+", "altitude1": 2600.0, "altitude2": null, "transition_altitude": null, "speed_limit_description": "-", "speed_limit": 190.0, "vertical_angle": null, "center_waypoint": null, "center_waypoint_latitude": null, "center_waypoint_longitude": null, "aircraft_category": null}, "geometry": {"type": "MultiPoint", "coordinates": [[100.69658889, 14.07649444]]}}, {"type": "Feature", "properties": {"fid": 4392, "area_code": "PAC", "airport_identifier": "VTBD", "procedure_identifier": "NAKO1B", "route_type": "4", "transition_identifier": "ALBOS", "seqno": 10, "waypoint_icao_code": "VT", "waypoint_identifier": "ALBOS", "waypoint_latitude": 14.74491667, "waypoint_longitude": 101.02830556, "waypoint_description_code": "E", "turn_direction": null, "rnp": null, "path_termination": "IF", "recommanded_navaid": null, "recommanded_navaid_latitude": null, "recommanded_navaid_longitude": null, "arc_radius": null, "theta": null, "rho": null, "magnetic_course": null, "route_distance_holding_distance_time": null, "distance_time": null, "altitude_description": null, "altitude1": null, "altitude2": null, "transition_altitude": null, "speed_limit_description": null, "speed_limit": null, "vertical_angle": null, "center_waypoint": null, "center_waypoint_latitude": null, "center_waypoint_longitude": null, "aircraft_category": null}, "geometry": {"type": "MultiPoint", "coordinates": [[101.02830556, 14.74491667]]}}, {"type": "Feature", "properties": {"fid": 4393, "area_code": "PAC", "airport_identifier": "VTBD", "procedure_identifier": "NAKO1B", "route_type": "4", "transition_identifier": "ALBOS", "seqno": 20, "waypoint_icao_code": "VT", "waypoint_identifier": "NAKON", "waypoint_latitude": 14.70386111, "waypoint_longitude": 100.51760833, "waypoint_description_code": "E", "turn_direction": null, "rnp": null, "path_termination": "TF", "recommanded_navaid": null, "recommanded_navaid_latitude": null, "recommanded_navaid_longitude": null, "arc_radius": null, "theta": null, "rho": null, "magnetic_course": null, "route_distance_holding_distance_time": null, "distance_time": null, "altitude_description": "-", "altitude1": 16000.0, "altitude2": null, "transition_altitude": null, "speed_limit_description": null, "speed_limit": null, "vertical_angle": null, "center_waypoint": null, "center_waypoint_latitude": null, "center_waypoint_longitude": null, "aircraft_category": null}, "geometry": {"type": "MultiPoint", "coordinates": [[100.51760833, 14.70386111]]}}, {"type": "Feature", "properties": {"fid": 4395, "area_code": "PAC", "airport_identifier": "VTBD", "procedure_identifier": "NAKO1B", "route_type": "4", "transition_identifier": "BLAFF", "seqno": 10, "waypoint_icao_code": "VT", "waypoint_identifier": "BLAFF", "waypoint_latitude": 15.27595833, "waypoint_longitude": 100.29753056, "waypoint_description_code": "E", "turn_direction": null, "rnp": null, "path_termination": "IF", "recommanded_navaid": null, "recommanded_navaid_latitude": null, "recommanded_navaid_longitude": null, "arc_radius": null, "theta": null, "rho": null, "magnetic_course": null, "route_distance_holding_distance_time": null, "distance_time": null, "altitude_description": null, "altitude1": null, "altitude2": null, "transition_altitude": null, "speed_limit_description": null, "speed_limit": null, "vertical_angle": null, "center_waypoint": null, "center_waypoint_latitude": null, "center_waypoint_longitude": null, "aircraft_category": null}, "geometry": {"type": "MultiPoint", "coordinates": [[100.29753056, 15.27595833]]}}, {"type": "Feature", "properties": {"fid": 4396, "area_code": "PAC", "airport_identifier": "VTBD", "procedure_identifier": "NAKO1B", "route_type": "4", "transition_identifier": "BLAFF", "seqno": 20, "waypoint_icao_code": "VT", "waypoint_identifier": "NAKON", "waypoint_latitude": 14.70386111, "waypoint_longitude": 100.51760833, "waypoint_description_code": "E", "turn_direction": null, "rnp": null, "path_termination": "TF", "recommanded_navaid": null, "recommanded_navaid_latitude": null, "recommanded_navaid_longitude": null, "arc_radius": null, "theta": null, "rho": null, "magnetic_course": null, "route_distance_holding_distance_time": null, "distance_time": null, "altitude_description": "-", "altitude1": 16000.0, "altitude2": null, "transition_altitude": null, "speed_limit_description": null, "speed_limit": null, "vertical_angle": null, "center_waypoint": null, "center_waypoint_latitude": null, "center_waypoint_longitude": null, "aircraft_category": null}, "geometry": {"type": "MultiPoint", "coordinates": [[100.51760833, 14.70386111]]}}, {"type": "Feature", "properties": {"fid": 4398, "area_code": "PAC", "airport_identifier": "VTBD", "procedure_identifier": "NAKO1B", "route_type": "4", "transition_identifier": "NOBER", "seqno": 10, "waypoint_icao_code": "VT", "waypoint_identifier": "NOBER", "waypoint_latitude": 15.27655556, "waypoint_longitude": 100.66833333, "waypoint_description_code": "E", "turn_direction": null, "rnp": null, "path_termination": "IF", "recommanded_navaid": null, "recommanded_navaid_latitude": null, "recommanded_navaid_longitude": null, "arc_radius": null, "theta": null, "rho": null, "magnetic_course": null, "route_distance_holding_distance_time": null, "distance_time": null, "altitude_description": null, "altitude1": null, "altitude2": null, "transition_altitude": null, "speed_limit_description": null, "speed_limit": null, "vertical_angle": null, "center_waypoint": null, "center_waypoint_latitude": null, "center_waypoint_longitude": null, "aircraft_category": null}, "geometry": {"type": "MultiPoint", "coordinates": [[100.66833333, 15.27655556]]}}, {"type": "Feature", "properties": {"fid": 4399, "area_code": "PAC", "airport_identifier": "VTBD", "procedure_identifier": "NAKO1B", "route_type": "4", "transition_identifier": "NOBER", "seqno": 20, "waypoint_icao_code": "VT", "waypoint_identifier": "NAKON", "waypoint_latitude": 14.70386111, "waypoint_longitude": 100.51760833, "waypoint_description_code": "E", "turn_direction": null, "rnp": null, "path_termination": "TF", "recommanded_navaid": null, "recommanded_navaid_latitude": null, "recommanded_navaid_longitude": null, "arc_radius": null, "theta": null, "rho": null, "magnetic_course": null, "route_distance_holding_distance_time": null, "distance_time": null, "altitude_description": "-", "altitude1": 16000.0, "altitude2": null, "transition_altitude": null, "speed_limit_description": null, "speed_limit": null, "vertical_angle": null, "center_waypoint": null, "center_waypoint_latitude": null, "center_waypoint_longitude": null, "aircraft_category": null}, "geometry": {"type": "MultiPoint", "coordinates": [[100.51760833, 14.70386111]]}}, {"type": "Feature", "properties": {"fid": 4401, "area_code": "PAC", "airport_identifier": "VTBD", "procedure_identifier": "NAKO1B", "route_type": "4", "transition_identifier": "SEMBO", "seqno": 10, "waypoint_icao_code": "VT", "waypoint_identifier": "SEMBO", "waypoint_latitude": 14.89976667, "waypoint_longitude": 100.26331111, "waypoint_description_code": "E", "turn_direction": null, "rnp": null, "path_termination": "IF", "recommanded_navaid": null, "recommanded_navaid_latitude": null, "recommanded_navaid_longitude": null, "arc_radius": null, "theta": null, "rho": null, "magnetic_course": null, "route_distance_holding_distance_time": null, "distance_time": null, "altitude_description": null, "altitude1": null, "altitude2": null, "transition_altitude": null, "speed_limit_description": null, "speed_limit": null, "vertical_angle": null, "center_waypoint": null, "center_waypoint_latitude": null, "center_waypoint_longitude": null, "aircraft_category": null}, "geometry": {"type": "MultiPoint", "coordinates": [[100.26331111, 14.89976667]]}}, {"type": "Feature", "properties": {"fid": 4402, "area_code": "PAC", "airport_identifier": "VTBD", "procedure_identifier": "NAKO1B", "route_type": "4", "transition_identifier": "SEMBO", "seqno": 20, "waypoint_icao_code": "VT", "waypoint_identifier": "NAKON", "waypoint_latitude": 14.70386111, "waypoint_longitude": 100.51760833, "waypoint_description_code": "E", "turn_direction": null, "rnp": null, "path_termination": "TF", "recommanded_navaid": null, "recommanded_navaid_latitude": null, "recommanded_navaid_longitude": null, "arc_radius": null, "theta": null, "rho": null, "magnetic_course": null, "route_distance_holding_distance_time": null, "distance_time": null, "altitude_description": "-", "altitude1": 16000.0, "altitude2": null, "transition_altitude": null, "speed_limit_description": null, "speed_limit": null, "vertical_angle": null, "center_waypoint": null, "center_waypoint_latitude": null, "center_waypoint_longitude": null, "aircraft_category": null}, "geometry": {"type": "MultiPoint", "coordinates": [[100.51760833, 14.70386111]]}}, {"type": "Feature", "properties": {"fid": 4404, "area_code": "PAC", "airport_identifier": "VTBD", "procedure_identifier": "NAKO1B", "route_type": "5", "transition_identifier": "RW03B", "seqno": 10, "waypoint_icao_code": "VT", "waypoint_identifier": "NAKON", "waypoint_latitude": 14.70386111, "waypoint_longitude": 100.51760833, "waypoint_description_code": "E", "turn_direction": null, "rnp": null, "path_termination": "IF", "recommanded_navaid": null, "recommanded_navaid_latitude": null, "recommanded_navaid_longitude": null, "arc_radius": null, "theta": null, "rho": null, "magnetic_course": null, "route_distance_holding_distance_time": null, "distance_time": null, "altitude_description": "-", "altitude1": 16000.0, "altitude2": null, "transition_altitude": null, "speed_limit_description": null, "speed_limit": null, "vertical_angle": null, "center_waypoint": null, "center_waypoint_latitude": null, "center_waypoint_longitude": null, "aircraft_category": null}, "geometry": {"type": "MultiPoint", "coordinates": [[100.51760833, 14.70386111]]}}, {"type": "Feature", "properties": {"fid": 4405, "area_code": "PAC", "airport_identifier": "VTBD", "procedure_identifier": "NAKO1B", "route_type": "5", "transition_identifier": "RW03B", "seqno": 20, "waypoint_icao_code": "VT", "waypoint_identifier": "PIANO", "waypoint_latitude": 14.50216111, "waypoint_longitude": 100.5918, "waypoint_description_code": "E", "turn_direction": null, "rnp": null, "path_termination": "TF", "recommanded_navaid": null, "recommanded_navaid_latitude": null, "recommanded_navaid_longitude": null, "arc_radius": null, "theta": null, "rho": null, "magnetic_course": null, "route_distance_holding_distance_time": null, "distance_time": null, "altitude_description": "B", "altitude1": 13000.0, "altitude2": 10000.0, "transition_altitude": null, "speed_limit_description": "-", "speed_limit": 250.0, "vertical_angle": null, "center_waypoint": null, "center_waypoint_latitude": null, "center_waypoint_longitude": null, "aircraft_category": null}, "geometry": {"type": "MultiPoint", "coordinates": [[100.5918, 14.50216111]]}}, {"type": "Feature", "properties": {"fid": 4406, "area_code": "PAC", "airport_identifier": "VTBD", "procedure_identifier": "NAKO1B", "route_type": "5", "transition_identifier": "RW03B", "seqno": 30, "waypoint_icao_code": "VT", "waypoint_identifier": "BRENT", "waypoint_latitude": 14.13257222, "waypoint_longitude": 100.58919722, "waypoint_description_code": "E", "turn_direction": null, "rnp": null, "path_termination": "TF", "recommanded_navaid": null, "recommanded_navaid_latitude": null, "recommanded_navaid_longitude": null, "arc_radius": null, "theta": null, "rho": null, "magnetic_course": null, "route_distance_holding_distance_time": null, "distance_time": null, "altitude_description": "-", "altitude1": 8000.0, "altitude2": null, "transition_altitude": null, "speed_limit_description": null, "speed_limit": null, "vertical_angle": null, "center_waypoint": null, "center_waypoint_latitude": null, "center_waypoint_longitude": null, "aircraft_category": null}, "geometry": {"type": "MultiPoint", "coordinates": [[100.58919722, 14.13257222]]}}, {"type": "Feature", "properties": {"fid": 4407, "area_code": "PAC", "airport_identifier": "VTBD", "procedure_identifier": "NAKO1B", "route_type": "5", "transition_identifier": "RW03B", "seqno": 40, "waypoint_icao_code": "VT", "waypoint_identifier": "FERDO", "waypoint_latitude": 13.941425, "waypoint_longitude": 100.47621111, "waypoint_description_code": "E", "turn_direction": null, "rnp": null, "path_termination": "TF", "recommanded_navaid": null, "recommanded_navaid_latitude": null, "recommanded_navaid_longitude": null, "arc_radius": null, "theta": null, "rho": null, "magnetic_course": null, "route_distance_holding_distance_time": null, "distance_time": null, "altitude_description": "+", "altitude1": 7000.0, "altitude2": null, "transition_altitude": null, "speed_limit_description": "-", "speed_limit": 220.0, "vertical_angle": null, "center_waypoint": null, "center_waypoint_latitude": null, "center_waypoint_longitude": null, "aircraft_category": null}, "geometry": {"type": "MultiPoint", "coordinates": [[100.47621111, 13.941425]]}}, {"type": "Feature", "properties": {"fid": 4408, "area_code": "PAC", "airport_identifier": "VTBD", "procedure_identifier": "NAKO1B", "route_type": "5", "transition_identifier": "RW03B", "seqno": 50, "waypoint_icao_code": "VT", "waypoint_identifier": "DM307", "waypoint_latitude": 13.76614444, "waypoint_longitude": 100.37281667, "waypoint_description_code": "E", "turn_direction": null, "rnp": null, "path_termination": "TF", "recommanded_navaid": null, "recommanded_navaid_latitude": null, "recommanded_navaid_longitude": null, "arc_radius": null, "theta": null, "rho": null, "magnetic_course": null, "route_distance_holding_distance_time": null, "distance_time": null, "altitude_description": null, "altitude1": null, "altitude2": null, "transition_altitude": null, "speed_limit_description": null, "speed_limit": null, "vertical_angle": null, "center_waypoint": null, "center_waypoint_latitude": null, "center_waypoint_longitude": null, "aircraft_category": null}, "geometry": {"type": "MultiPoint", "coordinates": [[100.37281667, 13.76614444]]}}, {"type": "Feature", "properties": {"fid": 4409, "area_code": "PAC", "airport_identifier": "VTBD", "procedure_identifier": "NAKO1B", "route_type": "5", "transition_identifier": "RW03B", "seqno": 60, "waypoint_icao_code": "VT", "waypoint_identifier": "DOTLI", "waypoint_latitude": 13.64946944, "waypoint_longitude": 100.37213889, "waypoint_description_code": "E", "turn_direction": null, "rnp": null, "path_termination": "TF", "recommanded_navaid": null, "recommanded_navaid_latitude": null, "recommanded_navaid_longitude": null, "arc_radius": null, "theta": null, "rho": null, "magnetic_course": null, "route_distance_holding_distance_time": null, "distance_time": null, "altitude_description": "+", "altitude1": 4000.0, "altitude2": null, "transition_altitude": null, "speed_limit_description": "-", "speed_limit": 220.0, "vertical_angle": null, "center_waypoint": null, "center_waypoint_latitude": null, "center_waypoint_longitude": null, "aircraft_category": null}, "geometry": {"type": "MultiPoint", "coordinates": [[100.37213889, 13.64946944]]}}, {"type": "Feature", "properties": {"fid": 4411, "area_code": "PAC", "airport_identifier": "VTBD", "procedure_identifier": "WEHA3A", "route_type": "4", "transition_identifier": "BONVO", "seqno": 10, "waypoint_icao_code": "VT", "waypoint_identifier": "BONVO", "waypoint_latitude": 13.73624167, "waypoint_longitude": 99.76853333, "waypoint_description_code": "E", "turn_direction": null, "rnp": null, "path_termination": "IF", "recommanded_navaid": null, "recommanded_navaid_latitude": null, "recommanded_navaid_longitude": null, "arc_radius": null, "theta": null, "rho": null, "magnetic_course": null, "route_distance_holding_distance_time": null, "distance_time": null, "altitude_description": null, "altitude1": null, "altitude2": null, "transition_altitude": null, "speed_limit_description": null, "speed_limit": null, "vertical_angle": null, "center_waypoint": null, "center_waypoint_latitude": null, "center_waypoint_longitude": null, "aircraft_category": null}, "geometry": {"type": "MultiPoint", "coordinates": [[99.76853333, 13.73624167]]}}, {"type": "Feature", "properties": {"fid": 4412, "area_code": "PAC", "airport_identifier": "VTBD", "procedure_identifier": "WEHA3A", "route_type": "4", "transition_identifier": "BONVO", "seqno": 20, "waypoint_icao_code": "VT", "waypoint_identifier": "WEHHA", "waypoint_latitude": 14.26546389, "waypoint_longitude": 100.05916944, "waypoint_description_code": "E", "turn_direction": null, "rnp": null, "path_termination": "TF", "recommanded_navaid": null, "recommanded_navaid_latitude": null, "recommanded_navaid_longitude": null, "arc_radius": null, "theta": null, "rho": null, "magnetic_course": null, "route_distance_holding_distance_time": null, "distance_time": null, "altitude_description": "-", "altitude1": 9000.0, "altitude2": null, "transition_altitude": null, "speed_limit_description": "-", "speed_limit": 250.0, "vertical_angle": null, "center_waypoint": null, "center_waypoint_latitude": null, "center_waypoint_longitude": null, "aircraft_category": null}, "geometry": {"type": "MultiPoint", "coordinates": [[100.05916944, 14.26546389]]}}, {"type": "Feature", "properties": {"fid": 4414, "area_code": "PAC", "airport_identifier": "VTBD", "procedure_identifier": "WEHA3A", "route_type": "4", "transition_identifier": "IBETO", "seqno": 10, "waypoint_icao_code": "VT", "waypoint_identifier": "IBETO", "waypoint_latitude": 14.17670556, "waypoint_longitude": 99.49602222, "waypoint_description_code": "E", "turn_direction": null, "rnp": null, "path_termination": "IF", "recommanded_navaid": null, "recommanded_navaid_latitude": null, "recommanded_navaid_longitude": null, "arc_radius": null, "theta": null, "rho": null, "magnetic_course": null, "route_distance_holding_distance_time": null, "distance_time": null, "altitude_description": null, "altitude1": null, "altitude2": null, "transition_altitude": null, "speed_limit_description": null, "speed_limit": null, "vertical_angle": null, "center_waypoint": null, "center_waypoint_latitude": null, "center_waypoint_longitude": null, "aircraft_category": null}, "geometry": {"type": "MultiPoint", "coordinates": [[99.49602222, 14.17670556]]}}, {"type": "Feature", "properties": {"fid": 4415, "area_code": "PAC", "airport_identifier": "VTBD", "procedure_identifier": "WEHA3A", "route_type": "4", "transition_identifier": "IBETO", "seqno": 20, "waypoint_icao_code": "VT", "waypoint_identifier": "WEHHA", "waypoint_latitude": 14.26546389, "waypoint_longitude": 100.05916944, "waypoint_description_code": "E", "turn_direction": null, "rnp": null, "path_termination": "TF", "recommanded_navaid": null, "recommanded_navaid_latitude": null, "recommanded_navaid_longitude": null, "arc_radius": null, "theta": null, "rho": null, "magnetic_course": null, "route_distance_holding_distance_time": null, "distance_time": null, "altitude_description": "-", "altitude1": 9000.0, "altitude2": null, "transition_altitude": null, "speed_limit_description": "-", "speed_limit": 250.0, "vertical_angle": null, "center_waypoint": null, "center_waypoint_latitude": null, "center_waypoint_longitude": null, "aircraft_category": null}, "geometry": {"type": "MultiPoint", "coordinates": [[100.05916944, 14.26546389]]}}, {"type": "Feature", "properties": {"fid": 4417, "area_code": "PAC", "airport_identifier": "VTBD", "procedure_identifier": "WEHA3A", "route_type": "4", "transition_identifier": "IGONI", "seqno": 10, "waypoint_icao_code": "VT", "waypoint_identifier": "IGONI", "waypoint_latitude": 14.442425, "waypoint_longitude": 99.90841389, "waypoint_description_code": "E", "turn_direction": null, "rnp": null, "path_termination": "IF", "recommanded_navaid": null, "recommanded_navaid_latitude": null, "recommanded_navaid_longitude": null, "arc_radius": null, "theta": null, "rho": null, "magnetic_course": null, "route_distance_holding_distance_time": null, "distance_time": null, "altitude_description": null, "altitude1": null, "altitude2": null, "transition_altitude": null, "speed_limit_description": null, "speed_limit": null, "vertical_angle": null, "center_waypoint": null, "center_waypoint_latitude": null, "center_waypoint_longitude": null, "aircraft_category": null}, "geometry": {"type": "MultiPoint", "coordinates": [[99.90841389, 14.442425]]}}, {"type": "Feature", "properties": {"fid": 4418, "area_code": "PAC", "airport_identifier": "VTBD", "procedure_identifier": "WEHA3A", "route_type": "4", "transition_identifier": "IGONI", "seqno": 20, "waypoint_icao_code": "VT", "waypoint_identifier": "WEHHA", "waypoint_latitude": 14.26546389, "waypoint_longitude": 100.05916944, "waypoint_description_code": "E", "turn_direction": null, "rnp": null, "path_termination": "TF", "recommanded_navaid": null, "recommanded_navaid_latitude": null, "recommanded_navaid_longitude": null, "arc_radius": null, "theta": null, "rho": null, "magnetic_course": null, "route_distance_holding_distance_time": null, "distance_time": null, "altitude_description": "-", "altitude1": 9000.0, "altitude2": null, "transition_altitude": null, "speed_limit_description": "-", "speed_limit": 250.0, "vertical_angle": null, "center_waypoint": null, "center_waypoint_latitude": null, "center_waypoint_longitude": null, "aircraft_category": null}, "geometry": {"type": "MultiPoint", "coordinates": [[100.05916944, 14.26546389]]}}, {"type": "Feature", "properties": {"fid": 4420, "area_code": "PAC", "airport_identifier": "VTBD", "procedure_identifier": "WEHA3A", "route_type": "4", "transition_identifier": "PASTO", "seqno": 10, "waypoint_icao_code": "VT", "waypoint_identifier": "PASTO", "waypoint_latitude": 14.00125, "waypoint_longitude": 99.50192778, "waypoint_description_code": "E", "turn_direction": null, "rnp": null, "path_termination": "IF", "recommanded_navaid": null, "recommanded_navaid_latitude": null, "recommanded_navaid_longitude": null, "arc_radius": null, "theta": null, "rho": null, "magnetic_course": null, "route_distance_holding_distance_time": null, "distance_time": null, "altitude_description": null, "altitude1": null, "altitude2": null, "transition_altitude": null, "speed_limit_description": null, "speed_limit": null, "vertical_angle": null, "center_waypoint": null, "center_waypoint_latitude": null, "center_waypoint_longitude": null, "aircraft_category": null}, "geometry": {"type": "MultiPoint", "coordinates": [[99.50192778, 14.00125]]}}, {"type": "Feature", "properties": {"fid": 4421, "area_code": "PAC", "airport_identifier": "VTBD", "procedure_identifier": "WEHA3A", "route_type": "4", "transition_identifier": "PASTO", "seqno": 20, "waypoint_icao_code": "VT", "waypoint_identifier": "WEHHA", "waypoint_latitude": 14.26546389, "waypoint_longitude": 100.05916944, "waypoint_description_code": "E", "turn_direction": null, "rnp": null, "path_termination": "TF", "recommanded_navaid": null, "recommanded_navaid_latitude": null, "recommanded_navaid_longitude": null, "arc_radius": null, "theta": null, "rho": null, "magnetic_course": null, "route_distance_holding_distance_time": null, "distance_time": null, "altitude_description": "-", "altitude1": 9000.0, "altitude2": null, "transition_altitude": null, "speed_limit_description": "-", "speed_limit": 250.0, "vertical_angle": null, "center_waypoint": null, "center_waypoint_latitude": null, "center_waypoint_longitude": null, "aircraft_category": null}, "geometry": {"type": "MultiPoint", "coordinates": [[100.05916944, 14.26546389]]}}, {"type": "Feature", "properties": {"fid": 4423, "area_code": "PAC", "airport_identifier": "VTBD", "procedure_identifier": "WEHA3A", "route_type": "4", "transition_identifier": "TARED", "seqno": 10, "waypoint_icao_code": "VT", "waypoint_identifier": "TARED", "waypoint_latitude": 14.43875556, "waypoint_longitude": 99.52468611, "waypoint_description_code": "E", "turn_direction": null, "rnp": null, "path_termination": "IF", "recommanded_navaid": null, "recommanded_navaid_latitude": null, "recommanded_navaid_longitude": null, "arc_radius": null, "theta": null, "rho": null, "magnetic_course": null, "route_distance_holding_distance_time": null, "distance_time": null, "altitude_description": null, "altitude1": null, "altitude2": null, "transition_altitude": null, "speed_limit_description": null, "speed_limit": null, "vertical_angle": null, "center_waypoint": null, "center_waypoint_latitude": null, "center_waypoint_longitude": null, "aircraft_category": null}, "geometry": {"type": "MultiPoint", "coordinates": [[99.52468611, 14.43875556]]}}, {"type": "Feature", "properties": {"fid": 4424, "area_code": "PAC", "airport_identifier": "VTBD", "procedure_identifier": "WEHA3A", "route_type": "4", "transition_identifier": "TARED", "seqno": 20, "waypoint_icao_code": "VT", "waypoint_identifier": "WEHHA", "waypoint_latitude": 14.26546389, "waypoint_longitude": 100.05916944, "waypoint_description_code": "E", "turn_direction": null, "rnp": null, "path_termination": "TF", "recommanded_navaid": null, "recommanded_navaid_latitude": null, "recommanded_navaid_longitude": null, "arc_radius": null, "theta": null, "rho": null, "magnetic_course": null, "route_distance_holding_distance_time": null, "distance_time": null, "altitude_description": "-", "altitude1": 9000.0, "altitude2": null, "transition_altitude": null, "speed_limit_description": "-", "speed_limit": 250.0, "vertical_angle": null, "center_waypoint": null, "center_waypoint_latitude": null, "center_waypoint_longitude": null, "aircraft_category": null}, "geometry": {"type": "MultiPoint", "coordinates": [[100.05916944, 14.26546389]]}}, {"type": "Feature", "properties": {"fid": 4426, "area_code": "PAC", "airport_identifier": "VTBD", "procedure_identifier": "WEHA3A", "route_type": "5", "transition_identifier": "RW21B", "seqno": 10, "waypoint_icao_code": "VT", "waypoint_identifier": "WEHHA", "waypoint_latitude": 14.26546389, "waypoint_longitude": 100.05916944, "waypoint_description_code": "E", "turn_direction": null, "rnp": null, "path_termination": "IF", "recommanded_navaid": null, "recommanded_navaid_latitude": null, "recommanded_navaid_longitude": null, "arc_radius": null, "theta": null, "rho": null, "magnetic_course": null, "route_distance_holding_distance_time": null, "distance_time": null, "altitude_description": "-", "altitude1": 9000.0, "altitude2": null, "transition_altitude": null, "speed_limit_description": "-", "speed_limit": 250.0, "vertical_angle": null, "center_waypoint": null, "center_waypoint_latitude": null, "center_waypoint_longitude": null, "aircraft_category": null}, "geometry": {"type": "MultiPoint", "coordinates": [[100.05916944, 14.26546389]]}}, {"type": "Feature", "properties": {"fid": 4427, "area_code": "PAC", "airport_identifier": "VTBD", "procedure_identifier": "WEHA3A", "route_type": "5", "transition_identifier": "RW21B", "seqno": 20, "waypoint_icao_code": "VT", "waypoint_identifier": "NINER", "waypoint_latitude": 14.2577, "waypoint_longitude": 100.12160278, "waypoint_description_code": "E", "turn_direction": null, "rnp": null, "path_termination": "TF", "recommanded_navaid": null, "recommanded_navaid_latitude": null, "recommanded_navaid_longitude": null, "arc_radius": null, "theta": null, "rho": null, "magnetic_course": null, "route_distance_holding_distance_time": null, "distance_time": null, "altitude_description": null, "altitude1": null, "altitude2": null, "transition_altitude": null, "speed_limit_description": null, "speed_limit": null, "vertical_angle": null, "center_waypoint": null, "center_waypoint_latitude": null, "center_waypoint_longitude": null, "aircraft_category": null}, "geometry": {"type": "MultiPoint", "coordinates": [[100.12160278, 14.2577]]}}, {"type": "Feature", "properties": {"fid": 4428, "area_code": "PAC", "airport_identifier": "VTBD", "procedure_identifier": "WEHA3A", "route_type": "5", "transition_identifier": "RW21B", "seqno": 30, "waypoint_icao_code": "VT", "waypoint_identifier": "DOVAX", "waypoint_latitude": 14.23266389, "waypoint_longitude": 100.32200833, "waypoint_description_code": "E", "turn_direction": null, "rnp": null, "path_termination": "TF", "recommanded_navaid": null, "recommanded_navaid_latitude": null, "recommanded_navaid_longitude": null, "arc_radius": null, "theta": null, "rho": null, "magnetic_course": null, "route_distance_holding_distance_time": null, "distance_time": null, "altitude_description": "B", "altitude1": 8000.0, "altitude2": 7000.0, "transition_altitude": null, "speed_limit_description": null, "speed_limit": null, "vertical_angle": null, "center_waypoint": null, "center_waypoint_latitude": null, "center_waypoint_longitude": null, "aircraft_category": null}, "geometry": {"type": "MultiPoint", "coordinates": [[100.32200833, 14.23266389]]}}, {"type": "Feature", "properties": {"fid": 4429, "area_code": "PAC", "airport_identifier": "VTBD", "procedure_identifier": "WEHA3A", "route_type": "5", "transition_identifier": "RW21B", "seqno": 40, "waypoint_icao_code": "VT", "waypoint_identifier": "BD113", "waypoint_latitude": 14.21782778, "waypoint_longitude": 100.44011944, "waypoint_description_code": "E", "turn_direction": null, "rnp": null, "path_termination": "TF", "recommanded_navaid": null, "recommanded_navaid_latitude": null, "recommanded_navaid_longitude": null, "arc_radius": null, "theta": null, "rho": null, "magnetic_course": null, "route_distance_holding_distance_time": null, "distance_time": null, "altitude_description": null, "altitude1": null, "altitude2": null, "transition_altitude": null, "speed_limit_description": "-", "speed_limit": 220.0, "vertical_angle": null, "center_waypoint": null, "center_waypoint_latitude": null, "center_waypoint_longitude": null, "aircraft_category": null}, "geometry": {"type": "MultiPoint", "coordinates": [[100.44011944, 14.21782778]]}}, {"type": "Feature", "properties": {"fid": 4430, "area_code": "PAC", "airport_identifier": "VTBD", "procedure_identifier": "WEHA3A", "route_type": "5", "transition_identifier": "RW21B", "seqno": 50, "waypoint_icao_code": "VT", "waypoint_identifier": "VARPI", "waypoint_latitude": 14.20528056, "waypoint_longitude": 100.53964167, "waypoint_description_code": "E", "turn_direction": null, "rnp": null, "path_termination": "TF", "recommanded_navaid": null, "recommanded_navaid_latitude": null, "recommanded_navaid_longitude": null, "arc_radius": null, "theta": null, "rho": null, "magnetic_course": null, "route_distance_holding_distance_time": null, "distance_time": null, "altitude_description": "-", "altitude1": 7000.0, "altitude2": null, "transition_altitude": null, "speed_limit_description": null, "speed_limit": null, "vertical_angle": null, "center_waypoint": null, "center_waypoint_latitude": null, "center_waypoint_longitude": null, "aircraft_category": null}, "geometry": {"type": "MultiPoint", "coordinates": [[100.53964167, 14.20528056]]}}, {"type": "Feature", "properties": {"fid": 4431, "area_code": "PAC", "airport_identifier": "VTBD", "procedure_identifier": "WEHA3A", "route_type": "5", "transition_identifier": "RW21B", "seqno": 60, "waypoint_icao_code": "VT", "waypoint_identifier": "AROKA", "waypoint_latitude": 14.18948889, "waypoint_longitude": 100.66441389, "waypoint_description_code": "E", "turn_direction": null, "rnp": null, "path_termination": "TF", "recommanded_navaid": null, "recommanded_navaid_latitude": null, "recommanded_navaid_longitude": null, "arc_radius": null, "theta": null, "rho": null, "magnetic_course": null, "route_distance_holding_distance_time": null, "distance_time": null, "altitude_description": "-", "altitude1": 5000.0, "altitude2": null, "transition_altitude": null, "speed_limit_description": null, "speed_limit": null, "vertical_angle": null, "center_waypoint": null, "center_waypoint_latitude": null, "center_waypoint_longitude": null, "aircraft_category": null}, "geometry": {"type": "MultiPoint", "coordinates": [[100.66441389, 14.18948889]]}}, {"type": "Feature", "properties": {"fid": 4432, "area_code": "PAC", "airport_identifier": "VTBD", "procedure_identifier": "WEHA3A", "route_type": "5", "transition_identifier": "RW21B", "seqno": 70, "waypoint_icao_code": "VT", "waypoint_identifier": "BD111", "waypoint_latitude": 14.07649444, "waypoint_longitude": 100.69658889, "waypoint_description_code": "E", "turn_direction": null, "rnp": null, "path_termination": "TF", "recommanded_navaid": null, "recommanded_navaid_latitude": null, "recommanded_navaid_longitude": null, "arc_radius": null, "theta": null, "rho": null, "magnetic_course": null, "route_distance_holding_distance_time": null, "distance_time": null, "altitude_description": "+", "altitude1": 2600.0, "altitude2": null, "transition_altitude": null, "speed_limit_description": "-", "speed_limit": 190.0, "vertical_angle": null, "center_waypoint": null, "center_waypoint_latitude": null, "center_waypoint_longitude": null, "aircraft_category": null}, "geometry": {"type": "MultiPoint", "coordinates": [[100.69658889, 14.07649444]]}}, {"type": "Feature", "properties": {"fid": 4434, "area_code": "PAC", "airport_identifier": "VTCL", "procedure_identifier": "IGNA1A", "route_type": "5", "transition_identifier": "RW36", "seqno": 10, "waypoint_icao_code": "VT", "waypoint_identifier": "IGNAX", "waypoint_latitude": 17.86208611, "waypoint_longitude": 99.56095833, "waypoint_description_code": "E", "turn_direction": null, "rnp": 1.0, "path_termination": "IF", "recommanded_navaid": null, "recommanded_navaid_latitude": null, "recommanded_navaid_longitude": null, "arc_radius": null, "theta": null, "rho": null, "magnetic_course": null, "route_distance_holding_distance_time": null, "distance_time": null, "altitude_description": "@", "altitude1": 7000.0, "altitude2": null, "transition_altitude": null, "speed_limit_description": null, "speed_limit": null, "vertical_angle": null, "center_waypoint": null, "center_waypoint_latitude": null, "center_waypoint_longitude": null, "aircraft_category": null}, "geometry": {"type": "MultiPoint", "coordinates": [[99.56095833, 17.86208611]]}}, {"type": "Feature", "properties": {"fid": 4435, "area_code": "PAC", "airport_identifier": "VTCL", "procedure_identifier": "IGNA1A", "route_type": "5", "transition_identifier": "RW36", "seqno": 20, "waypoint_icao_code": "VT", "waypoint_identifier": "MADBU", "waypoint_latitude": 17.96898889, "waypoint_longitude": 99.49043056, "waypoint_description_code": "E", "turn_direction": null, "rnp": 1.0, "path_termination": "TF", "recommanded_navaid": null, "recommanded_navaid_latitude": null, "recommanded_navaid_longitude": null, "arc_radius": null, "theta": null, "rho": null, "magnetic_course": null, "route_distance_holding_distance_time": null, "distance_time": null, "altitude_description": "+", "altitude1": 6000.0, "altitude2": null, "transition_altitude": null, "speed_limit_description": "-", "speed_limit": 230.0, "vertical_angle": null, "center_waypoint": null, "center_waypoint_latitude": null, "center_waypoint_longitude": null, "aircraft_category": null}, "geometry": {"type": "MultiPoint", "coordinates": [[99.49043056, 17.96898889]]}}, {"type": "Feature", "properties": {"fid": 4436, "area_code": "PAC", "airport_identifier": "VTCL", "procedure_identifier": "IGNA1A", "route_type": "5", "transition_identifier": "RW36", "seqno": 30, "waypoint_icao_code": "VT", "waypoint_identifier": "BOVBA", "waypoint_latitude": 18.02659444, "waypoint_longitude": 99.45238056, "waypoint_description_code": "E", "turn_direction": null, "rnp": 1.0, "path_termination": "TF", "recommanded_navaid": null, "recommanded_navaid_latitude": null, "recommanded_navaid_longitude": null, "arc_radius": null, "theta": null, "rho": null, "magnetic_course": null, "route_distance_holding_distance_time": null, "distance_time": null, "altitude_description": "+", "altitude1": 5000.0, "altitude2": null, "transition_altitude": null, "speed_limit_description": "-", "speed_limit": 230.0, "vertical_angle": null, "center_waypoint": null, "center_waypoint_latitude": null, "center_waypoint_longitude": null, "aircraft_category": null}, "geometry": {"type": "MultiPoint", "coordinates": [[99.45238056, 18.02659444]]}}, {"type": "Feature", "properties": {"fid": 4437, "area_code": "PAC", "airport_identifier": "VTCL", "procedure_identifier": "IGNA1A", "route_type": "5", "transition_identifier": "RW36", "seqno": 40, "waypoint_icao_code": "VT", "waypoint_identifier": "CL305", "waypoint_latitude": 18.06697778, "waypoint_longitude": 99.48393611, "waypoint_description_code": "E", "turn_direction": null, "rnp": 1.0, "path_termination": "TF", "recommanded_navaid": null, "recommanded_navaid_latitude": null, "recommanded_navaid_longitude": null, "arc_radius": null, "theta": null, "rho": null, "magnetic_course": null, "route_distance_holding_distance_time": null, "distance_time": null, "altitude_description": "+", "altitude1": 4000.0, "altitude2": null, "transition_altitude": null, "speed_limit_description": "-", "speed_limit": 230.0, "vertical_angle": null, "center_waypoint": null, "center_waypoint_latitude": null, "center_waypoint_longitude": null, "aircraft_category": null}, "geometry": {"type": "MultiPoint", "coordinates": [[99.48393611, 18.06697778]]}}, {"type": "Feature", "properties": {"fid": 4438, "area_code": "PAC", "airport_identifier": "VTCL", "procedure_identifier": "IGNA1A", "route_type": "5", "transition_identifier": "RW36", "seqno": 50, "waypoint_icao_code": "VT", "waypoint_identifier": "SATBO", "waypoint_latitude": 18.10993889, "waypoint_longitude": 99.51752778, "waypoint_description_code": "E", "turn_direction": null, "rnp": 1.0, "path_termination": "TF", "recommanded_navaid": null, "recommanded_navaid_latitude": null, "recommanded_navaid_longitude": null, "arc_radius": null, "theta": null, "rho": null, "magnetic_course": null, "route_distance_holding_distance_time": null, "distance_time": null, "altitude_description": "+", "altitude1": 3300.0, "altitude2": null, "transition_altitude": null, "speed_limit_description": "-", "speed_limit": 210.0, "vertical_angle": null, "center_waypoint": null, "center_waypoint_latitude": null, "center_waypoint_longitude": null, "aircraft_category": null}, "geometry": {"type": "MultiPoint", "coordinates": [[99.51752778, 18.10993889]]}}, {"type": "Feature", "properties": {"fid": 4440, "area_code": "PAC", "airport_identifier": "VTCC", "procedure_identifier": "ADLU2B", "route_type": "5", "transition_identifier": "RW18", "seqno": 10, "waypoint_icao_code": "VT", "waypoint_identifier": "ADLUS", "waypoint_latitude": 19.10291389, "waypoint_longitude": 99.22219167, "waypoint_description_code": "E", "turn_direction": null, "rnp": null, "path_termination": "IF", "recommanded_navaid": null, "recommanded_navaid_latitude": null, "recommanded_navaid_longitude": null, "arc_radius": null, "theta": null, "rho": null, "magnetic_course": null, "route_distance_holding_distance_time": null, "distance_time": null, "altitude_description": "-", "altitude1": 13000.0, "altitude2": null, "transition_altitude": null, "speed_limit_description": null, "speed_limit": null, "vertical_angle": null, "center_waypoint": null, "center_waypoint_latitude": null, "center_waypoint_longitude": null, "aircraft_category": null}, "geometry": {"type": "MultiPoint", "coordinates": [[99.22219167, 19.10291389]]}}, {"type": "Feature", "properties": {"fid": 4441, "area_code": "PAC", "airport_identifier": "VTCC", "procedure_identifier": "ADLU2B", "route_type": "5", "transition_identifier": "RW18", "seqno": 20, "waypoint_icao_code": "VT", "waypoint_identifier": "CC511", "waypoint_latitude": 18.95091111, "waypoint_longitude": 99.33260833, "waypoint_description_code": "E", "turn_direction": null, "rnp": null, "path_termination": "TF", "recommanded_navaid": null, "recommanded_navaid_latitude": null, "recommanded_navaid_longitude": null, "arc_radius": null, "theta": null, "rho": null, "magnetic_course": null, "route_distance_holding_distance_time": null, "distance_time": null, "altitude_description": "+", "altitude1": 11000.0, "altitude2": null, "transition_altitude": null, "speed_limit_description": null, "speed_limit": null, "vertical_angle": null, "center_waypoint": null, "center_waypoint_latitude": null, "center_waypoint_longitude": null, "aircraft_category": null}, "geometry": {"type": "MultiPoint", "coordinates": [[99.33260833, 18.95091111]]}}, {"type": "Feature", "properties": {"fid": 4442, "area_code": "PAC", "airport_identifier": "VTCC", "procedure_identifier": "ADLU2B", "route_type": "5", "transition_identifier": "RW18", "seqno": 30, "waypoint_icao_code": "VT", "waypoint_identifier": "CC513", "waypoint_latitude": 18.78530833, "waypoint_longitude": 99.33183333, "waypoint_description_code": "E", "turn_direction": null, "rnp": null, "path_termination": "TF", "recommanded_navaid": null, "recommanded_navaid_latitude": null, "recommanded_navaid_longitude": null, "arc_radius": null, "theta": null, "rho": null, "magnetic_course": null, "route_distance_holding_distance_time": null, "distance_time": null, "altitude_description": "+", "altitude1": 11000.0, "altitude2": null, "transition_altitude": null, "speed_limit_description": null, "speed_limit": null, "vertical_angle": null, "center_waypoint": null, "center_waypoint_latitude": null, "center_waypoint_longitude": null, "aircraft_category": null}, "geometry": {"type": "MultiPoint", "coordinates": [[99.33183333, 18.78530833]]}}, {"type": "Feature", "properties": {"fid": 4443, "area_code": "PAC", "airport_identifier": "VTCC", "procedure_identifier": "ADLU2B", "route_type": "5", "transition_identifier": "RW18", "seqno": 40, "waypoint_icao_code": "VT", "waypoint_identifier": "EMSOG", "waypoint_latitude": 18.78579167, "waypoint_longitude": 99.20886667, "waypoint_description_code": "E", "turn_direction": null, "rnp": null, "path_termination": "TF", "recommanded_navaid": null, "recommanded_navaid_latitude": null, "recommanded_navaid_longitude": null, "arc_radius": null, "theta": null, "rho": null, "magnetic_course": null, "route_distance_holding_distance_time": null, "distance_time": null, "altitude_description": "@", "altitude1": 11000.0, "altitude2": null, "transition_altitude": null, "speed_limit_description": "-", "speed_limit": 220.0, "vertical_angle": null, "center_waypoint": null, "center_waypoint_latitude": null, "center_waypoint_longitude": null, "aircraft_category": null}, "geometry": {"type": "MultiPoint", "coordinates": [[99.20886667, 18.78579167]]}}, {"type": "Feature", "properties": {"fid": 4444, "area_code": "PAC", "airport_identifier": "VTCC", "procedure_identifier": "ADLU2B", "route_type": "5", "transition_identifier": "RW18", "seqno": 50, "waypoint_icao_code": "VT", "waypoint_identifier": "TUNTU", "waypoint_latitude": 18.95139167, "waypoint_longitude": 99.20951944, "waypoint_description_code": "E", "turn_direction": null, "rnp": null, "path_termination": "TF", "recommanded_navaid": null, "recommanded_navaid_latitude": null, "recommanded_navaid_longitude": null, "arc_radius": null, "theta": null, "rho": null, "magnetic_course": null, "route_distance_holding_distance_time": null, "distance_time": null, "altitude_description": "-", "altitude1": 9000.0, "altitude2": null, "transition_altitude": null, "speed_limit_description": null, "speed_limit": null, "vertical_angle": null, "center_waypoint": null, "center_waypoint_latitude": null, "center_waypoint_longitude": null, "aircraft_category": null}, "geometry": {"type": "MultiPoint", "coordinates": [[99.20951944, 18.95139167]]}}, {"type": "Feature", "properties": {"fid": 4445, "area_code": "PAC", "airport_identifier": "VTCC", "procedure_identifier": "ADLU2B", "route_type": "5", "transition_identifier": "RW18", "seqno": 60, "waypoint_icao_code": "VT", "waypoint_identifier": "SUSEG", "waypoint_latitude": 19.04983056, "waypoint_longitude": 99.20991111, "waypoint_description_code": "E", "turn_direction": null, "rnp": null, "path_termination": "TF", "recommanded_navaid": null, "recommanded_navaid_latitude": null, "recommanded_navaid_longitude": null, "arc_radius": null, "theta": null, "rho": null, "magnetic_course": null, "route_distance_holding_distance_time": null, "distance_time": null, "altitude_description": "-", "altitude1": 9000.0, "altitude2": null, "transition_altitude": null, "speed_limit_description": null, "speed_limit": null, "vertical_angle": null, "center_waypoint": null, "center_waypoint_latitude": null, "center_waypoint_longitude": null, "aircraft_category": null}, "geometry": {"type": "MultiPoint", "coordinates": [[99.20991111, 19.04983056]]}}, {"type": "Feature", "properties": {"fid": 4446, "area_code": "PAC", "airport_identifier": "VTCC", "procedure_identifier": "ADLU2B", "route_type": "5", "transition_identifier": "RW18", "seqno": 70, "waypoint_icao_code": "VT", "waypoint_identifier": "MESUX", "waypoint_latitude": 19.05013333, "waypoint_longitude": 99.11962222, "waypoint_description_code": "E", "turn_direction": null, "rnp": null, "path_termination": "TF", "recommanded_navaid": null, "recommanded_navaid_latitude": null, "recommanded_navaid_longitude": null, "arc_radius": null, "theta": null, "rho": null, "magnetic_course": null, "route_distance_holding_distance_time": null, "distance_time": null, "altitude_description": "+", "altitude1": 8400.0, "altitude2": null, "transition_altitude": null, "speed_limit_description": null, "speed_limit": null, "vertical_angle": null, "center_waypoint": null, "center_waypoint_latitude": null, "center_waypoint_longitude": null, "aircraft_category": null}, "geometry": {"type": "MultiPoint", "coordinates": [[99.11962222, 19.05013333]]}}, {"type": "Feature", "properties": {"fid": 4447, "area_code": "PAC", "airport_identifier": "VTCC", "procedure_identifier": "ADLU2B", "route_type": "5", "transition_identifier": "RW18", "seqno": 80, "waypoint_icao_code": "VT", "waypoint_identifier": "PILEX", "waypoint_latitude": 19.05055, "waypoint_longitude": 98.96358889, "waypoint_description_code": "E", "turn_direction": null, "rnp": null, "path_termination": "TF", "recommanded_navaid": null, "recommanded_navaid_latitude": null, "recommanded_navaid_longitude": null, "arc_radius": null, "theta": null, "rho": null, "magnetic_course": null, "route_distance_holding_distance_time": null, "distance_time": null, "altitude_description": "+", "altitude1": 5500.0, "altitude2": null, "transition_altitude": null, "speed_limit_description": "-", "speed_limit": 210.0, "vertical_angle": null, "center_waypoint": null, "center_waypoint_latitude": null, "center_waypoint_longitude": null, "aircraft_category": null}, "geometry": {"type": "MultiPoint", "coordinates": [[98.96358889, 19.05055]]}}, {"type": "Feature", "properties": {"fid": 4449, "area_code": "PAC", "airport_identifier": "VTBD", "procedure_identifier": "SEHN3A", "route_type": "4", "transition_identifier": "ALEMI", "seqno": 10, "waypoint_icao_code": "VT", "waypoint_identifier": "ALEMI", "waypoint_latitude": 12.60709722, "waypoint_longitude": 101.43331111, "waypoint_description_code": "E", "turn_direction": null, "rnp": null, "path_termination": "IF", "recommanded_navaid": null, "recommanded_navaid_latitude": null, "recommanded_navaid_longitude": null, "arc_radius": null, "theta": null, "rho": null, "magnetic_course": null, "route_distance_holding_distance_time": null, "distance_time": null, "altitude_description": null, "altitude1": null, "altitude2": null, "transition_altitude": null, "speed_limit_description": null, "speed_limit": null, "vertical_angle": null, "center_waypoint": null, "center_waypoint_latitude": null, "center_waypoint_longitude": null, "aircraft_category": null}, "geometry": {"type": "MultiPoint", "coordinates": [[101.43331111, 12.60709722]]}}, {"type": "Feature", "properties": {"fid": 4450, "area_code": "PAC", "airport_identifier": "VTBD", "procedure_identifier": "SEHN3A", "route_type": "4", "transition_identifier": "ALEMI", "seqno": 20, "waypoint_icao_code": "VT", "waypoint_identifier": "SEHNA", "waypoint_latitude": 13.29505, "waypoint_longitude": 101.17848611, "waypoint_description_code": "E", "turn_direction": null, "rnp": null, "path_termination": "TF", "recommanded_navaid": null, "recommanded_navaid_latitude": null, "recommanded_navaid_longitude": null, "arc_radius": null, "theta": null, "rho": null, "magnetic_course": null, "route_distance_holding_distance_time": null, "distance_time": null, "altitude_description": "-", "altitude1": 22000.0, "altitude2": null, "transition_altitude": null, "speed_limit_description": "-", "speed_limit": 280.0, "vertical_angle": null, "center_waypoint": null, "center_waypoint_latitude": null, "center_waypoint_longitude": null, "aircraft_category": null}, "geometry": {"type": "MultiPoint", "coordinates": [[101.17848611, 13.29505]]}}, {"type": "Feature", "properties": {"fid": 4452, "area_code": "PAC", "airport_identifier": "VTBD", "procedure_identifier": "SEHN3A", "route_type": "4", "transition_identifier": "ANREN", "seqno": 10, "waypoint_icao_code": "VT", "waypoint_identifier": "ANREN", "waypoint_latitude": 13.87013333, "waypoint_longitude": 102.31054167, "waypoint_description_code": "E", "turn_direction": null, "rnp": null, "path_termination": "IF", "recommanded_navaid": null, "recommanded_navaid_latitude": null, "recommanded_navaid_longitude": null, "arc_radius": null, "theta": null, "rho": null, "magnetic_course": null, "route_distance_holding_distance_time": null, "distance_time": null, "altitude_description": null, "altitude1": null, "altitude2": null, "transition_altitude": null, "speed_limit_description": null, "speed_limit": null, "vertical_angle": null, "center_waypoint": null, "center_waypoint_latitude": null, "center_waypoint_longitude": null, "aircraft_category": null}, "geometry": {"type": "MultiPoint", "coordinates": [[102.31054167, 13.87013333]]}}, {"type": "Feature", "properties": {"fid": 4453, "area_code": "PAC", "airport_identifier": "VTBD", "procedure_identifier": "SEHN3A", "route_type": "4", "transition_identifier": "ANREN", "seqno": 20, "waypoint_icao_code": "VT", "waypoint_identifier": "SEHNA", "waypoint_latitude": 13.29505, "waypoint_longitude": 101.17848611, "waypoint_description_code": "E", "turn_direction": null, "rnp": null, "path_termination": "TF", "recommanded_navaid": null, "recommanded_navaid_latitude": null, "recommanded_navaid_longitude": null, "arc_radius": null, "theta": null, "rho": null, "magnetic_course": null, "route_distance_holding_distance_time": null, "distance_time": null, "altitude_description": "-", "altitude1": 22000.0, "altitude2": null, "transition_altitude": null, "speed_limit_description": "-", "speed_limit": 280.0, "vertical_angle": null, "center_waypoint": null, "center_waypoint_latitude": null, "center_waypoint_longitude": null, "aircraft_category": null}, "geometry": {"type": "MultiPoint", "coordinates": [[101.17848611, 13.29505]]}}, {"type": "Feature", "properties": {"fid": 4455, "area_code": "PAC", "airport_identifier": "VTBD", "procedure_identifier": "SEHN3A", "route_type": "4", "transition_identifier": "DULEM", "seqno": 10, "waypoint_icao_code": "VT", "waypoint_identifier": "DULEM", "waypoint_latitude": 13.73766111, "waypoint_longitude": 102.23326389, "waypoint_description_code": "E", "turn_direction": null, "rnp": null, "path_termination": "IF", "recommanded_navaid": null, "recommanded_navaid_latitude": null, "recommanded_navaid_longitude": null, "arc_radius": null, "theta": null, "rho": null, "magnetic_course": null, "route_distance_holding_distance_time": null, "distance_time": null, "altitude_description": null, "altitude1": null, "altitude2": null, "transition_altitude": null, "speed_limit_description": null, "speed_limit": null, "vertical_angle": null, "center_waypoint": null, "center_waypoint_latitude": null, "center_waypoint_longitude": null, "aircraft_category": null}, "geometry": {"type": "MultiPoint", "coordinates": [[102.23326389, 13.73766111]]}}, {"type": "Feature", "properties": {"fid": 4456, "area_code": "PAC", "airport_identifier": "VTBD", "procedure_identifier": "SEHN3A", "route_type": "4", "transition_identifier": "DULEM", "seqno": 20, "waypoint_icao_code": "VT", "waypoint_identifier": "SEHNA", "waypoint_latitude": 13.29505, "waypoint_longitude": 101.17848611, "waypoint_description_code": "E", "turn_direction": null, "rnp": null, "path_termination": "TF", "recommanded_navaid": null, "recommanded_navaid_latitude": null, "recommanded_navaid_longitude": null, "arc_radius": null, "theta": null, "rho": null, "magnetic_course": null, "route_distance_holding_distance_time": null, "distance_time": null, "altitude_description": "-", "altitude1": 22000.0, "altitude2": null, "transition_altitude": null, "speed_limit_description": "-", "speed_limit": 280.0, "vertical_angle": null, "center_waypoint": null, "center_waypoint_latitude": null, "center_waypoint_longitude": null, "aircraft_category": null}, "geometry": {"type": "MultiPoint", "coordinates": [[101.17848611, 13.29505]]}}, {"type": "Feature", "properties": {"fid": 4458, "area_code": "PAC", "airport_identifier": "VTBD", "procedure_identifier": "SEHN3A", "route_type": "4", "transition_identifier": "GOMES", "seqno": 10, "waypoint_icao_code": "VT", "waypoint_identifier": "GOMES", "waypoint_latitude": 13.40169444, "waypoint_longitude": 101.58491667, "waypoint_description_code": "E", "turn_direction": null, "rnp": null, "path_termination": "IF", "recommanded_navaid": null, "recommanded_navaid_latitude": null, "recommanded_navaid_longitude": null, "arc_radius": null, "theta": null, "rho": null, "magnetic_course": null, "route_distance_holding_distance_time": null, "distance_time": null, "altitude_description": null, "altitude1": null, "altitude2": null, "transition_altitude": null, "speed_limit_description": null, "speed_limit": null, "vertical_angle": null, "center_waypoint": null, "center_waypoint_latitude": null, "center_waypoint_longitude": null, "aircraft_category": null}, "geometry": {"type": "MultiPoint", "coordinates": [[101.58491667, 13.40169444]]}}, {"type": "Feature", "properties": {"fid": 4459, "area_code": "PAC", "airport_identifier": "VTBD", "procedure_identifier": "SEHN3A", "route_type": "4", "transition_identifier": "GOMES", "seqno": 20, "waypoint_icao_code": "VT", "waypoint_identifier": "SEHNA", "waypoint_latitude": 13.29505, "waypoint_longitude": 101.17848611, "waypoint_description_code": "E", "turn_direction": null, "rnp": null, "path_termination": "TF", "recommanded_navaid": null, "recommanded_navaid_latitude": null, "recommanded_navaid_longitude": null, "arc_radius": null, "theta": null, "rho": null, "magnetic_course": null, "route_distance_holding_distance_time": null, "distance_time": null, "altitude_description": "-", "altitude1": 22000.0, "altitude2": null, "transition_altitude": null, "speed_limit_description": "-", "speed_limit": 280.0, "vertical_angle": null, "center_waypoint": null, "center_waypoint_latitude": null, "center_waypoint_longitude": null, "aircraft_category": null}, "geometry": {"type": "MultiPoint", "coordinates": [[101.17848611, 13.29505]]}}, {"type": "Feature", "properties": {"fid": 4461, "area_code": "PAC", "airport_identifier": "VTBD", "procedure_identifier": "SEHN3A", "route_type": "4", "transition_identifier": "NUGPA", "seqno": 10, "waypoint_icao_code": "VT", "waypoint_identifier": "NUGPA", "waypoint_latitude": 13.04837778, "waypoint_longitude": 101.83313611, "waypoint_description_code": "E", "turn_direction": null, "rnp": null, "path_termination": "IF", "recommanded_navaid": null, "recommanded_navaid_latitude": null, "recommanded_navaid_longitude": null, "arc_radius": null, "theta": null, "rho": null, "magnetic_course": null, "route_distance_holding_distance_time": null, "distance_time": null, "altitude_description": null, "altitude1": null, "altitude2": null, "transition_altitude": null, "speed_limit_description": null, "speed_limit": null, "vertical_angle": null, "center_waypoint": null, "center_waypoint_latitude": null, "center_waypoint_longitude": null, "aircraft_category": null}, "geometry": {"type": "MultiPoint", "coordinates": [[101.83313611, 13.04837778]]}}, {"type": "Feature", "properties": {"fid": 4462, "area_code": "PAC", "airport_identifier": "VTBD", "procedure_identifier": "SEHN3A", "route_type": "4", "transition_identifier": "NUGPA", "seqno": 20, "waypoint_icao_code": "VT", "waypoint_identifier": "SEHNA", "waypoint_latitude": 13.29505, "waypoint_longitude": 101.17848611, "waypoint_description_code": "E", "turn_direction": null, "rnp": null, "path_termination": "TF", "recommanded_navaid": null, "recommanded_navaid_latitude": null, "recommanded_navaid_longitude": null, "arc_radius": null, "theta": null, "rho": null, "magnetic_course": null, "route_distance_holding_distance_time": null, "distance_time": null, "altitude_description": "-", "altitude1": 22000.0, "altitude2": null, "transition_altitude": null, "speed_limit_description": "-", "speed_limit": 280.0, "vertical_angle": null, "center_waypoint": null, "center_waypoint_latitude": null, "center_waypoint_longitude": null, "aircraft_category": null}, "geometry": {"type": "MultiPoint", "coordinates": [[101.17848611, 13.29505]]}}, {"type": "Feature", "properties": {"fid": 4464, "area_code": "PAC", "airport_identifier": "VTBD", "procedure_identifier": "SEHN3A", "route_type": "4", "transition_identifier": "RYN", "seqno": 10, "waypoint_icao_code": "VT", "waypoint_identifier": "RYN", "waypoint_latitude": 12.77863889, "waypoint_longitude": 101.67644444, "waypoint_description_code": "E", "turn_direction": null, "rnp": null, "path_termination": "IF", "recommanded_navaid": null, "recommanded_navaid_latitude": null, "recommanded_navaid_longitude": null, "arc_radius": null, "theta": null, "rho": null, "magnetic_course": null, "route_distance_holding_distance_time": null, "distance_time": null, "altitude_description": null, "altitude1": null, "altitude2": null, "transition_altitude": null, "speed_limit_description": null, "speed_limit": null, "vertical_angle": null, "center_waypoint": null, "center_waypoint_latitude": null, "center_waypoint_longitude": null, "aircraft_category": null}, "geometry": {"type": "MultiPoint", "coordinates": [[101.67644444, 12.77863889]]}}, {"type": "Feature", "properties": {"fid": 4465, "area_code": "PAC", "airport_identifier": "VTBD", "procedure_identifier": "SEHN3A", "route_type": "4", "transition_identifier": "RYN", "seqno": 20, "waypoint_icao_code": "VT", "waypoint_identifier": "SEHNA", "waypoint_latitude": 13.29505, "waypoint_longitude": 101.17848611, "waypoint_description_code": "E", "turn_direction": null, "rnp": null, "path_termination": "TF", "recommanded_navaid": null, "recommanded_navaid_latitude": null, "recommanded_navaid_longitude": null, "arc_radius": null, "theta": null, "rho": null, "magnetic_course": null, "route_distance_holding_distance_time": null, "distance_time": null, "altitude_description": "-", "altitude1": 22000.0, "altitude2": null, "transition_altitude": null, "speed_limit_description": "-", "speed_limit": 280.0, "vertical_angle": null, "center_waypoint": null, "center_waypoint_latitude": null, "center_waypoint_longitude": null, "aircraft_category": null}, "geometry": {"type": "MultiPoint", "coordinates": [[101.17848611, 13.29505]]}}, {"type": "Feature", "properties": {"fid": 4467, "area_code": "PAC", "airport_identifier": "VTBD", "procedure_identifier": "SEHN3A", "route_type": "5", "transition_identifier": "RW21B", "seqno": 10, "waypoint_icao_code": "VT", "waypoint_identifier": "SEHNA", "waypoint_latitude": 13.29505, "waypoint_longitude": 101.17848611, "waypoint_description_code": "E", "turn_direction": null, "rnp": null, "path_termination": "IF", "recommanded_navaid": null, "recommanded_navaid_latitude": null, "recommanded_navaid_longitude": null, "arc_radius": null, "theta": null, "rho": null, "magnetic_course": null, "route_distance_holding_distance_time": null, "distance_time": null, "altitude_description": "-", "altitude1": 22000.0, "altitude2": null, "transition_altitude": null, "speed_limit_description": "-", "speed_limit": 280.0, "vertical_angle": null, "center_waypoint": null, "center_waypoint_latitude": null, "center_waypoint_longitude": null, "aircraft_category": null}, "geometry": {"type": "MultiPoint", "coordinates": [[101.17848611, 13.29505]]}}, {"type": "Feature", "properties": {"fid": 4468, "area_code": "PAC", "airport_identifier": "VTBD", "procedure_identifier": "SEHN3A", "route_type": "5", "transition_identifier": "RW21B", "seqno": 20, "waypoint_icao_code": "VT", "waypoint_identifier": "BD120", "waypoint_latitude": 13.35110278, "waypoint_longitude": 100.86595278, "waypoint_description_code": "E", "turn_direction": null, "rnp": null, "path_termination": "TF", "recommanded_navaid": null, "recommanded_navaid_latitude": null, "recommanded_navaid_longitude": null, "arc_radius": null, "theta": null, "rho": null, "magnetic_course": null, "route_distance_holding_distance_time": null, "distance_time": null, "altitude_description": null, "altitude1": null, "altitude2": null, "transition_altitude": null, "speed_limit_description": null, "speed_limit": null, "vertical_angle": null, "center_waypoint": null, "center_waypoint_latitude": null, "center_waypoint_longitude": null, "aircraft_category": null}, "geometry": {"type": "MultiPoint", "coordinates": [[100.86595278, 13.35110278]]}}, {"type": "Feature", "properties": {"fid": 4469, "area_code": "PAC", "airport_identifier": "VTBD", "procedure_identifier": "SEHN3A", "route_type": "5", "transition_identifier": "RW21B", "seqno": 30, "waypoint_icao_code": "VT", "waypoint_identifier": "BD119", "waypoint_latitude": 13.40528333, "waypoint_longitude": 100.56168889, "waypoint_description_code": "E", "turn_direction": null, "rnp": null, "path_termination": "TF", "recommanded_navaid": null, "recommanded_navaid_latitude": null, "recommanded_navaid_longitude": null, "arc_radius": null, "theta": null, "rho": null, "magnetic_course": null, "route_distance_holding_distance_time": null, "distance_time": null, "altitude_description": "B", "altitude1": 22000.0, "altitude2": 20000.0, "transition_altitude": null, "speed_limit_description": null, "speed_limit": null, "vertical_angle": null, "center_waypoint": null, "center_waypoint_latitude": null, "center_waypoint_longitude": null, "aircraft_category": null}, "geometry": {"type": "MultiPoint", "coordinates": [[100.56168889, 13.40528333]]}}, {"type": "Feature", "properties": {"fid": 4470, "area_code": "PAC", "airport_identifier": "VTBD", "procedure_identifier": "SEHN3A", "route_type": "5", "transition_identifier": "RW21B", "seqno": 40, "waypoint_icao_code": "VT", "waypoint_identifier": "VASGO", "waypoint_latitude": 13.44640556, "waypoint_longitude": 100.329325, "waypoint_description_code": "E", "turn_direction": null, "rnp": null, "path_termination": "TF", "recommanded_navaid": null, "recommanded_navaid_latitude": null, "recommanded_navaid_longitude": null, "arc_radius": null, "theta": null, "rho": null, "magnetic_course": null, "route_distance_holding_distance_time": null, "distance_time": null, "altitude_description": null, "altitude1": null, "altitude2": null, "transition_altitude": null, "speed_limit_description": null, "speed_limit": null, "vertical_angle": null, "center_waypoint": null, "center_waypoint_latitude": null, "center_waypoint_longitude": null, "aircraft_category": null}, "geometry": {"type": "MultiPoint", "coordinates": [[100.329325, 13.44640556]]}}, {"type": "Feature", "properties": {"fid": 4471, "area_code": "PAC", "airport_identifier": "VTBD", "procedure_identifier": "SEHN3A", "route_type": "5", "transition_identifier": "RW21B", "seqno": 50, "waypoint_icao_code": "VT", "waypoint_identifier": "ESMAG", "waypoint_latitude": 13.58795556, "waypoint_longitude": 100.29433889, "waypoint_description_code": "E", "turn_direction": null, "rnp": null, "path_termination": "TF", "recommanded_navaid": null, "recommanded_navaid_latitude": null, "recommanded_navaid_longitude": null, "arc_radius": null, "theta": null, "rho": null, "magnetic_course": null, "route_distance_holding_distance_time": null, "distance_time": null, "altitude_description": null, "altitude1": null, "altitude2": null, "transition_altitude": null, "speed_limit_description": null, "speed_limit": null, "vertical_angle": null, "center_waypoint": null, "center_waypoint_latitude": null, "center_waypoint_longitude": null, "aircraft_category": null}, "geometry": {"type": "MultiPoint", "coordinates": [[100.29433889, 13.58795556]]}}, {"type": "Feature", "properties": {"fid": 4472, "area_code": "PAC", "airport_identifier": "VTBD", "procedure_identifier": "SEHN3A", "route_type": "5", "transition_identifier": "RW21B", "seqno": 60, "waypoint_icao_code": "VT", "waypoint_identifier": "BD116", "waypoint_latitude": 13.75068611, "waypoint_longitude": 100.254075, "waypoint_description_code": "E", "turn_direction": null, "rnp": null, "path_termination": "TF", "recommanded_navaid": null, "recommanded_navaid_latitude": null, "recommanded_navaid_longitude": null, "arc_radius": null, "theta": null, "rho": null, "magnetic_course": null, "route_distance_holding_distance_time": null, "distance_time": null, "altitude_description": null, "altitude1": null, "altitude2": null, "transition_altitude": null, "speed_limit_description": null, "speed_limit": null, "vertical_angle": null, "center_waypoint": null, "center_waypoint_latitude": null, "center_waypoint_longitude": null, "aircraft_category": null}, "geometry": {"type": "MultiPoint", "coordinates": [[100.254075, 13.75068611]]}}, {"type": "Feature", "properties": {"fid": 4473, "area_code": "PAC", "airport_identifier": "VTBD", "procedure_identifier": "SEHN3A", "route_type": "5", "transition_identifier": "RW21B", "seqno": 70, "waypoint_icao_code": "VT", "waypoint_identifier": "NODEG", "waypoint_latitude": 13.854875, "waypoint_longitude": 100.31939722, "waypoint_description_code": "E", "turn_direction": null, "rnp": null, "path_termination": "TF", "recommanded_navaid": null, "recommanded_navaid_latitude": null, "recommanded_navaid_longitude": null, "arc_radius": null, "theta": null, "rho": null, "magnetic_course": null, "route_distance_holding_distance_time": null, "distance_time": null, "altitude_description": "-", "altitude1": 13000.0, "altitude2": null, "transition_altitude": null, "speed_limit_description": "-", "speed_limit": 250.0, "vertical_angle": null, "center_waypoint": null, "center_waypoint_latitude": null, "center_waypoint_longitude": null, "aircraft_category": null}, "geometry": {"type": "MultiPoint", "coordinates": [[100.31939722, 13.854875]]}}, {"type": "Feature", "properties": {"fid": 4474, "area_code": "PAC", "airport_identifier": "VTBD", "procedure_identifier": "SEHN3A", "route_type": "5", "transition_identifier": "RW21B", "seqno": 80, "waypoint_icao_code": "VT", "waypoint_identifier": "DUGIX", "waypoint_latitude": 14.02286389, "waypoint_longitude": 100.42487778, "waypoint_description_code": "E", "turn_direction": null, "rnp": null, "path_termination": "TF", "recommanded_navaid": null, "recommanded_navaid_latitude": null, "recommanded_navaid_longitude": null, "arc_radius": null, "theta": null, "rho": null, "magnetic_course": null, "route_distance_holding_distance_time": null, "distance_time": null, "altitude_description": "B", "altitude1": 10000.0, "altitude2": 9000.0, "transition_altitude": null, "speed_limit_description": null, "speed_limit": null, "vertical_angle": null, "center_waypoint": null, "center_waypoint_latitude": null, "center_waypoint_longitude": null, "aircraft_category": null}, "geometry": {"type": "MultiPoint", "coordinates": [[100.42487778, 14.02286389]]}}, {"type": "Feature", "properties": {"fid": 4475, "area_code": "PAC", "airport_identifier": "VTBD", "procedure_identifier": "SEHN3A", "route_type": "5", "transition_identifier": "RW21B", "seqno": 90, "waypoint_icao_code": "VT", "waypoint_identifier": "BD112", "waypoint_latitude": 14.12186111, "waypoint_longitude": 100.48713056, "waypoint_description_code": "E", "turn_direction": null, "rnp": null, "path_termination": "TF", "recommanded_navaid": null, "recommanded_navaid_latitude": null, "recommanded_navaid_longitude": null, "arc_radius": null, "theta": null, "rho": null, "magnetic_course": null, "route_distance_holding_distance_time": null, "distance_time": null, "altitude_description": null, "altitude1": null, "altitude2": null, "transition_altitude": null, "speed_limit_description": "-", "speed_limit": 220.0, "vertical_angle": null, "center_waypoint": null, "center_waypoint_latitude": null, "center_waypoint_longitude": null, "aircraft_category": null}, "geometry": {"type": "MultiPoint", "coordinates": [[100.48713056, 14.12186111]]}}, {"type": "Feature", "properties": {"fid": 4476, "area_code": "PAC", "airport_identifier": "VTBD", "procedure_identifier": "SEHN3A", "route_type": "5", "transition_identifier": "RW21B", "seqno": 100, "waypoint_icao_code": "VT", "waypoint_identifier": "VARPI", "waypoint_latitude": 14.20528056, "waypoint_longitude": 100.53964167, "waypoint_description_code": "E", "turn_direction": null, "rnp": null, "path_termination": "TF", "recommanded_navaid": null, "recommanded_navaid_latitude": null, "recommanded_navaid_longitude": null, "arc_radius": null, "theta": null, "rho": null, "magnetic_course": null, "route_distance_holding_distance_time": null, "distance_time": null, "altitude_description": "-", "altitude1": 7000.0, "altitude2": null, "transition_altitude": null, "speed_limit_description": null, "speed_limit": null, "vertical_angle": null, "center_waypoint": null, "center_waypoint_latitude": null, "center_waypoint_longitude": null, "aircraft_category": null}, "geometry": {"type": "MultiPoint", "coordinates": [[100.53964167, 14.20528056]]}}, {"type": "Feature", "properties": {"fid": 4477, "area_code": "PAC", "airport_identifier": "VTBD", "procedure_identifier": "SEHN3A", "route_type": "5", "transition_identifier": "RW21B", "seqno": 110, "waypoint_icao_code": "VT", "waypoint_identifier": "AROKA", "waypoint_latitude": 14.18948889, "waypoint_longitude": 100.66441389, "waypoint_description_code": "E", "turn_direction": null, "rnp": null, "path_termination": "TF", "recommanded_navaid": null, "recommanded_navaid_latitude": null, "recommanded_navaid_longitude": null, "arc_radius": null, "theta": null, "rho": null, "magnetic_course": null, "route_distance_holding_distance_time": null, "distance_time": null, "altitude_description": "-", "altitude1": 5000.0, "altitude2": null, "transition_altitude": null, "speed_limit_description": null, "speed_limit": null, "vertical_angle": null, "center_waypoint": null, "center_waypoint_latitude": null, "center_waypoint_longitude": null, "aircraft_category": null}, "geometry": {"type": "MultiPoint", "coordinates": [[100.66441389, 14.18948889]]}}, {"type": "Feature", "properties": {"fid": 4478, "area_code": "PAC", "airport_identifier": "VTBD", "procedure_identifier": "SEHN3A", "route_type": "5", "transition_identifier": "RW21B", "seqno": 120, "waypoint_icao_code": "VT", "waypoint_identifier": "BD111", "waypoint_latitude": 14.07649444, "waypoint_longitude": 100.69658889, "waypoint_description_code": "E", "turn_direction": null, "rnp": null, "path_termination": "TF", "recommanded_navaid": null, "recommanded_navaid_latitude": null, "recommanded_navaid_longitude": null, "arc_radius": null, "theta": null, "rho": null, "magnetic_course": null, "route_distance_holding_distance_time": null, "distance_time": null, "altitude_description": "+", "altitude1": 2600.0, "altitude2": null, "transition_altitude": null, "speed_limit_description": "-", "speed_limit": 190.0, "vertical_angle": null, "center_waypoint": null, "center_waypoint_latitude": null, "center_waypoint_longitude": null, "aircraft_category": null}, "geometry": {"type": "MultiPoint", "coordinates": [[100.69658889, 14.07649444]]}}, {"type": "Feature", "properties": {"fid": 4480, "area_code": "PAC", "airport_identifier": "VTSB", "procedure_identifier": "TOGI1B", "route_type": "5", "transition_identifier": "RW04", "seqno": 10, "waypoint_icao_code": "VT", "waypoint_identifier": "TOGIM", "waypoint_latitude": 9.44972222, "waypoint_longitude": 98.86333333, "waypoint_description_code": "E", "turn_direction": null, "rnp": null, "path_termination": "IF", "recommanded_navaid": null, "recommanded_navaid_latitude": null, "recommanded_navaid_longitude": null, "arc_radius": null, "theta": null, "rho": null, "magnetic_course": null, "route_distance_holding_distance_time": null, "distance_time": null, "altitude_description": "+", "altitude1": 11000.0, "altitude2": null, "transition_altitude": null, "speed_limit_description": null, "speed_limit": null, "vertical_angle": null, "center_waypoint": null, "center_waypoint_latitude": null, "center_waypoint_longitude": null, "aircraft_category": null}, "geometry": {"type": "MultiPoint", "coordinates": [[98.86333333, 9.44972222]]}}, {"type": "Feature", "properties": {"fid": 4481, "area_code": "PAC", "airport_identifier": "VTSB", "procedure_identifier": "TOGI1B", "route_type": "5", "transition_identifier": "RW04", "seqno": 20, "waypoint_icao_code": "VT", "waypoint_identifier": "SB409", "waypoint_latitude": 9.30662222, "waypoint_longitude": 98.98473889, "waypoint_description_code": "E", "turn_direction": null, "rnp": null, "path_termination": "TF", "recommanded_navaid": null, "recommanded_navaid_latitude": null, "recommanded_navaid_longitude": null, "arc_radius": null, "theta": null, "rho": null, "magnetic_course": null, "route_distance_holding_distance_time": null, "distance_time": null, "altitude_description": "+", "altitude1": 8000.0, "altitude2": null, "transition_altitude": null, "speed_limit_description": null, "speed_limit": null, "vertical_angle": null, "center_waypoint": null, "center_waypoint_latitude": null, "center_waypoint_longitude": null, "aircraft_category": null}, "geometry": {"type": "MultiPoint", "coordinates": [[98.98473889, 9.30662222]]}}, {"type": "Feature", "properties": {"fid": 4482, "area_code": "PAC", "airport_identifier": "VTSB", "procedure_identifier": "TOGI1B", "route_type": "5", "transition_identifier": "RW04", "seqno": 30, "waypoint_icao_code": "VT", "waypoint_identifier": "SB408", "waypoint_latitude": 9.17883333, "waypoint_longitude": 98.90172222, "waypoint_description_code": "E", "turn_direction": null, "rnp": null, "path_termination": "TF", "recommanded_navaid": null, "recommanded_navaid_latitude": null, "recommanded_navaid_longitude": null, "arc_radius": null, "theta": null, "rho": null, "magnetic_course": null, "route_distance_holding_distance_time": null, "distance_time": null, "altitude_description": "-", "altitude1": 7000.0, "altitude2": null, "transition_altitude": null, "speed_limit_description": null, "speed_limit": null, "vertical_angle": null, "center_waypoint": null, "center_waypoint_latitude": null, "center_waypoint_longitude": null, "aircraft_category": null}, "geometry": {"type": "MultiPoint", "coordinates": [[98.90172222, 9.17883333]]}}, {"type": "Feature", "properties": {"fid": 4483, "area_code": "PAC", "airport_identifier": "VTSB", "procedure_identifier": "TOGI1B", "route_type": "5", "transition_identifier": "RW04", "seqno": 40, "waypoint_icao_code": "VT", "waypoint_identifier": "VARSA", "waypoint_latitude": 9.07938889, "waypoint_longitude": 98.87228056, "waypoint_description_code": "E", "turn_direction": null, "rnp": null, "path_termination": "TF", "recommanded_navaid": null, "recommanded_navaid_latitude": null, "recommanded_navaid_longitude": null, "arc_radius": null, "theta": null, "rho": null, "magnetic_course": null, "route_distance_holding_distance_time": null, "distance_time": null, "altitude_description": "+", "altitude1": 5100.0, "altitude2": null, "transition_altitude": null, "speed_limit_description": "-", "speed_limit": 230.0, "vertical_angle": null, "center_waypoint": null, "center_waypoint_latitude": null, "center_waypoint_longitude": null, "aircraft_category": null}, "geometry": {"type": "MultiPoint", "coordinates": [[98.87228056, 9.07938889]]}}, {"type": "Feature", "properties": {"fid": 4484, "area_code": "PAC", "airport_identifier": "VTSB", "procedure_identifier": "TOGI1B", "route_type": "5", "transition_identifier": "RW04", "seqno": 50, "waypoint_icao_code": "VT", "waypoint_identifier": "METIN", "waypoint_latitude": 8.97443333, "waypoint_longitude": 98.98106944, "waypoint_description_code": "E", "turn_direction": null, "rnp": null, "path_termination": "TF", "recommanded_navaid": null, "recommanded_navaid_latitude": null, "recommanded_navaid_longitude": null, "arc_radius": null, "theta": null, "rho": null, "magnetic_course": null, "route_distance_holding_distance_time": null, "distance_time": null, "altitude_description": "+", "altitude1": 3200.0, "altitude2": null, "transition_altitude": null, "speed_limit_description": "-", "speed_limit": 210.0, "vertical_angle": null, "center_waypoint": null, "center_waypoint_latitude": null, "center_waypoint_longitude": null, "aircraft_category": null}, "geometry": {"type": "MultiPoint", "coordinates": [[98.98106944, 8.97443333]]}}, {"type": "Feature", "properties": {"fid": 4486, "area_code": "PAC", "airport_identifier": "VTSB", "procedure_identifier": "LAMU1A", "route_type": "5", "transition_identifier": "RW22", "seqno": 10, "waypoint_icao_code": "VT", "waypoint_identifier": "LAMUL", "waypoint_latitude": 8.80486667, "waypoint_longitude": 98.86893333, "waypoint_description_code": "E", "turn_direction": null, "rnp": null, "path_termination": "IF", "recommanded_navaid": null, "recommanded_navaid_latitude": null, "recommanded_navaid_longitude": null, "arc_radius": null, "theta": null, "rho": null, "magnetic_course": null, "route_distance_holding_distance_time": null, "distance_time": null, "altitude_description": "+", "altitude1": 13000.0, "altitude2": null, "transition_altitude": null, "speed_limit_description": null, "speed_limit": null, "vertical_angle": null, "center_waypoint": null, "center_waypoint_latitude": null, "center_waypoint_longitude": null, "aircraft_category": null}, "geometry": {"type": "MultiPoint", "coordinates": [[98.86893333, 8.80486667]]}}, {"type": "Feature", "properties": {"fid": 4487, "area_code": "PAC", "airport_identifier": "VTSB", "procedure_identifier": "LAMU1A", "route_type": "5", "transition_identifier": "RW22", "seqno": 20, "waypoint_icao_code": "VT", "waypoint_identifier": "SB206", "waypoint_latitude": 8.86811111, "waypoint_longitude": 99.2121, "waypoint_description_code": "E", "turn_direction": null, "rnp": null, "path_termination": "TF", "recommanded_navaid": null, "recommanded_navaid_latitude": null, "recommanded_navaid_longitude": null, "arc_radius": null, "theta": null, "rho": null, "magnetic_course": null, "route_distance_holding_distance_time": null, "distance_time": null, "altitude_description": "+", "altitude1": 11000.0, "altitude2": null, "transition_altitude": null, "speed_limit_description": null, "speed_limit": null, "vertical_angle": null, "center_waypoint": null, "center_waypoint_latitude": null, "center_waypoint_longitude": null, "aircraft_category": null}, "geometry": {"type": "MultiPoint", "coordinates": [[99.2121, 8.86811111]]}}, {"type": "Feature", "properties": {"fid": 4488, "area_code": "PAC", "airport_identifier": "VTSB", "procedure_identifier": "LAMU1A", "route_type": "5", "transition_identifier": "RW22", "seqno": 30, "waypoint_icao_code": "VT", "waypoint_identifier": "SB205", "waypoint_latitude": 8.99123056, "waypoint_longitude": 99.32623333, "waypoint_description_code": "E", "turn_direction": null, "rnp": null, "path_termination": "TF", "recommanded_navaid": null, "recommanded_navaid_latitude": null, "recommanded_navaid_longitude": null, "arc_radius": null, "theta": null, "rho": null, "magnetic_course": null, "route_distance_holding_distance_time": null, "distance_time": null, "altitude_description": "+", "altitude1": 11000.0, "altitude2": null, "transition_altitude": null, "speed_limit_description": null, "speed_limit": null, "vertical_angle": null, "center_waypoint": null, "center_waypoint_latitude": null, "center_waypoint_longitude": null, "aircraft_category": null}, "geometry": {"type": "MultiPoint", "coordinates": [[99.32623333, 8.99123056]]}}, {"type": "Feature", "properties": {"fid": 4489, "area_code": "PAC", "airport_identifier": "VTSB", "procedure_identifier": "LAMU1A", "route_type": "5", "transition_identifier": "RW22", "seqno": 40, "waypoint_icao_code": "VT", "waypoint_identifier": "IBIGA", "waypoint_latitude": 9.12321944, "waypoint_longitude": 99.45541667, "waypoint_description_code": "E", "turn_direction": null, "rnp": null, "path_termination": "TF", "recommanded_navaid": null, "recommanded_navaid_latitude": null, "recommanded_navaid_longitude": null, "arc_radius": null, "theta": null, "rho": null, "magnetic_course": null, "route_distance_holding_distance_time": null, "distance_time": null, "altitude_description": "-", "altitude1": 7000.0, "altitude2": null, "transition_altitude": null, "speed_limit_description": null, "speed_limit": null, "vertical_angle": null, "center_waypoint": null, "center_waypoint_latitude": null, "center_waypoint_longitude": null, "aircraft_category": null}, "geometry": {"type": "MultiPoint", "coordinates": [[99.45541667, 9.12321944]]}}, {"type": "Feature", "properties": {"fid": 4490, "area_code": "PAC", "airport_identifier": "VTSB", "procedure_identifier": "LAMU1A", "route_type": "5", "transition_identifier": "RW22", "seqno": 50, "waypoint_icao_code": "VT", "waypoint_identifier": "ELNON", "waypoint_latitude": 9.20496667, "waypoint_longitude": 99.37088333, "waypoint_description_code": "E", "turn_direction": null, "rnp": null, "path_termination": "TF", "recommanded_navaid": null, "recommanded_navaid_latitude": null, "recommanded_navaid_longitude": null, "arc_radius": null, "theta": null, "rho": null, "magnetic_course": null, "route_distance_holding_distance_time": null, "distance_time": null, "altitude_description": "-", "altitude1": 5000.0, "altitude2": null, "transition_altitude": null, "speed_limit_description": "-", "speed_limit": 230.0, "vertical_angle": null, "center_waypoint": null, "center_waypoint_latitude": null, "center_waypoint_longitude": null, "aircraft_category": null}, "geometry": {"type": "MultiPoint", "coordinates": [[99.37088333, 9.20496667]]}}, {"type": "Feature", "properties": {"fid": 4491, "area_code": "PAC", "airport_identifier": "VTSB", "procedure_identifier": "LAMU1A", "route_type": "5", "transition_identifier": "RW22", "seqno": 60, "waypoint_icao_code": "VT", "waypoint_identifier": "GULNA", "waypoint_latitude": 9.28669167, "waypoint_longitude": 99.28631111, "waypoint_description_code": "E", "turn_direction": null, "rnp": null, "path_termination": "TF", "recommanded_navaid": null, "recommanded_navaid_latitude": null, "recommanded_navaid_longitude": null, "arc_radius": null, "theta": null, "rho": null, "magnetic_course": null, "route_distance_holding_distance_time": null, "distance_time": null, "altitude_description": "+", "altitude1": 3000.0, "altitude2": null, "transition_altitude": null, "speed_limit_description": "-", "speed_limit": 230.0, "vertical_angle": null, "center_waypoint": null, "center_waypoint_latitude": null, "center_waypoint_longitude": null, "aircraft_category": null}, "geometry": {"type": "MultiPoint", "coordinates": [[99.28631111, 9.28669167]]}}, {"type": "Feature", "properties": {"fid": 4493, "area_code": "PAC", "airport_identifier": "VTBD", "procedure_identifier": "SABA1B", "route_type": "4", "transition_identifier": "BUT", "seqno": 10, "waypoint_icao_code": "VT", "waypoint_identifier": "BUT", "waypoint_latitude": 12.66666667, "waypoint_longitude": 101.00047222, "waypoint_description_code": "E", "turn_direction": null, "rnp": null, "path_termination": "IF", "recommanded_navaid": null, "recommanded_navaid_latitude": null, "recommanded_navaid_longitude": null, "arc_radius": null, "theta": null, "rho": null, "magnetic_course": null, "route_distance_holding_distance_time": null, "distance_time": null, "altitude_description": null, "altitude1": null, "altitude2": null, "transition_altitude": null, "speed_limit_description": null, "speed_limit": null, "vertical_angle": null, "center_waypoint": null, "center_waypoint_latitude": null, "center_waypoint_longitude": null, "aircraft_category": null}, "geometry": {"type": "MultiPoint", "coordinates": [[101.00047222, 12.66666667]]}}, {"type": "Feature", "properties": {"fid": 4494, "area_code": "PAC", "airport_identifier": "VTBD", "procedure_identifier": "SABA1B", "route_type": "4", "transition_identifier": "BUT", "seqno": 20, "waypoint_icao_code": "VT", "waypoint_identifier": "SABAI", "waypoint_latitude": 13.12281389, "waypoint_longitude": 100.32756389, "waypoint_description_code": "E", "turn_direction": null, "rnp": null, "path_termination": "TF", "recommanded_navaid": null, "recommanded_navaid_latitude": null, "recommanded_navaid_longitude": null, "arc_radius": null, "theta": null, "rho": null, "magnetic_course": null, "route_distance_holding_distance_time": null, "distance_time": null, "altitude_description": "B", "altitude1": 13000.0, "altitude2": 10000.0, "transition_altitude": null, "speed_limit_description": "-", "speed_limit": 250.0, "vertical_angle": null, "center_waypoint": null, "center_waypoint_latitude": null, "center_waypoint_longitude": null, "aircraft_category": null}, "geometry": {"type": "MultiPoint", "coordinates": [[100.32756389, 13.12281389]]}}, {"type": "Feature", "properties": {"fid": 4496, "area_code": "PAC", "airport_identifier": "VTBD", "procedure_identifier": "SABA1B", "route_type": "4", "transition_identifier": "GUTSO", "seqno": 10, "waypoint_icao_code": "VT", "waypoint_identifier": "GUTSO", "waypoint_latitude": 12.80553889, "waypoint_longitude": 100.58175, "waypoint_description_code": "E", "turn_direction": null, "rnp": null, "path_termination": "IF", "recommanded_navaid": null, "recommanded_navaid_latitude": null, "recommanded_navaid_longitude": null, "arc_radius": null, "theta": null, "rho": null, "magnetic_course": null, "route_distance_holding_distance_time": null, "distance_time": null, "altitude_description": null, "altitude1": null, "altitude2": null, "transition_altitude": null, "speed_limit_description": null, "speed_limit": null, "vertical_angle": null, "center_waypoint": null, "center_waypoint_latitude": null, "center_waypoint_longitude": null, "aircraft_category": null}, "geometry": {"type": "MultiPoint", "coordinates": [[100.58175, 12.80553889]]}}, {"type": "Feature", "properties": {"fid": 4497, "area_code": "PAC", "airport_identifier": "VTBD", "procedure_identifier": "SABA1B", "route_type": "4", "transition_identifier": "GUTSO", "seqno": 20, "waypoint_icao_code": "VT", "waypoint_identifier": "SABAI", "waypoint_latitude": 13.12281389, "waypoint_longitude": 100.32756389, "waypoint_description_code": "E", "turn_direction": null, "rnp": null, "path_termination": "TF", "recommanded_navaid": null, "recommanded_navaid_latitude": null, "recommanded_navaid_longitude": null, "arc_radius": null, "theta": null, "rho": null, "magnetic_course": null, "route_distance_holding_distance_time": null, "distance_time": null, "altitude_description": "B", "altitude1": 13000.0, "altitude2": 10000.0, "transition_altitude": null, "speed_limit_description": "-", "speed_limit": 250.0, "vertical_angle": null, "center_waypoint": null, "center_waypoint_latitude": null, "center_waypoint_longitude": null, "aircraft_category": null}, "geometry": {"type": "MultiPoint", "coordinates": [[100.32756389, 13.12281389]]}}, {"type": "Feature", "properties": {"fid": 4499, "area_code": "PAC", "airport_identifier": "VTBD", "procedure_identifier": "SABA1B", "route_type": "4", "transition_identifier": "HOTEL", "seqno": 10, "waypoint_icao_code": "VT", "waypoint_identifier": "HOTEL", "waypoint_latitude": 13.00172222, "waypoint_longitude": 100.33008333, "waypoint_description_code": "E", "turn_direction": null, "rnp": null, "path_termination": "IF", "recommanded_navaid": null, "recommanded_navaid_latitude": null, "recommanded_navaid_longitude": null, "arc_radius": null, "theta": null, "rho": null, "magnetic_course": null, "route_distance_holding_distance_time": null, "distance_time": null, "altitude_description": null, "altitude1": null, "altitude2": null, "transition_altitude": null, "speed_limit_description": null, "speed_limit": null, "vertical_angle": null, "center_waypoint": null, "center_waypoint_latitude": null, "center_waypoint_longitude": null, "aircraft_category": null}, "geometry": {"type": "MultiPoint", "coordinates": [[100.33008333, 13.00172222]]}}, {"type": "Feature", "properties": {"fid": 4500, "area_code": "PAC", "airport_identifier": "VTBD", "procedure_identifier": "SABA1B", "route_type": "4", "transition_identifier": "HOTEL", "seqno": 20, "waypoint_icao_code": "VT", "waypoint_identifier": "SABAI", "waypoint_latitude": 13.12281389, "waypoint_longitude": 100.32756389, "waypoint_description_code": "E", "turn_direction": null, "rnp": null, "path_termination": "TF", "recommanded_navaid": null, "recommanded_navaid_latitude": null, "recommanded_navaid_longitude": null, "arc_radius": null, "theta": null, "rho": null, "magnetic_course": null, "route_distance_holding_distance_time": null, "distance_time": null, "altitude_description": "B", "altitude1": 13000.0, "altitude2": 10000.0, "transition_altitude": null, "speed_limit_description": "-", "speed_limit": 250.0, "vertical_angle": null, "center_waypoint": null, "center_waypoint_latitude": null, "center_waypoint_longitude": null, "aircraft_category": null}, "geometry": {"type": "MultiPoint", "coordinates": [[100.32756389, 13.12281389]]}}, {"type": "Feature", "properties": {"fid": 4502, "area_code": "PAC", "airport_identifier": "VTBD", "procedure_identifier": "SABA1B", "route_type": "4", "transition_identifier": "SURMA", "seqno": 10, "waypoint_icao_code": "VT", "waypoint_identifier": "SURMA", "waypoint_latitude": 11.85623611, "waypoint_longitude": 100.44240278, "waypoint_description_code": "E", "turn_direction": null, "rnp": null, "path_termination": "IF", "recommanded_navaid": null, "recommanded_navaid_latitude": null, "recommanded_navaid_longitude": null, "arc_radius": null, "theta": null, "rho": null, "magnetic_course": null, "route_distance_holding_distance_time": null, "distance_time": null, "altitude_description": null, "altitude1": null, "altitude2": null, "transition_altitude": null, "speed_limit_description": null, "speed_limit": null, "vertical_angle": null, "center_waypoint": null, "center_waypoint_latitude": null, "center_waypoint_longitude": null, "aircraft_category": null}, "geometry": {"type": "MultiPoint", "coordinates": [[100.44240278, 11.85623611]]}}, {"type": "Feature", "properties": {"fid": 4503, "area_code": "PAC", "airport_identifier": "VTBD", "procedure_identifier": "SABA1B", "route_type": "4", "transition_identifier": "SURMA", "seqno": 20, "waypoint_icao_code": "VT", "waypoint_identifier": "SABAI", "waypoint_latitude": 13.12281389, "waypoint_longitude": 100.32756389, "waypoint_description_code": "E", "turn_direction": null, "rnp": null, "path_termination": "TF", "recommanded_navaid": null, "recommanded_navaid_latitude": null, "recommanded_navaid_longitude": null, "arc_radius": null, "theta": null, "rho": null, "magnetic_course": null, "route_distance_holding_distance_time": null, "distance_time": null, "altitude_description": "B", "altitude1": 13000.0, "altitude2": 10000.0, "transition_altitude": null, "speed_limit_description": "-", "speed_limit": 250.0, "vertical_angle": null, "center_waypoint": null, "center_waypoint_latitude": null, "center_waypoint_longitude": null, "aircraft_category": null}, "geometry": {"type": "MultiPoint", "coordinates": [[100.32756389, 13.12281389]]}}, {"type": "Feature", "properties": {"fid": 4505, "area_code": "PAC", "airport_identifier": "VTBD", "procedure_identifier": "SABA1B", "route_type": "5", "transition_identifier": "RW03B", "seqno": 10, "waypoint_icao_code": "VT", "waypoint_identifier": "SABAI", "waypoint_latitude": 13.12281389, "waypoint_longitude": 100.32756389, "waypoint_description_code": "E", "turn_direction": null, "rnp": null, "path_termination": "IF", "recommanded_navaid": null, "recommanded_navaid_latitude": null, "recommanded_navaid_longitude": null, "arc_radius": null, "theta": null, "rho": null, "magnetic_course": null, "route_distance_holding_distance_time": null, "distance_time": null, "altitude_description": "B", "altitude1": 13000.0, "altitude2": 10000.0, "transition_altitude": null, "speed_limit_description": "-", "speed_limit": 250.0, "vertical_angle": null, "center_waypoint": null, "center_waypoint_latitude": null, "center_waypoint_longitude": null, "aircraft_category": null}, "geometry": {"type": "MultiPoint", "coordinates": [[100.32756389, 13.12281389]]}}, {"type": "Feature", "properties": {"fid": 4506, "area_code": "PAC", "airport_identifier": "VTBD", "procedure_identifier": "SABA1B", "route_type": "5", "transition_identifier": "RW03B", "seqno": 20, "waypoint_icao_code": "VT", "waypoint_identifier": "ARMUS", "waypoint_latitude": 13.383275, "waypoint_longitude": 100.32215556, "waypoint_description_code": "E", "turn_direction": null, "rnp": null, "path_termination": "TF", "recommanded_navaid": null, "recommanded_navaid_latitude": null, "recommanded_navaid_longitude": null, "arc_radius": null, "theta": null, "rho": null, "magnetic_course": null, "route_distance_holding_distance_time": null, "distance_time": null, "altitude_description": null, "altitude1": null, "altitude2": null, "transition_altitude": null, "speed_limit_description": "-", "speed_limit": 220.0, "vertical_angle": null, "center_waypoint": null, "center_waypoint_latitude": null, "center_waypoint_longitude": null, "aircraft_category": null}, "geometry": {"type": "MultiPoint", "coordinates": [[100.32215556, 13.383275]]}}, {"type": "Feature", "properties": {"fid": 4507, "area_code": "PAC", "airport_identifier": "VTBD", "procedure_identifier": "SABA1B", "route_type": "5", "transition_identifier": "RW03B", "seqno": 30, "waypoint_icao_code": "VT", "waypoint_identifier": "DM305", "waypoint_latitude": 13.54453333, "waypoint_longitude": 100.31881667, "waypoint_description_code": "E", "turn_direction": null, "rnp": null, "path_termination": "TF", "recommanded_navaid": null, "recommanded_navaid_latitude": null, "recommanded_navaid_longitude": null, "arc_radius": null, "theta": null, "rho": null, "magnetic_course": null, "route_distance_holding_distance_time": null, "distance_time": null, "altitude_description": null, "altitude1": null, "altitude2": null, "transition_altitude": null, "speed_limit_description": null, "speed_limit": null, "vertical_angle": null, "center_waypoint": null, "center_waypoint_latitude": null, "center_waypoint_longitude": null, "aircraft_category": null}, "geometry": {"type": "MultiPoint", "coordinates": [[100.31881667, 13.54453333]]}}, {"type": "Feature", "properties": {"fid": 4508, "area_code": "PAC", "airport_identifier": "VTBD", "procedure_identifier": "SABA1B", "route_type": "5", "transition_identifier": "RW03B", "seqno": 40, "waypoint_icao_code": "VT", "waypoint_identifier": "DOTLI", "waypoint_latitude": 13.64946944, "waypoint_longitude": 100.37213889, "waypoint_description_code": "E", "turn_direction": null, "rnp": null, "path_termination": "TF", "recommanded_navaid": null, "recommanded_navaid_latitude": null, "recommanded_navaid_longitude": null, "arc_radius": null, "theta": null, "rho": null, "magnetic_course": null, "route_distance_holding_distance_time": null, "distance_time": null, "altitude_description": "+", "altitude1": 4000.0, "altitude2": null, "transition_altitude": null, "speed_limit_description": "-", "speed_limit": 220.0, "vertical_angle": null, "center_waypoint": null, "center_waypoint_latitude": null, "center_waypoint_longitude": null, "aircraft_category": null}, "geometry": {"type": "MultiPoint", "coordinates": [[100.37213889, 13.64946944]]}}, {"type": "Feature", "properties": {"fid": 4510, "area_code": "PAC", "airport_identifier": "VTCC", "procedure_identifier": "MARN2B", "route_type": "5", "transition_identifier": "RW18", "seqno": 10, "waypoint_icao_code": "VT", "waypoint_identifier": "MARNI", "waypoint_latitude": 18.14337222, "waypoint_longitude": 99.096975, "waypoint_description_code": "E", "turn_direction": null, "rnp": null, "path_termination": "IF", "recommanded_navaid": null, "recommanded_navaid_latitude": null, "recommanded_navaid_longitude": null, "arc_radius": null, "theta": null, "rho": null, "magnetic_course": null, "route_distance_holding_distance_time": null, "distance_time": null, "altitude_description": "+", "altitude1": 20000.0, "altitude2": null, "transition_altitude": null, "speed_limit_description": null, "speed_limit": null, "vertical_angle": null, "center_waypoint": null, "center_waypoint_latitude": null, "center_waypoint_longitude": null, "aircraft_category": null}, "geometry": {"type": "MultiPoint", "coordinates": [[99.096975, 18.14337222]]}}, {"type": "Feature", "properties": {"fid": 4511, "area_code": "PAC", "airport_identifier": "VTCC", "procedure_identifier": "MARN2B", "route_type": "5", "transition_identifier": "RW18", "seqno": 20, "waypoint_icao_code": "VT", "waypoint_identifier": "CC505", "waypoint_latitude": 18.43130556, "waypoint_longitude": 99.16789444, "waypoint_description_code": "E", "turn_direction": null, "rnp": null, "path_termination": "TF", "recommanded_navaid": null, "recommanded_navaid_latitude": null, "recommanded_navaid_longitude": null, "arc_radius": null, "theta": null, "rho": null, "magnetic_course": null, "route_distance_holding_distance_time": null, "distance_time": null, "altitude_description": "+", "altitude1": 17000.0, "altitude2": null, "transition_altitude": null, "speed_limit_description": null, "speed_limit": null, "vertical_angle": null, "center_waypoint": null, "center_waypoint_latitude": null, "center_waypoint_longitude": null, "aircraft_category": null}, "geometry": {"type": "MultiPoint", "coordinates": [[99.16789444, 18.43130556]]}}, {"type": "Feature", "properties": {"fid": 4512, "area_code": "PAC", "airport_identifier": "VTCC", "procedure_identifier": "MARN2B", "route_type": "5", "transition_identifier": "RW18", "seqno": 30, "waypoint_icao_code": "VT", "waypoint_identifier": "RAXOM", "waypoint_latitude": 18.59416667, "waypoint_longitude": 99.20811667, "waypoint_description_code": "E", "turn_direction": null, "rnp": null, "path_termination": "TF", "recommanded_navaid": null, "recommanded_navaid_latitude": null, "recommanded_navaid_longitude": null, "arc_radius": null, "theta": null, "rho": null, "magnetic_course": null, "route_distance_holding_distance_time": null, "distance_time": null, "altitude_description": "+", "altitude1": 15000.0, "altitude2": null, "transition_altitude": null, "speed_limit_description": null, "speed_limit": null, "vertical_angle": null, "center_waypoint": null, "center_waypoint_latitude": null, "center_waypoint_longitude": null, "aircraft_category": null}, "geometry": {"type": "MultiPoint", "coordinates": [[99.20811667, 18.59416667]]}}, {"type": "Feature", "properties": {"fid": 4513, "area_code": "PAC", "airport_identifier": "VTCC", "procedure_identifier": "MARN2B", "route_type": "5", "transition_identifier": "RW18", "seqno": 40, "waypoint_icao_code": "VT", "waypoint_identifier": "CC515", "waypoint_latitude": 18.68935833, "waypoint_longitude": 99.20848889, "waypoint_description_code": "E", "turn_direction": null, "rnp": null, "path_termination": "TF", "recommanded_navaid": null, "recommanded_navaid_latitude": null, "recommanded_navaid_longitude": null, "arc_radius": null, "theta": null, "rho": null, "magnetic_course": null, "route_distance_holding_distance_time": null, "distance_time": null, "altitude_description": "+", "altitude1": 13000.0, "altitude2": null, "transition_altitude": null, "speed_limit_description": null, "speed_limit": null, "vertical_angle": null, "center_waypoint": null, "center_waypoint_latitude": null, "center_waypoint_longitude": null, "aircraft_category": null}, "geometry": {"type": "MultiPoint", "coordinates": [[99.20848889, 18.68935833]]}}, {"type": "Feature", "properties": {"fid": 4514, "area_code": "PAC", "airport_identifier": "VTCC", "procedure_identifier": "MARN2B", "route_type": "5", "transition_identifier": "RW18", "seqno": 50, "waypoint_icao_code": "VT", "waypoint_identifier": "EMSOG", "waypoint_latitude": 18.78579167, "waypoint_longitude": 99.20886667, "waypoint_description_code": "E", "turn_direction": null, "rnp": null, "path_termination": "TF", "recommanded_navaid": null, "recommanded_navaid_latitude": null, "recommanded_navaid_longitude": null, "arc_radius": null, "theta": null, "rho": null, "magnetic_course": null, "route_distance_holding_distance_time": null, "distance_time": null, "altitude_description": "@", "altitude1": 11000.0, "altitude2": null, "transition_altitude": null, "speed_limit_description": "-", "speed_limit": 220.0, "vertical_angle": null, "center_waypoint": null, "center_waypoint_latitude": null, "center_waypoint_longitude": null, "aircraft_category": null}, "geometry": {"type": "MultiPoint", "coordinates": [[99.20886667, 18.78579167]]}}, {"type": "Feature", "properties": {"fid": 4515, "area_code": "PAC", "airport_identifier": "VTCC", "procedure_identifier": "MARN2B", "route_type": "5", "transition_identifier": "RW18", "seqno": 60, "waypoint_icao_code": "VT", "waypoint_identifier": "TUNTU", "waypoint_latitude": 18.95139167, "waypoint_longitude": 99.20951944, "waypoint_description_code": "E", "turn_direction": null, "rnp": null, "path_termination": "TF", "recommanded_navaid": null, "recommanded_navaid_latitude": null, "recommanded_navaid_longitude": null, "arc_radius": null, "theta": null, "rho": null, "magnetic_course": null, "route_distance_holding_distance_time": null, "distance_time": null, "altitude_description": "-", "altitude1": 9000.0, "altitude2": null, "transition_altitude": null, "speed_limit_description": null, "speed_limit": null, "vertical_angle": null, "center_waypoint": null, "center_waypoint_latitude": null, "center_waypoint_longitude": null, "aircraft_category": null}, "geometry": {"type": "MultiPoint", "coordinates": [[99.20951944, 18.95139167]]}}, {"type": "Feature", "properties": {"fid": 4516, "area_code": "PAC", "airport_identifier": "VTCC", "procedure_identifier": "MARN2B", "route_type": "5", "transition_identifier": "RW18", "seqno": 70, "waypoint_icao_code": "VT", "waypoint_identifier": "SUSEG", "waypoint_latitude": 19.04983056, "waypoint_longitude": 99.20991111, "waypoint_description_code": "E", "turn_direction": null, "rnp": null, "path_termination": "TF", "recommanded_navaid": null, "recommanded_navaid_latitude": null, "recommanded_navaid_longitude": null, "arc_radius": null, "theta": null, "rho": null, "magnetic_course": null, "route_distance_holding_distance_time": null, "distance_time": null, "altitude_description": "-", "altitude1": 9000.0, "altitude2": null, "transition_altitude": null, "speed_limit_description": null, "speed_limit": null, "vertical_angle": null, "center_waypoint": null, "center_waypoint_latitude": null, "center_waypoint_longitude": null, "aircraft_category": null}, "geometry": {"type": "MultiPoint", "coordinates": [[99.20991111, 19.04983056]]}}, {"type": "Feature", "properties": {"fid": 4517, "area_code": "PAC", "airport_identifier": "VTCC", "procedure_identifier": "MARN2B", "route_type": "5", "transition_identifier": "RW18", "seqno": 80, "waypoint_icao_code": "VT", "waypoint_identifier": "MESUX", "waypoint_latitude": 19.05013333, "waypoint_longitude": 99.11962222, "waypoint_description_code": "E", "turn_direction": null, "rnp": null, "path_termination": "TF", "recommanded_navaid": null, "recommanded_navaid_latitude": null, "recommanded_navaid_longitude": null, "arc_radius": null, "theta": null, "rho": null, "magnetic_course": null, "route_distance_holding_distance_time": null, "distance_time": null, "altitude_description": "+", "altitude1": 8400.0, "altitude2": null, "transition_altitude": null, "speed_limit_description": null, "speed_limit": null, "vertical_angle": null, "center_waypoint": null, "center_waypoint_latitude": null, "center_waypoint_longitude": null, "aircraft_category": null}, "geometry": {"type": "MultiPoint", "coordinates": [[99.11962222, 19.05013333]]}}, {"type": "Feature", "properties": {"fid": 4518, "area_code": "PAC", "airport_identifier": "VTCC", "procedure_identifier": "MARN2B", "route_type": "5", "transition_identifier": "RW18", "seqno": 90, "waypoint_icao_code": "VT", "waypoint_identifier": "PILEX", "waypoint_latitude": 19.05055, "waypoint_longitude": 98.96358889, "waypoint_description_code": "E", "turn_direction": null, "rnp": null, "path_termination": "TF", "recommanded_navaid": null, "recommanded_navaid_latitude": null, "recommanded_navaid_longitude": null, "arc_radius": null, "theta": null, "rho": null, "magnetic_course": null, "route_distance_holding_distance_time": null, "distance_time": null, "altitude_description": "+", "altitude1": 5500.0, "altitude2": null, "transition_altitude": null, "speed_limit_description": "-", "speed_limit": 210.0, "vertical_angle": null, "center_waypoint": null, "center_waypoint_latitude": null, "center_waypoint_longitude": null, "aircraft_category": null}, "geometry": {"type": "MultiPoint", "coordinates": [[98.96358889, 19.05055]]}}, {"type": "Feature", "properties": {"fid": 4520, "area_code": "PAC", "airport_identifier": "VTSP", "procedure_identifier": "SAVS1D", "route_type": "5", "transition_identifier": "RW27", "seqno": 10, "waypoint_icao_code": "VT", "waypoint_identifier": "SAVSA", "waypoint_latitude": 8.50444444, "waypoint_longitude": 98.62459167, "waypoint_description_code": "E", "turn_direction": null, "rnp": null, "path_termination": "IF", "recommanded_navaid": null, "recommanded_navaid_latitude": null, "recommanded_navaid_longitude": null, "arc_radius": null, "theta": null, "rho": null, "magnetic_course": null, "route_distance_holding_distance_time": null, "distance_time": null, "altitude_description": "-", "altitude1": 10000.0, "altitude2": null, "transition_altitude": null, "speed_limit_description": null, "speed_limit": null, "vertical_angle": null, "center_waypoint": null, "center_waypoint_latitude": null, "center_waypoint_longitude": null, "aircraft_category": null}, "geometry": {"type": "MultiPoint", "coordinates": [[98.62459167, 8.50444444]]}}, {"type": "Feature", "properties": {"fid": 4521, "area_code": "PAC", "airport_identifier": "VTSP", "procedure_identifier": "SAVS1D", "route_type": "5", "transition_identifier": "RW27", "seqno": 20, "waypoint_icao_code": "VT", "waypoint_identifier": "STONE", "waypoint_latitude": 8.35943333, "waypoint_longitude": 98.53653889, "waypoint_description_code": "E", "turn_direction": null, "rnp": null, "path_termination": "TF", "recommanded_navaid": null, "recommanded_navaid_latitude": null, "recommanded_navaid_longitude": null, "arc_radius": null, "theta": null, "rho": null, "magnetic_course": null, "route_distance_holding_distance_time": null, "distance_time": null, "altitude_description": "-", "altitude1": 8000.0, "altitude2": null, "transition_altitude": null, "speed_limit_description": "-", "speed_limit": 230.0, "vertical_angle": null, "center_waypoint": null, "center_waypoint_latitude": null, "center_waypoint_longitude": null, "aircraft_category": null}, "geometry": {"type": "MultiPoint", "coordinates": [[98.53653889, 8.35943333]]}}, {"type": "Feature", "properties": {"fid": 4522, "area_code": "PAC", "airport_identifier": "VTSP", "procedure_identifier": "SAVS1D", "route_type": "5", "transition_identifier": "RW27", "seqno": 30, "waypoint_icao_code": "VT", "waypoint_identifier": "CIDER", "waypoint_latitude": 8.23588611, "waypoint_longitude": 98.54818333, "waypoint_description_code": "E", "turn_direction": null, "rnp": null, "path_termination": "TF", "recommanded_navaid": null, "recommanded_navaid_latitude": null, "recommanded_navaid_longitude": null, "arc_radius": null, "theta": null, "rho": null, "magnetic_course": null, "route_distance_holding_distance_time": null, "distance_time": null, "altitude_description": "+", "altitude1": 5000.0, "altitude2": null, "transition_altitude": null, "speed_limit_description": "-", "speed_limit": 230.0, "vertical_angle": null, "center_waypoint": null, "center_waypoint_latitude": null, "center_waypoint_longitude": null, "aircraft_category": null}, "geometry": {"type": "MultiPoint", "coordinates": [[98.54818333, 8.23588611]]}}, {"type": "Feature", "properties": {"fid": 4523, "area_code": "PAC", "airport_identifier": "VTSP", "procedure_identifier": "SAVS1D", "route_type": "5", "transition_identifier": "RW27", "seqno": 40, "waypoint_icao_code": "VT", "waypoint_identifier": "BARON", "waypoint_latitude": 8.13581667, "waypoint_longitude": 98.55760833, "waypoint_description_code": "E", "turn_direction": null, "rnp": null, "path_termination": "TF", "recommanded_navaid": null, "recommanded_navaid_latitude": null, "recommanded_navaid_longitude": null, "arc_radius": null, "theta": null, "rho": null, "magnetic_course": null, "route_distance_holding_distance_time": null, "distance_time": null, "altitude_description": "+", "altitude1": 3000.0, "altitude2": null, "transition_altitude": null, "speed_limit_description": "-", "speed_limit": 200.0, "vertical_angle": null, "center_waypoint": null, "center_waypoint_latitude": null, "center_waypoint_longitude": null, "aircraft_category": null}, "geometry": {"type": "MultiPoint", "coordinates": [[98.55760833, 8.13581667]]}}, {"type": "Feature", "properties": {"fid": 4524, "area_code": "PAC", "airport_identifier": "VTSP", "procedure_identifier": "SAVS1D", "route_type": "5", "transition_identifier": "RW27", "seqno": 50, "waypoint_icao_code": "VT", "waypoint_identifier": "CI27", "waypoint_latitude": 8.12719722, "waypoint_longitude": 98.50665556, "waypoint_description_code": "E", "turn_direction": null, "rnp": null, "path_termination": "TF", "recommanded_navaid": null, "recommanded_navaid_latitude": null, "recommanded_navaid_longitude": null, "arc_radius": null, "theta": null, "rho": null, "magnetic_course": null, "route_distance_holding_distance_time": null, "distance_time": null, "altitude_description": null, "altitude1": null, "altitude2": null, "transition_altitude": null, "speed_limit_description": null, "speed_limit": null, "vertical_angle": null, "center_waypoint": null, "center_waypoint_latitude": null, "center_waypoint_longitude": null, "aircraft_category": null}, "geometry": {"type": "MultiPoint", "coordinates": [[98.50665556, 8.12719722]]}}, {"type": "Feature", "properties": {"fid": 4526, "area_code": "PAC", "airport_identifier": "VTPM", "procedure_identifier": "VEGR1W", "route_type": "5", "transition_identifier": "RW27", "seqno": 10, "waypoint_icao_code": "VT", "waypoint_identifier": "VEGRA", "waypoint_latitude": 17.0592, "waypoint_longitude": 98.61460833, "waypoint_description_code": "E", "turn_direction": null, "rnp": 1.0, "path_termination": "IF", "recommanded_navaid": null, "recommanded_navaid_latitude": null, "recommanded_navaid_longitude": null, "arc_radius": null, "theta": null, "rho": null, "magnetic_course": null, "route_distance_holding_distance_time": null, "distance_time": null, "altitude_description": "+", "altitude1": 10000.0, "altitude2": null, "transition_altitude": null, "speed_limit_description": "-", "speed_limit": 240.0, "vertical_angle": null, "center_waypoint": null, "center_waypoint_latitude": null, "center_waypoint_longitude": null, "aircraft_category": null}, "geometry": {"type": "MultiPoint", "coordinates": [[98.61460833, 17.0592]]}}, {"type": "Feature", "properties": {"fid": 4527, "area_code": "PAC", "airport_identifier": "VTPM", "procedure_identifier": "VEGR1W", "route_type": "5", "transition_identifier": "RW27", "seqno": 20, "waypoint_icao_code": "VT", "waypoint_identifier": "LARAK", "waypoint_latitude": 16.89979167, "waypoint_longitude": 98.75552778, "waypoint_description_code": "E", "turn_direction": null, "rnp": 1.0, "path_termination": "TF", "recommanded_navaid": null, "recommanded_navaid_latitude": null, "recommanded_navaid_longitude": null, "arc_radius": null, "theta": null, "rho": null, "magnetic_course": null, "route_distance_holding_distance_time": null, "distance_time": null, "altitude_description": "+", "altitude1": 5700.0, "altitude2": null, "transition_altitude": null, "speed_limit_description": null, "speed_limit": null, "vertical_angle": null, "center_waypoint": null, "center_waypoint_latitude": null, "center_waypoint_longitude": null, "aircraft_category": null}, "geometry": {"type": "MultiPoint", "coordinates": [[98.75552778, 16.89979167]]}}, {"type": "Feature", "properties": {"fid": 4528, "area_code": "PAC", "airport_identifier": "VTPM", "procedure_identifier": "VEGR1W", "route_type": "5", "transition_identifier": "RW27", "seqno": 30, "waypoint_icao_code": "VT", "waypoint_identifier": "ENRAD", "waypoint_latitude": 16.82091667, "waypoint_longitude": 98.82347222, "waypoint_description_code": "E", "turn_direction": null, "rnp": 1.0, "path_termination": "TF", "recommanded_navaid": null, "recommanded_navaid_latitude": null, "recommanded_navaid_longitude": null, "arc_radius": null, "theta": null, "rho": null, "magnetic_course": null, "route_distance_holding_distance_time": null, "distance_time": null, "altitude_description": "+", "altitude1": 5700.0, "altitude2": null, "transition_altitude": null, "speed_limit_description": null, "speed_limit": null, "vertical_angle": null, "center_waypoint": null, "center_waypoint_latitude": null, "center_waypoint_longitude": null, "aircraft_category": null}, "geometry": {"type": "MultiPoint", "coordinates": [[98.82347222, 16.82091667]]}}, {"type": "Feature", "properties": {"fid": 4529, "area_code": "PAC", "airport_identifier": "VTPM", "procedure_identifier": "VEGR1W", "route_type": "5", "transition_identifier": "RW27", "seqno": 40, "waypoint_icao_code": "VT", "waypoint_identifier": "NUDSI", "waypoint_latitude": 16.70378333, "waypoint_longitude": 98.82515556, "waypoint_description_code": "E", "turn_direction": null, "rnp": 1.0, "path_termination": "TF", "recommanded_navaid": null, "recommanded_navaid_latitude": null, "recommanded_navaid_longitude": null, "arc_radius": null, "theta": null, "rho": null, "magnetic_course": null, "route_distance_holding_distance_time": null, "distance_time": null, "altitude_description": "+", "altitude1": 5700.0, "altitude2": null, "transition_altitude": null, "speed_limit_description": "-", "speed_limit": 200.0, "vertical_angle": null, "center_waypoint": null, "center_waypoint_latitude": null, "center_waypoint_longitude": null, "aircraft_category": null}, "geometry": {"type": "MultiPoint", "coordinates": [[98.82515556, 16.70378333]]}}, {"type": "Feature", "properties": {"fid": 4531, "area_code": "PAC", "airport_identifier": "VTCC", "procedure_identifier": "ENBA2B", "route_type": "5", "transition_identifier": "RW18", "seqno": 10, "waypoint_icao_code": "VT", "waypoint_identifier": "ENBAT", "waypoint_latitude": 18.1614, "waypoint_longitude": 99.16787778, "waypoint_description_code": "E", "turn_direction": null, "rnp": null, "path_termination": "IF", "recommanded_navaid": null, "recommanded_navaid_latitude": null, "recommanded_navaid_longitude": null, "arc_radius": null, "theta": null, "rho": null, "magnetic_course": null, "route_distance_holding_distance_time": null, "distance_time": null, "altitude_description": "+", "altitude1": 20000.0, "altitude2": null, "transition_altitude": null, "speed_limit_description": null, "speed_limit": null, "vertical_angle": null, "center_waypoint": null, "center_waypoint_latitude": null, "center_waypoint_longitude": null, "aircraft_category": null}, "geometry": {"type": "MultiPoint", "coordinates": [[99.16787778, 18.1614]]}}, {"type": "Feature", "properties": {"fid": 4532, "area_code": "PAC", "airport_identifier": "VTCC", "procedure_identifier": "ENBA2B", "route_type": "5", "transition_identifier": "RW18", "seqno": 20, "waypoint_icao_code": "VT", "waypoint_identifier": "CC504", "waypoint_latitude": 18.42750278, "waypoint_longitude": 99.19259722, "waypoint_description_code": "E", "turn_direction": null, "rnp": null, "path_termination": "TF", "recommanded_navaid": null, "recommanded_navaid_latitude": null, "recommanded_navaid_longitude": null, "arc_radius": null, "theta": null, "rho": null, "magnetic_course": null, "route_distance_holding_distance_time": null, "distance_time": null, "altitude_description": "+", "altitude1": 17000.0, "altitude2": null, "transition_altitude": null, "speed_limit_description": null, "speed_limit": null, "vertical_angle": null, "center_waypoint": null, "center_waypoint_latitude": null, "center_waypoint_longitude": null, "aircraft_category": null}, "geometry": {"type": "MultiPoint", "coordinates": [[99.19259722, 18.42750278]]}}, {"type": "Feature", "properties": {"fid": 4533, "area_code": "PAC", "airport_identifier": "VTCC", "procedure_identifier": "ENBA2B", "route_type": "5", "transition_identifier": "RW18", "seqno": 30, "waypoint_icao_code": "VT", "waypoint_identifier": "RAXOM", "waypoint_latitude": 18.59416667, "waypoint_longitude": 99.20811667, "waypoint_description_code": "E", "turn_direction": null, "rnp": null, "path_termination": "TF", "recommanded_navaid": null, "recommanded_navaid_latitude": null, "recommanded_navaid_longitude": null, "arc_radius": null, "theta": null, "rho": null, "magnetic_course": null, "route_distance_holding_distance_time": null, "distance_time": null, "altitude_description": "+", "altitude1": 15000.0, "altitude2": null, "transition_altitude": null, "speed_limit_description": null, "speed_limit": null, "vertical_angle": null, "center_waypoint": null, "center_waypoint_latitude": null, "center_waypoint_longitude": null, "aircraft_category": null}, "geometry": {"type": "MultiPoint", "coordinates": [[99.20811667, 18.59416667]]}}, {"type": "Feature", "properties": {"fid": 4534, "area_code": "PAC", "airport_identifier": "VTCC", "procedure_identifier": "ENBA2B", "route_type": "5", "transition_identifier": "RW18", "seqno": 40, "waypoint_icao_code": "VT", "waypoint_identifier": "CC515", "waypoint_latitude": 18.68935833, "waypoint_longitude": 99.20848889, "waypoint_description_code": "E", "turn_direction": null, "rnp": null, "path_termination": "TF", "recommanded_navaid": null, "recommanded_navaid_latitude": null, "recommanded_navaid_longitude": null, "arc_radius": null, "theta": null, "rho": null, "magnetic_course": null, "route_distance_holding_distance_time": null, "distance_time": null, "altitude_description": "+", "altitude1": 13000.0, "altitude2": null, "transition_altitude": null, "speed_limit_description": null, "speed_limit": null, "vertical_angle": null, "center_waypoint": null, "center_waypoint_latitude": null, "center_waypoint_longitude": null, "aircraft_category": null}, "geometry": {"type": "MultiPoint", "coordinates": [[99.20848889, 18.68935833]]}}, {"type": "Feature", "properties": {"fid": 4535, "area_code": "PAC", "airport_identifier": "VTCC", "procedure_identifier": "ENBA2B", "route_type": "5", "transition_identifier": "RW18", "seqno": 50, "waypoint_icao_code": "VT", "waypoint_identifier": "EMSOG", "waypoint_latitude": 18.78579167, "waypoint_longitude": 99.20886667, "waypoint_description_code": "E", "turn_direction": null, "rnp": null, "path_termination": "TF", "recommanded_navaid": null, "recommanded_navaid_latitude": null, "recommanded_navaid_longitude": null, "arc_radius": null, "theta": null, "rho": null, "magnetic_course": null, "route_distance_holding_distance_time": null, "distance_time": null, "altitude_description": "@", "altitude1": 11000.0, "altitude2": null, "transition_altitude": null, "speed_limit_description": "-", "speed_limit": 220.0, "vertical_angle": null, "center_waypoint": null, "center_waypoint_latitude": null, "center_waypoint_longitude": null, "aircraft_category": null}, "geometry": {"type": "MultiPoint", "coordinates": [[99.20886667, 18.78579167]]}}, {"type": "Feature", "properties": {"fid": 4536, "area_code": "PAC", "airport_identifier": "VTCC", "procedure_identifier": "ENBA2B", "route_type": "5", "transition_identifier": "RW18", "seqno": 60, "waypoint_icao_code": "VT", "waypoint_identifier": "TUNTU", "waypoint_latitude": 18.95139167, "waypoint_longitude": 99.20951944, "waypoint_description_code": "E", "turn_direction": null, "rnp": null, "path_termination": "TF", "recommanded_navaid": null, "recommanded_navaid_latitude": null, "recommanded_navaid_longitude": null, "arc_radius": null, "theta": null, "rho": null, "magnetic_course": null, "route_distance_holding_distance_time": null, "distance_time": null, "altitude_description": "-", "altitude1": 9000.0, "altitude2": null, "transition_altitude": null, "speed_limit_description": null, "speed_limit": null, "vertical_angle": null, "center_waypoint": null, "center_waypoint_latitude": null, "center_waypoint_longitude": null, "aircraft_category": null}, "geometry": {"type": "MultiPoint", "coordinates": [[99.20951944, 18.95139167]]}}, {"type": "Feature", "properties": {"fid": 4537, "area_code": "PAC", "airport_identifier": "VTCC", "procedure_identifier": "ENBA2B", "route_type": "5", "transition_identifier": "RW18", "seqno": 70, "waypoint_icao_code": "VT", "waypoint_identifier": "SUSEG", "waypoint_latitude": 19.04983056, "waypoint_longitude": 99.20991111, "waypoint_description_code": "E", "turn_direction": null, "rnp": null, "path_termination": "TF", "recommanded_navaid": null, "recommanded_navaid_latitude": null, "recommanded_navaid_longitude": null, "arc_radius": null, "theta": null, "rho": null, "magnetic_course": null, "route_distance_holding_distance_time": null, "distance_time": null, "altitude_description": "-", "altitude1": 9000.0, "altitude2": null, "transition_altitude": null, "speed_limit_description": null, "speed_limit": null, "vertical_angle": null, "center_waypoint": null, "center_waypoint_latitude": null, "center_waypoint_longitude": null, "aircraft_category": null}, "geometry": {"type": "MultiPoint", "coordinates": [[99.20991111, 19.04983056]]}}, {"type": "Feature", "properties": {"fid": 4538, "area_code": "PAC", "airport_identifier": "VTCC", "procedure_identifier": "ENBA2B", "route_type": "5", "transition_identifier": "RW18", "seqno": 80, "waypoint_icao_code": "VT", "waypoint_identifier": "MESUX", "waypoint_latitude": 19.05013333, "waypoint_longitude": 99.11962222, "waypoint_description_code": "E", "turn_direction": null, "rnp": null, "path_termination": "TF", "recommanded_navaid": null, "recommanded_navaid_latitude": null, "recommanded_navaid_longitude": null, "arc_radius": null, "theta": null, "rho": null, "magnetic_course": null, "route_distance_holding_distance_time": null, "distance_time": null, "altitude_description": "+", "altitude1": 8400.0, "altitude2": null, "transition_altitude": null, "speed_limit_description": null, "speed_limit": null, "vertical_angle": null, "center_waypoint": null, "center_waypoint_latitude": null, "center_waypoint_longitude": null, "aircraft_category": null}, "geometry": {"type": "MultiPoint", "coordinates": [[99.11962222, 19.05013333]]}}, {"type": "Feature", "properties": {"fid": 4539, "area_code": "PAC", "airport_identifier": "VTCC", "procedure_identifier": "ENBA2B", "route_type": "5", "transition_identifier": "RW18", "seqno": 90, "waypoint_icao_code": "VT", "waypoint_identifier": "PILEX", "waypoint_latitude": 19.05055, "waypoint_longitude": 98.96358889, "waypoint_description_code": "E", "turn_direction": null, "rnp": null, "path_termination": "TF", "recommanded_navaid": null, "recommanded_navaid_latitude": null, "recommanded_navaid_longitude": null, "arc_radius": null, "theta": null, "rho": null, "magnetic_course": null, "route_distance_holding_distance_time": null, "distance_time": null, "altitude_description": "+", "altitude1": 5500.0, "altitude2": null, "transition_altitude": null, "speed_limit_description": "-", "speed_limit": 210.0, "vertical_angle": null, "center_waypoint": null, "center_waypoint_latitude": null, "center_waypoint_longitude": null, "aircraft_category": null}, "geometry": {"type": "MultiPoint", "coordinates": [[98.96358889, 19.05055]]}}, {"type": "Feature", "properties": {"fid": 4541, "area_code": "PAC", "airport_identifier": "VTBD", "procedure_identifier": "SEHN1B", "route_type": "4", "transition_identifier": "ALEMI", "seqno": 10, "waypoint_icao_code": "VT", "waypoint_identifier": "ALEMI", "waypoint_latitude": 12.60709722, "waypoint_longitude": 101.43331111, "waypoint_description_code": "E", "turn_direction": null, "rnp": null, "path_termination": "IF", "recommanded_navaid": null, "recommanded_navaid_latitude": null, "recommanded_navaid_longitude": null, "arc_radius": null, "theta": null, "rho": null, "magnetic_course": null, "route_distance_holding_distance_time": null, "distance_time": null, "altitude_description": null, "altitude1": null, "altitude2": null, "transition_altitude": null, "speed_limit_description": null, "speed_limit": null, "vertical_angle": null, "center_waypoint": null, "center_waypoint_latitude": null, "center_waypoint_longitude": null, "aircraft_category": null}, "geometry": {"type": "MultiPoint", "coordinates": [[101.43331111, 12.60709722]]}}, {"type": "Feature", "properties": {"fid": 4542, "area_code": "PAC", "airport_identifier": "VTBD", "procedure_identifier": "SEHN1B", "route_type": "4", "transition_identifier": "ALEMI", "seqno": 20, "waypoint_icao_code": "VT", "waypoint_identifier": "SEHNA", "waypoint_latitude": 13.29505, "waypoint_longitude": 101.17848611, "waypoint_description_code": "E", "turn_direction": null, "rnp": null, "path_termination": "TF", "recommanded_navaid": null, "recommanded_navaid_latitude": null, "recommanded_navaid_longitude": null, "arc_radius": null, "theta": null, "rho": null, "magnetic_course": null, "route_distance_holding_distance_time": null, "distance_time": null, "altitude_description": "-", "altitude1": 22000.0, "altitude2": null, "transition_altitude": null, "speed_limit_description": null, "speed_limit": null, "vertical_angle": null, "center_waypoint": null, "center_waypoint_latitude": null, "center_waypoint_longitude": null, "aircraft_category": null}, "geometry": {"type": "MultiPoint", "coordinates": [[101.17848611, 13.29505]]}}, {"type": "Feature", "properties": {"fid": 4544, "area_code": "PAC", "airport_identifier": "VTBD", "procedure_identifier": "SEHN1B", "route_type": "4", "transition_identifier": "ANREN", "seqno": 10, "waypoint_icao_code": "VT", "waypoint_identifier": "ANREN", "waypoint_latitude": 13.87013333, "waypoint_longitude": 102.31054167, "waypoint_description_code": "E", "turn_direction": null, "rnp": null, "path_termination": "IF", "recommanded_navaid": null, "recommanded_navaid_latitude": null, "recommanded_navaid_longitude": null, "arc_radius": null, "theta": null, "rho": null, "magnetic_course": null, "route_distance_holding_distance_time": null, "distance_time": null, "altitude_description": null, "altitude1": null, "altitude2": null, "transition_altitude": null, "speed_limit_description": null, "speed_limit": null, "vertical_angle": null, "center_waypoint": null, "center_waypoint_latitude": null, "center_waypoint_longitude": null, "aircraft_category": null}, "geometry": {"type": "MultiPoint", "coordinates": [[102.31054167, 13.87013333]]}}, {"type": "Feature", "properties": {"fid": 4545, "area_code": "PAC", "airport_identifier": "VTBD", "procedure_identifier": "SEHN1B", "route_type": "4", "transition_identifier": "ANREN", "seqno": 20, "waypoint_icao_code": "VT", "waypoint_identifier": "SEHNA", "waypoint_latitude": 13.29505, "waypoint_longitude": 101.17848611, "waypoint_description_code": "E", "turn_direction": null, "rnp": null, "path_termination": "TF", "recommanded_navaid": null, "recommanded_navaid_latitude": null, "recommanded_navaid_longitude": null, "arc_radius": null, "theta": null, "rho": null, "magnetic_course": null, "route_distance_holding_distance_time": null, "distance_time": null, "altitude_description": "-", "altitude1": 22000.0, "altitude2": null, "transition_altitude": null, "speed_limit_description": null, "speed_limit": null, "vertical_angle": null, "center_waypoint": null, "center_waypoint_latitude": null, "center_waypoint_longitude": null, "aircraft_category": null}, "geometry": {"type": "MultiPoint", "coordinates": [[101.17848611, 13.29505]]}}, {"type": "Feature", "properties": {"fid": 4547, "area_code": "PAC", "airport_identifier": "VTBD", "procedure_identifier": "SEHN1B", "route_type": "4", "transition_identifier": "DULEM", "seqno": 10, "waypoint_icao_code": "VT", "waypoint_identifier": "DULEM", "waypoint_latitude": 13.73766111, "waypoint_longitude": 102.23326389, "waypoint_description_code": "E", "turn_direction": null, "rnp": null, "path_termination": "IF", "recommanded_navaid": null, "recommanded_navaid_latitude": null, "recommanded_navaid_longitude": null, "arc_radius": null, "theta": null, "rho": null, "magnetic_course": null, "route_distance_holding_distance_time": null, "distance_time": null, "altitude_description": null, "altitude1": null, "altitude2": null, "transition_altitude": null, "speed_limit_description": null, "speed_limit": null, "vertical_angle": null, "center_waypoint": null, "center_waypoint_latitude": null, "center_waypoint_longitude": null, "aircraft_category": null}, "geometry": {"type": "MultiPoint", "coordinates": [[102.23326389, 13.73766111]]}}, {"type": "Feature", "properties": {"fid": 4548, "area_code": "PAC", "airport_identifier": "VTBD", "procedure_identifier": "SEHN1B", "route_type": "4", "transition_identifier": "DULEM", "seqno": 20, "waypoint_icao_code": "VT", "waypoint_identifier": "SEHNA", "waypoint_latitude": 13.29505, "waypoint_longitude": 101.17848611, "waypoint_description_code": "E", "turn_direction": null, "rnp": null, "path_termination": "TF", "recommanded_navaid": null, "recommanded_navaid_latitude": null, "recommanded_navaid_longitude": null, "arc_radius": null, "theta": null, "rho": null, "magnetic_course": null, "route_distance_holding_distance_time": null, "distance_time": null, "altitude_description": "-", "altitude1": 22000.0, "altitude2": null, "transition_altitude": null, "speed_limit_description": null, "speed_limit": null, "vertical_angle": null, "center_waypoint": null, "center_waypoint_latitude": null, "center_waypoint_longitude": null, "aircraft_category": null}, "geometry": {"type": "MultiPoint", "coordinates": [[101.17848611, 13.29505]]}}, {"type": "Feature", "properties": {"fid": 4550, "area_code": "PAC", "airport_identifier": "VTBD", "procedure_identifier": "SEHN1B", "route_type": "4", "transition_identifier": "GOMES", "seqno": 10, "waypoint_icao_code": "VT", "waypoint_identifier": "GOMES", "waypoint_latitude": 13.40169444, "waypoint_longitude": 101.58491667, "waypoint_description_code": "E", "turn_direction": null, "rnp": null, "path_termination": "IF", "recommanded_navaid": null, "recommanded_navaid_latitude": null, "recommanded_navaid_longitude": null, "arc_radius": null, "theta": null, "rho": null, "magnetic_course": null, "route_distance_holding_distance_time": null, "distance_time": null, "altitude_description": null, "altitude1": null, "altitude2": null, "transition_altitude": null, "speed_limit_description": null, "speed_limit": null, "vertical_angle": null, "center_waypoint": null, "center_waypoint_latitude": null, "center_waypoint_longitude": null, "aircraft_category": null}, "geometry": {"type": "MultiPoint", "coordinates": [[101.58491667, 13.40169444]]}}, {"type": "Feature", "properties": {"fid": 4551, "area_code": "PAC", "airport_identifier": "VTBD", "procedure_identifier": "SEHN1B", "route_type": "4", "transition_identifier": "GOMES", "seqno": 20, "waypoint_icao_code": "VT", "waypoint_identifier": "SEHNA", "waypoint_latitude": 13.29505, "waypoint_longitude": 101.17848611, "waypoint_description_code": "E", "turn_direction": null, "rnp": null, "path_termination": "TF", "recommanded_navaid": null, "recommanded_navaid_latitude": null, "recommanded_navaid_longitude": null, "arc_radius": null, "theta": null, "rho": null, "magnetic_course": null, "route_distance_holding_distance_time": null, "distance_time": null, "altitude_description": "-", "altitude1": 22000.0, "altitude2": null, "transition_altitude": null, "speed_limit_description": null, "speed_limit": null, "vertical_angle": null, "center_waypoint": null, "center_waypoint_latitude": null, "center_waypoint_longitude": null, "aircraft_category": null}, "geometry": {"type": "MultiPoint", "coordinates": [[101.17848611, 13.29505]]}}, {"type": "Feature", "properties": {"fid": 4553, "area_code": "PAC", "airport_identifier": "VTBD", "procedure_identifier": "SEHN1B", "route_type": "4", "transition_identifier": "NUGPA", "seqno": 10, "waypoint_icao_code": "VT", "waypoint_identifier": "NUGPA", "waypoint_latitude": 13.04837778, "waypoint_longitude": 101.83313611, "waypoint_description_code": "E", "turn_direction": null, "rnp": null, "path_termination": "IF", "recommanded_navaid": null, "recommanded_navaid_latitude": null, "recommanded_navaid_longitude": null, "arc_radius": null, "theta": null, "rho": null, "magnetic_course": null, "route_distance_holding_distance_time": null, "distance_time": null, "altitude_description": null, "altitude1": null, "altitude2": null, "transition_altitude": null, "speed_limit_description": null, "speed_limit": null, "vertical_angle": null, "center_waypoint": null, "center_waypoint_latitude": null, "center_waypoint_longitude": null, "aircraft_category": null}, "geometry": {"type": "MultiPoint", "coordinates": [[101.83313611, 13.04837778]]}}, {"type": "Feature", "properties": {"fid": 4554, "area_code": "PAC", "airport_identifier": "VTBD", "procedure_identifier": "SEHN1B", "route_type": "4", "transition_identifier": "NUGPA", "seqno": 20, "waypoint_icao_code": "VT", "waypoint_identifier": "SEHNA", "waypoint_latitude": 13.29505, "waypoint_longitude": 101.17848611, "waypoint_description_code": "E", "turn_direction": null, "rnp": null, "path_termination": "TF", "recommanded_navaid": null, "recommanded_navaid_latitude": null, "recommanded_navaid_longitude": null, "arc_radius": null, "theta": null, "rho": null, "magnetic_course": null, "route_distance_holding_distance_time": null, "distance_time": null, "altitude_description": "-", "altitude1": 22000.0, "altitude2": null, "transition_altitude": null, "speed_limit_description": null, "speed_limit": null, "vertical_angle": null, "center_waypoint": null, "center_waypoint_latitude": null, "center_waypoint_longitude": null, "aircraft_category": null}, "geometry": {"type": "MultiPoint", "coordinates": [[101.17848611, 13.29505]]}}, {"type": "Feature", "properties": {"fid": 4556, "area_code": "PAC", "airport_identifier": "VTBD", "procedure_identifier": "SEHN1B", "route_type": "4", "transition_identifier": "RYN", "seqno": 10, "waypoint_icao_code": "VT", "waypoint_identifier": "RYN", "waypoint_latitude": 12.77863889, "waypoint_longitude": 101.67644444, "waypoint_description_code": "E", "turn_direction": null, "rnp": null, "path_termination": "IF", "recommanded_navaid": null, "recommanded_navaid_latitude": null, "recommanded_navaid_longitude": null, "arc_radius": null, "theta": null, "rho": null, "magnetic_course": null, "route_distance_holding_distance_time": null, "distance_time": null, "altitude_description": null, "altitude1": null, "altitude2": null, "transition_altitude": null, "speed_limit_description": null, "speed_limit": null, "vertical_angle": null, "center_waypoint": null, "center_waypoint_latitude": null, "center_waypoint_longitude": null, "aircraft_category": null}, "geometry": {"type": "MultiPoint", "coordinates": [[101.67644444, 12.77863889]]}}, {"type": "Feature", "properties": {"fid": 4557, "area_code": "PAC", "airport_identifier": "VTBD", "procedure_identifier": "SEHN1B", "route_type": "4", "transition_identifier": "RYN", "seqno": 20, "waypoint_icao_code": "VT", "waypoint_identifier": "SEHNA", "waypoint_latitude": 13.29505, "waypoint_longitude": 101.17848611, "waypoint_description_code": "E", "turn_direction": null, "rnp": null, "path_termination": "TF", "recommanded_navaid": null, "recommanded_navaid_latitude": null, "recommanded_navaid_longitude": null, "arc_radius": null, "theta": null, "rho": null, "magnetic_course": null, "route_distance_holding_distance_time": null, "distance_time": null, "altitude_description": "-", "altitude1": 22000.0, "altitude2": null, "transition_altitude": null, "speed_limit_description": null, "speed_limit": null, "vertical_angle": null, "center_waypoint": null, "center_waypoint_latitude": null, "center_waypoint_longitude": null, "aircraft_category": null}, "geometry": {"type": "MultiPoint", "coordinates": [[101.17848611, 13.29505]]}}, {"type": "Feature", "properties": {"fid": 4559, "area_code": "PAC", "airport_identifier": "VTBD", "procedure_identifier": "SEHN1B", "route_type": "5", "transition_identifier": "RW03B", "seqno": 10, "waypoint_icao_code": "VT", "waypoint_identifier": "SEHNA", "waypoint_latitude": 13.29505, "waypoint_longitude": 101.17848611, "waypoint_description_code": "E", "turn_direction": null, "rnp": null, "path_termination": "IF", "recommanded_navaid": null, "recommanded_navaid_latitude": null, "recommanded_navaid_longitude": null, "arc_radius": null, "theta": null, "rho": null, "magnetic_course": null, "route_distance_holding_distance_time": null, "distance_time": null, "altitude_description": "-", "altitude1": 22000.0, "altitude2": null, "transition_altitude": null, "speed_limit_description": null, "speed_limit": null, "vertical_angle": null, "center_waypoint": null, "center_waypoint_latitude": null, "center_waypoint_longitude": null, "aircraft_category": null}, "geometry": {"type": "MultiPoint", "coordinates": [[101.17848611, 13.29505]]}}, {"type": "Feature", "properties": {"fid": 4560, "area_code": "PAC", "airport_identifier": "VTBD", "procedure_identifier": "SEHN1B", "route_type": "5", "transition_identifier": "RW03B", "seqno": 20, "waypoint_icao_code": "VT", "waypoint_identifier": "BAMBU", "waypoint_latitude": 13.29815833, "waypoint_longitude": 100.67621667, "waypoint_description_code": "E", "turn_direction": null, "rnp": null, "path_termination": "TF", "recommanded_navaid": null, "recommanded_navaid_latitude": null, "recommanded_navaid_longitude": null, "arc_radius": null, "theta": null, "rho": null, "magnetic_course": null, "route_distance_holding_distance_time": null, "distance_time": null, "altitude_description": "+", "altitude1": 15000.0, "altitude2": null, "transition_altitude": null, "speed_limit_description": "-", "speed_limit": 250.0, "vertical_angle": null, "center_waypoint": null, "center_waypoint_latitude": null, "center_waypoint_longitude": null, "aircraft_category": null}, "geometry": {"type": "MultiPoint", "coordinates": [[100.67621667, 13.29815833]]}}, {"type": "Feature", "properties": {"fid": 4561, "area_code": "PAC", "airport_identifier": "VTBD", "procedure_identifier": "SEHN1B", "route_type": "5", "transition_identifier": "RW03B", "seqno": 30, "waypoint_icao_code": "VT", "waypoint_identifier": "DM306", "waypoint_latitude": 13.29979444, "waypoint_longitude": 100.40647778, "waypoint_description_code": "E", "turn_direction": null, "rnp": null, "path_termination": "TF", "recommanded_navaid": null, "recommanded_navaid_latitude": null, "recommanded_navaid_longitude": null, "arc_radius": null, "theta": null, "rho": null, "magnetic_course": null, "route_distance_holding_distance_time": null, "distance_time": null, "altitude_description": null, "altitude1": null, "altitude2": null, "transition_altitude": null, "speed_limit_description": null, "speed_limit": null, "vertical_angle": null, "center_waypoint": null, "center_waypoint_latitude": null, "center_waypoint_longitude": null, "aircraft_category": null}, "geometry": {"type": "MultiPoint", "coordinates": [[100.40647778, 13.29979444]]}}, {"type": "Feature", "properties": {"fid": 4562, "area_code": "PAC", "airport_identifier": "VTBD", "procedure_identifier": "SEHN1B", "route_type": "5", "transition_identifier": "RW03B", "seqno": 40, "waypoint_icao_code": "VT", "waypoint_identifier": "ARMUS", "waypoint_latitude": 13.383275, "waypoint_longitude": 100.32215556, "waypoint_description_code": "E", "turn_direction": null, "rnp": null, "path_termination": "TF", "recommanded_navaid": null, "recommanded_navaid_latitude": null, "recommanded_navaid_longitude": null, "arc_radius": null, "theta": null, "rho": null, "magnetic_course": null, "route_distance_holding_distance_time": null, "distance_time": null, "altitude_description": null, "altitude1": null, "altitude2": null, "transition_altitude": null, "speed_limit_description": "-", "speed_limit": 220.0, "vertical_angle": null, "center_waypoint": null, "center_waypoint_latitude": null, "center_waypoint_longitude": null, "aircraft_category": null}, "geometry": {"type": "MultiPoint", "coordinates": [[100.32215556, 13.383275]]}}, {"type": "Feature", "properties": {"fid": 4563, "area_code": "PAC", "airport_identifier": "VTBD", "procedure_identifier": "SEHN1B", "route_type": "5", "transition_identifier": "RW03B", "seqno": 50, "waypoint_icao_code": "VT", "waypoint_identifier": "DM305", "waypoint_latitude": 13.54453333, "waypoint_longitude": 100.31881667, "waypoint_description_code": "E", "turn_direction": null, "rnp": null, "path_termination": "TF", "recommanded_navaid": null, "recommanded_navaid_latitude": null, "recommanded_navaid_longitude": null, "arc_radius": null, "theta": null, "rho": null, "magnetic_course": null, "route_distance_holding_distance_time": null, "distance_time": null, "altitude_description": null, "altitude1": null, "altitude2": null, "transition_altitude": null, "speed_limit_description": null, "speed_limit": null, "vertical_angle": null, "center_waypoint": null, "center_waypoint_latitude": null, "center_waypoint_longitude": null, "aircraft_category": null}, "geometry": {"type": "MultiPoint", "coordinates": [[100.31881667, 13.54453333]]}}, {"type": "Feature", "properties": {"fid": 4564, "area_code": "PAC", "airport_identifier": "VTBD", "procedure_identifier": "SEHN1B", "route_type": "5", "transition_identifier": "RW03B", "seqno": 60, "waypoint_icao_code": "VT", "waypoint_identifier": "DOTLI", "waypoint_latitude": 13.64946944, "waypoint_longitude": 100.37213889, "waypoint_description_code": "E", "turn_direction": null, "rnp": null, "path_termination": "TF", "recommanded_navaid": null, "recommanded_navaid_latitude": null, "recommanded_navaid_longitude": null, "arc_radius": null, "theta": null, "rho": null, "magnetic_course": null, "route_distance_holding_distance_time": null, "distance_time": null, "altitude_description": "+", "altitude1": 4000.0, "altitude2": null, "transition_altitude": null, "speed_limit_description": "-", "speed_limit": 220.0, "vertical_angle": null, "center_waypoint": null, "center_waypoint_latitude": null, "center_waypoint_longitude": null, "aircraft_category": null}, "geometry": {"type": "MultiPoint", "coordinates": [[100.37213889, 13.64946944]]}}, {"type": "Feature", "properties": {"fid": 4566, "area_code": "PAC", "airport_identifier": "VTCL", "procedure_identifier": "VENA1A", "route_type": "5", "transition_identifier": "RW36", "seqno": 10, "waypoint_icao_code": "VT", "waypoint_identifier": "VENAG", "waypoint_latitude": 17.90316389, "waypoint_longitude": 99.69938333, "waypoint_description_code": "E", "turn_direction": null, "rnp": 1.0, "path_termination": "IF", "recommanded_navaid": null, "recommanded_navaid_latitude": null, "recommanded_navaid_longitude": null, "arc_radius": null, "theta": null, "rho": null, "magnetic_course": null, "route_distance_holding_distance_time": null, "distance_time": null, "altitude_description": "@", "altitude1": 7000.0, "altitude2": null, "transition_altitude": null, "speed_limit_description": null, "speed_limit": null, "vertical_angle": null, "center_waypoint": null, "center_waypoint_latitude": null, "center_waypoint_longitude": null, "aircraft_category": null}, "geometry": {"type": "MultiPoint", "coordinates": [[99.69938333, 17.90316389]]}}, {"type": "Feature", "properties": {"fid": 4567, "area_code": "PAC", "airport_identifier": "VTCL", "procedure_identifier": "VENA1A", "route_type": "5", "transition_identifier": "RW36", "seqno": 20, "waypoint_icao_code": "VT", "waypoint_identifier": "IGNUM", "waypoint_latitude": 18.00539444, "waypoint_longitude": 99.64553611, "waypoint_description_code": "E", "turn_direction": null, "rnp": 1.0, "path_termination": "TF", "recommanded_navaid": null, "recommanded_navaid_latitude": null, "recommanded_navaid_longitude": null, "arc_radius": null, "theta": null, "rho": null, "magnetic_course": null, "route_distance_holding_distance_time": null, "distance_time": null, "altitude_description": "+", "altitude1": 6000.0, "altitude2": null, "transition_altitude": null, "speed_limit_description": "-", "speed_limit": 230.0, "vertical_angle": null, "center_waypoint": null, "center_waypoint_latitude": null, "center_waypoint_longitude": null, "aircraft_category": null}, "geometry": {"type": "MultiPoint", "coordinates": [[99.64553611, 18.00539444]]}}, {"type": "Feature", "properties": {"fid": 4568, "area_code": "PAC", "airport_identifier": "VTCL", "procedure_identifier": "VENA1A", "route_type": "5", "transition_identifier": "RW36", "seqno": 30, "waypoint_icao_code": "VT", "waypoint_identifier": "CL301", "waypoint_latitude": 18.05972778, "waypoint_longitude": 99.57903333, "waypoint_description_code": "E", "turn_direction": null, "rnp": 1.0, "path_termination": "TF", "recommanded_navaid": null, "recommanded_navaid_latitude": null, "recommanded_navaid_longitude": null, "arc_radius": null, "theta": null, "rho": null, "magnetic_course": null, "route_distance_holding_distance_time": null, "distance_time": null, "altitude_description": "+", "altitude1": 5000.0, "altitude2": null, "transition_altitude": null, "speed_limit_description": "-", "speed_limit": 230.0, "vertical_angle": null, "center_waypoint": null, "center_waypoint_latitude": null, "center_waypoint_longitude": null, "aircraft_category": null}, "geometry": {"type": "MultiPoint", "coordinates": [[99.57903333, 18.05972778]]}}, {"type": "Feature", "properties": {"fid": 4569, "area_code": "PAC", "airport_identifier": "VTCL", "procedure_identifier": "VENA1A", "route_type": "5", "transition_identifier": "RW36", "seqno": 40, "waypoint_icao_code": "VT", "waypoint_identifier": "SATBO", "waypoint_latitude": 18.10993889, "waypoint_longitude": 99.51752778, "waypoint_description_code": "E", "turn_direction": null, "rnp": 1.0, "path_termination": "TF", "recommanded_navaid": null, "recommanded_navaid_latitude": null, "recommanded_navaid_longitude": null, "arc_radius": null, "theta": null, "rho": null, "magnetic_course": null, "route_distance_holding_distance_time": null, "distance_time": null, "altitude_description": "+", "altitude1": 3300.0, "altitude2": null, "transition_altitude": null, "speed_limit_description": "-", "speed_limit": 210.0, "vertical_angle": null, "center_waypoint": null, "center_waypoint_latitude": null, "center_waypoint_longitude": null, "aircraft_category": null}, "geometry": {"type": "MultiPoint", "coordinates": [[99.51752778, 18.10993889]]}}, {"type": "Feature", "properties": {"fid": 4571, "area_code": "PAC", "airport_identifier": "VTSP", "procedure_identifier": "URGA1D", "route_type": "5", "transition_identifier": "RW27", "seqno": 10, "waypoint_icao_code": "VT", "waypoint_identifier": "URGAD", "waypoint_latitude": 7.77081944, "waypoint_longitude": 98.67528889, "waypoint_description_code": "E", "turn_direction": null, "rnp": null, "path_termination": "IF", "recommanded_navaid": null, "recommanded_navaid_latitude": null, "recommanded_navaid_longitude": null, "arc_radius": null, "theta": null, "rho": null, "magnetic_course": null, "route_distance_holding_distance_time": null, "distance_time": null, "altitude_description": "-", "altitude1": 10000.0, "altitude2": null, "transition_altitude": null, "speed_limit_description": null, "speed_limit": null, "vertical_angle": null, "center_waypoint": null, "center_waypoint_latitude": null, "center_waypoint_longitude": null, "aircraft_category": null}, "geometry": {"type": "MultiPoint", "coordinates": [[98.67528889, 7.77081944]]}}, {"type": "Feature", "properties": {"fid": 4572, "area_code": "PAC", "airport_identifier": "VTSP", "procedure_identifier": "URGA1D", "route_type": "5", "transition_identifier": "RW27", "seqno": 30, "waypoint_icao_code": "VT", "waypoint_identifier": "PACUS", "waypoint_latitude": 7.91812222, "waypoint_longitude": 98.57809444, "waypoint_description_code": "E", "turn_direction": null, "rnp": null, "path_termination": "TF", "recommanded_navaid": null, "recommanded_navaid_latitude": null, "recommanded_navaid_longitude": null, "arc_radius": null, "theta": null, "rho": null, "magnetic_course": null, "route_distance_holding_distance_time": null, "distance_time": null, "altitude_description": "-", "altitude1": 8000.0, "altitude2": null, "transition_altitude": null, "speed_limit_description": "-", "speed_limit": 230.0, "vertical_angle": null, "center_waypoint": null, "center_waypoint_latitude": null, "center_waypoint_longitude": null, "aircraft_category": null}, "geometry": {"type": "MultiPoint", "coordinates": [[98.57809444, 7.91812222]]}}, {"type": "Feature", "properties": {"fid": 4573, "area_code": "PAC", "airport_identifier": "VTSP", "procedure_identifier": "URGA1D", "route_type": "5", "transition_identifier": "RW27", "seqno": 40, "waypoint_icao_code": "VT", "waypoint_identifier": "RIZZO", "waypoint_latitude": 8.03574444, "waypoint_longitude": 98.56703056, "waypoint_description_code": "E", "turn_direction": null, "rnp": null, "path_termination": "TF", "recommanded_navaid": null, "recommanded_navaid_latitude": null, "recommanded_navaid_longitude": null, "arc_radius": null, "theta": null, "rho": null, "magnetic_course": null, "route_distance_holding_distance_time": null, "distance_time": null, "altitude_description": "+", "altitude1": 5000.0, "altitude2": null, "transition_altitude": null, "speed_limit_description": "-", "speed_limit": 230.0, "vertical_angle": null, "center_waypoint": null, "center_waypoint_latitude": null, "center_waypoint_longitude": null, "aircraft_category": null}, "geometry": {"type": "MultiPoint", "coordinates": [[98.56703056, 8.03574444]]}}, {"type": "Feature", "properties": {"fid": 4574, "area_code": "PAC", "airport_identifier": "VTSP", "procedure_identifier": "URGA1D", "route_type": "5", "transition_identifier": "RW27", "seqno": 50, "waypoint_icao_code": "VT", "waypoint_identifier": "BARON", "waypoint_latitude": 8.13581667, "waypoint_longitude": 98.55760833, "waypoint_description_code": "E", "turn_direction": null, "rnp": null, "path_termination": "TF", "recommanded_navaid": null, "recommanded_navaid_latitude": null, "recommanded_navaid_longitude": null, "arc_radius": null, "theta": null, "rho": null, "magnetic_course": null, "route_distance_holding_distance_time": null, "distance_time": null, "altitude_description": "+", "altitude1": 3000.0, "altitude2": null, "transition_altitude": null, "speed_limit_description": "-", "speed_limit": 200.0, "vertical_angle": null, "center_waypoint": null, "center_waypoint_latitude": null, "center_waypoint_longitude": null, "aircraft_category": null}, "geometry": {"type": "MultiPoint", "coordinates": [[98.55760833, 8.13581667]]}}, {"type": "Feature", "properties": {"fid": 4575, "area_code": "PAC", "airport_identifier": "VTSP", "procedure_identifier": "URGA1D", "route_type": "5", "transition_identifier": "RW27", "seqno": 60, "waypoint_icao_code": "VT", "waypoint_identifier": "CI27", "waypoint_latitude": 8.12719722, "waypoint_longitude": 98.50665556, "waypoint_description_code": "E", "turn_direction": "L", "rnp": null, "path_termination": "TF", "recommanded_navaid": null, "recommanded_navaid_latitude": null, "recommanded_navaid_longitude": null, "arc_radius": null, "theta": null, "rho": null, "magnetic_course": null, "route_distance_holding_distance_time": null, "distance_time": null, "altitude_description": null, "altitude1": null, "altitude2": null, "transition_altitude": null, "speed_limit_description": null, "speed_limit": null, "vertical_angle": null, "center_waypoint": null, "center_waypoint_latitude": null, "center_waypoint_longitude": null, "aircraft_category": null}, "geometry": {"type": "MultiPoint", "coordinates": [[98.50665556, 8.12719722]]}}, {"type": "Feature", "properties": {"fid": 4577, "area_code": "PAC", "airport_identifier": "VTSB", "procedure_identifier": "TAVA1A", "route_type": "5", "transition_identifier": "RW22", "seqno": 10, "waypoint_icao_code": "VT", "waypoint_identifier": "TAVAT", "waypoint_latitude": 8.71571944, "waypoint_longitude": 99.07097778, "waypoint_description_code": "E", "turn_direction": null, "rnp": null, "path_termination": "IF", "recommanded_navaid": null, "recommanded_navaid_latitude": null, "recommanded_navaid_longitude": null, "arc_radius": null, "theta": null, "rho": null, "magnetic_course": null, "route_distance_holding_distance_time": null, "distance_time": null, "altitude_description": "+", "altitude1": 13000.0, "altitude2": null, "transition_altitude": null, "speed_limit_description": null, "speed_limit": null, "vertical_angle": null, "center_waypoint": null, "center_waypoint_latitude": null, "center_waypoint_longitude": null, "aircraft_category": null}, "geometry": {"type": "MultiPoint", "coordinates": [[99.07097778, 8.71571944]]}}, {"type": "Feature", "properties": {"fid": 4578, "area_code": "PAC", "airport_identifier": "VTSB", "procedure_identifier": "TAVA1A", "route_type": "5", "transition_identifier": "RW22", "seqno": 20, "waypoint_icao_code": "VT", "waypoint_identifier": "SB206", "waypoint_latitude": 8.86811111, "waypoint_longitude": 99.2121, "waypoint_description_code": "E", "turn_direction": null, "rnp": null, "path_termination": "TF", "recommanded_navaid": null, "recommanded_navaid_latitude": null, "recommanded_navaid_longitude": null, "arc_radius": null, "theta": null, "rho": null, "magnetic_course": null, "route_distance_holding_distance_time": null, "distance_time": null, "altitude_description": "+", "altitude1": 11000.0, "altitude2": null, "transition_altitude": null, "speed_limit_description": null, "speed_limit": null, "vertical_angle": null, "center_waypoint": null, "center_waypoint_latitude": null, "center_waypoint_longitude": null, "aircraft_category": null}, "geometry": {"type": "MultiPoint", "coordinates": [[99.2121, 8.86811111]]}}, {"type": "Feature", "properties": {"fid": 4579, "area_code": "PAC", "airport_identifier": "VTSB", "procedure_identifier": "TAVA1A", "route_type": "5", "transition_identifier": "RW22", "seqno": 30, "waypoint_icao_code": "VT", "waypoint_identifier": "SB205", "waypoint_latitude": 8.99123056, "waypoint_longitude": 99.32623333, "waypoint_description_code": "E", "turn_direction": null, "rnp": null, "path_termination": "TF", "recommanded_navaid": null, "recommanded_navaid_latitude": null, "recommanded_navaid_longitude": null, "arc_radius": null, "theta": null, "rho": null, "magnetic_course": null, "route_distance_holding_distance_time": null, "distance_time": null, "altitude_description": "+", "altitude1": 11000.0, "altitude2": null, "transition_altitude": null, "speed_limit_description": null, "speed_limit": null, "vertical_angle": null, "center_waypoint": null, "center_waypoint_latitude": null, "center_waypoint_longitude": null, "aircraft_category": null}, "geometry": {"type": "MultiPoint", "coordinates": [[99.32623333, 8.99123056]]}}, {"type": "Feature", "properties": {"fid": 4580, "area_code": "PAC", "airport_identifier": "VTSB", "procedure_identifier": "TAVA1A", "route_type": "5", "transition_identifier": "RW22", "seqno": 40, "waypoint_icao_code": "VT", "waypoint_identifier": "IBIGA", "waypoint_latitude": 9.12321944, "waypoint_longitude": 99.45541667, "waypoint_description_code": "E", "turn_direction": null, "rnp": null, "path_termination": "TF", "recommanded_navaid": null, "recommanded_navaid_latitude": null, "recommanded_navaid_longitude": null, "arc_radius": null, "theta": null, "rho": null, "magnetic_course": null, "route_distance_holding_distance_time": null, "distance_time": null, "altitude_description": "-", "altitude1": 7000.0, "altitude2": null, "transition_altitude": null, "speed_limit_description": null, "speed_limit": null, "vertical_angle": null, "center_waypoint": null, "center_waypoint_latitude": null, "center_waypoint_longitude": null, "aircraft_category": null}, "geometry": {"type": "MultiPoint", "coordinates": [[99.45541667, 9.12321944]]}}, {"type": "Feature", "properties": {"fid": 4581, "area_code": "PAC", "airport_identifier": "VTSB", "procedure_identifier": "TAVA1A", "route_type": "5", "transition_identifier": "RW22", "seqno": 50, "waypoint_icao_code": "VT", "waypoint_identifier": "ELNON", "waypoint_latitude": 9.20496667, "waypoint_longitude": 99.37088333, "waypoint_description_code": "E", "turn_direction": null, "rnp": null, "path_termination": "TF", "recommanded_navaid": null, "recommanded_navaid_latitude": null, "recommanded_navaid_longitude": null, "arc_radius": null, "theta": null, "rho": null, "magnetic_course": null, "route_distance_holding_distance_time": null, "distance_time": null, "altitude_description": "-", "altitude1": 5000.0, "altitude2": null, "transition_altitude": null, "speed_limit_description": "-", "speed_limit": 230.0, "vertical_angle": null, "center_waypoint": null, "center_waypoint_latitude": null, "center_waypoint_longitude": null, "aircraft_category": null}, "geometry": {"type": "MultiPoint", "coordinates": [[99.37088333, 9.20496667]]}}, {"type": "Feature", "properties": {"fid": 4582, "area_code": "PAC", "airport_identifier": "VTSB", "procedure_identifier": "TAVA1A", "route_type": "5", "transition_identifier": "RW22", "seqno": 60, "waypoint_icao_code": "VT", "waypoint_identifier": "GULNA", "waypoint_latitude": 9.28669167, "waypoint_longitude": 99.28631111, "waypoint_description_code": "E", "turn_direction": null, "rnp": null, "path_termination": "TF", "recommanded_navaid": null, "recommanded_navaid_latitude": null, "recommanded_navaid_longitude": null, "arc_radius": null, "theta": null, "rho": null, "magnetic_course": null, "route_distance_holding_distance_time": null, "distance_time": null, "altitude_description": "+", "altitude1": 3000.0, "altitude2": null, "transition_altitude": null, "speed_limit_description": "-", "speed_limit": 230.0, "vertical_angle": null, "center_waypoint": null, "center_waypoint_latitude": null, "center_waypoint_longitude": null, "aircraft_category": null}, "geometry": {"type": "MultiPoint", "coordinates": [[99.28631111, 9.28669167]]}}, {"type": "Feature", "properties": {"fid": 4584, "area_code": "PAC", "airport_identifier": "VTSG", "procedure_identifier": "TUNR1E", "route_type": "5", "transition_identifier": "RW32", "seqno": 10, "waypoint_icao_code": "VT", "waypoint_identifier": "TUNRA", "waypoint_latitude": 7.79353889, "waypoint_longitude": 99.31803056, "waypoint_description_code": "E", "turn_direction": null, "rnp": 1.0, "path_termination": "IF", "recommanded_navaid": null, "recommanded_navaid_latitude": null, "recommanded_navaid_longitude": null, "arc_radius": null, "theta": null, "rho": null, "magnetic_course": null, "route_distance_holding_distance_time": null, "distance_time": null, "altitude_description": "+", "altitude1": 8000.0, "altitude2": null, "transition_altitude": null, "speed_limit_description": null, "speed_limit": null, "vertical_angle": null, "center_waypoint": null, "center_waypoint_latitude": null, "center_waypoint_longitude": null, "aircraft_category": null}, "geometry": {"type": "MultiPoint", "coordinates": [[99.31803056, 7.79353889]]}}, {"type": "Feature", "properties": {"fid": 4585, "area_code": "PAC", "airport_identifier": "VTSG", "procedure_identifier": "TUNR1E", "route_type": "5", "transition_identifier": "RW32", "seqno": 20, "waypoint_icao_code": "VT", "waypoint_identifier": "BILEY", "waypoint_latitude": 7.89333333, "waypoint_longitude": 99.18230833, "waypoint_description_code": "E", "turn_direction": null, "rnp": 1.0, "path_termination": "TF", "recommanded_navaid": null, "recommanded_navaid_latitude": null, "recommanded_navaid_longitude": null, "arc_radius": null, "theta": null, "rho": null, "magnetic_course": null, "route_distance_holding_distance_time": null, "distance_time": null, "altitude_description": "+", "altitude1": 4000.0, "altitude2": null, "transition_altitude": null, "speed_limit_description": null, "speed_limit": null, "vertical_angle": null, "center_waypoint": null, "center_waypoint_latitude": null, "center_waypoint_longitude": null, "aircraft_category": null}, "geometry": {"type": "MultiPoint", "coordinates": [[99.18230833, 7.89333333]]}}, {"type": "Feature", "properties": {"fid": 4586, "area_code": "PAC", "airport_identifier": "VTSG", "procedure_identifier": "TUNR1E", "route_type": "5", "transition_identifier": "RW32", "seqno": 30, "waypoint_icao_code": "VT", "waypoint_identifier": "MUNIA", "waypoint_latitude": 7.9431, "waypoint_longitude": 99.11465, "waypoint_description_code": "E", "turn_direction": null, "rnp": 1.0, "path_termination": "TF", "recommanded_navaid": null, "recommanded_navaid_latitude": null, "recommanded_navaid_longitude": null, "arc_radius": null, "theta": null, "rho": null, "magnetic_course": null, "route_distance_holding_distance_time": null, "distance_time": null, "altitude_description": "+", "altitude1": 2500.0, "altitude2": null, "transition_altitude": null, "speed_limit_description": "-", "speed_limit": 230.0, "vertical_angle": null, "center_waypoint": null, "center_waypoint_latitude": null, "center_waypoint_longitude": null, "aircraft_category": null}, "geometry": {"type": "MultiPoint", "coordinates": [[99.11465, 7.9431]]}}, {"type": "Feature", "properties": {"fid": 4588, "area_code": "PAC", "airport_identifier": "VTUD", "procedure_identifier": "GULN1C", "route_type": "5", "transition_identifier": "RW30", "seqno": 10, "waypoint_icao_code": "VT", "waypoint_identifier": "GULNO", "waypoint_latitude": 17.32081389, "waypoint_longitude": 103.29307778, "waypoint_description_code": "E", "turn_direction": null, "rnp": 1.0, "path_termination": "IF", "recommanded_navaid": null, "recommanded_navaid_latitude": null, "recommanded_navaid_longitude": null, "arc_radius": null, "theta": null, "rho": null, "magnetic_course": null, "route_distance_holding_distance_time": null, "distance_time": null, "altitude_description": "-", "altitude1": 8000.0, "altitude2": null, "transition_altitude": null, "speed_limit_description": null, "speed_limit": null, "vertical_angle": null, "center_waypoint": null, "center_waypoint_latitude": null, "center_waypoint_longitude": null, "aircraft_category": null}, "geometry": {"type": "MultiPoint", "coordinates": [[103.29307778, 17.32081389]]}}, {"type": "Feature", "properties": {"fid": 4589, "area_code": "PAC", "airport_identifier": "VTUD", "procedure_identifier": "GULN1C", "route_type": "5", "transition_identifier": "RW30", "seqno": 20, "waypoint_icao_code": "VT", "waypoint_identifier": "LATUR", "waypoint_latitude": 17.25419167, "waypoint_longitude": 103.0577, "waypoint_description_code": "E", "turn_direction": null, "rnp": 1.0, "path_termination": "TF", "recommanded_navaid": null, "recommanded_navaid_latitude": null, "recommanded_navaid_longitude": null, "arc_radius": null, "theta": null, "rho": null, "magnetic_course": null, "route_distance_holding_distance_time": null, "distance_time": null, "altitude_description": "-", "altitude1": 5000.0, "altitude2": null, "transition_altitude": null, "speed_limit_description": "-", "speed_limit": 230.0, "vertical_angle": null, "center_waypoint": null, "center_waypoint_latitude": null, "center_waypoint_longitude": null, "aircraft_category": null}, "geometry": {"type": "MultiPoint", "coordinates": [[103.0577, 17.25419167]]}}, {"type": "Feature", "properties": {"fid": 4590, "area_code": "PAC", "airport_identifier": "VTUD", "procedure_identifier": "GULN1C", "route_type": "5", "transition_identifier": "RW30", "seqno": 30, "waypoint_icao_code": "VT", "waypoint_identifier": "MUNUR", "waypoint_latitude": 17.29229444, "waypoint_longitude": 102.98016667, "waypoint_description_code": "E", "turn_direction": null, "rnp": 1.0, "path_termination": "TF", "recommanded_navaid": null, "recommanded_navaid_latitude": null, "recommanded_navaid_longitude": null, "arc_radius": null, "theta": null, "rho": null, "magnetic_course": null, "route_distance_holding_distance_time": null, "distance_time": null, "altitude_description": "+", "altitude1": 3500.0, "altitude2": null, "transition_altitude": null, "speed_limit_description": "-", "speed_limit": 230.0, "vertical_angle": null, "center_waypoint": null, "center_waypoint_latitude": null, "center_waypoint_longitude": null, "aircraft_category": null}, "geometry": {"type": "MultiPoint", "coordinates": [[102.98016667, 17.29229444]]}}, {"type": "Feature", "properties": {"fid": 4592, "area_code": "PAC", "airport_identifier": "VTUD", "procedure_identifier": "POVE1A", "route_type": "5", "transition_identifier": "RW12", "seqno": 10, "waypoint_icao_code": "VT", "waypoint_identifier": "POVEX", "waypoint_latitude": 16.984775, "waypoint_longitude": 103.09157222, "waypoint_description_code": "E", "turn_direction": null, "rnp": 1.0, "path_termination": "IF", "recommanded_navaid": null, "recommanded_navaid_latitude": null, "recommanded_navaid_longitude": null, "arc_radius": null, "theta": null, "rho": null, "magnetic_course": null, "route_distance_holding_distance_time": null, "distance_time": null, "altitude_description": "+", "altitude1": 11000.0, "altitude2": null, "transition_altitude": null, "speed_limit_description": null, "speed_limit": null, "vertical_angle": null, "center_waypoint": null, "center_waypoint_latitude": null, "center_waypoint_longitude": null, "aircraft_category": null}, "geometry": {"type": "MultiPoint", "coordinates": [[103.09157222, 16.984775]]}}, {"type": "Feature", "properties": {"fid": 4593, "area_code": "PAC", "airport_identifier": "VTUD", "procedure_identifier": "POVE1A", "route_type": "5", "transition_identifier": "RW12", "seqno": 20, "waypoint_icao_code": "VT", "waypoint_identifier": "UD126", "waypoint_latitude": 17.17144444, "waypoint_longitude": 102.87865556, "waypoint_description_code": "E", "turn_direction": null, "rnp": 1.0, "path_termination": "TF", "recommanded_navaid": null, "recommanded_navaid_latitude": null, "recommanded_navaid_longitude": null, "arc_radius": null, "theta": null, "rho": null, "magnetic_course": null, "route_distance_holding_distance_time": null, "distance_time": null, "altitude_description": "+", "altitude1": 11000.0, "altitude2": null, "transition_altitude": null, "speed_limit_description": null, "speed_limit": null, "vertical_angle": null, "center_waypoint": null, "center_waypoint_latitude": null, "center_waypoint_longitude": null, "aircraft_category": null}, "geometry": {"type": "MultiPoint", "coordinates": [[102.87865556, 17.17144444]]}}, {"type": "Feature", "properties": {"fid": 4594, "area_code": "PAC", "airport_identifier": "VTUD", "procedure_identifier": "POVE1A", "route_type": "5", "transition_identifier": "RW12", "seqno": 30, "waypoint_icao_code": "VT", "waypoint_identifier": "BEGOL", "waypoint_latitude": 17.26056944, "waypoint_longitude": 102.77675556, "waypoint_description_code": "E", "turn_direction": null, "rnp": 1.0, "path_termination": "TF", "recommanded_navaid": null, "recommanded_navaid_latitude": null, "recommanded_navaid_longitude": null, "arc_radius": null, "theta": null, "rho": null, "magnetic_course": null, "route_distance_holding_distance_time": null, "distance_time": null, "altitude_description": "+", "altitude1": 10000.0, "altitude2": null, "transition_altitude": null, "speed_limit_description": null, "speed_limit": null, "vertical_angle": null, "center_waypoint": null, "center_waypoint_latitude": null, "center_waypoint_longitude": null, "aircraft_category": null}, "geometry": {"type": "MultiPoint", "coordinates": [[102.77675556, 17.26056944]]}}, {"type": "Feature", "properties": {"fid": 4595, "area_code": "PAC", "airport_identifier": "VTUD", "procedure_identifier": "POVE1A", "route_type": "5", "transition_identifier": "RW12", "seqno": 40, "waypoint_icao_code": "VT", "waypoint_identifier": "RIRMI", "waypoint_latitude": 17.38544444, "waypoint_longitude": 102.52143056, "waypoint_description_code": "E", "turn_direction": null, "rnp": 1.0, "path_termination": "TF", "recommanded_navaid": null, "recommanded_navaid_latitude": null, "recommanded_navaid_longitude": null, "arc_radius": null, "theta": null, "rho": null, "magnetic_course": null, "route_distance_holding_distance_time": null, "distance_time": null, "altitude_description": "-", "altitude1": 5000.0, "altitude2": null, "transition_altitude": null, "speed_limit_description": "-", "speed_limit": 230.0, "vertical_angle": null, "center_waypoint": null, "center_waypoint_latitude": null, "center_waypoint_longitude": null, "aircraft_category": null}, "geometry": {"type": "MultiPoint", "coordinates": [[102.52143056, 17.38544444]]}}, {"type": "Feature", "properties": {"fid": 4596, "area_code": "PAC", "airport_identifier": "VTUD", "procedure_identifier": "POVE1A", "route_type": "5", "transition_identifier": "RW12", "seqno": 50, "waypoint_icao_code": "VT", "waypoint_identifier": "TELUG", "waypoint_latitude": 17.48986111, "waypoint_longitude": 102.57673889, "waypoint_description_code": "E", "turn_direction": null, "rnp": 1.0, "path_termination": "TF", "recommanded_navaid": null, "recommanded_navaid_latitude": null, "recommanded_navaid_longitude": null, "arc_radius": null, "theta": null, "rho": null, "magnetic_course": null, "route_distance_holding_distance_time": null, "distance_time": null, "altitude_description": "+", "altitude1": 3500.0, "altitude2": null, "transition_altitude": null, "speed_limit_description": "-", "speed_limit": 230.0, "vertical_angle": null, "center_waypoint": null, "center_waypoint_latitude": null, "center_waypoint_longitude": null, "aircraft_category": null}, "geometry": {"type": "MultiPoint", "coordinates": [[102.57673889, 17.48986111]]}}, {"type": "Feature", "properties": {"fid": 4598, "area_code": "PAC", "airport_identifier": "VTUD", "procedure_identifier": "MUGN1C", "route_type": "5", "transition_identifier": "RW30", "seqno": 10, "waypoint_icao_code": "VT", "waypoint_identifier": "MUGNO", "waypoint_latitude": 17.85199167, "waypoint_longitude": 102.96483056, "waypoint_description_code": "E", "turn_direction": null, "rnp": 1.0, "path_termination": "IF", "recommanded_navaid": null, "recommanded_navaid_latitude": null, "recommanded_navaid_longitude": null, "arc_radius": null, "theta": null, "rho": null, "magnetic_course": null, "route_distance_holding_distance_time": null, "distance_time": null, "altitude_description": "+", "altitude1": 11000.0, "altitude2": null, "transition_altitude": null, "speed_limit_description": null, "speed_limit": null, "vertical_angle": null, "center_waypoint": null, "center_waypoint_latitude": null, "center_waypoint_longitude": null, "aircraft_category": null}, "geometry": {"type": "MultiPoint", "coordinates": [[102.96483056, 17.85199167]]}}, {"type": "Feature", "properties": {"fid": 4599, "area_code": "PAC", "airport_identifier": "VTUD", "procedure_identifier": "MUGN1C", "route_type": "5", "transition_identifier": "RW30", "seqno": 20, "waypoint_icao_code": "VT", "waypoint_identifier": "SAPUR", "waypoint_latitude": 17.50084722, "waypoint_longitude": 103.091325, "waypoint_description_code": "E", "turn_direction": null, "rnp": 1.0, "path_termination": "TF", "recommanded_navaid": null, "recommanded_navaid_latitude": null, "recommanded_navaid_longitude": null, "arc_radius": null, "theta": null, "rho": null, "magnetic_course": null, "route_distance_holding_distance_time": null, "distance_time": null, "altitude_description": "-", "altitude1": 7000.0, "altitude2": null, "transition_altitude": null, "speed_limit_description": null, "speed_limit": null, "vertical_angle": null, "center_waypoint": null, "center_waypoint_latitude": null, "center_waypoint_longitude": null, "aircraft_category": null}, "geometry": {"type": "MultiPoint", "coordinates": [[103.091325, 17.50084722]]}}, {"type": "Feature", "properties": {"fid": 4600, "area_code": "PAC", "airport_identifier": "VTUD", "procedure_identifier": "MUGN1C", "route_type": "5", "transition_identifier": "RW30", "seqno": 30, "waypoint_icao_code": "VT", "waypoint_identifier": "ALDES", "waypoint_latitude": 17.39658333, "waypoint_longitude": 103.03570833, "waypoint_description_code": "E", "turn_direction": null, "rnp": 1.0, "path_termination": "TF", "recommanded_navaid": null, "recommanded_navaid_latitude": null, "recommanded_navaid_longitude": null, "arc_radius": null, "theta": null, "rho": null, "magnetic_course": null, "route_distance_holding_distance_time": null, "distance_time": null, "altitude_description": "-", "altitude1": 5000.0, "altitude2": null, "transition_altitude": null, "speed_limit_description": "-", "speed_limit": 230.0, "vertical_angle": null, "center_waypoint": null, "center_waypoint_latitude": null, "center_waypoint_longitude": null, "aircraft_category": null}, "geometry": {"type": "MultiPoint", "coordinates": [[103.03570833, 17.39658333]]}}, {"type": "Feature", "properties": {"fid": 4601, "area_code": "PAC", "airport_identifier": "VTUD", "procedure_identifier": "MUGN1C", "route_type": "5", "transition_identifier": "RW30", "seqno": 40, "waypoint_icao_code": "VT", "waypoint_identifier": "MUNUR", "waypoint_latitude": 17.29229444, "waypoint_longitude": 102.98016667, "waypoint_description_code": "E", "turn_direction": null, "rnp": 1.0, "path_termination": "TF", "recommanded_navaid": null, "recommanded_navaid_latitude": null, "recommanded_navaid_longitude": null, "arc_radius": null, "theta": null, "rho": null, "magnetic_course": null, "route_distance_holding_distance_time": null, "distance_time": null, "altitude_description": "+", "altitude1": 3500.0, "altitude2": null, "transition_altitude": null, "speed_limit_description": "-", "speed_limit": 230.0, "vertical_angle": null, "center_waypoint": null, "center_waypoint_latitude": null, "center_waypoint_longitude": null, "aircraft_category": null}, "geometry": {"type": "MultiPoint", "coordinates": [[102.98016667, 17.29229444]]}}, {"type": "Feature", "properties": {"fid": 4603, "area_code": "PAC", "airport_identifier": "VTUD", "procedure_identifier": "POVE1C", "route_type": "5", "transition_identifier": "RW30", "seqno": 10, "waypoint_icao_code": "VT", "waypoint_identifier": "POVEX", "waypoint_latitude": 16.984775, "waypoint_longitude": 103.09157222, "waypoint_description_code": "E", "turn_direction": null, "rnp": 1.0, "path_termination": "IF", "recommanded_navaid": null, "recommanded_navaid_latitude": null, "recommanded_navaid_longitude": null, "arc_radius": null, "theta": null, "rho": null, "magnetic_course": null, "route_distance_holding_distance_time": null, "distance_time": null, "altitude_description": "-", "altitude1": 10000.0, "altitude2": null, "transition_altitude": null, "speed_limit_description": null, "speed_limit": null, "vertical_angle": null, "center_waypoint": null, "center_waypoint_latitude": null, "center_waypoint_longitude": null, "aircraft_category": null}, "geometry": {"type": "MultiPoint", "coordinates": [[103.09157222, 16.984775]]}}, {"type": "Feature", "properties": {"fid": 4604, "area_code": "PAC", "airport_identifier": "VTUD", "procedure_identifier": "POVE1C", "route_type": "5", "transition_identifier": "RW30", "seqno": 20, "waypoint_icao_code": "VT", "waypoint_identifier": "LATUR", "waypoint_latitude": 17.25419167, "waypoint_longitude": 103.0577, "waypoint_description_code": "E", "turn_direction": null, "rnp": 1.0, "path_termination": "TF", "recommanded_navaid": null, "recommanded_navaid_latitude": null, "recommanded_navaid_longitude": null, "arc_radius": null, "theta": null, "rho": null, "magnetic_course": null, "route_distance_holding_distance_time": null, "distance_time": null, "altitude_description": "-", "altitude1": 5000.0, "altitude2": null, "transition_altitude": null, "speed_limit_description": "-", "speed_limit": 230.0, "vertical_angle": null, "center_waypoint": null, "center_waypoint_latitude": null, "center_waypoint_longitude": null, "aircraft_category": null}, "geometry": {"type": "MultiPoint", "coordinates": [[103.0577, 17.25419167]]}}, {"type": "Feature", "properties": {"fid": 4605, "area_code": "PAC", "airport_identifier": "VTUD", "procedure_identifier": "POVE1C", "route_type": "5", "transition_identifier": "RW30", "seqno": 30, "waypoint_icao_code": "VT", "waypoint_identifier": "MUNUR", "waypoint_latitude": 17.29229444, "waypoint_longitude": 102.98016667, "waypoint_description_code": "E", "turn_direction": null, "rnp": 1.0, "path_termination": "TF", "recommanded_navaid": null, "recommanded_navaid_latitude": null, "recommanded_navaid_longitude": null, "arc_radius": null, "theta": null, "rho": null, "magnetic_course": null, "route_distance_holding_distance_time": null, "distance_time": null, "altitude_description": "+", "altitude1": 3500.0, "altitude2": null, "transition_altitude": null, "speed_limit_description": "-", "speed_limit": 230.0, "vertical_angle": null, "center_waypoint": null, "center_waypoint_latitude": null, "center_waypoint_longitude": null, "aircraft_category": null}, "geometry": {"type": "MultiPoint", "coordinates": [[102.98016667, 17.29229444]]}}, {"type": "Feature", "properties": {"fid": 4607, "area_code": "PAC", "airport_identifier": "VTSB", "procedure_identifier": "ADLA1B", "route_type": "5", "transition_identifier": "RW04", "seqno": 10, "waypoint_icao_code": "VT", "waypoint_identifier": "ADLAL", "waypoint_latitude": 9.30277778, "waypoint_longitude": 99.51846111, "waypoint_description_code": "E", "turn_direction": null, "rnp": null, "path_termination": "IF", "recommanded_navaid": null, "recommanded_navaid_latitude": null, "recommanded_navaid_longitude": null, "arc_radius": null, "theta": null, "rho": null, "magnetic_course": null, "route_distance_holding_distance_time": null, "distance_time": null, "altitude_description": "+", "altitude1": 11000.0, "altitude2": null, "transition_altitude": null, "speed_limit_description": null, "speed_limit": null, "vertical_angle": null, "center_waypoint": null, "center_waypoint_latitude": null, "center_waypoint_longitude": null, "aircraft_category": null}, "geometry": {"type": "MultiPoint", "coordinates": [[99.51846111, 9.30277778]]}}, {"type": "Feature", "properties": {"fid": 4608, "area_code": "PAC", "airport_identifier": "VTSB", "procedure_identifier": "ADLA1B", "route_type": "5", "transition_identifier": "RW04", "seqno": 20, "waypoint_icao_code": "VT", "waypoint_identifier": "SB410", "waypoint_latitude": 9.01689167, "waypoint_longitude": 99.20251944, "waypoint_description_code": "E", "turn_direction": null, "rnp": null, "path_termination": "TF", "recommanded_navaid": null, "recommanded_navaid_latitude": null, "recommanded_navaid_longitude": null, "arc_radius": null, "theta": null, "rho": null, "magnetic_course": null, "route_distance_holding_distance_time": null, "distance_time": null, "altitude_description": "+", "altitude1": 8000.0, "altitude2": null, "transition_altitude": null, "speed_limit_description": null, "speed_limit": null, "vertical_angle": null, "center_waypoint": null, "center_waypoint_latitude": null, "center_waypoint_longitude": null, "aircraft_category": null}, "geometry": {"type": "MultiPoint", "coordinates": [[99.20251944, 9.01689167]]}}, {"type": "Feature", "properties": {"fid": 4609, "area_code": "PAC", "airport_identifier": "VTSB", "procedure_identifier": "ADLA1B", "route_type": "5", "transition_identifier": "RW04", "seqno": 30, "waypoint_icao_code": "VT", "waypoint_identifier": "VELRA", "waypoint_latitude": 8.89278056, "waypoint_longitude": 99.06563889, "waypoint_description_code": "E", "turn_direction": null, "rnp": null, "path_termination": "TF", "recommanded_navaid": null, "recommanded_navaid_latitude": null, "recommanded_navaid_longitude": null, "arc_radius": null, "theta": null, "rho": null, "magnetic_course": null, "route_distance_holding_distance_time": null, "distance_time": null, "altitude_description": "-", "altitude1": 5000.0, "altitude2": null, "transition_altitude": null, "speed_limit_description": "-", "speed_limit": 230.0, "vertical_angle": null, "center_waypoint": null, "center_waypoint_latitude": null, "center_waypoint_longitude": null, "aircraft_category": null}, "geometry": {"type": "MultiPoint", "coordinates": [[99.06563889, 8.89278056]]}}, {"type": "Feature", "properties": {"fid": 4610, "area_code": "PAC", "airport_identifier": "VTSB", "procedure_identifier": "ADLA1B", "route_type": "5", "transition_identifier": "RW04", "seqno": 40, "waypoint_icao_code": "VT", "waypoint_identifier": "METIN", "waypoint_latitude": 8.97443333, "waypoint_longitude": 98.98106944, "waypoint_description_code": "E", "turn_direction": null, "rnp": null, "path_termination": "TF", "recommanded_navaid": null, "recommanded_navaid_latitude": null, "recommanded_navaid_longitude": null, "arc_radius": null, "theta": null, "rho": null, "magnetic_course": null, "route_distance_holding_distance_time": null, "distance_time": null, "altitude_description": "+", "altitude1": 3200.0, "altitude2": null, "transition_altitude": null, "speed_limit_description": "-", "speed_limit": 210.0, "vertical_angle": null, "center_waypoint": null, "center_waypoint_latitude": null, "center_waypoint_longitude": null, "aircraft_category": null}, "geometry": {"type": "MultiPoint", "coordinates": [[98.98106944, 8.97443333]]}}, {"type": "Feature", "properties": {"fid": 4612, "area_code": "PAC", "airport_identifier": "VTSP", "procedure_identifier": "MONB1C", "route_type": "5", "transition_identifier": "RW09", "seqno": 10, "waypoint_icao_code": "VT", "waypoint_identifier": "MONBU", "waypoint_latitude": 8.44976389, "waypoint_longitude": 98.68233611, "waypoint_description_code": "E", "turn_direction": null, "rnp": null, "path_termination": "IF", "recommanded_navaid": null, "recommanded_navaid_latitude": null, "recommanded_navaid_longitude": null, "arc_radius": null, "theta": null, "rho": null, "magnetic_course": null, "route_distance_holding_distance_time": null, "distance_time": null, "altitude_description": "-", "altitude1": 10000.0, "altitude2": null, "transition_altitude": null, "speed_limit_description": null, "speed_limit": null, "vertical_angle": null, "center_waypoint": null, "center_waypoint_latitude": null, "center_waypoint_longitude": null, "aircraft_category": null}, "geometry": {"type": "MultiPoint", "coordinates": [[98.68233611, 8.44976389]]}}, {"type": "Feature", "properties": {"fid": 4613, "area_code": "PAC", "airport_identifier": "VTSP", "procedure_identifier": "MONB1C", "route_type": "5", "transition_identifier": "RW09", "seqno": 20, "waypoint_icao_code": "VT", "waypoint_identifier": "MILAN", "waypoint_latitude": 8.197775, "waypoint_longitude": 98.09243056, "waypoint_description_code": "E", "turn_direction": null, "rnp": null, "path_termination": "TF", "recommanded_navaid": null, "recommanded_navaid_latitude": null, "recommanded_navaid_longitude": null, "arc_radius": null, "theta": null, "rho": null, "magnetic_course": null, "route_distance_holding_distance_time": null, "distance_time": null, "altitude_description": null, "altitude1": null, "altitude2": null, "transition_altitude": null, "speed_limit_description": null, "speed_limit": null, "vertical_angle": null, "center_waypoint": null, "center_waypoint_latitude": null, "center_waypoint_longitude": null, "aircraft_category": null}, "geometry": {"type": "MultiPoint", "coordinates": [[98.09243056, 8.197775]]}}, {"type": "Feature", "properties": {"fid": 4614, "area_code": "PAC", "airport_identifier": "VTSP", "procedure_identifier": "MONB1C", "route_type": "5", "transition_identifier": "RW09", "seqno": 30, "waypoint_icao_code": "VT", "waypoint_identifier": "SP702", "waypoint_latitude": 8.18511944, "waypoint_longitude": 98.00933889, "waypoint_description_code": "E", "turn_direction": null, "rnp": null, "path_termination": "TF", "recommanded_navaid": null, "recommanded_navaid_latitude": null, "recommanded_navaid_longitude": null, "arc_radius": null, "theta": null, "rho": null, "magnetic_course": null, "route_distance_holding_distance_time": null, "distance_time": null, "altitude_description": "+", "altitude1": 4000.0, "altitude2": null, "transition_altitude": null, "speed_limit_description": "-", "speed_limit": 230.0, "vertical_angle": null, "center_waypoint": null, "center_waypoint_latitude": null, "center_waypoint_longitude": null, "aircraft_category": null}, "geometry": {"type": "MultiPoint", "coordinates": [[98.00933889, 8.18511944]]}}, {"type": "Feature", "properties": {"fid": 4615, "area_code": "PAC", "airport_identifier": "VTSP", "procedure_identifier": "MONB1C", "route_type": "5", "transition_identifier": "RW09", "seqno": 40, "waypoint_icao_code": "VT", "waypoint_identifier": "KALIM", "waypoint_latitude": 8.08507222, "waypoint_longitude": 98.01889444, "waypoint_description_code": "E", "turn_direction": null, "rnp": null, "path_termination": "TF", "recommanded_navaid": null, "recommanded_navaid_latitude": null, "recommanded_navaid_longitude": null, "arc_radius": null, "theta": null, "rho": null, "magnetic_course": null, "route_distance_holding_distance_time": null, "distance_time": null, "altitude_description": "+", "altitude1": 4000.0, "altitude2": null, "transition_altitude": null, "speed_limit_description": "-", "speed_limit": 200.0, "vertical_angle": null, "center_waypoint": null, "center_waypoint_latitude": null, "center_waypoint_longitude": null, "aircraft_category": null}, "geometry": {"type": "MultiPoint", "coordinates": [[98.01889444, 8.08507222]]}}, {"type": "Feature", "properties": {"fid": 4617, "area_code": "PAC", "airport_identifier": "VTSP", "procedure_identifier": "EMRI1D", "route_type": "5", "transition_identifier": "RW27", "seqno": 10, "waypoint_icao_code": "VT", "waypoint_identifier": "EMRIT", "waypoint_latitude": 8.10584722, "waypoint_longitude": 98.81122778, "waypoint_description_code": "E", "turn_direction": null, "rnp": null, "path_termination": "IF", "recommanded_navaid": null, "recommanded_navaid_latitude": null, "recommanded_navaid_longitude": null, "arc_radius": null, "theta": null, "rho": null, "magnetic_course": null, "route_distance_holding_distance_time": null, "distance_time": null, "altitude_description": "-", "altitude1": 10000.0, "altitude2": null, "transition_altitude": null, "speed_limit_description": null, "speed_limit": null, "vertical_angle": null, "center_waypoint": null, "center_waypoint_latitude": null, "center_waypoint_longitude": null, "aircraft_category": null}, "geometry": {"type": "MultiPoint", "coordinates": [[98.81122778, 8.10584722]]}}, {"type": "Feature", "properties": {"fid": 4618, "area_code": "PAC", "airport_identifier": "VTSP", "procedure_identifier": "EMRI1D", "route_type": "5", "transition_identifier": "RW27", "seqno": 20, "waypoint_icao_code": "VT", "waypoint_identifier": "SP112", "waypoint_latitude": 8.14363056, "waypoint_longitude": 98.64130278, "waypoint_description_code": "E", "turn_direction": null, "rnp": null, "path_termination": "TF", "recommanded_navaid": null, "recommanded_navaid_latitude": null, "recommanded_navaid_longitude": null, "arc_radius": null, "theta": null, "rho": null, "magnetic_course": null, "route_distance_holding_distance_time": null, "distance_time": null, "altitude_description": "+", "altitude1": 5000.0, "altitude2": null, "transition_altitude": null, "speed_limit_description": "-", "speed_limit": 220.0, "vertical_angle": null, "center_waypoint": null, "center_waypoint_latitude": null, "center_waypoint_longitude": null, "aircraft_category": null}, "geometry": {"type": "MultiPoint", "coordinates": [[98.64130278, 8.14363056]]}}, {"type": "Feature", "properties": {"fid": 4619, "area_code": "PAC", "airport_identifier": "VTSP", "procedure_identifier": "EMRI1D", "route_type": "5", "transition_identifier": "RW27", "seqno": 30, "waypoint_icao_code": "VT", "waypoint_identifier": "BARON", "waypoint_latitude": 8.13581667, "waypoint_longitude": 98.55760833, "waypoint_description_code": "E", "turn_direction": null, "rnp": null, "path_termination": "TF", "recommanded_navaid": null, "recommanded_navaid_latitude": null, "recommanded_navaid_longitude": null, "arc_radius": null, "theta": null, "rho": null, "magnetic_course": null, "route_distance_holding_distance_time": null, "distance_time": null, "altitude_description": "+", "altitude1": 3000.0, "altitude2": null, "transition_altitude": null, "speed_limit_description": "-", "speed_limit": 200.0, "vertical_angle": null, "center_waypoint": null, "center_waypoint_latitude": null, "center_waypoint_longitude": null, "aircraft_category": null}, "geometry": {"type": "MultiPoint", "coordinates": [[98.55760833, 8.13581667]]}}, {"type": "Feature", "properties": {"fid": 4620, "area_code": "PAC", "airport_identifier": "VTSP", "procedure_identifier": "EMRI1D", "route_type": "5", "transition_identifier": "RW27", "seqno": 40, "waypoint_icao_code": "VT", "waypoint_identifier": "CI27", "waypoint_latitude": 8.12719722, "waypoint_longitude": 98.50665556, "waypoint_description_code": "E", "turn_direction": null, "rnp": null, "path_termination": "TF", "recommanded_navaid": null, "recommanded_navaid_latitude": null, "recommanded_navaid_longitude": null, "arc_radius": null, "theta": null, "rho": null, "magnetic_course": null, "route_distance_holding_distance_time": null, "distance_time": null, "altitude_description": null, "altitude1": null, "altitude2": null, "transition_altitude": null, "speed_limit_description": null, "speed_limit": null, "vertical_angle": null, "center_waypoint": null, "center_waypoint_latitude": null, "center_waypoint_longitude": null, "aircraft_category": null}, "geometry": {"type": "MultiPoint", "coordinates": [[98.50665556, 8.12719722]]}}, {"type": "Feature", "properties": {"fid": 4622, "area_code": "PAC", "airport_identifier": "VTSP", "procedure_identifier": "UBNE1D", "route_type": "5", "transition_identifier": "RW27", "seqno": 10, "waypoint_icao_code": "VT", "waypoint_identifier": "UBNEN", "waypoint_latitude": 8.08893611, "waypoint_longitude": 97.80338611, "waypoint_description_code": "E", "turn_direction": null, "rnp": null, "path_termination": "IF", "recommanded_navaid": null, "recommanded_navaid_latitude": null, "recommanded_navaid_longitude": null, "arc_radius": null, "theta": null, "rho": null, "magnetic_course": null, "route_distance_holding_distance_time": null, "distance_time": null, "altitude_description": "-", "altitude1": 11000.0, "altitude2": null, "transition_altitude": null, "speed_limit_description": null, "speed_limit": null, "vertical_angle": null, "center_waypoint": null, "center_waypoint_latitude": null, "center_waypoint_longitude": null, "aircraft_category": null}, "geometry": {"type": "MultiPoint", "coordinates": [[97.80338611, 8.08893611]]}}, {"type": "Feature", "properties": {"fid": 4623, "area_code": "PAC", "airport_identifier": "VTSP", "procedure_identifier": "UBNE1D", "route_type": "5", "transition_identifier": "RW27", "seqno": 20, "waypoint_icao_code": "VT", "waypoint_identifier": "SP102", "waypoint_latitude": 8.18789444, "waypoint_longitude": 98.03844722, "waypoint_description_code": "E", "turn_direction": null, "rnp": null, "path_termination": "TF", "recommanded_navaid": null, "recommanded_navaid_latitude": null, "recommanded_navaid_longitude": null, "arc_radius": null, "theta": null, "rho": null, "magnetic_course": null, "route_distance_holding_distance_time": null, "distance_time": null, "altitude_description": "+", "altitude1": 7000.0, "altitude2": null, "transition_altitude": null, "speed_limit_description": null, "speed_limit": null, "vertical_angle": null, "center_waypoint": null, "center_waypoint_latitude": null, "center_waypoint_longitude": null, "aircraft_category": null}, "geometry": {"type": "MultiPoint", "coordinates": [[98.03844722, 8.18789444]]}}, {"type": "Feature", "properties": {"fid": 4624, "area_code": "PAC", "airport_identifier": "VTSP", "procedure_identifier": "UBNE1D", "route_type": "5", "transition_identifier": "RW27", "seqno": 30, "waypoint_icao_code": "VT", "waypoint_identifier": "SP101", "waypoint_latitude": 8.21748056, "waypoint_longitude": 98.35188056, "waypoint_description_code": "E", "turn_direction": null, "rnp": null, "path_termination": "TF", "recommanded_navaid": null, "recommanded_navaid_latitude": null, "recommanded_navaid_longitude": null, "arc_radius": null, "theta": null, "rho": null, "magnetic_course": null, "route_distance_holding_distance_time": null, "distance_time": null, "altitude_description": "+", "altitude1": 7000.0, "altitude2": null, "transition_altitude": null, "speed_limit_description": null, "speed_limit": null, "vertical_angle": null, "center_waypoint": null, "center_waypoint_latitude": null, "center_waypoint_longitude": null, "aircraft_category": null}, "geometry": {"type": "MultiPoint", "coordinates": [[98.35188056, 8.21748056]]}}, {"type": "Feature", "properties": {"fid": 4625, "area_code": "PAC", "airport_identifier": "VTSP", "procedure_identifier": "UBNE1D", "route_type": "5", "transition_identifier": "RW27", "seqno": 40, "waypoint_icao_code": "VT", "waypoint_identifier": "CIDER", "waypoint_latitude": 8.23588611, "waypoint_longitude": 98.54818333, "waypoint_description_code": "E", "turn_direction": null, "rnp": null, "path_termination": "TF", "recommanded_navaid": null, "recommanded_navaid_latitude": null, "recommanded_navaid_longitude": null, "arc_radius": null, "theta": null, "rho": null, "magnetic_course": null, "route_distance_holding_distance_time": null, "distance_time": null, "altitude_description": "+", "altitude1": 5000.0, "altitude2": null, "transition_altitude": null, "speed_limit_description": "-", "speed_limit": 230.0, "vertical_angle": null, "center_waypoint": null, "center_waypoint_latitude": null, "center_waypoint_longitude": null, "aircraft_category": null}, "geometry": {"type": "MultiPoint", "coordinates": [[98.54818333, 8.23588611]]}}, {"type": "Feature", "properties": {"fid": 4626, "area_code": "PAC", "airport_identifier": "VTSP", "procedure_identifier": "UBNE1D", "route_type": "5", "transition_identifier": "RW27", "seqno": 50, "waypoint_icao_code": "VT", "waypoint_identifier": "BARON", "waypoint_latitude": 8.13581667, "waypoint_longitude": 98.55760833, "waypoint_description_code": "E", "turn_direction": null, "rnp": null, "path_termination": "TF", "recommanded_navaid": null, "recommanded_navaid_latitude": null, "recommanded_navaid_longitude": null, "arc_radius": null, "theta": null, "rho": null, "magnetic_course": null, "route_distance_holding_distance_time": null, "distance_time": null, "altitude_description": "+", "altitude1": 3000.0, "altitude2": null, "transition_altitude": null, "speed_limit_description": "-", "speed_limit": 200.0, "vertical_angle": null, "center_waypoint": null, "center_waypoint_latitude": null, "center_waypoint_longitude": null, "aircraft_category": null}, "geometry": {"type": "MultiPoint", "coordinates": [[98.55760833, 8.13581667]]}}, {"type": "Feature", "properties": {"fid": 4627, "area_code": "PAC", "airport_identifier": "VTSP", "procedure_identifier": "UBNE1D", "route_type": "5", "transition_identifier": "RW27", "seqno": 60, "waypoint_icao_code": "VT", "waypoint_identifier": "CI27", "waypoint_latitude": 8.12719722, "waypoint_longitude": 98.50665556, "waypoint_description_code": "E", "turn_direction": null, "rnp": null, "path_termination": "TF", "recommanded_navaid": null, "recommanded_navaid_latitude": null, "recommanded_navaid_longitude": null, "arc_radius": null, "theta": null, "rho": null, "magnetic_course": null, "route_distance_holding_distance_time": null, "distance_time": null, "altitude_description": null, "altitude1": null, "altitude2": null, "transition_altitude": null, "speed_limit_description": null, "speed_limit": null, "vertical_angle": null, "center_waypoint": null, "center_waypoint_latitude": null, "center_waypoint_longitude": null, "aircraft_category": null}, "geometry": {"type": "MultiPoint", "coordinates": [[98.50665556, 8.12719722]]}}, {"type": "Feature", "properties": {"fid": 4629, "area_code": "PAC", "airport_identifier": "VTCL", "procedure_identifier": "OMDI1A", "route_type": "5", "transition_identifier": "RW36", "seqno": 10, "waypoint_icao_code": "VT", "waypoint_identifier": "OMDIL", "waypoint_latitude": 18.18521111, "waypoint_longitude": 99.92950833, "waypoint_description_code": "E", "turn_direction": null, "rnp": 1.0, "path_termination": "IF", "recommanded_navaid": null, "recommanded_navaid_latitude": null, "recommanded_navaid_longitude": null, "arc_radius": null, "theta": null, "rho": null, "magnetic_course": null, "route_distance_holding_distance_time": null, "distance_time": null, "altitude_description": "@", "altitude1": 7000.0, "altitude2": null, "transition_altitude": null, "speed_limit_description": null, "speed_limit": null, "vertical_angle": null, "center_waypoint": null, "center_waypoint_latitude": null, "center_waypoint_longitude": null, "aircraft_category": null}, "geometry": {"type": "MultiPoint", "coordinates": [[99.92950833, 18.18521111]]}}, {"type": "Feature", "properties": {"fid": 4630, "area_code": "PAC", "airport_identifier": "VTCL", "procedure_identifier": "OMDI1A", "route_type": "5", "transition_identifier": "RW36", "seqno": 20, "waypoint_icao_code": "VT", "waypoint_identifier": "TENEX", "waypoint_latitude": 18.20741389, "waypoint_longitude": 99.82623889, "waypoint_description_code": "E", "turn_direction": null, "rnp": 1.0, "path_termination": "TF", "recommanded_navaid": null, "recommanded_navaid_latitude": null, "recommanded_navaid_longitude": null, "arc_radius": null, "theta": null, "rho": null, "magnetic_course": null, "route_distance_holding_distance_time": null, "distance_time": null, "altitude_description": "+", "altitude1": 6000.0, "altitude2": null, "transition_altitude": null, "speed_limit_description": null, "speed_limit": null, "vertical_angle": null, "center_waypoint": null, "center_waypoint_latitude": null, "center_waypoint_longitude": null, "aircraft_category": null}, "geometry": {"type": "MultiPoint", "coordinates": [[99.82623889, 18.20741389]]}}, {"type": "Feature", "properties": {"fid": 4631, "area_code": "PAC", "airport_identifier": "VTCL", "procedure_identifier": "OMDI1A", "route_type": "5", "transition_identifier": "RW36", "seqno": 30, "waypoint_icao_code": "VT", "waypoint_identifier": "IGNUM", "waypoint_latitude": 18.00539444, "waypoint_longitude": 99.64553611, "waypoint_description_code": "E", "turn_direction": null, "rnp": 1.0, "path_termination": "TF", "recommanded_navaid": null, "recommanded_navaid_latitude": null, "recommanded_navaid_longitude": null, "arc_radius": null, "theta": null, "rho": null, "magnetic_course": null, "route_distance_holding_distance_time": null, "distance_time": null, "altitude_description": "+", "altitude1": 6000.0, "altitude2": null, "transition_altitude": null, "speed_limit_description": "-", "speed_limit": 230.0, "vertical_angle": null, "center_waypoint": null, "center_waypoint_latitude": null, "center_waypoint_longitude": null, "aircraft_category": null}, "geometry": {"type": "MultiPoint", "coordinates": [[99.64553611, 18.00539444]]}}, {"type": "Feature", "properties": {"fid": 4632, "area_code": "PAC", "airport_identifier": "VTCL", "procedure_identifier": "OMDI1A", "route_type": "5", "transition_identifier": "RW36", "seqno": 40, "waypoint_icao_code": "VT", "waypoint_identifier": "CL301", "waypoint_latitude": 18.05972778, "waypoint_longitude": 99.57903333, "waypoint_description_code": "E", "turn_direction": null, "rnp": 1.0, "path_termination": "TF", "recommanded_navaid": null, "recommanded_navaid_latitude": null, "recommanded_navaid_longitude": null, "arc_radius": null, "theta": null, "rho": null, "magnetic_course": null, "route_distance_holding_distance_time": null, "distance_time": null, "altitude_description": "+", "altitude1": 5000.0, "altitude2": null, "transition_altitude": null, "speed_limit_description": "-", "speed_limit": 230.0, "vertical_angle": null, "center_waypoint": null, "center_waypoint_latitude": null, "center_waypoint_longitude": null, "aircraft_category": null}, "geometry": {"type": "MultiPoint", "coordinates": [[99.57903333, 18.05972778]]}}, {"type": "Feature", "properties": {"fid": 4633, "area_code": "PAC", "airport_identifier": "VTCL", "procedure_identifier": "OMDI1A", "route_type": "5", "transition_identifier": "RW36", "seqno": 50, "waypoint_icao_code": "VT", "waypoint_identifier": "SATBO", "waypoint_latitude": 18.10993889, "waypoint_longitude": 99.51752778, "waypoint_description_code": "E", "turn_direction": null, "rnp": 1.0, "path_termination": "TF", "recommanded_navaid": null, "recommanded_navaid_latitude": null, "recommanded_navaid_longitude": null, "arc_radius": null, "theta": null, "rho": null, "magnetic_course": null, "route_distance_holding_distance_time": null, "distance_time": null, "altitude_description": "+", "altitude1": 3300.0, "altitude2": null, "transition_altitude": null, "speed_limit_description": "-", "speed_limit": 210.0, "vertical_angle": null, "center_waypoint": null, "center_waypoint_latitude": null, "center_waypoint_longitude": null, "aircraft_category": null}, "geometry": {"type": "MultiPoint", "coordinates": [[99.51752778, 18.10993889]]}}, {"type": "Feature", "properties": {"fid": 4635, "area_code": "PAC", "airport_identifier": "VTUD", "procedure_identifier": "GULN1A", "route_type": "5", "transition_identifier": "RW12", "seqno": 10, "waypoint_icao_code": "VT", "waypoint_identifier": "GULNO", "waypoint_latitude": 17.32081389, "waypoint_longitude": 103.29307778, "waypoint_description_code": "E", "turn_direction": null, "rnp": 1.0, "path_termination": "IF", "recommanded_navaid": null, "recommanded_navaid_latitude": null, "recommanded_navaid_longitude": null, "arc_radius": null, "theta": null, "rho": null, "magnetic_course": null, "route_distance_holding_distance_time": null, "distance_time": null, "altitude_description": "+", "altitude1": 11000.0, "altitude2": null, "transition_altitude": null, "speed_limit_description": null, "speed_limit": null, "vertical_angle": null, "center_waypoint": null, "center_waypoint_latitude": null, "center_waypoint_longitude": null, "aircraft_category": null}, "geometry": {"type": "MultiPoint", "coordinates": [[103.29307778, 17.32081389]]}}, {"type": "Feature", "properties": {"fid": 4636, "area_code": "PAC", "airport_identifier": "VTUD", "procedure_identifier": "GULN1A", "route_type": "5", "transition_identifier": "RW12", "seqno": 20, "waypoint_icao_code": "VT", "waypoint_identifier": "UD125", "waypoint_latitude": 17.42215556, "waypoint_longitude": 103.01658611, "waypoint_description_code": "E", "turn_direction": null, "rnp": 1.0, "path_termination": "TF", "recommanded_navaid": null, "recommanded_navaid_latitude": null, "recommanded_navaid_longitude": null, "arc_radius": null, "theta": null, "rho": null, "magnetic_course": null, "route_distance_holding_distance_time": null, "distance_time": null, "altitude_description": "+", "altitude1": 11000.0, "altitude2": null, "transition_altitude": null, "speed_limit_description": null, "speed_limit": null, "vertical_angle": null, "center_waypoint": null, "center_waypoint_latitude": null, "center_waypoint_longitude": null, "aircraft_category": null}, "geometry": {"type": "MultiPoint", "coordinates": [[103.01658611, 17.42215556]]}}, {"type": "Feature", "properties": {"fid": 4637, "area_code": "PAC", "airport_identifier": "VTUD", "procedure_identifier": "GULN1A", "route_type": "5", "transition_identifier": "RW12", "seqno": 30, "waypoint_icao_code": "VT", "waypoint_identifier": "DOXUR", "waypoint_latitude": 17.46924444, "waypoint_longitude": 102.88765, "waypoint_description_code": "E", "turn_direction": null, "rnp": 1.0, "path_termination": "TF", "recommanded_navaid": null, "recommanded_navaid_latitude": null, "recommanded_navaid_longitude": null, "arc_radius": null, "theta": null, "rho": null, "magnetic_course": null, "route_distance_holding_distance_time": null, "distance_time": null, "altitude_description": "+", "altitude1": 10000.0, "altitude2": null, "transition_altitude": null, "speed_limit_description": null, "speed_limit": null, "vertical_angle": null, "center_waypoint": null, "center_waypoint_latitude": null, "center_waypoint_longitude": null, "aircraft_category": null}, "geometry": {"type": "MultiPoint", "coordinates": [[102.88765, 17.46924444]]}}, {"type": "Feature", "properties": {"fid": 4638, "area_code": "PAC", "airport_identifier": "VTUD", "procedure_identifier": "GULN1A", "route_type": "5", "transition_identifier": "RW12", "seqno": 40, "waypoint_icao_code": "VT", "waypoint_identifier": "RUGBU", "waypoint_latitude": 17.59425833, "waypoint_longitude": 102.63211111, "waypoint_description_code": "E", "turn_direction": null, "rnp": 1.0, "path_termination": "TF", "recommanded_navaid": null, "recommanded_navaid_latitude": null, "recommanded_navaid_longitude": null, "arc_radius": null, "theta": null, "rho": null, "magnetic_course": null, "route_distance_holding_distance_time": null, "distance_time": null, "altitude_description": "-", "altitude1": 5000.0, "altitude2": null, "transition_altitude": null, "speed_limit_description": "-", "speed_limit": 230.0, "vertical_angle": null, "center_waypoint": null, "center_waypoint_latitude": null, "center_waypoint_longitude": null, "aircraft_category": null}, "geometry": {"type": "MultiPoint", "coordinates": [[102.63211111, 17.59425833]]}}, {"type": "Feature", "properties": {"fid": 4639, "area_code": "PAC", "airport_identifier": "VTUD", "procedure_identifier": "GULN1A", "route_type": "5", "transition_identifier": "RW12", "seqno": 50, "waypoint_icao_code": "VT", "waypoint_identifier": "TELUG", "waypoint_latitude": 17.48986111, "waypoint_longitude": 102.57673889, "waypoint_description_code": "E", "turn_direction": null, "rnp": 1.0, "path_termination": "TF", "recommanded_navaid": null, "recommanded_navaid_latitude": null, "recommanded_navaid_longitude": null, "arc_radius": null, "theta": null, "rho": null, "magnetic_course": null, "route_distance_holding_distance_time": null, "distance_time": null, "altitude_description": "+", "altitude1": 3500.0, "altitude2": null, "transition_altitude": null, "speed_limit_description": "-", "speed_limit": 230.0, "vertical_angle": null, "center_waypoint": null, "center_waypoint_latitude": null, "center_waypoint_longitude": null, "aircraft_category": null}, "geometry": {"type": "MultiPoint", "coordinates": [[102.57673889, 17.48986111]]}}, {"type": "Feature", "properties": {"fid": 4641, "area_code": "PAC", "airport_identifier": "VTSP", "procedure_identifier": "SUSI1D", "route_type": "5", "transition_identifier": "RW27", "seqno": 10, "waypoint_icao_code": "VT", "waypoint_identifier": "SUSID", "waypoint_latitude": 8.61646111, "waypoint_longitude": 98.30221389, "waypoint_description_code": "E", "turn_direction": null, "rnp": null, "path_termination": "IF", "recommanded_navaid": null, "recommanded_navaid_latitude": null, "recommanded_navaid_longitude": null, "arc_radius": null, "theta": null, "rho": null, "magnetic_course": null, "route_distance_holding_distance_time": null, "distance_time": null, "altitude_description": "-", "altitude1": 10000.0, "altitude2": null, "transition_altitude": null, "speed_limit_description": null, "speed_limit": null, "vertical_angle": null, "center_waypoint": null, "center_waypoint_latitude": null, "center_waypoint_longitude": null, "aircraft_category": null}, "geometry": {"type": "MultiPoint", "coordinates": [[98.30221389, 8.61646111]]}}, {"type": "Feature", "properties": {"fid": 4642, "area_code": "PAC", "airport_identifier": "VTSP", "procedure_identifier": "SUSI1D", "route_type": "5", "transition_identifier": "RW27", "seqno": 30, "waypoint_icao_code": "VT", "waypoint_identifier": "STONE", "waypoint_latitude": 8.35943333, "waypoint_longitude": 98.53653889, "waypoint_description_code": "E", "turn_direction": null, "rnp": null, "path_termination": "TF", "recommanded_navaid": null, "recommanded_navaid_latitude": null, "recommanded_navaid_longitude": null, "arc_radius": null, "theta": null, "rho": null, "magnetic_course": null, "route_distance_holding_distance_time": null, "distance_time": null, "altitude_description": "-", "altitude1": 8000.0, "altitude2": null, "transition_altitude": null, "speed_limit_description": "-", "speed_limit": 230.0, "vertical_angle": null, "center_waypoint": null, "center_waypoint_latitude": null, "center_waypoint_longitude": null, "aircraft_category": null}, "geometry": {"type": "MultiPoint", "coordinates": [[98.53653889, 8.35943333]]}}, {"type": "Feature", "properties": {"fid": 4643, "area_code": "PAC", "airport_identifier": "VTSP", "procedure_identifier": "SUSI1D", "route_type": "5", "transition_identifier": "RW27", "seqno": 40, "waypoint_icao_code": "VT", "waypoint_identifier": "CIDER", "waypoint_latitude": 8.23588611, "waypoint_longitude": 98.54818333, "waypoint_description_code": "E", "turn_direction": null, "rnp": null, "path_termination": "TF", "recommanded_navaid": null, "recommanded_navaid_latitude": null, "recommanded_navaid_longitude": null, "arc_radius": null, "theta": null, "rho": null, "magnetic_course": null, "route_distance_holding_distance_time": null, "distance_time": null, "altitude_description": "+", "altitude1": 5000.0, "altitude2": null, "transition_altitude": null, "speed_limit_description": "-", "speed_limit": 230.0, "vertical_angle": null, "center_waypoint": null, "center_waypoint_latitude": null, "center_waypoint_longitude": null, "aircraft_category": null}, "geometry": {"type": "MultiPoint", "coordinates": [[98.54818333, 8.23588611]]}}, {"type": "Feature", "properties": {"fid": 4644, "area_code": "PAC", "airport_identifier": "VTSP", "procedure_identifier": "SUSI1D", "route_type": "5", "transition_identifier": "RW27", "seqno": 50, "waypoint_icao_code": "VT", "waypoint_identifier": "BARON", "waypoint_latitude": 8.13581667, "waypoint_longitude": 98.55760833, "waypoint_description_code": "E", "turn_direction": null, "rnp": null, "path_termination": "TF", "recommanded_navaid": null, "recommanded_navaid_latitude": null, "recommanded_navaid_longitude": null, "arc_radius": null, "theta": null, "rho": null, "magnetic_course": null, "route_distance_holding_distance_time": null, "distance_time": null, "altitude_description": "+", "altitude1": 3000.0, "altitude2": null, "transition_altitude": null, "speed_limit_description": "-", "speed_limit": 200.0, "vertical_angle": null, "center_waypoint": null, "center_waypoint_latitude": null, "center_waypoint_longitude": null, "aircraft_category": null}, "geometry": {"type": "MultiPoint", "coordinates": [[98.55760833, 8.13581667]]}}, {"type": "Feature", "properties": {"fid": 4645, "area_code": "PAC", "airport_identifier": "VTSP", "procedure_identifier": "SUSI1D", "route_type": "5", "transition_identifier": "RW27", "seqno": 60, "waypoint_icao_code": "VT", "waypoint_identifier": "CI27", "waypoint_latitude": 8.12719722, "waypoint_longitude": 98.50665556, "waypoint_description_code": "E", "turn_direction": null, "rnp": null, "path_termination": "TF", "recommanded_navaid": null, "recommanded_navaid_latitude": null, "recommanded_navaid_longitude": null, "arc_radius": null, "theta": null, "rho": null, "magnetic_course": null, "route_distance_holding_distance_time": null, "distance_time": null, "altitude_description": null, "altitude1": null, "altitude2": null, "transition_altitude": null, "speed_limit_description": null, "speed_limit": null, "vertical_angle": null, "center_waypoint": null, "center_waypoint_latitude": null, "center_waypoint_longitude": null, "aircraft_category": null}, "geometry": {"type": "MultiPoint", "coordinates": [[98.50665556, 8.12719722]]}}, {"type": "Feature", "properties": {"fid": 4647, "area_code": "PAC", "airport_identifier": "VTUU", "procedure_identifier": "ENLE1D", "route_type": "5", "transition_identifier": "RW23", "seqno": 10, "waypoint_icao_code": "VT", "waypoint_identifier": "ENLEP", "waypoint_latitude": 15.56479444, "waypoint_longitude": 104.46671944, "waypoint_description_code": "E", "turn_direction": null, "rnp": 1.0, "path_termination": "IF", "recommanded_navaid": null, "recommanded_navaid_latitude": null, "recommanded_navaid_longitude": null, "arc_radius": null, "theta": null, "rho": null, "magnetic_course": null, "route_distance_holding_distance_time": null, "distance_time": null, "altitude_description": "+", "altitude1": 11000.0, "altitude2": null, "transition_altitude": null, "speed_limit_description": null, "speed_limit": null, "vertical_angle": null, "center_waypoint": null, "center_waypoint_latitude": null, "center_waypoint_longitude": null, "aircraft_category": null}, "geometry": {"type": "MultiPoint", "coordinates": [[104.46671944, 15.56479444]]}}, {"type": "Feature", "properties": {"fid": 4648, "area_code": "PAC", "airport_identifier": "VTUU", "procedure_identifier": "ENLE1D", "route_type": "5", "transition_identifier": "RW23", "seqno": 20, "waypoint_icao_code": "VT", "waypoint_identifier": "AKMOM", "waypoint_latitude": 15.49869722, "waypoint_longitude": 104.663525, "waypoint_description_code": "E", "turn_direction": null, "rnp": 1.0, "path_termination": "TF", "recommanded_navaid": null, "recommanded_navaid_latitude": null, "recommanded_navaid_longitude": null, "arc_radius": null, "theta": null, "rho": null, "magnetic_course": null, "route_distance_holding_distance_time": null, "distance_time": null, "altitude_description": "+", "altitude1": 11000.0, "altitude2": null, "transition_altitude": null, "speed_limit_description": null, "speed_limit": null, "vertical_angle": null, "center_waypoint": null, "center_waypoint_latitude": null, "center_waypoint_longitude": null, "aircraft_category": null}, "geometry": {"type": "MultiPoint", "coordinates": [[104.663525, 15.49869722]]}}, {"type": "Feature", "properties": {"fid": 4649, "area_code": "PAC", "airport_identifier": "VTUU", "procedure_identifier": "ENLE1D", "route_type": "5", "transition_identifier": "RW23", "seqno": 30, "waypoint_icao_code": "VT", "waypoint_identifier": "RUSTU", "waypoint_latitude": 15.45683333, "waypoint_longitude": 104.94254722, "waypoint_description_code": "E", "turn_direction": null, "rnp": 1.0, "path_termination": "TF", "recommanded_navaid": null, "recommanded_navaid_latitude": null, "recommanded_navaid_longitude": null, "arc_radius": null, "theta": null, "rho": null, "magnetic_course": null, "route_distance_holding_distance_time": null, "distance_time": null, "altitude_description": "+", "altitude1": 5000.0, "altitude2": null, "transition_altitude": null, "speed_limit_description": null, "speed_limit": null, "vertical_angle": null, "center_waypoint": null, "center_waypoint_latitude": null, "center_waypoint_longitude": null, "aircraft_category": null}, "geometry": {"type": "MultiPoint", "coordinates": [[104.94254722, 15.45683333]]}}, {"type": "Feature", "properties": {"fid": 4650, "area_code": "PAC", "airport_identifier": "VTUU", "procedure_identifier": "ENLE1D", "route_type": "5", "transition_identifier": "RW23", "seqno": 40, "waypoint_icao_code": "VT", "waypoint_identifier": "SUNIN", "waypoint_latitude": 15.365125, "waypoint_longitude": 105.01770556, "waypoint_description_code": "E", "turn_direction": null, "rnp": 1.0, "path_termination": "TF", "recommanded_navaid": null, "recommanded_navaid_latitude": null, "recommanded_navaid_longitude": null, "arc_radius": null, "theta": null, "rho": null, "magnetic_course": null, "route_distance_holding_distance_time": null, "distance_time": null, "altitude_description": "+", "altitude1": 3000.0, "altitude2": null, "transition_altitude": null, "speed_limit_description": "-", "speed_limit": 230.0, "vertical_angle": null, "center_waypoint": null, "center_waypoint_latitude": null, "center_waypoint_longitude": null, "aircraft_category": null}, "geometry": {"type": "MultiPoint", "coordinates": [[105.01770556, 15.365125]]}}, {"type": "Feature", "properties": {"fid": 4652, "area_code": "PAC", "airport_identifier": "VTUU", "procedure_identifier": "OBKI1D", "route_type": "5", "transition_identifier": "RW23", "seqno": 10, "waypoint_icao_code": "VT", "waypoint_identifier": "OBKIB", "waypoint_latitude": 15.32014167, "waypoint_longitude": 104.71369444, "waypoint_description_code": "E", "turn_direction": null, "rnp": 1.0, "path_termination": "IF", "recommanded_navaid": null, "recommanded_navaid_latitude": null, "recommanded_navaid_longitude": null, "arc_radius": null, "theta": null, "rho": null, "magnetic_course": null, "route_distance_holding_distance_time": null, "distance_time": null, "altitude_description": "+", "altitude1": 10000.0, "altitude2": null, "transition_altitude": null, "speed_limit_description": null, "speed_limit": null, "vertical_angle": null, "center_waypoint": null, "center_waypoint_latitude": null, "center_waypoint_longitude": null, "aircraft_category": null}, "geometry": {"type": "MultiPoint", "coordinates": [[104.71369444, 15.32014167]]}}, {"type": "Feature", "properties": {"fid": 4653, "area_code": "PAC", "airport_identifier": "VTUU", "procedure_identifier": "OBKI1D", "route_type": "5", "transition_identifier": "RW23", "seqno": 20, "waypoint_icao_code": "VT", "waypoint_identifier": "RUSTU", "waypoint_latitude": 15.45683333, "waypoint_longitude": 104.94254722, "waypoint_description_code": "E", "turn_direction": null, "rnp": 1.0, "path_termination": "TF", "recommanded_navaid": null, "recommanded_navaid_latitude": null, "recommanded_navaid_longitude": null, "arc_radius": null, "theta": null, "rho": null, "magnetic_course": null, "route_distance_holding_distance_time": null, "distance_time": null, "altitude_description": "+", "altitude1": 5000.0, "altitude2": null, "transition_altitude": null, "speed_limit_description": null, "speed_limit": null, "vertical_angle": null, "center_waypoint": null, "center_waypoint_latitude": null, "center_waypoint_longitude": null, "aircraft_category": null}, "geometry": {"type": "MultiPoint", "coordinates": [[104.94254722, 15.45683333]]}}, {"type": "Feature", "properties": {"fid": 4654, "area_code": "PAC", "airport_identifier": "VTUU", "procedure_identifier": "OBKI1D", "route_type": "5", "transition_identifier": "RW23", "seqno": 30, "waypoint_icao_code": "VT", "waypoint_identifier": "SUNIN", "waypoint_latitude": 15.365125, "waypoint_longitude": 105.01770556, "waypoint_description_code": "E", "turn_direction": null, "rnp": 1.0, "path_termination": "TF", "recommanded_navaid": null, "recommanded_navaid_latitude": null, "recommanded_navaid_longitude": null, "arc_radius": null, "theta": null, "rho": null, "magnetic_course": null, "route_distance_holding_distance_time": null, "distance_time": null, "altitude_description": "+", "altitude1": 3000.0, "altitude2": null, "transition_altitude": null, "speed_limit_description": "-", "speed_limit": 230.0, "vertical_angle": null, "center_waypoint": null, "center_waypoint_latitude": null, "center_waypoint_longitude": null, "aircraft_category": null}, "geometry": {"type": "MultiPoint", "coordinates": [[105.01770556, 15.365125]]}}, {"type": "Feature", "properties": {"fid": 4656, "area_code": "PAC", "airport_identifier": "VTSP", "procedure_identifier": "EPGO1D", "route_type": "5", "transition_identifier": "RW27", "seqno": 10, "waypoint_icao_code": "VT", "waypoint_identifier": "EPGOT", "waypoint_latitude": 7.90443056, "waypoint_longitude": 98.76525833, "waypoint_description_code": "E", "turn_direction": null, "rnp": null, "path_termination": "IF", "recommanded_navaid": null, "recommanded_navaid_latitude": null, "recommanded_navaid_longitude": null, "arc_radius": null, "theta": null, "rho": null, "magnetic_course": null, "route_distance_holding_distance_time": null, "distance_time": null, "altitude_description": "-", "altitude1": 10000.0, "altitude2": null, "transition_altitude": null, "speed_limit_description": null, "speed_limit": null, "vertical_angle": null, "center_waypoint": null, "center_waypoint_latitude": null, "center_waypoint_longitude": null, "aircraft_category": null}, "geometry": {"type": "MultiPoint", "coordinates": [[98.76525833, 7.90443056]]}}, {"type": "Feature", "properties": {"fid": 4657, "area_code": "PAC", "airport_identifier": "VTSP", "procedure_identifier": "EPGO1D", "route_type": "5", "transition_identifier": "RW27", "seqno": 20, "waypoint_icao_code": "VT", "waypoint_identifier": "SP112", "waypoint_latitude": 8.14363056, "waypoint_longitude": 98.64130278, "waypoint_description_code": "E", "turn_direction": null, "rnp": null, "path_termination": "TF", "recommanded_navaid": null, "recommanded_navaid_latitude": null, "recommanded_navaid_longitude": null, "arc_radius": null, "theta": null, "rho": null, "magnetic_course": null, "route_distance_holding_distance_time": null, "distance_time": null, "altitude_description": "+", "altitude1": 5000.0, "altitude2": null, "transition_altitude": null, "speed_limit_description": "-", "speed_limit": 220.0, "vertical_angle": null, "center_waypoint": null, "center_waypoint_latitude": null, "center_waypoint_longitude": null, "aircraft_category": null}, "geometry": {"type": "MultiPoint", "coordinates": [[98.64130278, 8.14363056]]}}, {"type": "Feature", "properties": {"fid": 4658, "area_code": "PAC", "airport_identifier": "VTSP", "procedure_identifier": "EPGO1D", "route_type": "5", "transition_identifier": "RW27", "seqno": 30, "waypoint_icao_code": "VT", "waypoint_identifier": "BARON", "waypoint_latitude": 8.13581667, "waypoint_longitude": 98.55760833, "waypoint_description_code": "E", "turn_direction": null, "rnp": null, "path_termination": "TF", "recommanded_navaid": null, "recommanded_navaid_latitude": null, "recommanded_navaid_longitude": null, "arc_radius": null, "theta": null, "rho": null, "magnetic_course": null, "route_distance_holding_distance_time": null, "distance_time": null, "altitude_description": "+", "altitude1": 3000.0, "altitude2": null, "transition_altitude": null, "speed_limit_description": "-", "speed_limit": 200.0, "vertical_angle": null, "center_waypoint": null, "center_waypoint_latitude": null, "center_waypoint_longitude": null, "aircraft_category": null}, "geometry": {"type": "MultiPoint", "coordinates": [[98.55760833, 8.13581667]]}}, {"type": "Feature", "properties": {"fid": 4659, "area_code": "PAC", "airport_identifier": "VTSP", "procedure_identifier": "EPGO1D", "route_type": "5", "transition_identifier": "RW27", "seqno": 40, "waypoint_icao_code": "VT", "waypoint_identifier": "CI27", "waypoint_latitude": 8.12719722, "waypoint_longitude": 98.50665556, "waypoint_description_code": "E", "turn_direction": null, "rnp": null, "path_termination": "TF", "recommanded_navaid": null, "recommanded_navaid_latitude": null, "recommanded_navaid_longitude": null, "arc_radius": null, "theta": null, "rho": null, "magnetic_course": null, "route_distance_holding_distance_time": null, "distance_time": null, "altitude_description": null, "altitude1": null, "altitude2": null, "transition_altitude": null, "speed_limit_description": null, "speed_limit": null, "vertical_angle": null, "center_waypoint": null, "center_waypoint_latitude": null, "center_waypoint_longitude": null, "aircraft_category": null}, "geometry": {"type": "MultiPoint", "coordinates": [[98.50665556, 8.12719722]]}}, {"type": "Feature", "properties": {"fid": 4661, "area_code": "PAC", "airport_identifier": "VTUD", "procedure_identifier": "ESGI1A", "route_type": "5", "transition_identifier": "RW12", "seqno": 10, "waypoint_icao_code": "VT", "waypoint_identifier": "ESGIB", "waypoint_latitude": 17.41618056, "waypoint_longitude": 102.25386944, "waypoint_description_code": "E", "turn_direction": null, "rnp": 1.0, "path_termination": "IF", "recommanded_navaid": null, "recommanded_navaid_latitude": null, "recommanded_navaid_longitude": null, "arc_radius": null, "theta": null, "rho": null, "magnetic_course": null, "route_distance_holding_distance_time": null, "distance_time": null, "altitude_description": "-", "altitude1": 8000.0, "altitude2": null, "transition_altitude": null, "speed_limit_description": null, "speed_limit": null, "vertical_angle": null, "center_waypoint": null, "center_waypoint_latitude": null, "center_waypoint_longitude": null, "aircraft_category": null}, "geometry": {"type": "MultiPoint", "coordinates": [[102.25386944, 17.41618056]]}}, {"type": "Feature", "properties": {"fid": 4662, "area_code": "PAC", "airport_identifier": "VTUD", "procedure_identifier": "ESGI1A", "route_type": "5", "transition_identifier": "RW12", "seqno": 20, "waypoint_icao_code": "VT", "waypoint_identifier": "LEBOG", "waypoint_latitude": 17.52778056, "waypoint_longitude": 102.49901111, "waypoint_description_code": "E", "turn_direction": null, "rnp": 1.0, "path_termination": "TF", "recommanded_navaid": null, "recommanded_navaid_latitude": null, "recommanded_navaid_longitude": null, "arc_radius": null, "theta": null, "rho": null, "magnetic_course": null, "route_distance_holding_distance_time": null, "distance_time": null, "altitude_description": "-", "altitude1": 5000.0, "altitude2": null, "transition_altitude": null, "speed_limit_description": "-", "speed_limit": 230.0, "vertical_angle": null, "center_waypoint": null, "center_waypoint_latitude": null, "center_waypoint_longitude": null, "aircraft_category": null}, "geometry": {"type": "MultiPoint", "coordinates": [[102.49901111, 17.52778056]]}}, {"type": "Feature", "properties": {"fid": 4663, "area_code": "PAC", "airport_identifier": "VTUD", "procedure_identifier": "ESGI1A", "route_type": "5", "transition_identifier": "RW12", "seqno": 30, "waypoint_icao_code": "VT", "waypoint_identifier": "TELUG", "waypoint_latitude": 17.48986111, "waypoint_longitude": 102.57673889, "waypoint_description_code": "E", "turn_direction": null, "rnp": 1.0, "path_termination": "TF", "recommanded_navaid": null, "recommanded_navaid_latitude": null, "recommanded_navaid_longitude": null, "arc_radius": null, "theta": null, "rho": null, "magnetic_course": null, "route_distance_holding_distance_time": null, "distance_time": null, "altitude_description": "+", "altitude1": 3500.0, "altitude2": null, "transition_altitude": null, "speed_limit_description": "-", "speed_limit": 230.0, "vertical_angle": null, "center_waypoint": null, "center_waypoint_latitude": null, "center_waypoint_longitude": null, "aircraft_category": null}, "geometry": {"type": "MultiPoint", "coordinates": [[102.57673889, 17.48986111]]}}, {"type": "Feature", "properties": {"fid": 4665, "area_code": "PAC", "airport_identifier": "VTUD", "procedure_identifier": "ELNE1C", "route_type": "5", "transition_identifier": "RW30", "seqno": 10, "waypoint_icao_code": "VT", "waypoint_identifier": "ELNET", "waypoint_latitude": 17.77361389, "waypoint_longitude": 102.62943056, "waypoint_description_code": "E", "turn_direction": null, "rnp": 1.0, "path_termination": "IF", "recommanded_navaid": null, "recommanded_navaid_latitude": null, "recommanded_navaid_longitude": null, "arc_radius": null, "theta": null, "rho": null, "magnetic_course": null, "route_distance_holding_distance_time": null, "distance_time": null, "altitude_description": "+", "altitude1": 11000.0, "altitude2": null, "transition_altitude": null, "speed_limit_description": null, "speed_limit": null, "vertical_angle": null, "center_waypoint": null, "center_waypoint_latitude": null, "center_waypoint_longitude": null, "aircraft_category": null}, "geometry": {"type": "MultiPoint", "coordinates": [[102.62943056, 17.77361389]]}}, {"type": "Feature", "properties": {"fid": 4666, "area_code": "PAC", "airport_identifier": "VTUD", "procedure_identifier": "ELNE1C", "route_type": "5", "transition_identifier": "RW30", "seqno": 20, "waypoint_icao_code": "VT", "waypoint_identifier": "PAMVO", "waypoint_latitude": 17.61658333, "waypoint_longitude": 102.85536944, "waypoint_description_code": "E", "turn_direction": null, "rnp": 1.0, "path_termination": "TF", "recommanded_navaid": null, "recommanded_navaid_latitude": null, "recommanded_navaid_longitude": null, "arc_radius": null, "theta": null, "rho": null, "magnetic_course": null, "route_distance_holding_distance_time": null, "distance_time": null, "altitude_description": "+", "altitude1": 11000.0, "altitude2": null, "transition_altitude": null, "speed_limit_description": null, "speed_limit": null, "vertical_angle": null, "center_waypoint": null, "center_waypoint_latitude": null, "center_waypoint_longitude": null, "aircraft_category": null}, "geometry": {"type": "MultiPoint", "coordinates": [[102.85536944, 17.61658333]]}}, {"type": "Feature", "properties": {"fid": 4667, "area_code": "PAC", "airport_identifier": "VTUD", "procedure_identifier": "ELNE1C", "route_type": "5", "transition_identifier": "RW30", "seqno": 30, "waypoint_icao_code": "VT", "waypoint_identifier": "SAPUR", "waypoint_latitude": 17.50084722, "waypoint_longitude": 103.091325, "waypoint_description_code": "E", "turn_direction": null, "rnp": 1.0, "path_termination": "TF", "recommanded_navaid": null, "recommanded_navaid_latitude": null, "recommanded_navaid_longitude": null, "arc_radius": null, "theta": null, "rho": null, "magnetic_course": null, "route_distance_holding_distance_time": null, "distance_time": null, "altitude_description": "-", "altitude1": 7000.0, "altitude2": null, "transition_altitude": null, "speed_limit_description": null, "speed_limit": null, "vertical_angle": null, "center_waypoint": null, "center_waypoint_latitude": null, "center_waypoint_longitude": null, "aircraft_category": null}, "geometry": {"type": "MultiPoint", "coordinates": [[103.091325, 17.50084722]]}}, {"type": "Feature", "properties": {"fid": 4668, "area_code": "PAC", "airport_identifier": "VTUD", "procedure_identifier": "ELNE1C", "route_type": "5", "transition_identifier": "RW30", "seqno": 40, "waypoint_icao_code": "VT", "waypoint_identifier": "ALDES", "waypoint_latitude": 17.39658333, "waypoint_longitude": 103.03570833, "waypoint_description_code": "E", "turn_direction": null, "rnp": 1.0, "path_termination": "TF", "recommanded_navaid": null, "recommanded_navaid_latitude": null, "recommanded_navaid_longitude": null, "arc_radius": null, "theta": null, "rho": null, "magnetic_course": null, "route_distance_holding_distance_time": null, "distance_time": null, "altitude_description": "-", "altitude1": 5000.0, "altitude2": null, "transition_altitude": null, "speed_limit_description": "-", "speed_limit": 230.0, "vertical_angle": null, "center_waypoint": null, "center_waypoint_latitude": null, "center_waypoint_longitude": null, "aircraft_category": null}, "geometry": {"type": "MultiPoint", "coordinates": [[103.03570833, 17.39658333]]}}, {"type": "Feature", "properties": {"fid": 4669, "area_code": "PAC", "airport_identifier": "VTUD", "procedure_identifier": "ELNE1C", "route_type": "5", "transition_identifier": "RW30", "seqno": 50, "waypoint_icao_code": "VT", "waypoint_identifier": "MUNUR", "waypoint_latitude": 17.29229444, "waypoint_longitude": 102.98016667, "waypoint_description_code": "E", "turn_direction": null, "rnp": 1.0, "path_termination": "TF", "recommanded_navaid": null, "recommanded_navaid_latitude": null, "recommanded_navaid_longitude": null, "arc_radius": null, "theta": null, "rho": null, "magnetic_course": null, "route_distance_holding_distance_time": null, "distance_time": null, "altitude_description": "+", "altitude1": 3500.0, "altitude2": null, "transition_altitude": null, "speed_limit_description": "-", "speed_limit": 230.0, "vertical_angle": null, "center_waypoint": null, "center_waypoint_latitude": null, "center_waypoint_longitude": null, "aircraft_category": null}, "geometry": {"type": "MultiPoint", "coordinates": [[102.98016667, 17.29229444]]}}, {"type": "Feature", "properties": {"fid": 4671, "area_code": "PAC", "airport_identifier": "VTCC", "procedure_identifier": "CMA2B", "route_type": "5", "transition_identifier": "RW18", "seqno": 10, "waypoint_icao_code": "VT", "waypoint_identifier": "CMA", "waypoint_latitude": 18.76611111, "waypoint_longitude": 98.96122222, "waypoint_description_code": "E", "turn_direction": null, "rnp": null, "path_termination": "IF", "recommanded_navaid": null, "recommanded_navaid_latitude": null, "recommanded_navaid_longitude": null, "arc_radius": null, "theta": null, "rho": null, "magnetic_course": null, "route_distance_holding_distance_time": null, "distance_time": null, "altitude_description": "+", "altitude1": 13000.0, "altitude2": null, "transition_altitude": null, "speed_limit_description": null, "speed_limit": null, "vertical_angle": null, "center_waypoint": null, "center_waypoint_latitude": null, "center_waypoint_longitude": null, "aircraft_category": null}, "geometry": {"type": "MultiPoint", "coordinates": [[98.96122222, 18.76611111]]}}, {"type": "Feature", "properties": {"fid": 4672, "area_code": "PAC", "airport_identifier": "VTCC", "procedure_identifier": "CMA2B", "route_type": "5", "transition_identifier": "RW18", "seqno": 20, "waypoint_icao_code": "VT", "waypoint_identifier": "CC514", "waypoint_latitude": 18.68977222, "waypoint_longitude": 99.08558889, "waypoint_description_code": "E", "turn_direction": null, "rnp": null, "path_termination": "TF", "recommanded_navaid": null, "recommanded_navaid_latitude": null, "recommanded_navaid_longitude": null, "arc_radius": null, "theta": null, "rho": null, "magnetic_course": null, "route_distance_holding_distance_time": null, "distance_time": null, "altitude_description": "+", "altitude1": 13000.0, "altitude2": null, "transition_altitude": null, "speed_limit_description": null, "speed_limit": null, "vertical_angle": null, "center_waypoint": null, "center_waypoint_latitude": null, "center_waypoint_longitude": null, "aircraft_category": null}, "geometry": {"type": "MultiPoint", "coordinates": [[99.08558889, 18.68977222]]}}, {"type": "Feature", "properties": {"fid": 4673, "area_code": "PAC", "airport_identifier": "VTCC", "procedure_identifier": "CMA2B", "route_type": "5", "transition_identifier": "RW18", "seqno": 30, "waypoint_icao_code": "VT", "waypoint_identifier": "CC515", "waypoint_latitude": 18.68935833, "waypoint_longitude": 99.20848889, "waypoint_description_code": "E", "turn_direction": null, "rnp": null, "path_termination": "TF", "recommanded_navaid": null, "recommanded_navaid_latitude": null, "recommanded_navaid_longitude": null, "arc_radius": null, "theta": null, "rho": null, "magnetic_course": null, "route_distance_holding_distance_time": null, "distance_time": null, "altitude_description": "+", "altitude1": 13000.0, "altitude2": null, "transition_altitude": null, "speed_limit_description": null, "speed_limit": null, "vertical_angle": null, "center_waypoint": null, "center_waypoint_latitude": null, "center_waypoint_longitude": null, "aircraft_category": null}, "geometry": {"type": "MultiPoint", "coordinates": [[99.20848889, 18.68935833]]}}, {"type": "Feature", "properties": {"fid": 4674, "area_code": "PAC", "airport_identifier": "VTCC", "procedure_identifier": "CMA2B", "route_type": "5", "transition_identifier": "RW18", "seqno": 40, "waypoint_icao_code": "VT", "waypoint_identifier": "EMSOG", "waypoint_latitude": 18.78579167, "waypoint_longitude": 99.20886667, "waypoint_description_code": "E", "turn_direction": null, "rnp": null, "path_termination": "TF", "recommanded_navaid": null, "recommanded_navaid_latitude": null, "recommanded_navaid_longitude": null, "arc_radius": null, "theta": null, "rho": null, "magnetic_course": null, "route_distance_holding_distance_time": null, "distance_time": null, "altitude_description": "@", "altitude1": 11000.0, "altitude2": null, "transition_altitude": null, "speed_limit_description": "-", "speed_limit": 220.0, "vertical_angle": null, "center_waypoint": null, "center_waypoint_latitude": null, "center_waypoint_longitude": null, "aircraft_category": null}, "geometry": {"type": "MultiPoint", "coordinates": [[99.20886667, 18.78579167]]}}, {"type": "Feature", "properties": {"fid": 4675, "area_code": "PAC", "airport_identifier": "VTCC", "procedure_identifier": "CMA2B", "route_type": "5", "transition_identifier": "RW18", "seqno": 50, "waypoint_icao_code": "VT", "waypoint_identifier": "TUNTU", "waypoint_latitude": 18.95139167, "waypoint_longitude": 99.20951944, "waypoint_description_code": "E", "turn_direction": null, "rnp": null, "path_termination": "TF", "recommanded_navaid": null, "recommanded_navaid_latitude": null, "recommanded_navaid_longitude": null, "arc_radius": null, "theta": null, "rho": null, "magnetic_course": null, "route_distance_holding_distance_time": null, "distance_time": null, "altitude_description": "-", "altitude1": 9000.0, "altitude2": null, "transition_altitude": null, "speed_limit_description": null, "speed_limit": null, "vertical_angle": null, "center_waypoint": null, "center_waypoint_latitude": null, "center_waypoint_longitude": null, "aircraft_category": null}, "geometry": {"type": "MultiPoint", "coordinates": [[99.20951944, 18.95139167]]}}, {"type": "Feature", "properties": {"fid": 4676, "area_code": "PAC", "airport_identifier": "VTCC", "procedure_identifier": "CMA2B", "route_type": "5", "transition_identifier": "RW18", "seqno": 60, "waypoint_icao_code": "VT", "waypoint_identifier": "SUSEG", "waypoint_latitude": 19.04983056, "waypoint_longitude": 99.20991111, "waypoint_description_code": "E", "turn_direction": null, "rnp": null, "path_termination": "TF", "recommanded_navaid": null, "recommanded_navaid_latitude": null, "recommanded_navaid_longitude": null, "arc_radius": null, "theta": null, "rho": null, "magnetic_course": null, "route_distance_holding_distance_time": null, "distance_time": null, "altitude_description": "-", "altitude1": 9000.0, "altitude2": null, "transition_altitude": null, "speed_limit_description": null, "speed_limit": null, "vertical_angle": null, "center_waypoint": null, "center_waypoint_latitude": null, "center_waypoint_longitude": null, "aircraft_category": null}, "geometry": {"type": "MultiPoint", "coordinates": [[99.20991111, 19.04983056]]}}, {"type": "Feature", "properties": {"fid": 4677, "area_code": "PAC", "airport_identifier": "VTCC", "procedure_identifier": "CMA2B", "route_type": "5", "transition_identifier": "RW18", "seqno": 70, "waypoint_icao_code": "VT", "waypoint_identifier": "MESUX", "waypoint_latitude": 19.05013333, "waypoint_longitude": 99.11962222, "waypoint_description_code": "E", "turn_direction": null, "rnp": null, "path_termination": "TF", "recommanded_navaid": null, "recommanded_navaid_latitude": null, "recommanded_navaid_longitude": null, "arc_radius": null, "theta": null, "rho": null, "magnetic_course": null, "route_distance_holding_distance_time": null, "distance_time": null, "altitude_description": "+", "altitude1": 8400.0, "altitude2": null, "transition_altitude": null, "speed_limit_description": null, "speed_limit": null, "vertical_angle": null, "center_waypoint": null, "center_waypoint_latitude": null, "center_waypoint_longitude": null, "aircraft_category": null}, "geometry": {"type": "MultiPoint", "coordinates": [[99.11962222, 19.05013333]]}}, {"type": "Feature", "properties": {"fid": 4678, "area_code": "PAC", "airport_identifier": "VTCC", "procedure_identifier": "CMA2B", "route_type": "5", "transition_identifier": "RW18", "seqno": 80, "waypoint_icao_code": "VT", "waypoint_identifier": "PILEX", "waypoint_latitude": 19.05055, "waypoint_longitude": 98.96358889, "waypoint_description_code": "E", "turn_direction": null, "rnp": null, "path_termination": "TF", "recommanded_navaid": null, "recommanded_navaid_latitude": null, "recommanded_navaid_longitude": null, "arc_radius": null, "theta": null, "rho": null, "magnetic_course": null, "route_distance_holding_distance_time": null, "distance_time": null, "altitude_description": "+", "altitude1": 5500.0, "altitude2": null, "transition_altitude": null, "speed_limit_description": "-", "speed_limit": 210.0, "vertical_angle": null, "center_waypoint": null, "center_waypoint_latitude": null, "center_waypoint_longitude": null, "aircraft_category": null}, "geometry": {"type": "MultiPoint", "coordinates": [[98.96358889, 19.05055]]}}, {"type": "Feature", "properties": {"fid": 4680, "area_code": "PAC", "airport_identifier": "VTCL", "procedure_identifier": "MEMA1B", "route_type": "5", "transition_identifier": "RW18", "seqno": 10, "waypoint_icao_code": "VT", "waypoint_identifier": "MEMAN", "waypoint_latitude": 18.58111111, "waypoint_longitude": 99.31638889, "waypoint_description_code": "E", "turn_direction": null, "rnp": 1.0, "path_termination": "IF", "recommanded_navaid": null, "recommanded_navaid_latitude": null, "recommanded_navaid_longitude": null, "arc_radius": null, "theta": null, "rho": null, "magnetic_course": null, "route_distance_holding_distance_time": null, "distance_time": null, "altitude_description": "+", "altitude1": 7000.0, "altitude2": null, "transition_altitude": null, "speed_limit_description": "-", "speed_limit": 230.0, "vertical_angle": null, "center_waypoint": null, "center_waypoint_latitude": null, "center_waypoint_longitude": null, "aircraft_category": null}, "geometry": {"type": "MultiPoint", "coordinates": [[99.31638889, 18.58111111]]}}, {"type": "Feature", "properties": {"fid": 4681, "area_code": "PAC", "airport_identifier": "VTCL", "procedure_identifier": "MEMA1B", "route_type": "5", "transition_identifier": "RW18", "seqno": 20, "waypoint_icao_code": "VT", "waypoint_identifier": "UBCOX", "waypoint_latitude": 18.54895278, "waypoint_longitude": 99.37793333, "waypoint_description_code": "E", "turn_direction": null, "rnp": 1.0, "path_termination": "TF", "recommanded_navaid": null, "recommanded_navaid_latitude": null, "recommanded_navaid_longitude": null, "arc_radius": null, "theta": null, "rho": null, "magnetic_course": null, "route_distance_holding_distance_time": null, "distance_time": null, "altitude_description": "+", "altitude1": 6000.0, "altitude2": null, "transition_altitude": null, "speed_limit_description": null, "speed_limit": null, "vertical_angle": null, "center_waypoint": null, "center_waypoint_latitude": null, "center_waypoint_longitude": null, "aircraft_category": null}, "geometry": {"type": "MultiPoint", "coordinates": [[99.37793333, 18.54895278]]}}, {"type": "Feature", "properties": {"fid": 4682, "area_code": "PAC", "airport_identifier": "VTCL", "procedure_identifier": "MEMA1B", "route_type": "5", "transition_identifier": "RW18", "seqno": 30, "waypoint_icao_code": "VT", "waypoint_identifier": "CL102", "waypoint_latitude": 18.49045556, "waypoint_longitude": 99.44086389, "waypoint_description_code": "E", "turn_direction": null, "rnp": 1.0, "path_termination": "TF", "recommanded_navaid": null, "recommanded_navaid_latitude": null, "recommanded_navaid_longitude": null, "arc_radius": null, "theta": null, "rho": null, "magnetic_course": null, "route_distance_holding_distance_time": null, "distance_time": null, "altitude_description": "+", "altitude1": 4700.0, "altitude2": null, "transition_altitude": null, "speed_limit_description": "-", "speed_limit": 210.0, "vertical_angle": null, "center_waypoint": null, "center_waypoint_latitude": null, "center_waypoint_longitude": null, "aircraft_category": null}, "geometry": {"type": "MultiPoint", "coordinates": [[99.44086389, 18.49045556]]}}, {"type": "Feature", "properties": {"fid": 4683, "area_code": "PAC", "airport_identifier": "VTCL", "procedure_identifier": "MEMA1B", "route_type": "5", "transition_identifier": "RW18", "seqno": 40, "waypoint_icao_code": "VT", "waypoint_identifier": "ATKIM", "waypoint_latitude": 18.44509722, "waypoint_longitude": 99.48956111, "waypoint_description_code": "E", "turn_direction": null, "rnp": 1.0, "path_termination": "TF", "recommanded_navaid": null, "recommanded_navaid_latitude": null, "recommanded_navaid_longitude": null, "arc_radius": null, "theta": null, "rho": null, "magnetic_course": null, "route_distance_holding_distance_time": null, "distance_time": null, "altitude_description": "+", "altitude1": 3500.0, "altitude2": null, "transition_altitude": null, "speed_limit_description": "-", "speed_limit": 200.0, "vertical_angle": null, "center_waypoint": null, "center_waypoint_latitude": null, "center_waypoint_longitude": null, "aircraft_category": null}, "geometry": {"type": "MultiPoint", "coordinates": [[99.48956111, 18.44509722]]}}, {"type": "Feature", "properties": {"fid": 4685, "area_code": "PAC", "airport_identifier": "VTPM", "procedure_identifier": "URGU1W", "route_type": "5", "transition_identifier": "RW27", "seqno": 10, "waypoint_icao_code": "VT", "waypoint_identifier": "URGUM", "waypoint_latitude": 16.69835833, "waypoint_longitude": 98.88953056, "waypoint_description_code": "E", "turn_direction": null, "rnp": 1.0, "path_termination": "IF", "recommanded_navaid": null, "recommanded_navaid_latitude": null, "recommanded_navaid_longitude": null, "arc_radius": null, "theta": null, "rho": null, "magnetic_course": null, "route_distance_holding_distance_time": null, "distance_time": null, "altitude_description": "+", "altitude1": 7000.0, "altitude2": null, "transition_altitude": null, "speed_limit_description": null, "speed_limit": null, "vertical_angle": null, "center_waypoint": null, "center_waypoint_latitude": null, "center_waypoint_longitude": null, "aircraft_category": null}, "geometry": {"type": "MultiPoint", "coordinates": [[98.88953056, 16.69835833]]}}, {"type": "Feature", "properties": {"fid": 4686, "area_code": "PAC", "airport_identifier": "VTPM", "procedure_identifier": "URGU1W", "route_type": "5", "transition_identifier": "RW27", "seqno": 20, "waypoint_icao_code": "VT", "waypoint_identifier": "NUDSI", "waypoint_latitude": 16.70378333, "waypoint_longitude": 98.82515556, "waypoint_description_code": "E", "turn_direction": null, "rnp": 1.0, "path_termination": "TF", "recommanded_navaid": null, "recommanded_navaid_latitude": null, "recommanded_navaid_longitude": null, "arc_radius": null, "theta": null, "rho": null, "magnetic_course": null, "route_distance_holding_distance_time": null, "distance_time": null, "altitude_description": "+", "altitude1": 5700.0, "altitude2": null, "transition_altitude": null, "speed_limit_description": "-", "speed_limit": 200.0, "vertical_angle": null, "center_waypoint": null, "center_waypoint_latitude": null, "center_waypoint_longitude": null, "aircraft_category": null}, "geometry": {"type": "MultiPoint", "coordinates": [[98.82515556, 16.70378333]]}}, {"type": "Feature", "properties": {"fid": 4688, "area_code": "PAC", "airport_identifier": "VTSP", "procedure_identifier": "UPSA1C", "route_type": "5", "transition_identifier": "RW09", "seqno": 10, "waypoint_icao_code": "VT", "waypoint_identifier": "UPSAB", "waypoint_latitude": 8.56327778, "waypoint_longitude": 98.08106944, "waypoint_description_code": "E", "turn_direction": null, "rnp": null, "path_termination": "IF", "recommanded_navaid": null, "recommanded_navaid_latitude": null, "recommanded_navaid_longitude": null, "arc_radius": null, "theta": null, "rho": null, "magnetic_course": null, "route_distance_holding_distance_time": null, "distance_time": null, "altitude_description": "-", "altitude1": 10000.0, "altitude2": null, "transition_altitude": null, "speed_limit_description": null, "speed_limit": null, "vertical_angle": null, "center_waypoint": null, "center_waypoint_latitude": null, "center_waypoint_longitude": null, "aircraft_category": null}, "geometry": {"type": "MultiPoint", "coordinates": [[98.08106944, 8.56327778]]}}, {"type": "Feature", "properties": {"fid": 4689, "area_code": "PAC", "airport_identifier": "VTSP", "procedure_identifier": "UPSA1C", "route_type": "5", "transition_identifier": "RW09", "seqno": 30, "waypoint_icao_code": "VT", "waypoint_identifier": "TARPU", "waypoint_latitude": 8.30853611, "waypoint_longitude": 97.99647778, "waypoint_description_code": "E", "turn_direction": null, "rnp": null, "path_termination": "TF", "recommanded_navaid": null, "recommanded_navaid_latitude": null, "recommanded_navaid_longitude": null, "arc_radius": null, "theta": null, "rho": null, "magnetic_course": null, "route_distance_holding_distance_time": null, "distance_time": null, "altitude_description": "-", "altitude1": 7000.0, "altitude2": null, "transition_altitude": null, "speed_limit_description": "-", "speed_limit": 230.0, "vertical_angle": null, "center_waypoint": null, "center_waypoint_latitude": null, "center_waypoint_longitude": null, "aircraft_category": null}, "geometry": {"type": "MultiPoint", "coordinates": [[97.99647778, 8.30853611]]}}, {"type": "Feature", "properties": {"fid": 4690, "area_code": "PAC", "airport_identifier": "VTSP", "procedure_identifier": "UPSA1C", "route_type": "5", "transition_identifier": "RW09", "seqno": 40, "waypoint_icao_code": "VT", "waypoint_identifier": "SP702", "waypoint_latitude": 8.18511944, "waypoint_longitude": 98.00933889, "waypoint_description_code": "E", "turn_direction": null, "rnp": null, "path_termination": "TF", "recommanded_navaid": null, "recommanded_navaid_latitude": null, "recommanded_navaid_longitude": null, "arc_radius": null, "theta": null, "rho": null, "magnetic_course": null, "route_distance_holding_distance_time": null, "distance_time": null, "altitude_description": "+", "altitude1": 4000.0, "altitude2": null, "transition_altitude": null, "speed_limit_description": "-", "speed_limit": 230.0, "vertical_angle": null, "center_waypoint": null, "center_waypoint_latitude": null, "center_waypoint_longitude": null, "aircraft_category": null}, "geometry": {"type": "MultiPoint", "coordinates": [[98.00933889, 8.18511944]]}}, {"type": "Feature", "properties": {"fid": 4691, "area_code": "PAC", "airport_identifier": "VTSP", "procedure_identifier": "UPSA1C", "route_type": "5", "transition_identifier": "RW09", "seqno": 50, "waypoint_icao_code": "VT", "waypoint_identifier": "KALIM", "waypoint_latitude": 8.08507222, "waypoint_longitude": 98.01889444, "waypoint_description_code": "E", "turn_direction": null, "rnp": null, "path_termination": "TF", "recommanded_navaid": null, "recommanded_navaid_latitude": null, "recommanded_navaid_longitude": null, "arc_radius": null, "theta": null, "rho": null, "magnetic_course": null, "route_distance_holding_distance_time": null, "distance_time": null, "altitude_description": "+", "altitude1": 4000.0, "altitude2": null, "transition_altitude": null, "speed_limit_description": "-", "speed_limit": 200.0, "vertical_angle": null, "center_waypoint": null, "center_waypoint_latitude": null, "center_waypoint_longitude": null, "aircraft_category": null}, "geometry": {"type": "MultiPoint", "coordinates": [[98.01889444, 8.08507222]]}}, {"type": "Feature", "properties": {"fid": 4693, "area_code": "PAC", "airport_identifier": "VTBS", "procedure_identifier": "WILA1D", "route_type": "4", "transition_identifier": "BONVO", "seqno": 10, "waypoint_icao_code": "VT", "waypoint_identifier": "BONVO", "waypoint_latitude": 13.73624167, "waypoint_longitude": 99.76853333, "waypoint_description_code": "E", "turn_direction": null, "rnp": null, "path_termination": "IF", "recommanded_navaid": null, "recommanded_navaid_latitude": null, "recommanded_navaid_longitude": null, "arc_radius": null, "theta": null, "rho": null, "magnetic_course": null, "route_distance_holding_distance_time": null, "distance_time": null, "altitude_description": null, "altitude1": null, "altitude2": null, "transition_altitude": null, "speed_limit_description": null, "speed_limit": null, "vertical_angle": null, "center_waypoint": null, "center_waypoint_latitude": null, "center_waypoint_longitude": null, "aircraft_category": null}, "geometry": {"type": "MultiPoint", "coordinates": [[99.76853333, 13.73624167]]}}, {"type": "Feature", "properties": {"fid": 4694, "area_code": "PAC", "airport_identifier": "VTBS", "procedure_identifier": "WILA1D", "route_type": "4", "transition_identifier": "BONVO", "seqno": 20, "waypoint_icao_code": "VT", "waypoint_identifier": "WILLA", "waypoint_latitude": 14.40471667, "waypoint_longitude": 100.05982222, "waypoint_description_code": "E", "turn_direction": null, "rnp": null, "path_termination": "TF", "recommanded_navaid": null, "recommanded_navaid_latitude": null, "recommanded_navaid_longitude": null, "arc_radius": null, "theta": null, "rho": null, "magnetic_course": null, "route_distance_holding_distance_time": null, "distance_time": null, "altitude_description": "-", "altitude1": 22000.0, "altitude2": null, "transition_altitude": null, "speed_limit_description": "-", "speed_limit": 280.0, "vertical_angle": null, "center_waypoint": null, "center_waypoint_latitude": null, "center_waypoint_longitude": null, "aircraft_category": null}, "geometry": {"type": "MultiPoint", "coordinates": [[100.05982222, 14.40471667]]}}, {"type": "Feature", "properties": {"fid": 4696, "area_code": "PAC", "airport_identifier": "VTBS", "procedure_identifier": "WILA1D", "route_type": "4", "transition_identifier": "IBETO", "seqno": 10, "waypoint_icao_code": "VT", "waypoint_identifier": "IBETO", "waypoint_latitude": 14.17670556, "waypoint_longitude": 99.49602222, "waypoint_description_code": "E", "turn_direction": null, "rnp": null, "path_termination": "IF", "recommanded_navaid": null, "recommanded_navaid_latitude": null, "recommanded_navaid_longitude": null, "arc_radius": null, "theta": null, "rho": null, "magnetic_course": null, "route_distance_holding_distance_time": null, "distance_time": null, "altitude_description": null, "altitude1": null, "altitude2": null, "transition_altitude": null, "speed_limit_description": null, "speed_limit": null, "vertical_angle": null, "center_waypoint": null, "center_waypoint_latitude": null, "center_waypoint_longitude": null, "aircraft_category": null}, "geometry": {"type": "MultiPoint", "coordinates": [[99.49602222, 14.17670556]]}}, {"type": "Feature", "properties": {"fid": 4697, "area_code": "PAC", "airport_identifier": "VTBS", "procedure_identifier": "WILA1D", "route_type": "4", "transition_identifier": "IBETO", "seqno": 20, "waypoint_icao_code": "VT", "waypoint_identifier": "WILLA", "waypoint_latitude": 14.40471667, "waypoint_longitude": 100.05982222, "waypoint_description_code": "E", "turn_direction": null, "rnp": null, "path_termination": "TF", "recommanded_navaid": null, "recommanded_navaid_latitude": null, "recommanded_navaid_longitude": null, "arc_radius": null, "theta": null, "rho": null, "magnetic_course": null, "route_distance_holding_distance_time": null, "distance_time": null, "altitude_description": "-", "altitude1": 22000.0, "altitude2": null, "transition_altitude": null, "speed_limit_description": "-", "speed_limit": 280.0, "vertical_angle": null, "center_waypoint": null, "center_waypoint_latitude": null, "center_waypoint_longitude": null, "aircraft_category": null}, "geometry": {"type": "MultiPoint", "coordinates": [[100.05982222, 14.40471667]]}}, {"type": "Feature", "properties": {"fid": 4699, "area_code": "PAC", "airport_identifier": "VTBS", "procedure_identifier": "WILA1D", "route_type": "4", "transition_identifier": "IGONI", "seqno": 10, "waypoint_icao_code": "VT", "waypoint_identifier": "IGONI", "waypoint_latitude": 14.442425, "waypoint_longitude": 99.90841389, "waypoint_description_code": "E", "turn_direction": null, "rnp": null, "path_termination": "IF", "recommanded_navaid": null, "recommanded_navaid_latitude": null, "recommanded_navaid_longitude": null, "arc_radius": null, "theta": null, "rho": null, "magnetic_course": null, "route_distance_holding_distance_time": null, "distance_time": null, "altitude_description": null, "altitude1": null, "altitude2": null, "transition_altitude": null, "speed_limit_description": null, "speed_limit": null, "vertical_angle": null, "center_waypoint": null, "center_waypoint_latitude": null, "center_waypoint_longitude": null, "aircraft_category": null}, "geometry": {"type": "MultiPoint", "coordinates": [[99.90841389, 14.442425]]}}, {"type": "Feature", "properties": {"fid": 4700, "area_code": "PAC", "airport_identifier": "VTBS", "procedure_identifier": "WILA1D", "route_type": "4", "transition_identifier": "IGONI", "seqno": 20, "waypoint_icao_code": "VT", "waypoint_identifier": "WILLA", "waypoint_latitude": 14.40471667, "waypoint_longitude": 100.05982222, "waypoint_description_code": "E", "turn_direction": null, "rnp": null, "path_termination": "TF", "recommanded_navaid": null, "recommanded_navaid_latitude": null, "recommanded_navaid_longitude": null, "arc_radius": null, "theta": null, "rho": null, "magnetic_course": null, "route_distance_holding_distance_time": null, "distance_time": null, "altitude_description": "-", "altitude1": 22000.0, "altitude2": null, "transition_altitude": null, "speed_limit_description": "-", "speed_limit": 280.0, "vertical_angle": null, "center_waypoint": null, "center_waypoint_latitude": null, "center_waypoint_longitude": null, "aircraft_category": null}, "geometry": {"type": "MultiPoint", "coordinates": [[100.05982222, 14.40471667]]}}, {"type": "Feature", "properties": {"fid": 4702, "area_code": "PAC", "airport_identifier": "VTBS", "procedure_identifier": "WILA1D", "route_type": "4", "transition_identifier": "TARED", "seqno": 10, "waypoint_icao_code": "VT", "waypoint_identifier": "TARED", "waypoint_latitude": 14.43875556, "waypoint_longitude": 99.52468611, "waypoint_description_code": "E", "turn_direction": null, "rnp": null, "path_termination": "IF", "recommanded_navaid": null, "recommanded_navaid_latitude": null, "recommanded_navaid_longitude": null, "arc_radius": null, "theta": null, "rho": null, "magnetic_course": null, "route_distance_holding_distance_time": null, "distance_time": null, "altitude_description": null, "altitude1": null, "altitude2": null, "transition_altitude": null, "speed_limit_description": null, "speed_limit": null, "vertical_angle": null, "center_waypoint": null, "center_waypoint_latitude": null, "center_waypoint_longitude": null, "aircraft_category": null}, "geometry": {"type": "MultiPoint", "coordinates": [[99.52468611, 14.43875556]]}}, {"type": "Feature", "properties": {"fid": 4703, "area_code": "PAC", "airport_identifier": "VTBS", "procedure_identifier": "WILA1D", "route_type": "4", "transition_identifier": "TARED", "seqno": 20, "waypoint_icao_code": "VT", "waypoint_identifier": "WILLA", "waypoint_latitude": 14.40471667, "waypoint_longitude": 100.05982222, "waypoint_description_code": "E", "turn_direction": null, "rnp": null, "path_termination": "TF", "recommanded_navaid": null, "recommanded_navaid_latitude": null, "recommanded_navaid_longitude": null, "arc_radius": null, "theta": null, "rho": null, "magnetic_course": null, "route_distance_holding_distance_time": null, "distance_time": null, "altitude_description": "-", "altitude1": 22000.0, "altitude2": null, "transition_altitude": null, "speed_limit_description": "-", "speed_limit": 280.0, "vertical_angle": null, "center_waypoint": null, "center_waypoint_latitude": null, "center_waypoint_longitude": null, "aircraft_category": null}, "geometry": {"type": "MultiPoint", "coordinates": [[100.05982222, 14.40471667]]}}, {"type": "Feature", "properties": {"fid": 4705, "area_code": "PAC", "airport_identifier": "VTBS", "procedure_identifier": "WILA1D", "route_type": "5", "transition_identifier": null, "seqno": 10, "waypoint_icao_code": "VT", "waypoint_identifier": "WILLA", "waypoint_latitude": 14.40471667, "waypoint_longitude": 100.05982222, "waypoint_description_code": "E", "turn_direction": null, "rnp": null, "path_termination": "IF", "recommanded_navaid": null, "recommanded_navaid_latitude": null, "recommanded_navaid_longitude": null, "arc_radius": null, "theta": null, "rho": null, "magnetic_course": null, "route_distance_holding_distance_time": null, "distance_time": null, "altitude_description": "-", "altitude1": 22000.0, "altitude2": null, "transition_altitude": null, "speed_limit_description": "-", "speed_limit": 280.0, "vertical_angle": null, "center_waypoint": null, "center_waypoint_latitude": null, "center_waypoint_longitude": null, "aircraft_category": null}, "geometry": {"type": "MultiPoint", "coordinates": [[100.05982222, 14.40471667]]}}, {"type": "Feature", "properties": {"fid": 4706, "area_code": "PAC", "airport_identifier": "VTBS", "procedure_identifier": "WILA1D", "route_type": "5", "transition_identifier": null, "seqno": 20, "waypoint_icao_code": "VT", "waypoint_identifier": "NIMEG", "waypoint_latitude": 14.35687778, "waypoint_longitude": 100.25128889, "waypoint_description_code": "E", "turn_direction": null, "rnp": null, "path_termination": "TF", "recommanded_navaid": null, "recommanded_navaid_latitude": null, "recommanded_navaid_longitude": null, "arc_radius": null, "theta": null, "rho": null, "magnetic_course": null, "route_distance_holding_distance_time": null, "distance_time": null, "altitude_description": null, "altitude1": null, "altitude2": null, "transition_altitude": null, "speed_limit_description": null, "speed_limit": null, "vertical_angle": null, "center_waypoint": null, "center_waypoint_latitude": null, "center_waypoint_longitude": null, "aircraft_category": null}, "geometry": {"type": "MultiPoint", "coordinates": [[100.25128889, 14.35687778]]}}, {"type": "Feature", "properties": {"fid": 4707, "area_code": "PAC", "airport_identifier": "VTBS", "procedure_identifier": "WILA1D", "route_type": "5", "transition_identifier": null, "seqno": 30, "waypoint_icao_code": "VT", "waypoint_identifier": "ISDEX", "waypoint_latitude": 14.28401944, "waypoint_longitude": 100.54160556, "waypoint_description_code": "E", "turn_direction": null, "rnp": null, "path_termination": "TF", "recommanded_navaid": null, "recommanded_navaid_latitude": null, "recommanded_navaid_longitude": null, "arc_radius": null, "theta": null, "rho": null, "magnetic_course": null, "route_distance_holding_distance_time": null, "distance_time": null, "altitude_description": null, "altitude1": null, "altitude2": null, "transition_altitude": null, "speed_limit_description": null, "speed_limit": null, "vertical_angle": null, "center_waypoint": null, "center_waypoint_latitude": null, "center_waypoint_longitude": null, "aircraft_category": null}, "geometry": {"type": "MultiPoint", "coordinates": [[100.54160556, 14.28401944]]}}, {"type": "Feature", "properties": {"fid": 4708, "area_code": "PAC", "airport_identifier": "VTBS", "procedure_identifier": "WILA1D", "route_type": "5", "transition_identifier": null, "seqno": 40, "waypoint_icao_code": "VT", "waypoint_identifier": "LAVAT", "waypoint_latitude": 14.23194722, "waypoint_longitude": 100.74821111, "waypoint_description_code": "E", "turn_direction": null, "rnp": null, "path_termination": "TF", "recommanded_navaid": null, "recommanded_navaid_latitude": null, "recommanded_navaid_longitude": null, "arc_radius": null, "theta": null, "rho": null, "magnetic_course": null, "route_distance_holding_distance_time": null, "distance_time": null, "altitude_description": "+", "altitude1": 16000.0, "altitude2": null, "transition_altitude": null, "speed_limit_description": null, "speed_limit": null, "vertical_angle": null, "center_waypoint": null, "center_waypoint_latitude": null, "center_waypoint_longitude": null, "aircraft_category": null}, "geometry": {"type": "MultiPoint", "coordinates": [[100.74821111, 14.23194722]]}}, {"type": "Feature", "properties": {"fid": 4709, "area_code": "PAC", "airport_identifier": "VTBS", "procedure_identifier": "WILA1D", "route_type": "5", "transition_identifier": null, "seqno": 50, "waypoint_icao_code": "VT", "waypoint_identifier": "BS421", "waypoint_latitude": 14.11976667, "waypoint_longitude": 100.7607, "waypoint_description_code": "E", "turn_direction": null, "rnp": null, "path_termination": "TF", "recommanded_navaid": null, "recommanded_navaid_latitude": null, "recommanded_navaid_longitude": null, "arc_radius": null, "theta": null, "rho": null, "magnetic_course": null, "route_distance_holding_distance_time": null, "distance_time": null, "altitude_description": null, "altitude1": null, "altitude2": null, "transition_altitude": null, "speed_limit_description": "-", "speed_limit": 250.0, "vertical_angle": null, "center_waypoint": null, "center_waypoint_latitude": null, "center_waypoint_longitude": null, "aircraft_category": null}, "geometry": {"type": "MultiPoint", "coordinates": [[100.7607, 14.11976667]]}}, {"type": "Feature", "properties": {"fid": 4710, "area_code": "PAC", "airport_identifier": "VTBS", "procedure_identifier": "WILA1D", "route_type": "5", "transition_identifier": null, "seqno": 60, "waypoint_icao_code": "VT", "waypoint_identifier": "BS420", "waypoint_latitude": 13.92534722, "waypoint_longitude": 100.70915556, "waypoint_description_code": "E", "turn_direction": null, "rnp": null, "path_termination": "TF", "recommanded_navaid": null, "recommanded_navaid_latitude": null, "recommanded_navaid_longitude": null, "arc_radius": null, "theta": null, "rho": null, "magnetic_course": null, "route_distance_holding_distance_time": null, "distance_time": null, "altitude_description": "+", "altitude1": 11000.0, "altitude2": null, "transition_altitude": null, "speed_limit_description": null, "speed_limit": null, "vertical_angle": null, "center_waypoint": null, "center_waypoint_latitude": null, "center_waypoint_longitude": null, "aircraft_category": null}, "geometry": {"type": "MultiPoint", "coordinates": [[100.70915556, 13.92534722]]}}, {"type": "Feature", "properties": {"fid": 4711, "area_code": "PAC", "airport_identifier": "VTBS", "procedure_identifier": "WILA1D", "route_type": "5", "transition_identifier": null, "seqno": 70, "waypoint_icao_code": "VT", "waypoint_identifier": "BS419", "waypoint_latitude": 13.71105556, "waypoint_longitude": 100.65246944, "waypoint_description_code": "E", "turn_direction": null, "rnp": null, "path_termination": "TF", "recommanded_navaid": null, "recommanded_navaid_latitude": null, "recommanded_navaid_longitude": null, "arc_radius": null, "theta": null, "rho": null, "magnetic_course": null, "route_distance_holding_distance_time": null, "distance_time": null, "altitude_description": "B", "altitude1": 9000.0, "altitude2": 7000.0, "transition_altitude": null, "speed_limit_description": "-", "speed_limit": 220.0, "vertical_angle": null, "center_waypoint": null, "center_waypoint_latitude": null, "center_waypoint_longitude": null, "aircraft_category": null}, "geometry": {"type": "MultiPoint", "coordinates": [[100.65246944, 13.71105556]]}}, {"type": "Feature", "properties": {"fid": 4712, "area_code": "PAC", "airport_identifier": "VTBS", "procedure_identifier": "WILA1D", "route_type": "5", "transition_identifier": null, "seqno": 80, "waypoint_icao_code": "VT", "waypoint_identifier": "BS418", "waypoint_latitude": 13.51317778, "waypoint_longitude": 100.60024167, "waypoint_description_code": "E", "turn_direction": null, "rnp": null, "path_termination": "TF", "recommanded_navaid": null, "recommanded_navaid_latitude": null, "recommanded_navaid_longitude": null, "arc_radius": null, "theta": null, "rho": null, "magnetic_course": null, "route_distance_holding_distance_time": null, "distance_time": null, "altitude_description": null, "altitude1": null, "altitude2": null, "transition_altitude": null, "speed_limit_description": null, "speed_limit": null, "vertical_angle": null, "center_waypoint": null, "center_waypoint_latitude": null, "center_waypoint_longitude": null, "aircraft_category": null}, "geometry": {"type": "MultiPoint", "coordinates": [[100.60024167, 13.51317778]]}}, {"type": "Feature", "properties": {"fid": 4713, "area_code": "PAC", "airport_identifier": "VTBS", "procedure_identifier": "WILA1D", "route_type": "5", "transition_identifier": null, "seqno": 90, "waypoint_icao_code": "VT", "waypoint_identifier": "BOGAS", "waypoint_latitude": 13.43212778, "waypoint_longitude": 100.57888056, "waypoint_description_code": "E", "turn_direction": null, "rnp": null, "path_termination": "TF", "recommanded_navaid": null, "recommanded_navaid_latitude": null, "recommanded_navaid_longitude": null, "arc_radius": null, "theta": null, "rho": null, "magnetic_course": null, "route_distance_holding_distance_time": null, "distance_time": null, "altitude_description": "+", "altitude1": 4000.0, "altitude2": null, "transition_altitude": null, "speed_limit_description": null, "speed_limit": null, "vertical_angle": null, "center_waypoint": null, "center_waypoint_latitude": null, "center_waypoint_longitude": null, "aircraft_category": null}, "geometry": {"type": "MultiPoint", "coordinates": [[100.57888056, 13.43212778]]}}, {"type": "Feature", "properties": {"fid": 4715, "area_code": "PAC", "airport_identifier": "VTBS", "procedure_identifier": "WILA1D", "route_type": "6", "transition_identifier": "RW01", "seqno": 10, "waypoint_icao_code": "VT", "waypoint_identifier": "BOGAS", "waypoint_latitude": 13.43212778, "waypoint_longitude": 100.57888056, "waypoint_description_code": "E", "turn_direction": null, "rnp": null, "path_termination": "IF", "recommanded_navaid": null, "recommanded_navaid_latitude": null, "recommanded_navaid_longitude": null, "arc_radius": null, "theta": null, "rho": null, "magnetic_course": null, "route_distance_holding_distance_time": null, "distance_time": null, "altitude_description": "+", "altitude1": 4000.0, "altitude2": null, "transition_altitude": null, "speed_limit_description": null, "speed_limit": null, "vertical_angle": null, "center_waypoint": null, "center_waypoint_latitude": null, "center_waypoint_longitude": null, "aircraft_category": null}, "geometry": {"type": "MultiPoint", "coordinates": [[100.57888056, 13.43212778]]}}, {"type": "Feature", "properties": {"fid": 4716, "area_code": "PAC", "airport_identifier": "VTBS", "procedure_identifier": "WILA1D", "route_type": "6", "transition_identifier": "RW01", "seqno": 20, "waypoint_icao_code": null, "waypoint_identifier": null, "waypoint_latitude": null, "waypoint_longitude": null, "waypoint_description_code": null, "turn_direction": null, "rnp": null, "path_termination": "VM", "recommanded_navaid": null, "recommanded_navaid_latitude": null, "recommanded_navaid_longitude": null, "arc_radius": null, "theta": null, "rho": null, "magnetic_course": 195.0, "route_distance_holding_distance_time": null, "distance_time": null, "altitude_description": null, "altitude1": null, "altitude2": null, "transition_altitude": null, "speed_limit_description": null, "speed_limit": null, "vertical_angle": null, "center_waypoint": null, "center_waypoint_latitude": null, "center_waypoint_longitude": null, "aircraft_category": null}, "geometry": {"type": "MultiPoint", "coordinates": []}}, {"type": "Feature", "properties": {"fid": 4717, "area_code": "PAC", "airport_identifier": "VTBS", "procedure_identifier": "WILA1D", "route_type": "6", "transition_identifier": "RW02B", "seqno": 10, "waypoint_icao_code": "VT", "waypoint_identifier": "BOGAS", "waypoint_latitude": 13.43212778, "waypoint_longitude": 100.57888056, "waypoint_description_code": "E", "turn_direction": null, "rnp": null, "path_termination": "IF", "recommanded_navaid": null, "recommanded_navaid_latitude": null, "recommanded_navaid_longitude": null, "arc_radius": null, "theta": null, "rho": null, "magnetic_course": null, "route_distance_holding_distance_time": null, "distance_time": null, "altitude_description": "+", "altitude1": 4000.0, "altitude2": null, "transition_altitude": null, "speed_limit_description": null, "speed_limit": null, "vertical_angle": null, "center_waypoint": null, "center_waypoint_latitude": null, "center_waypoint_longitude": null, "aircraft_category": null}, "geometry": {"type": "MultiPoint", "coordinates": [[100.57888056, 13.43212778]]}}, {"type": "Feature", "properties": {"fid": 4718, "area_code": "PAC", "airport_identifier": "VTBS", "procedure_identifier": "WILA1D", "route_type": "6", "transition_identifier": "RW02B", "seqno": 20, "waypoint_icao_code": null, "waypoint_identifier": null, "waypoint_latitude": null, "waypoint_longitude": null, "waypoint_description_code": null, "turn_direction": null, "rnp": null, "path_termination": "VM", "recommanded_navaid": null, "recommanded_navaid_latitude": null, "recommanded_navaid_longitude": null, "arc_radius": null, "theta": null, "rho": null, "magnetic_course": 195.0, "route_distance_holding_distance_time": null, "distance_time": null, "altitude_description": null, "altitude1": null, "altitude2": null, "transition_altitude": null, "speed_limit_description": null, "speed_limit": null, "vertical_angle": null, "center_waypoint": null, "center_waypoint_latitude": null, "center_waypoint_longitude": null, "aircraft_category": null}, "geometry": {"type": "MultiPoint", "coordinates": []}}, {"type": "Feature", "properties": {"fid": 4719, "area_code": "PAC", "airport_identifier": "VTCC", "procedure_identifier": "MONL2B", "route_type": "5", "transition_identifier": "RW18", "seqno": 10, "waypoint_icao_code": "VT", "waypoint_identifier": "MONLO", "waypoint_latitude": 18.78394444, "waypoint_longitude": 99.62870833, "waypoint_description_code": "E", "turn_direction": null, "rnp": null, "path_termination": "IF", "recommanded_navaid": null, "recommanded_navaid_latitude": null, "recommanded_navaid_longitude": null, "arc_radius": null, "theta": null, "rho": null, "magnetic_course": null, "route_distance_holding_distance_time": null, "distance_time": null, "altitude_description": "+", "altitude1": 15000.0, "altitude2": null, "transition_altitude": null, "speed_limit_description": null, "speed_limit": null, "vertical_angle": null, "center_waypoint": null, "center_waypoint_latitude": null, "center_waypoint_longitude": null, "aircraft_category": null}, "geometry": {"type": "MultiPoint", "coordinates": [[99.62870833, 18.78394444]]}}, {"type": "Feature", "properties": {"fid": 4720, "area_code": "PAC", "airport_identifier": "VTCC", "procedure_identifier": "MONL2B", "route_type": "5", "transition_identifier": "RW18", "seqno": 20, "waypoint_icao_code": "VT", "waypoint_identifier": "CC512", "waypoint_latitude": 18.78526944, "waypoint_longitude": 99.4548, "waypoint_description_code": "E", "turn_direction": null, "rnp": null, "path_termination": "TF", "recommanded_navaid": null, "recommanded_navaid_latitude": null, "recommanded_navaid_longitude": null, "arc_radius": null, "theta": null, "rho": null, "magnetic_course": null, "route_distance_holding_distance_time": null, "distance_time": null, "altitude_description": "+", "altitude1": 14000.0, "altitude2": null, "transition_altitude": null, "speed_limit_description": null, "speed_limit": null, "vertical_angle": null, "center_waypoint": null, "center_waypoint_latitude": null, "center_waypoint_longitude": null, "aircraft_category": null}, "geometry": {"type": "MultiPoint", "coordinates": [[99.4548, 18.78526944]]}}, {"type": "Feature", "properties": {"fid": 4721, "area_code": "PAC", "airport_identifier": "VTCC", "procedure_identifier": "MONL2B", "route_type": "5", "transition_identifier": "RW18", "seqno": 30, "waypoint_icao_code": "VT", "waypoint_identifier": "CC513", "waypoint_latitude": 18.78530833, "waypoint_longitude": 99.33183333, "waypoint_description_code": "E", "turn_direction": null, "rnp": null, "path_termination": "TF", "recommanded_navaid": null, "recommanded_navaid_latitude": null, "recommanded_navaid_longitude": null, "arc_radius": null, "theta": null, "rho": null, "magnetic_course": null, "route_distance_holding_distance_time": null, "distance_time": null, "altitude_description": "+", "altitude1": 11000.0, "altitude2": null, "transition_altitude": null, "speed_limit_description": null, "speed_limit": null, "vertical_angle": null, "center_waypoint": null, "center_waypoint_latitude": null, "center_waypoint_longitude": null, "aircraft_category": null}, "geometry": {"type": "MultiPoint", "coordinates": [[99.33183333, 18.78530833]]}}, {"type": "Feature", "properties": {"fid": 4722, "area_code": "PAC", "airport_identifier": "VTCC", "procedure_identifier": "MONL2B", "route_type": "5", "transition_identifier": "RW18", "seqno": 40, "waypoint_icao_code": "VT", "waypoint_identifier": "EMSOG", "waypoint_latitude": 18.78579167, "waypoint_longitude": 99.20886667, "waypoint_description_code": "E", "turn_direction": null, "rnp": null, "path_termination": "TF", "recommanded_navaid": null, "recommanded_navaid_latitude": null, "recommanded_navaid_longitude": null, "arc_radius": null, "theta": null, "rho": null, "magnetic_course": null, "route_distance_holding_distance_time": null, "distance_time": null, "altitude_description": "@", "altitude1": 11000.0, "altitude2": null, "transition_altitude": null, "speed_limit_description": "-", "speed_limit": 220.0, "vertical_angle": null, "center_waypoint": null, "center_waypoint_latitude": null, "center_waypoint_longitude": null, "aircraft_category": null}, "geometry": {"type": "MultiPoint", "coordinates": [[99.20886667, 18.78579167]]}}, {"type": "Feature", "properties": {"fid": 4723, "area_code": "PAC", "airport_identifier": "VTCC", "procedure_identifier": "MONL2B", "route_type": "5", "transition_identifier": "RW18", "seqno": 50, "waypoint_icao_code": "VT", "waypoint_identifier": "TUNTU", "waypoint_latitude": 18.95139167, "waypoint_longitude": 99.20951944, "waypoint_description_code": "E", "turn_direction": null, "rnp": null, "path_termination": "TF", "recommanded_navaid": null, "recommanded_navaid_latitude": null, "recommanded_navaid_longitude": null, "arc_radius": null, "theta": null, "rho": null, "magnetic_course": null, "route_distance_holding_distance_time": null, "distance_time": null, "altitude_description": "-", "altitude1": 9000.0, "altitude2": null, "transition_altitude": null, "speed_limit_description": null, "speed_limit": null, "vertical_angle": null, "center_waypoint": null, "center_waypoint_latitude": null, "center_waypoint_longitude": null, "aircraft_category": null}, "geometry": {"type": "MultiPoint", "coordinates": [[99.20951944, 18.95139167]]}}, {"type": "Feature", "properties": {"fid": 4724, "area_code": "PAC", "airport_identifier": "VTCC", "procedure_identifier": "MONL2B", "route_type": "5", "transition_identifier": "RW18", "seqno": 60, "waypoint_icao_code": "VT", "waypoint_identifier": "SUSEG", "waypoint_latitude": 19.04983056, "waypoint_longitude": 99.20991111, "waypoint_description_code": "E", "turn_direction": null, "rnp": null, "path_termination": "TF", "recommanded_navaid": null, "recommanded_navaid_latitude": null, "recommanded_navaid_longitude": null, "arc_radius": null, "theta": null, "rho": null, "magnetic_course": null, "route_distance_holding_distance_time": null, "distance_time": null, "altitude_description": "-", "altitude1": 9000.0, "altitude2": null, "transition_altitude": null, "speed_limit_description": null, "speed_limit": null, "vertical_angle": null, "center_waypoint": null, "center_waypoint_latitude": null, "center_waypoint_longitude": null, "aircraft_category": null}, "geometry": {"type": "MultiPoint", "coordinates": [[99.20991111, 19.04983056]]}}, {"type": "Feature", "properties": {"fid": 4725, "area_code": "PAC", "airport_identifier": "VTCC", "procedure_identifier": "MONL2B", "route_type": "5", "transition_identifier": "RW18", "seqno": 70, "waypoint_icao_code": "VT", "waypoint_identifier": "MESUX", "waypoint_latitude": 19.05013333, "waypoint_longitude": 99.11962222, "waypoint_description_code": "E", "turn_direction": null, "rnp": null, "path_termination": "TF", "recommanded_navaid": null, "recommanded_navaid_latitude": null, "recommanded_navaid_longitude": null, "arc_radius": null, "theta": null, "rho": null, "magnetic_course": null, "route_distance_holding_distance_time": null, "distance_time": null, "altitude_description": "+", "altitude1": 8400.0, "altitude2": null, "transition_altitude": null, "speed_limit_description": null, "speed_limit": null, "vertical_angle": null, "center_waypoint": null, "center_waypoint_latitude": null, "center_waypoint_longitude": null, "aircraft_category": null}, "geometry": {"type": "MultiPoint", "coordinates": [[99.11962222, 19.05013333]]}}, {"type": "Feature", "properties": {"fid": 4726, "area_code": "PAC", "airport_identifier": "VTCC", "procedure_identifier": "MONL2B", "route_type": "5", "transition_identifier": "RW18", "seqno": 80, "waypoint_icao_code": "VT", "waypoint_identifier": "PILEX", "waypoint_latitude": 19.05055, "waypoint_longitude": 98.96358889, "waypoint_description_code": "E", "turn_direction": null, "rnp": null, "path_termination": "TF", "recommanded_navaid": null, "recommanded_navaid_latitude": null, "recommanded_navaid_longitude": null, "arc_radius": null, "theta": null, "rho": null, "magnetic_course": null, "route_distance_holding_distance_time": null, "distance_time": null, "altitude_description": "+", "altitude1": 5500.0, "altitude2": null, "transition_altitude": null, "speed_limit_description": "-", "speed_limit": 210.0, "vertical_angle": null, "center_waypoint": null, "center_waypoint_latitude": null, "center_waypoint_longitude": null, "aircraft_category": null}, "geometry": {"type": "MultiPoint", "coordinates": [[98.96358889, 19.05055]]}}, {"type": "Feature", "properties": {"fid": 4728, "area_code": "PAC", "airport_identifier": "VTSB", "procedure_identifier": "EMVE1B", "route_type": "5", "transition_identifier": "RW04", "seqno": 10, "waypoint_icao_code": "VT", "waypoint_identifier": "EMVEL", "waypoint_latitude": 8.74377222, "waypoint_longitude": 99.35601944, "waypoint_description_code": "E", "turn_direction": null, "rnp": null, "path_termination": "IF", "recommanded_navaid": null, "recommanded_navaid_latitude": null, "recommanded_navaid_longitude": null, "arc_radius": null, "theta": null, "rho": null, "magnetic_course": null, "route_distance_holding_distance_time": null, "distance_time": null, "altitude_description": "+", "altitude1": 9000.0, "altitude2": null, "transition_altitude": null, "speed_limit_description": null, "speed_limit": null, "vertical_angle": null, "center_waypoint": null, "center_waypoint_latitude": null, "center_waypoint_longitude": null, "aircraft_category": null}, "geometry": {"type": "MultiPoint", "coordinates": [[99.35601944, 8.74377222]]}}, {"type": "Feature", "properties": {"fid": 4729, "area_code": "PAC", "airport_identifier": "VTSB", "procedure_identifier": "EMVE1B", "route_type": "5", "transition_identifier": "RW04", "seqno": 20, "waypoint_icao_code": "VT", "waypoint_identifier": "SB412", "waypoint_latitude": 8.80835833, "waypoint_longitude": 99.23023889, "waypoint_description_code": "E", "turn_direction": null, "rnp": null, "path_termination": "TF", "recommanded_navaid": null, "recommanded_navaid_latitude": null, "recommanded_navaid_longitude": null, "arc_radius": null, "theta": null, "rho": null, "magnetic_course": null, "route_distance_holding_distance_time": null, "distance_time": null, "altitude_description": "+", "altitude1": 9000.0, "altitude2": null, "transition_altitude": null, "speed_limit_description": null, "speed_limit": null, "vertical_angle": null, "center_waypoint": null, "center_waypoint_latitude": null, "center_waypoint_longitude": null, "aircraft_category": null}, "geometry": {"type": "MultiPoint", "coordinates": [[99.23023889, 8.80835833]]}}, {"type": "Feature", "properties": {"fid": 4730, "area_code": "PAC", "airport_identifier": "VTSB", "procedure_identifier": "EMVE1B", "route_type": "5", "transition_identifier": "RW04", "seqno": 30, "waypoint_icao_code": "VT", "waypoint_identifier": "VELRA", "waypoint_latitude": 8.89278056, "waypoint_longitude": 99.06563889, "waypoint_description_code": "E", "turn_direction": null, "rnp": null, "path_termination": "TF", "recommanded_navaid": null, "recommanded_navaid_latitude": null, "recommanded_navaid_longitude": null, "arc_radius": null, "theta": null, "rho": null, "magnetic_course": null, "route_distance_holding_distance_time": null, "distance_time": null, "altitude_description": "-", "altitude1": 5000.0, "altitude2": null, "transition_altitude": null, "speed_limit_description": "-", "speed_limit": 230.0, "vertical_angle": null, "center_waypoint": null, "center_waypoint_latitude": null, "center_waypoint_longitude": null, "aircraft_category": null}, "geometry": {"type": "MultiPoint", "coordinates": [[99.06563889, 8.89278056]]}}, {"type": "Feature", "properties": {"fid": 4731, "area_code": "PAC", "airport_identifier": "VTSB", "procedure_identifier": "EMVE1B", "route_type": "5", "transition_identifier": "RW04", "seqno": 40, "waypoint_icao_code": "VT", "waypoint_identifier": "METIN", "waypoint_latitude": 8.97443333, "waypoint_longitude": 98.98106944, "waypoint_description_code": "E", "turn_direction": null, "rnp": null, "path_termination": "TF", "recommanded_navaid": null, "recommanded_navaid_latitude": null, "recommanded_navaid_longitude": null, "arc_radius": null, "theta": null, "rho": null, "magnetic_course": null, "route_distance_holding_distance_time": null, "distance_time": null, "altitude_description": "+", "altitude1": 3200.0, "altitude2": null, "transition_altitude": null, "speed_limit_description": "-", "speed_limit": 210.0, "vertical_angle": null, "center_waypoint": null, "center_waypoint_latitude": null, "center_waypoint_longitude": null, "aircraft_category": null}, "geometry": {"type": "MultiPoint", "coordinates": [[98.98106944, 8.97443333]]}}, {"type": "Feature", "properties": {"fid": 4733, "area_code": "PAC", "airport_identifier": "VTCC", "procedure_identifier": "ADLU2A", "route_type": "5", "transition_identifier": "RW36", "seqno": 10, "waypoint_icao_code": "VT", "waypoint_identifier": "ADLUS", "waypoint_latitude": 19.10291389, "waypoint_longitude": 99.22219167, "waypoint_description_code": "E", "turn_direction": null, "rnp": null, "path_termination": "IF", "recommanded_navaid": null, "recommanded_navaid_latitude": null, "recommanded_navaid_longitude": null, "arc_radius": null, "theta": null, "rho": null, "magnetic_course": null, "route_distance_holding_distance_time": null, "distance_time": null, "altitude_description": "+", "altitude1": 15000.0, "altitude2": null, "transition_altitude": null, "speed_limit_description": null, "speed_limit": null, "vertical_angle": null, "center_waypoint": null, "center_waypoint_latitude": null, "center_waypoint_longitude": null, "aircraft_category": null}, "geometry": {"type": "MultiPoint", "coordinates": [[99.22219167, 19.10291389]]}}, {"type": "Feature", "properties": {"fid": 4734, "area_code": "PAC", "airport_identifier": "VTCC", "procedure_identifier": "ADLU2A", "route_type": "5", "transition_identifier": "RW36", "seqno": 20, "waypoint_icao_code": "VT", "waypoint_identifier": "CC113", "waypoint_latitude": 18.78386667, "waypoint_longitude": 99.32209722, "waypoint_description_code": "E", "turn_direction": null, "rnp": null, "path_termination": "TF", "recommanded_navaid": null, "recommanded_navaid_latitude": null, "recommanded_navaid_longitude": null, "arc_radius": null, "theta": null, "rho": null, "magnetic_course": null, "route_distance_holding_distance_time": null, "distance_time": null, "altitude_description": "-", "altitude1": 11000.0, "altitude2": null, "transition_altitude": null, "speed_limit_description": null, "speed_limit": null, "vertical_angle": null, "center_waypoint": null, "center_waypoint_latitude": null, "center_waypoint_longitude": null, "aircraft_category": null}, "geometry": {"type": "MultiPoint", "coordinates": [[99.32209722, 18.78386667]]}}, {"type": "Feature", "properties": {"fid": 4735, "area_code": "PAC", "airport_identifier": "VTCC", "procedure_identifier": "ADLU2A", "route_type": "5", "transition_identifier": "RW36", "seqno": 30, "waypoint_icao_code": "VT", "waypoint_identifier": "ATNUT", "waypoint_latitude": 18.59438611, "waypoint_longitude": 99.41090278, "waypoint_description_code": "E", "turn_direction": null, "rnp": null, "path_termination": "TF", "recommanded_navaid": null, "recommanded_navaid_latitude": null, "recommanded_navaid_longitude": null, "arc_radius": null, "theta": null, "rho": null, "magnetic_course": null, "route_distance_holding_distance_time": null, "distance_time": null, "altitude_description": "-", "altitude1": 10000.0, "altitude2": null, "transition_altitude": null, "speed_limit_description": "-", "speed_limit": 230.0, "vertical_angle": null, "center_waypoint": null, "center_waypoint_latitude": null, "center_waypoint_longitude": null, "aircraft_category": null}, "geometry": {"type": "MultiPoint", "coordinates": [[99.41090278, 18.59438611]]}}, {"type": "Feature", "properties": {"fid": 4736, "area_code": "PAC", "airport_identifier": "VTCC", "procedure_identifier": "ADLU2A", "route_type": "5", "transition_identifier": "RW36", "seqno": 40, "waypoint_icao_code": "VT", "waypoint_identifier": "TASIV", "waypoint_latitude": 18.53923889, "waypoint_longitude": 99.30162222, "waypoint_description_code": "E", "turn_direction": null, "rnp": null, "path_termination": "TF", "recommanded_navaid": null, "recommanded_navaid_latitude": null, "recommanded_navaid_longitude": null, "arc_radius": null, "theta": null, "rho": null, "magnetic_course": null, "route_distance_holding_distance_time": null, "distance_time": null, "altitude_description": "@", "altitude1": 9000.0, "altitude2": null, "transition_altitude": null, "speed_limit_description": "-", "speed_limit": 220.0, "vertical_angle": null, "center_waypoint": null, "center_waypoint_latitude": null, "center_waypoint_longitude": null, "aircraft_category": null}, "geometry": {"type": "MultiPoint", "coordinates": [[99.30162222, 18.53923889]]}}, {"type": "Feature", "properties": {"fid": 4737, "area_code": "PAC", "airport_identifier": "VTCC", "procedure_identifier": "ADLU2A", "route_type": "5", "transition_identifier": "RW36", "seqno": 50, "waypoint_icao_code": "VT", "waypoint_identifier": "CC115", "waypoint_latitude": 18.40555556, "waypoint_longitude": 99.32885278, "waypoint_description_code": "E", "turn_direction": null, "rnp": null, "path_termination": "TF", "recommanded_navaid": null, "recommanded_navaid_latitude": null, "recommanded_navaid_longitude": null, "arc_radius": null, "theta": null, "rho": null, "magnetic_course": null, "route_distance_holding_distance_time": null, "distance_time": null, "altitude_description": null, "altitude1": null, "altitude2": null, "transition_altitude": null, "speed_limit_description": null, "speed_limit": null, "vertical_angle": null, "center_waypoint": null, "center_waypoint_latitude": null, "center_waypoint_longitude": null, "aircraft_category": null}, "geometry": {"type": "MultiPoint", "coordinates": [[99.32885278, 18.40555556]]}}, {"type": "Feature", "properties": {"fid": 4738, "area_code": "PAC", "airport_identifier": "VTCC", "procedure_identifier": "ADLU2A", "route_type": "5", "transition_identifier": "RW36", "seqno": 60, "waypoint_icao_code": "VT", "waypoint_identifier": "CC116", "waypoint_latitude": 18.30525, "waypoint_longitude": 99.29271667, "waypoint_description_code": "E", "turn_direction": null, "rnp": null, "path_termination": "TF", "recommanded_navaid": null, "recommanded_navaid_latitude": null, "recommanded_navaid_longitude": null, "arc_radius": null, "theta": null, "rho": null, "magnetic_course": null, "route_distance_holding_distance_time": null, "distance_time": null, "altitude_description": null, "altitude1": null, "altitude2": null, "transition_altitude": null, "speed_limit_description": null, "speed_limit": null, "vertical_angle": null, "center_waypoint": null, "center_waypoint_latitude": null, "center_waypoint_longitude": null, "aircraft_category": null}, "geometry": {"type": "MultiPoint", "coordinates": [[99.29271667, 18.30525]]}}, {"type": "Feature", "properties": {"fid": 4739, "area_code": "PAC", "airport_identifier": "VTCC", "procedure_identifier": "ADLU2A", "route_type": "5", "transition_identifier": "RW36", "seqno": 70, "waypoint_icao_code": "VT", "waypoint_identifier": "CC117", "waypoint_latitude": 18.20489167, "waypoint_longitude": 99.15440833, "waypoint_description_code": "E", "turn_direction": null, "rnp": null, "path_termination": "TF", "recommanded_navaid": null, "recommanded_navaid_latitude": null, "recommanded_navaid_longitude": null, "arc_radius": null, "theta": null, "rho": null, "magnetic_course": null, "route_distance_holding_distance_time": null, "distance_time": null, "altitude_description": "@", "altitude1": 9000.0, "altitude2": null, "transition_altitude": null, "speed_limit_description": null, "speed_limit": null, "vertical_angle": null, "center_waypoint": null, "center_waypoint_latitude": null, "center_waypoint_longitude": null, "aircraft_category": null}, "geometry": {"type": "MultiPoint", "coordinates": [[99.15440833, 18.20489167]]}}, {"type": "Feature", "properties": {"fid": 4740, "area_code": "PAC", "airport_identifier": "VTCC", "procedure_identifier": "ADLU2A", "route_type": "5", "transition_identifier": "RW36", "seqno": 80, "waypoint_icao_code": "VT", "waypoint_identifier": "PUKAT", "waypoint_latitude": 18.42949167, "waypoint_longitude": 99.08473056, "waypoint_description_code": "E", "turn_direction": "R", "rnp": null, "path_termination": "TF", "recommanded_navaid": null, "recommanded_navaid_latitude": null, "recommanded_navaid_longitude": null, "arc_radius": null, "theta": null, "rho": null, "magnetic_course": null, "route_distance_holding_distance_time": null, "distance_time": null, "altitude_description": "-", "altitude1": 8000.0, "altitude2": null, "transition_altitude": null, "speed_limit_description": null, "speed_limit": null, "vertical_angle": null, "center_waypoint": null, "center_waypoint_latitude": null, "center_waypoint_longitude": null, "aircraft_category": null}, "geometry": {"type": "MultiPoint", "coordinates": [[99.08473056, 18.42949167]]}}, {"type": "Feature", "properties": {"fid": 4741, "area_code": "PAC", "airport_identifier": "VTCC", "procedure_identifier": "ADLU2A", "route_type": "5", "transition_identifier": "RW36", "seqno": 90, "waypoint_icao_code": "VT", "waypoint_identifier": "RIGTA", "waypoint_latitude": 18.42981944, "waypoint_longitude": 98.96201944, "waypoint_description_code": "E", "turn_direction": null, "rnp": null, "path_termination": "TF", "recommanded_navaid": null, "recommanded_navaid_latitude": null, "recommanded_navaid_longitude": null, "arc_radius": null, "theta": null, "rho": null, "magnetic_course": null, "route_distance_holding_distance_time": null, "distance_time": null, "altitude_description": "+", "altitude1": 6600.0, "altitude2": null, "transition_altitude": null, "speed_limit_description": "-", "speed_limit": 210.0, "vertical_angle": null, "center_waypoint": null, "center_waypoint_latitude": null, "center_waypoint_longitude": null, "aircraft_category": null}, "geometry": {"type": "MultiPoint", "coordinates": [[98.96201944, 18.42981944]]}}, {"type": "Feature", "properties": {"fid": 4743, "area_code": "PAC", "airport_identifier": "VTUD", "procedure_identifier": "ELNE1A", "route_type": "5", "transition_identifier": "RW12", "seqno": 10, "waypoint_icao_code": "VT", "waypoint_identifier": "ELNET", "waypoint_latitude": 17.77361389, "waypoint_longitude": 102.62943056, "waypoint_description_code": "E", "turn_direction": null, "rnp": 1.0, "path_termination": "IF", "recommanded_navaid": null, "recommanded_navaid_latitude": null, "recommanded_navaid_longitude": null, "arc_radius": null, "theta": null, "rho": null, "magnetic_course": null, "route_distance_holding_distance_time": null, "distance_time": null, "altitude_description": "-", "altitude1": 9000.0, "altitude2": null, "transition_altitude": null, "speed_limit_description": null, "speed_limit": null, "vertical_angle": null, "center_waypoint": null, "center_waypoint_latitude": null, "center_waypoint_longitude": null, "aircraft_category": null}, "geometry": {"type": "MultiPoint", "coordinates": [[102.62943056, 17.77361389]]}}, {"type": "Feature", "properties": {"fid": 4744, "area_code": "PAC", "airport_identifier": "VTUD", "procedure_identifier": "ELNE1A", "route_type": "5", "transition_identifier": "RW12", "seqno": 20, "waypoint_icao_code": "VT", "waypoint_identifier": "LEBOG", "waypoint_latitude": 17.52778056, "waypoint_longitude": 102.49901111, "waypoint_description_code": "E", "turn_direction": null, "rnp": 1.0, "path_termination": "TF", "recommanded_navaid": null, "recommanded_navaid_latitude": null, "recommanded_navaid_longitude": null, "arc_radius": null, "theta": null, "rho": null, "magnetic_course": null, "route_distance_holding_distance_time": null, "distance_time": null, "altitude_description": "-", "altitude1": 5000.0, "altitude2": null, "transition_altitude": null, "speed_limit_description": "-", "speed_limit": 230.0, "vertical_angle": null, "center_waypoint": null, "center_waypoint_latitude": null, "center_waypoint_longitude": null, "aircraft_category": null}, "geometry": {"type": "MultiPoint", "coordinates": [[102.49901111, 17.52778056]]}}, {"type": "Feature", "properties": {"fid": 4745, "area_code": "PAC", "airport_identifier": "VTUD", "procedure_identifier": "ELNE1A", "route_type": "5", "transition_identifier": "RW12", "seqno": 30, "waypoint_icao_code": "VT", "waypoint_identifier": "TELUG", "waypoint_latitude": 17.48986111, "waypoint_longitude": 102.57673889, "waypoint_description_code": "E", "turn_direction": null, "rnp": 1.0, "path_termination": "TF", "recommanded_navaid": null, "recommanded_navaid_latitude": null, "recommanded_navaid_longitude": null, "arc_radius": null, "theta": null, "rho": null, "magnetic_course": null, "route_distance_holding_distance_time": null, "distance_time": null, "altitude_description": "+", "altitude1": 3500.0, "altitude2": null, "transition_altitude": null, "speed_limit_description": "-", "speed_limit": 230.0, "vertical_angle": null, "center_waypoint": null, "center_waypoint_latitude": null, "center_waypoint_longitude": null, "aircraft_category": null}, "geometry": {"type": "MultiPoint", "coordinates": [[102.57673889, 17.48986111]]}}, {"type": "Feature", "properties": {"fid": 4747, "area_code": "PAC", "airport_identifier": "VTSP", "procedure_identifier": "IGEV1C", "route_type": "5", "transition_identifier": "RW09", "seqno": 10, "waypoint_icao_code": "VT", "waypoint_identifier": "IGEVI", "waypoint_latitude": 8.61099444, "waypoint_longitude": 98.38882778, "waypoint_description_code": "E", "turn_direction": null, "rnp": null, "path_termination": "IF", "recommanded_navaid": null, "recommanded_navaid_latitude": null, "recommanded_navaid_longitude": null, "arc_radius": null, "theta": null, "rho": null, "magnetic_course": null, "route_distance_holding_distance_time": null, "distance_time": null, "altitude_description": "-", "altitude1": 10000.0, "altitude2": null, "transition_altitude": null, "speed_limit_description": null, "speed_limit": null, "vertical_angle": null, "center_waypoint": null, "center_waypoint_latitude": null, "center_waypoint_longitude": null, "aircraft_category": null}, "geometry": {"type": "MultiPoint", "coordinates": [[98.38882778, 8.61099444]]}}, {"type": "Feature", "properties": {"fid": 4748, "area_code": "PAC", "airport_identifier": "VTSP", "procedure_identifier": "IGEV1C", "route_type": "5", "transition_identifier": "RW09", "seqno": 20, "waypoint_icao_code": "VT", "waypoint_identifier": "TARPU", "waypoint_latitude": 8.30853611, "waypoint_longitude": 97.99647778, "waypoint_description_code": "E", "turn_direction": null, "rnp": null, "path_termination": "TF", "recommanded_navaid": null, "recommanded_navaid_latitude": null, "recommanded_navaid_longitude": null, "arc_radius": null, "theta": null, "rho": null, "magnetic_course": null, "route_distance_holding_distance_time": null, "distance_time": null, "altitude_description": "-", "altitude1": 7000.0, "altitude2": null, "transition_altitude": null, "speed_limit_description": "-", "speed_limit": 230.0, "vertical_angle": null, "center_waypoint": null, "center_waypoint_latitude": null, "center_waypoint_longitude": null, "aircraft_category": null}, "geometry": {"type": "MultiPoint", "coordinates": [[97.99647778, 8.30853611]]}}, {"type": "Feature", "properties": {"fid": 4749, "area_code": "PAC", "airport_identifier": "VTSP", "procedure_identifier": "IGEV1C", "route_type": "5", "transition_identifier": "RW09", "seqno": 30, "waypoint_icao_code": "VT", "waypoint_identifier": "SP702", "waypoint_latitude": 8.18511944, "waypoint_longitude": 98.00933889, "waypoint_description_code": "E", "turn_direction": null, "rnp": null, "path_termination": "TF", "recommanded_navaid": null, "recommanded_navaid_latitude": null, "recommanded_navaid_longitude": null, "arc_radius": null, "theta": null, "rho": null, "magnetic_course": null, "route_distance_holding_distance_time": null, "distance_time": null, "altitude_description": "+", "altitude1": 4000.0, "altitude2": null, "transition_altitude": null, "speed_limit_description": "-", "speed_limit": 230.0, "vertical_angle": null, "center_waypoint": null, "center_waypoint_latitude": null, "center_waypoint_longitude": null, "aircraft_category": null}, "geometry": {"type": "MultiPoint", "coordinates": [[98.00933889, 8.18511944]]}}, {"type": "Feature", "properties": {"fid": 4750, "area_code": "PAC", "airport_identifier": "VTSP", "procedure_identifier": "IGEV1C", "route_type": "5", "transition_identifier": "RW09", "seqno": 40, "waypoint_icao_code": "VT", "waypoint_identifier": "KALIM", "waypoint_latitude": 8.08507222, "waypoint_longitude": 98.01889444, "waypoint_description_code": "E", "turn_direction": null, "rnp": null, "path_termination": "TF", "recommanded_navaid": null, "recommanded_navaid_latitude": null, "recommanded_navaid_longitude": null, "arc_radius": null, "theta": null, "rho": null, "magnetic_course": null, "route_distance_holding_distance_time": null, "distance_time": null, "altitude_description": "+", "altitude1": 4000.0, "altitude2": null, "transition_altitude": null, "speed_limit_description": "-", "speed_limit": 200.0, "vertical_angle": null, "center_waypoint": null, "center_waypoint_latitude": null, "center_waypoint_longitude": null, "aircraft_category": null}, "geometry": {"type": "MultiPoint", "coordinates": [[98.01889444, 8.08507222]]}}, {"type": "Feature", "properties": {"fid": 4752, "area_code": "PAC", "airport_identifier": "VTSB", "procedure_identifier": "LAMU1B", "route_type": "5", "transition_identifier": "RW04", "seqno": 10, "waypoint_icao_code": "VT", "waypoint_identifier": "LAMUL", "waypoint_latitude": 8.80486667, "waypoint_longitude": 98.86893333, "waypoint_description_code": "E", "turn_direction": null, "rnp": null, "path_termination": "IF", "recommanded_navaid": null, "recommanded_navaid_latitude": null, "recommanded_navaid_longitude": null, "arc_radius": null, "theta": null, "rho": null, "magnetic_course": null, "route_distance_holding_distance_time": null, "distance_time": null, "altitude_description": "-", "altitude1": 7000.0, "altitude2": null, "transition_altitude": null, "speed_limit_description": null, "speed_limit": null, "vertical_angle": null, "center_waypoint": null, "center_waypoint_latitude": null, "center_waypoint_longitude": null, "aircraft_category": null}, "geometry": {"type": "MultiPoint", "coordinates": [[98.86893333, 8.80486667]]}}, {"type": "Feature", "properties": {"fid": 4753, "area_code": "PAC", "airport_identifier": "VTSB", "procedure_identifier": "LAMU1B", "route_type": "5", "transition_identifier": "RW04", "seqno": 20, "waypoint_icao_code": "VT", "waypoint_identifier": "EMTOB", "waypoint_latitude": 8.87650278, "waypoint_longitude": 98.91629167, "waypoint_description_code": "E", "turn_direction": null, "rnp": null, "path_termination": "TF", "recommanded_navaid": null, "recommanded_navaid_latitude": null, "recommanded_navaid_longitude": null, "arc_radius": null, "theta": null, "rho": null, "magnetic_course": null, "route_distance_holding_distance_time": null, "distance_time": null, "altitude_description": "-", "altitude1": 5000.0, "altitude2": null, "transition_altitude": null, "speed_limit_description": "-", "speed_limit": 230.0, "vertical_angle": null, "center_waypoint": null, "center_waypoint_latitude": null, "center_waypoint_longitude": null, "aircraft_category": null}, "geometry": {"type": "MultiPoint", "coordinates": [[98.91629167, 8.87650278]]}}, {"type": "Feature", "properties": {"fid": 4754, "area_code": "PAC", "airport_identifier": "VTSB", "procedure_identifier": "LAMU1B", "route_type": "5", "transition_identifier": "RW04", "seqno": 30, "waypoint_icao_code": "VT", "waypoint_identifier": "METIN", "waypoint_latitude": 8.97443333, "waypoint_longitude": 98.98106944, "waypoint_description_code": "E", "turn_direction": null, "rnp": null, "path_termination": "TF", "recommanded_navaid": null, "recommanded_navaid_latitude": null, "recommanded_navaid_longitude": null, "arc_radius": null, "theta": null, "rho": null, "magnetic_course": null, "route_distance_holding_distance_time": null, "distance_time": null, "altitude_description": "+", "altitude1": 3200.0, "altitude2": null, "transition_altitude": null, "speed_limit_description": "-", "speed_limit": 210.0, "vertical_angle": null, "center_waypoint": null, "center_waypoint_latitude": null, "center_waypoint_longitude": null, "aircraft_category": null}, "geometry": {"type": "MultiPoint", "coordinates": [[98.98106944, 8.97443333]]}}, {"type": "Feature", "properties": {"fid": 4756, "area_code": "PAC", "airport_identifier": "VTSP", "procedure_identifier": "SUSI1C", "route_type": "5", "transition_identifier": "RW09", "seqno": 10, "waypoint_icao_code": "VT", "waypoint_identifier": "SUSID", "waypoint_latitude": 8.61646111, "waypoint_longitude": 98.30221389, "waypoint_description_code": "E", "turn_direction": null, "rnp": null, "path_termination": "IF", "recommanded_navaid": null, "recommanded_navaid_latitude": null, "recommanded_navaid_longitude": null, "arc_radius": null, "theta": null, "rho": null, "magnetic_course": null, "route_distance_holding_distance_time": null, "distance_time": null, "altitude_description": "-", "altitude1": 10000.0, "altitude2": null, "transition_altitude": null, "speed_limit_description": null, "speed_limit": null, "vertical_angle": null, "center_waypoint": null, "center_waypoint_latitude": null, "center_waypoint_longitude": null, "aircraft_category": null}, "geometry": {"type": "MultiPoint", "coordinates": [[98.30221389, 8.61646111]]}}, {"type": "Feature", "properties": {"fid": 4757, "area_code": "PAC", "airport_identifier": "VTSP", "procedure_identifier": "SUSI1C", "route_type": "5", "transition_identifier": "RW09", "seqno": 30, "waypoint_icao_code": "VT", "waypoint_identifier": "TARPU", "waypoint_latitude": 8.30853611, "waypoint_longitude": 97.99647778, "waypoint_description_code": "E", "turn_direction": null, "rnp": null, "path_termination": "TF", "recommanded_navaid": null, "recommanded_navaid_latitude": null, "recommanded_navaid_longitude": null, "arc_radius": null, "theta": null, "rho": null, "magnetic_course": null, "route_distance_holding_distance_time": null, "distance_time": null, "altitude_description": "-", "altitude1": 7000.0, "altitude2": null, "transition_altitude": null, "speed_limit_description": "-", "speed_limit": 230.0, "vertical_angle": null, "center_waypoint": null, "center_waypoint_latitude": null, "center_waypoint_longitude": null, "aircraft_category": null}, "geometry": {"type": "MultiPoint", "coordinates": [[97.99647778, 8.30853611]]}}, {"type": "Feature", "properties": {"fid": 4758, "area_code": "PAC", "airport_identifier": "VTSP", "procedure_identifier": "SUSI1C", "route_type": "5", "transition_identifier": "RW09", "seqno": 40, "waypoint_icao_code": "VT", "waypoint_identifier": "SP702", "waypoint_latitude": 8.18511944, "waypoint_longitude": 98.00933889, "waypoint_description_code": "E", "turn_direction": null, "rnp": null, "path_termination": "TF", "recommanded_navaid": null, "recommanded_navaid_latitude": null, "recommanded_navaid_longitude": null, "arc_radius": null, "theta": null, "rho": null, "magnetic_course": null, "route_distance_holding_distance_time": null, "distance_time": null, "altitude_description": "+", "altitude1": 4000.0, "altitude2": null, "transition_altitude": null, "speed_limit_description": "-", "speed_limit": 230.0, "vertical_angle": null, "center_waypoint": null, "center_waypoint_latitude": null, "center_waypoint_longitude": null, "aircraft_category": null}, "geometry": {"type": "MultiPoint", "coordinates": [[98.00933889, 8.18511944]]}}, {"type": "Feature", "properties": {"fid": 4759, "area_code": "PAC", "airport_identifier": "VTSP", "procedure_identifier": "SUSI1C", "route_type": "5", "transition_identifier": "RW09", "seqno": 50, "waypoint_icao_code": "VT", "waypoint_identifier": "KALIM", "waypoint_latitude": 8.08507222, "waypoint_longitude": 98.01889444, "waypoint_description_code": "E", "turn_direction": null, "rnp": null, "path_termination": "TF", "recommanded_navaid": null, "recommanded_navaid_latitude": null, "recommanded_navaid_longitude": null, "arc_radius": null, "theta": null, "rho": null, "magnetic_course": null, "route_distance_holding_distance_time": null, "distance_time": null, "altitude_description": "+", "altitude1": 4000.0, "altitude2": null, "transition_altitude": null, "speed_limit_description": "-", "speed_limit": 200.0, "vertical_angle": null, "center_waypoint": null, "center_waypoint_latitude": null, "center_waypoint_longitude": null, "aircraft_category": null}, "geometry": {"type": "MultiPoint", "coordinates": [[98.01889444, 8.08507222]]}}, {"type": "Feature", "properties": {"fid": 4761, "area_code": "PAC", "airport_identifier": "VTSS", "procedure_identifier": "KENE1A", "route_type": "5", "transition_identifier": "RW26", "seqno": 10, "waypoint_icao_code": "VT", "waypoint_identifier": "KENNE", "waypoint_latitude": 6.72772778, "waypoint_longitude": 100.69211111, "waypoint_description_code": "E", "turn_direction": null, "rnp": 1.0, "path_termination": "IF", "recommanded_navaid": null, "recommanded_navaid_latitude": null, "recommanded_navaid_longitude": null, "arc_radius": null, "theta": null, "rho": null, "magnetic_course": null, "route_distance_holding_distance_time": null, "distance_time": null, "altitude_description": "-", "altitude1": 7000.0, "altitude2": null, "transition_altitude": null, "speed_limit_description": null, "speed_limit": null, "vertical_angle": null, "center_waypoint": null, "center_waypoint_latitude": null, "center_waypoint_longitude": null, "aircraft_category": null}, "geometry": {"type": "MultiPoint", "coordinates": [[100.69211111, 6.72772778]]}}, {"type": "Feature", "properties": {"fid": 4762, "area_code": "PAC", "airport_identifier": "VTSS", "procedure_identifier": "KENE1A", "route_type": "5", "transition_identifier": "RW26", "seqno": 20, "waypoint_icao_code": "VT", "waypoint_identifier": "PIMUV", "waypoint_latitude": 6.87598889, "waypoint_longitude": 100.69195833, "waypoint_description_code": "E", "turn_direction": null, "rnp": 1.0, "path_termination": "TF", "recommanded_navaid": null, "recommanded_navaid_latitude": null, "recommanded_navaid_longitude": null, "arc_radius": null, "theta": null, "rho": null, "magnetic_course": null, "route_distance_holding_distance_time": null, "distance_time": null, "altitude_description": "+", "altitude1": 5000.0, "altitude2": null, "transition_altitude": null, "speed_limit_description": "-", "speed_limit": 230.0, "vertical_angle": null, "center_waypoint": null, "center_waypoint_latitude": null, "center_waypoint_longitude": null, "aircraft_category": null}, "geometry": {"type": "MultiPoint", "coordinates": [[100.69195833, 6.87598889]]}}, {"type": "Feature", "properties": {"fid": 4763, "area_code": "PAC", "airport_identifier": "VTSS", "procedure_identifier": "KENE1A", "route_type": "5", "transition_identifier": "RW26", "seqno": 30, "waypoint_icao_code": "VT", "waypoint_identifier": "RISRO", "waypoint_latitude": 6.95696389, "waypoint_longitude": 100.58771111, "waypoint_description_code": "E", "turn_direction": null, "rnp": 1.0, "path_termination": "TF", "recommanded_navaid": null, "recommanded_navaid_latitude": null, "recommanded_navaid_longitude": null, "arc_radius": null, "theta": null, "rho": null, "magnetic_course": null, "route_distance_holding_distance_time": null, "distance_time": null, "altitude_description": "+", "altitude1": 3000.0, "altitude2": null, "transition_altitude": null, "speed_limit_description": "-", "speed_limit": 230.0, "vertical_angle": null, "center_waypoint": null, "center_waypoint_latitude": null, "center_waypoint_longitude": null, "aircraft_category": null}, "geometry": {"type": "MultiPoint", "coordinates": [[100.58771111, 6.95696389]]}}, {"type": "Feature", "properties": {"fid": 4765, "area_code": "PAC", "airport_identifier": "VTSB", "procedure_identifier": "EMVE1A", "route_type": "5", "transition_identifier": "RW22", "seqno": 10, "waypoint_icao_code": "VT", "waypoint_identifier": "EMVEL", "waypoint_latitude": 8.74377222, "waypoint_longitude": 99.35601944, "waypoint_description_code": "E", "turn_direction": null, "rnp": null, "path_termination": "IF", "recommanded_navaid": null, "recommanded_navaid_latitude": null, "recommanded_navaid_longitude": null, "arc_radius": null, "theta": null, "rho": null, "magnetic_course": null, "route_distance_holding_distance_time": null, "distance_time": null, "altitude_description": "+", "altitude1": 13000.0, "altitude2": null, "transition_altitude": null, "speed_limit_description": null, "speed_limit": null, "vertical_angle": null, "center_waypoint": null, "center_waypoint_latitude": null, "center_waypoint_longitude": null, "aircraft_category": null}, "geometry": {"type": "MultiPoint", "coordinates": [[99.35601944, 8.74377222]]}}, {"type": "Feature", "properties": {"fid": 4766, "area_code": "PAC", "airport_identifier": "VTSB", "procedure_identifier": "EMVE1A", "route_type": "5", "transition_identifier": "RW22", "seqno": 20, "waypoint_icao_code": "VT", "waypoint_identifier": "SB205", "waypoint_latitude": 8.99123056, "waypoint_longitude": 99.32623333, "waypoint_description_code": "E", "turn_direction": null, "rnp": null, "path_termination": "TF", "recommanded_navaid": null, "recommanded_navaid_latitude": null, "recommanded_navaid_longitude": null, "arc_radius": null, "theta": null, "rho": null, "magnetic_course": null, "route_distance_holding_distance_time": null, "distance_time": null, "altitude_description": "+", "altitude1": 11000.0, "altitude2": null, "transition_altitude": null, "speed_limit_description": null, "speed_limit": null, "vertical_angle": null, "center_waypoint": null, "center_waypoint_latitude": null, "center_waypoint_longitude": null, "aircraft_category": null}, "geometry": {"type": "MultiPoint", "coordinates": [[99.32623333, 8.99123056]]}}, {"type": "Feature", "properties": {"fid": 4767, "area_code": "PAC", "airport_identifier": "VTSB", "procedure_identifier": "EMVE1A", "route_type": "5", "transition_identifier": "RW22", "seqno": 30, "waypoint_icao_code": "VT", "waypoint_identifier": "IBIGA", "waypoint_latitude": 9.12321944, "waypoint_longitude": 99.45541667, "waypoint_description_code": "E", "turn_direction": null, "rnp": null, "path_termination": "TF", "recommanded_navaid": null, "recommanded_navaid_latitude": null, "recommanded_navaid_longitude": null, "arc_radius": null, "theta": null, "rho": null, "magnetic_course": null, "route_distance_holding_distance_time": null, "distance_time": null, "altitude_description": "-", "altitude1": 7000.0, "altitude2": null, "transition_altitude": null, "speed_limit_description": null, "speed_limit": null, "vertical_angle": null, "center_waypoint": null, "center_waypoint_latitude": null, "center_waypoint_longitude": null, "aircraft_category": null}, "geometry": {"type": "MultiPoint", "coordinates": [[99.45541667, 9.12321944]]}}, {"type": "Feature", "properties": {"fid": 4768, "area_code": "PAC", "airport_identifier": "VTSB", "procedure_identifier": "EMVE1A", "route_type": "5", "transition_identifier": "RW22", "seqno": 40, "waypoint_icao_code": "VT", "waypoint_identifier": "ELNON", "waypoint_latitude": 9.20496667, "waypoint_longitude": 99.37088333, "waypoint_description_code": "E", "turn_direction": null, "rnp": null, "path_termination": "TF", "recommanded_navaid": null, "recommanded_navaid_latitude": null, "recommanded_navaid_longitude": null, "arc_radius": null, "theta": null, "rho": null, "magnetic_course": null, "route_distance_holding_distance_time": null, "distance_time": null, "altitude_description": "-", "altitude1": 5000.0, "altitude2": null, "transition_altitude": null, "speed_limit_description": "-", "speed_limit": 230.0, "vertical_angle": null, "center_waypoint": null, "center_waypoint_latitude": null, "center_waypoint_longitude": null, "aircraft_category": null}, "geometry": {"type": "MultiPoint", "coordinates": [[99.37088333, 9.20496667]]}}, {"type": "Feature", "properties": {"fid": 4769, "area_code": "PAC", "airport_identifier": "VTSB", "procedure_identifier": "EMVE1A", "route_type": "5", "transition_identifier": "RW22", "seqno": 50, "waypoint_icao_code": "VT", "waypoint_identifier": "GULNA", "waypoint_latitude": 9.28669167, "waypoint_longitude": 99.28631111, "waypoint_description_code": "E", "turn_direction": null, "rnp": null, "path_termination": "TF", "recommanded_navaid": null, "recommanded_navaid_latitude": null, "recommanded_navaid_longitude": null, "arc_radius": null, "theta": null, "rho": null, "magnetic_course": null, "route_distance_holding_distance_time": null, "distance_time": null, "altitude_description": "+", "altitude1": 3000.0, "altitude2": null, "transition_altitude": null, "speed_limit_description": "-", "speed_limit": 230.0, "vertical_angle": null, "center_waypoint": null, "center_waypoint_latitude": null, "center_waypoint_longitude": null, "aircraft_category": null}, "geometry": {"type": "MultiPoint", "coordinates": [[99.28631111, 9.28669167]]}}, {"type": "Feature", "properties": {"fid": 4771, "area_code": "PAC", "airport_identifier": "VTUU", "procedure_identifier": "VESU1C", "route_type": "5", "transition_identifier": "RW05", "seqno": 10, "waypoint_icao_code": "VT", "waypoint_identifier": "VESUD", "waypoint_latitude": 15.35223611, "waypoint_longitude": 104.64840833, "waypoint_description_code": "E", "turn_direction": null, "rnp": 1.0, "path_termination": "IF", "recommanded_navaid": null, "recommanded_navaid_latitude": null, "recommanded_navaid_longitude": null, "arc_radius": null, "theta": null, "rho": null, "magnetic_course": null, "route_distance_holding_distance_time": null, "distance_time": null, "altitude_description": "-", "altitude1": 5000.0, "altitude2": null, "transition_altitude": null, "speed_limit_description": null, "speed_limit": null, "vertical_angle": null, "center_waypoint": null, "center_waypoint_latitude": null, "center_waypoint_longitude": null, "aircraft_category": null}, "geometry": {"type": "MultiPoint", "coordinates": [[104.64840833, 15.35223611]]}}, {"type": "Feature", "properties": {"fid": 4772, "area_code": "PAC", "airport_identifier": "VTUU", "procedure_identifier": "VESU1C", "route_type": "5", "transition_identifier": "RW05", "seqno": 20, "waypoint_icao_code": "VT", "waypoint_identifier": "AREVU", "waypoint_latitude": 15.23082778, "waypoint_longitude": 104.65015556, "waypoint_description_code": "E", "turn_direction": null, "rnp": 1.0, "path_termination": "TF", "recommanded_navaid": null, "recommanded_navaid_latitude": null, "recommanded_navaid_longitude": null, "arc_radius": null, "theta": null, "rho": null, "magnetic_course": null, "route_distance_holding_distance_time": null, "distance_time": null, "altitude_description": "-", "altitude1": 5000.0, "altitude2": null, "transition_altitude": null, "speed_limit_description": null, "speed_limit": null, "vertical_angle": null, "center_waypoint": null, "center_waypoint_latitude": null, "center_waypoint_longitude": null, "aircraft_category": null}, "geometry": {"type": "MultiPoint", "coordinates": [[104.65015556, 15.23082778]]}}, {"type": "Feature", "properties": {"fid": 4773, "area_code": "PAC", "airport_identifier": "VTUU", "procedure_identifier": "VESU1C", "route_type": "5", "transition_identifier": "RW05", "seqno": 30, "waypoint_icao_code": "VT", "waypoint_identifier": "ARARA", "waypoint_latitude": 15.13923333, "waypoint_longitude": 104.72536111, "waypoint_description_code": "E", "turn_direction": null, "rnp": 1.0, "path_termination": "TF", "recommanded_navaid": null, "recommanded_navaid_latitude": null, "recommanded_navaid_longitude": null, "arc_radius": null, "theta": null, "rho": null, "magnetic_course": null, "route_distance_holding_distance_time": null, "distance_time": null, "altitude_description": "+", "altitude1": 3000.0, "altitude2": null, "transition_altitude": null, "speed_limit_description": "-", "speed_limit": 230.0, "vertical_angle": null, "center_waypoint": null, "center_waypoint_latitude": null, "center_waypoint_longitude": null, "aircraft_category": null}, "geometry": {"type": "MultiPoint", "coordinates": [[104.72536111, 15.13923333]]}}, {"type": "Feature", "properties": {"fid": 4775, "area_code": "PAC", "airport_identifier": "VTCL", "procedure_identifier": "VENA1B", "route_type": "5", "transition_identifier": "RW18", "seqno": 10, "waypoint_icao_code": "VT", "waypoint_identifier": "VENAG", "waypoint_latitude": 17.90316389, "waypoint_longitude": 99.69938333, "waypoint_description_code": "E", "turn_direction": null, "rnp": 1.0, "path_termination": "IF", "recommanded_navaid": null, "recommanded_navaid_latitude": null, "recommanded_navaid_longitude": null, "arc_radius": null, "theta": null, "rho": null, "magnetic_course": null, "route_distance_holding_distance_time": null, "distance_time": null, "altitude_description": "+", "altitude1": 11000.0, "altitude2": null, "transition_altitude": null, "speed_limit_description": null, "speed_limit": null, "vertical_angle": null, "center_waypoint": null, "center_waypoint_latitude": null, "center_waypoint_longitude": null, "aircraft_category": null}, "geometry": {"type": "MultiPoint", "coordinates": [[99.69938333, 17.90316389]]}}, {"type": "Feature", "properties": {"fid": 4776, "area_code": "PAC", "airport_identifier": "VTCL", "procedure_identifier": "VENA1B", "route_type": "5", "transition_identifier": "RW18", "seqno": 20, "waypoint_icao_code": "VT", "waypoint_identifier": "IGNUM", "waypoint_latitude": 18.00539444, "waypoint_longitude": 99.64553611, "waypoint_description_code": "E", "turn_direction": null, "rnp": 1.0, "path_termination": "TF", "recommanded_navaid": null, "recommanded_navaid_latitude": null, "recommanded_navaid_longitude": null, "arc_radius": null, "theta": null, "rho": null, "magnetic_course": null, "route_distance_holding_distance_time": null, "distance_time": null, "altitude_description": "+", "altitude1": 11000.0, "altitude2": null, "transition_altitude": null, "speed_limit_description": "-", "speed_limit": 230.0, "vertical_angle": null, "center_waypoint": null, "center_waypoint_latitude": null, "center_waypoint_longitude": null, "aircraft_category": null}, "geometry": {"type": "MultiPoint", "coordinates": [[99.64553611, 18.00539444]]}}, {"type": "Feature", "properties": {"fid": 4777, "area_code": "PAC", "airport_identifier": "VTCL", "procedure_identifier": "VENA1B", "route_type": "5", "transition_identifier": "RW18", "seqno": 30, "waypoint_icao_code": "VT", "waypoint_identifier": "VAGLU", "waypoint_latitude": 18.24583056, "waypoint_longitude": 99.64680278, "waypoint_description_code": "E", "turn_direction": null, "rnp": 1.0, "path_termination": "TF", "recommanded_navaid": null, "recommanded_navaid_latitude": null, "recommanded_navaid_longitude": null, "arc_radius": null, "theta": null, "rho": null, "magnetic_course": null, "route_distance_holding_distance_time": null, "distance_time": null, "altitude_description": "@", "altitude1": 9000.0, "altitude2": null, "transition_altitude": null, "speed_limit_description": null, "speed_limit": null, "vertical_angle": null, "center_waypoint": null, "center_waypoint_latitude": null, "center_waypoint_longitude": null, "aircraft_category": null}, "geometry": {"type": "MultiPoint", "coordinates": [[99.64680278, 18.24583056]]}}, {"type": "Feature", "properties": {"fid": 4778, "area_code": "PAC", "airport_identifier": "VTCL", "procedure_identifier": "VENA1B", "route_type": "5", "transition_identifier": "RW18", "seqno": 40, "waypoint_icao_code": "VT", "waypoint_identifier": "LAMEM", "waypoint_latitude": 18.354075, "waypoint_longitude": 99.63782222, "waypoint_description_code": "E", "turn_direction": null, "rnp": 1.0, "path_termination": "TF", "recommanded_navaid": null, "recommanded_navaid_latitude": null, "recommanded_navaid_longitude": null, "arc_radius": null, "theta": null, "rho": null, "magnetic_course": null, "route_distance_holding_distance_time": null, "distance_time": null, "altitude_description": "-", "altitude1": 7000.0, "altitude2": null, "transition_altitude": null, "speed_limit_description": "-", "speed_limit": 230.0, "vertical_angle": null, "center_waypoint": null, "center_waypoint_latitude": null, "center_waypoint_longitude": null, "aircraft_category": null}, "geometry": {"type": "MultiPoint", "coordinates": [[99.63782222, 18.354075]]}}, {"type": "Feature", "properties": {"fid": 4779, "area_code": "PAC", "airport_identifier": "VTCL", "procedure_identifier": "VENA1B", "route_type": "5", "transition_identifier": "RW18", "seqno": 50, "waypoint_icao_code": "VT", "waypoint_identifier": "UNTIM", "waypoint_latitude": 18.45581944, "waypoint_longitude": 99.62936944, "waypoint_description_code": "E", "turn_direction": null, "rnp": 1.0, "path_termination": "TF", "recommanded_navaid": null, "recommanded_navaid_latitude": null, "recommanded_navaid_longitude": null, "arc_radius": null, "theta": null, "rho": null, "magnetic_course": null, "route_distance_holding_distance_time": null, "distance_time": null, "altitude_description": "+", "altitude1": 5000.0, "altitude2": null, "transition_altitude": null, "speed_limit_description": "-", "speed_limit": 230.0, "vertical_angle": null, "center_waypoint": null, "center_waypoint_latitude": null, "center_waypoint_longitude": null, "aircraft_category": null}, "geometry": {"type": "MultiPoint", "coordinates": [[99.62936944, 18.45581944]]}}, {"type": "Feature", "properties": {"fid": 4780, "area_code": "PAC", "airport_identifier": "VTCL", "procedure_identifier": "VENA1B", "route_type": "5", "transition_identifier": "RW18", "seqno": 60, "waypoint_icao_code": "VT", "waypoint_identifier": "ATKIM", "waypoint_latitude": 18.44509722, "waypoint_longitude": 99.48956111, "waypoint_description_code": "E", "turn_direction": null, "rnp": 1.0, "path_termination": "TF", "recommanded_navaid": null, "recommanded_navaid_latitude": null, "recommanded_navaid_longitude": null, "arc_radius": null, "theta": null, "rho": null, "magnetic_course": null, "route_distance_holding_distance_time": null, "distance_time": null, "altitude_description": "+", "altitude1": 3500.0, "altitude2": null, "transition_altitude": null, "speed_limit_description": "-", "speed_limit": 200.0, "vertical_angle": null, "center_waypoint": null, "center_waypoint_latitude": null, "center_waypoint_longitude": null, "aircraft_category": null}, "geometry": {"type": "MultiPoint", "coordinates": [[99.48956111, 18.44509722]]}}, {"type": "Feature", "properties": {"fid": 4782, "area_code": "PAC", "airport_identifier": "VTSB", "procedure_identifier": "SEGR1B", "route_type": "5", "transition_identifier": "RW04", "seqno": 10, "waypoint_icao_code": "VT", "waypoint_identifier": "SEGRA", "waypoint_latitude": 8.88339444, "waypoint_longitude": 99.47536389, "waypoint_description_code": "E", "turn_direction": null, "rnp": null, "path_termination": "IF", "recommanded_navaid": null, "recommanded_navaid_latitude": null, "recommanded_navaid_longitude": null, "arc_radius": null, "theta": null, "rho": null, "magnetic_course": null, "route_distance_holding_distance_time": null, "distance_time": null, "altitude_description": "+", "altitude1": 10000.0, "altitude2": null, "transition_altitude": null, "speed_limit_description": null, "speed_limit": null, "vertical_angle": null, "center_waypoint": null, "center_waypoint_latitude": null, "center_waypoint_longitude": null, "aircraft_category": null}, "geometry": {"type": "MultiPoint", "coordinates": [[99.47536389, 8.88339444]]}}, {"type": "Feature", "properties": {"fid": 4783, "area_code": "PAC", "airport_identifier": "VTSB", "procedure_identifier": "SEGR1B", "route_type": "5", "transition_identifier": "RW04", "seqno": 20, "waypoint_icao_code": "VT", "waypoint_identifier": "SB411", "waypoint_latitude": 8.88859444, "waypoint_longitude": 99.25080556, "waypoint_description_code": "E", "turn_direction": null, "rnp": null, "path_termination": "TF", "recommanded_navaid": null, "recommanded_navaid_latitude": null, "recommanded_navaid_longitude": null, "arc_radius": null, "theta": null, "rho": null, "magnetic_course": null, "route_distance_holding_distance_time": null, "distance_time": null, "altitude_description": "+", "altitude1": 9000.0, "altitude2": null, "transition_altitude": null, "speed_limit_description": null, "speed_limit": null, "vertical_angle": null, "center_waypoint": null, "center_waypoint_latitude": null, "center_waypoint_longitude": null, "aircraft_category": null}, "geometry": {"type": "MultiPoint", "coordinates": [[99.25080556, 8.88859444]]}}, {"type": "Feature", "properties": {"fid": 4784, "area_code": "PAC", "airport_identifier": "VTSB", "procedure_identifier": "SEGR1B", "route_type": "5", "transition_identifier": "RW04", "seqno": 30, "waypoint_icao_code": "VT", "waypoint_identifier": "VELRA", "waypoint_latitude": 8.89278056, "waypoint_longitude": 99.06563889, "waypoint_description_code": "E", "turn_direction": null, "rnp": null, "path_termination": "TF", "recommanded_navaid": null, "recommanded_navaid_latitude": null, "recommanded_navaid_longitude": null, "arc_radius": null, "theta": null, "rho": null, "magnetic_course": null, "route_distance_holding_distance_time": null, "distance_time": null, "altitude_description": "-", "altitude1": 5000.0, "altitude2": null, "transition_altitude": null, "speed_limit_description": "-", "speed_limit": 230.0, "vertical_angle": null, "center_waypoint": null, "center_waypoint_latitude": null, "center_waypoint_longitude": null, "aircraft_category": null}, "geometry": {"type": "MultiPoint", "coordinates": [[99.06563889, 8.89278056]]}}, {"type": "Feature", "properties": {"fid": 4785, "area_code": "PAC", "airport_identifier": "VTSB", "procedure_identifier": "SEGR1B", "route_type": "5", "transition_identifier": "RW04", "seqno": 40, "waypoint_icao_code": "VT", "waypoint_identifier": "METIN", "waypoint_latitude": 8.97443333, "waypoint_longitude": 98.98106944, "waypoint_description_code": "E", "turn_direction": null, "rnp": null, "path_termination": "TF", "recommanded_navaid": null, "recommanded_navaid_latitude": null, "recommanded_navaid_longitude": null, "arc_radius": null, "theta": null, "rho": null, "magnetic_course": null, "route_distance_holding_distance_time": null, "distance_time": null, "altitude_description": "+", "altitude1": 3200.0, "altitude2": null, "transition_altitude": null, "speed_limit_description": "-", "speed_limit": 210.0, "vertical_angle": null, "center_waypoint": null, "center_waypoint_latitude": null, "center_waypoint_longitude": null, "aircraft_category": null}, "geometry": {"type": "MultiPoint", "coordinates": [[98.98106944, 8.97443333]]}}, {"type": "Feature", "properties": {"fid": 4787, "area_code": "PAC", "airport_identifier": "VTSS", "procedure_identifier": "TAXE1B", "route_type": "5", "transition_identifier": "RW08", "seqno": 10, "waypoint_icao_code": "VT", "waypoint_identifier": "TAXEB", "waypoint_latitude": 6.77804722, "waypoint_longitude": 100.77909444, "waypoint_description_code": "E", "turn_direction": null, "rnp": 1.0, "path_termination": "IF", "recommanded_navaid": null, "recommanded_navaid_latitude": null, "recommanded_navaid_longitude": null, "arc_radius": null, "theta": null, "rho": null, "magnetic_course": null, "route_distance_holding_distance_time": null, "distance_time": null, "altitude_description": "+", "altitude1": 11000.0, "altitude2": null, "transition_altitude": null, "speed_limit_description": null, "speed_limit": null, "vertical_angle": null, "center_waypoint": null, "center_waypoint_latitude": null, "center_waypoint_longitude": null, "aircraft_category": null}, "geometry": {"type": "MultiPoint", "coordinates": [[100.77909444, 6.77804722]]}}, {"type": "Feature", "properties": {"fid": 4788, "area_code": "PAC", "airport_identifier": "VTSS", "procedure_identifier": "TAXE1B", "route_type": "5", "transition_identifier": "RW08", "seqno": 20, "waypoint_icao_code": "VT", "waypoint_identifier": "POVAK", "waypoint_latitude": 6.75626944, "waypoint_longitude": 100.51468333, "waypoint_description_code": "E", "turn_direction": null, "rnp": 1.0, "path_termination": "TF", "recommanded_navaid": null, "recommanded_navaid_latitude": null, "recommanded_navaid_longitude": null, "arc_radius": null, "theta": null, "rho": null, "magnetic_course": null, "route_distance_holding_distance_time": null, "distance_time": null, "altitude_description": "+", "altitude1": 9000.0, "altitude2": null, "transition_altitude": null, "speed_limit_description": null, "speed_limit": null, "vertical_angle": null, "center_waypoint": null, "center_waypoint_latitude": null, "center_waypoint_longitude": null, "aircraft_category": null}, "geometry": {"type": "MultiPoint", "coordinates": [[100.51468333, 6.75626944]]}}, {"type": "Feature", "properties": {"fid": 4789, "area_code": "PAC", "airport_identifier": "VTSS", "procedure_identifier": "TAXE1B", "route_type": "5", "transition_identifier": "RW08", "seqno": 30, "waypoint_icao_code": "VT", "waypoint_identifier": "SS808", "waypoint_latitude": 6.75626667, "waypoint_longitude": 100.4527, "waypoint_description_code": "E", "turn_direction": null, "rnp": 1.0, "path_termination": "TF", "recommanded_navaid": null, "recommanded_navaid_latitude": null, "recommanded_navaid_longitude": null, "arc_radius": null, "theta": null, "rho": null, "magnetic_course": null, "route_distance_holding_distance_time": null, "distance_time": null, "altitude_description": "+", "altitude1": 9000.0, "altitude2": null, "transition_altitude": null, "speed_limit_description": null, "speed_limit": null, "vertical_angle": null, "center_waypoint": null, "center_waypoint_latitude": null, "center_waypoint_longitude": null, "aircraft_category": null}, "geometry": {"type": "MultiPoint", "coordinates": [[100.4527, 6.75626667]]}}, {"type": "Feature", "properties": {"fid": 4790, "area_code": "PAC", "airport_identifier": "VTSS", "procedure_identifier": "TAXE1B", "route_type": "5", "transition_identifier": "RW08", "seqno": 40, "waypoint_icao_code": "VT", "waypoint_identifier": "DUDIB", "waypoint_latitude": 6.75631944, "waypoint_longitude": 100.39090278, "waypoint_description_code": "E", "turn_direction": null, "rnp": 1.0, "path_termination": "TF", "recommanded_navaid": null, "recommanded_navaid_latitude": null, "recommanded_navaid_longitude": null, "arc_radius": null, "theta": null, "rho": null, "magnetic_course": null, "route_distance_holding_distance_time": null, "distance_time": null, "altitude_description": "+", "altitude1": 8000.0, "altitude2": null, "transition_altitude": null, "speed_limit_description": "-", "speed_limit": 230.0, "vertical_angle": null, "center_waypoint": null, "center_waypoint_latitude": null, "center_waypoint_longitude": null, "aircraft_category": null}, "geometry": {"type": "MultiPoint", "coordinates": [[100.39090278, 6.75631944]]}}, {"type": "Feature", "properties": {"fid": 4791, "area_code": "PAC", "airport_identifier": "VTSS", "procedure_identifier": "TAXE1B", "route_type": "5", "transition_identifier": "RW08", "seqno": 50, "waypoint_icao_code": "VT", "waypoint_identifier": "IGMUG", "waypoint_latitude": 6.75633611, "waypoint_longitude": 100.25962222, "waypoint_description_code": "E", "turn_direction": null, "rnp": 1.0, "path_termination": "TF", "recommanded_navaid": null, "recommanded_navaid_latitude": null, "recommanded_navaid_longitude": null, "arc_radius": null, "theta": null, "rho": null, "magnetic_course": null, "route_distance_holding_distance_time": null, "distance_time": null, "altitude_description": "+", "altitude1": 5500.0, "altitude2": null, "transition_altitude": null, "speed_limit_description": "-", "speed_limit": 210.0, "vertical_angle": null, "center_waypoint": null, "center_waypoint_latitude": null, "center_waypoint_longitude": null, "aircraft_category": null}, "geometry": {"type": "MultiPoint", "coordinates": [[100.25962222, 6.75633611]]}}, {"type": "Feature", "properties": {"fid": 4792, "area_code": "PAC", "airport_identifier": "VTSS", "procedure_identifier": "TAXE1B", "route_type": "5", "transition_identifier": "RW08", "seqno": 60, "waypoint_icao_code": "VT", "waypoint_identifier": "PIMAN", "waypoint_latitude": 6.83638611, "waypoint_longitude": 100.19886389, "waypoint_description_code": "E", "turn_direction": null, "rnp": 1.0, "path_termination": "TF", "recommanded_navaid": null, "recommanded_navaid_latitude": null, "recommanded_navaid_longitude": null, "arc_radius": null, "theta": null, "rho": null, "magnetic_course": null, "route_distance_holding_distance_time": null, "distance_time": null, "altitude_description": "+", "altitude1": 3500.0, "altitude2": null, "transition_altitude": null, "speed_limit_description": "-", "speed_limit": 190.0, "vertical_angle": null, "center_waypoint": null, "center_waypoint_latitude": null, "center_waypoint_longitude": null, "aircraft_category": null}, "geometry": {"type": "MultiPoint", "coordinates": [[100.19886389, 6.83638611]]}}, {"type": "Feature", "properties": {"fid": 4794, "area_code": "PAC", "airport_identifier": "VTSS", "procedure_identifier": "ENVO1B", "route_type": "5", "transition_identifier": "RW08", "seqno": 10, "waypoint_icao_code": "VT", "waypoint_identifier": "ENVON", "waypoint_latitude": 7.49259722, "waypoint_longitude": 100.23506944, "waypoint_description_code": "E", "turn_direction": null, "rnp": 1.0, "path_termination": "IF", "recommanded_navaid": null, "recommanded_navaid_latitude": null, "recommanded_navaid_longitude": null, "arc_radius": null, "theta": null, "rho": null, "magnetic_course": null, "route_distance_holding_distance_time": null, "distance_time": null, "altitude_description": "+", "altitude1": 10000.0, "altitude2": null, "transition_altitude": null, "speed_limit_description": null, "speed_limit": null, "vertical_angle": null, "center_waypoint": null, "center_waypoint_latitude": null, "center_waypoint_longitude": null, "aircraft_category": null}, "geometry": {"type": "MultiPoint", "coordinates": [[100.23506944, 7.49259722]]}}, {"type": "Feature", "properties": {"fid": 4795, "area_code": "PAC", "airport_identifier": "VTSS", "procedure_identifier": "ENVO1B", "route_type": "5", "transition_identifier": "RW08", "seqno": 20, "waypoint_icao_code": "VT", "waypoint_identifier": "ISDIV", "waypoint_latitude": 7.27005278, "waypoint_longitude": 100.13808333, "waypoint_description_code": "E", "turn_direction": null, "rnp": 1.0, "path_termination": "TF", "recommanded_navaid": null, "recommanded_navaid_latitude": null, "recommanded_navaid_longitude": null, "arc_radius": null, "theta": null, "rho": null, "magnetic_course": null, "route_distance_holding_distance_time": null, "distance_time": null, "altitude_description": "+", "altitude1": 10000.0, "altitude2": null, "transition_altitude": null, "speed_limit_description": null, "speed_limit": null, "vertical_angle": null, "center_waypoint": null, "center_waypoint_latitude": null, "center_waypoint_longitude": null, "aircraft_category": null}, "geometry": {"type": "MultiPoint", "coordinates": [[100.13808333, 7.27005278]]}}, {"type": "Feature", "properties": {"fid": 4796, "area_code": "PAC", "airport_identifier": "VTSS", "procedure_identifier": "ENVO1B", "route_type": "5", "transition_identifier": "RW08", "seqno": 30, "waypoint_icao_code": "VT", "waypoint_identifier": "ALDUG", "waypoint_latitude": 7.12288889, "waypoint_longitude": 100.13808333, "waypoint_description_code": "E", "turn_direction": null, "rnp": 1.0, "path_termination": "TF", "recommanded_navaid": null, "recommanded_navaid_latitude": null, "recommanded_navaid_longitude": null, "arc_radius": null, "theta": null, "rho": null, "magnetic_course": null, "route_distance_holding_distance_time": null, "distance_time": null, "altitude_description": "+", "altitude1": 8000.0, "altitude2": null, "transition_altitude": null, "speed_limit_description": "-", "speed_limit": 230.0, "vertical_angle": null, "center_waypoint": null, "center_waypoint_latitude": null, "center_waypoint_longitude": null, "aircraft_category": null}, "geometry": {"type": "MultiPoint", "coordinates": [[100.13808333, 7.12288889]]}}, {"type": "Feature", "properties": {"fid": 4797, "area_code": "PAC", "airport_identifier": "VTSS", "procedure_identifier": "ENVO1B", "route_type": "5", "transition_identifier": "RW08", "seqno": 40, "waypoint_icao_code": "VT", "waypoint_identifier": "VEGTI", "waypoint_latitude": 6.916425, "waypoint_longitude": 100.13808333, "waypoint_description_code": "E", "turn_direction": null, "rnp": 1.0, "path_termination": "TF", "recommanded_navaid": null, "recommanded_navaid_latitude": null, "recommanded_navaid_longitude": null, "arc_radius": null, "theta": null, "rho": null, "magnetic_course": null, "route_distance_holding_distance_time": null, "distance_time": null, "altitude_description": "+", "altitude1": 5500.0, "altitude2": null, "transition_altitude": null, "speed_limit_description": "-", "speed_limit": 210.0, "vertical_angle": null, "center_waypoint": null, "center_waypoint_latitude": null, "center_waypoint_longitude": null, "aircraft_category": null}, "geometry": {"type": "MultiPoint", "coordinates": [[100.13808333, 6.916425]]}}, {"type": "Feature", "properties": {"fid": 4798, "area_code": "PAC", "airport_identifier": "VTSS", "procedure_identifier": "ENVO1B", "route_type": "5", "transition_identifier": "RW08", "seqno": 50, "waypoint_icao_code": "VT", "waypoint_identifier": "PIMAN", "waypoint_latitude": 6.83638611, "waypoint_longitude": 100.19886389, "waypoint_description_code": "E", "turn_direction": null, "rnp": 1.0, "path_termination": "TF", "recommanded_navaid": null, "recommanded_navaid_latitude": null, "recommanded_navaid_longitude": null, "arc_radius": null, "theta": null, "rho": null, "magnetic_course": null, "route_distance_holding_distance_time": null, "distance_time": null, "altitude_description": "+", "altitude1": 3500.0, "altitude2": null, "transition_altitude": null, "speed_limit_description": "-", "speed_limit": 190.0, "vertical_angle": null, "center_waypoint": null, "center_waypoint_latitude": null, "center_waypoint_longitude": null, "aircraft_category": null}, "geometry": {"type": "MultiPoint", "coordinates": [[100.19886389, 6.83638611]]}}, {"type": "Feature", "properties": {"fid": 4800, "area_code": "PAC", "airport_identifier": "VTUD", "procedure_identifier": "ANPU1C", "route_type": "5", "transition_identifier": "RW30", "seqno": 10, "waypoint_icao_code": "VT", "waypoint_identifier": "ANPUS", "waypoint_latitude": 16.96658333, "waypoint_longitude": 102.780875, "waypoint_description_code": "E", "turn_direction": null, "rnp": 1.0, "path_termination": "IF", "recommanded_navaid": null, "recommanded_navaid_latitude": null, "recommanded_navaid_longitude": null, "arc_radius": null, "theta": null, "rho": null, "magnetic_course": null, "route_distance_holding_distance_time": null, "distance_time": null, "altitude_description": "-", "altitude1": 10000.0, "altitude2": null, "transition_altitude": null, "speed_limit_description": null, "speed_limit": null, "vertical_angle": null, "center_waypoint": null, "center_waypoint_latitude": null, "center_waypoint_longitude": null, "aircraft_category": null}, "geometry": {"type": "MultiPoint", "coordinates": [[102.780875, 16.96658333]]}}, {"type": "Feature", "properties": {"fid": 4801, "area_code": "PAC", "airport_identifier": "VTUD", "procedure_identifier": "ANPU1C", "route_type": "5", "transition_identifier": "RW30", "seqno": 20, "waypoint_icao_code": "VT", "waypoint_identifier": "EMTER", "waypoint_latitude": 17.08828333, "waypoint_longitude": 102.85987778, "waypoint_description_code": "E", "turn_direction": null, "rnp": 1.0, "path_termination": "TF", "recommanded_navaid": null, "recommanded_navaid_latitude": null, "recommanded_navaid_longitude": null, "arc_radius": null, "theta": null, "rho": null, "magnetic_course": null, "route_distance_holding_distance_time": null, "distance_time": null, "altitude_description": null, "altitude1": null, "altitude2": null, "transition_altitude": null, "speed_limit_description": null, "speed_limit": null, "vertical_angle": null, "center_waypoint": null, "center_waypoint_latitude": null, "center_waypoint_longitude": null, "aircraft_category": null}, "geometry": {"type": "MultiPoint", "coordinates": [[102.85987778, 17.08828333]]}}, {"type": "Feature", "properties": {"fid": 4802, "area_code": "PAC", "airport_identifier": "VTUD", "procedure_identifier": "ANPU1C", "route_type": "5", "transition_identifier": "RW30", "seqno": 30, "waypoint_icao_code": "VT", "waypoint_identifier": "OTLOR", "waypoint_latitude": 17.18798889, "waypoint_longitude": 102.92469167, "waypoint_description_code": "E", "turn_direction": null, "rnp": 1.0, "path_termination": "TF", "recommanded_navaid": null, "recommanded_navaid_latitude": null, "recommanded_navaid_longitude": null, "arc_radius": null, "theta": null, "rho": null, "magnetic_course": null, "route_distance_holding_distance_time": null, "distance_time": null, "altitude_description": "-", "altitude1": 5000.0, "altitude2": null, "transition_altitude": null, "speed_limit_description": "-", "speed_limit": 230.0, "vertical_angle": null, "center_waypoint": null, "center_waypoint_latitude": null, "center_waypoint_longitude": null, "aircraft_category": null}, "geometry": {"type": "MultiPoint", "coordinates": [[102.92469167, 17.18798889]]}}, {"type": "Feature", "properties": {"fid": 4803, "area_code": "PAC", "airport_identifier": "VTUD", "procedure_identifier": "ANPU1C", "route_type": "5", "transition_identifier": "RW30", "seqno": 40, "waypoint_icao_code": "VT", "waypoint_identifier": "MUNUR", "waypoint_latitude": 17.29229444, "waypoint_longitude": 102.98016667, "waypoint_description_code": "E", "turn_direction": null, "rnp": 1.0, "path_termination": "TF", "recommanded_navaid": null, "recommanded_navaid_latitude": null, "recommanded_navaid_longitude": null, "arc_radius": null, "theta": null, "rho": null, "magnetic_course": null, "route_distance_holding_distance_time": null, "distance_time": null, "altitude_description": "+", "altitude1": 3500.0, "altitude2": null, "transition_altitude": null, "speed_limit_description": "-", "speed_limit": 230.0, "vertical_angle": null, "center_waypoint": null, "center_waypoint_latitude": null, "center_waypoint_longitude": null, "aircraft_category": null}, "geometry": {"type": "MultiPoint", "coordinates": [[102.98016667, 17.29229444]]}}, {"type": "Feature", "properties": {"fid": 4805, "area_code": "PAC", "airport_identifier": "VTSS", "procedure_identifier": "TAMO1B", "route_type": "5", "transition_identifier": "RW08", "seqno": 10, "waypoint_icao_code": "VT", "waypoint_identifier": "TAMOS", "waypoint_latitude": 6.53552778, "waypoint_longitude": 100.40180556, "waypoint_description_code": "E", "turn_direction": null, "rnp": 1.0, "path_termination": "IF", "recommanded_navaid": null, "recommanded_navaid_latitude": null, "recommanded_navaid_longitude": null, "arc_radius": null, "theta": null, "rho": null, "magnetic_course": null, "route_distance_holding_distance_time": null, "distance_time": null, "altitude_description": "+", "altitude1": 11000.0, "altitude2": null, "transition_altitude": null, "speed_limit_description": null, "speed_limit": null, "vertical_angle": null, "center_waypoint": null, "center_waypoint_latitude": null, "center_waypoint_longitude": null, "aircraft_category": null}, "geometry": {"type": "MultiPoint", "coordinates": [[100.40180556, 6.53552778]]}}, {"type": "Feature", "properties": {"fid": 4806, "area_code": "PAC", "airport_identifier": "VTSS", "procedure_identifier": "TAMO1B", "route_type": "5", "transition_identifier": "RW08", "seqno": 20, "waypoint_icao_code": "VT", "waypoint_identifier": "SS221", "waypoint_latitude": 6.63910833, "waypoint_longitude": 100.39287778, "waypoint_description_code": "E", "turn_direction": null, "rnp": 1.0, "path_termination": "TF", "recommanded_navaid": null, "recommanded_navaid_latitude": null, "recommanded_navaid_longitude": null, "arc_radius": null, "theta": null, "rho": null, "magnetic_course": null, "route_distance_holding_distance_time": null, "distance_time": null, "altitude_description": "+", "altitude1": 10000.0, "altitude2": null, "transition_altitude": null, "speed_limit_description": null, "speed_limit": null, "vertical_angle": null, "center_waypoint": null, "center_waypoint_latitude": null, "center_waypoint_longitude": null, "aircraft_category": null}, "geometry": {"type": "MultiPoint", "coordinates": [[100.39287778, 6.63910833]]}}, {"type": "Feature", "properties": {"fid": 4807, "area_code": "PAC", "airport_identifier": "VTSS", "procedure_identifier": "TAMO1B", "route_type": "5", "transition_identifier": "RW08", "seqno": 30, "waypoint_icao_code": "VT", "waypoint_identifier": "DUDIB", "waypoint_latitude": 6.75631944, "waypoint_longitude": 100.39090278, "waypoint_description_code": "E", "turn_direction": null, "rnp": 1.0, "path_termination": "TF", "recommanded_navaid": null, "recommanded_navaid_latitude": null, "recommanded_navaid_longitude": null, "arc_radius": null, "theta": null, "rho": null, "magnetic_course": null, "route_distance_holding_distance_time": null, "distance_time": null, "altitude_description": "+", "altitude1": 8000.0, "altitude2": null, "transition_altitude": null, "speed_limit_description": "-", "speed_limit": 230.0, "vertical_angle": null, "center_waypoint": null, "center_waypoint_latitude": null, "center_waypoint_longitude": null, "aircraft_category": null}, "geometry": {"type": "MultiPoint", "coordinates": [[100.39090278, 6.75631944]]}}, {"type": "Feature", "properties": {"fid": 4808, "area_code": "PAC", "airport_identifier": "VTSS", "procedure_identifier": "TAMO1B", "route_type": "5", "transition_identifier": "RW08", "seqno": 40, "waypoint_icao_code": "VT", "waypoint_identifier": "IGMUG", "waypoint_latitude": 6.75633611, "waypoint_longitude": 100.25962222, "waypoint_description_code": "E", "turn_direction": null, "rnp": 1.0, "path_termination": "TF", "recommanded_navaid": null, "recommanded_navaid_latitude": null, "recommanded_navaid_longitude": null, "arc_radius": null, "theta": null, "rho": null, "magnetic_course": null, "route_distance_holding_distance_time": null, "distance_time": null, "altitude_description": "+", "altitude1": 5500.0, "altitude2": null, "transition_altitude": null, "speed_limit_description": "-", "speed_limit": 210.0, "vertical_angle": null, "center_waypoint": null, "center_waypoint_latitude": null, "center_waypoint_longitude": null, "aircraft_category": null}, "geometry": {"type": "MultiPoint", "coordinates": [[100.25962222, 6.75633611]]}}, {"type": "Feature", "properties": {"fid": 4809, "area_code": "PAC", "airport_identifier": "VTSS", "procedure_identifier": "TAMO1B", "route_type": "5", "transition_identifier": "RW08", "seqno": 60, "waypoint_icao_code": "VT", "waypoint_identifier": "PIMAN", "waypoint_latitude": 6.83638611, "waypoint_longitude": 100.19886389, "waypoint_description_code": "E", "turn_direction": null, "rnp": 1.0, "path_termination": "TF", "recommanded_navaid": null, "recommanded_navaid_latitude": null, "recommanded_navaid_longitude": null, "arc_radius": null, "theta": null, "rho": null, "magnetic_course": null, "route_distance_holding_distance_time": null, "distance_time": null, "altitude_description": "+", "altitude1": 3500.0, "altitude2": null, "transition_altitude": null, "speed_limit_description": "-", "speed_limit": 190.0, "vertical_angle": null, "center_waypoint": null, "center_waypoint_latitude": null, "center_waypoint_longitude": null, "aircraft_category": null}, "geometry": {"type": "MultiPoint", "coordinates": [[100.19886389, 6.83638611]]}}, {"type": "Feature", "properties": {"fid": 4811, "area_code": "PAC", "airport_identifier": "VTBD", "procedure_identifier": "ENDU1B", "route_type": "4", "transition_identifier": "UBLOD", "seqno": 10, "waypoint_icao_code": "VT", "waypoint_identifier": "UBLOD", "waypoint_latitude": 14.62095278, "waypoint_longitude": 101.43657222, "waypoint_description_code": "E", "turn_direction": null, "rnp": null, "path_termination": "IF", "recommanded_navaid": null, "recommanded_navaid_latitude": null, "recommanded_navaid_longitude": null, "arc_radius": null, "theta": null, "rho": null, "magnetic_course": null, "route_distance_holding_distance_time": null, "distance_time": null, "altitude_description": null, "altitude1": null, "altitude2": null, "transition_altitude": null, "speed_limit_description": null, "speed_limit": null, "vertical_angle": null, "center_waypoint": null, "center_waypoint_latitude": null, "center_waypoint_longitude": null, "aircraft_category": null}, "geometry": {"type": "MultiPoint", "coordinates": [[101.43657222, 14.62095278]]}}, {"type": "Feature", "properties": {"fid": 4812, "area_code": "PAC", "airport_identifier": "VTBD", "procedure_identifier": "ENDU1B", "route_type": "4", "transition_identifier": "UBLOD", "seqno": 20, "waypoint_icao_code": "VT", "waypoint_identifier": "ENDUU", "waypoint_latitude": 14.49705, "waypoint_longitude": 101.22131944, "waypoint_description_code": "E", "turn_direction": null, "rnp": null, "path_termination": "TF", "recommanded_navaid": null, "recommanded_navaid_latitude": null, "recommanded_navaid_longitude": null, "arc_radius": null, "theta": null, "rho": null, "magnetic_course": null, "route_distance_holding_distance_time": null, "distance_time": null, "altitude_description": "-", "altitude1": 22000.0, "altitude2": null, "transition_altitude": null, "speed_limit_description": null, "speed_limit": null, "vertical_angle": null, "center_waypoint": null, "center_waypoint_latitude": null, "center_waypoint_longitude": null, "aircraft_category": null}, "geometry": {"type": "MultiPoint", "coordinates": [[101.22131944, 14.49705]]}}, {"type": "Feature", "properties": {"fid": 4814, "area_code": "PAC", "airport_identifier": "VTBD", "procedure_identifier": "ENDU1B", "route_type": "5", "transition_identifier": "RW03B", "seqno": 10, "waypoint_icao_code": "VT", "waypoint_identifier": "ENDUU", "waypoint_latitude": 14.49705, "waypoint_longitude": 101.22131944, "waypoint_description_code": "E", "turn_direction": null, "rnp": null, "path_termination": "IF", "recommanded_navaid": null, "recommanded_navaid_latitude": null, "recommanded_navaid_longitude": null, "arc_radius": null, "theta": null, "rho": null, "magnetic_course": null, "route_distance_holding_distance_time": null, "distance_time": null, "altitude_description": "-", "altitude1": 22000.0, "altitude2": null, "transition_altitude": null, "speed_limit_description": null, "speed_limit": null, "vertical_angle": null, "center_waypoint": null, "center_waypoint_latitude": null, "center_waypoint_longitude": null, "aircraft_category": null}, "geometry": {"type": "MultiPoint", "coordinates": [[101.22131944, 14.49705]]}}, {"type": "Feature", "properties": {"fid": 4815, "area_code": "PAC", "airport_identifier": "VTBD", "procedure_identifier": "ENDU1B", "route_type": "5", "transition_identifier": "RW03B", "seqno": 20, "waypoint_icao_code": "VT", "waypoint_identifier": "MOTIF", "waypoint_latitude": 14.49976944, "waypoint_longitude": 100.91244722, "waypoint_description_code": "E", "turn_direction": null, "rnp": null, "path_termination": "TF", "recommanded_navaid": null, "recommanded_navaid_latitude": null, "recommanded_navaid_longitude": null, "arc_radius": null, "theta": null, "rho": null, "magnetic_course": null, "route_distance_holding_distance_time": null, "distance_time": null, "altitude_description": null, "altitude1": null, "altitude2": null, "transition_altitude": null, "speed_limit_description": null, "speed_limit": null, "vertical_angle": null, "center_waypoint": null, "center_waypoint_latitude": null, "center_waypoint_longitude": null, "aircraft_category": null}, "geometry": {"type": "MultiPoint", "coordinates": [[100.91244722, 14.49976944]]}}, {"type": "Feature", "properties": {"fid": 4816, "area_code": "PAC", "airport_identifier": "VTBD", "procedure_identifier": "ENDU1B", "route_type": "5", "transition_identifier": "RW03B", "seqno": 30, "waypoint_icao_code": "VT", "waypoint_identifier": "PIANO", "waypoint_latitude": 14.50216111, "waypoint_longitude": 100.5918, "waypoint_description_code": "E", "turn_direction": null, "rnp": null, "path_termination": "TF", "recommanded_navaid": null, "recommanded_navaid_latitude": null, "recommanded_navaid_longitude": null, "arc_radius": null, "theta": null, "rho": null, "magnetic_course": null, "route_distance_holding_distance_time": null, "distance_time": null, "altitude_description": "B", "altitude1": 13000.0, "altitude2": 10000.0, "transition_altitude": null, "speed_limit_description": "-", "speed_limit": 250.0, "vertical_angle": null, "center_waypoint": null, "center_waypoint_latitude": null, "center_waypoint_longitude": null, "aircraft_category": null}, "geometry": {"type": "MultiPoint", "coordinates": [[100.5918, 14.50216111]]}}, {"type": "Feature", "properties": {"fid": 4817, "area_code": "PAC", "airport_identifier": "VTBD", "procedure_identifier": "ENDU1B", "route_type": "5", "transition_identifier": "RW03B", "seqno": 40, "waypoint_icao_code": "VT", "waypoint_identifier": "BRENT", "waypoint_latitude": 14.13257222, "waypoint_longitude": 100.58919722, "waypoint_description_code": "E", "turn_direction": null, "rnp": null, "path_termination": "TF", "recommanded_navaid": null, "recommanded_navaid_latitude": null, "recommanded_navaid_longitude": null, "arc_radius": null, "theta": null, "rho": null, "magnetic_course": null, "route_distance_holding_distance_time": null, "distance_time": null, "altitude_description": "-", "altitude1": 8000.0, "altitude2": null, "transition_altitude": null, "speed_limit_description": null, "speed_limit": null, "vertical_angle": null, "center_waypoint": null, "center_waypoint_latitude": null, "center_waypoint_longitude": null, "aircraft_category": null}, "geometry": {"type": "MultiPoint", "coordinates": [[100.58919722, 14.13257222]]}}, {"type": "Feature", "properties": {"fid": 4818, "area_code": "PAC", "airport_identifier": "VTBD", "procedure_identifier": "ENDU1B", "route_type": "5", "transition_identifier": "RW03B", "seqno": 50, "waypoint_icao_code": "VT", "waypoint_identifier": "FERDO", "waypoint_latitude": 13.941425, "waypoint_longitude": 100.47621111, "waypoint_description_code": "E", "turn_direction": null, "rnp": null, "path_termination": "TF", "recommanded_navaid": null, "recommanded_navaid_latitude": null, "recommanded_navaid_longitude": null, "arc_radius": null, "theta": null, "rho": null, "magnetic_course": null, "route_distance_holding_distance_time": null, "distance_time": null, "altitude_description": "+", "altitude1": 7000.0, "altitude2": null, "transition_altitude": null, "speed_limit_description": "-", "speed_limit": 220.0, "vertical_angle": null, "center_waypoint": null, "center_waypoint_latitude": null, "center_waypoint_longitude": null, "aircraft_category": null}, "geometry": {"type": "MultiPoint", "coordinates": [[100.47621111, 13.941425]]}}, {"type": "Feature", "properties": {"fid": 4819, "area_code": "PAC", "airport_identifier": "VTBD", "procedure_identifier": "ENDU1B", "route_type": "5", "transition_identifier": "RW03B", "seqno": 60, "waypoint_icao_code": "VT", "waypoint_identifier": "DM307", "waypoint_latitude": 13.76614444, "waypoint_longitude": 100.37281667, "waypoint_description_code": "E", "turn_direction": null, "rnp": null, "path_termination": "TF", "recommanded_navaid": null, "recommanded_navaid_latitude": null, "recommanded_navaid_longitude": null, "arc_radius": null, "theta": null, "rho": null, "magnetic_course": null, "route_distance_holding_distance_time": null, "distance_time": null, "altitude_description": null, "altitude1": null, "altitude2": null, "transition_altitude": null, "speed_limit_description": null, "speed_limit": null, "vertical_angle": null, "center_waypoint": null, "center_waypoint_latitude": null, "center_waypoint_longitude": null, "aircraft_category": null}, "geometry": {"type": "MultiPoint", "coordinates": [[100.37281667, 13.76614444]]}}, {"type": "Feature", "properties": {"fid": 4820, "area_code": "PAC", "airport_identifier": "VTBD", "procedure_identifier": "ENDU1B", "route_type": "5", "transition_identifier": "RW03B", "seqno": 70, "waypoint_icao_code": "VT", "waypoint_identifier": "DOTLI", "waypoint_latitude": 13.64946944, "waypoint_longitude": 100.37213889, "waypoint_description_code": "E", "turn_direction": null, "rnp": null, "path_termination": "TF", "recommanded_navaid": null, "recommanded_navaid_latitude": null, "recommanded_navaid_longitude": null, "arc_radius": null, "theta": null, "rho": null, "magnetic_course": null, "route_distance_holding_distance_time": null, "distance_time": null, "altitude_description": "+", "altitude1": 4000.0, "altitude2": null, "transition_altitude": null, "speed_limit_description": "-", "speed_limit": 220.0, "vertical_angle": null, "center_waypoint": null, "center_waypoint_latitude": null, "center_waypoint_longitude": null, "aircraft_category": null}, "geometry": {"type": "MultiPoint", "coordinates": [[100.37213889, 13.64946944]]}}, {"type": "Feature", "properties": {"fid": 4822, "area_code": "PAC", "airport_identifier": "VTCL", "procedure_identifier": "IBIR1A", "route_type": "5", "transition_identifier": "RW36", "seqno": 10, "waypoint_icao_code": "VT", "waypoint_identifier": "IBIRI", "waypoint_latitude": 17.87305556, "waypoint_longitude": 99.38805556, "waypoint_description_code": "E", "turn_direction": null, "rnp": 1.0, "path_termination": "IF", "recommanded_navaid": null, "recommanded_navaid_latitude": null, "recommanded_navaid_longitude": null, "arc_radius": null, "theta": null, "rho": null, "magnetic_course": null, "route_distance_holding_distance_time": null, "distance_time": null, "altitude_description": "@", "altitude1": 7000.0, "altitude2": null, "transition_altitude": null, "speed_limit_description": null, "speed_limit": null, "vertical_angle": null, "center_waypoint": null, "center_waypoint_latitude": null, "center_waypoint_longitude": null, "aircraft_category": null}, "geometry": {"type": "MultiPoint", "coordinates": [[99.38805556, 17.87305556]]}}, {"type": "Feature", "properties": {"fid": 4823, "area_code": "PAC", "airport_identifier": "VTCL", "procedure_identifier": "IBIR1A", "route_type": "5", "transition_identifier": "RW36", "seqno": 20, "waypoint_icao_code": "VT", "waypoint_identifier": "BOVBA", "waypoint_latitude": 18.02659444, "waypoint_longitude": 99.45238056, "waypoint_description_code": "E", "turn_direction": null, "rnp": 1.0, "path_termination": "TF", "recommanded_navaid": null, "recommanded_navaid_latitude": null, "recommanded_navaid_longitude": null, "arc_radius": null, "theta": null, "rho": null, "magnetic_course": null, "route_distance_holding_distance_time": null, "distance_time": null, "altitude_description": "+", "altitude1": 5000.0, "altitude2": null, "transition_altitude": null, "speed_limit_description": "-", "speed_limit": 230.0, "vertical_angle": null, "center_waypoint": null, "center_waypoint_latitude": null, "center_waypoint_longitude": null, "aircraft_category": null}, "geometry": {"type": "MultiPoint", "coordinates": [[99.45238056, 18.02659444]]}}, {"type": "Feature", "properties": {"fid": 4824, "area_code": "PAC", "airport_identifier": "VTCL", "procedure_identifier": "IBIR1A", "route_type": "5", "transition_identifier": "RW36", "seqno": 30, "waypoint_icao_code": "VT", "waypoint_identifier": "CL305", "waypoint_latitude": 18.06697778, "waypoint_longitude": 99.48393611, "waypoint_description_code": "E", "turn_direction": null, "rnp": 1.0, "path_termination": "TF", "recommanded_navaid": null, "recommanded_navaid_latitude": null, "recommanded_navaid_longitude": null, "arc_radius": null, "theta": null, "rho": null, "magnetic_course": null, "route_distance_holding_distance_time": null, "distance_time": null, "altitude_description": "+", "altitude1": 4000.0, "altitude2": null, "transition_altitude": null, "speed_limit_description": "-", "speed_limit": 230.0, "vertical_angle": null, "center_waypoint": null, "center_waypoint_latitude": null, "center_waypoint_longitude": null, "aircraft_category": null}, "geometry": {"type": "MultiPoint", "coordinates": [[99.48393611, 18.06697778]]}}, {"type": "Feature", "properties": {"fid": 4825, "area_code": "PAC", "airport_identifier": "VTCL", "procedure_identifier": "IBIR1A", "route_type": "5", "transition_identifier": "RW36", "seqno": 40, "waypoint_icao_code": "VT", "waypoint_identifier": "SATBO", "waypoint_latitude": 18.10993889, "waypoint_longitude": 99.51752778, "waypoint_description_code": "E", "turn_direction": null, "rnp": 1.0, "path_termination": "TF", "recommanded_navaid": null, "recommanded_navaid_latitude": null, "recommanded_navaid_longitude": null, "arc_radius": null, "theta": null, "rho": null, "magnetic_course": null, "route_distance_holding_distance_time": null, "distance_time": null, "altitude_description": "+", "altitude1": 3300.0, "altitude2": null, "transition_altitude": null, "speed_limit_description": "-", "speed_limit": 210.0, "vertical_angle": null, "center_waypoint": null, "center_waypoint_latitude": null, "center_waypoint_longitude": null, "aircraft_category": null}, "geometry": {"type": "MultiPoint", "coordinates": [[99.51752778, 18.10993889]]}}, {"type": "Feature", "properties": {"fid": 4827, "area_code": "PAC", "airport_identifier": "VTCC", "procedure_identifier": "CMA2A", "route_type": "5", "transition_identifier": "RW36", "seqno": 10, "waypoint_icao_code": "VT", "waypoint_identifier": "CMA", "waypoint_latitude": 18.76611111, "waypoint_longitude": 98.96122222, "waypoint_description_code": "E", "turn_direction": null, "rnp": null, "path_termination": "IF", "recommanded_navaid": null, "recommanded_navaid_latitude": null, "recommanded_navaid_longitude": null, "arc_radius": null, "theta": null, "rho": null, "magnetic_course": null, "route_distance_holding_distance_time": null, "distance_time": null, "altitude_description": "+", "altitude1": 13000.0, "altitude2": null, "transition_altitude": null, "speed_limit_description": null, "speed_limit": null, "vertical_angle": null, "center_waypoint": null, "center_waypoint_latitude": null, "center_waypoint_longitude": null, "aircraft_category": null}, "geometry": {"type": "MultiPoint", "coordinates": [[98.96122222, 18.76611111]]}}, {"type": "Feature", "properties": {"fid": 4828, "area_code": "PAC", "airport_identifier": "VTCC", "procedure_identifier": "CMA2A", "route_type": "5", "transition_identifier": "RW36", "seqno": 20, "waypoint_icao_code": "VT", "waypoint_identifier": "CC111", "waypoint_latitude": 18.78470556, "waypoint_longitude": 99.08589167, "waypoint_description_code": "E", "turn_direction": null, "rnp": null, "path_termination": "TF", "recommanded_navaid": null, "recommanded_navaid_latitude": null, "recommanded_navaid_longitude": null, "arc_radius": null, "theta": null, "rho": null, "magnetic_course": null, "route_distance_holding_distance_time": null, "distance_time": null, "altitude_description": null, "altitude1": null, "altitude2": null, "transition_altitude": null, "speed_limit_description": null, "speed_limit": null, "vertical_angle": null, "center_waypoint": null, "center_waypoint_latitude": null, "center_waypoint_longitude": null, "aircraft_category": null}, "geometry": {"type": "MultiPoint", "coordinates": [[99.08589167, 18.78470556]]}}, {"type": "Feature", "properties": {"fid": 4829, "area_code": "PAC", "airport_identifier": "VTCC", "procedure_identifier": "CMA2A", "route_type": "5", "transition_identifier": "RW36", "seqno": 30, "waypoint_icao_code": "VT", "waypoint_identifier": "CC112", "waypoint_latitude": 18.78438333, "waypoint_longitude": 99.18714167, "waypoint_description_code": "E", "turn_direction": null, "rnp": null, "path_termination": "TF", "recommanded_navaid": null, "recommanded_navaid_latitude": null, "recommanded_navaid_longitude": null, "arc_radius": null, "theta": null, "rho": null, "magnetic_course": null, "route_distance_holding_distance_time": null, "distance_time": null, "altitude_description": "+", "altitude1": 13000.0, "altitude2": null, "transition_altitude": null, "speed_limit_description": null, "speed_limit": null, "vertical_angle": null, "center_waypoint": null, "center_waypoint_latitude": null, "center_waypoint_longitude": null, "aircraft_category": null}, "geometry": {"type": "MultiPoint", "coordinates": [[99.18714167, 18.78438333]]}}, {"type": "Feature", "properties": {"fid": 4830, "area_code": "PAC", "airport_identifier": "VTCC", "procedure_identifier": "CMA2A", "route_type": "5", "transition_identifier": "RW36", "seqno": 40, "waypoint_icao_code": "VT", "waypoint_identifier": "CC113", "waypoint_latitude": 18.78386667, "waypoint_longitude": 99.32209722, "waypoint_description_code": "E", "turn_direction": null, "rnp": null, "path_termination": "TF", "recommanded_navaid": null, "recommanded_navaid_latitude": null, "recommanded_navaid_longitude": null, "arc_radius": null, "theta": null, "rho": null, "magnetic_course": null, "route_distance_holding_distance_time": null, "distance_time": null, "altitude_description": "-", "altitude1": 11000.0, "altitude2": null, "transition_altitude": null, "speed_limit_description": null, "speed_limit": null, "vertical_angle": null, "center_waypoint": null, "center_waypoint_latitude": null, "center_waypoint_longitude": null, "aircraft_category": null}, "geometry": {"type": "MultiPoint", "coordinates": [[99.32209722, 18.78386667]]}}, {"type": "Feature", "properties": {"fid": 4831, "area_code": "PAC", "airport_identifier": "VTCC", "procedure_identifier": "CMA2A", "route_type": "5", "transition_identifier": "RW36", "seqno": 50, "waypoint_icao_code": "VT", "waypoint_identifier": "ATNUT", "waypoint_latitude": 18.59438611, "waypoint_longitude": 99.41090278, "waypoint_description_code": "E", "turn_direction": null, "rnp": null, "path_termination": "TF", "recommanded_navaid": null, "recommanded_navaid_latitude": null, "recommanded_navaid_longitude": null, "arc_radius": null, "theta": null, "rho": null, "magnetic_course": null, "route_distance_holding_distance_time": null, "distance_time": null, "altitude_description": "-", "altitude1": 10000.0, "altitude2": null, "transition_altitude": null, "speed_limit_description": "-", "speed_limit": 230.0, "vertical_angle": null, "center_waypoint": null, "center_waypoint_latitude": null, "center_waypoint_longitude": null, "aircraft_category": null}, "geometry": {"type": "MultiPoint", "coordinates": [[99.41090278, 18.59438611]]}}, {"type": "Feature", "properties": {"fid": 4832, "area_code": "PAC", "airport_identifier": "VTCC", "procedure_identifier": "CMA2A", "route_type": "5", "transition_identifier": "RW36", "seqno": 60, "waypoint_icao_code": "VT", "waypoint_identifier": "TASIV", "waypoint_latitude": 18.53923889, "waypoint_longitude": 99.30162222, "waypoint_description_code": "E", "turn_direction": null, "rnp": null, "path_termination": "TF", "recommanded_navaid": null, "recommanded_navaid_latitude": null, "recommanded_navaid_longitude": null, "arc_radius": null, "theta": null, "rho": null, "magnetic_course": null, "route_distance_holding_distance_time": null, "distance_time": null, "altitude_description": "@", "altitude1": 9000.0, "altitude2": null, "transition_altitude": null, "speed_limit_description": "-", "speed_limit": 220.0, "vertical_angle": null, "center_waypoint": null, "center_waypoint_latitude": null, "center_waypoint_longitude": null, "aircraft_category": null}, "geometry": {"type": "MultiPoint", "coordinates": [[99.30162222, 18.53923889]]}}, {"type": "Feature", "properties": {"fid": 4833, "area_code": "PAC", "airport_identifier": "VTCC", "procedure_identifier": "CMA2A", "route_type": "5", "transition_identifier": "RW36", "seqno": 70, "waypoint_icao_code": "VT", "waypoint_identifier": "CC115", "waypoint_latitude": 18.40555556, "waypoint_longitude": 99.32885278, "waypoint_description_code": "E", "turn_direction": null, "rnp": null, "path_termination": "TF", "recommanded_navaid": null, "recommanded_navaid_latitude": null, "recommanded_navaid_longitude": null, "arc_radius": null, "theta": null, "rho": null, "magnetic_course": null, "route_distance_holding_distance_time": null, "distance_time": null, "altitude_description": null, "altitude1": null, "altitude2": null, "transition_altitude": null, "speed_limit_description": null, "speed_limit": null, "vertical_angle": null, "center_waypoint": null, "center_waypoint_latitude": null, "center_waypoint_longitude": null, "aircraft_category": null}, "geometry": {"type": "MultiPoint", "coordinates": [[99.32885278, 18.40555556]]}}, {"type": "Feature", "properties": {"fid": 4834, "area_code": "PAC", "airport_identifier": "VTCC", "procedure_identifier": "CMA2A", "route_type": "5", "transition_identifier": "RW36", "seqno": 80, "waypoint_icao_code": "VT", "waypoint_identifier": "CC116", "waypoint_latitude": 18.30525, "waypoint_longitude": 99.29271667, "waypoint_description_code": "E", "turn_direction": null, "rnp": null, "path_termination": "TF", "recommanded_navaid": null, "recommanded_navaid_latitude": null, "recommanded_navaid_longitude": null, "arc_radius": null, "theta": null, "rho": null, "magnetic_course": null, "route_distance_holding_distance_time": null, "distance_time": null, "altitude_description": null, "altitude1": null, "altitude2": null, "transition_altitude": null, "speed_limit_description": null, "speed_limit": null, "vertical_angle": null, "center_waypoint": null, "center_waypoint_latitude": null, "center_waypoint_longitude": null, "aircraft_category": null}, "geometry": {"type": "MultiPoint", "coordinates": [[99.29271667, 18.30525]]}}, {"type": "Feature", "properties": {"fid": 4835, "area_code": "PAC", "airport_identifier": "VTCC", "procedure_identifier": "CMA2A", "route_type": "5", "transition_identifier": "RW36", "seqno": 90, "waypoint_icao_code": "VT", "waypoint_identifier": "CC117", "waypoint_latitude": 18.20489167, "waypoint_longitude": 99.15440833, "waypoint_description_code": "E", "turn_direction": null, "rnp": null, "path_termination": "TF", "recommanded_navaid": null, "recommanded_navaid_latitude": null, "recommanded_navaid_longitude": null, "arc_radius": null, "theta": null, "rho": null, "magnetic_course": null, "route_distance_holding_distance_time": null, "distance_time": null, "altitude_description": "@", "altitude1": 9000.0, "altitude2": null, "transition_altitude": null, "speed_limit_description": null, "speed_limit": null, "vertical_angle": null, "center_waypoint": null, "center_waypoint_latitude": null, "center_waypoint_longitude": null, "aircraft_category": null}, "geometry": {"type": "MultiPoint", "coordinates": [[99.15440833, 18.20489167]]}}, {"type": "Feature", "properties": {"fid": 4836, "area_code": "PAC", "airport_identifier": "VTCC", "procedure_identifier": "CMA2A", "route_type": "5", "transition_identifier": "RW36", "seqno": 100, "waypoint_icao_code": "VT", "waypoint_identifier": "PUKAT", "waypoint_latitude": 18.42949167, "waypoint_longitude": 99.08473056, "waypoint_description_code": "E", "turn_direction": "R", "rnp": null, "path_termination": "TF", "recommanded_navaid": null, "recommanded_navaid_latitude": null, "recommanded_navaid_longitude": null, "arc_radius": null, "theta": null, "rho": null, "magnetic_course": null, "route_distance_holding_distance_time": null, "distance_time": null, "altitude_description": "-", "altitude1": 8000.0, "altitude2": null, "transition_altitude": null, "speed_limit_description": null, "speed_limit": null, "vertical_angle": null, "center_waypoint": null, "center_waypoint_latitude": null, "center_waypoint_longitude": null, "aircraft_category": null}, "geometry": {"type": "MultiPoint", "coordinates": [[99.08473056, 18.42949167]]}}, {"type": "Feature", "properties": {"fid": 4837, "area_code": "PAC", "airport_identifier": "VTCC", "procedure_identifier": "CMA2A", "route_type": "5", "transition_identifier": "RW36", "seqno": 110, "waypoint_icao_code": "VT", "waypoint_identifier": "RIGTA", "waypoint_latitude": 18.42981944, "waypoint_longitude": 98.96201944, "waypoint_description_code": "E", "turn_direction": null, "rnp": null, "path_termination": "TF", "recommanded_navaid": null, "recommanded_navaid_latitude": null, "recommanded_navaid_longitude": null, "arc_radius": null, "theta": null, "rho": null, "magnetic_course": null, "route_distance_holding_distance_time": null, "distance_time": null, "altitude_description": "+", "altitude1": 6600.0, "altitude2": null, "transition_altitude": null, "speed_limit_description": "-", "speed_limit": 210.0, "vertical_angle": null, "center_waypoint": null, "center_waypoint_latitude": null, "center_waypoint_longitude": null, "aircraft_category": null}, "geometry": {"type": "MultiPoint", "coordinates": [[98.96201944, 18.42981944]]}}, {"type": "Feature", "properties": {"fid": 4839, "area_code": "PAC", "airport_identifier": "VTSP", "procedure_identifier": "UPSA1D", "route_type": "5", "transition_identifier": "RW27", "seqno": 10, "waypoint_icao_code": "VT", "waypoint_identifier": "UPSAB", "waypoint_latitude": 8.56327778, "waypoint_longitude": 98.08106944, "waypoint_description_code": "E", "turn_direction": null, "rnp": null, "path_termination": "IF", "recommanded_navaid": null, "recommanded_navaid_latitude": null, "recommanded_navaid_longitude": null, "arc_radius": null, "theta": null, "rho": null, "magnetic_course": null, "route_distance_holding_distance_time": null, "distance_time": null, "altitude_description": "-", "altitude1": 11000.0, "altitude2": null, "transition_altitude": null, "speed_limit_description": null, "speed_limit": null, "vertical_angle": null, "center_waypoint": null, "center_waypoint_latitude": null, "center_waypoint_longitude": null, "aircraft_category": null}, "geometry": {"type": "MultiPoint", "coordinates": [[98.08106944, 8.56327778]]}}, {"type": "Feature", "properties": {"fid": 4840, "area_code": "PAC", "airport_identifier": "VTSP", "procedure_identifier": "UPSA1D", "route_type": "5", "transition_identifier": "RW27", "seqno": 30, "waypoint_icao_code": "VT", "waypoint_identifier": "SP103", "waypoint_latitude": 8.33863889, "waypoint_longitude": 98.02404167, "waypoint_description_code": "E", "turn_direction": null, "rnp": null, "path_termination": "TF", "recommanded_navaid": null, "recommanded_navaid_latitude": null, "recommanded_navaid_longitude": null, "arc_radius": null, "theta": null, "rho": null, "magnetic_course": null, "route_distance_holding_distance_time": null, "distance_time": null, "altitude_description": "+", "altitude1": 7000.0, "altitude2": null, "transition_altitude": null, "speed_limit_description": null, "speed_limit": null, "vertical_angle": null, "center_waypoint": null, "center_waypoint_latitude": null, "center_waypoint_longitude": null, "aircraft_category": null}, "geometry": {"type": "MultiPoint", "coordinates": [[98.02404167, 8.33863889]]}}, {"type": "Feature", "properties": {"fid": 4841, "area_code": "PAC", "airport_identifier": "VTSP", "procedure_identifier": "UPSA1D", "route_type": "5", "transition_identifier": "RW27", "seqno": 40, "waypoint_icao_code": "VT", "waypoint_identifier": "SP102", "waypoint_latitude": 8.18789444, "waypoint_longitude": 98.03844722, "waypoint_description_code": "E", "turn_direction": null, "rnp": null, "path_termination": "TF", "recommanded_navaid": null, "recommanded_navaid_latitude": null, "recommanded_navaid_longitude": null, "arc_radius": null, "theta": null, "rho": null, "magnetic_course": null, "route_distance_holding_distance_time": null, "distance_time": null, "altitude_description": "+", "altitude1": 7000.0, "altitude2": null, "transition_altitude": null, "speed_limit_description": null, "speed_limit": null, "vertical_angle": null, "center_waypoint": null, "center_waypoint_latitude": null, "center_waypoint_longitude": null, "aircraft_category": null}, "geometry": {"type": "MultiPoint", "coordinates": [[98.03844722, 8.18789444]]}}, {"type": "Feature", "properties": {"fid": 4842, "area_code": "PAC", "airport_identifier": "VTSP", "procedure_identifier": "UPSA1D", "route_type": "5", "transition_identifier": "RW27", "seqno": 50, "waypoint_icao_code": "VT", "waypoint_identifier": "SP101", "waypoint_latitude": 8.21748056, "waypoint_longitude": 98.35188056, "waypoint_description_code": "E", "turn_direction": null, "rnp": null, "path_termination": "TF", "recommanded_navaid": null, "recommanded_navaid_latitude": null, "recommanded_navaid_longitude": null, "arc_radius": null, "theta": null, "rho": null, "magnetic_course": null, "route_distance_holding_distance_time": null, "distance_time": null, "altitude_description": "+", "altitude1": 7000.0, "altitude2": null, "transition_altitude": null, "speed_limit_description": null, "speed_limit": null, "vertical_angle": null, "center_waypoint": null, "center_waypoint_latitude": null, "center_waypoint_longitude": null, "aircraft_category": null}, "geometry": {"type": "MultiPoint", "coordinates": [[98.35188056, 8.21748056]]}}, {"type": "Feature", "properties": {"fid": 4843, "area_code": "PAC", "airport_identifier": "VTSP", "procedure_identifier": "UPSA1D", "route_type": "5", "transition_identifier": "RW27", "seqno": 60, "waypoint_icao_code": "VT", "waypoint_identifier": "CIDER", "waypoint_latitude": 8.23588611, "waypoint_longitude": 98.54818333, "waypoint_description_code": "E", "turn_direction": null, "rnp": null, "path_termination": "TF", "recommanded_navaid": null, "recommanded_navaid_latitude": null, "recommanded_navaid_longitude": null, "arc_radius": null, "theta": null, "rho": null, "magnetic_course": null, "route_distance_holding_distance_time": null, "distance_time": null, "altitude_description": "+", "altitude1": 5000.0, "altitude2": null, "transition_altitude": null, "speed_limit_description": "-", "speed_limit": 230.0, "vertical_angle": null, "center_waypoint": null, "center_waypoint_latitude": null, "center_waypoint_longitude": null, "aircraft_category": null}, "geometry": {"type": "MultiPoint", "coordinates": [[98.54818333, 8.23588611]]}}, {"type": "Feature", "properties": {"fid": 4844, "area_code": "PAC", "airport_identifier": "VTSP", "procedure_identifier": "UPSA1D", "route_type": "5", "transition_identifier": "RW27", "seqno": 70, "waypoint_icao_code": "VT", "waypoint_identifier": "BARON", "waypoint_latitude": 8.13581667, "waypoint_longitude": 98.55760833, "waypoint_description_code": "E", "turn_direction": null, "rnp": null, "path_termination": "TF", "recommanded_navaid": null, "recommanded_navaid_latitude": null, "recommanded_navaid_longitude": null, "arc_radius": null, "theta": null, "rho": null, "magnetic_course": null, "route_distance_holding_distance_time": null, "distance_time": null, "altitude_description": "+", "altitude1": 3000.0, "altitude2": null, "transition_altitude": null, "speed_limit_description": "-", "speed_limit": 200.0, "vertical_angle": null, "center_waypoint": null, "center_waypoint_latitude": null, "center_waypoint_longitude": null, "aircraft_category": null}, "geometry": {"type": "MultiPoint", "coordinates": [[98.55760833, 8.13581667]]}}, {"type": "Feature", "properties": {"fid": 4845, "area_code": "PAC", "airport_identifier": "VTSP", "procedure_identifier": "UPSA1D", "route_type": "5", "transition_identifier": "RW27", "seqno": 80, "waypoint_icao_code": "VT", "waypoint_identifier": "CI27", "waypoint_latitude": 8.12719722, "waypoint_longitude": 98.50665556, "waypoint_description_code": "E", "turn_direction": null, "rnp": null, "path_termination": "TF", "recommanded_navaid": null, "recommanded_navaid_latitude": null, "recommanded_navaid_longitude": null, "arc_radius": null, "theta": null, "rho": null, "magnetic_course": null, "route_distance_holding_distance_time": null, "distance_time": null, "altitude_description": null, "altitude1": null, "altitude2": null, "transition_altitude": null, "speed_limit_description": null, "speed_limit": null, "vertical_angle": null, "center_waypoint": null, "center_waypoint_latitude": null, "center_waypoint_longitude": null, "aircraft_category": null}, "geometry": {"type": "MultiPoint", "coordinates": [[98.50665556, 8.12719722]]}}, {"type": "Feature", "properties": {"fid": 4847, "area_code": "PAC", "airport_identifier": "VTBS", "procedure_identifier": "LEBI1D", "route_type": "4", "transition_identifier": "GUTSO", "seqno": 10, "waypoint_icao_code": "VT", "waypoint_identifier": "GUTSO", "waypoint_latitude": 12.80553889, "waypoint_longitude": 100.58175, "waypoint_description_code": "E", "turn_direction": null, "rnp": null, "path_termination": "IF", "recommanded_navaid": null, "recommanded_navaid_latitude": null, "recommanded_navaid_longitude": null, "arc_radius": null, "theta": null, "rho": null, "magnetic_course": null, "route_distance_holding_distance_time": null, "distance_time": null, "altitude_description": null, "altitude1": null, "altitude2": null, "transition_altitude": null, "speed_limit_description": null, "speed_limit": null, "vertical_angle": null, "center_waypoint": null, "center_waypoint_latitude": null, "center_waypoint_longitude": null, "aircraft_category": null}, "geometry": {"type": "MultiPoint", "coordinates": [[100.58175, 12.80553889]]}}, {"type": "Feature", "properties": {"fid": 4848, "area_code": "PAC", "airport_identifier": "VTBS", "procedure_identifier": "LEBI1D", "route_type": "4", "transition_identifier": "GUTSO", "seqno": 20, "waypoint_icao_code": "VT", "waypoint_identifier": "LEBIM", "waypoint_latitude": 13.08744722, "waypoint_longitude": 100.473475, "waypoint_description_code": "E", "turn_direction": null, "rnp": null, "path_termination": "TF", "recommanded_navaid": null, "recommanded_navaid_latitude": null, "recommanded_navaid_longitude": null, "arc_radius": null, "theta": null, "rho": null, "magnetic_course": null, "route_distance_holding_distance_time": null, "distance_time": null, "altitude_description": "-", "altitude1": 18000.0, "altitude2": null, "transition_altitude": null, "speed_limit_description": "-", "speed_limit": 280.0, "vertical_angle": null, "center_waypoint": null, "center_waypoint_latitude": null, "center_waypoint_longitude": null, "aircraft_category": null}, "geometry": {"type": "MultiPoint", "coordinates": [[100.473475, 13.08744722]]}}, {"type": "Feature", "properties": {"fid": 4850, "area_code": "PAC", "airport_identifier": "VTBS", "procedure_identifier": "LEBI1D", "route_type": "4", "transition_identifier": "HOTEL", "seqno": 10, "waypoint_icao_code": "VT", "waypoint_identifier": "HOTEL", "waypoint_latitude": 13.00172222, "waypoint_longitude": 100.33008333, "waypoint_description_code": "E", "turn_direction": null, "rnp": null, "path_termination": "IF", "recommanded_navaid": null, "recommanded_navaid_latitude": null, "recommanded_navaid_longitude": null, "arc_radius": null, "theta": null, "rho": null, "magnetic_course": null, "route_distance_holding_distance_time": null, "distance_time": null, "altitude_description": null, "altitude1": null, "altitude2": null, "transition_altitude": null, "speed_limit_description": null, "speed_limit": null, "vertical_angle": null, "center_waypoint": null, "center_waypoint_latitude": null, "center_waypoint_longitude": null, "aircraft_category": null}, "geometry": {"type": "MultiPoint", "coordinates": [[100.33008333, 13.00172222]]}}, {"type": "Feature", "properties": {"fid": 4851, "area_code": "PAC", "airport_identifier": "VTBS", "procedure_identifier": "LEBI1D", "route_type": "4", "transition_identifier": "HOTEL", "seqno": 20, "waypoint_icao_code": "VT", "waypoint_identifier": "LEBIM", "waypoint_latitude": 13.08744722, "waypoint_longitude": 100.473475, "waypoint_description_code": "E", "turn_direction": null, "rnp": null, "path_termination": "TF", "recommanded_navaid": null, "recommanded_navaid_latitude": null, "recommanded_navaid_longitude": null, "arc_radius": null, "theta": null, "rho": null, "magnetic_course": null, "route_distance_holding_distance_time": null, "distance_time": null, "altitude_description": "-", "altitude1": 18000.0, "altitude2": null, "transition_altitude": null, "speed_limit_description": "-", "speed_limit": 280.0, "vertical_angle": null, "center_waypoint": null, "center_waypoint_latitude": null, "center_waypoint_longitude": null, "aircraft_category": null}, "geometry": {"type": "MultiPoint", "coordinates": [[100.473475, 13.08744722]]}}, {"type": "Feature", "properties": {"fid": 4853, "area_code": "PAC", "airport_identifier": "VTBS", "procedure_identifier": "LEBI1D", "route_type": "4", "transition_identifier": "SURMA", "seqno": 10, "waypoint_icao_code": "VT", "waypoint_identifier": "SURMA", "waypoint_latitude": 11.85623611, "waypoint_longitude": 100.44240278, "waypoint_description_code": "E", "turn_direction": null, "rnp": null, "path_termination": "IF", "recommanded_navaid": null, "recommanded_navaid_latitude": null, "recommanded_navaid_longitude": null, "arc_radius": null, "theta": null, "rho": null, "magnetic_course": null, "route_distance_holding_distance_time": null, "distance_time": null, "altitude_description": null, "altitude1": null, "altitude2": null, "transition_altitude": null, "speed_limit_description": null, "speed_limit": null, "vertical_angle": null, "center_waypoint": null, "center_waypoint_latitude": null, "center_waypoint_longitude": null, "aircraft_category": null}, "geometry": {"type": "MultiPoint", "coordinates": [[100.44240278, 11.85623611]]}}, {"type": "Feature", "properties": {"fid": 4854, "area_code": "PAC", "airport_identifier": "VTBS", "procedure_identifier": "LEBI1D", "route_type": "4", "transition_identifier": "SURMA", "seqno": 20, "waypoint_icao_code": "VT", "waypoint_identifier": "LEBIM", "waypoint_latitude": 13.08744722, "waypoint_longitude": 100.473475, "waypoint_description_code": "E", "turn_direction": null, "rnp": null, "path_termination": "TF", "recommanded_navaid": null, "recommanded_navaid_latitude": null, "recommanded_navaid_longitude": null, "arc_radius": null, "theta": null, "rho": null, "magnetic_course": null, "route_distance_holding_distance_time": null, "distance_time": null, "altitude_description": "-", "altitude1": 18000.0, "altitude2": null, "transition_altitude": null, "speed_limit_description": "-", "speed_limit": 280.0, "vertical_angle": null, "center_waypoint": null, "center_waypoint_latitude": null, "center_waypoint_longitude": null, "aircraft_category": null}, "geometry": {"type": "MultiPoint", "coordinates": [[100.473475, 13.08744722]]}}, {"type": "Feature", "properties": {"fid": 4856, "area_code": "PAC", "airport_identifier": "VTBS", "procedure_identifier": "LEBI1D", "route_type": "5", "transition_identifier": null, "seqno": 10, "waypoint_icao_code": "VT", "waypoint_identifier": "LEBIM", "waypoint_latitude": 13.08744722, "waypoint_longitude": 100.473475, "waypoint_description_code": "E", "turn_direction": null, "rnp": null, "path_termination": "IF", "recommanded_navaid": null, "recommanded_navaid_latitude": null, "recommanded_navaid_longitude": null, "arc_radius": null, "theta": null, "rho": null, "magnetic_course": null, "route_distance_holding_distance_time": null, "distance_time": null, "altitude_description": "-", "altitude1": 18000.0, "altitude2": null, "transition_altitude": null, "speed_limit_description": "-", "speed_limit": 280.0, "vertical_angle": null, "center_waypoint": null, "center_waypoint_latitude": null, "center_waypoint_longitude": null, "aircraft_category": null}, "geometry": {"type": "MultiPoint", "coordinates": [[100.473475, 13.08744722]]}}, {"type": "Feature", "properties": {"fid": 4857, "area_code": "PAC", "airport_identifier": "VTBS", "procedure_identifier": "LEBI1D", "route_type": "5", "transition_identifier": null, "seqno": 20, "waypoint_icao_code": "VT", "waypoint_identifier": "MENUT", "waypoint_latitude": 13.21905556, "waypoint_longitude": 100.64169722, "waypoint_description_code": "E", "turn_direction": null, "rnp": null, "path_termination": "TF", "recommanded_navaid": null, "recommanded_navaid_latitude": null, "recommanded_navaid_longitude": null, "arc_radius": null, "theta": null, "rho": null, "magnetic_course": null, "route_distance_holding_distance_time": null, "distance_time": null, "altitude_description": "-", "altitude1": 14000.0, "altitude2": null, "transition_altitude": null, "speed_limit_description": null, "speed_limit": null, "vertical_angle": null, "center_waypoint": null, "center_waypoint_latitude": null, "center_waypoint_longitude": null, "aircraft_category": null}, "geometry": {"type": "MultiPoint", "coordinates": [[100.64169722, 13.21905556]]}}, {"type": "Feature", "properties": {"fid": 4858, "area_code": "PAC", "airport_identifier": "VTBS", "procedure_identifier": "LEBI1D", "route_type": "5", "transition_identifier": null, "seqno": 30, "waypoint_icao_code": "VT", "waypoint_identifier": "ISRAM", "waypoint_latitude": 13.41804444, "waypoint_longitude": 100.896675, "waypoint_description_code": "E", "turn_direction": null, "rnp": null, "path_termination": "TF", "recommanded_navaid": null, "recommanded_navaid_latitude": null, "recommanded_navaid_longitude": null, "arc_radius": null, "theta": null, "rho": null, "magnetic_course": null, "route_distance_holding_distance_time": null, "distance_time": null, "altitude_description": null, "altitude1": null, "altitude2": null, "transition_altitude": null, "speed_limit_description": "-", "speed_limit": 250.0, "vertical_angle": null, "center_waypoint": null, "center_waypoint_latitude": null, "center_waypoint_longitude": null, "aircraft_category": null}, "geometry": {"type": "MultiPoint", "coordinates": [[100.896675, 13.41804444]]}}, {"type": "Feature", "properties": {"fid": 4859, "area_code": "PAC", "airport_identifier": "VTBS", "procedure_identifier": "LEBI1D", "route_type": "5", "transition_identifier": null, "seqno": 40, "waypoint_icao_code": "VT", "waypoint_identifier": "BS412", "waypoint_latitude": 13.63181667, "waypoint_longitude": 100.95519722, "waypoint_description_code": "E", "turn_direction": null, "rnp": null, "path_termination": "TF", "recommanded_navaid": null, "recommanded_navaid_latitude": null, "recommanded_navaid_longitude": null, "arc_radius": null, "theta": null, "rho": null, "magnetic_course": null, "route_distance_holding_distance_time": null, "distance_time": null, "altitude_description": "+", "altitude1": 11000.0, "altitude2": null, "transition_altitude": null, "speed_limit_description": null, "speed_limit": null, "vertical_angle": null, "center_waypoint": null, "center_waypoint_latitude": null, "center_waypoint_longitude": null, "aircraft_category": null}, "geometry": {"type": "MultiPoint", "coordinates": [[100.95519722, 13.63181667]]}}, {"type": "Feature", "properties": {"fid": 4860, "area_code": "PAC", "airport_identifier": "VTBS", "procedure_identifier": "LEBI1D", "route_type": "5", "transition_identifier": null, "seqno": 50, "waypoint_icao_code": "VT", "waypoint_identifier": "BS411", "waypoint_latitude": 13.66216111, "waypoint_longitude": 100.83945278, "waypoint_description_code": "E", "turn_direction": null, "rnp": null, "path_termination": "TF", "recommanded_navaid": null, "recommanded_navaid_latitude": null, "recommanded_navaid_longitude": null, "arc_radius": null, "theta": null, "rho": null, "magnetic_course": null, "route_distance_holding_distance_time": null, "distance_time": null, "altitude_description": null, "altitude1": null, "altitude2": null, "transition_altitude": null, "speed_limit_description": "-", "speed_limit": 220.0, "vertical_angle": null, "center_waypoint": null, "center_waypoint_latitude": null, "center_waypoint_longitude": null, "aircraft_category": null}, "geometry": {"type": "MultiPoint", "coordinates": [[100.83945278, 13.66216111]]}}, {"type": "Feature", "properties": {"fid": 4861, "area_code": "PAC", "airport_identifier": "VTBS", "procedure_identifier": "LEBI1D", "route_type": "5", "transition_identifier": null, "seqno": 60, "waypoint_icao_code": "VT", "waypoint_identifier": "BS410", "waypoint_latitude": 13.46623889, "waypoint_longitude": 100.78587222, "waypoint_description_code": "E", "turn_direction": null, "rnp": null, "path_termination": "TF", "recommanded_navaid": null, "recommanded_navaid_latitude": null, "recommanded_navaid_longitude": null, "arc_radius": null, "theta": null, "rho": null, "magnetic_course": null, "route_distance_holding_distance_time": null, "distance_time": null, "altitude_description": null, "altitude1": null, "altitude2": null, "transition_altitude": null, "speed_limit_description": null, "speed_limit": null, "vertical_angle": null, "center_waypoint": null, "center_waypoint_latitude": null, "center_waypoint_longitude": null, "aircraft_category": null}, "geometry": {"type": "MultiPoint", "coordinates": [[100.78587222, 13.46623889]]}}, {"type": "Feature", "properties": {"fid": 4862, "area_code": "PAC", "airport_identifier": "VTBS", "procedure_identifier": "LEBI1D", "route_type": "5", "transition_identifier": null, "seqno": 70, "waypoint_icao_code": "VT", "waypoint_identifier": "ENKAA", "waypoint_latitude": 13.38546111, "waypoint_longitude": 100.763725, "waypoint_description_code": "E", "turn_direction": null, "rnp": null, "path_termination": "TF", "recommanded_navaid": null, "recommanded_navaid_latitude": null, "recommanded_navaid_longitude": null, "arc_radius": null, "theta": null, "rho": null, "magnetic_course": null, "route_distance_holding_distance_time": null, "distance_time": null, "altitude_description": "+", "altitude1": 3000.0, "altitude2": null, "transition_altitude": null, "speed_limit_description": null, "speed_limit": null, "vertical_angle": null, "center_waypoint": null, "center_waypoint_latitude": null, "center_waypoint_longitude": null, "aircraft_category": null}, "geometry": {"type": "MultiPoint", "coordinates": [[100.763725, 13.38546111]]}}, {"type": "Feature", "properties": {"fid": 4864, "area_code": "PAC", "airport_identifier": "VTBS", "procedure_identifier": "LEBI1D", "route_type": "6", "transition_identifier": "RW01", "seqno": 10, "waypoint_icao_code": "VT", "waypoint_identifier": "ENKAA", "waypoint_latitude": 13.38546111, "waypoint_longitude": 100.763725, "waypoint_description_code": "E", "turn_direction": null, "rnp": null, "path_termination": "IF", "recommanded_navaid": null, "recommanded_navaid_latitude": null, "recommanded_navaid_longitude": null, "arc_radius": null, "theta": null, "rho": null, "magnetic_course": null, "route_distance_holding_distance_time": null, "distance_time": null, "altitude_description": "+", "altitude1": 3000.0, "altitude2": null, "transition_altitude": null, "speed_limit_description": null, "speed_limit": null, "vertical_angle": null, "center_waypoint": null, "center_waypoint_latitude": null, "center_waypoint_longitude": null, "aircraft_category": null}, "geometry": {"type": "MultiPoint", "coordinates": [[100.763725, 13.38546111]]}}, {"type": "Feature", "properties": {"fid": 4865, "area_code": "PAC", "airport_identifier": "VTBS", "procedure_identifier": "LEBI1D", "route_type": "6", "transition_identifier": "RW01", "seqno": 20, "waypoint_icao_code": null, "waypoint_identifier": null, "waypoint_latitude": null, "waypoint_longitude": null, "waypoint_description_code": null, "turn_direction": null, "rnp": null, "path_termination": "VM", "recommanded_navaid": null, "recommanded_navaid_latitude": null, "recommanded_navaid_longitude": null, "arc_radius": null, "theta": null, "rho": null, "magnetic_course": 195.0, "route_distance_holding_distance_time": null, "distance_time": null, "altitude_description": null, "altitude1": null, "altitude2": null, "transition_altitude": null, "speed_limit_description": null, "speed_limit": null, "vertical_angle": null, "center_waypoint": null, "center_waypoint_latitude": null, "center_waypoint_longitude": null, "aircraft_category": null}, "geometry": {"type": "MultiPoint", "coordinates": []}}, {"type": "Feature", "properties": {"fid": 4866, "area_code": "PAC", "airport_identifier": "VTBS", "procedure_identifier": "LEBI1D", "route_type": "6", "transition_identifier": "RW02B", "seqno": 10, "waypoint_icao_code": "VT", "waypoint_identifier": "ENKAA", "waypoint_latitude": 13.38546111, "waypoint_longitude": 100.763725, "waypoint_description_code": "E", "turn_direction": null, "rnp": null, "path_termination": "IF", "recommanded_navaid": null, "recommanded_navaid_latitude": null, "recommanded_navaid_longitude": null, "arc_radius": null, "theta": null, "rho": null, "magnetic_course": null, "route_distance_holding_distance_time": null, "distance_time": null, "altitude_description": "+", "altitude1": 3000.0, "altitude2": null, "transition_altitude": null, "speed_limit_description": null, "speed_limit": null, "vertical_angle": null, "center_waypoint": null, "center_waypoint_latitude": null, "center_waypoint_longitude": null, "aircraft_category": null}, "geometry": {"type": "MultiPoint", "coordinates": [[100.763725, 13.38546111]]}}, {"type": "Feature", "properties": {"fid": 4867, "area_code": "PAC", "airport_identifier": "VTBS", "procedure_identifier": "LEBI1D", "route_type": "6", "transition_identifier": "RW02B", "seqno": 20, "waypoint_icao_code": null, "waypoint_identifier": null, "waypoint_latitude": null, "waypoint_longitude": null, "waypoint_description_code": null, "turn_direction": null, "rnp": null, "path_termination": "VM", "recommanded_navaid": null, "recommanded_navaid_latitude": null, "recommanded_navaid_longitude": null, "arc_radius": null, "theta": null, "rho": null, "magnetic_course": 195.0, "route_distance_holding_distance_time": null, "distance_time": null, "altitude_description": null, "altitude1": null, "altitude2": null, "transition_altitude": null, "speed_limit_description": null, "speed_limit": null, "vertical_angle": null, "center_waypoint": null, "center_waypoint_latitude": null, "center_waypoint_longitude": null, "aircraft_category": null}, "geometry": {"type": "MultiPoint", "coordinates": []}}, {"type": "Feature", "properties": {"fid": 4868, "area_code": "PAC", "airport_identifier": "VTSG", "procedure_identifier": "NULM1E", "route_type": "5", "transition_identifier": "RW32", "seqno": 10, "waypoint_icao_code": "VT", "waypoint_identifier": "NULMA", "waypoint_latitude": 8.52158056, "waypoint_longitude": 99.04111944, "waypoint_description_code": "E", "turn_direction": null, "rnp": 1.0, "path_termination": "IF", "recommanded_navaid": null, "recommanded_navaid_latitude": null, "recommanded_navaid_longitude": null, "arc_radius": null, "theta": null, "rho": null, "magnetic_course": null, "route_distance_holding_distance_time": null, "distance_time": null, "altitude_description": "+", "altitude1": 11000.0, "altitude2": null, "transition_altitude": null, "speed_limit_description": null, "speed_limit": null, "vertical_angle": null, "center_waypoint": null, "center_waypoint_latitude": null, "center_waypoint_longitude": null, "aircraft_category": null}, "geometry": {"type": "MultiPoint", "coordinates": [[99.04111944, 8.52158056]]}}, {"type": "Feature", "properties": {"fid": 4869, "area_code": "PAC", "airport_identifier": "VTSG", "procedure_identifier": "NULM1E", "route_type": "5", "transition_identifier": "RW32", "seqno": 20, "waypoint_icao_code": "VT", "waypoint_identifier": "AKVOK", "waypoint_latitude": 8.21857778, "waypoint_longitude": 99.17167778, "waypoint_description_code": "E", "turn_direction": null, "rnp": 1.0, "path_termination": "TF", "recommanded_navaid": null, "recommanded_navaid_latitude": null, "recommanded_navaid_longitude": null, "arc_radius": null, "theta": null, "rho": null, "magnetic_course": null, "route_distance_holding_distance_time": null, "distance_time": null, "altitude_description": "+", "altitude1": 9000.0, "altitude2": null, "transition_altitude": null, "speed_limit_description": null, "speed_limit": null, "vertical_angle": null, "center_waypoint": null, "center_waypoint_latitude": null, "center_waypoint_longitude": null, "aircraft_category": null}, "geometry": {"type": "MultiPoint", "coordinates": [[99.17167778, 8.21857778]]}}, {"type": "Feature", "properties": {"fid": 4870, "area_code": "PAC", "airport_identifier": "VTSG", "procedure_identifier": "NULM1E", "route_type": "5", "transition_identifier": "RW32", "seqno": 30, "waypoint_icao_code": "VT", "waypoint_identifier": "BELMI", "waypoint_latitude": 8.04933889, "waypoint_longitude": 99.24450556, "waypoint_description_code": "E", "turn_direction": null, "rnp": 1.0, "path_termination": "TF", "recommanded_navaid": null, "recommanded_navaid_latitude": null, "recommanded_navaid_longitude": null, "arc_radius": null, "theta": null, "rho": null, "magnetic_course": null, "route_distance_holding_distance_time": null, "distance_time": null, "altitude_description": "+", "altitude1": 5000.0, "altitude2": null, "transition_altitude": null, "speed_limit_description": "-", "speed_limit": 230.0, "vertical_angle": null, "center_waypoint": null, "center_waypoint_latitude": null, "center_waypoint_longitude": null, "aircraft_category": null}, "geometry": {"type": "MultiPoint", "coordinates": [[99.24450556, 8.04933889]]}}, {"type": "Feature", "properties": {"fid": 4871, "area_code": "PAC", "airport_identifier": "VTSG", "procedure_identifier": "NULM1E", "route_type": "5", "transition_identifier": "RW32", "seqno": 60, "waypoint_icao_code": "VT", "waypoint_identifier": "MUNIA", "waypoint_latitude": 7.9431, "waypoint_longitude": 99.11465, "waypoint_description_code": "E", "turn_direction": null, "rnp": 1.0, "path_termination": "TF", "recommanded_navaid": null, "recommanded_navaid_latitude": null, "recommanded_navaid_longitude": null, "arc_radius": null, "theta": null, "rho": null, "magnetic_course": null, "route_distance_holding_distance_time": null, "distance_time": null, "altitude_description": "+", "altitude1": 2500.0, "altitude2": null, "transition_altitude": null, "speed_limit_description": "-", "speed_limit": 230.0, "vertical_angle": null, "center_waypoint": null, "center_waypoint_latitude": null, "center_waypoint_longitude": null, "aircraft_category": null}, "geometry": {"type": "MultiPoint", "coordinates": [[99.11465, 7.9431]]}}, {"type": "Feature", "properties": {"fid": 4873, "area_code": "PAC", "airport_identifier": "VTSP", "procedure_identifier": "IGEV1D", "route_type": "5", "transition_identifier": "RW27", "seqno": 10, "waypoint_icao_code": "VT", "waypoint_identifier": "IGEVI", "waypoint_latitude": 8.61099444, "waypoint_longitude": 98.38882778, "waypoint_description_code": "E", "turn_direction": null, "rnp": null, "path_termination": "IF", "recommanded_navaid": null, "recommanded_navaid_latitude": null, "recommanded_navaid_longitude": null, "arc_radius": null, "theta": null, "rho": null, "magnetic_course": null, "route_distance_holding_distance_time": null, "distance_time": null, "altitude_description": "-", "altitude1": 10000.0, "altitude2": null, "transition_altitude": null, "speed_limit_description": null, "speed_limit": null, "vertical_angle": null, "center_waypoint": null, "center_waypoint_latitude": null, "center_waypoint_longitude": null, "aircraft_category": null}, "geometry": {"type": "MultiPoint", "coordinates": [[98.38882778, 8.61099444]]}}, {"type": "Feature", "properties": {"fid": 4874, "area_code": "PAC", "airport_identifier": "VTSP", "procedure_identifier": "IGEV1D", "route_type": "5", "transition_identifier": "RW27", "seqno": 20, "waypoint_icao_code": "VT", "waypoint_identifier": "STONE", "waypoint_latitude": 8.35943333, "waypoint_longitude": 98.53653889, "waypoint_description_code": "E", "turn_direction": null, "rnp": null, "path_termination": "TF", "recommanded_navaid": null, "recommanded_navaid_latitude": null, "recommanded_navaid_longitude": null, "arc_radius": null, "theta": null, "rho": null, "magnetic_course": null, "route_distance_holding_distance_time": null, "distance_time": null, "altitude_description": "-", "altitude1": 8000.0, "altitude2": null, "transition_altitude": null, "speed_limit_description": "-", "speed_limit": 230.0, "vertical_angle": null, "center_waypoint": null, "center_waypoint_latitude": null, "center_waypoint_longitude": null, "aircraft_category": null}, "geometry": {"type": "MultiPoint", "coordinates": [[98.53653889, 8.35943333]]}}, {"type": "Feature", "properties": {"fid": 4875, "area_code": "PAC", "airport_identifier": "VTSP", "procedure_identifier": "IGEV1D", "route_type": "5", "transition_identifier": "RW27", "seqno": 30, "waypoint_icao_code": "VT", "waypoint_identifier": "CIDER", "waypoint_latitude": 8.23588611, "waypoint_longitude": 98.54818333, "waypoint_description_code": "E", "turn_direction": null, "rnp": null, "path_termination": "TF", "recommanded_navaid": null, "recommanded_navaid_latitude": null, "recommanded_navaid_longitude": null, "arc_radius": null, "theta": null, "rho": null, "magnetic_course": null, "route_distance_holding_distance_time": null, "distance_time": null, "altitude_description": "+", "altitude1": 5000.0, "altitude2": null, "transition_altitude": null, "speed_limit_description": "-", "speed_limit": 230.0, "vertical_angle": null, "center_waypoint": null, "center_waypoint_latitude": null, "center_waypoint_longitude": null, "aircraft_category": null}, "geometry": {"type": "MultiPoint", "coordinates": [[98.54818333, 8.23588611]]}}, {"type": "Feature", "properties": {"fid": 4876, "area_code": "PAC", "airport_identifier": "VTSP", "procedure_identifier": "IGEV1D", "route_type": "5", "transition_identifier": "RW27", "seqno": 40, "waypoint_icao_code": "VT", "waypoint_identifier": "BARON", "waypoint_latitude": 8.13581667, "waypoint_longitude": 98.55760833, "waypoint_description_code": "E", "turn_direction": null, "rnp": null, "path_termination": "TF", "recommanded_navaid": null, "recommanded_navaid_latitude": null, "recommanded_navaid_longitude": null, "arc_radius": null, "theta": null, "rho": null, "magnetic_course": null, "route_distance_holding_distance_time": null, "distance_time": null, "altitude_description": "+", "altitude1": 3000.0, "altitude2": null, "transition_altitude": null, "speed_limit_description": "-", "speed_limit": 200.0, "vertical_angle": null, "center_waypoint": null, "center_waypoint_latitude": null, "center_waypoint_longitude": null, "aircraft_category": null}, "geometry": {"type": "MultiPoint", "coordinates": [[98.55760833, 8.13581667]]}}, {"type": "Feature", "properties": {"fid": 4877, "area_code": "PAC", "airport_identifier": "VTSP", "procedure_identifier": "IGEV1D", "route_type": "5", "transition_identifier": "RW27", "seqno": 50, "waypoint_icao_code": "VT", "waypoint_identifier": "CI27", "waypoint_latitude": 8.12719722, "waypoint_longitude": 98.50665556, "waypoint_description_code": "E", "turn_direction": null, "rnp": null, "path_termination": "TF", "recommanded_navaid": null, "recommanded_navaid_latitude": null, "recommanded_navaid_longitude": null, "arc_radius": null, "theta": null, "rho": null, "magnetic_course": null, "route_distance_holding_distance_time": null, "distance_time": null, "altitude_description": null, "altitude1": null, "altitude2": null, "transition_altitude": null, "speed_limit_description": null, "speed_limit": null, "vertical_angle": null, "center_waypoint": null, "center_waypoint_latitude": null, "center_waypoint_longitude": null, "aircraft_category": null}, "geometry": {"type": "MultiPoint", "coordinates": [[98.50665556, 8.12719722]]}}, {"type": "Feature", "properties": {"fid": 4879, "area_code": "PAC", "airport_identifier": "VTSB", "procedure_identifier": "SEGR1A", "route_type": "5", "transition_identifier": "RW22", "seqno": 10, "waypoint_icao_code": "VT", "waypoint_identifier": "SEGRA", "waypoint_latitude": 8.88339444, "waypoint_longitude": 99.47536389, "waypoint_description_code": "E", "turn_direction": null, "rnp": null, "path_termination": "IF", "recommanded_navaid": null, "recommanded_navaid_latitude": null, "recommanded_navaid_longitude": null, "arc_radius": null, "theta": null, "rho": null, "magnetic_course": null, "route_distance_holding_distance_time": null, "distance_time": null, "altitude_description": "+", "altitude1": 10000.0, "altitude2": null, "transition_altitude": null, "speed_limit_description": null, "speed_limit": null, "vertical_angle": null, "center_waypoint": null, "center_waypoint_latitude": null, "center_waypoint_longitude": null, "aircraft_category": null}, "geometry": {"type": "MultiPoint", "coordinates": [[99.47536389, 8.88339444]]}}, {"type": "Feature", "properties": {"fid": 4880, "area_code": "PAC", "airport_identifier": "VTSB", "procedure_identifier": "SEGR1A", "route_type": "5", "transition_identifier": "RW22", "seqno": 20, "waypoint_icao_code": "VT", "waypoint_identifier": "SB204", "waypoint_latitude": 8.93965556, "waypoint_longitude": 99.47068611, "waypoint_description_code": "E", "turn_direction": null, "rnp": null, "path_termination": "TF", "recommanded_navaid": null, "recommanded_navaid_latitude": null, "recommanded_navaid_longitude": null, "arc_radius": null, "theta": null, "rho": null, "magnetic_course": null, "route_distance_holding_distance_time": null, "distance_time": null, "altitude_description": "+", "altitude1": 10000.0, "altitude2": null, "transition_altitude": null, "speed_limit_description": null, "speed_limit": null, "vertical_angle": null, "center_waypoint": null, "center_waypoint_latitude": null, "center_waypoint_longitude": null, "aircraft_category": null}, "geometry": {"type": "MultiPoint", "coordinates": [[99.47068611, 8.93965556]]}}, {"type": "Feature", "properties": {"fid": 4881, "area_code": "PAC", "airport_identifier": "VTSB", "procedure_identifier": "SEGR1A", "route_type": "5", "transition_identifier": "RW22", "seqno": 30, "waypoint_icao_code": "VT", "waypoint_identifier": "IBIGA", "waypoint_latitude": 9.12321944, "waypoint_longitude": 99.45541667, "waypoint_description_code": "E", "turn_direction": null, "rnp": null, "path_termination": "TF", "recommanded_navaid": null, "recommanded_navaid_latitude": null, "recommanded_navaid_longitude": null, "arc_radius": null, "theta": null, "rho": null, "magnetic_course": null, "route_distance_holding_distance_time": null, "distance_time": null, "altitude_description": "-", "altitude1": 7000.0, "altitude2": null, "transition_altitude": null, "speed_limit_description": null, "speed_limit": null, "vertical_angle": null, "center_waypoint": null, "center_waypoint_latitude": null, "center_waypoint_longitude": null, "aircraft_category": null}, "geometry": {"type": "MultiPoint", "coordinates": [[99.45541667, 9.12321944]]}}, {"type": "Feature", "properties": {"fid": 4882, "area_code": "PAC", "airport_identifier": "VTSB", "procedure_identifier": "SEGR1A", "route_type": "5", "transition_identifier": "RW22", "seqno": 40, "waypoint_icao_code": "VT", "waypoint_identifier": "ELNON", "waypoint_latitude": 9.20496667, "waypoint_longitude": 99.37088333, "waypoint_description_code": "E", "turn_direction": null, "rnp": null, "path_termination": "TF", "recommanded_navaid": null, "recommanded_navaid_latitude": null, "recommanded_navaid_longitude": null, "arc_radius": null, "theta": null, "rho": null, "magnetic_course": null, "route_distance_holding_distance_time": null, "distance_time": null, "altitude_description": "-", "altitude1": 5000.0, "altitude2": null, "transition_altitude": null, "speed_limit_description": "-", "speed_limit": 230.0, "vertical_angle": null, "center_waypoint": null, "center_waypoint_latitude": null, "center_waypoint_longitude": null, "aircraft_category": null}, "geometry": {"type": "MultiPoint", "coordinates": [[99.37088333, 9.20496667]]}}, {"type": "Feature", "properties": {"fid": 4883, "area_code": "PAC", "airport_identifier": "VTSB", "procedure_identifier": "SEGR1A", "route_type": "5", "transition_identifier": "RW22", "seqno": 50, "waypoint_icao_code": "VT", "waypoint_identifier": "GULNA", "waypoint_latitude": 9.28669167, "waypoint_longitude": 99.28631111, "waypoint_description_code": "E", "turn_direction": null, "rnp": null, "path_termination": "TF", "recommanded_navaid": null, "recommanded_navaid_latitude": null, "recommanded_navaid_longitude": null, "arc_radius": null, "theta": null, "rho": null, "magnetic_course": null, "route_distance_holding_distance_time": null, "distance_time": null, "altitude_description": "+", "altitude1": 3000.0, "altitude2": null, "transition_altitude": null, "speed_limit_description": "-", "speed_limit": 230.0, "vertical_angle": null, "center_waypoint": null, "center_waypoint_latitude": null, "center_waypoint_longitude": null, "aircraft_category": null}, "geometry": {"type": "MultiPoint", "coordinates": [[99.28631111, 9.28669167]]}}, {"type": "Feature", "properties": {"fid": 4885, "area_code": "PAC", "airport_identifier": "VTBS", "procedure_identifier": "EAST1C", "route_type": "4", "transition_identifier": "RUKSA", "seqno": 10, "waypoint_icao_code": "VT", "waypoint_identifier": "RUKSA", "waypoint_latitude": 14.56416667, "waypoint_longitude": 101.92009444, "waypoint_description_code": "E", "turn_direction": null, "rnp": null, "path_termination": "IF", "recommanded_navaid": null, "recommanded_navaid_latitude": null, "recommanded_navaid_longitude": null, "arc_radius": null, "theta": null, "rho": null, "magnetic_course": null, "route_distance_holding_distance_time": null, "distance_time": null, "altitude_description": null, "altitude1": null, "altitude2": null, "transition_altitude": null, "speed_limit_description": null, "speed_limit": null, "vertical_angle": null, "center_waypoint": null, "center_waypoint_latitude": null, "center_waypoint_longitude": null, "aircraft_category": null}, "geometry": {"type": "MultiPoint", "coordinates": [[101.92009444, 14.56416667]]}}, {"type": "Feature", "properties": {"fid": 4886, "area_code": "PAC", "airport_identifier": "VTBS", "procedure_identifier": "EAST1C", "route_type": "4", "transition_identifier": "RUKSA", "seqno": 20, "waypoint_icao_code": "VT", "waypoint_identifier": "EASTE", "waypoint_latitude": 14.30966667, "waypoint_longitude": 101.28624444, "waypoint_description_code": "E", "turn_direction": null, "rnp": null, "path_termination": "TF", "recommanded_navaid": null, "recommanded_navaid_latitude": null, "recommanded_navaid_longitude": null, "arc_radius": null, "theta": null, "rho": null, "magnetic_course": null, "route_distance_holding_distance_time": null, "distance_time": null, "altitude_description": "-", "altitude1": 18000.0, "altitude2": null, "transition_altitude": null, "speed_limit_description": "-", "speed_limit": 280.0, "vertical_angle": null, "center_waypoint": null, "center_waypoint_latitude": null, "center_waypoint_longitude": null, "aircraft_category": null}, "geometry": {"type": "MultiPoint", "coordinates": [[101.28624444, 14.30966667]]}}, {"type": "Feature", "properties": {"fid": 4888, "area_code": "PAC", "airport_identifier": "VTBS", "procedure_identifier": "EAST1C", "route_type": "4", "transition_identifier": "UBLOD", "seqno": 10, "waypoint_icao_code": "VT", "waypoint_identifier": "UBLOD", "waypoint_latitude": 14.62095278, "waypoint_longitude": 101.43657222, "waypoint_description_code": "E", "turn_direction": null, "rnp": null, "path_termination": "IF", "recommanded_navaid": null, "recommanded_navaid_latitude": null, "recommanded_navaid_longitude": null, "arc_radius": null, "theta": null, "rho": null, "magnetic_course": null, "route_distance_holding_distance_time": null, "distance_time": null, "altitude_description": null, "altitude1": null, "altitude2": null, "transition_altitude": null, "speed_limit_description": null, "speed_limit": null, "vertical_angle": null, "center_waypoint": null, "center_waypoint_latitude": null, "center_waypoint_longitude": null, "aircraft_category": null}, "geometry": {"type": "MultiPoint", "coordinates": [[101.43657222, 14.62095278]]}}, {"type": "Feature", "properties": {"fid": 4889, "area_code": "PAC", "airport_identifier": "VTBS", "procedure_identifier": "EAST1C", "route_type": "4", "transition_identifier": "UBLOD", "seqno": 20, "waypoint_icao_code": "VT", "waypoint_identifier": "EASTE", "waypoint_latitude": 14.30966667, "waypoint_longitude": 101.28624444, "waypoint_description_code": "E", "turn_direction": null, "rnp": null, "path_termination": "TF", "recommanded_navaid": null, "recommanded_navaid_latitude": null, "recommanded_navaid_longitude": null, "arc_radius": null, "theta": null, "rho": null, "magnetic_course": null, "route_distance_holding_distance_time": null, "distance_time": null, "altitude_description": "-", "altitude1": 18000.0, "altitude2": null, "transition_altitude": null, "speed_limit_description": "-", "speed_limit": 280.0, "vertical_angle": null, "center_waypoint": null, "center_waypoint_latitude": null, "center_waypoint_longitude": null, "aircraft_category": null}, "geometry": {"type": "MultiPoint", "coordinates": [[101.28624444, 14.30966667]]}}, {"type": "Feature", "properties": {"fid": 4891, "area_code": "PAC", "airport_identifier": "VTBS", "procedure_identifier": "EAST1C", "route_type": "5", "transition_identifier": null, "seqno": 10, "waypoint_icao_code": "VT", "waypoint_identifier": "EASTE", "waypoint_latitude": 14.30966667, "waypoint_longitude": 101.28624444, "waypoint_description_code": "E", "turn_direction": null, "rnp": null, "path_termination": "IF", "recommanded_navaid": null, "recommanded_navaid_latitude": null, "recommanded_navaid_longitude": null, "arc_radius": null, "theta": null, "rho": null, "magnetic_course": null, "route_distance_holding_distance_time": null, "distance_time": null, "altitude_description": "-", "altitude1": 18000.0, "altitude2": null, "transition_altitude": null, "speed_limit_description": "-", "speed_limit": 280.0, "vertical_angle": null, "center_waypoint": null, "center_waypoint_latitude": null, "center_waypoint_longitude": null, "aircraft_category": null}, "geometry": {"type": "MultiPoint", "coordinates": [[101.28624444, 14.30966667]]}}, {"type": "Feature", "properties": {"fid": 4892, "area_code": "PAC", "airport_identifier": "VTBS", "procedure_identifier": "EAST1C", "route_type": "5", "transition_identifier": null, "seqno": 20, "waypoint_icao_code": "VT", "waypoint_identifier": "SOVKI", "waypoint_latitude": 14.05814444, "waypoint_longitude": 101.07216111, "waypoint_description_code": "E", "turn_direction": null, "rnp": null, "path_termination": "TF", "recommanded_navaid": null, "recommanded_navaid_latitude": null, "recommanded_navaid_longitude": null, "arc_radius": null, "theta": null, "rho": null, "magnetic_course": null, "route_distance_holding_distance_time": null, "distance_time": null, "altitude_description": "B", "altitude1": 14000.0, "altitude2": 11000.0, "transition_altitude": null, "speed_limit_description": "-", "speed_limit": 250.0, "vertical_angle": null, "center_waypoint": null, "center_waypoint_latitude": null, "center_waypoint_longitude": null, "aircraft_category": null}, "geometry": {"type": "MultiPoint", "coordinates": [[101.07216111, 14.05814444]]}}, {"type": "Feature", "properties": {"fid": 4893, "area_code": "PAC", "airport_identifier": "VTBS", "procedure_identifier": "EAST1C", "route_type": "5", "transition_identifier": null, "seqno": 30, "waypoint_icao_code": "VT", "waypoint_identifier": "TERIB", "waypoint_latitude": 13.96600833, "waypoint_longitude": 101.04683611, "waypoint_description_code": "E", "turn_direction": null, "rnp": null, "path_termination": "TF", "recommanded_navaid": null, "recommanded_navaid_latitude": null, "recommanded_navaid_longitude": null, "arc_radius": null, "theta": null, "rho": null, "magnetic_course": null, "route_distance_holding_distance_time": null, "distance_time": null, "altitude_description": null, "altitude1": null, "altitude2": null, "transition_altitude": null, "speed_limit_description": null, "speed_limit": null, "vertical_angle": null, "center_waypoint": null, "center_waypoint_latitude": null, "center_waypoint_longitude": null, "aircraft_category": null}, "geometry": {"type": "MultiPoint", "coordinates": [[101.04683611, 13.96600833]]}}, {"type": "Feature", "properties": {"fid": 4894, "area_code": "PAC", "airport_identifier": "VTBS", "procedure_identifier": "EAST1C", "route_type": "5", "transition_identifier": null, "seqno": 40, "waypoint_icao_code": "VT", "waypoint_identifier": "BS507", "waypoint_latitude": 13.88360556, "waypoint_longitude": 101.02421944, "waypoint_description_code": "E", "turn_direction": null, "rnp": null, "path_termination": "TF", "recommanded_navaid": null, "recommanded_navaid_latitude": null, "recommanded_navaid_longitude": null, "arc_radius": null, "theta": null, "rho": null, "magnetic_course": null, "route_distance_holding_distance_time": null, "distance_time": null, "altitude_description": null, "altitude1": null, "altitude2": null, "transition_altitude": null, "speed_limit_description": null, "speed_limit": null, "vertical_angle": null, "center_waypoint": null, "center_waypoint_latitude": null, "center_waypoint_longitude": null, "aircraft_category": null}, "geometry": {"type": "MultiPoint", "coordinates": [[101.02421944, 13.88360556]]}}, {"type": "Feature", "properties": {"fid": 4895, "area_code": "PAC", "airport_identifier": "VTBS", "procedure_identifier": "EAST1C", "route_type": "5", "transition_identifier": null, "seqno": 50, "waypoint_icao_code": "VT", "waypoint_identifier": "BS505", "waypoint_latitude": 13.80367778, "waypoint_longitude": 101.00228333, "waypoint_description_code": "E", "turn_direction": null, "rnp": null, "path_termination": "TF", "recommanded_navaid": null, "recommanded_navaid_latitude": null, "recommanded_navaid_longitude": null, "arc_radius": null, "theta": null, "rho": null, "magnetic_course": null, "route_distance_holding_distance_time": null, "distance_time": null, "altitude_description": null, "altitude1": null, "altitude2": null, "transition_altitude": null, "speed_limit_description": null, "speed_limit": null, "vertical_angle": null, "center_waypoint": null, "center_waypoint_latitude": null, "center_waypoint_longitude": null, "aircraft_category": null}, "geometry": {"type": "MultiPoint", "coordinates": [[101.00228333, 13.80367778]]}}, {"type": "Feature", "properties": {"fid": 4896, "area_code": "PAC", "airport_identifier": "VTBS", "procedure_identifier": "EAST1C", "route_type": "5", "transition_identifier": null, "seqno": 60, "waypoint_icao_code": "VT", "waypoint_identifier": "MUMUP", "waypoint_latitude": 13.83396389, "waypoint_longitude": 100.88652222, "waypoint_description_code": "E", "turn_direction": null, "rnp": null, "path_termination": "TF", "recommanded_navaid": null, "recommanded_navaid_latitude": null, "recommanded_navaid_longitude": null, "arc_radius": null, "theta": null, "rho": null, "magnetic_course": null, "route_distance_holding_distance_time": null, "distance_time": null, "altitude_description": null, "altitude1": null, "altitude2": null, "transition_altitude": null, "speed_limit_description": "-", "speed_limit": 220.0, "vertical_angle": null, "center_waypoint": null, "center_waypoint_latitude": null, "center_waypoint_longitude": null, "aircraft_category": null}, "geometry": {"type": "MultiPoint", "coordinates": [[100.88652222, 13.83396389]]}}, {"type": "Feature", "properties": {"fid": 4897, "area_code": "PAC", "airport_identifier": "VTBS", "procedure_identifier": "EAST1C", "route_type": "5", "transition_identifier": null, "seqno": 70, "waypoint_icao_code": "VT", "waypoint_identifier": "BS501", "waypoint_latitude": 13.91385, "waypoint_longitude": 100.90840833, "waypoint_description_code": "E", "turn_direction": null, "rnp": null, "path_termination": "TF", "recommanded_navaid": null, "recommanded_navaid_latitude": null, "recommanded_navaid_longitude": null, "arc_radius": null, "theta": null, "rho": null, "magnetic_course": null, "route_distance_holding_distance_time": null, "distance_time": null, "altitude_description": null, "altitude1": null, "altitude2": null, "transition_altitude": null, "speed_limit_description": null, "speed_limit": null, "vertical_angle": null, "center_waypoint": null, "center_waypoint_latitude": null, "center_waypoint_longitude": null, "aircraft_category": null}, "geometry": {"type": "MultiPoint", "coordinates": [[100.90840833, 13.91385]]}}, {"type": "Feature", "properties": {"fid": 4898, "area_code": "PAC", "airport_identifier": "VTBS", "procedure_identifier": "EAST1C", "route_type": "5", "transition_identifier": null, "seqno": 80, "waypoint_icao_code": "VT", "waypoint_identifier": "ESGEN", "waypoint_latitude": 13.99625556, "waypoint_longitude": 100.93103889, "waypoint_description_code": "E", "turn_direction": null, "rnp": null, "path_termination": "TF", "recommanded_navaid": null, "recommanded_navaid_latitude": null, "recommanded_navaid_longitude": null, "arc_radius": null, "theta": null, "rho": null, "magnetic_course": null, "route_distance_holding_distance_time": null, "distance_time": null, "altitude_description": "+", "altitude1": 5000.0, "altitude2": null, "transition_altitude": null, "speed_limit_description": null, "speed_limit": null, "vertical_angle": null, "center_waypoint": null, "center_waypoint_latitude": null, "center_waypoint_longitude": null, "aircraft_category": null}, "geometry": {"type": "MultiPoint", "coordinates": [[100.93103889, 13.99625556]]}}, {"type": "Feature", "properties": {"fid": 4900, "area_code": "PAC", "airport_identifier": "VTBS", "procedure_identifier": "EAST1C", "route_type": "6", "transition_identifier": "RW19", "seqno": 10, "waypoint_icao_code": "VT", "waypoint_identifier": "ESGEN", "waypoint_latitude": 13.99625556, "waypoint_longitude": 100.93103889, "waypoint_description_code": "E", "turn_direction": null, "rnp": null, "path_termination": "IF", "recommanded_navaid": null, "recommanded_navaid_latitude": null, "recommanded_navaid_longitude": null, "arc_radius": null, "theta": null, "rho": null, "magnetic_course": null, "route_distance_holding_distance_time": null, "distance_time": null, "altitude_description": "+", "altitude1": 5000.0, "altitude2": null, "transition_altitude": null, "speed_limit_description": null, "speed_limit": null, "vertical_angle": null, "center_waypoint": null, "center_waypoint_latitude": null, "center_waypoint_longitude": null, "aircraft_category": null}, "geometry": {"type": "MultiPoint", "coordinates": [[100.93103889, 13.99625556]]}}, {"type": "Feature", "properties": {"fid": 4901, "area_code": "PAC", "airport_identifier": "VTBS", "procedure_identifier": "EAST1C", "route_type": "6", "transition_identifier": "RW19", "seqno": 20, "waypoint_icao_code": null, "waypoint_identifier": null, "waypoint_latitude": null, "waypoint_longitude": null, "waypoint_description_code": null, "turn_direction": null, "rnp": null, "path_termination": "VM", "recommanded_navaid": null, "recommanded_navaid_latitude": null, "recommanded_navaid_longitude": null, "arc_radius": null, "theta": null, "rho": null, "magnetic_course": 15.0, "route_distance_holding_distance_time": null, "distance_time": null, "altitude_description": null, "altitude1": null, "altitude2": null, "transition_altitude": null, "speed_limit_description": null, "speed_limit": null, "vertical_angle": null, "center_waypoint": null, "center_waypoint_latitude": null, "center_waypoint_longitude": null, "aircraft_category": null}, "geometry": {"type": "MultiPoint", "coordinates": []}}, {"type": "Feature", "properties": {"fid": 4902, "area_code": "PAC", "airport_identifier": "VTBS", "procedure_identifier": "EAST1C", "route_type": "6", "transition_identifier": "RW20B", "seqno": 10, "waypoint_icao_code": "VT", "waypoint_identifier": "ESGEN", "waypoint_latitude": 13.99625556, "waypoint_longitude": 100.93103889, "waypoint_description_code": "E", "turn_direction": null, "rnp": null, "path_termination": "IF", "recommanded_navaid": null, "recommanded_navaid_latitude": null, "recommanded_navaid_longitude": null, "arc_radius": null, "theta": null, "rho": null, "magnetic_course": null, "route_distance_holding_distance_time": null, "distance_time": null, "altitude_description": "+", "altitude1": 5000.0, "altitude2": null, "transition_altitude": null, "speed_limit_description": null, "speed_limit": null, "vertical_angle": null, "center_waypoint": null, "center_waypoint_latitude": null, "center_waypoint_longitude": null, "aircraft_category": null}, "geometry": {"type": "MultiPoint", "coordinates": [[100.93103889, 13.99625556]]}}, {"type": "Feature", "properties": {"fid": 4903, "area_code": "PAC", "airport_identifier": "VTBS", "procedure_identifier": "EAST1C", "route_type": "6", "transition_identifier": "RW20B", "seqno": 20, "waypoint_icao_code": null, "waypoint_identifier": null, "waypoint_latitude": null, "waypoint_longitude": null, "waypoint_description_code": null, "turn_direction": null, "rnp": null, "path_termination": "VM", "recommanded_navaid": null, "recommanded_navaid_latitude": null, "recommanded_navaid_longitude": null, "arc_radius": null, "theta": null, "rho": null, "magnetic_course": 15.0, "route_distance_holding_distance_time": null, "distance_time": null, "altitude_description": null, "altitude1": null, "altitude2": null, "transition_altitude": null, "speed_limit_description": null, "speed_limit": null, "vertical_angle": null, "center_waypoint": null, "center_waypoint_latitude": null, "center_waypoint_longitude": null, "aircraft_category": null}, "geometry": {"type": "MultiPoint", "coordinates": []}}, {"type": "Feature", "properties": {"fid": 4904, "area_code": "PAC", "airport_identifier": "VTBD", "procedure_identifier": "NAKO3A", "route_type": "4", "transition_identifier": "ALBOS", "seqno": 10, "waypoint_icao_code": "VT", "waypoint_identifier": "ALBOS", "waypoint_latitude": 14.74491667, "waypoint_longitude": 101.02830556, "waypoint_description_code": "E", "turn_direction": null, "rnp": null, "path_termination": "IF", "recommanded_navaid": null, "recommanded_navaid_latitude": null, "recommanded_navaid_longitude": null, "arc_radius": null, "theta": null, "rho": null, "magnetic_course": null, "route_distance_holding_distance_time": null, "distance_time": null, "altitude_description": null, "altitude1": null, "altitude2": null, "transition_altitude": null, "speed_limit_description": null, "speed_limit": null, "vertical_angle": null, "center_waypoint": null, "center_waypoint_latitude": null, "center_waypoint_longitude": null, "aircraft_category": null}, "geometry": {"type": "MultiPoint", "coordinates": [[101.02830556, 14.74491667]]}}, {"type": "Feature", "properties": {"fid": 4905, "area_code": "PAC", "airport_identifier": "VTBD", "procedure_identifier": "NAKO3A", "route_type": "4", "transition_identifier": "ALBOS", "seqno": 20, "waypoint_icao_code": "VT", "waypoint_identifier": "NAKON", "waypoint_latitude": 14.70386111, "waypoint_longitude": 100.51760833, "waypoint_description_code": "E", "turn_direction": null, "rnp": null, "path_termination": "TF", "recommanded_navaid": null, "recommanded_navaid_latitude": null, "recommanded_navaid_longitude": null, "arc_radius": null, "theta": null, "rho": null, "magnetic_course": null, "route_distance_holding_distance_time": null, "distance_time": null, "altitude_description": "-", "altitude1": 13000.0, "altitude2": null, "transition_altitude": null, "speed_limit_description": "-", "speed_limit": 250.0, "vertical_angle": null, "center_waypoint": null, "center_waypoint_latitude": null, "center_waypoint_longitude": null, "aircraft_category": null}, "geometry": {"type": "MultiPoint", "coordinates": [[100.51760833, 14.70386111]]}}, {"type": "Feature", "properties": {"fid": 4907, "area_code": "PAC", "airport_identifier": "VTBD", "procedure_identifier": "NAKO3A", "route_type": "4", "transition_identifier": "BLAFF", "seqno": 10, "waypoint_icao_code": "VT", "waypoint_identifier": "BLAFF", "waypoint_latitude": 15.27595833, "waypoint_longitude": 100.29753056, "waypoint_description_code": "E", "turn_direction": null, "rnp": null, "path_termination": "IF", "recommanded_navaid": null, "recommanded_navaid_latitude": null, "recommanded_navaid_longitude": null, "arc_radius": null, "theta": null, "rho": null, "magnetic_course": null, "route_distance_holding_distance_time": null, "distance_time": null, "altitude_description": null, "altitude1": null, "altitude2": null, "transition_altitude": null, "speed_limit_description": null, "speed_limit": null, "vertical_angle": null, "center_waypoint": null, "center_waypoint_latitude": null, "center_waypoint_longitude": null, "aircraft_category": null}, "geometry": {"type": "MultiPoint", "coordinates": [[100.29753056, 15.27595833]]}}, {"type": "Feature", "properties": {"fid": 4908, "area_code": "PAC", "airport_identifier": "VTBD", "procedure_identifier": "NAKO3A", "route_type": "4", "transition_identifier": "BLAFF", "seqno": 20, "waypoint_icao_code": "VT", "waypoint_identifier": "NAKON", "waypoint_latitude": 14.70386111, "waypoint_longitude": 100.51760833, "waypoint_description_code": "E", "turn_direction": null, "rnp": null, "path_termination": "TF", "recommanded_navaid": null, "recommanded_navaid_latitude": null, "recommanded_navaid_longitude": null, "arc_radius": null, "theta": null, "rho": null, "magnetic_course": null, "route_distance_holding_distance_time": null, "distance_time": null, "altitude_description": "-", "altitude1": 13000.0, "altitude2": null, "transition_altitude": null, "speed_limit_description": "-", "speed_limit": 250.0, "vertical_angle": null, "center_waypoint": null, "center_waypoint_latitude": null, "center_waypoint_longitude": null, "aircraft_category": null}, "geometry": {"type": "MultiPoint", "coordinates": [[100.51760833, 14.70386111]]}}, {"type": "Feature", "properties": {"fid": 4910, "area_code": "PAC", "airport_identifier": "VTBD", "procedure_identifier": "NAKO3A", "route_type": "4", "transition_identifier": "NOBER", "seqno": 10, "waypoint_icao_code": "VT", "waypoint_identifier": "NOBER", "waypoint_latitude": 15.27655556, "waypoint_longitude": 100.66833333, "waypoint_description_code": "E", "turn_direction": null, "rnp": null, "path_termination": "IF", "recommanded_navaid": null, "recommanded_navaid_latitude": null, "recommanded_navaid_longitude": null, "arc_radius": null, "theta": null, "rho": null, "magnetic_course": null, "route_distance_holding_distance_time": null, "distance_time": null, "altitude_description": null, "altitude1": null, "altitude2": null, "transition_altitude": null, "speed_limit_description": null, "speed_limit": null, "vertical_angle": null, "center_waypoint": null, "center_waypoint_latitude": null, "center_waypoint_longitude": null, "aircraft_category": null}, "geometry": {"type": "MultiPoint", "coordinates": [[100.66833333, 15.27655556]]}}, {"type": "Feature", "properties": {"fid": 4911, "area_code": "PAC", "airport_identifier": "VTBD", "procedure_identifier": "NAKO3A", "route_type": "4", "transition_identifier": "NOBER", "seqno": 20, "waypoint_icao_code": "VT", "waypoint_identifier": "NAKON", "waypoint_latitude": 14.70386111, "waypoint_longitude": 100.51760833, "waypoint_description_code": "E", "turn_direction": null, "rnp": null, "path_termination": "TF", "recommanded_navaid": null, "recommanded_navaid_latitude": null, "recommanded_navaid_longitude": null, "arc_radius": null, "theta": null, "rho": null, "magnetic_course": null, "route_distance_holding_distance_time": null, "distance_time": null, "altitude_description": "-", "altitude1": 13000.0, "altitude2": null, "transition_altitude": null, "speed_limit_description": "-", "speed_limit": 250.0, "vertical_angle": null, "center_waypoint": null, "center_waypoint_latitude": null, "center_waypoint_longitude": null, "aircraft_category": null}, "geometry": {"type": "MultiPoint", "coordinates": [[100.51760833, 14.70386111]]}}, {"type": "Feature", "properties": {"fid": 4913, "area_code": "PAC", "airport_identifier": "VTBD", "procedure_identifier": "NAKO3A", "route_type": "4", "transition_identifier": "SEMBO", "seqno": 10, "waypoint_icao_code": "VT", "waypoint_identifier": "SEMBO", "waypoint_latitude": 14.89976667, "waypoint_longitude": 100.26331111, "waypoint_description_code": "E", "turn_direction": null, "rnp": null, "path_termination": "IF", "recommanded_navaid": null, "recommanded_navaid_latitude": null, "recommanded_navaid_longitude": null, "arc_radius": null, "theta": null, "rho": null, "magnetic_course": null, "route_distance_holding_distance_time": null, "distance_time": null, "altitude_description": null, "altitude1": null, "altitude2": null, "transition_altitude": null, "speed_limit_description": null, "speed_limit": null, "vertical_angle": null, "center_waypoint": null, "center_waypoint_latitude": null, "center_waypoint_longitude": null, "aircraft_category": null}, "geometry": {"type": "MultiPoint", "coordinates": [[100.26331111, 14.89976667]]}}, {"type": "Feature", "properties": {"fid": 4914, "area_code": "PAC", "airport_identifier": "VTBD", "procedure_identifier": "NAKO3A", "route_type": "4", "transition_identifier": "SEMBO", "seqno": 20, "waypoint_icao_code": "VT", "waypoint_identifier": "NAKON", "waypoint_latitude": 14.70386111, "waypoint_longitude": 100.51760833, "waypoint_description_code": "E", "turn_direction": null, "rnp": null, "path_termination": "TF", "recommanded_navaid": null, "recommanded_navaid_latitude": null, "recommanded_navaid_longitude": null, "arc_radius": null, "theta": null, "rho": null, "magnetic_course": null, "route_distance_holding_distance_time": null, "distance_time": null, "altitude_description": "-", "altitude1": 13000.0, "altitude2": null, "transition_altitude": null, "speed_limit_description": "-", "speed_limit": 250.0, "vertical_angle": null, "center_waypoint": null, "center_waypoint_latitude": null, "center_waypoint_longitude": null, "aircraft_category": null}, "geometry": {"type": "MultiPoint", "coordinates": [[100.51760833, 14.70386111]]}}, {"type": "Feature", "properties": {"fid": 4916, "area_code": "PAC", "airport_identifier": "VTBD", "procedure_identifier": "NAKO3A", "route_type": "5", "transition_identifier": "RW21B", "seqno": 10, "waypoint_icao_code": "VT", "waypoint_identifier": "NAKON", "waypoint_latitude": 14.70386111, "waypoint_longitude": 100.51760833, "waypoint_description_code": "E", "turn_direction": null, "rnp": null, "path_termination": "IF", "recommanded_navaid": null, "recommanded_navaid_latitude": null, "recommanded_navaid_longitude": null, "arc_radius": null, "theta": null, "rho": null, "magnetic_course": null, "route_distance_holding_distance_time": null, "distance_time": null, "altitude_description": "-", "altitude1": 13000.0, "altitude2": null, "transition_altitude": null, "speed_limit_description": "-", "speed_limit": 250.0, "vertical_angle": null, "center_waypoint": null, "center_waypoint_latitude": null, "center_waypoint_longitude": null, "aircraft_category": null}, "geometry": {"type": "MultiPoint", "coordinates": [[100.51760833, 14.70386111]]}}, {"type": "Feature", "properties": {"fid": 4917, "area_code": "PAC", "airport_identifier": "VTBD", "procedure_identifier": "NAKO3A", "route_type": "5", "transition_identifier": "RW21B", "seqno": 20, "waypoint_icao_code": "VT", "waypoint_identifier": "DOGVA", "waypoint_latitude": 14.51396389, "waypoint_longitude": 100.57187222, "waypoint_description_code": "E", "turn_direction": null, "rnp": null, "path_termination": "TF", "recommanded_navaid": null, "recommanded_navaid_latitude": null, "recommanded_navaid_longitude": null, "arc_radius": null, "theta": null, "rho": null, "magnetic_course": null, "route_distance_holding_distance_time": null, "distance_time": null, "altitude_description": "-", "altitude1": 9000.0, "altitude2": null, "transition_altitude": null, "speed_limit_description": null, "speed_limit": null, "vertical_angle": null, "center_waypoint": null, "center_waypoint_latitude": null, "center_waypoint_longitude": null, "aircraft_category": null}, "geometry": {"type": "MultiPoint", "coordinates": [[100.57187222, 14.51396389]]}}, {"type": "Feature", "properties": {"fid": 4918, "area_code": "PAC", "airport_identifier": "VTBD", "procedure_identifier": "NAKO3A", "route_type": "5", "transition_identifier": "RW21B", "seqno": 30, "waypoint_icao_code": "VT", "waypoint_identifier": "BD114", "waypoint_latitude": 14.40206111, "waypoint_longitude": 100.60381389, "waypoint_description_code": "E", "turn_direction": null, "rnp": null, "path_termination": "TF", "recommanded_navaid": null, "recommanded_navaid_latitude": null, "recommanded_navaid_longitude": null, "arc_radius": null, "theta": null, "rho": null, "magnetic_course": null, "route_distance_holding_distance_time": null, "distance_time": null, "altitude_description": null, "altitude1": null, "altitude2": null, "transition_altitude": null, "speed_limit_description": "-", "speed_limit": 220.0, "vertical_angle": null, "center_waypoint": null, "center_waypoint_latitude": null, "center_waypoint_longitude": null, "aircraft_category": null}, "geometry": {"type": "MultiPoint", "coordinates": [[100.60381389, 14.40206111]]}}, {"type": "Feature", "properties": {"fid": 4919, "area_code": "PAC", "airport_identifier": "VTBD", "procedure_identifier": "NAKO3A", "route_type": "5", "transition_identifier": "RW21B", "seqno": 40, "waypoint_icao_code": "VT", "waypoint_identifier": "AROKA", "waypoint_latitude": 14.18948889, "waypoint_longitude": 100.66441389, "waypoint_description_code": "E", "turn_direction": null, "rnp": null, "path_termination": "TF", "recommanded_navaid": null, "recommanded_navaid_latitude": null, "recommanded_navaid_longitude": null, "arc_radius": null, "theta": null, "rho": null, "magnetic_course": null, "route_distance_holding_distance_time": null, "distance_time": null, "altitude_description": "-", "altitude1": 5000.0, "altitude2": null, "transition_altitude": null, "speed_limit_description": null, "speed_limit": null, "vertical_angle": null, "center_waypoint": null, "center_waypoint_latitude": null, "center_waypoint_longitude": null, "aircraft_category": null}, "geometry": {"type": "MultiPoint", "coordinates": [[100.66441389, 14.18948889]]}}, {"type": "Feature", "properties": {"fid": 4920, "area_code": "PAC", "airport_identifier": "VTBD", "procedure_identifier": "NAKO3A", "route_type": "5", "transition_identifier": "RW21B", "seqno": 50, "waypoint_icao_code": "VT", "waypoint_identifier": "BD111", "waypoint_latitude": 14.07649444, "waypoint_longitude": 100.69658889, "waypoint_description_code": "E", "turn_direction": null, "rnp": null, "path_termination": "TF", "recommanded_navaid": null, "recommanded_navaid_latitude": null, "recommanded_navaid_longitude": null, "arc_radius": null, "theta": null, "rho": null, "magnetic_course": null, "route_distance_holding_distance_time": null, "distance_time": null, "altitude_description": "+", "altitude1": 2600.0, "altitude2": null, "transition_altitude": null, "speed_limit_description": "-", "speed_limit": 190.0, "vertical_angle": null, "center_waypoint": null, "center_waypoint_latitude": null, "center_waypoint_longitude": null, "aircraft_category": null}, "geometry": {"type": "MultiPoint", "coordinates": [[100.69658889, 14.07649444]]}}, {"type": "Feature", "properties": {"fid": 4922, "area_code": "PAC", "airport_identifier": "VTPM", "procedure_identifier": "TORA1W", "route_type": "5", "transition_identifier": "RW27", "seqno": 10, "waypoint_icao_code": "VT", "waypoint_identifier": "TORAN", "waypoint_latitude": 16.594825, "waypoint_longitude": 98.87192778, "waypoint_description_code": "E", "turn_direction": null, "rnp": 1.0, "path_termination": "IF", "recommanded_navaid": null, "recommanded_navaid_latitude": null, "recommanded_navaid_longitude": null, "arc_radius": null, "theta": null, "rho": null, "magnetic_course": null, "route_distance_holding_distance_time": null, "distance_time": null, "altitude_description": "+", "altitude1": 7000.0, "altitude2": null, "transition_altitude": null, "speed_limit_description": null, "speed_limit": null, "vertical_angle": null, "center_waypoint": null, "center_waypoint_latitude": null, "center_waypoint_longitude": null, "aircraft_category": null}, "geometry": {"type": "MultiPoint", "coordinates": [[98.87192778, 16.594825]]}}, {"type": "Feature", "properties": {"fid": 4923, "area_code": "PAC", "airport_identifier": "VTPM", "procedure_identifier": "TORA1W", "route_type": "5", "transition_identifier": "RW27", "seqno": 20, "waypoint_icao_code": "VT", "waypoint_identifier": "NUDSI", "waypoint_latitude": 16.70378333, "waypoint_longitude": 98.82515556, "waypoint_description_code": "E", "turn_direction": null, "rnp": 1.0, "path_termination": "TF", "recommanded_navaid": null, "recommanded_navaid_latitude": null, "recommanded_navaid_longitude": null, "arc_radius": null, "theta": null, "rho": null, "magnetic_course": null, "route_distance_holding_distance_time": null, "distance_time": null, "altitude_description": "+", "altitude1": 5700.0, "altitude2": null, "transition_altitude": null, "speed_limit_description": "-", "speed_limit": 200.0, "vertical_angle": null, "center_waypoint": null, "center_waypoint_latitude": null, "center_waypoint_longitude": null, "aircraft_category": null}, "geometry": {"type": "MultiPoint", "coordinates": [[98.82515556, 16.70378333]]}}, {"type": "Feature", "properties": {"fid": 4925, "area_code": "PAC", "airport_identifier": "VTUU", "procedure_identifier": "ASAB1D", "route_type": "5", "transition_identifier": "RW23", "seqno": 10, "waypoint_icao_code": "VT", "waypoint_identifier": "ASABO", "waypoint_latitude": 15.20262222, "waypoint_longitude": 104.35064167, "waypoint_description_code": "E", "turn_direction": null, "rnp": 1.0, "path_termination": "IF", "recommanded_navaid": null, "recommanded_navaid_latitude": null, "recommanded_navaid_longitude": null, "arc_radius": null, "theta": null, "rho": null, "magnetic_course": null, "route_distance_holding_distance_time": null, "distance_time": null, "altitude_description": "+", "altitude1": 14000.0, "altitude2": null, "transition_altitude": null, "speed_limit_description": null, "speed_limit": null, "vertical_angle": null, "center_waypoint": null, "center_waypoint_latitude": null, "center_waypoint_longitude": null, "aircraft_category": null}, "geometry": {"type": "MultiPoint", "coordinates": [[104.35064167, 15.20262222]]}}, {"type": "Feature", "properties": {"fid": 4926, "area_code": "PAC", "airport_identifier": "VTUU", "procedure_identifier": "ASAB1D", "route_type": "5", "transition_identifier": "RW23", "seqno": 20, "waypoint_icao_code": "VT", "waypoint_identifier": "UBNES", "waypoint_latitude": 15.21876944, "waypoint_longitude": 104.54437778, "waypoint_description_code": "E", "turn_direction": null, "rnp": 1.0, "path_termination": "TF", "recommanded_navaid": null, "recommanded_navaid_latitude": null, "recommanded_navaid_longitude": null, "arc_radius": null, "theta": null, "rho": null, "magnetic_course": null, "route_distance_holding_distance_time": null, "distance_time": null, "altitude_description": "+", "altitude1": 14000.0, "altitude2": null, "transition_altitude": null, "speed_limit_description": null, "speed_limit": null, "vertical_angle": null, "center_waypoint": null, "center_waypoint_latitude": null, "center_waypoint_longitude": null, "aircraft_category": null}, "geometry": {"type": "MultiPoint", "coordinates": [[104.54437778, 15.21876944]]}}, {"type": "Feature", "properties": {"fid": 4927, "area_code": "PAC", "airport_identifier": "VTUU", "procedure_identifier": "ASAB1D", "route_type": "5", "transition_identifier": "RW23", "seqno": 30, "waypoint_icao_code": "VT", "waypoint_identifier": "OBKIB", "waypoint_latitude": 15.32014167, "waypoint_longitude": 104.71369444, "waypoint_description_code": "E", "turn_direction": null, "rnp": 1.0, "path_termination": "TF", "recommanded_navaid": null, "recommanded_navaid_latitude": null, "recommanded_navaid_longitude": null, "arc_radius": null, "theta": null, "rho": null, "magnetic_course": null, "route_distance_holding_distance_time": null, "distance_time": null, "altitude_description": "+", "altitude1": 10000.0, "altitude2": null, "transition_altitude": null, "speed_limit_description": null, "speed_limit": null, "vertical_angle": null, "center_waypoint": null, "center_waypoint_latitude": null, "center_waypoint_longitude": null, "aircraft_category": null}, "geometry": {"type": "MultiPoint", "coordinates": [[104.71369444, 15.32014167]]}}, {"type": "Feature", "properties": {"fid": 4928, "area_code": "PAC", "airport_identifier": "VTUU", "procedure_identifier": "ASAB1D", "route_type": "5", "transition_identifier": "RW23", "seqno": 40, "waypoint_icao_code": "VT", "waypoint_identifier": "RUSTU", "waypoint_latitude": 15.45683333, "waypoint_longitude": 104.94254722, "waypoint_description_code": "E", "turn_direction": null, "rnp": 1.0, "path_termination": "TF", "recommanded_navaid": null, "recommanded_navaid_latitude": null, "recommanded_navaid_longitude": null, "arc_radius": null, "theta": null, "rho": null, "magnetic_course": null, "route_distance_holding_distance_time": null, "distance_time": null, "altitude_description": "+", "altitude1": 5000.0, "altitude2": null, "transition_altitude": null, "speed_limit_description": null, "speed_limit": null, "vertical_angle": null, "center_waypoint": null, "center_waypoint_latitude": null, "center_waypoint_longitude": null, "aircraft_category": null}, "geometry": {"type": "MultiPoint", "coordinates": [[104.94254722, 15.45683333]]}}, {"type": "Feature", "properties": {"fid": 4929, "area_code": "PAC", "airport_identifier": "VTUU", "procedure_identifier": "ASAB1D", "route_type": "5", "transition_identifier": "RW23", "seqno": 50, "waypoint_icao_code": "VT", "waypoint_identifier": "SUNIN", "waypoint_latitude": 15.365125, "waypoint_longitude": 105.01770556, "waypoint_description_code": "E", "turn_direction": null, "rnp": 1.0, "path_termination": "TF", "recommanded_navaid": null, "recommanded_navaid_latitude": null, "recommanded_navaid_longitude": null, "arc_radius": null, "theta": null, "rho": null, "magnetic_course": null, "route_distance_holding_distance_time": null, "distance_time": null, "altitude_description": "+", "altitude1": 3000.0, "altitude2": null, "transition_altitude": null, "speed_limit_description": "-", "speed_limit": 230.0, "vertical_angle": null, "center_waypoint": null, "center_waypoint_latitude": null, "center_waypoint_longitude": null, "aircraft_category": null}, "geometry": {"type": "MultiPoint", "coordinates": [[105.01770556, 15.365125]]}}, {"type": "Feature", "properties": {"fid": 4931, "area_code": "PAC", "airport_identifier": "VTSS", "procedure_identifier": "PIME1B", "route_type": "5", "transition_identifier": "RW08", "seqno": 10, "waypoint_icao_code": "VT", "waypoint_identifier": "PIMER", "waypoint_latitude": 7.51249444, "waypoint_longitude": 100.4135, "waypoint_description_code": "E", "turn_direction": null, "rnp": 1.0, "path_termination": "IF", "recommanded_navaid": null, "recommanded_navaid_latitude": null, "recommanded_navaid_longitude": null, "arc_radius": null, "theta": null, "rho": null, "magnetic_course": null, "route_distance_holding_distance_time": null, "distance_time": null, "altitude_description": "+", "altitude1": 10000.0, "altitude2": null, "transition_altitude": null, "speed_limit_description": null, "speed_limit": null, "vertical_angle": null, "center_waypoint": null, "center_waypoint_latitude": null, "center_waypoint_longitude": null, "aircraft_category": null}, "geometry": {"type": "MultiPoint", "coordinates": [[100.4135, 7.51249444]]}}, {"type": "Feature", "properties": {"fid": 4932, "area_code": "PAC", "airport_identifier": "VTSS", "procedure_identifier": "PIME1B", "route_type": "5", "transition_identifier": "RW08", "seqno": 20, "waypoint_icao_code": "VT", "waypoint_identifier": "ESLUG", "waypoint_latitude": 7.19669167, "waypoint_longitude": 100.45934167, "waypoint_description_code": "E", "turn_direction": null, "rnp": 1.0, "path_termination": "TF", "recommanded_navaid": null, "recommanded_navaid_latitude": null, "recommanded_navaid_longitude": null, "arc_radius": null, "theta": null, "rho": null, "magnetic_course": null, "route_distance_holding_distance_time": null, "distance_time": null, "altitude_description": "+", "altitude1": 10000.0, "altitude2": null, "transition_altitude": null, "speed_limit_description": null, "speed_limit": null, "vertical_angle": null, "center_waypoint": null, "center_waypoint_latitude": null, "center_waypoint_longitude": null, "aircraft_category": null}, "geometry": {"type": "MultiPoint", "coordinates": [[100.45934167, 7.19669167]]}}, {"type": "Feature", "properties": {"fid": 4933, "area_code": "PAC", "airport_identifier": "VTSS", "procedure_identifier": "PIME1B", "route_type": "5", "transition_identifier": "RW08", "seqno": 30, "waypoint_icao_code": "VT", "waypoint_identifier": "SS809", "waypoint_latitude": 7.17044167, "waypoint_longitude": 100.34495, "waypoint_description_code": "E", "turn_direction": null, "rnp": 1.0, "path_termination": "TF", "recommanded_navaid": null, "recommanded_navaid_latitude": null, "recommanded_navaid_longitude": null, "arc_radius": null, "theta": null, "rho": null, "magnetic_course": null, "route_distance_holding_distance_time": null, "distance_time": null, "altitude_description": "+", "altitude1": 10000.0, "altitude2": null, "transition_altitude": null, "speed_limit_description": null, "speed_limit": null, "vertical_angle": null, "center_waypoint": null, "center_waypoint_latitude": null, "center_waypoint_longitude": null, "aircraft_category": null}, "geometry": {"type": "MultiPoint", "coordinates": [[100.34495, 7.17044167]]}}, {"type": "Feature", "properties": {"fid": 4934, "area_code": "PAC", "airport_identifier": "VTSS", "procedure_identifier": "PIME1B", "route_type": "5", "transition_identifier": "RW08", "seqno": 40, "waypoint_icao_code": "VT", "waypoint_identifier": "ALDUG", "waypoint_latitude": 7.12288889, "waypoint_longitude": 100.13808333, "waypoint_description_code": "E", "turn_direction": null, "rnp": 1.0, "path_termination": "TF", "recommanded_navaid": null, "recommanded_navaid_latitude": null, "recommanded_navaid_longitude": null, "arc_radius": null, "theta": null, "rho": null, "magnetic_course": null, "route_distance_holding_distance_time": null, "distance_time": null, "altitude_description": "+", "altitude1": 8000.0, "altitude2": null, "transition_altitude": null, "speed_limit_description": "-", "speed_limit": 230.0, "vertical_angle": null, "center_waypoint": null, "center_waypoint_latitude": null, "center_waypoint_longitude": null, "aircraft_category": null}, "geometry": {"type": "MultiPoint", "coordinates": [[100.13808333, 7.12288889]]}}, {"type": "Feature", "properties": {"fid": 4935, "area_code": "PAC", "airport_identifier": "VTSS", "procedure_identifier": "PIME1B", "route_type": "5", "transition_identifier": "RW08", "seqno": 50, "waypoint_icao_code": "VT", "waypoint_identifier": "VEGTI", "waypoint_latitude": 6.916425, "waypoint_longitude": 100.13808333, "waypoint_description_code": "E", "turn_direction": null, "rnp": 1.0, "path_termination": "TF", "recommanded_navaid": null, "recommanded_navaid_latitude": null, "recommanded_navaid_longitude": null, "arc_radius": null, "theta": null, "rho": null, "magnetic_course": null, "route_distance_holding_distance_time": null, "distance_time": null, "altitude_description": "+", "altitude1": 5500.0, "altitude2": null, "transition_altitude": null, "speed_limit_description": "-", "speed_limit": 210.0, "vertical_angle": null, "center_waypoint": null, "center_waypoint_latitude": null, "center_waypoint_longitude": null, "aircraft_category": null}, "geometry": {"type": "MultiPoint", "coordinates": [[100.13808333, 6.916425]]}}, {"type": "Feature", "properties": {"fid": 4936, "area_code": "PAC", "airport_identifier": "VTSS", "procedure_identifier": "PIME1B", "route_type": "5", "transition_identifier": "RW08", "seqno": 60, "waypoint_icao_code": "VT", "waypoint_identifier": "PIMAN", "waypoint_latitude": 6.83638611, "waypoint_longitude": 100.19886389, "waypoint_description_code": "E", "turn_direction": null, "rnp": 1.0, "path_termination": "TF", "recommanded_navaid": null, "recommanded_navaid_latitude": null, "recommanded_navaid_longitude": null, "arc_radius": null, "theta": null, "rho": null, "magnetic_course": null, "route_distance_holding_distance_time": null, "distance_time": null, "altitude_description": "+", "altitude1": 3500.0, "altitude2": null, "transition_altitude": null, "speed_limit_description": "-", "speed_limit": 190.0, "vertical_angle": null, "center_waypoint": null, "center_waypoint_latitude": null, "center_waypoint_longitude": null, "aircraft_category": null}, "geometry": {"type": "MultiPoint", "coordinates": [[100.19886389, 6.83638611]]}}, {"type": "Feature", "properties": {"fid": 4938, "area_code": "PAC", "airport_identifier": "VTSB", "procedure_identifier": "IKER1B", "route_type": "5", "transition_identifier": "RW04", "seqno": 10, "waypoint_icao_code": "VT", "waypoint_identifier": "IKERA", "waypoint_latitude": 9.52955278, "waypoint_longitude": 99.25888889, "waypoint_description_code": "E", "turn_direction": null, "rnp": null, "path_termination": "IF", "recommanded_navaid": null, "recommanded_navaid_latitude": null, "recommanded_navaid_longitude": null, "arc_radius": null, "theta": null, "rho": null, "magnetic_course": null, "route_distance_holding_distance_time": null, "distance_time": null, "altitude_description": null, "altitude1": null, "altitude2": null, "transition_altitude": null, "speed_limit_description": null, "speed_limit": null, "vertical_angle": null, "center_waypoint": null, "center_waypoint_latitude": null, "center_waypoint_longitude": null, "aircraft_category": null}, "geometry": {"type": "MultiPoint", "coordinates": [[99.25888889, 9.52955278]]}}, {"type": "Feature", "properties": {"fid": 4939, "area_code": "PAC", "airport_identifier": "VTSB", "procedure_identifier": "IKER1B", "route_type": "5", "transition_identifier": "RW04", "seqno": 20, "waypoint_icao_code": "VT", "waypoint_identifier": "SB409", "waypoint_latitude": 9.30662222, "waypoint_longitude": 98.98473889, "waypoint_description_code": "E", "turn_direction": null, "rnp": null, "path_termination": "TF", "recommanded_navaid": null, "recommanded_navaid_latitude": null, "recommanded_navaid_longitude": null, "arc_radius": null, "theta": null, "rho": null, "magnetic_course": null, "route_distance_holding_distance_time": null, "distance_time": null, "altitude_description": "+", "altitude1": 8000.0, "altitude2": null, "transition_altitude": null, "speed_limit_description": null, "speed_limit": null, "vertical_angle": null, "center_waypoint": null, "center_waypoint_latitude": null, "center_waypoint_longitude": null, "aircraft_category": null}, "geometry": {"type": "MultiPoint", "coordinates": [[98.98473889, 9.30662222]]}}, {"type": "Feature", "properties": {"fid": 4940, "area_code": "PAC", "airport_identifier": "VTSB", "procedure_identifier": "IKER1B", "route_type": "5", "transition_identifier": "RW04", "seqno": 30, "waypoint_icao_code": "VT", "waypoint_identifier": "SB408", "waypoint_latitude": 9.17883333, "waypoint_longitude": 98.90172222, "waypoint_description_code": "E", "turn_direction": null, "rnp": null, "path_termination": "TF", "recommanded_navaid": null, "recommanded_navaid_latitude": null, "recommanded_navaid_longitude": null, "arc_radius": null, "theta": null, "rho": null, "magnetic_course": null, "route_distance_holding_distance_time": null, "distance_time": null, "altitude_description": "-", "altitude1": 7000.0, "altitude2": null, "transition_altitude": null, "speed_limit_description": null, "speed_limit": null, "vertical_angle": null, "center_waypoint": null, "center_waypoint_latitude": null, "center_waypoint_longitude": null, "aircraft_category": null}, "geometry": {"type": "MultiPoint", "coordinates": [[98.90172222, 9.17883333]]}}, {"type": "Feature", "properties": {"fid": 4941, "area_code": "PAC", "airport_identifier": "VTSB", "procedure_identifier": "IKER1B", "route_type": "5", "transition_identifier": "RW04", "seqno": 40, "waypoint_icao_code": "VT", "waypoint_identifier": "VARSA", "waypoint_latitude": 9.07938889, "waypoint_longitude": 98.87228056, "waypoint_description_code": "E", "turn_direction": null, "rnp": null, "path_termination": "TF", "recommanded_navaid": null, "recommanded_navaid_latitude": null, "recommanded_navaid_longitude": null, "arc_radius": null, "theta": null, "rho": null, "magnetic_course": null, "route_distance_holding_distance_time": null, "distance_time": null, "altitude_description": "+", "altitude1": 5100.0, "altitude2": null, "transition_altitude": null, "speed_limit_description": "-", "speed_limit": 230.0, "vertical_angle": null, "center_waypoint": null, "center_waypoint_latitude": null, "center_waypoint_longitude": null, "aircraft_category": null}, "geometry": {"type": "MultiPoint", "coordinates": [[98.87228056, 9.07938889]]}}, {"type": "Feature", "properties": {"fid": 4942, "area_code": "PAC", "airport_identifier": "VTSB", "procedure_identifier": "IKER1B", "route_type": "5", "transition_identifier": "RW04", "seqno": 50, "waypoint_icao_code": "VT", "waypoint_identifier": "METIN", "waypoint_latitude": 8.97443333, "waypoint_longitude": 98.98106944, "waypoint_description_code": "E", "turn_direction": null, "rnp": null, "path_termination": "TF", "recommanded_navaid": null, "recommanded_navaid_latitude": null, "recommanded_navaid_longitude": null, "arc_radius": null, "theta": null, "rho": null, "magnetic_course": null, "route_distance_holding_distance_time": null, "distance_time": null, "altitude_description": "+", "altitude1": 3200.0, "altitude2": null, "transition_altitude": null, "speed_limit_description": "-", "speed_limit": 210.0, "vertical_angle": null, "center_waypoint": null, "center_waypoint_latitude": null, "center_waypoint_longitude": null, "aircraft_category": null}, "geometry": {"type": "MultiPoint", "coordinates": [[98.98106944, 8.97443333]]}}, {"type": "Feature", "properties": {"fid": 4944, "area_code": "PAC", "airport_identifier": "VTUD", "procedure_identifier": "SURG1A", "route_type": "5", "transition_identifier": "RW12", "seqno": 10, "waypoint_icao_code": "VT", "waypoint_identifier": "SURGU", "waypoint_latitude": 17.03274167, "waypoint_longitude": 102.40223889, "waypoint_description_code": "E", "turn_direction": null, "rnp": 1.0, "path_termination": "IF", "recommanded_navaid": null, "recommanded_navaid_latitude": null, "recommanded_navaid_longitude": null, "arc_radius": null, "theta": null, "rho": null, "magnetic_course": null, "route_distance_holding_distance_time": null, "distance_time": null, "altitude_description": "-", "altitude1": 10000.0, "altitude2": null, "transition_altitude": null, "speed_limit_description": null, "speed_limit": null, "vertical_angle": null, "center_waypoint": null, "center_waypoint_latitude": null, "center_waypoint_longitude": null, "aircraft_category": null}, "geometry": {"type": "MultiPoint", "coordinates": [[102.40223889, 17.03274167]]}}, {"type": "Feature", "properties": {"fid": 4945, "area_code": "PAC", "airport_identifier": "VTUD", "procedure_identifier": "SURG1A", "route_type": "5", "transition_identifier": "RW12", "seqno": 20, "waypoint_icao_code": "VT", "waypoint_identifier": "MOPSA", "waypoint_latitude": 17.21392778, "waypoint_longitude": 102.43073056, "waypoint_description_code": "E", "turn_direction": null, "rnp": 1.0, "path_termination": "TF", "recommanded_navaid": null, "recommanded_navaid_latitude": null, "recommanded_navaid_longitude": null, "arc_radius": null, "theta": null, "rho": null, "magnetic_course": null, "route_distance_holding_distance_time": null, "distance_time": null, "altitude_description": "-", "altitude1": 8000.0, "altitude2": null, "transition_altitude": null, "speed_limit_description": null, "speed_limit": null, "vertical_angle": null, "center_waypoint": null, "center_waypoint_latitude": null, "center_waypoint_longitude": null, "aircraft_category": null}, "geometry": {"type": "MultiPoint", "coordinates": [[102.43073056, 17.21392778]]}}, {"type": "Feature", "properties": {"fid": 4946, "area_code": "PAC", "airport_identifier": "VTUD", "procedure_identifier": "SURG1A", "route_type": "5", "transition_identifier": "RW12", "seqno": 30, "waypoint_icao_code": "VT", "waypoint_identifier": "RIRMI", "waypoint_latitude": 17.38544444, "waypoint_longitude": 102.52143056, "waypoint_description_code": "E", "turn_direction": null, "rnp": 1.0, "path_termination": "TF", "recommanded_navaid": null, "recommanded_navaid_latitude": null, "recommanded_navaid_longitude": null, "arc_radius": null, "theta": null, "rho": null, "magnetic_course": null, "route_distance_holding_distance_time": null, "distance_time": null, "altitude_description": "-", "altitude1": 5000.0, "altitude2": null, "transition_altitude": null, "speed_limit_description": "-", "speed_limit": 230.0, "vertical_angle": null, "center_waypoint": null, "center_waypoint_latitude": null, "center_waypoint_longitude": null, "aircraft_category": null}, "geometry": {"type": "MultiPoint", "coordinates": [[102.52143056, 17.38544444]]}}, {"type": "Feature", "properties": {"fid": 4947, "area_code": "PAC", "airport_identifier": "VTUD", "procedure_identifier": "SURG1A", "route_type": "5", "transition_identifier": "RW12", "seqno": 40, "waypoint_icao_code": "VT", "waypoint_identifier": "TELUG", "waypoint_latitude": 17.48986111, "waypoint_longitude": 102.57673889, "waypoint_description_code": "E", "turn_direction": null, "rnp": 1.0, "path_termination": "TF", "recommanded_navaid": null, "recommanded_navaid_latitude": null, "recommanded_navaid_longitude": null, "arc_radius": null, "theta": null, "rho": null, "magnetic_course": null, "route_distance_holding_distance_time": null, "distance_time": null, "altitude_description": "+", "altitude1": 3500.0, "altitude2": null, "transition_altitude": null, "speed_limit_description": "-", "speed_limit": 230.0, "vertical_angle": null, "center_waypoint": null, "center_waypoint_latitude": null, "center_waypoint_longitude": null, "aircraft_category": null}, "geometry": {"type": "MultiPoint", "coordinates": [[102.57673889, 17.48986111]]}}, {"type": "Feature", "properties": {"fid": 4949, "area_code": "PAC", "airport_identifier": "VTSP", "procedure_identifier": "URGA1C", "route_type": "5", "transition_identifier": "RW09", "seqno": 10, "waypoint_icao_code": "VT", "waypoint_identifier": "URGAD", "waypoint_latitude": 7.77081944, "waypoint_longitude": 98.67528889, "waypoint_description_code": "E", "turn_direction": null, "rnp": null, "path_termination": "IF", "recommanded_navaid": null, "recommanded_navaid_latitude": null, "recommanded_navaid_longitude": null, "arc_radius": null, "theta": null, "rho": null, "magnetic_course": null, "route_distance_holding_distance_time": null, "distance_time": null, "altitude_description": "-", "altitude1": 10000.0, "altitude2": null, "transition_altitude": null, "speed_limit_description": null, "speed_limit": null, "vertical_angle": null, "center_waypoint": null, "center_waypoint_latitude": null, "center_waypoint_longitude": null, "aircraft_category": null}, "geometry": {"type": "MultiPoint", "coordinates": [[98.67528889, 7.77081944]]}}, {"type": "Feature", "properties": {"fid": 4950, "area_code": "PAC", "airport_identifier": "VTSP", "procedure_identifier": "URGA1C", "route_type": "5", "transition_identifier": "RW09", "seqno": 30, "waypoint_icao_code": "VT", "waypoint_identifier": "SP801", "waypoint_latitude": 7.80369722, "waypoint_longitude": 98.47637222, "waypoint_description_code": "E", "turn_direction": null, "rnp": null, "path_termination": "TF", "recommanded_navaid": null, "recommanded_navaid_latitude": null, "recommanded_navaid_longitude": null, "arc_radius": null, "theta": null, "rho": null, "magnetic_course": null, "route_distance_holding_distance_time": null, "distance_time": null, "altitude_description": null, "altitude1": null, "altitude2": null, "transition_altitude": null, "speed_limit_description": null, "speed_limit": null, "vertical_angle": null, "center_waypoint": null, "center_waypoint_latitude": null, "center_waypoint_longitude": null, "aircraft_category": null}, "geometry": {"type": "MultiPoint", "coordinates": [[98.47637222, 7.80369722]]}}, {"type": "Feature", "properties": {"fid": 4951, "area_code": "PAC", "airport_identifier": "VTSP", "procedure_identifier": "URGA1C", "route_type": "5", "transition_identifier": "RW09", "seqno": 40, "waypoint_icao_code": "VT", "waypoint_identifier": "JUVEY", "waypoint_latitude": 7.99294722, "waypoint_longitude": 98.11208333, "waypoint_description_code": "E", "turn_direction": null, "rnp": null, "path_termination": "TF", "recommanded_navaid": null, "recommanded_navaid_latitude": null, "recommanded_navaid_longitude": null, "arc_radius": null, "theta": null, "rho": null, "magnetic_course": null, "route_distance_holding_distance_time": null, "distance_time": null, "altitude_description": null, "altitude1": null, "altitude2": null, "transition_altitude": null, "speed_limit_description": null, "speed_limit": null, "vertical_angle": null, "center_waypoint": null, "center_waypoint_latitude": null, "center_waypoint_longitude": null, "aircraft_category": null}, "geometry": {"type": "MultiPoint", "coordinates": [[98.11208333, 7.99294722]]}}, {"type": "Feature", "properties": {"fid": 4952, "area_code": "PAC", "airport_identifier": "VTSP", "procedure_identifier": "URGA1C", "route_type": "5", "transition_identifier": "RW09", "seqno": 50, "waypoint_icao_code": "VT", "waypoint_identifier": "RAWAI", "waypoint_latitude": 7.985025, "waypoint_longitude": 98.02844444, "waypoint_description_code": "E", "turn_direction": null, "rnp": null, "path_termination": "TF", "recommanded_navaid": null, "recommanded_navaid_latitude": null, "recommanded_navaid_longitude": null, "arc_radius": null, "theta": null, "rho": null, "magnetic_course": null, "route_distance_holding_distance_time": null, "distance_time": null, "altitude_description": "+", "altitude1": 4000.0, "altitude2": null, "transition_altitude": null, "speed_limit_description": "-", "speed_limit": 230.0, "vertical_angle": null, "center_waypoint": null, "center_waypoint_latitude": null, "center_waypoint_longitude": null, "aircraft_category": null}, "geometry": {"type": "MultiPoint", "coordinates": [[98.02844444, 7.985025]]}}, {"type": "Feature", "properties": {"fid": 4953, "area_code": "PAC", "airport_identifier": "VTSP", "procedure_identifier": "URGA1C", "route_type": "5", "transition_identifier": "RW09", "seqno": 60, "waypoint_icao_code": "VT", "waypoint_identifier": "KALIM", "waypoint_latitude": 8.08507222, "waypoint_longitude": 98.01889444, "waypoint_description_code": "E", "turn_direction": null, "rnp": null, "path_termination": "TF", "recommanded_navaid": null, "recommanded_navaid_latitude": null, "recommanded_navaid_longitude": null, "arc_radius": null, "theta": null, "rho": null, "magnetic_course": null, "route_distance_holding_distance_time": null, "distance_time": null, "altitude_description": "+", "altitude1": 4000.0, "altitude2": null, "transition_altitude": null, "speed_limit_description": "-", "speed_limit": 200.0, "vertical_angle": null, "center_waypoint": null, "center_waypoint_latitude": null, "center_waypoint_longitude": null, "aircraft_category": null}, "geometry": {"type": "MultiPoint", "coordinates": [[98.01889444, 8.08507222]]}}, {"type": "Feature", "properties": {"fid": 4955, "area_code": "PAC", "airport_identifier": "VTUU", "procedure_identifier": "ASAB1C", "route_type": "5", "transition_identifier": "RW05", "seqno": 10, "waypoint_icao_code": "VT", "waypoint_identifier": "ASABO", "waypoint_latitude": 15.20262222, "waypoint_longitude": 104.35064167, "waypoint_description_code": "E", "turn_direction": null, "rnp": 1.0, "path_termination": "IF", "recommanded_navaid": null, "recommanded_navaid_latitude": null, "recommanded_navaid_longitude": null, "arc_radius": null, "theta": null, "rho": null, "magnetic_course": null, "route_distance_holding_distance_time": null, "distance_time": null, "altitude_description": "-", "altitude1": 10000.0, "altitude2": null, "transition_altitude": null, "speed_limit_description": null, "speed_limit": null, "vertical_angle": null, "center_waypoint": null, "center_waypoint_latitude": null, "center_waypoint_longitude": null, "aircraft_category": null}, "geometry": {"type": "MultiPoint", "coordinates": [[104.35064167, 15.20262222]]}}, {"type": "Feature", "properties": {"fid": 4956, "area_code": "PAC", "airport_identifier": "VTUU", "procedure_identifier": "ASAB1C", "route_type": "5", "transition_identifier": "RW05", "seqno": 20, "waypoint_icao_code": "VT", "waypoint_identifier": "TOGOK", "waypoint_latitude": 15.17544444, "waypoint_longitude": 104.52195556, "waypoint_description_code": "E", "turn_direction": null, "rnp": 1.0, "path_termination": "TF", "recommanded_navaid": null, "recommanded_navaid_latitude": null, "recommanded_navaid_longitude": null, "arc_radius": null, "theta": null, "rho": null, "magnetic_course": null, "route_distance_holding_distance_time": null, "distance_time": null, "altitude_description": "-", "altitude1": 7000.0, "altitude2": null, "transition_altitude": null, "speed_limit_description": null, "speed_limit": null, "vertical_angle": null, "center_waypoint": null, "center_waypoint_latitude": null, "center_waypoint_longitude": null, "aircraft_category": null}, "geometry": {"type": "MultiPoint", "coordinates": [[104.52195556, 15.17544444]]}}, {"type": "Feature", "properties": {"fid": 4957, "area_code": "PAC", "airport_identifier": "VTUU", "procedure_identifier": "ASAB1C", "route_type": "5", "transition_identifier": "RW05", "seqno": 30, "waypoint_icao_code": "VT", "waypoint_identifier": "ARARA", "waypoint_latitude": 15.13923333, "waypoint_longitude": 104.72536111, "waypoint_description_code": "E", "turn_direction": null, "rnp": 1.0, "path_termination": "TF", "recommanded_navaid": null, "recommanded_navaid_latitude": null, "recommanded_navaid_longitude": null, "arc_radius": null, "theta": null, "rho": null, "magnetic_course": null, "route_distance_holding_distance_time": null, "distance_time": null, "altitude_description": "+", "altitude1": 3000.0, "altitude2": null, "transition_altitude": null, "speed_limit_description": "-", "speed_limit": 230.0, "vertical_angle": null, "center_waypoint": null, "center_waypoint_latitude": null, "center_waypoint_longitude": null, "aircraft_category": null}, "geometry": {"type": "MultiPoint", "coordinates": [[104.72536111, 15.13923333]]}}, {"type": "Feature", "properties": {"fid": 4959, "area_code": "PAC", "airport_identifier": "VTBD", "procedure_identifier": "SABA3A", "route_type": "4", "transition_identifier": "BUT", "seqno": 10, "waypoint_icao_code": "VT", "waypoint_identifier": "BUT", "waypoint_latitude": 12.66666667, "waypoint_longitude": 101.00047222, "waypoint_description_code": "E", "turn_direction": null, "rnp": null, "path_termination": "IF", "recommanded_navaid": null, "recommanded_navaid_latitude": null, "recommanded_navaid_longitude": null, "arc_radius": null, "theta": null, "rho": null, "magnetic_course": null, "route_distance_holding_distance_time": null, "distance_time": null, "altitude_description": null, "altitude1": null, "altitude2": null, "transition_altitude": null, "speed_limit_description": null, "speed_limit": null, "vertical_angle": null, "center_waypoint": null, "center_waypoint_latitude": null, "center_waypoint_longitude": null, "aircraft_category": null}, "geometry": {"type": "MultiPoint", "coordinates": [[101.00047222, 12.66666667]]}}, {"type": "Feature", "properties": {"fid": 4960, "area_code": "PAC", "airport_identifier": "VTBD", "procedure_identifier": "SABA3A", "route_type": "4", "transition_identifier": "BUT", "seqno": 20, "waypoint_icao_code": "VT", "waypoint_identifier": "SABAI", "waypoint_latitude": 13.12281389, "waypoint_longitude": 100.32756389, "waypoint_description_code": "E", "turn_direction": null, "rnp": null, "path_termination": "TF", "recommanded_navaid": null, "recommanded_navaid_latitude": null, "recommanded_navaid_longitude": null, "arc_radius": null, "theta": null, "rho": null, "magnetic_course": null, "route_distance_holding_distance_time": null, "distance_time": null, "altitude_description": null, "altitude1": null, "altitude2": null, "transition_altitude": null, "speed_limit_description": "-", "speed_limit": 280.0, "vertical_angle": null, "center_waypoint": null, "center_waypoint_latitude": null, "center_waypoint_longitude": null, "aircraft_category": null}, "geometry": {"type": "MultiPoint", "coordinates": [[100.32756389, 13.12281389]]}}, {"type": "Feature", "properties": {"fid": 4962, "area_code": "PAC", "airport_identifier": "VTBD", "procedure_identifier": "SABA3A", "route_type": "4", "transition_identifier": "GUTSO", "seqno": 10, "waypoint_icao_code": "VT", "waypoint_identifier": "GUTSO", "waypoint_latitude": 12.80553889, "waypoint_longitude": 100.58175, "waypoint_description_code": "E", "turn_direction": null, "rnp": null, "path_termination": "IF", "recommanded_navaid": null, "recommanded_navaid_latitude": null, "recommanded_navaid_longitude": null, "arc_radius": null, "theta": null, "rho": null, "magnetic_course": null, "route_distance_holding_distance_time": null, "distance_time": null, "altitude_description": null, "altitude1": null, "altitude2": null, "transition_altitude": null, "speed_limit_description": null, "speed_limit": null, "vertical_angle": null, "center_waypoint": null, "center_waypoint_latitude": null, "center_waypoint_longitude": null, "aircraft_category": null}, "geometry": {"type": "MultiPoint", "coordinates": [[100.58175, 12.80553889]]}}, {"type": "Feature", "properties": {"fid": 4963, "area_code": "PAC", "airport_identifier": "VTBD", "procedure_identifier": "SABA3A", "route_type": "4", "transition_identifier": "GUTSO", "seqno": 20, "waypoint_icao_code": "VT", "waypoint_identifier": "SABAI", "waypoint_latitude": 13.12281389, "waypoint_longitude": 100.32756389, "waypoint_description_code": "E", "turn_direction": null, "rnp": null, "path_termination": "TF", "recommanded_navaid": null, "recommanded_navaid_latitude": null, "recommanded_navaid_longitude": null, "arc_radius": null, "theta": null, "rho": null, "magnetic_course": null, "route_distance_holding_distance_time": null, "distance_time": null, "altitude_description": null, "altitude1": null, "altitude2": null, "transition_altitude": null, "speed_limit_description": "-", "speed_limit": 280.0, "vertical_angle": null, "center_waypoint": null, "center_waypoint_latitude": null, "center_waypoint_longitude": null, "aircraft_category": null}, "geometry": {"type": "MultiPoint", "coordinates": [[100.32756389, 13.12281389]]}}, {"type": "Feature", "properties": {"fid": 4965, "area_code": "PAC", "airport_identifier": "VTBD", "procedure_identifier": "SABA3A", "route_type": "4", "transition_identifier": "HOTEL", "seqno": 10, "waypoint_icao_code": "VT", "waypoint_identifier": "HOTEL", "waypoint_latitude": 13.00172222, "waypoint_longitude": 100.33008333, "waypoint_description_code": "E", "turn_direction": null, "rnp": null, "path_termination": "IF", "recommanded_navaid": null, "recommanded_navaid_latitude": null, "recommanded_navaid_longitude": null, "arc_radius": null, "theta": null, "rho": null, "magnetic_course": null, "route_distance_holding_distance_time": null, "distance_time": null, "altitude_description": null, "altitude1": null, "altitude2": null, "transition_altitude": null, "speed_limit_description": null, "speed_limit": null, "vertical_angle": null, "center_waypoint": null, "center_waypoint_latitude": null, "center_waypoint_longitude": null, "aircraft_category": null}, "geometry": {"type": "MultiPoint", "coordinates": [[100.33008333, 13.00172222]]}}, {"type": "Feature", "properties": {"fid": 4966, "area_code": "PAC", "airport_identifier": "VTBD", "procedure_identifier": "SABA3A", "route_type": "4", "transition_identifier": "HOTEL", "seqno": 20, "waypoint_icao_code": "VT", "waypoint_identifier": "SABAI", "waypoint_latitude": 13.12281389, "waypoint_longitude": 100.32756389, "waypoint_description_code": "E", "turn_direction": null, "rnp": null, "path_termination": "TF", "recommanded_navaid": null, "recommanded_navaid_latitude": null, "recommanded_navaid_longitude": null, "arc_radius": null, "theta": null, "rho": null, "magnetic_course": null, "route_distance_holding_distance_time": null, "distance_time": null, "altitude_description": null, "altitude1": null, "altitude2": null, "transition_altitude": null, "speed_limit_description": "-", "speed_limit": 280.0, "vertical_angle": null, "center_waypoint": null, "center_waypoint_latitude": null, "center_waypoint_longitude": null, "aircraft_category": null}, "geometry": {"type": "MultiPoint", "coordinates": [[100.32756389, 13.12281389]]}}, {"type": "Feature", "properties": {"fid": 4968, "area_code": "PAC", "airport_identifier": "VTBD", "procedure_identifier": "SABA3A", "route_type": "4", "transition_identifier": "SURMA", "seqno": 10, "waypoint_icao_code": "VT", "waypoint_identifier": "SURMA", "waypoint_latitude": 11.85623611, "waypoint_longitude": 100.44240278, "waypoint_description_code": "E", "turn_direction": null, "rnp": null, "path_termination": "IF", "recommanded_navaid": null, "recommanded_navaid_latitude": null, "recommanded_navaid_longitude": null, "arc_radius": null, "theta": null, "rho": null, "magnetic_course": null, "route_distance_holding_distance_time": null, "distance_time": null, "altitude_description": null, "altitude1": null, "altitude2": null, "transition_altitude": null, "speed_limit_description": null, "speed_limit": null, "vertical_angle": null, "center_waypoint": null, "center_waypoint_latitude": null, "center_waypoint_longitude": null, "aircraft_category": null}, "geometry": {"type": "MultiPoint", "coordinates": [[100.44240278, 11.85623611]]}}, {"type": "Feature", "properties": {"fid": 4969, "area_code": "PAC", "airport_identifier": "VTBD", "procedure_identifier": "SABA3A", "route_type": "4", "transition_identifier": "SURMA", "seqno": 20, "waypoint_icao_code": "VT", "waypoint_identifier": "SABAI", "waypoint_latitude": 13.12281389, "waypoint_longitude": 100.32756389, "waypoint_description_code": "E", "turn_direction": null, "rnp": null, "path_termination": "TF", "recommanded_navaid": null, "recommanded_navaid_latitude": null, "recommanded_navaid_longitude": null, "arc_radius": null, "theta": null, "rho": null, "magnetic_course": null, "route_distance_holding_distance_time": null, "distance_time": null, "altitude_description": null, "altitude1": null, "altitude2": null, "transition_altitude": null, "speed_limit_description": "-", "speed_limit": 280.0, "vertical_angle": null, "center_waypoint": null, "center_waypoint_latitude": null, "center_waypoint_longitude": null, "aircraft_category": null}, "geometry": {"type": "MultiPoint", "coordinates": [[100.32756389, 13.12281389]]}}, {"type": "Feature", "properties": {"fid": 4971, "area_code": "PAC", "airport_identifier": "VTBD", "procedure_identifier": "SABA3A", "route_type": "5", "transition_identifier": "RW21B", "seqno": 10, "waypoint_icao_code": "VT", "waypoint_identifier": "SABAI", "waypoint_latitude": 13.12281389, "waypoint_longitude": 100.32756389, "waypoint_description_code": "E", "turn_direction": null, "rnp": null, "path_termination": "IF", "recommanded_navaid": null, "recommanded_navaid_latitude": null, "recommanded_navaid_longitude": null, "arc_radius": null, "theta": null, "rho": null, "magnetic_course": null, "route_distance_holding_distance_time": null, "distance_time": null, "altitude_description": null, "altitude1": null, "altitude2": null, "transition_altitude": null, "speed_limit_description": "-", "speed_limit": 280.0, "vertical_angle": null, "center_waypoint": null, "center_waypoint_latitude": null, "center_waypoint_longitude": null, "aircraft_category": null}, "geometry": {"type": "MultiPoint", "coordinates": [[100.32756389, 13.12281389]]}}, {"type": "Feature", "properties": {"fid": 4972, "area_code": "PAC", "airport_identifier": "VTBD", "procedure_identifier": "SABA3A", "route_type": "5", "transition_identifier": "RW21B", "seqno": 20, "waypoint_icao_code": "VT", "waypoint_identifier": "BD118", "waypoint_latitude": 13.21525, "waypoint_longitude": 100.32806111, "waypoint_description_code": "E", "turn_direction": null, "rnp": null, "path_termination": "TF", "recommanded_navaid": null, "recommanded_navaid_latitude": null, "recommanded_navaid_longitude": null, "arc_radius": null, "theta": null, "rho": null, "magnetic_course": null, "route_distance_holding_distance_time": null, "distance_time": null, "altitude_description": "B", "altitude1": 22000.0, "altitude2": 20000.0, "transition_altitude": null, "speed_limit_description": null, "speed_limit": null, "vertical_angle": null, "center_waypoint": null, "center_waypoint_latitude": null, "center_waypoint_longitude": null, "aircraft_category": null}, "geometry": {"type": "MultiPoint", "coordinates": [[100.32806111, 13.21525]]}}, {"type": "Feature", "properties": {"fid": 4973, "area_code": "PAC", "airport_identifier": "VTBD", "procedure_identifier": "SABA3A", "route_type": "5", "transition_identifier": "RW21B", "seqno": 30, "waypoint_icao_code": "VT", "waypoint_identifier": "BD117", "waypoint_latitude": 13.322175, "waypoint_longitude": 100.32864167, "waypoint_description_code": "E", "turn_direction": null, "rnp": null, "path_termination": "TF", "recommanded_navaid": null, "recommanded_navaid_latitude": null, "recommanded_navaid_longitude": null, "arc_radius": null, "theta": null, "rho": null, "magnetic_course": null, "route_distance_holding_distance_time": null, "distance_time": null, "altitude_description": "+", "altitude1": 18000.0, "altitude2": null, "transition_altitude": null, "speed_limit_description": null, "speed_limit": null, "vertical_angle": null, "center_waypoint": null, "center_waypoint_latitude": null, "center_waypoint_longitude": null, "aircraft_category": null}, "geometry": {"type": "MultiPoint", "coordinates": [[100.32864167, 13.322175]]}}, {"type": "Feature", "properties": {"fid": 4974, "area_code": "PAC", "airport_identifier": "VTBD", "procedure_identifier": "SABA3A", "route_type": "5", "transition_identifier": "RW21B", "seqno": 40, "waypoint_icao_code": "VT", "waypoint_identifier": "VASGO", "waypoint_latitude": 13.44640556, "waypoint_longitude": 100.329325, "waypoint_description_code": "E", "turn_direction": null, "rnp": null, "path_termination": "TF", "recommanded_navaid": null, "recommanded_navaid_latitude": null, "recommanded_navaid_longitude": null, "arc_radius": null, "theta": null, "rho": null, "magnetic_course": null, "route_distance_holding_distance_time": null, "distance_time": null, "altitude_description": null, "altitude1": null, "altitude2": null, "transition_altitude": null, "speed_limit_description": null, "speed_limit": null, "vertical_angle": null, "center_waypoint": null, "center_waypoint_latitude": null, "center_waypoint_longitude": null, "aircraft_category": null}, "geometry": {"type": "MultiPoint", "coordinates": [[100.329325, 13.44640556]]}}, {"type": "Feature", "properties": {"fid": 4975, "area_code": "PAC", "airport_identifier": "VTBD", "procedure_identifier": "SABA3A", "route_type": "5", "transition_identifier": "RW21B", "seqno": 50, "waypoint_icao_code": "VT", "waypoint_identifier": "ESMAG", "waypoint_latitude": 13.58795556, "waypoint_longitude": 100.29433889, "waypoint_description_code": "E", "turn_direction": null, "rnp": null, "path_termination": "TF", "recommanded_navaid": null, "recommanded_navaid_latitude": null, "recommanded_navaid_longitude": null, "arc_radius": null, "theta": null, "rho": null, "magnetic_course": null, "route_distance_holding_distance_time": null, "distance_time": null, "altitude_description": null, "altitude1": null, "altitude2": null, "transition_altitude": null, "speed_limit_description": null, "speed_limit": null, "vertical_angle": null, "center_waypoint": null, "center_waypoint_latitude": null, "center_waypoint_longitude": null, "aircraft_category": null}, "geometry": {"type": "MultiPoint", "coordinates": [[100.29433889, 13.58795556]]}}, {"type": "Feature", "properties": {"fid": 4976, "area_code": "PAC", "airport_identifier": "VTBD", "procedure_identifier": "SABA3A", "route_type": "5", "transition_identifier": "RW21B", "seqno": 60, "waypoint_icao_code": "VT", "waypoint_identifier": "BD116", "waypoint_latitude": 13.75068611, "waypoint_longitude": 100.254075, "waypoint_description_code": "E", "turn_direction": null, "rnp": null, "path_termination": "TF", "recommanded_navaid": null, "recommanded_navaid_latitude": null, "recommanded_navaid_longitude": null, "arc_radius": null, "theta": null, "rho": null, "magnetic_course": null, "route_distance_holding_distance_time": null, "distance_time": null, "altitude_description": null, "altitude1": null, "altitude2": null, "transition_altitude": null, "speed_limit_description": null, "speed_limit": null, "vertical_angle": null, "center_waypoint": null, "center_waypoint_latitude": null, "center_waypoint_longitude": null, "aircraft_category": null}, "geometry": {"type": "MultiPoint", "coordinates": [[100.254075, 13.75068611]]}}, {"type": "Feature", "properties": {"fid": 4977, "area_code": "PAC", "airport_identifier": "VTBD", "procedure_identifier": "SABA3A", "route_type": "5", "transition_identifier": "RW21B", "seqno": 70, "waypoint_icao_code": "VT", "waypoint_identifier": "NODEG", "waypoint_latitude": 13.854875, "waypoint_longitude": 100.31939722, "waypoint_description_code": "E", "turn_direction": null, "rnp": null, "path_termination": "TF", "recommanded_navaid": null, "recommanded_navaid_latitude": null, "recommanded_navaid_longitude": null, "arc_radius": null, "theta": null, "rho": null, "magnetic_course": null, "route_distance_holding_distance_time": null, "distance_time": null, "altitude_description": "-", "altitude1": 13000.0, "altitude2": null, "transition_altitude": null, "speed_limit_description": "-", "speed_limit": 250.0, "vertical_angle": null, "center_waypoint": null, "center_waypoint_latitude": null, "center_waypoint_longitude": null, "aircraft_category": null}, "geometry": {"type": "MultiPoint", "coordinates": [[100.31939722, 13.854875]]}}, {"type": "Feature", "properties": {"fid": 4978, "area_code": "PAC", "airport_identifier": "VTBD", "procedure_identifier": "SABA3A", "route_type": "5", "transition_identifier": "RW21B", "seqno": 80, "waypoint_icao_code": "VT", "waypoint_identifier": "DUGIX", "waypoint_latitude": 14.02286389, "waypoint_longitude": 100.42487778, "waypoint_description_code": "E", "turn_direction": null, "rnp": null, "path_termination": "TF", "recommanded_navaid": null, "recommanded_navaid_latitude": null, "recommanded_navaid_longitude": null, "arc_radius": null, "theta": null, "rho": null, "magnetic_course": null, "route_distance_holding_distance_time": null, "distance_time": null, "altitude_description": "B", "altitude1": 10000.0, "altitude2": 9000.0, "transition_altitude": null, "speed_limit_description": null, "speed_limit": null, "vertical_angle": null, "center_waypoint": null, "center_waypoint_latitude": null, "center_waypoint_longitude": null, "aircraft_category": null}, "geometry": {"type": "MultiPoint", "coordinates": [[100.42487778, 14.02286389]]}}, {"type": "Feature", "properties": {"fid": 4979, "area_code": "PAC", "airport_identifier": "VTBD", "procedure_identifier": "SABA3A", "route_type": "5", "transition_identifier": "RW21B", "seqno": 90, "waypoint_icao_code": "VT", "waypoint_identifier": "BD112", "waypoint_latitude": 14.12186111, "waypoint_longitude": 100.48713056, "waypoint_description_code": "E", "turn_direction": null, "rnp": null, "path_termination": "TF", "recommanded_navaid": null, "recommanded_navaid_latitude": null, "recommanded_navaid_longitude": null, "arc_radius": null, "theta": null, "rho": null, "magnetic_course": null, "route_distance_holding_distance_time": null, "distance_time": null, "altitude_description": null, "altitude1": null, "altitude2": null, "transition_altitude": null, "speed_limit_description": "-", "speed_limit": 220.0, "vertical_angle": null, "center_waypoint": null, "center_waypoint_latitude": null, "center_waypoint_longitude": null, "aircraft_category": null}, "geometry": {"type": "MultiPoint", "coordinates": [[100.48713056, 14.12186111]]}}, {"type": "Feature", "properties": {"fid": 4980, "area_code": "PAC", "airport_identifier": "VTBD", "procedure_identifier": "SABA3A", "route_type": "5", "transition_identifier": "RW21B", "seqno": 100, "waypoint_icao_code": "VT", "waypoint_identifier": "VARPI", "waypoint_latitude": 14.20528056, "waypoint_longitude": 100.53964167, "waypoint_description_code": "E", "turn_direction": null, "rnp": null, "path_termination": "TF", "recommanded_navaid": null, "recommanded_navaid_latitude": null, "recommanded_navaid_longitude": null, "arc_radius": null, "theta": null, "rho": null, "magnetic_course": null, "route_distance_holding_distance_time": null, "distance_time": null, "altitude_description": "-", "altitude1": 7000.0, "altitude2": null, "transition_altitude": null, "speed_limit_description": null, "speed_limit": null, "vertical_angle": null, "center_waypoint": null, "center_waypoint_latitude": null, "center_waypoint_longitude": null, "aircraft_category": null}, "geometry": {"type": "MultiPoint", "coordinates": [[100.53964167, 14.20528056]]}}, {"type": "Feature", "properties": {"fid": 4981, "area_code": "PAC", "airport_identifier": "VTBD", "procedure_identifier": "SABA3A", "route_type": "5", "transition_identifier": "RW21B", "seqno": 110, "waypoint_icao_code": "VT", "waypoint_identifier": "AROKA", "waypoint_latitude": 14.18948889, "waypoint_longitude": 100.66441389, "waypoint_description_code": "E", "turn_direction": null, "rnp": null, "path_termination": "TF", "recommanded_navaid": null, "recommanded_navaid_latitude": null, "recommanded_navaid_longitude": null, "arc_radius": null, "theta": null, "rho": null, "magnetic_course": null, "route_distance_holding_distance_time": null, "distance_time": null, "altitude_description": "-", "altitude1": 5000.0, "altitude2": null, "transition_altitude": null, "speed_limit_description": null, "speed_limit": null, "vertical_angle": null, "center_waypoint": null, "center_waypoint_latitude": null, "center_waypoint_longitude": null, "aircraft_category": null}, "geometry": {"type": "MultiPoint", "coordinates": [[100.66441389, 14.18948889]]}}, {"type": "Feature", "properties": {"fid": 4982, "area_code": "PAC", "airport_identifier": "VTBD", "procedure_identifier": "SABA3A", "route_type": "5", "transition_identifier": "RW21B", "seqno": 120, "waypoint_icao_code": "VT", "waypoint_identifier": "BD111", "waypoint_latitude": 14.07649444, "waypoint_longitude": 100.69658889, "waypoint_description_code": "E", "turn_direction": null, "rnp": null, "path_termination": "TF", "recommanded_navaid": null, "recommanded_navaid_latitude": null, "recommanded_navaid_longitude": null, "arc_radius": null, "theta": null, "rho": null, "magnetic_course": null, "route_distance_holding_distance_time": null, "distance_time": null, "altitude_description": "+", "altitude1": 2600.0, "altitude2": null, "transition_altitude": null, "speed_limit_description": "-", "speed_limit": 190.0, "vertical_angle": null, "center_waypoint": null, "center_waypoint_latitude": null, "center_waypoint_longitude": null, "aircraft_category": null}, "geometry": {"type": "MultiPoint", "coordinates": [[100.69658889, 14.07649444]]}}, {"type": "Feature", "properties": {"fid": 4984, "area_code": "PAC", "airport_identifier": "VTCL", "procedure_identifier": "OMDI1B", "route_type": "5", "transition_identifier": "RW18", "seqno": 10, "waypoint_icao_code": "VT", "waypoint_identifier": "OMDIL", "waypoint_latitude": 18.18521111, "waypoint_longitude": 99.92950833, "waypoint_description_code": "E", "turn_direction": null, "rnp": 1.0, "path_termination": "IF", "recommanded_navaid": null, "recommanded_navaid_latitude": null, "recommanded_navaid_longitude": null, "arc_radius": null, "theta": null, "rho": null, "magnetic_course": null, "route_distance_holding_distance_time": null, "distance_time": null, "altitude_description": "+", "altitude1": 11000.0, "altitude2": null, "transition_altitude": null, "speed_limit_description": null, "speed_limit": null, "vertical_angle": null, "center_waypoint": null, "center_waypoint_latitude": null, "center_waypoint_longitude": null, "aircraft_category": null}, "geometry": {"type": "MultiPoint", "coordinates": [[99.92950833, 18.18521111]]}}, {"type": "Feature", "properties": {"fid": 4985, "area_code": "PAC", "airport_identifier": "VTCL", "procedure_identifier": "OMDI1B", "route_type": "5", "transition_identifier": "RW18", "seqno": 20, "waypoint_icao_code": "VT", "waypoint_identifier": "VAGLU", "waypoint_latitude": 18.24583056, "waypoint_longitude": 99.64680278, "waypoint_description_code": "E", "turn_direction": null, "rnp": 1.0, "path_termination": "TF", "recommanded_navaid": null, "recommanded_navaid_latitude": null, "recommanded_navaid_longitude": null, "arc_radius": null, "theta": null, "rho": null, "magnetic_course": null, "route_distance_holding_distance_time": null, "distance_time": null, "altitude_description": "@", "altitude1": 9000.0, "altitude2": null, "transition_altitude": null, "speed_limit_description": null, "speed_limit": null, "vertical_angle": null, "center_waypoint": null, "center_waypoint_latitude": null, "center_waypoint_longitude": null, "aircraft_category": null}, "geometry": {"type": "MultiPoint", "coordinates": [[99.64680278, 18.24583056]]}}, {"type": "Feature", "properties": {"fid": 4986, "area_code": "PAC", "airport_identifier": "VTCL", "procedure_identifier": "OMDI1B", "route_type": "5", "transition_identifier": "RW18", "seqno": 30, "waypoint_icao_code": "VT", "waypoint_identifier": "LAMEM", "waypoint_latitude": 18.354075, "waypoint_longitude": 99.63782222, "waypoint_description_code": "E", "turn_direction": null, "rnp": 1.0, "path_termination": "TF", "recommanded_navaid": null, "recommanded_navaid_latitude": null, "recommanded_navaid_longitude": null, "arc_radius": null, "theta": null, "rho": null, "magnetic_course": null, "route_distance_holding_distance_time": null, "distance_time": null, "altitude_description": "-", "altitude1": 7000.0, "altitude2": null, "transition_altitude": null, "speed_limit_description": "-", "speed_limit": 230.0, "vertical_angle": null, "center_waypoint": null, "center_waypoint_latitude": null, "center_waypoint_longitude": null, "aircraft_category": null}, "geometry": {"type": "MultiPoint", "coordinates": [[99.63782222, 18.354075]]}}, {"type": "Feature", "properties": {"fid": 4987, "area_code": "PAC", "airport_identifier": "VTCL", "procedure_identifier": "OMDI1B", "route_type": "5", "transition_identifier": "RW18", "seqno": 40, "waypoint_icao_code": "VT", "waypoint_identifier": "UNTIM", "waypoint_latitude": 18.45581944, "waypoint_longitude": 99.62936944, "waypoint_description_code": "E", "turn_direction": null, "rnp": 1.0, "path_termination": "TF", "recommanded_navaid": null, "recommanded_navaid_latitude": null, "recommanded_navaid_longitude": null, "arc_radius": null, "theta": null, "rho": null, "magnetic_course": null, "route_distance_holding_distance_time": null, "distance_time": null, "altitude_description": "+", "altitude1": 5000.0, "altitude2": null, "transition_altitude": null, "speed_limit_description": "-", "speed_limit": 230.0, "vertical_angle": null, "center_waypoint": null, "center_waypoint_latitude": null, "center_waypoint_longitude": null, "aircraft_category": null}, "geometry": {"type": "MultiPoint", "coordinates": [[99.62936944, 18.45581944]]}}, {"type": "Feature", "properties": {"fid": 4988, "area_code": "PAC", "airport_identifier": "VTCL", "procedure_identifier": "OMDI1B", "route_type": "5", "transition_identifier": "RW18", "seqno": 50, "waypoint_icao_code": "VT", "waypoint_identifier": "ATKIM", "waypoint_latitude": 18.44509722, "waypoint_longitude": 99.48956111, "waypoint_description_code": "E", "turn_direction": null, "rnp": 1.0, "path_termination": "TF", "recommanded_navaid": null, "recommanded_navaid_latitude": null, "recommanded_navaid_longitude": null, "arc_radius": null, "theta": null, "rho": null, "magnetic_course": null, "route_distance_holding_distance_time": null, "distance_time": null, "altitude_description": "+", "altitude1": 3500.0, "altitude2": null, "transition_altitude": null, "speed_limit_description": "-", "speed_limit": 200.0, "vertical_angle": null, "center_waypoint": null, "center_waypoint_latitude": null, "center_waypoint_longitude": null, "aircraft_category": null}, "geometry": {"type": "MultiPoint", "coordinates": [[99.48956111, 18.44509722]]}}, {"type": "Feature", "properties": {"fid": 4990, "area_code": "PAC", "airport_identifier": "VTBS", "procedure_identifier": "NORT1D", "route_type": "4", "transition_identifier": "ALBOS", "seqno": 10, "waypoint_icao_code": "VT", "waypoint_identifier": "ALBOS", "waypoint_latitude": 14.74491667, "waypoint_longitude": 101.02830556, "waypoint_description_code": "E", "turn_direction": null, "rnp": null, "path_termination": "IF", "recommanded_navaid": null, "recommanded_navaid_latitude": null, "recommanded_navaid_longitude": null, "arc_radius": null, "theta": null, "rho": null, "magnetic_course": null, "route_distance_holding_distance_time": null, "distance_time": null, "altitude_description": null, "altitude1": null, "altitude2": null, "transition_altitude": null, "speed_limit_description": null, "speed_limit": null, "vertical_angle": null, "center_waypoint": null, "center_waypoint_latitude": null, "center_waypoint_longitude": null, "aircraft_category": null}, "geometry": {"type": "MultiPoint", "coordinates": [[101.02830556, 14.74491667]]}}, {"type": "Feature", "properties": {"fid": 4991, "area_code": "PAC", "airport_identifier": "VTBS", "procedure_identifier": "NORT1D", "route_type": "4", "transition_identifier": "ALBOS", "seqno": 20, "waypoint_icao_code": "VT", "waypoint_identifier": "NORTA", "waypoint_latitude": 14.71878889, "waypoint_longitude": 100.63901667, "waypoint_description_code": "E", "turn_direction": null, "rnp": null, "path_termination": "TF", "recommanded_navaid": null, "recommanded_navaid_latitude": null, "recommanded_navaid_longitude": null, "arc_radius": null, "theta": null, "rho": null, "magnetic_course": null, "route_distance_holding_distance_time": null, "distance_time": null, "altitude_description": "-", "altitude1": 22000.0, "altitude2": null, "transition_altitude": null, "speed_limit_description": "-", "speed_limit": 280.0, "vertical_angle": null, "center_waypoint": null, "center_waypoint_latitude": null, "center_waypoint_longitude": null, "aircraft_category": null}, "geometry": {"type": "MultiPoint", "coordinates": [[100.63901667, 14.71878889]]}}, {"type": "Feature", "properties": {"fid": 4993, "area_code": "PAC", "airport_identifier": "VTBS", "procedure_identifier": "NORT1D", "route_type": "4", "transition_identifier": "BLAFF", "seqno": 10, "waypoint_icao_code": "VT", "waypoint_identifier": "BLAFF", "waypoint_latitude": 15.27595833, "waypoint_longitude": 100.29753056, "waypoint_description_code": "E", "turn_direction": null, "rnp": null, "path_termination": "IF", "recommanded_navaid": null, "recommanded_navaid_latitude": null, "recommanded_navaid_longitude": null, "arc_radius": null, "theta": null, "rho": null, "magnetic_course": null, "route_distance_holding_distance_time": null, "distance_time": null, "altitude_description": null, "altitude1": null, "altitude2": null, "transition_altitude": null, "speed_limit_description": null, "speed_limit": null, "vertical_angle": null, "center_waypoint": null, "center_waypoint_latitude": null, "center_waypoint_longitude": null, "aircraft_category": null}, "geometry": {"type": "MultiPoint", "coordinates": [[100.29753056, 15.27595833]]}}, {"type": "Feature", "properties": {"fid": 4994, "area_code": "PAC", "airport_identifier": "VTBS", "procedure_identifier": "NORT1D", "route_type": "4", "transition_identifier": "BLAFF", "seqno": 20, "waypoint_icao_code": "VT", "waypoint_identifier": "NORTA", "waypoint_latitude": 14.71878889, "waypoint_longitude": 100.63901667, "waypoint_description_code": "E", "turn_direction": null, "rnp": null, "path_termination": "TF", "recommanded_navaid": null, "recommanded_navaid_latitude": null, "recommanded_navaid_longitude": null, "arc_radius": null, "theta": null, "rho": null, "magnetic_course": null, "route_distance_holding_distance_time": null, "distance_time": null, "altitude_description": "-", "altitude1": 22000.0, "altitude2": null, "transition_altitude": null, "speed_limit_description": "-", "speed_limit": 280.0, "vertical_angle": null, "center_waypoint": null, "center_waypoint_latitude": null, "center_waypoint_longitude": null, "aircraft_category": null}, "geometry": {"type": "MultiPoint", "coordinates": [[100.63901667, 14.71878889]]}}, {"type": "Feature", "properties": {"fid": 4996, "area_code": "PAC", "airport_identifier": "VTBS", "procedure_identifier": "NORT1D", "route_type": "4", "transition_identifier": "NOBER", "seqno": 10, "waypoint_icao_code": "VT", "waypoint_identifier": "NOBER", "waypoint_latitude": 15.27655556, "waypoint_longitude": 100.66833333, "waypoint_description_code": "E", "turn_direction": null, "rnp": null, "path_termination": "IF", "recommanded_navaid": null, "recommanded_navaid_latitude": null, "recommanded_navaid_longitude": null, "arc_radius": null, "theta": null, "rho": null, "magnetic_course": null, "route_distance_holding_distance_time": null, "distance_time": null, "altitude_description": null, "altitude1": null, "altitude2": null, "transition_altitude": null, "speed_limit_description": null, "speed_limit": null, "vertical_angle": null, "center_waypoint": null, "center_waypoint_latitude": null, "center_waypoint_longitude": null, "aircraft_category": null}, "geometry": {"type": "MultiPoint", "coordinates": [[100.66833333, 15.27655556]]}}, {"type": "Feature", "properties": {"fid": 4997, "area_code": "PAC", "airport_identifier": "VTBS", "procedure_identifier": "NORT1D", "route_type": "4", "transition_identifier": "NOBER", "seqno": 20, "waypoint_icao_code": "VT", "waypoint_identifier": "NORTA", "waypoint_latitude": 14.71878889, "waypoint_longitude": 100.63901667, "waypoint_description_code": "E", "turn_direction": null, "rnp": null, "path_termination": "TF", "recommanded_navaid": null, "recommanded_navaid_latitude": null, "recommanded_navaid_longitude": null, "arc_radius": null, "theta": null, "rho": null, "magnetic_course": null, "route_distance_holding_distance_time": null, "distance_time": null, "altitude_description": "-", "altitude1": 22000.0, "altitude2": null, "transition_altitude": null, "speed_limit_description": "-", "speed_limit": 280.0, "vertical_angle": null, "center_waypoint": null, "center_waypoint_latitude": null, "center_waypoint_longitude": null, "aircraft_category": null}, "geometry": {"type": "MultiPoint", "coordinates": [[100.63901667, 14.71878889]]}}, {"type": "Feature", "properties": {"fid": 4999, "area_code": "PAC", "airport_identifier": "VTBS", "procedure_identifier": "NORT1D", "route_type": "4", "transition_identifier": "SEMBO", "seqno": 10, "waypoint_icao_code": "VT", "waypoint_identifier": "SEMBO", "waypoint_latitude": 14.89976667, "waypoint_longitude": 100.26331111, "waypoint_description_code": "E", "turn_direction": null, "rnp": null, "path_termination": "IF", "recommanded_navaid": null, "recommanded_navaid_latitude": null, "recommanded_navaid_longitude": null, "arc_radius": null, "theta": null, "rho": null, "magnetic_course": null, "route_distance_holding_distance_time": null, "distance_time": null, "altitude_description": null, "altitude1": null, "altitude2": null, "transition_altitude": null, "speed_limit_description": null, "speed_limit": null, "vertical_angle": null, "center_waypoint": null, "center_waypoint_latitude": null, "center_waypoint_longitude": null, "aircraft_category": null}, "geometry": {"type": "MultiPoint", "coordinates": [[100.26331111, 14.89976667]]}}, {"type": "Feature", "properties": {"fid": 5000, "area_code": "PAC", "airport_identifier": "VTBS", "procedure_identifier": "NORT1D", "route_type": "4", "transition_identifier": "SEMBO", "seqno": 20, "waypoint_icao_code": "VT", "waypoint_identifier": "NORTA", "waypoint_latitude": 14.71878889, "waypoint_longitude": 100.63901667, "waypoint_description_code": "E", "turn_direction": null, "rnp": null, "path_termination": "TF", "recommanded_navaid": null, "recommanded_navaid_latitude": null, "recommanded_navaid_longitude": null, "arc_radius": null, "theta": null, "rho": null, "magnetic_course": null, "route_distance_holding_distance_time": null, "distance_time": null, "altitude_description": "-", "altitude1": 22000.0, "altitude2": null, "transition_altitude": null, "speed_limit_description": "-", "speed_limit": 280.0, "vertical_angle": null, "center_waypoint": null, "center_waypoint_latitude": null, "center_waypoint_longitude": null, "aircraft_category": null}, "geometry": {"type": "MultiPoint", "coordinates": [[100.63901667, 14.71878889]]}}, {"type": "Feature", "properties": {"fid": 5002, "area_code": "PAC", "airport_identifier": "VTBS", "procedure_identifier": "NORT1D", "route_type": "5", "transition_identifier": null, "seqno": 10, "waypoint_icao_code": "VT", "waypoint_identifier": "NORTA", "waypoint_latitude": 14.71878889, "waypoint_longitude": 100.63901667, "waypoint_description_code": "E", "turn_direction": null, "rnp": null, "path_termination": "IF", "recommanded_navaid": null, "recommanded_navaid_latitude": null, "recommanded_navaid_longitude": null, "arc_radius": null, "theta": null, "rho": null, "magnetic_course": null, "route_distance_holding_distance_time": null, "distance_time": null, "altitude_description": "-", "altitude1": 22000.0, "altitude2": null, "transition_altitude": null, "speed_limit_description": "-", "speed_limit": 280.0, "vertical_angle": null, "center_waypoint": null, "center_waypoint_latitude": null, "center_waypoint_longitude": null, "aircraft_category": null}, "geometry": {"type": "MultiPoint", "coordinates": [[100.63901667, 14.71878889]]}}, {"type": "Feature", "properties": {"fid": 5003, "area_code": "PAC", "airport_identifier": "VTBS", "procedure_identifier": "NORT1D", "route_type": "5", "transition_identifier": null, "seqno": 20, "waypoint_icao_code": "VT", "waypoint_identifier": "IRTIS", "waypoint_latitude": 14.43883889, "waypoint_longitude": 100.72518889, "waypoint_description_code": "E", "turn_direction": null, "rnp": null, "path_termination": "TF", "recommanded_navaid": null, "recommanded_navaid_latitude": null, "recommanded_navaid_longitude": null, "arc_radius": null, "theta": null, "rho": null, "magnetic_course": null, "route_distance_holding_distance_time": null, "distance_time": null, "altitude_description": null, "altitude1": null, "altitude2": null, "transition_altitude": null, "speed_limit_description": null, "speed_limit": null, "vertical_angle": null, "center_waypoint": null, "center_waypoint_latitude": null, "center_waypoint_longitude": null, "aircraft_category": null}, "geometry": {"type": "MultiPoint", "coordinates": [[100.72518889, 14.43883889]]}}, {"type": "Feature", "properties": {"fid": 5004, "area_code": "PAC", "airport_identifier": "VTBS", "procedure_identifier": "NORT1D", "route_type": "5", "transition_identifier": null, "seqno": 30, "waypoint_icao_code": "VT", "waypoint_identifier": "LAVAT", "waypoint_latitude": 14.23194722, "waypoint_longitude": 100.74821111, "waypoint_description_code": "E", "turn_direction": null, "rnp": null, "path_termination": "TF", "recommanded_navaid": null, "recommanded_navaid_latitude": null, "recommanded_navaid_longitude": null, "arc_radius": null, "theta": null, "rho": null, "magnetic_course": null, "route_distance_holding_distance_time": null, "distance_time": null, "altitude_description": "+", "altitude1": 16000.0, "altitude2": null, "transition_altitude": null, "speed_limit_description": null, "speed_limit": null, "vertical_angle": null, "center_waypoint": null, "center_waypoint_latitude": null, "center_waypoint_longitude": null, "aircraft_category": null}, "geometry": {"type": "MultiPoint", "coordinates": [[100.74821111, 14.23194722]]}}, {"type": "Feature", "properties": {"fid": 5005, "area_code": "PAC", "airport_identifier": "VTBS", "procedure_identifier": "NORT1D", "route_type": "5", "transition_identifier": null, "seqno": 40, "waypoint_icao_code": "VT", "waypoint_identifier": "BS421", "waypoint_latitude": 14.11976667, "waypoint_longitude": 100.7607, "waypoint_description_code": "E", "turn_direction": null, "rnp": null, "path_termination": "TF", "recommanded_navaid": null, "recommanded_navaid_latitude": null, "recommanded_navaid_longitude": null, "arc_radius": null, "theta": null, "rho": null, "magnetic_course": null, "route_distance_holding_distance_time": null, "distance_time": null, "altitude_description": null, "altitude1": null, "altitude2": null, "transition_altitude": null, "speed_limit_description": "-", "speed_limit": 250.0, "vertical_angle": null, "center_waypoint": null, "center_waypoint_latitude": null, "center_waypoint_longitude": null, "aircraft_category": null}, "geometry": {"type": "MultiPoint", "coordinates": [[100.7607, 14.11976667]]}}, {"type": "Feature", "properties": {"fid": 5006, "area_code": "PAC", "airport_identifier": "VTBS", "procedure_identifier": "NORT1D", "route_type": "5", "transition_identifier": null, "seqno": 50, "waypoint_icao_code": "VT", "waypoint_identifier": "BS420", "waypoint_latitude": 13.92534722, "waypoint_longitude": 100.70915556, "waypoint_description_code": "E", "turn_direction": null, "rnp": null, "path_termination": "TF", "recommanded_navaid": null, "recommanded_navaid_latitude": null, "recommanded_navaid_longitude": null, "arc_radius": null, "theta": null, "rho": null, "magnetic_course": null, "route_distance_holding_distance_time": null, "distance_time": null, "altitude_description": "+", "altitude1": 11000.0, "altitude2": null, "transition_altitude": null, "speed_limit_description": null, "speed_limit": null, "vertical_angle": null, "center_waypoint": null, "center_waypoint_latitude": null, "center_waypoint_longitude": null, "aircraft_category": null}, "geometry": {"type": "MultiPoint", "coordinates": [[100.70915556, 13.92534722]]}}, {"type": "Feature", "properties": {"fid": 5007, "area_code": "PAC", "airport_identifier": "VTBS", "procedure_identifier": "NORT1D", "route_type": "5", "transition_identifier": null, "seqno": 60, "waypoint_icao_code": "VT", "waypoint_identifier": "BS419", "waypoint_latitude": 13.71105556, "waypoint_longitude": 100.65246944, "waypoint_description_code": "E", "turn_direction": null, "rnp": null, "path_termination": "TF", "recommanded_navaid": null, "recommanded_navaid_latitude": null, "recommanded_navaid_longitude": null, "arc_radius": null, "theta": null, "rho": null, "magnetic_course": null, "route_distance_holding_distance_time": null, "distance_time": null, "altitude_description": "B", "altitude1": 9000.0, "altitude2": 7000.0, "transition_altitude": null, "speed_limit_description": "-", "speed_limit": 220.0, "vertical_angle": null, "center_waypoint": null, "center_waypoint_latitude": null, "center_waypoint_longitude": null, "aircraft_category": null}, "geometry": {"type": "MultiPoint", "coordinates": [[100.65246944, 13.71105556]]}}, {"type": "Feature", "properties": {"fid": 5008, "area_code": "PAC", "airport_identifier": "VTBS", "procedure_identifier": "NORT1D", "route_type": "5", "transition_identifier": null, "seqno": 70, "waypoint_icao_code": "VT", "waypoint_identifier": "BS418", "waypoint_latitude": 13.51317778, "waypoint_longitude": 100.60024167, "waypoint_description_code": "E", "turn_direction": null, "rnp": null, "path_termination": "TF", "recommanded_navaid": null, "recommanded_navaid_latitude": null, "recommanded_navaid_longitude": null, "arc_radius": null, "theta": null, "rho": null, "magnetic_course": null, "route_distance_holding_distance_time": null, "distance_time": null, "altitude_description": null, "altitude1": null, "altitude2": null, "transition_altitude": null, "speed_limit_description": null, "speed_limit": null, "vertical_angle": null, "center_waypoint": null, "center_waypoint_latitude": null, "center_waypoint_longitude": null, "aircraft_category": null}, "geometry": {"type": "MultiPoint", "coordinates": [[100.60024167, 13.51317778]]}}, {"type": "Feature", "properties": {"fid": 5009, "area_code": "PAC", "airport_identifier": "VTBS", "procedure_identifier": "NORT1D", "route_type": "5", "transition_identifier": null, "seqno": 80, "waypoint_icao_code": "VT", "waypoint_identifier": "BOGAS", "waypoint_latitude": 13.43212778, "waypoint_longitude": 100.57888056, "waypoint_description_code": "E", "turn_direction": null, "rnp": null, "path_termination": "TF", "recommanded_navaid": null, "recommanded_navaid_latitude": null, "recommanded_navaid_longitude": null, "arc_radius": null, "theta": null, "rho": null, "magnetic_course": null, "route_distance_holding_distance_time": null, "distance_time": null, "altitude_description": "+", "altitude1": 4000.0, "altitude2": null, "transition_altitude": null, "speed_limit_description": null, "speed_limit": null, "vertical_angle": null, "center_waypoint": null, "center_waypoint_latitude": null, "center_waypoint_longitude": null, "aircraft_category": null}, "geometry": {"type": "MultiPoint", "coordinates": [[100.57888056, 13.43212778]]}}, {"type": "Feature", "properties": {"fid": 5011, "area_code": "PAC", "airport_identifier": "VTBS", "procedure_identifier": "NORT1D", "route_type": "6", "transition_identifier": "RW01", "seqno": 10, "waypoint_icao_code": "VT", "waypoint_identifier": "BOGAS", "waypoint_latitude": 13.43212778, "waypoint_longitude": 100.57888056, "waypoint_description_code": "E", "turn_direction": null, "rnp": null, "path_termination": "IF", "recommanded_navaid": null, "recommanded_navaid_latitude": null, "recommanded_navaid_longitude": null, "arc_radius": null, "theta": null, "rho": null, "magnetic_course": null, "route_distance_holding_distance_time": null, "distance_time": null, "altitude_description": "+", "altitude1": 4000.0, "altitude2": null, "transition_altitude": null, "speed_limit_description": null, "speed_limit": null, "vertical_angle": null, "center_waypoint": null, "center_waypoint_latitude": null, "center_waypoint_longitude": null, "aircraft_category": null}, "geometry": {"type": "MultiPoint", "coordinates": [[100.57888056, 13.43212778]]}}, {"type": "Feature", "properties": {"fid": 5012, "area_code": "PAC", "airport_identifier": "VTBS", "procedure_identifier": "NORT1D", "route_type": "6", "transition_identifier": "RW01", "seqno": 20, "waypoint_icao_code": null, "waypoint_identifier": null, "waypoint_latitude": null, "waypoint_longitude": null, "waypoint_description_code": null, "turn_direction": null, "rnp": null, "path_termination": "VM", "recommanded_navaid": null, "recommanded_navaid_latitude": null, "recommanded_navaid_longitude": null, "arc_radius": null, "theta": null, "rho": null, "magnetic_course": 195.0, "route_distance_holding_distance_time": null, "distance_time": null, "altitude_description": null, "altitude1": null, "altitude2": null, "transition_altitude": null, "speed_limit_description": null, "speed_limit": null, "vertical_angle": null, "center_waypoint": null, "center_waypoint_latitude": null, "center_waypoint_longitude": null, "aircraft_category": null}, "geometry": {"type": "MultiPoint", "coordinates": []}}, {"type": "Feature", "properties": {"fid": 5013, "area_code": "PAC", "airport_identifier": "VTBS", "procedure_identifier": "NORT1D", "route_type": "6", "transition_identifier": "RW02B", "seqno": 10, "waypoint_icao_code": "VT", "waypoint_identifier": "BOGAS", "waypoint_latitude": 13.43212778, "waypoint_longitude": 100.57888056, "waypoint_description_code": "E", "turn_direction": null, "rnp": null, "path_termination": "IF", "recommanded_navaid": null, "recommanded_navaid_latitude": null, "recommanded_navaid_longitude": null, "arc_radius": null, "theta": null, "rho": null, "magnetic_course": null, "route_distance_holding_distance_time": null, "distance_time": null, "altitude_description": "+", "altitude1": 4000.0, "altitude2": null, "transition_altitude": null, "speed_limit_description": null, "speed_limit": null, "vertical_angle": null, "center_waypoint": null, "center_waypoint_latitude": null, "center_waypoint_longitude": null, "aircraft_category": null}, "geometry": {"type": "MultiPoint", "coordinates": [[100.57888056, 13.43212778]]}}, {"type": "Feature", "properties": {"fid": 5014, "area_code": "PAC", "airport_identifier": "VTBS", "procedure_identifier": "NORT1D", "route_type": "6", "transition_identifier": "RW02B", "seqno": 20, "waypoint_icao_code": null, "waypoint_identifier": null, "waypoint_latitude": null, "waypoint_longitude": null, "waypoint_description_code": null, "turn_direction": null, "rnp": null, "path_termination": "VM", "recommanded_navaid": null, "recommanded_navaid_latitude": null, "recommanded_navaid_longitude": null, "arc_radius": null, "theta": null, "rho": null, "magnetic_course": 195.0, "route_distance_holding_distance_time": null, "distance_time": null, "altitude_description": null, "altitude1": null, "altitude2": null, "transition_altitude": null, "speed_limit_description": null, "speed_limit": null, "vertical_angle": null, "center_waypoint": null, "center_waypoint_latitude": null, "center_waypoint_longitude": null, "aircraft_category": null}, "geometry": {"type": "MultiPoint", "coordinates": []}}, {"type": "Feature", "properties": {"fid": 5015, "area_code": "PAC", "airport_identifier": "VTCC", "procedure_identifier": "VISE2A", "route_type": "5", "transition_identifier": "RW36", "seqno": 10, "waypoint_icao_code": "VT", "waypoint_identifier": "VISES", "waypoint_latitude": 18.96983611, "waypoint_longitude": 98.57726111, "waypoint_description_code": "E", "turn_direction": null, "rnp": 1.0, "path_termination": "IF", "recommanded_navaid": null, "recommanded_navaid_latitude": null, "recommanded_navaid_longitude": null, "arc_radius": null, "theta": null, "rho": null, "magnetic_course": null, "route_distance_holding_distance_time": null, "distance_time": null, "altitude_description": "+", "altitude1": 13000.0, "altitude2": null, "transition_altitude": null, "speed_limit_description": null, "speed_limit": null, "vertical_angle": null, "center_waypoint": null, "center_waypoint_latitude": null, "center_waypoint_longitude": null, "aircraft_category": null}, "geometry": {"type": "MultiPoint", "coordinates": [[98.57726111, 18.96983611]]}}, {"type": "Feature", "properties": {"fid": 5016, "area_code": "PAC", "airport_identifier": "VTCC", "procedure_identifier": "VISE2A", "route_type": "5", "transition_identifier": "RW36", "seqno": 20, "waypoint_icao_code": "VT", "waypoint_identifier": "CC632", "waypoint_latitude": 18.85867778, "waypoint_longitude": 98.787075, "waypoint_description_code": "E", "turn_direction": null, "rnp": 1.0, "path_termination": "TF", "recommanded_navaid": null, "recommanded_navaid_latitude": null, "recommanded_navaid_longitude": null, "arc_radius": null, "theta": null, "rho": null, "magnetic_course": null, "route_distance_holding_distance_time": null, "distance_time": null, "altitude_description": "+", "altitude1": 13000.0, "altitude2": null, "transition_altitude": null, "speed_limit_description": null, "speed_limit": null, "vertical_angle": null, "center_waypoint": null, "center_waypoint_latitude": null, "center_waypoint_longitude": null, "aircraft_category": null}, "geometry": {"type": "MultiPoint", "coordinates": [[98.787075, 18.85867778]]}}, {"type": "Feature", "properties": {"fid": 5017, "area_code": "PAC", "airport_identifier": "VTCC", "procedure_identifier": "VISE2A", "route_type": "5", "transition_identifier": "RW36", "seqno": 30, "waypoint_icao_code": "VT", "waypoint_identifier": "ANSAB", "waypoint_latitude": 18.74689722, "waypoint_longitude": 98.83989167, "waypoint_description_code": "E", "turn_direction": null, "rnp": 1.0, "path_termination": "TF", "recommanded_navaid": null, "recommanded_navaid_latitude": null, "recommanded_navaid_longitude": null, "arc_radius": null, "theta": null, "rho": null, "magnetic_course": null, "route_distance_holding_distance_time": null, "distance_time": null, "altitude_description": "+", "altitude1": 13000.0, "altitude2": null, "transition_altitude": null, "speed_limit_description": null, "speed_limit": null, "vertical_angle": null, "center_waypoint": null, "center_waypoint_latitude": null, "center_waypoint_longitude": null, "aircraft_category": null}, "geometry": {"type": "MultiPoint", "coordinates": [[98.83989167, 18.74689722]]}}, {"type": "Feature", "properties": {"fid": 5018, "area_code": "PAC", "airport_identifier": "VTCC", "procedure_identifier": "VISE2A", "route_type": "5", "transition_identifier": "RW36", "seqno": 40, "waypoint_icao_code": "VT", "waypoint_identifier": "ENRIS", "waypoint_latitude": 18.43006667, "waypoint_longitude": 98.83930833, "waypoint_description_code": "E", "turn_direction": null, "rnp": 1.0, "path_termination": "TF", "recommanded_navaid": null, "recommanded_navaid_latitude": null, "recommanded_navaid_longitude": null, "arc_radius": null, "theta": null, "rho": null, "magnetic_course": null, "route_distance_holding_distance_time": null, "distance_time": null, "altitude_description": "+", "altitude1": 8000.0, "altitude2": null, "transition_altitude": null, "speed_limit_description": "-", "speed_limit": 220.0, "vertical_angle": null, "center_waypoint": null, "center_waypoint_latitude": null, "center_waypoint_longitude": null, "aircraft_category": null}, "geometry": {"type": "MultiPoint", "coordinates": [[98.83930833, 18.43006667]]}}, {"type": "Feature", "properties": {"fid": 5019, "area_code": "PAC", "airport_identifier": "VTCC", "procedure_identifier": "VISE2A", "route_type": "5", "transition_identifier": "RW36", "seqno": 50, "waypoint_icao_code": "VT", "waypoint_identifier": "RIGTA", "waypoint_latitude": 18.42981944, "waypoint_longitude": 98.96201944, "waypoint_description_code": "E", "turn_direction": null, "rnp": 1.0, "path_termination": "TF", "recommanded_navaid": null, "recommanded_navaid_latitude": null, "recommanded_navaid_longitude": null, "arc_radius": null, "theta": null, "rho": null, "magnetic_course": null, "route_distance_holding_distance_time": null, "distance_time": null, "altitude_description": "+", "altitude1": 6600.0, "altitude2": null, "transition_altitude": null, "speed_limit_description": "-", "speed_limit": 210.0, "vertical_angle": null, "center_waypoint": null, "center_waypoint_latitude": null, "center_waypoint_longitude": null, "aircraft_category": null}, "geometry": {"type": "MultiPoint", "coordinates": [[98.96201944, 18.42981944]]}}, {"type": "Feature", "properties": {"fid": 5021, "area_code": "PAC", "airport_identifier": "VTCC", "procedure_identifier": "PUMA2B", "route_type": "5", "transition_identifier": "RW18", "seqno": 10, "waypoint_icao_code": "VT", "waypoint_identifier": "PUMAM", "waypoint_latitude": 18.14181944, "waypoint_longitude": 98.83363611, "waypoint_description_code": "E", "turn_direction": null, "rnp": null, "path_termination": "IF", "recommanded_navaid": null, "recommanded_navaid_latitude": null, "recommanded_navaid_longitude": null, "arc_radius": null, "theta": null, "rho": null, "magnetic_course": null, "route_distance_holding_distance_time": null, "distance_time": null, "altitude_description": "+", "altitude1": 20000.0, "altitude2": null, "transition_altitude": null, "speed_limit_description": null, "speed_limit": null, "vertical_angle": null, "center_waypoint": null, "center_waypoint_latitude": null, "center_waypoint_longitude": null, "aircraft_category": null}, "geometry": {"type": "MultiPoint", "coordinates": [[98.83363611, 18.14181944]]}}, {"type": "Feature", "properties": {"fid": 5022, "area_code": "PAC", "airport_identifier": "VTCC", "procedure_identifier": "PUMA2B", "route_type": "5", "transition_identifier": "RW18", "seqno": 20, "waypoint_icao_code": "VT", "waypoint_identifier": "CC507", "waypoint_latitude": 18.46297778, "waypoint_longitude": 99.09924444, "waypoint_description_code": "E", "turn_direction": null, "rnp": null, "path_termination": "TF", "recommanded_navaid": null, "recommanded_navaid_latitude": null, "recommanded_navaid_longitude": null, "arc_radius": null, "theta": null, "rho": null, "magnetic_course": null, "route_distance_holding_distance_time": null, "distance_time": null, "altitude_description": "+", "altitude1": 17000.0, "altitude2": null, "transition_altitude": null, "speed_limit_description": null, "speed_limit": null, "vertical_angle": null, "center_waypoint": null, "center_waypoint_latitude": null, "center_waypoint_longitude": null, "aircraft_category": null}, "geometry": {"type": "MultiPoint", "coordinates": [[99.09924444, 18.46297778]]}}, {"type": "Feature", "properties": {"fid": 5023, "area_code": "PAC", "airport_identifier": "VTCC", "procedure_identifier": "PUMA2B", "route_type": "5", "transition_identifier": "RW18", "seqno": 30, "waypoint_icao_code": "VT", "waypoint_identifier": "RAXOM", "waypoint_latitude": 18.59416667, "waypoint_longitude": 99.20811667, "waypoint_description_code": "E", "turn_direction": null, "rnp": null, "path_termination": "TF", "recommanded_navaid": null, "recommanded_navaid_latitude": null, "recommanded_navaid_longitude": null, "arc_radius": null, "theta": null, "rho": null, "magnetic_course": null, "route_distance_holding_distance_time": null, "distance_time": null, "altitude_description": "+", "altitude1": 15000.0, "altitude2": null, "transition_altitude": null, "speed_limit_description": null, "speed_limit": null, "vertical_angle": null, "center_waypoint": null, "center_waypoint_latitude": null, "center_waypoint_longitude": null, "aircraft_category": null}, "geometry": {"type": "MultiPoint", "coordinates": [[99.20811667, 18.59416667]]}}, {"type": "Feature", "properties": {"fid": 5024, "area_code": "PAC", "airport_identifier": "VTCC", "procedure_identifier": "PUMA2B", "route_type": "5", "transition_identifier": "RW18", "seqno": 40, "waypoint_icao_code": "VT", "waypoint_identifier": "CC515", "waypoint_latitude": 18.68935833, "waypoint_longitude": 99.20848889, "waypoint_description_code": "E", "turn_direction": null, "rnp": null, "path_termination": "TF", "recommanded_navaid": null, "recommanded_navaid_latitude": null, "recommanded_navaid_longitude": null, "arc_radius": null, "theta": null, "rho": null, "magnetic_course": null, "route_distance_holding_distance_time": null, "distance_time": null, "altitude_description": "+", "altitude1": 13000.0, "altitude2": null, "transition_altitude": null, "speed_limit_description": null, "speed_limit": null, "vertical_angle": null, "center_waypoint": null, "center_waypoint_latitude": null, "center_waypoint_longitude": null, "aircraft_category": null}, "geometry": {"type": "MultiPoint", "coordinates": [[99.20848889, 18.68935833]]}}, {"type": "Feature", "properties": {"fid": 5025, "area_code": "PAC", "airport_identifier": "VTCC", "procedure_identifier": "PUMA2B", "route_type": "5", "transition_identifier": "RW18", "seqno": 50, "waypoint_icao_code": "VT", "waypoint_identifier": "EMSOG", "waypoint_latitude": 18.78579167, "waypoint_longitude": 99.20886667, "waypoint_description_code": "E", "turn_direction": null, "rnp": null, "path_termination": "TF", "recommanded_navaid": null, "recommanded_navaid_latitude": null, "recommanded_navaid_longitude": null, "arc_radius": null, "theta": null, "rho": null, "magnetic_course": null, "route_distance_holding_distance_time": null, "distance_time": null, "altitude_description": "@", "altitude1": 11000.0, "altitude2": null, "transition_altitude": null, "speed_limit_description": "-", "speed_limit": 220.0, "vertical_angle": null, "center_waypoint": null, "center_waypoint_latitude": null, "center_waypoint_longitude": null, "aircraft_category": null}, "geometry": {"type": "MultiPoint", "coordinates": [[99.20886667, 18.78579167]]}}, {"type": "Feature", "properties": {"fid": 5026, "area_code": "PAC", "airport_identifier": "VTCC", "procedure_identifier": "PUMA2B", "route_type": "5", "transition_identifier": "RW18", "seqno": 60, "waypoint_icao_code": "VT", "waypoint_identifier": "TUNTU", "waypoint_latitude": 18.95139167, "waypoint_longitude": 99.20951944, "waypoint_description_code": "E", "turn_direction": null, "rnp": null, "path_termination": "TF", "recommanded_navaid": null, "recommanded_navaid_latitude": null, "recommanded_navaid_longitude": null, "arc_radius": null, "theta": null, "rho": null, "magnetic_course": null, "route_distance_holding_distance_time": null, "distance_time": null, "altitude_description": "-", "altitude1": 9000.0, "altitude2": null, "transition_altitude": null, "speed_limit_description": null, "speed_limit": null, "vertical_angle": null, "center_waypoint": null, "center_waypoint_latitude": null, "center_waypoint_longitude": null, "aircraft_category": null}, "geometry": {"type": "MultiPoint", "coordinates": [[99.20951944, 18.95139167]]}}, {"type": "Feature", "properties": {"fid": 5027, "area_code": "PAC", "airport_identifier": "VTCC", "procedure_identifier": "PUMA2B", "route_type": "5", "transition_identifier": "RW18", "seqno": 70, "waypoint_icao_code": "VT", "waypoint_identifier": "SUSEG", "waypoint_latitude": 19.04983056, "waypoint_longitude": 99.20991111, "waypoint_description_code": "E", "turn_direction": null, "rnp": null, "path_termination": "TF", "recommanded_navaid": null, "recommanded_navaid_latitude": null, "recommanded_navaid_longitude": null, "arc_radius": null, "theta": null, "rho": null, "magnetic_course": null, "route_distance_holding_distance_time": null, "distance_time": null, "altitude_description": "-", "altitude1": 9000.0, "altitude2": null, "transition_altitude": null, "speed_limit_description": null, "speed_limit": null, "vertical_angle": null, "center_waypoint": null, "center_waypoint_latitude": null, "center_waypoint_longitude": null, "aircraft_category": null}, "geometry": {"type": "MultiPoint", "coordinates": [[99.20991111, 19.04983056]]}}, {"type": "Feature", "properties": {"fid": 5028, "area_code": "PAC", "airport_identifier": "VTCC", "procedure_identifier": "PUMA2B", "route_type": "5", "transition_identifier": "RW18", "seqno": 80, "waypoint_icao_code": "VT", "waypoint_identifier": "MESUX", "waypoint_latitude": 19.05013333, "waypoint_longitude": 99.11962222, "waypoint_description_code": "E", "turn_direction": null, "rnp": null, "path_termination": "TF", "recommanded_navaid": null, "recommanded_navaid_latitude": null, "recommanded_navaid_longitude": null, "arc_radius": null, "theta": null, "rho": null, "magnetic_course": null, "route_distance_holding_distance_time": null, "distance_time": null, "altitude_description": "+", "altitude1": 8400.0, "altitude2": null, "transition_altitude": null, "speed_limit_description": null, "speed_limit": null, "vertical_angle": null, "center_waypoint": null, "center_waypoint_latitude": null, "center_waypoint_longitude": null, "aircraft_category": null}, "geometry": {"type": "MultiPoint", "coordinates": [[99.11962222, 19.05013333]]}}, {"type": "Feature", "properties": {"fid": 5029, "area_code": "PAC", "airport_identifier": "VTCC", "procedure_identifier": "PUMA2B", "route_type": "5", "transition_identifier": "RW18", "seqno": 90, "waypoint_icao_code": "VT", "waypoint_identifier": "PILEX", "waypoint_latitude": 19.05055, "waypoint_longitude": 98.96358889, "waypoint_description_code": "E", "turn_direction": null, "rnp": null, "path_termination": "TF", "recommanded_navaid": null, "recommanded_navaid_latitude": null, "recommanded_navaid_longitude": null, "arc_radius": null, "theta": null, "rho": null, "magnetic_course": null, "route_distance_holding_distance_time": null, "distance_time": null, "altitude_description": "+", "altitude1": 5500.0, "altitude2": null, "transition_altitude": null, "speed_limit_description": "-", "speed_limit": 210.0, "vertical_angle": null, "center_waypoint": null, "center_waypoint_latitude": null, "center_waypoint_longitude": null, "aircraft_category": null}, "geometry": {"type": "MultiPoint", "coordinates": [[98.96358889, 19.05055]]}}, {"type": "Feature", "properties": {"fid": 5031, "area_code": "PAC", "airport_identifier": "VTCC", "procedure_identifier": "MARN2A", "route_type": "5", "transition_identifier": "RW36", "seqno": 10, "waypoint_icao_code": "VT", "waypoint_identifier": "MARNI", "waypoint_latitude": 18.14337222, "waypoint_longitude": 99.096975, "waypoint_description_code": "E", "turn_direction": null, "rnp": null, "path_termination": "IF", "recommanded_navaid": null, "recommanded_navaid_latitude": null, "recommanded_navaid_longitude": null, "arc_radius": null, "theta": null, "rho": null, "magnetic_course": null, "route_distance_holding_distance_time": null, "distance_time": null, "altitude_description": "-", "altitude1": 13000.0, "altitude2": null, "transition_altitude": null, "speed_limit_description": null, "speed_limit": null, "vertical_angle": null, "center_waypoint": null, "center_waypoint_latitude": null, "center_waypoint_longitude": null, "aircraft_category": null}, "geometry": {"type": "MultiPoint", "coordinates": [[99.096975, 18.14337222]]}}, {"type": "Feature", "properties": {"fid": 5032, "area_code": "PAC", "airport_identifier": "VTCC", "procedure_identifier": "MARN2A", "route_type": "5", "transition_identifier": "RW36", "seqno": 20, "waypoint_icao_code": "VT", "waypoint_identifier": "UPDOS", "waypoint_latitude": 18.23698056, "waypoint_longitude": 99.14446389, "waypoint_description_code": "E", "turn_direction": null, "rnp": null, "path_termination": "TF", "recommanded_navaid": null, "recommanded_navaid_latitude": null, "recommanded_navaid_longitude": null, "arc_radius": null, "theta": null, "rho": null, "magnetic_course": null, "route_distance_holding_distance_time": null, "distance_time": null, "altitude_description": "B", "altitude1": 13000.0, "altitude2": 11000.0, "transition_altitude": null, "speed_limit_description": "-", "speed_limit": 220.0, "vertical_angle": null, "center_waypoint": null, "center_waypoint_latitude": null, "center_waypoint_longitude": null, "aircraft_category": null}, "geometry": {"type": "MultiPoint", "coordinates": [[99.14446389, 18.23698056]]}}, {"type": "Feature", "properties": {"fid": 5033, "area_code": "PAC", "airport_identifier": "VTCC", "procedure_identifier": "MARN2A", "route_type": "5", "transition_identifier": "RW36", "seqno": 30, "waypoint_icao_code": "VT", "waypoint_identifier": "CC101", "waypoint_latitude": 18.32301389, "waypoint_longitude": 99.26302222, "waypoint_description_code": "E", "turn_direction": null, "rnp": null, "path_termination": "TF", "recommanded_navaid": null, "recommanded_navaid_latitude": null, "recommanded_navaid_longitude": null, "arc_radius": null, "theta": null, "rho": null, "magnetic_course": null, "route_distance_holding_distance_time": null, "distance_time": null, "altitude_description": null, "altitude1": null, "altitude2": null, "transition_altitude": null, "speed_limit_description": null, "speed_limit": null, "vertical_angle": null, "center_waypoint": null, "center_waypoint_latitude": null, "center_waypoint_longitude": null, "aircraft_category": null}, "geometry": {"type": "MultiPoint", "coordinates": [[99.26302222, 18.32301389]]}}, {"type": "Feature", "properties": {"fid": 5034, "area_code": "PAC", "airport_identifier": "VTCC", "procedure_identifier": "MARN2A", "route_type": "5", "transition_identifier": "RW36", "seqno": 40, "waypoint_icao_code": "VT", "waypoint_identifier": "CC102", "waypoint_latitude": 18.40899444, "waypoint_longitude": 99.29397778, "waypoint_description_code": "E", "turn_direction": null, "rnp": null, "path_termination": "TF", "recommanded_navaid": null, "recommanded_navaid_latitude": null, "recommanded_navaid_longitude": null, "arc_radius": null, "theta": null, "rho": null, "magnetic_course": null, "route_distance_holding_distance_time": null, "distance_time": null, "altitude_description": null, "altitude1": null, "altitude2": null, "transition_altitude": null, "speed_limit_description": null, "speed_limit": null, "vertical_angle": null, "center_waypoint": null, "center_waypoint_latitude": null, "center_waypoint_longitude": null, "aircraft_category": null}, "geometry": {"type": "MultiPoint", "coordinates": [[99.29397778, 18.40899444]]}}, {"type": "Feature", "properties": {"fid": 5035, "area_code": "PAC", "airport_identifier": "VTCC", "procedure_identifier": "MARN2A", "route_type": "5", "transition_identifier": "RW36", "seqno": 50, "waypoint_icao_code": "VT", "waypoint_identifier": "CC103", "waypoint_latitude": 18.523575, "waypoint_longitude": 99.27062222, "waypoint_description_code": "E", "turn_direction": null, "rnp": null, "path_termination": "TF", "recommanded_navaid": null, "recommanded_navaid_latitude": null, "recommanded_navaid_longitude": null, "arc_radius": null, "theta": null, "rho": null, "magnetic_course": null, "route_distance_holding_distance_time": null, "distance_time": null, "altitude_description": "@", "altitude1": 11000.0, "altitude2": null, "transition_altitude": null, "speed_limit_description": null, "speed_limit": null, "vertical_angle": null, "center_waypoint": null, "center_waypoint_latitude": null, "center_waypoint_longitude": null, "aircraft_category": null}, "geometry": {"type": "MultiPoint", "coordinates": [[99.27062222, 18.523575]]}}, {"type": "Feature", "properties": {"fid": 5036, "area_code": "PAC", "airport_identifier": "VTCC", "procedure_identifier": "MARN2A", "route_type": "5", "transition_identifier": "RW36", "seqno": 60, "waypoint_icao_code": "VT", "waypoint_identifier": "PUKAT", "waypoint_latitude": 18.42949167, "waypoint_longitude": 99.08473056, "waypoint_description_code": "E", "turn_direction": "L", "rnp": null, "path_termination": "TF", "recommanded_navaid": null, "recommanded_navaid_latitude": null, "recommanded_navaid_longitude": null, "arc_radius": null, "theta": null, "rho": null, "magnetic_course": null, "route_distance_holding_distance_time": null, "distance_time": null, "altitude_description": "-", "altitude1": 8000.0, "altitude2": null, "transition_altitude": null, "speed_limit_description": null, "speed_limit": null, "vertical_angle": null, "center_waypoint": null, "center_waypoint_latitude": null, "center_waypoint_longitude": null, "aircraft_category": null}, "geometry": {"type": "MultiPoint", "coordinates": [[99.08473056, 18.42949167]]}}, {"type": "Feature", "properties": {"fid": 5037, "area_code": "PAC", "airport_identifier": "VTCC", "procedure_identifier": "MARN2A", "route_type": "5", "transition_identifier": "RW36", "seqno": 70, "waypoint_icao_code": "VT", "waypoint_identifier": "RIGTA", "waypoint_latitude": 18.42981944, "waypoint_longitude": 98.96201944, "waypoint_description_code": "E", "turn_direction": null, "rnp": null, "path_termination": "TF", "recommanded_navaid": null, "recommanded_navaid_latitude": null, "recommanded_navaid_longitude": null, "arc_radius": null, "theta": null, "rho": null, "magnetic_course": null, "route_distance_holding_distance_time": null, "distance_time": null, "altitude_description": "+", "altitude1": 6600.0, "altitude2": null, "transition_altitude": null, "speed_limit_description": "-", "speed_limit": 210.0, "vertical_angle": null, "center_waypoint": null, "center_waypoint_latitude": null, "center_waypoint_longitude": null, "aircraft_category": null}, "geometry": {"type": "MultiPoint", "coordinates": [[98.96201944, 18.42981944]]}}, {"type": "Feature", "properties": {"fid": 5039, "area_code": "PAC", "airport_identifier": "VTSP", "procedure_identifier": "ONET1C", "route_type": "5", "transition_identifier": "RW09", "seqno": 10, "waypoint_icao_code": "VT", "waypoint_identifier": "ONETI", "waypoint_latitude": 8.29927222, "waypoint_longitude": 98.77586667, "waypoint_description_code": "E", "turn_direction": null, "rnp": null, "path_termination": "IF", "recommanded_navaid": null, "recommanded_navaid_latitude": null, "recommanded_navaid_longitude": null, "arc_radius": null, "theta": null, "rho": null, "magnetic_course": null, "route_distance_holding_distance_time": null, "distance_time": null, "altitude_description": "+", "altitude1": 13000.0, "altitude2": null, "transition_altitude": null, "speed_limit_description": null, "speed_limit": null, "vertical_angle": null, "center_waypoint": null, "center_waypoint_latitude": null, "center_waypoint_longitude": null, "aircraft_category": null}, "geometry": {"type": "MultiPoint", "coordinates": [[98.77586667, 8.29927222]]}}, {"type": "Feature", "properties": {"fid": 5040, "area_code": "PAC", "airport_identifier": "VTSP", "procedure_identifier": "ONET1C", "route_type": "5", "transition_identifier": "RW09", "seqno": 20, "waypoint_icao_code": "VT", "waypoint_identifier": "SP703", "waypoint_latitude": 8.25941667, "waypoint_longitude": 98.49885278, "waypoint_description_code": "E", "turn_direction": null, "rnp": null, "path_termination": "TF", "recommanded_navaid": null, "recommanded_navaid_latitude": null, "recommanded_navaid_longitude": null, "arc_radius": null, "theta": null, "rho": null, "magnetic_course": null, "route_distance_holding_distance_time": null, "distance_time": null, "altitude_description": "+", "altitude1": 13000.0, "altitude2": null, "transition_altitude": null, "speed_limit_description": null, "speed_limit": null, "vertical_angle": null, "center_waypoint": null, "center_waypoint_latitude": null, "center_waypoint_longitude": null, "aircraft_category": null}, "geometry": {"type": "MultiPoint", "coordinates": [[98.49885278, 8.25941667]]}}, {"type": "Feature", "properties": {"fid": 5041, "area_code": "PAC", "airport_identifier": "VTSP", "procedure_identifier": "ONET1C", "route_type": "5", "transition_identifier": "RW09", "seqno": 30, "waypoint_icao_code": "VT", "waypoint_identifier": "MILAN", "waypoint_latitude": 8.197775, "waypoint_longitude": 98.09243056, "waypoint_description_code": "E", "turn_direction": null, "rnp": null, "path_termination": "TF", "recommanded_navaid": null, "recommanded_navaid_latitude": null, "recommanded_navaid_longitude": null, "arc_radius": null, "theta": null, "rho": null, "magnetic_course": null, "route_distance_holding_distance_time": null, "distance_time": null, "altitude_description": null, "altitude1": null, "altitude2": null, "transition_altitude": null, "speed_limit_description": null, "speed_limit": null, "vertical_angle": null, "center_waypoint": null, "center_waypoint_latitude": null, "center_waypoint_longitude": null, "aircraft_category": null}, "geometry": {"type": "MultiPoint", "coordinates": [[98.09243056, 8.197775]]}}, {"type": "Feature", "properties": {"fid": 5042, "area_code": "PAC", "airport_identifier": "VTSP", "procedure_identifier": "ONET1C", "route_type": "5", "transition_identifier": "RW09", "seqno": 40, "waypoint_icao_code": "VT", "waypoint_identifier": "SP702", "waypoint_latitude": 8.18511944, "waypoint_longitude": 98.00933889, "waypoint_description_code": "E", "turn_direction": null, "rnp": null, "path_termination": "TF", "recommanded_navaid": null, "recommanded_navaid_latitude": null, "recommanded_navaid_longitude": null, "arc_radius": null, "theta": null, "rho": null, "magnetic_course": null, "route_distance_holding_distance_time": null, "distance_time": null, "altitude_description": "+", "altitude1": 4000.0, "altitude2": null, "transition_altitude": null, "speed_limit_description": "-", "speed_limit": 230.0, "vertical_angle": null, "center_waypoint": null, "center_waypoint_latitude": null, "center_waypoint_longitude": null, "aircraft_category": null}, "geometry": {"type": "MultiPoint", "coordinates": [[98.00933889, 8.18511944]]}}, {"type": "Feature", "properties": {"fid": 5043, "area_code": "PAC", "airport_identifier": "VTSP", "procedure_identifier": "ONET1C", "route_type": "5", "transition_identifier": "RW09", "seqno": 50, "waypoint_icao_code": "VT", "waypoint_identifier": "KALIM", "waypoint_latitude": 8.08507222, "waypoint_longitude": 98.01889444, "waypoint_description_code": "E", "turn_direction": null, "rnp": null, "path_termination": "TF", "recommanded_navaid": null, "recommanded_navaid_latitude": null, "recommanded_navaid_longitude": null, "arc_radius": null, "theta": null, "rho": null, "magnetic_course": null, "route_distance_holding_distance_time": null, "distance_time": null, "altitude_description": "+", "altitude1": 4000.0, "altitude2": null, "transition_altitude": null, "speed_limit_description": "-", "speed_limit": 200.0, "vertical_angle": null, "center_waypoint": null, "center_waypoint_latitude": null, "center_waypoint_longitude": null, "aircraft_category": null}, "geometry": {"type": "MultiPoint", "coordinates": [[98.01889444, 8.08507222]]}}, {"type": "Feature", "properties": {"fid": 5045, "area_code": "PAC", "airport_identifier": "VTSP", "procedure_identifier": "EPGO1C", "route_type": "5", "transition_identifier": "RW09", "seqno": 10, "waypoint_icao_code": "VT", "waypoint_identifier": "EPGOT", "waypoint_latitude": 7.90443056, "waypoint_longitude": 98.76525833, "waypoint_description_code": "E", "turn_direction": null, "rnp": null, "path_termination": "IF", "recommanded_navaid": null, "recommanded_navaid_latitude": null, "recommanded_navaid_longitude": null, "arc_radius": null, "theta": null, "rho": null, "magnetic_course": null, "route_distance_holding_distance_time": null, "distance_time": null, "altitude_description": "+", "altitude1": 13000.0, "altitude2": null, "transition_altitude": null, "speed_limit_description": null, "speed_limit": null, "vertical_angle": null, "center_waypoint": null, "center_waypoint_latitude": null, "center_waypoint_longitude": null, "aircraft_category": null}, "geometry": {"type": "MultiPoint", "coordinates": [[98.76525833, 7.90443056]]}}, {"type": "Feature", "properties": {"fid": 5046, "area_code": "PAC", "airport_identifier": "VTSP", "procedure_identifier": "EPGO1C", "route_type": "5", "transition_identifier": "RW09", "seqno": 20, "waypoint_icao_code": "VT", "waypoint_identifier": "SP803", "waypoint_latitude": 8.03145278, "waypoint_longitude": 98.52115, "waypoint_description_code": "E", "turn_direction": null, "rnp": null, "path_termination": "TF", "recommanded_navaid": null, "recommanded_navaid_latitude": null, "recommanded_navaid_longitude": null, "arc_radius": null, "theta": null, "rho": null, "magnetic_course": null, "route_distance_holding_distance_time": null, "distance_time": null, "altitude_description": "+", "altitude1": 13000.0, "altitude2": null, "transition_altitude": null, "speed_limit_description": null, "speed_limit": null, "vertical_angle": null, "center_waypoint": null, "center_waypoint_latitude": null, "center_waypoint_longitude": null, "aircraft_category": null}, "geometry": {"type": "MultiPoint", "coordinates": [[98.52115, 8.03145278]]}}, {"type": "Feature", "properties": {"fid": 5047, "area_code": "PAC", "airport_identifier": "VTSP", "procedure_identifier": "EPGO1C", "route_type": "5", "transition_identifier": "RW09", "seqno": 30, "waypoint_icao_code": "VT", "waypoint_identifier": "JUVEY", "waypoint_latitude": 7.99294722, "waypoint_longitude": 98.11208333, "waypoint_description_code": "E", "turn_direction": null, "rnp": null, "path_termination": "TF", "recommanded_navaid": null, "recommanded_navaid_latitude": null, "recommanded_navaid_longitude": null, "arc_radius": null, "theta": null, "rho": null, "magnetic_course": null, "route_distance_holding_distance_time": null, "distance_time": null, "altitude_description": null, "altitude1": null, "altitude2": null, "transition_altitude": null, "speed_limit_description": null, "speed_limit": null, "vertical_angle": null, "center_waypoint": null, "center_waypoint_latitude": null, "center_waypoint_longitude": null, "aircraft_category": null}, "geometry": {"type": "MultiPoint", "coordinates": [[98.11208333, 7.99294722]]}}, {"type": "Feature", "properties": {"fid": 5048, "area_code": "PAC", "airport_identifier": "VTSP", "procedure_identifier": "EPGO1C", "route_type": "5", "transition_identifier": "RW09", "seqno": 40, "waypoint_icao_code": "VT", "waypoint_identifier": "RAWAI", "waypoint_latitude": 7.985025, "waypoint_longitude": 98.02844444, "waypoint_description_code": "E", "turn_direction": null, "rnp": null, "path_termination": "TF", "recommanded_navaid": null, "recommanded_navaid_latitude": null, "recommanded_navaid_longitude": null, "arc_radius": null, "theta": null, "rho": null, "magnetic_course": null, "route_distance_holding_distance_time": null, "distance_time": null, "altitude_description": "+", "altitude1": 4000.0, "altitude2": null, "transition_altitude": null, "speed_limit_description": "-", "speed_limit": 230.0, "vertical_angle": null, "center_waypoint": null, "center_waypoint_latitude": null, "center_waypoint_longitude": null, "aircraft_category": null}, "geometry": {"type": "MultiPoint", "coordinates": [[98.02844444, 7.985025]]}}, {"type": "Feature", "properties": {"fid": 5049, "area_code": "PAC", "airport_identifier": "VTSP", "procedure_identifier": "EPGO1C", "route_type": "5", "transition_identifier": "RW09", "seqno": 50, "waypoint_icao_code": "VT", "waypoint_identifier": "KALIM", "waypoint_latitude": 8.08507222, "waypoint_longitude": 98.01889444, "waypoint_description_code": "E", "turn_direction": null, "rnp": null, "path_termination": "TF", "recommanded_navaid": null, "recommanded_navaid_latitude": null, "recommanded_navaid_longitude": null, "arc_radius": null, "theta": null, "rho": null, "magnetic_course": null, "route_distance_holding_distance_time": null, "distance_time": null, "altitude_description": "+", "altitude1": 4000.0, "altitude2": null, "transition_altitude": null, "speed_limit_description": "-", "speed_limit": 200.0, "vertical_angle": null, "center_waypoint": null, "center_waypoint_latitude": null, "center_waypoint_longitude": null, "aircraft_category": null}, "geometry": {"type": "MultiPoint", "coordinates": [[98.01889444, 8.08507222]]}}, {"type": "Feature", "properties": {"fid": 5051, "area_code": "PAC", "airport_identifier": "VTCC", "procedure_identifier": "PUMA2A", "route_type": "5", "transition_identifier": "RW36", "seqno": 10, "waypoint_icao_code": "VT", "waypoint_identifier": "PUMAM", "waypoint_latitude": 18.14181944, "waypoint_longitude": 98.83363611, "waypoint_description_code": "E", "turn_direction": null, "rnp": null, "path_termination": "IF", "recommanded_navaid": null, "recommanded_navaid_latitude": null, "recommanded_navaid_longitude": null, "arc_radius": null, "theta": null, "rho": null, "magnetic_course": null, "route_distance_holding_distance_time": null, "distance_time": null, "altitude_description": "-", "altitude1": 13000.0, "altitude2": null, "transition_altitude": null, "speed_limit_description": null, "speed_limit": null, "vertical_angle": null, "center_waypoint": null, "center_waypoint_latitude": null, "center_waypoint_longitude": null, "aircraft_category": null}, "geometry": {"type": "MultiPoint", "coordinates": [[98.83363611, 18.14181944]]}}, {"type": "Feature", "properties": {"fid": 5052, "area_code": "PAC", "airport_identifier": "VTCC", "procedure_identifier": "PUMA2A", "route_type": "5", "transition_identifier": "RW36", "seqno": 20, "waypoint_icao_code": "VT", "waypoint_identifier": "UPDOS", "waypoint_latitude": 18.23698056, "waypoint_longitude": 99.14446389, "waypoint_description_code": "E", "turn_direction": null, "rnp": null, "path_termination": "TF", "recommanded_navaid": null, "recommanded_navaid_latitude": null, "recommanded_navaid_longitude": null, "arc_radius": null, "theta": null, "rho": null, "magnetic_course": null, "route_distance_holding_distance_time": null, "distance_time": null, "altitude_description": "B", "altitude1": 13000.0, "altitude2": 11000.0, "transition_altitude": null, "speed_limit_description": "-", "speed_limit": 220.0, "vertical_angle": null, "center_waypoint": null, "center_waypoint_latitude": null, "center_waypoint_longitude": null, "aircraft_category": null}, "geometry": {"type": "MultiPoint", "coordinates": [[99.14446389, 18.23698056]]}}, {"type": "Feature", "properties": {"fid": 5053, "area_code": "PAC", "airport_identifier": "VTCC", "procedure_identifier": "PUMA2A", "route_type": "5", "transition_identifier": "RW36", "seqno": 30, "waypoint_icao_code": "VT", "waypoint_identifier": "CC101", "waypoint_latitude": 18.32301389, "waypoint_longitude": 99.26302222, "waypoint_description_code": "E", "turn_direction": null, "rnp": null, "path_termination": "TF", "recommanded_navaid": null, "recommanded_navaid_latitude": null, "recommanded_navaid_longitude": null, "arc_radius": null, "theta": null, "rho": null, "magnetic_course": null, "route_distance_holding_distance_time": null, "distance_time": null, "altitude_description": null, "altitude1": null, "altitude2": null, "transition_altitude": null, "speed_limit_description": null, "speed_limit": null, "vertical_angle": null, "center_waypoint": null, "center_waypoint_latitude": null, "center_waypoint_longitude": null, "aircraft_category": null}, "geometry": {"type": "MultiPoint", "coordinates": [[99.26302222, 18.32301389]]}}, {"type": "Feature", "properties": {"fid": 5054, "area_code": "PAC", "airport_identifier": "VTCC", "procedure_identifier": "PUMA2A", "route_type": "5", "transition_identifier": "RW36", "seqno": 40, "waypoint_icao_code": "VT", "waypoint_identifier": "CC102", "waypoint_latitude": 18.40899444, "waypoint_longitude": 99.29397778, "waypoint_description_code": "E", "turn_direction": null, "rnp": null, "path_termination": "TF", "recommanded_navaid": null, "recommanded_navaid_latitude": null, "recommanded_navaid_longitude": null, "arc_radius": null, "theta": null, "rho": null, "magnetic_course": null, "route_distance_holding_distance_time": null, "distance_time": null, "altitude_description": null, "altitude1": null, "altitude2": null, "transition_altitude": null, "speed_limit_description": null, "speed_limit": null, "vertical_angle": null, "center_waypoint": null, "center_waypoint_latitude": null, "center_waypoint_longitude": null, "aircraft_category": null}, "geometry": {"type": "MultiPoint", "coordinates": [[99.29397778, 18.40899444]]}}, {"type": "Feature", "properties": {"fid": 5055, "area_code": "PAC", "airport_identifier": "VTCC", "procedure_identifier": "PUMA2A", "route_type": "5", "transition_identifier": "RW36", "seqno": 50, "waypoint_icao_code": "VT", "waypoint_identifier": "CC103", "waypoint_latitude": 18.523575, "waypoint_longitude": 99.27062222, "waypoint_description_code": "E", "turn_direction": null, "rnp": null, "path_termination": "TF", "recommanded_navaid": null, "recommanded_navaid_latitude": null, "recommanded_navaid_longitude": null, "arc_radius": null, "theta": null, "rho": null, "magnetic_course": null, "route_distance_holding_distance_time": null, "distance_time": null, "altitude_description": "@", "altitude1": 11000.0, "altitude2": null, "transition_altitude": null, "speed_limit_description": null, "speed_limit": null, "vertical_angle": null, "center_waypoint": null, "center_waypoint_latitude": null, "center_waypoint_longitude": null, "aircraft_category": null}, "geometry": {"type": "MultiPoint", "coordinates": [[99.27062222, 18.523575]]}}, {"type": "Feature", "properties": {"fid": 5056, "area_code": "PAC", "airport_identifier": "VTCC", "procedure_identifier": "PUMA2A", "route_type": "5", "transition_identifier": "RW36", "seqno": 60, "waypoint_icao_code": "VT", "waypoint_identifier": "PUKAT", "waypoint_latitude": 18.42949167, "waypoint_longitude": 99.08473056, "waypoint_description_code": "E", "turn_direction": "L", "rnp": null, "path_termination": "TF", "recommanded_navaid": null, "recommanded_navaid_latitude": null, "recommanded_navaid_longitude": null, "arc_radius": null, "theta": null, "rho": null, "magnetic_course": null, "route_distance_holding_distance_time": null, "distance_time": null, "altitude_description": "-", "altitude1": 8000.0, "altitude2": null, "transition_altitude": null, "speed_limit_description": null, "speed_limit": null, "vertical_angle": null, "center_waypoint": null, "center_waypoint_latitude": null, "center_waypoint_longitude": null, "aircraft_category": null}, "geometry": {"type": "MultiPoint", "coordinates": [[99.08473056, 18.42949167]]}}, {"type": "Feature", "properties": {"fid": 5057, "area_code": "PAC", "airport_identifier": "VTCC", "procedure_identifier": "PUMA2A", "route_type": "5", "transition_identifier": "RW36", "seqno": 70, "waypoint_icao_code": "VT", "waypoint_identifier": "RIGTA", "waypoint_latitude": 18.42981944, "waypoint_longitude": 98.96201944, "waypoint_description_code": "E", "turn_direction": null, "rnp": null, "path_termination": "TF", "recommanded_navaid": null, "recommanded_navaid_latitude": null, "recommanded_navaid_longitude": null, "arc_radius": null, "theta": null, "rho": null, "magnetic_course": null, "route_distance_holding_distance_time": null, "distance_time": null, "altitude_description": "+", "altitude1": 6600.0, "altitude2": null, "transition_altitude": null, "speed_limit_description": "-", "speed_limit": 210.0, "vertical_angle": null, "center_waypoint": null, "center_waypoint_latitude": null, "center_waypoint_longitude": null, "aircraft_category": null}, "geometry": {"type": "MultiPoint", "coordinates": [[98.96201944, 18.42981944]]}}, {"type": "Feature", "properties": {"fid": 5059, "area_code": "PAC", "airport_identifier": "VTCC", "procedure_identifier": "KABM2A", "route_type": "5", "transition_identifier": "RW36", "seqno": 10, "waypoint_icao_code": "VT", "waypoint_identifier": "KABMU", "waypoint_latitude": 18.46071667, "waypoint_longitude": 99.54640278, "waypoint_description_code": "E", "turn_direction": null, "rnp": null, "path_termination": "IF", "recommanded_navaid": null, "recommanded_navaid_latitude": null, "recommanded_navaid_longitude": null, "arc_radius": null, "theta": null, "rho": null, "magnetic_course": null, "route_distance_holding_distance_time": null, "distance_time": null, "altitude_description": "-", "altitude1": 13000.0, "altitude2": null, "transition_altitude": null, "speed_limit_description": null, "speed_limit": null, "vertical_angle": null, "center_waypoint": null, "center_waypoint_latitude": null, "center_waypoint_longitude": null, "aircraft_category": null}, "geometry": {"type": "MultiPoint", "coordinates": [[99.54640278, 18.46071667]]}}, {"type": "Feature", "properties": {"fid": 5060, "area_code": "PAC", "airport_identifier": "VTCC", "procedure_identifier": "KABM2A", "route_type": "5", "transition_identifier": "RW36", "seqno": 20, "waypoint_icao_code": "VT", "waypoint_identifier": "CC114", "waypoint_latitude": 18.53425556, "waypoint_longitude": 99.47189444, "waypoint_description_code": "E", "turn_direction": null, "rnp": null, "path_termination": "TF", "recommanded_navaid": null, "recommanded_navaid_latitude": null, "recommanded_navaid_longitude": null, "arc_radius": null, "theta": null, "rho": null, "magnetic_course": null, "route_distance_holding_distance_time": null, "distance_time": null, "altitude_description": "+", "altitude1": 11000.0, "altitude2": null, "transition_altitude": null, "speed_limit_description": null, "speed_limit": null, "vertical_angle": null, "center_waypoint": null, "center_waypoint_latitude": null, "center_waypoint_longitude": null, "aircraft_category": null}, "geometry": {"type": "MultiPoint", "coordinates": [[99.47189444, 18.53425556]]}}, {"type": "Feature", "properties": {"fid": 5061, "area_code": "PAC", "airport_identifier": "VTCC", "procedure_identifier": "KABM2A", "route_type": "5", "transition_identifier": "RW36", "seqno": 30, "waypoint_icao_code": "VT", "waypoint_identifier": "ATNUT", "waypoint_latitude": 18.59438611, "waypoint_longitude": 99.41090278, "waypoint_description_code": "E", "turn_direction": null, "rnp": null, "path_termination": "TF", "recommanded_navaid": null, "recommanded_navaid_latitude": null, "recommanded_navaid_longitude": null, "arc_radius": null, "theta": null, "rho": null, "magnetic_course": null, "route_distance_holding_distance_time": null, "distance_time": null, "altitude_description": "-", "altitude1": 10000.0, "altitude2": null, "transition_altitude": null, "speed_limit_description": "-", "speed_limit": 230.0, "vertical_angle": null, "center_waypoint": null, "center_waypoint_latitude": null, "center_waypoint_longitude": null, "aircraft_category": null}, "geometry": {"type": "MultiPoint", "coordinates": [[99.41090278, 18.59438611]]}}, {"type": "Feature", "properties": {"fid": 5062, "area_code": "PAC", "airport_identifier": "VTCC", "procedure_identifier": "KABM2A", "route_type": "5", "transition_identifier": "RW36", "seqno": 40, "waypoint_icao_code": "VT", "waypoint_identifier": "TASIV", "waypoint_latitude": 18.53923889, "waypoint_longitude": 99.30162222, "waypoint_description_code": "E", "turn_direction": null, "rnp": null, "path_termination": "TF", "recommanded_navaid": null, "recommanded_navaid_latitude": null, "recommanded_navaid_longitude": null, "arc_radius": null, "theta": null, "rho": null, "magnetic_course": null, "route_distance_holding_distance_time": null, "distance_time": null, "altitude_description": "@", "altitude1": 9000.0, "altitude2": null, "transition_altitude": null, "speed_limit_description": "-", "speed_limit": 220.0, "vertical_angle": null, "center_waypoint": null, "center_waypoint_latitude": null, "center_waypoint_longitude": null, "aircraft_category": null}, "geometry": {"type": "MultiPoint", "coordinates": [[99.30162222, 18.53923889]]}}, {"type": "Feature", "properties": {"fid": 5063, "area_code": "PAC", "airport_identifier": "VTCC", "procedure_identifier": "KABM2A", "route_type": "5", "transition_identifier": "RW36", "seqno": 50, "waypoint_icao_code": "VT", "waypoint_identifier": "CC115", "waypoint_latitude": 18.40555556, "waypoint_longitude": 99.32885278, "waypoint_description_code": "E", "turn_direction": null, "rnp": null, "path_termination": "TF", "recommanded_navaid": null, "recommanded_navaid_latitude": null, "recommanded_navaid_longitude": null, "arc_radius": null, "theta": null, "rho": null, "magnetic_course": null, "route_distance_holding_distance_time": null, "distance_time": null, "altitude_description": null, "altitude1": null, "altitude2": null, "transition_altitude": null, "speed_limit_description": null, "speed_limit": null, "vertical_angle": null, "center_waypoint": null, "center_waypoint_latitude": null, "center_waypoint_longitude": null, "aircraft_category": null}, "geometry": {"type": "MultiPoint", "coordinates": [[99.32885278, 18.40555556]]}}, {"type": "Feature", "properties": {"fid": 5064, "area_code": "PAC", "airport_identifier": "VTCC", "procedure_identifier": "KABM2A", "route_type": "5", "transition_identifier": "RW36", "seqno": 60, "waypoint_icao_code": "VT", "waypoint_identifier": "CC116", "waypoint_latitude": 18.30525, "waypoint_longitude": 99.29271667, "waypoint_description_code": "E", "turn_direction": null, "rnp": null, "path_termination": "TF", "recommanded_navaid": null, "recommanded_navaid_latitude": null, "recommanded_navaid_longitude": null, "arc_radius": null, "theta": null, "rho": null, "magnetic_course": null, "route_distance_holding_distance_time": null, "distance_time": null, "altitude_description": null, "altitude1": null, "altitude2": null, "transition_altitude": null, "speed_limit_description": null, "speed_limit": null, "vertical_angle": null, "center_waypoint": null, "center_waypoint_latitude": null, "center_waypoint_longitude": null, "aircraft_category": null}, "geometry": {"type": "MultiPoint", "coordinates": [[99.29271667, 18.30525]]}}, {"type": "Feature", "properties": {"fid": 5065, "area_code": "PAC", "airport_identifier": "VTCC", "procedure_identifier": "KABM2A", "route_type": "5", "transition_identifier": "RW36", "seqno": 70, "waypoint_icao_code": "VT", "waypoint_identifier": "CC117", "waypoint_latitude": 18.20489167, "waypoint_longitude": 99.15440833, "waypoint_description_code": "E", "turn_direction": null, "rnp": null, "path_termination": "TF", "recommanded_navaid": null, "recommanded_navaid_latitude": null, "recommanded_navaid_longitude": null, "arc_radius": null, "theta": null, "rho": null, "magnetic_course": null, "route_distance_holding_distance_time": null, "distance_time": null, "altitude_description": "@", "altitude1": 9000.0, "altitude2": null, "transition_altitude": null, "speed_limit_description": null, "speed_limit": null, "vertical_angle": null, "center_waypoint": null, "center_waypoint_latitude": null, "center_waypoint_longitude": null, "aircraft_category": null}, "geometry": {"type": "MultiPoint", "coordinates": [[99.15440833, 18.20489167]]}}, {"type": "Feature", "properties": {"fid": 5066, "area_code": "PAC", "airport_identifier": "VTCC", "procedure_identifier": "KABM2A", "route_type": "5", "transition_identifier": "RW36", "seqno": 80, "waypoint_icao_code": "VT", "waypoint_identifier": "PUKAT", "waypoint_latitude": 18.42949167, "waypoint_longitude": 99.08473056, "waypoint_description_code": "E", "turn_direction": "R", "rnp": null, "path_termination": "TF", "recommanded_navaid": null, "recommanded_navaid_latitude": null, "recommanded_navaid_longitude": null, "arc_radius": null, "theta": null, "rho": null, "magnetic_course": null, "route_distance_holding_distance_time": null, "distance_time": null, "altitude_description": "-", "altitude1": 8000.0, "altitude2": null, "transition_altitude": null, "speed_limit_description": null, "speed_limit": null, "vertical_angle": null, "center_waypoint": null, "center_waypoint_latitude": null, "center_waypoint_longitude": null, "aircraft_category": null}, "geometry": {"type": "MultiPoint", "coordinates": [[99.08473056, 18.42949167]]}}, {"type": "Feature", "properties": {"fid": 5067, "area_code": "PAC", "airport_identifier": "VTCC", "procedure_identifier": "KABM2A", "route_type": "5", "transition_identifier": "RW36", "seqno": 90, "waypoint_icao_code": "VT", "waypoint_identifier": "RIGTA", "waypoint_latitude": 18.42981944, "waypoint_longitude": 98.96201944, "waypoint_description_code": "E", "turn_direction": null, "rnp": null, "path_termination": "TF", "recommanded_navaid": null, "recommanded_navaid_latitude": null, "recommanded_navaid_longitude": null, "arc_radius": null, "theta": null, "rho": null, "magnetic_course": null, "route_distance_holding_distance_time": null, "distance_time": null, "altitude_description": "+", "altitude1": 6600.0, "altitude2": null, "transition_altitude": null, "speed_limit_description": "-", "speed_limit": 210.0, "vertical_angle": null, "center_waypoint": null, "center_waypoint_latitude": null, "center_waypoint_longitude": null, "aircraft_category": null}, "geometry": {"type": "MultiPoint", "coordinates": [[98.96201944, 18.42981944]]}}, {"type": "Feature", "properties": {"fid": 5069, "area_code": "PAC", "airport_identifier": "VTCC", "procedure_identifier": "ENBA2A", "route_type": "5", "transition_identifier": "RW36", "seqno": 10, "waypoint_icao_code": "VT", "waypoint_identifier": "ENBAT", "waypoint_latitude": 18.1614, "waypoint_longitude": 99.16787778, "waypoint_description_code": "E", "turn_direction": null, "rnp": null, "path_termination": "IF", "recommanded_navaid": null, "recommanded_navaid_latitude": null, "recommanded_navaid_longitude": null, "arc_radius": null, "theta": null, "rho": null, "magnetic_course": null, "route_distance_holding_distance_time": null, "distance_time": null, "altitude_description": "-", "altitude1": 13000.0, "altitude2": null, "transition_altitude": null, "speed_limit_description": null, "speed_limit": null, "vertical_angle": null, "center_waypoint": null, "center_waypoint_latitude": null, "center_waypoint_longitude": null, "aircraft_category": null}, "geometry": {"type": "MultiPoint", "coordinates": [[99.16787778, 18.1614]]}}, {"type": "Feature", "properties": {"fid": 5070, "area_code": "PAC", "airport_identifier": "VTCC", "procedure_identifier": "ENBA2A", "route_type": "5", "transition_identifier": "RW36", "seqno": 20, "waypoint_icao_code": "VT", "waypoint_identifier": "UPDOS", "waypoint_latitude": 18.23698056, "waypoint_longitude": 99.14446389, "waypoint_description_code": "E", "turn_direction": null, "rnp": null, "path_termination": "TF", "recommanded_navaid": null, "recommanded_navaid_latitude": null, "recommanded_navaid_longitude": null, "arc_radius": null, "theta": null, "rho": null, "magnetic_course": null, "route_distance_holding_distance_time": null, "distance_time": null, "altitude_description": "B", "altitude1": 13000.0, "altitude2": 11000.0, "transition_altitude": null, "speed_limit_description": "-", "speed_limit": 220.0, "vertical_angle": null, "center_waypoint": null, "center_waypoint_latitude": null, "center_waypoint_longitude": null, "aircraft_category": null}, "geometry": {"type": "MultiPoint", "coordinates": [[99.14446389, 18.23698056]]}}, {"type": "Feature", "properties": {"fid": 5071, "area_code": "PAC", "airport_identifier": "VTCC", "procedure_identifier": "ENBA2A", "route_type": "5", "transition_identifier": "RW36", "seqno": 30, "waypoint_icao_code": "VT", "waypoint_identifier": "CC101", "waypoint_latitude": 18.32301389, "waypoint_longitude": 99.26302222, "waypoint_description_code": "E", "turn_direction": null, "rnp": null, "path_termination": "TF", "recommanded_navaid": null, "recommanded_navaid_latitude": null, "recommanded_navaid_longitude": null, "arc_radius": null, "theta": null, "rho": null, "magnetic_course": null, "route_distance_holding_distance_time": null, "distance_time": null, "altitude_description": null, "altitude1": null, "altitude2": null, "transition_altitude": null, "speed_limit_description": null, "speed_limit": null, "vertical_angle": null, "center_waypoint": null, "center_waypoint_latitude": null, "center_waypoint_longitude": null, "aircraft_category": null}, "geometry": {"type": "MultiPoint", "coordinates": [[99.26302222, 18.32301389]]}}, {"type": "Feature", "properties": {"fid": 5072, "area_code": "PAC", "airport_identifier": "VTCC", "procedure_identifier": "ENBA2A", "route_type": "5", "transition_identifier": "RW36", "seqno": 40, "waypoint_icao_code": "VT", "waypoint_identifier": "CC102", "waypoint_latitude": 18.40899444, "waypoint_longitude": 99.29397778, "waypoint_description_code": "E", "turn_direction": null, "rnp": null, "path_termination": "TF", "recommanded_navaid": null, "recommanded_navaid_latitude": null, "recommanded_navaid_longitude": null, "arc_radius": null, "theta": null, "rho": null, "magnetic_course": null, "route_distance_holding_distance_time": null, "distance_time": null, "altitude_description": null, "altitude1": null, "altitude2": null, "transition_altitude": null, "speed_limit_description": null, "speed_limit": null, "vertical_angle": null, "center_waypoint": null, "center_waypoint_latitude": null, "center_waypoint_longitude": null, "aircraft_category": null}, "geometry": {"type": "MultiPoint", "coordinates": [[99.29397778, 18.40899444]]}}, {"type": "Feature", "properties": {"fid": 5073, "area_code": "PAC", "airport_identifier": "VTCC", "procedure_identifier": "ENBA2A", "route_type": "5", "transition_identifier": "RW36", "seqno": 50, "waypoint_icao_code": "VT", "waypoint_identifier": "CC103", "waypoint_latitude": 18.523575, "waypoint_longitude": 99.27062222, "waypoint_description_code": "E", "turn_direction": null, "rnp": null, "path_termination": "TF", "recommanded_navaid": null, "recommanded_navaid_latitude": null, "recommanded_navaid_longitude": null, "arc_radius": null, "theta": null, "rho": null, "magnetic_course": null, "route_distance_holding_distance_time": null, "distance_time": null, "altitude_description": "@", "altitude1": 11000.0, "altitude2": null, "transition_altitude": null, "speed_limit_description": null, "speed_limit": null, "vertical_angle": null, "center_waypoint": null, "center_waypoint_latitude": null, "center_waypoint_longitude": null, "aircraft_category": null}, "geometry": {"type": "MultiPoint", "coordinates": [[99.27062222, 18.523575]]}}, {"type": "Feature", "properties": {"fid": 5074, "area_code": "PAC", "airport_identifier": "VTCC", "procedure_identifier": "ENBA2A", "route_type": "5", "transition_identifier": "RW36", "seqno": 60, "waypoint_icao_code": "VT", "waypoint_identifier": "PUKAT", "waypoint_latitude": 18.42949167, "waypoint_longitude": 99.08473056, "waypoint_description_code": "E", "turn_direction": "L", "rnp": null, "path_termination": "TF", "recommanded_navaid": null, "recommanded_navaid_latitude": null, "recommanded_navaid_longitude": null, "arc_radius": null, "theta": null, "rho": null, "magnetic_course": null, "route_distance_holding_distance_time": null, "distance_time": null, "altitude_description": "-", "altitude1": 8000.0, "altitude2": null, "transition_altitude": null, "speed_limit_description": null, "speed_limit": null, "vertical_angle": null, "center_waypoint": null, "center_waypoint_latitude": null, "center_waypoint_longitude": null, "aircraft_category": null}, "geometry": {"type": "MultiPoint", "coordinates": [[99.08473056, 18.42949167]]}}, {"type": "Feature", "properties": {"fid": 5075, "area_code": "PAC", "airport_identifier": "VTCC", "procedure_identifier": "ENBA2A", "route_type": "5", "transition_identifier": "RW36", "seqno": 70, "waypoint_icao_code": "VT", "waypoint_identifier": "RIGTA", "waypoint_latitude": 18.42981944, "waypoint_longitude": 98.96201944, "waypoint_description_code": "E", "turn_direction": null, "rnp": null, "path_termination": "TF", "recommanded_navaid": null, "recommanded_navaid_latitude": null, "recommanded_navaid_longitude": null, "arc_radius": null, "theta": null, "rho": null, "magnetic_course": null, "route_distance_holding_distance_time": null, "distance_time": null, "altitude_description": "+", "altitude1": 6600.0, "altitude2": null, "transition_altitude": null, "speed_limit_description": "-", "speed_limit": 210.0, "vertical_angle": null, "center_waypoint": null, "center_waypoint_latitude": null, "center_waypoint_longitude": null, "aircraft_category": null}, "geometry": {"type": "MultiPoint", "coordinates": [[98.96201944, 18.42981944]]}}, {"type": "Feature", "properties": {"fid": 5077, "area_code": "PAC", "airport_identifier": "VTSS", "procedure_identifier": "ELRE1B", "route_type": "5", "transition_identifier": "RW08", "seqno": 10, "waypoint_icao_code": "VT", "waypoint_identifier": "ELREM", "waypoint_latitude": 7.43768333, "waypoint_longitude": 100.10181389, "waypoint_description_code": "E", "turn_direction": null, "rnp": 1.0, "path_termination": "IF", "recommanded_navaid": null, "recommanded_navaid_latitude": null, "recommanded_navaid_longitude": null, "arc_radius": null, "theta": null, "rho": null, "magnetic_course": null, "route_distance_holding_distance_time": null, "distance_time": null, "altitude_description": "+", "altitude1": 10000.0, "altitude2": null, "transition_altitude": null, "speed_limit_description": null, "speed_limit": null, "vertical_angle": null, "center_waypoint": null, "center_waypoint_latitude": null, "center_waypoint_longitude": null, "aircraft_category": null}, "geometry": {"type": "MultiPoint", "coordinates": [[100.10181389, 7.43768333]]}}, {"type": "Feature", "properties": {"fid": 5078, "area_code": "PAC", "airport_identifier": "VTSS", "procedure_identifier": "ELRE1B", "route_type": "5", "transition_identifier": "RW08", "seqno": 20, "waypoint_icao_code": "VT", "waypoint_identifier": "ISDIV", "waypoint_latitude": 7.27005278, "waypoint_longitude": 100.13808333, "waypoint_description_code": "E", "turn_direction": null, "rnp": 1.0, "path_termination": "TF", "recommanded_navaid": null, "recommanded_navaid_latitude": null, "recommanded_navaid_longitude": null, "arc_radius": null, "theta": null, "rho": null, "magnetic_course": null, "route_distance_holding_distance_time": null, "distance_time": null, "altitude_description": "+", "altitude1": 10000.0, "altitude2": null, "transition_altitude": null, "speed_limit_description": null, "speed_limit": null, "vertical_angle": null, "center_waypoint": null, "center_waypoint_latitude": null, "center_waypoint_longitude": null, "aircraft_category": null}, "geometry": {"type": "MultiPoint", "coordinates": [[100.13808333, 7.27005278]]}}, {"type": "Feature", "properties": {"fid": 5079, "area_code": "PAC", "airport_identifier": "VTSS", "procedure_identifier": "ELRE1B", "route_type": "5", "transition_identifier": "RW08", "seqno": 30, "waypoint_icao_code": "VT", "waypoint_identifier": "ALDUG", "waypoint_latitude": 7.12288889, "waypoint_longitude": 100.13808333, "waypoint_description_code": "E", "turn_direction": null, "rnp": 1.0, "path_termination": "TF", "recommanded_navaid": null, "recommanded_navaid_latitude": null, "recommanded_navaid_longitude": null, "arc_radius": null, "theta": null, "rho": null, "magnetic_course": null, "route_distance_holding_distance_time": null, "distance_time": null, "altitude_description": "+", "altitude1": 8000.0, "altitude2": null, "transition_altitude": null, "speed_limit_description": "-", "speed_limit": 230.0, "vertical_angle": null, "center_waypoint": null, "center_waypoint_latitude": null, "center_waypoint_longitude": null, "aircraft_category": null}, "geometry": {"type": "MultiPoint", "coordinates": [[100.13808333, 7.12288889]]}}, {"type": "Feature", "properties": {"fid": 5080, "area_code": "PAC", "airport_identifier": "VTSS", "procedure_identifier": "ELRE1B", "route_type": "5", "transition_identifier": "RW08", "seqno": 40, "waypoint_icao_code": "VT", "waypoint_identifier": "VEGTI", "waypoint_latitude": 6.916425, "waypoint_longitude": 100.13808333, "waypoint_description_code": "E", "turn_direction": null, "rnp": 1.0, "path_termination": "TF", "recommanded_navaid": null, "recommanded_navaid_latitude": null, "recommanded_navaid_longitude": null, "arc_radius": null, "theta": null, "rho": null, "magnetic_course": null, "route_distance_holding_distance_time": null, "distance_time": null, "altitude_description": "+", "altitude1": 5500.0, "altitude2": null, "transition_altitude": null, "speed_limit_description": "-", "speed_limit": 210.0, "vertical_angle": null, "center_waypoint": null, "center_waypoint_latitude": null, "center_waypoint_longitude": null, "aircraft_category": null}, "geometry": {"type": "MultiPoint", "coordinates": [[100.13808333, 6.916425]]}}, {"type": "Feature", "properties": {"fid": 5081, "area_code": "PAC", "airport_identifier": "VTSS", "procedure_identifier": "ELRE1B", "route_type": "5", "transition_identifier": "RW08", "seqno": 50, "waypoint_icao_code": "VT", "waypoint_identifier": "PIMAN", "waypoint_latitude": 6.83638611, "waypoint_longitude": 100.19886389, "waypoint_description_code": "E", "turn_direction": null, "rnp": 1.0, "path_termination": "TF", "recommanded_navaid": null, "recommanded_navaid_latitude": null, "recommanded_navaid_longitude": null, "arc_radius": null, "theta": null, "rho": null, "magnetic_course": null, "route_distance_holding_distance_time": null, "distance_time": null, "altitude_description": "+", "altitude1": 3500.0, "altitude2": null, "transition_altitude": null, "speed_limit_description": "-", "speed_limit": 190.0, "vertical_angle": null, "center_waypoint": null, "center_waypoint_latitude": null, "center_waypoint_longitude": null, "aircraft_category": null}, "geometry": {"type": "MultiPoint", "coordinates": [[100.19886389, 6.83638611]]}}, {"type": "Feature", "properties": {"fid": 5083, "area_code": "PAC", "airport_identifier": "VTSS", "procedure_identifier": "ENVO1A", "route_type": "5", "transition_identifier": "RW26", "seqno": 10, "waypoint_icao_code": "VT", "waypoint_identifier": "ENVON", "waypoint_latitude": 7.49259722, "waypoint_longitude": 100.23506944, "waypoint_description_code": "E", "turn_direction": null, "rnp": 1.0, "path_termination": "IF", "recommanded_navaid": null, "recommanded_navaid_latitude": null, "recommanded_navaid_longitude": null, "arc_radius": null, "theta": null, "rho": null, "magnetic_course": null, "route_distance_holding_distance_time": null, "distance_time": null, "altitude_description": "+", "altitude1": 10000.0, "altitude2": null, "transition_altitude": null, "speed_limit_description": null, "speed_limit": null, "vertical_angle": null, "center_waypoint": null, "center_waypoint_latitude": null, "center_waypoint_longitude": null, "aircraft_category": null}, "geometry": {"type": "MultiPoint", "coordinates": [[100.23506944, 7.49259722]]}}, {"type": "Feature", "properties": {"fid": 5084, "area_code": "PAC", "airport_identifier": "VTSS", "procedure_identifier": "ENVO1A", "route_type": "5", "transition_identifier": "RW26", "seqno": 20, "waypoint_icao_code": "VT", "waypoint_identifier": "SS212", "waypoint_latitude": 7.37305278, "waypoint_longitude": 100.26781667, "waypoint_description_code": "E", "turn_direction": null, "rnp": 1.0, "path_termination": "TF", "recommanded_navaid": null, "recommanded_navaid_latitude": null, "recommanded_navaid_longitude": null, "arc_radius": null, "theta": null, "rho": null, "magnetic_course": null, "route_distance_holding_distance_time": null, "distance_time": null, "altitude_description": "+", "altitude1": 10000.0, "altitude2": null, "transition_altitude": null, "speed_limit_description": null, "speed_limit": null, "vertical_angle": null, "center_waypoint": null, "center_waypoint_latitude": null, "center_waypoint_longitude": null, "aircraft_category": null}, "geometry": {"type": "MultiPoint", "coordinates": [[100.26781667, 7.37305278]]}}, {"type": "Feature", "properties": {"fid": 5085, "area_code": "PAC", "airport_identifier": "VTSS", "procedure_identifier": "ENVO1A", "route_type": "5", "transition_identifier": "RW26", "seqno": 30, "waypoint_icao_code": "VT", "waypoint_identifier": "KIBAB", "waypoint_latitude": 7.25997778, "waypoint_longitude": 100.298775, "waypoint_description_code": "E", "turn_direction": null, "rnp": 1.0, "path_termination": "TF", "recommanded_navaid": null, "recommanded_navaid_latitude": null, "recommanded_navaid_longitude": null, "arc_radius": null, "theta": null, "rho": null, "magnetic_course": null, "route_distance_holding_distance_time": null, "distance_time": null, "altitude_description": "+", "altitude1": 10000.0, "altitude2": null, "transition_altitude": null, "speed_limit_description": null, "speed_limit": null, "vertical_angle": null, "center_waypoint": null, "center_waypoint_latitude": null, "center_waypoint_longitude": null, "aircraft_category": null}, "geometry": {"type": "MultiPoint", "coordinates": [[100.298775, 7.25997778]]}}, {"type": "Feature", "properties": {"fid": 5086, "area_code": "PAC", "airport_identifier": "VTSS", "procedure_identifier": "ENVO1A", "route_type": "5", "transition_identifier": "RW26", "seqno": 40, "waypoint_icao_code": "VT", "waypoint_identifier": "SS218", "waypoint_latitude": 7.25347222, "waypoint_longitude": 100.40203056, "waypoint_description_code": "E", "turn_direction": null, "rnp": 1.0, "path_termination": "TF", "recommanded_navaid": null, "recommanded_navaid_latitude": null, "recommanded_navaid_longitude": null, "arc_radius": null, "theta": null, "rho": null, "magnetic_course": null, "route_distance_holding_distance_time": null, "distance_time": null, "altitude_description": "+", "altitude1": 10000.0, "altitude2": null, "transition_altitude": null, "speed_limit_description": null, "speed_limit": null, "vertical_angle": null, "center_waypoint": null, "center_waypoint_latitude": null, "center_waypoint_longitude": null, "aircraft_category": null}, "geometry": {"type": "MultiPoint", "coordinates": [[100.40203056, 7.25347222]]}}, {"type": "Feature", "properties": {"fid": 5087, "area_code": "PAC", "airport_identifier": "VTSS", "procedure_identifier": "ENVO1A", "route_type": "5", "transition_identifier": "RW26", "seqno": 50, "waypoint_icao_code": "VT", "waypoint_identifier": "LETMO", "waypoint_latitude": 7.24328889, "waypoint_longitude": 100.56294167, "waypoint_description_code": "E", "turn_direction": null, "rnp": 1.0, "path_termination": "TF", "recommanded_navaid": null, "recommanded_navaid_latitude": null, "recommanded_navaid_longitude": null, "arc_radius": null, "theta": null, "rho": null, "magnetic_course": null, "route_distance_holding_distance_time": null, "distance_time": null, "altitude_description": "+", "altitude1": 8000.0, "altitude2": null, "transition_altitude": null, "speed_limit_description": null, "speed_limit": null, "vertical_angle": null, "center_waypoint": null, "center_waypoint_latitude": null, "center_waypoint_longitude": null, "aircraft_category": null}, "geometry": {"type": "MultiPoint", "coordinates": [[100.56294167, 7.24328889]]}}, {"type": "Feature", "properties": {"fid": 5088, "area_code": "PAC", "airport_identifier": "VTSS", "procedure_identifier": "ENVO1A", "route_type": "5", "transition_identifier": "RW26", "seqno": 60, "waypoint_icao_code": "VT", "waypoint_identifier": "KASLA", "waypoint_latitude": 7.07377222, "waypoint_longitude": 100.57760833, "waypoint_description_code": "E", "turn_direction": null, "rnp": 1.0, "path_termination": "TF", "recommanded_navaid": null, "recommanded_navaid_latitude": null, "recommanded_navaid_longitude": null, "arc_radius": null, "theta": null, "rho": null, "magnetic_course": null, "route_distance_holding_distance_time": null, "distance_time": null, "altitude_description": "+", "altitude1": 5000.0, "altitude2": null, "transition_altitude": null, "speed_limit_description": "-", "speed_limit": 230.0, "vertical_angle": null, "center_waypoint": null, "center_waypoint_latitude": null, "center_waypoint_longitude": null, "aircraft_category": null}, "geometry": {"type": "MultiPoint", "coordinates": [[100.57760833, 7.07377222]]}}, {"type": "Feature", "properties": {"fid": 5089, "area_code": "PAC", "airport_identifier": "VTSS", "procedure_identifier": "ENVO1A", "route_type": "5", "transition_identifier": "RW26", "seqno": 70, "waypoint_icao_code": "VT", "waypoint_identifier": "RISRO", "waypoint_latitude": 6.95696389, "waypoint_longitude": 100.58771111, "waypoint_description_code": "E", "turn_direction": null, "rnp": 1.0, "path_termination": "TF", "recommanded_navaid": null, "recommanded_navaid_latitude": null, "recommanded_navaid_longitude": null, "arc_radius": null, "theta": null, "rho": null, "magnetic_course": null, "route_distance_holding_distance_time": null, "distance_time": null, "altitude_description": "+", "altitude1": 3000.0, "altitude2": null, "transition_altitude": null, "speed_limit_description": "-", "speed_limit": 230.0, "vertical_angle": null, "center_waypoint": null, "center_waypoint_latitude": null, "center_waypoint_longitude": null, "aircraft_category": null}, "geometry": {"type": "MultiPoint", "coordinates": [[100.58771111, 6.95696389]]}}, {"type": "Feature", "properties": {"fid": 5091, "area_code": "PAC", "airport_identifier": "VTUD", "procedure_identifier": "MUGN1A", "route_type": "5", "transition_identifier": "RW12", "seqno": 10, "waypoint_icao_code": "VT", "waypoint_identifier": "MUGNO", "waypoint_latitude": 17.85199167, "waypoint_longitude": 102.96483056, "waypoint_description_code": "E", "turn_direction": null, "rnp": 1.0, "path_termination": "IF", "recommanded_navaid": null, "recommanded_navaid_latitude": null, "recommanded_navaid_longitude": null, "arc_radius": null, "theta": null, "rho": null, "magnetic_course": null, "route_distance_holding_distance_time": null, "distance_time": null, "altitude_description": "+", "altitude1": 11000.0, "altitude2": null, "transition_altitude": null, "speed_limit_description": null, "speed_limit": null, "vertical_angle": null, "center_waypoint": null, "center_waypoint_latitude": null, "center_waypoint_longitude": null, "aircraft_category": null}, "geometry": {"type": "MultiPoint", "coordinates": [[102.96483056, 17.85199167]]}}, {"type": "Feature", "properties": {"fid": 5092, "area_code": "PAC", "airport_identifier": "VTUD", "procedure_identifier": "MUGN1A", "route_type": "5", "transition_identifier": "RW12", "seqno": 20, "waypoint_icao_code": "VT", "waypoint_identifier": "OLPES", "waypoint_latitude": 17.80075278, "waypoint_longitude": 102.74525278, "waypoint_description_code": "E", "turn_direction": null, "rnp": 1.0, "path_termination": "TF", "recommanded_navaid": null, "recommanded_navaid_latitude": null, "recommanded_navaid_longitude": null, "arc_radius": null, "theta": null, "rho": null, "magnetic_course": null, "route_distance_holding_distance_time": null, "distance_time": null, "altitude_description": "-", "altitude1": 10000.0, "altitude2": null, "transition_altitude": null, "speed_limit_description": null, "speed_limit": null, "vertical_angle": null, "center_waypoint": null, "center_waypoint_latitude": null, "center_waypoint_longitude": null, "aircraft_category": null}, "geometry": {"type": "MultiPoint", "coordinates": [[102.74525278, 17.80075278]]}}, {"type": "Feature", "properties": {"fid": 5093, "area_code": "PAC", "airport_identifier": "VTUD", "procedure_identifier": "MUGN1A", "route_type": "5", "transition_identifier": "RW12", "seqno": 30, "waypoint_icao_code": "VT", "waypoint_identifier": "ELNET", "waypoint_latitude": 17.77361389, "waypoint_longitude": 102.62943056, "waypoint_description_code": "E", "turn_direction": null, "rnp": 1.0, "path_termination": "TF", "recommanded_navaid": null, "recommanded_navaid_latitude": null, "recommanded_navaid_longitude": null, "arc_radius": null, "theta": null, "rho": null, "magnetic_course": null, "route_distance_holding_distance_time": null, "distance_time": null, "altitude_description": "-", "altitude1": 9000.0, "altitude2": null, "transition_altitude": null, "speed_limit_description": null, "speed_limit": null, "vertical_angle": null, "center_waypoint": null, "center_waypoint_latitude": null, "center_waypoint_longitude": null, "aircraft_category": null}, "geometry": {"type": "MultiPoint", "coordinates": [[102.62943056, 17.77361389]]}}, {"type": "Feature", "properties": {"fid": 5094, "area_code": "PAC", "airport_identifier": "VTUD", "procedure_identifier": "MUGN1A", "route_type": "5", "transition_identifier": "RW12", "seqno": 40, "waypoint_icao_code": "VT", "waypoint_identifier": "LEBOG", "waypoint_latitude": 17.52778056, "waypoint_longitude": 102.49901111, "waypoint_description_code": "E", "turn_direction": null, "rnp": 1.0, "path_termination": "TF", "recommanded_navaid": null, "recommanded_navaid_latitude": null, "recommanded_navaid_longitude": null, "arc_radius": null, "theta": null, "rho": null, "magnetic_course": null, "route_distance_holding_distance_time": null, "distance_time": null, "altitude_description": "-", "altitude1": 5000.0, "altitude2": null, "transition_altitude": null, "speed_limit_description": "-", "speed_limit": 230.0, "vertical_angle": null, "center_waypoint": null, "center_waypoint_latitude": null, "center_waypoint_longitude": null, "aircraft_category": null}, "geometry": {"type": "MultiPoint", "coordinates": [[102.49901111, 17.52778056]]}}, {"type": "Feature", "properties": {"fid": 5095, "area_code": "PAC", "airport_identifier": "VTUD", "procedure_identifier": "MUGN1A", "route_type": "5", "transition_identifier": "RW12", "seqno": 50, "waypoint_icao_code": "VT", "waypoint_identifier": "TELUG", "waypoint_latitude": 17.48986111, "waypoint_longitude": 102.57673889, "waypoint_description_code": "E", "turn_direction": null, "rnp": 1.0, "path_termination": "TF", "recommanded_navaid": null, "recommanded_navaid_latitude": null, "recommanded_navaid_longitude": null, "arc_radius": null, "theta": null, "rho": null, "magnetic_course": null, "route_distance_holding_distance_time": null, "distance_time": null, "altitude_description": "+", "altitude1": 3500.0, "altitude2": null, "transition_altitude": null, "speed_limit_description": "-", "speed_limit": 230.0, "vertical_angle": null, "center_waypoint": null, "center_waypoint_latitude": null, "center_waypoint_longitude": null, "aircraft_category": null}, "geometry": {"type": "MultiPoint", "coordinates": [[102.57673889, 17.48986111]]}}, {"type": "Feature", "properties": {"fid": 5097, "area_code": "PAC", "airport_identifier": "VTCC", "procedure_identifier": "LAMU2X", "route_type": "5", "transition_identifier": "RW18", "seqno": 10, "waypoint_icao_code": "VT", "waypoint_identifier": "LAMUN", "waypoint_latitude": 19.08698333, "waypoint_longitude": 98.67896111, "waypoint_description_code": "E", "turn_direction": null, "rnp": 1.0, "path_termination": "IF", "recommanded_navaid": null, "recommanded_navaid_latitude": null, "recommanded_navaid_longitude": null, "arc_radius": null, "theta": null, "rho": null, "magnetic_course": null, "route_distance_holding_distance_time": null, "distance_time": null, "altitude_description": "-", "altitude1": 9000.0, "altitude2": null, "transition_altitude": null, "speed_limit_description": null, "speed_limit": null, "vertical_angle": null, "center_waypoint": null, "center_waypoint_latitude": null, "center_waypoint_longitude": null, "aircraft_category": null}, "geometry": {"type": "MultiPoint", "coordinates": [[98.67896111, 19.08698333]]}}, {"type": "Feature", "properties": {"fid": 5098, "area_code": "PAC", "airport_identifier": "VTCC", "procedure_identifier": "LAMU2X", "route_type": "5", "transition_identifier": "RW18", "seqno": 20, "waypoint_icao_code": "VT", "waypoint_identifier": "SANRA", "waypoint_latitude": 19.05083611, "waypoint_longitude": 98.80755278, "waypoint_description_code": "E", "turn_direction": null, "rnp": 1.0, "path_termination": "TF", "recommanded_navaid": null, "recommanded_navaid_latitude": null, "recommanded_navaid_longitude": null, "arc_radius": null, "theta": null, "rho": null, "magnetic_course": null, "route_distance_holding_distance_time": null, "distance_time": null, "altitude_description": "+", "altitude1": 8400.0, "altitude2": null, "transition_altitude": null, "speed_limit_description": "-", "speed_limit": 220.0, "vertical_angle": null, "center_waypoint": null, "center_waypoint_latitude": null, "center_waypoint_longitude": null, "aircraft_category": null}, "geometry": {"type": "MultiPoint", "coordinates": [[98.80755278, 19.05083611]]}}, {"type": "Feature", "properties": {"fid": 5099, "area_code": "PAC", "airport_identifier": "VTCC", "procedure_identifier": "LAMU2X", "route_type": "5", "transition_identifier": "RW18", "seqno": 30, "waypoint_icao_code": "VT", "waypoint_identifier": "PILEX", "waypoint_latitude": 19.05055, "waypoint_longitude": 98.96358889, "waypoint_description_code": "E", "turn_direction": null, "rnp": 1.0, "path_termination": "TF", "recommanded_navaid": null, "recommanded_navaid_latitude": null, "recommanded_navaid_longitude": null, "arc_radius": null, "theta": null, "rho": null, "magnetic_course": null, "route_distance_holding_distance_time": null, "distance_time": null, "altitude_description": "+", "altitude1": 5500.0, "altitude2": null, "transition_altitude": null, "speed_limit_description": "-", "speed_limit": 210.0, "vertical_angle": null, "center_waypoint": null, "center_waypoint_latitude": null, "center_waypoint_longitude": null, "aircraft_category": null}, "geometry": {"type": "MultiPoint", "coordinates": [[98.96358889, 19.05055]]}}, {"type": "Feature", "properties": {"fid": 5101, "area_code": "PAC", "airport_identifier": "VTSS", "procedure_identifier": "TAMO1A", "route_type": "5", "transition_identifier": "RW26", "seqno": 10, "waypoint_icao_code": "VT", "waypoint_identifier": "TAMOS", "waypoint_latitude": 6.53552778, "waypoint_longitude": 100.40180556, "waypoint_description_code": "E", "turn_direction": null, "rnp": 1.0, "path_termination": "IF", "recommanded_navaid": null, "recommanded_navaid_latitude": null, "recommanded_navaid_longitude": null, "arc_radius": null, "theta": null, "rho": null, "magnetic_course": null, "route_distance_holding_distance_time": null, "distance_time": null, "altitude_description": "+", "altitude1": 11000.0, "altitude2": null, "transition_altitude": null, "speed_limit_description": null, "speed_limit": null, "vertical_angle": null, "center_waypoint": null, "center_waypoint_latitude": null, "center_waypoint_longitude": null, "aircraft_category": null}, "geometry": {"type": "MultiPoint", "coordinates": [[100.40180556, 6.53552778]]}}, {"type": "Feature", "properties": {"fid": 5102, "area_code": "PAC", "airport_identifier": "VTSS", "procedure_identifier": "TAMO1A", "route_type": "5", "transition_identifier": "RW26", "seqno": 20, "waypoint_icao_code": "VT", "waypoint_identifier": "SS221", "waypoint_latitude": 6.63910833, "waypoint_longitude": 100.39287778, "waypoint_description_code": "E", "turn_direction": null, "rnp": 1.0, "path_termination": "TF", "recommanded_navaid": null, "recommanded_navaid_latitude": null, "recommanded_navaid_longitude": null, "arc_radius": null, "theta": null, "rho": null, "magnetic_course": null, "route_distance_holding_distance_time": null, "distance_time": null, "altitude_description": "+", "altitude1": 10000.0, "altitude2": null, "transition_altitude": null, "speed_limit_description": null, "speed_limit": null, "vertical_angle": null, "center_waypoint": null, "center_waypoint_latitude": null, "center_waypoint_longitude": null, "aircraft_category": null}, "geometry": {"type": "MultiPoint", "coordinates": [[100.39287778, 6.63910833]]}}, {"type": "Feature", "properties": {"fid": 5103, "area_code": "PAC", "airport_identifier": "VTSS", "procedure_identifier": "TAMO1A", "route_type": "5", "transition_identifier": "RW26", "seqno": 30, "waypoint_icao_code": "VT", "waypoint_identifier": "DUDIB", "waypoint_latitude": 6.75631944, "waypoint_longitude": 100.39090278, "waypoint_description_code": "E", "turn_direction": null, "rnp": 1.0, "path_termination": "TF", "recommanded_navaid": null, "recommanded_navaid_latitude": null, "recommanded_navaid_longitude": null, "arc_radius": null, "theta": null, "rho": null, "magnetic_course": null, "route_distance_holding_distance_time": null, "distance_time": null, "altitude_description": "+", "altitude1": 10000.0, "altitude2": null, "transition_altitude": null, "speed_limit_description": null, "speed_limit": null, "vertical_angle": null, "center_waypoint": null, "center_waypoint_latitude": null, "center_waypoint_longitude": null, "aircraft_category": null}, "geometry": {"type": "MultiPoint", "coordinates": [[100.39090278, 6.75631944]]}}, {"type": "Feature", "properties": {"fid": 5104, "area_code": "PAC", "airport_identifier": "VTSS", "procedure_identifier": "TAMO1A", "route_type": "5", "transition_identifier": "RW26", "seqno": 40, "waypoint_icao_code": "VT", "waypoint_identifier": "SS220", "waypoint_latitude": 6.76514444, "waypoint_longitude": 100.47403889, "waypoint_description_code": "E", "turn_direction": null, "rnp": 1.0, "path_termination": "TF", "recommanded_navaid": null, "recommanded_navaid_latitude": null, "recommanded_navaid_longitude": null, "arc_radius": null, "theta": null, "rho": null, "magnetic_course": null, "route_distance_holding_distance_time": null, "distance_time": null, "altitude_description": "+", "altitude1": 9000.0, "altitude2": null, "transition_altitude": null, "speed_limit_description": null, "speed_limit": null, "vertical_angle": null, "center_waypoint": null, "center_waypoint_latitude": null, "center_waypoint_longitude": null, "aircraft_category": null}, "geometry": {"type": "MultiPoint", "coordinates": [[100.47403889, 6.76514444]]}}, {"type": "Feature", "properties": {"fid": 5105, "area_code": "PAC", "airport_identifier": "VTSS", "procedure_identifier": "TAMO1A", "route_type": "5", "transition_identifier": "RW26", "seqno": 50, "waypoint_icao_code": "VT", "waypoint_identifier": "SAKRA", "waypoint_latitude": 6.78344444, "waypoint_longitude": 100.61996944, "waypoint_description_code": "E", "turn_direction": null, "rnp": 1.0, "path_termination": "TF", "recommanded_navaid": null, "recommanded_navaid_latitude": null, "recommanded_navaid_longitude": null, "arc_radius": null, "theta": null, "rho": null, "magnetic_course": null, "route_distance_holding_distance_time": null, "distance_time": null, "altitude_description": "-", "altitude1": 7000.0, "altitude2": null, "transition_altitude": null, "speed_limit_description": null, "speed_limit": null, "vertical_angle": null, "center_waypoint": null, "center_waypoint_latitude": null, "center_waypoint_longitude": null, "aircraft_category": null}, "geometry": {"type": "MultiPoint", "coordinates": [[100.61996944, 6.78344444]]}}, {"type": "Feature", "properties": {"fid": 5106, "area_code": "PAC", "airport_identifier": "VTSS", "procedure_identifier": "TAMO1A", "route_type": "5", "transition_identifier": "RW26", "seqno": 60, "waypoint_icao_code": "VT", "waypoint_identifier": "PIMUV", "waypoint_latitude": 6.87598889, "waypoint_longitude": 100.69195833, "waypoint_description_code": "E", "turn_direction": null, "rnp": 1.0, "path_termination": "TF", "recommanded_navaid": null, "recommanded_navaid_latitude": null, "recommanded_navaid_longitude": null, "arc_radius": null, "theta": null, "rho": null, "magnetic_course": null, "route_distance_holding_distance_time": null, "distance_time": null, "altitude_description": "+", "altitude1": 5000.0, "altitude2": null, "transition_altitude": null, "speed_limit_description": "-", "speed_limit": 230.0, "vertical_angle": null, "center_waypoint": null, "center_waypoint_latitude": null, "center_waypoint_longitude": null, "aircraft_category": null}, "geometry": {"type": "MultiPoint", "coordinates": [[100.69195833, 6.87598889]]}}, {"type": "Feature", "properties": {"fid": 5107, "area_code": "PAC", "airport_identifier": "VTSS", "procedure_identifier": "TAMO1A", "route_type": "5", "transition_identifier": "RW26", "seqno": 70, "waypoint_icao_code": "VT", "waypoint_identifier": "RISRO", "waypoint_latitude": 6.95696389, "waypoint_longitude": 100.58771111, "waypoint_description_code": "E", "turn_direction": null, "rnp": 1.0, "path_termination": "TF", "recommanded_navaid": null, "recommanded_navaid_latitude": null, "recommanded_navaid_longitude": null, "arc_radius": null, "theta": null, "rho": null, "magnetic_course": null, "route_distance_holding_distance_time": null, "distance_time": null, "altitude_description": "+", "altitude1": 3000.0, "altitude2": null, "transition_altitude": null, "speed_limit_description": "-", "speed_limit": 230.0, "vertical_angle": null, "center_waypoint": null, "center_waypoint_latitude": null, "center_waypoint_longitude": null, "aircraft_category": null}, "geometry": {"type": "MultiPoint", "coordinates": [[100.58771111, 6.95696389]]}}, {"type": "Feature", "properties": {"fid": 5109, "area_code": "PAC", "airport_identifier": "VTUD", "procedure_identifier": "ANPU1A", "route_type": "5", "transition_identifier": "RW12", "seqno": 10, "waypoint_icao_code": "VT", "waypoint_identifier": "ANPUS", "waypoint_latitude": 16.96658333, "waypoint_longitude": 102.780875, "waypoint_description_code": "E", "turn_direction": null, "rnp": 1.0, "path_termination": "IF", "recommanded_navaid": null, "recommanded_navaid_latitude": null, "recommanded_navaid_longitude": null, "arc_radius": null, "theta": null, "rho": null, "magnetic_course": null, "route_distance_holding_distance_time": null, "distance_time": null, "altitude_description": "+", "altitude1": 11000.0, "altitude2": null, "transition_altitude": null, "speed_limit_description": null, "speed_limit": null, "vertical_angle": null, "center_waypoint": null, "center_waypoint_latitude": null, "center_waypoint_longitude": null, "aircraft_category": null}, "geometry": {"type": "MultiPoint", "coordinates": [[102.780875, 16.96658333]]}}, {"type": "Feature", "properties": {"fid": 5110, "area_code": "PAC", "airport_identifier": "VTUD", "procedure_identifier": "ANPU1A", "route_type": "5", "transition_identifier": "RW12", "seqno": 20, "waypoint_icao_code": "VT", "waypoint_identifier": "NUPDU", "waypoint_latitude": 17.12816389, "waypoint_longitude": 102.77861389, "waypoint_description_code": "E", "turn_direction": null, "rnp": 1.0, "path_termination": "TF", "recommanded_navaid": null, "recommanded_navaid_latitude": null, "recommanded_navaid_longitude": null, "arc_radius": null, "theta": null, "rho": null, "magnetic_course": null, "route_distance_holding_distance_time": null, "distance_time": null, "altitude_description": "+", "altitude1": 11000.0, "altitude2": null, "transition_altitude": null, "speed_limit_description": null, "speed_limit": null, "vertical_angle": null, "center_waypoint": null, "center_waypoint_latitude": null, "center_waypoint_longitude": null, "aircraft_category": null}, "geometry": {"type": "MultiPoint", "coordinates": [[102.77861389, 17.12816389]]}}, {"type": "Feature", "properties": {"fid": 5111, "area_code": "PAC", "airport_identifier": "VTUD", "procedure_identifier": "ANPU1A", "route_type": "5", "transition_identifier": "RW12", "seqno": 30, "waypoint_icao_code": "VT", "waypoint_identifier": "BEGOL", "waypoint_latitude": 17.26056944, "waypoint_longitude": 102.77675556, "waypoint_description_code": "E", "turn_direction": null, "rnp": 1.0, "path_termination": "TF", "recommanded_navaid": null, "recommanded_navaid_latitude": null, "recommanded_navaid_longitude": null, "arc_radius": null, "theta": null, "rho": null, "magnetic_course": null, "route_distance_holding_distance_time": null, "distance_time": null, "altitude_description": "+", "altitude1": 10000.0, "altitude2": null, "transition_altitude": null, "speed_limit_description": null, "speed_limit": null, "vertical_angle": null, "center_waypoint": null, "center_waypoint_latitude": null, "center_waypoint_longitude": null, "aircraft_category": null}, "geometry": {"type": "MultiPoint", "coordinates": [[102.77675556, 17.26056944]]}}, {"type": "Feature", "properties": {"fid": 5112, "area_code": "PAC", "airport_identifier": "VTUD", "procedure_identifier": "ANPU1A", "route_type": "5", "transition_identifier": "RW12", "seqno": 40, "waypoint_icao_code": "VT", "waypoint_identifier": "RIRMI", "waypoint_latitude": 17.38544444, "waypoint_longitude": 102.52143056, "waypoint_description_code": "E", "turn_direction": null, "rnp": 1.0, "path_termination": "TF", "recommanded_navaid": null, "recommanded_navaid_latitude": null, "recommanded_navaid_longitude": null, "arc_radius": null, "theta": null, "rho": null, "magnetic_course": null, "route_distance_holding_distance_time": null, "distance_time": null, "altitude_description": "-", "altitude1": 5000.0, "altitude2": null, "transition_altitude": null, "speed_limit_description": "-", "speed_limit": 230.0, "vertical_angle": null, "center_waypoint": null, "center_waypoint_latitude": null, "center_waypoint_longitude": null, "aircraft_category": null}, "geometry": {"type": "MultiPoint", "coordinates": [[102.52143056, 17.38544444]]}}, {"type": "Feature", "properties": {"fid": 5113, "area_code": "PAC", "airport_identifier": "VTUD", "procedure_identifier": "ANPU1A", "route_type": "5", "transition_identifier": "RW12", "seqno": 50, "waypoint_icao_code": "VT", "waypoint_identifier": "TELUG", "waypoint_latitude": 17.48986111, "waypoint_longitude": 102.57673889, "waypoint_description_code": "E", "turn_direction": null, "rnp": 1.0, "path_termination": "TF", "recommanded_navaid": null, "recommanded_navaid_latitude": null, "recommanded_navaid_longitude": null, "arc_radius": null, "theta": null, "rho": null, "magnetic_course": null, "route_distance_holding_distance_time": null, "distance_time": null, "altitude_description": "+", "altitude1": 3500.0, "altitude2": null, "transition_altitude": null, "speed_limit_description": "-", "speed_limit": 230.0, "vertical_angle": null, "center_waypoint": null, "center_waypoint_latitude": null, "center_waypoint_longitude": null, "aircraft_category": null}, "geometry": {"type": "MultiPoint", "coordinates": [[102.57673889, 17.48986111]]}}, {"type": "Feature", "properties": {"fid": 5115, "area_code": "PAC", "airport_identifier": "VTSG", "procedure_identifier": "EMRI1E", "route_type": "5", "transition_identifier": "RW32", "seqno": 10, "waypoint_icao_code": "VT", "waypoint_identifier": "EMRIT", "waypoint_latitude": 8.10584722, "waypoint_longitude": 98.81122778, "waypoint_description_code": "E", "turn_direction": null, "rnp": 1.0, "path_termination": "IF", "recommanded_navaid": null, "recommanded_navaid_latitude": null, "recommanded_navaid_longitude": null, "arc_radius": null, "theta": null, "rho": null, "magnetic_course": null, "route_distance_holding_distance_time": null, "distance_time": null, "altitude_description": "+", "altitude1": 9000.0, "altitude2": null, "transition_altitude": null, "speed_limit_description": null, "speed_limit": null, "vertical_angle": null, "center_waypoint": null, "center_waypoint_latitude": null, "center_waypoint_longitude": null, "aircraft_category": null}, "geometry": {"type": "MultiPoint", "coordinates": [[98.81122778, 8.10584722]]}}, {"type": "Feature", "properties": {"fid": 5116, "area_code": "PAC", "airport_identifier": "VTSG", "procedure_identifier": "EMRI1E", "route_type": "5", "transition_identifier": "RW32", "seqno": 20, "waypoint_icao_code": "VT", "waypoint_identifier": "SG009", "waypoint_latitude": 8.00029167, "waypoint_longitude": 98.84312222, "waypoint_description_code": "E", "turn_direction": null, "rnp": 1.0, "path_termination": "TF", "recommanded_navaid": null, "recommanded_navaid_latitude": null, "recommanded_navaid_longitude": null, "arc_radius": null, "theta": null, "rho": null, "magnetic_course": null, "route_distance_holding_distance_time": null, "distance_time": null, "altitude_description": "-", "altitude1": 7000.0, "altitude2": null, "transition_altitude": null, "speed_limit_description": null, "speed_limit": null, "vertical_angle": null, "center_waypoint": null, "center_waypoint_latitude": null, "center_waypoint_longitude": null, "aircraft_category": null}, "geometry": {"type": "MultiPoint", "coordinates": [[98.84312222, 8.00029167]]}}, {"type": "Feature", "properties": {"fid": 5117, "area_code": "PAC", "airport_identifier": "VTSG", "procedure_identifier": "EMRI1E", "route_type": "5", "transition_identifier": "RW32", "seqno": 30, "waypoint_icao_code": "VT", "waypoint_identifier": "PANOM", "waypoint_latitude": 7.88255, "waypoint_longitude": 98.88187778, "waypoint_description_code": "E", "turn_direction": null, "rnp": 1.0, "path_termination": "TF", "recommanded_navaid": null, "recommanded_navaid_latitude": null, "recommanded_navaid_longitude": null, "arc_radius": null, "theta": null, "rho": null, "magnetic_course": null, "route_distance_holding_distance_time": null, "distance_time": null, "altitude_description": "+", "altitude1": 5000.0, "altitude2": null, "transition_altitude": null, "speed_limit_description": null, "speed_limit": null, "vertical_angle": null, "center_waypoint": null, "center_waypoint_latitude": null, "center_waypoint_longitude": null, "aircraft_category": null}, "geometry": {"type": "MultiPoint", "coordinates": [[98.88187778, 7.88255]]}}, {"type": "Feature", "properties": {"fid": 5118, "area_code": "PAC", "airport_identifier": "VTSG", "procedure_identifier": "EMRI1E", "route_type": "5", "transition_identifier": "RW32", "seqno": 40, "waypoint_icao_code": "VT", "waypoint_identifier": "ROSIC", "waypoint_latitude": 7.80494722, "waypoint_longitude": 98.945925, "waypoint_description_code": "E", "turn_direction": null, "rnp": 1.0, "path_termination": "TF", "recommanded_navaid": null, "recommanded_navaid_latitude": null, "recommanded_navaid_longitude": null, "arc_radius": null, "theta": null, "rho": null, "magnetic_course": null, "route_distance_holding_distance_time": null, "distance_time": null, "altitude_description": "+", "altitude1": 3100.0, "altitude2": null, "transition_altitude": null, "speed_limit_description": "-", "speed_limit": 230.0, "vertical_angle": null, "center_waypoint": null, "center_waypoint_latitude": null, "center_waypoint_longitude": null, "aircraft_category": null}, "geometry": {"type": "MultiPoint", "coordinates": [[98.945925, 7.80494722]]}}, {"type": "Feature", "properties": {"fid": 5119, "area_code": "PAC", "airport_identifier": "VTSG", "procedure_identifier": "EMRI1E", "route_type": "5", "transition_identifier": "RW32", "seqno": 50, "waypoint_icao_code": "VT", "waypoint_identifier": "BENJA", "waypoint_latitude": 7.86871944, "waypoint_longitude": 99.02378333, "waypoint_description_code": "E", "turn_direction": null, "rnp": 1.0, "path_termination": "TF", "recommanded_navaid": null, "recommanded_navaid_latitude": null, "recommanded_navaid_longitude": null, "arc_radius": null, "theta": null, "rho": null, "magnetic_course": null, "route_distance_holding_distance_time": null, "distance_time": null, "altitude_description": "+", "altitude1": 3100.0, "altitude2": null, "transition_altitude": null, "speed_limit_description": "-", "speed_limit": 230.0, "vertical_angle": null, "center_waypoint": null, "center_waypoint_latitude": null, "center_waypoint_longitude": null, "aircraft_category": null}, "geometry": {"type": "MultiPoint", "coordinates": [[99.02378333, 7.86871944]]}}, {"type": "Feature", "properties": {"fid": 5120, "area_code": "PAC", "airport_identifier": "VTSG", "procedure_identifier": "EMRI1E", "route_type": "5", "transition_identifier": "RW32", "seqno": 60, "waypoint_icao_code": "VT", "waypoint_identifier": "MUNIA", "waypoint_latitude": 7.9431, "waypoint_longitude": 99.11465, "waypoint_description_code": "E", "turn_direction": null, "rnp": 1.0, "path_termination": "TF", "recommanded_navaid": null, "recommanded_navaid_latitude": null, "recommanded_navaid_longitude": null, "arc_radius": null, "theta": null, "rho": null, "magnetic_course": null, "route_distance_holding_distance_time": null, "distance_time": null, "altitude_description": "+", "altitude1": 2500.0, "altitude2": null, "transition_altitude": null, "speed_limit_description": "-", "speed_limit": 230.0, "vertical_angle": null, "center_waypoint": null, "center_waypoint_latitude": null, "center_waypoint_longitude": null, "aircraft_category": null}, "geometry": {"type": "MultiPoint", "coordinates": [[99.11465, 7.9431]]}}, {"type": "Feature", "properties": {"fid": 5122, "area_code": "PAC", "airport_identifier": "VTSP", "procedure_identifier": "UBNE1C", "route_type": "5", "transition_identifier": "RW09", "seqno": 10, "waypoint_icao_code": "VT", "waypoint_identifier": "UBNEN", "waypoint_latitude": 8.08893611, "waypoint_longitude": 97.80338611, "waypoint_description_code": "E", "turn_direction": null, "rnp": null, "path_termination": "IF", "recommanded_navaid": null, "recommanded_navaid_latitude": null, "recommanded_navaid_longitude": null, "arc_radius": null, "theta": null, "rho": null, "magnetic_course": null, "route_distance_holding_distance_time": null, "distance_time": null, "altitude_description": "-", "altitude1": 10000.0, "altitude2": null, "transition_altitude": null, "speed_limit_description": null, "speed_limit": null, "vertical_angle": null, "center_waypoint": null, "center_waypoint_latitude": null, "center_waypoint_longitude": null, "aircraft_category": null}, "geometry": {"type": "MultiPoint", "coordinates": [[97.80338611, 8.08893611]]}}, {"type": "Feature", "properties": {"fid": 5123, "area_code": "PAC", "airport_identifier": "VTSP", "procedure_identifier": "UBNE1C", "route_type": "5", "transition_identifier": "RW09", "seqno": 20, "waypoint_icao_code": "VT", "waypoint_identifier": "SP312", "waypoint_latitude": 8.07713056, "waypoint_longitude": 97.93523889, "waypoint_description_code": "E", "turn_direction": null, "rnp": null, "path_termination": "TF", "recommanded_navaid": null, "recommanded_navaid_latitude": null, "recommanded_navaid_longitude": null, "arc_radius": null, "theta": null, "rho": null, "magnetic_course": null, "route_distance_holding_distance_time": null, "distance_time": null, "altitude_description": null, "altitude1": null, "altitude2": null, "transition_altitude": null, "speed_limit_description": "-", "speed_limit": 230.0, "vertical_angle": null, "center_waypoint": null, "center_waypoint_latitude": null, "center_waypoint_longitude": null, "aircraft_category": null}, "geometry": {"type": "MultiPoint", "coordinates": [[97.93523889, 8.07713056]]}}, {"type": "Feature", "properties": {"fid": 5124, "area_code": "PAC", "airport_identifier": "VTSP", "procedure_identifier": "UBNE1C", "route_type": "5", "transition_identifier": "RW09", "seqno": 30, "waypoint_icao_code": "VT", "waypoint_identifier": "KALIM", "waypoint_latitude": 8.08507222, "waypoint_longitude": 98.01889444, "waypoint_description_code": "E", "turn_direction": null, "rnp": null, "path_termination": "TF", "recommanded_navaid": null, "recommanded_navaid_latitude": null, "recommanded_navaid_longitude": null, "arc_radius": null, "theta": null, "rho": null, "magnetic_course": null, "route_distance_holding_distance_time": null, "distance_time": null, "altitude_description": "+", "altitude1": 4000.0, "altitude2": null, "transition_altitude": null, "speed_limit_description": "-", "speed_limit": 200.0, "vertical_angle": null, "center_waypoint": null, "center_waypoint_latitude": null, "center_waypoint_longitude": null, "aircraft_category": null}, "geometry": {"type": "MultiPoint", "coordinates": [[98.01889444, 8.08507222]]}}]}