airport,month_of_year,direction,runway,movements,mov_radar,mov_api,group_movements,pct,rnk,is_default,n_years,first_date,last_date
VTBD,1,ALL,21R,47952,47952,0,76800,62.4,1,t,4,2023-01-01,2026-01-31
VTBD,1,ALL,21L,27333,27333,0,76800,35.6,2,f,4,2023-01-01,2026-01-31
VTBD,1,ALL,03L,925,925,0,76800,1.2,3,f,4,2023-01-03,2026-01-24
VTBD,1,ALL,03R,590,590,0,76800,0.8,4,f,4,2023-01-03,2026-01-24
VTBD,1,ARR,21R,34417,34417,0,38409,89.6,1,t,4,2023-01-01,2026-01-31
VTBD,1,ARR,21L,3410,3410,0,38409,8.9,2,f,4,2023-01-01,2026-01-31
VTBD,1,ARR,03L,534,534,0,38409,1.4,3,f,4,2023-01-16,2026-01-24
VTBD,1,ARR,03R,48,48,0,38409,0.1,4,f,4,2023-01-03,2026-01-24
VTBD,1,DEP,21L,23923,23923,0,38391,62.3,1,t,4,2023-01-01,2026-01-31
VTBD,1,DEP,21R,13535,13535,0,38391,35.3,2,f,4,2023-01-01,2026-01-31
VTBD,1,DEP,03R,542,542,0,38391,1.4,3,f,4,2023-01-05,2026-01-24
VTBD,1,DEP,03L,391,391,0,38391,1.0,4,f,4,2023-01-03,2026-01-24
VTBD,2,ALL,21R,43888,43888,0,69781,62.9,1,t,4,2023-02-01,2026-02-28
VTBD,2,ALL,21L,25497,25497,0,69781,36.5,2,f,4,2023-02-01,2026-02-28
VTBD,2,ALL,03L,273,273,0,69781,0.4,3,f,4,2023-02-05,2025-02-27
VTBD,2,ALL,03R,123,123,0,69781,0.2,4,f,4,2023-02-02,2025-02-28
VTBD,2,ARR,21R,31766,31766,0,34936,90.9,1,t,4,2023-02-01,2026-02-28
VTBD,2,ARR,21L,3113,3113,0,34936,8.9,2,f,4,2023-02-01,2026-02-28
VTBD,2,ARR,03L,56,56,0,34936,0.2,3,f,4,2023-02-24,2024-02-28
VTBD,2,ARR,03R,1,1,0,34936,0.0,4,f,4,2023-02-25,2023-02-25
VTBD,2,DEP,21L,22384,22384,0,34845,64.2,1,t,4,2023-02-01,2026-02-28
VTBD,2,DEP,21R,12122,12122,0,34845,34.8,2,f,4,2023-02-01,2026-02-28
VTBD,2,DEP,03L,217,217,0,34845,0.6,3,f,4,2023-02-05,2025-02-27
VTBD,2,DEP,03R,122,122,0,34845,0.4,4,f,4,2023-02-02,2025-02-28
VTBD,3,ALL,21R,47188,47188,0,74950,63.0,1,t,4,2023-03-01,2026-03-31
VTBD,3,ALL,21L,26765,26765,0,74950,35.7,2,f,4,2023-03-01,2026-03-31
VTBD,3,ALL,03L,605,605,0,74950,0.8,3,f,4,2023-03-01,2026-03-19
VTBD,3,ALL,03R,392,392,0,74950,0.5,4,f,4,2023-03-03,2026-03-13
VTBD,3,ARR,21R,34154,34154,0,37525,91.0,1,t,4,2023-03-01,2026-03-31
VTBD,3,ARR,21L,3079,3079,0,37525,8.2,2,f,4,2023-03-01,2026-03-31
VTBD,3,ARR,03L,255,255,0,37525,0.7,3,f,4,2024-03-27,2026-03-19
VTBD,3,ARR,03R,37,37,0,37525,0.1,4,f,4,2025-03-13,2026-03-13
VTBD,3,DEP,21L,23686,23686,0,37425,63.3,1,t,4,2023-03-01,2026-03-31
VTBD,3,DEP,21R,13034,13034,0,37425,34.8,2,f,4,2023-03-01,2026-03-31
VTBD,3,DEP,03R,355,355,0,37425,0.9,3,f,4,2023-03-03,2026-03-13
VTBD,3,DEP,03L,350,350,0,37425,0.9,4,f,4,2023-03-01,2026-03-13
VTBD,4,ALL,21R,46599,46599,0,73923,63.0,1,t,4,2023-04-01,2026-04-30
VTBD,4,ALL,21L,26810,26810,0,73923,36.3,2,f,4,2023-04-01,2026-04-30
VTBD,4,ALL,03L,319,319,0,73923,0.4,3,f,4,2023-04-01,2025-04-30
VTBD,4,ALL,03R,195,195,0,73923,0.3,4,f,4,2023-04-03,2026-04-30
VTBD,4,ARR,21R,34127,34127,0,36981,92.3,1,t,4,2023-04-01,2026-04-30
VTBD,4,ARR,21L,2782,2782,0,36981,7.5,2,f,4,2023-04-01,2026-04-30
VTBD,4,ARR,03L,64,64,0,36981,0.2,3,f,4,2023-04-29,2025-04-28
VTBD,4,ARR,03R,8,8,0,36981,0.0,4,f,4,2023-04-30,2026-04-30
VTBD,4,DEP,21L,24028,24028,0,36942,65.0,1,t,4,2023-04-01,2026-04-30
VTBD,4,DEP,21R,12472,12472,0,36942,33.8,2,f,4,2023-04-01,2026-04-30
VTBD,4,DEP,03L,255,255,0,36942,0.7,3,f,4,2023-04-01,2025-04-30
VTBD,4,DEP,03R,187,187,0,36942,0.5,4,f,4,2023-04-03,2025-04-28
VTBD,5,ALL,21R,51516,51516,0,78544,65.6,1,t,5,2022-05-01,2026-05-31
VTBD,5,ALL,21L,25831,25831,0,78544,32.9,2,f,5,2022-05-01,2026-05-31
VTBD,5,ALL,03L,841,841,0,78544,1.1,3,f,5,2022-05-01,2026-05-19
VTBD,5,ALL,03R,356,356,0,78544,0.5,4,f,5,2022-05-02,2026-05-19
VTBD,5,ARR,21R,35509,35509,0,39293,90.4,1,t,5,2022-05-01,2026-05-31
VTBD,5,ARR,21L,3591,3591,0,39293,9.1,2,f,5,2022-05-01,2026-05-31
VTBD,5,ARR,03L,153,153,0,39293,0.4,3,f,5,2022-05-01,2026-05-17
VTBD,5,ARR,03R,40,40,0,39293,0.1,4,f,5,2022-05-08,2026-05-18
VTBD,5,DEP,21L,22240,22240,0,39251,56.7,1,t,5,2022-05-01,2026-05-31
VTBD,5,DEP,21R,16007,16007,0,39251,40.8,2,f,5,2022-05-01,2026-05-31
VTBD,5,DEP,03L,688,688,0,39251,1.8,3,f,5,2022-05-01,2026-05-19
VTBD,5,DEP,03R,316,316,0,39251,0.8,4,f,5,2022-05-02,2026-05-19
VTBD,6,ALL,21R,48357,48357,0,70916,68.2,1,t,5,2022-06-01,2026-06-30
VTBD,6,ALL,21L,21736,21736,0,70916,30.7,2,f,5,2022-06-01,2026-06-30
VTBD,6,ALL,03L,684,684,0,70916,1.0,3,f,5,2022-06-01,2025-06-30
VTBD,6,ALL,03R,139,139,0,70916,0.2,4,f,5,2022-06-01,2026-06-08
VTBD,6,ARR,21R,31998,31998,0,35510,90.1,1,t,5,2022-06-01,2026-06-30
VTBD,6,ARR,21L,3479,3479,0,35510,9.8,2,f,5,2022-06-01,2026-06-30
VTBD,6,ARR,03L,32,32,0,35510,0.1,3,f,5,2022-06-05,2025-06-22
VTBD,6,ARR,03R,1,1,0,35510,0.0,4,f,5,2023-06-07,2023-06-07
VTBD,6,DEP,21L,18257,18257,0,35406,51.6,1,t,5,2022-06-01,2026-06-30
VTBD,6,DEP,21R,16359,16359,0,35406,46.2,2,f,5,2022-06-01,2026-06-30
VTBD,6,DEP,03L,652,652,0,35406,1.8,3,f,5,2022-06-01,2025-06-30
VTBD,6,DEP,03R,138,138,0,35406,0.4,4,f,5,2022-06-01,2026-06-08
VTBD,7,ALL,21R,52184,52184,0,78180,66.7,1,t,5,2022-07-01,2026-07-31
VTBD,7,ALL,21L,25433,25433,0,78180,32.5,2,f,5,2022-07-01,2026-07-31
VTBD,7,ALL,03L,471,471,0,78180,0.6,3,f,5,2022-07-01,2025-07-31
VTBD,7,ALL,03R,92,92,0,78180,0.1,4,f,5,2022-07-01,2025-07-31
VTBD,7,ARR,21R,35436,35436,0,39157,90.5,1,t,5,2022-07-01,2026-07-31
VTBD,7,ARR,21L,3710,3710,0,39157,9.5,2,f,5,2022-07-01,2026-07-31
VTBD,7,ARR,03L,9,9,0,39157,0.0,3,f,5,2023-07-04,2024-07-12
VTBD,7,ARR,03R,2,2,0,39157,0.0,4,f,5,2023-07-24,2023-07-24
VTBD,7,DEP,21L,21723,21723,0,39023,55.7,1,t,5,2022-07-01,2026-07-31
VTBD,7,DEP,21R,16748,16748,0,39023,42.9,2,f,5,2022-07-01,2026-07-31
VTBD,7,DEP,03L,462,462,0,39023,1.2,3,f,5,2022-07-01,2025-07-31
VTBD,7,DEP,03R,90,90,0,39023,0.2,4,f,5,2022-07-01,2025-07-31
VTBD,8,ALL,21R,44211,44211,0,66529,66.5,1,t,5,2022-08-01,2026-08-04
VTBD,8,ALL,21L,21732,21732,0,66529,32.7,2,f,5,2022-08-01,2026-08-04
VTBD,8,ALL,03L,477,477,0,66529,0.7,3,f,5,2022-08-01,2025-08-31
VTBD,8,ALL,03R,109,109,0,66529,0.2,4,f,5,2022-08-02,2025-08-27
VTBD,8,ARR,21R,29894,29894,0,33318,89.7,1,t,5,2022-08-01,2026-08-04
VTBD,8,ARR,21L,3422,3422,0,33318,10.3,2,f,5,2022-08-01,2026-08-04
VTBD,8,ARR,03R,2,2,0,33318,0.0,3,f,5,2022-08-17,2025-08-15
VTBD,8,DEP,21L,18310,18310,0,33211,55.1,1,t,5,2022-08-01,2026-08-04
VTBD,8,DEP,21R,14317,14317,0,33211,43.1,2,f,5,2022-08-01,2026-08-04
VTBD,8,DEP,03L,477,477,0,33211,1.4,3,f,5,2022-08-01,2025-08-31
VTBD,8,DEP,03R,107,107,0,33211,0.3,4,f,5,2022-08-02,2025-08-27
VTBD,9,ALL,21R,39442,39442,0,58377,67.6,1,t,4,2022-09-01,2025-09-30
VTBD,9,ALL,21L,18315,18315,0,58377,31.4,2,f,4,2022-09-01,2025-09-30
VTBD,9,ALL,03L,438,438,0,58377,0.8,3,f,4,2022-09-01,2025-09-29
VTBD,9,ALL,03R,182,182,0,58377,0.3,4,f,4,2022-09-01,2025-09-30
VTBD,9,ARR,21R,26147,26147,0,29180,89.6,1,t,4,2022-09-01,2025-09-30
VTBD,9,ARR,21L,2957,2957,0,29180,10.1,2,f,4,2022-09-01,2025-09-30
VTBD,9,ARR,03L,72,72,0,29180,0.2,3,f,4,2022-09-06,2025-09-10
VTBD,9,ARR,03R,4,4,0,29180,0.0,4,f,4,2024-09-18,2025-09-09
VTBD,9,DEP,21L,15358,15358,0,29197,52.6,1,t,4,2022-09-01,2025-09-30
VTBD,9,DEP,21R,13295,13295,0,29197,45.5,2,f,4,2022-09-01,2025-09-30
VTBD,9,DEP,03L,366,366,0,29197,1.3,3,f,4,2022-09-01,2025-09-29
VTBD,9,DEP,03R,178,178,0,29197,0.6,4,f,4,2022-09-01,2025-09-30
VTBD,10,ALL,21R,40532,40532,0,63665,63.7,1,t,4,2022-10-01,2025-10-31
VTBD,10,ALL,21L,21350,21350,0,63665,33.5,2,f,4,2022-10-01,2025-10-31
VTBD,10,ALL,03L,1102,1102,0,63665,1.7,3,f,4,2022-10-03,2025-10-31
VTBD,10,ALL,03R,681,681,0,63665,1.1,4,f,4,2022-10-02,2025-10-30
VTBD,10,ARR,21R,28136,28136,0,31824,88.4,1,t,4,2022-10-01,2025-10-31
VTBD,10,ARR,21L,3004,3004,0,31824,9.4,2,f,4,2022-10-01,2025-10-31
VTBD,10,ARR,03L,642,642,0,31824,2.0,3,f,4,2022-10-15,2025-10-30
VTBD,10,ARR,03R,42,42,0,31824,0.1,4,f,4,2022-10-16,2025-10-30
VTBD,10,DEP,21L,18346,18346,0,31841,57.6,1,t,4,2022-10-01,2025-10-31
VTBD,10,DEP,21R,12396,12396,0,31841,38.9,2,f,4,2022-10-01,2025-10-31
VTBD,10,DEP,03R,639,639,0,31841,2.0,3,f,4,2022-10-02,2025-10-30
VTBD,10,DEP,03L,460,460,0,31841,1.4,4,f,4,2022-10-03,2025-10-31
VTBD,11,ALL,21R,40047,40047,0,69294,57.8,1,t,4,2022-11-01,2025-11-30
VTBD,11,ALL,21L,21198,21198,0,69294,30.6,2,f,4,2022-11-01,2025-11-30
VTBD,11,ALL,03L,4810,4810,0,69294,6.9,3,f,4,2022-11-01,2025-11-30
VTBD,11,ALL,03R,3239,3239,0,69294,4.7,4,f,4,2022-11-04,2025-11-30
VTBD,11,ARR,21R,27878,27878,0,34659,80.4,1,t,4,2022-11-01,2025-11-30
VTBD,11,ARR,03L,3327,3327,0,34659,9.6,2,f,4,2022-11-06,2025-11-29
VTBD,11,ARR,21L,3014,3014,0,34659,8.7,3,f,4,2022-11-01,2025-11-30
VTBD,11,ARR,03R,440,440,0,34659,1.3,4,f,4,2022-11-06,2025-11-29
VTBD,11,DEP,21L,18184,18184,0,34635,52.5,1,t,4,2022-11-01,2025-11-30
VTBD,11,DEP,21R,12169,12169,0,34635,35.1,2,f,4,2022-11-01,2025-11-30
VTBD,11,DEP,03R,2799,2799,0,34635,8.1,3,f,4,2022-11-04,2025-11-30
VTBD,11,DEP,03L,1483,1483,0,34635,4.3,4,f,4,2022-11-01,2025-11-30
VTBD,12,ALL,21R,46256,46256,0,75884,61.0,1,t,4,2022-12-01,2025-12-31
VTBD,12,ALL,21L,26072,26072,0,75884,34.4,2,f,4,2022-12-01,2025-12-31
VTBD,12,ALL,03L,2110,2110,0,75884,2.8,3,f,4,2022-12-01,2025-12-30
VTBD,12,ALL,03R,1446,1446,0,75884,1.9,4,f,4,2022-12-01,2025-12-27
VTBD,12,ARR,21R,33319,33319,0,37992,87.7,1,t,4,2022-12-01,2025-12-31
VTBD,12,ARR,21L,3099,3099,0,37992,8.2,2,f,4,2022-12-01,2025-12-31
VTBD,12,ARR,03L,1430,1430,0,37992,3.8,3,f,4,2022-12-07,2025-12-14
VTBD,12,ARR,03R,144,144,0,37992,0.4,4,f,4,2022-12-02,2025-12-14
VTBD,12,DEP,21L,22973,22973,0,37892,60.6,1,t,4,2022-12-01,2025-12-31
VTBD,12,DEP,21R,12937,12937,0,37892,34.1,2,f,4,2022-12-01,2025-12-31
VTBD,12,DEP,03R,1302,1302,0,37892,3.4,3,f,4,2022-12-01,2025-12-27
VTBD,12,DEP,03L,680,680,0,37892,1.8,4,f,4,2022-12-01,2025-12-30
VTBH,1,ALL,24,3,3,0,7,42.9,1,t,2,2025-01-02,2026-01-16
VTBH,1,ALL,01,2,2,0,7,28.6,2,f,2,2025-01-23,2025-01-24
VTBH,1,ALL,06,2,2,0,7,28.6,3,f,2,2025-01-08,2025-01-29
VTBH,1,DEP,24,3,3,0,7,42.9,1,t,2,2025-01-02,2026-01-16
VTBH,1,DEP,01,2,2,0,7,28.6,2,f,2,2025-01-23,2025-01-24
VTBH,1,DEP,06,2,2,0,7,28.6,3,f,2,2025-01-08,2025-01-29
VTBH,2,ALL,06,7,7,0,15,46.7,1,t,4,2024-02-06,2026-02-10
VTBH,2,ALL,01,3,3,0,15,20.0,2,f,4,2025-02-05,2025-02-26
VTBH,2,ALL,24,3,3,0,15,20.0,3,f,4,2023-02-01,2025-02-12
VTBH,2,ALL,19,2,2,0,15,13.3,4,f,4,2025-02-27,2025-02-27
VTBH,2,DEP,06,7,7,0,15,46.7,1,t,4,2024-02-06,2026-02-10
VTBH,2,DEP,01,3,3,0,15,20.0,2,f,4,2025-02-05,2025-02-26
VTBH,2,DEP,24,3,3,0,15,20.0,3,f,4,2023-02-01,2025-02-12
VTBH,2,DEP,19,2,2,0,15,13.3,4,f,4,2025-02-27,2025-02-27
VTBH,3,ALL,06,3,3,0,7,42.9,1,t,3,2025-03-05,2025-03-23
VTBH,3,ALL,24,2,2,0,7,28.6,2,f,3,2026-03-04,2026-03-18
VTBH,3,ALL,01,1,1,0,7,14.3,3,f,3,2025-03-14,2025-03-14
VTBH,3,ALL,19,1,1,0,7,14.3,4,f,3,2023-03-02,2023-03-02
VTBH,3,DEP,06,3,3,0,7,42.9,1,t,3,2025-03-05,2025-03-23
VTBH,3,DEP,24,2,2,0,7,28.6,2,f,3,2026-03-04,2026-03-18
VTBH,3,DEP,01,1,1,0,7,14.3,3,f,3,2025-03-14,2025-03-14
VTBH,3,DEP,19,1,1,0,7,14.3,4,f,3,2023-03-02,2023-03-02
VTBH,4,ALL,06,1,1,0,1,100.0,1,t,1,2025-04-16,2025-04-16
VTBH,4,DEP,06,1,1,0,1,100.0,1,t,1,2025-04-16,2025-04-16
VTBH,5,ALL,24,1,1,0,1,100.0,1,t,1,2025-05-26,2025-05-26
VTBH,5,DEP,24,1,1,0,1,100.0,1,t,1,2025-05-26,2025-05-26
VTBH,6,ALL,24,2,2,0,3,66.7,1,t,2,2024-06-25,2024-06-26
VTBH,6,ALL,01,1,1,0,3,33.3,2,f,2,2025-06-09,2025-06-09
VTBH,6,DEP,24,2,2,0,3,66.7,1,t,2,2024-06-25,2024-06-26
VTBH,6,DEP,01,1,1,0,3,33.3,2,f,2,2025-06-09,2025-06-09
VTBH,7,ALL,01,8,8,0,19,42.1,1,t,4,2022-07-10,2025-07-17
VTBH,7,ALL,06,6,6,0,19,31.6,2,f,4,2022-07-25,2025-07-14
VTBH,7,ALL,19,3,3,0,19,15.8,3,f,4,2024-07-02,2024-07-31
VTBH,7,ALL,24,2,2,0,19,10.5,4,f,4,2025-07-08,2025-07-13
VTBH,7,DEP,01,8,8,0,19,42.1,1,t,4,2022-07-10,2025-07-17
VTBH,7,DEP,06,6,6,0,19,31.6,2,f,4,2022-07-25,2025-07-14
VTBH,7,DEP,19,3,3,0,19,15.8,3,f,4,2024-07-02,2024-07-31
VTBH,7,DEP,24,2,2,0,19,10.5,4,f,4,2025-07-08,2025-07-13
VTBH,8,ALL,01,10,10,0,15,66.7,1,t,2,2024-08-01,2025-08-29
VTBH,8,ALL,06,2,2,0,15,13.3,2,f,2,2025-08-22,2025-08-25
VTBH,8,ALL,19,2,2,0,15,13.3,3,f,2,2024-08-05,2025-08-28
VTBH,8,ALL,24,1,1,0,15,6.7,4,f,2,2025-08-06,2025-08-06
VTBH,8,DEP,01,10,10,0,15,66.7,1,t,2,2024-08-01,2025-08-29
VTBH,8,DEP,06,2,2,0,15,13.3,2,f,2,2025-08-22,2025-08-25
VTBH,8,DEP,19,2,2,0,15,13.3,3,f,2,2024-08-05,2025-08-28
VTBH,8,DEP,24,1,1,0,15,6.7,4,f,2,2025-08-06,2025-08-06
VTBH,9,ALL,01,7,7,0,13,53.8,1,t,2,2024-09-06,2025-09-22
VTBH,9,ALL,06,2,2,0,13,15.4,2,f,2,2024-09-05,2025-09-11
VTBH,9,ALL,19,2,2,0,13,15.4,3,f,2,2025-09-03,2025-09-05
VTBH,9,ALL,24,2,2,0,13,15.4,4,f,2,2024-09-13,2025-09-21
VTBH,9,DEP,01,7,7,0,13,53.8,1,t,2,2024-09-06,2025-09-22
VTBH,9,DEP,06,2,2,0,13,15.4,2,f,2,2024-09-05,2025-09-11
VTBH,9,DEP,19,2,2,0,13,15.4,3,f,2,2025-09-03,2025-09-05
VTBH,9,DEP,24,2,2,0,13,15.4,4,f,2,2024-09-13,2025-09-21
VTBH,10,ALL,19,1,1,0,1,100.0,1,t,1,2025-10-21,2025-10-21
VTBH,10,DEP,19,1,1,0,1,100.0,1,t,1,2025-10-21,2025-10-21
VTBH,12,ALL,06,2,2,0,3,66.7,1,t,1,2025-12-23,2025-12-30
VTBH,12,ALL,24,1,1,0,3,33.3,2,f,1,2025-12-13,2025-12-13
VTBH,12,DEP,06,2,2,0,3,66.7,1,t,1,2025-12-23,2025-12-30
VTBH,12,DEP,24,1,1,0,3,33.3,2,f,1,2025-12-13,2025-12-13
VTBK,1,ALL,21,48,48,0,82,58.5,1,t,4,2023-01-14,2026-01-26
VTBK,1,ALL,03,34,34,0,82,41.5,2,f,4,2023-01-09,2026-01-28
VTBK,1,ARR,21,41,41,0,41,100.0,1,t,4,2023-01-14,2026-01-26
VTBK,1,DEP,03,34,34,0,41,82.9,1,t,4,2023-01-09,2026-01-28
VTBK,1,DEP,21,7,7,0,41,17.1,2,f,4,2024-01-22,2026-01-22
VTBK,2,ALL,21,172,172,0,201,85.6,1,t,4,2023-02-08,2026-02-28
VTBK,2,ALL,03,29,29,0,201,14.4,2,f,4,2023-02-21,2026-02-25
VTBK,2,ARR,21,161,161,0,161,100.0,1,t,4,2023-02-08,2026-02-28
VTBK,2,DEP,03,29,29,0,40,72.5,1,t,4,2023-02-21,2026-02-25
VTBK,2,DEP,21,11,11,0,40,27.5,2,f,4,2023-02-19,2025-02-23
VTBK,3,ALL,21,274,274,0,305,89.8,1,t,4,2023-03-01,2026-03-31
VTBK,3,ALL,03,31,31,0,305,10.2,2,f,4,2023-03-01,2026-03-27
VTBK,3,ARR,21,264,264,0,264,100.0,1,t,4,2023-03-01,2026-03-31
VTBK,3,DEP,03,31,31,0,41,75.6,1,t,4,2023-03-01,2026-03-27
VTBK,3,DEP,21,10,10,0,41,24.4,2,f,4,2024-03-05,2026-03-25
VTBK,4,ALL,21,306,306,0,319,95.9,1,t,4,2023-04-01,2026-04-30
VTBK,4,ALL,03,13,13,0,319,4.1,2,f,4,2023-04-03,2025-04-30
VTBK,4,ARR,21,289,289,0,289,100.0,1,t,4,2023-04-01,2026-04-30
VTBK,4,DEP,21,17,17,0,30,56.7,1,t,4,2023-04-03,2026-04-02
VTBK,4,DEP,03,13,13,0,30,43.3,2,f,4,2023-04-03,2025-04-30
VTBK,5,ALL,21,348,348,0,369,94.3,1,t,5,2022-05-06,2026-05-31
VTBK,5,ALL,03,21,21,0,369,5.7,2,f,5,2022-05-05,2025-05-28
VTBK,5,ARR,21,318,318,0,318,100.0,1,t,5,2022-05-06,2026-05-31
VTBK,5,DEP,21,30,30,0,51,58.8,1,t,5,2022-05-10,2026-05-07
VTBK,5,DEP,03,21,21,0,51,41.2,2,f,5,2022-05-05,2025-05-28
VTBK,6,ALL,21,411,411,0,455,90.3,1,t,5,2022-06-01,2026-06-30
VTBK,6,ALL,03,44,44,0,455,9.7,2,f,5,2022-06-01,2026-06-10
VTBK,6,ARR,21,386,386,0,386,100.0,1,t,5,2022-06-01,2026-06-30
VTBK,6,DEP,03,44,44,0,69,63.8,1,t,5,2022-06-01,2026-06-10
VTBK,6,DEP,21,25,25,0,69,36.2,2,f,5,2022-06-06,2026-06-25
VTBK,7,ALL,21,189,189,0,207,91.3,1,t,5,2022-07-01,2026-07-31
VTBK,7,ALL,03,18,18,0,207,8.7,2,f,5,2022-07-01,2025-07-17
VTBK,7,ARR,21,181,181,0,181,100.0,1,t,5,2022-07-01,2026-07-31
VTBK,7,DEP,03,18,18,0,26,69.2,1,t,4,2022-07-01,2025-07-17
VTBK,7,DEP,21,8,8,0,26,30.8,2,f,4,2022-07-20,2025-07-21
VTBK,8,ALL,21,221,221,0,251,88.0,1,t,5,2022-08-03,2026-08-04
VTBK,8,ALL,03,30,30,0,251,12.0,2,f,5,2022-08-07,2025-08-26
VTBK,8,ARR,21,206,206,0,206,100.0,1,t,5,2022-08-03,2026-08-04
VTBK,8,DEP,03,30,30,0,45,66.7,1,t,4,2022-08-07,2025-08-26
VTBK,8,DEP,21,15,15,0,45,33.3,2,f,4,2022-08-19,2025-08-27
VTBK,9,ALL,21,227,227,0,262,86.6,1,t,4,2022-09-01,2025-09-30
VTBK,9,ALL,03,35,35,0,262,13.4,2,f,4,2022-09-10,2025-09-24
VTBK,9,ARR,21,208,208,0,208,100.0,1,t,4,2022-09-01,2025-09-30
VTBK,9,DEP,03,35,35,0,54,64.8,1,t,4,2022-09-10,2025-09-24
VTBK,9,DEP,21,19,19,0,54,35.2,2,f,4,2022-09-16,2025-09-30
VTBK,10,ALL,21,121,121,0,197,61.4,1,t,4,2022-10-04,2025-10-31
VTBK,10,ALL,03,76,76,0,197,38.6,2,f,4,2022-10-05,2025-10-31
VTBK,10,ARR,21,116,116,0,116,100.0,1,t,4,2022-10-04,2025-10-31
VTBK,10,DEP,03,76,76,0,81,93.8,1,t,4,2022-10-05,2025-10-31
VTBK,10,DEP,21,5,5,0,81,6.2,2,f,4,2024-10-25,2025-10-09
VTBK,11,ALL,03,75,75,0,146,51.4,1,t,4,2022-11-07,2025-11-30
VTBK,11,ALL,21,71,71,0,146,48.6,2,f,4,2022-11-01,2025-11-30
VTBK,11,ARR,21,61,61,0,61,100.0,1,t,4,2022-11-01,2025-11-30
VTBK,11,DEP,03,75,75,0,85,88.2,1,t,4,2022-11-07,2025-11-30
VTBK,11,DEP,21,10,10,0,85,11.8,2,f,4,2022-11-09,2025-11-13
VTBK,12,ALL,21,18,18,0,34,52.9,1,t,4,2022-12-02,2025-12-20
VTBK,12,ALL,03,16,16,0,34,47.1,2,f,4,2022-12-16,2024-12-24
VTBK,12,ARR,21,13,13,0,13,100.0,1,t,4,2022-12-21,2025-12-05
VTBK,12,DEP,03,16,16,0,21,76.2,1,t,4,2022-12-16,2024-12-24
VTBK,12,DEP,21,5,5,0,21,23.8,2,f,4,2022-12-02,2025-12-20
VTBL,1,ALL,16,8,8,0,19,42.1,1,t,4,2023-01-23,2026-01-29
VTBL,1,ALL,05,7,7,0,19,36.8,2,f,4,2023-01-22,2026-01-13
VTBL,1,ALL,23,3,3,0,19,15.8,3,f,4,2023-01-25,2024-01-19
VTBL,1,ALL,34,1,1,0,19,5.3,4,f,4,2025-01-09,2025-01-09
VTBL,1,DEP,16,8,8,0,19,42.1,1,t,4,2023-01-23,2026-01-29
VTBL,1,DEP,05,7,7,0,19,36.8,2,f,4,2023-01-22,2026-01-13
VTBL,1,DEP,23,3,3,0,19,15.8,3,f,4,2023-01-25,2024-01-19
VTBL,1,DEP,34,1,1,0,19,5.3,4,f,4,2025-01-09,2025-01-09
VTBL,2,ALL,05,8,8,0,17,47.1,1,t,4,2023-02-08,2026-02-11
VTBL,2,ALL,23,4,4,0,17,23.5,2,f,4,2024-02-06,2025-02-27
VTBL,2,ALL,16,3,3,0,17,17.6,3,f,4,2023-02-01,2026-02-14
VTBL,2,ALL,34,2,2,0,17,11.8,4,f,4,2023-02-02,2026-02-02
VTBL,2,DEP,05,8,8,0,17,47.1,1,t,4,2023-02-08,2026-02-11
VTBL,2,DEP,23,4,4,0,17,23.5,2,f,4,2024-02-06,2025-02-27
VTBL,2,DEP,16,3,3,0,17,17.6,3,f,4,2023-02-01,2026-02-14
VTBL,2,DEP,34,2,2,0,17,11.8,4,f,4,2023-02-02,2026-02-02
VTBL,3,ALL,16,5,5,0,11,45.5,1,t,3,2023-03-02,2025-03-28
VTBL,3,ALL,05,3,3,0,11,27.3,2,f,3,2024-03-21,2025-03-27
VTBL,3,ALL,34,2,2,0,11,18.2,3,f,3,2024-03-27,2025-03-11
VTBL,3,ALL,23,1,1,0,11,9.1,4,f,3,2023-03-14,2023-03-14
VTBL,3,DEP,16,5,5,0,11,45.5,1,t,3,2023-03-02,2025-03-28
VTBL,3,DEP,05,3,3,0,11,27.3,2,f,3,2024-03-21,2025-03-27
VTBL,3,DEP,34,2,2,0,11,18.2,3,f,3,2024-03-27,2025-03-11
VTBL,3,DEP,23,1,1,0,11,9.1,4,f,3,2023-03-14,2023-03-14
VTBL,4,ALL,05,3,3,0,4,75.0,1,t,3,2023-04-20,2024-04-29
VTBL,4,ALL,34,1,1,0,4,25.0,2,f,3,2025-04-12,2025-04-12
VTBL,4,DEP,05,3,3,0,4,75.0,1,t,3,2023-04-20,2024-04-29
VTBL,4,DEP,34,1,1,0,4,25.0,2,f,3,2025-04-12,2025-04-12
VTBL,5,ALL,16,6,6,0,13,46.2,1,t,5,2022-05-18,2026-05-30
VTBL,5,ALL,05,3,3,0,13,23.1,2,f,5,2023-05-26,2025-05-27
VTBL,5,ALL,23,2,2,0,13,15.4,3,f,5,2023-05-27,2023-05-28
VTBL,5,ALL,34,2,2,0,13,15.4,4,f,5,2024-05-07,2025-05-29
VTBL,5,DEP,16,6,6,0,13,46.2,1,t,5,2022-05-18,2026-05-30
VTBL,5,DEP,05,3,3,0,13,23.1,2,f,5,2023-05-26,2025-05-27
VTBL,5,DEP,23,2,2,0,13,15.4,3,f,5,2023-05-27,2023-05-28
VTBL,5,DEP,34,2,2,0,13,15.4,4,f,5,2024-05-07,2025-05-29
VTBL,6,ALL,16,11,11,0,18,61.1,1,t,5,2023-06-04,2026-06-21
VTBL,6,ALL,05,4,4,0,18,22.2,2,f,5,2023-06-04,2025-06-20
VTBL,6,ALL,34,2,2,0,18,11.1,3,f,5,2022-06-15,2024-06-25
VTBL,6,ALL,23,1,1,0,18,5.6,4,f,5,2023-06-20,2023-06-20
VTBL,6,DEP,16,11,11,0,18,61.1,1,t,5,2023-06-04,2026-06-21
VTBL,6,DEP,05,4,4,0,18,22.2,2,f,5,2023-06-04,2025-06-20
VTBL,6,DEP,34,2,2,0,18,11.1,3,f,5,2022-06-15,2024-06-25
VTBL,6,DEP,23,1,1,0,18,5.6,4,f,5,2023-06-20,2023-06-20
VTBL,7,ALL,23,7,7,0,18,38.9,1,t,4,2022-07-11,2025-07-22
VTBL,7,ALL,16,5,5,0,18,27.8,2,f,4,2022-07-15,2026-07-16
VTBL,7,ALL,05,4,4,0,18,22.2,3,f,4,2022-07-18,2024-07-30
VTBL,7,ALL,34,2,2,0,18,11.1,4,f,4,2024-07-16,2024-07-17
VTBL,7,DEP,23,7,7,0,18,38.9,1,t,4,2022-07-11,2025-07-22
VTBL,7,DEP,16,5,5,0,18,27.8,2,f,4,2022-07-15,2026-07-16
VTBL,7,DEP,05,4,4,0,18,22.2,3,f,4,2022-07-18,2024-07-30
VTBL,7,DEP,34,2,2,0,18,11.1,4,f,4,2024-07-16,2024-07-17
VTBL,8,ALL,16,4,4,0,11,36.4,1,t,3,2024-08-18,2024-08-25
VTBL,8,ALL,05,3,3,0,11,27.3,2,f,3,2024-08-14,2024-08-21
VTBL,8,ALL,23,2,2,0,11,18.2,3,f,3,2022-08-24,2025-08-14
VTBL,8,ALL,34,2,2,0,11,18.2,4,f,3,2024-08-14,2025-08-07
VTBL,8,DEP,16,4,4,0,11,36.4,1,t,3,2024-08-18,2024-08-25
VTBL,8,DEP,05,3,3,0,11,27.3,2,f,3,2024-08-14,2024-08-21
VTBL,8,DEP,23,2,2,0,11,18.2,3,f,3,2022-08-24,2025-08-14
VTBL,8,DEP,34,2,2,0,11,18.2,4,f,3,2024-08-14,2025-08-07
VTBL,9,ALL,16,3,3,0,3,100.0,1,t,3,2023-09-05,2025-09-30
VTBL,9,DEP,16,3,3,0,3,100.0,1,t,3,2023-09-05,2025-09-30
VTBL,10,ALL,16,3,3,0,8,37.5,1,t,3,2022-10-09,2025-10-14
VTBL,10,ALL,05,2,2,0,8,25.0,2,f,3,2022-10-18,2023-10-28
VTBL,10,ALL,23,2,2,0,8,25.0,3,f,3,2022-10-31,2025-10-07
VTBL,10,ALL,34,1,1,0,8,12.5,4,f,3,2022-10-08,2022-10-08
VTBL,10,DEP,16,3,3,0,8,37.5,1,t,3,2022-10-09,2025-10-14
VTBL,10,DEP,05,2,2,0,8,25.0,2,f,3,2022-10-18,2023-10-28
VTBL,10,DEP,23,2,2,0,8,25.0,3,f,3,2022-10-31,2025-10-07
VTBL,10,DEP,34,1,1,0,8,12.5,4,f,3,2022-10-08,2022-10-08
VTBL,11,ALL,05,5,5,0,8,62.5,1,t,4,2022-11-03,2025-11-30
VTBL,11,ALL,34,2,2,0,8,25.0,2,f,4,2024-11-22,2025-11-03
VTBL,11,ALL,16,1,1,0,8,12.5,3,f,4,2022-11-22,2022-11-22
VTBL,11,DEP,05,5,5,0,8,62.5,1,t,4,2022-11-03,2025-11-30
VTBL,11,DEP,34,2,2,0,8,25.0,2,f,4,2024-11-22,2025-11-03
VTBL,11,DEP,16,1,1,0,8,12.5,3,f,4,2022-11-22,2022-11-22
VTBL,12,ALL,05,4,4,0,11,36.4,1,t,3,2022-12-13,2024-12-07
VTBL,12,ALL,16,3,3,0,11,27.3,2,f,3,2022-12-19,2023-12-12
VTBL,12,ALL,23,2,2,0,11,18.2,3,f,3,2022-12-28,2023-12-08
VTBL,12,ALL,34,2,2,0,11,18.2,4,f,3,2022-12-07,2022-12-13
VTBL,12,DEP,05,4,4,0,11,36.4,1,t,3,2022-12-13,2024-12-07
VTBL,12,DEP,16,3,3,0,11,27.3,2,f,3,2022-12-19,2023-12-12
VTBL,12,DEP,23,2,2,0,11,18.2,3,f,3,2022-12-28,2023-12-08
VTBL,12,DEP,34,2,2,0,11,18.2,4,f,3,2022-12-07,2022-12-13
VTBO,1,ALL,23,1,1,0,1,100.0,1,t,1,2026-01-22,2026-01-22
VTBO,1,ARR,23,1,1,0,1,100.0,1,t,1,2026-01-22,2026-01-22
VTBO,2,ALL,23,13,13,0,13,100.0,1,t,4,2023-02-02,2026-02-06
VTBO,2,ARR,23,6,6,0,6,100.0,1,t,2,2023-02-02,2025-02-15
VTBO,2,DEP,23,7,7,0,7,100.0,1,t,4,2023-02-18,2026-02-06
VTBO,3,ALL,23,11,11,0,11,100.0,1,t,4,2023-03-23,2026-03-30
VTBO,3,ARR,23,9,9,0,9,100.0,1,t,4,2023-03-23,2026-03-05
VTBO,3,DEP,23,2,2,0,2,100.0,1,t,2,2025-03-25,2026-03-30
VTBO,4,ALL,23,20,20,0,20,100.0,1,t,4,2023-04-02,2026-04-26
VTBO,4,ARR,23,14,14,0,14,100.0,1,t,4,2023-04-11,2026-04-26
VTBO,4,DEP,23,6,6,0,6,100.0,1,t,3,2023-04-02,2026-04-07
VTBO,5,ALL,23,3,3,0,3,100.0,1,t,1,2023-05-06,2023-05-07
VTBO,5,ARR,23,1,1,0,1,100.0,1,t,1,2023-05-06,2023-05-06
VTBO,5,DEP,23,2,2,0,2,100.0,1,t,1,2023-05-06,2023-05-07
VTBO,6,ALL,23,2,2,0,2,100.0,1,t,2,2025-06-18,2026-06-21
VTBO,6,ARR,23,2,2,0,2,100.0,1,t,2,2025-06-18,2026-06-21
VTBO,11,ALL,23,3,3,0,3,100.0,1,t,2,2022-11-08,2025-11-30
VTBO,11,ARR,23,3,3,0,3,100.0,1,t,2,2022-11-08,2025-11-30
VTBO,12,ALL,23,1,1,0,1,100.0,1,t,1,2025-12-03,2025-12-03
VTBO,12,ARR,23,1,1,0,1,100.0,1,t,1,2025-12-03,2025-12-03
VTBP,1,ALL,26,2,2,0,2,100.0,1,t,2,2024-01-03,2025-01-23
VTBP,1,DEP,26,2,2,0,2,100.0,1,t,2,2024-01-03,2025-01-23
VTBP,2,ALL,08,2,2,0,2,100.0,1,t,2,2024-02-05,2025-02-13
VTBP,2,DEP,08,2,2,0,2,100.0,1,t,2,2024-02-05,2025-02-13
VTBP,3,ALL,26,6,6,0,13,46.2,1,t,4,2023-03-21,2026-03-04
VTBP,3,ALL,08,5,5,0,13,38.5,2,f,4,2023-03-23,2025-03-27
VTBP,3,ALL,18,1,1,0,13,7.7,3,f,4,2024-03-07,2024-03-07
VTBP,3,ALL,36,1,1,0,13,7.7,4,f,4,2025-03-19,2025-03-19
VTBP,3,DEP,26,6,6,0,13,46.2,1,t,4,2023-03-21,2026-03-04
VTBP,3,DEP,08,5,5,0,13,38.5,2,f,4,2023-03-23,2025-03-27
VTBP,3,DEP,18,1,1,0,13,7.7,3,f,4,2024-03-07,2024-03-07
VTBP,3,DEP,36,1,1,0,13,7.7,4,f,4,2025-03-19,2025-03-19
VTBP,4,ALL,26,7,7,0,13,53.8,1,t,3,2023-04-19,2026-04-04
VTBP,4,ALL,08,5,5,0,13,38.5,2,f,3,2023-04-11,2026-04-22
VTBP,4,ALL,36,1,1,0,13,7.7,3,f,3,2024-04-19,2024-04-19
VTBP,4,DEP,26,7,7,0,13,53.8,1,t,3,2023-04-19,2026-04-04
VTBP,4,DEP,08,5,5,0,13,38.5,2,f,3,2023-04-11,2026-04-22
VTBP,4,DEP,36,1,1,0,13,7.7,3,f,3,2024-04-19,2024-04-19
VTBP,5,ALL,08,12,12,0,16,75.0,1,t,1,2024-05-01,2024-05-16
VTBP,5,ALL,18,3,3,0,16,18.8,2,f,1,2024-05-01,2024-05-16
VTBP,5,ALL,36,1,1,0,16,6.3,3,f,1,2024-05-15,2024-05-15
VTBP,5,DEP,08,12,12,0,16,75.0,1,t,1,2024-05-01,2024-05-16
VTBP,5,DEP,18,3,3,0,16,18.8,2,f,1,2024-05-01,2024-05-16
VTBP,5,DEP,36,1,1,0,16,6.3,3,f,1,2024-05-15,2024-05-15
VTBP,8,ALL,08,1,1,0,1,100.0,1,t,1,2023-08-17,2023-08-17
VTBP,8,DEP,08,1,1,0,1,100.0,1,t,1,2023-08-17,2023-08-17
VTBP,9,ALL,08,1,1,0,1,100.0,1,t,1,2022-09-14,2022-09-14
VTBP,9,DEP,08,1,1,0,1,100.0,1,t,1,2022-09-14,2022-09-14
VTBP,12,ALL,08,2,2,0,2,100.0,1,t,1,2022-12-27,2022-12-27
VTBP,12,DEP,08,2,2,0,2,100.0,1,t,1,2022-12-27,2022-12-27
VTBS,1,ALL,02R,23301,23301,0,68316,34.1,1,t,2,2025-01-01,2026-01-29
VTBS,1,ALL,01,22843,22843,0,68316,33.4,2,f,2,2025-01-01,2026-01-31
VTBS,1,ALL,19,7614,7614,0,68316,11.1,3,f,2,2025-01-09,2026-01-31
VTBS,1,ALL,20L,7558,7558,0,68316,11.1,4,f,2,2025-01-09,2026-01-31
VTBS,1,ALL,02L,5297,5297,0,68316,7.8,5,f,2,2025-01-01,2026-01-31
VTBS,1,ALL,20R,1703,1703,0,68316,2.5,6,f,2,2025-01-09,2026-01-31
VTBS,1,ARR,01,19338,19338,0,34145,56.6,1,t,2,2025-01-01,2026-01-31
VTBS,1,ARR,19,5947,5947,0,34145,17.4,2,f,2,2025-01-09,2026-01-31
VTBS,1,ARR,02L,5274,5274,0,34145,15.4,3,f,2,2025-01-01,2026-01-31
VTBS,1,ARR,20R,1702,1702,0,34145,5.0,4,f,2,2025-01-09,2026-01-31
VTBS,1,ARR,02R,1117,1117,0,34145,3.3,5,f,2,2025-01-01,2026-01-28
VTBS,1,ARR,20L,767,767,0,34145,2.2,6,f,2,2025-01-09,2026-01-31
VTBS,1,DEP,02R,22184,22184,0,34171,64.9,1,t,2,2025-01-01,2026-01-29
VTBS,1,DEP,20L,6791,6791,0,34171,19.9,2,f,2,2025-01-09,2026-01-31
VTBS,1,DEP,01,3505,3505,0,34171,10.3,3,f,2,2025-01-01,2026-01-29
VTBS,1,DEP,19,1667,1667,0,34171,4.9,4,f,2,2025-01-09,2026-01-31
VTBS,1,DEP,02L,23,23,0,34171,0.1,5,f,2,2026-01-01,2026-01-07
VTBS,1,DEP,20R,1,1,0,34171,0.0,6,f,2,2026-01-18,2026-01-18
VTBS,2,ALL,20L,19256,19256,0,62029,31.0,1,t,2,2025-02-01,2026-02-28
VTBS,2,ALL,19,18853,18853,0,62029,30.4,2,f,2,2025-02-01,2026-02-28
VTBS,2,ALL,02R,8389,8389,0,62029,13.5,3,f,2,2025-02-01,2026-02-20
VTBS,2,ALL,01,8355,8355,0,62029,13.5,4,f,2,2025-02-01,2026-02-20
VTBS,2,ALL,20R,4557,4557,0,62029,7.3,5,f,2,2025-02-01,2026-02-28
VTBS,2,ALL,02L,2619,2619,0,62029,4.2,6,f,2,2025-02-01,2026-02-20
VTBS,2,ARR,19,15433,15433,0,31012,49.8,1,t,2,2025-02-01,2026-02-28
VTBS,2,ARR,01,6566,6566,0,31012,21.2,2,f,2,2025-02-01,2026-02-20
VTBS,2,ARR,20R,4552,4552,0,31012,14.7,3,f,2,2025-02-01,2026-02-28
VTBS,2,ARR,02L,2607,2607,0,31012,8.4,4,f,2,2025-02-01,2026-02-20
VTBS,2,ARR,20L,1346,1346,0,31012,4.3,5,f,2,2025-02-01,2026-02-28
VTBS,2,ARR,02R,508,508,0,31012,1.6,6,f,2,2025-02-07,2026-02-20
VTBS,2,DEP,20L,17910,17910,0,31017,57.7,1,t,2,2025-02-01,2026-02-28
VTBS,2,DEP,02R,7881,7881,0,31017,25.4,2,f,2,2025-02-01,2026-02-20
VTBS,2,DEP,19,3420,3420,0,31017,11.0,3,f,2,2025-02-01,2026-02-28
VTBS,2,DEP,01,1789,1789,0,31017,5.8,4,f,2,2025-02-01,2026-02-20
VTBS,2,DEP,02L,12,12,0,31017,0.0,5,f,2,2025-02-01,2026-02-18
VTBS,2,DEP,20R,5,5,0,31017,0.0,6,f,2,2026-02-17,2026-02-25
VTBS,3,ALL,19,24286,24286,0,65744,36.9,1,t,2,2025-03-01,2026-03-31
VTBS,3,ALL,20L,23492,23492,0,65744,35.7,2,f,2,2025-03-01,2026-03-31
VTBS,3,ALL,20R,7485,7485,0,65744,11.4,3,f,2,2025-03-01,2026-03-31
VTBS,3,ALL,01,4433,4433,0,65744,6.7,4,f,2,2025-03-06,2026-03-16
VTBS,3,ALL,02R,4294,4294,0,65744,6.5,5,f,2,2025-03-07,2026-03-16
VTBS,3,ALL,02L,1754,1754,0,65744,2.7,6,f,2,2025-03-07,2026-03-16
VTBS,3,ARR,19,18454,18454,0,32846,56.2,1,t,2,2025-03-01,2026-03-31
VTBS,3,ARR,20R,7447,7447,0,32846,22.7,2,f,2,2025-03-01,2026-03-31
VTBS,3,ARR,01,3396,3396,0,32846,10.3,3,f,2,2025-03-06,2026-03-16
VTBS,3,ARR,02L,1744,1744,0,32846,5.3,4,f,2,2025-03-07,2026-03-16
VTBS,3,ARR,20L,1633,1633,0,32846,5.0,5,f,2,2025-03-01,2026-03-31
VTBS,3,ARR,02R,172,172,0,32846,0.5,6,f,2,2025-03-08,2026-03-15
VTBS,3,DEP,20L,21859,21859,0,32898,66.4,1,t,2,2025-03-01,2026-03-31
VTBS,3,DEP,19,5832,5832,0,32898,17.7,2,f,2,2025-03-01,2026-03-31
VTBS,3,DEP,02R,4122,4122,0,32898,12.5,3,f,2,2025-03-07,2026-03-16
VTBS,3,DEP,01,1037,1037,0,32898,3.2,4,f,2,2025-03-07,2026-03-16
VTBS,3,DEP,20R,38,38,0,32898,0.1,5,f,2,2025-03-05,2026-03-26
VTBS,3,DEP,02L,10,10,0,32898,0.0,6,f,2,2025-03-08,2026-03-15
VTBS,4,ALL,19,38606,38606,0,76526,50.4,1,t,3,2024-04-01,2026-04-30
VTBS,4,ALL,20L,28041,28041,0,76526,36.6,2,f,3,2024-04-01,2026-04-30
VTBS,4,ALL,20R,7640,7640,0,76526,10.0,3,f,3,2024-04-09,2026-04-30
VTBS,4,ALL,02R,1038,1038,0,76526,1.4,4,f,3,2024-04-03,2026-04-30
VTBS,4,ALL,01,987,987,0,76526,1.3,5,f,3,2024-04-28,2026-04-30
VTBS,4,ALL,02L,214,214,0,76526,0.3,6,f,3,2025-04-10,2026-04-26
VTBS,4,ARR,19,33210,33210,0,45415,73.1,1,t,3,2024-04-01,2026-04-30
VTBS,4,ARR,20R,7560,7560,0,45415,16.6,2,f,3,2024-04-09,2026-04-30
VTBS,4,ARR,20L,3476,3476,0,45415,7.7,3,f,3,2024-04-01,2026-04-30
VTBS,4,ARR,01,724,724,0,45415,1.6,4,f,3,2024-04-28,2026-04-30
VTBS,4,ARR,02R,237,237,0,45415,0.5,5,f,3,2024-04-03,2026-04-30
VTBS,4,ARR,02L,208,208,0,45415,0.5,6,f,3,2025-04-10,2026-04-26
VTBS,4,DEP,20L,24565,24565,0,31111,79.0,1,t,2,2025-04-01,2026-04-30
VTBS,4,DEP,19,5396,5396,0,31111,17.3,2,f,2,2025-04-01,2026-04-30
VTBS,4,DEP,02R,801,801,0,31111,2.6,3,f,2,2025-04-08,2026-04-30
VTBS,4,DEP,01,263,263,0,31111,0.8,4,f,2,2025-04-09,2026-04-30
VTBS,4,DEP,20R,80,80,0,31111,0.3,5,f,2,2025-04-13,2026-04-29
VTBS,4,DEP,02L,6,6,0,31111,0.0,6,f,2,2025-04-16,2025-04-28
VTBS,5,ALL,19,35250,35250,0,73149,48.2,1,t,3,2024-05-01,2026-05-31
VTBS,5,ALL,20L,25896,25896,0,73149,35.4,2,f,3,2024-05-01,2026-05-31
VTBS,5,ALL,20R,5724,5724,0,73149,7.8,3,f,3,2024-05-13,2026-05-31
VTBS,5,ALL,02R,3260,3260,0,73149,4.5,4,f,3,2024-05-12,2026-05-31
VTBS,5,ALL,01,2520,2520,0,73149,3.4,5,f,3,2024-05-13,2026-05-31
VTBS,5,ALL,02L,499,499,0,73149,0.7,6,f,3,2025-05-01,2026-05-31
VTBS,5,ARR,19,30949,30949,0,43798,70.7,1,t,3,2024-05-01,2026-05-31
VTBS,5,ARR,20R,5661,5661,0,43798,12.9,2,f,3,2024-05-13,2026-05-31
VTBS,5,ARR,20L,3700,3700,0,43798,8.4,3,f,3,2024-05-01,2026-05-31
VTBS,5,ARR,01,2034,2034,0,43798,4.6,4,f,3,2024-05-13,2026-05-31
VTBS,5,ARR,02R,962,962,0,43798,2.2,5,f,3,2024-05-12,2026-05-18
VTBS,5,ARR,02L,492,492,0,43798,1.1,6,f,3,2025-05-01,2026-05-31
VTBS,5,DEP,20L,22196,22196,0,29351,75.6,1,t,2,2025-05-01,2026-05-31
VTBS,5,DEP,19,4301,4301,0,29351,14.7,2,f,2,2025-05-01,2026-05-31
VTBS,5,DEP,02R,2298,2298,0,29351,7.8,3,f,2,2025-05-01,2026-05-31
VTBS,5,DEP,01,486,486,0,29351,1.7,4,f,2,2025-05-01,2026-05-31
VTBS,5,DEP,20R,63,63,0,29351,0.2,5,f,2,2025-05-08,2026-05-31
VTBS,5,DEP,02L,7,7,0,29351,0.0,6,f,2,2025-05-11,2025-05-28
VTBS,6,ALL,20L,24879,24879,0,57036,43.6,1,t,2,2025-06-01,2026-06-30
VTBS,6,ALL,19,23955,23955,0,57036,42.0,2,f,2,2025-06-01,2026-06-30
VTBS,6,ALL,20R,6666,6666,0,57036,11.7,3,f,2,2025-06-01,2026-06-30
VTBS,6,ALL,02R,756,756,0,57036,1.3,4,f,2,2025-06-04,2026-06-28
VTBS,6,ALL,01,667,667,0,57036,1.2,5,f,2,2025-06-03,2026-06-28
VTBS,6,ALL,02L,113,113,0,57036,0.2,6,f,2,2025-06-03,2026-06-28
VTBS,6,ARR,19,18791,18791,0,28513,65.9,1,t,2,2025-06-01,2026-06-30
VTBS,6,ARR,20R,6423,6423,0,28513,22.5,2,f,2,2025-06-01,2026-06-30
VTBS,6,ARR,20L,2519,2519,0,28513,8.8,3,f,2,2025-06-01,2026-06-30
VTBS,6,ARR,01,630,630,0,28513,2.2,4,f,2,2025-06-03,2026-06-28
VTBS,6,ARR,02L,113,113,0,28513,0.4,5,f,2,2025-06-03,2026-06-28
VTBS,6,ARR,02R,37,37,0,28513,0.1,6,f,2,2025-06-08,2026-06-26
VTBS,6,DEP,20L,22360,22360,0,28523,78.4,1,t,2,2025-06-01,2026-06-30
VTBS,6,DEP,19,5164,5164,0,28523,18.1,2,f,2,2025-06-01,2026-06-30
VTBS,6,DEP,02R,719,719,0,28523,2.5,3,f,2,2025-06-04,2026-06-28
VTBS,6,DEP,20R,243,243,0,28523,0.9,4,f,2,2025-06-02,2026-06-29
VTBS,6,DEP,01,37,37,0,28523,0.1,5,f,2,2025-06-04,2026-06-28
VTBS,7,ALL,20L,26839,26839,0,61906,43.4,1,t,2,2025-07-01,2026-07-31
VTBS,7,ALL,19,26673,26673,0,61906,43.1,2,f,2,2025-07-01,2026-07-31
VTBS,7,ALL,20R,7460,7460,0,61906,12.1,3,f,2,2025-07-01,2026-07-31
VTBS,7,ALL,01,454,454,0,61906,0.7,4,f,2,2025-07-02,2026-07-29
VTBS,7,ALL,02R,424,424,0,61906,0.7,5,f,2,2025-07-13,2026-07-29
VTBS,7,ALL,02L,56,56,0,61906,0.1,6,f,2,2025-07-13,2026-07-27
VTBS,7,ARR,19,20976,20976,0,30944,67.8,1,t,2,2025-07-01,2026-07-31
VTBS,7,ARR,20R,7282,7282,0,30944,23.5,2,f,2,2025-07-01,2026-07-31
VTBS,7,ARR,20L,2181,2181,0,30944,7.0,3,f,2,2025-07-01,2026-07-31
VTBS,7,ARR,01,427,427,0,30944,1.4,4,f,2,2025-07-13,2026-07-29
VTBS,7,ARR,02L,54,54,0,30944,0.2,5,f,2,2025-07-13,2026-07-27
VTBS,7,ARR,02R,24,24,0,30944,0.1,6,f,2,2025-07-19,2026-07-22
VTBS,7,DEP,20L,24658,24658,0,30962,79.6,1,t,2,2025-07-01,2026-07-31
VTBS,7,DEP,19,5697,5697,0,30962,18.4,2,f,2,2025-07-01,2026-07-31
VTBS,7,DEP,02R,400,400,0,30962,1.3,3,f,2,2025-07-13,2026-07-29
VTBS,7,DEP,20R,178,178,0,30962,0.6,4,f,2,2025-07-17,2026-07-31
VTBS,7,DEP,01,27,27,0,30962,0.1,5,f,2,2025-07-02,2026-07-27
VTBS,7,DEP,02L,2,2,0,30962,0.0,6,f,2,2026-07-16,2026-07-16
VTBS,8,ALL,19,14980,14980,0,34705,43.2,1,t,2,2025-08-01,2026-08-04
VTBS,8,ALL,20L,14501,14501,0,34705,41.8,2,f,2,2025-08-01,2026-08-04
VTBS,8,ALL,20R,4673,4673,0,34705,13.5,3,f,2,2025-08-01,2026-08-04
VTBS,8,ALL,02R,257,257,0,34705,0.7,4,f,2,2025-08-06,2025-08-30
VTBS,8,ALL,01,223,223,0,34705,0.6,5,f,2,2025-08-05,2025-08-30
VTBS,8,ALL,02L,71,71,0,34705,0.2,6,f,2,2025-08-11,2025-08-30
VTBS,8,ARR,19,11182,11182,0,17349,64.5,1,t,2,2025-08-01,2026-08-04
VTBS,8,ARR,20R,4599,4599,0,17349,26.5,2,f,2,2025-08-01,2026-08-04
VTBS,8,ARR,20L,1298,1298,0,17349,7.5,3,f,2,2025-08-01,2026-08-04
VTBS,8,ARR,01,194,194,0,17349,1.1,4,f,2,2025-08-05,2025-08-30
VTBS,8,ARR,02L,63,63,0,17349,0.4,5,f,2,2025-08-11,2025-08-30
VTBS,8,ARR,02R,13,13,0,17349,0.1,6,f,2,2025-08-11,2025-08-11
VTBS,8,DEP,20L,13203,13203,0,17356,76.1,1,t,2,2025-08-01,2026-08-04
VTBS,8,DEP,19,3798,3798,0,17356,21.9,2,f,2,2025-08-01,2026-08-04
VTBS,8,DEP,02R,244,244,0,17356,1.4,3,f,2,2025-08-06,2025-08-30
VTBS,8,DEP,20R,74,74,0,17356,0.4,4,f,2,2025-08-12,2026-08-02
VTBS,8,DEP,01,29,29,0,17356,0.2,5,f,2,2025-08-05,2025-08-30
VTBS,8,DEP,02L,8,8,0,17356,0.0,6,f,2,2025-08-11,2025-08-29
VTBS,9,ALL,19,12183,12183,0,27968,43.6,1,t,1,2025-09-01,2025-09-30
VTBS,9,ALL,20L,11750,11750,0,27968,42.0,2,f,1,2025-09-01,2025-09-30
VTBS,9,ALL,20R,2586,2586,0,27968,9.2,3,f,1,2025-09-01,2025-09-30
VTBS,9,ALL,01,747,747,0,27968,2.7,4,f,1,2025-09-02,2025-09-28
VTBS,9,ALL,02R,579,579,0,27968,2.1,5,f,1,2025-09-02,2025-09-28
VTBS,9,ALL,02L,123,123,0,27968,0.4,6,f,1,2025-09-05,2025-09-28
VTBS,9,ARR,19,7081,7081,0,13974,50.7,1,t,1,2025-09-01,2025-09-30
VTBS,9,ARR,20L,3580,3580,0,13974,25.6,2,f,1,2025-09-01,2025-09-30
VTBS,9,ARR,20R,2575,2575,0,13974,18.4,3,f,1,2025-09-01,2025-09-30
VTBS,9,ARR,01,580,580,0,13974,4.2,4,f,1,2025-09-02,2025-09-28
VTBS,9,ARR,02L,115,115,0,13974,0.8,5,f,1,2025-09-05,2025-09-28
VTBS,9,ARR,02R,43,43,0,13974,0.3,6,f,1,2025-09-02,2025-09-12
VTBS,9,DEP,20L,8170,8170,0,13994,58.4,1,t,1,2025-09-01,2025-09-30
VTBS,9,DEP,19,5102,5102,0,13994,36.5,2,f,1,2025-09-01,2025-09-30
VTBS,9,DEP,02R,536,536,0,13994,3.8,3,f,1,2025-09-04,2025-09-28
VTBS,9,DEP,01,167,167,0,13994,1.2,4,f,1,2025-09-02,2025-09-28
VTBS,9,DEP,20R,11,11,0,13994,0.1,5,f,1,2025-09-05,2025-09-26
VTBS,9,DEP,02L,8,8,0,13994,0.1,6,f,1,2025-09-07,2025-09-07
VTBS,10,ALL,01,14317,14317,0,53845,26.6,1,t,2,2024-10-05,2025-10-31
VTBS,10,ALL,02R,13890,13890,0,53845,25.8,2,f,2,2024-10-06,2025-10-31
VTBS,10,ALL,19,10138,10138,0,53845,18.8,3,f,2,2024-10-01,2025-10-31
VTBS,10,ALL,20L,8695,8695,0,53845,16.1,4,f,2,2024-10-01,2025-10-31
VTBS,10,ALL,02L,4409,4409,0,53845,8.2,5,f,2,2024-10-02,2025-10-31
VTBS,10,ALL,20R,2396,2396,0,53845,4.4,6,f,2,2024-10-03,2025-10-31
VTBS,10,ARR,01,10889,10889,0,27368,39.8,1,t,2,2024-10-05,2025-10-31
VTBS,10,ARR,19,7351,7351,0,27368,26.9,2,f,2,2024-10-01,2025-10-31
VTBS,10,ARR,02L,4386,4386,0,27368,16.0,3,f,2,2024-10-02,2025-10-31
VTBS,10,ARR,20R,2077,2077,0,27368,7.6,4,f,2,2024-10-03,2025-10-31
VTBS,10,ARR,20L,1596,1596,0,27368,5.8,5,f,2,2024-10-01,2025-10-31
VTBS,10,ARR,02R,1069,1069,0,27368,3.9,6,f,2,2024-10-07,2025-10-30
VTBS,10,DEP,02R,12821,12821,0,26477,48.4,1,t,2,2024-10-06,2025-10-31
VTBS,10,DEP,20L,7099,7099,0,26477,26.8,2,f,2,2024-10-03,2025-10-31
VTBS,10,DEP,01,3428,3428,0,26477,12.9,3,f,2,2024-10-06,2025-10-31
VTBS,10,DEP,19,2787,2787,0,26477,10.5,4,f,2,2024-10-02,2025-10-31
VTBS,10,DEP,20R,319,319,0,26477,1.2,5,f,2,2024-10-03,2025-10-17
VTBS,10,DEP,02L,23,23,0,26477,0.1,6,f,2,2024-10-30,2025-10-29
VTBS,11,ALL,01,23046,23046,0,60764,37.9,1,t,2,2024-11-01,2025-11-30
VTBS,11,ALL,02R,22806,22806,0,60764,37.5,2,f,2,2024-11-01,2025-11-30
VTBS,11,ALL,02L,8018,8018,0,60764,13.2,3,f,2,2024-11-01,2025-11-30
VTBS,11,ALL,20L,3106,3106,0,60764,5.1,4,f,2,2024-11-01,2025-11-13
VTBS,11,ALL,19,3080,3080,0,60764,5.1,5,f,2,2024-11-01,2025-11-13
VTBS,11,ALL,20R,708,708,0,60764,1.2,6,f,2,2024-11-01,2025-11-13
VTBS,11,ARR,01,16391,16391,0,30340,54.0,1,t,2,2024-11-01,2025-11-30
VTBS,11,ARR,02L,7961,7961,0,30340,26.2,2,f,2,2024-11-01,2025-11-30
VTBS,11,ARR,02R,2600,2600,0,30340,8.6,3,f,2,2024-11-01,2025-11-30
VTBS,11,ARR,19,2475,2475,0,30340,8.2,4,f,2,2024-11-01,2025-11-13
VTBS,11,ARR,20R,617,617,0,30340,2.0,5,f,2,2024-11-01,2025-11-13
VTBS,11,ARR,20L,296,296,0,30340,1.0,6,f,2,2024-11-01,2025-11-13
VTBS,11,DEP,02R,20206,20206,0,30424,66.4,1,t,2,2024-11-01,2025-11-30
VTBS,11,DEP,01,6655,6655,0,30424,21.9,2,f,2,2024-11-01,2025-11-30
VTBS,11,DEP,20L,2810,2810,0,30424,9.2,3,f,2,2024-11-01,2025-11-13
VTBS,11,DEP,19,605,605,0,30424,2.0,4,f,2,2024-11-01,2025-11-13
VTBS,11,DEP,20R,91,91,0,30424,0.3,5,f,2,2024-11-17,2025-11-11
VTBS,11,DEP,02L,57,57,0,30424,0.2,6,f,2,2024-11-18,2025-11-30
VTBS,12,ALL,01,28137,28137,0,66346,42.4,1,t,2,2024-12-01,2025-12-31
VTBS,12,ALL,02R,27759,27759,0,66346,41.8,2,f,2,2024-12-01,2025-12-31
VTBS,12,ALL,02L,10073,10073,0,66346,15.2,3,f,2,2024-12-01,2025-12-31
VTBS,12,ALL,20L,255,255,0,66346,0.4,4,f,2,2024-12-02,2025-12-11
VTBS,12,ALL,19,74,74,0,66346,0.1,5,f,2,2024-12-02,2025-12-11
VTBS,12,ALL,20R,48,48,0,66346,0.1,6,f,2,2024-12-02,2025-12-08
VTBS,12,ARR,01,21228,21228,0,33127,64.1,1,t,2,2024-12-01,2025-12-31
VTBS,12,ARR,02L,9966,9966,0,33127,30.1,2,f,2,2024-12-01,2025-12-31
VTBS,12,ARR,02R,1736,1736,0,33127,5.2,3,f,2,2024-12-01,2025-12-31
VTBS,12,ARR,20L,149,149,0,33127,0.4,4,f,2,2024-12-02,2025-12-10
VTBS,12,ARR,20R,48,48,0,33127,0.1,5,f,2,2024-12-02,2025-12-08
VTBS,12,DEP,02R,26023,26023,0,33219,78.3,1,t,2,2024-12-01,2025-12-31
VTBS,12,DEP,01,6909,6909,0,33219,20.8,2,f,2,2024-12-01,2025-12-31
VTBS,12,DEP,02L,107,107,0,33219,0.3,3,f,2,2024-12-05,2025-12-31
VTBS,12,DEP,20L,106,106,0,33219,0.3,4,f,2,2024-12-02,2025-12-11
VTBS,12,DEP,19,74,74,0,33219,0.2,5,f,2,2024-12-02,2025-12-11
VTBT,1,ALL,05,5,5,0,10,50.0,1,t,3,2023-01-11,2025-01-26
VTBT,1,ALL,23,5,5,0,10,50.0,2,f,3,2023-01-15,2026-01-31
VTBT,1,DEP,05,5,5,0,10,50.0,1,t,3,2023-01-11,2025-01-26
VTBT,1,DEP,23,5,5,0,10,50.0,2,f,3,2023-01-15,2026-01-31
VTBT,2,ALL,23,18,18,0,32,56.3,1,t,4,2023-02-09,2026-02-28
VTBT,2,ALL,05,14,14,0,32,43.8,2,f,4,2023-02-12,2026-02-28
VTBT,2,DEP,23,18,18,0,32,56.3,1,t,4,2023-02-09,2026-02-28
VTBT,2,DEP,05,14,14,0,32,43.8,2,f,4,2023-02-12,2026-02-28
VTBT,3,ALL,23,20,20,0,33,60.6,1,t,4,2023-03-05,2026-03-27
VTBT,3,ALL,05,13,13,0,33,39.4,2,f,4,2023-03-01,2026-03-08
VTBT,3,DEP,23,20,20,0,33,60.6,1,t,4,2023-03-05,2026-03-27
VTBT,3,DEP,05,13,13,0,33,39.4,2,f,4,2023-03-01,2026-03-08
VTBT,4,ALL,23,6,6,0,7,85.7,1,t,4,2023-04-06,2026-04-12
VTBT,4,ALL,05,1,1,0,7,14.3,2,f,4,2024-04-06,2024-04-06
VTBT,4,DEP,23,6,6,0,7,85.7,1,t,4,2023-04-06,2026-04-12
VTBT,4,DEP,05,1,1,0,7,14.3,2,f,4,2024-04-06,2024-04-06
VTBT,5,ALL,23,17,17,0,18,94.4,1,t,5,2022-05-11,2026-05-27
VTBT,5,ALL,05,1,1,0,18,5.6,2,f,5,2024-05-25,2024-05-25
VTBT,5,DEP,23,17,17,0,18,94.4,1,t,5,2022-05-11,2026-05-27
VTBT,5,DEP,05,1,1,0,18,5.6,2,f,5,2024-05-25,2024-05-25
VTBT,6,ALL,23,14,14,0,16,87.5,1,t,5,2022-06-05,2026-06-28
VTBT,6,ALL,05,2,2,0,16,12.5,2,f,5,2023-06-10,2025-06-08
VTBT,6,DEP,23,14,14,0,16,87.5,1,t,5,2022-06-05,2026-06-28
VTBT,6,DEP,05,2,2,0,16,12.5,2,f,5,2023-06-10,2025-06-08
VTBT,7,ALL,23,8,8,0,12,66.7,1,t,4,2022-07-01,2024-07-14
VTBT,7,ALL,05,4,4,0,12,33.3,2,f,4,2022-07-21,2025-07-05
VTBT,7,DEP,23,8,8,0,12,66.7,1,t,4,2022-07-01,2024-07-14
VTBT,7,DEP,05,4,4,0,12,33.3,2,f,4,2022-07-21,2025-07-05
VTBT,8,ALL,23,10,10,0,14,71.4,1,t,3,2022-08-04,2024-08-31
VTBT,8,ALL,05,4,4,0,14,28.6,2,f,3,2022-08-18,2024-08-02
VTBT,8,DEP,23,10,10,0,14,71.4,1,t,3,2022-08-04,2024-08-31
VTBT,8,DEP,05,4,4,0,14,28.6,2,f,3,2022-08-18,2024-08-02
VTBT,9,ALL,23,6,6,0,9,66.7,1,t,4,2022-09-10,2025-09-21
VTBT,9,ALL,05,3,3,0,9,33.3,2,f,4,2022-09-10,2024-09-07
VTBT,9,DEP,23,6,6,0,9,66.7,1,t,4,2022-09-10,2025-09-21
VTBT,9,DEP,05,3,3,0,9,33.3,2,f,4,2022-09-10,2024-09-07
VTBT,10,ALL,23,8,8,0,11,72.7,1,t,3,2022-10-01,2025-10-04
VTBT,10,ALL,05,3,3,0,11,27.3,2,f,3,2022-10-22,2023-10-14
VTBT,10,DEP,23,8,8,0,11,72.7,1,t,3,2022-10-01,2025-10-04
VTBT,10,DEP,05,3,3,0,11,27.3,2,f,3,2022-10-22,2023-10-14
VTBT,11,ALL,23,12,12,0,16,75.0,1,t,4,2022-11-05,2025-11-21
VTBT,11,ALL,05,4,4,0,16,25.0,2,f,4,2022-11-12,2025-11-02
VTBT,11,DEP,23,12,12,0,16,75.0,1,t,4,2022-11-05,2025-11-21
VTBT,11,DEP,05,4,4,0,16,25.0,2,f,4,2022-11-12,2025-11-02
VTBT,12,ALL,23,8,8,0,10,80.0,1,t,4,2022-12-09,2025-12-27
VTBT,12,ALL,05,2,2,0,10,20.0,2,f,4,2023-12-08,2023-12-08
VTBT,12,DEP,23,8,8,0,10,80.0,1,t,4,2022-12-09,2025-12-27
VTBT,12,DEP,05,2,2,0,10,20.0,2,f,4,2023-12-08,2023-12-08
VTBU,1,ALL,18,1080,1080,0,1587,68.1,1,t,4,2023-01-01,2026-01-31
VTBU,1,ALL,36,507,507,0,1587,31.9,2,f,4,2023-01-01,2026-01-31
VTBU,1,ARR,18,463,463,0,604,76.7,1,t,4,2023-01-01,2026-01-31
VTBU,1,ARR,36,141,141,0,604,23.3,2,f,4,2023-01-03,2026-01-31
VTBU,1,DEP,18,617,617,0,983,62.8,1,t,4,2023-01-01,2026-01-31
VTBU,1,DEP,36,366,366,0,983,37.2,2,f,4,2023-01-01,2026-01-30
VTBU,2,ALL,18,1645,1645,0,2002,82.2,1,t,4,2023-02-01,2026-02-28
VTBU,2,ALL,36,357,357,0,2002,17.8,2,f,4,2023-02-01,2026-02-28
VTBU,2,ARR,18,796,796,0,908,87.7,1,t,4,2023-02-01,2026-02-28
VTBU,2,ARR,36,112,112,0,908,12.3,2,f,4,2023-02-01,2026-02-28
VTBU,2,DEP,18,849,849,0,1094,77.6,1,t,4,2023-02-01,2026-02-28
VTBU,2,DEP,36,245,245,0,1094,22.4,2,f,4,2023-02-03,2026-02-26
VTBU,3,ALL,18,1860,1860,0,2079,89.5,1,t,4,2023-03-01,2026-03-31
VTBU,3,ALL,36,219,219,0,2079,10.5,2,f,4,2023-03-01,2026-03-31
VTBU,3,ARR,18,900,900,0,960,93.8,1,t,4,2023-03-01,2026-03-31
VTBU,3,ARR,36,60,60,0,960,6.3,2,f,4,2023-03-01,2026-03-30
VTBU,3,DEP,18,960,960,0,1119,85.8,1,t,4,2023-03-01,2026-03-31
VTBU,3,DEP,36,159,159,0,1119,14.2,2,f,4,2023-03-01,2026-03-31
VTBU,4,ALL,18,1563,1563,0,1720,90.9,1,t,4,2023-04-01,2026-04-30
VTBU,4,ALL,36,157,157,0,1720,9.1,2,f,4,2023-04-01,2026-04-29
VTBU,4,ARR,18,716,716,0,812,88.2,1,t,4,2023-04-01,2026-04-30
VTBU,4,ARR,36,96,96,0,812,11.8,2,f,4,2023-04-01,2026-04-29
VTBU,4,DEP,18,847,847,0,908,93.3,1,t,4,2023-04-01,2026-04-30
VTBU,4,DEP,36,61,61,0,908,6.7,2,f,4,2023-04-02,2026-04-29
VTBU,5,ALL,18,1383,1383,0,1588,87.1,1,t,5,2022-05-01,2026-05-31
VTBU,5,ALL,36,205,205,0,1588,12.9,2,f,5,2022-05-01,2026-05-31
VTBU,5,ARR,18,623,623,0,679,91.8,1,t,5,2022-05-01,2026-05-31
VTBU,5,ARR,36,56,56,0,679,8.2,2,f,5,2022-05-04,2026-05-31
VTBU,5,DEP,18,760,760,0,909,83.6,1,t,5,2022-05-01,2026-05-31
VTBU,5,DEP,36,149,149,0,909,16.4,2,f,5,2022-05-01,2026-05-30
VTBU,6,ALL,18,1404,1404,0,1544,90.9,1,t,5,2022-06-01,2026-06-30
VTBU,6,ALL,36,140,140,0,1544,9.1,2,f,5,2022-06-01,2026-06-30
VTBU,6,ARR,18,644,644,0,681,94.6,1,t,5,2022-06-01,2026-06-30
VTBU,6,ARR,36,37,37,0,681,5.4,2,f,5,2022-06-09,2026-06-19
VTBU,6,DEP,18,760,760,0,863,88.1,1,t,5,2022-06-01,2026-06-30
VTBU,6,DEP,36,103,103,0,863,11.9,2,f,5,2022-06-01,2026-06-30
VTBU,7,ALL,18,1490,1490,0,1606,92.8,1,t,5,2022-07-01,2026-07-31
VTBU,7,ALL,36,116,116,0,1606,7.2,2,f,5,2022-07-03,2026-07-28
VTBU,7,ARR,18,741,741,0,760,97.5,1,t,5,2022-07-01,2026-07-31
VTBU,7,ARR,36,19,19,0,760,2.5,2,f,5,2022-07-07,2026-07-24
VTBU,7,DEP,18,749,749,0,846,88.5,1,t,5,2022-07-01,2026-07-31
VTBU,7,DEP,36,97,97,0,846,11.5,2,f,5,2022-07-03,2026-07-28
VTBU,8,ALL,18,1177,1177,0,1274,92.4,1,t,5,2022-08-01,2026-08-04
VTBU,8,ALL,36,97,97,0,1274,7.6,2,f,5,2022-08-04,2026-08-02
VTBU,8,ARR,18,524,524,0,551,95.1,1,t,5,2022-08-01,2026-08-04
VTBU,8,ARR,36,27,27,0,551,4.9,2,f,5,2022-08-06,2025-08-20
VTBU,8,DEP,18,653,653,0,723,90.3,1,t,5,2022-08-01,2026-08-04
VTBU,8,DEP,36,70,70,0,723,9.7,2,f,5,2022-08-04,2026-08-02
VTBU,9,ALL,18,1142,1142,0,1291,88.5,1,t,4,2022-09-01,2025-09-30
VTBU,9,ALL,36,149,149,0,1291,11.5,2,f,4,2022-09-01,2025-09-30
VTBU,9,ARR,18,516,516,0,540,95.6,1,t,4,2022-09-02,2025-09-30
VTBU,9,ARR,36,24,24,0,540,4.4,2,f,4,2022-09-01,2025-09-01
VTBU,9,DEP,18,626,626,0,751,83.4,1,t,4,2022-09-01,2025-09-30
VTBU,9,DEP,36,125,125,0,751,16.6,2,f,4,2022-09-01,2025-09-30
VTBU,10,ALL,18,648,648,0,892,72.6,1,t,4,2022-10-01,2025-10-31
VTBU,10,ALL,36,244,244,0,892,27.4,2,f,4,2022-10-01,2025-10-31
VTBU,10,ARR,18,261,261,0,294,88.8,1,t,4,2022-10-01,2025-10-31
VTBU,10,ARR,36,33,33,0,294,11.2,2,f,4,2022-10-05,2025-10-31
VTBU,10,DEP,18,387,387,0,598,64.7,1,t,4,2022-10-01,2025-10-31
VTBU,10,DEP,36,211,211,0,598,35.3,2,f,4,2022-10-01,2025-10-31
VTBU,11,ALL,18,773,773,0,1270,60.9,1,t,4,2022-11-01,2025-11-30
VTBU,11,ALL,36,497,497,0,1270,39.1,2,f,4,2022-11-01,2025-11-30
VTBU,11,ARR,18,315,315,0,406,77.6,1,t,4,2022-11-02,2025-11-25
VTBU,11,ARR,36,91,91,0,406,22.4,2,f,4,2022-11-05,2025-11-30
VTBU,11,DEP,18,458,458,0,864,53.0,1,t,4,2022-11-01,2025-11-30
VTBU,11,DEP,36,406,406,0,864,47.0,2,f,4,2022-11-01,2025-11-30
VTBU,12,ALL,18,836,836,0,1430,58.5,1,t,4,2022-12-01,2025-12-31
VTBU,12,ALL,36,594,594,0,1430,41.5,2,f,4,2022-12-01,2025-12-31
VTBU,12,ARR,18,340,340,0,466,73.0,1,t,4,2022-12-01,2025-12-31
VTBU,12,ARR,36,126,126,0,466,27.0,2,f,4,2022-12-01,2025-12-31
VTBU,12,DEP,18,496,496,0,964,51.5,1,t,4,2022-12-01,2025-12-31
VTBU,12,DEP,36,468,468,0,964,48.5,2,f,4,2022-12-01,2025-12-30
VTBW,1,ALL,23,2,2,0,3,66.7,1,t,2,2024-01-18,2024-01-21
VTBW,1,ALL,05,1,1,0,3,33.3,2,f,2,2025-01-23,2025-01-23
VTBW,1,DEP,23,2,2,0,3,66.7,1,t,2,2024-01-18,2024-01-21
VTBW,1,DEP,05,1,1,0,3,33.3,2,f,2,2025-01-23,2025-01-23
VTBW,7,ALL,05,5,5,0,6,83.3,1,t,1,2024-07-02,2024-07-07
VTBW,7,ALL,23,1,1,0,6,16.7,2,f,1,2024-07-06,2024-07-06
VTBW,7,DEP,05,5,5,0,6,83.3,1,t,1,2024-07-02,2024-07-07
VTBW,7,DEP,23,1,1,0,6,16.7,2,f,1,2024-07-06,2024-07-06
VTCC,1,ALL,36,22755,22755,0,24045,94.6,1,t,4,2023-01-01,2026-01-31
VTCC,1,ALL,18,1290,1290,0,24045,5.4,2,f,4,2023-01-01,2026-01-31
VTCC,1,ARR,36,12022,12022,0,12035,99.9,1,t,4,2023-01-01,2026-01-31
VTCC,1,ARR,18,13,13,0,12035,0.1,2,f,4,2024-01-01,2025-01-30
VTCC,1,DEP,36,10733,10733,0,12010,89.4,1,t,4,2023-01-01,2026-01-31
VTCC,1,DEP,18,1277,1277,0,12010,10.6,2,f,4,2023-01-01,2026-01-31
VTCC,2,ALL,36,20614,20614,0,21994,93.7,1,t,4,2023-02-01,2026-02-28
VTCC,2,ALL,18,1380,1380,0,21994,6.3,2,f,4,2023-02-01,2026-02-28
VTCC,2,ARR,36,10936,10936,0,11023,99.2,1,t,4,2023-02-01,2026-02-28
VTCC,2,ARR,18,87,87,0,11023,0.8,2,f,4,2023-02-05,2026-02-21
VTCC,2,DEP,36,9678,9678,0,10971,88.2,1,t,4,2023-02-01,2026-02-28
VTCC,2,DEP,18,1293,1293,0,10971,11.8,2,f,4,2023-02-01,2026-02-28
VTCC,3,ALL,36,20671,20671,0,22715,91.0,1,t,4,2023-03-01,2026-03-31
VTCC,3,ALL,18,2044,2044,0,22715,9.0,2,f,4,2023-03-01,2026-03-31
VTCC,3,ARR,36,11145,11145,0,11385,97.9,1,t,4,2023-03-01,2026-03-31
VTCC,3,ARR,18,240,240,0,11385,2.1,2,f,4,2023-03-19,2026-03-27
VTCC,3,DEP,36,9526,9526,0,11330,84.1,1,t,4,2023-03-01,2026-03-31
VTCC,3,DEP,18,1804,1804,0,11330,15.9,2,f,4,2023-03-01,2026-03-31
VTCC,4,ALL,36,19399,19399,0,21760,89.1,1,t,4,2023-04-01,2026-04-30
VTCC,4,ALL,18,2361,2361,0,21760,10.9,2,f,4,2023-04-01,2026-04-30
VTCC,4,ARR,36,10618,10618,0,10938,97.1,1,t,4,2023-04-01,2026-04-30
VTCC,4,ARR,18,320,320,0,10938,2.9,2,f,4,2023-04-02,2026-04-30
VTCC,4,DEP,36,8781,8781,0,10822,81.1,1,t,4,2023-04-01,2026-04-30
VTCC,4,DEP,18,2041,2041,0,10822,18.9,2,f,4,2023-04-01,2026-04-30
VTCC,5,ALL,36,19299,19299,0,22153,87.1,1,t,5,2022-05-01,2026-05-31
VTCC,5,ALL,18,2854,2854,0,22153,12.9,2,f,5,2022-05-01,2026-05-31
VTCC,5,ARR,36,10837,10837,0,11086,97.8,1,t,5,2022-05-01,2026-05-31
VTCC,5,ARR,18,249,249,0,11086,2.2,2,f,5,2022-05-03,2026-05-28
VTCC,5,DEP,36,8462,8462,0,11067,76.5,1,t,5,2022-05-01,2026-05-31
VTCC,5,DEP,18,2605,2605,0,11067,23.5,2,f,5,2022-05-01,2026-05-31
VTCC,6,ALL,36,17556,17556,0,20431,85.9,1,t,5,2022-06-01,2026-06-30
VTCC,6,ALL,18,2875,2875,0,20431,14.1,2,f,5,2022-06-01,2026-06-30
VTCC,6,ARR,36,9949,9949,0,10256,97.0,1,t,5,2022-06-01,2026-06-30
VTCC,6,ARR,18,307,307,0,10256,3.0,2,f,5,2022-06-03,2026-06-25
VTCC,6,DEP,36,7607,7607,0,10175,74.8,1,t,5,2022-06-01,2026-06-30
VTCC,6,DEP,18,2568,2568,0,10175,25.2,2,f,5,2022-06-01,2026-06-30
VTCC,7,ALL,36,20094,20094,0,22771,88.2,1,t,5,2022-07-01,2026-07-31
VTCC,7,ALL,18,2677,2677,0,22771,11.8,2,f,5,2022-07-01,2026-07-31
VTCC,7,ARR,36,11206,11206,0,11428,98.1,1,t,5,2022-07-01,2026-07-31
VTCC,7,ARR,18,222,222,0,11428,1.9,2,f,5,2022-07-04,2026-07-31
VTCC,7,DEP,36,8888,8888,0,11343,78.4,1,t,5,2022-07-01,2026-07-31
VTCC,7,DEP,18,2455,2455,0,11343,21.6,2,f,5,2022-07-01,2026-07-31
VTCC,8,ALL,36,16698,16698,0,18820,88.7,1,t,5,2022-08-01,2026-08-04
VTCC,8,ALL,18,2122,2122,0,18820,11.3,2,f,5,2022-08-01,2026-08-04
VTCC,8,ARR,36,9288,9288,0,9436,98.4,1,t,5,2022-08-01,2026-08-04
VTCC,8,ARR,18,148,148,0,9436,1.6,2,f,5,2022-08-01,2026-08-04
VTCC,8,DEP,36,7410,7410,0,9384,79.0,1,t,5,2022-08-01,2026-08-04
VTCC,8,DEP,18,1974,1974,0,9384,21.0,2,f,5,2022-08-01,2026-08-04
VTCC,9,ALL,36,14496,14496,0,16419,88.3,1,t,4,2022-09-01,2025-09-30
VTCC,9,ALL,18,1923,1923,0,16419,11.7,2,f,4,2022-09-01,2025-09-30
VTCC,9,ARR,36,8153,8153,0,8242,98.9,1,t,4,2022-09-01,2025-09-30
VTCC,9,ARR,18,89,89,0,8242,1.1,2,f,4,2022-09-08,2025-09-29
VTCC,9,DEP,36,6343,6343,0,8177,77.6,1,t,4,2022-09-01,2025-09-30
VTCC,9,DEP,18,1834,1834,0,8177,22.4,2,f,4,2022-09-01,2025-09-30
VTCC,10,ALL,36,15913,15913,0,17652,90.1,1,t,4,2022-10-01,2025-10-31
VTCC,10,ALL,18,1739,1739,0,17652,9.9,2,f,4,2022-10-01,2025-10-31
VTCC,10,ARR,36,8786,8786,0,8806,99.8,1,t,4,2022-10-01,2025-10-31
VTCC,10,ARR,18,20,20,0,8806,0.2,2,f,4,2022-10-10,2025-10-31
VTCC,10,DEP,36,7127,7127,0,8846,80.6,1,t,4,2022-10-01,2025-10-31
VTCC,10,DEP,18,1719,1719,0,8846,19.4,2,f,4,2022-10-01,2025-10-31
VTCC,11,ALL,36,19314,19314,0,21048,91.8,1,t,4,2022-11-01,2025-11-30
VTCC,11,ALL,18,1734,1734,0,21048,8.2,2,f,4,2022-11-01,2025-11-30
VTCC,11,ARR,36,10448,10448,0,10558,99.0,1,t,4,2022-11-01,2025-11-30
VTCC,11,ARR,18,110,110,0,10558,1.0,2,f,4,2022-11-05,2025-11-26
VTCC,11,DEP,36,8866,8866,0,10490,84.5,1,t,4,2022-11-01,2025-11-30
VTCC,11,DEP,18,1624,1624,0,10490,15.5,2,f,4,2022-11-01,2025-11-30
VTCC,12,ALL,36,21740,21740,0,23179,93.8,1,t,4,2022-12-01,2025-12-31
VTCC,12,ALL,18,1439,1439,0,23179,6.2,2,f,4,2022-12-01,2025-12-31
VTCC,12,ARR,36,11553,11553,0,11599,99.6,1,t,4,2022-12-01,2025-12-31
VTCC,12,ARR,18,46,46,0,11599,0.4,2,f,4,2022-12-08,2025-12-18
VTCC,12,DEP,36,10187,10187,0,11580,88.0,1,t,4,2022-12-01,2025-12-31
VTCC,12,DEP,18,1393,1393,0,11580,12.0,2,f,4,2022-12-01,2025-12-31
VTCI,1,ALL,19,1,1,0,1,100.0,1,t,1,2024-01-11,2024-01-11
VTCI,1,DEP,19,1,1,0,1,100.0,1,t,1,2024-01-11,2024-01-11
VTCI,7,ALL,01,1,1,0,2,50.0,1,t,2,2022-07-31,2022-07-31
VTCI,7,ALL,19,1,1,0,2,50.0,2,f,2,2024-07-20,2024-07-20
VTCI,7,DEP,01,1,1,0,2,50.0,1,t,2,2022-07-31,2022-07-31
VTCI,7,DEP,19,1,1,0,2,50.0,2,f,2,2024-07-20,2024-07-20
VTCI,11,ALL,01,1,1,0,2,50.0,1,t,2,2024-11-28,2024-11-28
VTCI,11,ALL,19,1,1,0,2,50.0,2,f,2,2023-11-29,2023-11-29
VTCI,11,DEP,01,1,1,0,2,50.0,1,t,2,2024-11-28,2024-11-28
VTCI,11,DEP,19,1,1,0,2,50.0,2,f,2,2023-11-29,2023-11-29
VTCI,12,ALL,19,2,2,0,2,100.0,1,t,2,2022-12-03,2024-12-31
VTCI,12,DEP,19,2,2,0,2,100.0,1,t,2,2022-12-03,2024-12-31
VTCL,1,ALL,18,342,342,0,641,53.4,1,t,4,2023-01-01,2026-01-31
VTCL,1,ALL,36,299,299,0,641,46.6,2,f,4,2023-01-01,2026-01-31
VTCL,1,ARR,36,293,293,0,338,86.7,1,t,4,2023-01-01,2026-01-31
VTCL,1,ARR,18,45,45,0,338,13.3,2,f,4,2023-01-07,2025-01-31
VTCL,1,DEP,18,297,297,0,303,98.0,1,t,4,2023-01-01,2026-01-31
VTCL,1,DEP,36,6,6,0,303,2.0,2,f,4,2024-01-27,2025-01-26
VTCL,2,ALL,18,333,333,0,644,51.7,1,t,4,2023-02-01,2026-02-27
VTCL,2,ALL,36,311,311,0,644,48.3,2,f,4,2023-02-01,2026-02-28
VTCL,2,ARR,36,308,308,0,351,87.7,1,t,4,2023-02-01,2026-02-28
VTCL,2,ARR,18,43,43,0,351,12.3,2,f,4,2023-02-12,2025-02-28
VTCL,2,DEP,18,290,290,0,293,99.0,1,t,4,2023-02-01,2026-02-27
VTCL,2,DEP,36,3,3,0,293,1.0,2,f,4,2024-02-13,2025-02-18
VTCL,3,ALL,36,372,372,0,742,50.1,1,t,4,2023-03-01,2026-03-31
VTCL,3,ALL,18,370,370,0,742,49.9,2,f,4,2023-03-01,2026-03-31
VTCL,3,ARR,36,369,369,0,400,92.3,1,t,4,2023-03-01,2026-03-31
VTCL,3,ARR,18,31,31,0,400,7.8,2,f,4,2023-03-02,2026-03-11
VTCL,3,DEP,18,339,339,0,342,99.1,1,t,4,2023-03-01,2026-03-31
VTCL,3,DEP,36,3,3,0,342,0.9,2,f,4,2023-03-16,2025-03-31
VTCL,4,ALL,36,315,315,0,622,50.6,1,t,4,2023-04-01,2026-04-30
VTCL,4,ALL,18,307,307,0,622,49.4,2,f,4,2023-04-01,2026-04-30
VTCL,4,ARR,36,313,313,0,336,93.2,1,t,4,2023-04-01,2026-04-30
VTCL,4,ARR,18,23,23,0,336,6.8,2,f,4,2024-04-01,2026-04-24
VTCL,4,DEP,18,284,284,0,286,99.3,1,t,4,2023-04-01,2026-04-30
VTCL,4,DEP,36,2,2,0,286,0.7,2,f,4,2023-04-10,2025-04-28
VTCL,5,ALL,36,419,419,0,826,50.7,1,t,5,2022-05-01,2026-05-31
VTCL,5,ALL,18,407,407,0,826,49.3,2,f,5,2022-05-01,2026-05-30
VTCL,5,ARR,36,410,410,0,444,92.3,1,t,5,2022-05-01,2026-05-31
VTCL,5,ARR,18,34,34,0,444,7.7,2,f,5,2022-05-18,2026-05-21
VTCL,5,DEP,18,373,373,0,382,97.6,1,t,5,2022-05-01,2026-05-30
VTCL,5,DEP,36,9,9,0,382,2.4,2,f,5,2022-05-26,2026-05-28
VTCL,6,ALL,36,397,397,0,792,50.1,1,t,5,2022-06-01,2026-06-30
VTCL,6,ALL,18,395,395,0,792,49.9,2,f,5,2022-06-01,2026-06-30
VTCL,6,ARR,36,387,387,0,428,90.4,1,t,5,2022-06-01,2026-06-30
VTCL,6,ARR,18,41,41,0,428,9.6,2,f,5,2023-06-05,2026-06-16
VTCL,6,DEP,18,354,354,0,364,97.3,1,t,5,2022-06-01,2026-06-30
VTCL,6,DEP,36,10,10,0,364,2.7,2,f,5,2022-06-16,2026-06-18
VTCL,7,ALL,36,373,373,0,739,50.5,1,t,5,2022-07-01,2026-07-31
VTCL,7,ALL,18,366,366,0,739,49.5,2,f,5,2022-07-01,2026-07-30
VTCL,7,ARR,36,366,366,0,388,94.3,1,t,5,2022-07-01,2026-07-31
VTCL,7,ARR,18,22,22,0,388,5.7,2,f,5,2022-07-26,2026-07-26
VTCL,7,DEP,18,344,344,0,351,98.0,1,t,5,2022-07-01,2026-07-30
VTCL,7,DEP,36,7,7,0,351,2.0,2,f,5,2022-07-02,2026-07-13
VTCL,8,ALL,18,363,363,0,663,54.8,1,t,5,2022-08-01,2026-08-02
VTCL,8,ALL,36,300,300,0,663,45.2,2,f,5,2022-08-01,2026-08-04
VTCL,8,ARR,36,295,295,0,328,89.9,1,t,5,2022-08-01,2026-08-04
VTCL,8,ARR,18,33,33,0,328,10.1,2,f,5,2022-08-06,2025-08-19
VTCL,8,DEP,18,330,330,0,335,98.5,1,t,5,2022-08-01,2026-08-02
VTCL,8,DEP,36,5,5,0,335,1.5,2,f,5,2022-08-06,2024-08-23
VTCL,9,ALL,18,347,347,0,636,54.6,1,t,4,2022-09-01,2025-09-30
VTCL,9,ALL,36,289,289,0,636,45.4,2,f,4,2022-09-01,2025-09-30
VTCL,9,ARR,36,281,281,0,313,89.8,1,t,4,2022-09-01,2025-09-30
VTCL,9,ARR,18,32,32,0,313,10.2,2,f,4,2022-09-22,2025-09-22
VTCL,9,DEP,18,315,315,0,323,97.5,1,t,4,2022-09-01,2025-09-30
VTCL,9,DEP,36,8,8,0,323,2.5,2,f,4,2022-09-27,2025-09-07
VTCL,10,ALL,18,384,384,0,685,56.1,1,t,4,2022-10-01,2025-10-31
VTCL,10,ALL,36,301,301,0,685,43.9,2,f,4,2022-10-01,2025-10-31
VTCL,10,ARR,36,296,296,0,334,88.6,1,t,4,2022-10-01,2025-10-31
VTCL,10,ARR,18,38,38,0,334,11.4,2,f,4,2022-10-04,2025-10-30
VTCL,10,DEP,18,346,346,0,351,98.6,1,t,4,2022-10-01,2025-10-31
VTCL,10,DEP,36,5,5,0,351,1.4,2,f,4,2022-10-10,2024-10-30
VTCL,11,ALL,18,389,389,0,744,52.3,1,t,4,2022-11-01,2025-11-30
VTCL,11,ALL,36,355,355,0,744,47.7,2,f,4,2022-11-01,2025-11-30
VTCL,11,ARR,36,344,344,0,396,86.9,1,t,4,2022-11-01,2025-11-30
VTCL,11,ARR,18,52,52,0,396,13.1,2,f,4,2022-11-11,2025-11-25
VTCL,11,DEP,18,337,337,0,348,96.8,1,t,4,2022-11-01,2025-11-30
VTCL,11,DEP,36,11,11,0,348,3.2,2,f,4,2023-11-17,2025-11-26
VTCL,12,ALL,18,440,440,0,821,53.6,1,t,4,2022-12-01,2025-12-31
VTCL,12,ALL,36,381,381,0,821,46.4,2,f,4,2022-12-01,2025-12-31
VTCL,12,ARR,36,373,373,0,427,87.4,1,t,4,2022-12-01,2025-12-31
VTCL,12,ARR,18,54,54,0,427,12.6,2,f,4,2023-12-01,2025-12-12
VTCL,12,DEP,18,386,386,0,394,98.0,1,t,4,2022-12-01,2025-12-31
VTCL,12,DEP,36,8,8,0,394,2.0,2,f,4,2022-12-13,2025-12-08
VTCN,1,ALL,02,238,238,0,238,100.0,1,t,4,2023-01-01,2026-01-31
VTCN,1,ARR,02,237,237,0,237,100.0,1,t,4,2023-01-01,2026-01-31
VTCN,1,DEP,02,1,1,0,1,100.0,1,t,1,2025-01-09,2025-01-09
VTCN,2,ALL,02,236,145,91,340,69.4,1,t,4,2023-02-01,2026-02-28
VTCN,2,ALL,20,104,0,104,340,30.6,2,f,4,2026-02-05,2026-02-28
VTCN,2,ARR,02,216,145,71,224,96.4,1,t,4,2023-02-01,2026-02-28
VTCN,2,ARR,20,8,0,8,224,3.6,2,f,4,2026-02-05,2026-02-28
VTCN,2,DEP,20,96,0,96,116,82.8,1,t,1,2026-02-05,2026-02-28
VTCN,2,DEP,02,20,0,20,116,17.2,2,f,1,2026-02-06,2026-02-28
VTCN,3,ALL,02,257,181,76,388,66.2,1,t,4,2023-03-03,2026-03-31
VTCN,3,ALL,20,131,0,131,388,33.8,2,f,4,2026-03-01,2026-03-31
VTCN,3,ARR,02,239,181,58,254,94.1,1,t,4,2023-03-03,2026-03-31
VTCN,3,ARR,20,15,0,15,254,5.9,2,f,4,2026-03-05,2026-03-30
VTCN,3,DEP,20,116,0,116,134,86.6,1,t,1,2026-03-01,2026-03-31
VTCN,3,DEP,02,18,0,18,134,13.4,2,f,1,2026-03-01,2026-03-24
VTCN,4,ALL,02,289,225,64,434,66.6,1,t,4,2023-04-01,2026-04-30
VTCN,4,ALL,20,145,0,145,434,33.4,2,f,4,2026-04-01,2026-04-30
VTCN,4,ARR,02,280,225,55,303,92.4,1,t,4,2023-04-01,2026-04-30
VTCN,4,ARR,20,23,0,23,303,7.6,2,f,4,2026-04-01,2026-04-30
VTCN,4,DEP,20,122,0,122,131,93.1,1,t,1,2026-04-01,2026-04-30
VTCN,4,DEP,02,9,0,9,131,6.9,2,f,1,2026-04-27,2026-04-30
VTCN,5,ALL,02,386,346,40,512,75.4,1,t,5,2022-05-01,2026-05-31
VTCN,5,ALL,20,126,0,126,512,24.6,2,f,5,2026-05-01,2026-05-31
VTCN,5,ARR,02,375,346,29,394,95.2,1,t,5,2022-05-01,2026-05-31
VTCN,5,ARR,20,19,0,19,394,4.8,2,f,5,2026-05-01,2026-05-31
VTCN,5,DEP,20,107,0,107,118,90.7,1,t,1,2026-05-01,2026-05-31
VTCN,5,DEP,02,11,0,11,118,9.3,2,f,1,2026-05-01,2026-05-29
VTCN,6,ALL,02,339,317,22,404,83.9,1,t,5,2022-06-01,2026-06-28
VTCN,6,ALL,20,65,0,65,404,16.1,2,f,5,2026-06-01,2026-06-16
VTCN,6,ARR,02,335,317,18,341,98.2,1,t,5,2022-06-01,2026-06-28
VTCN,6,ARR,20,6,0,6,341,1.8,2,f,5,2026-06-04,2026-06-15
VTCN,6,DEP,20,59,0,59,63,93.7,1,t,1,2026-06-01,2026-06-16
VTCN,6,DEP,02,4,0,4,63,6.3,2,f,1,2026-06-02,2026-06-04
VTCN,7,ALL,02,432,426,6,474,91.1,1,t,5,2022-07-01,2026-07-31
VTCN,7,ALL,20,42,0,42,474,8.9,2,f,5,2026-07-21,2026-07-29
VTCN,7,ARR,02,430,426,4,433,99.3,1,t,5,2022-07-01,2026-07-31
VTCN,7,ARR,20,3,0,3,433,0.7,2,f,5,2026-07-22,2026-07-22
VTCN,7,DEP,20,39,0,39,41,95.1,1,t,1,2026-07-21,2026-07-29
VTCN,7,DEP,02,2,0,2,41,4.9,2,f,1,2026-07-24,2026-07-26
VTCN,8,ALL,02,353,353,0,353,100.0,1,t,5,2022-08-01,2026-08-04
VTCN,8,ARR,02,353,353,0,353,100.0,1,t,5,2022-08-01,2026-08-04
VTCN,9,ALL,02,340,340,0,340,100.0,1,t,4,2022-09-01,2025-09-30
VTCN,9,ARR,02,340,340,0,340,100.0,1,t,4,2022-09-01,2025-09-30
VTCN,10,ALL,02,387,387,0,387,100.0,1,t,4,2022-10-01,2025-10-31
VTCN,10,ARR,02,387,387,0,387,100.0,1,t,4,2022-10-01,2025-10-31
VTCN,11,ALL,02,412,412,0,412,100.0,1,t,4,2022-11-01,2025-11-30
VTCN,11,ARR,02,411,411,0,411,100.0,1,t,4,2022-11-01,2025-11-30
VTCN,11,DEP,02,1,1,0,1,100.0,1,t,1,2025-11-14,2025-11-14
VTCN,12,ALL,02,301,301,0,301,100.0,1,t,4,2022-12-01,2025-12-31
VTCN,12,ARR,02,301,301,0,301,100.0,1,t,4,2022-12-01,2025-12-31
VTCP,1,ALL,19,2,2,0,3,66.7,1,t,1,2025-01-05,2025-01-30
VTCP,1,ALL,01,1,1,0,3,33.3,2,f,1,2025-01-28,2025-01-28
VTCP,1,ARR,19,2,2,0,3,66.7,1,t,1,2025-01-05,2025-01-30
VTCP,1,ARR,01,1,1,0,3,33.3,2,f,1,2025-01-28,2025-01-28
VTCP,2,ALL,19,14,14,0,16,87.5,1,t,2,2025-02-01,2026-02-27
VTCP,2,ALL,01,2,2,0,16,12.5,2,f,2,2025-02-13,2025-02-21
VTCP,2,ARR,19,13,13,0,14,92.9,1,t,2,2025-02-01,2026-02-27
VTCP,2,ARR,01,1,1,0,14,7.1,2,f,2,2025-02-13,2025-02-13
VTCP,2,DEP,01,1,1,0,2,50.0,1,t,1,2025-02-21,2025-02-21
VTCP,2,DEP,19,1,1,0,2,50.0,2,f,1,2025-02-13,2025-02-13
VTCP,3,ALL,19,32,32,0,40,80.0,1,t,3,2023-03-12,2025-03-31
VTCP,3,ALL,01,8,8,0,40,20.0,2,f,3,2023-03-14,2025-03-07
VTCP,3,ARR,19,30,30,0,36,83.3,1,t,3,2025-03-04,2025-03-31
VTCP,3,ARR,01,6,6,0,36,16.7,2,f,3,2023-03-14,2024-03-26
VTCP,3,DEP,01,2,2,0,4,50.0,1,t,2,2023-03-16,2025-03-07
VTCP,3,DEP,19,2,2,0,4,50.0,2,f,2,2023-03-12,2025-03-10
VTCP,4,ALL,19,44,44,0,62,71.0,1,t,4,2023-04-20,2026-04-29
VTCP,4,ALL,01,18,18,0,62,29.0,2,f,4,2023-04-01,2026-04-28
VTCP,4,ARR,19,43,43,0,50,86.0,1,t,4,2024-04-03,2026-04-29
VTCP,4,ARR,01,7,7,0,50,14.0,2,f,4,2023-04-01,2026-04-28
VTCP,4,DEP,01,11,11,0,12,91.7,1,t,2,2023-04-02,2025-04-21
VTCP,4,DEP,19,1,1,0,12,8.3,2,f,2,2023-04-20,2023-04-20
VTCP,5,ALL,19,19,19,0,22,86.4,1,t,4,2024-05-11,2026-05-29
VTCP,5,ALL,01,3,3,0,22,13.6,2,f,4,2022-05-16,2026-05-27
VTCP,5,ARR,19,18,18,0,19,94.7,1,t,3,2024-05-11,2026-05-29
VTCP,5,ARR,01,1,1,0,19,5.3,2,f,3,2026-05-27,2026-05-27
VTCP,5,DEP,01,2,2,0,3,66.7,1,t,2,2022-05-16,2025-05-05
VTCP,5,DEP,19,1,1,0,3,33.3,2,f,2,2025-05-09,2025-05-09
VTCP,6,ALL,19,14,14,0,24,58.3,1,t,4,2022-06-17,2026-06-30
VTCP,6,ALL,01,10,10,0,24,41.7,2,f,4,2022-06-07,2026-06-23
VTCP,6,ARR,19,8,8,0,13,61.5,1,t,2,2026-06-09,2026-06-30
VTCP,6,ARR,01,5,5,0,13,38.5,2,f,2,2025-06-03,2026-06-23
VTCP,6,DEP,19,6,6,0,11,54.5,1,t,4,2022-06-17,2026-06-09
VTCP,6,DEP,01,5,5,0,11,45.5,2,f,4,2022-06-07,2023-06-30
VTCP,7,ALL,01,11,11,0,21,52.4,1,t,5,2022-07-01,2026-07-16
VTCP,7,ALL,19,10,10,0,21,47.6,2,f,5,2025-07-02,2026-07-21
VTCP,7,ARR,01,9,9,0,18,50.0,1,t,4,2023-07-29,2026-07-16
VTCP,7,ARR,19,9,9,0,18,50.0,2,f,4,2025-07-02,2026-07-21
VTCP,7,DEP,01,2,2,0,3,66.7,1,t,3,2022-07-01,2023-07-06
VTCP,7,DEP,19,1,1,0,3,33.3,2,f,3,2026-07-08,2026-07-08
VTCP,8,ALL,01,8,8,0,9,88.9,1,t,4,2022-08-07,2025-08-22
VTCP,8,ALL,19,1,1,0,9,11.1,2,f,4,2025-08-21,2025-08-21
VTCP,8,ARR,01,6,6,0,7,85.7,1,t,3,2023-08-15,2025-08-22
VTCP,8,ARR,19,1,1,0,7,14.3,2,f,3,2025-08-21,2025-08-21
VTCP,8,DEP,01,2,2,0,2,100.0,1,t,1,2022-08-07,2022-08-20
VTCP,9,ALL,01,7,7,0,8,87.5,1,t,2,2023-09-04,2025-09-27
VTCP,9,ALL,19,1,1,0,8,12.5,2,f,2,2025-09-04,2025-09-04
VTCP,9,ARR,01,6,6,0,7,85.7,1,t,2,2023-09-04,2025-09-27
VTCP,9,ARR,19,1,1,0,7,14.3,2,f,2,2025-09-04,2025-09-04
VTCP,9,DEP,01,1,1,0,1,100.0,1,t,1,2023-09-19,2023-09-19
VTCP,10,ALL,19,2,2,0,3,66.7,1,t,3,2023-10-24,2024-10-07
VTCP,10,ALL,01,1,1,0,3,33.3,2,f,3,2022-10-17,2022-10-17
VTCP,10,ARR,19,1,1,0,1,100.0,1,t,1,2024-10-07,2024-10-07
VTCP,10,DEP,01,1,1,0,2,50.0,1,t,2,2022-10-17,2022-10-17
VTCP,10,DEP,19,1,1,0,2,50.0,2,f,2,2023-10-24,2023-10-24
VTCP,11,ALL,01,2,2,0,3,66.7,1,t,2,2022-11-11,2025-11-28
VTCP,11,ALL,19,1,1,0,3,33.3,2,f,2,2025-11-05,2025-11-05
VTCP,11,ARR,01,2,2,0,3,66.7,1,t,2,2022-11-11,2025-11-28
VTCP,11,ARR,19,1,1,0,3,33.3,2,f,2,2025-11-05,2025-11-05
VTCP,12,ALL,01,1,1,0,2,50.0,1,t,1,2024-12-11,2024-12-11
VTCP,12,ALL,19,1,1,0,2,50.0,2,f,1,2024-12-10,2024-12-10
VTCP,12,ARR,01,1,1,0,2,50.0,1,t,1,2024-12-11,2024-12-11
VTCP,12,ARR,19,1,1,0,2,50.0,2,f,1,2024-12-10,2024-12-10
VTCT,1,ALL,03,3303,3303,0,5215,63.3,1,t,4,2023-01-01,2026-01-31
VTCT,1,ALL,21,1912,1912,0,5215,36.7,2,f,4,2023-01-01,2026-01-31
VTCT,1,ARR,03,2605,2605,0,2619,99.5,1,t,4,2023-01-01,2026-01-31
VTCT,1,ARR,21,14,14,0,2619,0.5,2,f,4,2023-01-09,2026-01-10
VTCT,1,DEP,21,1898,1898,0,2596,73.1,1,t,4,2023-01-01,2026-01-31
VTCT,1,DEP,03,698,698,0,2596,26.9,2,f,4,2023-01-01,2026-01-31
VTCT,2,ALL,03,2823,2823,0,4496,62.8,1,t,4,2023-02-01,2026-02-28
VTCT,2,ALL,21,1673,1673,0,4496,37.2,2,f,4,2023-02-01,2026-02-28
VTCT,2,ARR,03,2211,2211,0,2248,98.4,1,t,4,2023-02-01,2026-02-28
VTCT,2,ARR,21,37,37,0,2248,1.6,2,f,4,2023-02-06,2026-02-19
VTCT,2,DEP,21,1636,1636,0,2248,72.8,1,t,4,2023-02-01,2026-02-28
VTCT,2,DEP,03,612,612,0,2248,27.2,2,f,4,2023-02-01,2026-02-28
VTCT,3,ALL,03,2853,2853,0,4573,62.4,1,t,4,2023-03-01,2026-03-31
VTCT,3,ALL,21,1720,1720,0,4573,37.6,2,f,4,2023-03-01,2026-03-31
VTCT,3,ARR,03,2255,2255,0,2288,98.6,1,t,4,2023-03-01,2026-03-31
VTCT,3,ARR,21,33,33,0,2288,1.4,2,f,4,2023-03-28,2026-03-22
VTCT,3,DEP,21,1687,1687,0,2285,73.8,1,t,4,2023-03-01,2026-03-31
VTCT,3,DEP,03,598,598,0,2285,26.2,2,f,4,2023-03-01,2026-03-31
VTCT,4,ALL,03,2615,2615,0,4450,58.8,1,t,4,2023-04-01,2026-04-30
VTCT,4,ALL,21,1835,1835,0,4450,41.2,2,f,4,2023-04-01,2026-04-30
VTCT,4,ARR,03,2203,2203,0,2233,98.7,1,t,4,2023-04-01,2026-04-30
VTCT,4,ARR,21,30,30,0,2233,1.3,2,f,4,2023-04-02,2026-04-28
VTCT,4,DEP,21,1805,1805,0,2217,81.4,1,t,4,2023-04-01,2026-04-30
VTCT,4,DEP,03,412,412,0,2217,18.6,2,f,4,2023-04-01,2026-04-30
VTCT,5,ALL,03,2804,2804,0,4767,58.8,1,t,5,2022-05-01,2026-05-31
VTCT,5,ALL,21,1963,1963,0,4767,41.2,2,f,5,2022-05-01,2026-05-31
VTCT,5,ARR,03,2337,2337,0,2391,97.7,1,t,5,2022-05-01,2026-05-31
VTCT,5,ARR,21,54,54,0,2391,2.3,2,f,5,2022-05-12,2026-05-27
VTCT,5,DEP,21,1909,1909,0,2376,80.3,1,t,5,2022-05-01,2026-05-31
VTCT,5,DEP,03,467,467,0,2376,19.7,2,f,5,2022-05-01,2026-05-31
VTCT,6,ALL,03,2372,2372,0,4250,55.8,1,t,5,2022-06-01,2026-06-30
VTCT,6,ALL,21,1878,1878,0,4250,44.2,2,f,5,2022-06-01,2026-06-30
VTCT,6,ARR,03,2066,2066,0,2130,97.0,1,t,5,2022-06-01,2026-06-30
VTCT,6,ARR,21,64,64,0,2130,3.0,2,f,5,2022-06-02,2026-06-23
VTCT,6,DEP,21,1814,1814,0,2120,85.6,1,t,5,2022-06-01,2026-06-30
VTCT,6,DEP,03,306,306,0,2120,14.4,2,f,5,2022-06-01,2026-06-27
VTCT,7,ALL,03,2760,2760,0,4853,56.9,1,t,5,2022-07-01,2026-07-31
VTCT,7,ALL,21,2093,2093,0,4853,43.1,2,f,5,2022-07-01,2026-07-31
VTCT,7,ARR,03,2379,2379,0,2431,97.9,1,t,5,2022-07-01,2026-07-31
VTCT,7,ARR,21,52,52,0,2431,2.1,2,f,5,2022-07-02,2026-07-26
VTCT,7,DEP,21,2041,2041,0,2422,84.3,1,t,5,2022-07-01,2026-07-31
VTCT,7,DEP,03,381,381,0,2422,15.7,2,f,5,2022-07-01,2026-07-31
VTCT,8,ALL,03,2228,2228,0,3946,56.5,1,t,5,2022-08-04,2026-08-04
VTCT,8,ALL,21,1718,1718,0,3946,43.5,2,f,5,2022-08-05,2026-08-04
VTCT,8,ARR,03,1867,1867,0,1973,94.6,1,t,5,2022-08-05,2026-08-04
VTCT,8,ARR,21,106,106,0,1973,5.4,2,f,5,2022-08-10,2026-08-01
VTCT,8,DEP,21,1612,1612,0,1973,81.7,1,t,5,2022-08-05,2026-08-04
VTCT,8,DEP,03,361,361,0,1973,18.3,2,f,5,2022-08-04,2026-08-04
VTCT,9,ALL,03,2135,2135,0,3688,57.9,1,t,4,2022-09-01,2025-09-30
VTCT,9,ALL,21,1553,1553,0,3688,42.1,2,f,4,2022-09-01,2025-09-30
VTCT,9,ARR,03,1819,1819,0,1846,98.5,1,t,4,2022-09-01,2025-09-30
VTCT,9,ARR,21,27,27,0,1846,1.5,2,f,4,2022-09-09,2025-09-12
VTCT,9,DEP,21,1526,1526,0,1842,82.8,1,t,4,2022-09-01,2025-09-30
VTCT,9,DEP,03,316,316,0,1842,17.2,2,f,4,2022-09-01,2025-09-30
VTCT,10,ALL,03,2449,2449,0,4060,60.3,1,t,4,2022-10-01,2025-10-31
VTCT,10,ALL,21,1611,1611,0,4060,39.7,2,f,4,2022-10-01,2025-10-31
VTCT,10,ARR,03,2007,2007,0,2025,99.1,1,t,4,2022-10-01,2025-10-31
VTCT,10,ARR,21,18,18,0,2025,0.9,2,f,4,2022-10-02,2025-10-15
VTCT,10,DEP,21,1593,1593,0,2035,78.3,1,t,4,2022-10-01,2025-10-31
VTCT,10,DEP,03,442,442,0,2035,21.7,2,f,4,2022-10-01,2025-10-31
VTCT,11,ALL,03,2870,2870,0,4633,61.9,1,t,4,2022-11-01,2025-11-30
VTCT,11,ALL,21,1763,1763,0,4633,38.1,2,f,4,2022-11-01,2025-11-30
VTCT,11,ARR,03,2305,2305,0,2317,99.5,1,t,4,2022-11-01,2025-11-30
VTCT,11,ARR,21,12,12,0,2317,0.5,2,f,4,2023-11-07,2024-11-29
VTCT,11,DEP,21,1751,1751,0,2316,75.6,1,t,4,2022-11-01,2025-11-30
VTCT,11,DEP,03,565,565,0,2316,24.4,2,f,4,2022-11-01,2025-11-29
VTCT,12,ALL,03,3381,3381,0,5235,64.6,1,t,4,2022-12-01,2025-12-31
VTCT,12,ALL,21,1854,1854,0,5235,35.4,2,f,4,2022-12-01,2025-12-31
VTCT,12,ARR,03,2598,2598,0,2624,99.0,1,t,4,2022-12-01,2025-12-31
VTCT,12,ARR,21,26,26,0,2624,1.0,2,f,4,2022-12-23,2025-12-22
VTCT,12,DEP,21,1828,1828,0,2611,70.0,1,t,4,2022-12-01,2025-12-31
VTCT,12,DEP,03,783,783,0,2611,30.0,2,f,4,2022-12-01,2025-12-31
VTPB,1,ALL,36,2,2,0,3,66.7,1,t,2,2025-01-19,2026-01-27
VTPB,1,ALL,18,1,1,0,3,33.3,2,f,2,2025-01-07,2025-01-07
VTPB,1,ARR,36,2,2,0,2,100.0,1,t,2,2025-01-19,2026-01-27
VTPB,1,DEP,18,1,1,0,1,100.0,1,t,1,2025-01-07,2025-01-07
VTPB,2,ALL,36,5,5,0,5,100.0,1,t,4,2023-02-27,2026-02-14
VTPB,2,ARR,36,5,5,0,5,100.0,1,t,4,2023-02-27,2026-02-14
VTPB,3,ALL,36,3,3,0,3,100.0,1,t,2,2024-03-09,2026-03-07
VTPB,3,ARR,36,3,3,0,3,100.0,1,t,2,2024-03-09,2026-03-07
VTPB,4,ALL,36,3,3,0,3,100.0,1,t,2,2024-04-22,2026-04-29
VTPB,4,ARR,36,3,3,0,3,100.0,1,t,2,2024-04-22,2026-04-29
VTPB,5,ALL,18,3,3,0,6,50.0,1,t,3,2022-05-12,2024-05-07
VTPB,5,ALL,36,3,3,0,6,50.0,2,f,3,2022-05-05,2025-05-01
VTPB,5,ARR,36,2,2,0,3,66.7,1,t,2,2022-05-05,2024-05-07
VTPB,5,ARR,18,1,1,0,3,33.3,2,f,2,2022-05-12,2022-05-12
VTPB,5,DEP,18,2,2,0,3,66.7,1,t,2,2024-05-07,2024-05-07
VTPB,5,DEP,36,1,1,0,3,33.3,2,f,2,2025-05-01,2025-05-01
VTPB,6,ALL,36,4,4,0,4,100.0,1,t,3,2022-06-30,2026-06-10
VTPB,6,ARR,36,3,3,0,3,100.0,1,t,3,2022-06-30,2026-06-10
VTPB,6,DEP,36,1,1,0,1,100.0,1,t,1,2026-06-10,2026-06-10
VTPB,7,ALL,36,4,4,0,6,66.7,1,t,4,2023-07-26,2026-07-07
VTPB,7,ALL,18,2,2,0,6,33.3,2,f,4,2024-07-20,2024-07-28
VTPB,7,ARR,36,3,3,0,5,60.0,1,t,4,2023-07-26,2026-07-07
VTPB,7,ARR,18,2,2,0,5,40.0,2,f,4,2024-07-20,2024-07-28
VTPB,7,DEP,36,1,1,0,1,100.0,1,t,1,2025-07-22,2025-07-22
VTPB,8,ALL,18,1,1,0,2,50.0,1,t,2,2024-08-21,2024-08-21
VTPB,8,ALL,36,1,1,0,2,50.0,2,f,2,2025-08-16,2025-08-16
VTPB,8,ARR,36,1,1,0,1,100.0,1,t,1,2025-08-16,2025-08-16
VTPB,8,DEP,18,1,1,0,1,100.0,1,t,1,2024-08-21,2024-08-21
VTPB,9,ALL,36,3,3,0,5,60.0,1,t,2,2025-09-02,2025-09-26
VTPB,9,ALL,18,2,2,0,5,40.0,2,f,2,2023-09-12,2023-09-18
VTPB,9,ARR,36,3,3,0,3,100.0,1,t,1,2025-09-02,2025-09-26
VTPB,9,DEP,18,2,2,0,2,100.0,1,t,1,2023-09-12,2023-09-18
VTPB,10,ALL,36,4,4,0,5,80.0,1,t,3,2022-10-05,2025-10-20
VTPB,10,ALL,18,1,1,0,5,20.0,2,f,3,2024-10-21,2024-10-21
VTPB,10,ARR,36,4,4,0,4,100.0,1,t,2,2022-10-05,2025-10-20
VTPB,10,DEP,18,1,1,0,1,100.0,1,t,1,2024-10-21,2024-10-21
VTPB,11,ALL,36,2,2,0,2,100.0,1,t,2,2023-11-21,2025-11-03
VTPB,11,ARR,36,2,2,0,2,100.0,1,t,2,2023-11-21,2025-11-03
VTPB,12,ALL,36,1,1,0,1,100.0,1,t,1,2025-12-02,2025-12-02
VTPB,12,ARR,36,1,1,0,1,100.0,1,t,1,2025-12-02,2025-12-02
VTPH,1,ALL,16,716,716,0,850,84.2,1,t,4,2023-01-01,2026-01-31
VTPH,1,ALL,34,134,134,0,850,15.8,2,f,4,2023-01-12,2026-01-28
VTPH,1,ARR,16,583,583,0,583,100.0,1,t,4,2023-01-01,2026-01-31
VTPH,1,DEP,34,134,134,0,267,50.2,1,t,4,2023-01-12,2026-01-28
VTPH,1,DEP,16,133,133,0,267,49.8,2,f,4,2023-01-09,2026-01-26
VTPH,2,ALL,16,956,771,185,1097,87.1,1,t,4,2023-02-01,2026-02-28
VTPH,2,ALL,34,141,119,22,1097,12.9,2,f,4,2023-02-01,2026-02-28
VTPH,2,ARR,16,692,621,71,692,100.0,1,t,4,2023-02-01,2026-02-28
VTPH,2,DEP,16,264,150,114,405,65.2,1,t,4,2023-02-01,2026-02-28
VTPH,2,DEP,34,141,119,22,405,34.8,2,f,4,2023-02-01,2026-02-28
VTPH,3,ALL,16,1026,787,239,1198,85.6,1,t,4,2023-03-01,2026-03-31
VTPH,3,ALL,34,172,103,69,1198,14.4,2,f,4,2023-03-01,2026-03-28
VTPH,3,ARR,16,684,598,86,696,98.3,1,t,4,2023-03-01,2026-03-31
VTPH,3,ARR,34,12,0,12,696,1.7,2,f,4,2026-03-10,2026-03-14
VTPH,3,DEP,16,342,189,153,502,68.1,1,t,4,2023-03-01,2026-03-31
VTPH,3,DEP,34,160,103,57,502,31.9,2,f,4,2023-03-01,2026-03-28
VTPH,4,ALL,16,813,579,234,893,91.0,1,t,4,2023-04-01,2026-04-30
VTPH,4,ALL,34,80,72,8,893,9.0,2,f,4,2023-04-02,2026-04-25
VTPH,4,ARR,16,533,451,82,533,100.0,1,t,4,2023-04-01,2026-04-30
VTPH,4,DEP,16,280,128,152,360,77.8,1,t,4,2023-04-03,2026-04-30
VTPH,4,DEP,34,80,72,8,360,22.2,2,f,4,2023-04-02,2026-04-25
VTPH,5,ALL,16,873,426,447,955,91.4,1,t,5,2022-05-01,2026-05-31
VTPH,5,ALL,34,82,59,23,955,8.6,2,f,5,2022-05-23,2026-05-31
VTPH,5,ARR,16,568,393,175,569,99.8,1,t,5,2022-05-01,2026-05-31
VTPH,5,ARR,34,1,0,1,569,0.2,2,f,5,2026-05-14,2026-05-14
VTPH,5,DEP,16,305,33,272,386,79.0,1,t,5,2023-05-04,2026-05-31
VTPH,5,DEP,34,81,59,22,386,21.0,2,f,5,2022-05-23,2026-05-31
VTPH,6,ALL,16,445,306,139,469,94.9,1,t,5,2022-06-01,2026-06-30
VTPH,6,ALL,34,24,18,6,469,5.1,2,f,5,2022-06-01,2026-06-28
VTPH,6,ARR,16,353,296,57,353,100.0,1,t,5,2022-06-01,2026-06-30
VTPH,6,DEP,16,92,10,82,116,79.3,1,t,4,2022-06-02,2026-06-16
VTPH,6,DEP,34,24,18,6,116,20.7,2,f,4,2022-06-01,2026-06-28
VTPH,7,ALL,16,414,288,126,438,94.5,1,t,5,2022-07-01,2026-07-31
VTPH,7,ALL,34,24,19,5,438,5.5,2,f,5,2022-07-01,2026-07-29
VTPH,7,ARR,16,328,276,52,328,100.0,1,t,5,2022-07-01,2026-07-31
VTPH,7,DEP,16,86,12,74,110,78.2,1,t,5,2023-07-07,2026-07-27
VTPH,7,DEP,34,24,19,5,110,21.8,2,f,5,2022-07-01,2026-07-29
VTPH,8,ALL,16,286,286,0,306,93.5,1,t,5,2022-08-03,2026-08-04
VTPH,8,ALL,34,20,20,0,306,6.5,2,f,5,2022-08-19,2026-08-03
VTPH,8,ARR,16,279,279,0,279,100.0,1,t,5,2022-08-03,2026-08-04
VTPH,8,DEP,34,20,20,0,27,74.1,1,t,5,2022-08-19,2026-08-03
VTPH,8,DEP,16,7,7,0,27,25.9,2,f,5,2024-08-09,2025-08-05
VTPH,9,ALL,16,219,219,0,229,95.6,1,t,4,2022-09-01,2025-09-30
VTPH,9,ALL,34,10,10,0,229,4.4,2,f,4,2022-09-26,2025-09-30
VTPH,9,ARR,16,218,218,0,218,100.0,1,t,4,2022-09-01,2025-09-30
VTPH,9,DEP,34,10,10,0,11,90.9,1,t,4,2022-09-26,2025-09-30
VTPH,9,DEP,16,1,1,0,11,9.1,2,f,4,2023-09-25,2023-09-25
VTPH,10,ALL,16,229,229,0,239,95.8,1,t,4,2022-10-01,2025-10-31
VTPH,10,ALL,34,10,10,0,239,4.2,2,f,4,2022-10-03,2025-10-02
VTPH,10,ARR,16,224,224,0,224,100.0,1,t,4,2022-10-01,2025-10-31
VTPH,10,DEP,34,10,10,0,15,66.7,1,t,4,2022-10-03,2025-10-02
VTPH,10,DEP,16,5,5,0,15,33.3,2,f,4,2023-10-11,2025-10-10
VTPH,11,ALL,16,223,223,0,242,92.1,1,t,4,2022-11-01,2025-11-30
VTPH,11,ALL,34,19,19,0,242,7.9,2,f,4,2022-11-11,2025-11-25
VTPH,11,ARR,16,208,208,0,208,100.0,1,t,4,2022-11-01,2025-11-30
VTPH,11,DEP,34,19,19,0,34,55.9,1,t,4,2022-11-11,2025-11-25
VTPH,11,DEP,16,15,15,0,34,44.1,2,f,4,2022-11-11,2025-11-28
VTPH,12,ALL,16,353,353,0,408,86.5,1,t,4,2022-12-01,2025-12-31
VTPH,12,ALL,34,55,55,0,408,13.5,2,f,4,2022-12-07,2025-12-31
VTPH,12,ARR,16,329,329,0,329,100.0,1,t,4,2022-12-01,2025-12-31
VTPH,12,DEP,34,55,55,0,79,69.6,1,t,4,2022-12-07,2025-12-31
VTPH,12,DEP,16,24,24,0,79,30.4,2,f,4,2022-12-22,2025-12-24
VTPI,1,ALL,36,23,23,0,29,79.3,1,t,4,2023-01-20,2026-01-27
VTPI,1,ALL,18,6,6,0,29,20.7,2,f,4,2024-01-10,2026-01-26
VTPI,1,ARR,36,19,19,0,24,79.2,1,t,4,2023-01-20,2026-01-27
VTPI,1,ARR,18,5,5,0,24,20.8,2,f,4,2024-01-10,2026-01-26
VTPI,1,DEP,36,4,4,0,5,80.0,1,t,3,2023-01-23,2026-01-16
VTPI,1,DEP,18,1,1,0,5,20.0,2,f,3,2025-01-31,2025-01-31
VTPI,2,ALL,18,9,9,0,17,52.9,1,t,4,2023-02-22,2026-02-20
VTPI,2,ALL,36,8,8,0,17,47.1,2,f,4,2023-02-28,2025-02-21
VTPI,2,ARR,36,8,8,0,13,61.5,1,t,4,2023-02-28,2025-02-21
VTPI,2,ARR,18,5,5,0,13,38.5,2,f,4,2025-02-13,2026-02-20
VTPI,2,DEP,18,4,4,0,4,100.0,1,t,3,2023-02-22,2025-02-03
VTPI,3,ALL,18,10,10,0,14,71.4,1,t,4,2023-03-08,2026-03-31
VTPI,3,ALL,36,4,4,0,14,28.6,2,f,4,2024-03-01,2025-03-20
VTPI,3,ARR,18,7,7,0,10,70.0,1,t,4,2023-03-08,2026-03-30
VTPI,3,ARR,36,3,3,0,10,30.0,2,f,4,2024-03-01,2025-03-20
VTPI,3,DEP,18,3,3,0,4,75.0,1,t,2,2024-03-22,2026-03-31
VTPI,3,DEP,36,1,1,0,4,25.0,2,f,2,2024-03-06,2024-03-06
VTPI,4,ALL,18,5,5,0,8,62.5,1,t,4,2023-04-30,2026-04-02
VTPI,4,ALL,36,3,3,0,8,37.5,2,f,4,2023-04-03,2025-04-21
VTPI,4,ARR,18,5,5,0,7,71.4,1,t,4,2023-04-30,2026-04-02
VTPI,4,ARR,36,2,2,0,7,28.6,2,f,4,2023-04-03,2023-04-19
VTPI,4,DEP,36,1,1,0,1,100.0,1,t,1,2025-04-21,2025-04-21
VTPI,5,ALL,18,12,12,0,22,54.5,1,t,5,2023-05-02,2026-05-25
VTPI,5,ALL,36,10,10,0,22,45.5,2,f,5,2022-05-06,2025-05-25
VTPI,5,ARR,36,10,10,0,19,52.6,1,t,5,2022-05-06,2025-05-25
VTPI,5,ARR,18,9,9,0,19,47.4,2,f,5,2023-05-02,2026-05-25
VTPI,5,DEP,18,3,3,0,3,100.0,1,t,2,2023-05-07,2024-05-08
VTPI,6,ALL,36,7,7,0,12,58.3,1,t,4,2022-06-16,2025-06-27
VTPI,6,ALL,18,5,5,0,12,41.7,2,f,4,2022-06-24,2024-06-28
VTPI,6,ARR,36,6,6,0,11,54.5,1,t,4,2022-06-16,2025-06-27
VTPI,6,ARR,18,5,5,0,11,45.5,2,f,4,2022-06-24,2024-06-28
VTPI,6,DEP,36,1,1,0,1,100.0,1,t,1,2025-06-16,2025-06-16
VTPI,7,ALL,18,3,3,0,5,60.0,1,t,3,2022-07-06,2024-07-18
VTPI,7,ALL,36,2,2,0,5,40.0,2,f,3,2022-07-18,2026-07-15
VTPI,7,ARR,18,2,2,0,4,50.0,1,t,2,2022-07-06,2022-07-06
VTPI,7,ARR,36,2,2,0,4,50.0,2,f,2,2022-07-18,2026-07-15
VTPI,7,DEP,18,1,1,0,1,100.0,1,t,1,2024-07-18,2024-07-18
VTPI,8,ALL,18,5,5,0,9,55.6,1,t,3,2023-08-08,2024-08-22
VTPI,8,ALL,36,4,4,0,9,44.4,2,f,3,2023-08-18,2025-08-25
VTPI,8,ARR,18,4,4,0,6,66.7,1,t,2,2023-08-08,2024-08-22
VTPI,8,ARR,36,2,2,0,6,33.3,2,f,2,2024-08-22,2024-08-28
VTPI,8,DEP,36,2,2,0,3,66.7,1,t,2,2023-08-18,2025-08-25
VTPI,8,DEP,18,1,1,0,3,33.3,2,f,2,2023-08-09,2023-08-09
VTPI,9,ALL,18,9,9,0,15,60.0,1,t,4,2022-09-12,2025-09-26
VTPI,9,ALL,36,6,6,0,15,40.0,2,f,4,2022-09-13,2025-09-21
VTPI,9,ARR,18,9,9,0,13,69.2,1,t,4,2022-09-12,2025-09-26
VTPI,9,ARR,36,4,4,0,13,30.8,2,f,4,2022-09-13,2025-09-21
VTPI,9,DEP,36,2,2,0,2,100.0,1,t,2,2022-09-27,2025-09-12
VTPI,10,ALL,18,4,4,0,5,80.0,1,t,3,2023-10-30,2024-10-18
VTPI,10,ALL,36,1,1,0,5,20.0,2,f,3,2022-10-27,2022-10-27
VTPI,10,ARR,18,4,4,0,5,80.0,1,t,3,2023-10-30,2024-10-18
VTPI,10,ARR,36,1,1,0,5,20.0,2,f,3,2022-10-27,2022-10-27
VTPI,11,ALL,36,15,15,0,16,93.8,1,t,4,2022-11-10,2025-11-07
VTPI,11,ALL,18,1,1,0,16,6.3,2,f,4,2025-11-24,2025-11-24
VTPI,11,ARR,36,15,15,0,16,93.8,1,t,4,2022-11-10,2025-11-07
VTPI,11,ARR,18,1,1,0,16,6.3,2,f,4,2025-11-24,2025-11-24
VTPI,12,ALL,36,8,8,0,13,61.5,1,t,4,2023-12-19,2025-12-13
VTPI,12,ALL,18,5,5,0,13,38.5,2,f,4,2022-12-23,2025-12-01
VTPI,12,ARR,36,8,8,0,11,72.7,1,t,4,2023-12-19,2025-12-13
VTPI,12,ARR,18,3,3,0,11,27.3,2,f,4,2022-12-23,2025-12-01
VTPI,12,DEP,18,2,2,0,2,100.0,1,t,2,2023-12-21,2024-12-02
VTPM,1,ALL,27,10,10,0,10,100.0,1,t,2,2025-01-04,2026-01-04
VTPM,1,ARR,27,10,10,0,10,100.0,1,t,2,2025-01-04,2026-01-04
VTPM,2,ALL,27,3,3,0,4,75.0,1,t,2,2023-02-19,2025-02-21
VTPM,2,ALL,09,1,1,0,4,25.0,2,f,2,2025-02-19,2025-02-19
VTPM,2,ARR,27,3,3,0,3,100.0,1,t,2,2023-02-19,2025-02-21
VTPM,2,DEP,09,1,1,0,1,100.0,1,t,1,2025-02-19,2025-02-19
VTPM,3,ALL,27,3,3,0,3,100.0,1,t,2,2023-03-31,2025-03-09
VTPM,3,ARR,27,3,3,0,3,100.0,1,t,2,2023-03-31,2025-03-09
VTPM,4,ALL,27,14,14,0,14,100.0,1,t,3,2023-04-03,2025-04-21
VTPM,4,ARR,27,14,14,0,14,100.0,1,t,3,2023-04-03,2025-04-21
VTPM,5,ALL,27,11,11,0,11,100.0,1,t,3,2022-05-17,2025-05-17
VTPM,5,ARR,27,11,11,0,11,100.0,1,t,3,2022-05-17,2025-05-17
VTPM,6,ALL,27,8,8,0,8,100.0,1,t,5,2022-06-09,2026-06-01
VTPM,6,ARR,27,8,8,0,8,100.0,1,t,5,2022-06-09,2026-06-01
VTPM,7,ALL,27,4,4,0,4,100.0,1,t,2,2023-07-07,2024-07-08
VTPM,7,ARR,27,4,4,0,4,100.0,1,t,2,2023-07-07,2024-07-08
VTPM,9,ALL,27,4,4,0,4,100.0,1,t,1,2023-09-01,2023-09-24
VTPM,9,ARR,27,4,4,0,4,100.0,1,t,1,2023-09-01,2023-09-24
VTPM,10,ALL,27,2,2,0,2,100.0,1,t,1,2024-10-27,2024-10-30
VTPM,10,ARR,27,2,2,0,2,100.0,1,t,1,2024-10-27,2024-10-30
VTPM,11,ALL,27,15,15,0,15,100.0,1,t,3,2023-11-14,2025-11-30
VTPM,11,ARR,27,15,15,0,15,100.0,1,t,3,2023-11-14,2025-11-30
VTPM,12,ALL,27,19,19,0,19,100.0,1,t,3,2023-12-02,2025-12-30
VTPM,12,ARR,27,19,19,0,19,100.0,1,t,3,2023-12-02,2025-12-30
VTPN,2,ALL,05,2,2,0,2,100.0,1,t,1,2023-02-01,2023-02-03
VTPN,2,DEP,05,2,2,0,2,100.0,1,t,1,2023-02-01,2023-02-03
VTPN,3,ALL,05,1,1,0,2,50.0,1,t,1,2024-03-12,2024-03-12
VTPN,3,ALL,23,1,1,0,2,50.0,2,f,1,2024-03-17,2024-03-17
VTPN,3,DEP,05,1,1,0,2,50.0,1,t,1,2024-03-12,2024-03-12
VTPN,3,DEP,23,1,1,0,2,50.0,2,f,1,2024-03-17,2024-03-17
VTPN,4,ALL,05,1,1,0,1,100.0,1,t,1,2023-04-10,2023-04-10
VTPN,4,DEP,05,1,1,0,1,100.0,1,t,1,2023-04-10,2023-04-10
VTPN,6,ALL,05,1,1,0,1,100.0,1,t,1,2025-06-18,2025-06-18
VTPN,6,DEP,05,1,1,0,1,100.0,1,t,1,2025-06-18,2025-06-18
VTPN,7,ALL,05,1,1,0,1,100.0,1,t,1,2024-07-16,2024-07-16
VTPN,7,DEP,05,1,1,0,1,100.0,1,t,1,2024-07-16,2024-07-16
VTPN,8,ALL,05,1,1,0,1,100.0,1,t,1,2025-08-21,2025-08-21
VTPN,8,DEP,05,1,1,0,1,100.0,1,t,1,2025-08-21,2025-08-21
VTPN,10,ALL,23,3,3,0,5,60.0,1,t,2,2025-10-09,2025-10-10
VTPN,10,ALL,05,2,2,0,5,40.0,2,f,2,2022-10-27,2025-10-09
VTPN,10,DEP,23,3,3,0,5,60.0,1,t,2,2025-10-09,2025-10-10
VTPN,10,DEP,05,2,2,0,5,40.0,2,f,2,2022-10-27,2025-10-09
VTPN,11,ALL,23,3,3,0,5,60.0,1,t,2,2024-11-26,2025-11-17
VTPN,11,ALL,05,2,2,0,5,40.0,2,f,2,2024-11-11,2024-11-12
VTPN,11,DEP,23,3,3,0,5,60.0,1,t,2,2024-11-26,2025-11-17
VTPN,11,DEP,05,2,2,0,5,40.0,2,f,2,2024-11-11,2024-11-12
VTPO,1,ALL,36,607,607,0,733,82.8,1,t,4,2023-01-04,2026-01-31
VTPO,1,ALL,18,126,126,0,733,17.2,2,f,4,2023-01-04,2026-01-31
VTPO,1,ARR,36,428,428,0,472,90.7,1,t,4,2023-01-04,2026-01-31
VTPO,1,ARR,18,44,44,0,472,9.3,2,f,4,2023-01-12,2026-01-30
VTPO,1,DEP,36,179,179,0,261,68.6,1,t,4,2023-01-06,2026-01-29
VTPO,1,DEP,18,82,82,0,261,31.4,2,f,4,2023-01-04,2026-01-31
VTPO,2,ALL,36,706,428,278,988,71.5,1,t,4,2023-02-01,2026-02-28
VTPO,2,ALL,18,282,188,94,988,28.5,2,f,4,2023-02-01,2026-02-28
VTPO,2,ARR,36,421,288,133,569,74.0,1,t,4,2023-02-01,2026-02-28
VTPO,2,ARR,18,148,119,29,569,26.0,2,f,4,2023-02-06,2026-02-27
VTPO,2,DEP,36,285,140,145,419,68.0,1,t,4,2023-02-01,2026-02-28
VTPO,2,DEP,18,134,69,65,419,32.0,2,f,4,2023-02-01,2026-02-28
VTPO,3,ALL,36,364,173,191,597,61.0,1,t,4,2023-03-01,2026-03-31
VTPO,3,ALL,18,233,144,89,597,39.0,2,f,4,2023-03-01,2026-03-31
VTPO,3,ARR,36,210,132,78,342,61.4,1,t,4,2023-03-02,2026-03-31
VTPO,3,ARR,18,132,98,34,342,38.6,2,f,4,2023-03-01,2026-03-29
VTPO,3,DEP,36,154,41,113,255,60.4,1,t,4,2023-03-01,2026-03-28
VTPO,3,DEP,18,101,46,55,255,39.6,2,f,4,2023-03-02,2026-03-31
VTPO,4,ALL,36,220,173,47,415,53.0,1,t,4,2023-04-01,2026-04-30
VTPO,4,ALL,18,195,147,48,415,47.0,2,f,4,2023-04-01,2026-04-30
VTPO,4,ARR,36,174,161,13,247,70.4,1,t,4,2023-04-01,2026-04-30
VTPO,4,ARR,18,73,56,17,247,29.6,2,f,4,2023-04-01,2026-04-30
VTPO,4,DEP,18,122,91,31,168,72.6,1,t,4,2023-04-01,2026-04-30
VTPO,4,DEP,36,46,12,34,168,27.4,2,f,4,2023-04-20,2026-04-30
VTPO,5,ALL,36,560,406,154,884,63.3,1,t,5,2022-05-01,2026-05-31
VTPO,5,ALL,18,324,237,87,884,36.7,2,f,5,2022-05-01,2026-05-31
VTPO,5,ARR,36,386,352,34,515,75.0,1,t,5,2022-05-01,2026-05-31
VTPO,5,ARR,18,129,93,36,515,25.0,2,f,5,2022-05-13,2026-05-31
VTPO,5,DEP,18,195,144,51,369,52.8,1,t,5,2022-05-01,2026-05-31
VTPO,5,DEP,36,174,54,120,369,47.2,2,f,5,2022-05-13,2026-05-31
VTPO,6,ALL,18,482,398,84,914,52.7,1,t,5,2022-06-01,2026-06-30
VTPO,6,ALL,36,432,369,63,914,47.3,2,f,5,2022-06-01,2026-06-29
VTPO,6,ARR,36,310,297,13,570,54.4,1,t,5,2022-06-01,2026-06-29
VTPO,6,ARR,18,260,222,38,570,45.6,2,f,5,2022-06-03,2026-06-30
VTPO,6,DEP,18,222,176,46,344,64.5,1,t,5,2022-06-01,2026-06-24
VTPO,6,DEP,36,122,72,50,344,35.5,2,f,5,2022-06-02,2026-06-19
VTPO,7,ALL,18,574,474,100,935,61.4,1,t,5,2022-07-01,2026-07-31
VTPO,7,ALL,36,361,335,26,935,38.6,2,f,5,2022-07-01,2026-07-31
VTPO,7,ARR,18,291,246,45,559,52.1,1,t,5,2022-07-02,2026-07-31
VTPO,7,ARR,36,268,267,1,559,47.9,2,f,5,2022-07-01,2026-07-31
VTPO,7,DEP,18,283,228,55,376,75.3,1,t,5,2022-07-01,2026-07-31
VTPO,7,DEP,36,93,68,25,376,24.7,2,f,5,2022-07-02,2026-07-31
VTPO,8,ALL,18,219,219,0,399,54.9,1,t,5,2022-08-01,2026-08-04
VTPO,8,ALL,36,180,180,0,399,45.1,2,f,5,2022-08-02,2026-08-04
VTPO,8,ARR,36,138,138,0,260,53.1,1,t,5,2022-08-04,2026-08-04
VTPO,8,ARR,18,122,122,0,260,46.9,2,f,5,2022-08-01,2026-08-04
VTPO,8,DEP,18,97,97,0,139,69.8,1,t,5,2022-08-01,2026-08-04
VTPO,8,DEP,36,42,42,0,139,30.2,2,f,5,2022-08-02,2025-08-29
VTPO,9,ALL,36,150,150,0,232,64.7,1,t,4,2022-09-01,2025-09-30
VTPO,9,ALL,18,82,82,0,232,35.3,2,f,4,2022-09-01,2025-09-30
VTPO,9,ARR,36,126,126,0,172,73.3,1,t,4,2022-09-01,2025-09-30
VTPO,9,ARR,18,46,46,0,172,26.7,2,f,4,2022-09-01,2025-09-27
VTPO,9,DEP,18,36,36,0,60,60.0,1,t,4,2022-09-08,2025-09-30
VTPO,9,DEP,36,24,24,0,60,40.0,2,f,4,2022-09-06,2025-09-27
VTPO,10,ALL,36,298,298,0,369,80.8,1,t,4,2022-10-03,2025-10-30
VTPO,10,ALL,18,71,71,0,369,19.2,2,f,4,2022-10-01,2025-10-29
VTPO,10,ARR,36,224,224,0,253,88.5,1,t,4,2022-10-03,2025-10-30
VTPO,10,ARR,18,29,29,0,253,11.5,2,f,4,2022-10-01,2025-10-15
VTPO,10,DEP,36,74,74,0,116,63.8,1,t,4,2022-10-11,2025-10-30
VTPO,10,DEP,18,42,42,0,116,36.2,2,f,4,2022-10-28,2025-10-29
VTPO,11,ALL,36,470,470,0,665,70.7,1,t,4,2022-11-02,2025-11-28
VTPO,11,ALL,18,195,195,0,665,29.3,2,f,4,2022-11-04,2025-11-27
VTPO,11,ARR,36,388,388,0,412,94.2,1,t,4,2022-11-02,2025-11-28
VTPO,11,ARR,18,24,24,0,412,5.8,2,f,4,2022-11-04,2025-11-25
VTPO,11,DEP,18,171,171,0,253,67.6,1,t,4,2022-11-04,2025-11-27
VTPO,11,DEP,36,82,82,0,253,32.4,2,f,4,2022-11-02,2025-11-28
VTPO,12,ALL,36,227,227,0,339,67.0,1,t,4,2022-12-12,2025-12-31
VTPO,12,ALL,18,112,112,0,339,33.0,2,f,4,2022-12-02,2025-12-31
VTPO,12,ARR,36,190,190,0,229,83.0,1,t,4,2022-12-12,2025-12-31
VTPO,12,ARR,18,39,39,0,229,17.0,2,f,4,2022-12-22,2025-12-24
VTPO,12,DEP,18,73,73,0,110,66.4,1,t,4,2022-12-02,2025-12-31
VTPO,12,DEP,36,37,37,0,110,33.6,2,f,4,2022-12-14,2025-12-24
VTPP,1,ALL,32,2543,2543,0,3390,75.0,1,t,4,2023-01-01,2026-01-31
VTPP,1,ALL,14,847,847,0,3390,25.0,2,f,4,2023-01-02,2026-01-31
VTPP,1,ARR,32,1481,1481,0,1532,96.7,1,t,4,2023-01-01,2026-01-31
VTPP,1,ARR,14,51,51,0,1532,3.3,2,f,4,2023-01-11,2026-01-25
VTPP,1,DEP,32,1062,1062,0,1858,57.2,1,t,4,2023-01-01,2026-01-31
VTPP,1,DEP,14,796,796,0,1858,42.8,2,f,4,2023-01-02,2026-01-31
VTPP,2,ALL,32,2703,2703,0,3936,68.7,1,t,4,2023-02-01,2026-02-28
VTPP,2,ALL,14,1233,1233,0,3936,31.3,2,f,4,2023-02-01,2026-02-28
VTPP,2,ARR,32,1558,1558,0,1822,85.5,1,t,4,2023-02-01,2026-02-28
VTPP,2,ARR,14,264,264,0,1822,14.5,2,f,4,2023-02-05,2026-02-28
VTPP,2,DEP,32,1145,1145,0,2114,54.2,1,t,4,2023-02-01,2026-02-28
VTPP,2,DEP,14,969,969,0,2114,45.8,2,f,4,2023-02-01,2026-02-28
VTPP,3,ALL,32,2409,2409,0,4216,57.1,1,t,4,2023-03-01,2026-03-31
VTPP,3,ALL,14,1807,1807,0,4216,42.9,2,f,4,2023-03-01,2026-03-31
VTPP,3,ARR,32,1377,1377,0,2029,67.9,1,t,4,2023-03-01,2026-03-31
VTPP,3,ARR,14,652,652,0,2029,32.1,2,f,4,2023-03-04,2026-03-31
VTPP,3,DEP,14,1155,1155,0,2187,52.8,1,t,4,2023-03-01,2026-03-31
VTPP,3,DEP,32,1032,1032,0,2187,47.2,2,f,4,2023-03-01,2026-03-31
VTPP,4,ALL,32,1931,1931,0,3674,52.6,1,t,4,2023-04-01,2026-04-30
VTPP,4,ALL,14,1743,1743,0,3674,47.4,2,f,4,2023-04-01,2026-04-30
VTPP,4,ARR,32,1121,1121,0,1792,62.6,1,t,4,2023-04-01,2026-04-30
VTPP,4,ARR,14,671,671,0,1792,37.4,2,f,4,2023-04-01,2026-04-30
VTPP,4,DEP,14,1072,1072,0,1882,57.0,1,t,4,2023-04-01,2026-04-30
VTPP,4,DEP,32,810,810,0,1882,43.0,2,f,4,2023-04-01,2026-04-30
VTPP,5,ALL,32,3098,3098,0,4882,63.5,1,t,5,2022-05-01,2026-05-31
VTPP,5,ALL,14,1784,1784,0,4882,36.5,2,f,5,2022-05-01,2026-05-31
VTPP,5,ARR,32,1896,1896,0,2364,80.2,1,t,5,2022-05-01,2026-05-31
VTPP,5,ARR,14,468,468,0,2364,19.8,2,f,5,2022-05-02,2026-05-29
VTPP,5,DEP,14,1316,1316,0,2518,52.3,1,t,5,2022-05-01,2026-05-31
VTPP,5,DEP,32,1202,1202,0,2518,47.7,2,f,5,2022-05-01,2026-05-31
VTPP,6,ALL,32,2439,2439,0,4287,56.9,1,t,5,2022-06-01,2026-06-30
VTPP,6,ALL,14,1848,1848,0,4287,43.1,2,f,5,2022-06-01,2026-06-30
VTPP,6,ARR,32,1502,1502,0,2077,72.3,1,t,5,2022-06-01,2026-06-30
VTPP,6,ARR,14,575,575,0,2077,27.7,2,f,5,2022-06-03,2026-06-30
VTPP,6,DEP,14,1273,1273,0,2210,57.6,1,t,5,2022-06-01,2026-06-30
VTPP,6,DEP,32,937,937,0,2210,42.4,2,f,5,2022-06-01,2026-06-30
VTPP,7,ALL,32,2781,2781,0,4095,67.9,1,t,5,2022-07-01,2026-07-31
VTPP,7,ALL,14,1314,1314,0,4095,32.1,2,f,5,2022-07-01,2026-07-31
VTPP,7,ARR,32,1636,1636,0,1988,82.3,1,t,5,2022-07-01,2026-07-31
VTPP,7,ARR,14,352,352,0,1988,17.7,2,f,5,2022-07-03,2026-07-31
VTPP,7,DEP,32,1145,1145,0,2107,54.3,1,t,5,2022-07-01,2026-07-31
VTPP,7,DEP,14,962,962,0,2107,45.7,2,f,5,2022-07-01,2026-07-31
VTPP,8,ALL,32,2140,2140,0,3234,66.2,1,t,5,2022-08-01,2026-08-04
VTPP,8,ALL,14,1094,1094,0,3234,33.8,2,f,5,2022-08-01,2026-08-04
VTPP,8,ARR,32,1314,1314,0,1543,85.2,1,t,5,2022-08-01,2026-08-04
VTPP,8,ARR,14,229,229,0,1543,14.8,2,f,5,2022-08-02,2026-08-04
VTPP,8,DEP,14,865,865,0,1691,51.2,1,t,5,2022-08-01,2026-08-04
VTPP,8,DEP,32,826,826,0,1691,48.8,2,f,5,2022-08-01,2026-08-04
VTPP,9,ALL,32,1901,1901,0,2728,69.7,1,t,4,2022-09-01,2025-09-30
VTPP,9,ALL,14,827,827,0,2728,30.3,2,f,4,2022-09-01,2025-09-30
VTPP,9,ARR,32,1083,1083,0,1259,86.0,1,t,4,2022-09-01,2025-09-30
VTPP,9,ARR,14,176,176,0,1259,14.0,2,f,4,2022-09-02,2025-09-30
VTPP,9,DEP,32,818,818,0,1469,55.7,1,t,4,2022-09-01,2025-09-30
VTPP,9,DEP,14,651,651,0,1469,44.3,2,f,4,2022-09-01,2025-09-30
VTPP,10,ALL,32,2507,2507,0,3337,75.1,1,t,4,2022-10-01,2025-10-31
VTPP,10,ALL,14,830,830,0,3337,24.9,2,f,4,2022-10-01,2025-10-31
VTPP,10,ARR,32,1463,1463,0,1521,96.2,1,t,4,2022-10-01,2025-10-31
VTPP,10,ARR,14,58,58,0,1521,3.8,2,f,4,2022-10-01,2025-10-31
VTPP,10,DEP,32,1044,1044,0,1816,57.5,1,t,4,2022-10-01,2025-10-31
VTPP,10,DEP,14,772,772,0,1816,42.5,2,f,4,2022-10-01,2025-10-31
VTPP,11,ALL,32,2678,2678,0,3625,73.9,1,t,4,2022-11-01,2025-11-30
VTPP,11,ALL,14,947,947,0,3625,26.1,2,f,4,2022-11-01,2025-11-30
VTPP,11,ARR,32,1683,1683,0,1735,97.0,1,t,4,2022-11-01,2025-11-30
VTPP,11,ARR,14,52,52,0,1735,3.0,2,f,4,2022-11-01,2025-11-25
VTPP,11,DEP,32,995,995,0,1890,52.6,1,t,4,2022-11-01,2025-11-30
VTPP,11,DEP,14,895,895,0,1890,47.4,2,f,4,2022-11-01,2025-11-30
VTPP,12,ALL,32,2253,2253,0,2861,78.7,1,t,4,2022-12-01,2025-12-31
VTPP,12,ALL,14,608,608,0,2861,21.3,2,f,4,2022-12-01,2025-12-30
VTPP,12,ARR,32,1308,1308,0,1341,97.5,1,t,4,2022-12-01,2025-12-31
VTPP,12,ARR,14,33,33,0,1341,2.5,2,f,4,2022-12-02,2025-12-30
VTPP,12,DEP,32,945,945,0,1520,62.2,1,t,4,2022-12-01,2025-12-31
VTPP,12,DEP,14,575,575,0,1520,37.8,2,f,4,2022-12-01,2025-12-30
VTPR,4,ALL,03,1,1,0,1,100.0,1,t,1,2023-04-03,2023-04-03
VTPR,4,DEP,03,1,1,0,1,100.0,1,t,1,2023-04-03,2023-04-03
VTPR,6,ALL,03,1,1,0,1,100.0,1,t,1,2025-06-20,2025-06-20
VTPR,6,DEP,03,1,1,0,1,100.0,1,t,1,2025-06-20,2025-06-20
VTPT,6,ALL,09,1,1,0,1,100.0,1,t,1,2022-06-18,2022-06-18
VTPT,6,DEP,09,1,1,0,1,100.0,1,t,1,2022-06-18,2022-06-18
VTSB,1,ALL,04,3040,3040,0,4628,65.7,1,t,4,2023-01-01,2026-01-31
VTSB,1,ALL,22,1588,1588,0,4628,34.3,2,f,4,2023-01-01,2026-01-31
VTSB,1,ARR,22,1235,1235,0,2279,54.2,1,t,4,2023-01-01,2026-01-31
VTSB,1,ARR,04,1044,1044,0,2279,45.8,2,f,4,2023-01-01,2026-01-31
VTSB,1,DEP,04,1996,1996,0,2349,85.0,1,t,4,2023-01-01,2026-01-31
VTSB,1,DEP,22,353,353,0,2349,15.0,2,f,4,2023-01-01,2026-01-31
VTSB,2,ALL,04,2476,2476,0,3997,61.9,1,t,4,2023-02-01,2026-02-28
VTSB,2,ALL,22,1521,1521,0,3997,38.1,2,f,4,2023-02-01,2026-02-28
VTSB,2,ARR,22,1199,1199,0,1982,60.5,1,t,4,2023-02-01,2026-02-28
VTSB,2,ARR,04,783,783,0,1982,39.5,2,f,4,2023-02-02,2026-02-26
VTSB,2,DEP,04,1693,1693,0,2015,84.0,1,t,4,2023-02-01,2026-02-28
VTSB,2,DEP,22,322,322,0,2015,16.0,2,f,4,2023-02-01,2026-02-28
VTSB,3,ALL,04,2624,2624,0,4446,59.0,1,t,4,2023-03-01,2026-03-31
VTSB,3,ALL,22,1822,1822,0,4446,41.0,2,f,4,2023-03-01,2026-03-31
VTSB,3,ARR,22,1380,1380,0,2203,62.6,1,t,4,2023-03-01,2026-03-31
VTSB,3,ARR,04,823,823,0,2203,37.4,2,f,4,2023-03-01,2026-03-31
VTSB,3,DEP,04,1801,1801,0,2243,80.3,1,t,4,2023-03-01,2026-03-31
VTSB,3,DEP,22,442,442,0,2243,19.7,2,f,4,2023-03-01,2026-03-31
VTSB,4,ALL,04,2227,2227,0,4356,51.1,1,t,4,2023-04-01,2026-04-30
VTSB,4,ALL,22,2129,2129,0,4356,48.9,2,f,4,2023-04-01,2026-04-30
VTSB,4,ARR,22,1610,1610,0,2162,74.5,1,t,4,2023-04-01,2026-04-30
VTSB,4,ARR,04,552,552,0,2162,25.5,2,f,4,2023-04-01,2026-04-30
VTSB,4,DEP,04,1675,1675,0,2194,76.3,1,t,4,2023-04-01,2026-04-30
VTSB,4,DEP,22,519,519,0,2194,23.7,2,f,4,2023-04-01,2026-04-30
VTSB,5,ALL,22,3377,3377,0,5295,63.8,1,t,5,2022-05-01,2026-05-31
VTSB,5,ALL,04,1918,1918,0,5295,36.2,2,f,5,2022-05-01,2026-05-31
VTSB,5,ARR,22,2425,2425,0,2626,92.3,1,t,5,2022-05-01,2026-05-31
VTSB,5,ARR,04,201,201,0,2626,7.7,2,f,5,2022-05-03,2026-05-25
VTSB,5,DEP,04,1717,1717,0,2669,64.3,1,t,5,2022-05-01,2026-05-31
VTSB,5,DEP,22,952,952,0,2669,35.7,2,f,5,2022-05-01,2026-05-31
VTSB,6,ALL,22,3381,3381,0,4874,69.4,1,t,5,2022-06-01,2026-06-30
VTSB,6,ALL,04,1493,1493,0,4874,30.6,2,f,5,2022-06-01,2026-06-30
VTSB,6,ARR,22,2362,2362,0,2418,97.7,1,t,5,2022-06-01,2026-06-30
VTSB,6,ARR,04,56,56,0,2418,2.3,2,f,5,2022-06-10,2026-06-23
VTSB,6,DEP,04,1437,1437,0,2456,58.5,1,t,5,2022-06-01,2026-06-30
VTSB,6,DEP,22,1019,1019,0,2456,41.5,2,f,5,2022-06-01,2026-06-30
VTSB,7,ALL,22,3885,3885,0,5414,71.8,1,t,5,2022-07-01,2026-07-31
VTSB,7,ALL,04,1529,1529,0,5414,28.2,2,f,5,2022-07-01,2026-07-31
VTSB,7,ARR,22,2638,2638,0,2685,98.2,1,t,5,2022-07-01,2026-07-31
VTSB,7,ARR,04,47,47,0,2685,1.8,2,f,5,2022-07-10,2026-07-25
VTSB,7,DEP,04,1482,1482,0,2729,54.3,1,t,5,2022-07-01,2026-07-31
VTSB,7,DEP,22,1247,1247,0,2729,45.7,2,f,5,2022-07-01,2026-07-31
VTSB,8,ALL,22,3141,3141,0,4560,68.9,1,t,5,2022-08-01,2026-08-04
VTSB,8,ALL,04,1419,1419,0,4560,31.1,2,f,5,2022-08-01,2026-08-04
VTSB,8,ARR,22,2250,2250,0,2272,99.0,1,t,5,2022-08-01,2026-08-04
VTSB,8,ARR,04,22,22,0,2272,1.0,2,f,5,2022-08-31,2026-08-03
VTSB,8,DEP,04,1397,1397,0,2288,61.1,1,t,5,2022-08-01,2026-08-04
VTSB,8,DEP,22,891,891,0,2288,38.9,2,f,5,2022-08-01,2026-08-04
VTSB,9,ALL,22,2486,2486,0,3708,67.0,1,t,4,2022-09-01,2025-09-30
VTSB,9,ALL,04,1222,1222,0,3708,33.0,2,f,4,2022-09-01,2025-09-30
VTSB,9,ARR,22,1824,1824,0,1842,99.0,1,t,4,2022-09-01,2025-09-30
VTSB,9,ARR,04,18,18,0,1842,1.0,2,f,4,2022-09-01,2025-09-14
VTSB,9,DEP,04,1204,1204,0,1866,64.5,1,t,4,2022-09-01,2025-09-30
VTSB,9,DEP,22,662,662,0,1866,35.5,2,f,4,2022-09-01,2025-09-30
VTSB,10,ALL,22,2582,2582,0,4165,62.0,1,t,4,2022-10-01,2025-10-31
VTSB,10,ALL,04,1583,1583,0,4165,38.0,2,f,4,2022-10-01,2025-10-31
VTSB,10,ARR,22,1954,1954,0,2067,94.5,1,t,4,2022-10-01,2025-10-31
VTSB,10,ARR,04,113,113,0,2067,5.5,2,f,4,2022-10-02,2025-10-27
VTSB,10,DEP,04,1470,1470,0,2098,70.1,1,t,4,2022-10-01,2025-10-31
VTSB,10,DEP,22,628,628,0,2098,29.9,2,f,4,2022-10-01,2025-10-31
VTSB,11,ALL,04,2021,2021,0,4018,50.3,1,t,4,2022-11-01,2025-11-30
VTSB,11,ALL,22,1997,1997,0,4018,49.7,2,f,4,2022-11-01,2025-11-30
VTSB,11,ARR,22,1564,1564,0,1981,79.0,1,t,4,2022-11-01,2025-11-30
VTSB,11,ARR,04,417,417,0,1981,21.0,2,f,4,2022-11-01,2025-11-30
VTSB,11,DEP,04,1604,1604,0,2037,78.7,1,t,4,2022-11-01,2025-11-30
VTSB,11,DEP,22,433,433,0,2037,21.3,2,f,4,2022-11-01,2025-11-28
VTSB,12,ALL,04,2608,2608,0,4146,62.9,1,t,4,2022-12-01,2025-12-31
VTSB,12,ALL,22,1538,1538,0,4146,37.1,2,f,4,2022-12-01,2025-12-31
VTSB,12,ARR,22,1230,1230,0,2075,59.3,1,t,4,2022-12-01,2025-12-31
VTSB,12,ARR,04,845,845,0,2075,40.7,2,f,4,2022-12-02,2025-12-31
VTSB,12,DEP,04,1763,1763,0,2071,85.1,1,t,4,2022-12-01,2025-12-31
VTSB,12,DEP,22,308,308,0,2071,14.9,2,f,4,2022-12-01,2025-12-31
VTSC,2,ALL,20,3,3,0,4,75.0,1,t,2,2025-02-03,2026-02-24
VTSC,2,ALL,02,1,1,0,4,25.0,2,f,2,2026-02-27,2026-02-27
VTSC,2,ARR,20,3,3,0,4,75.0,1,t,2,2025-02-03,2026-02-24
VTSC,2,ARR,02,1,1,0,4,25.0,2,f,2,2026-02-27,2026-02-27
VTSC,3,ALL,20,7,7,0,7,100.0,1,t,4,2023-03-26,2026-03-20
VTSC,3,ARR,20,7,7,0,7,100.0,1,t,4,2023-03-26,2026-03-20
VTSC,4,ALL,20,15,15,0,17,88.2,1,t,3,2023-04-01,2026-04-24
VTSC,4,ALL,02,2,2,0,17,11.8,2,f,3,2024-04-19,2026-04-08
VTSC,4,ARR,20,15,15,0,15,100.0,1,t,3,2023-04-01,2026-04-24
VTSC,4,DEP,02,2,2,0,2,100.0,1,t,2,2024-04-19,2026-04-08
VTSC,5,ALL,20,2,2,0,2,100.0,1,t,1,2023-05-12,2023-05-12
VTSC,5,ARR,20,2,2,0,2,100.0,1,t,1,2023-05-12,2023-05-12
VTSC,6,ALL,20,1,1,0,1,100.0,1,t,1,2024-06-05,2024-06-05
VTSC,6,ARR,20,1,1,0,1,100.0,1,t,1,2024-06-05,2024-06-05
VTSC,7,ALL,20,1,1,0,1,100.0,1,t,1,2026-07-20,2026-07-20
VTSC,7,ARR,20,1,1,0,1,100.0,1,t,1,2026-07-20,2026-07-20
VTSC,8,ALL,20,3,3,0,3,100.0,1,t,3,2022-08-13,2024-08-15
VTSC,8,ARR,20,3,3,0,3,100.0,1,t,3,2022-08-13,2024-08-15
VTSC,9,ALL,20,4,4,0,4,100.0,1,t,1,2023-09-30,2023-09-30
VTSC,9,ARR,20,4,4,0,4,100.0,1,t,1,2023-09-30,2023-09-30
VTSC,10,ALL,20,1,1,0,1,100.0,1,t,1,2025-10-06,2025-10-06
VTSC,10,ARR,20,1,1,0,1,100.0,1,t,1,2025-10-06,2025-10-06
VTSE,1,ALL,06,738,738,0,1342,55.0,1,t,4,2023-01-01,2026-01-31
VTSE,1,ALL,24,604,604,0,1342,45.0,2,f,4,2023-01-01,2026-01-31
VTSE,1,ARR,24,397,397,0,683,58.1,1,t,4,2023-01-01,2026-01-31
VTSE,1,ARR,06,286,286,0,683,41.9,2,f,4,2023-01-07,2026-01-31
VTSE,1,DEP,06,452,452,0,659,68.6,1,t,4,2023-01-01,2026-01-31
VTSE,1,DEP,24,207,207,0,659,31.4,2,f,4,2023-01-05,2026-01-31
VTSE,2,ALL,24,933,933,0,1581,59.0,1,t,4,2023-02-01,2026-02-28
VTSE,2,ALL,06,648,648,0,1581,41.0,2,f,4,2023-02-01,2026-02-28
VTSE,2,ARR,24,616,616,0,805,76.5,1,t,4,2023-02-01,2026-02-28
VTSE,2,ARR,06,189,189,0,805,23.5,2,f,4,2023-02-01,2026-02-25
VTSE,2,DEP,06,459,459,0,776,59.1,1,t,4,2023-02-01,2026-02-28
VTSE,2,DEP,24,317,317,0,776,40.9,2,f,4,2023-02-01,2026-02-28
VTSE,3,ALL,24,902,902,0,1446,62.4,1,t,4,2023-03-01,2026-03-31
VTSE,3,ALL,06,544,544,0,1446,37.6,2,f,4,2023-03-01,2026-03-31
VTSE,3,ARR,24,569,569,0,720,79.0,1,t,4,2023-03-01,2026-03-31
VTSE,3,ARR,06,151,151,0,720,21.0,2,f,4,2023-03-01,2026-03-30
VTSE,3,DEP,06,393,393,0,726,54.1,1,t,4,2023-03-01,2026-03-31
VTSE,3,DEP,24,333,333,0,726,45.9,2,f,4,2023-03-01,2026-03-31
VTSE,4,ALL,24,693,693,0,963,72.0,1,t,4,2023-04-01,2026-04-30
VTSE,4,ALL,06,270,270,0,963,28.0,2,f,4,2023-04-01,2026-04-29
VTSE,4,ARR,24,460,460,0,511,90.0,1,t,4,2023-04-01,2026-04-30
VTSE,4,ARR,06,51,51,0,511,10.0,2,f,4,2023-04-03,2026-04-22
VTSE,4,DEP,24,233,233,0,452,51.5,1,t,4,2023-04-01,2026-04-30
VTSE,4,DEP,06,219,219,0,452,48.5,2,f,4,2023-04-01,2026-04-29
VTSE,5,ALL,24,1224,1224,0,1681,72.8,1,t,5,2022-05-01,2026-05-31
VTSE,5,ALL,06,457,457,0,1681,27.2,2,f,5,2022-05-02,2026-05-30
VTSE,5,ARR,24,785,785,0,885,88.7,1,t,5,2022-05-01,2026-05-31
VTSE,5,ARR,06,100,100,0,885,11.3,2,f,5,2022-05-03,2026-05-29
VTSE,5,DEP,24,439,439,0,796,55.2,1,t,5,2022-05-03,2026-05-29
VTSE,5,DEP,06,357,357,0,796,44.8,2,f,5,2022-05-02,2026-05-30
VTSE,6,ALL,24,1055,1055,0,1395,75.6,1,t,5,2022-06-01,2026-06-30
VTSE,6,ALL,06,340,340,0,1395,24.4,2,f,5,2022-06-01,2026-06-30
VTSE,6,ARR,24,697,697,0,719,96.9,1,t,5,2022-06-01,2026-06-30
VTSE,6,ARR,06,22,22,0,719,3.1,2,f,5,2022-06-06,2026-06-19
VTSE,6,DEP,24,358,358,0,676,53.0,1,t,5,2022-06-01,2026-06-30
VTSE,6,DEP,06,318,318,0,676,47.0,2,f,5,2022-06-01,2026-06-30
VTSE,7,ALL,24,1160,1160,0,1557,74.5,1,t,5,2022-07-01,2026-07-31
VTSE,7,ALL,06,397,397,0,1557,25.5,2,f,5,2022-07-01,2026-07-31
VTSE,7,ARR,24,824,824,0,850,96.9,1,t,5,2022-07-01,2026-07-31
VTSE,7,ARR,06,26,26,0,850,3.1,2,f,5,2022-07-14,2026-07-10
VTSE,7,DEP,06,371,371,0,707,52.5,1,t,5,2022-07-01,2026-07-31
VTSE,7,DEP,24,336,336,0,707,47.5,2,f,5,2022-07-01,2026-07-31
VTSE,8,ALL,24,1109,1109,0,1575,70.4,1,t,5,2022-08-01,2026-08-04
VTSE,8,ALL,06,466,466,0,1575,29.6,2,f,5,2022-08-01,2026-08-04
VTSE,8,ARR,24,811,811,0,831,97.6,1,t,5,2022-08-01,2026-08-04
VTSE,8,ARR,06,20,20,0,831,2.4,2,f,5,2022-08-03,2026-08-03
VTSE,8,DEP,06,446,446,0,744,59.9,1,t,5,2022-08-01,2026-08-04
VTSE,8,DEP,24,298,298,0,744,40.1,2,f,5,2022-08-01,2026-08-04
VTSE,9,ALL,24,954,954,0,1301,73.3,1,t,4,2022-09-01,2025-09-30
VTSE,9,ALL,06,347,347,0,1301,26.7,2,f,4,2022-09-01,2025-09-30
VTSE,9,ARR,24,657,657,0,677,97.0,1,t,4,2022-09-01,2025-09-30
VTSE,9,ARR,06,20,20,0,677,3.0,2,f,4,2022-09-12,2024-09-19
VTSE,9,DEP,06,327,327,0,624,52.4,1,t,4,2022-09-01,2025-09-30
VTSE,9,DEP,24,297,297,0,624,47.6,2,f,4,2022-09-01,2025-09-26
VTSE,10,ALL,24,582,582,0,934,62.3,1,t,4,2022-10-01,2025-10-31
VTSE,10,ALL,06,352,352,0,934,37.7,2,f,4,2022-10-01,2025-10-31
VTSE,10,ARR,24,422,422,0,493,85.6,1,t,4,2022-10-01,2025-10-31
VTSE,10,ARR,06,71,71,0,493,14.4,2,f,4,2022-10-01,2025-10-28
VTSE,10,DEP,06,281,281,0,441,63.7,1,t,4,2022-10-01,2025-10-31
VTSE,10,DEP,24,160,160,0,441,36.3,2,f,4,2022-10-01,2025-10-28
VTSE,11,ALL,24,404,404,0,806,50.1,1,t,4,2022-11-01,2025-11-30
VTSE,11,ALL,06,402,402,0,806,49.9,2,f,4,2022-11-01,2025-11-30
VTSE,11,ARR,24,310,310,0,428,72.4,1,t,4,2022-11-01,2025-11-30
VTSE,11,ARR,06,118,118,0,428,27.6,2,f,4,2022-11-01,2025-11-27
VTSE,11,DEP,06,284,284,0,378,75.1,1,t,4,2022-11-01,2025-11-30
VTSE,11,DEP,24,94,94,0,378,24.9,2,f,4,2022-11-01,2025-11-17
VTSE,12,ALL,06,440,440,0,773,56.9,1,t,4,2022-12-01,2025-12-31
VTSE,12,ALL,24,333,333,0,773,43.1,2,f,4,2022-12-01,2025-12-31
VTSE,12,ARR,24,271,271,0,399,67.9,1,t,4,2022-12-01,2025-12-31
VTSE,12,ARR,06,128,128,0,399,32.1,2,f,4,2022-12-01,2025-12-30
VTSE,12,DEP,06,312,312,0,374,83.4,1,t,4,2022-12-01,2025-12-31
VTSE,12,DEP,24,62,62,0,374,16.6,2,f,4,2022-12-02,2025-12-29
VTSF,1,ALL,19,1503,1503,0,2136,70.4,1,t,4,2023-01-01,2026-01-31
VTSF,1,ALL,01,633,633,0,2136,29.6,2,f,4,2023-01-01,2026-01-30
VTSF,1,ARR,19,1352,1352,0,1590,85.0,1,t,4,2023-01-01,2026-01-31
VTSF,1,ARR,01,238,238,0,1590,15.0,2,f,4,2023-01-01,2026-01-15
VTSF,1,DEP,01,395,395,0,546,72.3,1,t,4,2023-01-01,2026-01-30
VTSF,1,DEP,19,151,151,0,546,27.7,2,f,4,2023-01-02,2026-01-30
VTSF,2,ALL,19,1503,1438,65,2077,72.4,1,t,4,2023-02-01,2026-02-28
VTSF,2,ALL,01,574,356,218,2077,27.6,2,f,4,2023-02-01,2026-02-28
VTSF,2,ARR,19,1289,1284,5,1344,95.9,1,t,4,2023-02-01,2026-02-28
VTSF,2,ARR,01,55,55,0,1344,4.1,2,f,4,2023-02-01,2026-02-28
VTSF,2,DEP,01,519,301,218,733,70.8,1,t,4,2023-02-01,2026-02-28
VTSF,2,DEP,19,214,154,60,733,29.2,2,f,4,2023-02-01,2026-02-28
VTSF,3,ALL,19,1750,1662,88,2448,71.5,1,t,4,2023-03-01,2026-03-31
VTSF,3,ALL,01,698,374,324,2448,28.5,2,f,4,2023-03-01,2026-03-31
VTSF,3,ARR,19,1504,1499,5,1601,93.9,1,t,4,2023-03-01,2026-03-31
VTSF,3,ARR,01,97,96,1,1601,6.1,2,f,4,2023-03-01,2026-03-31
VTSF,3,DEP,01,601,278,323,847,71.0,1,t,4,2023-03-01,2026-03-31
VTSF,3,DEP,19,246,163,83,847,29.0,2,f,4,2023-03-01,2026-03-31
VTSF,4,ALL,19,1699,1629,70,2474,68.7,1,t,4,2023-04-01,2026-04-30
VTSF,4,ALL,01,775,489,286,2474,31.3,2,f,4,2023-04-01,2026-04-30
VTSF,4,ARR,19,1477,1471,6,1624,90.9,1,t,4,2023-04-01,2026-04-30
VTSF,4,ARR,01,147,144,3,1624,9.1,2,f,4,2023-04-02,2026-04-29
VTSF,4,DEP,01,628,345,283,850,73.9,1,t,4,2023-04-01,2026-04-30
VTSF,4,DEP,19,222,158,64,850,26.1,2,f,4,2023-04-03,2026-04-30
VTSF,5,ALL,19,2035,1989,46,2820,72.2,1,t,5,2022-05-01,2026-05-31
VTSF,5,ALL,01,785,529,256,2820,27.8,2,f,5,2022-05-01,2026-05-31
VTSF,5,ARR,19,1758,1749,9,1883,93.4,1,t,5,2022-05-01,2026-05-31
VTSF,5,ARR,01,125,124,1,1883,6.6,2,f,5,2022-05-02,2026-05-29
VTSF,5,DEP,01,660,405,255,937,70.4,1,t,5,2022-05-01,2026-05-31
VTSF,5,DEP,19,277,240,37,937,29.6,2,f,5,2022-05-01,2026-05-30
VTSF,6,ALL,19,1900,1863,37,2480,76.6,1,t,5,2022-06-01,2026-06-30
VTSF,6,ALL,01,580,466,114,2480,23.4,2,f,5,2022-06-01,2026-06-30
VTSF,6,ARR,19,1649,1643,6,1722,95.8,1,t,5,2022-06-01,2026-06-30
VTSF,6,ARR,01,73,73,0,1722,4.2,2,f,5,2022-06-01,2026-06-29
VTSF,6,DEP,01,507,393,114,758,66.9,1,t,5,2022-06-01,2026-06-30
VTSF,6,DEP,19,251,220,31,758,33.1,2,f,5,2022-06-01,2026-06-30
VTSF,7,ALL,19,1993,1972,21,2503,79.6,1,t,5,2022-07-01,2026-07-31
VTSF,7,ALL,01,510,434,76,2503,20.4,2,f,5,2022-07-01,2026-07-31
VTSF,7,ARR,19,1715,1714,1,1798,95.4,1,t,5,2022-07-01,2026-07-31
VTSF,7,ARR,01,83,83,0,1798,4.6,2,f,5,2022-07-03,2026-07-31
VTSF,7,DEP,01,427,351,76,705,60.6,1,t,5,2022-07-01,2026-07-29
VTSF,7,DEP,19,278,258,20,705,39.4,2,f,5,2022-07-01,2026-07-31
VTSF,8,ALL,19,1587,1587,0,2023,78.4,1,t,5,2022-08-01,2026-08-04
VTSF,8,ALL,01,436,436,0,2023,21.6,2,f,5,2022-08-01,2026-08-04
VTSF,8,ARR,19,1393,1393,0,1483,93.9,1,t,5,2022-08-01,2026-08-04
VTSF,8,ARR,01,90,90,0,1483,6.1,2,f,5,2022-08-02,2026-08-04
VTSF,8,DEP,01,346,346,0,540,64.1,1,t,5,2022-08-01,2026-08-02
VTSF,8,DEP,19,194,194,0,540,35.9,2,f,5,2022-08-01,2026-08-04
VTSF,9,ALL,19,1525,1525,0,1986,76.8,1,t,4,2022-09-01,2025-09-30
VTSF,9,ALL,01,461,461,0,1986,23.2,2,f,4,2022-09-01,2025-09-30
VTSF,9,ARR,19,1297,1297,0,1365,95.0,1,t,4,2022-09-01,2025-09-30
VTSF,9,ARR,01,68,68,0,1365,5.0,2,f,4,2022-09-01,2025-09-26
VTSF,9,DEP,01,393,393,0,621,63.3,1,t,4,2022-09-01,2025-09-30
VTSF,9,DEP,19,228,228,0,621,36.7,2,f,4,2022-09-01,2025-09-30
VTSF,10,ALL,19,1458,1458,0,1946,74.9,1,t,4,2022-10-01,2025-10-31
VTSF,10,ALL,01,488,488,0,1946,25.1,2,f,4,2022-10-01,2025-10-31
VTSF,10,ARR,19,1268,1268,0,1418,89.4,1,t,4,2022-10-01,2025-10-31
VTSF,10,ARR,01,150,150,0,1418,10.6,2,f,4,2022-10-11,2025-10-31
VTSF,10,DEP,01,338,338,0,528,64.0,1,t,4,2022-10-01,2025-10-31
VTSF,10,DEP,19,190,190,0,528,36.0,2,f,4,2022-10-02,2025-10-31
VTSF,11,ALL,19,1332,1332,0,2036,65.4,1,t,4,2022-11-01,2025-11-30
VTSF,11,ALL,01,704,704,0,2036,34.6,2,f,4,2022-11-01,2025-11-30
VTSF,11,ARR,19,1181,1181,0,1418,83.3,1,t,4,2022-11-01,2025-11-30
VTSF,11,ARR,01,237,237,0,1418,16.7,2,f,4,2022-11-01,2025-11-30
VTSF,11,DEP,01,467,467,0,618,75.6,1,t,4,2022-11-01,2025-11-30
VTSF,11,DEP,19,151,151,0,618,24.4,2,f,4,2022-11-02,2025-11-25
VTSF,12,ALL,19,1304,1304,0,2397,54.4,1,t,4,2022-12-01,2025-12-31
VTSF,12,ALL,01,1093,1093,0,2397,45.6,2,f,4,2022-12-01,2025-12-31
VTSF,12,ARR,19,1157,1157,0,1596,72.5,1,t,4,2022-12-01,2025-12-31
VTSF,12,ARR,01,439,439,0,1596,27.5,2,f,4,2022-12-02,2025-12-31
VTSF,12,DEP,01,654,654,0,801,81.6,1,t,4,2022-12-01,2025-12-31
VTSF,12,DEP,19,147,147,0,801,18.4,2,f,4,2022-12-01,2025-12-30
VTSG,1,ALL,32,5175,5175,0,7665,67.5,1,t,4,2023-01-01,2026-01-31
VTSG,1,ALL,14,2490,2490,0,7665,32.5,2,f,4,2023-01-01,2026-01-31
VTSG,1,ARR,32,3904,3904,0,3904,100.0,1,t,4,2023-01-01,2026-01-31
VTSG,1,DEP,14,2490,2490,0,3761,66.2,1,t,4,2023-01-01,2026-01-31
VTSG,1,DEP,32,1271,1271,0,3761,33.8,2,f,4,2023-01-01,2026-01-31
VTSG,2,ALL,32,4922,4922,0,7218,68.2,1,t,4,2023-02-01,2026-02-28
VTSG,2,ALL,14,2296,2296,0,7218,31.8,2,f,4,2023-02-01,2026-02-28
VTSG,2,ARR,32,3707,3707,0,3707,100.0,1,t,4,2023-02-01,2026-02-28
VTSG,2,DEP,14,2296,2296,0,3511,65.4,1,t,4,2023-02-01,2026-02-28
VTSG,2,DEP,32,1215,1215,0,3511,34.6,2,f,4,2023-02-01,2026-02-28
VTSG,3,ALL,32,5047,5047,0,7537,67.0,1,t,4,2023-03-01,2026-03-31
VTSG,3,ALL,14,2490,2490,0,7537,33.0,2,f,4,2023-03-01,2026-03-31
VTSG,3,ARR,32,3868,3868,0,3868,100.0,1,t,4,2023-03-01,2026-03-31
VTSG,3,DEP,14,2490,2490,0,3669,67.9,1,t,4,2023-03-01,2026-03-31
VTSG,3,DEP,32,1179,1179,0,3669,32.1,2,f,4,2023-03-01,2026-03-31
VTSG,4,ALL,32,4441,4441,0,6592,67.4,1,t,4,2023-04-01,2026-04-30
VTSG,4,ALL,14,2151,2151,0,6592,32.6,2,f,4,2023-04-01,2026-04-30
VTSG,4,ARR,32,3407,3407,0,3407,100.0,1,t,4,2023-04-01,2026-04-30
VTSG,4,DEP,14,2151,2151,0,3185,67.5,1,t,4,2023-04-01,2026-04-30
VTSG,4,DEP,32,1034,1034,0,3185,32.5,2,f,4,2023-04-01,2026-04-30
VTSG,5,ALL,32,4237,4237,0,6320,67.0,1,t,5,2022-05-01,2026-05-31
VTSG,5,ALL,14,2083,2083,0,6320,33.0,2,f,5,2022-05-01,2026-05-31
VTSG,5,ARR,32,3271,3271,0,3271,100.0,1,t,5,2022-05-01,2026-05-31
VTSG,5,DEP,14,2083,2083,0,3049,68.3,1,t,5,2022-05-01,2026-05-31
VTSG,5,DEP,32,966,966,0,3049,31.7,2,f,5,2022-05-01,2026-05-31
VTSG,6,ALL,32,3815,3815,0,5681,67.2,1,t,5,2022-06-01,2026-06-30
VTSG,6,ALL,14,1866,1866,0,5681,32.8,2,f,5,2022-06-01,2026-06-30
VTSG,6,ARR,32,2938,2938,0,2938,100.0,1,t,5,2022-06-01,2026-06-30
VTSG,6,DEP,14,1866,1866,0,2743,68.0,1,t,5,2022-06-01,2026-06-30
VTSG,6,DEP,32,877,877,0,2743,32.0,2,f,5,2022-06-01,2026-06-30
VTSG,7,ALL,32,4065,4065,0,6140,66.2,1,t,5,2022-07-01,2026-07-31
VTSG,7,ALL,14,2075,2075,0,6140,33.8,2,f,5,2022-07-01,2026-07-31
VTSG,7,ARR,32,3174,3174,0,3174,100.0,1,t,5,2022-07-01,2026-07-31
VTSG,7,DEP,14,2075,2075,0,2966,70.0,1,t,5,2022-07-01,2026-07-31
VTSG,7,DEP,32,891,891,0,2966,30.0,2,f,5,2022-07-01,2026-07-31
VTSG,8,ALL,32,3587,3587,0,5352,67.0,1,t,5,2022-08-01,2026-08-04
VTSG,8,ALL,14,1765,1765,0,5352,33.0,2,f,5,2022-08-01,2026-08-04
VTSG,8,ARR,32,2766,2766,0,2766,100.0,1,t,5,2022-08-01,2026-08-04
VTSG,8,DEP,14,1765,1765,0,2586,68.3,1,t,5,2022-08-01,2026-08-04
VTSG,8,DEP,32,821,821,0,2586,31.7,2,f,5,2022-08-01,2026-08-04
VTSG,9,ALL,32,3183,3183,0,4754,67.0,1,t,4,2022-09-01,2025-09-30
VTSG,9,ALL,14,1571,1571,0,4754,33.0,2,f,4,2022-09-01,2025-09-30
VTSG,9,ARR,32,2425,2425,0,2425,100.0,1,t,4,2022-09-01,2025-09-30
VTSG,9,DEP,14,1571,1571,0,2329,67.5,1,t,4,2022-09-01,2025-09-30
VTSG,9,DEP,32,758,758,0,2329,32.5,2,f,4,2022-09-01,2025-09-30
VTSG,10,ALL,32,3626,3626,0,5357,67.7,1,t,4,2022-10-01,2025-10-31
VTSG,10,ALL,14,1731,1731,0,5357,32.3,2,f,4,2022-10-01,2025-10-31
VTSG,10,ARR,32,2734,2734,0,2734,100.0,1,t,4,2022-10-01,2025-10-31
VTSG,10,DEP,14,1731,1731,0,2623,66.0,1,t,4,2022-10-01,2025-10-31
VTSG,10,DEP,32,892,892,0,2623,34.0,2,f,4,2022-10-01,2025-10-31
VTSG,11,ALL,32,4354,4354,0,6431,67.7,1,t,4,2022-11-01,2025-11-30
VTSG,11,ALL,14,2077,2077,0,6431,32.3,2,f,4,2022-11-01,2025-11-30
VTSG,11,ARR,32,3317,3317,0,3317,100.0,1,t,4,2022-11-01,2025-11-30
VTSG,11,DEP,14,2077,2077,0,3114,66.7,1,t,4,2022-11-01,2025-11-30
VTSG,11,DEP,32,1037,1037,0,3114,33.3,2,f,4,2022-11-01,2025-11-30
VTSG,12,ALL,32,4918,4918,0,7229,68.0,1,t,4,2022-12-01,2025-12-31
VTSG,12,ALL,14,2311,2311,0,7229,32.0,2,f,4,2022-12-01,2025-12-31
VTSG,12,ARR,32,3704,3704,0,3704,100.0,1,t,4,2022-12-01,2025-12-31
VTSG,12,DEP,14,2311,2311,0,3525,65.6,1,t,4,2022-12-01,2025-12-31
VTSG,12,DEP,32,1214,1214,0,3525,34.4,2,f,4,2022-12-01,2025-12-31
VTSH,1,ALL,13,1036,1036,0,1067,97.1,1,t,4,2023-01-01,2026-01-31
VTSH,1,ALL,31,31,31,0,1067,2.9,2,f,4,2023-01-07,2026-01-05
VTSH,1,DEP,13,1036,1036,0,1067,97.1,1,t,4,2023-01-01,2026-01-31
VTSH,1,DEP,31,31,31,0,1067,2.9,2,f,4,2023-01-07,2026-01-05
VTSH,2,ALL,13,1120,1120,0,1131,99.0,1,t,4,2023-02-01,2026-02-28
VTSH,2,ALL,31,11,11,0,1131,1.0,2,f,4,2023-02-09,2026-02-27
VTSH,2,DEP,13,1120,1120,0,1131,99.0,1,t,4,2023-02-01,2026-02-28
VTSH,2,DEP,31,11,11,0,1131,1.0,2,f,4,2023-02-09,2026-02-27
VTSH,3,ALL,13,1221,1221,0,1234,98.9,1,t,4,2023-03-01,2026-03-31
VTSH,3,ALL,31,13,13,0,1234,1.1,2,f,4,2023-03-05,2026-03-05
VTSH,3,DEP,13,1221,1221,0,1234,98.9,1,t,4,2023-03-01,2026-03-31
VTSH,3,DEP,31,13,13,0,1234,1.1,2,f,4,2023-03-05,2026-03-05
VTSH,4,ALL,13,1032,1032,0,1075,96.0,1,t,4,2023-04-01,2026-04-30
VTSH,4,ALL,31,43,43,0,1075,4.0,2,f,4,2023-04-01,2026-04-29
VTSH,4,DEP,13,1032,1032,0,1075,96.0,1,t,4,2023-04-01,2026-04-30
VTSH,4,DEP,31,43,43,0,1075,4.0,2,f,4,2023-04-01,2026-04-29
VTSH,5,ALL,13,1113,1113,0,1243,89.5,1,t,5,2022-05-01,2026-05-31
VTSH,5,ALL,31,130,130,0,1243,10.5,2,f,5,2022-05-07,2026-05-29
VTSH,5,DEP,13,1113,1113,0,1243,89.5,1,t,5,2022-05-01,2026-05-31
VTSH,5,DEP,31,130,130,0,1243,10.5,2,f,5,2022-05-07,2026-05-29
VTSH,6,ALL,13,1155,1155,0,1278,90.4,1,t,5,2022-06-01,2026-06-30
VTSH,6,ALL,31,123,123,0,1278,9.6,2,f,5,2022-06-01,2026-06-30
VTSH,6,DEP,13,1155,1155,0,1278,90.4,1,t,5,2022-06-01,2026-06-30
VTSH,6,DEP,31,123,123,0,1278,9.6,2,f,5,2022-06-01,2026-06-30
VTSH,7,ALL,13,1098,1098,0,1300,84.5,1,t,5,2022-07-01,2026-07-31
VTSH,7,ALL,31,202,202,0,1300,15.5,2,f,5,2022-07-01,2026-07-25
VTSH,7,DEP,13,1098,1098,0,1300,84.5,1,t,5,2022-07-01,2026-07-31
VTSH,7,DEP,31,202,202,0,1300,15.5,2,f,5,2022-07-01,2026-07-25
VTSH,8,ALL,13,1078,1078,0,1179,91.4,1,t,5,2022-08-01,2026-08-04
VTSH,8,ALL,31,101,101,0,1179,8.6,2,f,5,2022-08-02,2026-08-04
VTSH,8,DEP,13,1078,1078,0,1179,91.4,1,t,5,2022-08-01,2026-08-04
VTSH,8,DEP,31,101,101,0,1179,8.6,2,f,5,2022-08-02,2026-08-04
VTSH,9,ALL,13,923,923,0,1127,81.9,1,t,4,2022-09-01,2025-09-30
VTSH,9,ALL,31,204,204,0,1127,18.1,2,f,4,2022-09-01,2025-09-29
VTSH,9,DEP,13,923,923,0,1127,81.9,1,t,4,2022-09-01,2025-09-30
VTSH,9,DEP,31,204,204,0,1127,18.1,2,f,4,2022-09-01,2025-09-29
VTSH,10,ALL,13,841,841,0,932,90.2,1,t,4,2022-10-01,2025-10-31
VTSH,10,ALL,31,91,91,0,932,9.8,2,f,4,2022-10-01,2025-10-31
VTSH,10,DEP,13,841,841,0,932,90.2,1,t,4,2022-10-01,2025-10-31
VTSH,10,DEP,31,91,91,0,932,9.8,2,f,4,2022-10-01,2025-10-31
VTSH,11,ALL,13,1007,1007,0,1083,93.0,1,t,4,2022-11-01,2025-11-30
VTSH,11,ALL,31,76,76,0,1083,7.0,2,f,4,2022-11-10,2025-11-29
VTSH,11,DEP,13,1007,1007,0,1083,93.0,1,t,4,2022-11-01,2025-11-30
VTSH,11,DEP,31,76,76,0,1083,7.0,2,f,4,2022-11-10,2025-11-29
VTSH,12,ALL,13,1028,1028,0,1080,95.2,1,t,4,2022-12-01,2025-12-31
VTSH,12,ALL,31,52,52,0,1080,4.8,2,f,4,2022-12-02,2025-12-28
VTSH,12,DEP,13,1028,1028,0,1080,95.2,1,t,4,2022-12-01,2025-12-31
VTSH,12,DEP,31,52,52,0,1080,4.8,2,f,4,2022-12-02,2025-12-28
VTSK,1,ALL,08,3,3,0,5,60.0,1,t,2,2025-01-10,2025-01-22
VTSK,1,ALL,26,2,2,0,5,40.0,2,f,2,2025-01-10,2026-01-26
VTSK,1,ARR,08,2,2,0,3,66.7,1,t,2,2025-01-10,2025-01-22
VTSK,1,ARR,26,1,1,0,3,33.3,2,f,2,2026-01-26,2026-01-26
VTSK,1,DEP,08,1,1,0,2,50.0,1,t,1,2025-01-14,2025-01-14
VTSK,1,DEP,26,1,1,0,2,50.0,2,f,1,2025-01-10,2025-01-10
VTSK,2,ALL,08,2,2,0,2,100.0,1,t,1,2024-02-06,2024-02-06
VTSK,2,ARR,08,2,2,0,2,100.0,1,t,1,2024-02-06,2024-02-06
VTSK,3,ALL,08,6,6,0,9,66.7,1,t,3,2024-03-06,2026-03-23
VTSK,3,ALL,26,3,3,0,9,33.3,2,f,3,2024-03-19,2026-03-05
VTSK,3,ARR,08,4,4,0,5,80.0,1,t,2,2024-03-06,2026-03-23
VTSK,3,ARR,26,1,1,0,5,20.0,2,f,2,2026-03-05,2026-03-05
VTSK,3,DEP,08,2,2,0,4,50.0,1,t,2,2024-03-12,2025-03-13
VTSK,3,DEP,26,2,2,0,4,50.0,2,f,2,2024-03-19,2025-03-04
VTSK,4,ALL,08,8,8,0,13,61.5,1,t,4,2024-04-13,2026-04-30
VTSK,4,ALL,26,5,5,0,13,38.5,2,f,4,2023-04-20,2025-04-08
VTSK,4,ARR,08,5,5,0,9,55.6,1,t,4,2024-04-13,2026-04-30
VTSK,4,ARR,26,4,4,0,9,44.4,2,f,4,2023-04-20,2025-04-08
VTSK,4,DEP,08,3,3,0,4,75.0,1,t,2,2025-04-06,2026-04-21
VTSK,4,DEP,26,1,1,0,4,25.0,2,f,2,2025-04-08,2025-04-08
VTSK,5,ALL,08,9,9,0,14,64.3,1,t,4,2023-05-17,2025-05-23
VTSK,5,ALL,26,5,5,0,14,35.7,2,f,4,2023-05-12,2026-05-20
VTSK,5,ARR,08,4,4,0,8,50.0,1,t,4,2023-05-17,2025-05-22
VTSK,5,ARR,26,4,4,0,8,50.0,2,f,4,2023-05-12,2026-05-20
VTSK,5,DEP,08,5,5,0,6,83.3,1,t,2,2024-05-01,2025-05-23
VTSK,5,DEP,26,1,1,0,6,16.7,2,f,2,2025-05-02,2025-05-02
VTSK,6,ALL,26,6,6,0,7,85.7,1,t,4,2023-06-21,2025-06-30
VTSK,6,ALL,08,1,1,0,7,14.3,2,f,4,2026-06-18,2026-06-18
VTSK,6,ARR,26,5,5,0,6,83.3,1,t,4,2023-06-21,2025-06-30
VTSK,6,ARR,08,1,1,0,6,16.7,2,f,4,2026-06-18,2026-06-18
VTSK,6,DEP,26,1,1,0,1,100.0,1,t,1,2025-06-12,2025-06-12
VTSK,7,ALL,26,6,6,0,9,66.7,1,t,4,2022-07-04,2025-07-19
VTSK,7,ALL,08,3,3,0,9,33.3,2,f,4,2024-07-12,2025-07-24
VTSK,7,ARR,26,4,4,0,5,80.0,1,t,3,2023-07-07,2025-07-19
VTSK,7,ARR,08,1,1,0,5,20.0,2,f,3,2024-07-29,2024-07-29
VTSK,7,DEP,08,2,2,0,4,50.0,1,t,3,2024-07-12,2025-07-24
VTSK,7,DEP,26,2,2,0,4,50.0,2,f,3,2022-07-04,2022-07-11
VTSK,8,ALL,26,4,4,0,5,80.0,1,t,4,2022-08-16,2025-08-27
VTSK,8,ALL,08,1,1,0,5,20.0,2,f,4,2023-08-03,2023-08-03
VTSK,8,ARR,26,1,1,0,1,100.0,1,t,1,2025-08-27,2025-08-27
VTSK,8,DEP,26,3,3,0,4,75.0,1,t,4,2022-08-16,2025-08-27
VTSK,8,DEP,08,1,1,0,4,25.0,2,f,4,2023-08-03,2023-08-03
VTSK,9,ALL,26,11,11,0,14,78.6,1,t,4,2022-09-01,2025-09-22
VTSK,9,ALL,08,3,3,0,14,21.4,2,f,4,2022-09-01,2023-09-20
VTSK,9,ARR,26,11,11,0,11,100.0,1,t,4,2022-09-01,2025-09-22
VTSK,9,DEP,08,3,3,0,3,100.0,1,t,2,2022-09-01,2023-09-20
VTSK,10,ALL,26,13,13,0,22,59.1,1,t,4,2022-10-01,2025-10-31
VTSK,10,ALL,08,9,9,0,22,40.9,2,f,4,2022-10-20,2025-10-14
VTSK,10,ARR,26,13,13,0,15,86.7,1,t,3,2022-10-01,2025-10-31
VTSK,10,ARR,08,2,2,0,15,13.3,2,f,3,2023-10-07,2025-10-14
VTSK,10,DEP,08,7,7,0,7,100.0,1,t,4,2022-10-20,2025-10-14
VTSK,11,ALL,26,4,4,0,5,80.0,1,t,2,2022-11-07,2025-11-28
VTSK,11,ALL,08,1,1,0,5,20.0,2,f,2,2022-11-07,2022-11-07
VTSK,11,ARR,26,3,3,0,3,100.0,1,t,2,2022-11-07,2025-11-28
VTSK,11,DEP,08,1,1,0,2,50.0,1,t,1,2022-11-07,2022-11-07
VTSK,11,DEP,26,1,1,0,2,50.0,2,f,1,2022-11-15,2022-11-15
VTSK,12,ALL,08,1,1,0,2,50.0,1,t,2,2024-12-25,2024-12-25
VTSK,12,ALL,26,1,1,0,2,50.0,2,f,2,2025-12-16,2025-12-16
VTSK,12,DEP,08,1,1,0,2,50.0,1,t,2,2024-12-25,2024-12-25
VTSK,12,DEP,26,1,1,0,2,50.0,2,f,2,2025-12-16,2025-12-16
VTSM,1,ALL,17,7096,7096,0,11304,62.8,1,t,4,2023-01-01,2026-01-31
VTSM,1,ALL,35,4208,4208,0,11304,37.2,2,f,4,2023-01-01,2026-01-31
VTSM,1,ARR,17,3933,3933,0,5674,69.3,1,t,4,2023-01-01,2026-01-31
VTSM,1,ARR,35,1741,1741,0,5674,30.7,2,f,4,2023-01-01,2026-01-31
VTSM,1,DEP,17,3163,3163,0,5630,56.2,1,t,4,2023-01-01,2026-01-31
VTSM,1,DEP,35,2467,2467,0,5630,43.8,2,f,4,2023-01-01,2026-01-31
VTSM,2,ALL,17,9132,9132,0,10477,87.2,1,t,4,2023-02-01,2026-02-28
VTSM,2,ALL,35,1345,1345,0,10477,12.8,2,f,4,2023-02-01,2026-02-28
VTSM,2,ARR,17,4869,4869,0,5255,92.7,1,t,4,2023-02-01,2026-02-28
VTSM,2,ARR,35,386,386,0,5255,7.3,2,f,4,2023-02-01,2026-02-28
VTSM,2,DEP,17,4263,4263,0,5222,81.6,1,t,4,2023-02-01,2026-02-28
VTSM,2,DEP,35,959,959,0,5222,18.4,2,f,4,2023-02-01,2026-02-28
VTSM,3,ALL,17,9537,9537,0,11061,86.2,1,t,4,2023-03-01,2026-03-31
VTSM,3,ALL,35,1524,1524,0,11061,13.8,2,f,4,2023-03-01,2026-03-31
VTSM,3,ARR,17,5055,5055,0,5548,91.1,1,t,4,2023-03-01,2026-03-31
VTSM,3,ARR,35,493,493,0,5548,8.9,2,f,4,2023-03-01,2026-03-29
VTSM,3,DEP,17,4482,4482,0,5513,81.3,1,t,4,2023-03-01,2026-03-31
VTSM,3,DEP,35,1031,1031,0,5513,18.7,2,f,4,2023-03-01,2026-03-31
VTSM,4,ALL,17,8233,8233,0,10192,80.8,1,t,4,2023-04-01,2026-04-30
VTSM,4,ALL,35,1959,1959,0,10192,19.2,2,f,4,2023-04-01,2026-04-30
VTSM,4,ARR,17,4475,4475,0,5113,87.5,1,t,4,2023-04-01,2026-04-30
VTSM,4,ARR,35,638,638,0,5113,12.5,2,f,4,2023-04-01,2026-04-29
VTSM,4,DEP,17,3758,3758,0,5079,74.0,1,t,4,2023-04-01,2026-04-30
VTSM,4,DEP,35,1321,1321,0,5079,26.0,2,f,4,2023-04-01,2026-04-30
VTSM,5,ALL,17,7405,7405,0,10312,71.8,1,t,5,2022-05-01,2026-05-31
VTSM,5,ALL,35,2907,2907,0,10312,28.2,2,f,5,2022-05-01,2026-05-31
VTSM,5,ARR,17,4313,4313,0,5171,83.4,1,t,5,2022-05-01,2026-05-31
VTSM,5,ARR,35,858,858,0,5171,16.6,2,f,5,2022-05-01,2026-05-31
VTSM,5,DEP,17,3092,3092,0,5141,60.1,1,t,5,2022-05-01,2026-05-31
VTSM,5,DEP,35,2049,2049,0,5141,39.9,2,f,5,2022-05-01,2026-05-31
VTSM,6,ALL,17,6278,6278,0,9810,64.0,1,t,5,2022-06-01,2026-06-30
VTSM,6,ALL,35,3532,3532,0,9810,36.0,2,f,5,2022-06-01,2026-06-30
VTSM,6,ARR,17,3794,3794,0,4942,76.8,1,t,5,2022-06-01,2026-06-30
VTSM,6,ARR,35,1148,1148,0,4942,23.2,2,f,5,2022-06-01,2026-06-29
VTSM,6,DEP,17,2484,2484,0,4868,51.0,1,t,5,2022-06-01,2026-06-30
VTSM,6,DEP,35,2384,2384,0,4868,49.0,2,f,5,2022-06-01,2026-06-30
VTSM,7,ALL,17,8768,8768,0,12546,69.9,1,t,5,2022-07-01,2026-07-31
VTSM,7,ALL,35,3778,3778,0,12546,30.1,2,f,5,2022-07-01,2026-07-31
VTSM,7,ARR,17,5235,5235,0,6335,82.6,1,t,5,2022-07-01,2026-07-31
VTSM,7,ARR,35,1100,1100,0,6335,17.4,2,f,5,2022-07-01,2026-07-31
VTSM,7,DEP,17,3533,3533,0,6211,56.9,1,t,5,2022-07-01,2026-07-31
VTSM,7,DEP,35,2678,2678,0,6211,43.1,2,f,5,2022-07-01,2026-07-31
VTSM,8,ALL,17,7212,7212,0,10911,66.1,1,t,5,2022-08-01,2026-08-04
VTSM,8,ALL,35,3699,3699,0,10911,33.9,2,f,5,2022-08-01,2026-08-04
VTSM,8,ARR,17,4285,4285,0,5481,78.2,1,t,5,2022-08-01,2026-08-04
VTSM,8,ARR,35,1196,1196,0,5481,21.8,2,f,5,2022-08-01,2026-08-04
VTSM,8,DEP,17,2927,2927,0,5430,53.9,1,t,5,2022-08-01,2026-08-04
VTSM,8,DEP,35,2503,2503,0,5430,46.1,2,f,5,2022-08-01,2026-08-04
VTSM,9,ALL,17,5546,5546,0,8099,68.5,1,t,4,2022-09-01,2025-09-30
VTSM,9,ALL,35,2553,2553,0,8099,31.5,2,f,4,2022-09-01,2025-09-30
VTSM,9,ARR,17,3363,3363,0,4057,82.9,1,t,4,2022-09-01,2025-09-30
VTSM,9,ARR,35,694,694,0,4057,17.1,2,f,4,2022-09-01,2025-09-30
VTSM,9,DEP,17,2183,2183,0,4042,54.0,1,t,4,2022-09-01,2025-09-30
VTSM,9,DEP,35,1859,1859,0,4042,46.0,2,f,4,2022-09-01,2025-09-30
VTSM,10,ALL,17,4389,4389,0,7593,57.8,1,t,4,2022-10-01,2025-10-31
VTSM,10,ALL,35,3204,3204,0,7593,42.2,2,f,4,2022-10-01,2025-10-31
VTSM,10,ARR,17,2615,2615,0,3786,69.1,1,t,4,2022-10-01,2025-10-31
VTSM,10,ARR,35,1171,1171,0,3786,30.9,2,f,4,2022-10-01,2025-10-31
VTSM,10,DEP,35,2033,2033,0,3807,53.4,1,t,4,2022-10-01,2025-10-31
VTSM,10,DEP,17,1774,1774,0,3807,46.6,2,f,4,2022-10-01,2025-10-31
VTSM,11,ALL,17,4479,4479,0,7946,56.4,1,t,4,2022-11-01,2025-11-30
VTSM,11,ALL,35,3467,3467,0,7946,43.6,2,f,4,2022-11-01,2025-11-30
VTSM,11,ARR,17,2651,2651,0,4004,66.2,1,t,4,2022-11-01,2025-11-30
VTSM,11,ARR,35,1353,1353,0,4004,33.8,2,f,4,2022-11-01,2025-11-30
VTSM,11,DEP,35,2114,2114,0,3942,53.6,1,t,4,2022-11-01,2025-11-30
VTSM,11,DEP,17,1828,1828,0,3942,46.4,2,f,4,2022-11-01,2025-11-30
VTSM,12,ALL,17,5432,5432,0,10285,52.8,1,t,4,2022-12-01,2025-12-31
VTSM,12,ALL,35,4853,4853,0,10285,47.2,2,f,4,2022-12-01,2025-12-31
VTSM,12,ARR,17,3104,3104,0,5164,60.1,1,t,4,2022-12-01,2025-12-31
VTSM,12,ARR,35,2060,2060,0,5164,39.9,2,f,4,2022-12-01,2025-12-31
VTSM,12,DEP,35,2793,2793,0,5121,54.5,1,t,4,2022-12-01,2025-12-31
VTSM,12,DEP,17,2328,2328,0,5121,45.5,2,f,4,2022-12-01,2025-12-31
VTSN,1,ALL,18,1,1,0,1,100.0,1,t,1,2024-01-25,2024-01-25
VTSN,1,DEP,18,1,1,0,1,100.0,1,t,1,2024-01-25,2024-01-25
VTSN,2,ALL,18,1,1,0,1,100.0,1,t,1,2023-02-18,2023-02-18
VTSN,2,DEP,18,1,1,0,1,100.0,1,t,1,2023-02-18,2023-02-18
VTSN,3,ALL,18,7,7,0,8,87.5,1,t,3,2023-03-14,2025-03-07
VTSN,3,ALL,36,1,1,0,8,12.5,2,f,3,2024-03-18,2024-03-18
VTSN,3,DEP,18,7,7,0,8,87.5,1,t,3,2023-03-14,2025-03-07
VTSN,3,DEP,36,1,1,0,8,12.5,2,f,3,2024-03-18,2024-03-18
VTSN,4,ALL,18,1,1,0,1,100.0,1,t,1,2025-04-19,2025-04-19
VTSN,4,DEP,18,1,1,0,1,100.0,1,t,1,2025-04-19,2025-04-19
VTSN,5,ALL,18,6,6,0,8,75.0,1,t,3,2022-05-14,2025-05-24
VTSN,5,ALL,36,2,2,0,8,25.0,2,f,3,2023-05-23,2025-05-19
VTSN,5,DEP,18,6,6,0,8,75.0,1,t,3,2022-05-14,2025-05-24
VTSN,5,DEP,36,2,2,0,8,25.0,2,f,3,2023-05-23,2025-05-19
VTSN,6,ALL,36,1,1,0,1,100.0,1,t,1,2022-06-13,2022-06-13
VTSN,6,DEP,36,1,1,0,1,100.0,1,t,1,2022-06-13,2022-06-13
VTSN,7,ALL,18,1,1,0,1,100.0,1,t,1,2022-07-22,2022-07-22
VTSN,7,DEP,18,1,1,0,1,100.0,1,t,1,2022-07-22,2022-07-22
VTSN,8,ALL,18,2,2,0,2,100.0,1,t,2,2022-08-02,2023-08-06
VTSN,8,DEP,18,2,2,0,2,100.0,1,t,2,2022-08-02,2023-08-06
VTSN,9,ALL,18,2,2,0,4,50.0,1,t,2,2023-09-08,2023-09-25
VTSN,9,ALL,36,2,2,0,4,50.0,2,f,2,2022-09-07,2023-09-06
VTSN,9,DEP,18,2,2,0,4,50.0,1,t,2,2023-09-08,2023-09-25
VTSN,9,DEP,36,2,2,0,4,50.0,2,f,2,2022-09-07,2023-09-06
VTSN,10,ALL,18,4,4,0,4,100.0,1,t,2,2023-10-18,2024-10-20
VTSN,10,DEP,18,4,4,0,4,100.0,1,t,2,2023-10-18,2024-10-20
VTSN,11,ALL,18,4,4,0,4,100.0,1,t,3,2022-11-19,2025-11-26
VTSN,11,DEP,18,4,4,0,4,100.0,1,t,3,2022-11-19,2025-11-26
VTSN,12,ALL,18,1,1,0,1,100.0,1,t,1,2023-12-27,2023-12-27
VTSN,12,DEP,18,1,1,0,1,100.0,1,t,1,2023-12-27,2023-12-27
VTSP,1,ALL,09,29574,29574,0,38921,76.0,1,t,4,2023-01-01,2026-01-31
VTSP,1,ALL,27,9347,9347,0,38921,24.0,2,f,4,2023-01-01,2026-01-31
VTSP,1,ARR,09,14761,14761,0,19490,75.7,1,t,4,2023-01-01,2026-01-31
VTSP,1,ARR,27,4729,4729,0,19490,24.3,2,f,4,2023-01-01,2026-01-31
VTSP,1,DEP,09,14813,14813,0,19431,76.2,1,t,4,2023-01-01,2026-01-31
VTSP,1,DEP,27,4618,4618,0,19431,23.8,2,f,4,2023-01-01,2026-01-31
VTSP,2,ALL,09,21930,21930,0,35741,61.4,1,t,4,2023-02-01,2026-02-28
VTSP,2,ALL,27,13811,13811,0,35741,38.6,2,f,4,2023-02-01,2026-02-28
VTSP,2,ARR,09,11082,11082,0,17924,61.8,1,t,4,2023-02-01,2026-02-28
VTSP,2,ARR,27,6842,6842,0,17924,38.2,2,f,4,2023-02-01,2026-02-28
VTSP,2,DEP,09,10848,10848,0,17817,60.9,1,t,4,2023-02-01,2026-02-28
VTSP,2,DEP,27,6969,6969,0,17817,39.1,2,f,4,2023-02-01,2026-02-28
VTSP,3,ALL,09,19118,19118,0,36289,52.7,1,t,4,2023-03-01,2026-03-31
VTSP,3,ALL,27,17171,17171,0,36289,47.3,2,f,4,2023-03-01,2026-03-31
VTSP,3,ARR,09,9621,9621,0,18154,53.0,1,t,4,2023-03-01,2026-03-31
VTSP,3,ARR,27,8533,8533,0,18154,47.0,2,f,4,2023-03-01,2026-03-31
VTSP,3,DEP,09,9497,9497,0,18135,52.4,1,t,4,2023-03-01,2026-03-31
VTSP,3,DEP,27,8638,8638,0,18135,47.6,2,f,4,2023-03-01,2026-03-31
VTSP,4,ALL,27,25692,25692,0,33590,76.5,1,t,4,2023-04-01,2026-04-30
VTSP,4,ALL,09,7898,7898,0,33590,23.5,2,f,4,2023-04-01,2026-04-30
VTSP,4,ARR,27,12997,12997,0,16801,77.4,1,t,4,2023-04-01,2026-04-30
VTSP,4,ARR,09,3804,3804,0,16801,22.6,2,f,4,2023-04-01,2026-04-30
VTSP,4,DEP,27,12695,12695,0,16789,75.6,1,t,4,2023-04-01,2026-04-30
VTSP,4,DEP,09,4094,4094,0,16789,24.4,2,f,4,2023-04-01,2026-04-30
VTSP,5,ALL,27,27316,27316,0,34512,79.1,1,t,5,2022-05-01,2026-05-31
VTSP,5,ALL,09,7196,7196,0,34512,20.9,2,f,5,2022-05-01,2026-05-30
VTSP,5,ARR,27,13996,13996,0,17253,81.1,1,t,5,2022-05-01,2026-05-31
VTSP,5,ARR,09,3257,3257,0,17253,18.9,2,f,5,2022-05-02,2026-05-24
VTSP,5,DEP,27,13320,13320,0,17259,77.2,1,t,5,2022-05-01,2026-05-31
VTSP,5,DEP,09,3939,3939,0,17259,22.8,2,f,5,2022-05-01,2026-05-30
VTSP,6,ALL,27,30447,30447,0,32281,94.3,1,t,5,2022-06-01,2026-06-30
VTSP,6,ALL,09,1834,1834,0,32281,5.7,2,f,5,2022-06-01,2026-06-25
VTSP,6,ARR,27,15580,15580,0,16163,96.4,1,t,5,2022-06-01,2026-06-30
VTSP,6,ARR,09,583,583,0,16163,3.6,2,f,5,2022-06-01,2026-06-21
VTSP,6,DEP,27,14867,14867,0,16118,92.2,1,t,5,2022-06-01,2026-06-30
VTSP,6,DEP,09,1251,1251,0,16118,7.8,2,f,5,2022-06-01,2026-06-25
VTSP,7,ALL,27,34906,34906,0,36176,96.5,1,t,5,2022-07-01,2026-07-31
VTSP,7,ALL,09,1270,1270,0,36176,3.5,2,f,5,2022-07-01,2026-07-31
VTSP,7,ARR,27,17816,17816,0,18134,98.2,1,t,5,2022-07-01,2026-07-31
VTSP,7,ARR,09,318,318,0,18134,1.8,2,f,5,2022-07-01,2025-07-08
VTSP,7,DEP,27,17090,17090,0,18042,94.7,1,t,5,2022-07-01,2026-07-31
VTSP,7,DEP,09,952,952,0,18042,5.3,2,f,5,2022-07-01,2026-07-31
VTSP,8,ALL,27,28797,28797,0,29658,97.1,1,t,5,2022-08-01,2026-08-04
VTSP,8,ALL,09,861,861,0,29658,2.9,2,f,5,2022-08-01,2026-08-02
VTSP,8,ARR,27,14792,14792,0,14864,99.5,1,t,5,2022-08-01,2026-08-04
VTSP,8,ARR,09,72,72,0,14864,0.5,2,f,5,2022-08-02,2026-08-02
VTSP,8,DEP,27,14005,14005,0,14794,94.7,1,t,5,2022-08-01,2026-08-04
VTSP,8,DEP,09,789,789,0,14794,5.3,2,f,5,2022-08-01,2026-08-02
VTSP,9,ALL,27,23904,23904,0,25024,95.5,1,t,4,2022-09-01,2025-09-30
VTSP,9,ALL,09,1120,1120,0,25024,4.5,2,f,4,2022-09-01,2025-09-30
VTSP,9,ARR,27,12215,12215,0,12401,98.5,1,t,4,2022-09-01,2025-09-30
VTSP,9,ARR,09,186,186,0,12401,1.5,2,f,4,2024-09-23,2025-09-30
VTSP,9,DEP,27,11689,11689,0,12623,92.6,1,t,4,2022-09-01,2025-09-30
VTSP,9,DEP,09,934,934,0,12623,7.4,2,f,4,2022-09-01,2025-09-30
VTSP,10,ALL,27,22770,22770,0,26583,85.7,1,t,4,2022-10-01,2025-10-31
VTSP,10,ALL,09,3813,3813,0,26583,14.3,2,f,4,2022-10-01,2025-10-31
VTSP,10,ARR,27,11677,11677,0,13225,88.3,1,t,4,2022-10-01,2025-10-31
VTSP,10,ARR,09,1548,1548,0,13225,11.7,2,f,4,2022-10-03,2025-10-30
VTSP,10,DEP,27,11093,11093,0,13358,83.0,1,t,4,2022-10-01,2025-10-31
VTSP,10,DEP,09,2265,2265,0,13358,17.0,2,f,4,2022-10-01,2025-10-31
VTSP,11,ALL,09,18645,18645,0,31870,58.5,1,t,4,2022-11-01,2025-11-30
VTSP,11,ALL,27,13225,13225,0,31870,41.5,2,f,4,2022-11-01,2025-11-30
VTSP,11,ARR,09,9189,9189,0,15957,57.6,1,t,4,2022-11-01,2025-11-30
VTSP,11,ARR,27,6768,6768,0,15957,42.4,2,f,4,2022-11-01,2025-11-30
VTSP,11,DEP,09,9456,9456,0,15913,59.4,1,t,4,2022-11-01,2025-11-30
VTSP,11,DEP,27,6457,6457,0,15913,40.6,2,f,4,2022-11-01,2025-11-30
VTSP,12,ALL,09,29141,29141,0,36588,79.6,1,t,4,2022-12-01,2025-12-31
VTSP,12,ALL,27,7447,7447,0,36588,20.4,2,f,4,2022-12-01,2025-12-31
VTSP,12,ARR,09,14537,14537,0,18316,79.4,1,t,4,2022-12-01,2025-12-31
VTSP,12,ARR,27,3779,3779,0,18316,20.6,2,f,4,2022-12-01,2025-12-31
VTSP,12,DEP,09,14604,14604,0,18272,79.9,1,t,4,2022-12-01,2025-12-31
VTSP,12,DEP,27,3668,3668,0,18272,20.1,2,f,4,2022-12-01,2025-12-31
VTSR,1,ALL,02,3,3,0,3,100.0,1,t,2,2023-01-13,2025-01-28
VTSR,1,ARR,02,2,2,0,2,100.0,1,t,2,2023-01-13,2025-01-03
VTSR,1,DEP,02,1,1,0,1,100.0,1,t,1,2025-01-28,2025-01-28
VTSR,2,ALL,02,1,1,0,2,50.0,1,t,2,2023-02-19,2023-02-19
VTSR,2,ALL,20,1,1,0,2,50.0,2,f,2,2025-02-04,2025-02-04
VTSR,2,DEP,02,1,1,0,2,50.0,1,t,2,2023-02-19,2023-02-19
VTSR,2,DEP,20,1,1,0,2,50.0,2,f,2,2025-02-04,2025-02-04
VTSR,3,ALL,02,5,5,0,5,100.0,1,t,3,2023-03-01,2026-03-21
VTSR,3,ARR,02,4,4,0,4,100.0,1,t,3,2023-03-01,2026-03-21
VTSR,3,DEP,02,1,1,0,1,100.0,1,t,1,2024-03-18,2024-03-18
VTSR,4,ALL,02,3,3,0,3,100.0,1,t,2,2023-04-08,2025-04-20
VTSR,4,ARR,02,3,3,0,3,100.0,1,t,2,2023-04-08,2025-04-20
VTSR,5,ALL,02,9,9,0,9,100.0,1,t,4,2022-05-03,2025-05-15
VTSR,5,ARR,02,4,4,0,4,100.0,1,t,2,2024-05-15,2025-05-15
VTSR,5,DEP,02,5,5,0,5,100.0,1,t,3,2022-05-03,2025-05-01
VTSR,6,ALL,02,2,2,0,2,100.0,1,t,2,2022-06-23,2025-06-09
VTSR,6,ARR,02,1,1,0,1,100.0,1,t,1,2022-06-23,2022-06-23
VTSR,6,DEP,02,1,1,0,1,100.0,1,t,1,2025-06-09,2025-06-09
VTSR,7,ALL,02,5,5,0,5,100.0,1,t,4,2022-07-08,2025-07-23
VTSR,7,ARR,02,3,3,0,3,100.0,1,t,2,2024-07-04,2025-07-23
VTSR,7,DEP,02,2,2,0,2,100.0,1,t,2,2022-07-08,2023-07-04
VTSR,8,ALL,02,2,2,0,2,100.0,1,t,1,2022-08-06,2022-08-29
VTSR,8,ARR,02,2,2,0,2,100.0,1,t,1,2022-08-06,2022-08-29
VTSR,9,ALL,02,1,1,0,1,100.0,1,t,1,2023-09-06,2023-09-06
VTSR,9,DEP,02,1,1,0,1,100.0,1,t,1,2023-09-06,2023-09-06
VTSR,10,ALL,02,3,3,0,3,100.0,1,t,3,2022-10-10,2025-10-28
VTSR,10,ARR,02,1,1,0,1,100.0,1,t,1,2022-10-10,2022-10-10
VTSR,10,DEP,02,2,2,0,2,100.0,1,t,2,2024-10-09,2025-10-28
VTSR,11,ALL,02,4,4,0,4,100.0,1,t,2,2022-11-13,2024-11-20
VTSR,11,ARR,02,3,3,0,3,100.0,1,t,2,2022-11-13,2024-11-20
VTSR,11,DEP,02,1,1,0,1,100.0,1,t,1,2022-11-24,2022-11-24
VTSS,1,ALL,08,3819,3819,0,7601,50.2,1,t,4,2023-01-01,2026-01-31
VTSS,1,ALL,26,3782,3782,0,7601,49.8,2,f,4,2023-01-01,2026-01-31
VTSS,1,ARR,26,2204,2204,0,3783,58.3,1,t,4,2023-01-01,2026-01-31
VTSS,1,ARR,08,1579,1579,0,3783,41.7,2,f,4,2023-01-01,2026-01-31
VTSS,1,DEP,08,2240,2240,0,3818,58.7,1,t,4,2023-01-01,2026-01-31
VTSS,1,DEP,26,1578,1578,0,3818,41.3,2,f,4,2023-01-01,2026-01-31
VTSS,2,ALL,08,3679,3679,0,6980,52.7,1,t,4,2023-02-01,2026-02-28
VTSS,2,ALL,26,3301,3301,0,6980,47.3,2,f,4,2023-02-01,2026-02-28
VTSS,2,ARR,26,1884,1884,0,3482,54.1,1,t,4,2023-02-01,2026-02-28
VTSS,2,ARR,08,1598,1598,0,3482,45.9,2,f,4,2023-02-01,2026-02-25
VTSS,2,DEP,08,2081,2081,0,3498,59.5,1,t,4,2023-02-01,2026-02-28
VTSS,2,DEP,26,1417,1417,0,3498,40.5,2,f,4,2023-02-01,2026-02-28
VTSS,3,ALL,26,3919,3919,0,7720,50.8,1,t,4,2023-03-01,2026-03-31
VTSS,3,ALL,08,3801,3801,0,7720,49.2,2,f,4,2023-03-01,2026-03-31
VTSS,3,ARR,26,2152,2152,0,3842,56.0,1,t,4,2023-03-01,2026-03-31
VTSS,3,ARR,08,1690,1690,0,3842,44.0,2,f,4,2023-03-01,2026-03-31
VTSS,3,DEP,08,2111,2111,0,3878,54.4,1,t,4,2023-03-01,2026-03-31
VTSS,3,DEP,26,1767,1767,0,3878,45.6,2,f,4,2023-03-01,2026-03-31
VTSS,4,ALL,26,6028,6028,0,7719,78.1,1,t,4,2023-04-01,2026-04-30
VTSS,4,ALL,08,1691,1691,0,7719,21.9,2,f,4,2023-04-01,2026-04-30
VTSS,4,ARR,26,3233,3233,0,3849,84.0,1,t,4,2023-04-01,2026-04-30
VTSS,4,ARR,08,616,616,0,3849,16.0,2,f,4,2023-04-01,2026-04-30
VTSS,4,DEP,26,2795,2795,0,3870,72.2,1,t,4,2023-04-01,2026-04-30
VTSS,4,DEP,08,1075,1075,0,3870,27.8,2,f,4,2023-04-01,2026-04-30
VTSS,5,ALL,26,8582,8582,0,9549,89.9,1,t,5,2022-05-01,2026-05-31
VTSS,5,ALL,08,967,967,0,9549,10.1,2,f,5,2022-05-01,2026-05-31
VTSS,5,ARR,26,4577,4577,0,4775,95.9,1,t,5,2022-05-01,2026-05-31
VTSS,5,ARR,08,198,198,0,4775,4.1,2,f,5,2022-05-01,2026-05-28
VTSS,5,DEP,26,4005,4005,0,4774,83.9,1,t,5,2022-05-01,2026-05-31
VTSS,5,DEP,08,769,769,0,4774,16.1,2,f,5,2022-05-01,2026-05-31
VTSS,6,ALL,26,8144,8144,0,8869,91.8,1,t,5,2022-06-01,2026-06-30
VTSS,6,ALL,08,725,725,0,8869,8.2,2,f,5,2022-06-01,2026-06-30
VTSS,6,ARR,26,4345,4345,0,4428,98.1,1,t,5,2022-06-01,2026-06-30
VTSS,6,ARR,08,83,83,0,4428,1.9,2,f,5,2022-06-01,2026-06-24
VTSS,6,DEP,26,3799,3799,0,4441,85.5,1,t,5,2022-06-01,2026-06-30
VTSS,6,DEP,08,642,642,0,4441,14.5,2,f,5,2022-06-02,2026-06-30
VTSS,7,ALL,26,8710,8710,0,9400,92.7,1,t,5,2022-07-01,2026-07-31
VTSS,7,ALL,08,690,690,0,9400,7.3,2,f,5,2022-07-01,2026-07-31
VTSS,7,ARR,26,4609,4609,0,4698,98.1,1,t,5,2022-07-01,2026-07-31
VTSS,7,ARR,08,89,89,0,4698,1.9,2,f,5,2022-07-01,2026-07-31
VTSS,7,DEP,26,4101,4101,0,4702,87.2,1,t,5,2022-07-01,2026-07-31
VTSS,7,DEP,08,601,601,0,4702,12.8,2,f,5,2022-07-01,2026-07-31
VTSS,8,ALL,26,7118,7118,0,7772,91.6,1,t,5,2022-08-01,2026-08-04
VTSS,8,ALL,08,654,654,0,7772,8.4,2,f,5,2022-08-01,2026-08-04
VTSS,8,ARR,26,3829,3829,0,3891,98.4,1,t,5,2022-08-01,2026-08-04
VTSS,8,ARR,08,62,62,0,3891,1.6,2,f,5,2022-08-02,2026-08-03
VTSS,8,DEP,26,3289,3289,0,3881,84.7,1,t,5,2022-08-01,2026-08-04
VTSS,8,DEP,08,592,592,0,3881,15.3,2,f,5,2022-08-01,2026-08-04
VTSS,9,ALL,26,6699,6699,0,7227,92.7,1,t,4,2022-09-01,2025-09-30
VTSS,9,ALL,08,528,528,0,7227,7.3,2,f,4,2022-09-01,2025-09-30
VTSS,9,ARR,26,3544,3544,0,3604,98.3,1,t,4,2022-09-01,2025-09-30
VTSS,9,ARR,08,60,60,0,3604,1.7,2,f,4,2022-09-02,2025-09-27
VTSS,9,DEP,26,3155,3155,0,3623,87.1,1,t,4,2022-09-01,2025-09-30
VTSS,9,DEP,08,468,468,0,3623,12.9,2,f,4,2022-09-01,2025-09-30
VTSS,10,ALL,26,6360,6360,0,7033,90.4,1,t,4,2022-10-01,2025-10-31
VTSS,10,ALL,08,673,673,0,7033,9.6,2,f,4,2022-10-01,2025-10-31
VTSS,10,ARR,26,3385,3385,0,3500,96.7,1,t,4,2022-10-01,2025-10-31
VTSS,10,ARR,08,115,115,0,3500,3.3,2,f,4,2022-10-01,2025-10-22
VTSS,10,DEP,26,2975,2975,0,3533,84.2,1,t,4,2022-10-01,2025-10-31
VTSS,10,DEP,08,558,558,0,3533,15.8,2,f,4,2022-10-01,2025-10-31
VTSS,11,ALL,26,6193,6193,0,7334,84.4,1,t,4,2022-11-01,2025-11-30
VTSS,11,ALL,08,1141,1141,0,7334,15.6,2,f,4,2022-11-01,2025-11-30
VTSS,11,ARR,26,3368,3368,0,3669,91.8,1,t,4,2022-11-01,2025-11-30
VTSS,11,ARR,08,301,301,0,3669,8.2,2,f,4,2022-11-01,2025-11-28
VTSS,11,DEP,26,2825,2825,0,3665,77.1,1,t,4,2022-11-01,2025-11-30
VTSS,11,DEP,08,840,840,0,3665,22.9,2,f,4,2022-11-01,2025-11-30
VTSS,12,ALL,26,5117,5117,0,7731,66.2,1,t,4,2022-12-01,2025-12-31
VTSS,12,ALL,08,2614,2614,0,7731,33.8,2,f,4,2022-12-01,2025-12-31
VTSS,12,ARR,26,2859,2859,0,3843,74.4,1,t,4,2022-12-01,2025-12-31
VTSS,12,ARR,08,984,984,0,3843,25.6,2,f,4,2022-12-02,2025-12-30
VTSS,12,DEP,26,2258,2258,0,3888,58.1,1,t,4,2022-12-01,2025-12-31
VTSS,12,DEP,08,1630,1630,0,3888,41.9,2,f,4,2022-12-01,2025-12-31
VTST,1,ALL,08,511,511,0,511,100.0,1,t,4,2023-01-01,2026-01-31
VTST,1,ARR,08,511,511,0,511,100.0,1,t,4,2023-01-01,2026-01-31
VTST,2,ALL,08,434,295,139,446,97.3,1,t,4,2023-02-01,2026-02-28
VTST,2,ALL,26,12,0,12,446,2.7,2,f,4,2026-02-06,2026-02-28
VTST,2,ARR,08,315,291,24,315,100.0,1,t,4,2023-02-01,2026-02-28
VTST,2,DEP,08,119,4,115,131,90.8,1,t,3,2024-02-04,2026-02-28
VTST,2,DEP,26,12,0,12,131,9.2,2,f,3,2026-02-06,2026-02-28
VTST,3,ALL,08,523,356,167,547,95.6,1,t,4,2023-03-01,2026-03-31
VTST,3,ALL,26,24,3,21,547,4.4,2,f,4,2023-03-14,2026-03-31
VTST,3,ARR,08,377,356,21,379,99.5,1,t,4,2023-03-01,2026-03-31
VTST,3,ARR,26,2,0,2,379,0.5,2,f,4,2026-03-01,2026-03-02
VTST,3,DEP,08,146,0,146,168,86.9,1,t,3,2026-03-01,2026-03-31
VTST,3,DEP,26,22,3,19,168,13.1,2,f,3,2023-03-14,2026-03-31
VTST,4,ALL,08,573,418,155,611,93.8,1,t,4,2023-04-01,2026-04-30
VTST,4,ALL,26,38,0,38,611,6.2,2,f,4,2026-04-01,2026-04-30
VTST,4,ARR,08,443,418,25,444,99.8,1,t,4,2023-04-01,2026-04-30
VTST,4,ARR,26,1,0,1,444,0.2,2,f,4,2026-04-06,2026-04-06
VTST,4,DEP,08,130,0,130,167,77.8,1,t,1,2026-04-01,2026-04-30
VTST,4,DEP,26,37,0,37,167,22.2,2,f,1,2026-04-01,2026-04-30
VTST,5,ALL,08,647,508,139,688,94.0,1,t,5,2022-05-01,2026-05-31
VTST,5,ALL,26,41,0,41,688,6.0,2,f,5,2026-05-05,2026-05-31
VTST,5,ARR,08,536,504,32,538,99.6,1,t,5,2022-05-01,2026-05-31
VTST,5,ARR,26,2,0,2,538,0.4,2,f,5,2026-05-18,2026-05-29
VTST,5,DEP,08,111,4,107,150,74.0,1,t,3,2023-05-13,2026-05-31
VTST,5,DEP,26,39,0,39,150,26.0,2,f,3,2026-05-05,2026-05-31
VTST,6,ALL,08,386,339,47,411,93.9,1,t,5,2022-06-03,2026-06-30
VTST,6,ALL,26,25,0,25,411,6.1,2,f,5,2026-06-02,2026-06-16
VTST,6,ARR,08,349,338,11,352,99.1,1,t,5,2022-06-03,2026-06-30
VTST,6,ARR,26,3,0,3,352,0.9,2,f,5,2026-06-06,2026-06-08
VTST,6,DEP,08,37,1,36,59,62.7,1,t,2,2024-06-27,2026-06-16
VTST,6,DEP,26,22,0,22,59,37.3,2,f,2,2026-06-02,2026-06-16
VTST,7,ALL,08,392,359,33,414,94.7,1,t,5,2022-07-01,2026-07-31
VTST,7,ALL,26,22,0,22,414,5.3,2,f,5,2026-07-21,2026-07-28
VTST,7,ARR,08,374,359,15,378,98.9,1,t,5,2022-07-01,2026-07-31
VTST,7,ARR,26,4,0,4,378,1.1,2,f,5,2026-07-23,2026-07-28
VTST,7,DEP,08,18,0,18,36,50.0,1,t,1,2026-07-21,2026-07-29
VTST,7,DEP,26,18,0,18,36,50.0,2,f,1,2026-07-21,2026-07-28
VTST,8,ALL,08,279,279,0,281,99.3,1,t,5,2022-08-01,2026-08-04
VTST,8,ALL,26,2,2,0,281,0.7,2,f,5,2024-08-21,2025-08-29
VTST,8,ARR,08,279,279,0,279,100.0,1,t,5,2022-08-01,2026-08-04
VTST,8,DEP,26,2,2,0,2,100.0,1,t,2,2024-08-21,2025-08-29
VTST,9,ALL,08,284,284,0,286,99.3,1,t,4,2022-09-01,2025-09-30
VTST,9,ALL,26,2,2,0,286,0.7,2,f,4,2024-09-23,2024-09-23
VTST,9,ARR,08,284,284,0,284,100.0,1,t,4,2022-09-01,2025-09-30
VTST,9,DEP,26,2,2,0,2,100.0,1,t,1,2024-09-23,2024-09-23
VTST,10,ALL,08,335,335,0,336,99.7,1,t,4,2022-10-01,2025-10-31
VTST,10,ALL,26,1,1,0,336,0.3,2,f,4,2023-10-02,2023-10-02
VTST,10,ARR,08,335,335,0,335,100.0,1,t,4,2022-10-01,2025-10-31
VTST,10,DEP,26,1,1,0,1,100.0,1,t,1,2023-10-02,2023-10-02
VTST,11,ALL,08,357,357,0,357,100.0,1,t,4,2022-11-01,2025-11-30
VTST,11,ARR,08,357,357,0,357,100.0,1,t,4,2022-11-01,2025-11-30
VTST,12,ALL,08,484,484,0,484,100.0,1,t,4,2022-12-01,2025-12-31
VTST,12,ARR,08,484,484,0,484,100.0,1,t,4,2022-12-01,2025-12-31
VTSY,2,ALL,07,24,0,24,26,92.3,1,t,1,2026-02-12,2026-02-27
VTSY,2,ALL,25,2,0,2,26,7.7,2,f,1,2026-02-14,2026-02-14
VTSY,2,ARR,07,13,0,13,13,100.0,1,t,1,2026-02-12,2026-02-27
VTSY,2,DEP,07,11,0,11,13,84.6,1,t,1,2026-02-12,2026-02-27
VTSY,2,DEP,25,2,0,2,13,15.4,2,f,1,2026-02-14,2026-02-14
VTSY,3,ALL,07,6,0,6,8,75.0,1,t,1,2026-03-02,2026-03-25
VTSY,3,ALL,25,2,0,2,8,25.0,2,f,1,2026-03-02,2026-03-18
VTSY,3,ARR,07,4,0,4,4,100.0,1,t,1,2026-03-02,2026-03-25
VTSY,3,DEP,07,2,0,2,4,50.0,1,t,1,2026-03-25,2026-03-25
VTSY,3,DEP,25,2,0,2,4,50.0,2,f,1,2026-03-02,2026-03-18
VTSY,4,ALL,07,12,0,12,17,70.6,1,t,1,2026-04-01,2026-04-07
VTSY,4,ALL,25,5,0,5,17,29.4,2,f,1,2026-04-03,2026-04-07
VTSY,4,ARR,07,9,0,9,9,100.0,1,t,1,2026-04-01,2026-04-07
VTSY,4,DEP,25,5,0,5,8,62.5,1,t,1,2026-04-03,2026-04-07
VTSY,4,DEP,07,3,0,3,8,37.5,2,f,1,2026-04-01,2026-04-05
VTSY,5,ALL,07,2,0,2,4,50.0,1,t,1,2026-05-05,2026-05-21
VTSY,5,ALL,25,2,0,2,4,50.0,2,f,1,2026-05-05,2026-05-21
VTSY,5,ARR,07,2,0,2,2,100.0,1,t,1,2026-05-05,2026-05-21
VTSY,5,DEP,25,2,0,2,2,100.0,1,t,1,2026-05-05,2026-05-21
VTSY,6,ALL,07,2,0,2,2,100.0,1,t,1,2026-06-06,2026-06-06
VTSY,6,ARR,07,1,0,1,1,100.0,1,t,1,2026-06-06,2026-06-06
VTSY,6,DEP,07,1,0,1,1,100.0,1,t,1,2026-06-06,2026-06-06
VTSY,7,ALL,07,1,0,1,2,50.0,1,t,1,2026-07-24,2026-07-24
VTSY,7,ALL,25,1,0,1,2,50.0,2,f,1,2026-07-24,2026-07-24
VTSY,7,ARR,07,1,0,1,1,100.0,1,t,1,2026-07-24,2026-07-24
VTSY,7,DEP,25,1,0,1,1,100.0,1,t,1,2026-07-24,2026-07-24
VTUD,1,ALL,30,3110,3110,0,5436,57.2,1,t,4,2023-01-01,2026-01-31
VTUD,1,ALL,12,2326,2326,0,5436,42.8,2,f,4,2023-01-01,2026-01-31
VTUD,1,ARR,30,2426,2426,0,2665,91.0,1,t,4,2023-01-01,2026-01-31
VTUD,1,ARR,12,239,239,0,2665,9.0,2,f,4,2023-01-03,2026-01-31
VTUD,1,DEP,12,2087,2087,0,2771,75.3,1,t,4,2023-01-01,2026-01-31
VTUD,1,DEP,30,684,684,0,2771,24.7,2,f,4,2023-01-01,2026-01-31
VTUD,2,ALL,30,2788,2788,0,5206,53.6,1,t,4,2023-02-01,2026-02-28
VTUD,2,ALL,12,2418,2418,0,5206,46.4,2,f,4,2023-02-01,2026-02-28
VTUD,2,ARR,30,2113,2113,0,2541,83.2,1,t,4,2023-02-01,2026-02-28
VTUD,2,ARR,12,428,428,0,2541,16.8,2,f,4,2023-02-02,2026-02-28
VTUD,2,DEP,12,1990,1990,0,2665,74.7,1,t,4,2023-02-01,2026-02-28
VTUD,2,DEP,30,675,675,0,2665,25.3,2,f,4,2023-02-01,2026-02-28
VTUD,3,ALL,12,3277,3277,0,5716,57.3,1,t,4,2023-03-01,2026-03-31
VTUD,3,ALL,30,2439,2439,0,5716,42.7,2,f,4,2023-03-01,2026-03-31
VTUD,3,ARR,30,1859,1859,0,2816,66.0,1,t,4,2023-03-01,2026-03-31
VTUD,3,ARR,12,957,957,0,2816,34.0,2,f,4,2023-03-01,2026-03-31
VTUD,3,DEP,12,2320,2320,0,2900,80.0,1,t,4,2023-03-01,2026-03-31
VTUD,3,DEP,30,580,580,0,2900,20.0,2,f,4,2023-03-01,2026-03-31
VTUD,4,ALL,30,3214,3214,0,5312,60.5,1,t,4,2023-04-01,2026-04-30
VTUD,4,ALL,12,2098,2098,0,5312,39.5,2,f,4,2023-04-01,2026-04-30
VTUD,4,ARR,30,2427,2427,0,2603,93.2,1,t,4,2023-04-01,2026-04-30
VTUD,4,ARR,12,176,176,0,2603,6.8,2,f,4,2023-04-01,2026-04-29
VTUD,4,DEP,12,1922,1922,0,2709,70.9,1,t,4,2023-04-01,2026-04-30
VTUD,4,DEP,30,787,787,0,2709,29.1,2,f,4,2023-04-01,2026-04-30
VTUD,5,ALL,30,4164,4164,0,6287,66.2,1,t,5,2022-05-01,2026-05-31
VTUD,5,ALL,12,2123,2123,0,6287,33.8,2,f,5,2022-05-01,2026-05-31
VTUD,5,ARR,30,2939,2939,0,3092,95.1,1,t,5,2022-05-01,2026-05-31
VTUD,5,ARR,12,153,153,0,3092,4.9,2,f,5,2022-05-01,2026-05-31
VTUD,5,DEP,12,1970,1970,0,3195,61.7,1,t,5,2022-05-01,2026-05-31
VTUD,5,DEP,30,1225,1225,0,3195,38.3,2,f,5,2022-05-01,2026-05-31
VTUD,6,ALL,30,4001,4001,0,5926,67.5,1,t,5,2022-06-01,2026-06-30
VTUD,6,ALL,12,1925,1925,0,5926,32.5,2,f,5,2022-06-01,2026-06-30
VTUD,6,ARR,30,2811,2811,0,2920,96.3,1,t,5,2022-06-01,2026-06-30
VTUD,6,ARR,12,109,109,0,2920,3.7,2,f,5,2022-06-02,2026-06-19
VTUD,6,DEP,12,1816,1816,0,3006,60.4,1,t,5,2022-06-01,2026-06-30
VTUD,6,DEP,30,1190,1190,0,3006,39.6,2,f,5,2022-06-01,2026-06-30
VTUD,7,ALL,30,3447,3447,0,6422,53.7,1,t,5,2022-07-01,2026-07-31
VTUD,7,ALL,12,2975,2975,0,6422,46.3,2,f,5,2022-07-01,2026-07-31
VTUD,7,ARR,30,2560,2560,0,3175,80.6,1,t,5,2022-07-01,2026-07-31
VTUD,7,ARR,12,615,615,0,3175,19.4,2,f,5,2022-07-05,2026-07-24
VTUD,7,DEP,12,2360,2360,0,3247,72.7,1,t,5,2022-07-01,2026-07-31
VTUD,7,DEP,30,887,887,0,3247,27.3,2,f,5,2022-07-01,2026-07-31
VTUD,8,ALL,12,2993,2993,0,5465,54.8,1,t,5,2022-08-01,2026-08-04
VTUD,8,ALL,30,2472,2472,0,5465,45.2,2,f,5,2022-08-01,2026-08-04
VTUD,8,ARR,30,1903,1903,0,2685,70.9,1,t,5,2022-08-01,2026-08-04
VTUD,8,ARR,12,782,782,0,2685,29.1,2,f,5,2022-08-01,2025-08-31
VTUD,8,DEP,12,2211,2211,0,2780,79.5,1,t,5,2022-08-01,2026-08-04
VTUD,8,DEP,30,569,569,0,2780,20.5,2,f,5,2022-08-01,2026-08-04
VTUD,9,ALL,30,2375,2375,0,4526,52.5,1,t,4,2022-09-01,2025-09-30
VTUD,9,ALL,12,2151,2151,0,4526,47.5,2,f,4,2022-09-01,2025-09-30
VTUD,9,ARR,30,1843,1843,0,2239,82.3,1,t,4,2022-09-01,2025-09-30
VTUD,9,ARR,12,396,396,0,2239,17.7,2,f,4,2022-09-01,2025-09-29
VTUD,9,DEP,12,1755,1755,0,2287,76.7,1,t,4,2022-09-01,2025-09-30
VTUD,9,DEP,30,532,532,0,2287,23.3,2,f,4,2022-09-06,2025-09-30
VTUD,10,ALL,30,2911,2911,0,5035,57.8,1,t,4,2022-10-01,2025-10-31
VTUD,10,ALL,12,2124,2124,0,5035,42.2,2,f,4,2022-10-01,2025-10-31
VTUD,10,ARR,30,2225,2225,0,2452,90.7,1,t,4,2022-10-01,2025-10-31
VTUD,10,ARR,12,227,227,0,2452,9.3,2,f,4,2022-10-01,2025-10-31
VTUD,10,DEP,12,1897,1897,0,2583,73.4,1,t,4,2022-10-01,2025-10-31
VTUD,10,DEP,30,686,686,0,2583,26.6,2,f,4,2022-10-01,2025-10-31
VTUD,11,ALL,30,2801,2801,0,5059,55.4,1,t,4,2022-11-01,2025-11-30
VTUD,11,ALL,12,2258,2258,0,5059,44.6,2,f,4,2022-11-01,2025-11-30
VTUD,11,ARR,30,2167,2167,0,2459,88.1,1,t,4,2022-11-01,2025-11-30
VTUD,11,ARR,12,292,292,0,2459,11.9,2,f,4,2022-11-01,2025-11-29
VTUD,11,DEP,12,1966,1966,0,2600,75.6,1,t,4,2022-11-01,2025-11-30
VTUD,11,DEP,30,634,634,0,2600,24.4,2,f,4,2022-11-01,2025-11-30
VTUD,12,ALL,30,3015,3015,0,5166,58.4,1,t,4,2022-12-01,2025-12-31
VTUD,12,ALL,12,2151,2151,0,5166,41.6,2,f,4,2022-12-01,2025-12-31
VTUD,12,ARR,30,2374,2374,0,2555,92.9,1,t,4,2022-12-01,2025-12-31
VTUD,12,ARR,12,181,181,0,2555,7.1,2,f,4,2022-12-01,2025-12-28
VTUD,12,DEP,12,1970,1970,0,2611,75.5,1,t,4,2022-12-01,2025-12-31
VTUD,12,DEP,30,641,641,0,2611,24.5,2,f,4,2022-12-01,2025-12-31
VTUI,1,ALL,05,24,24,0,42,57.1,1,t,4,2023-01-07,2026-01-29
VTUI,1,ALL,23,18,18,0,42,42.9,2,f,4,2023-01-12,2026-01-09
VTUI,1,ARR,05,24,24,0,42,57.1,1,t,4,2023-01-07,2026-01-29
VTUI,1,ARR,23,18,18,0,42,42.9,2,f,4,2023-01-12,2026-01-09
VTUI,2,ALL,23,121,38,83,225,53.8,1,t,4,2023-02-01,2026-02-28
VTUI,2,ALL,05,104,21,83,225,46.2,2,f,4,2023-02-08,2026-02-28
VTUI,2,ARR,05,90,21,69,137,65.7,1,t,4,2023-02-08,2026-02-28
VTUI,2,ARR,23,47,37,10,137,34.3,2,f,4,2023-02-01,2026-02-27
VTUI,2,DEP,23,74,1,73,88,84.1,1,t,2,2024-02-02,2026-02-28
VTUI,2,DEP,05,14,0,14,88,15.9,2,f,2,2026-02-08,2026-02-22
VTUI,3,ALL,05,148,23,125,255,58.0,1,t,4,2023-03-18,2026-03-31
VTUI,3,ALL,23,107,12,95,255,42.0,2,f,4,2024-03-01,2026-03-31
VTUI,3,ARR,05,124,23,101,138,89.9,1,t,4,2023-03-18,2026-03-31
VTUI,3,ARR,23,14,11,3,138,10.1,2,f,4,2024-03-01,2026-03-24
VTUI,3,DEP,23,93,1,92,117,79.5,1,t,2,2024-03-01,2026-03-31
VTUI,3,DEP,05,24,0,24,117,20.5,2,f,2,2026-03-01,2026-03-30
VTUI,4,ALL,23,168,18,150,287,58.5,1,t,4,2023-04-14,2026-04-30
VTUI,4,ALL,05,119,42,77,287,41.5,2,f,4,2023-04-01,2026-04-30
VTUI,4,ARR,05,117,41,76,166,70.5,1,t,4,2023-04-01,2026-04-30
VTUI,4,ARR,23,49,18,31,166,29.5,2,f,4,2023-04-14,2026-04-30
VTUI,4,DEP,23,119,0,119,121,98.3,1,t,2,2026-04-01,2026-04-30
VTUI,4,DEP,05,2,1,1,121,1.7,2,f,2,2023-04-06,2026-04-01
VTUI,5,ALL,23,214,29,185,372,57.5,1,t,5,2022-05-01,2026-05-31
VTUI,5,ALL,05,158,28,130,372,42.5,2,f,5,2022-05-01,2026-05-31
VTUI,5,ARR,05,148,28,120,203,72.9,1,t,5,2022-05-01,2026-05-31
VTUI,5,ARR,23,55,29,26,203,27.1,2,f,5,2022-05-01,2026-05-29
VTUI,5,DEP,23,159,0,159,169,94.1,1,t,1,2026-05-01,2026-05-31
VTUI,5,DEP,05,10,0,10,169,5.9,2,f,1,2026-05-07,2026-05-28
VTUI,6,ALL,23,95,23,72,169,56.2,1,t,5,2022-06-07,2026-06-20
VTUI,6,ALL,05,74,39,35,169,43.8,2,f,5,2022-06-03,2026-06-23
VTUI,6,ARR,05,73,39,34,108,67.6,1,t,5,2022-06-03,2026-06-23
VTUI,6,ARR,23,35,23,12,108,32.4,2,f,5,2022-06-07,2026-06-20
VTUI,6,DEP,23,60,0,60,61,98.4,1,t,1,2026-06-01,2026-06-16
VTUI,6,DEP,05,1,0,1,61,1.6,2,f,1,2026-06-16,2026-06-16
VTUI,7,ALL,05,76,49,27,144,52.8,1,t,5,2022-07-25,2026-07-30
VTUI,7,ALL,23,68,28,40,144,47.2,2,f,5,2022-07-12,2026-07-30
VTUI,7,ARR,05,76,49,27,107,71.0,1,t,5,2022-07-25,2026-07-30
VTUI,7,ARR,23,31,27,4,107,29.0,2,f,5,2022-07-12,2026-07-30
VTUI,7,DEP,23,37,1,36,37,100.0,1,t,2,2025-07-09,2026-07-29
VTUI,8,ALL,23,43,43,0,76,56.6,1,t,4,2022-08-01,2025-08-28
VTUI,8,ALL,05,33,33,0,76,43.4,2,f,4,2022-08-24,2025-08-25
VTUI,8,ARR,23,43,43,0,75,57.3,1,t,4,2022-08-01,2025-08-28
VTUI,8,ARR,05,32,32,0,75,42.7,2,f,4,2022-08-24,2025-08-25
VTUI,8,DEP,05,1,1,0,1,100.0,1,t,1,2025-08-01,2025-08-01
VTUI,9,ALL,23,41,41,0,69,59.4,1,t,4,2022-09-03,2025-09-21
VTUI,9,ALL,05,28,28,0,69,40.6,2,f,4,2022-09-01,2025-09-30
VTUI,9,ARR,23,41,41,0,68,60.3,1,t,4,2022-09-03,2025-09-21
VTUI,9,ARR,05,27,27,0,68,39.7,2,f,4,2022-09-01,2025-09-30
VTUI,9,DEP,05,1,1,0,1,100.0,1,t,1,2022-09-28,2022-09-28
VTUI,10,ALL,05,30,30,0,41,73.2,1,t,4,2022-10-14,2025-10-26
VTUI,10,ALL,23,11,11,0,41,26.8,2,f,4,2022-10-03,2023-10-19
VTUI,10,ARR,05,30,30,0,39,76.9,1,t,4,2022-10-14,2025-10-26
VTUI,10,ARR,23,9,9,0,39,23.1,2,f,4,2022-10-03,2023-10-07
VTUI,10,DEP,23,2,2,0,2,100.0,1,t,2,2022-10-28,2023-10-19
VTUI,11,ALL,05,38,38,0,44,86.4,1,t,4,2022-11-01,2025-11-28
VTUI,11,ALL,23,6,6,0,44,13.6,2,f,4,2022-11-04,2024-11-11
VTUI,11,ARR,05,38,38,0,44,86.4,1,t,4,2022-11-01,2025-11-28
VTUI,11,ARR,23,6,6,0,44,13.6,2,f,4,2022-11-04,2024-11-11
VTUI,12,ALL,05,24,24,0,31,77.4,1,t,4,2022-12-25,2025-12-30
VTUI,12,ALL,23,7,7,0,31,22.6,2,f,4,2022-12-11,2024-12-25
VTUI,12,ARR,05,24,24,0,31,77.4,1,t,4,2022-12-25,2025-12-30
VTUI,12,ARR,23,7,7,0,31,22.6,2,f,4,2022-12-11,2024-12-25
VTUK,1,ALL,03,1932,1932,0,3418,56.5,1,t,4,2023-01-01,2026-01-31
VTUK,1,ALL,21,1486,1486,0,3418,43.5,2,f,4,2023-01-01,2026-01-31
VTUK,1,ARR,03,1635,1635,0,1814,90.1,1,t,4,2023-01-01,2026-01-31
VTUK,1,ARR,21,179,179,0,1814,9.9,2,f,4,2023-01-11,2026-01-30
VTUK,1,DEP,21,1307,1307,0,1604,81.5,1,t,4,2023-01-01,2026-01-31
VTUK,1,DEP,03,297,297,0,1604,18.5,2,f,4,2023-01-01,2026-01-31
VTUK,2,ALL,03,2098,1941,157,3399,61.7,1,t,4,2023-02-01,2026-02-28
VTUK,2,ALL,21,1301,1242,59,3399,38.3,2,f,4,2023-02-01,2026-02-28
VTUK,2,ARR,03,1746,1691,55,1766,98.9,1,t,4,2023-02-01,2026-02-28
VTUK,2,ARR,21,20,16,4,1766,1.1,2,f,4,2023-02-03,2026-02-28
VTUK,2,DEP,21,1281,1226,55,1633,78.4,1,t,4,2023-02-01,2026-02-28
VTUK,2,DEP,03,352,250,102,1633,21.6,2,f,4,2023-02-01,2026-02-28
VTUK,3,ALL,03,2585,2323,262,3826,67.6,1,t,4,2023-03-01,2026-03-31
VTUK,3,ALL,21,1241,1172,69,3826,32.4,2,f,4,2023-03-01,2026-03-31
VTUK,3,ARR,03,1959,1872,87,2005,97.7,1,t,4,2023-03-01,2026-03-31
VTUK,3,ARR,21,46,36,10,2005,2.3,2,f,4,2023-03-02,2026-03-31
VTUK,3,DEP,21,1195,1136,59,1821,65.6,1,t,4,2023-03-01,2026-03-31
VTUK,3,DEP,03,626,451,175,1821,34.4,2,f,4,2023-03-01,2026-03-31
VTUK,4,ALL,03,2254,2075,179,3888,58.0,1,t,4,2023-04-01,2026-04-30
VTUK,4,ALL,21,1634,1525,109,3888,42.0,2,f,4,2023-04-01,2026-04-30
VTUK,4,ARR,03,1915,1838,77,2062,92.9,1,t,4,2023-04-01,2026-04-30
VTUK,4,ARR,21,147,124,23,2062,7.1,2,f,4,2023-04-18,2026-04-28
VTUK,4,DEP,21,1487,1401,86,1826,81.4,1,t,4,2023-04-01,2026-04-30
VTUK,4,DEP,03,339,237,102,1826,18.6,2,f,4,2023-04-01,2026-04-30
VTUK,5,ALL,03,2386,2263,123,4185,57.0,1,t,5,2022-05-01,2026-05-31
VTUK,5,ALL,21,1799,1717,82,4185,43.0,2,f,5,2022-05-01,2026-05-31
VTUK,5,ARR,03,2078,2018,60,2172,95.7,1,t,5,2022-05-01,2026-05-31
VTUK,5,ARR,21,94,84,10,2172,4.3,2,f,5,2022-05-12,2026-05-26
VTUK,5,DEP,21,1705,1633,72,2013,84.7,1,t,5,2022-05-01,2026-05-31
VTUK,5,DEP,03,308,245,63,2013,15.3,2,f,5,2022-05-01,2026-05-31
VTUK,6,ALL,03,2100,2061,39,3828,54.9,1,t,5,2022-06-01,2026-06-30
VTUK,6,ALL,21,1728,1705,23,3828,45.1,2,f,5,2022-06-01,2026-06-30
VTUK,6,ARR,03,1865,1845,20,1982,94.1,1,t,5,2022-06-01,2026-06-30
VTUK,6,ARR,21,117,115,2,1982,5.9,2,f,5,2022-06-04,2026-06-26
VTUK,6,DEP,21,1611,1590,21,1846,87.3,1,t,5,2022-06-01,2026-06-30
VTUK,6,DEP,03,235,216,19,1846,12.7,2,f,5,2022-06-01,2026-06-30
VTUK,7,ALL,03,2348,2283,65,4271,55.0,1,t,5,2022-07-01,2026-07-31
VTUK,7,ALL,21,1923,1906,17,4271,45.0,2,f,5,2022-07-01,2026-07-31
VTUK,7,ARR,03,2050,2022,28,2247,91.2,1,t,5,2022-07-01,2026-07-31
VTUK,7,ARR,21,197,197,0,2247,8.8,2,f,5,2022-07-10,2026-07-30
VTUK,7,DEP,21,1726,1709,17,2024,85.3,1,t,5,2022-07-01,2026-07-31
VTUK,7,DEP,03,298,261,37,2024,14.7,2,f,5,2022-07-02,2026-07-31
VTUK,8,ALL,03,1933,1933,0,3438,56.2,1,t,5,2022-08-01,2026-08-04
VTUK,8,ALL,21,1505,1505,0,3438,43.8,2,f,5,2022-08-01,2026-08-04
VTUK,8,ARR,03,1678,1678,0,1805,93.0,1,t,5,2022-08-01,2026-08-04
VTUK,8,ARR,21,127,127,0,1805,7.0,2,f,5,2022-08-03,2026-08-04
VTUK,8,DEP,21,1378,1378,0,1633,84.4,1,t,5,2022-08-01,2026-08-04
VTUK,8,DEP,03,255,255,0,1633,15.6,2,f,5,2022-08-01,2026-08-04
VTUK,9,ALL,03,1860,1860,0,3122,59.6,1,t,4,2022-09-01,2025-09-30
VTUK,9,ALL,21,1262,1262,0,3122,40.4,2,f,4,2022-09-01,2025-09-30
VTUK,9,ARR,03,1575,1575,0,1627,96.8,1,t,4,2022-09-01,2025-09-30
VTUK,9,ARR,21,52,52,0,1627,3.2,2,f,4,2022-09-04,2025-09-30
VTUK,9,DEP,21,1210,1210,0,1495,80.9,1,t,4,2022-09-01,2025-09-30
VTUK,9,DEP,03,285,285,0,1495,19.1,2,f,4,2022-09-01,2025-09-30
VTUK,10,ALL,03,1970,1970,0,3211,61.4,1,t,4,2022-10-01,2025-10-31
VTUK,10,ALL,21,1241,1241,0,3211,38.6,2,f,4,2022-10-01,2025-10-31
VTUK,10,ARR,03,1653,1653,0,1669,99.0,1,t,4,2022-10-01,2025-10-31
VTUK,10,ARR,21,16,16,0,1669,1.0,2,f,4,2023-10-03,2025-10-29
VTUK,10,DEP,21,1225,1225,0,1542,79.4,1,t,4,2022-10-01,2025-10-31
VTUK,10,DEP,03,317,317,0,1542,20.6,2,f,4,2022-10-01,2025-10-31
VTUK,11,ALL,03,2122,2122,0,3385,62.7,1,t,4,2022-11-01,2025-11-30
VTUK,11,ALL,21,1263,1263,0,3385,37.3,2,f,4,2022-11-01,2025-11-30
VTUK,11,ARR,03,1784,1784,0,1787,99.8,1,t,4,2022-11-01,2025-11-30
VTUK,11,ARR,21,3,3,0,1787,0.2,2,f,4,2023-11-16,2024-11-05
VTUK,11,DEP,21,1260,1260,0,1598,78.8,1,t,4,2022-11-01,2025-11-30
VTUK,11,DEP,03,338,338,0,1598,21.2,2,f,4,2022-11-02,2025-11-30
VTUK,12,ALL,03,2168,2168,0,3361,64.5,1,t,4,2022-12-01,2025-12-31
VTUK,12,ALL,21,1193,1193,0,3361,35.5,2,f,4,2022-12-01,2025-12-31
VTUK,12,ARR,03,1771,1771,0,1772,99.9,1,t,4,2022-12-01,2025-12-31
VTUK,12,ARR,21,1,1,0,1772,0.1,2,f,4,2024-12-29,2024-12-29
VTUK,12,DEP,21,1192,1192,0,1589,75.0,1,t,4,2022-12-01,2025-12-31
VTUK,12,DEP,03,397,397,0,1589,25.0,2,f,4,2022-12-01,2025-12-31
VTUL,1,ALL,19,75,75,0,75,100.0,1,t,4,2023-01-02,2026-01-31
VTUL,1,ARR,19,75,75,0,75,100.0,1,t,4,2023-01-02,2026-01-31
VTUL,2,ALL,19,158,61,97,160,98.8,1,t,4,2023-02-03,2026-02-28
VTUL,2,ALL,01,2,0,2,160,1.3,2,f,4,2026-02-06,2026-02-25
VTUL,2,ARR,19,102,61,41,104,98.1,1,t,4,2023-02-03,2026-02-28
VTUL,2,ARR,01,2,0,2,104,1.9,2,f,4,2026-02-06,2026-02-25
VTUL,2,DEP,19,56,0,56,56,100.0,1,t,1,2026-02-05,2026-02-28
VTUL,3,ALL,19,191,61,130,194,98.5,1,t,4,2023-03-02,2026-03-31
VTUL,3,ALL,01,3,0,3,194,1.5,2,f,4,2026-03-20,2026-03-29
VTUL,3,ARR,19,123,61,62,124,99.2,1,t,4,2023-03-02,2026-03-31
VTUL,3,ARR,01,1,0,1,124,0.8,2,f,4,2026-03-20,2026-03-20
VTUL,3,DEP,19,68,0,68,70,97.1,1,t,1,2026-03-01,2026-03-31
VTUL,3,DEP,01,2,0,2,70,2.9,2,f,1,2026-03-25,2026-03-29
VTUL,4,ALL,19,172,62,110,173,99.4,1,t,4,2023-04-01,2026-04-30
VTUL,4,ALL,01,1,0,1,173,0.6,2,f,4,2026-04-21,2026-04-21
VTUL,4,ARR,19,110,62,48,111,99.1,1,t,4,2023-04-01,2026-04-30
VTUL,4,ARR,01,1,0,1,111,0.9,2,f,4,2026-04-21,2026-04-21
VTUL,4,DEP,19,62,0,62,62,100.0,1,t,1,2026-04-01,2026-04-30
VTUL,5,ALL,19,253,109,144,256,98.8,1,t,5,2022-05-01,2026-05-31
VTUL,5,ALL,01,3,0,3,256,1.2,2,f,5,2026-05-08,2026-05-31
VTUL,5,ARR,19,166,108,58,168,98.8,1,t,5,2022-05-01,2026-05-31
VTUL,5,ARR,01,2,0,2,168,1.2,2,f,5,2026-05-08,2026-05-31
VTUL,5,DEP,19,87,1,86,88,98.9,1,t,2,2024-05-28,2026-05-31
VTUL,5,DEP,01,1,0,1,88,1.1,2,f,2,2026-05-09,2026-05-09
VTUL,6,ALL,19,183,121,62,185,98.9,1,t,5,2022-06-01,2026-06-26
VTUL,6,ALL,01,2,1,1,185,1.1,2,f,5,2024-06-27,2026-06-16
VTUL,6,ARR,19,147,121,26,147,100.0,1,t,5,2022-06-01,2026-06-26
VTUL,6,DEP,19,36,0,36,38,94.7,1,t,2,2026-06-01,2026-06-16
VTUL,6,DEP,01,2,1,1,38,5.3,2,f,2,2024-06-27,2026-06-16
VTUL,7,ALL,19,148,123,25,149,99.3,1,t,5,2022-07-01,2026-07-31
VTUL,7,ALL,01,1,0,1,149,0.7,2,f,5,2026-07-24,2026-07-24
VTUL,7,ARR,19,133,123,10,133,100.0,1,t,5,2022-07-01,2026-07-31
VTUL,7,DEP,19,15,0,15,16,93.8,1,t,1,2026-07-21,2026-07-29
VTUL,7,DEP,01,1,0,1,16,6.3,2,f,1,2026-07-24,2026-07-24
VTUL,8,ALL,19,122,122,0,122,100.0,1,t,4,2022-08-01,2025-08-31
VTUL,8,ARR,19,122,122,0,122,100.0,1,t,4,2022-08-01,2025-08-31
VTUL,9,ALL,19,116,116,0,116,100.0,1,t,4,2022-09-07,2025-09-30
VTUL,9,ARR,19,116,116,0,116,100.0,1,t,4,2022-09-07,2025-09-30
VTUL,10,ALL,19,120,120,0,120,100.0,1,t,4,2022-10-02,2025-10-30
VTUL,10,ARR,19,120,120,0,120,100.0,1,t,4,2022-10-02,2025-10-30
VTUL,11,ALL,19,136,136,0,136,100.0,1,t,4,2022-11-02,2025-11-28
VTUL,11,ARR,19,136,136,0,136,100.0,1,t,4,2022-11-02,2025-11-28
VTUL,12,ALL,19,80,80,0,80,100.0,1,t,4,2022-12-01,2025-12-30
VTUL,12,ARR,19,80,80,0,80,100.0,1,t,4,2022-12-01,2025-12-30
VTUN,1,ALL,24,1,1,0,1,100.0,1,t,1,2023-01-04,2023-01-04
VTUN,1,DEP,24,1,1,0,1,100.0,1,t,1,2023-01-04,2023-01-04
VTUN,3,ALL,06,1,1,0,1,100.0,1,t,1,2023-03-11,2023-03-11
VTUN,3,DEP,06,1,1,0,1,100.0,1,t,1,2023-03-11,2023-03-11
VTUN,4,ALL,24,4,4,0,4,100.0,1,t,2,2023-04-25,2024-04-25
VTUN,4,ARR,24,3,3,0,3,100.0,1,t,2,2023-04-25,2024-04-25
VTUN,4,DEP,24,1,1,0,1,100.0,1,t,1,2024-04-05,2024-04-05
VTUN,5,ALL,24,3,3,0,3,100.0,1,t,3,2023-05-10,2025-05-01
VTUN,5,ARR,24,3,3,0,3,100.0,1,t,3,2023-05-10,2025-05-01
VTUN,6,ALL,24,1,1,0,1,100.0,1,t,1,2023-06-05,2023-06-05
VTUN,6,ARR,24,1,1,0,1,100.0,1,t,1,2023-06-05,2023-06-05
VTUN,7,ALL,24,3,3,0,3,100.0,1,t,2,2024-07-01,2026-07-04
VTUN,7,ARR,24,3,3,0,3,100.0,1,t,2,2024-07-01,2026-07-04
VTUN,9,ALL,24,2,2,0,2,100.0,1,t,1,2025-09-06,2025-09-15
VTUN,9,ARR,24,1,1,0,1,100.0,1,t,1,2025-09-06,2025-09-06
VTUN,9,DEP,24,1,1,0,1,100.0,1,t,1,2025-09-15,2025-09-15
VTUO,1,ALL,04,64,64,0,85,75.3,1,t,4,2023-01-13,2026-01-30
VTUO,1,ALL,22,21,21,0,85,24.7,2,f,4,2023-01-14,2026-01-31
VTUO,1,ARR,04,61,61,0,62,98.4,1,t,4,2023-01-13,2026-01-30
VTUO,1,ARR,22,1,1,0,62,1.6,2,f,4,2024-01-27,2024-01-27
VTUO,1,DEP,22,20,20,0,23,87.0,1,t,4,2023-01-14,2026-01-31
VTUO,1,DEP,04,3,3,0,23,13.0,2,f,4,2024-01-19,2026-01-30
VTUO,2,ALL,04,161,69,92,258,62.4,1,t,4,2023-02-01,2026-02-28
VTUO,2,ALL,22,97,30,67,258,37.6,2,f,4,2023-02-01,2026-02-28
VTUO,2,ARR,04,136,67,69,148,91.9,1,t,4,2023-02-01,2026-02-28
VTUO,2,ARR,22,12,11,1,148,8.1,2,f,4,2023-02-18,2026-02-28
VTUO,2,DEP,22,85,19,66,110,77.3,1,t,4,2023-02-01,2026-02-28
VTUO,2,DEP,04,25,2,23,110,22.7,2,f,4,2023-02-06,2026-02-27
VTUO,3,ALL,04,188,71,117,320,58.8,1,t,4,2023-03-02,2026-03-31
VTUO,3,ALL,22,132,38,94,320,41.3,2,f,4,2023-03-08,2026-03-31
VTUO,3,ARR,04,158,69,89,194,81.4,1,t,4,2023-03-02,2026-03-31
VTUO,3,ARR,22,36,29,7,194,18.6,2,f,4,2023-03-23,2026-03-29
VTUO,3,DEP,22,96,9,87,126,76.2,1,t,4,2023-03-08,2026-03-31
VTUO,3,DEP,04,30,2,28,126,23.8,2,f,4,2024-03-18,2026-03-23
VTUO,4,ALL,22,149,58,91,244,61.1,1,t,4,2023-04-02,2026-04-30
VTUO,4,ALL,04,95,35,60,244,38.9,2,f,4,2023-04-08,2026-04-30
VTUO,4,ARR,04,91,34,57,152,59.9,1,t,4,2023-04-08,2026-04-30
VTUO,4,ARR,22,61,55,6,152,40.1,2,f,4,2023-04-02,2026-04-28
VTUO,4,DEP,22,88,3,85,92,95.7,1,t,3,2023-04-05,2026-04-30
VTUO,4,DEP,04,4,1,3,92,4.3,2,f,3,2026-04-03,2026-04-25
VTUO,5,ALL,22,186,76,110,303,61.4,1,t,5,2022-05-11,2026-05-31
VTUO,5,ALL,04,117,53,64,303,38.6,2,f,5,2022-05-06,2026-05-31
VTUO,5,ARR,04,105,51,54,187,56.1,1,t,5,2022-05-06,2026-05-31
VTUO,5,ARR,22,82,67,15,187,43.9,2,f,5,2022-05-13,2026-05-29
VTUO,5,DEP,22,104,9,95,116,89.7,1,t,5,2022-05-11,2026-05-31
VTUO,5,DEP,04,12,2,10,116,10.3,2,f,5,2022-05-18,2026-05-25
VTUO,6,ALL,22,144,104,40,194,74.2,1,t,5,2022-06-01,2026-06-27
VTUO,6,ALL,04,50,36,14,194,25.8,2,f,5,2022-06-01,2026-06-30
VTUO,6,ARR,22,109,101,8,157,69.4,1,t,5,2022-06-01,2026-06-27
VTUO,6,ARR,04,48,35,13,157,30.6,2,f,5,2022-06-01,2026-06-30
VTUO,6,DEP,22,35,3,32,37,94.6,1,t,2,2022-06-01,2026-06-20
VTUO,6,DEP,04,2,1,1,37,5.4,2,f,2,2022-06-14,2026-06-08
VTUO,7,ALL,22,178,135,43,244,73.0,1,t,5,2022-07-03,2026-07-29
VTUO,7,ALL,04,66,54,12,244,27.0,2,f,5,2022-07-19,2026-07-31
VTUO,7,ARR,22,138,130,8,202,68.3,1,t,5,2022-07-03,2026-07-27
VTUO,7,ARR,04,64,52,12,202,31.7,2,f,5,2022-07-19,2026-07-31
VTUO,7,DEP,22,40,5,35,42,95.2,1,t,4,2022-07-19,2026-07-29
VTUO,7,DEP,04,2,2,0,42,4.8,2,f,4,2024-07-21,2025-07-23
VTUO,8,ALL,22,74,74,0,109,67.9,1,t,5,2022-08-02,2026-08-03
VTUO,8,ALL,04,35,35,0,109,32.1,2,f,5,2022-08-17,2026-08-04
VTUO,8,ARR,22,71,71,0,106,67.0,1,t,5,2022-08-02,2026-08-03
VTUO,8,ARR,04,35,35,0,106,33.0,2,f,5,2022-08-17,2026-08-04
VTUO,8,DEP,22,3,3,0,3,100.0,1,t,2,2024-08-22,2025-08-31
VTUO,9,ALL,04,53,53,0,86,61.6,1,t,4,2022-09-03,2025-09-23
VTUO,9,ALL,22,33,33,0,86,38.4,2,f,4,2022-09-04,2025-09-30
VTUO,9,ARR,04,53,53,0,84,63.1,1,t,4,2022-09-03,2025-09-23
VTUO,9,ARR,22,31,31,0,84,36.9,2,f,4,2022-09-04,2025-09-30
VTUO,9,DEP,22,2,2,0,2,100.0,1,t,2,2022-09-27,2025-09-16
VTUO,10,ALL,04,86,86,0,113,76.1,1,t,4,2022-10-02,2025-10-30
VTUO,10,ALL,22,27,27,0,113,23.9,2,f,4,2022-10-01,2025-10-30
VTUO,10,ARR,04,83,83,0,95,87.4,1,t,4,2022-10-02,2025-10-30
VTUO,10,ARR,22,12,12,0,95,12.6,2,f,4,2022-10-01,2025-10-30
VTUO,10,DEP,22,15,15,0,18,83.3,1,t,4,2022-10-07,2025-10-14
VTUO,10,DEP,04,3,3,0,18,16.7,2,f,4,2024-10-21,2024-10-30
VTUO,11,ALL,04,64,64,0,69,92.8,1,t,4,2022-11-01,2025-11-30
VTUO,11,ALL,22,5,5,0,69,7.2,2,f,4,2022-11-03,2025-11-29
VTUO,11,ARR,04,63,63,0,63,100.0,1,t,4,2022-11-01,2025-11-30
VTUO,11,DEP,22,5,5,0,6,83.3,1,t,3,2022-11-03,2025-11-29
VTUO,11,DEP,04,1,1,0,6,16.7,2,f,3,2022-11-04,2022-11-04
VTUO,12,ALL,04,37,37,0,42,88.1,1,t,4,2022-12-11,2025-12-31
VTUO,12,ALL,22,5,5,0,42,11.9,2,f,4,2022-12-09,2024-12-02
VTUO,12,ARR,04,36,36,0,37,97.3,1,t,4,2022-12-11,2025-12-31
VTUO,12,ARR,22,1,1,0,37,2.7,2,f,4,2023-12-06,2023-12-06
VTUO,12,DEP,22,4,4,0,5,80.0,1,t,4,2022-12-09,2024-12-02
VTUO,12,DEP,04,1,1,0,5,20.0,2,f,4,2025-12-20,2025-12-20
VTUQ,1,ALL,06,18,18,0,23,78.3,1,t,3,2024-01-19,2026-01-29
VTUQ,1,ALL,24,5,5,0,23,21.7,2,f,3,2025-01-14,2026-01-30
VTUQ,1,ARR,06,10,10,0,12,83.3,1,t,3,2024-01-19,2026-01-29
VTUQ,1,ARR,24,2,2,0,12,16.7,2,f,3,2026-01-16,2026-01-30
VTUQ,1,DEP,06,8,8,0,11,72.7,1,t,2,2026-01-15,2026-01-29
VTUQ,1,DEP,24,3,3,0,11,27.3,2,f,2,2025-01-14,2025-01-14
VTUQ,2,ALL,06,196,2,194,230,85.2,1,t,3,2025-02-03,2026-02-25
VTUQ,2,ALL,24,34,1,33,230,14.8,2,f,3,2024-02-08,2026-02-28
VTUQ,2,ARR,06,97,2,95,114,85.1,1,t,3,2025-02-03,2026-02-25
VTUQ,2,ARR,24,17,1,16,114,14.9,2,f,3,2024-02-08,2026-02-28
VTUQ,2,DEP,06,99,0,99,116,85.3,1,t,1,2026-02-05,2026-02-25
VTUQ,2,DEP,24,17,0,17,116,14.7,2,f,1,2026-02-05,2026-02-28
VTUQ,3,ALL,24,60,0,60,96,62.5,1,t,1,2026-03-02,2026-03-31
VTUQ,3,ALL,06,36,0,36,96,37.5,2,f,1,2026-03-04,2026-03-21
VTUQ,3,ARR,24,31,0,31,48,64.6,1,t,1,2026-03-02,2026-03-31
VTUQ,3,ARR,06,17,0,17,48,35.4,2,f,1,2026-03-05,2026-03-21
VTUQ,3,DEP,24,29,0,29,48,60.4,1,t,1,2026-03-02,2026-03-31
VTUQ,3,DEP,06,19,0,19,48,39.6,2,f,1,2026-03-04,2026-03-21
VTUQ,4,ALL,24,357,4,353,374,95.5,1,t,3,2023-04-24,2026-04-29
VTUQ,4,ALL,06,17,2,15,374,4.5,2,f,3,2024-04-03,2026-04-30
VTUQ,4,ARR,24,170,3,167,178,95.5,1,t,3,2023-04-24,2026-04-29
VTUQ,4,ARR,06,8,1,7,178,4.5,2,f,3,2024-04-03,2026-04-30
VTUQ,4,DEP,24,187,1,186,196,95.4,1,t,2,2024-04-03,2026-04-29
VTUQ,4,DEP,06,9,1,8,196,4.6,2,f,2,2024-04-05,2026-04-30
VTUQ,5,ALL,24,418,14,404,497,84.1,1,t,5,2022-05-30,2026-05-29
VTUQ,5,ALL,06,79,3,76,497,15.9,2,f,5,2025-05-13,2026-05-19
VTUQ,5,ARR,24,207,8,199,247,83.8,1,t,4,2022-05-30,2026-05-29
VTUQ,5,ARR,06,40,2,38,247,16.2,2,f,4,2025-05-13,2026-05-11
VTUQ,5,DEP,24,211,6,205,250,84.4,1,t,5,2022-05-31,2026-05-29
VTUQ,5,DEP,06,39,1,38,250,15.6,2,f,5,2025-05-22,2026-05-19
VTUQ,6,ALL,24,325,5,320,342,95.0,1,t,4,2023-06-21,2026-06-16
VTUQ,6,ALL,06,17,4,13,342,5.0,2,f,4,2022-06-18,2026-06-11
VTUQ,6,ARR,24,151,2,149,163,92.6,1,t,4,2025-06-03,2026-06-16
VTUQ,6,ARR,06,12,3,9,163,7.4,2,f,4,2022-06-18,2026-06-08
VTUQ,6,DEP,24,174,3,171,179,97.2,1,t,3,2023-06-21,2026-06-16
VTUQ,6,DEP,06,5,1,4,179,2.8,2,f,3,2023-06-28,2026-06-11
VTUQ,7,ALL,24,164,4,160,167,98.2,1,t,3,2026-07-21,2026-07-29
VTUQ,7,ALL,06,3,3,0,167,1.8,2,f,3,2022-07-24,2025-07-04
VTUQ,7,ARR,24,79,1,78,82,96.3,1,t,3,2026-07-21,2026-07-29
VTUQ,7,ARR,06,3,3,0,82,3.7,2,f,3,2022-07-24,2025-07-04
VTUQ,7,DEP,24,85,3,82,85,100.0,1,t,1,2026-07-21,2026-07-29
VTUQ,8,ALL,06,4,4,0,7,57.1,1,t,2,2022-08-19,2025-08-12
VTUQ,8,ALL,24,3,3,0,7,42.9,2,f,2,2022-08-29,2025-08-20
VTUQ,8,ARR,06,2,2,0,4,50.0,1,t,2,2022-08-19,2022-08-22
VTUQ,8,ARR,24,2,2,0,4,50.0,2,f,2,2025-08-11,2025-08-20
VTUQ,8,DEP,06,2,2,0,3,66.7,1,t,2,2025-08-04,2025-08-12
VTUQ,8,DEP,24,1,1,0,3,33.3,2,f,2,2022-08-29,2022-08-29
VTUQ,9,ALL,06,9,9,0,17,52.9,1,t,4,2022-09-12,2025-09-30
VTUQ,9,ALL,24,8,8,0,17,47.1,2,f,4,2022-09-12,2025-09-04
VTUQ,9,ARR,24,6,6,0,10,60.0,1,t,4,2022-09-12,2024-09-06
VTUQ,9,ARR,06,4,4,0,10,40.0,2,f,4,2024-09-02,2025-09-04
VTUQ,9,DEP,06,5,5,0,7,71.4,1,t,3,2022-09-12,2025-09-30
VTUQ,9,DEP,24,2,2,0,7,28.6,2,f,3,2022-09-12,2025-09-04
VTUQ,10,ALL,24,18,18,0,28,64.3,1,t,4,2022-10-05,2025-10-21
VTUQ,10,ALL,06,10,10,0,28,35.7,2,f,4,2022-10-06,2025-10-21
VTUQ,10,ARR,24,7,7,0,11,63.6,1,t,3,2023-10-03,2025-10-10
VTUQ,10,ARR,06,4,4,0,11,36.4,2,f,3,2023-10-09,2025-10-06
VTUQ,10,DEP,24,11,11,0,17,64.7,1,t,4,2022-10-05,2025-10-21
VTUQ,10,DEP,06,6,6,0,17,35.3,2,f,4,2022-10-06,2025-10-21
VTUQ,11,ALL,06,1,1,0,2,50.0,1,t,2,2025-11-17,2025-11-17
VTUQ,11,ALL,24,1,1,0,2,50.0,2,f,2,2022-11-29,2022-11-29
VTUQ,11,DEP,06,1,1,0,2,50.0,1,t,2,2025-11-17,2025-11-17
VTUQ,11,DEP,24,1,1,0,2,50.0,2,f,2,2022-11-29,2022-11-29
VTUQ,12,ALL,06,3,3,0,3,100.0,1,t,1,2025-12-25,2025-12-25
VTUQ,12,ARR,06,1,1,0,1,100.0,1,t,1,2025-12-25,2025-12-25
VTUQ,12,DEP,06,2,2,0,2,100.0,1,t,1,2025-12-25,2025-12-25
VTUU,1,ALL,05,2829,2829,0,3659,77.3,1,t,4,2023-01-01,2026-01-31
VTUU,1,ALL,23,830,830,0,3659,22.7,2,f,4,2023-01-01,2026-01-31
VTUU,1,ARR,05,1817,1817,0,1844,98.5,1,t,4,2023-01-01,2026-01-31
VTUU,1,ARR,23,27,27,0,1844,1.5,2,f,4,2023-01-09,2026-01-29
VTUU,1,DEP,05,1012,1012,0,1815,55.8,1,t,4,2023-01-01,2026-01-31
VTUU,1,DEP,23,803,803,0,1815,44.2,2,f,4,2023-01-01,2026-01-31
VTUU,2,ALL,05,2390,2390,0,3212,74.4,1,t,4,2023-02-01,2026-02-28
VTUU,2,ALL,23,822,822,0,3212,25.6,2,f,4,2023-02-01,2026-02-28
VTUU,2,ARR,05,1552,1552,0,1604,96.8,1,t,4,2023-02-01,2026-02-28
VTUU,2,ARR,23,52,52,0,1604,3.2,2,f,4,2023-02-14,2026-02-26
VTUU,2,DEP,05,838,838,0,1608,52.1,1,t,4,2023-02-01,2026-02-28
VTUU,2,DEP,23,770,770,0,1608,47.9,2,f,4,2023-02-01,2026-02-28
VTUU,3,ALL,05,2222,2222,0,3383,65.7,1,t,4,2023-03-01,2026-03-31
VTUU,3,ALL,23,1161,1161,0,3383,34.3,2,f,4,2023-03-01,2026-03-31
VTUU,3,ARR,05,1581,1581,0,1706,92.7,1,t,4,2023-03-01,2026-03-31
VTUU,3,ARR,23,125,125,0,1706,7.3,2,f,4,2023-03-15,2026-03-31
VTUU,3,DEP,23,1036,1036,0,1677,61.8,1,t,4,2023-03-01,2026-03-31
VTUU,3,DEP,05,641,641,0,1677,38.2,2,f,4,2023-03-01,2026-03-31
VTUU,4,ALL,23,1708,1708,0,3384,50.5,1,t,4,2023-04-01,2026-04-30
VTUU,4,ALL,05,1676,1676,0,3384,49.5,2,f,4,2023-04-01,2026-04-30
VTUU,4,ARR,05,1276,1276,0,1686,75.7,1,t,4,2023-04-01,2026-04-30
VTUU,4,ARR,23,410,410,0,1686,24.3,2,f,4,2023-04-02,2026-04-29
VTUU,4,DEP,23,1298,1298,0,1698,76.4,1,t,4,2023-04-01,2026-04-30
VTUU,4,DEP,05,400,400,0,1698,23.6,2,f,4,2023-04-01,2026-04-30
VTUU,5,ALL,23,2159,2159,0,4158,51.9,1,t,5,2022-05-01,2026-05-31
VTUU,5,ALL,05,1999,1999,0,4158,48.1,2,f,5,2022-05-01,2026-05-31
VTUU,5,ARR,05,1518,1518,0,2082,72.9,1,t,5,2022-05-01,2026-05-31
VTUU,5,ARR,23,564,564,0,2082,27.1,2,f,5,2022-05-10,2026-05-31
VTUU,5,DEP,23,1595,1595,0,2076,76.8,1,t,5,2022-05-01,2026-05-31
VTUU,5,DEP,05,481,481,0,2076,23.2,2,f,5,2022-05-01,2026-05-31
VTUU,6,ALL,23,2635,2635,0,3956,66.6,1,t,5,2022-06-01,2026-06-30
VTUU,6,ALL,05,1321,1321,0,3956,33.4,2,f,5,2022-06-01,2026-06-30
VTUU,6,ARR,05,1026,1026,0,1974,52.0,1,t,5,2022-06-01,2026-06-30
VTUU,6,ARR,23,948,948,0,1974,48.0,2,f,5,2022-06-01,2026-06-30
VTUU,6,DEP,23,1687,1687,0,1982,85.1,1,t,5,2022-06-01,2026-06-30
VTUU,6,DEP,05,295,295,0,1982,14.9,2,f,5,2022-06-01,2026-06-29
VTUU,7,ALL,23,3124,3124,0,4421,70.7,1,t,5,2022-07-01,2026-07-31
VTUU,7,ALL,05,1297,1297,0,4421,29.3,2,f,5,2022-07-01,2026-07-31
VTUU,7,ARR,23,1167,1167,0,2213,52.7,1,t,5,2022-07-01,2026-07-31
VTUU,7,ARR,05,1046,1046,0,2213,47.3,2,f,5,2022-07-01,2026-07-31
VTUU,7,DEP,23,1957,1957,0,2208,88.6,1,t,5,2022-07-01,2026-07-31
VTUU,7,DEP,05,251,251,0,2208,11.4,2,f,5,2022-07-01,2026-07-30
VTUU,8,ALL,23,2075,2075,0,3308,62.7,1,t,5,2022-08-01,2026-08-04
VTUU,8,ALL,05,1233,1233,0,3308,37.3,2,f,5,2022-08-01,2026-08-04
VTUU,8,ARR,05,1002,1002,0,1649,60.8,1,t,5,2022-08-01,2026-08-04
VTUU,8,ARR,23,647,647,0,1649,39.2,2,f,5,2022-08-01,2026-08-04
VTUU,8,DEP,23,1428,1428,0,1659,86.1,1,t,5,2022-08-01,2026-08-04
VTUU,8,DEP,05,231,231,0,1659,13.9,2,f,5,2022-08-01,2025-08-31
VTUU,9,ALL,23,1444,1444,0,2883,50.1,1,t,4,2022-09-01,2025-09-30
VTUU,9,ALL,05,1439,1439,0,2883,49.9,2,f,4,2022-09-01,2025-09-30
VTUU,9,ARR,05,1125,1125,0,1442,78.0,1,t,4,2022-09-01,2025-09-30
VTUU,9,ARR,23,317,317,0,1442,22.0,2,f,4,2022-09-01,2025-09-30
VTUU,9,DEP,23,1127,1127,0,1441,78.2,1,t,4,2022-09-01,2025-09-30
VTUU,9,DEP,05,314,314,0,1441,21.8,2,f,4,2022-09-01,2025-09-29
VTUU,10,ALL,05,2324,2324,0,3158,73.6,1,t,4,2022-10-01,2025-10-31
VTUU,10,ALL,23,834,834,0,3158,26.4,2,f,4,2022-10-01,2025-10-31
VTUU,10,ARR,05,1530,1530,0,1574,97.2,1,t,4,2022-10-01,2025-10-31
VTUU,10,ARR,23,44,44,0,1574,2.8,2,f,4,2022-10-01,2025-10-17
VTUU,10,DEP,05,794,794,0,1584,50.1,1,t,4,2022-10-01,2025-10-31
VTUU,10,DEP,23,790,790,0,1584,49.9,2,f,4,2022-10-01,2025-10-31
VTUU,11,ALL,05,2635,2635,0,3286,80.2,1,t,4,2022-11-01,2025-11-30
VTUU,11,ALL,23,651,651,0,3286,19.8,2,f,4,2022-11-01,2025-11-30
VTUU,11,ARR,05,1634,1634,0,1647,99.2,1,t,4,2022-11-01,2025-11-30
VTUU,11,ARR,23,13,13,0,1647,0.8,2,f,4,2022-11-05,2025-11-20
VTUU,11,DEP,05,1001,1001,0,1639,61.1,1,t,4,2022-11-01,2025-11-30
VTUU,11,DEP,23,638,638,0,1639,38.9,2,f,4,2022-11-01,2025-11-30
VTUU,12,ALL,05,2865,2865,0,3462,82.8,1,t,4,2022-12-01,2025-12-31
VTUU,12,ALL,23,597,597,0,3462,17.2,2,f,4,2022-12-01,2025-12-31
VTUU,12,ARR,05,1723,1723,0,1730,99.6,1,t,4,2022-12-01,2025-12-31
VTUU,12,ARR,23,7,7,0,1730,0.4,2,f,4,2022-12-22,2025-12-12
VTUU,12,DEP,05,1142,1142,0,1732,65.9,1,t,4,2022-12-01,2025-12-31
VTUU,12,DEP,23,590,590,0,1732,34.1,2,f,4,2022-12-01,2025-12-31
VTUV,1,ALL,36,932,932,0,1410,66.1,1,t,4,2023-01-01,2026-01-31
VTUV,1,ALL,18,478,478,0,1410,33.9,2,f,4,2023-01-01,2026-01-31
VTUV,1,ARR,36,695,695,0,703,98.9,1,t,4,2023-01-01,2026-01-31
VTUV,1,ARR,18,8,8,0,703,1.1,2,f,4,2024-01-07,2026-01-29
VTUV,1,DEP,18,470,470,0,707,66.5,1,t,4,2023-01-01,2026-01-31
VTUV,1,DEP,36,237,237,0,707,33.5,2,f,4,2023-01-01,2026-01-30
VTUV,2,ALL,36,1044,1032,12,1611,64.8,1,t,4,2023-02-01,2026-02-28
VTUV,2,ALL,18,567,565,2,1611,35.2,2,f,4,2023-02-01,2026-02-28
VTUV,2,ARR,36,738,732,6,801,92.1,1,t,4,2023-02-01,2026-02-28
VTUV,2,ARR,18,63,62,1,801,7.9,2,f,4,2023-02-04,2026-02-28
VTUV,2,DEP,18,504,503,1,810,62.2,1,t,4,2023-02-01,2026-02-28
VTUV,2,DEP,36,306,300,6,810,37.8,2,f,4,2023-02-01,2026-02-27
VTUV,3,ALL,36,1309,1286,23,2593,50.5,1,t,4,2023-03-01,2026-03-31
VTUV,3,ALL,18,1284,1276,8,2593,49.5,2,f,4,2023-03-01,2026-03-31
VTUV,3,ARR,36,965,952,13,1277,75.6,1,t,4,2023-03-01,2026-03-31
VTUV,3,ARR,18,312,309,3,1277,24.4,2,f,4,2023-03-18,2026-03-31
VTUV,3,DEP,18,972,967,5,1316,73.9,1,t,4,2023-03-01,2026-03-31
VTUV,3,DEP,36,344,334,10,1316,26.1,2,f,4,2023-03-01,2026-03-31
VTUV,4,ALL,18,1114,1102,12,1749,63.7,1,t,4,2023-04-01,2026-04-30
VTUV,4,ALL,36,635,631,4,1749,36.3,2,f,4,2023-04-01,2026-04-30
VTUV,4,ARR,36,537,536,1,867,61.9,1,t,4,2023-04-01,2026-04-30
VTUV,4,ARR,18,330,322,8,867,38.1,2,f,4,2023-04-01,2026-04-29
VTUV,4,DEP,18,784,780,4,882,88.9,1,t,4,2023-04-01,2026-04-30
VTUV,4,DEP,36,98,95,3,882,11.1,2,f,4,2023-04-22,2026-04-30
VTUV,5,ALL,18,1186,1176,10,2015,58.9,1,t,5,2022-05-01,2026-05-31
VTUV,5,ALL,36,829,824,5,2015,41.1,2,f,5,2022-05-01,2026-05-31
VTUV,5,ARR,36,675,672,3,1001,67.4,1,t,5,2022-05-01,2026-05-31
VTUV,5,ARR,18,326,321,5,1001,32.6,2,f,5,2022-05-09,2026-05-28
VTUV,5,DEP,18,860,855,5,1014,84.8,1,t,5,2022-05-01,2026-05-31
VTUV,5,DEP,36,154,152,2,1014,15.2,2,f,5,2022-05-01,2026-05-19
VTUV,6,ALL,18,1209,1198,11,1832,66.0,1,t,5,2022-06-01,2026-06-30
VTUV,6,ALL,36,623,622,1,1832,34.0,2,f,5,2022-06-01,2026-06-30
VTUV,6,ARR,36,512,511,1,913,56.1,1,t,5,2022-06-01,2026-06-30
VTUV,6,ARR,18,401,395,6,913,43.9,2,f,5,2022-06-01,2026-06-30
VTUV,6,DEP,18,808,803,5,919,87.9,1,t,5,2022-06-01,2026-06-30
VTUV,6,DEP,36,111,111,0,919,12.1,2,f,5,2022-06-10,2026-06-24
VTUV,7,ALL,18,1330,1328,2,1912,69.6,1,t,5,2022-07-01,2026-07-31
VTUV,7,ALL,36,582,581,1,1912,30.4,2,f,5,2022-07-01,2026-07-31
VTUV,7,ARR,36,527,527,0,938,56.2,1,t,5,2022-07-01,2026-07-31
VTUV,7,ARR,18,411,410,1,938,43.8,2,f,5,2022-07-01,2026-07-31
VTUV,7,DEP,18,919,918,1,974,94.4,1,t,5,2022-07-01,2026-07-31
VTUV,7,DEP,36,55,54,1,974,5.6,2,f,5,2022-07-06,2026-07-30
VTUV,8,ALL,18,1103,1103,0,1593,69.2,1,t,5,2022-08-01,2026-08-04
VTUV,8,ALL,36,490,490,0,1593,30.8,2,f,5,2022-08-01,2026-08-04
VTUV,8,ARR,36,457,457,0,795,57.5,1,t,5,2022-08-01,2026-08-04
VTUV,8,ARR,18,338,338,0,795,42.5,2,f,5,2022-08-01,2026-08-04
VTUV,8,DEP,18,765,765,0,798,95.9,1,t,5,2022-08-01,2026-08-04
VTUV,8,DEP,36,33,33,0,798,4.1,2,f,5,2022-08-04,2025-08-29
VTUV,9,ALL,18,676,676,0,1226,55.1,1,t,4,2022-09-01,2025-09-30
VTUV,9,ALL,36,550,550,0,1226,44.9,2,f,4,2022-09-01,2025-09-30
VTUV,9,ARR,36,468,468,0,612,76.5,1,t,4,2022-09-01,2025-09-30
VTUV,9,ARR,18,144,144,0,612,23.5,2,f,4,2022-09-04,2025-09-30
VTUV,9,DEP,18,532,532,0,614,86.6,1,t,4,2022-09-01,2025-09-30
VTUV,9,DEP,36,82,82,0,614,13.4,2,f,4,2022-09-01,2025-09-28
VTUV,10,ALL,36,761,761,0,1306,58.3,1,t,4,2022-10-01,2025-10-31
VTUV,10,ALL,18,545,545,0,1306,41.7,2,f,4,2022-10-01,2025-10-31
VTUV,10,ARR,36,603,603,0,651,92.6,1,t,4,2022-10-01,2025-10-31
VTUV,10,ARR,18,48,48,0,651,7.4,2,f,4,2022-10-01,2025-10-14
VTUV,10,DEP,18,497,497,0,655,75.9,1,t,4,2022-10-01,2025-10-31
VTUV,10,DEP,36,158,158,0,655,24.1,2,f,4,2022-10-04,2025-10-31
VTUV,11,ALL,36,910,910,0,1446,62.9,1,t,4,2022-11-01,2025-11-30
VTUV,11,ALL,18,536,536,0,1446,37.1,2,f,4,2022-11-01,2025-11-30
VTUV,11,ARR,36,699,699,0,712,98.2,1,t,4,2022-11-01,2025-11-30
VTUV,11,ARR,18,13,13,0,712,1.8,2,f,4,2022-11-09,2025-11-08
VTUV,11,DEP,18,523,523,0,734,71.3,1,t,4,2022-11-01,2025-11-30
VTUV,11,DEP,36,211,211,0,734,28.7,2,f,4,2022-11-01,2025-11-29
VTUV,12,ALL,36,1006,1006,0,1482,67.9,1,t,4,2022-12-01,2025-12-31
VTUV,12,ALL,18,476,476,0,1482,32.1,2,f,4,2022-12-01,2025-12-31
VTUV,12,ARR,36,733,733,0,736,99.6,1,t,4,2022-12-01,2025-12-31
VTUV,12,ARR,18,3,3,0,736,0.4,2,f,4,2022-12-02,2025-12-13
VTUV,12,DEP,18,473,473,0,746,63.4,1,t,4,2022-12-01,2025-12-31
VTUV,12,DEP,36,273,273,0,746,36.6,2,f,4,2022-12-01,2025-12-31
VTUW,1,ALL,15,16,16,0,16,100.0,1,t,4,2023-01-22,2026-01-20
VTUW,1,ARR,15,15,15,0,15,100.0,1,t,4,2023-01-22,2026-01-20
VTUW,1,DEP,15,1,1,0,1,100.0,1,t,1,2024-01-20,2024-01-20
VTUW,2,ALL,15,276,20,256,286,96.5,1,t,4,2023-02-05,2026-02-28
VTUW,2,ALL,33,10,0,10,286,3.5,2,f,4,2026-02-05,2026-02-28
VTUW,2,ARR,15,138,20,118,144,95.8,1,t,4,2023-02-05,2026-02-28
VTUW,2,ARR,33,6,0,6,144,4.2,2,f,4,2026-02-09,2026-02-28
VTUW,2,DEP,15,138,0,138,142,97.2,1,t,1,2026-02-05,2026-02-28
VTUW,2,DEP,33,4,0,4,142,2.8,2,f,1,2026-02-05,2026-02-27
VTUW,3,ALL,15,347,16,331,361,96.1,1,t,3,2024-03-05,2026-03-31
VTUW,3,ALL,33,14,3,11,361,3.9,2,f,3,2024-03-22,2026-03-27
VTUW,3,ARR,15,174,16,158,185,94.1,1,t,3,2024-03-05,2026-03-31
VTUW,3,ARR,33,11,3,8,185,5.9,2,f,3,2024-03-22,2026-03-25
VTUW,3,DEP,15,173,0,173,176,98.3,1,t,1,2026-03-01,2026-03-31
VTUW,3,DEP,33,3,0,3,176,1.7,2,f,1,2026-03-13,2026-03-27
VTUW,4,ALL,15,268,10,258,287,93.4,1,t,4,2023-04-06,2026-04-30
VTUW,4,ALL,33,19,0,19,287,6.6,2,f,4,2026-04-05,2026-04-24
VTUW,4,ARR,15,137,10,127,145,94.5,1,t,4,2023-04-06,2026-04-30
VTUW,4,ARR,33,8,0,8,145,5.5,2,f,4,2026-04-05,2026-04-22
VTUW,4,DEP,15,131,0,131,142,92.3,1,t,1,2026-04-01,2026-04-30
VTUW,4,DEP,33,11,0,11,142,7.7,2,f,1,2026-04-11,2026-04-24
VTUW,5,ALL,15,270,19,251,283,95.4,1,t,4,2022-05-13,2026-05-31
VTUW,5,ALL,33,13,0,13,283,4.6,2,f,4,2026-05-04,2026-05-26
VTUW,5,ARR,15,137,19,118,142,96.5,1,t,4,2022-05-13,2026-05-31
VTUW,5,ARR,33,5,0,5,142,3.5,2,f,4,2026-05-08,2026-05-18
VTUW,5,DEP,15,133,0,133,141,94.3,1,t,1,2026-05-01,2026-05-31
VTUW,5,DEP,33,8,0,8,141,5.7,2,f,1,2026-05-04,2026-05-26
VTUW,6,ALL,15,119,25,94,127,93.7,1,t,5,2022-06-01,2026-06-27
VTUW,6,ALL,33,8,1,7,127,6.3,2,f,5,2023-06-03,2026-06-13
VTUW,6,ARR,15,69,24,45,74,93.2,1,t,5,2022-06-01,2026-06-27
VTUW,6,ARR,33,5,1,4,74,6.8,2,f,5,2023-06-03,2026-06-13
VTUW,6,DEP,15,50,1,49,53,94.3,1,t,2,2024-06-05,2026-06-16
VTUW,6,DEP,33,3,0,3,53,5.7,2,f,2,2026-06-08,2026-06-11
VTUW,7,ALL,15,99,12,87,101,98.0,1,t,5,2022-07-25,2026-07-29
VTUW,7,ALL,33,2,1,1,101,2.0,2,f,5,2022-07-06,2026-07-25
VTUW,7,ARR,15,54,12,42,55,98.2,1,t,5,2022-07-25,2026-07-29
VTUW,7,ARR,33,1,1,0,55,1.8,2,f,5,2022-07-06,2022-07-06
VTUW,7,DEP,15,45,0,45,46,97.8,1,t,1,2026-07-21,2026-07-29
VTUW,7,DEP,33,1,0,1,46,2.2,2,f,1,2026-07-25,2026-07-25
VTUW,8,ALL,15,26,26,0,26,100.0,1,t,5,2022-08-09,2026-08-02
VTUW,8,ARR,15,24,24,0,24,100.0,1,t,5,2022-08-09,2026-08-02
VTUW,8,DEP,15,2,2,0,2,100.0,1,t,2,2022-08-29,2025-08-05
VTUW,9,ALL,15,11,11,0,11,100.0,1,t,4,2022-09-15,2025-09-16
VTUW,9,ARR,15,11,11,0,11,100.0,1,t,4,2022-09-15,2025-09-16
VTUW,10,ALL,15,14,14,0,14,100.0,1,t,4,2022-10-06,2025-10-20
VTUW,10,ARR,15,13,13,0,13,100.0,1,t,4,2022-10-06,2025-10-20
VTUW,10,DEP,15,1,1,0,1,100.0,1,t,1,2024-10-19,2024-10-19
VTUW,11,ALL,15,11,11,0,11,100.0,1,t,3,2022-11-26,2025-11-30
VTUW,11,ARR,15,10,10,0,10,100.0,1,t,3,2022-11-26,2025-11-30
VTUW,11,DEP,15,1,1,0,1,100.0,1,t,1,2025-11-30,2025-11-30
VTUW,12,ALL,15,1,1,0,1,100.0,1,t,1,2025-12-20,2025-12-20
VTUW,12,ARR,15,1,1,0,1,100.0,1,t,1,2025-12-20,2025-12-20
