actype,version,isa_offset,phase,fl,tas,rocd_lo,rocd_nom,rocd_hi,fuel_lo,fuel_nom,fuel_hi
A20N,thaiapm-202607,15,climb,0,160.0,2562.0,2369.0,2175.0,,,
A20N,thaiapm-202607,15,descent,0,116.0,,416.0,,,,
A20N,thaiapm-202607,15,climb,5,161.0,2562.0,2369.0,2175.0,,,
A20N,thaiapm-202607,15,descent,5,128.0,,577.0,,,,
A20N,thaiapm-202607,15,climb,10,162.0,2562.0,2369.0,2175.0,,,
A20N,thaiapm-202607,15,descent,10,141.0,,738.0,,,,
A20N,thaiapm-202607,15,climb,15,164.0,2506.0,2297.0,2091.0,,,
A20N,thaiapm-202607,15,descent,15,152.0,,753.0,,,,
A20N,thaiapm-202607,15,climb,20,166.0,2450.0,2225.0,2008.0,,,
A20N,thaiapm-202607,15,descent,20,164.0,,769.0,,,,
A20N,thaiapm-202607,15,climb,30,169.0,2338.0,2081.0,1841.0,,,
A20N,thaiapm-202607,15,descent,30,187.0,,800.0,,,,
A20N,thaiapm-202607,15,climb,40,205.0,2353.0,1969.0,1720.0,,,
A20N,thaiapm-202607,15,descent,40,210.0,,952.0,,,,
A20N,thaiapm-202607,15,climb,60,258.0,2802.0,2369.0,2016.0,,,
A20N,thaiapm-202607,15,descent,60,248.0,,1161.0,,,,
A20N,thaiapm-202607,15,climb,80,279.0,3242.0,2897.0,2478.0,,,
A20N,thaiapm-202607,15,descent,80,273.0,,1312.0,,,,
A20N,thaiapm-202607,15,climb,100,290.0,3138.0,2719.0,2062.0,,,
A20N,thaiapm-202607,15,descent,100,290.0,,1359.0,,,,
A20N,thaiapm-202607,15,climb,120,308.0,2945.0,2525.0,1872.0,,,
A20N,thaiapm-202607,15,descent,120,311.0,,1503.0,,,,
A20N,thaiapm-202607,15,climb,140,330.0,2738.0,2400.0,2039.0,,,
A20N,thaiapm-202607,15,descent,140,336.0,,1775.0,,,,
A20N,thaiapm-202607,15,climb,160,348.0,2458.0,2128.0,1791.0,,,
A20N,thaiapm-202607,15,descent,160,352.0,,1903.0,,,,
A20N,thaiapm-202607,15,climb,180,362.0,2256.0,1967.0,1670.0,,,
A20N,thaiapm-202607,15,descent,180,364.0,,1984.0,,,,
A20N,thaiapm-202607,15,climb,200,375.0,2111.0,1872.0,1616.0,,,
A20N,thaiapm-202607,15,descent,200,376.0,,2042.0,,,,
A20N,thaiapm-202607,15,climb,220,386.0,1920.0,1695.0,1456.0,,,
A20N,thaiapm-202607,15,descent,220,389.0,,2105.0,,,,
A20N,thaiapm-202607,15,climb,240,398.0,1736.0,1519.0,1297.0,,,
A20N,thaiapm-202607,15,descent,240,402.0,,2159.0,,,,
A20N,thaiapm-202607,15,climb,260,410.0,1527.0,1328.0,1122.0,,,
A20N,thaiapm-202607,15,descent,260,414.0,,2191.0,,,,
A20N,thaiapm-202607,15,climb,280,422.0,1294.0,1122.0,944.0,,,
A20N,thaiapm-202607,15,descent,280,426.0,,2206.0,,,,
A20N,thaiapm-202607,15,climb,300,434.0,1200.0,1025.0,862.0,,,
A20N,thaiapm-202607,15,descent,300,437.0,,2206.0,,,,
A20N,thaiapm-202607,15,climb,320,444.0,1200.0,1009.0,831.0,,,
A20N,thaiapm-202607,15,descent,320,449.0,,2120.0,,,,
A20N,thaiapm-202607,15,cruise,320,453.0,,,,,,
A20N,thaiapm-202607,15,climb,340,440.0,1119.0,936.0,753.0,,,
A20N,thaiapm-202607,15,descent,340,445.0,,1817.0,,,,
A20N,thaiapm-202607,15,cruise,340,449.0,,,,,,
A20N,thaiapm-202607,15,climb,360,436.0,1009.0,839.0,672.0,,,
A20N,thaiapm-202607,15,descent,360,441.0,,1344.0,,,,
A20N,thaiapm-202607,15,cruise,360,445.0,,,,,,
A20N,thaiapm-202607,15,climb,380,436.0,897.0,719.0,544.0,,,
A20N,thaiapm-202607,15,descent,380,441.0,,1025.0,,,,
A20N,thaiapm-202607,15,cruise,380,445.0,,,,,,
A21N,thaiapm-202607,15,climb,0,173.0,2562.0,2384.0,2206.0,,,
A21N,thaiapm-202607,15,descent,0,120.0,,400.0,,,,
A21N,thaiapm-202607,15,climb,5,174.0,2562.0,2384.0,2206.0,,,
A21N,thaiapm-202607,15,descent,5,131.0,,569.0,,,,
A21N,thaiapm-202607,15,climb,10,176.0,2562.0,2384.0,2206.0,,,
A21N,thaiapm-202607,15,descent,10,142.0,,738.0,,,,
A21N,thaiapm-202607,15,climb,15,178.0,2495.0,2284.0,2062.0,,,
A21N,thaiapm-202607,15,descent,15,153.0,,757.0,,,,
A21N,thaiapm-202607,15,climb,20,180.0,2427.0,2183.0,1919.0,,,
A21N,thaiapm-202607,15,descent,20,164.0,,777.0,,,,
A21N,thaiapm-202607,15,climb,30,184.0,2291.0,1981.0,1631.0,,,
A21N,thaiapm-202607,15,descent,30,186.0,,816.0,,,,
A21N,thaiapm-202607,15,climb,40,220.0,2330.0,1934.0,1616.0,,,
A21N,thaiapm-202607,15,descent,40,201.0,,936.0,,,,
A21N,thaiapm-202607,15,climb,60,266.0,2672.0,2241.0,1872.0,,,
A21N,thaiapm-202607,15,descent,60,231.0,,1119.0,,,,
A21N,thaiapm-202607,15,climb,80,280.0,2944.0,2559.0,2167.0,,,
A21N,thaiapm-202607,15,descent,80,261.0,,1262.0,,,,
A21N,thaiapm-202607,15,climb,100,302.0,2640.0,2094.0,1670.0,,,
A21N,thaiapm-202607,15,descent,100,285.0,,1303.0,,,,
A21N,thaiapm-202607,15,climb,120,335.0,2448.0,1919.0,1519.0,,,
A21N,thaiapm-202607,15,descent,120,305.0,,1400.0,,,,
A21N,thaiapm-202607,15,climb,140,357.0,2448.0,2097.0,1806.0,,,
A21N,thaiapm-202607,15,descent,140,328.0,,1616.0,,,,
A21N,thaiapm-202607,15,climb,160,369.0,2272.0,1938.0,1647.0,,,
A21N,thaiapm-202607,15,descent,160,347.0,,1736.0,,,,
A21N,thaiapm-202607,15,climb,180,381.0,2078.0,1775.0,1503.0,,,
A21N,thaiapm-202607,15,descent,180,362.0,,1833.0,,,,
A21N,thaiapm-202607,15,climb,200,392.0,1888.0,1608.0,1359.0,,,
A21N,thaiapm-202607,15,descent,200,375.0,,1919.0,,,,
A21N,thaiapm-202607,15,climb,220,405.0,1697.0,1433.0,1192.0,,,
A21N,thaiapm-202607,15,descent,220,386.0,,1975.0,,,,
A21N,thaiapm-202607,15,climb,240,417.0,1519.0,1247.0,1016.0,,,
A21N,thaiapm-202607,15,descent,240,399.0,,2025.0,,,,
A21N,thaiapm-202607,15,climb,260,430.0,1327.0,1072.0,872.0,,,
A21N,thaiapm-202607,15,descent,260,411.0,,2064.0,,,,
A21N,thaiapm-202607,15,climb,280,443.0,1167.0,959.0,792.0,,,
A21N,thaiapm-202607,15,descent,280,424.0,,2064.0,,,,
A21N,thaiapm-202607,15,climb,300,453.0,1142.0,944.0,784.0,,,
A21N,thaiapm-202607,15,descent,300,436.0,,2016.0,,,,
A21N,thaiapm-202607,15,climb,320,449.0,1142.0,936.0,766.0,,,
A21N,thaiapm-202607,15,descent,320,444.0,,1694.0,,,,
A21N,thaiapm-202607,15,cruise,320,449.0,,,,,,
A21N,thaiapm-202607,15,climb,340,445.0,1064.0,878.0,703.0,,,
A21N,thaiapm-202607,15,descent,340,440.0,,1247.0,,,,
A21N,thaiapm-202607,15,cruise,340,445.0,,,,,,
A21N,thaiapm-202607,15,climb,360,441.0,967.0,808.0,641.0,,,
A21N,thaiapm-202607,15,descent,360,436.0,,1056.0,,,,
A21N,thaiapm-202607,15,cruise,360,441.0,,,,,,
A319,thaiapm-202607,15,climb,0,154.0,2562.0,2369.0,2191.0,,,
A319,thaiapm-202607,15,descent,0,111.0,,384.0,,,,
A319,thaiapm-202607,15,climb,5,155.0,2562.0,2369.0,2191.0,,,
A319,thaiapm-202607,15,descent,5,125.0,,545.0,,,,
A319,thaiapm-202607,15,climb,10,156.0,2562.0,2369.0,2191.0,,,
A319,thaiapm-202607,15,descent,10,138.0,,706.0,,,,
A319,thaiapm-202607,15,climb,15,156.0,2402.0,2201.0,2020.0,,,
A319,thaiapm-202607,15,descent,15,150.0,,714.0,,,,
A319,thaiapm-202607,15,climb,20,156.0,2241.0,2033.0,1848.0,,,
A319,thaiapm-202607,15,descent,20,163.0,,722.0,,,,
A319,thaiapm-202607,15,climb,30,156.0,1919.0,1697.0,1506.0,,,
A319,thaiapm-202607,15,descent,30,188.0,,738.0,,,,
A319,thaiapm-202607,15,climb,40,193.0,1992.0,1777.0,1584.0,,,
A319,thaiapm-202607,15,descent,40,211.0,,866.0,,,,
A319,thaiapm-202607,15,climb,60,254.0,2648.0,2319.0,1872.0,,,
A319,thaiapm-202607,15,descent,60,252.0,,1056.0,,,,
A319,thaiapm-202607,15,climb,80,280.0,3255.0,2878.0,2288.0,,,
A319,thaiapm-202607,15,descent,80,277.0,,1231.0,,,,
A319,thaiapm-202607,15,climb,100,301.0,3039.0,2567.0,2047.0,,,
A319,thaiapm-202607,15,descent,100,297.0,,1262.0,,,,
A319,thaiapm-202607,15,climb,120,332.0,2792.0,2344.0,1938.0,,,
A319,thaiapm-202607,15,descent,120,322.0,,1431.0,,,,
A319,thaiapm-202607,15,climb,140,351.0,2673.0,2425.0,2178.0,,,
A319,thaiapm-202607,15,descent,140,342.0,,1753.0,,,,
A319,thaiapm-202607,15,climb,160,361.0,2466.0,2233.0,2008.0,,,
A319,thaiapm-202607,15,descent,160,353.0,,1872.0,,,,
A319,thaiapm-202607,15,climb,180,372.0,2272.0,2055.0,1848.0,,,
A319,thaiapm-202607,15,descent,180,363.0,,1934.0,,,,
A319,thaiapm-202607,15,climb,200,384.0,2055.0,1845.0,1658.0,,,
A319,thaiapm-202607,15,descent,200,375.0,,1984.0,,,,
A319,thaiapm-202607,15,climb,220,395.0,1814.0,1623.0,1456.0,,,
A319,thaiapm-202607,15,descent,220,386.0,,2042.0,,,,
A319,thaiapm-202607,15,climb,240,407.0,1631.0,1448.0,1297.0,,,
A319,thaiapm-202607,15,descent,240,398.0,,2089.0,,,,
A319,thaiapm-202607,15,climb,260,418.0,1569.0,1359.0,1192.0,,,
A319,thaiapm-202607,15,descent,260,411.0,,2144.0,,,,
A319,thaiapm-202607,15,climb,280,425.0,1553.0,1328.0,1119.0,,,
A319,thaiapm-202607,15,descent,280,421.0,,2241.0,,,,
A319,thaiapm-202607,15,climb,300,434.0,1472.0,1205.0,1041.0,,,
A319,thaiapm-202607,15,descent,300,429.0,,2225.0,,,,
A319,thaiapm-202607,15,climb,320,430.0,1391.0,1092.0,994.0,,,
A319,thaiapm-202607,15,descent,320,425.0,,2112.0,,,,
A319,thaiapm-202607,15,cruise,320,444.0,,,,,,
A319,thaiapm-202607,15,climb,340,426.0,1344.0,1072.0,978.0,,,
A319,thaiapm-202607,15,descent,340,422.0,,2050.0,,,,
A319,thaiapm-202607,15,cruise,340,440.0,,,,,,
A319,thaiapm-202607,15,climb,360,422.0,1200.0,1025.0,928.0,,,
A319,thaiapm-202607,15,descent,360,418.0,,1825.0,,,,
A319,thaiapm-202607,15,cruise,360,436.0,,,,,,
A319,thaiapm-202607,15,climb,380,422.0,1041.0,978.0,816.0,,,
A319,thaiapm-202607,15,descent,380,418.0,,1312.0,,,,
A319,thaiapm-202607,15,cruise,380,436.0,,,,,,
A320,thaiapm-202607,15,climb,0,160.0,2544.0,2275.0,2000.0,,,
A320,thaiapm-202607,15,descent,0,116.0,,416.0,,,,
A320,thaiapm-202607,15,climb,5,161.0,2544.0,2275.0,2000.0,,,
A320,thaiapm-202607,15,descent,5,128.0,,577.0,,,,
A320,thaiapm-202607,15,climb,10,162.0,2544.0,2275.0,2000.0,,,
A320,thaiapm-202607,15,descent,10,141.0,,738.0,,,,
A320,thaiapm-202607,15,climb,15,165.0,2339.0,2058.0,1800.0,,,
A320,thaiapm-202607,15,descent,15,152.0,,753.0,,,,
A320,thaiapm-202607,15,climb,20,168.0,2134.0,1841.0,1600.0,,,
A320,thaiapm-202607,15,descent,20,163.0,,769.0,,,,
A320,thaiapm-202607,15,climb,30,173.0,1725.0,1406.0,1200.0,,,
A320,thaiapm-202607,15,descent,30,185.0,,800.0,,,,
A320,thaiapm-202607,15,climb,40,217.0,2231.0,1822.0,1447.0,,,
A320,thaiapm-202607,15,descent,40,208.0,,959.0,,,,
A320,thaiapm-202607,15,climb,60,269.0,2889.0,2494.0,2031.0,,,
A320,thaiapm-202607,15,descent,60,249.0,,1184.0,,,,
A320,thaiapm-202607,15,climb,80,279.0,2977.0,2703.0,2361.0,,,
A320,thaiapm-202607,15,descent,80,276.0,,1344.0,,,,
A320,thaiapm-202607,15,climb,100,292.0,2753.0,2447.0,1914.0,,,
A320,thaiapm-202607,15,descent,100,296.0,,1391.0,,,,
A320,thaiapm-202607,15,climb,120,315.0,2528.0,2222.0,1705.0,,,
A320,thaiapm-202607,15,descent,120,317.0,,1472.0,,,,
A320,thaiapm-202607,15,climb,140,337.0,2350.0,2095.0,1823.0,,,
A320,thaiapm-202607,15,descent,140,333.0,,1647.0,,,,
A320,thaiapm-202607,15,climb,160,353.0,2119.0,1864.0,1559.0,,,
A320,thaiapm-202607,15,descent,160,347.0,,1736.0,,,,
A320,thaiapm-202607,15,climb,180,368.0,1936.0,1703.0,1441.0,,,
A320,thaiapm-202607,15,descent,180,361.0,,1817.0,,,,
A320,thaiapm-202607,15,climb,200,381.0,1783.0,1584.0,1394.0,,,
A320,thaiapm-202607,15,descent,200,374.0,,1911.0,,,,
A320,thaiapm-202607,15,climb,220,392.0,1608.0,1425.0,1239.0,,,
A320,thaiapm-202607,15,descent,220,385.0,,2016.0,,,,
A320,thaiapm-202607,15,climb,240,404.0,1448.0,1264.0,1095.0,,,
A320,thaiapm-202607,15,descent,240,396.0,,2097.0,,,,
A320,thaiapm-202607,15,climb,260,416.0,1312.0,1120.0,967.0,,,
A320,thaiapm-202607,15,descent,260,407.0,,2144.0,,,,
A320,thaiapm-202607,15,climb,280,427.0,1184.0,1009.0,862.0,,,
A320,thaiapm-202607,15,descent,280,417.0,,2167.0,,,,
A320,thaiapm-202607,15,climb,300,438.0,1134.0,970.0,823.0,,,
A320,thaiapm-202607,15,descent,300,428.0,,2183.0,,,,
A320,thaiapm-202607,15,cruise,300,453.0,,,,,,
A320,thaiapm-202607,15,climb,320,439.0,1166.0,986.0,831.0,,,
A320,thaiapm-202607,15,descent,320,435.0,,2167.0,,,,
A320,thaiapm-202607,15,cruise,320,449.0,,,,,,
A320,thaiapm-202607,15,climb,340,435.0,1134.0,959.0,800.0,,,
A320,thaiapm-202607,15,descent,340,431.0,,1944.0,,,,
A320,thaiapm-202607,15,cruise,340,445.0,,,,,,
A320,thaiapm-202607,15,climb,360,432.0,1041.0,878.0,722.0,,,
A320,thaiapm-202607,15,descent,360,427.0,,1503.0,,,,
A320,thaiapm-202607,15,cruise,360,441.0,,,,,,
A320,thaiapm-202607,15,climb,380,431.0,952.0,769.0,566.0,,,
A320,thaiapm-202607,15,descent,380,427.0,,1095.0,,,,
A321,thaiapm-202607,15,climb,0,171.0,2638.0,2384.0,2161.0,,,
A321,thaiapm-202607,15,descent,0,121.0,,416.0,,,,
A321,thaiapm-202607,15,climb,5,172.0,2638.0,2384.0,2161.0,,,
A321,thaiapm-202607,15,descent,5,132.0,,577.0,,,,
A321,thaiapm-202607,15,climb,10,173.0,2638.0,2384.0,2161.0,,,
A321,thaiapm-202607,15,descent,10,143.0,,738.0,,,,
A321,thaiapm-202607,15,climb,15,175.0,2370.0,2116.0,1900.0,,,
A321,thaiapm-202607,15,descent,15,154.0,,753.0,,,,
A321,thaiapm-202607,15,climb,20,177.0,2103.0,1848.0,1640.0,,,
A321,thaiapm-202607,15,descent,20,164.0,,769.0,,,,
A321,thaiapm-202607,15,climb,30,182.0,1569.0,1312.0,1119.0,,,
A321,thaiapm-202607,15,descent,30,186.0,,800.0,,,,
A321,thaiapm-202607,15,climb,40,222.0,1930.0,1600.0,1312.0,,,
A321,thaiapm-202607,15,descent,40,200.0,,912.0,,,,
A321,thaiapm-202607,15,climb,60,270.0,2442.0,2112.0,1744.0,,,
A321,thaiapm-202607,15,descent,60,228.0,,1056.0,,,,
A321,thaiapm-202607,15,climb,80,280.0,2520.0,2284.0,1983.0,,,
A321,thaiapm-202607,15,descent,80,255.0,,1169.0,,,,
A321,thaiapm-202607,15,climb,100,303.0,2214.0,1788.0,1520.0,,,
A321,thaiapm-202607,15,descent,100,280.0,,1208.0,,,,
A321,thaiapm-202607,15,climb,120,339.0,2062.0,1631.0,1375.0,,,
A321,thaiapm-202607,15,descent,120,303.0,,1311.0,,,,
A321,thaiapm-202607,15,climb,140,362.0,2081.0,1856.0,1631.0,,,
A321,thaiapm-202607,15,descent,140,327.0,,1544.0,,,,
A321,thaiapm-202607,15,climb,160,373.0,1930.0,1712.0,1503.0,,,
A321,thaiapm-202607,15,descent,160,349.0,,1678.0,,,,
A321,thaiapm-202607,15,climb,180,385.0,1752.0,1553.0,1359.0,,,
A321,thaiapm-202607,15,descent,180,363.0,,1806.0,,,,
A321,thaiapm-202607,15,climb,200,398.0,1600.0,1409.0,1216.0,,,
A321,thaiapm-202607,15,descent,200,375.0,,1919.0,,,,
A321,thaiapm-202607,15,climb,220,409.0,1472.0,1281.0,1095.0,,,
A321,thaiapm-202607,15,descent,220,388.0,,1975.0,,,,
A321,thaiapm-202607,15,climb,240,421.0,1344.0,1153.0,975.0,,,
A321,thaiapm-202607,15,descent,240,401.0,,2017.0,,,,
A321,thaiapm-202607,15,climb,260,433.0,1231.0,1041.0,870.0,,,
A321,thaiapm-202607,15,descent,260,414.0,,2034.0,,,,
A321,thaiapm-202607,15,climb,280,444.0,1183.0,994.0,831.0,,,
A321,thaiapm-202607,15,descent,280,428.0,,2016.0,,,,
A321,thaiapm-202607,15,climb,300,453.0,1217.0,1009.0,839.0,,,
A321,thaiapm-202607,15,descent,300,440.0,,1944.0,,,,
A321,thaiapm-202607,15,cruise,300,453.0,,,,,,
A321,thaiapm-202607,15,climb,320,449.0,1200.0,994.0,808.0,,,
A321,thaiapm-202607,15,descent,320,444.0,,1584.0,,,,
A321,thaiapm-202607,15,cruise,320,449.0,,,,,,
A321,thaiapm-202607,15,climb,340,445.0,1103.0,928.0,745.0,,,
A321,thaiapm-202607,15,descent,340,440.0,,1153.0,,,,
A321,thaiapm-202607,15,cruise,340,445.0,,,,,,
A321,thaiapm-202607,15,climb,360,441.0,1033.0,862.0,680.0,,,
A321,thaiapm-202607,15,descent,360,436.0,,1009.0,,,,
A321,thaiapm-202607,15,cruise,360,441.0,,,,,,
A332,thaiapm-202607,15,climb,0,162.0,2672.0,2338.0,2081.0,,,
A332,thaiapm-202607,15,descent,0,110.0,,431.0,,,,
A332,thaiapm-202607,15,climb,5,163.0,2672.0,2338.0,2081.0,,,
A332,thaiapm-202607,15,descent,5,125.0,,584.0,,,,
A332,thaiapm-202607,15,climb,10,164.0,2672.0,2338.0,2081.0,,,
A332,thaiapm-202607,15,descent,10,140.0,,738.0,,,,
A332,thaiapm-202607,15,climb,15,166.0,2393.0,2073.0,1825.0,,,
A332,thaiapm-202607,15,descent,15,152.0,,749.0,,,,
A332,thaiapm-202607,15,climb,20,168.0,2114.0,1809.0,1569.0,,,
A332,thaiapm-202607,15,descent,20,164.0,,761.0,,,,
A332,thaiapm-202607,15,climb,30,172.0,1557.0,1281.0,1056.0,,,
A332,thaiapm-202607,15,descent,30,188.0,,784.0,,,,
A332,thaiapm-202607,15,climb,40,218.0,1932.0,1645.0,1344.0,,,
A332,thaiapm-202607,15,descent,40,202.0,,847.0,,,,
A332,thaiapm-202607,15,climb,60,270.0,2544.0,2235.0,1888.0,,,
A332,thaiapm-202607,15,descent,60,230.0,,983.0,,,,
A332,thaiapm-202607,15,climb,80,280.0,2774.0,2447.0,2144.0,,,
A332,thaiapm-202607,15,descent,80,255.0,,1103.0,,,,
A332,thaiapm-202607,15,climb,100,301.0,2384.0,1919.0,1577.0,,,
A332,thaiapm-202607,15,descent,100,280.0,,1150.0,,,,
A332,thaiapm-202607,15,climb,120,335.0,2248.0,1791.0,1464.0,,,
A332,thaiapm-202607,15,descent,120,305.0,,1231.0,,,,
A332,thaiapm-202607,15,climb,140,357.0,2409.0,2095.0,1841.0,,,
A332,thaiapm-202607,15,descent,140,330.0,,1409.0,,,,
A332,thaiapm-202607,15,climb,160,369.0,2237.0,1952.0,1712.0,,,
A332,thaiapm-202607,15,descent,160,350.0,,1538.0,,,,
A332,thaiapm-202607,15,climb,180,380.0,2101.0,1806.0,1583.0,,,
A332,thaiapm-202607,15,descent,180,364.0,,1647.0,,,,
A332,thaiapm-202607,15,climb,200,392.0,1961.0,1647.0,1423.0,,,
A332,thaiapm-202607,15,descent,200,376.0,,1742.0,,,,
A332,thaiapm-202607,15,climb,220,404.0,1783.0,1488.0,1272.0,,,
A332,thaiapm-202607,15,descent,220,388.0,,1777.0,,,,
A332,thaiapm-202607,15,climb,240,416.0,1616.0,1312.0,1112.0,,,
A332,thaiapm-202607,15,descent,240,401.0,,1817.0,,,,
A332,thaiapm-202607,15,climb,260,429.0,1456.0,1153.0,944.0,,,
A332,thaiapm-202607,15,descent,260,413.0,,1864.0,,,,
A332,thaiapm-202607,15,climb,280,442.0,1312.0,1056.0,835.0,,,
A332,thaiapm-202607,15,descent,280,425.0,,1872.0,,,,
A332,thaiapm-202607,15,climb,300,454.0,1250.0,1025.0,820.0,,,
A332,thaiapm-202607,15,descent,300,438.0,,1856.0,,,,
A332,thaiapm-202607,15,climb,320,467.0,1378.0,1105.0,862.0,,,
A332,thaiapm-202607,15,descent,320,449.0,,1848.0,,,,
A332,thaiapm-202607,15,climb,340,463.0,1472.0,1152.0,862.0,,,
A332,thaiapm-202607,15,descent,340,463.0,,1864.0,,,,
A332,thaiapm-202607,15,cruise,340,468.0,,,,,,
A332,thaiapm-202607,15,climb,360,459.0,1359.0,1064.0,784.0,,,
A332,thaiapm-202607,15,descent,360,459.0,,1584.0,,,,
A332,thaiapm-202607,15,cruise,360,464.0,,,,,,
A332,thaiapm-202607,15,climb,380,459.0,1169.0,920.0,656.0,,,
A332,thaiapm-202607,15,descent,380,459.0,,1138.0,,,,
A332,thaiapm-202607,15,cruise,380,463.0,,,,,,
A332,thaiapm-202607,15,climb,400,459.0,983.0,734.0,469.0,,,
A332,thaiapm-202607,15,descent,400,459.0,,959.0,,,,
A332,thaiapm-202607,15,cruise,400,463.0,,,,,,
A333,thaiapm-202607,15,climb,0,168.0,2431.0,2206.0,2019.0,,,
A333,thaiapm-202607,15,descent,0,118.0,,416.0,,,,
A333,thaiapm-202607,15,climb,5,169.0,2431.0,2206.0,2019.0,,,
A333,thaiapm-202607,15,descent,5,129.0,,577.0,,,,
A333,thaiapm-202607,15,climb,10,170.0,2431.0,2206.0,2019.0,,,
A333,thaiapm-202607,15,descent,10,141.0,,738.0,,,,
A333,thaiapm-202607,15,climb,15,172.0,2159.0,1935.0,1755.0,,,
A333,thaiapm-202607,15,descent,15,152.0,,741.0,,,,
A333,thaiapm-202607,15,climb,20,174.0,1888.0,1664.0,1491.0,,,
A333,thaiapm-202607,15,descent,20,163.0,,745.0,,,,
A333,thaiapm-202607,15,climb,30,179.0,1344.0,1122.0,962.0,,,
A333,thaiapm-202607,15,descent,30,186.0,,753.0,,,,
A333,thaiapm-202607,15,climb,40,222.0,1798.0,1569.0,1344.0,,,
A333,thaiapm-202607,15,descent,40,200.0,,823.0,,,,
A333,thaiapm-202607,15,climb,60,270.0,2407.0,2153.0,1872.0,,,
A333,thaiapm-202607,15,descent,60,229.0,,959.0,,,,
A333,thaiapm-202607,15,climb,80,279.0,2505.0,2248.0,1994.0,,,
A333,thaiapm-202607,15,descent,80,253.0,,1072.0,,,,
A333,thaiapm-202607,15,climb,100,302.0,2175.0,1678.0,1416.0,,,
A333,thaiapm-202607,15,descent,100,277.0,,1103.0,,,,
A333,thaiapm-202607,15,climb,120,339.0,2039.0,1534.0,1278.0,,,
A333,thaiapm-202607,15,descent,120,300.0,,1184.0,,,,
A333,thaiapm-202607,15,climb,140,363.0,2103.0,1856.0,1631.0,,,
A333,thaiapm-202607,15,descent,140,321.0,,1369.0,,,,
A333,thaiapm-202607,15,climb,160,375.0,1959.0,1720.0,1503.0,,,
A333,thaiapm-202607,15,descent,160,345.0,,1497.0,,,,
A333,thaiapm-202607,15,climb,180,386.0,1806.0,1577.0,1367.0,,,
A333,thaiapm-202607,15,descent,180,361.0,,1592.0,,,,
A333,thaiapm-202607,15,climb,200,398.0,1647.0,1441.0,1239.0,,,
A333,thaiapm-202607,15,descent,200,374.0,,1670.0,,,,
A333,thaiapm-202607,15,climb,220,409.0,1488.0,1297.0,1111.0,,,
A333,thaiapm-202607,15,descent,220,386.0,,1709.0,,,,
A333,thaiapm-202607,15,climb,240,422.0,1328.0,1138.0,959.0,,,
A333,thaiapm-202607,15,descent,240,397.0,,1744.0,,,,
A333,thaiapm-202607,15,climb,260,434.0,1169.0,991.0,823.0,,,
A333,thaiapm-202607,15,descent,260,409.0,,1778.0,,,,
A333,thaiapm-202607,15,climb,280,447.0,1056.0,894.0,738.0,,,
A333,thaiapm-202607,15,descent,280,420.0,,1809.0,,,,
A333,thaiapm-202607,15,climb,300,458.0,1041.0,878.0,730.0,,,
A333,thaiapm-202607,15,descent,300,433.0,,1825.0,,,,
A333,thaiapm-202607,15,climb,320,467.0,1184.0,975.0,784.0,,,
A333,thaiapm-202607,15,descent,320,446.0,,1825.0,,,,
A333,thaiapm-202607,15,climb,340,463.0,1297.0,1041.0,808.0,,,
A333,thaiapm-202607,15,descent,340,456.0,,1856.0,,,,
A333,thaiapm-202607,15,cruise,340,472.0,,,,,,
A333,thaiapm-202607,15,climb,360,459.0,1225.0,975.0,753.0,,,
A333,thaiapm-202607,15,descent,360,452.0,,1697.0,,,,
A333,thaiapm-202607,15,cruise,360,468.0,,,,,,
A333,thaiapm-202607,15,climb,380,459.0,1097.0,878.0,672.0,,,
A333,thaiapm-202607,15,descent,380,452.0,,1273.0,,,,
A333,thaiapm-202607,15,cruise,380,468.0,,,,,,
A333,thaiapm-202607,15,climb,400,459.0,944.0,752.0,559.0,,,
A333,thaiapm-202607,15,descent,400,452.0,,1002.0,,,,
A333,thaiapm-202607,15,cruise,400,468.0,,,,,,
A338,thaiapm-202607,15,climb,0,175.0,2306.0,2159.0,2005.0,,,
A338,thaiapm-202607,15,descent,0,147.0,,769.0,,,,
A338,thaiapm-202607,15,climb,5,176.0,2306.0,2159.0,2005.0,,,
A338,thaiapm-202607,15,descent,5,148.0,,769.0,,,,
A338,thaiapm-202607,15,climb,10,177.0,2306.0,2159.0,2005.0,,,
A338,thaiapm-202607,15,descent,10,149.0,,769.0,,,,
A338,thaiapm-202607,15,climb,15,181.0,2082.0,1924.0,1777.0,,,
A338,thaiapm-202607,15,descent,15,159.0,,808.0,,,,
A338,thaiapm-202607,15,climb,20,186.0,1858.0,1688.0,1550.0,,,
A338,thaiapm-202607,15,descent,20,169.0,,847.0,,,,
A338,thaiapm-202607,15,climb,30,194.0,1410.0,1217.0,1095.0,,,
A338,thaiapm-202607,15,descent,30,189.0,,925.0,,,,
A338,thaiapm-202607,15,climb,40,225.0,1934.0,1746.0,1588.0,,,
A338,thaiapm-202607,15,descent,40,202.0,,981.0,,,,
A338,thaiapm-202607,15,climb,60,265.0,2522.0,2291.0,2081.0,,,
A338,thaiapm-202607,15,descent,60,229.0,,1016.0,,,,
A338,thaiapm-202607,15,climb,80,278.0,2446.0,2221.0,2045.0,,,
A338,thaiapm-202607,15,descent,80,254.0,,1072.0,,,,
A338,thaiapm-202607,15,climb,100,307.0,1727.0,1545.0,1436.0,,,
A338,thaiapm-202607,15,descent,100,279.0,,1134.0,,,,
A338,thaiapm-202607,15,climb,120,352.0,1565.0,1377.0,1235.0,,,
A338,thaiapm-202607,15,descent,120,297.0,,1184.0,,,,
A338,thaiapm-202607,15,climb,140,379.0,1888.0,1732.0,1544.0,,,
A338,thaiapm-202607,15,descent,140,323.0,,1289.0,,,,
A338,thaiapm-202607,15,climb,160,391.0,1730.0,1592.0,1428.0,,,
A338,thaiapm-202607,15,descent,160,351.0,,1239.0,,,,
A338,thaiapm-202607,15,climb,180,403.0,1658.0,1480.0,1311.0,,,
A338,thaiapm-202607,15,descent,180,368.0,,1344.0,,,,
A338,thaiapm-202607,15,climb,200,415.0,1630.0,1384.0,1234.0,,,
A338,thaiapm-202607,15,descent,200,384.0,,1488.0,,,,
A338,thaiapm-202607,15,climb,220,427.0,1501.0,1277.0,1139.0,,,
A338,thaiapm-202607,15,descent,220,398.0,,1616.0,,,,
A338,thaiapm-202607,15,climb,240,439.0,1279.0,1133.0,975.0,,,
A338,thaiapm-202607,15,descent,240,411.0,,1778.0,,,,
A338,thaiapm-202607,15,climb,260,453.0,1137.0,1013.0,862.0,,,
A338,thaiapm-202607,15,descent,260,424.0,,1778.0,,,,
A338,thaiapm-202607,15,climb,280,467.0,1045.0,909.0,753.0,,,
A338,thaiapm-202607,15,descent,280,438.0,,1845.0,,,,
A338,thaiapm-202607,15,climb,300,476.0,1007.0,862.0,734.0,,,
A338,thaiapm-202607,15,descent,300,450.0,,1948.0,,,,
A338,thaiapm-202607,15,climb,320,472.0,1078.0,928.0,837.0,,,
A338,thaiapm-202607,15,descent,320,460.0,,2021.0,,,,
A338,thaiapm-202607,15,cruise,320,477.0,,,,,,
A338,thaiapm-202607,15,climb,340,468.0,1070.0,905.0,808.0,,,
A338,thaiapm-202607,15,descent,340,468.0,,2046.0,,,,
A338,thaiapm-202607,15,cruise,340,472.0,,,,,,
A338,thaiapm-202607,15,climb,360,464.0,904.0,752.0,611.0,,,
A338,thaiapm-202607,15,descent,360,468.0,,1569.0,,,,
A338,thaiapm-202607,15,cruise,360,468.0,,,,,,
A338,thaiapm-202607,15,descent,380,468.0,,1025.0,,,,
A338,thaiapm-202607,15,cruise,380,468.0,,,,,,
A339,thaiapm-202607,15,climb,0,169.0,2272.0,2144.0,2000.0,,,
A339,thaiapm-202607,15,descent,0,123.0,,417.0,,,,
A339,thaiapm-202607,15,climb,5,170.0,2272.0,2144.0,2000.0,,,
A339,thaiapm-202607,15,descent,5,135.0,,577.0,,,,
A339,thaiapm-202607,15,climb,10,171.0,2272.0,2144.0,2000.0,,,
A339,thaiapm-202607,15,descent,10,146.0,,738.0,,,,
A339,thaiapm-202607,15,climb,15,174.0,2063.0,1895.0,1731.0,,,
A339,thaiapm-202607,15,descent,15,156.0,,753.0,,,,
A339,thaiapm-202607,15,climb,20,177.0,1855.0,1647.0,1462.0,,,
A339,thaiapm-202607,15,descent,20,166.0,,769.0,,,,
A339,thaiapm-202607,15,climb,30,182.0,1438.0,1150.0,925.0,,,
A339,thaiapm-202607,15,descent,30,187.0,,800.0,,,,
A339,thaiapm-202607,15,climb,40,224.0,1736.0,1438.0,1167.0,,,
A339,thaiapm-202607,15,descent,40,201.0,,881.0,,,,
A339,thaiapm-202607,15,climb,60,272.0,2186.0,1888.0,1536.0,,,
A339,thaiapm-202607,15,descent,60,229.0,,1025.0,,,,
A339,thaiapm-202607,15,climb,80,280.0,2288.0,2017.0,1647.0,,,
A339,thaiapm-202607,15,descent,80,250.0,,1095.0,,,,
A339,thaiapm-202607,15,climb,100,300.0,2078.0,1648.0,1278.0,,,
A339,thaiapm-202607,15,descent,100,275.0,,1127.0,,,,
A339,thaiapm-202607,15,climb,120,330.0,1903.0,1468.0,1072.0,,,
A339,thaiapm-202607,15,descent,120,298.0,,1184.0,,,,
A339,thaiapm-202607,15,climb,140,351.0,1798.0,1532.0,1130.0,,,
A339,thaiapm-202607,15,descent,140,319.0,,1281.0,,,,
A339,thaiapm-202607,15,climb,160,365.0,1639.0,1392.0,1017.0,,,
A339,thaiapm-202607,15,descent,160,346.0,,1359.0,,,,
A339,thaiapm-202607,15,climb,180,377.0,1488.0,1281.0,936.0,,,
A339,thaiapm-202607,15,descent,180,363.0,,1472.0,,,,
A339,thaiapm-202607,15,climb,200,389.0,1359.0,1177.0,839.0,,,
A339,thaiapm-202607,15,descent,200,375.0,,1577.0,,,,
A339,thaiapm-202607,15,climb,220,402.0,1231.0,1064.0,753.0,,,
A339,thaiapm-202607,15,descent,220,388.0,,1623.0,,,,
A339,thaiapm-202607,15,climb,240,414.0,1088.0,944.0,656.0,,,
A339,thaiapm-202607,15,descent,240,402.0,,1694.0,,,,
A339,thaiapm-202607,15,climb,260,427.0,959.0,831.0,575.0,,,
A339,thaiapm-202607,15,descent,260,416.0,,1744.0,,,,
A339,thaiapm-202607,15,climb,280,439.0,878.0,753.0,552.0,,,
A339,thaiapm-202607,15,descent,280,430.0,,1778.0,,,,
A339,thaiapm-202607,15,climb,300,452.0,894.0,753.0,583.0,,,
A339,thaiapm-202607,15,descent,300,442.0,,1841.0,,,,
A339,thaiapm-202607,15,climb,320,467.0,1006.0,816.0,656.0,,,
A339,thaiapm-202607,15,descent,320,455.0,,2000.0,,,,
A339,thaiapm-202607,15,climb,340,463.0,1119.0,862.0,672.0,,,
A339,thaiapm-202607,15,descent,340,463.0,,2209.0,,,,
A339,thaiapm-202607,15,cruise,340,472.0,,,,,,
A339,thaiapm-202607,15,climb,360,459.0,1119.0,862.0,638.0,,,
A339,thaiapm-202607,15,descent,360,459.0,,1856.0,,,,
A339,thaiapm-202607,15,cruise,360,468.0,,,,,,
A339,thaiapm-202607,15,climb,380,459.0,1041.0,820.0,606.0,,,
A339,thaiapm-202607,15,descent,380,459.0,,1216.0,,,,
A339,thaiapm-202607,15,cruise,380,468.0,,,,,,
A339,thaiapm-202607,15,climb,400,459.0,877.0,676.0,497.0,,,
A339,thaiapm-202607,15,descent,400,459.0,,1017.0,,,,
A339,thaiapm-202607,15,cruise,400,468.0,,,,,,
A343,thaiapm-202607,15,climb,0,165.0,1438.0,1234.0,873.0,,,
A343,thaiapm-202607,15,descent,0,142.0,,745.0,,,,
A343,thaiapm-202607,15,climb,5,166.0,1438.0,1234.0,873.0,,,
A343,thaiapm-202607,15,descent,5,143.0,,745.0,,,,
A343,thaiapm-202607,15,climb,10,167.0,1438.0,1234.0,873.0,,,
A343,thaiapm-202607,15,descent,10,144.0,,745.0,,,,
A343,thaiapm-202607,15,climb,15,172.0,1456.0,1158.0,831.0,,,
A343,thaiapm-202607,15,descent,15,152.0,,763.0,,,,
A343,thaiapm-202607,15,climb,20,177.0,1474.0,1081.0,789.0,,,
A343,thaiapm-202607,15,descent,20,160.0,,780.0,,,,
A343,thaiapm-202607,15,climb,30,186.0,1510.0,928.0,706.0,,,
A343,thaiapm-202607,15,descent,30,177.0,,816.0,,,,
A343,thaiapm-202607,15,climb,40,227.0,1668.0,1221.0,984.0,,,
A343,thaiapm-202607,15,descent,40,203.0,,855.0,,,,
A343,thaiapm-202607,15,climb,60,272.0,1825.0,1604.0,1350.0,,,
A343,thaiapm-202607,15,descent,60,246.0,,959.0,,,,
A343,thaiapm-202607,15,climb,80,280.0,1759.0,1631.0,1406.0,,,
A343,thaiapm-202607,15,descent,80,269.0,,1025.0,,,,
A343,thaiapm-202607,15,climb,100,309.0,1367.0,1145.0,991.0,,,
A343,thaiapm-202607,15,descent,100,288.0,,944.0,,,,
A343,thaiapm-202607,15,climb,120,344.0,1258.0,1017.0,816.0,,,
A343,thaiapm-202607,15,descent,120,318.0,,1151.0,,,,
A343,thaiapm-202607,15,climb,140,364.0,1425.0,1247.0,1017.0,,,
A343,thaiapm-202607,15,descent,140,348.0,,1504.0,,,,
A343,thaiapm-202607,15,climb,160,379.0,1375.0,1173.0,1002.0,,,
A343,thaiapm-202607,15,descent,160,362.0,,1600.0,,,,
A343,thaiapm-202607,15,climb,180,393.0,1305.0,1111.0,944.0,,,
A343,thaiapm-202607,15,descent,180,375.0,,1697.0,,,,
A343,thaiapm-202607,15,climb,200,406.0,1161.0,1009.0,847.0,,,
A343,thaiapm-202607,15,descent,200,389.0,,1872.0,,,,
A343,thaiapm-202607,15,climb,220,415.0,1041.0,897.0,769.0,,,
A343,thaiapm-202607,15,descent,220,406.0,,2000.0,,,,
A343,thaiapm-202607,15,climb,240,426.0,944.0,800.0,688.0,,,
A343,thaiapm-202607,15,descent,240,421.0,,2050.0,,,,
A343,thaiapm-202607,15,climb,260,440.0,922.0,784.0,656.0,,,
A343,thaiapm-202607,15,descent,260,433.0,,2128.0,,,,
A343,thaiapm-202607,15,climb,280,452.0,972.0,816.0,637.0,,,
A343,thaiapm-202607,15,descent,280,443.0,,2206.0,,,,
A343,thaiapm-202607,15,climb,300,462.0,1005.0,804.0,587.0,,,
A343,thaiapm-202607,15,descent,300,454.0,,2288.0,,,,
A343,thaiapm-202607,15,cruise,300,481.0,,,,,,
A343,thaiapm-202607,15,climb,320,458.0,1045.0,773.0,567.0,,,
A343,thaiapm-202607,15,descent,320,464.0,,2353.0,,,,
A343,thaiapm-202607,15,cruise,320,477.0,,,,,,
A343,thaiapm-202607,15,descent,340,463.0,,2152.0,,,,
A343,thaiapm-202607,15,cruise,340,472.0,,,,,,
A343,thaiapm-202607,15,descent,360,459.0,,1577.0,,,,
A343,thaiapm-202607,15,cruise,360,468.0,,,,,,
A343,thaiapm-202607,15,descent,380,459.0,,1217.0,,,,
A343,thaiapm-202607,15,cruise,380,468.0,,,,,,
A346,thaiapm-202607,15,climb,0,176.0,1600.0,1491.0,1372.0,,,
A346,thaiapm-202607,15,descent,0,155.0,,831.0,,,,
A346,thaiapm-202607,15,climb,5,177.0,1600.0,1491.0,1372.0,,,
A346,thaiapm-202607,15,descent,5,156.0,,831.0,,,,
A346,thaiapm-202607,15,climb,10,179.0,1600.0,1491.0,1372.0,,,
A346,thaiapm-202607,15,descent,10,157.0,,831.0,,,,
A346,thaiapm-202607,15,climb,15,181.0,1505.0,1381.0,1260.0,,,
A346,thaiapm-202607,15,descent,15,165.0,,872.0,,,,
A346,thaiapm-202607,15,climb,20,183.0,1409.0,1272.0,1148.0,,,
A346,thaiapm-202607,15,descent,20,174.0,,912.0,,,,
A346,thaiapm-202607,15,climb,30,187.0,1219.0,1053.0,925.0,,,
A346,thaiapm-202607,15,descent,30,191.0,,994.0,,,,
A346,thaiapm-202607,15,climb,40,225.0,1522.0,1245.0,1022.0,,,
A346,thaiapm-202607,15,descent,40,203.0,,1009.0,,,,
A346,thaiapm-202607,15,climb,60,270.0,2017.0,1759.0,1519.0,,,
A346,thaiapm-202607,15,descent,60,230.0,,1161.0,,,,
A346,thaiapm-202607,15,climb,80,280.0,2130.0,1977.0,1839.0,,,
A346,thaiapm-202607,15,descent,80,258.0,,1305.0,,,,
A346,thaiapm-202607,15,climb,100,303.0,1786.0,1433.0,1280.0,,,
A346,thaiapm-202607,15,descent,100,282.0,,1200.0,,,,
A346,thaiapm-202607,15,climb,120,348.0,1648.0,1297.0,1072.0,,,
A346,thaiapm-202607,15,descent,120,299.0,,1099.0,,,,
A346,thaiapm-202607,15,climb,140,383.0,1695.0,1538.0,1328.0,,,
A346,thaiapm-202607,15,descent,140,326.0,,1130.0,,,,
A346,thaiapm-202607,15,climb,160,398.0,1584.0,1441.0,1281.0,,,
A346,thaiapm-202607,15,descent,160,352.0,,1175.0,,,,
A346,thaiapm-202607,15,climb,180,410.0,1472.0,1312.0,1153.0,,,
A346,thaiapm-202607,15,descent,180,368.0,,1338.0,,,,
A346,thaiapm-202607,15,climb,200,423.0,1344.0,1200.0,1048.0,,,
A346,thaiapm-202607,15,descent,200,386.0,,1538.0,,,,
A346,thaiapm-202607,15,climb,220,435.0,1266.0,1142.0,1017.0,,,
A346,thaiapm-202607,15,descent,220,401.0,,1647.0,,,,
A346,thaiapm-202607,15,climb,240,448.0,1217.0,1103.0,978.0,,,
A346,thaiapm-202607,15,descent,240,417.0,,1744.0,,,,
A346,thaiapm-202607,15,climb,260,461.0,1183.0,1064.0,928.0,,,
A346,thaiapm-202607,15,descent,260,431.0,,1813.0,,,,
A346,thaiapm-202607,15,climb,280,470.0,1223.0,1048.0,894.0,,,
A346,thaiapm-202607,15,descent,280,443.0,,1845.0,,,,
A346,thaiapm-202607,15,climb,300,471.0,1266.0,1048.0,882.0,,,
A346,thaiapm-202607,15,descent,300,454.0,,1856.0,,,,
A346,thaiapm-202607,15,climb,320,467.0,1210.0,994.0,851.0,,,
A346,thaiapm-202607,15,descent,320,466.0,,1788.0,,,,
A346,thaiapm-202607,15,cruise,320,481.0,,,,,,
A346,thaiapm-202607,15,climb,340,463.0,1064.0,897.0,734.0,,,
A346,thaiapm-202607,15,descent,340,474.0,,1419.0,,,,
A346,thaiapm-202607,15,cruise,340,477.0,,,,,,
A346,thaiapm-202607,15,descent,360,468.0,,1056.0,,,,
A346,thaiapm-202607,15,cruise,360,473.0,,,,,,
A346,thaiapm-202607,15,cruise,380,473.0,,,,,,
A359,thaiapm-202607,15,climb,0,169.0,2400.0,2238.0,2081.0,,,
A359,thaiapm-202607,15,descent,0,113.0,,408.0,,,,
A359,thaiapm-202607,15,climb,5,170.0,2400.0,2238.0,2081.0,,,
A359,thaiapm-202607,15,descent,5,127.0,,565.0,,,,
A359,thaiapm-202607,15,climb,10,171.0,2400.0,2238.0,2081.0,,,
A359,thaiapm-202607,15,descent,10,142.0,,722.0,,,,
A359,thaiapm-202607,15,climb,15,174.0,2192.0,2002.0,1838.0,,,
A359,thaiapm-202607,15,descent,15,153.0,,718.0,,,,
A359,thaiapm-202607,15,climb,20,176.0,1984.0,1766.0,1594.0,,,
A359,thaiapm-202607,15,descent,20,164.0,,714.0,,,,
A359,thaiapm-202607,15,climb,30,181.0,1569.0,1294.0,1106.0,,,
A359,thaiapm-202607,15,descent,30,187.0,,706.0,,,,
A359,thaiapm-202607,15,climb,40,224.0,1938.0,1656.0,1384.0,,,
A359,thaiapm-202607,15,descent,40,201.0,,792.0,,,,
A359,thaiapm-202607,15,climb,60,272.0,2434.0,2147.0,1816.0,,,
A359,thaiapm-202607,15,descent,60,228.0,,952.0,,,,
A359,thaiapm-202607,15,climb,80,280.0,2528.0,2256.0,1959.0,,,
A359,thaiapm-202607,15,descent,80,247.0,,1080.0,,,,
A359,thaiapm-202607,15,climb,100,307.0,1927.0,1600.0,1391.0,,,
A359,thaiapm-202607,15,descent,100,272.0,,1111.0,,,,
A359,thaiapm-202607,15,climb,120,347.0,1736.0,1409.0,1216.0,,,
A359,thaiapm-202607,15,descent,120,297.0,,1169.0,,,,
A359,thaiapm-202607,15,climb,140,371.0,2016.0,1775.0,1528.0,,,
A359,thaiapm-202607,15,descent,140,318.0,,1328.0,,,,
A359,thaiapm-202607,15,climb,160,382.0,1839.0,1616.0,1384.0,,,
A359,thaiapm-202607,15,descent,160,340.0,,1447.0,,,,
A359,thaiapm-202607,15,climb,180,393.0,1664.0,1456.0,1247.0,,,
A359,thaiapm-202607,15,descent,180,355.0,,1567.0,,,,
A359,thaiapm-202607,15,climb,200,405.0,1503.0,1297.0,1119.0,,,
A359,thaiapm-202607,15,descent,200,371.0,,1678.0,,,,
A359,thaiapm-202607,15,climb,220,418.0,1375.0,1169.0,1009.0,,,
A359,thaiapm-202607,15,descent,220,385.0,,1736.0,,,,
A359,thaiapm-202607,15,climb,240,430.0,1281.0,1088.0,920.0,,,
A359,thaiapm-202607,15,descent,240,397.0,,1794.0,,,,
A359,thaiapm-202607,15,climb,260,444.0,1200.0,1009.0,823.0,,,
A359,thaiapm-202607,15,descent,260,409.0,,1841.0,,,,
A359,thaiapm-202607,15,climb,280,457.0,1103.0,912.0,722.0,,,
A359,thaiapm-202607,15,descent,280,422.0,,1872.0,,,,
A359,thaiapm-202607,15,climb,300,471.0,1033.0,839.0,641.0,,,
A359,thaiapm-202607,15,descent,300,434.0,,1903.0,,,,
A359,thaiapm-202607,15,climb,320,483.0,1009.0,823.0,614.0,,,
A359,thaiapm-202607,15,descent,320,446.0,,1934.0,,,,
A359,thaiapm-202607,15,climb,340,491.0,1114.0,870.0,614.0,,,
A359,thaiapm-202607,15,descent,340,458.0,,1950.0,,,,
A359,thaiapm-202607,15,cruise,340,491.0,,,,,,
A359,thaiapm-202607,15,climb,360,487.0,1169.0,886.0,606.0,,,
A359,thaiapm-202607,15,descent,360,469.0,,1927.0,,,,
A359,thaiapm-202607,15,cruise,360,487.0,,,,,,
A359,thaiapm-202607,15,climb,380,486.0,1041.0,808.0,591.0,,,
A359,thaiapm-202607,15,descent,380,468.0,,1639.0,,,,
A359,thaiapm-202607,15,cruise,380,486.0,,,,,,
A359,thaiapm-202607,15,climb,400,486.0,834.0,633.0,462.0,,,
A359,thaiapm-202607,15,descent,400,468.0,,1216.0,,,,
A359,thaiapm-202607,15,cruise,400,486.0,,,,,,
A359,thaiapm-202607,15,climb,420,486.0,656.0,481.0,311.0,,,
A359,thaiapm-202607,15,descent,420,468.0,,1056.0,,,,
A35K,thaiapm-202607,15,climb,0,172.0,2594.0,2408.0,2171.0,,,
A35K,thaiapm-202607,15,descent,0,144.0,,769.0,,,,
A35K,thaiapm-202607,15,climb,5,173.0,2594.0,2408.0,2171.0,,,
A35K,thaiapm-202607,15,descent,5,145.0,,769.0,,,,
A35K,thaiapm-202607,15,climb,10,174.0,2594.0,2408.0,2171.0,,,
A35K,thaiapm-202607,15,descent,10,146.0,,769.0,,,,
A35K,thaiapm-202607,15,climb,15,177.0,2338.0,2120.0,1877.0,,,
A35K,thaiapm-202607,15,descent,15,157.0,,769.0,,,,
A35K,thaiapm-202607,15,climb,20,180.0,2083.0,1831.0,1582.0,,,
A35K,thaiapm-202607,15,descent,20,167.0,,769.0,,,,
A35K,thaiapm-202607,15,climb,30,186.0,1573.0,1255.0,994.0,,,
A35K,thaiapm-202607,15,descent,30,188.0,,769.0,,,,
A35K,thaiapm-202607,15,climb,40,227.0,1874.0,1591.0,1338.0,,,
A35K,thaiapm-202607,15,descent,40,201.0,,831.0,,,,
A35K,thaiapm-202607,15,climb,60,272.0,2274.0,1988.0,1722.0,,,
A35K,thaiapm-202607,15,descent,60,228.0,,944.0,,,,
A35K,thaiapm-202607,15,climb,80,280.0,2339.0,2030.0,1792.0,,,
A35K,thaiapm-202607,15,descent,80,248.0,,1009.0,,,,
A35K,thaiapm-202607,15,climb,100,308.0,1764.0,1452.0,1285.0,,,
A35K,thaiapm-202607,15,descent,100,272.0,,1033.0,,,,
A35K,thaiapm-202607,15,climb,120,348.0,1597.0,1294.0,1103.0,,,
A35K,thaiapm-202607,15,descent,120,297.0,,1080.0,,,,
A35K,thaiapm-202607,15,climb,140,369.0,1883.0,1623.0,1369.0,,,
A35K,thaiapm-202607,15,descent,140,318.0,,1169.0,,,,
A35K,thaiapm-202607,15,climb,160,382.0,1732.0,1509.0,1271.0,,,
A35K,thaiapm-202607,15,descent,160,346.0,,1234.0,,,,
A35K,thaiapm-202607,15,climb,180,395.0,1606.0,1405.0,1240.0,,,
A35K,thaiapm-202607,15,descent,180,363.0,,1362.0,,,,
A35K,thaiapm-202607,15,climb,200,407.0,1489.0,1312.0,1184.0,,,
A35K,thaiapm-202607,15,descent,200,375.0,,1534.0,,,,
A35K,thaiapm-202607,15,climb,220,419.0,1438.0,1266.0,1119.0,,,
A35K,thaiapm-202607,15,descent,220,388.0,,1663.0,,,,
A35K,thaiapm-202607,15,climb,240,432.0,1391.0,1216.0,1056.0,,,
A35K,thaiapm-202607,15,descent,240,404.0,,1784.0,,,,
A35K,thaiapm-202607,15,climb,260,445.0,1322.0,1166.0,1007.0,,,
A35K,thaiapm-202607,15,descent,260,418.0,,1841.0,,,,
A35K,thaiapm-202607,15,climb,280,457.0,1283.0,1072.0,911.0,,,
A35K,thaiapm-202607,15,descent,280,431.0,,1845.0,,,,
A35K,thaiapm-202607,15,climb,300,472.0,1208.0,978.0,816.0,,,
A35K,thaiapm-202607,15,descent,300,446.0,,1868.0,,,,
A35K,thaiapm-202607,15,climb,320,484.0,1134.0,978.0,823.0,,,
A35K,thaiapm-202607,15,descent,320,461.0,,1923.0,,,,
A35K,thaiapm-202607,15,climb,340,491.0,1177.0,944.0,777.0,,,
A35K,thaiapm-202607,15,descent,340,471.0,,1942.0,,,,
A35K,thaiapm-202607,15,cruise,340,491.0,,,,,,
A35K,thaiapm-202607,15,climb,360,487.0,1147.0,823.0,625.0,,,
A35K,thaiapm-202607,15,descent,360,473.0,,1639.0,,,,
A35K,thaiapm-202607,15,cruise,360,487.0,,,,,,
A35K,thaiapm-202607,15,climb,380,486.0,993.0,745.0,451.0,,,
A35K,thaiapm-202607,15,descent,380,473.0,,1169.0,,,,
A35K,thaiapm-202607,15,cruise,380,486.0,,,,,,
A35K,thaiapm-202607,15,climb,400,486.0,855.0,645.0,404.0,,,
A35K,thaiapm-202607,15,cruise,400,486.0,,,,,,
A388,thaiapm-202607,15,climb,0,166.0,1406.0,1344.0,1281.0,,,
A388,thaiapm-202607,15,descent,0,125.0,,401.0,,,,
A388,thaiapm-202607,15,climb,5,167.0,1406.0,1344.0,1281.0,,,
A388,thaiapm-202607,15,descent,5,133.0,,554.0,,,,
A388,thaiapm-202607,15,climb,10,168.0,1406.0,1344.0,1281.0,,,
A388,thaiapm-202607,15,descent,10,142.0,,706.0,,,,
A388,thaiapm-202607,15,climb,15,171.0,1423.0,1320.0,1217.0,,,
A388,thaiapm-202607,15,descent,15,153.0,,706.0,,,,
A388,thaiapm-202607,15,climb,20,173.0,1439.0,1297.0,1153.0,,,
A388,thaiapm-202607,15,descent,20,165.0,,706.0,,,,
A388,thaiapm-202607,15,climb,30,179.0,1472.0,1250.0,1025.0,,,
A388,thaiapm-202607,15,descent,30,188.0,,706.0,,,,
A388,thaiapm-202607,15,climb,40,221.0,1823.0,1569.0,1266.0,,,
A388,thaiapm-202607,15,descent,40,201.0,,784.0,,,,
A388,thaiapm-202607,15,climb,60,271.0,2334.0,2056.0,1744.0,,,
A388,thaiapm-202607,15,descent,60,228.0,,944.0,,,,
A388,thaiapm-202607,15,climb,80,280.0,2431.0,2192.0,1966.0,,,
A388,thaiapm-202607,15,descent,80,249.0,,1056.0,,,,
A388,thaiapm-202607,15,climb,100,307.0,1912.0,1561.0,1391.0,,,
A388,thaiapm-202607,15,descent,100,274.0,,1095.0,,,,
A388,thaiapm-202607,15,climb,120,353.0,1738.0,1362.0,1200.0,,,
A388,thaiapm-202607,15,descent,120,297.0,,1119.0,,,,
A388,thaiapm-202607,15,climb,140,382.0,1914.0,1673.0,1488.0,,,
A388,thaiapm-202607,15,descent,140,318.0,,1142.0,,,,
A388,thaiapm-202607,15,climb,160,394.0,1736.0,1511.0,1344.0,,,
A388,thaiapm-202607,15,descent,160,345.0,,1175.0,,,,
A388,thaiapm-202607,15,climb,180,406.0,1584.0,1359.0,1208.0,,,
A388,thaiapm-202607,15,descent,180,362.0,,1272.0,,,,
A388,thaiapm-202607,15,climb,200,418.0,1433.0,1200.0,1056.0,,,
A388,thaiapm-202607,15,descent,200,375.0,,1367.0,,,,
A388,thaiapm-202607,15,climb,220,430.0,1297.0,1056.0,920.0,,,
A388,thaiapm-202607,15,descent,220,387.0,,1433.0,,,,
A388,thaiapm-202607,15,climb,240,443.0,1192.0,969.0,831.0,,,
A388,thaiapm-202607,15,descent,240,400.0,,1522.0,,,,
A388,thaiapm-202607,15,climb,260,456.0,1150.0,953.0,800.0,,,
A388,thaiapm-202607,15,descent,260,414.0,,1584.0,,,,
A388,thaiapm-202607,15,climb,280,470.0,1151.0,970.0,792.0,,,
A388,thaiapm-202607,15,descent,280,429.0,,1616.0,,,,
A388,thaiapm-202607,15,climb,300,481.0,1263.0,1048.0,816.0,,,
A388,thaiapm-202607,15,descent,300,444.0,,1662.0,,,,
A388,thaiapm-202607,15,climb,320,486.0,1406.0,1119.0,839.0,,,
A388,thaiapm-202607,15,descent,320,458.0,,1728.0,,,,
A388,thaiapm-202607,15,cruise,320,491.0,,,,,,
A388,thaiapm-202607,15,climb,340,482.0,1375.0,1103.0,862.0,,,
A388,thaiapm-202607,15,descent,340,468.0,,1794.0,,,,
A388,thaiapm-202607,15,cruise,340,486.0,,,,,,
A388,thaiapm-202607,15,climb,360,477.0,1231.0,1006.0,800.0,,,
A388,thaiapm-202607,15,descent,360,468.0,,1767.0,,,,
A388,thaiapm-202607,15,cruise,360,482.0,,,,,,
A388,thaiapm-202607,15,climb,380,477.0,1072.0,800.0,528.0,,,
A388,thaiapm-202607,15,descent,380,468.0,,1375.0,,,,
A388,thaiapm-202607,15,cruise,380,482.0,,,,,,
A388,thaiapm-202607,15,climb,400,477.0,881.0,621.0,329.0,,,
A388,thaiapm-202607,15,descent,400,468.0,,992.0,,,,
A388,thaiapm-202607,15,cruise,400,482.0,,,,,,
AJ27,thaiapm-202607,15,climb,0,159.0,2734.0,2525.0,2345.0,,,
AJ27,thaiapm-202607,15,descent,0,142.0,,738.0,,,,
AJ27,thaiapm-202607,15,climb,5,160.0,2734.0,2525.0,2345.0,,,
AJ27,thaiapm-202607,15,descent,5,143.0,,738.0,,,,
AJ27,thaiapm-202607,15,climb,10,161.0,2734.0,2525.0,2345.0,,,
AJ27,thaiapm-202607,15,descent,10,144.0,,738.0,,,,
AJ27,thaiapm-202607,15,climb,15,166.0,2730.0,2482.0,2291.0,,,
AJ27,thaiapm-202607,15,descent,15,154.0,,753.0,,,,
AJ27,thaiapm-202607,15,climb,20,172.0,2727.0,2438.0,2237.0,,,
AJ27,thaiapm-202607,15,descent,20,165.0,,769.0,,,,
AJ27,thaiapm-202607,15,climb,30,183.0,2719.0,2352.0,2128.0,,,
AJ27,thaiapm-202607,15,descent,30,186.0,,800.0,,,,
AJ27,thaiapm-202607,15,climb,40,206.0,2878.0,2488.0,2104.0,,,
AJ27,thaiapm-202607,15,descent,40,200.0,,959.0,,,,
AJ27,thaiapm-202607,15,climb,60,245.0,3166.0,2721.0,2214.0,,,
AJ27,thaiapm-202607,15,descent,60,230.0,,1184.0,,,,
AJ27,thaiapm-202607,15,climb,80,272.0,3406.0,2993.0,2600.0,,,
AJ27,thaiapm-202607,15,descent,80,262.0,,1362.0,,,,
AJ27,thaiapm-202607,15,climb,100,288.0,3328.0,3013.0,2596.0,,,
AJ27,thaiapm-202607,15,descent,100,285.0,,1506.0,,,,
AJ27,thaiapm-202607,15,climb,120,298.0,3072.0,2838.0,2461.0,,,
AJ27,thaiapm-202607,15,descent,120,301.0,,1616.0,,,,
AJ27,thaiapm-202607,15,climb,140,307.0,2933.0,2753.0,2521.0,,,
AJ27,thaiapm-202607,15,descent,140,325.0,,1767.0,,,,
AJ27,thaiapm-202607,15,climb,160,316.0,2716.0,2520.0,2329.0,,,
AJ27,thaiapm-202607,15,descent,160,348.0,,1880.0,,,,
AJ27,thaiapm-202607,15,climb,180,326.0,2500.0,2288.0,2122.0,,,
AJ27,thaiapm-202607,15,descent,180,362.0,,1950.0,,,,
AJ27,thaiapm-202607,15,climb,200,337.0,2317.0,2121.0,1943.0,,,
AJ27,thaiapm-202607,15,descent,200,373.0,,2016.0,,,,
AJ27,thaiapm-202607,15,climb,220,347.0,2120.0,1922.0,1765.0,,,
AJ27,thaiapm-202607,15,descent,220,385.0,,2081.0,,,,
AJ27,thaiapm-202607,15,climb,240,358.0,1927.0,1728.0,1586.0,,,
AJ27,thaiapm-202607,15,descent,240,397.0,,2144.0,,,,
AJ27,thaiapm-202607,15,climb,260,370.0,1775.0,1592.0,1427.0,,,
AJ27,thaiapm-202607,15,descent,260,406.0,,2191.0,,,,
AJ27,thaiapm-202607,15,climb,280,381.0,1680.0,1495.0,1328.0,,,
AJ27,thaiapm-202607,15,descent,280,418.0,,2198.0,,,,
AJ27,thaiapm-202607,15,climb,300,394.0,1539.0,1336.0,1188.0,,,
AJ27,thaiapm-202607,15,descent,300,415.0,,2120.0,,,,
AJ27,thaiapm-202607,15,cruise,300,415.0,,,,,,
AJ27,thaiapm-202607,15,climb,320,397.0,1352.0,1169.0,1010.0,,,
AJ27,thaiapm-202607,15,descent,320,411.0,,2066.0,,,,
AJ27,thaiapm-202607,15,cruise,320,411.0,,,,,,
AJ27,thaiapm-202607,15,climb,340,394.0,1204.0,1048.0,894.0,,,
AJ27,thaiapm-202607,15,descent,340,408.0,,2045.0,,,,
AJ27,thaiapm-202607,15,cruise,340,408.0,,,,,,
AT75,thaiapm-202607,15,climb,0,137.0,1312.0,1038.0,738.0,,,
AT75,thaiapm-202607,15,descent,0,118.0,,638.0,,,,
AT75,thaiapm-202607,15,climb,5,138.0,1312.0,1038.0,738.0,,,
AT75,thaiapm-202607,15,descent,5,119.0,,638.0,,,,
AT75,thaiapm-202607,15,climb,10,139.0,1312.0,1038.0,738.0,,,
AT75,thaiapm-202607,15,descent,10,120.0,,638.0,,,,
AT75,thaiapm-202607,15,climb,15,146.0,1344.0,1096.0,833.0,,,
AT75,thaiapm-202607,15,descent,15,134.0,,694.0,,,,
AT75,thaiapm-202607,15,climb,20,153.0,1375.0,1155.0,928.0,,,
AT75,thaiapm-202607,15,descent,20,148.0,,750.0,,,,
AT75,thaiapm-202607,15,climb,30,167.0,1438.0,1272.0,1119.0,,,
AT75,thaiapm-202607,15,descent,30,177.0,,862.0,,,,
AT75,thaiapm-202607,15,climb,40,170.0,1398.0,1245.0,1103.0,,,
AT75,thaiapm-202607,15,descent,40,195.0,,975.0,,,,
AT75,thaiapm-202607,15,climb,60,176.0,1289.0,1145.0,1025.0,,,
AT75,thaiapm-202607,15,descent,60,233.0,,1153.0,,,,
AT75,thaiapm-202607,15,climb,80,185.0,1130.0,991.0,881.0,,,
AT75,thaiapm-202607,15,descent,80,259.0,,1242.0,,,,
AT75,thaiapm-202607,15,climb,100,194.0,952.0,823.0,719.0,,,
AT75,thaiapm-202607,15,descent,100,272.0,,1273.0,,,,
AT75,thaiapm-202607,15,climb,120,201.0,816.0,697.0,606.0,,,
AT75,thaiapm-202607,15,descent,120,280.0,,1231.0,,,,
AT75,thaiapm-202607,15,climb,140,206.0,722.0,600.0,528.0,,,
AT75,thaiapm-202607,15,descent,140,285.0,,1103.0,,,,
AT75,thaiapm-202607,15,climb,160,209.0,625.0,512.0,431.0,,,
AT75,thaiapm-202607,15,descent,160,280.0,,1009.0,,,,
AT75,thaiapm-202607,15,cruise,160,250.0,,,,,,
AT75,thaiapm-202607,15,climb,180,213.0,575.0,497.0,400.0,,,
AT75,thaiapm-202607,15,descent,180,273.0,,994.0,,,,
AT75,thaiapm-202607,15,cruise,180,248.0,,,,,,
AT75,thaiapm-202607,15,climb,200,224.0,544.0,466.0,400.0,,,
AT75,thaiapm-202607,15,descent,200,272.0,,994.0,,,,
AT76,thaiapm-202607,15,climb,0,140.0,1344.0,1056.0,862.0,,,
AT76,thaiapm-202607,15,descent,0,106.0,,350.0,,,,
AT76,thaiapm-202607,15,climb,5,141.0,1344.0,1056.0,862.0,,,
AT76,thaiapm-202607,15,descent,5,112.0,,478.0,,,,
AT76,thaiapm-202607,15,climb,10,142.0,1344.0,1056.0,862.0,,,
AT76,thaiapm-202607,15,descent,10,118.0,,606.0,,,,
AT76,thaiapm-202607,15,climb,15,147.0,1332.0,1080.0,911.0,,,
AT76,thaiapm-202607,15,descent,15,133.0,,678.0,,,,
AT76,thaiapm-202607,15,climb,20,153.0,1320.0,1103.0,959.0,,,
AT76,thaiapm-202607,15,descent,20,148.0,,750.0,,,,
AT76,thaiapm-202607,15,climb,30,164.0,1297.0,1150.0,1056.0,,,
AT76,thaiapm-202607,15,descent,30,180.0,,894.0,,,,
AT76,thaiapm-202607,15,climb,40,171.0,1239.0,1088.0,991.0,,,
AT76,thaiapm-202607,15,descent,40,197.0,,998.0,,,,
AT76,thaiapm-202607,15,climb,60,182.0,1111.0,975.0,870.0,,,
AT76,thaiapm-202607,15,descent,60,228.0,,1192.0,,,,
AT76,thaiapm-202607,15,climb,80,190.0,967.0,847.0,761.0,,,
AT76,thaiapm-202607,15,descent,80,252.0,,1312.0,,,,
AT76,thaiapm-202607,15,climb,100,197.0,831.0,722.0,641.0,,,
AT76,thaiapm-202607,15,descent,100,267.0,,1312.0,,,,
AT76,thaiapm-202607,15,climb,120,203.0,722.0,625.0,528.0,,,
AT76,thaiapm-202607,15,descent,120,276.0,,1153.0,,,,
AT76,thaiapm-202607,15,climb,140,210.0,625.0,528.0,450.0,,,
AT76,thaiapm-202607,15,descent,140,278.0,,1002.0,,,,
AT76,thaiapm-202607,15,climb,160,216.0,528.0,450.0,384.0,,,
AT76,thaiapm-202607,15,descent,160,274.0,,952.0,,,,
AT76,thaiapm-202607,15,cruise,160,250.0,,,,,,
AT76,thaiapm-202607,15,climb,180,218.0,481.0,419.0,350.0,,,
AT76,thaiapm-202607,15,descent,180,270.0,,934.0,,,,
AT76,thaiapm-202607,15,cruise,180,248.0,,,,,,
B350,thaiapm-202607,15,climb,0,161.0,2050.0,1872.0,1702.0,,,
B350,thaiapm-202607,15,descent,0,129.0,,638.0,,,,
B350,thaiapm-202607,15,climb,5,162.0,2050.0,1872.0,1702.0,,,
B350,thaiapm-202607,15,descent,5,130.0,,638.0,,,,
B350,thaiapm-202607,15,climb,10,163.0,2050.0,1872.0,1702.0,,,
B350,thaiapm-202607,15,descent,10,131.0,,638.0,,,,
B350,thaiapm-202607,15,climb,15,166.0,2058.0,1876.0,1700.0,,,
B350,thaiapm-202607,15,descent,15,144.0,,686.0,,,,
B350,thaiapm-202607,15,climb,20,169.0,2066.0,1880.0,1698.0,,,
B350,thaiapm-202607,15,descent,20,157.0,,734.0,,,,
B350,thaiapm-202607,15,climb,30,174.0,2081.0,1888.0,1694.0,,,
B350,thaiapm-202607,15,descent,30,185.0,,831.0,,,,
B350,thaiapm-202607,15,climb,40,178.0,2016.0,1841.0,1631.0,,,
B350,thaiapm-202607,15,descent,40,197.0,,928.0,,,,
B350,thaiapm-202607,15,climb,60,182.0,1904.0,1728.0,1522.0,,,
B350,thaiapm-202607,15,descent,60,217.0,,1025.0,,,,
B350,thaiapm-202607,15,climb,80,187.0,1800.0,1608.0,1409.0,,,
B350,thaiapm-202607,15,descent,80,233.0,,1056.0,,,,
B350,thaiapm-202607,15,climb,100,190.0,1688.0,1497.0,1312.0,,,
B350,thaiapm-202607,15,descent,100,245.0,,1103.0,,,,
B350,thaiapm-202607,15,climb,120,192.0,1569.0,1377.0,1231.0,,,
B350,thaiapm-202607,15,descent,120,255.0,,1103.0,,,,
B350,thaiapm-202607,15,climb,140,194.0,1441.0,1266.0,1134.0,,,
B350,thaiapm-202607,15,descent,140,266.0,,1103.0,,,,
B350,thaiapm-202607,15,climb,160,194.0,1299.0,1153.0,1033.0,,,
B350,thaiapm-202607,15,descent,160,274.0,,1088.0,,,,
B350,thaiapm-202607,15,climb,180,197.0,1139.0,1025.0,905.0,,,
B350,thaiapm-202607,15,descent,180,281.0,,1041.0,,,,
B350,thaiapm-202607,15,cruise,180,267.0,,,,,,
B350,thaiapm-202607,15,climb,200,197.0,1000.0,905.0,800.0,,,
B350,thaiapm-202607,15,descent,200,286.0,,1025.0,,,,
B350,thaiapm-202607,15,cruise,200,265.0,,,,,,
B350,thaiapm-202607,15,climb,220,197.0,872.0,777.0,688.0,,,
B350,thaiapm-202607,15,descent,220,285.0,,984.0,,,,
B350,thaiapm-202607,15,cruise,220,263.0,,,,,,
B350,thaiapm-202607,15,climb,240,204.0,749.0,656.0,559.0,,,
B350,thaiapm-202607,15,descent,240,281.0,,918.0,,,,
B350,thaiapm-202607,15,cruise,240,261.0,,,,,,
B38M,thaiapm-202607,15,climb,0,173.0,2369.0,2191.0,1966.0,,,
B38M,thaiapm-202607,15,descent,0,117.0,,455.0,,,,
B38M,thaiapm-202607,15,climb,5,174.0,2369.0,2191.0,1966.0,,,
B38M,thaiapm-202607,15,descent,5,134.0,,620.0,,,,
B38M,thaiapm-202607,15,climb,10,176.0,2369.0,2191.0,1966.0,,,
B38M,thaiapm-202607,15,descent,10,152.0,,784.0,,,,
B38M,thaiapm-202607,15,climb,15,177.0,2269.0,2075.0,1859.0,,,
B38M,thaiapm-202607,15,descent,15,159.0,,788.0,,,,
B38M,thaiapm-202607,15,climb,20,179.0,2169.0,1959.0,1752.0,,,
B38M,thaiapm-202607,15,descent,20,166.0,,792.0,,,,
B38M,thaiapm-202607,15,climb,30,182.0,1969.0,1728.0,1538.0,,,
B38M,thaiapm-202607,15,descent,30,181.0,,800.0,,,,
B38M,thaiapm-202607,15,climb,40,216.0,2056.0,1703.0,1448.0,,,
B38M,thaiapm-202607,15,descent,40,197.0,,897.0,,,,
B38M,thaiapm-202607,15,climb,60,263.0,2319.0,1977.0,1705.0,,,
B38M,thaiapm-202607,15,descent,60,228.0,,1064.0,,,,
B38M,thaiapm-202607,15,climb,80,280.0,2447.0,2241.0,2025.0,,,
B38M,thaiapm-202607,15,descent,80,253.0,,1192.0,,,,
B38M,thaiapm-202607,15,climb,100,299.0,2209.0,1895.0,1625.0,,,
B38M,thaiapm-202607,15,descent,100,278.0,,1250.0,,,,
B38M,thaiapm-202607,15,climb,120,326.0,2066.0,1736.0,1464.0,,,
B38M,thaiapm-202607,15,descent,120,301.0,,1362.0,,,,
B38M,thaiapm-202607,15,climb,140,342.0,2066.0,1833.0,1623.0,,,
B38M,thaiapm-202607,15,descent,140,325.0,,1569.0,,,,
B38M,thaiapm-202607,15,climb,160,353.0,1922.0,1689.0,1488.0,,,
B38M,thaiapm-202607,15,descent,160,348.0,,1728.0,,,,
B38M,thaiapm-202607,15,climb,180,363.0,1744.0,1519.0,1336.0,,,
B38M,thaiapm-202607,15,descent,180,363.0,,1848.0,,,,
B38M,thaiapm-202607,15,climb,200,375.0,1600.0,1391.0,1208.0,,,
B38M,thaiapm-202607,15,descent,200,375.0,,1927.0,,,,
B38M,thaiapm-202607,15,climb,220,388.0,1497.0,1312.0,1134.0,,,
B38M,thaiapm-202607,15,descent,220,386.0,,1984.0,,,,
B38M,thaiapm-202607,15,climb,240,400.0,1416.0,1231.0,1072.0,,,
B38M,thaiapm-202607,15,descent,240,398.0,,2042.0,,,,
B38M,thaiapm-202607,15,climb,260,412.0,1312.0,1119.0,959.0,,,
B38M,thaiapm-202607,15,descent,260,411.0,,2066.0,,,,
B38M,thaiapm-202607,15,climb,280,425.0,1184.0,1009.0,847.0,,,
B38M,thaiapm-202607,15,descent,280,423.0,,2033.0,,,,
B38M,thaiapm-202607,15,climb,300,438.0,1103.0,944.0,800.0,,,
B38M,thaiapm-202607,15,descent,300,434.0,,1959.0,,,,
B38M,thaiapm-202607,15,climb,320,449.0,1082.0,925.0,784.0,,,
B38M,thaiapm-202607,15,descent,320,444.0,,1744.0,,,,
B38M,thaiapm-202607,15,cruise,320,458.0,,,,,,
B38M,thaiapm-202607,15,climb,340,445.0,1066.0,909.0,738.0,,,
B38M,thaiapm-202607,15,descent,340,440.0,,1305.0,,,,
B38M,thaiapm-202607,15,cruise,340,454.0,,,,,,
B38M,thaiapm-202607,15,climb,360,441.0,1009.0,847.0,672.0,,,
B38M,thaiapm-202607,15,descent,360,436.0,,1017.0,,,,
B38M,thaiapm-202607,15,cruise,360,450.0,,,,,,
B38M,thaiapm-202607,15,climb,380,441.0,936.0,769.0,591.0,,,
B38M,thaiapm-202607,15,descent,380,436.0,,986.0,,,,
B38M,thaiapm-202607,15,cruise,380,450.0,,,,,,
B39M,thaiapm-202607,15,climb,0,192.0,1555.0,1359.0,1234.0,,,
B39M,thaiapm-202607,15,descent,0,152.0,,800.0,,,,
B39M,thaiapm-202607,15,climb,5,193.0,1555.0,1359.0,1234.0,,,
B39M,thaiapm-202607,15,descent,5,153.0,,800.0,,,,
B39M,thaiapm-202607,15,climb,10,195.0,1555.0,1359.0,1234.0,,,
B39M,thaiapm-202607,15,descent,10,154.0,,800.0,,,,
B39M,thaiapm-202607,15,climb,15,207.0,1654.0,1464.0,1320.0,,,
B39M,thaiapm-202607,15,descent,15,161.0,,762.0,,,,
B39M,thaiapm-202607,15,climb,20,220.0,1754.0,1569.0,1407.0,,,
B39M,thaiapm-202607,15,descent,20,168.0,,723.0,,,,
B39M,thaiapm-202607,15,climb,30,246.0,1953.0,1778.0,1580.0,,,
B39M,thaiapm-202607,15,descent,30,183.0,,647.0,,,,
B39M,thaiapm-202607,15,climb,40,257.0,2161.0,1992.0,1815.0,,,
B39M,thaiapm-202607,15,descent,40,205.0,,805.0,,,,
B39M,thaiapm-202607,15,climb,60,272.0,2303.0,2159.0,2008.0,,,
B39M,thaiapm-202607,15,descent,60,241.0,,1025.0,,,,
B39M,thaiapm-202607,15,climb,80,280.0,2187.0,2064.0,1927.0,,,
B39M,thaiapm-202607,15,descent,80,264.0,,1134.0,,,,
B39M,thaiapm-202607,15,climb,100,299.0,1848.0,1633.0,1519.0,,,
B39M,thaiapm-202607,15,descent,100,290.0,,1183.0,,,,
B39M,thaiapm-202607,15,climb,120,326.0,1680.0,1441.0,1294.0,,,
B39M,thaiapm-202607,15,descent,120,318.0,,1408.0,,,,
B39M,thaiapm-202607,15,climb,140,343.0,1716.0,1584.0,1422.0,,,
B39M,thaiapm-202607,15,descent,140,338.0,,1744.0,,,,
B39M,thaiapm-202607,15,climb,160,353.0,1544.0,1448.0,1328.0,,,
B39M,thaiapm-202607,15,descent,160,354.0,,1903.0,,,,
B39M,thaiapm-202607,15,climb,180,365.0,1400.0,1289.0,1177.0,,,
B39M,thaiapm-202607,15,descent,180,367.0,,1992.0,,,,
B39M,thaiapm-202607,15,climb,200,376.0,1281.0,1141.0,1033.0,,,
B39M,thaiapm-202607,15,descent,200,380.0,,2070.0,,,,
B39M,thaiapm-202607,15,climb,220,389.0,1136.0,995.0,897.0,,,
B39M,thaiapm-202607,15,descent,220,393.0,,2124.0,,,,
B39M,thaiapm-202607,15,climb,240,404.0,973.0,862.0,769.0,,,
B39M,thaiapm-202607,15,descent,240,405.0,,2144.0,,,,
B39M,thaiapm-202607,15,climb,260,417.0,847.0,745.0,656.0,,,
B39M,thaiapm-202607,15,descent,260,417.0,,2159.0,,,,
B39M,thaiapm-202607,15,climb,280,428.0,733.0,633.0,559.0,,,
B39M,thaiapm-202607,15,descent,280,428.0,,2191.0,,,,
B39M,thaiapm-202607,15,climb,300,442.0,670.0,575.0,512.0,,,
B39M,thaiapm-202607,15,descent,300,439.0,,2198.0,,,,
B39M,thaiapm-202607,15,cruise,300,462.0,,,,,,
B39M,thaiapm-202607,15,climb,320,449.0,641.0,544.0,481.0,,,
B39M,thaiapm-202607,15,descent,320,449.0,,1643.0,,,,
B39M,thaiapm-202607,15,cruise,320,458.0,,,,,,
B39M,thaiapm-202607,15,climb,340,445.0,717.0,536.0,402.0,,,
B39M,thaiapm-202607,15,descent,340,445.0,,1045.0,,,,
B39M,thaiapm-202607,15,cruise,340,454.0,,,,,,
B39M,thaiapm-202607,15,climb,360,441.0,790.0,595.0,429.0,,,
B39M,thaiapm-202607,15,descent,360,441.0,,989.0,,,,
B39M,thaiapm-202607,15,cruise,360,450.0,,,,,,
B733,thaiapm-202607,15,climb,0,170.0,2369.0,1762.0,1438.0,,,
B733,thaiapm-202607,15,descent,0,141.0,,706.0,,,,
B733,thaiapm-202607,15,climb,5,171.0,2369.0,1762.0,1438.0,,,
B733,thaiapm-202607,15,descent,5,142.0,,706.0,,,,
B733,thaiapm-202607,15,climb,10,172.0,2369.0,1762.0,1438.0,,,
B733,thaiapm-202607,15,descent,10,143.0,,706.0,,,,
B733,thaiapm-202607,15,climb,15,186.0,2392.0,1806.0,1478.0,,,
B733,thaiapm-202607,15,descent,15,154.0,,753.0,,,,
B733,thaiapm-202607,15,climb,20,200.0,2416.0,1850.0,1519.0,,,
B733,thaiapm-202607,15,descent,20,165.0,,800.0,,,,
B733,thaiapm-202607,15,climb,30,229.0,2462.0,1938.0,1600.0,,,
B733,thaiapm-202607,15,descent,30,188.0,,894.0,,,,
B733,thaiapm-202607,15,climb,40,242.0,2602.0,2165.0,1722.0,,,
B733,thaiapm-202607,15,descent,40,201.0,,975.0,,,,
B733,thaiapm-202607,15,climb,60,263.0,2810.0,2420.0,1980.0,,,
B733,thaiapm-202607,15,descent,60,228.0,,1072.0,,,,
B733,thaiapm-202607,15,climb,80,276.0,2775.0,2380.0,1971.0,,,
B733,thaiapm-202607,15,descent,80,247.0,,1103.0,,,,
B733,thaiapm-202607,15,climb,100,298.0,2361.0,1926.0,1523.0,,,
B733,thaiapm-202607,15,descent,100,271.0,,1119.0,,,,
B733,thaiapm-202607,15,climb,120,325.0,2322.0,1906.0,1640.0,,,
B733,thaiapm-202607,15,descent,120,296.0,,1119.0,,,,
B733,thaiapm-202607,15,climb,140,341.0,2540.0,2225.0,1992.0,,,
B733,thaiapm-202607,15,descent,140,318.0,,1184.0,,,,
B733,thaiapm-202607,15,climb,160,351.0,2409.0,2128.0,1907.0,,,
B733,thaiapm-202607,15,descent,160,343.0,,1281.0,,,,
B733,thaiapm-202607,15,climb,180,362.0,2244.0,1965.0,1744.0,,,
B733,thaiapm-202607,15,descent,180,358.0,,1664.0,,,,
B733,thaiapm-202607,15,climb,200,373.0,2075.0,1783.0,1553.0,,,
B733,thaiapm-202607,15,descent,200,371.0,,1998.0,,,,
B733,thaiapm-202607,15,climb,220,385.0,1884.0,1600.0,1394.0,,,
B733,thaiapm-202607,15,descent,220,384.0,,2062.0,,,,
B733,thaiapm-202607,15,climb,240,397.0,1687.0,1409.0,1216.0,,,
B733,thaiapm-202607,15,descent,240,398.0,,2023.0,,,,
B733,thaiapm-202607,15,climb,260,409.0,1484.0,1259.0,1083.0,,,
B733,thaiapm-202607,15,descent,260,411.0,,1495.0,,,,
B733,thaiapm-202607,15,climb,280,422.0,1293.0,1111.0,957.0,,,
B733,thaiapm-202607,15,descent,280,424.0,,1056.0,,,,
B733,thaiapm-202607,15,climb,300,434.0,1184.0,1017.0,891.0,,,
B733,thaiapm-202607,15,descent,300,432.0,,994.0,,,,
B733,thaiapm-202607,15,cruise,300,434.0,,,,,,
B733,thaiapm-202607,15,climb,320,430.0,1072.0,959.0,873.0,,,
B733,thaiapm-202607,15,descent,320,430.0,,978.0,,,,
B733,thaiapm-202607,15,cruise,320,430.0,,,,,,
B733,thaiapm-202607,15,cruise,340,426.0,,,,,,
B734,thaiapm-202607,15,climb,0,176.0,2769.0,2562.0,2306.0,,,
B734,thaiapm-202607,15,descent,0,114.0,,369.0,,,,
B734,thaiapm-202607,15,climb,5,177.0,2769.0,2562.0,2306.0,,,
B734,thaiapm-202607,15,descent,5,128.0,,538.0,,,,
B734,thaiapm-202607,15,climb,10,179.0,2769.0,2562.0,2306.0,,,
B734,thaiapm-202607,15,descent,10,142.0,,706.0,,,,
B734,thaiapm-202607,15,climb,15,181.0,2612.0,2382.0,2114.0,,,
B734,thaiapm-202607,15,descent,15,153.0,,730.0,,,,
B734,thaiapm-202607,15,climb,20,183.0,2456.0,2202.0,1922.0,,,
B734,thaiapm-202607,15,descent,20,165.0,,753.0,,,,
B734,thaiapm-202607,15,climb,30,187.0,2144.0,1841.0,1538.0,,,
B734,thaiapm-202607,15,descent,30,188.0,,800.0,,,,
B734,thaiapm-202607,15,climb,40,222.0,2256.0,1880.0,1462.0,,,
B734,thaiapm-202607,15,descent,40,202.0,,897.0,,,,
B734,thaiapm-202607,15,climb,60,267.0,2609.0,2241.0,1781.0,,,
B734,thaiapm-202607,15,descent,60,230.0,,1088.0,,,,
B734,thaiapm-202607,15,climb,80,280.0,2800.0,2512.0,2159.0,,,
B734,thaiapm-202607,15,descent,80,259.0,,1247.0,,,,
B734,thaiapm-202607,15,climb,100,301.0,2347.0,1888.0,1655.0,,,
B734,thaiapm-202607,15,descent,100,284.0,,1344.0,,,,
B734,thaiapm-202607,15,climb,120,334.0,2300.0,1845.0,1639.0,,,
B734,thaiapm-202607,15,descent,120,310.0,,1488.0,,,,
B734,thaiapm-202607,15,climb,140,355.0,2591.0,2307.0,2064.0,,,
B734,thaiapm-202607,15,descent,140,336.0,,1744.0,,,,
B734,thaiapm-202607,15,climb,160,365.0,2478.0,2175.0,1944.0,,,
B734,thaiapm-202607,15,descent,160,351.0,,1919.0,,,,
B734,thaiapm-202607,15,climb,180,376.0,2303.0,2008.0,1773.0,,,
B734,thaiapm-202607,15,descent,180,363.0,,2031.0,,,,
B734,thaiapm-202607,15,climb,200,387.0,2097.0,1841.0,1596.0,,,
B734,thaiapm-202607,15,descent,200,375.0,,2144.0,,,,
B734,thaiapm-202607,15,climb,220,399.0,1922.0,1662.0,1431.0,,,
B734,thaiapm-202607,15,descent,220,386.0,,2198.0,,,,
B734,thaiapm-202607,15,climb,240,411.0,1720.0,1460.0,1280.0,,,
B734,thaiapm-202607,15,descent,240,398.0,,2247.0,,,,
B734,thaiapm-202607,15,climb,260,422.0,1571.0,1328.0,1152.0,,,
B734,thaiapm-202607,15,descent,260,411.0,,2273.0,,,,
B734,thaiapm-202607,15,climb,280,437.0,1516.0,1289.0,1088.0,,,
B734,thaiapm-202607,15,descent,280,423.0,,1906.0,,,,
B734,thaiapm-202607,15,climb,300,434.0,1506.0,1248.0,1025.0,,,
B734,thaiapm-202607,15,descent,300,434.0,,1281.0,,,,
B734,thaiapm-202607,15,cruise,300,435.0,,,,,,
B734,thaiapm-202607,15,climb,320,430.0,1328.0,1081.0,897.0,,,
B734,thaiapm-202607,15,descent,320,430.0,,1025.0,,,,
B734,thaiapm-202607,15,cruise,320,431.0,,,,,,
B734,thaiapm-202607,15,climb,340,426.0,1080.0,928.0,735.0,,,
B734,thaiapm-202607,15,descent,340,426.0,,1009.0,,,,
B734,thaiapm-202607,15,cruise,340,427.0,,,,,,
B737,thaiapm-202607,15,climb,0,157.0,2528.0,2338.0,2175.0,,,
B737,thaiapm-202607,15,descent,0,136.0,,706.0,,,,
B737,thaiapm-202607,15,climb,5,158.0,2528.0,2338.0,2175.0,,,
B737,thaiapm-202607,15,descent,5,137.0,,706.0,,,,
B737,thaiapm-202607,15,climb,10,159.0,2528.0,2338.0,2175.0,,,
B737,thaiapm-202607,15,descent,10,138.0,,706.0,,,,
B737,thaiapm-202607,15,climb,15,164.0,2426.0,2209.0,2023.0,,,
B737,thaiapm-202607,15,descent,15,142.0,,722.0,,,,
B737,thaiapm-202607,15,climb,20,168.0,2324.0,2081.0,1872.0,,,
B737,thaiapm-202607,15,descent,20,146.0,,738.0,,,,
B737,thaiapm-202607,15,climb,30,177.0,2120.0,1825.0,1569.0,,,
B737,thaiapm-202607,15,descent,30,155.0,,769.0,,,,
B737,thaiapm-202607,15,climb,40,211.0,2563.0,2194.0,1728.0,,,
B737,thaiapm-202607,15,descent,40,178.0,,866.0,,,,
B737,thaiapm-202607,15,climb,60,256.0,3088.0,2720.0,2245.0,,,
B737,thaiapm-202607,15,descent,60,221.0,,978.0,,,,
B737,thaiapm-202607,15,climb,80,270.0,3184.0,2911.0,2629.0,,,
B737,thaiapm-202607,15,descent,80,256.0,,1041.0,,,,
B737,thaiapm-202607,15,climb,100,283.0,3161.0,2831.0,2384.0,,,
B737,thaiapm-202607,15,descent,100,281.0,,1134.0,,,,
B737,thaiapm-202607,15,climb,120,300.0,3098.0,2750.0,2225.0,,,
B737,thaiapm-202607,15,descent,120,301.0,,1294.0,,,,
B737,thaiapm-202607,15,climb,140,317.0,3120.0,2831.0,2416.0,,,
B737,thaiapm-202607,15,descent,140,327.0,,1534.0,,,,
B737,thaiapm-202607,15,climb,160,336.0,3079.0,2816.0,2480.0,,,
B737,thaiapm-202607,15,descent,160,350.0,,1728.0,,,,
B737,thaiapm-202607,15,climb,180,357.0,2887.0,2655.0,2371.0,,,
B737,thaiapm-202607,15,descent,180,363.0,,1872.0,,,,
B737,thaiapm-202607,15,climb,200,373.0,2688.0,2464.0,2205.0,,,
B737,thaiapm-202607,15,descent,200,375.0,,1992.0,,,,
B737,thaiapm-202607,15,climb,220,385.0,2497.0,2272.0,2059.0,,,
B737,thaiapm-202607,15,descent,220,388.0,,2058.0,,,,
B737,thaiapm-202607,15,climb,240,397.0,2288.0,2078.0,1870.0,,,
B737,thaiapm-202607,15,descent,240,400.0,,2097.0,,,,
B737,thaiapm-202607,15,climb,260,409.0,2138.0,1934.0,1678.0,,,
B737,thaiapm-202607,15,descent,260,412.0,,2097.0,,,,
B737,thaiapm-202607,15,climb,280,418.0,2010.0,1783.0,1501.0,,,
B737,thaiapm-202607,15,descent,280,424.0,,2050.0,,,,
B737,thaiapm-202607,15,climb,300,427.0,1791.0,1527.0,1231.0,,,
B737,thaiapm-202607,15,descent,300,434.0,,1977.0,,,,
B737,thaiapm-202607,15,cruise,300,448.0,,,,,,
B737,thaiapm-202607,15,climb,320,430.0,1666.0,1359.0,1041.0,,,
B737,thaiapm-202607,15,descent,320,430.0,,1810.0,,,,
B737,thaiapm-202607,15,cruise,320,444.0,,,,,,
B737,thaiapm-202607,15,climb,340,426.0,1579.0,1281.0,1025.0,,,
B737,thaiapm-202607,15,descent,340,426.0,,1580.0,,,,
B737,thaiapm-202607,15,cruise,340,440.0,,,,,,
B737,thaiapm-202607,15,climb,360,422.0,1462.0,1234.0,1009.0,,,
B737,thaiapm-202607,15,descent,360,422.0,,1445.0,,,,
B737,thaiapm-202607,15,cruise,360,436.0,,,,,,
B737,thaiapm-202607,15,climb,380,422.0,1391.0,1192.0,961.0,,,
B737,thaiapm-202607,15,descent,380,422.0,,1251.0,,,,
B738,thaiapm-202607,15,climb,0,165.0,1703.0,1441.0,1228.0,,,
B738,thaiapm-202607,15,descent,0,124.0,,466.0,,,,
B738,thaiapm-202607,15,climb,5,168.0,2106.0,1873.0,1647.0,,,
B738,thaiapm-202607,15,descent,5,135.0,,617.0,,,,
B738,thaiapm-202607,15,climb,10,170.0,2509.0,2306.0,2066.0,,,
B738,thaiapm-202607,15,descent,10,147.0,,769.0,,,,
B738,thaiapm-202607,15,climb,15,175.0,2395.0,2166.0,1921.0,,,
B738,thaiapm-202607,15,descent,15,155.0,,784.0,,,,
B738,thaiapm-202607,15,climb,20,179.0,2280.0,2025.0,1777.0,,,
B738,thaiapm-202607,15,descent,20,163.0,,800.0,,,,
B738,thaiapm-202607,15,climb,30,188.0,2050.0,1744.0,1488.0,,,
B738,thaiapm-202607,15,descent,30,180.0,,831.0,,,,
B738,thaiapm-202607,15,climb,40,225.0,2353.0,1959.0,1544.0,,,
B738,thaiapm-202607,15,descent,40,198.0,,897.0,,,,
B738,thaiapm-202607,15,climb,60,270.0,2753.0,2384.0,1928.0,,,
B738,thaiapm-202607,15,descent,60,236.0,,1072.0,,,,
B738,thaiapm-202607,15,climb,80,280.0,2850.0,2594.0,2297.0,,,
B738,thaiapm-202607,15,descent,80,264.0,,1247.0,,,,
B738,thaiapm-202607,15,climb,100,303.0,2706.0,2353.0,1938.0,,,
B738,thaiapm-202607,15,descent,100,285.0,,1297.0,,,,
B738,thaiapm-202607,15,climb,120,334.0,2672.0,2312.0,1888.0,,,
B738,thaiapm-202607,15,descent,120,313.0,,1503.0,,,,
B738,thaiapm-202607,15,climb,140,354.0,2791.0,2536.0,2247.0,,,
B738,thaiapm-202607,15,descent,140,335.0,,1791.0,,,,
B738,thaiapm-202607,15,climb,160,365.0,2728.0,2480.0,2200.0,,,
B738,thaiapm-202607,15,descent,160,349.0,,1888.0,,,,
B738,thaiapm-202607,15,climb,180,376.0,2552.0,2303.0,2062.0,,,
B738,thaiapm-202607,15,descent,180,362.0,,1959.0,,,,
B738,thaiapm-202607,15,climb,200,387.0,2359.0,2128.0,1903.0,,,
B738,thaiapm-202607,15,descent,200,373.0,,2025.0,,,,
B738,thaiapm-202607,15,climb,220,399.0,2161.0,1945.0,1728.0,,,
B738,thaiapm-202607,15,descent,220,385.0,,2081.0,,,,
B738,thaiapm-202607,15,climb,240,412.0,1945.0,1744.0,1534.0,,,
B738,thaiapm-202607,15,descent,240,397.0,,2128.0,,,,
B738,thaiapm-202607,15,climb,260,425.0,1759.0,1569.0,1375.0,,,
B738,thaiapm-202607,15,descent,260,408.0,,2159.0,,,,
B738,thaiapm-202607,15,climb,280,437.0,1608.0,1417.0,1231.0,,,
B738,thaiapm-202607,15,descent,280,420.0,,2183.0,,,,
B738,thaiapm-202607,15,climb,300,446.0,1553.0,1328.0,1119.0,,,
B738,thaiapm-202607,15,descent,300,430.0,,2175.0,,,,
B738,thaiapm-202607,15,climb,320,449.0,1503.0,1247.0,1025.0,,,
B738,thaiapm-202607,15,descent,320,439.0,,2089.0,,,,
B738,thaiapm-202607,15,cruise,320,449.0,,,,,,
B738,thaiapm-202607,15,climb,340,445.0,1319.0,1088.0,912.0,,,
B738,thaiapm-202607,15,descent,340,435.0,,1762.0,,,,
B738,thaiapm-202607,15,cruise,340,445.0,,,,,,
B738,thaiapm-202607,15,climb,360,441.0,1128.0,952.0,816.0,,,
B738,thaiapm-202607,15,descent,360,432.0,,1281.0,,,,
B738,thaiapm-202607,15,cruise,360,441.0,,,,,,
B738,thaiapm-202607,15,climb,380,441.0,1028.0,886.0,703.0,,,
B738,thaiapm-202607,15,descent,380,431.0,,1025.0,,,,
B739,thaiapm-202607,15,climb,0,177.0,2594.0,2369.0,2112.0,,,
B739,thaiapm-202607,15,descent,0,123.0,,473.0,,,,
B739,thaiapm-202607,15,climb,5,178.0,2594.0,2369.0,2112.0,,,
B739,thaiapm-202607,15,descent,5,136.0,,629.0,,,,
B739,thaiapm-202607,15,climb,10,180.0,2594.0,2369.0,2112.0,,,
B739,thaiapm-202607,15,descent,10,149.0,,784.0,,,,
B739,thaiapm-202607,15,climb,15,182.0,2481.0,2241.0,1977.0,,,
B739,thaiapm-202607,15,descent,15,156.0,,788.0,,,,
B739,thaiapm-202607,15,climb,20,184.0,2369.0,2112.0,1841.0,,,
B739,thaiapm-202607,15,descent,20,163.0,,792.0,,,,
B739,thaiapm-202607,15,climb,30,189.0,2144.0,1856.0,1569.0,,,
B739,thaiapm-202607,15,descent,30,178.0,,800.0,,,,
B739,thaiapm-202607,15,climb,40,226.0,2384.0,2016.0,1631.0,,,
B739,thaiapm-202607,15,descent,40,198.0,,897.0,,,,
B739,thaiapm-202607,15,climb,60,270.0,2722.0,2352.0,1878.0,,,
B739,thaiapm-202607,15,descent,60,237.0,,1080.0,,,,
B739,thaiapm-202607,15,climb,80,280.0,2800.0,2527.0,2169.0,,,
B739,thaiapm-202607,15,descent,80,265.0,,1239.0,,,,
B739,thaiapm-202607,15,climb,100,304.0,2575.0,2198.0,1825.0,,,
B739,thaiapm-202607,15,descent,100,285.0,,1247.0,,,,
B739,thaiapm-202607,15,climb,120,338.0,2456.0,2105.0,1728.0,,,
B739,thaiapm-202607,15,descent,120,313.0,,1472.0,,,,
B739,thaiapm-202607,15,climb,140,359.0,2534.0,2322.0,2073.0,,,
B739,thaiapm-202607,15,descent,140,335.0,,1802.0,,,,
B739,thaiapm-202607,15,climb,160,370.0,2447.0,2233.0,2000.0,,,
B739,thaiapm-202607,15,descent,160,347.0,,1872.0,,,,
B739,thaiapm-202607,15,climb,180,381.0,2272.0,2070.0,1864.0,,,
B739,thaiapm-202607,15,descent,180,359.0,,1927.0,,,,
B739,thaiapm-202607,15,climb,200,393.0,2080.0,1895.0,1712.0,,,
B739,thaiapm-202607,15,descent,200,370.0,,1967.0,,,,
B739,thaiapm-202607,15,climb,220,406.0,1889.0,1720.0,1544.0,,,
B739,thaiapm-202607,15,descent,220,381.0,,2017.0,,,,
B739,thaiapm-202607,15,climb,240,418.0,1703.0,1534.0,1369.0,,,
B739,thaiapm-202607,15,descent,240,392.0,,2066.0,,,,
B739,thaiapm-202607,15,climb,260,431.0,1525.0,1359.0,1200.0,,,
B739,thaiapm-202607,15,descent,260,403.0,,2097.0,,,,
B739,thaiapm-202607,15,climb,280,443.0,1383.0,1216.0,1072.0,,,
B739,thaiapm-202607,15,descent,280,415.0,,2128.0,,,,
B739,thaiapm-202607,15,climb,300,453.0,1336.0,1142.0,1002.0,,,
B739,thaiapm-202607,15,descent,300,427.0,,2136.0,,,,
B739,thaiapm-202607,15,cruise,300,457.0,,,,,,
B739,thaiapm-202607,15,climb,320,449.0,1262.0,1064.0,920.0,,,
B739,thaiapm-202607,15,descent,320,430.0,,2055.0,,,,
B739,thaiapm-202607,15,cruise,320,453.0,,,,,,
B739,thaiapm-202607,15,climb,340,445.0,1088.0,944.0,816.0,,,
B739,thaiapm-202607,15,descent,340,426.0,,1759.0,,,,
B739,thaiapm-202607,15,cruise,340,449.0,,,,,,
B739,thaiapm-202607,15,climb,360,441.0,959.0,855.0,688.0,,,
B739,thaiapm-202607,15,descent,360,422.0,,1344.0,,,,
B739,thaiapm-202607,15,cruise,360,445.0,,,,,,
B744,thaiapm-202607,15,climb,0,171.0,2019.0,1825.0,1662.0,,,
B744,thaiapm-202607,15,descent,0,152.0,,769.0,,,,
B744,thaiapm-202607,15,climb,5,172.0,2019.0,1825.0,1662.0,,,
B744,thaiapm-202607,15,descent,5,153.0,,769.0,,,,
B744,thaiapm-202607,15,climb,10,173.0,2019.0,1825.0,1662.0,,,
B744,thaiapm-202607,15,descent,10,154.0,,769.0,,,,
B744,thaiapm-202607,15,climb,15,175.0,1962.0,1712.0,1515.0,,,
B744,thaiapm-202607,15,descent,15,162.0,,777.0,,,,
B744,thaiapm-202607,15,climb,20,178.0,1906.0,1600.0,1367.0,,,
B744,thaiapm-202607,15,descent,20,171.0,,784.0,,,,
B744,thaiapm-202607,15,climb,30,182.0,1794.0,1375.0,1072.0,,,
B744,thaiapm-202607,15,descent,30,188.0,,800.0,,,,
B744,thaiapm-202607,15,climb,40,223.0,1930.0,1512.0,1223.0,,,
B744,thaiapm-202607,15,descent,40,202.0,,944.0,,,,
B744,thaiapm-202607,15,climb,60,272.0,2489.0,2097.0,1775.0,,,
B744,thaiapm-202607,15,descent,60,231.0,,1169.0,,,,
B744,thaiapm-202607,15,climb,80,280.0,2883.0,2520.0,2189.0,,,
B744,thaiapm-202607,15,descent,80,256.0,,1234.0,,,,
B744,thaiapm-202607,15,climb,100,305.0,2308.0,1940.0,1692.0,,,
B744,thaiapm-202607,15,descent,100,281.0,,1200.0,,,,
B744,thaiapm-202607,15,climb,120,351.0,2178.0,1796.0,1495.0,,,
B744,thaiapm-202607,15,descent,120,303.0,,1278.0,,,,
B744,thaiapm-202607,15,climb,140,388.0,2816.0,2393.0,1961.0,,,
B744,thaiapm-202607,15,descent,140,329.0,,1441.0,,,,
B744,thaiapm-202607,15,climb,160,403.0,2983.0,2548.0,2056.0,,,
B744,thaiapm-202607,15,descent,160,351.0,,1534.0,,,,
B744,thaiapm-202607,15,climb,180,415.0,2839.0,2416.0,1928.0,,,
B744,thaiapm-202607,15,descent,180,364.0,,1643.0,,,,
B744,thaiapm-202607,15,climb,200,428.0,2615.0,2198.0,1775.0,,,
B744,thaiapm-202607,15,descent,200,376.0,,1763.0,,,,
B744,thaiapm-202607,15,climb,220,441.0,2385.0,2000.0,1647.0,,,
B744,thaiapm-202607,15,descent,220,388.0,,1829.0,,,,
B744,thaiapm-202607,15,climb,240,455.0,2209.0,1848.0,1520.0,,,
B744,thaiapm-202607,15,descent,240,401.0,,1872.0,,,,
B744,thaiapm-202607,15,climb,260,469.0,2089.0,1736.0,1400.0,,,
B744,thaiapm-202607,15,descent,260,414.0,,1895.0,,,,
B744,thaiapm-202607,15,climb,280,481.0,2008.0,1678.0,1352.0,,,
B744,thaiapm-202607,15,descent,280,427.0,,1927.0,,,,
B744,thaiapm-202607,15,climb,300,490.0,1911.0,1484.0,1153.0,,,
B744,thaiapm-202607,15,descent,300,440.0,,1946.0,,,,
B744,thaiapm-202607,15,cruise,300,490.0,,,,,,
B744,thaiapm-202607,15,climb,320,486.0,1862.0,1405.0,1041.0,,,
B744,thaiapm-202607,15,descent,320,454.0,,1868.0,,,,
B744,thaiapm-202607,15,cruise,320,486.0,,,,,,
B744,thaiapm-202607,15,climb,340,482.0,1757.0,1425.0,1119.0,,,
B744,thaiapm-202607,15,descent,340,463.0,,1697.0,,,,
B744,thaiapm-202607,15,cruise,340,482.0,,,,,,
B744,thaiapm-202607,15,climb,360,477.0,1623.0,1312.0,1103.0,,,
B744,thaiapm-202607,15,descent,360,459.0,,1553.0,,,,
B744,thaiapm-202607,15,cruise,360,477.0,,,,,,
B744,thaiapm-202607,15,climb,380,477.0,1569.0,1324.0,1041.0,,,
B744,thaiapm-202607,15,descent,380,459.0,,1472.0,,,,
B744,thaiapm-202607,15,cruise,380,477.0,,,,,,
B744,thaiapm-202607,15,climb,400,477.0,1488.0,1324.0,994.0,,,
B744,thaiapm-202607,15,descent,400,459.0,,1400.0,,,,
B744,thaiapm-202607,15,cruise,400,477.0,,,,,,
B748,thaiapm-202607,15,climb,0,186.0,2016.0,1744.0,1538.0,,,
B748,thaiapm-202607,15,descent,0,132.0,,431.0,,,,
B748,thaiapm-202607,15,climb,5,187.0,2016.0,1744.0,1538.0,,,
B748,thaiapm-202607,15,descent,5,146.0,,616.0,,,,
B748,thaiapm-202607,15,climb,10,189.0,2016.0,1744.0,1538.0,,,
B748,thaiapm-202607,15,descent,10,161.0,,800.0,,,,
B748,thaiapm-202607,15,climb,15,191.0,1871.0,1599.0,1392.0,,,
B748,thaiapm-202607,15,descent,15,169.0,,820.0,,,,
B748,thaiapm-202607,15,climb,20,194.0,1727.0,1455.0,1246.0,,,
B748,thaiapm-202607,15,descent,20,177.0,,839.0,,,,
B748,thaiapm-202607,15,climb,30,199.0,1438.0,1166.0,955.0,,,
B748,thaiapm-202607,15,descent,30,192.0,,878.0,,,,
B748,thaiapm-202607,15,climb,40,233.0,1622.0,1359.0,1120.0,,,
B748,thaiapm-202607,15,descent,40,205.0,,998.0,,,,
B748,thaiapm-202607,15,climb,60,272.0,2223.0,1896.0,1579.0,,,
B748,thaiapm-202607,15,descent,60,231.0,,1231.0,,,,
B748,thaiapm-202607,15,climb,80,280.0,2617.0,2241.0,1920.0,,,
B748,thaiapm-202607,15,descent,80,257.0,,1375.0,,,,
B748,thaiapm-202607,15,climb,100,318.0,2112.0,1738.0,1497.0,,,
B748,thaiapm-202607,15,descent,100,281.0,,1312.0,,,,
B748,thaiapm-202607,15,climb,120,362.0,1888.0,1489.0,1216.0,,,
B748,thaiapm-202607,15,descent,120,303.0,,1289.0,,,,
B748,thaiapm-202607,15,climb,140,399.0,2128.0,1761.0,1456.0,,,
B748,thaiapm-202607,15,descent,140,330.0,,1388.0,,,,
B748,thaiapm-202607,15,climb,160,417.0,2047.0,1736.0,1460.0,,,
B748,thaiapm-202607,15,descent,160,353.0,,1461.0,,,,
B748,thaiapm-202607,15,climb,180,432.0,1936.0,1643.0,1400.0,,,
B748,thaiapm-202607,15,descent,180,367.0,,1553.0,,,,
B748,thaiapm-202607,15,climb,200,445.0,1827.0,1534.0,1334.0,,,
B748,thaiapm-202607,15,descent,200,380.0,,1647.0,,,,
B748,thaiapm-202607,15,climb,220,458.0,1670.0,1394.0,1223.0,,,
B748,thaiapm-202607,15,descent,220,394.0,,1728.0,,,,
B748,thaiapm-202607,15,climb,240,472.0,1529.0,1256.0,1103.0,,,
B748,thaiapm-202607,15,descent,240,408.0,,1766.0,,,,
B748,thaiapm-202607,15,climb,260,485.0,1444.0,1191.0,1033.0,,,
B748,thaiapm-202607,15,descent,260,420.0,,1781.0,,,,
B748,thaiapm-202607,15,climb,280,499.0,1472.0,1255.0,1082.0,,,
B748,thaiapm-202607,15,descent,280,433.0,,1794.0,,,,
B748,thaiapm-202607,15,climb,300,495.0,1488.0,1255.0,1074.0,,,
B748,thaiapm-202607,15,descent,300,445.0,,1794.0,,,,
B748,thaiapm-202607,15,cruise,300,495.0,,,,,,
B748,thaiapm-202607,15,climb,320,491.0,1605.0,1220.0,1017.0,,,
B748,thaiapm-202607,15,descent,320,458.0,,1794.0,,,,
B748,thaiapm-202607,15,cruise,320,491.0,,,,,,
B748,thaiapm-202607,15,climb,340,486.0,1919.0,1413.0,1138.0,,,
B748,thaiapm-202607,15,descent,340,463.0,,1778.0,,,,
B748,thaiapm-202607,15,cruise,340,486.0,,,,,,
B748,thaiapm-202607,15,climb,360,482.0,1914.0,1503.0,1177.0,,,
B748,thaiapm-202607,15,descent,360,459.0,,1762.0,,,,
B748,thaiapm-202607,15,cruise,360,482.0,,,,,,
B748,thaiapm-202607,15,climb,380,482.0,1650.0,1359.0,1014.0,,,
B748,thaiapm-202607,15,descent,380,459.0,,1666.0,,,,
B748,thaiapm-202607,15,cruise,380,482.0,,,,,,
B748,thaiapm-202607,15,climb,400,482.0,1505.0,1281.0,959.0,,,
B748,thaiapm-202607,15,descent,400,459.0,,1480.0,,,,
B752,thaiapm-202607,15,climb,0,177.0,2527.0,2194.0,1825.0,,,
B752,thaiapm-202607,15,descent,0,137.0,,691.0,,,,
B752,thaiapm-202607,15,climb,5,178.0,2527.0,2194.0,1825.0,,,
B752,thaiapm-202607,15,descent,5,138.0,,691.0,,,,
B752,thaiapm-202607,15,climb,10,180.0,2527.0,2194.0,1825.0,,,
B752,thaiapm-202607,15,descent,10,139.0,,691.0,,,,
B752,thaiapm-202607,15,climb,15,182.0,2383.0,2067.0,1745.0,,,
B752,thaiapm-202607,15,descent,15,150.0,,687.0,,,,
B752,thaiapm-202607,15,climb,20,185.0,2239.0,1940.0,1664.0,,,
B752,thaiapm-202607,15,descent,20,162.0,,683.0,,,,
B752,thaiapm-202607,15,climb,30,191.0,1951.0,1686.0,1503.0,,,
B752,thaiapm-202607,15,descent,30,185.0,,675.0,,,,
B752,thaiapm-202607,15,climb,40,222.0,2047.0,1787.0,1583.0,,,
B752,thaiapm-202607,15,descent,40,202.0,,819.0,,,,
B752,thaiapm-202607,15,climb,60,265.0,2319.0,2047.0,1791.0,,,
B752,thaiapm-202607,15,descent,60,231.0,,1041.0,,,,
B752,thaiapm-202607,15,climb,80,279.0,2470.0,2183.0,1919.0,,,
B752,thaiapm-202607,15,descent,80,253.0,,1169.0,,,,
B752,thaiapm-202607,15,climb,100,298.0,2198.0,1833.0,1536.0,,,
B752,thaiapm-202607,15,descent,100,278.0,,1219.0,,,,
B752,thaiapm-202607,15,climb,120,327.0,2094.0,1712.0,1431.0,,,
B752,thaiapm-202607,15,descent,120,299.0,,1362.0,,,,
B752,thaiapm-202607,15,climb,140,349.0,2191.0,1872.0,1662.0,,,
B752,thaiapm-202607,15,descent,140,315.0,,1569.0,,,,
B752,thaiapm-202607,15,climb,160,363.0,2089.0,1767.0,1561.0,,,
B752,thaiapm-202607,15,descent,160,335.0,,1639.0,,,,
B752,thaiapm-202607,15,climb,180,375.0,1945.0,1623.0,1433.0,,,
B752,thaiapm-202607,15,descent,180,352.0,,1695.0,,,,
B752,thaiapm-202607,15,climb,200,386.0,1791.0,1488.0,1297.0,,,
B752,thaiapm-202607,15,descent,200,366.0,,1753.0,,,,
B752,thaiapm-202607,15,climb,220,398.0,1679.0,1375.0,1161.0,,,
B752,thaiapm-202607,15,descent,220,381.0,,1778.0,,,,
B752,thaiapm-202607,15,climb,240,411.0,1519.0,1216.0,1025.0,,,
B752,thaiapm-202607,15,descent,240,394.0,,1809.0,,,,
B752,thaiapm-202607,15,climb,260,425.0,1359.0,1072.0,911.0,,,
B752,thaiapm-202607,15,descent,260,407.0,,1809.0,,,,
B752,thaiapm-202607,15,climb,280,438.0,1263.0,959.0,798.0,,,
B752,thaiapm-202607,15,descent,280,420.0,,1759.0,,,,
B752,thaiapm-202607,15,climb,300,451.0,1232.0,902.0,738.0,,,
B752,thaiapm-202607,15,descent,300,432.0,,1659.0,,,,
B752,thaiapm-202607,15,climb,320,453.0,1273.0,902.0,706.0,,,
B752,thaiapm-202607,15,descent,320,443.0,,1452.0,,,,
B752,thaiapm-202607,15,cruise,320,458.0,,,,,,
B752,thaiapm-202607,15,climb,340,449.0,1239.0,894.0,674.0,,,
B752,thaiapm-202607,15,descent,340,445.0,,1247.0,,,,
B752,thaiapm-202607,15,cruise,340,454.0,,,,,,
B752,thaiapm-202607,15,climb,360,445.0,1134.0,909.0,737.0,,,
B752,thaiapm-202607,15,descent,360,441.0,,1181.0,,,,
B752,thaiapm-202607,15,cruise,360,450.0,,,,,,
B763,thaiapm-202607,15,climb,0,175.0,2881.0,2559.0,2306.0,,,
B763,thaiapm-202607,15,descent,0,122.0,,400.0,,,,
B763,thaiapm-202607,15,climb,5,176.0,2881.0,2559.0,2306.0,,,
B763,thaiapm-202607,15,descent,5,134.0,,569.0,,,,
B763,thaiapm-202607,15,climb,10,178.0,2881.0,2559.0,2306.0,,,
B763,thaiapm-202607,15,descent,10,145.0,,738.0,,,,
B763,thaiapm-202607,15,climb,15,180.0,2712.0,2391.0,2141.0,,,
B763,thaiapm-202607,15,descent,15,156.0,,761.0,,,,
B763,thaiapm-202607,15,climb,20,183.0,2544.0,2223.0,1977.0,,,
B763,thaiapm-202607,15,descent,20,166.0,,784.0,,,,
B763,thaiapm-202607,15,climb,30,188.0,2206.0,1888.0,1647.0,,,
B763,thaiapm-202607,15,descent,30,188.0,,831.0,,,,
B763,thaiapm-202607,15,climb,40,222.0,2272.0,1969.0,1727.0,,,
B763,thaiapm-202607,15,descent,40,206.0,,975.0,,,,
B763,thaiapm-202607,15,climb,60,266.0,2664.0,2322.0,2014.0,,,
B763,thaiapm-202607,15,descent,60,235.0,,1192.0,,,,
B763,thaiapm-202607,15,climb,80,280.0,2952.0,2556.0,2214.0,,,
B763,thaiapm-202607,15,descent,80,259.0,,1289.0,,,,
B763,thaiapm-202607,15,climb,100,302.0,2480.0,2003.0,1694.0,,,
B763,thaiapm-202607,15,descent,100,282.0,,1281.0,,,,
B763,thaiapm-202607,15,climb,120,342.0,2472.0,1912.0,1534.0,,,
B763,thaiapm-202607,15,descent,120,305.0,,1378.0,,,,
B763,thaiapm-202607,15,climb,140,373.0,2858.0,2330.0,1934.0,,,
B763,thaiapm-202607,15,descent,140,329.0,,1569.0,,,,
B763,thaiapm-202607,15,climb,160,387.0,2800.0,2280.0,1950.0,,,
B763,thaiapm-202607,15,descent,160,349.0,,1662.0,,,,
B763,thaiapm-202607,15,climb,180,399.0,2719.0,2175.0,1848.0,,,
B763,thaiapm-202607,15,descent,180,363.0,,1806.0,,,,
B763,thaiapm-202607,15,climb,200,412.0,2568.0,2031.0,1705.0,,,
B763,thaiapm-202607,15,descent,200,378.0,,1969.0,,,,
B763,thaiapm-202607,15,climb,220,425.0,2377.0,1864.0,1569.0,,,
B763,thaiapm-202607,15,descent,220,394.0,,2058.0,,,,
B763,thaiapm-202607,15,climb,240,438.0,2194.0,1720.0,1456.0,,,
B763,thaiapm-202607,15,descent,240,407.0,,2120.0,,,,
B763,thaiapm-202607,15,climb,260,451.0,2066.0,1647.0,1391.0,,,
B763,thaiapm-202607,15,descent,260,420.0,,2144.0,,,,
B763,thaiapm-202607,15,climb,280,462.0,2050.0,1705.0,1359.0,,,
B763,thaiapm-202607,15,descent,280,434.0,,2128.0,,,,
B763,thaiapm-202607,15,climb,300,471.0,2097.0,1720.0,1328.0,,,
B763,thaiapm-202607,15,descent,300,446.0,,2081.0,,,,
B763,thaiapm-202607,15,cruise,300,471.0,,,,,,
B763,thaiapm-202607,15,climb,320,467.0,2056.0,1600.0,1256.0,,,
B763,thaiapm-202607,15,descent,320,453.0,,1969.0,,,,
B763,thaiapm-202607,15,cruise,320,467.0,,,,,,
B763,thaiapm-202607,15,climb,340,463.0,2009.0,1584.0,1209.0,,,
B763,thaiapm-202607,15,descent,340,454.0,,1681.0,,,,
B763,thaiapm-202607,15,cruise,340,463.0,,,,,,
B763,thaiapm-202607,15,climb,360,459.0,1922.0,1584.0,1219.0,,,
B763,thaiapm-202607,15,descent,360,450.0,,1456.0,,,,
B763,thaiapm-202607,15,cruise,360,459.0,,,,,,
B763,thaiapm-202607,15,climb,380,459.0,1745.0,1506.0,1200.0,,,
B763,thaiapm-202607,15,descent,380,450.0,,1438.0,,,,
B763,thaiapm-202607,15,cruise,380,459.0,,,,,,
B772,thaiapm-202607,15,climb,0,171.0,2594.0,2416.0,2241.0,,,
B772,thaiapm-202607,15,descent,0,117.0,,431.0,,,,
B772,thaiapm-202607,15,climb,5,172.0,2594.0,2416.0,2241.0,,,
B772,thaiapm-202607,15,descent,5,130.0,,584.0,,,,
B772,thaiapm-202607,15,climb,10,173.0,2594.0,2416.0,2241.0,,,
B772,thaiapm-202607,15,descent,10,144.0,,738.0,,,,
B772,thaiapm-202607,15,climb,15,175.0,2302.0,2116.0,1936.0,,,
B772,thaiapm-202607,15,descent,15,155.0,,753.0,,,,
B772,thaiapm-202607,15,climb,20,178.0,2009.0,1816.0,1631.0,,,
B772,thaiapm-202607,15,descent,20,165.0,,769.0,,,,
B772,thaiapm-202607,15,climb,30,182.0,1425.0,1216.0,1022.0,,,
B772,thaiapm-202607,15,descent,30,187.0,,800.0,,,,
B772,thaiapm-202607,15,climb,40,223.0,1722.0,1512.0,1280.0,,,
B772,thaiapm-202607,15,descent,40,201.0,,847.0,,,,
B772,thaiapm-202607,15,climb,60,271.0,2162.0,1945.0,1712.0,,,
B772,thaiapm-202607,15,descent,60,228.0,,975.0,,,,
B772,thaiapm-202607,15,climb,80,280.0,2241.0,2033.0,1848.0,,,
B772,thaiapm-202607,15,descent,80,247.0,,1089.0,,,,
B772,thaiapm-202607,15,climb,100,304.0,1744.0,1520.0,1352.0,,,
B772,thaiapm-202607,15,descent,100,272.0,,1112.0,,,,
B772,thaiapm-202607,15,climb,120,342.0,1872.0,1495.0,1278.0,,,
B772,thaiapm-202607,15,descent,120,297.0,,1177.0,,,,
B772,thaiapm-202607,15,climb,140,365.0,2384.0,1911.0,1631.0,,,
B772,thaiapm-202607,15,descent,140,314.0,,1297.0,,,,
B772,thaiapm-202607,15,climb,160,377.0,2272.0,1864.0,1569.0,,,
B772,thaiapm-202607,15,descent,160,336.0,,1400.0,,,,
B772,thaiapm-202607,15,climb,180,389.0,2144.0,1802.0,1497.0,,,
B772,thaiapm-202607,15,descent,180,356.0,,1544.0,,,,
B772,thaiapm-202607,15,climb,200,401.0,2016.0,1728.0,1416.0,,,
B772,thaiapm-202607,15,descent,200,372.0,,1647.0,,,,
B772,thaiapm-202607,15,climb,220,414.0,1888.0,1631.0,1312.0,,,
B772,thaiapm-202607,15,descent,220,385.0,,1703.0,,,,
B772,thaiapm-202607,15,climb,240,426.0,1759.0,1503.0,1169.0,,,
B772,thaiapm-202607,15,descent,240,397.0,,1769.0,,,,
B772,thaiapm-202607,15,climb,260,440.0,1600.0,1359.0,1006.0,,,
B772,thaiapm-202607,15,descent,260,409.0,,1825.0,,,,
B772,thaiapm-202607,15,climb,280,452.0,1433.0,1216.0,862.0,,,
B772,thaiapm-202607,15,descent,280,421.0,,1872.0,,,,
B772,thaiapm-202607,15,climb,300,466.0,1304.0,1103.0,800.0,,,
B772,thaiapm-202607,15,descent,300,434.0,,1888.0,,,,
B772,thaiapm-202607,15,climb,320,477.0,1304.0,1103.0,881.0,,,
B772,thaiapm-202607,15,descent,320,447.0,,1872.0,,,,
B772,thaiapm-202607,15,cruise,320,481.0,,,,,,
B772,thaiapm-202607,15,climb,340,472.0,1417.0,1183.0,978.0,,,
B772,thaiapm-202607,15,descent,340,458.0,,1825.0,,,,
B772,thaiapm-202607,15,cruise,340,477.0,,,,,,
B772,thaiapm-202607,15,climb,360,468.0,1370.0,1112.0,912.0,,,
B772,thaiapm-202607,15,descent,360,450.0,,1697.0,,,,
B772,thaiapm-202607,15,cruise,360,473.0,,,,,,
B772,thaiapm-202607,15,climb,380,468.0,1192.0,952.0,753.0,,,
B772,thaiapm-202607,15,descent,380,450.0,,1519.0,,,,
B772,thaiapm-202607,15,cruise,380,473.0,,,,,,
B772,thaiapm-202607,15,climb,400,468.0,1080.0,862.0,609.0,,,
B772,thaiapm-202607,15,descent,400,450.0,,1391.0,,,,
B772,thaiapm-202607,15,cruise,400,473.0,,,,,,
B773,thaiapm-202607,15,climb,0,189.0,2540.0,2400.0,2275.0,,,
B773,thaiapm-202607,15,descent,0,147.0,,769.0,,,,
B773,thaiapm-202607,15,climb,5,190.0,2540.0,2400.0,2275.0,,,
B773,thaiapm-202607,15,descent,5,148.0,,769.0,,,,
B773,thaiapm-202607,15,climb,10,192.0,2540.0,2400.0,2275.0,,,
B773,thaiapm-202607,15,descent,10,149.0,,769.0,,,,
B773,thaiapm-202607,15,climb,15,194.0,2274.0,2116.0,1986.0,,,
B773,thaiapm-202607,15,descent,15,159.0,,780.0,,,,
B773,thaiapm-202607,15,climb,20,196.0,2007.0,1833.0,1697.0,,,
B773,thaiapm-202607,15,descent,20,169.0,,792.0,,,,
B773,thaiapm-202607,15,climb,30,199.0,1475.0,1266.0,1119.0,,,
B773,thaiapm-202607,15,descent,30,188.0,,816.0,,,,
B773,thaiapm-202607,15,climb,40,233.0,1809.0,1592.0,1416.0,,,
B773,thaiapm-202607,15,descent,40,202.0,,839.0,,,,
B773,thaiapm-202607,15,climb,60,272.0,2191.0,1992.0,1769.0,,,
B773,thaiapm-202607,15,descent,60,228.0,,1006.0,,,,
B773,thaiapm-202607,15,climb,80,280.0,2206.0,2017.0,1809.0,,,
B773,thaiapm-202607,15,descent,80,248.0,,1166.0,,,,
B773,thaiapm-202607,15,climb,100,305.0,1767.0,1512.0,1359.0,,,
B773,thaiapm-202607,15,descent,100,268.0,,1198.0,,,,
B773,thaiapm-202607,15,climb,120,349.0,1841.0,1561.0,1309.0,,,
B773,thaiapm-202607,15,descent,120,292.0,,1233.0,,,,
B773,thaiapm-202607,15,climb,140,377.0,2248.0,2008.0,1702.0,,,
B773,thaiapm-202607,15,descent,140,312.0,,1312.0,,,,
B773,thaiapm-202607,15,climb,160,388.0,2088.0,1880.0,1670.0,,,
B773,thaiapm-202607,15,descent,160,337.0,,1383.0,,,,
B773,thaiapm-202607,15,climb,180,399.0,1912.0,1736.0,1569.0,,,
B773,thaiapm-202607,15,descent,180,360.0,,1542.0,,,,
B773,thaiapm-202607,15,climb,200,412.0,1744.0,1588.0,1456.0,,,
B773,thaiapm-202607,15,descent,200,374.0,,1709.0,,,,
B773,thaiapm-202607,15,climb,220,425.0,1584.0,1445.0,1344.0,,,
B773,thaiapm-202607,15,descent,220,386.0,,1742.0,,,,
B773,thaiapm-202607,15,climb,240,438.0,1433.0,1312.0,1216.0,,,
B773,thaiapm-202607,15,descent,240,398.0,,1777.0,,,,
B773,thaiapm-202607,15,climb,260,451.0,1288.0,1169.0,1080.0,,,
B773,thaiapm-202607,15,descent,260,410.0,,1802.0,,,,
B773,thaiapm-202607,15,climb,280,464.0,1144.0,1025.0,936.0,,,
B773,thaiapm-202607,15,descent,280,422.0,,1817.0,,,,
B773,thaiapm-202607,15,climb,300,477.0,1127.0,962.0,816.0,,,
B773,thaiapm-202607,15,descent,300,436.0,,1809.0,,,,
B773,thaiapm-202607,15,climb,320,477.0,1200.0,994.0,784.0,,,
B773,thaiapm-202607,15,descent,320,450.0,,1681.0,,,,
B773,thaiapm-202607,15,climb,340,472.0,1248.0,1041.0,855.0,,,
B773,thaiapm-202607,15,descent,340,445.0,,1616.0,,,,
B773,thaiapm-202607,15,cruise,340,477.0,,,,,,
B773,thaiapm-202607,15,climb,360,468.0,1184.0,1009.0,855.0,,,
B773,thaiapm-202607,15,descent,360,441.0,,1559.0,,,,
B773,thaiapm-202607,15,cruise,360,473.0,,,,,,
B773,thaiapm-202607,15,climb,380,468.0,1234.0,928.0,737.0,,,
B773,thaiapm-202607,15,cruise,380,473.0,,,,,,
B77L,thaiapm-202607,15,climb,0,178.0,2591.0,2400.0,2238.0,,,
B77L,thaiapm-202607,15,descent,0,116.0,,497.0,,,,
B77L,thaiapm-202607,15,climb,5,179.0,2591.0,2400.0,2238.0,,,
B77L,thaiapm-202607,15,descent,5,132.0,,633.0,,,,
B77L,thaiapm-202607,15,climb,10,181.0,2591.0,2400.0,2238.0,,,
B77L,thaiapm-202607,15,descent,10,149.0,,769.0,,,,
B77L,thaiapm-202607,15,climb,15,182.0,2516.0,2272.0,2074.0,,,
B77L,thaiapm-202607,15,descent,15,159.0,,784.0,,,,
B77L,thaiapm-202607,15,climb,20,184.0,2441.0,2144.0,1911.0,,,
B77L,thaiapm-202607,15,descent,20,169.0,,800.0,,,,
B77L,thaiapm-202607,15,climb,30,188.0,2291.0,1888.0,1584.0,,,
B77L,thaiapm-202607,15,descent,30,189.0,,831.0,,,,
B77L,thaiapm-202607,15,climb,40,224.0,2233.0,1888.0,1592.0,,,
B77L,thaiapm-202607,15,descent,40,202.0,,888.0,,,,
B77L,thaiapm-202607,15,climb,60,269.0,2478.0,2144.0,1809.0,,,
B77L,thaiapm-202607,15,descent,60,230.0,,1016.0,,,,
B77L,thaiapm-202607,15,climb,80,280.0,2800.0,2369.0,2019.0,,,
B77L,thaiapm-202607,15,descent,80,253.0,,1119.0,,,,
B77L,thaiapm-202607,15,climb,100,301.0,2706.0,2085.0,1650.0,,,
B77L,thaiapm-202607,15,descent,100,278.0,,1150.0,,,,
B77L,thaiapm-202607,15,climb,120,337.0,2784.0,2163.0,1584.0,,,
B77L,thaiapm-202607,15,descent,120,300.0,,1200.0,,,,
B77L,thaiapm-202607,15,climb,140,369.0,2912.0,2486.0,1903.0,,,
B77L,thaiapm-202607,15,descent,140,324.0,,1336.0,,,,
B77L,thaiapm-202607,15,climb,160,387.0,2866.0,2502.0,2027.0,,,
B77L,thaiapm-202607,15,descent,160,350.0,,1439.0,,,,
B77L,thaiapm-202607,15,climb,180,399.0,2816.0,2447.0,2093.0,,,
B77L,thaiapm-202607,15,descent,180,364.0,,1559.0,,,,
B77L,thaiapm-202607,15,climb,200,412.0,2672.0,2288.0,1984.0,,,
B77L,thaiapm-202607,15,descent,200,376.0,,1712.0,,,,
B77L,thaiapm-202607,15,climb,220,425.0,2497.0,2136.0,1822.0,,,
B77L,thaiapm-202607,15,descent,220,390.0,,1786.0,,,,
B77L,thaiapm-202607,15,climb,240,439.0,2303.0,1977.0,1647.0,,,
B77L,thaiapm-202607,15,descent,240,405.0,,1833.0,,,,
B77L,thaiapm-202607,15,climb,260,453.0,2159.0,1816.0,1495.0,,,
B77L,thaiapm-202607,15,descent,260,417.0,,1872.0,,,,
B77L,thaiapm-202607,15,climb,280,468.0,2031.0,1672.0,1367.0,,,
B77L,thaiapm-202607,15,descent,280,430.0,,1919.0,,,,
B77L,thaiapm-202607,15,climb,300,480.0,1966.0,1569.0,1272.0,,,
B77L,thaiapm-202607,15,descent,300,445.0,,1934.0,,,,
B77L,thaiapm-202607,15,cruise,300,486.0,,,,,,
B77L,thaiapm-202607,15,climb,320,481.0,2031.0,1569.0,1256.0,,,
B77L,thaiapm-202607,15,descent,320,458.0,,1888.0,,,,
B77L,thaiapm-202607,15,cruise,320,481.0,,,,,,
B77L,thaiapm-202607,15,climb,340,477.0,2159.0,1641.0,1312.0,,,
B77L,thaiapm-202607,15,descent,340,468.0,,1771.0,,,,
B77L,thaiapm-202607,15,cruise,340,477.0,,,,,,
B77L,thaiapm-202607,15,climb,360,473.0,2086.0,1602.0,1288.0,,,
B77L,thaiapm-202607,15,descent,360,464.0,,1635.0,,,,
B77L,thaiapm-202607,15,cruise,360,473.0,,,,,,
B77L,thaiapm-202607,15,climb,380,473.0,1864.0,1514.0,1167.0,,,
B77L,thaiapm-202607,15,descent,380,463.0,,1530.0,,,,
B77L,thaiapm-202607,15,cruise,380,473.0,,,,,,
B77L,thaiapm-202607,15,climb,400,473.0,1634.0,1353.0,1048.0,,,
B77L,thaiapm-202607,15,descent,400,463.0,,1409.0,,,,
B77W,thaiapm-202607,15,climb,0,183.0,1688.0,1464.0,1295.0,,,
B77W,thaiapm-202607,15,descent,0,124.0,,447.0,,,,
B77W,thaiapm-202607,15,climb,5,187.0,2147.0,1932.0,1752.0,,,
B77W,thaiapm-202607,15,descent,5,138.0,,608.0,,,,
B77W,thaiapm-202607,15,climb,10,192.0,2606.0,2400.0,2209.0,,,
B77W,thaiapm-202607,15,descent,10,152.0,,769.0,,,,
B77W,thaiapm-202607,15,climb,15,194.0,2407.0,2184.0,1985.0,,,
B77W,thaiapm-202607,15,descent,15,161.0,,784.0,,,,
B77W,thaiapm-202607,15,climb,20,197.0,2208.0,1969.0,1761.0,,,
B77W,thaiapm-202607,15,descent,20,170.0,,800.0,,,,
B77W,thaiapm-202607,15,climb,30,202.0,1809.0,1538.0,1312.0,,,
B77W,thaiapm-202607,15,descent,30,188.0,,831.0,,,,
B77W,thaiapm-202607,15,climb,40,234.0,2008.0,1728.0,1456.0,,,
B77W,thaiapm-202607,15,descent,40,201.0,,862.0,,,,
B77W,thaiapm-202607,15,climb,60,272.0,2319.0,2047.0,1767.0,,,
B77W,thaiapm-202607,15,descent,60,229.0,,959.0,,,,
B77W,thaiapm-202607,15,climb,80,280.0,2400.0,2144.0,1919.0,,,
B77W,thaiapm-202607,15,descent,80,250.0,,1056.0,,,,
B77W,thaiapm-202607,15,climb,100,306.0,1984.0,1672.0,1464.0,,,
B77W,thaiapm-202607,15,descent,100,274.0,,1088.0,,,,
B77W,thaiapm-202607,15,climb,120,353.0,2128.0,1719.0,1409.0,,,
B77W,thaiapm-202607,15,descent,120,297.0,,1153.0,,,,
B77W,thaiapm-202607,15,climb,140,386.0,2592.0,2167.0,1744.0,,,
B77W,thaiapm-202607,15,descent,140,317.0,,1266.0,,,,
B77W,thaiapm-202607,15,climb,160,399.0,2456.0,2056.0,1647.0,,,
B77W,thaiapm-202607,15,descent,160,341.0,,1344.0,,,,
B77W,thaiapm-202607,15,climb,180,412.0,2311.0,1928.0,1553.0,,,
B77W,thaiapm-202607,15,descent,180,360.0,,1472.0,,,,
B77W,thaiapm-202607,15,climb,200,424.0,2159.0,1817.0,1441.0,,,
B77W,thaiapm-202607,15,descent,200,374.0,,1608.0,,,,
B77W,thaiapm-202607,15,climb,220,437.0,2000.0,1681.0,1312.0,,,
B77W,thaiapm-202607,15,descent,220,386.0,,1686.0,,,,
B77W,thaiapm-202607,15,climb,240,450.0,1841.0,1538.0,1184.0,,,
B77W,thaiapm-202607,15,descent,240,398.0,,1744.0,,,,
B77W,thaiapm-202607,15,climb,260,464.0,1697.0,1409.0,1072.0,,,
B77W,thaiapm-202607,15,descent,260,411.0,,1794.0,,,,
B77W,thaiapm-202607,15,climb,280,478.0,1569.0,1297.0,975.0,,,
B77W,thaiapm-202607,15,descent,280,424.0,,1841.0,,,,
B77W,thaiapm-202607,15,climb,300,486.0,1697.0,1378.0,1038.0,,,
B77W,thaiapm-202607,15,descent,300,437.0,,1856.0,,,,
B77W,thaiapm-202607,15,cruise,300,490.0,,,,,,
B77W,thaiapm-202607,15,climb,320,481.0,1816.0,1456.0,1095.0,,,
B77W,thaiapm-202607,15,descent,320,452.0,,1800.0,,,,
B77W,thaiapm-202607,15,cruise,320,486.0,,,,,,
B77W,thaiapm-202607,15,climb,340,477.0,1719.0,1441.0,1064.0,,,
B77W,thaiapm-202607,15,descent,340,454.0,,1641.0,,,,
B77W,thaiapm-202607,15,cruise,340,482.0,,,,,,
B77W,thaiapm-202607,15,climb,360,473.0,1600.0,1347.0,975.0,,,
B77W,thaiapm-202607,15,descent,360,450.0,,1506.0,,,,
B77W,thaiapm-202607,15,cruise,360,477.0,,,,,,
B77W,thaiapm-202607,15,climb,380,473.0,1504.0,1110.0,800.0,,,
B77W,thaiapm-202607,15,descent,380,450.0,,1456.0,,,,
B788,thaiapm-202607,15,climb,0,178.0,2206.0,2066.0,1950.0,,,
B788,thaiapm-202607,15,descent,0,123.0,,384.0,,,,
B788,thaiapm-202607,15,climb,5,179.0,2206.0,2066.0,1950.0,,,
B788,thaiapm-202607,15,descent,5,135.0,,561.0,,,,
B788,thaiapm-202607,15,climb,10,180.0,2206.0,2066.0,1950.0,,,
B788,thaiapm-202607,15,descent,10,147.0,,738.0,,,,
B788,thaiapm-202607,15,climb,15,182.0,2159.0,1980.0,1811.0,,,
B788,thaiapm-202607,15,descent,15,157.0,,753.0,,,,
B788,thaiapm-202607,15,climb,20,184.0,2111.0,1895.0,1672.0,,,
B788,thaiapm-202607,15,descent,20,167.0,,769.0,,,,
B788,thaiapm-202607,15,climb,30,189.0,2016.0,1725.0,1394.0,,,
B788,thaiapm-202607,15,descent,30,188.0,,800.0,,,,
B788,thaiapm-202607,15,climb,40,227.0,2192.0,1927.0,1600.0,,,
B788,thaiapm-202607,15,descent,40,201.0,,855.0,,,,
B788,thaiapm-202607,15,climb,60,271.0,2512.0,2280.0,1983.0,,,
B788,thaiapm-202607,15,descent,60,229.0,,983.0,,,,
B788,thaiapm-202607,15,climb,80,280.0,2591.0,2384.0,2120.0,,,
B788,thaiapm-202607,15,descent,80,250.0,,1095.0,,,,
B788,thaiapm-202607,15,climb,100,304.0,2016.0,1744.0,1553.0,,,
B788,thaiapm-202607,15,descent,100,274.0,,1127.0,,,,
B788,thaiapm-202607,15,climb,120,341.0,1856.0,1575.0,1394.0,,,
B788,thaiapm-202607,15,descent,120,297.0,,1184.0,,,,
B788,thaiapm-202607,15,climb,140,364.0,2159.0,1952.0,1728.0,,,
B788,thaiapm-202607,15,descent,140,319.0,,1328.0,,,,
B788,thaiapm-202607,15,climb,160,376.0,2031.0,1833.0,1631.0,,,
B788,thaiapm-202607,15,descent,160,346.0,,1441.0,,,,
B788,thaiapm-202607,15,climb,180,388.0,1888.0,1697.0,1503.0,,,
B788,thaiapm-202607,15,descent,180,363.0,,1553.0,,,,
B788,thaiapm-202607,15,climb,200,400.0,1752.0,1553.0,1375.0,,,
B788,thaiapm-202607,15,descent,200,375.0,,1655.0,,,,
B788,thaiapm-202607,15,climb,220,412.0,1608.0,1409.0,1239.0,,,
B788,thaiapm-202607,15,descent,220,389.0,,1702.0,,,,
B788,thaiapm-202607,15,climb,240,425.0,1472.0,1281.0,1111.0,,,
B788,thaiapm-202607,15,descent,240,403.0,,1760.0,,,,
B788,thaiapm-202607,15,climb,260,438.0,1359.0,1177.0,1017.0,,,
B788,thaiapm-202607,15,descent,260,417.0,,1833.0,,,,
B788,thaiapm-202607,15,climb,280,452.0,1281.0,1103.0,944.0,,,
B788,thaiapm-202607,15,descent,280,432.0,,1895.0,,,,
B788,thaiapm-202607,15,climb,300,466.0,1234.0,1064.0,902.0,,,
B788,thaiapm-202607,15,descent,300,446.0,,1942.0,,,,
B788,thaiapm-202607,15,climb,320,478.0,1281.0,1088.0,909.0,,,
B788,thaiapm-202607,15,descent,320,459.0,,2008.0,,,,
B788,thaiapm-202607,15,climb,340,486.0,1375.0,1150.0,952.0,,,
B788,thaiapm-202607,15,descent,340,471.0,,2097.0,,,,
B788,thaiapm-202607,15,climb,360,482.0,1359.0,1134.0,944.0,,,
B788,thaiapm-202607,15,descent,360,473.0,,2097.0,,,,
B788,thaiapm-202607,15,cruise,360,487.0,,,,,,
B788,thaiapm-202607,15,climb,380,482.0,1216.0,1006.0,839.0,,,
B788,thaiapm-202607,15,descent,380,473.0,,1872.0,,,,
B788,thaiapm-202607,15,cruise,380,486.0,,,,,,
B788,thaiapm-202607,15,climb,400,482.0,1022.0,839.0,656.0,,,
B788,thaiapm-202607,15,descent,400,473.0,,1519.0,,,,
B788,thaiapm-202607,15,cruise,400,486.0,,,,,,
B788,thaiapm-202607,15,climb,420,482.0,823.0,664.0,497.0,,,
B788,thaiapm-202607,15,descent,420,473.0,,1328.0,,,,
B789,thaiapm-202607,15,climb,0,178.0,1510.0,1336.0,1191.0,,,
B789,thaiapm-202607,15,descent,0,126.0,,384.0,,,,
B789,thaiapm-202607,15,climb,5,182.0,1924.0,1748.0,1595.0,,,
B789,thaiapm-202607,15,descent,5,139.0,,569.0,,,,
B789,thaiapm-202607,15,climb,10,186.0,2338.0,2159.0,2000.0,,,
B789,thaiapm-202607,15,descent,10,151.0,,753.0,,,,
B789,thaiapm-202607,15,climb,15,188.0,2225.0,2012.0,1820.0,,,
B789,thaiapm-202607,15,descent,15,160.0,,765.0,,,,
B789,thaiapm-202607,15,climb,20,190.0,2112.0,1864.0,1639.0,,,
B789,thaiapm-202607,15,descent,20,170.0,,777.0,,,,
B789,thaiapm-202607,15,climb,30,194.0,1888.0,1569.0,1278.0,,,
B789,thaiapm-202607,15,descent,30,189.0,,800.0,,,,
B789,thaiapm-202607,15,climb,40,230.0,2097.0,1809.0,1520.0,,,
B789,thaiapm-202607,15,descent,40,202.0,,862.0,,,,
B789,thaiapm-202607,15,climb,60,271.0,2408.0,2162.0,1891.0,,,
B789,thaiapm-202607,15,descent,60,229.0,,1006.0,,,,
B789,thaiapm-202607,15,climb,80,280.0,2447.0,2217.0,1984.0,,,
B789,thaiapm-202607,15,descent,80,253.0,,1111.0,,,,
B789,thaiapm-202607,15,climb,100,306.0,1864.0,1592.0,1422.0,,,
B789,thaiapm-202607,15,descent,100,277.0,,1134.0,,,,
B789,thaiapm-202607,15,climb,120,349.0,1697.0,1417.0,1231.0,,,
B789,thaiapm-202607,15,descent,120,297.0,,1192.0,,,,
B789,thaiapm-202607,15,climb,140,377.0,2000.0,1752.0,1522.0,,,
B789,thaiapm-202607,15,descent,140,318.0,,1312.0,,,,
B789,thaiapm-202607,15,climb,160,389.0,1856.0,1616.0,1409.0,,,
B789,thaiapm-202607,15,descent,160,345.0,,1406.0,,,,
B789,thaiapm-202607,15,climb,180,401.0,1705.0,1488.0,1297.0,,,
B789,thaiapm-202607,15,descent,180,363.0,,1534.0,,,,
B789,thaiapm-202607,15,climb,200,413.0,1583.0,1375.0,1184.0,,,
B789,thaiapm-202607,15,descent,200,375.0,,1647.0,,,,
B789,thaiapm-202607,15,climb,220,426.0,1447.0,1247.0,1056.0,,,
B789,thaiapm-202607,15,descent,220,389.0,,1694.0,,,,
B789,thaiapm-202607,15,climb,240,438.0,1312.0,1111.0,928.0,,,
B789,thaiapm-202607,15,descent,240,403.0,,1759.0,,,,
B789,thaiapm-202607,15,climb,260,452.0,1200.0,1002.0,831.0,,,
B789,thaiapm-202607,15,descent,260,417.0,,1809.0,,,,
B789,thaiapm-202607,15,climb,280,466.0,1134.0,944.0,784.0,,,
B789,thaiapm-202607,15,descent,280,431.0,,1841.0,,,,
B789,thaiapm-202607,15,climb,300,479.0,1127.0,925.0,769.0,,,
B789,thaiapm-202607,15,descent,300,445.0,,1864.0,,,,
B789,thaiapm-202607,15,climb,320,491.0,1223.0,991.0,816.0,,,
B789,thaiapm-202607,15,descent,320,459.0,,1880.0,,,,
B789,thaiapm-202607,15,climb,340,486.0,1328.0,1056.0,859.0,,,
B789,thaiapm-202607,15,descent,340,471.0,,1872.0,,,,
B789,thaiapm-202607,15,cruise,340,491.0,,,,,,
B789,thaiapm-202607,15,climb,360,482.0,1281.0,1009.0,812.0,,,
B789,thaiapm-202607,15,descent,360,468.0,,1767.0,,,,
B789,thaiapm-202607,15,cruise,360,487.0,,,,,,
B789,thaiapm-202607,15,climb,380,482.0,1177.0,944.0,745.0,,,
B789,thaiapm-202607,15,descent,380,468.0,,1542.0,,,,
B789,thaiapm-202607,15,cruise,380,486.0,,,,,,
B789,thaiapm-202607,15,climb,400,482.0,1056.0,847.0,641.0,,,
B789,thaiapm-202607,15,descent,400,468.0,,1320.0,,,,
B789,thaiapm-202607,15,cruise,400,486.0,,,,,,
B789,thaiapm-202607,15,climb,420,482.0,858.0,688.0,520.0,,,
B789,thaiapm-202607,15,descent,420,468.0,,1258.0,,,,
B78X,thaiapm-202607,15,climb,0,187.0,2334.0,2144.0,1953.0,,,
B78X,thaiapm-202607,15,descent,0,128.0,,392.0,,,,
B78X,thaiapm-202607,15,climb,5,188.0,2334.0,2144.0,1953.0,,,
B78X,thaiapm-202607,15,descent,5,141.0,,580.0,,,,
B78X,thaiapm-202607,15,climb,10,189.0,2334.0,2144.0,1953.0,,,
B78X,thaiapm-202607,15,descent,10,154.0,,769.0,,,,
B78X,thaiapm-202607,15,climb,15,191.0,2215.0,2012.0,1809.0,,,
B78X,thaiapm-202607,15,descent,15,162.0,,769.0,,,,
B78X,thaiapm-202607,15,climb,20,193.0,2095.0,1880.0,1664.0,,,
B78X,thaiapm-202607,15,descent,20,171.0,,769.0,,,,
B78X,thaiapm-202607,15,climb,30,197.0,1856.0,1616.0,1375.0,,,
B78X,thaiapm-202607,15,descent,30,188.0,,769.0,,,,
B78X,thaiapm-202607,15,climb,40,231.0,2089.0,1856.0,1598.0,,,
B78X,thaiapm-202607,15,descent,40,201.0,,831.0,,,,
B78X,thaiapm-202607,15,climb,60,271.0,2392.0,2167.0,1902.0,,,
B78X,thaiapm-202607,15,descent,60,228.0,,991.0,,,,
B78X,thaiapm-202607,15,climb,80,280.0,2392.0,2191.0,1966.0,,,
B78X,thaiapm-202607,15,descent,80,251.0,,1119.0,,,,
B78X,thaiapm-202607,15,climb,100,305.0,2177.0,1736.0,1459.0,,,
B78X,thaiapm-202607,15,descent,100,275.0,,1134.0,,,,
B78X,thaiapm-202607,15,climb,120,346.0,2025.0,1584.0,1316.0,,,
B78X,thaiapm-202607,15,descent,120,297.0,,1169.0,,,,
B78X,thaiapm-202607,15,climb,140,373.0,1953.0,1759.0,1584.0,,,
B78X,thaiapm-202607,15,descent,140,319.0,,1297.0,,,,
B78X,thaiapm-202607,15,climb,160,385.0,1775.0,1577.0,1378.0,,,
B78X,thaiapm-202607,15,descent,160,347.0,,1406.0,,,,
B78X,thaiapm-202607,15,climb,180,398.0,1616.0,1441.0,1266.0,,,
B78X,thaiapm-202607,15,descent,180,364.0,,1527.0,,,,
B78X,thaiapm-202607,15,climb,200,410.0,1503.0,1344.0,1231.0,,,
B78X,thaiapm-202607,15,descent,200,376.0,,1639.0,,,,
B78X,thaiapm-202607,15,climb,220,423.0,1375.0,1216.0,1103.0,,,
B78X,thaiapm-202607,15,descent,220,390.0,,1678.0,,,,
B78X,thaiapm-202607,15,climb,240,436.0,1231.0,1088.0,967.0,,,
B78X,thaiapm-202607,15,descent,240,404.0,,1719.0,,,,
B78X,thaiapm-202607,15,climb,260,449.0,1119.0,994.0,870.0,,,
B78X,thaiapm-202607,15,descent,260,418.0,,1761.0,,,,
B78X,thaiapm-202607,15,climb,280,463.0,1072.0,928.0,808.0,,,
B78X,thaiapm-202607,15,descent,280,432.0,,1778.0,,,,
B78X,thaiapm-202607,15,climb,300,476.0,1072.0,894.0,777.0,,,
B78X,thaiapm-202607,15,descent,300,447.0,,1786.0,,,,
B78X,thaiapm-202607,15,climb,320,486.0,1177.0,967.0,808.0,,,
B78X,thaiapm-202607,15,descent,320,461.0,,1794.0,,,,
B78X,thaiapm-202607,15,climb,340,486.0,1258.0,1048.0,855.0,,,
B78X,thaiapm-202607,15,descent,340,472.0,,1760.0,,,,
B78X,thaiapm-202607,15,cruise,340,491.0,,,,,,
B78X,thaiapm-202607,15,climb,360,482.0,1177.0,991.0,808.0,,,
B78X,thaiapm-202607,15,descent,360,468.0,,1616.0,,,,
B78X,thaiapm-202607,15,cruise,360,487.0,,,,,,
B78X,thaiapm-202607,15,climb,380,482.0,1033.0,862.0,712.0,,,
B78X,thaiapm-202607,15,descent,380,468.0,,1409.0,,,,
B78X,thaiapm-202607,15,cruise,380,486.0,,,,,,
B78X,thaiapm-202607,15,climb,400,482.0,873.0,688.0,511.0,,,
B78X,thaiapm-202607,15,descent,400,468.0,,1119.0,,,,
B78X,thaiapm-202607,15,cruise,400,486.0,,,,,,
BE20,thaiapm-202607,15,climb,0,155.0,1678.0,1506.0,1375.0,,,
BE20,thaiapm-202607,15,descent,0,133.0,,639.0,,,,
BE20,thaiapm-202607,15,climb,5,156.0,1678.0,1506.0,1375.0,,,
BE20,thaiapm-202607,15,descent,5,134.0,,639.0,,,,
BE20,thaiapm-202607,15,climb,10,157.0,1678.0,1506.0,1375.0,,,
BE20,thaiapm-202607,15,descent,10,135.0,,639.0,,,,
BE20,thaiapm-202607,15,climb,15,159.0,1686.0,1522.0,1387.0,,,
BE20,thaiapm-202607,15,descent,15,147.0,,683.0,,,,
BE20,thaiapm-202607,15,climb,20,162.0,1694.0,1538.0,1398.0,,,
BE20,thaiapm-202607,15,descent,20,160.0,,727.0,,,,
BE20,thaiapm-202607,15,climb,30,166.0,1709.0,1569.0,1422.0,,,
BE20,thaiapm-202607,15,descent,30,185.0,,816.0,,,,
BE20,thaiapm-202607,15,climb,40,169.0,1670.0,1522.0,1367.0,,,
BE20,thaiapm-202607,15,descent,40,197.0,,920.0,,,,
BE20,thaiapm-202607,15,climb,60,175.0,1577.0,1417.0,1281.0,,,
BE20,thaiapm-202607,15,descent,60,215.0,,1041.0,,,,
BE20,thaiapm-202607,15,climb,80,180.0,1498.0,1312.0,1184.0,,,
BE20,thaiapm-202607,15,descent,80,225.0,,1041.0,,,,
BE20,thaiapm-202607,15,climb,100,181.0,1456.0,1266.0,1117.0,,,
BE20,thaiapm-202607,15,descent,100,234.0,,1041.0,,,,
BE20,thaiapm-202607,15,climb,120,180.0,1391.0,1223.0,1086.0,,,
BE20,thaiapm-202607,15,descent,120,243.0,,1048.0,,,,
BE20,thaiapm-202607,15,climb,140,179.0,1316.0,1150.0,1025.0,,,
BE20,thaiapm-202607,15,descent,140,249.0,,1048.0,,,,
BE20,thaiapm-202607,15,climb,160,179.0,1235.0,1056.0,936.0,,,
BE20,thaiapm-202607,15,descent,160,253.0,,1056.0,,,,
BE20,thaiapm-202607,15,cruise,160,250.0,,,,,,
BE20,thaiapm-202607,15,climb,180,184.0,1130.0,978.0,855.0,,,
BE20,thaiapm-202607,15,descent,180,261.0,,1088.0,,,,
BE20,thaiapm-202607,15,cruise,180,248.0,,,,,,
BE20,thaiapm-202607,15,climb,200,190.0,1054.0,928.0,800.0,,,
BE20,thaiapm-202607,15,descent,200,271.0,,1216.0,,,,
BE20,thaiapm-202607,15,cruise,200,246.0,,,,,,
BE20,thaiapm-202607,15,climb,220,193.0,991.0,862.0,738.0,,,
BE20,thaiapm-202607,15,descent,220,274.0,,1375.0,,,,
BE20,thaiapm-202607,15,cruise,220,244.0,,,,,,
BE20,thaiapm-202607,15,climb,240,193.0,888.0,792.0,672.0,,,
BE20,thaiapm-202607,15,descent,240,276.0,,1371.0,,,,
BE20,thaiapm-202607,15,cruise,240,242.0,,,,,,
BE20,thaiapm-202607,15,cruise,260,240.0,,,,,,
C130,thaiapm-202607,15,climb,0,167.0,1344.0,1216.0,1088.0,,,
C130,thaiapm-202607,15,descent,0,130.0,,675.0,,,,
C130,thaiapm-202607,15,climb,5,168.0,1344.0,1216.0,1088.0,,,
C130,thaiapm-202607,15,descent,5,131.0,,675.0,,,,
C130,thaiapm-202607,15,climb,10,169.0,1344.0,1216.0,1088.0,,,
C130,thaiapm-202607,15,descent,10,132.0,,675.0,,,,
C130,thaiapm-202607,15,climb,15,175.0,1448.0,1308.0,1172.0,,,
C130,thaiapm-202607,15,descent,15,145.0,,706.0,,,,
C130,thaiapm-202607,15,climb,20,180.0,1553.0,1400.0,1256.0,,,
C130,thaiapm-202607,15,descent,20,159.0,,738.0,,,,
C130,thaiapm-202607,15,climb,30,191.0,1762.0,1584.0,1425.0,,,
C130,thaiapm-202607,15,descent,30,186.0,,800.0,,,,
C130,thaiapm-202607,15,climb,40,193.0,1753.0,1580.0,1427.0,,,
C130,thaiapm-202607,15,descent,40,207.0,,912.0,,,,
C130,thaiapm-202607,15,climb,60,198.0,1680.0,1516.0,1370.0,,,
C130,thaiapm-202607,15,descent,60,237.0,,1064.0,,,,
C130,thaiapm-202607,15,climb,80,203.0,1561.0,1384.0,1231.0,,,
C130,thaiapm-202607,15,descent,80,253.0,,1161.0,,,,
C130,thaiapm-202607,15,climb,100,207.0,1472.0,1281.0,1119.0,,,
C130,thaiapm-202607,15,descent,100,266.0,,1266.0,,,,
C130,thaiapm-202607,15,climb,120,209.0,1375.0,1200.0,1041.0,,,
C130,thaiapm-202607,15,descent,120,276.0,,1312.0,,,,
C130,thaiapm-202607,15,climb,140,210.0,1247.0,1088.0,944.0,,,
C130,thaiapm-202607,15,descent,140,285.0,,1320.0,,,,
C130,thaiapm-202607,15,climb,160,211.0,1134.0,975.0,831.0,,,
C130,thaiapm-202607,15,descent,160,295.0,,1332.0,,,,
C130,thaiapm-202607,15,climb,180,212.0,991.0,847.0,703.0,,,
C130,thaiapm-202607,15,descent,180,304.0,,1316.0,,,,
C130,thaiapm-202607,15,cruise,180,287.0,,,,,,
C130,thaiapm-202607,15,climb,200,217.0,831.0,709.0,591.0,,,
C130,thaiapm-202607,15,descent,200,306.0,,1239.0,,,,
C130,thaiapm-202607,15,cruise,200,285.0,,,,,,
C130,thaiapm-202607,15,climb,220,225.0,753.0,612.0,512.0,,,
C130,thaiapm-202607,15,descent,220,305.0,,1191.0,,,,
C130,thaiapm-202607,15,cruise,220,283.0,,,,,,
C130,thaiapm-202607,15,climb,240,220.0,702.0,555.0,481.0,,,
C17,thaiapm-202607,15,climb,0,246.0,2238.0,2000.0,1569.0,,,
C17,thaiapm-202607,15,descent,0,131.0,,675.0,,,,
C17,thaiapm-202607,15,climb,5,247.0,2238.0,2000.0,1569.0,,,
C17,thaiapm-202607,15,descent,5,132.0,,675.0,,,,
C17,thaiapm-202607,15,climb,10,249.0,2238.0,2000.0,1569.0,,,
C17,thaiapm-202607,15,descent,10,133.0,,675.0,,,,
C17,thaiapm-202607,15,climb,15,251.0,2238.0,2000.0,1569.0,,,
C17,thaiapm-202607,15,descent,15,146.0,,759.0,,,,
C17,thaiapm-202607,15,climb,20,253.0,2238.0,2000.0,1569.0,,,
C17,thaiapm-202607,15,descent,20,160.0,,842.0,,,,
C17,thaiapm-202607,15,climb,30,256.0,2238.0,2000.0,1569.0,,,
C17,thaiapm-202607,15,descent,30,187.0,,1009.0,,,,
C17,thaiapm-202607,15,climb,40,262.0,2206.0,2048.0,1648.0,,,
C17,thaiapm-202607,15,descent,40,217.0,,1200.0,,,,
C17,thaiapm-202607,15,climb,60,271.0,2299.0,2112.0,1784.0,,,
C17,thaiapm-202607,15,descent,60,259.0,,1448.0,,,,
C17,thaiapm-202607,15,climb,80,280.0,2371.0,2039.0,1784.0,,,
C17,thaiapm-202607,15,descent,80,277.0,,1506.0,,,,
C17,thaiapm-202607,15,climb,100,304.0,1918.0,1511.0,1183.0,,,
C17,thaiapm-202607,15,descent,100,293.0,,1491.0,,,,
C17,thaiapm-202607,15,climb,120,347.0,1675.0,1316.0,965.0,,,
C17,thaiapm-202607,15,descent,120,331.0,,1491.0,,,,
C17,thaiapm-202607,15,climb,140,377.0,1845.0,1549.0,1271.0,,,
C17,thaiapm-202607,15,descent,140,370.0,,1770.0,,,,
C17,thaiapm-202607,15,climb,160,388.0,1683.0,1417.0,1153.0,,,
C17,thaiapm-202607,15,descent,160,388.0,,2022.0,,,,
C17,thaiapm-202607,15,climb,180,400.0,1458.0,1272.0,975.0,,,
C17,thaiapm-202607,15,descent,180,401.0,,2022.0,,,,
C17,thaiapm-202607,15,climb,200,412.0,1270.0,1088.0,831.0,,,
C17,thaiapm-202607,15,descent,200,412.0,,2058.0,,,,
C17,thaiapm-202607,15,climb,220,425.0,1037.0,829.0,658.0,,,
C17,thaiapm-202607,15,descent,220,425.0,,2066.0,,,,
C17,thaiapm-202607,15,climb,240,437.0,886.0,676.0,530.0,,,
C17,thaiapm-202607,15,descent,240,438.0,,2062.0,,,,
C17,thaiapm-202607,15,climb,260,441.0,829.0,634.0,536.0,,,
C17,thaiapm-202607,15,descent,260,447.0,,2105.0,,,,
C17,thaiapm-202607,15,climb,280,437.0,837.0,611.0,520.0,,,
C17,thaiapm-202607,15,descent,280,452.0,,2093.0,,,,
C17,thaiapm-202607,15,cruise,280,452.0,,,,,,
C17,thaiapm-202607,15,descent,300,448.0,,2025.0,,,,
C17,thaiapm-202607,15,cruise,300,448.0,,,,,,
C17,thaiapm-202607,15,descent,320,444.0,,1959.0,,,,
C17,thaiapm-202607,15,cruise,320,444.0,,,,,,
C17,thaiapm-202607,15,cruise,340,440.0,,,,,,
C295,thaiapm-202607,15,climb,0,147.0,2144.0,1825.0,1538.0,,,
C295,thaiapm-202607,15,descent,0,129.0,,638.0,,,,
C295,thaiapm-202607,15,climb,5,148.0,2144.0,1825.0,1538.0,,,
C295,thaiapm-202607,15,descent,5,130.0,,638.0,,,,
C295,thaiapm-202607,15,climb,10,149.0,2144.0,1825.0,1538.0,,,
C295,thaiapm-202607,15,descent,10,131.0,,638.0,,,,
C295,thaiapm-202607,15,climb,15,150.0,2008.0,1738.0,1481.0,,,
C295,thaiapm-202607,15,descent,15,146.0,,705.0,,,,
C295,thaiapm-202607,15,climb,20,150.0,1872.0,1650.0,1425.0,,,
C295,thaiapm-202607,15,descent,20,161.0,,773.0,,,,
C295,thaiapm-202607,15,climb,30,151.0,1600.0,1475.0,1312.0,,,
C295,thaiapm-202607,15,descent,30,192.0,,909.0,,,,
C295,thaiapm-202607,15,climb,40,154.0,1503.0,1386.0,1231.0,,,
C295,thaiapm-202607,15,descent,40,208.0,,967.0,,,,
C295,thaiapm-202607,15,climb,60,158.0,1344.0,1239.0,1088.0,,,
C295,thaiapm-202607,15,descent,60,229.0,,1009.0,,,,
C295,thaiapm-202607,15,climb,80,164.0,1208.0,1088.0,959.0,,,
C295,thaiapm-202607,15,descent,80,239.0,,994.0,,,,
C295,thaiapm-202607,15,climb,100,169.0,1064.0,944.0,816.0,,,
C295,thaiapm-202607,15,descent,100,247.0,,994.0,,,,
C295,thaiapm-202607,15,climb,120,174.0,928.0,827.0,688.0,,,
C295,thaiapm-202607,15,descent,120,253.0,,994.0,,,,
C295,thaiapm-202607,15,climb,140,179.0,800.0,684.0,587.0,,,
C295,thaiapm-202607,15,descent,140,255.0,,994.0,,,,
C295,thaiapm-202607,15,climb,160,185.0,672.0,559.0,493.0,,,
C295,thaiapm-202607,15,descent,160,253.0,,994.0,,,,
C295,thaiapm-202607,15,cruise,160,230.0,,,,,,
C295,thaiapm-202607,15,climb,180,188.0,555.0,481.0,434.0,,,
C295,thaiapm-202607,15,descent,180,250.0,,936.0,,,,
C295,thaiapm-202607,15,cruise,180,228.0,,,,,,
C295,thaiapm-202607,15,cruise,200,226.0,,,,,,
C510,thaiapm-202607,15,climb,0,138.0,2050.0,1903.0,1759.0,,,
C510,thaiapm-202607,15,descent,0,120.0,,606.0,,,,
C510,thaiapm-202607,15,climb,5,138.0,2050.0,1903.0,1759.0,,,
C510,thaiapm-202607,15,descent,5,120.0,,606.0,,,,
C510,thaiapm-202607,15,climb,10,140.0,2050.0,1903.0,1759.0,,,
C510,thaiapm-202607,15,descent,10,121.0,,606.0,,,,
C510,thaiapm-202607,15,climb,15,144.0,2141.0,1971.0,1812.0,,,
C510,thaiapm-202607,15,descent,15,138.0,,670.0,,,,
C510,thaiapm-202607,15,climb,20,149.0,2233.0,2039.0,1864.0,,,
C510,thaiapm-202607,15,descent,20,155.0,,734.0,,,,
C510,thaiapm-202607,15,climb,30,158.0,2416.0,2175.0,1969.0,,,
C510,thaiapm-202607,15,descent,30,190.0,,862.0,,,,
C510,thaiapm-202607,15,climb,40,170.0,2327.0,2112.0,1930.0,,,
C510,thaiapm-202607,15,descent,40,211.0,,1041.0,,,,
C510,thaiapm-202607,15,climb,60,185.0,2206.0,2016.0,1873.0,,,
C510,thaiapm-202607,15,descent,60,240.0,,1281.0,,,,
C510,thaiapm-202607,15,climb,80,191.0,2126.0,1950.0,1795.0,,,
C510,thaiapm-202607,15,descent,80,258.0,,1383.0,,,,
C510,thaiapm-202607,15,climb,100,197.0,1967.0,1827.0,1667.0,,,
C510,thaiapm-202607,15,descent,100,274.0,,1430.0,,,,
C510,thaiapm-202607,15,climb,120,203.0,1791.0,1636.0,1519.0,,,
C510,thaiapm-202607,15,descent,120,285.0,,1452.0,,,,
C510,thaiapm-202607,15,climb,140,210.0,1582.0,1456.0,1359.0,,,
C510,thaiapm-202607,15,descent,140,295.0,,1498.0,,,,
C510,thaiapm-202607,15,climb,160,216.0,1399.0,1312.0,1237.0,,,
C510,thaiapm-202607,15,descent,160,305.0,,1565.0,,,,
C510,thaiapm-202607,15,climb,180,223.0,1289.0,1184.0,1116.0,,,
C510,thaiapm-202607,15,descent,180,315.0,,1631.0,,,,
C510,thaiapm-202607,15,climb,200,231.0,1145.0,1041.0,967.0,,,
C510,thaiapm-202607,15,descent,200,324.0,,1678.0,,,,
C510,thaiapm-202607,15,climb,220,238.0,998.0,897.0,833.0,,,
C510,thaiapm-202607,15,descent,220,334.0,,1752.0,,,,
C510,thaiapm-202607,15,climb,240,246.0,862.0,769.0,705.0,,,
C510,thaiapm-202607,15,descent,240,343.0,,1833.0,,,,
C510,thaiapm-202607,15,climb,260,249.0,810.0,722.0,638.0,,,
C510,thaiapm-202607,15,descent,260,340.0,,1856.0,,,,
C510,thaiapm-202607,15,cruise,260,307.0,,,,,,
C510,thaiapm-202607,15,climb,280,247.0,810.0,722.0,638.0,,,
C510,thaiapm-202607,15,descent,280,338.0,,1503.0,,,,
C510,thaiapm-202607,15,cruise,280,304.0,,,,,,
C510,thaiapm-202607,15,climb,300,245.0,800.0,691.0,622.0,,,
C510,thaiapm-202607,15,descent,300,335.0,,1072.0,,,,
C510,thaiapm-202607,15,cruise,300,302.0,,,,,,
C510,thaiapm-202607,15,cruise,320,299.0,,,,,,
C750,thaiapm-202607,15,climb,0,180.0,3344.0,3169.0,2909.0,,,
C750,thaiapm-202607,15,descent,0,137.0,,706.0,,,,
C750,thaiapm-202607,15,climb,5,181.0,3344.0,3169.0,2909.0,,,
C750,thaiapm-202607,15,descent,5,138.0,,706.0,,,,
C750,thaiapm-202607,15,climb,10,183.0,3344.0,3169.0,2909.0,,,
C750,thaiapm-202607,15,descent,10,139.0,,706.0,,,,
C750,thaiapm-202607,15,climb,15,187.0,3292.0,3097.0,2806.0,,,
C750,thaiapm-202607,15,descent,15,150.0,,730.0,,,,
C750,thaiapm-202607,15,climb,20,191.0,3241.0,3025.0,2702.0,,,
C750,thaiapm-202607,15,descent,20,161.0,,753.0,,,,
C750,thaiapm-202607,15,climb,30,199.0,3138.0,2881.0,2495.0,,,
C750,thaiapm-202607,15,descent,30,184.0,,800.0,,,,
C750,thaiapm-202607,15,climb,40,209.0,3122.0,2800.0,2416.0,,,
C750,thaiapm-202607,15,descent,40,200.0,,936.0,,,,
C750,thaiapm-202607,15,climb,60,235.0,3000.0,2622.0,2272.0,,,
C750,thaiapm-202607,15,descent,60,231.0,,1131.0,,,,
C750,thaiapm-202607,15,climb,80,266.0,2893.0,2563.0,2171.0,,,
C750,thaiapm-202607,15,descent,80,256.0,,1267.0,,,,
C750,thaiapm-202607,15,climb,100,288.0,2907.0,2613.0,2169.0,,,
C750,thaiapm-202607,15,descent,100,279.0,,1409.0,,,,
C750,thaiapm-202607,15,climb,120,304.0,2870.0,2560.0,2173.0,,,
C750,thaiapm-202607,15,descent,120,296.0,,1491.0,,,,
C750,thaiapm-202607,15,climb,140,323.0,2738.0,2385.0,2053.0,,,
C750,thaiapm-202607,15,descent,140,310.0,,1584.0,,,,
C750,thaiapm-202607,15,climb,160,338.0,2520.0,2225.0,1901.0,,,
C750,thaiapm-202607,15,descent,160,326.0,,1712.0,,,,
C750,thaiapm-202607,15,climb,180,350.0,2280.0,2062.0,1748.0,,,
C750,thaiapm-202607,15,descent,180,343.0,,1825.0,,,,
C750,thaiapm-202607,15,climb,200,360.0,2047.0,1822.0,1565.0,,,
C750,thaiapm-202607,15,descent,200,360.0,,1934.0,,,,
C750,thaiapm-202607,15,climb,220,372.0,1872.0,1631.0,1429.0,,,
C750,thaiapm-202607,15,descent,220,376.0,,2016.0,,,,
C750,thaiapm-202607,15,climb,240,383.0,1759.0,1522.0,1348.0,,,
C750,thaiapm-202607,15,descent,240,393.0,,2112.0,,,,
C750,thaiapm-202607,15,climb,260,396.0,1631.0,1409.0,1249.0,,,
C750,thaiapm-202607,15,descent,260,412.0,,2220.0,,,,
C750,thaiapm-202607,15,climb,280,409.0,1553.0,1336.0,1176.0,,,
C750,thaiapm-202607,15,descent,280,429.0,,2301.0,,,,
C750,thaiapm-202607,15,climb,300,421.0,1600.0,1352.0,1154.0,,,
C750,thaiapm-202607,15,descent,300,446.0,,2380.0,,,,
C750,thaiapm-202607,15,cruise,300,519.0,,,,,,
C750,thaiapm-202607,15,climb,320,421.0,1694.0,1375.0,1130.0,,,
C750,thaiapm-202607,15,descent,320,461.0,,2443.0,,,,
C750,thaiapm-202607,15,cruise,320,514.0,,,,,,
C750,thaiapm-202607,15,climb,340,417.0,1744.0,1425.0,1134.0,,,
C750,thaiapm-202607,15,descent,340,472.0,,2480.0,,,,
C750,thaiapm-202607,15,cruise,340,510.0,,,,,,
C750,thaiapm-202607,15,climb,360,413.0,1809.0,1506.0,1216.0,,,
C750,thaiapm-202607,15,descent,360,480.0,,2495.0,,,,
C750,thaiapm-202607,15,cruise,360,505.0,,,,,,
C750,thaiapm-202607,15,climb,380,413.0,1773.0,1472.0,1234.0,,,
C750,thaiapm-202607,15,descent,380,468.0,,2471.0,,,,
C750,thaiapm-202607,15,cruise,380,505.0,,,,,,
C750,thaiapm-202607,15,climb,400,413.0,1639.0,1328.0,1098.0,,,
C750,thaiapm-202607,15,descent,400,468.0,,2273.0,,,,
C750,thaiapm-202607,15,cruise,400,505.0,,,,,,
C909,thaiapm-202607,15,climb,0,174.0,2881.0,2594.0,2273.0,,,
C909,thaiapm-202607,15,descent,0,141.0,,706.0,,,,
C909,thaiapm-202607,15,climb,5,175.0,2881.0,2594.0,2273.0,,,
C909,thaiapm-202607,15,descent,5,142.0,,706.0,,,,
C909,thaiapm-202607,15,climb,10,177.0,2881.0,2594.0,2273.0,,,
C909,thaiapm-202607,15,descent,10,143.0,,706.0,,,,
C909,thaiapm-202607,15,climb,15,178.0,2881.0,2594.0,2273.0,,,
C909,thaiapm-202607,15,descent,15,152.0,,734.0,,,,
C909,thaiapm-202607,15,climb,20,179.0,2881.0,2594.0,2273.0,,,
C909,thaiapm-202607,15,descent,20,162.0,,761.0,,,,
C909,thaiapm-202607,15,climb,30,182.0,2881.0,2594.0,2273.0,,,
C909,thaiapm-202607,15,descent,30,181.0,,816.0,,,,
C909,thaiapm-202607,15,climb,40,197.0,2970.0,2641.0,2209.0,,,
C909,thaiapm-202607,15,descent,40,188.0,,936.0,,,,
C909,thaiapm-202607,15,climb,60,227.0,3082.0,2688.0,2211.0,,,
C909,thaiapm-202607,15,descent,60,216.0,,1119.0,,,,
C909,thaiapm-202607,15,climb,80,262.0,3215.0,2912.0,2543.0,,,
C909,thaiapm-202607,15,descent,80,252.0,,1255.0,,,,
C909,thaiapm-202607,15,climb,100,287.0,3311.0,3106.0,2845.0,,,
C909,thaiapm-202607,15,descent,100,279.0,,1433.0,,,,
C909,thaiapm-202607,15,climb,120,297.0,3217.0,3017.0,2794.0,,,
C909,thaiapm-202607,15,descent,120,297.0,,1620.0,,,,
C909,thaiapm-202607,15,climb,140,306.0,3025.0,2862.0,2658.0,,,
C909,thaiapm-202607,15,descent,140,316.0,,1791.0,,,,
C909,thaiapm-202607,15,climb,160,316.0,2784.0,2630.0,2489.0,,,
C909,thaiapm-202607,15,descent,160,339.0,,1923.0,,,,
C909,thaiapm-202607,15,climb,180,326.0,2591.0,2423.0,2288.0,,,
C909,thaiapm-202607,15,descent,180,357.0,,1992.0,,,,
C909,thaiapm-202607,15,climb,200,336.0,2431.0,2264.0,2111.0,,,
C909,thaiapm-202607,15,descent,200,369.0,,2050.0,,,,
C909,thaiapm-202607,15,climb,220,347.0,2225.0,2062.0,1914.0,,,
C909,thaiapm-202607,15,descent,220,377.0,,2105.0,,,,
C909,thaiapm-202607,15,climb,240,358.0,2016.0,1872.0,1722.0,,,
C909,thaiapm-202607,15,descent,240,383.0,,2152.0,,,,
C909,thaiapm-202607,15,climb,260,369.0,1841.0,1712.0,1569.0,,,
C909,thaiapm-202607,15,descent,260,387.0,,2155.0,,,,
C909,thaiapm-202607,15,climb,280,381.0,1691.0,1553.0,1417.0,,,
C909,thaiapm-202607,15,descent,280,399.0,,2148.0,,,,
C909,thaiapm-202607,15,cruise,280,404.0,,,,,,
C909,thaiapm-202607,15,climb,300,391.0,1547.0,1378.0,1233.0,,,
C909,thaiapm-202607,15,descent,300,396.0,,2120.0,,,,
C909,thaiapm-202607,15,cruise,300,401.0,,,,,,
C909,thaiapm-202607,15,climb,320,388.0,1370.0,1200.0,1070.0,,,
C909,thaiapm-202607,15,descent,320,393.0,,2144.0,,,,
C909,thaiapm-202607,15,cruise,320,397.0,,,,,,
C909,thaiapm-202607,15,cruise,340,394.0,,,,,,
CL35,thaiapm-202607,15,climb,0,163.0,3791.0,3406.0,3006.0,,,
CL35,thaiapm-202607,15,descent,0,127.0,,675.0,,,,
CL35,thaiapm-202607,15,climb,5,164.0,3791.0,3406.0,3006.0,,,
CL35,thaiapm-202607,15,descent,5,128.0,,675.0,,,,
CL35,thaiapm-202607,15,climb,10,165.0,3791.0,3406.0,3006.0,,,
CL35,thaiapm-202607,15,descent,10,129.0,,675.0,,,,
CL35,thaiapm-202607,15,climb,15,166.0,3767.0,3395.0,2975.0,,,
CL35,thaiapm-202607,15,descent,15,144.0,,716.0,,,,
CL35,thaiapm-202607,15,climb,20,168.0,3744.0,3383.0,2944.0,,,
CL35,thaiapm-202607,15,descent,20,159.0,,757.0,,,,
CL35,thaiapm-202607,15,climb,30,170.0,3697.0,3359.0,2881.0,,,
CL35,thaiapm-202607,15,descent,30,190.0,,839.0,,,,
CL35,thaiapm-202607,15,climb,40,192.0,3417.0,3080.0,2705.0,,,
CL35,thaiapm-202607,15,descent,40,212.0,,952.0,,,,
CL35,thaiapm-202607,15,climb,60,241.0,3359.0,3000.0,2352.0,,,
CL35,thaiapm-202607,15,descent,60,242.0,,1123.0,,,,
CL35,thaiapm-202607,15,climb,80,275.0,3761.0,3344.0,2423.0,,,
CL35,thaiapm-202607,15,descent,80,263.0,,1181.0,,,,
CL35,thaiapm-202607,15,climb,100,292.0,3722.0,3272.0,2595.0,,,
CL35,thaiapm-202607,15,descent,100,284.0,,1274.0,,,,
CL35,thaiapm-202607,15,climb,120,314.0,3332.0,2969.0,2520.0,,,
CL35,thaiapm-202607,15,descent,120,298.0,,1441.0,,,,
CL35,thaiapm-202607,15,climb,140,336.0,3160.0,2881.0,2495.0,,,
CL35,thaiapm-202607,15,descent,140,322.0,,1545.0,,,,
CL35,thaiapm-202607,15,climb,160,351.0,3079.0,2816.0,2466.0,,,
CL35,thaiapm-202607,15,descent,160,347.0,,1676.0,,,,
CL35,thaiapm-202607,15,climb,180,362.0,2987.0,2623.0,2319.0,,,
CL35,thaiapm-202607,15,descent,180,361.0,,1859.0,,,,
CL35,thaiapm-202607,15,climb,200,373.0,2777.0,2480.0,2108.0,,,
CL35,thaiapm-202607,15,descent,200,373.0,,1976.0,,,,
CL35,thaiapm-202607,15,climb,220,385.0,2481.0,2288.0,1976.0,,,
CL35,thaiapm-202607,15,descent,220,385.0,,2038.0,,,,
CL35,thaiapm-202607,15,climb,240,397.0,2217.0,2016.0,1787.0,,,
CL35,thaiapm-202607,15,descent,240,398.0,,2136.0,,,,
CL35,thaiapm-202607,15,climb,260,409.0,1980.0,1759.0,1579.0,,,
CL35,thaiapm-202607,15,descent,260,412.0,,2241.0,,,,
CL35,thaiapm-202607,15,climb,280,423.0,1755.0,1528.0,1388.0,,,
CL35,thaiapm-202607,15,descent,280,425.0,,2291.0,,,,
CL35,thaiapm-202607,15,climb,300,437.0,1526.0,1408.0,1165.0,,,
CL35,thaiapm-202607,15,descent,300,439.0,,2338.0,,,,
CL35,thaiapm-202607,15,climb,320,450.0,1463.0,1270.0,1045.0,,,
CL35,thaiapm-202607,15,descent,320,446.0,,2369.0,,,,
CL35,thaiapm-202607,15,climb,340,454.0,1619.0,1352.0,1145.0,,,
CL35,thaiapm-202607,15,descent,340,449.0,,2293.0,,,,
CL35,thaiapm-202607,15,climb,360,450.0,1730.0,1502.0,1256.0,,,
CL35,thaiapm-202607,15,descent,360,445.0,,2220.0,,,,
CL35,thaiapm-202607,15,climb,380,450.0,1569.0,1324.0,1128.0,,,
CL35,thaiapm-202607,15,descent,380,445.0,,2136.0,,,,
CL35,thaiapm-202607,15,climb,400,450.0,1311.0,1084.0,966.0,,,
CL35,thaiapm-202607,15,descent,400,445.0,,1794.0,,,,
CL35,thaiapm-202607,15,cruise,400,450.0,,,,,,
CL35,thaiapm-202607,15,climb,420,450.0,1095.0,948.0,823.0,,,
CL35,thaiapm-202607,15,descent,420,445.0,,1344.0,,,,
CL35,thaiapm-202607,15,cruise,420,450.0,,,,,,
CL35,thaiapm-202607,15,descent,440,445.0,,1103.0,,,,
CL35,thaiapm-202607,15,cruise,440,450.0,,,,,,
CL60,thaiapm-202607,15,climb,0,181.0,2809.0,2419.0,2198.0,,,
CL60,thaiapm-202607,15,descent,0,135.0,,706.0,,,,
CL60,thaiapm-202607,15,climb,5,182.0,2809.0,2419.0,2198.0,,,
CL60,thaiapm-202607,15,descent,5,136.0,,706.0,,,,
CL60,thaiapm-202607,15,climb,10,183.0,2809.0,2419.0,2198.0,,,
CL60,thaiapm-202607,15,descent,10,137.0,,706.0,,,,
CL60,thaiapm-202607,15,climb,15,187.0,2835.0,2441.0,2185.0,,,
CL60,thaiapm-202607,15,descent,15,150.0,,753.0,,,,
CL60,thaiapm-202607,15,climb,20,191.0,2861.0,2464.0,2171.0,,,
CL60,thaiapm-202607,15,descent,20,164.0,,800.0,,,,
CL60,thaiapm-202607,15,climb,30,198.0,2912.0,2509.0,2144.0,,,
CL60,thaiapm-202607,15,descent,30,192.0,,894.0,,,,
CL60,thaiapm-202607,15,climb,40,213.0,2905.0,2486.0,2112.0,,,
CL60,thaiapm-202607,15,descent,40,213.0,,1006.0,,,,
CL60,thaiapm-202607,15,climb,60,248.0,2893.0,2486.0,2081.0,,,
CL60,thaiapm-202607,15,descent,60,245.0,,1200.0,,,,
CL60,thaiapm-202607,15,climb,80,275.0,2916.0,2502.0,2112.0,,,
CL60,thaiapm-202607,15,descent,80,268.0,,1328.0,,,,
CL60,thaiapm-202607,15,climb,100,288.0,2780.0,2379.0,2062.0,,,
CL60,thaiapm-202607,15,descent,100,288.0,,1441.0,,,,
CL60,thaiapm-202607,15,climb,120,308.0,2571.0,2220.0,1981.0,,,
CL60,thaiapm-202607,15,descent,120,311.0,,1569.0,,,,
CL60,thaiapm-202607,15,climb,140,328.0,2494.0,2123.0,1930.0,,,
CL60,thaiapm-202607,15,descent,140,333.0,,1705.0,,,,
CL60,thaiapm-202607,15,climb,160,341.0,2323.0,2027.0,1770.0,,,
CL60,thaiapm-202607,15,descent,160,349.0,,1841.0,,,,
CL60,thaiapm-202607,15,climb,180,352.0,2082.0,1888.0,1583.0,,,
CL60,thaiapm-202607,15,descent,180,363.0,,1942.0,,,,
CL60,thaiapm-202607,15,climb,200,363.0,1956.0,1697.0,1441.0,,,
CL60,thaiapm-202607,15,descent,200,375.0,,2016.0,,,,
CL60,thaiapm-202607,15,climb,220,374.0,1796.0,1503.0,1223.0,,,
CL60,thaiapm-202607,15,descent,220,386.0,,2081.0,,,,
CL60,thaiapm-202607,15,climb,240,385.0,1569.0,1294.0,1033.0,,,
CL60,thaiapm-202607,15,descent,240,399.0,,2148.0,,,,
CL60,thaiapm-202607,15,climb,260,397.0,1378.0,1095.0,944.0,,,
CL60,thaiapm-202607,15,descent,260,412.0,,2195.0,,,,
CL60,thaiapm-202607,15,climb,280,410.0,1157.0,967.0,782.0,,,
CL60,thaiapm-202607,15,descent,280,425.0,,2256.0,,,,
CL60,thaiapm-202607,15,climb,300,423.0,1011.0,808.0,591.0,,,
CL60,thaiapm-202607,15,descent,300,437.0,,2281.0,,,,
CL60,thaiapm-202607,15,cruise,300,462.0,,,,,,
CL60,thaiapm-202607,15,climb,320,435.0,978.0,702.0,512.0,,,
CL60,thaiapm-202607,15,descent,320,449.0,,2184.0,,,,
CL60,thaiapm-202607,15,cruise,320,458.0,,,,,,
CL60,thaiapm-202607,15,climb,340,431.0,949.0,695.0,497.0,,,
CL60,thaiapm-202607,15,descent,340,445.0,,2047.0,,,,
CL60,thaiapm-202607,15,cruise,340,454.0,,,,,,
CL60,thaiapm-202607,15,climb,360,427.0,881.0,675.0,481.0,,,
CL60,thaiapm-202607,15,descent,360,441.0,,1845.0,,,,
CL60,thaiapm-202607,15,cruise,360,450.0,,,,,,
CL60,thaiapm-202607,15,climb,380,427.0,790.0,613.0,481.0,,,
CL60,thaiapm-202607,15,descent,380,441.0,,1558.0,,,,
CL60,thaiapm-202607,15,cruise,380,450.0,,,,,,
CL60,thaiapm-202607,15,climb,400,427.0,711.0,516.0,473.0,,,
CL60,thaiapm-202607,15,descent,400,441.0,,1208.0,,,,
CL60,thaiapm-202607,15,cruise,400,450.0,,,,,,
CN35,thaiapm-202607,15,climb,0,131.0,1217.0,1056.0,855.0,,,
CN35,thaiapm-202607,15,descent,0,120.0,,622.0,,,,
CN35,thaiapm-202607,15,climb,5,132.0,1217.0,1056.0,855.0,,,
CN35,thaiapm-202607,15,descent,5,121.0,,622.0,,,,
CN35,thaiapm-202607,15,climb,10,133.0,1217.0,1056.0,855.0,,,
CN35,thaiapm-202607,15,descent,10,122.0,,622.0,,,,
CN35,thaiapm-202607,15,climb,15,134.0,1213.0,1052.0,859.0,,,
CN35,thaiapm-202607,15,descent,15,129.0,,690.0,,,,
CN35,thaiapm-202607,15,climb,20,135.0,1209.0,1048.0,862.0,,,
CN35,thaiapm-202607,15,descent,20,137.0,,758.0,,,,
CN35,thaiapm-202607,15,climb,30,137.0,1200.0,1041.0,870.0,,,
CN35,thaiapm-202607,15,descent,30,152.0,,894.0,,,,
CN35,thaiapm-202607,15,climb,40,139.0,1159.0,1017.0,866.0,,,
CN35,thaiapm-202607,15,descent,40,172.0,,975.0,,,,
CN35,thaiapm-202607,15,climb,60,143.0,1088.0,990.0,862.0,,,
CN35,thaiapm-202607,15,descent,60,195.0,,1041.0,,,,
CN35,thaiapm-202607,15,climb,80,148.0,1025.0,940.0,823.0,,,
CN35,thaiapm-202607,15,descent,80,203.0,,1009.0,,,,
CN35,thaiapm-202607,15,climb,100,151.0,978.0,878.0,745.0,,,
CN35,thaiapm-202607,15,descent,100,209.0,,994.0,,,,
CN35,thaiapm-202607,15,climb,120,152.0,916.0,812.0,706.0,,,
CN35,thaiapm-202607,15,descent,120,218.0,,978.0,,,,
CN35,thaiapm-202607,15,climb,140,153.0,835.0,718.0,660.0,,,
CN35,thaiapm-202607,15,descent,140,229.0,,944.0,,,,
CN35,thaiapm-202607,15,cruise,160,230.0,,,,,,
CN35,thaiapm-202607,15,cruise,180,228.0,,,,,,
DH8D,thaiapm-202607,15,climb,0,158.0,2225.0,1981.0,1725.0,,,
DH8D,thaiapm-202607,15,descent,0,131.0,,706.0,,,,
DH8D,thaiapm-202607,15,climb,5,159.0,2225.0,1981.0,1725.0,,,
DH8D,thaiapm-202607,15,descent,5,131.0,,706.0,,,,
DH8D,thaiapm-202607,15,climb,10,160.0,2225.0,1981.0,1725.0,,,
DH8D,thaiapm-202607,15,descent,10,132.0,,706.0,,,,
DH8D,thaiapm-202607,15,climb,15,163.0,2270.0,2038.0,1798.0,,,
DH8D,thaiapm-202607,15,descent,15,147.0,,778.0,,,,
DH8D,thaiapm-202607,15,climb,20,166.0,2314.0,2094.0,1872.0,,,
DH8D,thaiapm-202607,15,descent,20,162.0,,850.0,,,,
DH8D,thaiapm-202607,15,climb,30,172.0,2404.0,2206.0,2019.0,,,
DH8D,thaiapm-202607,15,descent,30,193.0,,994.0,,,,
DH8D,thaiapm-202607,15,climb,40,176.0,2402.0,2191.0,2000.0,,,
DH8D,thaiapm-202607,15,descent,40,209.0,,1064.0,,,,
DH8D,thaiapm-202607,15,climb,60,188.0,2319.0,2097.0,1848.0,,,
DH8D,thaiapm-202607,15,descent,60,237.0,,1158.0,,,,
DH8D,thaiapm-202607,15,climb,80,204.0,2136.0,1906.0,1642.0,,,
DH8D,thaiapm-202607,15,descent,80,260.0,,1231.0,,,,
DH8D,thaiapm-202607,15,climb,100,222.0,1914.0,1681.0,1456.0,,,
DH8D,thaiapm-202607,15,descent,100,285.0,,1328.0,,,,
DH8D,thaiapm-202607,15,climb,120,243.0,1697.0,1488.0,1281.0,,,
DH8D,thaiapm-202607,15,descent,120,308.0,,1399.0,,,,
DH8D,thaiapm-202607,15,climb,140,256.0,1528.0,1344.0,1169.0,,,
DH8D,thaiapm-202607,15,descent,140,324.0,,1465.0,,,,
DH8D,thaiapm-202607,15,climb,160,260.0,1384.0,1216.0,1068.0,,,
DH8D,thaiapm-202607,15,descent,160,337.0,,1522.0,,,,
DH8D,thaiapm-202607,15,climb,180,261.0,1231.0,1088.0,940.0,,,
DH8D,thaiapm-202607,15,descent,180,344.0,,1522.0,,,,
DH8D,thaiapm-202607,15,climb,200,263.0,1088.0,948.0,777.0,,,
DH8D,thaiapm-202607,15,descent,200,344.0,,1468.0,,,,
DH8D,thaiapm-202607,15,climb,220,268.0,936.0,754.0,617.0,,,
DH8D,thaiapm-202607,15,descent,220,339.0,,1212.0,,,,
DH8D,thaiapm-202607,15,cruise,220,312.0,,,,,,
DH8D,thaiapm-202607,15,climb,240,271.0,773.0,591.0,528.0,,,
DH8D,thaiapm-202607,15,descent,240,330.0,,914.0,,,,
DH8D,thaiapm-202607,15,cruise,240,309.0,,,,,,
E135,thaiapm-202607,15,climb,0,172.0,2432.0,2159.0,1868.0,,,
E135,thaiapm-202607,15,descent,0,133.0,,706.0,,,,
E135,thaiapm-202607,15,climb,5,173.0,2432.0,2159.0,1868.0,,,
E135,thaiapm-202607,15,descent,5,134.0,,706.0,,,,
E135,thaiapm-202607,15,climb,10,174.0,2432.0,2159.0,1868.0,,,
E135,thaiapm-202607,15,descent,10,135.0,,706.0,,,,
E135,thaiapm-202607,15,climb,15,186.0,2496.0,2227.0,1937.0,,,
E135,thaiapm-202607,15,descent,15,149.0,,730.0,,,,
E135,thaiapm-202607,15,climb,20,197.0,2560.0,2295.0,2006.0,,,
E135,thaiapm-202607,15,descent,20,164.0,,753.0,,,,
E135,thaiapm-202607,15,climb,30,220.0,2688.0,2431.0,2144.0,,,
E135,thaiapm-202607,15,descent,30,193.0,,800.0,,,,
E135,thaiapm-202607,15,climb,40,229.0,2810.0,2527.0,2241.0,,,
E135,thaiapm-202607,15,descent,40,212.0,,928.0,,,,
E135,thaiapm-202607,15,climb,60,248.0,2831.0,2543.0,2235.0,,,
E135,thaiapm-202607,15,descent,60,241.0,,1072.0,,,,
E135,thaiapm-202607,15,climb,80,265.0,2612.0,2311.0,2057.0,,,
E135,thaiapm-202607,15,descent,80,261.0,,1127.0,,,,
E135,thaiapm-202607,15,climb,100,281.0,2297.0,2070.0,1775.0,,,
E135,thaiapm-202607,15,descent,100,283.0,,1270.0,,,,
E135,thaiapm-202607,15,climb,120,302.0,2075.0,1919.0,1569.0,,,
E135,thaiapm-202607,15,descent,120,303.0,,1425.0,,,,
E135,thaiapm-202607,15,climb,140,320.0,2033.0,1825.0,1569.0,,,
E135,thaiapm-202607,15,descent,140,326.0,,1522.0,,,,
E135,thaiapm-202607,15,climb,160,329.0,1998.0,1759.0,1553.0,,,
E135,thaiapm-202607,15,descent,160,345.0,,1600.0,,,,
E135,thaiapm-202607,15,climb,180,333.0,1981.0,1744.0,1538.0,,,
E135,thaiapm-202607,15,descent,180,361.0,,1688.0,,,,
E135,thaiapm-202607,15,climb,200,338.0,1966.0,1762.0,1538.0,,,
E135,thaiapm-202607,15,descent,200,379.0,,1768.0,,,,
E135,thaiapm-202607,15,climb,220,341.0,1932.0,1728.0,1524.0,,,
E135,thaiapm-202607,15,descent,220,395.0,,1801.0,,,,
E135,thaiapm-202607,15,cruise,220,458.0,,,,,,
E135,thaiapm-202607,15,climb,240,358.0,1870.0,1647.0,1493.0,,,
E135,thaiapm-202607,15,descent,240,411.0,,1817.0,,,,
E135,thaiapm-202607,15,cruise,240,455.0,,,,,,
E135,thaiapm-202607,15,climb,260,355.0,1794.0,1569.0,1441.0,,,
E135,thaiapm-202607,15,descent,260,421.0,,1825.0,,,,
E135,thaiapm-202607,15,cruise,260,451.0,,,,,,
E135,thaiapm-202607,15,climb,280,352.0,1681.0,1506.0,1359.0,,,
E135,thaiapm-202607,15,descent,280,426.0,,1809.0,,,,
E135,thaiapm-202607,15,cruise,280,447.0,,,,,,
E135,thaiapm-202607,15,climb,300,349.0,1553.0,1441.0,1254.0,,,
E135,thaiapm-202607,15,descent,300,428.0,,1786.0,,,,
E135,thaiapm-202607,15,cruise,300,443.0,,,,,,
E135,thaiapm-202607,15,climb,320,346.0,1472.0,1312.0,1110.0,,,
E135,thaiapm-202607,15,descent,320,430.0,,1770.0,,,,
E135,thaiapm-202607,15,cruise,320,439.0,,,,,,
E135,thaiapm-202607,15,climb,340,343.0,1375.0,1209.0,1025.0,,,
E135,thaiapm-202607,15,descent,340,426.0,,1833.0,,,,
E135,thaiapm-202607,15,cruise,340,435.0,,,,,,
E135,thaiapm-202607,15,climb,360,340.0,1220.0,1105.0,959.0,,,
E135,thaiapm-202607,15,descent,360,422.0,,1639.0,,,,
E135,thaiapm-202607,15,cruise,360,432.0,,,,,,
E190,thaiapm-202607,15,climb,0,160.0,2081.0,1888.0,1694.0,,,
E190,thaiapm-202607,15,descent,0,130.0,,675.0,,,,
E190,thaiapm-202607,15,climb,5,161.0,2081.0,1888.0,1694.0,,,
E190,thaiapm-202607,15,descent,5,131.0,,675.0,,,,
E190,thaiapm-202607,15,climb,10,162.0,2081.0,1888.0,1694.0,,,
E190,thaiapm-202607,15,descent,10,132.0,,675.0,,,,
E190,thaiapm-202607,15,climb,15,169.0,2065.0,1839.0,1647.0,,,
E190,thaiapm-202607,15,descent,15,146.0,,691.0,,,,
E190,thaiapm-202607,15,climb,20,176.0,2048.0,1791.0,1600.0,,,
E190,thaiapm-202607,15,descent,20,161.0,,706.0,,,,
E190,thaiapm-202607,15,climb,30,191.0,2016.0,1694.0,1506.0,,,
E190,thaiapm-202607,15,descent,30,190.0,,738.0,,,,
E190,thaiapm-202607,15,climb,40,219.0,2270.0,1984.0,1762.0,,,
E190,thaiapm-202607,15,descent,40,209.0,,800.0,,,,
E190,thaiapm-202607,15,climb,60,261.0,2478.0,2225.0,1766.0,,,
E190,thaiapm-202607,15,descent,60,238.0,,912.0,,,,
E190,thaiapm-202607,15,climb,80,279.0,2424.0,2206.0,1773.0,,,
E190,thaiapm-202607,15,descent,80,260.0,,994.0,,,,
E190,thaiapm-202607,15,climb,100,288.0,2234.0,2016.0,1792.0,,,
E190,thaiapm-202607,15,descent,100,282.0,,1072.0,,,,
E190,thaiapm-202607,15,climb,120,299.0,2097.0,1856.0,1639.0,,,
E190,thaiapm-202607,15,descent,120,299.0,,1278.0,,,,
E190,thaiapm-202607,15,climb,140,312.0,2064.0,1856.0,1662.0,,,
E190,thaiapm-202607,15,descent,140,319.0,,1503.0,,,,
E190,thaiapm-202607,15,climb,160,325.0,1942.0,1712.0,1538.0,,,
E190,thaiapm-202607,15,descent,160,339.0,,1631.0,,,,
E190,thaiapm-202607,15,climb,180,336.0,1854.0,1584.0,1433.0,,,
E190,thaiapm-202607,15,descent,180,356.0,,1775.0,,,,
E190,thaiapm-202607,15,climb,200,348.0,1736.0,1480.0,1336.0,,,
E190,thaiapm-202607,15,descent,200,373.0,,1953.0,,,,
E190,thaiapm-202607,15,climb,220,359.0,1600.0,1359.0,1200.0,,,
E190,thaiapm-202607,15,descent,220,388.0,,2105.0,,,,
E190,thaiapm-202607,15,climb,240,371.0,1464.0,1239.0,1056.0,,,
E190,thaiapm-202607,15,descent,240,404.0,,2198.0,,,,
E190,thaiapm-202607,15,climb,260,382.0,1336.0,1119.0,944.0,,,
E190,thaiapm-202607,15,descent,260,419.0,,2264.0,,,,
E190,thaiapm-202607,15,climb,280,393.0,1266.0,1025.0,878.0,,,
E190,thaiapm-202607,15,descent,280,433.0,,2314.0,,,,
E190,thaiapm-202607,15,climb,300,400.0,1236.0,994.0,862.0,,,
E190,thaiapm-202607,15,descent,300,440.0,,2322.0,,,,
E190,thaiapm-202607,15,climb,320,411.0,1139.0,952.0,831.0,,,
E190,thaiapm-202607,15,descent,320,439.0,,2162.0,,,,
E190,thaiapm-202607,15,cruise,320,444.0,,,,,,
E190,thaiapm-202607,15,climb,340,408.0,991.0,870.0,738.0,,,
E190,thaiapm-202607,15,descent,340,435.0,,1650.0,,,,
E190,thaiapm-202607,15,cruise,340,440.0,,,,,,
E190,thaiapm-202607,15,climb,360,404.0,909.0,816.0,648.0,,,
E190,thaiapm-202607,15,descent,360,432.0,,1153.0,,,,
E190,thaiapm-202607,15,cruise,360,436.0,,,,,,
E190,thaiapm-202607,15,climb,380,404.0,894.0,777.0,583.0,,,
E190,thaiapm-202607,15,descent,380,431.0,,1017.0,,,,
E190,thaiapm-202607,15,cruise,380,436.0,,,,,,
E290,thaiapm-202607,15,climb,0,153.0,1872.0,1608.0,1166.0,,,
E290,thaiapm-202607,15,descent,0,136.0,,738.0,,,,
E290,thaiapm-202607,15,climb,5,154.0,1872.0,1608.0,1166.0,,,
E290,thaiapm-202607,15,descent,5,137.0,,738.0,,,,
E290,thaiapm-202607,15,climb,10,155.0,1872.0,1608.0,1166.0,,,
E290,thaiapm-202607,15,descent,10,138.0,,738.0,,,,
E290,thaiapm-202607,15,climb,15,158.0,2012.0,1686.0,1275.0,,,
E290,thaiapm-202607,15,descent,15,148.0,,722.0,,,,
E290,thaiapm-202607,15,climb,20,160.0,2152.0,1763.0,1383.0,,,
E290,thaiapm-202607,15,descent,20,158.0,,706.0,,,,
E290,thaiapm-202607,15,climb,30,164.0,2431.0,1919.0,1600.0,,,
E290,thaiapm-202607,15,descent,30,179.0,,675.0,,,,
E290,thaiapm-202607,15,climb,40,204.0,2647.0,2128.0,1791.0,,,
E290,thaiapm-202607,15,descent,40,204.0,,834.0,,,,
E290,thaiapm-202607,15,climb,60,261.0,3094.0,2677.0,2253.0,,,
E290,thaiapm-202607,15,descent,60,253.0,,1138.0,,,,
E290,thaiapm-202607,15,climb,80,280.0,3278.0,3016.0,2672.0,,,
E290,thaiapm-202607,15,descent,80,280.0,,1369.0,,,,
E290,thaiapm-202607,15,climb,100,296.0,2985.0,2640.0,2384.0,,,
E290,thaiapm-202607,15,descent,100,303.0,,1470.0,,,,
E290,thaiapm-202607,15,climb,120,318.0,2780.0,2429.0,2175.0,,,
E290,thaiapm-202607,15,descent,120,328.0,,1638.0,,,,
E290,thaiapm-202607,15,climb,140,332.0,2770.0,2538.0,2353.0,,,
E290,thaiapm-202607,15,descent,140,342.0,,1860.0,,,,
E290,thaiapm-202607,15,climb,160,344.0,2583.0,2361.0,2194.0,,,
E290,thaiapm-202607,15,descent,160,353.0,,2004.0,,,,
E290,thaiapm-202607,15,climb,180,356.0,2361.0,2161.0,2000.0,,,
E290,thaiapm-202607,15,descent,180,367.0,,2105.0,,,,
E290,thaiapm-202607,15,climb,200,367.0,2147.0,1969.0,1798.0,,,
E290,thaiapm-202607,15,descent,200,380.0,,2136.0,,,,
E290,thaiapm-202607,15,climb,220,377.0,1906.0,1728.0,1558.0,,,
E290,thaiapm-202607,15,descent,220,392.0,,2175.0,,,,
E290,thaiapm-202607,15,climb,240,389.0,1666.0,1503.0,1344.0,,,
E290,thaiapm-202607,15,descent,240,403.0,,2206.0,,,,
E290,thaiapm-202607,15,climb,260,401.0,1456.0,1328.0,1177.0,,,
E290,thaiapm-202607,15,descent,260,414.0,,2214.0,,,,
E290,thaiapm-202607,15,climb,280,414.0,1344.0,1200.0,1064.0,,,
E290,thaiapm-202607,15,descent,280,425.0,,2248.0,,,,
E290,thaiapm-202607,15,climb,300,426.0,1305.0,1134.0,1009.0,,,
E290,thaiapm-202607,15,descent,300,437.0,,2283.0,,,,
E290,thaiapm-202607,15,climb,320,439.0,1352.0,1150.0,994.0,,,
E290,thaiapm-202607,15,descent,320,449.0,,2528.0,,,,
E290,thaiapm-202607,15,climb,340,435.0,1519.0,1278.0,1072.0,,,
E290,thaiapm-202607,15,descent,340,445.0,,2707.0,,,,
E290,thaiapm-202607,15,climb,360,432.0,1519.0,1278.0,1072.0,,,
E290,thaiapm-202607,15,descent,360,441.0,,2184.0,,,,
E290,thaiapm-202607,15,cruise,360,441.0,,,,,,
E290,thaiapm-202607,15,climb,380,431.0,1270.0,1053.0,881.0,,,
E290,thaiapm-202607,15,descent,380,441.0,,1571.0,,,,
E290,thaiapm-202607,15,cruise,380,441.0,,,,,,
E290,thaiapm-202607,15,climb,400,431.0,1009.0,807.0,688.0,,,
E35L,thaiapm-202607,15,climb,0,172.0,2431.0,2206.0,2019.0,,,
E35L,thaiapm-202607,15,descent,0,135.0,,738.0,,,,
E35L,thaiapm-202607,15,climb,5,173.0,2431.0,2206.0,2019.0,,,
E35L,thaiapm-202607,15,descent,5,136.0,,738.0,,,,
E35L,thaiapm-202607,15,climb,10,174.0,2431.0,2206.0,2019.0,,,
E35L,thaiapm-202607,15,descent,10,137.0,,738.0,,,,
E35L,thaiapm-202607,15,climb,15,185.0,2480.0,2223.0,2023.0,,,
E35L,thaiapm-202607,15,descent,15,149.0,,761.0,,,,
E35L,thaiapm-202607,15,climb,20,196.0,2528.0,2239.0,2027.0,,,
E35L,thaiapm-202607,15,descent,20,161.0,,784.0,,,,
E35L,thaiapm-202607,15,climb,30,218.0,2625.0,2272.0,2034.0,,,
E35L,thaiapm-202607,15,descent,30,186.0,,831.0,,,,
E35L,thaiapm-202607,15,climb,40,230.0,2752.0,2403.0,2153.0,,,
E35L,thaiapm-202607,15,descent,40,201.0,,944.0,,,,
E35L,thaiapm-202607,15,climb,60,251.0,2807.0,2498.0,2177.0,,,
E35L,thaiapm-202607,15,descent,60,230.0,,1119.0,,,,
E35L,thaiapm-202607,15,climb,80,268.0,2598.0,2272.0,1922.0,,,
E35L,thaiapm-202607,15,descent,80,252.0,,1235.0,,,,
E35L,thaiapm-202607,15,climb,100,287.0,2319.0,2000.0,1728.0,,,
E35L,thaiapm-202607,15,descent,100,272.0,,1363.0,,,,
E35L,thaiapm-202607,15,climb,120,312.0,2128.0,1903.0,1682.0,,,
E35L,thaiapm-202607,15,descent,120,293.0,,1472.0,,,,
E35L,thaiapm-202607,15,climb,140,329.0,2066.0,1841.0,1604.0,,,
E35L,thaiapm-202607,15,descent,140,317.0,,1616.0,,,,
E35L,thaiapm-202607,15,climb,160,340.0,1984.0,1736.0,1506.0,,,
E35L,thaiapm-202607,15,descent,160,339.0,,1791.0,,,,
E35L,thaiapm-202607,15,climb,180,351.0,1831.0,1608.0,1441.0,,,
E35L,thaiapm-202607,15,descent,180,360.0,,1903.0,,,,
E35L,thaiapm-202607,15,climb,200,362.0,1688.0,1506.0,1330.0,,,
E35L,thaiapm-202607,15,descent,200,377.0,,1966.0,,,,
E35L,thaiapm-202607,15,climb,220,373.0,1553.0,1366.0,1186.0,,,
E35L,thaiapm-202607,15,descent,220,393.0,,2012.0,,,,
E35L,thaiapm-202607,15,climb,240,384.0,1394.0,1204.0,1056.0,,,
E35L,thaiapm-202607,15,descent,240,410.0,,2058.0,,,,
E35L,thaiapm-202607,15,climb,260,389.0,1377.0,1216.0,1009.0,,,
E35L,thaiapm-202607,15,descent,260,425.0,,2089.0,,,,
E35L,thaiapm-202607,15,cruise,260,460.0,,,,,,
E35L,thaiapm-202607,15,climb,280,399.0,1472.0,1281.0,1025.0,,,
E35L,thaiapm-202607,15,descent,280,433.0,,2145.0,,,,
E35L,thaiapm-202607,15,cruise,280,457.0,,,,,,
E35L,thaiapm-202607,15,climb,300,396.0,1489.0,1236.0,1009.0,,,
E35L,thaiapm-202607,15,descent,300,437.0,,2117.0,,,,
E35L,thaiapm-202607,15,cruise,300,453.0,,,,,,
E35L,thaiapm-202607,15,climb,320,393.0,1448.0,1139.0,978.0,,,
E35L,thaiapm-202607,15,descent,320,439.0,,1969.0,,,,
E35L,thaiapm-202607,15,cruise,320,449.0,,,,,,
E35L,thaiapm-202607,15,climb,340,389.0,1367.0,1041.0,885.0,,,
E35L,thaiapm-202607,15,descent,340,435.0,,1697.0,,,,
E35L,thaiapm-202607,15,cruise,340,445.0,,,,,,
E35L,thaiapm-202607,15,climb,360,386.0,1153.0,940.0,804.0,,,
E35L,thaiapm-202607,15,descent,360,432.0,,1456.0,,,,
E35L,thaiapm-202607,15,cruise,360,441.0,,,,,,
E35L,thaiapm-202607,15,climb,380,385.0,969.0,820.0,688.0,,,
E35L,thaiapm-202607,15,descent,380,431.0,,1398.0,,,,
E35L,thaiapm-202607,15,cruise,380,441.0,,,,,,
E35L,thaiapm-202607,15,cruise,400,441.0,,,,,,
F2TH,thaiapm-202607,15,climb,0,187.0,3006.0,2706.0,2431.0,,,
F2TH,thaiapm-202607,15,descent,0,123.0,,638.0,,,,
F2TH,thaiapm-202607,15,climb,5,188.0,3006.0,2706.0,2431.0,,,
F2TH,thaiapm-202607,15,descent,5,124.0,,638.0,,,,
F2TH,thaiapm-202607,15,climb,10,190.0,3006.0,2706.0,2431.0,,,
F2TH,thaiapm-202607,15,descent,10,125.0,,638.0,,,,
F2TH,thaiapm-202607,15,climb,15,196.0,3093.0,2768.0,2421.0,,,
F2TH,thaiapm-202607,15,descent,15,137.0,,670.0,,,,
F2TH,thaiapm-202607,15,climb,20,203.0,3179.0,2829.0,2410.0,,,
F2TH,thaiapm-202607,15,descent,20,150.0,,703.0,,,,
F2TH,thaiapm-202607,15,climb,30,217.0,3352.0,2952.0,2388.0,,,
F2TH,thaiapm-202607,15,descent,30,175.0,,769.0,,,,
F2TH,thaiapm-202607,15,climb,40,240.0,3312.0,2916.0,2433.0,,,
F2TH,thaiapm-202607,15,descent,40,194.0,,831.0,,,,
F2TH,thaiapm-202607,15,climb,60,270.0,3444.0,3064.0,2464.0,,,
F2TH,thaiapm-202607,15,descent,60,229.0,,975.0,,,,
F2TH,thaiapm-202607,15,climb,80,280.0,3516.0,3177.0,2437.0,,,
F2TH,thaiapm-202607,15,descent,80,263.0,,1138.0,,,,
F2TH,thaiapm-202607,15,climb,100,292.0,3118.0,2865.0,2388.0,,,
F2TH,thaiapm-202607,15,descent,100,289.0,,1312.0,,,,
F2TH,thaiapm-202607,15,climb,120,306.0,2864.0,2652.0,2361.0,,,
F2TH,thaiapm-202607,15,descent,120,314.0,,1488.0,,,,
F2TH,thaiapm-202607,15,climb,140,318.0,2814.0,2602.0,2303.0,,,
F2TH,thaiapm-202607,15,descent,140,340.0,,1608.0,,,,
F2TH,thaiapm-202607,15,climb,160,328.0,2641.0,2447.0,2198.0,,,
F2TH,thaiapm-202607,15,descent,160,354.0,,1712.0,,,,
F2TH,thaiapm-202607,15,climb,180,338.0,2466.0,2272.0,2080.0,,,
F2TH,thaiapm-202607,15,descent,180,367.0,,1829.0,,,,
F2TH,thaiapm-202607,15,climb,200,349.0,2320.0,2128.0,1946.0,,,
F2TH,thaiapm-202607,15,descent,200,384.0,,1915.0,,,,
F2TH,thaiapm-202607,15,climb,220,360.0,2273.0,2066.0,1874.0,,,
F2TH,thaiapm-202607,15,descent,220,404.0,,1966.0,,,,
F2TH,thaiapm-202607,15,climb,240,371.0,2241.0,2056.0,1856.0,,,
F2TH,thaiapm-202607,15,descent,240,423.0,,2023.0,,,,
F2TH,thaiapm-202607,15,climb,260,383.0,2144.0,1967.0,1784.0,,,
F2TH,thaiapm-202607,15,descent,260,437.0,,2089.0,,,,
F2TH,thaiapm-202607,15,climb,280,396.0,2016.0,1799.0,1641.0,,,
F2TH,thaiapm-202607,15,descent,280,451.0,,2171.0,,,,
F2TH,thaiapm-202607,15,cruise,280,476.0,,,,,,
F2TH,thaiapm-202607,15,climb,300,408.0,1911.0,1695.0,1503.0,,,
F2TH,thaiapm-202607,15,descent,300,460.0,,2195.0,,,,
F2TH,thaiapm-202607,15,cruise,300,471.0,,,,,,
F2TH,thaiapm-202607,15,climb,320,421.0,1798.0,1584.0,1359.0,,,
F2TH,thaiapm-202607,15,descent,320,459.0,,2136.0,,,,
F2TH,thaiapm-202607,15,cruise,320,467.0,,,,,,
F2TH,thaiapm-202607,15,climb,340,417.0,2057.0,1701.0,1312.0,,,
F2TH,thaiapm-202607,15,descent,340,454.0,,2072.0,,,,
F2TH,thaiapm-202607,15,cruise,340,463.0,,,,,,
F2TH,thaiapm-202607,15,climb,360,413.0,2064.0,1620.0,1008.0,,,
F2TH,thaiapm-202607,15,descent,360,450.0,,1952.0,,,,
F2TH,thaiapm-202607,15,cruise,360,459.0,,,,,,
F2TH,thaiapm-202607,15,climb,380,413.0,1590.0,1208.0,521.0,,,
F2TH,thaiapm-202607,15,descent,380,450.0,,1888.0,,,,
F2TH,thaiapm-202607,15,cruise,380,459.0,,,,,,
F2TH,thaiapm-202607,15,climb,400,413.0,1152.0,823.0,312.0,,,
F2TH,thaiapm-202607,15,descent,400,450.0,,1838.0,,,,
F2TH,thaiapm-202607,15,cruise,400,459.0,,,,,,
FA7X,thaiapm-202607,15,climb,0,147.0,3441.0,3134.0,2381.0,,,
FA7X,thaiapm-202607,15,descent,0,126.0,,675.0,,,,
FA7X,thaiapm-202607,15,climb,5,148.0,3441.0,3134.0,2381.0,,,
FA7X,thaiapm-202607,15,descent,5,127.0,,675.0,,,,
FA7X,thaiapm-202607,15,climb,10,149.0,3441.0,3134.0,2381.0,,,
FA7X,thaiapm-202607,15,descent,10,128.0,,675.0,,,,
FA7X,thaiapm-202607,15,climb,15,160.0,3239.0,2927.0,2244.0,,,
FA7X,thaiapm-202607,15,descent,15,145.0,,714.0,,,,
FA7X,thaiapm-202607,15,climb,20,170.0,3037.0,2720.0,2107.0,,,
FA7X,thaiapm-202607,15,descent,20,162.0,,753.0,,,,
FA7X,thaiapm-202607,15,climb,30,192.0,2633.0,2306.0,1833.0,,,
FA7X,thaiapm-202607,15,descent,30,196.0,,831.0,,,,
FA7X,thaiapm-202607,15,climb,40,226.0,3029.0,2652.0,2207.0,,,
FA7X,thaiapm-202607,15,descent,40,217.0,,928.0,,,,
FA7X,thaiapm-202607,15,climb,60,268.0,3687.0,3040.0,2343.0,,,
FA7X,thaiapm-202607,15,descent,60,245.0,,1080.0,,,,
FA7X,thaiapm-202607,15,climb,80,280.0,3925.0,3048.0,2239.0,,,
FA7X,thaiapm-202607,15,descent,80,266.0,,1216.0,,,,
FA7X,thaiapm-202607,15,climb,100,298.0,3233.0,2579.0,2147.0,,,
FA7X,thaiapm-202607,15,descent,100,286.0,,1336.0,,,,
FA7X,thaiapm-202607,15,climb,120,335.0,2964.0,2501.0,2131.0,,,
FA7X,thaiapm-202607,15,descent,120,305.0,,1484.0,,,,
FA7X,thaiapm-202607,15,climb,140,364.0,3277.0,2804.0,2270.0,,,
FA7X,thaiapm-202607,15,descent,140,325.0,,1659.0,,,,
FA7X,thaiapm-202607,15,climb,160,375.0,3243.0,2767.0,2218.0,,,
FA7X,thaiapm-202607,15,descent,160,352.0,,1806.0,,,,
FA7X,thaiapm-202607,15,climb,180,387.0,3262.0,2802.0,2252.0,,,
FA7X,thaiapm-202607,15,descent,180,380.0,,1927.0,,,,
FA7X,thaiapm-202607,15,climb,200,399.0,3080.0,2738.0,2158.0,,,
FA7X,thaiapm-202607,15,descent,200,399.0,,2000.0,,,,
FA7X,thaiapm-202607,15,climb,220,412.0,2761.0,2512.0,2050.0,,,
FA7X,thaiapm-202607,15,descent,220,412.0,,2073.0,,,,
FA7X,thaiapm-202607,15,climb,240,425.0,2524.0,2252.0,1939.0,,,
FA7X,thaiapm-202607,15,descent,240,425.0,,2159.0,,,,
FA7X,thaiapm-202607,15,climb,260,438.0,2297.0,2004.0,1701.0,,,
FA7X,thaiapm-202607,15,descent,260,439.0,,2241.0,,,,
FA7X,thaiapm-202607,15,climb,280,452.0,1992.0,1716.0,1476.0,,,
FA7X,thaiapm-202607,15,descent,280,453.0,,2318.0,,,,
FA7X,thaiapm-202607,15,climb,300,465.0,1917.0,1561.0,1312.0,,,
FA7X,thaiapm-202607,15,descent,300,464.0,,2345.0,,,,
FA7X,thaiapm-202607,15,climb,320,467.0,2016.0,1596.0,1186.0,,,
FA7X,thaiapm-202607,15,descent,320,465.0,,2408.0,,,,
FA7X,thaiapm-202607,15,climb,340,463.0,2077.0,1631.0,1099.0,,,
FA7X,thaiapm-202607,15,descent,340,470.0,,2396.0,,,,
FA7X,thaiapm-202607,15,climb,360,459.0,2031.0,1553.0,1128.0,,,
FA7X,thaiapm-202607,15,descent,360,466.0,,2322.0,,,,
FA7X,thaiapm-202607,15,cruise,360,477.0,,,,,,
FA7X,thaiapm-202607,15,climb,380,459.0,1742.0,1347.0,1083.0,,,
FA7X,thaiapm-202607,15,descent,380,466.0,,2241.0,,,,
FA7X,thaiapm-202607,15,cruise,380,477.0,,,,,,
FA7X,thaiapm-202607,15,climb,400,459.0,1303.0,1091.0,802.0,,,
FA7X,thaiapm-202607,15,descent,400,466.0,,1980.0,,,,
FA7X,thaiapm-202607,15,cruise,400,477.0,,,,,,
FA7X,thaiapm-202607,15,descent,420,466.0,,1805.0,,,,
FA7X,thaiapm-202607,15,cruise,420,477.0,,,,,,
GALX,thaiapm-202607,15,climb,0,196.0,2955.0,2578.0,2306.0,,,
GALX,thaiapm-202607,15,descent,0,143.0,,738.0,,,,
GALX,thaiapm-202607,15,climb,5,197.0,2955.0,2578.0,2306.0,,,
GALX,thaiapm-202607,15,descent,5,144.0,,738.0,,,,
GALX,thaiapm-202607,15,climb,10,199.0,2955.0,2578.0,2306.0,,,
GALX,thaiapm-202607,15,descent,10,145.0,,738.0,,,,
GALX,thaiapm-202607,15,climb,15,207.0,3131.0,2730.0,2409.0,,,
GALX,thaiapm-202607,15,descent,15,155.0,,753.0,,,,
GALX,thaiapm-202607,15,climb,20,215.0,3307.0,2881.0,2512.0,,,
GALX,thaiapm-202607,15,descent,20,165.0,,769.0,,,,
GALX,thaiapm-202607,15,climb,30,232.0,3658.0,3184.0,2719.0,,,
GALX,thaiapm-202607,15,descent,30,186.0,,800.0,,,,
GALX,thaiapm-202607,15,climb,40,247.0,3748.0,3408.0,2928.0,,,
GALX,thaiapm-202607,15,descent,40,207.0,,1016.0,,,,
GALX,thaiapm-202607,15,climb,60,268.0,3930.0,3668.0,3078.0,,,
GALX,thaiapm-202607,15,descent,60,239.0,,1288.0,,,,
GALX,thaiapm-202607,15,climb,80,279.0,4012.0,3627.0,3038.0,,,
GALX,thaiapm-202607,15,descent,80,260.0,,1328.0,,,,
GALX,thaiapm-202607,15,climb,100,289.0,3841.0,3328.0,2734.0,,,
GALX,thaiapm-202607,15,descent,100,281.0,,1409.0,,,,
GALX,thaiapm-202607,15,climb,120,306.0,3534.0,3009.0,2398.0,,,
GALX,thaiapm-202607,15,descent,120,302.0,,1553.0,,,,
GALX,thaiapm-202607,15,climb,140,335.0,3209.0,2784.0,2325.0,,,
GALX,thaiapm-202607,15,descent,140,324.0,,1697.0,,,,
GALX,thaiapm-202607,15,climb,160,361.0,2878.0,2559.0,2189.0,,,
GALX,thaiapm-202607,15,descent,160,346.0,,1848.0,,,,
GALX,thaiapm-202607,15,climb,180,375.0,2591.0,2319.0,2025.0,,,
GALX,thaiapm-202607,15,descent,180,365.0,,1977.0,,,,
GALX,thaiapm-202607,15,climb,200,387.0,2368.0,2112.0,1847.0,,,
GALX,thaiapm-202607,15,descent,200,384.0,,2097.0,,,,
GALX,thaiapm-202607,15,climb,220,399.0,2130.0,1880.0,1606.0,,,
GALX,thaiapm-202607,15,descent,220,401.0,,2191.0,,,,
GALX,thaiapm-202607,15,climb,240,411.0,1847.0,1592.0,1400.0,,,
GALX,thaiapm-202607,15,descent,240,416.0,,2242.0,,,,
GALX,thaiapm-202607,15,climb,260,424.0,1609.0,1425.0,1231.0,,,
GALX,thaiapm-202607,15,descent,260,432.0,,2308.0,,,,
GALX,thaiapm-202607,15,climb,280,437.0,1421.0,1235.0,1056.0,,,
GALX,thaiapm-202607,15,descent,280,446.0,,2377.0,,,,
GALX,thaiapm-202607,15,climb,300,445.0,1405.0,1157.0,1017.0,,,
GALX,thaiapm-202607,15,descent,300,453.0,,2423.0,,,,
GALX,thaiapm-202607,15,cruise,300,471.0,,,,,,
GALX,thaiapm-202607,15,climb,320,449.0,1384.0,1161.0,1007.0,,,
GALX,thaiapm-202607,15,descent,320,455.0,,2416.0,,,,
GALX,thaiapm-202607,15,cruise,320,467.0,,,,,,
GALX,thaiapm-202607,15,climb,340,445.0,1295.0,1064.0,950.0,,,
GALX,thaiapm-202607,15,descent,340,454.0,,2369.0,,,,
GALX,thaiapm-202607,15,cruise,340,463.0,,,,,,
GALX,thaiapm-202607,15,climb,360,441.0,1253.0,1009.0,837.0,,,
GALX,thaiapm-202607,15,descent,360,450.0,,2209.0,,,,
GALX,thaiapm-202607,15,cruise,360,459.0,,,,,,
GALX,thaiapm-202607,15,climb,380,441.0,1094.0,897.0,678.0,,,
GALX,thaiapm-202607,15,descent,380,450.0,,2034.0,,,,
GALX,thaiapm-202607,15,cruise,380,459.0,,,,,,
GALX,thaiapm-202607,15,cruise,400,459.0,,,,,,
GL5T,thaiapm-202607,15,climb,0,185.0,3384.0,2688.0,2216.0,,,
GL5T,thaiapm-202607,15,descent,0,123.0,,675.0,,,,
GL5T,thaiapm-202607,15,climb,5,186.0,3384.0,2688.0,2216.0,,,
GL5T,thaiapm-202607,15,descent,5,123.0,,675.0,,,,
GL5T,thaiapm-202607,15,climb,10,188.0,3384.0,2688.0,2216.0,,,
GL5T,thaiapm-202607,15,descent,10,124.0,,675.0,,,,
GL5T,thaiapm-202607,15,climb,15,193.0,3482.0,2754.0,2246.0,,,
GL5T,thaiapm-202607,15,descent,15,137.0,,714.0,,,,
GL5T,thaiapm-202607,15,climb,20,199.0,3580.0,2820.0,2277.0,,,
GL5T,thaiapm-202607,15,descent,20,151.0,,753.0,,,,
GL5T,thaiapm-202607,15,climb,30,210.0,3775.0,2952.0,2338.0,,,
GL5T,thaiapm-202607,15,descent,30,178.0,,831.0,,,,
GL5T,thaiapm-202607,15,climb,40,233.0,3550.0,2835.0,2289.0,,,
GL5T,thaiapm-202607,15,descent,40,202.0,,983.0,,,,
GL5T,thaiapm-202607,15,climb,60,266.0,3426.0,2804.0,2289.0,,,
GL5T,thaiapm-202607,15,descent,60,238.0,,1188.0,,,,
GL5T,thaiapm-202607,15,climb,80,280.0,3395.0,2835.0,2312.0,,,
GL5T,thaiapm-202607,15,descent,80,264.0,,1246.0,,,,
GL5T,thaiapm-202607,15,climb,100,298.0,2759.0,2416.0,2041.0,,,
GL5T,thaiapm-202607,15,descent,100,286.0,,1328.0,,,,
GL5T,thaiapm-202607,15,climb,120,335.0,2505.0,2144.0,1897.0,,,
GL5T,thaiapm-202607,15,descent,120,306.0,,1456.0,,,,
GL5T,thaiapm-202607,15,climb,140,365.0,2705.0,2303.0,2009.0,,,
GL5T,thaiapm-202607,15,descent,140,334.0,,1553.0,,,,
GL5T,thaiapm-202607,15,climb,160,376.0,2609.0,2303.0,1969.0,,,
GL5T,thaiapm-202607,15,descent,160,365.0,,1631.0,,,,
GL5T,thaiapm-202607,15,climb,180,388.0,2522.0,2210.0,1919.0,,,
GL5T,thaiapm-202607,15,descent,180,387.0,,1732.0,,,,
GL5T,thaiapm-202607,15,climb,200,400.0,2457.0,2132.0,1888.0,,,
GL5T,thaiapm-202607,15,descent,200,399.0,,1813.0,,,,
GL5T,thaiapm-202607,15,climb,220,412.0,2352.0,2016.0,1786.0,,,
GL5T,thaiapm-202607,15,descent,220,412.0,,1841.0,,,,
GL5T,thaiapm-202607,15,climb,240,425.0,2216.0,1891.0,1638.0,,,
GL5T,thaiapm-202607,15,descent,240,425.0,,1919.0,,,,
GL5T,thaiapm-202607,15,climb,260,438.0,2070.0,1740.0,1480.0,,,
GL5T,thaiapm-202607,15,descent,260,438.0,,2031.0,,,,
GL5T,thaiapm-202607,15,climb,280,452.0,1903.0,1561.0,1336.0,,,
GL5T,thaiapm-202607,15,descent,280,452.0,,2097.0,,,,
GL5T,thaiapm-202607,15,climb,300,466.0,1825.0,1526.0,1255.0,,,
GL5T,thaiapm-202607,15,descent,300,466.0,,2144.0,,,,
GL5T,thaiapm-202607,15,cruise,300,495.0,,,,,,
GL5T,thaiapm-202607,15,climb,320,467.0,1940.0,1577.0,1209.0,,,
GL5T,thaiapm-202607,15,descent,320,477.0,,2175.0,,,,
GL5T,thaiapm-202607,15,cruise,320,491.0,,,,,,
GL5T,thaiapm-202607,15,climb,340,463.0,2121.0,1620.0,1231.0,,,
GL5T,thaiapm-202607,15,descent,340,472.0,,2183.0,,,,
GL5T,thaiapm-202607,15,cruise,340,486.0,,,,,,
GL5T,thaiapm-202607,15,climb,360,459.0,2095.0,1663.0,1277.0,,,
GL5T,thaiapm-202607,15,descent,360,468.0,,2136.0,,,,
GL5T,thaiapm-202607,15,cruise,360,482.0,,,,,,
GL5T,thaiapm-202607,15,climb,380,459.0,1962.0,1648.0,1227.0,,,
GL5T,thaiapm-202607,15,descent,380,468.0,,2066.0,,,,
GL5T,thaiapm-202607,15,cruise,380,482.0,,,,,,
GL5T,thaiapm-202607,15,climb,400,459.0,1744.0,1367.0,1042.0,,,
GL5T,thaiapm-202607,15,descent,400,468.0,,1953.0,,,,
GL5T,thaiapm-202607,15,cruise,400,482.0,,,,,,
GL5T,thaiapm-202607,15,climb,420,459.0,1359.0,1033.0,805.0,,,
GL5T,thaiapm-202607,15,descent,420,468.0,,1681.0,,,,
GL5T,thaiapm-202607,15,cruise,420,482.0,,,,,,
GL5T,thaiapm-202607,15,climb,440,459.0,1064.0,850.0,641.0,,,
GL5T,thaiapm-202607,15,descent,440,468.0,,1353.0,,,,
GL5T,thaiapm-202607,15,cruise,440,482.0,,,,,,
GL7T,thaiapm-202607,15,climb,0,180.0,3361.0,2864.0,2439.0,,,
GL7T,thaiapm-202607,15,descent,0,122.0,,638.0,,,,
GL7T,thaiapm-202607,15,climb,5,181.0,3361.0,2864.0,2439.0,,,
GL7T,thaiapm-202607,15,descent,5,122.0,,638.0,,,,
GL7T,thaiapm-202607,15,climb,10,182.0,3361.0,2864.0,2439.0,,,
GL7T,thaiapm-202607,15,descent,10,123.0,,638.0,,,,
GL7T,thaiapm-202607,15,climb,15,187.0,3347.0,2848.0,2379.0,,,
GL7T,thaiapm-202607,15,descent,15,140.0,,678.0,,,,
GL7T,thaiapm-202607,15,climb,20,192.0,3333.0,2831.0,2319.0,,,
GL7T,thaiapm-202607,15,descent,20,156.0,,719.0,,,,
GL7T,thaiapm-202607,15,climb,30,202.0,3305.0,2798.0,2198.0,,,
GL7T,thaiapm-202607,15,descent,30,190.0,,800.0,,,,
GL7T,thaiapm-202607,15,climb,40,220.0,3334.0,2823.0,2330.0,,,
GL7T,thaiapm-202607,15,descent,40,213.0,,952.0,,,,
GL7T,thaiapm-202607,15,climb,60,256.0,3541.0,2931.0,2373.0,,,
GL7T,thaiapm-202607,15,descent,60,249.0,,1161.0,,,,
GL7T,thaiapm-202607,15,climb,80,280.0,3680.0,3011.0,2388.0,,,
GL7T,thaiapm-202607,15,descent,80,273.0,,1250.0,,,,
GL7T,thaiapm-202607,15,climb,100,299.0,3009.0,2512.0,2130.0,,,
GL7T,thaiapm-202607,15,descent,100,289.0,,1320.0,,,,
GL7T,thaiapm-202607,15,climb,120,336.0,2716.0,2345.0,2129.0,,,
GL7T,thaiapm-202607,15,descent,120,299.0,,1383.0,,,,
GL7T,thaiapm-202607,15,climb,140,365.0,2963.0,2598.0,2348.0,,,
GL7T,thaiapm-202607,15,descent,140,325.0,,1456.0,,,,
GL7T,thaiapm-202607,15,climb,160,376.0,2736.0,2391.0,2062.0,,,
GL7T,thaiapm-202607,15,descent,160,359.0,,1553.0,,,,
GL7T,thaiapm-202607,15,climb,180,388.0,2495.0,2200.0,1915.0,,,
GL7T,thaiapm-202607,15,descent,180,382.0,,1681.0,,,,
GL7T,thaiapm-202607,15,climb,200,400.0,2297.0,2097.0,1827.0,,,
GL7T,thaiapm-202607,15,descent,200,398.0,,1809.0,,,,
GL7T,thaiapm-202607,15,climb,220,412.0,2105.0,1905.0,1641.0,,,
GL7T,thaiapm-202607,15,descent,220,411.0,,1888.0,,,,
GL7T,thaiapm-202607,15,climb,240,425.0,1911.0,1649.0,1456.0,,,
GL7T,thaiapm-202607,15,descent,240,424.0,,1950.0,,,,
GL7T,thaiapm-202607,15,climb,260,438.0,1716.0,1464.0,1312.0,,,
GL7T,thaiapm-202607,15,descent,260,437.0,,2015.0,,,,
GL7T,thaiapm-202607,15,climb,280,452.0,1545.0,1352.0,1184.0,,,
GL7T,thaiapm-202607,15,descent,280,451.0,,2065.0,,,,
GL7T,thaiapm-202607,15,climb,300,466.0,1441.0,1266.0,1088.0,,,
GL7T,thaiapm-202607,15,descent,300,466.0,,2112.0,,,,
GL7T,thaiapm-202607,15,climb,320,481.0,1441.0,1219.0,1048.0,,,
GL7T,thaiapm-202607,15,descent,320,481.0,,2183.0,,,,
GL7T,thaiapm-202607,15,climb,340,491.0,1728.0,1409.0,1145.0,,,
GL7T,thaiapm-202607,15,descent,340,490.0,,2214.0,,,,
GL7T,thaiapm-202607,15,climb,360,487.0,1991.0,1648.0,1285.0,,,
GL7T,thaiapm-202607,15,descent,360,487.0,,2175.0,,,,
GL7T,thaiapm-202607,15,climb,380,486.0,1928.0,1568.0,1239.0,,,
GL7T,thaiapm-202607,15,descent,380,486.0,,2097.0,,,,
GL7T,thaiapm-202607,15,climb,400,486.0,1648.0,1329.0,1070.0,,,
GL7T,thaiapm-202607,15,descent,400,486.0,,2016.0,,,,
GL7T,thaiapm-202607,15,cruise,400,491.0,,,,,,
GL7T,thaiapm-202607,15,climb,420,486.0,1329.0,1106.0,824.0,,,
GL7T,thaiapm-202607,15,descent,420,486.0,,1783.0,,,,
GL7T,thaiapm-202607,15,cruise,420,491.0,,,,,,
GL7T,thaiapm-202607,15,climb,440,486.0,1106.0,897.0,636.0,,,
GL7T,thaiapm-202607,15,descent,440,486.0,,1512.0,,,,
GL7T,thaiapm-202607,15,cruise,440,491.0,,,,,,
GLEX,thaiapm-202607,15,climb,0,185.0,3300.0,2783.0,2252.0,,,
GLEX,thaiapm-202607,15,descent,0,125.0,,675.0,,,,
GLEX,thaiapm-202607,15,climb,5,186.0,3300.0,2783.0,2252.0,,,
GLEX,thaiapm-202607,15,descent,5,126.0,,675.0,,,,
GLEX,thaiapm-202607,15,climb,10,188.0,3300.0,2783.0,2252.0,,,
GLEX,thaiapm-202607,15,descent,10,127.0,,675.0,,,,
GLEX,thaiapm-202607,15,climb,15,193.0,3291.0,2759.0,2225.0,,,
GLEX,thaiapm-202607,15,descent,15,142.0,,714.0,,,,
GLEX,thaiapm-202607,15,climb,20,198.0,3281.0,2735.0,2198.0,,,
GLEX,thaiapm-202607,15,descent,20,157.0,,753.0,,,,
GLEX,thaiapm-202607,15,climb,30,209.0,3262.0,2688.0,2144.0,,,
GLEX,thaiapm-202607,15,descent,30,187.0,,831.0,,,,
GLEX,thaiapm-202607,15,climb,40,232.0,3183.0,2672.0,2144.0,,,
GLEX,thaiapm-202607,15,descent,40,207.0,,959.0,,,,
GLEX,thaiapm-202607,15,climb,60,265.0,3236.0,2727.0,2144.0,,,
GLEX,thaiapm-202607,15,descent,60,240.0,,1127.0,,,,
GLEX,thaiapm-202607,15,climb,80,280.0,3343.0,2784.0,2171.0,,,
GLEX,thaiapm-202607,15,descent,80,268.0,,1239.0,,,,
GLEX,thaiapm-202607,15,climb,100,298.0,2894.0,2392.0,1899.0,,,
GLEX,thaiapm-202607,15,descent,100,289.0,,1359.0,,,,
GLEX,thaiapm-202607,15,climb,120,336.0,2579.0,2145.0,1759.0,,,
GLEX,thaiapm-202607,15,descent,120,307.0,,1456.0,,,,
GLEX,thaiapm-202607,15,climb,140,365.0,2616.0,2255.0,1934.0,,,
GLEX,thaiapm-202607,15,descent,140,333.0,,1553.0,,,,
GLEX,thaiapm-202607,15,climb,160,376.0,2472.0,2175.0,1913.0,,,
GLEX,thaiapm-202607,15,descent,160,358.0,,1662.0,,,,
GLEX,thaiapm-202607,15,climb,180,388.0,2353.0,2066.0,1841.0,,,
GLEX,thaiapm-202607,15,descent,180,381.0,,1767.0,,,,
GLEX,thaiapm-202607,15,climb,200,400.0,2219.0,1969.0,1765.0,,,
GLEX,thaiapm-202607,15,descent,200,399.0,,1833.0,,,,
GLEX,thaiapm-202607,15,climb,220,412.0,2086.0,1872.0,1680.0,,,
GLEX,thaiapm-202607,15,descent,220,411.0,,1903.0,,,,
GLEX,thaiapm-202607,15,climb,240,425.0,1995.0,1759.0,1563.0,,,
GLEX,thaiapm-202607,15,descent,240,425.0,,1966.0,,,,
GLEX,thaiapm-202607,15,climb,260,438.0,1856.0,1620.0,1402.0,,,
GLEX,thaiapm-202607,15,descent,260,438.0,,2016.0,,,,
GLEX,thaiapm-202607,15,climb,280,452.0,1685.0,1491.0,1247.0,,,
GLEX,thaiapm-202607,15,descent,280,452.0,,2073.0,,,,
GLEX,thaiapm-202607,15,climb,300,466.0,1588.0,1391.0,1134.0,,,
GLEX,thaiapm-202607,15,descent,300,465.0,,2120.0,,,,
GLEX,thaiapm-202607,15,climb,320,477.0,1697.0,1425.0,1169.0,,,
GLEX,thaiapm-202607,15,descent,320,472.0,,2128.0,,,,
GLEX,thaiapm-202607,15,climb,340,472.0,1872.0,1538.0,1234.0,,,
GLEX,thaiapm-202607,15,descent,340,468.0,,2097.0,,,,
GLEX,thaiapm-202607,15,cruise,340,486.0,,,,,,
GLEX,thaiapm-202607,15,climb,360,468.0,1856.0,1538.0,1200.0,,,
GLEX,thaiapm-202607,15,descent,360,464.0,,2037.0,,,,
GLEX,thaiapm-202607,15,cruise,360,482.0,,,,,,
GLEX,thaiapm-202607,15,climb,380,468.0,1794.0,1491.0,1144.0,,,
GLEX,thaiapm-202607,15,descent,380,463.0,,1924.0,,,,
GLEX,thaiapm-202607,15,cruise,380,482.0,,,,,,
GLEX,thaiapm-202607,15,climb,400,468.0,1573.0,1250.0,981.0,,,
GLEX,thaiapm-202607,15,descent,400,463.0,,1705.0,,,,
GLEX,thaiapm-202607,15,cruise,400,482.0,,,,,,
GLEX,thaiapm-202607,15,climb,420,468.0,1227.0,959.0,765.0,,,
GLEX,thaiapm-202607,15,descent,420,463.0,,1367.0,,,,
GLEX,thaiapm-202607,15,cruise,420,482.0,,,,,,
GLEX,thaiapm-202607,15,climb,440,468.0,1048.0,886.0,641.0,,,
GLEX,thaiapm-202607,15,descent,440,463.0,,1103.0,,,,
GLEX,thaiapm-202607,15,cruise,440,482.0,,,,,,
GLF4,thaiapm-202607,15,climb,0,175.0,3395.0,2889.0,2136.0,,,
GLF4,thaiapm-202607,15,descent,0,138.0,,706.0,,,,
GLF4,thaiapm-202607,15,climb,5,176.0,3395.0,2889.0,2136.0,,,
GLF4,thaiapm-202607,15,descent,5,139.0,,706.0,,,,
GLF4,thaiapm-202607,15,climb,10,177.0,3395.0,2889.0,2136.0,,,
GLF4,thaiapm-202607,15,descent,10,140.0,,706.0,,,,
GLF4,thaiapm-202607,15,climb,15,186.0,3211.0,2711.0,2066.0,,,
GLF4,thaiapm-202607,15,descent,15,152.0,,730.0,,,,
GLF4,thaiapm-202607,15,climb,20,194.0,3026.0,2532.0,1996.0,,,
GLF4,thaiapm-202607,15,descent,20,164.0,,753.0,,,,
GLF4,thaiapm-202607,15,climb,30,211.0,2656.0,2175.0,1856.0,,,
GLF4,thaiapm-202607,15,descent,30,188.0,,800.0,,,,
GLF4,thaiapm-202607,15,climb,40,237.0,3041.0,2575.0,2191.0,,,
GLF4,thaiapm-202607,15,descent,40,207.0,,920.0,,,,
GLF4,thaiapm-202607,15,climb,60,269.0,3375.0,2967.0,2548.0,,,
GLF4,thaiapm-202607,15,descent,60,240.0,,1138.0,,,,
GLF4,thaiapm-202607,15,climb,80,280.0,3212.0,2888.0,2524.0,,,
GLF4,thaiapm-202607,15,descent,80,264.0,,1242.0,,,,
GLF4,thaiapm-202607,15,climb,100,297.0,2780.0,2400.0,1948.0,,,
GLF4,thaiapm-202607,15,descent,100,286.0,,1344.0,,,,
GLF4,thaiapm-202607,15,climb,120,325.0,2466.0,2064.0,1699.0,,,
GLF4,thaiapm-202607,15,descent,120,310.0,,1472.0,,,,
GLF4,thaiapm-202607,15,climb,140,348.0,2396.0,2097.0,1942.0,,,
GLF4,thaiapm-202607,15,descent,140,335.0,,1514.0,,,,
GLF4,thaiapm-202607,15,climb,160,366.0,2252.0,2016.0,1828.0,,,
GLF4,thaiapm-202607,15,descent,160,352.0,,1577.0,,,,
GLF4,thaiapm-202607,15,climb,180,382.0,2099.0,1888.0,1692.0,,,
GLF4,thaiapm-202607,15,descent,180,363.0,,1697.0,,,,
GLF4,thaiapm-202607,15,climb,200,394.0,1936.0,1712.0,1553.0,,,
GLF4,thaiapm-202607,15,descent,200,375.0,,1817.0,,,,
GLF4,thaiapm-202607,15,climb,220,404.0,1759.0,1561.0,1409.0,,,
GLF4,thaiapm-202607,15,descent,220,393.0,,1927.0,,,,
GLF4,thaiapm-202607,15,climb,240,413.0,1616.0,1433.0,1264.0,,,
GLF4,thaiapm-202607,15,descent,240,418.0,,2000.0,,,,
GLF4,thaiapm-202607,15,climb,260,425.0,1522.0,1309.0,1105.0,,,
GLF4,thaiapm-202607,15,descent,260,437.0,,2034.0,,,,
GLF4,thaiapm-202607,15,climb,280,435.0,1475.0,1229.0,1002.0,,,
GLF4,thaiapm-202607,15,descent,280,451.0,,2050.0,,,,
GLF4,thaiapm-202607,15,climb,300,453.0,1443.0,1217.0,984.0,,,
GLF4,thaiapm-202607,15,descent,300,462.0,,2050.0,,,,
GLF4,thaiapm-202607,15,climb,320,449.0,1443.0,1209.0,984.0,,,
GLF4,thaiapm-202607,15,descent,320,463.0,,2062.0,,,,
GLF4,thaiapm-202607,15,cruise,320,467.0,,,,,,
GLF4,thaiapm-202607,15,climb,340,445.0,1475.0,1225.0,986.0,,,
GLF4,thaiapm-202607,15,descent,340,463.0,,2049.0,,,,
GLF4,thaiapm-202607,15,cruise,340,463.0,,,,,,
GLF4,thaiapm-202607,15,climb,360,441.0,1466.0,1216.0,994.0,,,
GLF4,thaiapm-202607,15,descent,360,459.0,,1972.0,,,,
GLF4,thaiapm-202607,15,cruise,360,459.0,,,,,,
GLF4,thaiapm-202607,15,climb,380,441.0,1439.0,1150.0,978.0,,,
GLF4,thaiapm-202607,15,descent,380,459.0,,1930.0,,,,
GLF4,thaiapm-202607,15,cruise,380,459.0,,,,,,
GLF4,thaiapm-202607,15,climb,400,441.0,1336.0,1056.0,924.0,,,
GLF4,thaiapm-202607,15,descent,400,459.0,,1791.0,,,,
GLF4,thaiapm-202607,15,cruise,400,459.0,,,,,,
GLF4,thaiapm-202607,15,climb,420,441.0,1157.0,955.0,812.0,,,
GLF4,thaiapm-202607,15,descent,420,459.0,,1564.0,,,,
GLF4,thaiapm-202607,15,cruise,420,459.0,,,,,,
GLF4,thaiapm-202607,15,climb,440,441.0,1033.0,923.0,660.0,,,
GLF4,thaiapm-202607,15,cruise,440,459.0,,,,,,
GLF5,thaiapm-202607,15,climb,0,172.0,3243.0,2800.0,2462.0,,,
GLF5,thaiapm-202607,15,descent,0,125.0,,675.0,,,,
GLF5,thaiapm-202607,15,climb,5,173.0,3243.0,2800.0,2462.0,,,
GLF5,thaiapm-202607,15,descent,5,126.0,,675.0,,,,
GLF5,thaiapm-202607,15,climb,10,174.0,3243.0,2800.0,2462.0,,,
GLF5,thaiapm-202607,15,descent,10,127.0,,675.0,,,,
GLF5,thaiapm-202607,15,climb,15,183.0,3248.0,2805.0,2465.0,,,
GLF5,thaiapm-202607,15,descent,15,142.0,,714.0,,,,
GLF5,thaiapm-202607,15,climb,20,191.0,3253.0,2809.0,2467.0,,,
GLF5,thaiapm-202607,15,descent,20,157.0,,753.0,,,,
GLF5,thaiapm-202607,15,climb,30,209.0,3262.0,2819.0,2472.0,,,
GLF5,thaiapm-202607,15,descent,30,188.0,,831.0,,,,
GLF5,thaiapm-202607,15,climb,40,235.0,3422.0,2914.0,2483.0,,,
GLF5,thaiapm-202607,15,descent,40,207.0,,928.0,,,,
GLF5,thaiapm-202607,15,climb,60,269.0,3711.0,3081.0,2418.0,,,
GLF5,thaiapm-202607,15,descent,60,237.0,,1103.0,,,,
GLF5,thaiapm-202607,15,climb,80,280.0,3745.0,3048.0,2307.0,,,
GLF5,thaiapm-202607,15,descent,80,261.0,,1247.0,,,,
GLF5,thaiapm-202607,15,climb,100,298.0,3106.0,2516.0,1967.0,,,
GLF5,thaiapm-202607,15,descent,100,284.0,,1394.0,,,,
GLF5,thaiapm-202607,15,climb,120,334.0,2777.0,2331.0,1950.0,,,
GLF5,thaiapm-202607,15,descent,120,306.0,,1506.0,,,,
GLF5,thaiapm-202607,15,climb,140,363.0,2944.0,2543.0,2206.0,,,
GLF5,thaiapm-202607,15,descent,140,329.0,,1584.0,,,,
GLF5,thaiapm-202607,15,climb,160,375.0,2823.0,2487.0,2128.0,,,
GLF5,thaiapm-202607,15,descent,160,349.0,,1678.0,,,,
GLF5,thaiapm-202607,15,climb,180,387.0,2688.0,2400.0,2050.0,,,
GLF5,thaiapm-202607,15,descent,180,363.0,,1734.0,,,,
GLF5,thaiapm-202607,15,climb,200,399.0,2575.0,2306.0,2000.0,,,
GLF5,thaiapm-202607,15,descent,200,375.0,,1784.0,,,,
GLF5,thaiapm-202607,15,climb,220,411.0,2478.0,2209.0,1934.0,,,
GLF5,thaiapm-202607,15,descent,220,398.0,,1905.0,,,,
GLF5,thaiapm-202607,15,climb,240,424.0,2369.0,2081.0,1825.0,,,
GLF5,thaiapm-202607,15,descent,240,422.0,,2025.0,,,,
GLF5,thaiapm-202607,15,climb,260,437.0,2209.0,1965.0,1675.0,,,
GLF5,thaiapm-202607,15,descent,260,437.0,,2105.0,,,,
GLF5,thaiapm-202607,15,climb,280,450.0,2047.0,1810.0,1522.0,,,
GLF5,thaiapm-202607,15,descent,280,451.0,,2179.0,,,,
GLF5,thaiapm-202607,15,climb,300,464.0,1983.0,1717.0,1445.0,,,
GLF5,thaiapm-202607,15,descent,300,462.0,,2226.0,,,,
GLF5,thaiapm-202607,15,climb,320,467.0,2080.0,1775.0,1470.0,,,
GLF5,thaiapm-202607,15,descent,320,464.0,,2206.0,,,,
GLF5,thaiapm-202607,15,climb,340,463.0,2206.0,1825.0,1481.0,,,
GLF5,thaiapm-202607,15,descent,340,463.0,,2144.0,,,,
GLF5,thaiapm-202607,15,cruise,340,477.0,,,,,,
GLF5,thaiapm-202607,15,climb,360,459.0,2191.0,1825.0,1466.0,,,
GLF5,thaiapm-202607,15,descent,360,459.0,,2080.0,,,,
GLF5,thaiapm-202607,15,cruise,360,473.0,,,,,,
GLF5,thaiapm-202607,15,climb,380,459.0,2064.0,1728.0,1345.0,,,
GLF5,thaiapm-202607,15,descent,380,459.0,,2003.0,,,,
GLF5,thaiapm-202607,15,cruise,380,473.0,,,,,,
GLF5,thaiapm-202607,15,climb,400,459.0,1761.0,1359.0,1007.0,,,
GLF5,thaiapm-202607,15,descent,400,459.0,,1915.0,,,,
GLF5,thaiapm-202607,15,cruise,400,473.0,,,,,,
GLF5,thaiapm-202607,15,climb,420,459.0,1514.0,1072.0,777.0,,,
GLF5,thaiapm-202607,15,descent,420,459.0,,1701.0,,,,
GLF5,thaiapm-202607,15,cruise,420,473.0,,,,,,
GLF5,thaiapm-202607,15,climb,440,459.0,1258.0,928.0,633.0,,,
GLF5,thaiapm-202607,15,descent,440,459.0,,1301.0,,,,
GLF5,thaiapm-202607,15,cruise,440,473.0,,,,,,
GLF5,thaiapm-202607,15,climb,460,459.0,889.0,703.0,505.0,,,
GLF5,thaiapm-202607,15,descent,460,459.0,,1280.0,,,,
GLF6,thaiapm-202607,15,climb,0,179.0,3130.0,2625.0,2256.0,,,
GLF6,thaiapm-202607,15,descent,0,129.0,,675.0,,,,
GLF6,thaiapm-202607,15,climb,5,180.0,3130.0,2625.0,2256.0,,,
GLF6,thaiapm-202607,15,descent,5,129.0,,675.0,,,,
GLF6,thaiapm-202607,15,climb,10,182.0,3130.0,2625.0,2256.0,,,
GLF6,thaiapm-202607,15,descent,10,130.0,,675.0,,,,
GLF6,thaiapm-202607,15,climb,15,189.0,3196.0,2673.0,2284.0,,,
GLF6,thaiapm-202607,15,descent,15,144.0,,714.0,,,,
GLF6,thaiapm-202607,15,climb,20,196.0,3262.0,2722.0,2312.0,,,
GLF6,thaiapm-202607,15,descent,20,159.0,,753.0,,,,
GLF6,thaiapm-202607,15,climb,30,210.0,3394.0,2819.0,2369.0,,,
GLF6,thaiapm-202607,15,descent,30,188.0,,831.0,,,,
GLF6,thaiapm-202607,15,climb,40,216.0,3489.0,2897.0,2431.0,,,
GLF6,thaiapm-202607,15,descent,40,207.0,,912.0,,,,
GLF6,thaiapm-202607,15,climb,60,242.0,3520.0,2831.0,2258.0,,,
GLF6,thaiapm-202607,15,descent,60,240.0,,1056.0,,,,
GLF6,thaiapm-202607,15,climb,80,273.0,3338.0,2608.0,2021.0,,,
GLF6,thaiapm-202607,15,descent,80,268.0,,1150.0,,,,
GLF6,thaiapm-202607,15,climb,100,295.0,2882.0,2285.0,1786.0,,,
GLF6,thaiapm-202607,15,descent,100,287.0,,1231.0,,,,
GLF6,thaiapm-202607,15,climb,120,329.0,2647.0,2186.0,1767.0,,,
GLF6,thaiapm-202607,15,descent,120,309.0,,1344.0,,,,
GLF6,thaiapm-202607,15,climb,140,361.0,2697.0,2268.0,1950.0,,,
GLF6,thaiapm-202607,15,descent,140,336.0,,1456.0,,,,
GLF6,thaiapm-202607,15,climb,160,376.0,2585.0,2191.0,1872.0,,,
GLF6,thaiapm-202607,15,descent,160,356.0,,1584.0,,,,
GLF6,thaiapm-202607,15,climb,180,388.0,2505.0,2128.0,1798.0,,,
GLF6,thaiapm-202607,15,descent,180,378.0,,1712.0,,,,
GLF6,thaiapm-202607,15,climb,200,400.0,2427.0,2050.0,1748.0,,,
GLF6,thaiapm-202607,15,descent,200,399.0,,1825.0,,,,
GLF6,thaiapm-202607,15,climb,220,412.0,2288.0,1984.0,1678.0,,,
GLF6,thaiapm-202607,15,descent,220,411.0,,1934.0,,,,
GLF6,thaiapm-202607,15,climb,240,425.0,2132.0,1880.0,1561.0,,,
GLF6,thaiapm-202607,15,descent,240,424.0,,2008.0,,,,
GLF6,thaiapm-202607,15,climb,260,438.0,2020.0,1752.0,1448.0,,,
GLF6,thaiapm-202607,15,descent,260,438.0,,2105.0,,,,
GLF6,thaiapm-202607,15,climb,280,452.0,1919.0,1623.0,1343.0,,,
GLF6,thaiapm-202607,15,descent,280,452.0,,2191.0,,,,
GLF6,thaiapm-202607,15,climb,300,466.0,1775.0,1495.0,1176.0,,,
GLF6,thaiapm-202607,15,descent,300,467.0,,2206.0,,,,
GLF6,thaiapm-202607,15,climb,320,481.0,1659.0,1406.0,1060.0,,,
GLF6,thaiapm-202607,15,descent,320,482.0,,2231.0,,,,
GLF6,thaiapm-202607,15,climb,340,491.0,1740.0,1441.0,1054.0,,,
GLF6,thaiapm-202607,15,descent,340,490.0,,2247.0,,,,
GLF6,thaiapm-202607,15,cruise,340,510.0,,,,,,
GLF6,thaiapm-202607,15,climb,360,487.0,1919.0,1522.0,1050.0,,,
GLF6,thaiapm-202607,15,descent,360,487.0,,2159.0,,,,
GLF6,thaiapm-202607,15,cruise,360,505.0,,,,,,
GLF6,thaiapm-202607,15,climb,380,486.0,1903.0,1512.0,1033.0,,,
GLF6,thaiapm-202607,15,descent,380,486.0,,2031.0,,,,
GLF6,thaiapm-202607,15,cruise,380,505.0,,,,,,
GLF6,thaiapm-202607,15,climb,400,486.0,1666.0,1284.0,940.0,,,
GLF6,thaiapm-202607,15,descent,400,486.0,,1894.0,,,,
GLF6,thaiapm-202607,15,cruise,400,505.0,,,,,,
GLF6,thaiapm-202607,15,climb,420,486.0,1344.0,1002.0,748.0,,,
GLF6,thaiapm-202607,15,descent,420,486.0,,1648.0,,,,
GLF6,thaiapm-202607,15,cruise,420,505.0,,,,,,
GLF6,thaiapm-202607,15,climb,440,486.0,1103.0,859.0,592.0,,,
GLF6,thaiapm-202607,15,descent,440,486.0,,1409.0,,,,
GLF6,thaiapm-202607,15,cruise,440,505.0,,,,,,
GLF6,thaiapm-202607,15,descent,460,486.0,,1188.0,,,,
H25B,thaiapm-202607,15,climb,0,202.0,3231.0,2881.0,2606.0,,,
H25B,thaiapm-202607,15,descent,0,134.0,,675.0,,,,
H25B,thaiapm-202607,15,climb,5,203.0,3231.0,2881.0,2606.0,,,
H25B,thaiapm-202607,15,descent,5,135.0,,675.0,,,,
H25B,thaiapm-202607,15,climb,10,205.0,3231.0,2881.0,2606.0,,,
H25B,thaiapm-202607,15,descent,10,136.0,,675.0,,,,
H25B,thaiapm-202607,15,climb,15,210.0,3207.0,2871.0,2603.0,,,
H25B,thaiapm-202607,15,descent,15,149.0,,706.0,,,,
H25B,thaiapm-202607,15,climb,20,214.0,3183.0,2861.0,2600.0,,,
H25B,thaiapm-202607,15,descent,20,162.0,,738.0,,,,
H25B,thaiapm-202607,15,climb,30,224.0,3135.0,2841.0,2593.0,,,
H25B,thaiapm-202607,15,descent,30,188.0,,800.0,,,,
H25B,thaiapm-202607,15,climb,40,235.0,3195.0,2892.0,2640.0,,,
H25B,thaiapm-202607,15,descent,40,205.0,,944.0,,,,
H25B,thaiapm-202607,15,climb,60,257.0,3165.0,2880.0,2591.0,,,
H25B,thaiapm-202607,15,descent,60,233.0,,1169.0,,,,
H25B,thaiapm-202607,15,climb,80,275.0,3025.0,2752.0,2427.0,,,
H25B,thaiapm-202607,15,descent,80,253.0,,1312.0,,,,
H25B,thaiapm-202607,15,climb,100,288.0,2897.0,2641.0,2363.0,,,
H25B,thaiapm-202607,15,descent,100,274.0,,1425.0,,,,
H25B,thaiapm-202607,15,climb,120,297.0,2717.0,2497.0,2270.0,,,
H25B,thaiapm-202607,15,descent,120,295.0,,1491.0,,,,
H25B,thaiapm-202607,15,climb,140,306.0,2540.0,2320.0,2105.0,,,
H25B,thaiapm-202607,15,descent,140,314.0,,1569.0,,,,
H25B,thaiapm-202607,15,climb,160,316.0,2370.0,2137.0,1953.0,,,
H25B,thaiapm-202607,15,descent,160,333.0,,1667.0,,,,
H25B,thaiapm-202607,15,climb,180,326.0,2194.0,1977.0,1791.0,,,
H25B,thaiapm-202607,15,descent,180,351.0,,1748.0,,,,
H25B,thaiapm-202607,15,climb,200,336.0,2016.0,1823.0,1639.0,,,
H25B,thaiapm-202607,15,descent,200,369.0,,1825.0,,,,
H25B,thaiapm-202607,15,climb,220,347.0,1856.0,1664.0,1503.0,,,
H25B,thaiapm-202607,15,descent,220,387.0,,1941.0,,,,
H25B,thaiapm-202607,15,climb,240,358.0,1681.0,1503.0,1359.0,,,
H25B,thaiapm-202607,15,descent,240,405.0,,2069.0,,,,
H25B,thaiapm-202607,15,climb,260,369.0,1553.0,1391.0,1250.0,,,
H25B,thaiapm-202607,15,descent,260,420.0,,2159.0,,,,
H25B,thaiapm-202607,15,cruise,260,451.0,,,,,,
H25B,thaiapm-202607,15,climb,280,376.0,1600.0,1433.0,1264.0,,,
H25B,thaiapm-202607,15,descent,280,430.0,,2191.0,,,,
H25B,thaiapm-202607,15,cruise,280,447.0,,,,,,
H25B,thaiapm-202607,15,climb,300,372.0,1631.0,1464.0,1279.0,,,
H25B,thaiapm-202607,15,descent,300,436.0,,1872.0,,,,
H25B,thaiapm-202607,15,cruise,300,443.0,,,,,,
H25B,thaiapm-202607,15,climb,320,369.0,1569.0,1359.0,1184.0,,,
H25B,thaiapm-202607,15,descent,320,439.0,,1530.0,,,,
H25B,thaiapm-202607,15,cruise,320,439.0,,,,,,
H25B,thaiapm-202607,15,climb,340,366.0,1421.0,1216.0,1056.0,,,
H25B,thaiapm-202607,15,descent,340,435.0,,1421.0,,,,
H25B,thaiapm-202607,15,cruise,340,435.0,,,,,,
H25B,thaiapm-202607,15,climb,360,363.0,1165.0,1006.0,850.0,,,
H25B,thaiapm-202607,15,descent,360,432.0,,1255.0,,,,
H25B,thaiapm-202607,15,cruise,360,432.0,,,,,,
H25B,thaiapm-202607,15,climb,380,362.0,959.0,769.0,609.0,,,
H25B,thaiapm-202607,15,descent,380,431.0,,1084.0,,,,
H25B,thaiapm-202607,15,cruise,380,431.0,,,,,,
HDJT,thaiapm-202607,15,climb,0,178.0,2719.0,2462.0,2290.0,,,
HDJT,thaiapm-202607,15,descent,0,123.0,,638.0,,,,
HDJT,thaiapm-202607,15,climb,5,179.0,2719.0,2462.0,2290.0,,,
HDJT,thaiapm-202607,15,descent,5,124.0,,638.0,,,,
HDJT,thaiapm-202607,15,climb,10,181.0,2719.0,2462.0,2290.0,,,
HDJT,thaiapm-202607,15,descent,10,125.0,,638.0,,,,
HDJT,thaiapm-202607,15,climb,15,189.0,2812.0,2552.0,2366.0,,,
HDJT,thaiapm-202607,15,descent,15,143.0,,709.0,,,,
HDJT,thaiapm-202607,15,climb,20,198.0,2905.0,2641.0,2442.0,,,
HDJT,thaiapm-202607,15,descent,20,162.0,,781.0,,,,
HDJT,thaiapm-202607,15,climb,30,216.0,3091.0,2819.0,2594.0,,,
HDJT,thaiapm-202607,15,descent,30,199.0,,925.0,,,,
HDJT,thaiapm-202607,15,climb,40,221.0,3258.0,3009.0,2769.0,,,
HDJT,thaiapm-202607,15,descent,40,220.0,,1088.0,,,,
HDJT,thaiapm-202607,15,climb,60,229.0,3305.0,3088.0,2847.0,,,
HDJT,thaiapm-202607,15,descent,60,254.0,,1328.0,,,,
HDJT,thaiapm-202607,15,climb,80,236.0,3111.0,2878.0,2656.0,,,
HDJT,thaiapm-202607,15,descent,80,276.0,,1448.0,,,,
HDJT,thaiapm-202607,15,climb,100,243.0,2944.0,2703.0,2489.0,,,
HDJT,thaiapm-202607,15,descent,100,292.0,,1530.0,,,,
HDJT,thaiapm-202607,15,climb,120,250.0,2722.0,2528.0,2345.0,,,
HDJT,thaiapm-202607,15,descent,120,304.0,,1584.0,,,,
HDJT,thaiapm-202607,15,climb,140,258.0,2489.0,2328.0,2162.0,,,
HDJT,thaiapm-202607,15,descent,140,314.0,,1631.0,,,,
HDJT,thaiapm-202607,15,climb,160,266.0,2280.0,2130.0,1984.0,,,
HDJT,thaiapm-202607,15,descent,160,326.0,,1728.0,,,,
HDJT,thaiapm-202607,15,climb,180,275.0,2070.0,1928.0,1798.0,,,
HDJT,thaiapm-202607,15,descent,180,337.0,,1809.0,,,,
HDJT,thaiapm-202607,15,climb,200,284.0,1767.0,1630.0,1495.0,,,
HDJT,thaiapm-202607,15,descent,200,347.0,,1856.0,,,,
HDJT,thaiapm-202607,15,climb,220,293.0,1545.0,1422.0,1297.0,,,
HDJT,thaiapm-202607,15,descent,220,358.0,,1934.0,,,,
HDJT,thaiapm-202607,15,climb,240,303.0,1480.0,1375.0,1250.0,,,
HDJT,thaiapm-202607,15,descent,240,371.0,,2016.0,,,,
HDJT,thaiapm-202607,15,climb,260,313.0,1359.0,1262.0,1153.0,,,
HDJT,thaiapm-202607,15,descent,260,382.0,,2050.0,,,,
HDJT,thaiapm-202607,15,cruise,260,393.0,,,,,,
HDJT,thaiapm-202607,15,climb,280,323.0,1200.0,1103.0,1025.0,,,
HDJT,thaiapm-202607,15,descent,280,391.0,,2081.0,,,,
HDJT,thaiapm-202607,15,cruise,280,390.0,,,,,,
HDJT,thaiapm-202607,15,climb,300,332.0,1150.0,1041.0,960.0,,,
HDJT,thaiapm-202607,15,descent,300,396.0,,2144.0,,,,
HDJT,thaiapm-202607,15,cruise,300,387.0,,,,,,
HDJT,thaiapm-202607,15,climb,320,332.0,1166.0,1056.0,976.0,,,
HDJT,thaiapm-202607,15,descent,320,393.0,,2144.0,,,,
HDJT,thaiapm-202607,15,cruise,320,383.0,,,,,,
HDJT,thaiapm-202607,15,climb,340,329.0,1076.0,975.0,897.0,,,
HDJT,thaiapm-202607,15,descent,340,389.0,,2077.0,,,,
HDJT,thaiapm-202607,15,cruise,340,380.0,,,,,,
HDJT,thaiapm-202607,15,climb,360,326.0,959.0,843.0,753.0,,,
HDJT,thaiapm-202607,15,descent,360,386.0,,2030.0,,,,
HDJT,thaiapm-202607,15,cruise,360,376.0,,,,,,
HDJT,thaiapm-202607,15,climb,380,326.0,872.0,780.0,706.0,,,
HDJT,thaiapm-202607,15,descent,380,385.0,,1912.0,,,,
LJ60,thaiapm-202607,15,climb,0,192.0,3402.0,3022.0,2748.0,,,
LJ60,thaiapm-202607,15,descent,0,147.0,,769.0,,,,
LJ60,thaiapm-202607,15,climb,5,193.0,3402.0,3022.0,2748.0,,,
LJ60,thaiapm-202607,15,descent,5,148.0,,769.0,,,,
LJ60,thaiapm-202607,15,climb,10,195.0,3402.0,3022.0,2748.0,,,
LJ60,thaiapm-202607,15,descent,10,149.0,,769.0,,,,
LJ60,thaiapm-202607,15,climb,15,198.0,3551.0,3138.0,2807.0,,,
LJ60,thaiapm-202607,15,descent,15,162.0,,808.0,,,,
LJ60,thaiapm-202607,15,climb,20,202.0,3701.0,3255.0,2866.0,,,
LJ60,thaiapm-202607,15,descent,20,175.0,,847.0,,,,
LJ60,thaiapm-202607,15,climb,30,210.0,4000.0,3488.0,2983.0,,,
LJ60,thaiapm-202607,15,descent,30,203.0,,925.0,,,,
LJ60,thaiapm-202607,15,climb,40,215.0,3956.0,3416.0,2994.0,,,
LJ60,thaiapm-202607,15,descent,40,220.0,,1038.0,,,,
LJ60,thaiapm-202607,15,climb,60,228.0,3876.0,3249.0,2726.0,,,
LJ60,thaiapm-202607,15,descent,60,249.0,,1231.0,,,,
LJ60,thaiapm-202607,15,climb,80,249.0,3792.0,3114.0,2427.0,,,
LJ60,thaiapm-202607,15,descent,80,270.0,,1359.0,,,,
LJ60,thaiapm-202607,15,climb,100,274.0,3600.0,3041.0,2501.0,,,
LJ60,thaiapm-202607,15,descent,100,288.0,,1550.0,,,,
LJ60,thaiapm-202607,15,climb,120,294.0,3425.0,2952.0,2584.0,,,
LJ60,thaiapm-202607,15,descent,120,309.0,,1631.0,,,,
LJ60,thaiapm-202607,15,climb,140,306.0,3303.0,2924.0,2554.0,,,
LJ60,thaiapm-202607,15,descent,140,334.0,,1666.0,,,,
LJ60,thaiapm-202607,15,climb,160,316.0,3218.0,2876.0,2487.0,,,
LJ60,thaiapm-202607,15,descent,160,358.0,,1728.0,,,,
LJ60,thaiapm-202607,15,climb,180,326.0,3060.0,2673.0,2246.0,,,
LJ60,thaiapm-202607,15,descent,180,381.0,,1775.0,,,,
LJ60,thaiapm-202607,15,climb,200,337.0,2738.0,2410.0,1986.0,,,
LJ60,thaiapm-202607,15,descent,200,402.0,,1856.0,,,,
LJ60,thaiapm-202607,15,climb,220,348.0,2570.0,2178.0,1822.0,,,
LJ60,thaiapm-202607,15,descent,220,418.0,,1919.0,,,,
LJ60,thaiapm-202607,15,climb,240,359.0,2384.0,2016.0,1647.0,,,
LJ60,thaiapm-202607,15,descent,240,432.0,,2000.0,,,,
LJ60,thaiapm-202607,15,climb,260,371.0,2144.0,1838.0,1456.0,,,
LJ60,thaiapm-202607,15,descent,260,442.0,,2027.0,,,,
LJ60,thaiapm-202607,15,climb,280,383.0,1977.0,1678.0,1352.0,,,
LJ60,thaiapm-202607,15,descent,280,448.0,,2097.0,,,,
LJ60,thaiapm-202607,15,climb,300,395.0,1760.0,1503.0,1268.0,,,
LJ60,thaiapm-202607,15,descent,300,451.0,,2198.0,,,,
LJ60,thaiapm-202607,15,cruise,300,457.0,,,,,,
LJ60,thaiapm-202607,15,climb,320,408.0,1864.0,1536.0,1277.0,,,
LJ60,thaiapm-202607,15,descent,320,450.0,,2256.0,,,,
LJ60,thaiapm-202607,15,cruise,320,453.0,,,,,,
LJ60,thaiapm-202607,15,climb,340,408.0,2126.0,1716.0,1294.0,,,
LJ60,thaiapm-202607,15,descent,340,446.0,,2248.0,,,,
LJ60,thaiapm-202607,15,cruise,340,449.0,,,,,,
LJ60,thaiapm-202607,15,climb,360,404.0,1982.0,1652.0,1139.0,,,
LJ60,thaiapm-202607,15,descent,360,442.0,,2070.0,,,,
LJ60,thaiapm-202607,15,cruise,360,445.0,,,,,,
LJ60,thaiapm-202607,15,climb,380,404.0,1923.0,1525.0,1078.0,,,
LJ60,thaiapm-202607,15,descent,380,442.0,,1712.0,,,,
LJ60,thaiapm-202607,15,cruise,380,445.0,,,,,,
LJ60,thaiapm-202607,15,cruise,400,445.0,,,,,,
SF34,thaiapm-202607,15,climb,0,158.0,1821.0,1569.0,1375.0,,,
SF34,thaiapm-202607,15,descent,0,135.0,,675.0,,,,
SF34,thaiapm-202607,15,climb,5,159.0,1821.0,1569.0,1375.0,,,
SF34,thaiapm-202607,15,descent,5,136.0,,675.0,,,,
SF34,thaiapm-202607,15,climb,10,160.0,1821.0,1569.0,1375.0,,,
SF34,thaiapm-202607,15,descent,10,137.0,,675.0,,,,
SF34,thaiapm-202607,15,climb,15,162.0,1753.0,1520.0,1344.0,,,
SF34,thaiapm-202607,15,descent,15,152.0,,718.0,,,,
SF34,thaiapm-202607,15,climb,20,164.0,1686.0,1472.0,1312.0,,,
SF34,thaiapm-202607,15,descent,20,166.0,,761.0,,,,
SF34,thaiapm-202607,15,climb,30,167.0,1550.0,1375.0,1250.0,,,
SF34,thaiapm-202607,15,descent,30,196.0,,847.0,,,,
SF34,thaiapm-202607,15,climb,40,170.0,1486.0,1344.0,1216.0,,,
SF34,thaiapm-202607,15,descent,40,207.0,,920.0,,,,
SF34,thaiapm-202607,15,climb,60,174.0,1367.0,1247.0,1119.0,,,
SF34,thaiapm-202607,15,descent,60,228.0,,978.0,,,,
SF34,thaiapm-202607,15,climb,80,177.0,1247.0,1119.0,1009.0,,,
SF34,thaiapm-202607,15,descent,80,245.0,,944.0,,,,
SF34,thaiapm-202607,15,climb,100,180.0,1103.0,975.0,866.0,,,
SF34,thaiapm-202607,15,descent,100,258.0,,909.0,,,,
SF34,thaiapm-202607,15,climb,120,183.0,959.0,839.0,738.0,,,
SF34,thaiapm-202607,15,descent,120,264.0,,847.0,,,,
SF34,thaiapm-202607,15,climb,140,186.0,831.0,730.0,641.0,,,
SF34,thaiapm-202607,15,descent,140,264.0,,769.0,,,,
SF34,thaiapm-202607,15,climb,160,190.0,722.0,617.0,512.0,,,
SF34,thaiapm-202607,15,descent,160,261.0,,738.0,,,,
SF34,thaiapm-202607,15,cruise,160,240.0,,,,,,
SF34,thaiapm-202607,15,cruise,180,238.0,,,,,,
SU95,thaiapm-202607,15,climb,0,147.0,3104.0,2834.0,2680.0,,,
SU95,thaiapm-202607,15,descent,0,144.0,,769.0,,,,
SU95,thaiapm-202607,15,climb,5,148.0,3104.0,2834.0,2680.0,,,
SU95,thaiapm-202607,15,descent,5,145.0,,769.0,,,,
SU95,thaiapm-202607,15,climb,10,149.0,3104.0,2834.0,2680.0,,,
SU95,thaiapm-202607,15,descent,10,146.0,,769.0,,,,
SU95,thaiapm-202607,15,climb,15,152.0,2862.0,2472.0,2287.0,,,
SU95,thaiapm-202607,15,descent,15,158.0,,808.0,,,,
SU95,thaiapm-202607,15,climb,20,155.0,2620.0,2110.0,1895.0,,,
SU95,thaiapm-202607,15,descent,20,169.0,,847.0,,,,
SU95,thaiapm-202607,15,climb,30,161.0,2136.0,1386.0,1109.0,,,
SU95,thaiapm-202607,15,descent,30,193.0,,925.0,,,,
SU95,thaiapm-202607,15,climb,40,213.0,2591.0,2052.0,1182.0,,,
SU95,thaiapm-202607,15,descent,40,210.0,,1030.0,,,,
SU95,thaiapm-202607,15,climb,60,271.0,3186.0,2928.0,2064.0,,,
SU95,thaiapm-202607,15,descent,60,241.0,,1127.0,,,,
SU95,thaiapm-202607,15,climb,80,280.0,3262.0,3037.0,2796.0,,,
SU95,thaiapm-202607,15,descent,80,269.0,,1283.0,,,,
SU95,thaiapm-202607,15,climb,100,301.0,2829.0,2600.0,2393.0,,,
SU95,thaiapm-202607,15,descent,100,301.0,,1407.0,,,,
SU95,thaiapm-202607,15,climb,120,327.0,2629.0,2445.0,2249.0,,,
SU95,thaiapm-202607,15,descent,120,327.0,,1523.0,,,,
SU95,thaiapm-202607,15,climb,140,341.0,2784.0,2544.0,2334.0,,,
SU95,thaiapm-202607,15,descent,140,342.0,,1736.0,,,,
SU95,thaiapm-202607,15,climb,160,352.0,2646.0,2388.0,2159.0,,,
SU95,thaiapm-202607,15,descent,160,353.0,,1930.0,,,,
SU95,thaiapm-202607,15,climb,180,363.0,2431.0,2213.0,2018.0,,,
SU95,thaiapm-202607,15,descent,180,363.0,,2058.0,,,,
SU95,thaiapm-202607,15,cruise,180,485.0,,,,,,
SU95,thaiapm-202607,15,climb,200,374.0,2213.0,2016.0,1874.0,,,
SU95,thaiapm-202607,15,descent,200,375.0,,2081.0,,,,
SU95,thaiapm-202607,15,cruise,200,482.0,,,,,,
SU95,thaiapm-202607,15,climb,220,386.0,2038.0,1822.0,1718.0,,,
SU95,thaiapm-202607,15,descent,220,387.0,,2144.0,,,,
SU95,thaiapm-202607,15,cruise,220,478.0,,,,,,
SU95,thaiapm-202607,15,climb,240,398.0,1890.0,1662.0,1532.0,,,
SU95,thaiapm-202607,15,descent,240,399.0,,2155.0,,,,
SU95,thaiapm-202607,15,cruise,240,474.0,,,,,,
SU95,thaiapm-202607,15,climb,260,411.0,1681.0,1497.0,1367.0,,,
SU95,thaiapm-202607,15,descent,260,411.0,,2063.0,,,,
SU95,thaiapm-202607,15,cruise,260,470.0,,,,,,
SU95,thaiapm-202607,15,climb,280,424.0,1522.0,1338.0,1233.0,,,
SU95,thaiapm-202607,15,descent,280,424.0,,1795.0,,,,
SU95,thaiapm-202607,15,cruise,280,466.0,,,,,,
SU95,thaiapm-202607,15,climb,300,437.0,1359.0,1177.0,1039.0,,,
SU95,thaiapm-202607,15,descent,300,437.0,,1409.0,,,,
SU95,thaiapm-202607,15,cruise,300,462.0,,,,,,
SU95,thaiapm-202607,15,climb,320,439.0,1157.0,1017.0,890.0,,,
SU95,thaiapm-202607,15,descent,320,439.0,,1200.0,,,,
SU95,thaiapm-202607,15,cruise,320,458.0,,,,,,
SU95,thaiapm-202607,15,cruise,340,454.0,,,,,,
TEX2,thaiapm-202607,15,climb,0,156.0,3153.0,2750.0,2275.0,,,
TEX2,thaiapm-202607,15,descent,0,126.0,,656.0,,,,
TEX2,thaiapm-202607,15,climb,5,157.0,3153.0,2750.0,2275.0,,,
TEX2,thaiapm-202607,15,descent,5,127.0,,656.0,,,,
TEX2,thaiapm-202607,15,climb,10,158.0,3153.0,2750.0,2275.0,,,
TEX2,thaiapm-202607,15,descent,10,128.0,,656.0,,,,
TEX2,thaiapm-202607,15,climb,15,159.0,3153.0,2750.0,2275.0,,,
TEX2,thaiapm-202607,15,descent,15,145.0,,741.0,,,,
TEX2,thaiapm-202607,15,climb,20,160.0,3153.0,2750.0,2275.0,,,
TEX2,thaiapm-202607,15,descent,20,163.0,,825.0,,,,
TEX2,thaiapm-202607,15,climb,30,162.0,3153.0,2750.0,2275.0,,,
TEX2,thaiapm-202607,15,descent,30,199.0,,994.0,,,,
TEX2,thaiapm-202607,15,climb,40,160.0,2985.0,2688.0,2367.0,,,
TEX2,thaiapm-202607,15,descent,40,209.0,,1328.0,,,,
TEX2,thaiapm-202607,15,climb,60,170.0,2833.0,2556.0,2301.0,,,
TEX2,thaiapm-202607,15,descent,60,224.0,,1569.0,,,,
TEX2,thaiapm-202607,15,climb,80,175.0,2816.0,2459.0,2159.0,,,
TEX2,thaiapm-202607,15,descent,80,233.0,,1522.0,,,,
TEX2,thaiapm-202607,15,climb,100,168.0,2536.0,2256.0,2016.0,,,
TEX2,thaiapm-202607,15,descent,100,240.0,,1600.0,,,,
TEX2,thaiapm-202607,15,climb,120,173.0,2328.0,2057.0,1829.0,,,
TEX2,thaiapm-202607,15,descent,120,247.0,,1635.0,,,,
TEX2,thaiapm-202607,15,climb,140,177.0,2118.0,1873.0,1621.0,,,
TEX2,thaiapm-202607,15,descent,140,255.0,,1672.0,,,,
TEX2,thaiapm-202607,15,climb,160,183.0,1780.0,1648.0,1440.0,,,
TEX2,thaiapm-202607,15,descent,160,265.0,,1716.0,,,,
TEX2,thaiapm-202607,15,cruise,160,255.0,,,,,,
TEX2,thaiapm-202607,15,descent,180,273.0,,1600.0,,,,
TEX2,thaiapm-202607,15,cruise,180,253.0,,,,,,
TEX2,thaiapm-202607,15,cruise,200,251.0,,,,,,
TEX2,thaiapm-202607,15,cruise,220,249.0,,,,,,
TEX2,thaiapm-202607,15,cruise,240,247.0,,,,,,
