{"type": "FeatureCollection", "features": [{"type": "Feature", "properties": {"feature_type": "route", "flight_key": "RT1_20251223T0000Z", "route": "NOBER W21 SURGU", "callsign": "RT1", "aircraft_type": "B738", "adep": "VTBD", "ades": "VTUD", "rfl": 350, "eobt": "2025-12-23T00:00:00+00:00", "idents": ["NOBER", "CMP", "SURGU"]}, "geometry": {"type": "LineString", "coordinates": [[100.668333, 15.276667], [101.988889, 16.635278], [102.402222, 17.032778]]}}, {"id": "0", "type": "Feature", "properties": {"flight_key": "RT1_20251223T0000Z", "callsign": "RT1", "aircraft_type": "B738", "adep": "VTBD", "ades": "VTUD", "dep_rwy": "", "arr_rwy": "", "sid": "", "star": "", "approach": "", "epoch_ts": "2025-12-23 00:00:00+00:00", "altitude_ft": 8.7, "tas_kt": 250.0, "gs_kt": 250.0, "track_deg": 2.5565626130177685, "phase": "climb", "waypoint": "", "sector": "VTR1", "event": ""}, "geometry": {"type": "Point", "coordinates": [100.605692, 13.914372, 2.65176]}}, {"id": "1", "type": "Feature", "properties": {"flight_key": "RT1_20251223T0000Z", "callsign": "RT1", "aircraft_type": "B738", "adep": "VTBD", "ades": "VTUD", "dep_rwy": "", "arr_rwy": "", "sid": "", "star": "", "approach": "", "epoch_ts": "2025-12-23 00:00:05+00:00", "altitude_ft": 146.8, "tas_kt": 250.5, "gs_kt": 250.5, "track_deg": 2.5565626130177685, "phase": "climb", "waypoint": "", "sector": "Bangkok CTR", "event": ""}, "geometry": {"type": "Point", "coordinates": [100.60606906349027, 13.922620807137543, 44.744640000000004]}}, {"id": "2", "type": "Feature", "properties": {"flight_key": "RT1_20251223T0000Z", "callsign": "RT1", "aircraft_type": "B738", "adep": "VTBD", "ades": "VTUD", "dep_rwy": "", "arr_rwy": "", "sid": "", "star": "", "approach": "", "epoch_ts": "2025-12-23 00:00:10+00:00", "altitude_ft": 284.9, "tas_kt": 251.0, "gs_kt": 251.0, "track_deg": 2.5565626130177685, "phase": "climb", "waypoint": "", "sector": "Bangkok CTR", "event": ""}, "geometry": {"type": "Point", "coordinates": [100.6064461537257, 13.930869608119657, 86.83752]}}, {"id": "3", "type": "Feature", "properties": {"flight_key": "RT1_20251223T0000Z", "callsign": "RT1", "aircraft_type": "B738", "adep": "VTBD", "ades": "VTUD", "dep_rwy": "", "arr_rwy": "", "sid": "", "star": "", "approach": "", "epoch_ts": "2025-12-23 00:00:15+00:00", "altitude_ft": 422.9, "tas_kt": 251.5, "gs_kt": 251.5, "track_deg": 2.5565626130177685, "phase": "climb", "waypoint": "", "sector": "Bangkok CTR", "event": ""}, "geometry": {"type": "Point", "coordinates": [100.6068232707247, 13.939118402942912, 128.89992]}}, {"id": "4", "type": "Feature", "properties": {"flight_key": "RT1_20251223T0000Z", "callsign": "RT1", "aircraft_type": "B738", "adep": "VTBD", "ades": "VTUD", "dep_rwy": "", "arr_rwy": "", "sid": "", "star": "", "approach": "", "epoch_ts": "2025-12-23 00:00:20+00:00", "altitude_ft": 577.0, "tas_kt": 252.0, "gs_kt": 252.0, "track_deg": 2.5565626130177685, "phase": "climb", "waypoint": "", "sector": "Bangkok CTR", "event": ""}, "geometry": {"type": "Point", "coordinates": [100.60720041450564, 13.947367191603876, 175.86960000000002]}}, {"id": "5", "type": "Feature", "properties": {"flight_key": "RT1_20251223T0000Z", "callsign": "RT1", "aircraft_type": "B738", "adep": "VTBD", "ades": "VTUD", "dep_rwy": "", "arr_rwy": "", "sid": "", "star": "", "approach": "", "epoch_ts": "2025-12-23 00:00:25+00:00", "altitude_ft": 751.1, "tas_kt": 252.7, "gs_kt": 252.7, "track_deg": 2.5565626130177685, "phase": "climb", "waypoint": "", "sector": "Bangkok CTR", "event": ""}, "geometry": {"type": "Point", "coordinates": [100.60757758508691, 13.955615974099121, 228.93528]}}, {"id": "6", "type": "Feature", "properties": {"flight_key": "RT1_20251223T0000Z", "callsign": "RT1", "aircraft_type": "B738", "adep": "VTBD", "ades": "VTUD", "dep_rwy": "", "arr_rwy": "", "sid": "", "star": "", "approach": "", "epoch_ts": "2025-12-23 00:00:30+00:00", "altitude_ft": 925.2, "tas_kt": 253.3, "gs_kt": 253.3, "track_deg": 2.5565626130177685, "phase": "climb", "waypoint": "", "sector": "Bangkok CTR", "event": ""}, "geometry": {"type": "Point", "coordinates": [100.6079547824869, 13.963864750425216, 282.00096]}}, {"id": "7", "type": "Feature", "properties": {"flight_key": "RT1_20251223T0000Z", "callsign": "RT1", "aircraft_type": "B738", "adep": "VTBD", "ades": "VTUD", "dep_rwy": "", "arr_rwy": "", "sid": "", "star": "", "approach": "", "epoch_ts": "2025-12-23 00:00:35+00:00", "altitude_ft": 1106.3, "tas_kt": 253.9, "gs_kt": 253.9, "track_deg": 2.5565626130177685, "phase": "climb", "waypoint": "", "sector": "Bangkok CTR", "event": ""}, "geometry": {"type": "Point", "coordinates": [100.60833200672401, 13.972113520578727, 337.20024]}}, {"id": "8", "type": "Feature", "properties": {"flight_key": "RT1_20251223T0000Z", "callsign": "RT1", "aircraft_type": "B738", "adep": "VTBD", "ades": "VTUD", "dep_rwy": "", "arr_rwy": "", "sid": "", "star": "", "approach": "", "epoch_ts": "2025-12-23 00:00:40+00:00", "altitude_ft": 1292.6, "tas_kt": 254.6, "gs_kt": 254.6, "track_deg": 2.5565626130177685, "phase": "climb", "waypoint": "", "sector": "Bangkok CTR", "event": ""}, "geometry": {"type": "Point", "coordinates": [100.60870925781666, 13.980362284556227, 393.98448]}}, {"id": "9", "type": "Feature", "properties": {"flight_key": "RT1_20251223T0000Z", "callsign": "RT1", "aircraft_type": "B738", "adep": "VTBD", "ades": "VTUD", "dep_rwy": "", "arr_rwy": "", "sid": "", "star": "", "approach": "", "epoch_ts": "2025-12-23 00:00:45+00:00", "altitude_ft": 1479.0, "tas_kt": 255.3, "gs_kt": 255.3, "track_deg": 2.5565626130177685, "phase": "climb", "waypoint": "", "sector": "Bangkok CTR", "event": ""}, "geometry": {"type": "Point", "coordinates": [100.60908653578322, 13.988611042354284, 450.79920000000004]}}, {"id": "10", "type": "Feature", "properties": {"flight_key": "RT1_20251223T0000Z", "callsign": "RT1", "aircraft_type": "B738", "adep": "VTBD", "ades": "VTUD", "dep_rwy": "", "arr_rwy": "", "sid": "", "star": "", "approach": "", "epoch_ts": "2025-12-23 00:00:50+00:00", "altitude_ft": 1654.9, "tas_kt": 255.9, "gs_kt": 255.9, "track_deg": 2.5565626130177685, "phase": "climb", "waypoint": "", "sector": "Bangkok CTR", "event": ""}, "geometry": {"type": "Point", "coordinates": [100.60946384064212, 13.996859793969474, 504.41352000000006]}}, {"id": "11", "type": "Feature", "properties": {"flight_key": "RT1_20251223T0000Z", "callsign": "RT1", "aircraft_type": "B738", "adep": "VTBD", "ades": "VTUD", "dep_rwy": "", "arr_rwy": "", "sid": "", "star": "", "approach": "", "epoch_ts": "2025-12-23 00:00:55+00:00", "altitude_ft": 1829.5, "tas_kt": 256.5, "gs_kt": 256.5, "track_deg": 2.5565626130177685, "phase": "climb", "waypoint": "", "sector": "Bangkok CTR", "event": ""}, "geometry": {"type": "Point", "coordinates": [100.60984117241179, 14.005108539398368, 557.6316]}}, {"id": "12", "type": "Feature", "properties": {"flight_key": "RT1_20251223T0000Z", "callsign": "RT1", "aircraft_type": "B738", "adep": "VTBD", "ades": "VTUD", "dep_rwy": "", "arr_rwy": "", "sid": "", "star": "", "approach": "", "epoch_ts": "2025-12-23 00:01:00+00:00", "altitude_ft": 2003.7, "tas_kt": 257.2, "gs_kt": 257.2, "track_deg": 2.5565626130177685, "phase": "climb", "waypoint": "", "sector": "Bangkok CTR", "event": ""}, "geometry": {"type": "Point", "coordinates": [100.61021853111065, 14.01335727863753, 610.72776]}}, {"id": "13", "type": "Feature", "properties": {"flight_key": "RT1_20251223T0000Z", "callsign": "RT1", "aircraft_type": "B738", "adep": "VTBD", "ades": "VTUD", "dep_rwy": "", "arr_rwy": "", "sid": "", "star": "", "approach": "", "epoch_ts": "2025-12-23 00:01:05+00:00", "altitude_ft": 2160.8, "tas_kt": 257.7, "gs_kt": 257.7, "track_deg": 2.5565626130177685, "phase": "climb", "waypoint": "", "sector": "Bangkok CTR", "event": ""}, "geometry": {"type": "Point", "coordinates": [100.6105959167571, 14.02160601168354, 658.6118400000001]}}, {"id": "14", "type": "Feature", "properties": {"flight_key": "RT1_20251223T0000Z", "callsign": "RT1", "aircraft_type": "B738", "adep": "VTBD", "ades": "VTUD", "dep_rwy": "", "arr_rwy": "", "sid": "", "star": "", "approach": "", "epoch_ts": "2025-12-23 00:01:10+00:00", "altitude_ft": 2317.8, "tas_kt": 258.3, "gs_kt": 258.3, "track_deg": 2.5565626130177685, "phase": "climb", "waypoint": "", "sector": "Bangkok CTR", "event": ""}, "geometry": {"type": "Point", "coordinates": [100.61097332936961, 14.029854738532967, 706.4654400000001]}}, {"id": "15", "type": "Feature", "properties": {"flight_key": "RT1_20251223T0000Z", "callsign": "RT1", "aircraft_type": "B738", "adep": "VTBD", "ades": "VTUD", "dep_rwy": "", "arr_rwy": "", "sid": "", "star": "", "approach": "", "epoch_ts": "2025-12-23 00:01:15+00:00", "altitude_ft": 2474.9, "tas_kt": 258.9, "gs_kt": 258.9, "track_deg": 2.5565626130177685, "phase": "climb", "waypoint": "", "sector": "Bangkok CTR", "event": ""}, "geometry": {"type": "Point", "coordinates": [100.61135076896659, 14.03810345918238, 754.3495200000001]}}, {"id": "16", "type": "Feature", "properties": {"flight_key": "RT1_20251223T0000Z", "callsign": "RT1", "aircraft_type": "B738", "adep": "VTBD", "ades": "VTUD", "dep_rwy": "", "arr_rwy": "", "sid": "", "star": "", "approach": "", "epoch_ts": "2025-12-23 00:01:20+00:00", "altitude_ft": 2631.9, "tas_kt": 259.5, "gs_kt": 259.5, "track_deg": 2.5565626130177685, "phase": "climb", "waypoint": "", "sector": "Bangkok CTR", "event": ""}, "geometry": {"type": "Point", "coordinates": [100.61172823556649, 14.046352173628364, 802.20312]}}, {"id": "17", "type": "Feature", "properties": {"flight_key": "RT1_20251223T0000Z", "callsign": "RT1", "aircraft_type": "B738", "adep": "VTBD", "ades": "VTUD", "dep_rwy": "", "arr_rwy": "", "sid": "", "star": "", "approach": "", "epoch_ts": "2025-12-23 00:01:25+00:00", "altitude_ft": 2789.0, "tas_kt": 260.0, "gs_kt": 260.0, "track_deg": 2.5565626130177685, "phase": "climb", "waypoint": "", "sector": "Bangkok CTR", "event": ""}, "geometry": {"type": "Point", "coordinates": [100.61210572918775, 14.054600881867481, 850.0872]}}, {"id": "18", "type": "Feature", "properties": {"flight_key": "RT1_20251223T0000Z", "callsign": "RT1", "aircraft_type": "B738", "adep": "VTBD", "ades": "VTUD", "dep_rwy": "", "arr_rwy": "", "sid": "", "star": "", "approach": "", "epoch_ts": "2025-12-23 00:01:30+00:00", "altitude_ft": 2946.0, "tas_kt": 260.6, "gs_kt": 260.6, "track_deg": 2.5565626130177685, "phase": "climb", "waypoint": "", "sector": "Bangkok CTR", "event": ""}, "geometry": {"type": "Point", "coordinates": [100.61248324984884, 14.062849583896309, 897.9408000000001]}}, {"id": "19", "type": "Feature", "properties": {"flight_key": "RT1_20251223T0000Z", "callsign": "RT1", "aircraft_type": "B738", "adep": "VTBD", "ades": "VTUD", "dep_rwy": "", "arr_rwy": "", "sid": "", "star": "", "approach": "", "epoch_ts": "2025-12-23 00:01:35+00:00", "altitude_ft": 3101.2, "tas_kt": 261.2, "gs_kt": 261.2, "track_deg": 2.5565626130177685, "phase": "climb", "waypoint": "", "sector": "Bangkok CTR", "event": ""}, "geometry": {"type": "Point", "coordinates": [100.61286079756817, 14.071098279711421, 945.24576]}}, {"id": "20", "type": "Feature", "properties": {"flight_key": "RT1_20251223T0000Z", "callsign": "RT1", "aircraft_type": "B738", "adep": "VTBD", "ades": "VTUD", "dep_rwy": "", "arr_rwy": "", "sid": "", "star": "", "approach": "", "epoch_ts": "2025-12-23 00:01:40+00:00", "altitude_ft": 3255.5, "tas_kt": 261.8, "gs_kt": 261.8, "track_deg": 2.5565626130177685, "phase": "climb", "waypoint": "", "sector": "Bangkok CTR", "event": ""}, "geometry": {"type": "Point", "coordinates": [100.61323837236426, 14.079346969309395, 992.2764000000001]}}, {"id": "21", "type": "Feature", "properties": {"flight_key": "RT1_20251223T0000Z", "callsign": "RT1", "aircraft_type": "B738", "adep": "VTBD", "ades": "VTUD", "dep_rwy": "", "arr_rwy": "", "sid": "", "star": "", "approach": "", "epoch_ts": "2025-12-23 00:01:45+00:00", "altitude_ft": 3409.8, "tas_kt": 262.4, "gs_kt": 262.4, "track_deg": 2.5565626130177685, "phase": "climb", "waypoint": "", "sector": "Bangkok CTR", "event": ""}, "geometry": {"type": "Point", "coordinates": [100.61361597425554, 14.0875956526868, 1039.3070400000001]}}, {"id": "22", "type": "Feature", "properties": {"flight_key": "RT1_20251223T0000Z", "callsign": "RT1", "aircraft_type": "B738", "adep": "VTBD", "ades": "VTUD", "dep_rwy": "", "arr_rwy": "", "sid": "", "star": "", "approach": "", "epoch_ts": "2025-12-23 00:01:50+00:00", "altitude_ft": 3564.1, "tas_kt": 262.9, "gs_kt": 262.9, "track_deg": 2.5565626130177685, "phase": "climb", "waypoint": "", "sector": "Bangkok CTR", "event": ""}, "geometry": {"type": "Point", "coordinates": [100.6139936032605, 14.095844329840219, 1086.33768]}}, {"id": "23", "type": "Feature", "properties": {"flight_key": "RT1_20251223T0000Z", "callsign": "RT1", "aircraft_type": "B738", "adep": "VTBD", "ades": "VTUD", "dep_rwy": "", "arr_rwy": "", "sid": "", "star": "", "approach": "", "epoch_ts": "2025-12-23 00:01:55+00:00", "altitude_ft": 3718.4, "tas_kt": 263.5, "gs_kt": 263.5, "track_deg": 2.5565626130177685, "phase": "climb", "waypoint": "", "sector": "Bangkok CTR", "event": ""}, "geometry": {"type": "Point", "coordinates": [100.61437125939759, 14.104093000766225, 1133.36832]}}, {"id": "24", "type": "Feature", "properties": {"flight_key": "RT1_20251223T0000Z", "callsign": "RT1", "aircraft_type": "B738", "adep": "VTBD", "ades": "VTUD", "dep_rwy": "", "arr_rwy": "", "sid": "", "star": "", "approach": "", "epoch_ts": "2025-12-23 00:02:00+00:00", "altitude_ft": 3872.7, "tas_kt": 264.1, "gs_kt": 264.1, "track_deg": 2.5565626130177685, "phase": "climb", "waypoint": "", "sector": "Bangkok CTR", "event": ""}, "geometry": {"type": "Point", "coordinates": [100.61474894268531, 14.11234166546139, 1180.39896]}}, {"id": "25", "type": "Feature", "properties": {"flight_key": "RT1_20251223T0000Z", "callsign": "RT1", "aircraft_type": "B738", "adep": "VTBD", "ades": "VTUD", "dep_rwy": "", "arr_rwy": "", "sid": "", "star": "", "approach": "", "epoch_ts": "2025-12-23 00:02:05+00:00", "altitude_ft": 4031.6, "tas_kt": 264.7, "gs_kt": 264.7, "track_deg": 2.5565626130177685, "phase": "climb", "waypoint": "", "sector": "Bangkok CTR", "event": ""}, "geometry": {"type": "Point", "coordinates": [100.61512665314213, 14.120590323922293, 1228.83168]}}, {"id": "26", "type": "Feature", "properties": {"flight_key": "RT1_20251223T0000Z", "callsign": "RT1", "aircraft_type": "B738", "adep": "VTBD", "ades": "VTUD", "dep_rwy": "", "arr_rwy": "", "sid": "", "star": "", "approach": "", "epoch_ts": "2025-12-23 00:02:10+00:00", "altitude_ft": 4212.6, "tas_kt": 265.4, "gs_kt": 265.4, "track_deg": 2.5565626130177685, "phase": "climb", "waypoint": "", "sector": "Bangkok CTR", "event": ""}, "geometry": {"type": "Point", "coordinates": [100.61550439078655, 14.128838976145513, 1284.0004800000002]}}, {"id": "27", "type": "Feature", "properties": {"flight_key": "RT1_20251223T0000Z", "callsign": "RT1", "aircraft_type": "B738", "adep": "VTBD", "ades": "VTUD", "dep_rwy": "", "arr_rwy": "", "sid": "", "star": "", "approach": "", "epoch_ts": "2025-12-23 00:02:15+00:00", "altitude_ft": 4393.6, "tas_kt": 266.1, "gs_kt": 266.1, "track_deg": 2.5565626130177685, "phase": "climb", "waypoint": "", "sector": "Bangkok CTR", "event": ""}, "geometry": {"type": "Point", "coordinates": [100.61588215563708, 14.137087622127627, 1339.16928]}}, {"id": "28", "type": "Feature", "properties": {"flight_key": "RT1_20251223T0000Z", "callsign": "RT1", "aircraft_type": "B738", "adep": "VTBD", "ades": "VTUD", "dep_rwy": "", "arr_rwy": "", "sid": "", "star": "", "approach": "", "epoch_ts": "2025-12-23 00:02:20+00:00", "altitude_ft": 4574.5, "tas_kt": 266.8, "gs_kt": 266.8, "track_deg": 2.5565626130177685, "phase": "climb", "waypoint": "", "sector": "Bangkok CTR", "event": ""}, "geometry": {"type": "Point", "coordinates": [100.61625994771218, 14.14533626186521, 1394.3076]}}, {"id": "29", "type": "Feature", "properties": {"flight_key": "RT1_20251223T0000Z", "callsign": "RT1", "aircraft_type": "B738", "adep": "VTBD", "ades": "VTUD", "dep_rwy": "", "arr_rwy": "", "sid": "", "star": "", "approach": "", "epoch_ts": "2025-12-23 00:02:25+00:00", "altitude_ft": 4755.5, "tas_kt": 267.5, "gs_kt": 267.5, "track_deg": 2.5565626130177685, "phase": "climb", "waypoint": "", "sector": "Bangkok CTR", "event": ""}, "geometry": {"type": "Point", "coordinates": [100.6166377670304, 14.153584895354841, 1449.4764]}}, {"id": "30", "type": "Feature", "properties": {"flight_key": "RT1_20251223T0000Z", "callsign": "RT1", "aircraft_type": "B738", "adep": "VTBD", "ades": "VTUD", "dep_rwy": "", "arr_rwy": "", "sid": "", "star": "", "approach": "", "epoch_ts": "2025-12-23 00:02:30+00:00", "altitude_ft": 4936.4, "tas_kt": 268.2, "gs_kt": 268.2, "track_deg": 2.5565626130177685, "phase": "climb", "waypoint": "", "sector": "Bangkok CTR", "event": ""}, "geometry": {"type": "Point", "coordinates": [100.61701561361022, 14.1618335225931, 1504.61472]}}, {"id": "31", "type": "Feature", "properties": {"flight_key": "RT1_20251223T0000Z", "callsign": "RT1", "aircraft_type": "B738", "adep": "VTBD", "ades": "VTUD", "dep_rwy": "", "arr_rwy": "", "sid": "", "star": "", "approach": "", "epoch_ts": "2025-12-23 00:02:35+00:00", "altitude_ft": 5117.4, "tas_kt": 268.9, "gs_kt": 268.9, "track_deg": 2.5565626130177685, "phase": "climb", "waypoint": "", "sector": "Bangkok CTR", "event": ""}, "geometry": {"type": "Point", "coordinates": [100.61739348747015, 14.170082143576561, 1559.78352]}}, {"id": "32", "type": "Feature", "properties": {"flight_key": "RT1_20251223T0000Z", "callsign": "RT1", "aircraft_type": "B738", "adep": "VTBD", "ades": "VTUD", "dep_rwy": "", "arr_rwy": "", "sid": "", "star": "", "approach": "", "epoch_ts": "2025-12-23 00:02:40+00:00", "altitude_ft": 5298.4, "tas_kt": 269.6, "gs_kt": 269.6, "track_deg": 2.5565626130177685, "phase": "climb", "waypoint": "", "sector": "Bangkok CTR", "event": ""}, "geometry": {"type": "Point", "coordinates": [100.61777138862874, 14.17833075830181, 1614.9523199999999]}}, {"id": "33", "type": "Feature", "properties": {"flight_key": "RT1_20251223T0000Z", "callsign": "RT1", "aircraft_type": "B738", "adep": "VTBD", "ades": "VTUD", "dep_rwy": "", "arr_rwy": "", "sid": "", "star": "", "approach": "", "epoch_ts": "2025-12-23 00:02:45+00:00", "altitude_ft": 5479.3, "tas_kt": 270.3, "gs_kt": 270.3, "track_deg": 2.5565626130177685, "phase": "climb", "waypoint": "", "sector": "Bangkok CTR", "event": ""}, "geometry": {"type": "Point", "coordinates": [100.61814931710448, 14.186579366765427, 1670.0906400000001]}}, {"id": "34", "type": "Feature", "properties": {"flight_key": "RT1_20251223T0000Z", "callsign": "RT1", "aircraft_type": "B738", "adep": "VTBD", "ades": "VTUD", "dep_rwy": "", "arr_rwy": "", "sid": "", "star": "", "approach": "", "epoch_ts": "2025-12-23 00:02:50+00:00", "altitude_ft": 5660.3, "tas_kt": 271.0, "gs_kt": 271.0, "track_deg": 2.5565626130177685, "phase": "climb", "waypoint": "", "sector": "Bangkok CTR", "event": ""}, "geometry": {"type": "Point", "coordinates": [100.61852727291593, 14.194827968963981, 1725.25944]}}, {"id": "35", "type": "Feature", "properties": {"flight_key": "RT1_20251223T0000Z", "callsign": "RT1", "aircraft_type": "B738", "adep": "VTBD", "ades": "VTUD", "dep_rwy": "", "arr_rwy": "", "sid": "", "star": "", "approach": "", "epoch_ts": "2025-12-23 00:02:55+00:00", "altitude_ft": 5841.2, "tas_kt": 271.7, "gs_kt": 271.7, "track_deg": 2.5565626130177685, "phase": "climb", "waypoint": "", "sector": "Bangkok CTR", "event": ""}, "geometry": {"type": "Point", "coordinates": [100.61890525608159, 14.203076564894063, 1780.39776]}}, {"id": "36", "type": "Feature", "properties": {"flight_key": "RT1_20251223T0000Z", "callsign": "RT1", "aircraft_type": "B738", "adep": "VTBD", "ades": "VTUD", "dep_rwy": "", "arr_rwy": "", "sid": "", "star": "", "approach": "", "epoch_ts": "2025-12-23 00:03:00+00:00", "altitude_ft": 6025.4, "tas_kt": 272.4, "gs_kt": 272.4, "track_deg": 2.5565626130177685, "phase": "climb", "waypoint": "", "sector": "Bangkok CTR", "event": ""}, "geometry": {"type": "Point", "coordinates": [100.61928326662003, 14.211325154552247, 1836.54192]}}, {"id": "37", "type": "Feature", "properties": {"flight_key": "RT1_20251223T0000Z", "callsign": "RT1", "aircraft_type": "B738", "adep": "VTBD", "ades": "VTUD", "dep_rwy": "", "arr_rwy": "", "sid": "", "star": "", "approach": "", "epoch_ts": "2025-12-23 00:03:05+00:00", "altitude_ft": 6232.9, "tas_kt": 273.2, "gs_kt": 273.2, "track_deg": 2.5565626130177685, "phase": "climb", "waypoint": "", "sector": "Bangkok CTR", "event": ""}, "geometry": {"type": "Point", "coordinates": [100.61966130454978, 14.21957373793512, 1899.78792]}}, {"id": "38", "type": "Feature", "properties": {"flight_key": "RT1_20251223T0000Z", "callsign": "RT1", "aircraft_type": "B738", "adep": "VTBD", "ades": "VTUD", "dep_rwy": "", "arr_rwy": "", "sid": "", "star": "", "approach": "", "epoch_ts": "2025-12-23 00:03:10+00:00", "altitude_ft": 6440.3, "tas_kt": 274.0, "gs_kt": 274.0, "track_deg": 2.5565626130177685, "phase": "climb", "waypoint": "", "sector": "Bangkok CTR", "event": ""}, "geometry": {"type": "Point", "coordinates": [100.6200393698894, 14.227822315039257, 1963.0034400000002]}}, {"id": "39", "type": "Feature", "properties": {"flight_key": "RT1_20251223T0000Z", "callsign": "RT1", "aircraft_type": "B738", "adep": "VTBD", "ades": "VTUD", "dep_rwy": "", "arr_rwy": "", "sid": "", "star": "", "approach": "", "epoch_ts": "2025-12-23 00:03:15+00:00", "altitude_ft": 6647.7, "tas_kt": 274.9, "gs_kt": 274.9, "track_deg": 2.5565626130177685, "phase": "climb", "waypoint": "", "sector": "Bangkok CTR", "event": ""}, "geometry": {"type": "Point", "coordinates": [100.62041746265741, 14.236070885861249, 2026.2189600000002]}}, {"id": "40", "type": "Feature", "properties": {"flight_key": "RT1_20251223T0000Z", "callsign": "RT1", "aircraft_type": "B738", "adep": "VTBD", "ades": "VTUD", "dep_rwy": "", "arr_rwy": "", "sid": "", "star": "", "approach": "", "epoch_ts": "2025-12-23 00:03:20+00:00", "altitude_ft": 6855.1, "tas_kt": 275.7, "gs_kt": 275.7, "track_deg": 2.5565626130177685, "phase": "climb", "waypoint": "", "sector": "Bangkok CTR", "event": ""}, "geometry": {"type": "Point", "coordinates": [100.62079558287242, 14.244319450397668, 2089.4344800000003]}}, {"id": "41", "type": "Feature", "properties": {"flight_key": "RT1_20251223T0000Z", "callsign": "RT1", "aircraft_type": "B738", "adep": "VTBD", "ades": "VTUD", "dep_rwy": "", "arr_rwy": "", "sid": "", "star": "", "approach": "", "epoch_ts": "2025-12-23 00:03:25+00:00", "altitude_ft": 7062.5, "tas_kt": 276.5, "gs_kt": 276.5, "track_deg": 2.5565626130177685, "phase": "climb", "waypoint": "", "sector": "Bangkok CTR", "event": ""}, "geometry": {"type": "Point", "coordinates": [100.62117373055294, 14.2525680086451, 2152.65]}}, {"id": "42", "type": "Feature", "properties": {"flight_key": "RT1_20251223T0000Z", "callsign": "RT1", "aircraft_type": "B738", "adep": "VTBD", "ades": "VTUD", "dep_rwy": "", "arr_rwy": "", "sid": "", "star": "", "approach": "", "epoch_ts": "2025-12-23 00:03:30+00:00", "altitude_ft": 7269.9, "tas_kt": 277.4, "gs_kt": 277.4, "track_deg": 2.5565626130177685, "phase": "climb", "waypoint": "", "sector": "Bangkok CTR", "event": ""}, "geometry": {"type": "Point", "coordinates": [100.62155190571758, 14.26081656060013, 2215.86552]}}, {"id": "43", "type": "Feature", "properties": {"flight_key": "RT1_20251223T0000Z", "callsign": "RT1", "aircraft_type": "B738", "adep": "VTBD", "ades": "VTUD", "dep_rwy": "", "arr_rwy": "", "sid": "", "star": "", "approach": "", "epoch_ts": "2025-12-23 00:03:35+00:00", "altitude_ft": 7477.4, "tas_kt": 278.2, "gs_kt": 278.2, "track_deg": 2.5565626130177685, "phase": "climb", "waypoint": "", "sector": "Bangkok CTR", "event": ""}, "geometry": {"type": "Point", "coordinates": [100.6219301083849, 14.269065106259339, 2279.11152]}}, {"id": "44", "type": "Feature", "properties": {"flight_key": "RT1_20251223T0000Z", "callsign": "RT1", "aircraft_type": "B738", "adep": "VTBD", "ades": "VTUD", "dep_rwy": "", "arr_rwy": "", "sid": "", "star": "", "approach": "", "epoch_ts": "2025-12-23 00:03:40+00:00", "altitude_ft": 7684.8, "tas_kt": 279.1, "gs_kt": 279.1, "track_deg": 2.5565626130177685, "phase": "climb", "waypoint": "", "sector": "Bangkok CTR", "event": ""}, "geometry": {"type": "Point", "coordinates": [100.62230833857346, 14.277313645619316, 2342.32704]}}, {"id": "45", "type": "Feature", "properties": {"flight_key": "RT1_20251223T0000Z", "callsign": "RT1", "aircraft_type": "B738", "adep": "VTBD", "ades": "VTUD", "dep_rwy": "", "arr_rwy": "", "sid": "", "star": "", "approach": "", "epoch_ts": "2025-12-23 00:03:45+00:00", "altitude_ft": 7892.2, "tas_kt": 279.9, "gs_kt": 279.9, "track_deg": 2.5565626130177685, "phase": "climb", "waypoint": "", "sector": "Bangkok CTR", "event": ""}, "geometry": {"type": "Point", "coordinates": [100.62268659630188, 14.285562178676633, 2405.54256]}}, {"id": "46", "type": "Feature", "properties": {"flight_key": "RT1_20251223T0000Z", "callsign": "RT1", "aircraft_type": "B738", "adep": "VTBD", "ades": "VTUD", "dep_rwy": "", "arr_rwy": "", "sid": "", "star": "", "approach": "", "epoch_ts": "2025-12-23 00:03:50+00:00", "altitude_ft": 8099.0, "tas_kt": 280.7, "gs_kt": 280.7, "track_deg": 2.5565626130177685, "phase": "climb", "waypoint": "", "sector": "Bangkok CTR", "event": ""}, "geometry": {"type": "Point", "coordinates": [100.62306488158872, 14.293810705427886, 2468.5752]}}, {"id": "47", "type": "Feature", "properties": {"flight_key": "RT1_20251223T0000Z", "callsign": "RT1", "aircraft_type": "B738", "adep": "VTBD", "ades": "VTUD", "dep_rwy": "", "arr_rwy": "", "sid": "", "star": "", "approach": "", "epoch_ts": "2025-12-23 00:03:55+00:00", "altitude_ft": 8305.1, "tas_kt": 281.6, "gs_kt": 281.6, "track_deg": 2.5565626130177685, "phase": "climb", "waypoint": "", "sector": "Bangkok CTR", "event": ""}, "geometry": {"type": "Point", "coordinates": [100.62344319445258, 14.302059225869655, 2531.3944800000004]}}, {"id": "48", "type": "Feature", "properties": {"flight_key": "RT1_20251223T0000Z", "callsign": "RT1", "aircraft_type": "B738", "adep": "VTBD", "ades": "VTUD", "dep_rwy": "", "arr_rwy": "", "sid": "", "star": "", "approach": "", "epoch_ts": "2025-12-23 00:04:00+00:00", "altitude_ft": 8511.2, "tas_kt": 282.4, "gs_kt": 282.4, "track_deg": 2.5565626130177685, "phase": "climb", "waypoint": "", "sector": "Bangkok CTR", "event": ""}, "geometry": {"type": "Point", "coordinates": [100.62382153491207, 14.310307739998528, 2594.2137600000005]}}, {"id": "49", "type": "Feature", "properties": {"flight_key": "RT1_20251223T0000Z", "callsign": "RT1", "aircraft_type": "B738", "adep": "VTBD", "ades": "VTUD", "dep_rwy": "", "arr_rwy": "", "sid": "", "star": "", "approach": "", "epoch_ts": "2025-12-23 00:04:05+00:00", "altitude_ft": 8717.4, "tas_kt": 283.3, "gs_kt": 283.3, "track_deg": 2.5565626130177685, "phase": "climb", "waypoint": "", "sector": "Bangkok CTR", "event": ""}, "geometry": {"type": "Point", "coordinates": [100.62419990298577, 14.318556247811086, 2657.06352]}}, {"id": "50", "type": "Feature", "properties": {"flight_key": "RT1_20251223T0000Z", "callsign": "RT1", "aircraft_type": "B738", "adep": "VTBD", "ades": "VTUD", "dep_rwy": "", "arr_rwy": "", "sid": "", "star": "", "approach": "", "epoch_ts": "2025-12-23 00:04:10+00:00", "altitude_ft": 8923.5, "tas_kt": 284.2, "gs_kt": 284.2, "track_deg": 2.5565626130177685, "phase": "climb", "waypoint": "", "sector": "Bangkok CTR", "event": ""}, "geometry": {"type": "Point", "coordinates": [100.6245782986923, 14.326804749303921, 2719.8828000000003]}}, {"id": "51", "type": "Feature", "properties": {"flight_key": "RT1_20251223T0000Z", "callsign": "RT1", "aircraft_type": "B738", "adep": "VTBD", "ades": "VTUD", "dep_rwy": "", "arr_rwy": "", "sid": "", "star": "", "approach": "", "epoch_ts": "2025-12-23 00:04:15+00:00", "altitude_ft": 9129.6, "tas_kt": 285.0, "gs_kt": 285.0, "track_deg": 2.5565626130177685, "phase": "climb", "waypoint": "", "sector": "Bangkok CTR", "event": ""}, "geometry": {"type": "Point", "coordinates": [100.62495672205029, 14.335053244473611, 2782.7020800000005]}}, {"id": "52", "type": "Feature", "properties": {"flight_key": "RT1_20251223T0000Z", "callsign": "RT1", "aircraft_type": "B738", "adep": "VTBD", "ades": "VTUD", "dep_rwy": "", "arr_rwy": "", "sid": "", "star": "", "approach": "", "epoch_ts": "2025-12-23 00:04:20+00:00", "altitude_ft": 9335.7, "tas_kt": 285.9, "gs_kt": 285.9, "track_deg": 2.5565626130177685, "phase": "climb", "waypoint": "", "sector": "Bangkok CTR", "event": ""}, "geometry": {"type": "Point", "coordinates": [100.62533517307833, 14.343301733316748, 2845.52136]}}, {"id": "53", "type": "Feature", "properties": {"flight_key": "RT1_20251223T0000Z", "callsign": "RT1", "aircraft_type": "B738", "adep": "VTBD", "ades": "VTUD", "dep_rwy": "", "arr_rwy": "", "sid": "", "star": "", "approach": "", "epoch_ts": "2025-12-23 00:04:25+00:00", "altitude_ft": 9541.9, "tas_kt": 286.8, "gs_kt": 286.8, "track_deg": 2.5565626130177685, "phase": "climb", "waypoint": "", "sector": "Bangkok CTR", "event": ""}, "geometry": {"type": "Point", "coordinates": [100.62571365179505, 14.351550215829922, 2908.3711200000002]}}, {"id": "54", "type": "Feature", "properties": {"flight_key": "RT1_20251223T0000Z", "callsign": "RT1", "aircraft_type": "B738", "adep": "VTBD", "ades": "VTUD", "dep_rwy": "", "arr_rwy": "", "sid": "", "star": "", "approach": "", "epoch_ts": "2025-12-23 00:04:30+00:00", "altitude_ft": 9748.0, "tas_kt": 287.6, "gs_kt": 287.6, "track_deg": 2.5565626130177685, "phase": "climb", "waypoint": "", "sector": "Bangkok CTR", "event": ""}, "geometry": {"type": "Point", "coordinates": [100.6260921582191, 14.359798692009713, 2971.1904]}}, {"id": "55", "type": "Feature", "properties": {"flight_key": "RT1_20251223T0000Z", "callsign": "RT1", "aircraft_type": "B738", "adep": "VTBD", "ades": "VTUD", "dep_rwy": "", "arr_rwy": "", "sid": "", "star": "", "approach": "", "epoch_ts": "2025-12-23 00:04:35+00:00", "altitude_ft": 9954.1, "tas_kt": 288.5, "gs_kt": 288.5, "track_deg": 2.5565626130177685, "phase": "climb", "waypoint": "", "sector": "Bangkok CTR", "event": ""}, "geometry": {"type": "Point", "coordinates": [100.62647069236908, 14.368047161852715, 3034.00968]}}, {"id": "56", "type": "Feature", "properties": {"flight_key": "RT1_20251223T0000Z", "callsign": "RT1", "aircraft_type": "B738", "adep": "VTBD", "ades": "VTUD", "dep_rwy": "", "arr_rwy": "", "sid": "", "star": "", "approach": "", "epoch_ts": "2025-12-23 00:04:40+00:00", "altitude_ft": 10151.1, "tas_kt": 334.8, "gs_kt": 334.8, "track_deg": 2.5565626130177685, "phase": "climb", "waypoint": "", "sector": "Bangkok CTR", "event": ""}, "geometry": {"type": "Point", "coordinates": [100.62684925426366, 14.376295625355514, 3094.0552800000005]}}, {"id": "57", "type": "Feature", "properties": {"flight_key": "RT1_20251223T0000Z", "callsign": "RT1", "aircraft_type": "B738", "adep": "VTBD", "ades": "VTUD", "dep_rwy": "", "arr_rwy": "", "sid": "", "star": "", "approach": "", "epoch_ts": "2025-12-23 00:04:45+00:00", "altitude_ft": 10345.5, "tas_kt": 335.8, "gs_kt": 335.8, "track_deg": 2.5565626130177685, "phase": "climb", "waypoint": "", "sector": "Bangkok CTR", "event": ""}, "geometry": {"type": "Point", "coordinates": [100.62722784392146, 14.384544082514697, 3153.3084000000003]}}, {"id": "58", "type": "Feature", "properties": {"flight_key": "RT1_20251223T0000Z", "callsign": "RT1", "aircraft_type": "B738", "adep": "VTBD", "ades": "VTUD", "dep_rwy": "", "arr_rwy": "", "sid": "", "star": "", "approach": "", "epoch_ts": "2025-12-23 00:04:50+00:00", "altitude_ft": 10539.8, "tas_kt": 336.7, "gs_kt": 336.7, "track_deg": 2.5565626130177685, "phase": "climb", "waypoint": "", "sector": "Bangkok CTR", "event": ""}, "geometry": {"type": "Point", "coordinates": [100.62760646136114, 14.392792533326855, 3212.53104]}}, {"id": "59", "type": "Feature", "properties": {"flight_key": "RT1_20251223T0000Z", "callsign": "RT1", "aircraft_type": "B738", "adep": "VTBD", "ades": "VTUD", "dep_rwy": "", "arr_rwy": "", "sid": "", "star": "", "approach": "", "epoch_ts": "2025-12-23 00:04:55+00:00", "altitude_ft": 10734.2, "tas_kt": 337.7, "gs_kt": 337.7, "track_deg": 2.5565626130177685, "phase": "climb", "waypoint": "", "sector": "Bangkok CTR", "event": ""}, "geometry": {"type": "Point", "coordinates": [100.62798510660134, 14.401040977788579, 3271.7841600000006]}}, {"id": "60", "type": "Feature", "properties": {"flight_key": "RT1_20251223T0000Z", "callsign": "RT1", "aircraft_type": "B738", "adep": "VTBD", "ades": "VTUD", "dep_rwy": "", "arr_rwy": "", "sid": "", "star": "", "approach": "", "epoch_ts": "2025-12-23 00:05:00+00:00", "altitude_ft": 10928.6, "tas_kt": 338.6, "gs_kt": 338.6, "track_deg": 2.5565626130177685, "phase": "climb", "waypoint": "", "sector": "Bangkok CTR", "event": ""}, "geometry": {"type": "Point", "coordinates": [100.62836377966075, 14.409289415896454, 3331.0372800000005]}}, {"id": "61", "type": "Feature", "properties": {"flight_key": "RT1_20251223T0000Z", "callsign": "RT1", "aircraft_type": "B738", "adep": "VTBD", "ades": "VTUD", "dep_rwy": "", "arr_rwy": "", "sid": "", "star": "", "approach": "", "epoch_ts": "2025-12-23 00:05:05+00:00", "altitude_ft": 11123.0, "tas_kt": 339.6, "gs_kt": 339.6, "track_deg": 2.5565626130177685, "phase": "climb", "waypoint": "", "sector": "Bangkok TMA", "event": ""}, "geometry": {"type": "Point", "coordinates": [100.62874248055799, 14.41753784764707, 3390.2904000000003]}}, {"id": "62", "type": "Feature", "properties": {"flight_key": "RT1_20251223T0000Z", "callsign": "RT1", "aircraft_type": "B738", "adep": "VTBD", "ades": "VTUD", "dep_rwy": "", "arr_rwy": "", "sid": "", "star": "", "approach": "", "epoch_ts": "2025-12-23 00:05:10+00:00", "altitude_ft": 11317.3, "tas_kt": 340.5, "gs_kt": 340.5, "track_deg": 2.5565626130177685, "phase": "climb", "waypoint": "", "sector": "Bangkok TMA", "event": ""}, "geometry": {"type": "Point", "coordinates": [100.62912120931175, 14.425786273037023, 3449.51304]}}, {"id": "63", "type": "Feature", "properties": {"flight_key": "RT1_20251223T0000Z", "callsign": "RT1", "aircraft_type": "B738", "adep": "VTBD", "ades": "VTUD", "dep_rwy": "", "arr_rwy": "", "sid": "", "star": "", "approach": "", "epoch_ts": "2025-12-23 00:05:15+00:00", "altitude_ft": 11511.7, "tas_kt": 341.5, "gs_kt": 341.5, "track_deg": 2.5565626130177685, "phase": "climb", "waypoint": "", "sector": "Bangkok TMA", "event": ""}, "geometry": {"type": "Point", "coordinates": [100.62949996594071, 14.434034692062896, 3508.7661600000006]}}, {"id": "64", "type": "Feature", "properties": {"flight_key": "RT1_20251223T0000Z", "callsign": "RT1", "aircraft_type": "B738", "adep": "VTBD", "ades": "VTUD", "dep_rwy": "", "arr_rwy": "", "sid": "", "star": "", "approach": "", "epoch_ts": "2025-12-23 00:05:20+00:00", "altitude_ft": 11706.1, "tas_kt": 342.5, "gs_kt": 342.5, "track_deg": 2.5565626130177685, "phase": "climb", "waypoint": "", "sector": "Bangkok TMA", "event": ""}, "geometry": {"type": "Point", "coordinates": [100.62987875046353, 14.442283104721291, 3568.0192800000004]}}, {"id": "65", "type": "Feature", "properties": {"flight_key": "RT1_20251223T0000Z", "callsign": "RT1", "aircraft_type": "B738", "adep": "VTBD", "ades": "VTUD", "dep_rwy": "", "arr_rwy": "", "sid": "", "star": "", "approach": "", "epoch_ts": "2025-12-23 00:05:25+00:00", "altitude_ft": 11900.5, "tas_kt": 343.4, "gs_kt": 343.4, "track_deg": 2.5565626130177685, "phase": "climb", "waypoint": "", "sector": "Bangkok TMA", "event": ""}, "geometry": {"type": "Point", "coordinates": [100.63025756289892, 14.45053151100879, 3627.2724000000003]}}, {"id": "66", "type": "Feature", "properties": {"flight_key": "RT1_20251223T0000Z", "callsign": "RT1", "aircraft_type": "B738", "adep": "VTBD", "ades": "VTUD", "dep_rwy": "", "arr_rwy": "", "sid": "", "star": "", "approach": "", "epoch_ts": "2025-12-23 00:05:30+00:00", "altitude_ft": 12098.6, "tas_kt": 344.4, "gs_kt": 344.4, "track_deg": 2.5565626130177685, "phase": "climb", "waypoint": "", "sector": "Bangkok TMA", "event": ""}, "geometry": {"type": "Point", "coordinates": [100.63063640326554, 14.45877991092199, 3687.6532800000004]}}, {"id": "67", "type": "Feature", "properties": {"flight_key": "RT1_20251223T0000Z", "callsign": "RT1", "aircraft_type": "B738", "adep": "VTBD", "ades": "VTUD", "dep_rwy": "", "arr_rwy": "", "sid": "", "star": "", "approach": "", "epoch_ts": "2025-12-23 00:05:35+00:00", "altitude_ft": 12300.6, "tas_kt": 345.5, "gs_kt": 345.5, "track_deg": 2.5565626130177685, "phase": "climb", "waypoint": "", "sector": "Bangkok TMA", "event": ""}, "geometry": {"type": "Point", "coordinates": [100.63101527158209, 14.46702830445748, 3749.2228800000003]}}, {"id": "68", "type": "Feature", "properties": {"flight_key": "RT1_20251223T0000Z", "callsign": "RT1", "aircraft_type": "B738", "adep": "VTBD", "ades": "VTUD", "dep_rwy": "", "arr_rwy": "", "sid": "", "star": "", "approach": "", "epoch_ts": "2025-12-23 00:05:40+00:00", "altitude_ft": 12502.6, "tas_kt": 346.5, "gs_kt": 346.5, "track_deg": 2.5565626130177685, "phase": "climb", "waypoint": "", "sector": "Bangkok TMA", "event": ""}, "geometry": {"type": "Point", "coordinates": [100.63139416786728, 14.47527669161186, 3810.7924800000005]}}, {"id": "69", "type": "Feature", "properties": {"flight_key": "RT1_20251223T0000Z", "callsign": "RT1", "aircraft_type": "B738", "adep": "VTBD", "ades": "VTUD", "dep_rwy": "", "arr_rwy": "", "sid": "", "star": "", "approach": "", "epoch_ts": "2025-12-23 00:05:45+00:00", "altitude_ft": 12704.6, "tas_kt": 347.5, "gs_kt": 347.5, "track_deg": 2.5565626130177685, "phase": "climb", "waypoint": "", "sector": "Bangkok TMA", "event": ""}, "geometry": {"type": "Point", "coordinates": [100.63177309213981, 14.483525072381711, 3872.3620800000003]}}, {"id": "70", "type": "Feature", "properties": {"flight_key": "RT1_20251223T0000Z", "callsign": "RT1", "aircraft_type": "B738", "adep": "VTBD", "ades": "VTUD", "dep_rwy": "", "arr_rwy": "", "sid": "", "star": "", "approach": "", "epoch_ts": "2025-12-23 00:05:50+00:00", "altitude_ft": 12906.6, "tas_kt": 348.5, "gs_kt": 348.5, "track_deg": 2.5565626130177685, "phase": "climb", "waypoint": "", "sector": "Bangkok TMA", "event": ""}, "geometry": {"type": "Point", "coordinates": [100.63215204441838, 14.491773446763641, 3933.93168]}}, {"id": "71", "type": "Feature", "properties": {"flight_key": "RT1_20251223T0000Z", "callsign": "RT1", "aircraft_type": "B738", "adep": "VTBD", "ades": "VTUD", "dep_rwy": "", "arr_rwy": "", "sid": "", "star": "", "approach": "", "epoch_ts": "2025-12-23 00:05:55+00:00", "altitude_ft": 13108.6, "tas_kt": 349.6, "gs_kt": 349.6, "track_deg": 2.5565626130177685, "phase": "climb", "waypoint": "", "sector": "Bangkok TMA", "event": ""}, "geometry": {"type": "Point", "coordinates": [100.6325310247217, 14.500021814754227, 3995.5012800000004]}}, {"id": "72", "type": "Feature", "properties": {"flight_key": "RT1_20251223T0000Z", "callsign": "RT1", "aircraft_type": "B738", "adep": "VTBD", "ades": "VTUD", "dep_rwy": "", "arr_rwy": "", "sid": "", "star": "", "approach": "", "epoch_ts": "2025-12-23 00:06:00+00:00", "altitude_ft": 13310.6, "tas_kt": 350.6, "gs_kt": 350.6, "track_deg": 2.5565626130177685, "phase": "climb", "waypoint": "", "sector": "Bangkok TMA", "event": ""}, "geometry": {"type": "Point", "coordinates": [100.63291003306851, 14.508270176350079, 4057.07088]}}, {"id": "73", "type": "Feature", "properties": {"flight_key": "RT1_20251223T0000Z", "callsign": "RT1", "aircraft_type": "B738", "adep": "VTBD", "ades": "VTUD", "dep_rwy": "", "arr_rwy": "", "sid": "", "star": "", "approach": "", "epoch_ts": "2025-12-23 00:06:05+00:00", "altitude_ft": 13512.6, "tas_kt": 351.7, "gs_kt": 351.7, "track_deg": 2.5565626130177685, "phase": "climb", "waypoint": "", "sector": "Bangkok TMA", "event": ""}, "geometry": {"type": "Point", "coordinates": [100.63328906947751, 14.516518531547781, 4118.64048]}}, {"id": "74", "type": "Feature", "properties": {"flight_key": "RT1_20251223T0000Z", "callsign": "RT1", "aircraft_type": "B738", "adep": "VTBD", "ades": "VTUD", "dep_rwy": "", "arr_rwy": "", "sid": "", "star": "", "approach": "", "epoch_ts": "2025-12-23 00:06:10+00:00", "altitude_ft": 13714.6, "tas_kt": 352.7, "gs_kt": 352.7, "track_deg": 2.5565626130177685, "phase": "climb", "waypoint": "", "sector": "Bangkok TMA", "event": ""}, "geometry": {"type": "Point", "coordinates": [100.63366813396746, 14.524766880343932, 4180.210080000001]}}, {"id": "75", "type": "Feature", "properties": {"flight_key": "RT1_20251223T0000Z", "callsign": "RT1", "aircraft_type": "B738", "adep": "VTBD", "ades": "VTUD", "dep_rwy": "", "arr_rwy": "", "sid": "", "star": "", "approach": "", "epoch_ts": "2025-12-23 00:06:15+00:00", "altitude_ft": 13916.6, "tas_kt": 353.8, "gs_kt": 353.8, "track_deg": 2.5565626130177685, "phase": "climb", "waypoint": "", "sector": "Bangkok TMA", "event": ""}, "geometry": {"type": "Point", "coordinates": [100.63404722655706, 14.533015222735134, 4241.779680000001]}}, {"id": "76", "type": "Feature", "properties": {"flight_key": "RT1_20251223T0000Z", "callsign": "RT1", "aircraft_type": "B738", "adep": "VTBD", "ades": "VTUD", "dep_rwy": "", "arr_rwy": "", "sid": "", "star": "", "approach": "", "epoch_ts": "2025-12-23 00:06:20+00:00", "altitude_ft": 14122.7, "tas_kt": 354.8, "gs_kt": 354.8, "track_deg": 2.5565626130177685, "phase": "climb", "waypoint": "", "sector": "Bangkok TMA", "event": ""}, "geometry": {"type": "Point", "coordinates": [100.63442634726505, 14.54126355871797, 4304.59896]}}, {"id": "77", "type": "Feature", "properties": {"flight_key": "RT1_20251223T0000Z", "callsign": "RT1", "aircraft_type": "B738", "adep": "VTBD", "ades": "VTUD", "dep_rwy": "", "arr_rwy": "", "sid": "", "star": "", "approach": "", "epoch_ts": "2025-12-23 00:06:25+00:00", "altitude_ft": 14331.7, "tas_kt": 355.9, "gs_kt": 355.9, "track_deg": 2.5565626130177685, "phase": "climb", "waypoint": "", "sector": "Bangkok TMA", "event": ""}, "geometry": {"type": "Point", "coordinates": [100.6348054961102, 14.549511888289047, 4368.30216]}}, {"id": "78", "type": "Feature", "properties": {"flight_key": "RT1_20251223T0000Z", "callsign": "RT1", "aircraft_type": "B738", "adep": "VTBD", "ades": "VTUD", "dep_rwy": "", "arr_rwy": "", "sid": "", "star": "", "approach": "", "epoch_ts": "2025-12-23 00:06:30+00:00", "altitude_ft": 14540.7, "tas_kt": 357.0, "gs_kt": 357.0, "track_deg": 2.5565626130177685, "phase": "climb", "waypoint": "", "sector": "Bangkok TMA", "event": ""}, "geometry": {"type": "Point", "coordinates": [100.63518467311124, 14.557760211444952, 4432.00536]}}, {"id": "79", "type": "Feature", "properties": {"flight_key": "RT1_20251223T0000Z", "callsign": "RT1", "aircraft_type": "B738", "adep": "VTBD", "ades": "VTUD", "dep_rwy": "", "arr_rwy": "", "sid": "", "star": "", "approach": "", "epoch_ts": "2025-12-23 00:06:35+00:00", "altitude_ft": 14749.7, "tas_kt": 358.1, "gs_kt": 358.1, "track_deg": 2.5565626130177685, "phase": "climb", "waypoint": "", "sector": "Bangkok TMA", "event": ""}, "geometry": {"type": "Point", "coordinates": [100.63556387828693, 14.566008528182293, 4495.70856]}}, {"id": "80", "type": "Feature", "properties": {"flight_key": "RT1_20251223T0000Z", "callsign": "RT1", "aircraft_type": "B738", "adep": "VTBD", "ades": "VTUD", "dep_rwy": "", "arr_rwy": "", "sid": "", "star": "", "approach": "", "epoch_ts": "2025-12-23 00:06:40+00:00", "altitude_ft": 14958.7, "tas_kt": 359.2, "gs_kt": 359.2, "track_deg": 2.5565626130177685, "phase": "climb", "waypoint": "", "sector": "Bangkok TMA", "event": ""}, "geometry": {"type": "Point", "coordinates": [100.63594311165603, 14.574256838497655, 4559.411760000001]}}, {"id": "81", "type": "Feature", "properties": {"flight_key": "RT1_20251223T0000Z", "callsign": "RT1", "aircraft_type": "B738", "adep": "VTBD", "ades": "VTUD", "dep_rwy": "", "arr_rwy": "", "sid": "", "star": "", "approach": "", "epoch_ts": "2025-12-23 00:06:45+00:00", "altitude_ft": 15167.7, "tas_kt": 360.4, "gs_kt": 360.4, "track_deg": 2.5565626130177685, "phase": "climb", "waypoint": "", "sector": "Bangkok TMA", "event": ""}, "geometry": {"type": "Point", "coordinates": [100.63632237323729, 14.582505142387648, 4623.114960000001]}}, {"id": "82", "type": "Feature", "properties": {"flight_key": "RT1_20251223T0000Z", "callsign": "RT1", "aircraft_type": "B738", "adep": "VTBD", "ades": "VTUD", "dep_rwy": "", "arr_rwy": "", "sid": "", "star": "", "approach": "", "epoch_ts": "2025-12-23 00:06:50+00:00", "altitude_ft": 15376.7, "tas_kt": 361.5, "gs_kt": 361.5, "track_deg": 2.5565626130177685, "phase": "climb", "waypoint": "", "sector": "Bangkok TMA", "event": ""}, "geometry": {"type": "Point", "coordinates": [100.63670166304951, 14.590753439848864, 4686.818160000001]}}, {"id": "83", "type": "Feature", "properties": {"flight_key": "RT1_20251223T0000Z", "callsign": "RT1", "aircraft_type": "B738", "adep": "VTBD", "ades": "VTUD", "dep_rwy": "", "arr_rwy": "", "sid": "", "star": "", "approach": "", "epoch_ts": "2025-12-23 00:06:55+00:00", "altitude_ft": 15585.7, "tas_kt": 362.6, "gs_kt": 362.6, "track_deg": 2.5565626130177685, "phase": "climb", "waypoint": "", "sector": "Bangkok TMA", "event": ""}, "geometry": {"type": "Point", "coordinates": [100.63708098111144, 14.599001730877896, 4750.521360000001]}}, {"id": "84", "type": "Feature", "properties": {"flight_key": "RT1_20251223T0000Z", "callsign": "RT1", "aircraft_type": "B738", "adep": "VTBD", "ades": "VTUD", "dep_rwy": "", "arr_rwy": "", "sid": "", "star": "", "approach": "", "epoch_ts": "2025-12-23 00:07:00+00:00", "altitude_ft": 15794.7, "tas_kt": 363.7, "gs_kt": 363.7, "track_deg": 2.5565626130177685, "phase": "climb", "waypoint": "", "sector": "Bangkok TMA", "event": ""}, "geometry": {"type": "Point", "coordinates": [100.63746032744186, 14.607250015471351, 4814.224560000001]}}, {"id": "85", "type": "Feature", "properties": {"flight_key": "RT1_20251223T0000Z", "callsign": "RT1", "aircraft_type": "B738", "adep": "VTBD", "ades": "VTUD", "dep_rwy": "", "arr_rwy": "", "sid": "", "star": "", "approach": "", "epoch_ts": "2025-12-23 00:07:05+00:00", "altitude_ft": 16003.5, "tas_kt": 364.9, "gs_kt": 364.9, "track_deg": 2.5565626130177685, "phase": "climb", "waypoint": "", "sector": "3N", "event": ""}, "geometry": {"type": "Point", "coordinates": [100.63783970205955, 14.615498293625825, 4877.866800000001]}}, {"id": "86", "type": "Feature", "properties": {"flight_key": "RT1_20251223T0000Z", "callsign": "RT1", "aircraft_type": "B738", "adep": "VTBD", "ades": "VTUD", "dep_rwy": "", "arr_rwy": "", "sid": "", "star": "", "approach": "", "epoch_ts": "2025-12-23 00:07:10+00:00", "altitude_ft": 16202.8, "tas_kt": 365.9, "gs_kt": 365.9, "track_deg": 2.5565626130177685, "phase": "climb", "waypoint": "", "sector": "3N", "event": ""}, "geometry": {"type": "Point", "coordinates": [100.63821910498332, 14.623746565337923, 4938.61344]}}, {"id": "87", "type": "Feature", "properties": {"flight_key": "RT1_20251223T0000Z", "callsign": "RT1", "aircraft_type": "B738", "adep": "VTBD", "ades": "VTUD", "dep_rwy": "", "arr_rwy": "", "sid": "", "star": "", "approach": "", "epoch_ts": "2025-12-23 00:07:15+00:00", "altitude_ft": 16402.1, "tas_kt": 367.0, "gs_kt": 367.0, "track_deg": 2.5565626130177685, "phase": "climb", "waypoint": "", "sector": "3N", "event": ""}, "geometry": {"type": "Point", "coordinates": [100.63859853623197, 14.63199483060424, 4999.3600799999995]}}, {"id": "88", "type": "Feature", "properties": {"flight_key": "RT1_20251223T0000Z", "callsign": "RT1", "aircraft_type": "B738", "adep": "VTBD", "ades": "VTUD", "dep_rwy": "", "arr_rwy": "", "sid": "", "star": "", "approach": "", "epoch_ts": "2025-12-23 00:07:20+00:00", "altitude_ft": 16601.4, "tas_kt": 368.1, "gs_kt": 368.1, "track_deg": 2.5565626130177685, "phase": "climb", "waypoint": "", "sector": "3N", "event": ""}, "geometry": {"type": "Point", "coordinates": [100.63897799582426, 14.640243089421373, 5060.106720000001]}}, {"id": "89", "type": "Feature", "properties": {"flight_key": "RT1_20251223T0000Z", "callsign": "RT1", "aircraft_type": "B738", "adep": "VTBD", "ades": "VTUD", "dep_rwy": "", "arr_rwy": "", "sid": "", "star": "", "approach": "", "epoch_ts": "2025-12-23 00:07:25+00:00", "altitude_ft": 16800.7, "tas_kt": 369.2, "gs_kt": 369.2, "track_deg": 2.5565626130177685, "phase": "climb", "waypoint": "", "sector": "3N", "event": ""}, "geometry": {"type": "Point", "coordinates": [100.63935748377904, 14.648491341785926, 5120.85336]}}, {"id": "90", "type": "Feature", "properties": {"flight_key": "RT1_20251223T0000Z", "callsign": "RT1", "aircraft_type": "B738", "adep": "VTBD", "ades": "VTUD", "dep_rwy": "", "arr_rwy": "", "sid": "", "star": "", "approach": "", "epoch_ts": "2025-12-23 00:07:30+00:00", "altitude_ft": 17000.0, "tas_kt": 370.3, "gs_kt": 370.3, "track_deg": 2.5565626130177685, "phase": "climb", "waypoint": "", "sector": "3N", "event": ""}, "geometry": {"type": "Point", "coordinates": [100.63973700011508, 14.656739587694505, 5181.6]}}, {"id": "91", "type": "Feature", "properties": {"flight_key": "RT1_20251223T0000Z", "callsign": "RT1", "aircraft_type": "B738", "adep": "VTBD", "ades": "VTUD", "dep_rwy": "", "arr_rwy": "", "sid": "", "star": "", "approach": "", "epoch_ts": "2025-12-23 00:07:35+00:00", "altitude_ft": 17199.3, "tas_kt": 371.4, "gs_kt": 371.4, "track_deg": 2.5565626130177685, "phase": "climb", "waypoint": "", "sector": "3N", "event": ""}, "geometry": {"type": "Point", "coordinates": [100.64011654485122, 14.664987827143705, 5242.34664]}}, {"id": "92", "type": "Feature", "properties": {"flight_key": "RT1_20251223T0000Z", "callsign": "RT1", "aircraft_type": "B738", "adep": "VTBD", "ades": "VTUD", "dep_rwy": "", "arr_rwy": "", "sid": "", "star": "", "approach": "", "epoch_ts": "2025-12-23 00:07:40+00:00", "altitude_ft": 17398.5, "tas_kt": 372.5, "gs_kt": 372.5, "track_deg": 2.5565626130177685, "phase": "climb", "waypoint": "", "sector": "3N", "event": ""}, "geometry": {"type": "Point", "coordinates": [100.64049611800628, 14.673236060130133, 5303.062800000001]}}, {"id": "93", "type": "Feature", "properties": {"flight_key": "RT1_20251223T0000Z", "callsign": "RT1", "aircraft_type": "B738", "adep": "VTBD", "ades": "VTUD", "dep_rwy": "", "arr_rwy": "", "sid": "", "star": "", "approach": "", "epoch_ts": "2025-12-23 00:07:45+00:00", "altitude_ft": 17597.8, "tas_kt": 373.6, "gs_kt": 373.6, "track_deg": 2.5565626130177685, "phase": "climb", "waypoint": "", "sector": "3N", "event": ""}, "geometry": {"type": "Point", "coordinates": [100.6408757195991, 14.681484286650381, 5363.80944]}}, {"id": "94", "type": "Feature", "properties": {"flight_key": "RT1_20251223T0000Z", "callsign": "RT1", "aircraft_type": "B738", "adep": "VTBD", "ades": "VTUD", "dep_rwy": "", "arr_rwy": "", "sid": "", "star": "", "approach": "", "epoch_ts": "2025-12-23 00:07:50+00:00", "altitude_ft": 17797.1, "tas_kt": 374.7, "gs_kt": 374.7, "track_deg": 2.5565626130177685, "phase": "climb", "waypoint": "", "sector": "3N", "event": ""}, "geometry": {"type": "Point", "coordinates": [100.64125534964846, 14.689732506701066, 5424.556079999999]}}, {"id": "95", "type": "Feature", "properties": {"flight_key": "RT1_20251223T0000Z", "callsign": "RT1", "aircraft_type": "B738", "adep": "VTBD", "ades": "VTUD", "dep_rwy": "", "arr_rwy": "", "sid": "", "star": "", "approach": "", "epoch_ts": "2025-12-23 00:07:55+00:00", "altitude_ft": 17996.4, "tas_kt": 375.9, "gs_kt": 375.9, "track_deg": 2.5565626130177685, "phase": "climb", "waypoint": "", "sector": "3N", "event": ""}, "geometry": {"type": "Point", "coordinates": [100.64163500817325, 14.697980720278782, 5485.302720000001]}}, {"id": "96", "type": "Feature", "properties": {"flight_key": "RT1_20251223T0000Z", "callsign": "RT1", "aircraft_type": "B738", "adep": "VTBD", "ades": "VTUD", "dep_rwy": "", "arr_rwy": "", "sid": "", "star": "", "approach": "", "epoch_ts": "2025-12-23 00:08:00+00:00", "altitude_ft": 18181.3, "tas_kt": 376.9, "gs_kt": 376.9, "track_deg": 2.5565626130177685, "phase": "climb", "waypoint": "", "sector": "3N", "event": ""}, "geometry": {"type": "Point", "coordinates": [100.64201469519227, 14.706228927380142, 5541.66024]}}, {"id": "97", "type": "Feature", "properties": {"flight_key": "RT1_20251223T0000Z", "callsign": "RT1", "aircraft_type": "B738", "adep": "VTBD", "ades": "VTUD", "dep_rwy": "", "arr_rwy": "", "sid": "", "star": "", "approach": "", "epoch_ts": "2025-12-23 00:08:05+00:00", "altitude_ft": 18365.9, "tas_kt": 378.0, "gs_kt": 378.0, "track_deg": 2.5565626130177685, "phase": "climb", "waypoint": "", "sector": "3N", "event": ""}, "geometry": {"type": "Point", "coordinates": [100.6423944107244, 14.714477128001734, 5597.9263200000005]}}, {"id": "98", "type": "Feature", "properties": {"flight_key": "RT1_20251223T0000Z", "callsign": "RT1", "aircraft_type": "B738", "adep": "VTBD", "ades": "VTUD", "dep_rwy": "", "arr_rwy": "", "sid": "", "star": "", "approach": "", "epoch_ts": "2025-12-23 00:08:10+00:00", "altitude_ft": 18550.6, "tas_kt": 379.0, "gs_kt": 379.0, "track_deg": 2.5565626130177685, "phase": "climb", "waypoint": "", "sector": "3N", "event": ""}, "geometry": {"type": "Point", "coordinates": [100.64277415478848, 14.722725322140176, 5654.22288]}}, {"id": "99", "type": "Feature", "properties": {"flight_key": "RT1_20251223T0000Z", "callsign": "RT1", "aircraft_type": "B738", "adep": "VTBD", "ades": "VTUD", "dep_rwy": "", "arr_rwy": "", "sid": "", "star": "", "approach": "", "epoch_ts": "2025-12-23 00:08:15+00:00", "altitude_ft": 18735.2, "tas_kt": 380.1, "gs_kt": 380.1, "track_deg": 2.5565626130177685, "phase": "climb", "waypoint": "", "sector": "3N", "event": ""}, "geometry": {"type": "Point", "coordinates": [100.64315392740336, 14.730973509792069, 5710.488960000001]}}, {"id": "100", "type": "Feature", "properties": {"flight_key": "RT1_20251223T0000Z", "callsign": "RT1", "aircraft_type": "B738", "adep": "VTBD", "ades": "VTUD", "dep_rwy": "", "arr_rwy": "", "sid": "", "star": "", "approach": "", "epoch_ts": "2025-12-23 00:08:20+00:00", "altitude_ft": 18919.8, "tas_kt": 381.1, "gs_kt": 381.1, "track_deg": 2.5565626130177685, "phase": "climb", "waypoint": "", "sector": "3N", "event": ""}, "geometry": {"type": "Point", "coordinates": [100.6435337285879, 14.739221690954011, 5766.75504]}}, {"id": "101", "type": "Feature", "properties": {"flight_key": "RT1_20251223T0000Z", "callsign": "RT1", "aircraft_type": "B738", "adep": "VTBD", "ades": "VTUD", "dep_rwy": "", "arr_rwy": "", "sid": "", "star": "", "approach": "", "epoch_ts": "2025-12-23 00:08:25+00:00", "altitude_ft": 19104.4, "tas_kt": 382.2, "gs_kt": 382.2, "track_deg": 2.5565626130177685, "phase": "climb", "waypoint": "", "sector": "3N", "event": ""}, "geometry": {"type": "Point", "coordinates": [100.64391355836098, 14.747469865622614, 5823.02112]}}, {"id": "102", "type": "Feature", "properties": {"flight_key": "RT1_20251223T0000Z", "callsign": "RT1", "aircraft_type": "B738", "adep": "VTBD", "ades": "VTUD", "dep_rwy": "", "arr_rwy": "", "sid": "", "star": "", "approach": "", "epoch_ts": "2025-12-23 00:08:30+00:00", "altitude_ft": 19289.1, "tas_kt": 383.2, "gs_kt": 383.2, "track_deg": 2.5565626130177685, "phase": "climb", "waypoint": "", "sector": "3N", "event": ""}, "geometry": {"type": "Point", "coordinates": [100.64429341674145, 14.755718033794487, 5879.31768]}}, {"id": "103", "type": "Feature", "properties": {"flight_key": "RT1_20251223T0000Z", "callsign": "RT1", "aircraft_type": "B738", "adep": "VTBD", "ades": "VTUD", "dep_rwy": "", "arr_rwy": "", "sid": "", "star": "", "approach": "", "epoch_ts": "2025-12-23 00:08:35+00:00", "altitude_ft": 19473.7, "tas_kt": 384.3, "gs_kt": 384.3, "track_deg": 2.5565626130177685, "phase": "climb", "waypoint": "", "sector": "3N", "event": ""}, "geometry": {"type": "Point", "coordinates": [100.64467330374822, 14.763966195466235, 5935.58376]}}, {"id": "104", "type": "Feature", "properties": {"flight_key": "RT1_20251223T0000Z", "callsign": "RT1", "aircraft_type": "B738", "adep": "VTBD", "ades": "VTUD", "dep_rwy": "", "arr_rwy": "", "sid": "", "star": "", "approach": "", "epoch_ts": "2025-12-23 00:08:40+00:00", "altitude_ft": 19658.3, "tas_kt": 385.4, "gs_kt": 385.4, "track_deg": 2.5565626130177685, "phase": "climb", "waypoint": "", "sector": "3N", "event": ""}, "geometry": {"type": "Point", "coordinates": [100.64505321940014, 14.772214350634455, 5991.84984]}}, {"id": "105", "type": "Feature", "properties": {"flight_key": "RT1_20251223T0000Z", "callsign": "RT1", "aircraft_type": "B738", "adep": "VTBD", "ades": "VTUD", "dep_rwy": "", "arr_rwy": "", "sid": "", "star": "", "approach": "", "epoch_ts": "2025-12-23 00:08:45+00:00", "altitude_ft": 19842.9, "tas_kt": 386.5, "gs_kt": 386.5, "track_deg": 2.5565626130177685, "phase": "climb", "waypoint": "", "sector": "3N", "event": ""}, "geometry": {"type": "Point", "coordinates": [100.64543316371612, 14.78046249929576, 6048.115920000001]}}, {"id": "106", "type": "Feature", "properties": {"flight_key": "RT1_20251223T0000Z", "callsign": "RT1", "aircraft_type": "B738", "adep": "VTBD", "ades": "VTUD", "dep_rwy": "", "arr_rwy": "", "sid": "", "star": "", "approach": "", "epoch_ts": "2025-12-23 00:08:50+00:00", "altitude_ft": 20025.3, "tas_kt": 387.5, "gs_kt": 387.5, "track_deg": 2.5565626130177685, "phase": "climb", "waypoint": "", "sector": "3N", "event": ""}, "geometry": {"type": "Point", "coordinates": [100.64581313671503, 14.788710641446762, 6103.71144]}}, {"id": "107", "type": "Feature", "properties": {"flight_key": "RT1_20251223T0000Z", "callsign": "RT1", "aircraft_type": "B738", "adep": "VTBD", "ades": "VTUD", "dep_rwy": "", "arr_rwy": "", "sid": "", "star": "", "approach": "", "epoch_ts": "2025-12-23 00:08:55+00:00", "altitude_ft": 20195.0, "tas_kt": 388.5, "gs_kt": 388.5, "track_deg": 2.5565626130177685, "phase": "climb", "waypoint": "", "sector": "3N", "event": ""}, "geometry": {"type": "Point", "coordinates": [100.6461931384158, 14.796958777084066, 6155.436000000001]}}, {"id": "108", "type": "Feature", "properties": {"flight_key": "RT1_20251223T0000Z", "callsign": "RT1", "aircraft_type": "B738", "adep": "VTBD", "ades": "VTUD", "dep_rwy": "", "arr_rwy": "", "sid": "", "star": "", "approach": "", "epoch_ts": "2025-12-23 00:09:00+00:00", "altitude_ft": 20364.8, "tas_kt": 389.5, "gs_kt": 389.5, "track_deg": 2.5565626130177685, "phase": "climb", "waypoint": "", "sector": "3N", "event": ""}, "geometry": {"type": "Point", "coordinates": [100.6465731688373, 14.805206906204281, 6207.19104]}}, {"id": "109", "type": "Feature", "properties": {"flight_key": "RT1_20251223T0000Z", "callsign": "RT1", "aircraft_type": "B738", "adep": "VTBD", "ades": "VTUD", "dep_rwy": "", "arr_rwy": "", "sid": "", "star": "", "approach": "", "epoch_ts": "2025-12-23 00:09:05+00:00", "altitude_ft": 20534.5, "tas_kt": 390.5, "gs_kt": 390.5, "track_deg": 2.5565626130177685, "phase": "climb", "waypoint": "", "sector": "3N", "event": ""}, "geometry": {"type": "Point", "coordinates": [100.64695322799847, 14.813455028804006, 6258.9156]}}, {"id": "110", "type": "Feature", "properties": {"flight_key": "RT1_20251223T0000Z", "callsign": "RT1", "aircraft_type": "B738", "adep": "VTBD", "ades": "VTUD", "dep_rwy": "", "arr_rwy": "", "sid": "", "star": "", "approach": "", "epoch_ts": "2025-12-23 00:09:10+00:00", "altitude_ft": 20704.2, "tas_kt": 391.5, "gs_kt": 391.5, "track_deg": 2.5565626130177685, "phase": "climb", "waypoint": "", "sector": "3N", "event": ""}, "geometry": {"type": "Point", "coordinates": [100.64733331591819, 14.821703144879859, 6310.640160000001]}}, {"id": "111", "type": "Feature", "properties": {"flight_key": "RT1_20251223T0000Z", "callsign": "RT1", "aircraft_type": "B738", "adep": "VTBD", "ades": "VTUD", "dep_rwy": "", "arr_rwy": "", "sid": "", "star": "", "approach": "", "epoch_ts": "2025-12-23 00:09:15+00:00", "altitude_ft": 20873.9, "tas_kt": 392.5, "gs_kt": 392.5, "track_deg": 2.5565626130177685, "phase": "climb", "waypoint": "", "sector": "3N", "event": ""}, "geometry": {"type": "Point", "coordinates": [100.6477134326154, 14.82995125442845, 6362.3647200000005]}}, {"id": "112", "type": "Feature", "properties": {"flight_key": "RT1_20251223T0000Z", "callsign": "RT1", "aircraft_type": "B738", "adep": "VTBD", "ades": "VTUD", "dep_rwy": "", "arr_rwy": "", "sid": "", "star": "", "approach": "", "epoch_ts": "2025-12-23 00:09:20+00:00", "altitude_ft": 21043.6, "tas_kt": 393.5, "gs_kt": 393.5, "track_deg": 2.5565626130177685, "phase": "climb", "waypoint": "", "sector": "3N", "event": ""}, "geometry": {"type": "Point", "coordinates": [100.64809357810904, 14.838199357446385, 6414.08928]}}, {"id": "113", "type": "Feature", "properties": {"flight_key": "RT1_20251223T0000Z", "callsign": "RT1", "aircraft_type": "B738", "adep": "VTBD", "ades": "VTUD", "dep_rwy": "", "arr_rwy": "", "sid": "", "star": "", "approach": "", "epoch_ts": "2025-12-23 00:09:25+00:00", "altitude_ft": 21213.3, "tas_kt": 394.6, "gs_kt": 394.6, "track_deg": 2.5565626130177685, "phase": "climb", "waypoint": "", "sector": "3N", "event": ""}, "geometry": {"type": "Point", "coordinates": [100.648473752418, 14.846447453930276, 6465.81384]}}, {"id": "114", "type": "Feature", "properties": {"flight_key": "RT1_20251223T0000Z", "callsign": "RT1", "aircraft_type": "B738", "adep": "VTBD", "ades": "VTUD", "dep_rwy": "", "arr_rwy": "", "sid": "", "star": "", "approach": "", "epoch_ts": "2025-12-23 00:09:30+00:00", "altitude_ft": 21383.0, "tas_kt": 395.6, "gs_kt": 395.6, "track_deg": 2.5565626130177685, "phase": "climb", "waypoint": "", "sector": "3N", "event": ""}, "geometry": {"type": "Point", "coordinates": [100.64885395556124, 14.854695543876733, 6517.5384]}}, {"id": "115", "type": "Feature", "properties": {"flight_key": "RT1_20251223T0000Z", "callsign": "RT1", "aircraft_type": "B738", "adep": "VTBD", "ades": "VTUD", "dep_rwy": "", "arr_rwy": "", "sid": "", "star": "", "approach": "", "epoch_ts": "2025-12-23 00:09:35+00:00", "altitude_ft": 21552.7, "tas_kt": 396.6, "gs_kt": 396.6, "track_deg": 2.5565626130177685, "phase": "climb", "waypoint": "", "sector": "3N", "event": ""}, "geometry": {"type": "Point", "coordinates": [100.6492341875577, 14.862943627282368, 6569.262960000001]}}, {"id": "116", "type": "Feature", "properties": {"flight_key": "RT1_20251223T0000Z", "callsign": "RT1", "aircraft_type": "B738", "adep": "VTBD", "ades": "VTUD", "dep_rwy": "", "arr_rwy": "", "sid": "", "star": "", "approach": "", "epoch_ts": "2025-12-23 00:09:40+00:00", "altitude_ft": 21722.4, "tas_kt": 397.6, "gs_kt": 397.6, "track_deg": 2.5565626130177685, "phase": "climb", "waypoint": "", "sector": "3N", "event": ""}, "geometry": {"type": "Point", "coordinates": [100.6496144484263, 14.871191704143792, 6620.987520000001]}}, {"id": "117", "type": "Feature", "properties": {"flight_key": "RT1_20251223T0000Z", "callsign": "RT1", "aircraft_type": "B738", "adep": "VTBD", "ades": "VTUD", "dep_rwy": "", "arr_rwy": "", "sid": "", "star": "", "approach": "", "epoch_ts": "2025-12-23 00:09:45+00:00", "altitude_ft": 21892.1, "tas_kt": 398.6, "gs_kt": 398.6, "track_deg": 2.5565626130177685, "phase": "climb", "waypoint": "", "sector": "3N", "event": ""}, "geometry": {"type": "Point", "coordinates": [100.64999473818602, 14.879439774457618, 6672.71208]}}, {"id": "118", "type": "Feature", "properties": {"flight_key": "RT1_20251223T0000Z", "callsign": "RT1", "aircraft_type": "B738", "adep": "VTBD", "ades": "VTUD", "dep_rwy": "", "arr_rwy": "", "sid": "", "star": "", "approach": "", "epoch_ts": "2025-12-23 00:09:50+00:00", "altitude_ft": 22056.0, "tas_kt": 399.6, "gs_kt": 399.6, "track_deg": 2.5565626130177685, "phase": "climb", "waypoint": "", "sector": "3N", "event": ""}, "geometry": {"type": "Point", "coordinates": [100.65037505685582, 14.887687838220446, 6722.6688]}}, {"id": "119", "type": "Feature", "properties": {"flight_key": "RT1_20251223T0000Z", "callsign": "RT1", "aircraft_type": "B738", "adep": "VTBD", "ades": "VTUD", "dep_rwy": "", "arr_rwy": "", "sid": "", "star": "", "approach": "", "epoch_ts": "2025-12-23 00:09:55+00:00", "altitude_ft": 22209.7, "tas_kt": 400.6, "gs_kt": 400.6, "track_deg": 2.5565626130177685, "phase": "climb", "waypoint": "", "sector": "3N", "event": ""}, "geometry": {"type": "Point", "coordinates": [100.65075540445463, 14.895935895428904, 6769.516560000001]}}, {"id": "120", "type": "Feature", "properties": {"flight_key": "RT1_20251223T0000Z", "callsign": "RT1", "aircraft_type": "B738", "adep": "VTBD", "ades": "VTUD", "dep_rwy": "", "arr_rwy": "", "sid": "", "star": "", "approach": "", "epoch_ts": "2025-12-23 00:10:00+00:00", "altitude_ft": 22363.4, "tas_kt": 401.5, "gs_kt": 401.5, "track_deg": 2.5565626130177685, "phase": "climb", "waypoint": "", "sector": "3N", "event": ""}, "geometry": {"type": "Point", "coordinates": [100.65113578100143, 14.904183946079598, 6816.364320000001]}}, {"id": "121", "type": "Feature", "properties": {"flight_key": "RT1_20251223T0000Z", "callsign": "RT1", "aircraft_type": "B738", "adep": "VTBD", "ades": "VTUD", "dep_rwy": "", "arr_rwy": "", "sid": "", "star": "", "approach": "", "epoch_ts": "2025-12-23 00:10:05+00:00", "altitude_ft": 22517.1, "tas_kt": 402.5, "gs_kt": 402.5, "track_deg": 2.5565626130177685, "phase": "climb", "waypoint": "", "sector": "3N", "event": ""}, "geometry": {"type": "Point", "coordinates": [100.6515161865152, 14.912431990169146, 6863.21208]}}, {"id": "122", "type": "Feature", "properties": {"flight_key": "RT1_20251223T0000Z", "callsign": "RT1", "aircraft_type": "B738", "adep": "VTBD", "ades": "VTUD", "dep_rwy": "", "arr_rwy": "", "sid": "", "star": "", "approach": "", "epoch_ts": "2025-12-23 00:10:10+00:00", "altitude_ft": 22670.8, "tas_kt": 403.4, "gs_kt": 403.4, "track_deg": 2.5565626130177685, "phase": "climb", "waypoint": "", "sector": "3N", "event": ""}, "geometry": {"type": "Point", "coordinates": [100.6518966210149, 14.92068002769415, 6910.05984]}}, {"id": "123", "type": "Feature", "properties": {"flight_key": "RT1_20251223T0000Z", "callsign": "RT1", "aircraft_type": "B738", "adep": "VTBD", "ades": "VTUD", "dep_rwy": "", "arr_rwy": "", "sid": "", "star": "", "approach": "", "epoch_ts": "2025-12-23 00:10:15+00:00", "altitude_ft": 22824.5, "tas_kt": 404.3, "gs_kt": 404.3, "track_deg": 2.5565626130177685, "phase": "climb", "waypoint": "", "sector": "3N", "event": ""}, "geometry": {"type": "Point", "coordinates": [100.65227708451953, 14.92892805865124, 6956.9076000000005]}}, {"id": "124", "type": "Feature", "properties": {"flight_key": "RT1_20251223T0000Z", "callsign": "RT1", "aircraft_type": "B738", "adep": "VTBD", "ades": "VTUD", "dep_rwy": "", "arr_rwy": "", "sid": "", "star": "", "approach": "", "epoch_ts": "2025-12-23 00:10:20+00:00", "altitude_ft": 22978.3, "tas_kt": 405.3, "gs_kt": 405.3, "track_deg": 2.5565626130177685, "phase": "climb", "waypoint": "", "sector": "3N", "event": ""}, "geometry": {"type": "Point", "coordinates": [100.65265757704805, 14.937176083037015, 7003.7858400000005]}}, {"id": "125", "type": "Feature", "properties": {"flight_key": "RT1_20251223T0000Z", "callsign": "RT1", "aircraft_type": "B738", "adep": "VTBD", "ades": "VTUD", "dep_rwy": "", "arr_rwy": "", "sid": "", "star": "", "approach": "", "epoch_ts": "2025-12-23 00:10:25+00:00", "altitude_ft": 23132.0, "tas_kt": 406.2, "gs_kt": 406.2, "track_deg": 2.5565626130177685, "phase": "climb", "waypoint": "", "sector": "3N", "event": ""}, "geometry": {"type": "Point", "coordinates": [100.65303809861948, 14.945424100848102, 7050.6336]}}, {"id": "126", "type": "Feature", "properties": {"flight_key": "RT1_20251223T0000Z", "callsign": "RT1", "aircraft_type": "B738", "adep": "VTBD", "ades": "VTUD", "dep_rwy": "", "arr_rwy": "", "sid": "", "star": "", "approach": "", "epoch_ts": "2025-12-23 00:10:30+00:00", "altitude_ft": 23285.7, "tas_kt": 407.2, "gs_kt": 407.2, "track_deg": 2.5565626130177685, "phase": "climb", "waypoint": "", "sector": "3N", "event": ""}, "geometry": {"type": "Point", "coordinates": [100.65341864925281, 14.953672112081104, 7097.481360000001]}}, {"id": "127", "type": "Feature", "properties": {"flight_key": "RT1_20251223T0000Z", "callsign": "RT1", "aircraft_type": "B738", "adep": "VTBD", "ades": "VTUD", "dep_rwy": "", "arr_rwy": "", "sid": "", "star": "", "approach": "", "epoch_ts": "2025-12-23 00:10:35+00:00", "altitude_ft": 23439.4, "tas_kt": 408.2, "gs_kt": 408.2, "track_deg": 2.5565626130177685, "phase": "climb", "waypoint": "", "sector": "3N", "event": ""}, "geometry": {"type": "Point", "coordinates": [100.65379922896703, 14.961920116732646, 7144.329120000001]}}, {"id": "128", "type": "Feature", "properties": {"flight_key": "RT1_20251223T0000Z", "callsign": "RT1", "aircraft_type": "B738", "adep": "VTBD", "ades": "VTUD", "dep_rwy": "", "arr_rwy": "", "sid": "", "star": "", "approach": "", "epoch_ts": "2025-12-23 00:10:40+00:00", "altitude_ft": 23593.1, "tas_kt": 409.1, "gs_kt": 409.1, "track_deg": 2.5565626130177685, "phase": "climb", "waypoint": "", "sector": "3N", "event": ""}, "geometry": {"type": "Point", "coordinates": [100.65417983778117, 14.970168114799344, 7191.17688]}}, {"id": "129", "type": "Feature", "properties": {"flight_key": "RT1_20251223T0000Z", "callsign": "RT1", "aircraft_type": "B738", "adep": "VTBD", "ades": "VTUD", "dep_rwy": "", "arr_rwy": "", "sid": "", "star": "", "approach": "", "epoch_ts": "2025-12-23 00:10:45+00:00", "altitude_ft": 23746.8, "tas_kt": 410.1, "gs_kt": 410.1, "track_deg": 2.5565626130177685, "phase": "climb", "waypoint": "", "sector": "3N", "event": ""}, "geometry": {"type": "Point", "coordinates": [100.65456047571423, 14.97841610627781, 7238.0246400000005]}}, {"id": "130", "type": "Feature", "properties": {"flight_key": "RT1_20251223T0000Z", "callsign": "RT1", "aircraft_type": "B738", "adep": "VTBD", "ades": "VTUD", "dep_rwy": "", "arr_rwy": "", "sid": "", "star": "", "approach": "", "epoch_ts": "2025-12-23 00:10:50+00:00", "altitude_ft": 23900.5, "tas_kt": 411.1, "gs_kt": 411.1, "track_deg": 2.5565626130177685, "phase": "climb", "waypoint": "", "sector": "3N", "event": ""}, "geometry": {"type": "Point", "coordinates": [100.65494114278522, 14.986664091164666, 7284.8724]}}, {"id": "131", "type": "Feature", "properties": {"flight_key": "RT1_20251223T0000Z", "callsign": "RT1", "aircraft_type": "B738", "adep": "VTBD", "ades": "VTUD", "dep_rwy": "", "arr_rwy": "", "sid": "", "star": "", "approach": "", "epoch_ts": "2025-12-23 00:10:55+00:00", "altitude_ft": 24048.7, "tas_kt": 412.0, "gs_kt": 412.0, "track_deg": 2.5565626130177685, "phase": "climb", "waypoint": "", "sector": "3N", "event": ""}, "geometry": {"type": "Point", "coordinates": [100.65532183901318, 14.994912069456522, 7330.0437600000005]}}, {"id": "132", "type": "Feature", "properties": {"flight_key": "RT1_20251223T0000Z", "callsign": "RT1", "aircraft_type": "B738", "adep": "VTBD", "ades": "VTUD", "dep_rwy": "", "arr_rwy": "", "sid": "", "star": "", "approach": "", "epoch_ts": "2025-12-23 00:11:00+00:00", "altitude_ft": 24186.7, "tas_kt": 412.9, "gs_kt": 412.9, "track_deg": 2.5565626130177685, "phase": "climb", "waypoint": "", "sector": "3N", "event": ""}, "geometry": {"type": "Point", "coordinates": [100.65570256441714, 15.003160041149997, 7372.10616]}}, {"id": "133", "type": "Feature", "properties": {"flight_key": "RT1_20251223T0000Z", "callsign": "RT1", "aircraft_type": "B738", "adep": "VTBD", "ades": "VTUD", "dep_rwy": "", "arr_rwy": "", "sid": "", "star": "", "approach": "", "epoch_ts": "2025-12-23 00:11:05+00:00", "altitude_ft": 24324.8, "tas_kt": 413.7, "gs_kt": 413.7, "track_deg": 2.5565626130177685, "phase": "climb", "waypoint": "", "sector": "3N", "event": ""}, "geometry": {"type": "Point", "coordinates": [100.65608331901612, 15.011408006241714, 7414.19904]}}, {"id": "134", "type": "Feature", "properties": {"flight_key": "RT1_20251223T0000Z", "callsign": "RT1", "aircraft_type": "B738", "adep": "VTBD", "ades": "VTUD", "dep_rwy": "", "arr_rwy": "", "sid": "", "star": "", "approach": "", "epoch_ts": "2025-12-23 00:11:10+00:00", "altitude_ft": 24462.8, "tas_kt": 414.6, "gs_kt": 414.6, "track_deg": 2.5565626130177685, "phase": "climb", "waypoint": "", "sector": "3N", "event": ""}, "geometry": {"type": "Point", "coordinates": [100.65646410282916, 15.01965596472829, 7456.26144]}}, {"id": "135", "type": "Feature", "properties": {"flight_key": "RT1_20251223T0000Z", "callsign": "RT1", "aircraft_type": "B738", "adep": "VTBD", "ades": "VTUD", "dep_rwy": "", "arr_rwy": "", "sid": "", "star": "", "approach": "", "epoch_ts": "2025-12-23 00:11:15+00:00", "altitude_ft": 24600.9, "tas_kt": 415.5, "gs_kt": 415.5, "track_deg": 2.5565626130177685, "phase": "climb", "waypoint": "", "sector": "3N", "event": ""}, "geometry": {"type": "Point", "coordinates": [100.65684491587533, 15.027903916606334, 7498.35432]}}, {"id": "136", "type": "Feature", "properties": {"flight_key": "RT1_20251223T0000Z", "callsign": "RT1", "aircraft_type": "B738", "adep": "VTBD", "ades": "VTUD", "dep_rwy": "", "arr_rwy": "", "sid": "", "star": "", "approach": "", "epoch_ts": "2025-12-23 00:11:20+00:00", "altitude_ft": 24738.9, "tas_kt": 416.4, "gs_kt": 416.4, "track_deg": 2.5565626130177685, "phase": "climb", "waypoint": "", "sector": "3N", "event": ""}, "geometry": {"type": "Point", "coordinates": [100.65722575817364, 15.036151861872476, 7540.416720000001]}}, {"id": "137", "type": "Feature", "properties": {"flight_key": "RT1_20251223T0000Z", "callsign": "RT1", "aircraft_type": "B738", "adep": "VTBD", "ades": "VTUD", "dep_rwy": "", "arr_rwy": "", "sid": "", "star": "", "approach": "", "epoch_ts": "2025-12-23 00:11:25+00:00", "altitude_ft": 24876.9, "tas_kt": 417.3, "gs_kt": 417.3, "track_deg": 2.5565626130177685, "phase": "climb", "waypoint": "", "sector": "3N", "event": ""}, "geometry": {"type": "Point", "coordinates": [100.65760662974319, 15.044399800523331, 7582.479120000001]}}, {"id": "138", "type": "Feature", "properties": {"flight_key": "RT1_20251223T0000Z", "callsign": "RT1", "aircraft_type": "B738", "adep": "VTBD", "ades": "VTUD", "dep_rwy": "", "arr_rwy": "", "sid": "", "star": "", "approach": "", "epoch_ts": "2025-12-23 00:11:30+00:00", "altitude_ft": 25015.0, "tas_kt": 418.1, "gs_kt": 418.1, "track_deg": 2.5565626130177685, "phase": "climb", "waypoint": "", "sector": "3N", "event": ""}, "geometry": {"type": "Point", "coordinates": [100.65798753060301, 15.05264773255553, 7624.572]}}, {"id": "139", "type": "Feature", "properties": {"flight_key": "RT1_20251223T0000Z", "callsign": "RT1", "aircraft_type": "B738", "adep": "VTBD", "ades": "VTUD", "dep_rwy": "", "arr_rwy": "", "sid": "", "star": "", "approach": "", "epoch_ts": "2025-12-23 00:11:35+00:00", "altitude_ft": 25153.0, "tas_kt": 419.0, "gs_kt": 419.0, "track_deg": 2.5565626130177685, "phase": "climb", "waypoint": "", "sector": "3N", "event": ""}, "geometry": {"type": "Point", "coordinates": [100.65836846077217, 15.060895657965673, 7666.634400000001]}}, {"id": "140", "type": "Feature", "properties": {"flight_key": "RT1_20251223T0000Z", "callsign": "RT1", "aircraft_type": "B738", "adep": "VTBD", "ades": "VTUD", "dep_rwy": "", "arr_rwy": "", "sid": "", "star": "", "approach": "", "epoch_ts": "2025-12-23 00:11:40+00:00", "altitude_ft": 25291.1, "tas_kt": 419.9, "gs_kt": 419.9, "track_deg": 2.5565626130177685, "phase": "climb", "waypoint": "", "sector": "3N", "event": ""}, "geometry": {"type": "Point", "coordinates": [100.65874942026976, 15.069143576750392, 7708.72728]}}, {"id": "141", "type": "Feature", "properties": {"flight_key": "RT1_20251223T0000Z", "callsign": "RT1", "aircraft_type": "B738", "adep": "VTBD", "ades": "VTUD", "dep_rwy": "", "arr_rwy": "", "sid": "", "star": "", "approach": "", "epoch_ts": "2025-12-23 00:11:45+00:00", "altitude_ft": 25429.1, "tas_kt": 420.8, "gs_kt": 420.8, "track_deg": 2.5565626130177685, "phase": "climb", "waypoint": "", "sector": "3N", "event": ""}, "geometry": {"type": "Point", "coordinates": [100.65913040911484, 15.077391488906308, 7750.78968]}}, {"id": "142", "type": "Feature", "properties": {"flight_key": "RT1_20251223T0000Z", "callsign": "RT1", "aircraft_type": "B738", "adep": "VTBD", "ades": "VTUD", "dep_rwy": "", "arr_rwy": "", "sid": "", "star": "", "approach": "", "epoch_ts": "2025-12-23 00:11:50+00:00", "altitude_ft": 25567.1, "tas_kt": 421.7, "gs_kt": 421.7, "track_deg": 2.5565626130177685, "phase": "climb", "waypoint": "", "sector": "3N", "event": ""}, "geometry": {"type": "Point", "coordinates": [100.65951142732649, 15.08563939443004, 7792.85208]}}, {"id": "143", "type": "Feature", "properties": {"flight_key": "RT1_20251223T0000Z", "callsign": "RT1", "aircraft_type": "B738", "adep": "VTBD", "ades": "VTUD", "dep_rwy": "", "arr_rwy": "", "sid": "", "star": "", "approach": "", "epoch_ts": "2025-12-23 00:11:55+00:00", "altitude_ft": 25705.2, "tas_kt": 422.6, "gs_kt": 422.6, "track_deg": 2.5565626130177685, "phase": "climb", "waypoint": "", "sector": "3N", "event": ""}, "geometry": {"type": "Point", "coordinates": [100.65989247492381, 15.093887293318218, 7834.944960000001]}}, {"id": "144", "type": "Feature", "properties": {"flight_key": "RT1_20251223T0000Z", "callsign": "RT1", "aircraft_type": "B738", "adep": "VTBD", "ades": "VTUD", "dep_rwy": "", "arr_rwy": "", "sid": "", "star": "", "approach": "", "epoch_ts": "2025-12-23 00:12:00+00:00", "altitude_ft": 25843.2, "tas_kt": 423.5, "gs_kt": 423.5, "track_deg": 2.5565626130177685, "phase": "climb", "waypoint": "", "sector": "3N", "event": ""}, "geometry": {"type": "Point", "coordinates": [100.66027355192588, 15.102135185567448, 7877.0073600000005]}}, {"id": "145", "type": "Feature", "properties": {"flight_key": "RT1_20251223T0000Z", "callsign": "RT1", "aircraft_type": "B738", "adep": "VTBD", "ades": "VTUD", "dep_rwy": "", "arr_rwy": "", "sid": "", "star": "", "approach": "", "epoch_ts": "2025-12-23 00:12:05+00:00", "altitude_ft": 25981.3, "tas_kt": 424.4, "gs_kt": 424.4, "track_deg": 2.5565626130177685, "phase": "climb", "waypoint": "", "sector": "3N", "event": ""}, "geometry": {"type": "Point", "coordinates": [100.66065465835182, 15.110383071174365, 7919.10024]}}, {"id": "146", "type": "Feature", "properties": {"flight_key": "RT1_20251223T0000Z", "callsign": "RT1", "aircraft_type": "B738", "adep": "VTBD", "ades": "VTUD", "dep_rwy": "", "arr_rwy": "", "sid": "", "star": "", "approach": "", "epoch_ts": "2025-12-23 00:12:10+00:00", "altitude_ft": 26107.5, "tas_kt": 425.2, "gs_kt": 425.2, "track_deg": 2.5565626130177685, "phase": "climb", "waypoint": "", "sector": "3N", "event": ""}, "geometry": {"type": "Point", "coordinates": [100.66103579422071, 15.11863095013559, 7957.566000000001]}}, {"id": "147", "type": "Feature", "properties": {"flight_key": "RT1_20251223T0000Z", "callsign": "RT1", "aircraft_type": "B738", "adep": "VTBD", "ades": "VTUD", "dep_rwy": "", "arr_rwy": "", "sid": "", "star": "", "approach": "", "epoch_ts": "2025-12-23 00:12:15+00:00", "altitude_ft": 26232.0, "tas_kt": 426.1, "gs_kt": 426.1, "track_deg": 2.5565626130177685, "phase": "climb", "waypoint": "", "sector": "3N", "event": ""}, "geometry": {"type": "Point", "coordinates": [100.66141695955167, 15.126878822447745, 7995.5136]}}, {"id": "148", "type": "Feature", "properties": {"flight_key": "RT1_20251223T0000Z", "callsign": "RT1", "aircraft_type": "B738", "adep": "VTBD", "ades": "VTUD", "dep_rwy": "", "arr_rwy": "", "sid": "", "star": "", "approach": "", "epoch_ts": "2025-12-23 00:12:20+00:00", "altitude_ft": 26356.4, "tas_kt": 426.9, "gs_kt": 426.9, "track_deg": 2.5565626130177685, "phase": "climb", "waypoint": "", "sector": "3N", "event": ""}, "geometry": {"type": "Point", "coordinates": [100.66179815436382, 15.135126688107457, 8033.430720000001]}}, {"id": "149", "type": "Feature", "properties": {"flight_key": "RT1_20251223T0000Z", "callsign": "RT1", "aircraft_type": "B738", "adep": "VTBD", "ades": "VTUD", "dep_rwy": "", "arr_rwy": "", "sid": "", "star": "", "approach": "", "epoch_ts": "2025-12-23 00:12:25+00:00", "altitude_ft": 26480.8, "tas_kt": 427.7, "gs_kt": 427.7, "track_deg": 2.5565626130177685, "phase": "climb", "waypoint": "", "sector": "3N", "event": ""}, "geometry": {"type": "Point", "coordinates": [100.66217937867627, 15.143374547111343, 8071.34784]}}, {"id": "150", "type": "Feature", "properties": {"flight_key": "RT1_20251223T0000Z", "callsign": "RT1", "aircraft_type": "B738", "adep": "VTBD", "ades": "VTUD", "dep_rwy": "", "arr_rwy": "", "sid": "", "star": "", "approach": "", "epoch_ts": "2025-12-23 00:12:30+00:00", "altitude_ft": 26605.2, "tas_kt": 428.5, "gs_kt": 428.5, "track_deg": 2.5565626130177685, "phase": "climb", "waypoint": "", "sector": "3N", "event": ""}, "geometry": {"type": "Point", "coordinates": [100.66256063250815, 15.151622399456034, 8109.26496]}}, {"id": "151", "type": "Feature", "properties": {"flight_key": "RT1_20251223T0000Z", "callsign": "RT1", "aircraft_type": "B738", "adep": "VTBD", "ades": "VTUD", "dep_rwy": "", "arr_rwy": "", "sid": "", "star": "", "approach": "", "epoch_ts": "2025-12-23 00:12:35+00:00", "altitude_ft": 26729.6, "tas_kt": 429.3, "gs_kt": 429.3, "track_deg": 2.5565626130177685, "phase": "climb", "waypoint": "", "sector": "3N", "event": ""}, "geometry": {"type": "Point", "coordinates": [100.66294191587859, 15.159870245138148, 8147.18208]}}, {"id": "152", "type": "Feature", "properties": {"flight_key": "RT1_20251223T0000Z", "callsign": "RT1", "aircraft_type": "B738", "adep": "VTBD", "ades": "VTUD", "dep_rwy": "", "arr_rwy": "", "sid": "", "star": "", "approach": "", "epoch_ts": "2025-12-23 00:12:40+00:00", "altitude_ft": 26854.0, "tas_kt": 430.2, "gs_kt": 430.2, "track_deg": 2.5565626130177685, "phase": "climb", "waypoint": "", "sector": "3N", "event": ""}, "geometry": {"type": "Point", "coordinates": [100.66332322880672, 15.16811808415432, 8185.099200000001]}}, {"id": "153", "type": "Feature", "properties": {"flight_key": "RT1_20251223T0000Z", "callsign": "RT1", "aircraft_type": "B738", "adep": "VTBD", "ades": "VTUD", "dep_rwy": "", "arr_rwy": "", "sid": "", "star": "", "approach": "", "epoch_ts": "2025-12-23 00:12:45+00:00", "altitude_ft": 26978.5, "tas_kt": 431.0, "gs_kt": 431.0, "track_deg": 2.5565626130177685, "phase": "climb", "waypoint": "", "sector": "3N", "event": ""}, "geometry": {"type": "Point", "coordinates": [100.66370457131168, 15.176365916501172, 8223.0468]}}, {"id": "154", "type": "Feature", "properties": {"flight_key": "RT1_20251223T0000Z", "callsign": "RT1", "aircraft_type": "B738", "adep": "VTBD", "ades": "VTUD", "dep_rwy": "", "arr_rwy": "", "sid": "", "star": "", "approach": "", "epoch_ts": "2025-12-23 00:12:50+00:00", "altitude_ft": 27102.9, "tas_kt": 431.8, "gs_kt": 431.8, "track_deg": 2.5565626130177685, "phase": "climb", "waypoint": "", "sector": "3N", "event": ""}, "geometry": {"type": "Point", "coordinates": [100.66408594341264, 15.184613742175323, 8260.96392]}}, {"id": "155", "type": "Feature", "properties": {"flight_key": "RT1_20251223T0000Z", "callsign": "RT1", "aircraft_type": "B738", "adep": "VTBD", "ades": "VTUD", "dep_rwy": "", "arr_rwy": "", "sid": "", "star": "", "approach": "", "epoch_ts": "2025-12-23 00:12:55+00:00", "altitude_ft": 27227.3, "tas_kt": 432.7, "gs_kt": 432.7, "track_deg": 2.5565626130177685, "phase": "climb", "waypoint": "", "sector": "3N", "event": ""}, "geometry": {"type": "Point", "coordinates": [100.66446734512873, 15.192861561173412, 8298.88104]}}, {"id": "156", "type": "Feature", "properties": {"flight_key": "RT1_20251223T0000Z", "callsign": "RT1", "aircraft_type": "B738", "adep": "VTBD", "ades": "VTUD", "dep_rwy": "", "arr_rwy": "", "sid": "", "star": "", "approach": "", "epoch_ts": "2025-12-23 00:13:00+00:00", "altitude_ft": 27351.7, "tas_kt": 433.5, "gs_kt": 433.5, "track_deg": 2.5565626130177685, "phase": "climb", "waypoint": "", "sector": "3N", "event": ""}, "geometry": {"type": "Point", "coordinates": [100.6648487764791, 15.201109373492054, 8336.79816]}}, {"id": "157", "type": "Feature", "properties": {"flight_key": "RT1_20251223T0000Z", "callsign": "RT1", "aircraft_type": "B738", "adep": "VTBD", "ades": "VTUD", "dep_rwy": "", "arr_rwy": "", "sid": "", "star": "", "approach": "", "epoch_ts": "2025-12-23 00:13:05+00:00", "altitude_ft": 27476.1, "tas_kt": 434.3, "gs_kt": 434.3, "track_deg": 2.5565626130177685, "phase": "climb", "waypoint": "", "sector": "3N", "event": ""}, "geometry": {"type": "Point", "coordinates": [100.66523023748294, 15.209357179127887, 8374.71528]}}, {"id": "158", "type": "Feature", "properties": {"flight_key": "RT1_20251223T0000Z", "callsign": "RT1", "aircraft_type": "B738", "adep": "VTBD", "ades": "VTUD", "dep_rwy": "", "arr_rwy": "", "sid": "", "star": "", "approach": "", "epoch_ts": "2025-12-23 00:13:10+00:00", "altitude_ft": 27600.5, "tas_kt": 435.2, "gs_kt": 435.2, "track_deg": 2.5565626130177685, "phase": "climb", "waypoint": "", "sector": "3N", "event": ""}, "geometry": {"type": "Point", "coordinates": [100.6656117281594, 15.21760497807753, 8412.6324]}}, {"id": "159", "type": "Feature", "properties": {"flight_key": "RT1_20251223T0000Z", "callsign": "RT1", "aircraft_type": "B738", "adep": "VTBD", "ades": "VTUD", "dep_rwy": "", "arr_rwy": "", "sid": "", "star": "", "approach": "", "epoch_ts": "2025-12-23 00:13:15+00:00", "altitude_ft": 27725.0, "tas_kt": 436.0, "gs_kt": 436.0, "track_deg": 2.5565626130177685, "phase": "climb", "waypoint": "", "sector": "VTD34,VTD34", "event": ""}, "geometry": {"type": "Point", "coordinates": [100.66599324852767, 15.225852770337616, 8450.58]}}, {"id": "160", "type": "Feature", "properties": {"flight_key": "RT1_20251223T0000Z", "callsign": "RT1", "aircraft_type": "B738", "adep": "VTBD", "ades": "VTUD", "dep_rwy": "", "arr_rwy": "", "sid": "", "star": "", "approach": "", "epoch_ts": "2025-12-23 00:13:20+00:00", "altitude_ft": 27849.4, "tas_kt": 436.9, "gs_kt": 436.9, "track_deg": 2.5565626130177685, "phase": "climb", "waypoint": "", "sector": "VTD34,VTD34", "event": ""}, "geometry": {"type": "Point", "coordinates": [100.6663747986069, 15.234100555904774, 8488.49712]}}, {"id": "161", "type": "Feature", "properties": {"flight_key": "RT1_20251223T0000Z", "callsign": "RT1", "aircraft_type": "B738", "adep": "VTBD", "ades": "VTUD", "dep_rwy": "", "arr_rwy": "", "sid": "", "star": "", "approach": "", "epoch_ts": "2025-12-23 00:13:22.147890+00:00", "altitude_ft": 27902.8, "tas_kt": 437.2, "gs_kt": 437.2, "track_deg": 2.5565626130177685, "phase": "climb", "waypoint": "", "sector": "VTD34,VTD34", "event": ""}, "geometry": {"type": "Point", "coordinates": [100.66653871322602, 15.237643620459597, 8504.77344]}}, {"id": "162", "type": "Feature", "properties": {"flight_key": "RT1_20251223T0000Z", "callsign": "RT1", "aircraft_type": "B738", "adep": "VTBD", "ades": "VTUD", "dep_rwy": "", "arr_rwy": "", "sid": "", "star": "", "approach": "", "epoch_ts": "2025-12-23 00:13:25+00:00", "altitude_ft": 27973.8, "tas_kt": 437.7, "gs_kt": 437.7, "track_deg": 4.777721941901435, "phase": "climb", "waypoint": "", "sector": "VTD34,VTD34", "event": ""}, "geometry": {"type": "Point", "coordinates": [100.66694273255116, 15.242336714423127, 8526.41424]}}, {"id": "163", "type": "Feature", "properties": {"flight_key": "RT1_20251223T0000Z", "callsign": "RT1", "aircraft_type": "B738", "adep": "VTBD", "ades": "VTUD", "dep_rwy": "", "arr_rwy": "", "sid": "", "star": "", "approach": "", "epoch_ts": "2025-12-23 00:13:27.176048+00:00", "altitude_ft": 28025.7, "tas_kt": 463.6, "gs_kt": 463.6, "track_deg": 4.777721941901435, "phase": "climb", "waypoint": "", "sector": "VTD34", "event": ""}, "geometry": {"type": "Point", "coordinates": [100.66725099545009, 15.245917358620698, 8542.23336]}}, {"id": "164", "type": "Feature", "properties": {"flight_key": "RT1_20251223T0000Z", "callsign": "RT1", "aircraft_type": "B738", "adep": "VTBD", "ades": "VTUD", "dep_rwy": "", "arr_rwy": "", "sid": "", "star": "", "approach": "", "epoch_ts": "2025-12-23 00:13:30+00:00", "altitude_ft": 28090.3, "tas_kt": 463.5, "gs_kt": 463.5, "track_deg": 9.278336524280563, "phase": "climb", "waypoint": "", "sector": "VTD34", "event": ""}, "geometry": {"type": "Point", "coordinates": [100.66802539090088, 15.250519309794035, 8561.92344]}}, {"id": "165", "type": "Feature", "properties": {"flight_key": "RT1_20251223T0000Z", "callsign": "RT1", "aircraft_type": "B738", "adep": "VTBD", "ades": "VTUD", "dep_rwy": "", "arr_rwy": "", "sid": "", "star": "", "approach": "", "epoch_ts": "2025-12-23 00:13:32.204206+00:00", "altitude_ft": 28140.7, "tas_kt": 463.4, "gs_kt": 463.4, "track_deg": 9.278336524280563, "phase": "climb", "waypoint": "", "sector": "VTD34", "event": ""}, "geometry": {"type": "Point", "coordinates": [100.66862986062073, 15.254111311657773, 8577.28536]}}, {"id": "166", "type": "Feature", "properties": {"flight_key": "RT1_20251223T0000Z", "callsign": "RT1", "aircraft_type": "B738", "adep": "VTBD", "ades": "VTUD", "dep_rwy": "", "arr_rwy": "", "sid": "", "star": "", "approach": "", "epoch_ts": "2025-12-23 00:13:35+00:00", "altitude_ft": 28204.7, "tas_kt": 463.2, "gs_kt": 463.2, "track_deg": 13.779126537804174, "phase": "climb", "waypoint": "", "sector": "VTD34", "event": ""}, "geometry": {"type": "Point", "coordinates": [100.66976248041449, 15.258594912497776, 8596.79256]}}, {"id": "167", "type": "Feature", "properties": {"flight_key": "RT1_20251223T0000Z", "callsign": "RT1", "aircraft_type": "B738", "adep": "VTBD", "ades": "VTUD", "dep_rwy": "", "arr_rwy": "", "sid": "", "star": "", "approach": "", "epoch_ts": "2025-12-23 00:13:37.232365+00:00", "altitude_ft": 28255.7, "tas_kt": 463.1, "gs_kt": 463.1, "track_deg": 13.779126537804174, "phase": "climb", "waypoint": "", "sector": "VTD34", "event": ""}, "geometry": {"type": "Point", "coordinates": [100.6706668808014, 15.262174939570874, 8612.337360000001]}}, {"id": "168", "type": "Feature", "properties": {"flight_key": "RT1_20251223T0000Z", "callsign": "RT1", "aircraft_type": "B738", "adep": "VTBD", "ades": "VTUD", "dep_rwy": "", "arr_rwy": "", "sid": "", "star": "", "approach": "", "epoch_ts": "2025-12-23 00:13:40+00:00", "altitude_ft": 28319.0, "tas_kt": 463.0, "gs_kt": 463.0, "track_deg": 18.28008994523676, "phase": "climb", "waypoint": "", "sector": "VTD34", "event": ""}, "geometry": {"type": "Point", "coordinates": [100.67214347835714, 15.266514270956286, 8631.6312]}}, {"id": "169", "type": "Feature", "properties": {"flight_key": "RT1_20251223T0000Z", "callsign": "RT1", "aircraft_type": "B738", "adep": "VTBD", "ades": "VTUD", "dep_rwy": "", "arr_rwy": "", "sid": "", "star": "", "approach": "", "epoch_ts": "2025-12-23 00:13:42.260523+00:00", "altitude_ft": 28370.7, "tas_kt": 462.9, "gs_kt": 462.9, "track_deg": 18.28008994523676, "phase": "climb", "waypoint": "", "sector": "VTD34", "event": ""}, "geometry": {"type": "Point", "coordinates": [100.67334956476303, 15.270058500569764, 8647.389360000001]}}, {"id": "170", "type": "Feature", "properties": {"flight_key": "RT1_20251223T0000Z", "callsign": "RT1", "aircraft_type": "B738", "adep": "VTBD", "ades": "VTUD", "dep_rwy": "", "arr_rwy": "", "sid": "", "star": "", "approach": "", "epoch_ts": "2025-12-23 00:13:45+00:00", "altitude_ft": 28433.4, "tas_kt": 462.8, "gs_kt": 462.8, "track_deg": 22.78122363152566, "phase": "climb", "waypoint": "NOBER", "sector": "VTD34", "event": ""}, "geometry": {"type": "Point", "coordinates": [100.67515393073181, 15.274229081254761, 8666.500320000001]}}, {"id": "171", "type": "Feature", "properties": {"flight_key": "RT1_20251223T0000Z", "callsign": "RT1", "aircraft_type": "B738", "adep": "VTBD", "ades": "VTUD", "dep_rwy": "", "arr_rwy": "", "sid": "", "star": "", "approach": "", "epoch_ts": "2025-12-23 00:13:47.288681+00:00", "altitude_ft": 28485.8, "tas_kt": 462.7, "gs_kt": 462.7, "track_deg": 22.78122363152566, "phase": "climb", "waypoint": "", "sector": "VTD34", "event": ""}, "geometry": {"type": "Point", "coordinates": [100.6766614332757, 15.277713358227508, 8682.47184]}}, {"id": "172", "type": "Feature", "properties": {"flight_key": "RT1_20251223T0000Z", "callsign": "RT1", "aircraft_type": "B738", "adep": "VTBD", "ades": "VTUD", "dep_rwy": "", "arr_rwy": "", "sid": "", "star": "", "approach": "", "epoch_ts": "2025-12-23 00:13:50+00:00", "altitude_ft": 28547.8, "tas_kt": 462.6, "gs_kt": 462.6, "track_deg": 27.282523416708763, "phase": "climb", "waypoint": "", "sector": "VTD34", "event": ""}, "geometry": {"type": "Point", "coordinates": [100.67877553880459, 15.281692282087572, 8701.36944]}}, {"id": "173", "type": "Feature", "properties": {"flight_key": "RT1_20251223T0000Z", "callsign": "RT1", "aircraft_type": "B738", "adep": "VTBD", "ades": "VTUD", "dep_rwy": "", "arr_rwy": "", "sid": "", "star": "", "approach": "", "epoch_ts": "2025-12-23 00:13:52.316840+00:00", "altitude_ft": 28600.8, "tas_kt": 462.4, "gs_kt": 462.4, "track_deg": 31.783984080963872, "phase": "climb", "waypoint": "", "sector": "VTD34", "event": ""}, "geometry": {"type": "Point", "coordinates": [100.6805821191501, 15.285092281942847, 8717.52384]}}, {"id": "174", "type": "Feature", "properties": {"flight_key": "RT1_20251223T0000Z", "callsign": "RT1", "aircraft_type": "B738", "adep": "VTBD", "ades": "VTUD", "dep_rwy": "", "arr_rwy": "", "sid": "", "star": "", "approach": "", "epoch_ts": "2025-12-23 00:13:55+00:00", "altitude_ft": 28662.2, "tas_kt": 462.3, "gs_kt": 462.3, "track_deg": 31.783984080963872, "phase": "climb", "waypoint": "", "sector": "VTD34", "event": ""}, "geometry": {"type": "Point", "coordinates": [100.68298626924064, 15.28885834224212, 8736.23856]}}, {"id": "175", "type": "Feature", "properties": {"flight_key": "RT1_20251223T0000Z", "callsign": "RT1", "aircraft_type": "B738", "adep": "VTBD", "ades": "VTUD", "dep_rwy": "", "arr_rwy": "", "sid": "", "star": "", "approach": "", "epoch_ts": "2025-12-23 00:13:57.344998+00:00", "altitude_ft": 28715.8, "tas_kt": 462.2, "gs_kt": 462.2, "track_deg": 31.783984080963872, "phase": "climb", "waypoint": "", "sector": "VTD34", "event": ""}, "geometry": {"type": "Point", "coordinates": [100.68508749145185, 15.292149738844902, 8752.57584]}}, {"id": "176", "type": "Feature", "properties": {"flight_key": "RT1_20251223T0000Z", "callsign": "RT1", "aircraft_type": "B738", "adep": "VTBD", "ades": "VTUD", "dep_rwy": "", "arr_rwy": "", "sid": "", "star": "", "approach": "", "epoch_ts": "2025-12-23 00:14:00+00:00", "altitude_ft": 28776.5, "tas_kt": 462.1, "gs_kt": 462.1, "track_deg": 36.285599392785315, "phase": "climb", "waypoint": "", "sector": "VTD34", "event": ""}, "geometry": {"type": "Point", "coordinates": [100.68776048721479, 15.295683538854167, 8771.0772]}}, {"id": "177", "type": "Feature", "properties": {"flight_key": "RT1_20251223T0000Z", "callsign": "RT1", "aircraft_type": "B738", "adep": "VTBD", "ades": "VTUD", "dep_rwy": "", "arr_rwy": "", "sid": "", "star": "", "approach": "", "epoch_ts": "2025-12-23 00:14:02.373156+00:00", "altitude_ft": 28830.8, "tas_kt": 462.0, "gs_kt": 462.0, "track_deg": 36.285599392785315, "phase": "climb", "waypoint": "", "sector": "VTD34", "event": ""}, "geometry": {"type": "Point", "coordinates": [100.69014980315691, 15.298842175324594, 8787.627840000001]}}, {"id": "178", "type": "Feature", "properties": {"flight_key": "RT1_20251223T0000Z", "callsign": "RT1", "aircraft_type": "B738", "adep": "VTBD", "ades": "VTUD", "dep_rwy": "", "arr_rwy": "", "sid": "", "star": "", "approach": "", "epoch_ts": "2025-12-23 00:14:05+00:00", "altitude_ft": 28890.9, "tas_kt": 461.9, "gs_kt": 461.9, "track_deg": 40.78736214516309, "phase": "climb", "waypoint": "", "sector": "VTD34", "event": ""}, "geometry": {"type": "Point", "coordinates": [100.69306911171586, 15.302126224721802, 8805.946320000001]}}, {"id": "179", "type": "Feature", "properties": {"flight_key": "RT1_20251223T0000Z", "callsign": "RT1", "aircraft_type": "B738", "adep": "VTBD", "ades": "VTUD", "dep_rwy": "", "arr_rwy": "", "sid": "", "star": "", "approach": "", "epoch_ts": "2025-12-23 00:14:07.401315+00:00", "altitude_ft": 28945.8, "tas_kt": 461.8, "gs_kt": 461.8, "track_deg": 40.78736214516309, "phase": "climb", "waypoint": "", "sector": "VTD34", "event": ""}, "geometry": {"type": "Point", "coordinates": [100.69573786136687, 15.30512828643785, 8822.67984]}}, {"id": "180", "type": "Feature", "properties": {"flight_key": "RT1_20251223T0000Z", "callsign": "RT1", "aircraft_type": "B738", "adep": "VTBD", "ades": "VTUD", "dep_rwy": "", "arr_rwy": "", "sid": "", "star": "", "approach": "", "epoch_ts": "2025-12-23 00:14:10+00:00", "altitude_ft": 29005.3, "tas_kt": 461.6, "gs_kt": 461.6, "track_deg": 43.06722091187531, "phase": "climb", "waypoint": "", "sector": "VTD34", "event": ""}, "geometry": {"type": "Point", "coordinates": [100.6987568354301, 15.308263049022484, 8840.81544]}}, {"id": "181", "type": "Feature", "properties": {"flight_key": "RT1_20251223T0000Z", "callsign": "RT1", "aircraft_type": "B738", "adep": "VTBD", "ades": "VTUD", "dep_rwy": "", "arr_rwy": "", "sid": "", "star": "", "approach": "", "epoch_ts": "2025-12-23 00:14:15+00:00", "altitude_ft": 29119.7, "tas_kt": 461.4, "gs_kt": 461.4, "track_deg": 43.06722091187531, "phase": "climb", "waypoint": "", "sector": "VTD34", "event": ""}, "geometry": {"type": "Point", "coordinates": [100.70456574490723, 15.314294371449124, 8875.684560000002]}}, {"id": "182", "type": "Feature", "properties": {"flight_key": "RT1_20251223T0000Z", "callsign": "RT1", "aircraft_type": "B738", "adep": "VTBD", "ades": "VTUD", "dep_rwy": "", "arr_rwy": "", "sid": "", "star": "", "approach": "", "epoch_ts": "2025-12-23 00:14:20+00:00", "altitude_ft": 29234.0, "tas_kt": 461.2, "gs_kt": 461.2, "track_deg": 43.06722091187531, "phase": "climb", "waypoint": "", "sector": "VTD34", "event": ""}, "geometry": {"type": "Point", "coordinates": [100.71037498719686, 15.320325539654748, 8910.5232]}}, {"id": "183", "type": "Feature", "properties": {"flight_key": "RT1_20251223T0000Z", "callsign": "RT1", "aircraft_type": "B738", "adep": "VTBD", "ades": "VTUD", "dep_rwy": "", "arr_rwy": "", "sid": "", "star": "", "approach": "", "epoch_ts": "2025-12-23 00:14:25+00:00", "altitude_ft": 29348.4, "tas_kt": 461.0, "gs_kt": 461.0, "track_deg": 43.06722091187531, "phase": "climb", "waypoint": "", "sector": "VTD34", "event": ""}, "geometry": {"type": "Point", "coordinates": [100.7161845624472, 15.326356553567425, 8945.39232]}}, {"id": "184", "type": "Feature", "properties": {"flight_key": "RT1_20251223T0000Z", "callsign": "RT1", "aircraft_type": "B738", "adep": "VTBD", "ades": "VTUD", "dep_rwy": "", "arr_rwy": "", "sid": "", "star": "", "approach": "", "epoch_ts": "2025-12-23 00:14:30+00:00", "altitude_ft": 29462.8, "tas_kt": 460.7, "gs_kt": 460.7, "track_deg": 43.06722091187531, "phase": "climb", "waypoint": "", "sector": "VTD34", "event": ""}, "geometry": {"type": "Point", "coordinates": [100.72236493472728, 15.332771948835722, 8980.26144]}}, {"id": "185", "type": "Feature", "properties": {"flight_key": "RT1_20251223T0000Z", "callsign": "RT1", "aircraft_type": "B738", "adep": "VTBD", "ades": "VTUD", "dep_rwy": "", "arr_rwy": "", "sid": "", "star": "", "approach": "", "epoch_ts": "2025-12-23 00:14:35+00:00", "altitude_ft": 29577.2, "tas_kt": 460.5, "gs_kt": 460.5, "track_deg": 43.06722091187531, "phase": "climb", "waypoint": "", "sector": "VTD34", "event": ""}, "geometry": {"type": "Point", "coordinates": [100.72990333836997, 15.34059625128809, 9015.130560000001]}}, {"id": "186", "type": "Feature", "properties": {"flight_key": "RT1_20251223T0000Z", "callsign": "RT1", "aircraft_type": "B738", "adep": "VTBD", "ades": "VTUD", "dep_rwy": "", "arr_rwy": "", "sid": "", "star": "", "approach": "", "epoch_ts": "2025-12-23 00:14:40+00:00", "altitude_ft": 29691.5, "tas_kt": 460.3, "gs_kt": 460.3, "track_deg": 43.06722091187531, "phase": "climb", "waypoint": "", "sector": "VTD34", "event": ""}, "geometry": {"type": "Point", "coordinates": [100.73744230332198, 15.348420293613085, 9049.969200000001]}}, {"id": "187", "type": "Feature", "properties": {"flight_key": "RT1_20251223T0000Z", "callsign": "RT1", "aircraft_type": "B738", "adep": "VTBD", "ades": "VTUD", "dep_rwy": "", "arr_rwy": "", "sid": "", "star": "", "approach": "", "epoch_ts": "2025-12-23 00:14:45+00:00", "altitude_ft": 29805.9, "tas_kt": 460.1, "gs_kt": 460.1, "track_deg": 43.06722091187531, "phase": "climb", "waypoint": "", "sector": "VTD34", "event": ""}, "geometry": {"type": "Point", "coordinates": [100.74498182990718, 15.356244075653505, 9084.83832]}}, {"id": "188", "type": "Feature", "properties": {"flight_key": "RT1_20251223T0000Z", "callsign": "RT1", "aircraft_type": "B738", "adep": "VTBD", "ades": "VTUD", "dep_rwy": "", "arr_rwy": "", "sid": "", "star": "", "approach": "", "epoch_ts": "2025-12-23 00:14:50+00:00", "altitude_ft": 29920.3, "tas_kt": 459.8, "gs_kt": 459.8, "track_deg": 43.06722091187531, "phase": "climb", "waypoint": "", "sector": "VTD34", "event": ""}, "geometry": {"type": "Point", "coordinates": [100.75252191844945, 15.364067597252113, 9119.70744]}}, {"id": "189", "type": "Feature", "properties": {"flight_key": "RT1_20251223T0000Z", "callsign": "RT1", "aircraft_type": "B738", "adep": "VTBD", "ades": "VTUD", "dep_rwy": "", "arr_rwy": "", "sid": "", "star": "", "approach": "", "epoch_ts": "2025-12-23 00:14:55+00:00", "altitude_ft": 30032.5, "tas_kt": 459.6, "gs_kt": 459.6, "track_deg": 43.06722091187531, "phase": "climb", "waypoint": "", "sector": "VTD34", "event": ""}, "geometry": {"type": "Point", "coordinates": [100.76006256927276, 15.371890858251641, 9153.906]}}, {"id": "190", "type": "Feature", "properties": {"flight_key": "RT1_20251223T0000Z", "callsign": "RT1", "aircraft_type": "B738", "adep": "VTBD", "ades": "VTUD", "dep_rwy": "", "arr_rwy": "", "sid": "", "star": "", "approach": "", "epoch_ts": "2025-12-23 00:15:00+00:00", "altitude_ft": 30139.8, "tas_kt": 459.4, "gs_kt": 459.4, "track_deg": 43.06722091187531, "phase": "climb", "waypoint": "", "sector": "VTD34", "event": ""}, "geometry": {"type": "Point", "coordinates": [100.76760378270112, 15.379713858494783, 9186.61104]}}, {"id": "191", "type": "Feature", "properties": {"flight_key": "RT1_20251223T0000Z", "callsign": "RT1", "aircraft_type": "B738", "adep": "VTBD", "ades": "VTUD", "dep_rwy": "", "arr_rwy": "", "sid": "", "star": "", "approach": "", "epoch_ts": "2025-12-23 00:15:05+00:00", "altitude_ft": 30247.1, "tas_kt": 459.2, "gs_kt": 459.2, "track_deg": 43.06722091187531, "phase": "climb", "waypoint": "", "sector": "VTD34", "event": ""}, "geometry": {"type": "Point", "coordinates": [100.77514555905854, 15.387536597824187, 9219.31608]}}, {"id": "192", "type": "Feature", "properties": {"flight_key": "RT1_20251223T0000Z", "callsign": "RT1", "aircraft_type": "B738", "adep": "VTBD", "ades": "VTUD", "dep_rwy": "", "arr_rwy": "", "sid": "", "star": "", "approach": "", "epoch_ts": "2025-12-23 00:15:10+00:00", "altitude_ft": 30354.4, "tas_kt": 459.0, "gs_kt": 459.0, "track_deg": 43.06722091187531, "phase": "climb", "waypoint": "", "sector": "VTD34", "event": ""}, "geometry": {"type": "Point", "coordinates": [100.78268789866917, 15.395359076082489, 9252.021120000001]}}, {"id": "193", "type": "Feature", "properties": {"flight_key": "RT1_20251223T0000Z", "callsign": "RT1", "aircraft_type": "B738", "adep": "VTBD", "ades": "VTUD", "dep_rwy": "", "arr_rwy": "", "sid": "", "star": "", "approach": "", "epoch_ts": "2025-12-23 00:15:15+00:00", "altitude_ft": 30461.7, "tas_kt": 458.8, "gs_kt": 458.8, "track_deg": 43.06722091187531, "phase": "climb", "waypoint": "", "sector": "VTD34", "event": ""}, "geometry": {"type": "Point", "coordinates": [100.7902308018571, 15.403181293112262, 9284.72616]}}, {"id": "194", "type": "Feature", "properties": {"flight_key": "RT1_20251223T0000Z", "callsign": "RT1", "aircraft_type": "B738", "adep": "VTBD", "ades": "VTUD", "dep_rwy": "", "arr_rwy": "", "sid": "", "star": "", "approach": "", "epoch_ts": "2025-12-23 00:15:20+00:00", "altitude_ft": 30569.0, "tas_kt": 458.5, "gs_kt": 458.5, "track_deg": 43.06722091187531, "phase": "climb", "waypoint": "", "sector": "VTD34", "event": ""}, "geometry": {"type": "Point", "coordinates": [100.79777426894655, 15.411003248756053, 9317.4312]}}, {"id": "195", "type": "Feature", "properties": {"flight_key": "RT1_20251223T0000Z", "callsign": "RT1", "aircraft_type": "B738", "adep": "VTBD", "ades": "VTUD", "dep_rwy": "", "arr_rwy": "", "sid": "", "star": "", "approach": "", "epoch_ts": "2025-12-23 00:15:25+00:00", "altitude_ft": 30676.3, "tas_kt": 458.3, "gs_kt": 458.3, "track_deg": 43.06722091187531, "phase": "climb", "waypoint": "", "sector": "VTD34", "event": ""}, "geometry": {"type": "Point", "coordinates": [100.80531830026177, 15.418824942856387, 9350.13624]}}, {"id": "196", "type": "Feature", "properties": {"flight_key": "RT1_20251223T0000Z", "callsign": "RT1", "aircraft_type": "B738", "adep": "VTBD", "ades": "VTUD", "dep_rwy": "", "arr_rwy": "", "sid": "", "star": "", "approach": "", "epoch_ts": "2025-12-23 00:15:30+00:00", "altitude_ft": 30783.5, "tas_kt": 458.1, "gs_kt": 458.1, "track_deg": 43.06722091187531, "phase": "climb", "waypoint": "", "sector": "VTD34", "event": ""}, "geometry": {"type": "Point", "coordinates": [100.81286289612703, 15.426646375255743, 9382.810800000001]}}, {"id": "197", "type": "Feature", "properties": {"flight_key": "RT1_20251223T0000Z", "callsign": "RT1", "aircraft_type": "B738", "adep": "VTBD", "ades": "VTUD", "dep_rwy": "", "arr_rwy": "", "sid": "", "star": "", "approach": "", "epoch_ts": "2025-12-23 00:15:35+00:00", "altitude_ft": 30890.8, "tas_kt": 457.9, "gs_kt": 457.9, "track_deg": 43.06722091187531, "phase": "climb", "waypoint": "", "sector": "VTD34", "event": ""}, "geometry": {"type": "Point", "coordinates": [100.82040805686665, 15.434467545796556, 9415.51584]}}, {"id": "198", "type": "Feature", "properties": {"flight_key": "RT1_20251223T0000Z", "callsign": "RT1", "aircraft_type": "B738", "adep": "VTBD", "ades": "VTUD", "dep_rwy": "", "arr_rwy": "", "sid": "", "star": "", "approach": "", "epoch_ts": "2025-12-23 00:15:40+00:00", "altitude_ft": 30998.1, "tas_kt": 457.7, "gs_kt": 457.7, "track_deg": 43.06722091187531, "phase": "climb", "waypoint": "", "sector": "VTD34", "event": ""}, "geometry": {"type": "Point", "coordinates": [100.82795378280504, 15.44228845432124, 9448.22088]}}, {"id": "199", "type": "Feature", "properties": {"flight_key": "RT1_20251223T0000Z", "callsign": "RT1", "aircraft_type": "B738", "adep": "VTBD", "ades": "VTUD", "dep_rwy": "", "arr_rwy": "", "sid": "", "star": "", "approach": "", "epoch_ts": "2025-12-23 00:15:45+00:00", "altitude_ft": 31105.4, "tas_kt": 457.5, "gs_kt": 457.5, "track_deg": 43.06722091187531, "phase": "climb", "waypoint": "", "sector": "VTD34", "event": ""}, "geometry": {"type": "Point", "coordinates": [100.83550007426662, 15.450109100672162, 9480.925920000001]}}, {"id": "200", "type": "Feature", "properties": {"flight_key": "RT1_20251223T0000Z", "callsign": "RT1", "aircraft_type": "B738", "adep": "VTBD", "ades": "VTUD", "dep_rwy": "", "arr_rwy": "", "sid": "", "star": "", "approach": "", "epoch_ts": "2025-12-23 00:15:50+00:00", "altitude_ft": 31212.7, "tas_kt": 457.3, "gs_kt": 457.3, "track_deg": 43.06722091187531, "phase": "climb", "waypoint": "", "sector": "VTD34", "event": ""}, "geometry": {"type": "Point", "coordinates": [100.84304693157587, 15.457929484691661, 9513.63096]}}, {"id": "201", "type": "Feature", "properties": {"flight_key": "RT1_20251223T0000Z", "callsign": "RT1", "aircraft_type": "B738", "adep": "VTBD", "ades": "VTUD", "dep_rwy": "", "arr_rwy": "", "sid": "", "star": "", "approach": "", "epoch_ts": "2025-12-23 00:15:55+00:00", "altitude_ft": 31320.0, "tas_kt": 457.0, "gs_kt": 457.0, "track_deg": 43.06722091187531, "phase": "climb", "waypoint": "", "sector": "VTD34", "event": ""}, "geometry": {"type": "Point", "coordinates": [100.85059435505732, 15.465749606222035, 9546.336000000001]}}, {"id": "202", "type": "Feature", "properties": {"flight_key": "RT1_20251223T0000Z", "callsign": "RT1", "aircraft_type": "B738", "adep": "VTBD", "ades": "VTUD", "dep_rwy": "", "arr_rwy": "", "sid": "", "star": "", "approach": "", "epoch_ts": "2025-12-23 00:16:00+00:00", "altitude_ft": 31427.3, "tas_kt": 456.8, "gs_kt": 456.8, "track_deg": 43.06722091187531, "phase": "climb", "waypoint": "", "sector": "VTD34", "event": ""}, "geometry": {"type": "Point", "coordinates": [100.85814234503555, 15.473569465105548, 9579.04104]}}, {"id": "203", "type": "Feature", "properties": {"flight_key": "RT1_20251223T0000Z", "callsign": "RT1", "aircraft_type": "B738", "adep": "VTBD", "ades": "VTUD", "dep_rwy": "", "arr_rwy": "", "sid": "", "star": "", "approach": "", "epoch_ts": "2025-12-23 00:16:05+00:00", "altitude_ft": 31534.6, "tas_kt": 456.6, "gs_kt": 456.6, "track_deg": 43.06722091187531, "phase": "climb", "waypoint": "", "sector": "VTD34", "event": ""}, "geometry": {"type": "Point", "coordinates": [100.86569090183515, 15.481389061184426, 9611.74608]}}, {"id": "204", "type": "Feature", "properties": {"flight_key": "RT1_20251223T0000Z", "callsign": "RT1", "aircraft_type": "B738", "adep": "VTBD", "ades": "VTUD", "dep_rwy": "", "arr_rwy": "", "sid": "", "star": "", "approach": "", "epoch_ts": "2025-12-23 00:16:10+00:00", "altitude_ft": 31641.9, "tas_kt": 456.4, "gs_kt": 456.4, "track_deg": 43.06722091187531, "phase": "climb", "waypoint": "", "sector": "VTD34", "event": ""}, "geometry": {"type": "Point", "coordinates": [100.87324002578083, 15.489208394300867, 9644.451120000002]}}, {"id": "205", "type": "Feature", "properties": {"flight_key": "RT1_20251223T0000Z", "callsign": "RT1", "aircraft_type": "B738", "adep": "VTBD", "ades": "VTUD", "dep_rwy": "", "arr_rwy": "", "sid": "", "star": "", "approach": "", "epoch_ts": "2025-12-23 00:16:15+00:00", "altitude_ft": 31749.2, "tas_kt": 456.2, "gs_kt": 456.2, "track_deg": 43.06722091187531, "phase": "climb", "waypoint": "", "sector": "VTD34", "event": ""}, "geometry": {"type": "Point", "coordinates": [100.8807897171973, 15.497027464297028, 9677.15616]}}, {"id": "206", "type": "Feature", "properties": {"flight_key": "RT1_20251223T0000Z", "callsign": "RT1", "aircraft_type": "B738", "adep": "VTBD", "ades": "VTUD", "dep_rwy": "", "arr_rwy": "", "sid": "", "star": "", "approach": "", "epoch_ts": "2025-12-23 00:16:20+00:00", "altitude_ft": 31856.5, "tas_kt": 456.0, "gs_kt": 456.0, "track_deg": 43.06722091187531, "phase": "climb", "waypoint": "", "sector": "VTD34", "event": ""}, "geometry": {"type": "Point", "coordinates": [100.88833997640931, 15.50484627101502, 9709.861200000001]}}, {"id": "207", "type": "Feature", "properties": {"flight_key": "RT1_20251223T0000Z", "callsign": "RT1", "aircraft_type": "B738", "adep": "VTBD", "ades": "VTUD", "dep_rwy": "", "arr_rwy": "", "sid": "", "star": "", "approach": "", "epoch_ts": "2025-12-23 00:16:25+00:00", "altitude_ft": 31963.8, "tas_kt": 455.7, "gs_kt": 455.7, "track_deg": 43.06722091187531, "phase": "climb", "waypoint": "", "sector": "VTD34", "event": ""}, "geometry": {"type": "Point", "coordinates": [100.89589080374171, 15.51266481429694, 9742.56624]}}, {"id": "208", "type": "Feature", "properties": {"flight_key": "RT1_20251223T0000Z", "callsign": "RT1", "aircraft_type": "B738", "adep": "VTBD", "ades": "VTUD", "dep_rwy": "", "arr_rwy": "", "sid": "", "star": "", "approach": "", "epoch_ts": "2025-12-23 00:16:30+00:00", "altitude_ft": 32064.4, "tas_kt": 455.5, "gs_kt": 455.5, "track_deg": 43.06722091187531, "phase": "climb", "waypoint": "", "sector": "VTD34", "event": ""}, "geometry": {"type": "Point", "coordinates": [100.90344219951933, 15.520483093984835, 9773.229120000002]}}, {"id": "209", "type": "Feature", "properties": {"flight_key": "RT1_20251223T0000Z", "callsign": "RT1", "aircraft_type": "B738", "adep": "VTBD", "ades": "VTUD", "dep_rwy": "", "arr_rwy": "", "sid": "", "star": "", "approach": "", "epoch_ts": "2025-12-23 00:16:35+00:00", "altitude_ft": 32161.7, "tas_kt": 455.3, "gs_kt": 455.3, "track_deg": 43.06722091187531, "phase": "climb", "waypoint": "", "sector": "VTD34", "event": ""}, "geometry": {"type": "Point", "coordinates": [100.91099416406709, 15.5283011099207, 9802.88616]}}, {"id": "210", "type": "Feature", "properties": {"flight_key": "RT1_20251223T0000Z", "callsign": "RT1", "aircraft_type": "B738", "adep": "VTBD", "ades": "VTUD", "dep_rwy": "", "arr_rwy": "", "sid": "", "star": "", "approach": "", "epoch_ts": "2025-12-23 00:16:40+00:00", "altitude_ft": 32259.0, "tas_kt": 455.2, "gs_kt": 455.2, "track_deg": 43.06722091187531, "phase": "climb", "waypoint": "", "sector": "VTD34", "event": ""}, "geometry": {"type": "Point", "coordinates": [100.91854669770997, 15.536118861946534, 9832.5432]}}, {"id": "211", "type": "Feature", "properties": {"flight_key": "RT1_20251223T0000Z", "callsign": "RT1", "aircraft_type": "B738", "adep": "VTBD", "ades": "VTUD", "dep_rwy": "", "arr_rwy": "", "sid": "", "star": "", "approach": "", "epoch_ts": "2025-12-23 00:16:45+00:00", "altitude_ft": 32356.3, "tas_kt": 455.0, "gs_kt": 455.0, "track_deg": 43.06722091187531, "phase": "climb", "waypoint": "", "sector": "VTD34", "event": ""}, "geometry": {"type": "Point", "coordinates": [100.92609980077296, 15.543936349904268, 9862.20024]}}, {"id": "212", "type": "Feature", "properties": {"flight_key": "RT1_20251223T0000Z", "callsign": "RT1", "aircraft_type": "B738", "adep": "VTBD", "ades": "VTUD", "dep_rwy": "", "arr_rwy": "", "sid": "", "star": "", "approach": "", "epoch_ts": "2025-12-23 00:16:50+00:00", "altitude_ft": 32453.6, "tas_kt": 454.8, "gs_kt": 454.8, "track_deg": 43.06722091187531, "phase": "climb", "waypoint": "", "sector": "VTD34", "event": ""}, "geometry": {"type": "Point", "coordinates": [100.9336534735811, 15.551753573635803, 9891.85728]}}, {"id": "213", "type": "Feature", "properties": {"flight_key": "RT1_20251223T0000Z", "callsign": "RT1", "aircraft_type": "B738", "adep": "VTBD", "ades": "VTUD", "dep_rwy": "", "arr_rwy": "", "sid": "", "star": "", "approach": "", "epoch_ts": "2025-12-23 00:16:55+00:00", "altitude_ft": 32550.9, "tas_kt": 454.6, "gs_kt": 454.6, "track_deg": 43.06722091187531, "phase": "climb", "waypoint": "", "sector": "VTD34", "event": ""}, "geometry": {"type": "Point", "coordinates": [100.94120771645954, 15.559570532983015, 9921.51432]}}, {"id": "214", "type": "Feature", "properties": {"flight_key": "RT1_20251223T0000Z", "callsign": "RT1", "aircraft_type": "B738", "adep": "VTBD", "ades": "VTUD", "dep_rwy": "", "arr_rwy": "", "sid": "", "star": "", "approach": "", "epoch_ts": "2025-12-23 00:17:00+00:00", "altitude_ft": 32648.2, "tas_kt": 454.4, "gs_kt": 454.4, "track_deg": 43.06722091187531, "phase": "climb", "waypoint": "", "sector": "VTD34", "event": ""}, "geometry": {"type": "Point", "coordinates": [100.9487625297334, 15.567387227787732, 9951.17136]}}, {"id": "215", "type": "Feature", "properties": {"flight_key": "RT1_20251223T0000Z", "callsign": "RT1", "aircraft_type": "B738", "adep": "VTBD", "ades": "VTUD", "dep_rwy": "", "arr_rwy": "", "sid": "", "star": "", "approach": "", "epoch_ts": "2025-12-23 00:17:05+00:00", "altitude_ft": 32745.5, "tas_kt": 454.2, "gs_kt": 454.2, "track_deg": 43.06722091187531, "phase": "climb", "waypoint": "", "sector": "VTD34", "event": ""}, "geometry": {"type": "Point", "coordinates": [100.95631791372789, 15.575203657891752, 9980.8284]}}, {"id": "216", "type": "Feature", "properties": {"flight_key": "RT1_20251223T0000Z", "callsign": "RT1", "aircraft_type": "B738", "adep": "VTBD", "ades": "VTUD", "dep_rwy": "", "arr_rwy": "", "sid": "", "star": "", "approach": "", "epoch_ts": "2025-12-23 00:17:10+00:00", "altitude_ft": 32842.8, "tas_kt": 454.0, "gs_kt": 454.0, "track_deg": 43.06722091187531, "phase": "climb", "waypoint": "", "sector": "VTD34", "event": ""}, "geometry": {"type": "Point", "coordinates": [100.96387386876825, 15.583019823136834, 10010.485440000002]}}, {"id": "217", "type": "Feature", "properties": {"flight_key": "RT1_20251223T0000Z", "callsign": "RT1", "aircraft_type": "B738", "adep": "VTBD", "ades": "VTUD", "dep_rwy": "", "arr_rwy": "", "sid": "", "star": "", "approach": "", "epoch_ts": "2025-12-23 00:17:15+00:00", "altitude_ft": 32940.1, "tas_kt": 453.8, "gs_kt": 453.8, "track_deg": 43.06722091187531, "phase": "climb", "waypoint": "", "sector": "VTD34", "event": ""}, "geometry": {"type": "Point", "coordinates": [100.9714303951798, 15.590835723364702, 10040.14248]}}, {"id": "218", "type": "Feature", "properties": {"flight_key": "RT1_20251223T0000Z", "callsign": "RT1", "aircraft_type": "B738", "adep": "VTBD", "ades": "VTUD", "dep_rwy": "", "arr_rwy": "", "sid": "", "star": "", "approach": "", "epoch_ts": "2025-12-23 00:17:20+00:00", "altitude_ft": 33037.3, "tas_kt": 453.6, "gs_kt": 453.6, "track_deg": 43.06722091187531, "phase": "climb", "waypoint": "", "sector": "VTD34", "event": ""}, "geometry": {"type": "Point", "coordinates": [100.97898749328786, 15.598651358417047, 10069.769040000001]}}, {"id": "219", "type": "Feature", "properties": {"flight_key": "RT1_20251223T0000Z", "callsign": "RT1", "aircraft_type": "B738", "adep": "VTBD", "ades": "VTUD", "dep_rwy": "", "arr_rwy": "", "sid": "", "star": "", "approach": "", "epoch_ts": "2025-12-23 00:17:25+00:00", "altitude_ft": 33134.6, "tas_kt": 453.4, "gs_kt": 453.4, "track_deg": 43.06722091187531, "phase": "climb", "waypoint": "", "sector": "VTD34", "event": ""}, "geometry": {"type": "Point", "coordinates": [100.98654516341784, 15.60646672813552, 10099.42608]}}, {"id": "220", "type": "Feature", "properties": {"flight_key": "RT1_20251223T0000Z", "callsign": "RT1", "aircraft_type": "B738", "adep": "VTBD", "ades": "VTUD", "dep_rwy": "", "arr_rwy": "", "sid": "", "star": "", "approach": "", "epoch_ts": "2025-12-23 00:17:30+00:00", "altitude_ft": 33231.9, "tas_kt": 453.2, "gs_kt": 453.2, "track_deg": 43.06722091187531, "phase": "climb", "waypoint": "", "sector": "VTD34", "event": ""}, "geometry": {"type": "Point", "coordinates": [100.9941034058952, 15.614281832361728, 10129.083120000001]}}, {"id": "221", "type": "Feature", "properties": {"flight_key": "RT1_20251223T0000Z", "callsign": "RT1", "aircraft_type": "B738", "adep": "VTBD", "ades": "VTUD", "dep_rwy": "", "arr_rwy": "", "sid": "", "star": "", "approach": "", "epoch_ts": "2025-12-23 00:17:35+00:00", "altitude_ft": 33329.2, "tas_kt": 453.0, "gs_kt": 453.0, "track_deg": 43.06722091187531, "phase": "climb", "waypoint": "", "sector": "VTD34", "event": ""}, "geometry": {"type": "Point", "coordinates": [101.0016622210454, 15.62209667093726, 10158.74016]}}, {"id": "222", "type": "Feature", "properties": {"flight_key": "RT1_20251223T0000Z", "callsign": "RT1", "aircraft_type": "B738", "adep": "VTBD", "ades": "VTUD", "dep_rwy": "", "arr_rwy": "", "sid": "", "star": "", "approach": "", "epoch_ts": "2025-12-23 00:17:40+00:00", "altitude_ft": 33426.5, "tas_kt": 452.8, "gs_kt": 452.8, "track_deg": 43.06722091187531, "phase": "climb", "waypoint": "", "sector": "VTD34", "event": ""}, "geometry": {"type": "Point", "coordinates": [101.00922160919399, 15.629911243703656, 10188.397200000001]}}, {"id": "223", "type": "Feature", "properties": {"flight_key": "RT1_20251223T0000Z", "callsign": "RT1", "aircraft_type": "B738", "adep": "VTBD", "ades": "VTUD", "dep_rwy": "", "arr_rwy": "", "sid": "", "star": "", "approach": "", "epoch_ts": "2025-12-23 00:17:45+00:00", "altitude_ft": 33523.8, "tas_kt": 452.6, "gs_kt": 452.6, "track_deg": 43.06722091187531, "phase": "climb", "waypoint": "", "sector": "VTD34", "event": ""}, "geometry": {"type": "Point", "coordinates": [101.01678157066657, 15.637725550502424, 10218.054240000001]}}, {"id": "224", "type": "Feature", "properties": {"flight_key": "RT1_20251223T0000Z", "callsign": "RT1", "aircraft_type": "B738", "adep": "VTBD", "ades": "VTUD", "dep_rwy": "", "arr_rwy": "", "sid": "", "star": "", "approach": "", "epoch_ts": "2025-12-23 00:17:50+00:00", "altitude_ft": 33621.1, "tas_kt": 452.4, "gs_kt": 452.4, "track_deg": 43.06722091187531, "phase": "climb", "waypoint": "", "sector": "VTD34", "event": ""}, "geometry": {"type": "Point", "coordinates": [101.02434210578876, 15.645539591175027, 10247.71128]}}, {"id": "225", "type": "Feature", "properties": {"flight_key": "RT1_20251223T0000Z", "callsign": "RT1", "aircraft_type": "B738", "adep": "VTBD", "ades": "VTUD", "dep_rwy": "", "arr_rwy": "", "sid": "", "star": "", "approach": "", "epoch_ts": "2025-12-23 00:17:55+00:00", "altitude_ft": 33718.4, "tas_kt": 452.2, "gs_kt": 452.2, "track_deg": 43.06722091187531, "phase": "climb", "waypoint": "", "sector": "VTD34", "event": ""}, "geometry": {"type": "Point", "coordinates": [101.03190321488626, 15.653353365562905, 10277.368320000001]}}, {"id": "226", "type": "Feature", "properties": {"flight_key": "RT1_20251223T0000Z", "callsign": "RT1", "aircraft_type": "B738", "adep": "VTBD", "ades": "VTUD", "dep_rwy": "", "arr_rwy": "", "sid": "", "star": "", "approach": "", "epoch_ts": "2025-12-23 00:18:00+00:00", "altitude_ft": 33815.7, "tas_kt": 452.0, "gs_kt": 452.0, "track_deg": 43.06722091187531, "phase": "climb", "waypoint": "", "sector": "VTD34", "event": ""}, "geometry": {"type": "Point", "coordinates": [101.03946489828479, 15.661166873507456, 10307.02536]}}, {"id": "227", "type": "Feature", "properties": {"flight_key": "RT1_20251223T0000Z", "callsign": "RT1", "aircraft_type": "B738", "adep": "VTBD", "ades": "VTUD", "dep_rwy": "", "arr_rwy": "", "sid": "", "star": "", "approach": "", "epoch_ts": "2025-12-23 00:18:05+00:00", "altitude_ft": 33913.0, "tas_kt": 451.8, "gs_kt": 451.8, "track_deg": 43.06722091187531, "phase": "climb", "waypoint": "", "sector": "VTD34", "event": ""}, "geometry": {"type": "Point", "coordinates": [101.04702715631015, 15.668980114850038, 10336.6824]}}, {"id": "228", "type": "Feature", "properties": {"flight_key": "RT1_20251223T0000Z", "callsign": "RT1", "aircraft_type": "B738", "adep": "VTBD", "ades": "VTUD", "dep_rwy": "", "arr_rwy": "", "sid": "", "star": "", "approach": "", "epoch_ts": "2025-12-23 00:18:10+00:00", "altitude_ft": 34009.0, "tas_kt": 451.6, "gs_kt": 451.6, "track_deg": 43.06722091187531, "phase": "climb", "waypoint": "", "sector": "VTD34", "event": ""}, "geometry": {"type": "Point", "coordinates": [101.05458998928816, 15.676793089431984, 10365.9432]}}, {"id": "229", "type": "Feature", "properties": {"flight_key": "RT1_20251223T0000Z", "callsign": "RT1", "aircraft_type": "B738", "adep": "VTBD", "ades": "VTUD", "dep_rwy": "", "arr_rwy": "", "sid": "", "star": "", "approach": "", "epoch_ts": "2025-12-23 00:18:15+00:00", "altitude_ft": 34094.0, "tas_kt": 451.4, "gs_kt": 451.4, "track_deg": 43.06722091187531, "phase": "climb", "waypoint": "", "sector": "VTD34", "event": ""}, "geometry": {"type": "Point", "coordinates": [101.0621533975447, 15.68460579709457, 10391.851200000001]}}, {"id": "230", "type": "Feature", "properties": {"flight_key": "RT1_20251223T0000Z", "callsign": "RT1", "aircraft_type": "B738", "adep": "VTBD", "ades": "VTUD", "dep_rwy": "", "arr_rwy": "", "sid": "", "star": "", "approach": "", "epoch_ts": "2025-12-23 00:18:20+00:00", "altitude_ft": 34179.0, "tas_kt": 451.3, "gs_kt": 451.3, "track_deg": 43.06722091187531, "phase": "climb", "waypoint": "", "sector": "VTD34", "event": ""}, "geometry": {"type": "Point", "coordinates": [101.06971738140571, 15.692418237679057, 10417.7592]}}, {"id": "231", "type": "Feature", "properties": {"flight_key": "RT1_20251223T0000Z", "callsign": "RT1", "aircraft_type": "B738", "adep": "VTBD", "ades": "VTUD", "dep_rwy": "", "arr_rwy": "", "sid": "", "star": "", "approach": "", "epoch_ts": "2025-12-23 00:18:25+00:00", "altitude_ft": 34264.0, "tas_kt": 451.1, "gs_kt": 451.1, "track_deg": 43.06722091187531, "phase": "climb", "waypoint": "", "sector": "VTD34", "event": ""}, "geometry": {"type": "Point", "coordinates": [101.07728194119714, 15.700230411026656, 10443.6672]}}, {"id": "232", "type": "Feature", "properties": {"flight_key": "RT1_20251223T0000Z", "callsign": "RT1", "aircraft_type": "B738", "adep": "VTBD", "ades": "VTUD", "dep_rwy": "", "arr_rwy": "", "sid": "", "star": "", "approach": "", "epoch_ts": "2025-12-23 00:18:30+00:00", "altitude_ft": 34349.0, "tas_kt": 450.9, "gs_kt": 450.9, "track_deg": 43.06722091187531, "phase": "climb", "waypoint": "", "sector": "VTD34", "event": ""}, "geometry": {"type": "Point", "coordinates": [101.08484707724504, 15.708042316978544, 10469.575200000001]}}, {"id": "233", "type": "Feature", "properties": {"flight_key": "RT1_20251223T0000Z", "callsign": "RT1", "aircraft_type": "B738", "adep": "VTBD", "ades": "VTUD", "dep_rwy": "", "arr_rwy": "", "sid": "", "star": "", "approach": "", "epoch_ts": "2025-12-23 00:18:35+00:00", "altitude_ft": 34434.0, "tas_kt": 450.8, "gs_kt": 450.8, "track_deg": 43.06722091187531, "phase": "climb", "waypoint": "", "sector": "VTD34", "event": ""}, "geometry": {"type": "Point", "coordinates": [101.09241278987547, 15.715853955375868, 10495.4832]}}, {"id": "234", "type": "Feature", "properties": {"flight_key": "RT1_20251223T0000Z", "callsign": "RT1", "aircraft_type": "B738", "adep": "VTBD", "ades": "VTUD", "dep_rwy": "", "arr_rwy": "", "sid": "", "star": "", "approach": "", "epoch_ts": "2025-12-23 00:18:40+00:00", "altitude_ft": 34519.0, "tas_kt": 450.6, "gs_kt": 450.6, "track_deg": 43.06722091187531, "phase": "climb", "waypoint": "", "sector": "VTD34", "event": ""}, "geometry": {"type": "Point", "coordinates": [101.09997907941457, 15.723665326059734, 10521.3912]}}, {"id": "235", "type": "Feature", "properties": {"flight_key": "RT1_20251223T0000Z", "callsign": "RT1", "aircraft_type": "B738", "adep": "VTBD", "ades": "VTUD", "dep_rwy": "", "arr_rwy": "", "sid": "", "star": "", "approach": "", "epoch_ts": "2025-12-23 00:18:45+00:00", "altitude_ft": 34604.0, "tas_kt": 450.4, "gs_kt": 450.4, "track_deg": 43.06722091187531, "phase": "climb", "waypoint": "", "sector": "VTD34", "event": ""}, "geometry": {"type": "Point", "coordinates": [101.10754594618848, 15.731476428871208, 10547.299200000001]}}, {"id": "236", "type": "Feature", "properties": {"flight_key": "RT1_20251223T0000Z", "callsign": "RT1", "aircraft_type": "B738", "adep": "VTBD", "ades": "VTUD", "dep_rwy": "", "arr_rwy": "", "sid": "", "star": "", "approach": "", "epoch_ts": "2025-12-23 00:18:50+00:00", "altitude_ft": 34689.0, "tas_kt": 450.2, "gs_kt": 450.2, "track_deg": 43.06722091187531, "phase": "climb", "waypoint": "", "sector": "VTD34", "event": ""}, "geometry": {"type": "Point", "coordinates": [101.11511339052346, 15.739287263651326, 10573.2072]}}, {"id": "237", "type": "Feature", "properties": {"flight_key": "RT1_20251223T0000Z", "callsign": "RT1", "aircraft_type": "B738", "adep": "VTBD", "ades": "VTUD", "dep_rwy": "", "arr_rwy": "", "sid": "", "star": "", "approach": "", "epoch_ts": "2025-12-23 00:18:55+00:00", "altitude_ft": 34774.0, "tas_kt": 450.1, "gs_kt": 450.1, "track_deg": 43.06722091187531, "phase": "climb", "waypoint": "", "sector": "VTD34", "event": ""}, "geometry": {"type": "Point", "coordinates": [101.12268141274575, 15.747097830241078, 10599.1152]}}, {"id": "238", "type": "Feature", "properties": {"flight_key": "RT1_20251223T0000Z", "callsign": "RT1", "aircraft_type": "B738", "adep": "VTBD", "ades": "VTUD", "dep_rwy": "", "arr_rwy": "", "sid": "", "star": "", "approach": "", "epoch_ts": "2025-12-23 00:19:00+00:00", "altitude_ft": 34859.0, "tas_kt": 449.9, "gs_kt": 449.9, "track_deg": 43.06722091187531, "phase": "climb", "waypoint": "", "sector": "VTD34", "event": ""}, "geometry": {"type": "Point", "coordinates": [101.13025001318167, 15.754908128481434, 10625.0232]}}, {"id": "239", "type": "Feature", "properties": {"flight_key": "RT1_20251223T0000Z", "callsign": "RT1", "aircraft_type": "B738", "adep": "VTBD", "ades": "VTUD", "dep_rwy": "", "arr_rwy": "", "sid": "", "star": "", "approach": "", "epoch_ts": "2025-12-23 00:19:05+00:00", "altitude_ft": 34944.0, "tas_kt": 449.7, "gs_kt": 449.7, "track_deg": 43.06722091187531, "phase": "climb", "waypoint": "", "sector": "VTD34", "event": ""}, "geometry": {"type": "Point", "coordinates": [101.1378191921576, 15.762718158213305, 10650.9312]}}, {"id": "240", "type": "Feature", "properties": {"flight_key": "RT1_20251223T0000Z", "callsign": "RT1", "aircraft_type": "B738", "adep": "VTBD", "ades": "VTUD", "dep_rwy": "", "arr_rwy": "", "sid": "", "star": "", "approach": "", "epoch_ts": "2025-12-23 00:19:10+00:00", "altitude_ft": 35000.0, "tas_kt": 449.6, "gs_kt": 449.6, "track_deg": 43.06722091187531, "phase": "cruise", "waypoint": "", "sector": "VTD34", "event": "TOC"}, "geometry": {"type": "Point", "coordinates": [101.14538894999994, 15.770527919277582, 10668.0]}}, {"id": "241", "type": "Feature", "properties": {"flight_key": "RT1_20251223T0000Z", "callsign": "RT1", "aircraft_type": "B738", "adep": "VTBD", "ades": "VTUD", "dep_rwy": "", "arr_rwy": "", "sid": "", "star": "", "approach": "", "epoch_ts": "2025-12-23 00:19:15+00:00", "altitude_ft": 35000.0, "tas_kt": 449.6, "gs_kt": 449.6, "track_deg": 43.06722091187531, "phase": "cruise", "waypoint": "", "sector": "VTD34", "event": ""}, "geometry": {"type": "Point", "coordinates": [101.15295928703516, 15.778337411515112, 10668.0]}}, {"id": "242", "type": "Feature", "properties": {"flight_key": "RT1_20251223T0000Z", "callsign": "RT1", "aircraft_type": "B738", "adep": "VTBD", "ades": "VTUD", "dep_rwy": "", "arr_rwy": "", "sid": "", "star": "", "approach": "", "epoch_ts": "2025-12-23 00:19:20+00:00", "altitude_ft": 35000.0, "tas_kt": 449.6, "gs_kt": 449.6, "track_deg": 43.06722091187531, "phase": "cruise", "waypoint": "", "sector": "VTD34", "event": ""}, "geometry": {"type": "Point", "coordinates": [101.16053020358979, 15.78614663476672, 10668.0]}}, {"id": "243", "type": "Feature", "properties": {"flight_key": "RT1_20251223T0000Z", "callsign": "RT1", "aircraft_type": "B738", "adep": "VTBD", "ades": "VTUD", "dep_rwy": "", "arr_rwy": "", "sid": "", "star": "", "approach": "", "epoch_ts": "2025-12-23 00:19:25+00:00", "altitude_ft": 35000.0, "tas_kt": 449.6, "gs_kt": 449.6, "track_deg": 43.06722091187531, "phase": "cruise", "waypoint": "", "sector": "VTD34", "event": ""}, "geometry": {"type": "Point", "coordinates": [101.16810169999034, 15.79395558887316, 10668.0]}}, {"id": "244", "type": "Feature", "properties": {"flight_key": "RT1_20251223T0000Z", "callsign": "RT1", "aircraft_type": "B738", "adep": "VTBD", "ades": "VTUD", "dep_rwy": "", "arr_rwy": "", "sid": "", "star": "", "approach": "", "epoch_ts": "2025-12-23 00:19:30+00:00", "altitude_ft": 35000.0, "tas_kt": 449.6, "gs_kt": 449.6, "track_deg": 43.06722091187531, "phase": "cruise", "waypoint": "", "sector": "VTD34", "event": ""}, "geometry": {"type": "Point", "coordinates": [101.17567377656349, 15.801764273675191, 10668.0]}}, {"id": "245", "type": "Feature", "properties": {"flight_key": "RT1_20251223T0000Z", "callsign": "RT1", "aircraft_type": "B738", "adep": "VTBD", "ades": "VTUD", "dep_rwy": "", "arr_rwy": "", "sid": "", "star": "", "approach": "", "epoch_ts": "2025-12-23 00:19:35+00:00", "altitude_ft": 35000.0, "tas_kt": 449.6, "gs_kt": 449.6, "track_deg": 43.06722091187531, "phase": "cruise", "waypoint": "", "sector": "VTD34", "event": ""}, "geometry": {"type": "Point", "coordinates": [101.18324643363584, 15.809572689013505, 10668.0]}}, {"id": "246", "type": "Feature", "properties": {"flight_key": "RT1_20251223T0000Z", "callsign": "RT1", "aircraft_type": "B738", "adep": "VTBD", "ades": "VTUD", "dep_rwy": "", "arr_rwy": "", "sid": "", "star": "", "approach": "", "epoch_ts": "2025-12-23 00:19:40+00:00", "altitude_ft": 35000.0, "tas_kt": 449.6, "gs_kt": 449.6, "track_deg": 43.06722091187531, "phase": "cruise", "waypoint": "", "sector": "VTD34", "event": ""}, "geometry": {"type": "Point", "coordinates": [101.19081967153414, 15.817380834728775, 10668.0]}}, {"id": "247", "type": "Feature", "properties": {"flight_key": "RT1_20251223T0000Z", "callsign": "RT1", "aircraft_type": "B738", "adep": "VTBD", "ades": "VTUD", "dep_rwy": "", "arr_rwy": "", "sid": "", "star": "", "approach": "", "epoch_ts": "2025-12-23 00:19:45+00:00", "altitude_ft": 35000.0, "tas_kt": 449.6, "gs_kt": 449.6, "track_deg": 43.06722091187531, "phase": "cruise", "waypoint": "", "sector": "VTD34", "event": "TOD"}, "geometry": {"type": "Point", "coordinates": [101.19839349058512, 15.825188710661617, 10668.0]}}, {"id": "248", "type": "Feature", "properties": {"flight_key": "RT1_20251223T0000Z", "callsign": "RT1", "aircraft_type": "B738", "adep": "VTBD", "ades": "VTUD", "dep_rwy": "", "arr_rwy": "", "sid": "", "star": "", "approach": "", "epoch_ts": "2025-12-23 00:19:50+00:00", "altitude_ft": 34925.6, "tas_kt": 449.8, "gs_kt": 449.8, "track_deg": 43.06722091187531, "phase": "descent", "waypoint": "", "sector": "VTD34", "event": ""}, "geometry": {"type": "Point", "coordinates": [101.20596789111559, 15.832996316652633, 10645.32288]}}, {"id": "249", "type": "Feature", "properties": {"flight_key": "RT1_20251223T0000Z", "callsign": "RT1", "aircraft_type": "B738", "adep": "VTBD", "ades": "VTUD", "dep_rwy": "", "arr_rwy": "", "sid": "", "star": "", "approach": "", "epoch_ts": "2025-12-23 00:19:55+00:00", "altitude_ft": 34798.8, "tas_kt": 450.0, "gs_kt": 450.0, "track_deg": 43.06722091187531, "phase": "descent", "waypoint": "", "sector": "VTD34", "event": ""}, "geometry": {"type": "Point", "coordinates": [101.21354287345241, 15.84080365254238, 10606.674240000002]}}, {"id": "250", "type": "Feature", "properties": {"flight_key": "RT1_20251223T0000Z", "callsign": "RT1", "aircraft_type": "B738", "adep": "VTBD", "ades": "VTUD", "dep_rwy": "", "arr_rwy": "", "sid": "", "star": "", "approach": "", "epoch_ts": "2025-12-23 00:20:00+00:00", "altitude_ft": 34672.0, "tas_kt": 450.3, "gs_kt": 450.3, "track_deg": 43.06722091187531, "phase": "descent", "waypoint": "", "sector": "VTD34", "event": ""}, "geometry": {"type": "Point", "coordinates": [101.2211184379225, 15.848610718171368, 10568.0256]}}, {"id": "251", "type": "Feature", "properties": {"flight_key": "RT1_20251223T0000Z", "callsign": "RT1", "aircraft_type": "B738", "adep": "VTBD", "ades": "VTUD", "dep_rwy": "", "arr_rwy": "", "sid": "", "star": "", "approach": "", "epoch_ts": "2025-12-23 00:20:05+00:00", "altitude_ft": 34545.2, "tas_kt": 450.5, "gs_kt": 450.5, "track_deg": 43.06722091187531, "phase": "descent", "waypoint": "", "sector": "VTD34", "event": ""}, "geometry": {"type": "Point", "coordinates": [101.22869458485278, 15.856417513380086, 10529.37696]}}, {"id": "252", "type": "Feature", "properties": {"flight_key": "RT1_20251223T0000Z", "callsign": "RT1", "aircraft_type": "B738", "adep": "VTBD", "ades": "VTUD", "dep_rwy": "", "arr_rwy": "", "sid": "", "star": "", "approach": "", "epoch_ts": "2025-12-23 00:20:10+00:00", "altitude_ft": 34418.4, "tas_kt": 450.8, "gs_kt": 450.8, "track_deg": 43.06722091187531, "phase": "descent", "waypoint": "", "sector": "3N", "event": ""}, "geometry": {"type": "Point", "coordinates": [101.23627131457026, 15.864224038008967, 10490.72832]}}, {"id": "253", "type": "Feature", "properties": {"flight_key": "RT1_20251223T0000Z", "callsign": "RT1", "aircraft_type": "B738", "adep": "VTBD", "ades": "VTUD", "dep_rwy": "", "arr_rwy": "", "sid": "", "star": "", "approach": "", "epoch_ts": "2025-12-23 00:20:15+00:00", "altitude_ft": 34291.6, "tas_kt": 451.0, "gs_kt": 451.0, "track_deg": 43.06722091187531, "phase": "descent", "waypoint": "", "sector": "3N", "event": ""}, "geometry": {"type": "Point", "coordinates": [101.243848627402, 15.872030291898422, 10452.07968]}}, {"id": "254", "type": "Feature", "properties": {"flight_key": "RT1_20251223T0000Z", "callsign": "RT1", "aircraft_type": "B738", "adep": "VTBD", "ades": "VTUD", "dep_rwy": "", "arr_rwy": "", "sid": "", "star": "", "approach": "", "epoch_ts": "2025-12-23 00:20:20+00:00", "altitude_ft": 34164.9, "tas_kt": 451.3, "gs_kt": 451.3, "track_deg": 43.06722091187531, "phase": "descent", "waypoint": "", "sector": "3N", "event": ""}, "geometry": {"type": "Point", "coordinates": [101.25142652367512, 15.879836274888833, 10413.46152]}}, {"id": "255", "type": "Feature", "properties": {"flight_key": "RT1_20251223T0000Z", "callsign": "RT1", "aircraft_type": "B738", "adep": "VTBD", "ades": "VTUD", "dep_rwy": "", "arr_rwy": "", "sid": "", "star": "", "approach": "", "epoch_ts": "2025-12-23 00:20:25+00:00", "altitude_ft": 34038.1, "tas_kt": 451.6, "gs_kt": 451.6, "track_deg": 43.06722091187531, "phase": "descent", "waypoint": "", "sector": "3N", "event": ""}, "geometry": {"type": "Point", "coordinates": [101.25900500371672, 15.88764198682052, 10374.81288]}}, {"id": "256", "type": "Feature", "properties": {"flight_key": "RT1_20251223T0000Z", "callsign": "RT1", "aircraft_type": "B738", "adep": "VTBD", "ades": "VTUD", "dep_rwy": "", "arr_rwy": "", "sid": "", "star": "", "approach": "", "epoch_ts": "2025-12-23 00:20:30+00:00", "altitude_ft": 33887.7, "tas_kt": 451.9, "gs_kt": 451.9, "track_deg": 43.06722091187531, "phase": "descent", "waypoint": "", "sector": "3N", "event": ""}, "geometry": {"type": "Point", "coordinates": [101.26658406785404, 15.895447427533785, 10328.970959999999]}}, {"id": "257", "type": "Feature", "properties": {"flight_key": "RT1_20251223T0000Z", "callsign": "RT1", "aircraft_type": "B738", "adep": "VTBD", "ades": "VTUD", "dep_rwy": "", "arr_rwy": "", "sid": "", "star": "", "approach": "", "epoch_ts": "2025-12-23 00:20:35+00:00", "altitude_ft": 33727.3, "tas_kt": 452.2, "gs_kt": 452.2, "track_deg": 43.06722091187531, "phase": "descent", "waypoint": "", "sector": "3N", "event": ""}, "geometry": {"type": "Point", "coordinates": [101.27416371641431, 15.903252596868887, 10280.081040000001]}}, {"id": "258", "type": "Feature", "properties": {"flight_key": "RT1_20251223T0000Z", "callsign": "RT1", "aircraft_type": "B738", "adep": "VTBD", "ades": "VTUD", "dep_rwy": "", "arr_rwy": "", "sid": "", "star": "", "approach": "", "epoch_ts": "2025-12-23 00:20:40+00:00", "altitude_ft": 33566.8, "tas_kt": 452.5, "gs_kt": 452.5, "track_deg": 43.06722091187531, "phase": "descent", "waypoint": "", "sector": "3N", "event": ""}, "geometry": {"type": "Point", "coordinates": [101.28174394972483, 15.911057494666043, 10231.160640000002]}}, {"id": "259", "type": "Feature", "properties": {"flight_key": "RT1_20251223T0000Z", "callsign": "RT1", "aircraft_type": "B738", "adep": "VTBD", "ades": "VTUD", "dep_rwy": "", "arr_rwy": "", "sid": "", "star": "", "approach": "", "epoch_ts": "2025-12-23 00:20:45+00:00", "altitude_ft": 33406.3, "tas_kt": 452.8, "gs_kt": 452.8, "track_deg": 43.06722091187531, "phase": "descent", "waypoint": "", "sector": "3N", "event": ""}, "geometry": {"type": "Point", "coordinates": [101.28932476811292, 15.918862120765441, 10182.240240000001]}}, {"id": "260", "type": "Feature", "properties": {"flight_key": "RT1_20251223T0000Z", "callsign": "RT1", "aircraft_type": "B738", "adep": "VTBD", "ades": "VTUD", "dep_rwy": "", "arr_rwy": "", "sid": "", "star": "", "approach": "", "epoch_ts": "2025-12-23 00:20:50+00:00", "altitude_ft": 33245.9, "tas_kt": 453.2, "gs_kt": 453.2, "track_deg": 43.06722091187531, "phase": "descent", "waypoint": "", "sector": "3N", "event": ""}, "geometry": {"type": "Point", "coordinates": [101.29690617190602, 15.92666647500723, 10133.350320000001]}}, {"id": "261", "type": "Feature", "properties": {"flight_key": "RT1_20251223T0000Z", "callsign": "RT1", "aircraft_type": "B738", "adep": "VTBD", "ades": "VTUD", "dep_rwy": "", "arr_rwy": "", "sid": "", "star": "", "approach": "", "epoch_ts": "2025-12-23 00:20:55+00:00", "altitude_ft": 33085.4, "tas_kt": 453.5, "gs_kt": 453.5, "track_deg": 43.06722091187531, "phase": "descent", "waypoint": "", "sector": "3N", "event": ""}, "geometry": {"type": "Point", "coordinates": [101.30448816143154, 15.93447055723152, 10084.42992]}}, {"id": "262", "type": "Feature", "properties": {"flight_key": "RT1_20251223T0000Z", "callsign": "RT1", "aircraft_type": "B738", "adep": "VTBD", "ades": "VTUD", "dep_rwy": "", "arr_rwy": "", "sid": "", "star": "", "approach": "", "epoch_ts": "2025-12-23 00:21:00+00:00", "altitude_ft": 32925.0, "tas_kt": 453.8, "gs_kt": 453.8, "track_deg": 43.06722091187531, "phase": "descent", "waypoint": "", "sector": "3N", "event": ""}, "geometry": {"type": "Point", "coordinates": [101.31207073701698, 15.942274367278388, 10035.54]}}, {"id": "263", "type": "Feature", "properties": {"flight_key": "RT1_20251223T0000Z", "callsign": "RT1", "aircraft_type": "B738", "adep": "VTBD", "ades": "VTUD", "dep_rwy": "", "arr_rwy": "", "sid": "", "star": "", "approach": "", "epoch_ts": "2025-12-23 00:21:05+00:00", "altitude_ft": 32764.5, "tas_kt": 454.1, "gs_kt": 454.1, "track_deg": 43.06722091187531, "phase": "descent", "waypoint": "", "sector": "3N", "event": ""}, "geometry": {"type": "Point", "coordinates": [101.31965389898988, 15.950077904987863, 9986.6196]}}, {"id": "264", "type": "Feature", "properties": {"flight_key": "RT1_20251223T0000Z", "callsign": "RT1", "aircraft_type": "B738", "adep": "VTBD", "ades": "VTUD", "dep_rwy": "", "arr_rwy": "", "sid": "", "star": "", "approach": "", "epoch_ts": "2025-12-23 00:21:10+00:00", "altitude_ft": 32604.0, "tas_kt": 454.5, "gs_kt": 454.5, "track_deg": 43.06722091187531, "phase": "descent", "waypoint": "", "sector": "3N", "event": ""}, "geometry": {"type": "Point", "coordinates": [101.32723764767785, 15.957881170199943, 9937.699200000001]}}, {"id": "265", "type": "Feature", "properties": {"flight_key": "RT1_20251223T0000Z", "callsign": "RT1", "aircraft_type": "B738", "adep": "VTBD", "ades": "VTUD", "dep_rwy": "", "arr_rwy": "", "sid": "", "star": "", "approach": "", "epoch_ts": "2025-12-23 00:21:15+00:00", "altitude_ft": 32443.6, "tas_kt": 454.8, "gs_kt": 454.8, "track_deg": 43.06722091187531, "phase": "descent", "waypoint": "", "sector": "3N", "event": ""}, "geometry": {"type": "Point", "coordinates": [101.3348219834085, 15.965684162754597, 9888.80928]}}, {"id": "266", "type": "Feature", "properties": {"flight_key": "RT1_20251223T0000Z", "callsign": "RT1", "aircraft_type": "B738", "adep": "VTBD", "ades": "VTUD", "dep_rwy": "", "arr_rwy": "", "sid": "", "star": "", "approach": "", "epoch_ts": "2025-12-23 00:21:20+00:00", "altitude_ft": 32283.1, "tas_kt": 455.1, "gs_kt": 455.1, "track_deg": 43.06722091187531, "phase": "descent", "waypoint": "", "sector": "3N", "event": ""}, "geometry": {"type": "Point", "coordinates": [101.34240690650955, 15.97348688249175, 9839.88888]}}, {"id": "267", "type": "Feature", "properties": {"flight_key": "RT1_20251223T0000Z", "callsign": "RT1", "aircraft_type": "B738", "adep": "VTBD", "ades": "VTUD", "dep_rwy": "", "arr_rwy": "", "sid": "", "star": "", "approach": "", "epoch_ts": "2025-12-23 00:21:25+00:00", "altitude_ft": 32122.7, "tas_kt": 455.4, "gs_kt": 455.4, "track_deg": 43.06722091187531, "phase": "descent", "waypoint": "", "sector": "3N", "event": ""}, "geometry": {"type": "Point", "coordinates": [101.34999241730873, 15.98128932925128, 9790.99896]}}, {"id": "268", "type": "Feature", "properties": {"flight_key": "RT1_20251223T0000Z", "callsign": "RT1", "aircraft_type": "B738", "adep": "VTBD", "ades": "VTUD", "dep_rwy": "", "arr_rwy": "", "sid": "", "star": "", "approach": "", "epoch_ts": "2025-12-23 00:21:30+00:00", "altitude_ft": 31958.2, "tas_kt": 455.8, "gs_kt": 455.8, "track_deg": 43.06722091187531, "phase": "descent", "waypoint": "", "sector": "3N", "event": ""}, "geometry": {"type": "Point", "coordinates": [101.3575785161338, 15.989091502873045, 9740.85936]}}, {"id": "269", "type": "Feature", "properties": {"flight_key": "RT1_20251223T0000Z", "callsign": "RT1", "aircraft_type": "B738", "adep": "VTBD", "ades": "VTUD", "dep_rwy": "", "arr_rwy": "", "sid": "", "star": "", "approach": "", "epoch_ts": "2025-12-23 00:21:35+00:00", "altitude_ft": 31780.5, "tas_kt": 456.1, "gs_kt": 456.1, "track_deg": 43.06722091187531, "phase": "descent", "waypoint": "", "sector": "3N", "event": ""}, "geometry": {"type": "Point", "coordinates": [101.36516520331263, 15.99689340319685, 9686.6964]}}, {"id": "270", "type": "Feature", "properties": {"flight_key": "RT1_20251223T0000Z", "callsign": "RT1", "aircraft_type": "B738", "adep": "VTBD", "ades": "VTUD", "dep_rwy": "", "arr_rwy": "", "sid": "", "star": "", "approach": "", "epoch_ts": "2025-12-23 00:21:40+00:00", "altitude_ft": 31602.8, "tas_kt": 456.5, "gs_kt": 456.5, "track_deg": 43.06722091187531, "phase": "descent", "waypoint": "", "sector": "3N", "event": ""}, "geometry": {"type": "Point", "coordinates": [101.37275247917309, 16.004695030062482, 9632.533440000001]}}, {"id": "271", "type": "Feature", "properties": {"flight_key": "RT1_20251223T0000Z", "callsign": "RT1", "aircraft_type": "B738", "adep": "VTBD", "ades": "VTUD", "dep_rwy": "", "arr_rwy": "", "sid": "", "star": "", "approach": "", "epoch_ts": "2025-12-23 00:21:45+00:00", "altitude_ft": 31425.2, "tas_kt": 456.8, "gs_kt": 456.8, "track_deg": 43.06722091187531, "phase": "descent", "waypoint": "", "sector": "3N", "event": ""}, "geometry": {"type": "Point", "coordinates": [101.38034034404312, 16.012496383309664, 9578.40096]}}, {"id": "272", "type": "Feature", "properties": {"flight_key": "RT1_20251223T0000Z", "callsign": "RT1", "aircraft_type": "B738", "adep": "VTBD", "ades": "VTUD", "dep_rwy": "", "arr_rwy": "", "sid": "", "star": "", "approach": "", "epoch_ts": "2025-12-23 00:21:50+00:00", "altitude_ft": 31247.5, "tas_kt": 457.2, "gs_kt": 457.2, "track_deg": 43.06722091187531, "phase": "descent", "waypoint": "", "sector": "3N", "event": ""}, "geometry": {"type": "Point", "coordinates": [101.38792879825071, 16.02029746277811, 9524.238000000001]}}, {"id": "273", "type": "Feature", "properties": {"flight_key": "RT1_20251223T0000Z", "callsign": "RT1", "aircraft_type": "B738", "adep": "VTBD", "ades": "VTUD", "dep_rwy": "", "arr_rwy": "", "sid": "", "star": "", "approach": "", "epoch_ts": "2025-12-23 00:21:55+00:00", "altitude_ft": 31069.8, "tas_kt": 457.5, "gs_kt": 457.5, "track_deg": 43.06722091187531, "phase": "descent", "waypoint": "", "sector": "3N", "event": ""}, "geometry": {"type": "Point", "coordinates": [101.3955178421239, 16.028098268307478, 9470.07504]}}, {"id": "274", "type": "Feature", "properties": {"flight_key": "RT1_20251223T0000Z", "callsign": "RT1", "aircraft_type": "B738", "adep": "VTBD", "ades": "VTUD", "dep_rwy": "", "arr_rwy": "", "sid": "", "star": "", "approach": "", "epoch_ts": "2025-12-23 00:22:00+00:00", "altitude_ft": 30892.2, "tas_kt": 457.9, "gs_kt": 457.9, "track_deg": 43.06722091187531, "phase": "descent", "waypoint": "", "sector": "3N", "event": ""}, "geometry": {"type": "Point", "coordinates": [101.40310747599075, 16.03589879973739, 9415.942560000001]}}, {"id": "275", "type": "Feature", "properties": {"flight_key": "RT1_20251223T0000Z", "callsign": "RT1", "aircraft_type": "B738", "adep": "VTBD", "ades": "VTUD", "dep_rwy": "", "arr_rwy": "", "sid": "", "star": "", "approach": "", "epoch_ts": "2025-12-23 00:22:05+00:00", "altitude_ft": 30714.5, "tas_kt": 458.2, "gs_kt": 458.2, "track_deg": 43.06722091187531, "phase": "descent", "waypoint": "", "sector": "3N", "event": ""}, "geometry": {"type": "Point", "coordinates": [101.41069770017943, 16.043699056907442, 9361.7796]}}, {"id": "276", "type": "Feature", "properties": {"flight_key": "RT1_20251223T0000Z", "callsign": "RT1", "aircraft_type": "B738", "adep": "VTBD", "ades": "VTUD", "dep_rwy": "", "arr_rwy": "", "sid": "", "star": "", "approach": "", "epoch_ts": "2025-12-23 00:22:10+00:00", "altitude_ft": 30536.8, "tas_kt": 458.6, "gs_kt": 458.6, "track_deg": 43.06722091187531, "phase": "descent", "waypoint": "", "sector": "3N", "event": ""}, "geometry": {"type": "Point", "coordinates": [101.41828851501808, 16.051499039657166, 9307.61664]}}, {"id": "277", "type": "Feature", "properties": {"flight_key": "RT1_20251223T0000Z", "callsign": "RT1", "aircraft_type": "B738", "adep": "VTBD", "ades": "VTUD", "dep_rwy": "", "arr_rwy": "", "sid": "", "star": "", "approach": "", "epoch_ts": "2025-12-23 00:22:15+00:00", "altitude_ft": 30359.2, "tas_kt": 459.0, "gs_kt": 459.0, "track_deg": 43.06722091187531, "phase": "descent", "waypoint": "", "sector": "3N", "event": ""}, "geometry": {"type": "Point", "coordinates": [101.42587992083497, 16.059298747826105, 9253.48416]}}, {"id": "278", "type": "Feature", "properties": {"flight_key": "RT1_20251223T0000Z", "callsign": "RT1", "aircraft_type": "B738", "adep": "VTBD", "ades": "VTUD", "dep_rwy": "", "arr_rwy": "", "sid": "", "star": "", "approach": "", "epoch_ts": "2025-12-23 00:22:20+00:00", "altitude_ft": 30181.5, "tas_kt": 459.3, "gs_kt": 459.3, "track_deg": 43.06722091187531, "phase": "descent", "waypoint": "", "sector": "3N", "event": ""}, "geometry": {"type": "Point", "coordinates": [101.43347191795836, 16.067098181253705, 9199.3212]}}, {"id": "279", "type": "Feature", "properties": {"flight_key": "RT1_20251223T0000Z", "callsign": "RT1", "aircraft_type": "B738", "adep": "VTBD", "ades": "VTUD", "dep_rwy": "", "arr_rwy": "", "sid": "", "star": "", "approach": "", "epoch_ts": "2025-12-23 00:22:25+00:00", "altitude_ft": 30003.8, "tas_kt": 459.7, "gs_kt": 459.7, "track_deg": 43.06722091187531, "phase": "descent", "waypoint": "", "sector": "3N", "event": ""}, "geometry": {"type": "Point", "coordinates": [101.44106450671659, 16.074897339779422, 9145.15824]}}, {"id": "280", "type": "Feature", "properties": {"flight_key": "RT1_20251223T0000Z", "callsign": "RT1", "aircraft_type": "B738", "adep": "VTBD", "ades": "VTUD", "dep_rwy": "", "arr_rwy": "", "sid": "", "star": "", "approach": "", "epoch_ts": "2025-12-23 00:22:30+00:00", "altitude_ft": 29822.3, "tas_kt": 460.0, "gs_kt": 460.0, "track_deg": 43.06722091187531, "phase": "descent", "waypoint": "", "sector": "3N", "event": ""}, "geometry": {"type": "Point", "coordinates": [101.44865768743804, 16.08269622324265, 9089.83704]}}, {"id": "281", "type": "Feature", "properties": {"flight_key": "RT1_20251223T0000Z", "callsign": "RT1", "aircraft_type": "B738", "adep": "VTBD", "ades": "VTUD", "dep_rwy": "", "arr_rwy": "", "sid": "", "star": "", "approach": "", "epoch_ts": "2025-12-23 00:22:35+00:00", "altitude_ft": 29640.7, "tas_kt": 460.4, "gs_kt": 460.4, "track_deg": 43.06722091187531, "phase": "descent", "waypoint": "", "sector": "3N", "event": ""}, "geometry": {"type": "Point", "coordinates": [101.45625146045114, 16.09049483148275, 9034.48536]}}, {"id": "282", "type": "Feature", "properties": {"flight_key": "RT1_20251223T0000Z", "callsign": "RT1", "aircraft_type": "B738", "adep": "VTBD", "ades": "VTUD", "dep_rwy": "", "arr_rwy": "", "sid": "", "star": "", "approach": "", "epoch_ts": "2025-12-23 00:22:40+00:00", "altitude_ft": 29459.2, "tas_kt": 460.7, "gs_kt": 460.7, "track_deg": 43.06722091187531, "phase": "descent", "waypoint": "", "sector": "3N", "event": ""}, "geometry": {"type": "Point", "coordinates": [101.46384582608437, 16.098293164339058, 8979.16416]}}, {"id": "283", "type": "Feature", "properties": {"flight_key": "RT1_20251223T0000Z", "callsign": "RT1", "aircraft_type": "B738", "adep": "VTBD", "ades": "VTUD", "dep_rwy": "", "arr_rwy": "", "sid": "", "star": "", "approach": "", "epoch_ts": "2025-12-23 00:22:45+00:00", "altitude_ft": 29277.6, "tas_kt": 461.1, "gs_kt": 461.1, "track_deg": 43.06722091187531, "phase": "descent", "waypoint": "", "sector": "3N", "event": ""}, "geometry": {"type": "Point", "coordinates": [101.46950465871315, 16.1041034052697, 8923.81248]}}, {"id": "284", "type": "Feature", "properties": {"flight_key": "RT1_20251223T0000Z", "callsign": "RT1", "aircraft_type": "B738", "adep": "VTBD", "ades": "VTUD", "dep_rwy": "", "arr_rwy": "", "sid": "", "star": "", "approach": "", "epoch_ts": "2025-12-23 00:22:50+00:00", "altitude_ft": 29096.0, "tas_kt": 461.5, "gs_kt": 461.5, "track_deg": 43.06722091187531, "phase": "descent", "waypoint": "", "sector": "3N", "event": ""}, "geometry": {"type": "Point", "coordinates": [101.47491187131757, 16.109654834961447, 8868.4608]}}, {"id": "285", "type": "Feature", "properties": {"flight_key": "RT1_20251223T0000Z", "callsign": "RT1", "aircraft_type": "B738", "adep": "VTBD", "ades": "VTUD", "dep_rwy": "", "arr_rwy": "", "sid": "", "star": "", "approach": "", "epoch_ts": "2025-12-23 00:22:55+00:00", "altitude_ft": 28914.4, "tas_kt": 461.8, "gs_kt": 461.8, "track_deg": 43.06722091187531, "phase": "descent", "waypoint": "", "sector": "3N", "event": ""}, "geometry": {"type": "Point", "coordinates": [101.48031938468395, 16.11520612488251, 8813.109120000001]}}, {"id": "286", "type": "Feature", "properties": {"flight_key": "RT1_20251223T0000Z", "callsign": "RT1", "aircraft_type": "B738", "adep": "VTBD", "ades": "VTUD", "dep_rwy": "", "arr_rwy": "", "sid": "", "star": "", "approach": "", "epoch_ts": "2025-12-23 00:23:00+00:00", "altitude_ft": 28732.8, "tas_kt": 462.2, "gs_kt": 462.2, "track_deg": 43.06722091187531, "phase": "descent", "waypoint": "", "sector": "3N", "event": ""}, "geometry": {"type": "Point", "coordinates": [101.48572719893086, 16.120757274974874, 8757.75744]}}, {"id": "287", "type": "Feature", "properties": {"flight_key": "RT1_20251223T0000Z", "callsign": "RT1", "aircraft_type": "B738", "adep": "VTBD", "ades": "VTUD", "dep_rwy": "", "arr_rwy": "", "sid": "", "star": "", "approach": "", "epoch_ts": "2025-12-23 00:23:05+00:00", "altitude_ft": 28551.2, "tas_kt": 462.5, "gs_kt": 462.5, "track_deg": 43.06722091187531, "phase": "descent", "waypoint": "", "sector": "3N", "event": ""}, "geometry": {"type": "Point", "coordinates": [101.49113531417692, 16.126308285180514, 8702.405760000001]}}, {"id": "288", "type": "Feature", "properties": {"flight_key": "RT1_20251223T0000Z", "callsign": "RT1", "aircraft_type": "B738", "adep": "VTBD", "ades": "VTUD", "dep_rwy": "", "arr_rwy": "", "sid": "", "star": "", "approach": "", "epoch_ts": "2025-12-23 00:23:10+00:00", "altitude_ft": 28369.7, "tas_kt": 462.9, "gs_kt": 462.9, "track_deg": 43.06722091187531, "phase": "descent", "waypoint": "", "sector": "3N", "event": ""}, "geometry": {"type": "Point", "coordinates": [101.49654373054068, 16.131859155441383, 8647.084560000001]}}, {"id": "289", "type": "Feature", "properties": {"flight_key": "RT1_20251223T0000Z", "callsign": "RT1", "aircraft_type": "B738", "adep": "VTBD", "ades": "VTUD", "dep_rwy": "", "arr_rwy": "", "sid": "", "star": "", "approach": "", "epoch_ts": "2025-12-23 00:23:15+00:00", "altitude_ft": 28188.1, "tas_kt": 463.3, "gs_kt": 463.3, "track_deg": 43.06722091187531, "phase": "descent", "waypoint": "", "sector": "3N", "event": ""}, "geometry": {"type": "Point", "coordinates": [101.50195244814081, 16.137409885699448, 8591.73288]}}, {"id": "290", "type": "Feature", "properties": {"flight_key": "RT1_20251223T0000Z", "callsign": "RT1", "aircraft_type": "B738", "adep": "VTBD", "ades": "VTUD", "dep_rwy": "", "arr_rwy": "", "sid": "", "star": "", "approach": "", "epoch_ts": "2025-12-23 00:23:20+00:00", "altitude_ft": 28006.5, "tas_kt": 463.6, "gs_kt": 463.6, "track_deg": 43.06722091187531, "phase": "descent", "waypoint": "", "sector": "3N", "event": ""}, "geometry": {"type": "Point", "coordinates": [101.50736146709592, 16.14296047589664, 8536.3812]}}, {"id": "291", "type": "Feature", "properties": {"flight_key": "RT1_20251223T0000Z", "callsign": "RT1", "aircraft_type": "B738", "adep": "VTBD", "ades": "VTUD", "dep_rwy": "", "arr_rwy": "", "sid": "", "star": "", "approach": "", "epoch_ts": "2025-12-23 00:23:25+00:00", "altitude_ft": 27825.6, "tas_kt": 436.7, "gs_kt": 436.7, "track_deg": 43.06722091187531, "phase": "descent", "waypoint": "", "sector": "3N", "event": ""}, "geometry": {"type": "Point", "coordinates": [101.51277078752466, 16.148510925974893, 8481.24288]}}, {"id": "292", "type": "Feature", "properties": {"flight_key": "RT1_20251223T0000Z", "callsign": "RT1", "aircraft_type": "B738", "adep": "VTBD", "ades": "VTUD", "dep_rwy": "", "arr_rwy": "", "sid": "", "star": "", "approach": "", "epoch_ts": "2025-12-23 00:23:30+00:00", "altitude_ft": 27644.6, "tas_kt": 435.5, "gs_kt": 435.5, "track_deg": 43.06722091187531, "phase": "descent", "waypoint": "", "sector": "3N", "event": ""}, "geometry": {"type": "Point", "coordinates": [101.51818040954566, 16.15406123587613, 8426.07408]}}, {"id": "293", "type": "Feature", "properties": {"flight_key": "RT1_20251223T0000Z", "callsign": "RT1", "aircraft_type": "B738", "adep": "VTBD", "ades": "VTUD", "dep_rwy": "", "arr_rwy": "", "sid": "", "star": "", "approach": "", "epoch_ts": "2025-12-23 00:23:35+00:00", "altitude_ft": 27463.7, "tas_kt": 434.2, "gs_kt": 434.2, "track_deg": 43.06722091187531, "phase": "descent", "waypoint": "", "sector": "3N", "event": ""}, "geometry": {"type": "Point", "coordinates": [101.52359033327762, 16.15961140554227, 8370.93576]}}, {"id": "294", "type": "Feature", "properties": {"flight_key": "RT1_20251223T0000Z", "callsign": "RT1", "aircraft_type": "B738", "adep": "VTBD", "ades": "VTUD", "dep_rwy": "", "arr_rwy": "", "sid": "", "star": "", "approach": "", "epoch_ts": "2025-12-23 00:23:40+00:00", "altitude_ft": 27282.8, "tas_kt": 433.0, "gs_kt": 433.0, "track_deg": 43.06722091187531, "phase": "descent", "waypoint": "", "sector": "3N", "event": ""}, "geometry": {"type": "Point", "coordinates": [101.52900055883921, 16.16516143491521, 8315.79744]}}, {"id": "295", "type": "Feature", "properties": {"flight_key": "RT1_20251223T0000Z", "callsign": "RT1", "aircraft_type": "B738", "adep": "VTBD", "ades": "VTUD", "dep_rwy": "", "arr_rwy": "", "sid": "", "star": "", "approach": "", "epoch_ts": "2025-12-23 00:23:45+00:00", "altitude_ft": 27101.9, "tas_kt": 431.8, "gs_kt": 431.8, "track_deg": 43.06722091187531, "phase": "descent", "waypoint": "", "sector": "3N", "event": ""}, "geometry": {"type": "Point", "coordinates": [101.53441108634914, 16.170711323936853, 8260.65912]}}, {"id": "296", "type": "Feature", "properties": {"flight_key": "RT1_20251223T0000Z", "callsign": "RT1", "aircraft_type": "B738", "adep": "VTBD", "ades": "VTUD", "dep_rwy": "", "arr_rwy": "", "sid": "", "star": "", "approach": "", "epoch_ts": "2025-12-23 00:23:50+00:00", "altitude_ft": 26921.0, "tas_kt": 430.6, "gs_kt": 430.6, "track_deg": 43.06722091187531, "phase": "descent", "waypoint": "", "sector": "3N", "event": ""}, "geometry": {"type": "Point", "coordinates": [101.53982191592608, 16.17626107254907, 8205.5208]}}, {"id": "297", "type": "Feature", "properties": {"flight_key": "RT1_20251223T0000Z", "callsign": "RT1", "aircraft_type": "B738", "adep": "VTBD", "ades": "VTUD", "dep_rwy": "", "arr_rwy": "", "sid": "", "star": "", "approach": "", "epoch_ts": "2025-12-23 00:23:55+00:00", "altitude_ft": 26740.1, "tas_kt": 429.4, "gs_kt": 429.4, "track_deg": 43.06722091187531, "phase": "descent", "waypoint": "", "sector": "3N", "event": ""}, "geometry": {"type": "Point", "coordinates": [101.54523304768878, 16.181810680693747, 8150.38248]}}, {"id": "298", "type": "Feature", "properties": {"flight_key": "RT1_20251223T0000Z", "callsign": "RT1", "aircraft_type": "B738", "adep": "VTBD", "ades": "VTUD", "dep_rwy": "", "arr_rwy": "", "sid": "", "star": "", "approach": "", "epoch_ts": "2025-12-23 00:24:00+00:00", "altitude_ft": 26559.1, "tas_kt": 428.2, "gs_kt": 428.2, "track_deg": 43.06722091187531, "phase": "descent", "waypoint": "", "sector": "3N", "event": ""}, "geometry": {"type": "Point", "coordinates": [101.55064448175597, 16.187360148312738, 8095.21368]}}, {"id": "299", "type": "Feature", "properties": {"flight_key": "RT1_20251223T0000Z", "callsign": "RT1", "aircraft_type": "B738", "adep": "VTBD", "ades": "VTUD", "dep_rwy": "", "arr_rwy": "", "sid": "", "star": "", "approach": "", "epoch_ts": "2025-12-23 00:24:05+00:00", "altitude_ft": 26378.2, "tas_kt": 427.0, "gs_kt": 427.0, "track_deg": 43.06722091187531, "phase": "descent", "waypoint": "", "sector": "3N", "event": ""}, "geometry": {"type": "Point", "coordinates": [101.55605621824638, 16.192909475347914, 8040.075360000001]}}, {"id": "300", "type": "Feature", "properties": {"flight_key": "RT1_20251223T0000Z", "callsign": "RT1", "aircraft_type": "B738", "adep": "VTBD", "ades": "VTUD", "dep_rwy": "", "arr_rwy": "", "sid": "", "star": "", "approach": "", "epoch_ts": "2025-12-23 00:24:10+00:00", "altitude_ft": 26197.3, "tas_kt": 425.8, "gs_kt": 425.8, "track_deg": 43.06722091187531, "phase": "descent", "waypoint": "", "sector": "3N", "event": ""}, "geometry": {"type": "Point", "coordinates": [101.56146825727878, 16.1984586617411, 7984.93704]}}, {"id": "301", "type": "Feature", "properties": {"flight_key": "RT1_20251223T0000Z", "callsign": "RT1", "aircraft_type": "B738", "adep": "VTBD", "ades": "VTUD", "dep_rwy": "", "arr_rwy": "", "sid": "", "star": "", "approach": "", "epoch_ts": "2025-12-23 00:24:15+00:00", "altitude_ft": 26016.4, "tas_kt": 424.6, "gs_kt": 424.6, "track_deg": 43.06722091187531, "phase": "descent", "waypoint": "", "sector": "3N", "event": ""}, "geometry": {"type": "Point", "coordinates": [101.56688059897193, 16.204007707434144, 7929.798720000001]}}, {"id": "302", "type": "Feature", "properties": {"flight_key": "RT1_20251223T0000Z", "callsign": "RT1", "aircraft_type": "B738", "adep": "VTBD", "ades": "VTUD", "dep_rwy": "", "arr_rwy": "", "sid": "", "star": "", "approach": "", "epoch_ts": "2025-12-23 00:24:20+00:00", "altitude_ft": 25837.6, "tas_kt": 423.5, "gs_kt": 423.5, "track_deg": 43.06722091187531, "phase": "descent", "waypoint": "", "sector": "3N", "event": ""}, "geometry": {"type": "Point", "coordinates": [101.57229324344463, 16.20955661236887, 7875.30048]}}, {"id": "303", "type": "Feature", "properties": {"flight_key": "RT1_20251223T0000Z", "callsign": "RT1", "aircraft_type": "B738", "adep": "VTBD", "ades": "VTUD", "dep_rwy": "", "arr_rwy": "", "sid": "", "star": "", "approach": "", "epoch_ts": "2025-12-23 00:24:25+00:00", "altitude_ft": 25658.9, "tas_kt": 422.3, "gs_kt": 422.3, "track_deg": 43.06722091187531, "phase": "descent", "waypoint": "", "sector": "3N", "event": ""}, "geometry": {"type": "Point", "coordinates": [101.57770619081568, 16.215105376487095, 7820.832720000001]}}, {"id": "304", "type": "Feature", "properties": {"flight_key": "RT1_20251223T0000Z", "callsign": "RT1", "aircraft_type": "B738", "adep": "VTBD", "ades": "VTUD", "dep_rwy": "", "arr_rwy": "", "sid": "", "star": "", "approach": "", "epoch_ts": "2025-12-23 00:24:30+00:00", "altitude_ft": 25480.3, "tas_kt": 421.1, "gs_kt": 421.1, "track_deg": 43.06722091187531, "phase": "descent", "waypoint": "", "sector": "3N", "event": ""}, "geometry": {"type": "Point", "coordinates": [101.58311944120385, 16.220653999730622, 7766.39544]}}, {"id": "305", "type": "Feature", "properties": {"flight_key": "RT1_20251223T0000Z", "callsign": "RT1", "aircraft_type": "B738", "adep": "VTBD", "ades": "VTUD", "dep_rwy": "", "arr_rwy": "", "sid": "", "star": "", "approach": "", "epoch_ts": "2025-12-23 00:24:35+00:00", "altitude_ft": 25301.7, "tas_kt": 420.0, "gs_kt": 420.0, "track_deg": 43.06722091187531, "phase": "descent", "waypoint": "", "sector": "3N", "event": ""}, "geometry": {"type": "Point", "coordinates": [101.588532994728, 16.22620248204125, 7711.958160000001]}}, {"id": "306", "type": "Feature", "properties": {"flight_key": "RT1_20251223T0000Z", "callsign": "RT1", "aircraft_type": "B738", "adep": "VTBD", "ades": "VTUD", "dep_rwy": "", "arr_rwy": "", "sid": "", "star": "", "approach": "", "epoch_ts": "2025-12-23 00:24:40+00:00", "altitude_ft": 25123.1, "tas_kt": 418.8, "gs_kt": 418.8, "track_deg": 43.06722091187531, "phase": "descent", "waypoint": "", "sector": "3N", "event": ""}, "geometry": {"type": "Point", "coordinates": [101.59394685150696, 16.231750823360766, 7657.52088]}}, {"id": "307", "type": "Feature", "properties": {"flight_key": "RT1_20251223T0000Z", "callsign": "RT1", "aircraft_type": "B738", "adep": "VTBD", "ades": "VTUD", "dep_rwy": "", "arr_rwy": "", "sid": "", "star": "", "approach": "", "epoch_ts": "2025-12-23 00:24:45+00:00", "altitude_ft": 24944.4, "tas_kt": 417.7, "gs_kt": 417.7, "track_deg": 43.06722091187531, "phase": "descent", "waypoint": "", "sector": "3N", "event": ""}, "geometry": {"type": "Point", "coordinates": [101.59936101165957, 16.237299023630943, 7603.0531200000005]}}, {"id": "308", "type": "Feature", "properties": {"flight_key": "RT1_20251223T0000Z", "callsign": "RT1", "aircraft_type": "B738", "adep": "VTBD", "ades": "VTUD", "dep_rwy": "", "arr_rwy": "", "sid": "", "star": "", "approach": "", "epoch_ts": "2025-12-23 00:24:50+00:00", "altitude_ft": 24765.8, "tas_kt": 416.5, "gs_kt": 416.5, "track_deg": 43.06722091187531, "phase": "descent", "waypoint": "", "sector": "3N", "event": ""}, "geometry": {"type": "Point", "coordinates": [101.60477547530468, 16.24284708279355, 7548.61584]}}, {"id": "309", "type": "Feature", "properties": {"flight_key": "RT1_20251223T0000Z", "callsign": "RT1", "aircraft_type": "B738", "adep": "VTBD", "ades": "VTUD", "dep_rwy": "", "arr_rwy": "", "sid": "", "star": "", "approach": "", "epoch_ts": "2025-12-23 00:24:55+00:00", "altitude_ft": 24587.2, "tas_kt": 415.4, "gs_kt": 415.4, "track_deg": 43.06722091187531, "phase": "descent", "waypoint": "", "sector": "3N", "event": ""}, "geometry": {"type": "Point", "coordinates": [101.61019024256119, 16.24839500079035, 7494.17856]}}, {"id": "310", "type": "Feature", "properties": {"flight_key": "RT1_20251223T0000Z", "callsign": "RT1", "aircraft_type": "B738", "adep": "VTBD", "ades": "VTUD", "dep_rwy": "", "arr_rwy": "", "sid": "", "star": "", "approach": "", "epoch_ts": "2025-12-23 00:25:00+00:00", "altitude_ft": 24408.6, "tas_kt": 414.3, "gs_kt": 414.3, "track_deg": 43.06722091187531, "phase": "descent", "waypoint": "", "sector": "2N", "event": ""}, "geometry": {"type": "Point", "coordinates": [101.61560531354797, 16.253942777563076, 7439.74128]}}, {"id": "311", "type": "Feature", "properties": {"flight_key": "RT1_20251223T0000Z", "callsign": "RT1", "aircraft_type": "B738", "adep": "VTBD", "ades": "VTUD", "dep_rwy": "", "arr_rwy": "", "sid": "", "star": "", "approach": "", "epoch_ts": "2025-12-23 00:25:05+00:00", "altitude_ft": 24229.9, "tas_kt": 413.1, "gs_kt": 413.1, "track_deg": 43.06722091187531, "phase": "descent", "waypoint": "", "sector": "2N", "event": ""}, "geometry": {"type": "Point", "coordinates": [101.62102068838392, 16.259490413053484, 7385.273520000001]}}, {"id": "312", "type": "Feature", "properties": {"flight_key": "RT1_20251223T0000Z", "callsign": "RT1", "aircraft_type": "B738", "adep": "VTBD", "ades": "VTUD", "dep_rwy": "", "arr_rwy": "", "sid": "", "star": "", "approach": "", "epoch_ts": "2025-12-23 00:25:10+00:00", "altitude_ft": 24051.3, "tas_kt": 412.0, "gs_kt": 412.0, "track_deg": 43.06722091187531, "phase": "descent", "waypoint": "", "sector": "2N", "event": ""}, "geometry": {"type": "Point", "coordinates": [101.62643636718795, 16.265037907203286, 7330.8362400000005]}}, {"id": "313", "type": "Feature", "properties": {"flight_key": "RT1_20251223T0000Z", "callsign": "RT1", "aircraft_type": "B738", "adep": "VTBD", "ades": "VTUD", "dep_rwy": "", "arr_rwy": "", "sid": "", "star": "", "approach": "", "epoch_ts": "2025-12-23 00:25:15+00:00", "altitude_ft": 23875.0, "tas_kt": 410.9, "gs_kt": 410.9, "track_deg": 43.06722091187531, "phase": "descent", "waypoint": "", "sector": "2N", "event": ""}, "geometry": {"type": "Point", "coordinates": [101.63185235007899, 16.27058525995421, 7277.1]}}, {"id": "314", "type": "Feature", "properties": {"flight_key": "RT1_20251223T0000Z", "callsign": "RT1", "aircraft_type": "B738", "adep": "VTBD", "ades": "VTUD", "dep_rwy": "", "arr_rwy": "", "sid": "", "star": "", "approach": "", "epoch_ts": "2025-12-23 00:25:20+00:00", "altitude_ft": 23699.6, "tas_kt": 409.8, "gs_kt": 409.8, "track_deg": 43.06722091187531, "phase": "descent", "waypoint": "", "sector": "2N", "event": ""}, "geometry": {"type": "Point", "coordinates": [101.63726863717596, 16.276132471247966, 7223.63808]}}, {"id": "315", "type": "Feature", "properties": {"flight_key": "RT1_20251223T0000Z", "callsign": "RT1", "aircraft_type": "B738", "adep": "VTBD", "ades": "VTUD", "dep_rwy": "", "arr_rwy": "", "sid": "", "star": "", "approach": "", "epoch_ts": "2025-12-23 00:25:25+00:00", "altitude_ft": 23524.2, "tas_kt": 408.7, "gs_kt": 408.7, "track_deg": 43.06722091187531, "phase": "descent", "waypoint": "", "sector": "2N", "event": ""}, "geometry": {"type": "Point", "coordinates": [101.64268522859784, 16.281679541026243, 7170.176160000001]}}, {"id": "316", "type": "Feature", "properties": {"flight_key": "RT1_20251223T0000Z", "callsign": "RT1", "aircraft_type": "B738", "adep": "VTBD", "ades": "VTUD", "dep_rwy": "", "arr_rwy": "", "sid": "", "star": "", "approach": "", "epoch_ts": "2025-12-23 00:25:30+00:00", "altitude_ft": 23348.9, "tas_kt": 407.6, "gs_kt": 407.6, "track_deg": 43.06722091187531, "phase": "descent", "waypoint": "", "sector": "2N", "event": ""}, "geometry": {"type": "Point", "coordinates": [101.64810212446358, 16.28722646923073, 7116.744720000001]}}, {"id": "317", "type": "Feature", "properties": {"flight_key": "RT1_20251223T0000Z", "callsign": "RT1", "aircraft_type": "B738", "adep": "VTBD", "ades": "VTUD", "dep_rwy": "", "arr_rwy": "", "sid": "", "star": "", "approach": "", "epoch_ts": "2025-12-23 00:25:35+00:00", "altitude_ft": 23173.5, "tas_kt": 406.5, "gs_kt": 406.5, "track_deg": 43.06722091187531, "phase": "descent", "waypoint": "", "sector": "2N", "event": ""}, "geometry": {"type": "Point", "coordinates": [101.65351932489214, 16.29277325580312, 7063.2828]}}, {"id": "318", "type": "Feature", "properties": {"flight_key": "RT1_20251223T0000Z", "callsign": "RT1", "aircraft_type": "B738", "adep": "VTBD", "ades": "VTUD", "dep_rwy": "", "arr_rwy": "", "sid": "", "star": "", "approach": "", "epoch_ts": "2025-12-23 00:25:40+00:00", "altitude_ft": 22998.1, "tas_kt": 405.4, "gs_kt": 405.4, "track_deg": 43.06722091187531, "phase": "descent", "waypoint": "", "sector": "2N", "event": ""}, "geometry": {"type": "Point", "coordinates": [101.65893683000253, 16.298319900685065, 7009.82088]}}, {"id": "319", "type": "Feature", "properties": {"flight_key": "RT1_20251223T0000Z", "callsign": "RT1", "aircraft_type": "B738", "adep": "VTBD", "ades": "VTUD", "dep_rwy": "", "arr_rwy": "", "sid": "", "star": "", "approach": "", "epoch_ts": "2025-12-23 00:25:45+00:00", "altitude_ft": 22822.7, "tas_kt": 404.3, "gs_kt": 404.3, "track_deg": 43.06722091187531, "phase": "descent", "waypoint": "", "sector": "2N", "event": ""}, "geometry": {"type": "Point", "coordinates": [101.66435463991375, 16.30386640381824, 6956.3589600000005]}}, {"id": "320", "type": "Feature", "properties": {"flight_key": "RT1_20251223T0000Z", "callsign": "RT1", "aircraft_type": "B738", "adep": "VTBD", "ades": "VTUD", "dep_rwy": "", "arr_rwy": "", "sid": "", "star": "", "approach": "", "epoch_ts": "2025-12-23 00:25:50+00:00", "altitude_ft": 22647.4, "tas_kt": 403.3, "gs_kt": 403.3, "track_deg": 43.06722091187531, "phase": "descent", "waypoint": "", "sector": "2N", "event": ""}, "geometry": {"type": "Point", "coordinates": [101.6697727547448, 16.309412765144284, 6902.927520000001]}}, {"id": "321", "type": "Feature", "properties": {"flight_key": "RT1_20251223T0000Z", "callsign": "RT1", "aircraft_type": "B738", "adep": "VTBD", "ades": "VTUD", "dep_rwy": "", "arr_rwy": "", "sid": "", "star": "", "approach": "", "epoch_ts": "2025-12-23 00:25:55+00:00", "altitude_ft": 22472.0, "tas_kt": 402.2, "gs_kt": 402.2, "track_deg": 43.06722091187531, "phase": "descent", "waypoint": "", "sector": "2N", "event": ""}, "geometry": {"type": "Point", "coordinates": [101.67519117461472, 16.314958984604836, 6849.4656]}}, {"id": "322", "type": "Feature", "properties": {"flight_key": "RT1_20251223T0000Z", "callsign": "RT1", "aircraft_type": "B738", "adep": "VTBD", "ades": "VTUD", "dep_rwy": "", "arr_rwy": "", "sid": "", "star": "", "approach": "", "epoch_ts": "2025-12-23 00:26:00+00:00", "altitude_ft": 22296.6, "tas_kt": 401.1, "gs_kt": 401.1, "track_deg": 43.06722091187531, "phase": "descent", "waypoint": "", "sector": "2N", "event": ""}, "geometry": {"type": "Point", "coordinates": [101.68060989964255, 16.320505062141528, 6796.00368]}}, {"id": "323", "type": "Feature", "properties": {"flight_key": "RT1_20251223T0000Z", "callsign": "RT1", "aircraft_type": "B738", "adep": "VTBD", "ades": "VTUD", "dep_rwy": "", "arr_rwy": "", "sid": "", "star": "", "approach": "", "epoch_ts": "2025-12-23 00:26:05+00:00", "altitude_ft": 22121.2, "tas_kt": 400.0, "gs_kt": 400.0, "track_deg": 43.06722091187531, "phase": "descent", "waypoint": "", "sector": "2N", "event": ""}, "geometry": {"type": "Point", "coordinates": [101.68602892994734, 16.326050997695987, 6742.541760000001]}}, {"id": "324", "type": "Feature", "properties": {"flight_key": "RT1_20251223T0000Z", "callsign": "RT1", "aircraft_type": "B738", "adep": "VTBD", "ades": "VTUD", "dep_rwy": "", "arr_rwy": "", "sid": "", "star": "", "approach": "", "epoch_ts": "2025-12-23 00:26:10+00:00", "altitude_ft": 21947.2, "tas_kt": 399.0, "gs_kt": 399.0, "track_deg": 43.06722091187531, "phase": "descent", "waypoint": "", "sector": "2N", "event": ""}, "geometry": {"type": "Point", "coordinates": [101.69144826564815, 16.331596791209808, 6689.506560000001]}}, {"id": "325", "type": "Feature", "properties": {"flight_key": "RT1_20251223T0000Z", "callsign": "RT1", "aircraft_type": "B738", "adep": "VTBD", "ades": "VTUD", "dep_rwy": "", "arr_rwy": "", "sid": "", "star": "", "approach": "", "epoch_ts": "2025-12-23 00:26:15+00:00", "altitude_ft": 21776.1, "tas_kt": 397.9, "gs_kt": 397.9, "track_deg": 43.06722091187531, "phase": "descent", "waypoint": "", "sector": "2N", "event": ""}, "geometry": {"type": "Point", "coordinates": [101.69686790686407, 16.337142442624607, 6637.35528]}}, {"id": "326", "type": "Feature", "properties": {"flight_key": "RT1_20251223T0000Z", "callsign": "RT1", "aircraft_type": "B738", "adep": "VTBD", "ades": "VTUD", "dep_rwy": "", "arr_rwy": "", "sid": "", "star": "", "approach": "", "epoch_ts": "2025-12-23 00:26:20+00:00", "altitude_ft": 21605.0, "tas_kt": 396.9, "gs_kt": 396.9, "track_deg": 43.06722091187531, "phase": "descent", "waypoint": "", "sector": "2N", "event": ""}, "geometry": {"type": "Point", "coordinates": [101.70228785371418, 16.342687951881963, 6585.204000000001]}}, {"id": "327", "type": "Feature", "properties": {"flight_key": "RT1_20251223T0000Z", "callsign": "RT1", "aircraft_type": "B738", "adep": "VTBD", "ades": "VTUD", "dep_rwy": "", "arr_rwy": "", "sid": "", "star": "", "approach": "", "epoch_ts": "2025-12-23 00:26:25+00:00", "altitude_ft": 21433.9, "tas_kt": 395.9, "gs_kt": 395.9, "track_deg": 43.06722091187531, "phase": "descent", "waypoint": "", "sector": "2N", "event": ""}, "geometry": {"type": "Point", "coordinates": [101.7077081063176, 16.348233318923466, 6533.052720000001]}}, {"id": "328", "type": "Feature", "properties": {"flight_key": "RT1_20251223T0000Z", "callsign": "RT1", "aircraft_type": "B738", "adep": "VTBD", "ades": "VTUD", "dep_rwy": "", "arr_rwy": "", "sid": "", "star": "", "approach": "", "epoch_ts": "2025-12-23 00:26:30+00:00", "altitude_ft": 21262.9, "tas_kt": 394.9, "gs_kt": 394.9, "track_deg": 43.06722091187531, "phase": "descent", "waypoint": "", "sector": "2N", "event": ""}, "geometry": {"type": "Point", "coordinates": [101.71312866479343, 16.353778543690677, 6480.931920000001]}}, {"id": "329", "type": "Feature", "properties": {"flight_key": "RT1_20251223T0000Z", "callsign": "RT1", "aircraft_type": "B738", "adep": "VTBD", "ades": "VTUD", "dep_rwy": "", "arr_rwy": "", "sid": "", "star": "", "approach": "", "epoch_ts": "2025-12-23 00:26:35+00:00", "altitude_ft": 21091.8, "tas_kt": 393.8, "gs_kt": 393.8, "track_deg": 43.06722091187531, "phase": "descent", "waypoint": "", "sector": "2N", "event": ""}, "geometry": {"type": "Point", "coordinates": [101.71854952926081, 16.359323626125164, 6428.78064]}}, {"id": "330", "type": "Feature", "properties": {"flight_key": "RT1_20251223T0000Z", "callsign": "RT1", "aircraft_type": "B738", "adep": "VTBD", "ades": "VTUD", "dep_rwy": "", "arr_rwy": "", "sid": "", "star": "", "approach": "", "epoch_ts": "2025-12-23 00:26:40+00:00", "altitude_ft": 20920.7, "tas_kt": 392.8, "gs_kt": 392.8, "track_deg": 43.06722091187531, "phase": "descent", "waypoint": "", "sector": "2N", "event": ""}, "geometry": {"type": "Point", "coordinates": [101.72397069983889, 16.36486856616848, 6376.629360000001]}}, {"id": "331", "type": "Feature", "properties": {"flight_key": "RT1_20251223T0000Z", "callsign": "RT1", "aircraft_type": "B738", "adep": "VTBD", "ades": "VTUD", "dep_rwy": "", "arr_rwy": "", "sid": "", "star": "", "approach": "", "epoch_ts": "2025-12-23 00:26:45+00:00", "altitude_ft": 20749.6, "tas_kt": 391.8, "gs_kt": 391.8, "track_deg": 43.06722091187531, "phase": "descent", "waypoint": "", "sector": "2N", "event": ""}, "geometry": {"type": "Point", "coordinates": [101.72939217664681, 16.370413363762147, 6324.47808]}}, {"id": "332", "type": "Feature", "properties": {"flight_key": "RT1_20251223T0000Z", "callsign": "RT1", "aircraft_type": "B738", "adep": "VTBD", "ades": "VTUD", "dep_rwy": "", "arr_rwy": "", "sid": "", "star": "", "approach": "", "epoch_ts": "2025-12-23 00:26:50+00:00", "altitude_ft": 20578.5, "tas_kt": 390.8, "gs_kt": 390.8, "track_deg": 43.06722091187531, "phase": "descent", "waypoint": "", "sector": "2N", "event": ""}, "geometry": {"type": "Point", "coordinates": [101.73481395980374, 16.375958018847722, 6272.326800000001]}}, {"id": "333", "type": "Feature", "properties": {"flight_key": "RT1_20251223T0000Z", "callsign": "RT1", "aircraft_type": "B738", "adep": "VTBD", "ades": "VTUD", "dep_rwy": "", "arr_rwy": "", "sid": "", "star": "", "approach": "", "epoch_ts": "2025-12-23 00:26:55+00:00", "altitude_ft": 20407.4, "tas_kt": 389.8, "gs_kt": 389.8, "track_deg": 43.06722091187531, "phase": "descent", "waypoint": "", "sector": "2N", "event": ""}, "geometry": {"type": "Point", "coordinates": [101.74023604942889, 16.381502531366706, 6220.175520000001]}}, {"id": "334", "type": "Feature", "properties": {"flight_key": "RT1_20251223T0000Z", "callsign": "RT1", "aircraft_type": "B738", "adep": "VTBD", "ades": "VTUD", "dep_rwy": "", "arr_rwy": "", "sid": "", "star": "", "approach": "", "epoch_ts": "2025-12-23 00:27:00+00:00", "altitude_ft": 20236.4, "tas_kt": 388.8, "gs_kt": 388.8, "track_deg": 43.06722091187531, "phase": "descent", "waypoint": "", "sector": "2N", "event": ""}, "geometry": {"type": "Point", "coordinates": [101.74565844564141, 16.38704690126063, 6168.054720000001]}}, {"id": "335", "type": "Feature", "properties": {"flight_key": "RT1_20251223T0000Z", "callsign": "RT1", "aircraft_type": "B738", "adep": "VTBD", "ades": "VTUD", "dep_rwy": "", "arr_rwy": "", "sid": "", "star": "", "approach": "", "epoch_ts": "2025-12-23 00:27:05+00:00", "altitude_ft": 20065.3, "tas_kt": 387.8, "gs_kt": 387.8, "track_deg": 43.06722091187531, "phase": "descent", "waypoint": "", "sector": "2N", "event": ""}, "geometry": {"type": "Point", "coordinates": [101.75108114856054, 16.392591128470972, 6115.90344]}}, {"id": "336", "type": "Feature", "properties": {"flight_key": "RT1_20251223T0000Z", "callsign": "RT1", "aircraft_type": "B738", "adep": "VTBD", "ades": "VTUD", "dep_rwy": "", "arr_rwy": "", "sid": "", "star": "", "approach": "", "epoch_ts": "2025-12-23 00:27:10+00:00", "altitude_ft": 19897.3, "tas_kt": 386.8, "gs_kt": 386.8, "track_deg": 43.06722091187531, "phase": "descent", "waypoint": "", "sector": "2N", "event": ""}, "geometry": {"type": "Point", "coordinates": [101.7565041583055, 16.39813521293925, 6064.69704]}}, {"id": "337", "type": "Feature", "properties": {"flight_key": "RT1_20251223T0000Z", "callsign": "RT1", "aircraft_type": "B738", "adep": "VTBD", "ades": "VTUD", "dep_rwy": "", "arr_rwy": "", "sid": "", "star": "", "approach": "", "epoch_ts": "2025-12-23 00:27:15+00:00", "altitude_ft": 19731.3, "tas_kt": 385.8, "gs_kt": 385.8, "track_deg": 43.06722091187531, "phase": "descent", "waypoint": "", "sector": "2N", "event": ""}, "geometry": {"type": "Point", "coordinates": [101.76192747499552, 16.403679154606923, 6014.10024]}}, {"id": "338", "type": "Feature", "properties": {"flight_key": "RT1_20251223T0000Z", "callsign": "RT1", "aircraft_type": "B738", "adep": "VTBD", "ades": "VTUD", "dep_rwy": "", "arr_rwy": "", "sid": "", "star": "", "approach": "", "epoch_ts": "2025-12-23 00:27:20+00:00", "altitude_ft": 19565.3, "tas_kt": 384.8, "gs_kt": 384.8, "track_deg": 43.06722091187531, "phase": "descent", "waypoint": "", "sector": "2N", "event": ""}, "geometry": {"type": "Point", "coordinates": [101.76735109874983, 16.409222953415473, 5963.50344]}}, {"id": "339", "type": "Feature", "properties": {"flight_key": "RT1_20251223T0000Z", "callsign": "RT1", "aircraft_type": "B738", "adep": "VTBD", "ades": "VTUD", "dep_rwy": "", "arr_rwy": "", "sid": "", "star": "", "approach": "", "epoch_ts": "2025-12-23 00:27:25+00:00", "altitude_ft": 19399.3, "tas_kt": 383.9, "gs_kt": 383.9, "track_deg": 43.06722091187531, "phase": "descent", "waypoint": "", "sector": "2N", "event": ""}, "geometry": {"type": "Point", "coordinates": [101.7727750296877, 16.41476660930636, 5912.90664]}}, {"id": "340", "type": "Feature", "properties": {"flight_key": "RT1_20251223T0000Z", "callsign": "RT1", "aircraft_type": "B738", "adep": "VTBD", "ades": "VTUD", "dep_rwy": "", "arr_rwy": "", "sid": "", "star": "", "approach": "", "epoch_ts": "2025-12-23 00:27:30+00:00", "altitude_ft": 19233.3, "tas_kt": 382.9, "gs_kt": 382.9, "track_deg": 43.06722091187531, "phase": "descent", "waypoint": "", "sector": "2N", "event": ""}, "geometry": {"type": "Point", "coordinates": [101.77819926792841, 16.420310122221036, 5862.30984]}}, {"id": "341", "type": "Feature", "properties": {"flight_key": "RT1_20251223T0000Z", "callsign": "RT1", "aircraft_type": "B738", "adep": "VTBD", "ades": "VTUD", "dep_rwy": "", "arr_rwy": "", "sid": "", "star": "", "approach": "", "epoch_ts": "2025-12-23 00:27:35+00:00", "altitude_ft": 19067.3, "tas_kt": 382.0, "gs_kt": 382.0, "track_deg": 43.06722091187531, "phase": "descent", "waypoint": "", "sector": "2N", "event": ""}, "geometry": {"type": "Point", "coordinates": [101.78362381359123, 16.42585349210095, 5811.71304]}}, {"id": "342", "type": "Feature", "properties": {"flight_key": "RT1_20251223T0000Z", "callsign": "RT1", "aircraft_type": "B738", "adep": "VTBD", "ades": "VTUD", "dep_rwy": "", "arr_rwy": "", "sid": "", "star": "", "approach": "", "epoch_ts": "2025-12-23 00:27:40+00:00", "altitude_ft": 18901.3, "tas_kt": 381.0, "gs_kt": 381.0, "track_deg": 43.06722091187531, "phase": "descent", "waypoint": "", "sector": "2N", "event": ""}, "geometry": {"type": "Point", "coordinates": [101.78904866679548, 16.43139671888752, 5761.11624]}}, {"id": "343", "type": "Feature", "properties": {"flight_key": "RT1_20251223T0000Z", "callsign": "RT1", "aircraft_type": "B738", "adep": "VTBD", "ades": "VTUD", "dep_rwy": "", "arr_rwy": "", "sid": "", "star": "", "approach": "", "epoch_ts": "2025-12-23 00:27:45+00:00", "altitude_ft": 18735.3, "tas_kt": 380.1, "gs_kt": 380.1, "track_deg": 43.06722091187531, "phase": "descent", "waypoint": "", "sector": "2N", "event": ""}, "geometry": {"type": "Point", "coordinates": [101.79447382766045, 16.43693980252218, 5710.51944]}}, {"id": "344", "type": "Feature", "properties": {"flight_key": "RT1_20251223T0000Z", "callsign": "RT1", "aircraft_type": "B738", "adep": "VTBD", "ades": "VTUD", "dep_rwy": "", "arr_rwy": "", "sid": "", "star": "", "approach": "", "epoch_ts": "2025-12-23 00:27:50+00:00", "altitude_ft": 18569.3, "tas_kt": 379.1, "gs_kt": 379.1, "track_deg": 43.06722091187531, "phase": "descent", "waypoint": "", "sector": "2N", "event": ""}, "geometry": {"type": "Point", "coordinates": [101.79989929630548, 16.442482742946336, 5659.92264]}}, {"id": "345", "type": "Feature", "properties": {"flight_key": "RT1_20251223T0000Z", "callsign": "RT1", "aircraft_type": "B738", "adep": "VTBD", "ades": "VTUD", "dep_rwy": "", "arr_rwy": "", "sid": "", "star": "", "approach": "", "epoch_ts": "2025-12-23 00:27:55+00:00", "altitude_ft": 18403.3, "tas_kt": 378.2, "gs_kt": 378.2, "track_deg": 43.06722091187531, "phase": "descent", "waypoint": "", "sector": "2N", "event": ""}, "geometry": {"type": "Point", "coordinates": [101.8053250728499, 16.44802554010139, 5609.32584]}}, {"id": "346", "type": "Feature", "properties": {"flight_key": "RT1_20251223T0000Z", "callsign": "RT1", "aircraft_type": "B738", "adep": "VTBD", "ades": "VTUD", "dep_rwy": "", "arr_rwy": "", "sid": "", "star": "", "approach": "", "epoch_ts": "2025-12-23 00:28:00+00:00", "altitude_ft": 18237.3, "tas_kt": 377.2, "gs_kt": 377.2, "track_deg": 43.06722091187531, "phase": "descent", "waypoint": "", "sector": "2N", "event": ""}, "geometry": {"type": "Point", "coordinates": [101.81075115741305, 16.45356819392874, 5558.72904]}}, {"id": "347", "type": "Feature", "properties": {"flight_key": "RT1_20251223T0000Z", "callsign": "RT1", "aircraft_type": "B738", "adep": "VTBD", "ades": "VTUD", "dep_rwy": "", "arr_rwy": "", "sid": "", "star": "", "approach": "", "epoch_ts": "2025-12-23 00:28:05+00:00", "altitude_ft": 18071.3, "tas_kt": 376.3, "gs_kt": 376.3, "track_deg": 43.06722091187531, "phase": "descent", "waypoint": "", "sector": "2N", "event": ""}, "geometry": {"type": "Point", "coordinates": [101.8161775501143, 16.459110704369763, 5508.13224]}}, {"id": "348", "type": "Feature", "properties": {"flight_key": "RT1_20251223T0000Z", "callsign": "RT1", "aircraft_type": "B738", "adep": "VTBD", "ades": "VTUD", "dep_rwy": "", "arr_rwy": "", "sid": "", "star": "", "approach": "", "epoch_ts": "2025-12-23 00:28:10+00:00", "altitude_ft": 17908.6, "tas_kt": 375.4, "gs_kt": 375.4, "track_deg": 43.06722091187531, "phase": "descent", "waypoint": "", "sector": "2N", "event": ""}, "geometry": {"type": "Point", "coordinates": [101.82160425107304, 16.46465307136584, 5458.5412799999995]}}, {"id": "349", "type": "Feature", "properties": {"flight_key": "RT1_20251223T0000Z", "callsign": "RT1", "aircraft_type": "B738", "adep": "VTBD", "ades": "VTUD", "dep_rwy": "", "arr_rwy": "", "sid": "", "star": "", "approach": "", "epoch_ts": "2025-12-23 00:28:15+00:00", "altitude_ft": 17748.3, "tas_kt": 374.5, "gs_kt": 374.5, "track_deg": 43.06722091187531, "phase": "descent", "waypoint": "", "sector": "2N", "event": ""}, "geometry": {"type": "Point", "coordinates": [101.82703126040865, 16.470195294858325, 5409.68184]}}, {"id": "350", "type": "Feature", "properties": {"flight_key": "RT1_20251223T0000Z", "callsign": "RT1", "aircraft_type": "B738", "adep": "VTBD", "ades": "VTUD", "dep_rwy": "", "arr_rwy": "", "sid": "", "star": "", "approach": "", "epoch_ts": "2025-12-23 00:28:20+00:00", "altitude_ft": 17588.0, "tas_kt": 373.6, "gs_kt": 373.6, "track_deg": 43.06722091187531, "phase": "descent", "waypoint": "", "sector": "2N", "event": ""}, "geometry": {"type": "Point", "coordinates": [101.8324585782405, 16.475737374788572, 5360.8224]}}, {"id": "351", "type": "Feature", "properties": {"flight_key": "RT1_20251223T0000Z", "callsign": "RT1", "aircraft_type": "B738", "adep": "VTBD", "ades": "VTUD", "dep_rwy": "", "arr_rwy": "", "sid": "", "star": "", "approach": "", "epoch_ts": "2025-12-23 00:28:25+00:00", "altitude_ft": 17427.7, "tas_kt": 372.7, "gs_kt": 372.7, "track_deg": 43.06722091187531, "phase": "descent", "waypoint": "", "sector": "2N", "event": ""}, "geometry": {"type": "Point", "coordinates": [101.83788620468806, 16.481279311097925, 5311.962960000001]}}, {"id": "352", "type": "Feature", "properties": {"flight_key": "RT1_20251223T0000Z", "callsign": "RT1", "aircraft_type": "B738", "adep": "VTBD", "ades": "VTUD", "dep_rwy": "", "arr_rwy": "", "sid": "", "star": "", "approach": "", "epoch_ts": "2025-12-23 00:28:30+00:00", "altitude_ft": 17267.4, "tas_kt": 371.8, "gs_kt": 371.8, "track_deg": 43.06722091187531, "phase": "descent", "waypoint": "", "sector": "2N", "event": ""}, "geometry": {"type": "Point", "coordinates": [101.84331413987071, 16.486821103727713, 5263.103520000001]}}, {"id": "353", "type": "Feature", "properties": {"flight_key": "RT1_20251223T0000Z", "callsign": "RT1", "aircraft_type": "B738", "adep": "VTBD", "ades": "VTUD", "dep_rwy": "", "arr_rwy": "", "sid": "", "star": "", "approach": "", "epoch_ts": "2025-12-23 00:28:35+00:00", "altitude_ft": 17107.1, "tas_kt": 370.9, "gs_kt": 370.9, "track_deg": 43.06722091187531, "phase": "descent", "waypoint": "", "sector": "2N", "event": ""}, "geometry": {"type": "Point", "coordinates": [101.84874238390793, 16.492362752619265, 5214.2440799999995]}}, {"id": "354", "type": "Feature", "properties": {"flight_key": "RT1_20251223T0000Z", "callsign": "RT1", "aircraft_type": "B738", "adep": "VTBD", "ades": "VTUD", "dep_rwy": "", "arr_rwy": "", "sid": "", "star": "", "approach": "", "epoch_ts": "2025-12-23 00:28:40+00:00", "altitude_ft": 16946.8, "tas_kt": 370.0, "gs_kt": 370.0, "track_deg": 43.06722091187531, "phase": "descent", "waypoint": "", "sector": "2N", "event": ""}, "geometry": {"type": "Point", "coordinates": [101.85417093691915, 16.497904257713895, 5165.38464]}}, {"id": "355", "type": "Feature", "properties": {"flight_key": "RT1_20251223T0000Z", "callsign": "RT1", "aircraft_type": "B738", "adep": "VTBD", "ades": "VTUD", "dep_rwy": "", "arr_rwy": "", "sid": "", "star": "", "approach": "", "epoch_ts": "2025-12-23 00:28:45+00:00", "altitude_ft": 16786.6, "tas_kt": 369.1, "gs_kt": 369.1, "track_deg": 43.06722091187531, "phase": "descent", "waypoint": "", "sector": "2N", "event": ""}, "geometry": {"type": "Point", "coordinates": [101.85959979902384, 16.5034456189529, 5116.5556799999995]}}, {"id": "356", "type": "Feature", "properties": {"flight_key": "RT1_20251223T0000Z", "callsign": "RT1", "aircraft_type": "B738", "adep": "VTBD", "ades": "VTUD", "dep_rwy": "", "arr_rwy": "", "sid": "", "star": "", "approach": "", "epoch_ts": "2025-12-23 00:28:50+00:00", "altitude_ft": 16626.3, "tas_kt": 368.2, "gs_kt": 368.2, "track_deg": 43.06722091187531, "phase": "descent", "waypoint": "", "sector": "2N", "event": ""}, "geometry": {"type": "Point", "coordinates": [101.86502897034147, 16.50898683627757, 5067.69624]}}, {"id": "357", "type": "Feature", "properties": {"flight_key": "RT1_20251223T0000Z", "callsign": "RT1", "aircraft_type": "B738", "adep": "VTBD", "ades": "VTUD", "dep_rwy": "", "arr_rwy": "", "sid": "", "star": "", "approach": "", "epoch_ts": "2025-12-23 00:28:55+00:00", "altitude_ft": 16466.0, "tas_kt": 367.4, "gs_kt": 367.4, "track_deg": 43.06722091187531, "phase": "descent", "waypoint": "", "sector": "2N", "event": ""}, "geometry": {"type": "Point", "coordinates": [101.87045845099155, 16.514527909629194, 5018.8368]}}, {"id": "358", "type": "Feature", "properties": {"flight_key": "RT1_20251223T0000Z", "callsign": "RT1", "aircraft_type": "B738", "adep": "VTBD", "ades": "VTUD", "dep_rwy": "", "arr_rwy": "", "sid": "", "star": "", "approach": "", "epoch_ts": "2025-12-23 00:29:00+00:00", "altitude_ft": 16305.7, "tas_kt": 366.5, "gs_kt": 366.5, "track_deg": 43.06722091187531, "phase": "descent", "waypoint": "", "sector": "2N", "event": ""}, "geometry": {"type": "Point", "coordinates": [101.87588824109358, 16.520068838949047, 4969.977360000001]}}, {"id": "359", "type": "Feature", "properties": {"flight_key": "RT1_20251223T0000Z", "callsign": "RT1", "aircraft_type": "B738", "adep": "VTBD", "ades": "VTUD", "dep_rwy": "", "arr_rwy": "", "sid": "", "star": "", "approach": "", "epoch_ts": "2025-12-23 00:29:05+00:00", "altitude_ft": 16145.4, "tas_kt": 365.6, "gs_kt": 365.6, "track_deg": 43.06722091187531, "phase": "descent", "waypoint": "", "sector": "2N", "event": ""}, "geometry": {"type": "Point", "coordinates": [101.88131834076707, 16.525609624178383, 4921.11792]}}, {"id": "360", "type": "Feature", "properties": {"flight_key": "RT1_20251223T0000Z", "callsign": "RT1", "aircraft_type": "B738", "adep": "VTBD", "ades": "VTUD", "dep_rwy": "", "arr_rwy": "", "sid": "", "star": "", "approach": "", "epoch_ts": "2025-12-23 00:29:10+00:00", "altitude_ft": 15985.7, "tas_kt": 364.8, "gs_kt": 364.8, "track_deg": 43.06722091187531, "phase": "descent", "waypoint": "", "sector": "2N", "event": ""}, "geometry": {"type": "Point", "coordinates": [101.88674875013156, 16.53115026525846, 4872.441360000001]}}, {"id": "361", "type": "Feature", "properties": {"flight_key": "RT1_20251223T0000Z", "callsign": "RT1", "aircraft_type": "B738", "adep": "VTBD", "ades": "VTUD", "dep_rwy": "", "arr_rwy": "", "sid": "", "star": "", "approach": "", "epoch_ts": "2025-12-23 00:29:15+00:00", "altitude_ft": 15832.5, "tas_kt": 363.9, "gs_kt": 363.9, "track_deg": 43.06722091187531, "phase": "descent", "waypoint": "", "sector": "2N", "event": ""}, "geometry": {"type": "Point", "coordinates": [101.8921794693066, 16.536690762130522, 4825.746]}}, {"id": "362", "type": "Feature", "properties": {"flight_key": "RT1_20251223T0000Z", "callsign": "RT1", "aircraft_type": "B738", "adep": "VTBD", "ades": "VTUD", "dep_rwy": "", "arr_rwy": "", "sid": "", "star": "", "approach": "", "epoch_ts": "2025-12-23 00:29:20+00:00", "altitude_ft": 15679.2, "tas_kt": 363.1, "gs_kt": 363.1, "track_deg": 43.06722091187531, "phase": "descent", "waypoint": "", "sector": "2N", "event": ""}, "geometry": {"type": "Point", "coordinates": [101.89761049841172, 16.5422311147358, 4779.02016]}}, {"id": "363", "type": "Feature", "properties": {"flight_key": "RT1_20251223T0000Z", "callsign": "RT1", "aircraft_type": "B738", "adep": "VTBD", "ades": "VTUD", "dep_rwy": "", "arr_rwy": "", "sid": "", "star": "", "approach": "", "epoch_ts": "2025-12-23 00:29:25+00:00", "altitude_ft": 15525.9, "tas_kt": 362.3, "gs_kt": 362.3, "track_deg": 43.06722091187531, "phase": "descent", "waypoint": "", "sector": "2N", "event": ""}, "geometry": {"type": "Point", "coordinates": [101.90304183756653, 16.547771323015517, 4732.29432]}}, {"id": "364", "type": "Feature", "properties": {"flight_key": "RT1_20251223T0000Z", "callsign": "RT1", "aircraft_type": "B738", "adep": "VTBD", "ades": "VTUD", "dep_rwy": "", "arr_rwy": "", "sid": "", "star": "", "approach": "", "epoch_ts": "2025-12-23 00:29:30+00:00", "altitude_ft": 15372.6, "tas_kt": 361.4, "gs_kt": 361.4, "track_deg": 43.06722091187531, "phase": "descent", "waypoint": "", "sector": "2N", "event": ""}, "geometry": {"type": "Point", "coordinates": [101.90847348689059, 16.55331138691089, 4685.56848]}}, {"id": "365", "type": "Feature", "properties": {"flight_key": "RT1_20251223T0000Z", "callsign": "RT1", "aircraft_type": "B738", "adep": "VTBD", "ades": "VTUD", "dep_rwy": "", "arr_rwy": "", "sid": "", "star": "", "approach": "", "epoch_ts": "2025-12-23 00:29:35+00:00", "altitude_ft": 15219.3, "tas_kt": 360.6, "gs_kt": 360.6, "track_deg": 43.06722091187531, "phase": "descent", "waypoint": "", "sector": "2N", "event": ""}, "geometry": {"type": "Point", "coordinates": [101.91390544650349, 16.558851306363113, 4638.84264]}}, {"id": "366", "type": "Feature", "properties": {"flight_key": "RT1_20251223T0000Z", "callsign": "RT1", "aircraft_type": "B738", "adep": "VTBD", "ades": "VTUD", "dep_rwy": "", "arr_rwy": "", "sid": "", "star": "", "approach": "", "epoch_ts": "2025-12-23 00:29:40+00:00", "altitude_ft": 15066.0, "tas_kt": 359.8, "gs_kt": 359.8, "track_deg": 43.06722091187531, "phase": "descent", "waypoint": "", "sector": "2N", "event": ""}, "geometry": {"type": "Point", "coordinates": [101.91933771652485, 16.564391081313385, 4592.1168]}}, {"id": "367", "type": "Feature", "properties": {"flight_key": "RT1_20251223T0000Z", "callsign": "RT1", "aircraft_type": "B738", "adep": "VTBD", "ades": "VTUD", "dep_rwy": "", "arr_rwy": "", "sid": "", "star": "", "approach": "", "epoch_ts": "2025-12-23 00:29:45+00:00", "altitude_ft": 14912.7, "tas_kt": 359.0, "gs_kt": 359.0, "track_deg": 43.06722091187531, "phase": "descent", "waypoint": "", "sector": "2N", "event": ""}, "geometry": {"type": "Point", "coordinates": [101.92477029707429, 16.569930711702888, 4545.390960000001]}}, {"id": "368", "type": "Feature", "properties": {"flight_key": "RT1_20251223T0000Z", "callsign": "RT1", "aircraft_type": "B738", "adep": "VTBD", "ades": "VTUD", "dep_rwy": "", "arr_rwy": "", "sid": "", "star": "", "approach": "", "epoch_ts": "2025-12-23 00:29:50+00:00", "altitude_ft": 14759.4, "tas_kt": 358.2, "gs_kt": 358.2, "track_deg": 43.06722091187531, "phase": "descent", "waypoint": "", "sector": "2N", "event": ""}, "geometry": {"type": "Point", "coordinates": [101.93020318827145, 16.575470197472793, 4498.665120000001]}}, {"id": "369", "type": "Feature", "properties": {"flight_key": "RT1_20251223T0000Z", "callsign": "RT1", "aircraft_type": "B738", "adep": "VTBD", "ades": "VTUD", "dep_rwy": "", "arr_rwy": "", "sid": "", "star": "", "approach": "", "epoch_ts": "2025-12-23 00:29:55+00:00", "altitude_ft": 14606.1, "tas_kt": 357.4, "gs_kt": 357.4, "track_deg": 43.06722091187531, "phase": "descent", "waypoint": "", "sector": "2N", "event": ""}, "geometry": {"type": "Point", "coordinates": [101.93563639023597, 16.581009538564267, 4451.9392800000005]}}, {"id": "370", "type": "Feature", "properties": {"flight_key": "RT1_20251223T0000Z", "callsign": "RT1", "aircraft_type": "B738", "adep": "VTBD", "ades": "VTUD", "dep_rwy": "", "arr_rwy": "", "sid": "", "star": "", "approach": "", "epoch_ts": "2025-12-23 00:30:00+00:00", "altitude_ft": 14452.8, "tas_kt": 356.6, "gs_kt": 356.6, "track_deg": 43.06722091187531, "phase": "descent", "waypoint": "", "sector": "2N", "event": ""}, "geometry": {"type": "Point", "coordinates": [101.94106990308752, 16.586548734918455, 4405.21344]}}, {"id": "371", "type": "Feature", "properties": {"flight_key": "RT1_20251223T0000Z", "callsign": "RT1", "aircraft_type": "B738", "adep": "VTBD", "ades": "VTUD", "dep_rwy": "", "arr_rwy": "", "sid": "", "star": "", "approach": "", "epoch_ts": "2025-12-23 00:30:05+00:00", "altitude_ft": 14299.5, "tas_kt": 355.8, "gs_kt": 355.8, "track_deg": 43.06722091187531, "phase": "descent", "waypoint": "", "sector": "2N", "event": ""}, "geometry": {"type": "Point", "coordinates": [101.94650372694576, 16.592087786476505, 4358.4876]}}, {"id": "372", "type": "Feature", "properties": {"flight_key": "RT1_20251223T0000Z", "callsign": "RT1", "aircraft_type": "B738", "adep": "VTBD", "ades": "VTUD", "dep_rwy": "", "arr_rwy": "", "sid": "", "star": "", "approach": "", "epoch_ts": "2025-12-23 00:30:10+00:00", "altitude_ft": 14146.2, "tas_kt": 355.0, "gs_kt": 355.0, "track_deg": 43.06722091187531, "phase": "descent", "waypoint": "", "sector": "2N", "event": ""}, "geometry": {"type": "Point", "coordinates": [101.9519378619304, 16.597626693179553, 4311.76176]}}, {"id": "373", "type": "Feature", "properties": {"flight_key": "RT1_20251223T0000Z", "callsign": "RT1", "aircraft_type": "B738", "adep": "VTBD", "ades": "VTUD", "dep_rwy": "", "arr_rwy": "", "sid": "", "star": "", "approach": "", "epoch_ts": "2025-12-23 00:30:15+00:00", "altitude_ft": 13993.7, "tas_kt": 354.2, "gs_kt": 354.2, "track_deg": 43.06722091187531, "phase": "descent", "waypoint": "", "sector": "2N", "event": ""}, "geometry": {"type": "Point", "coordinates": [101.95737230816113, 16.60316545496871, 4265.27976]}}, {"id": "374", "type": "Feature", "properties": {"flight_key": "RT1_20251223T0000Z", "callsign": "RT1", "aircraft_type": "B738", "adep": "VTBD", "ades": "VTUD", "dep_rwy": "", "arr_rwy": "", "sid": "", "star": "", "approach": "", "epoch_ts": "2025-12-23 00:30:20+00:00", "altitude_ft": 13856.4, "tas_kt": 353.4, "gs_kt": 353.4, "track_deg": 43.06722091187531, "phase": "descent", "waypoint": "", "sector": "2N", "event": ""}, "geometry": {"type": "Point", "coordinates": [101.96280706575766, 16.608704071785098, 4223.43072]}}, {"id": "375", "type": "Feature", "properties": {"flight_key": "RT1_20251223T0000Z", "callsign": "RT1", "aircraft_type": "B738", "adep": "VTBD", "ades": "VTUD", "dep_rwy": "", "arr_rwy": "", "sid": "", "star": "", "approach": "", "epoch_ts": "2025-12-23 00:30:25+00:00", "altitude_ft": 13719.2, "tas_kt": 352.7, "gs_kt": 352.7, "track_deg": 43.06722091187531, "phase": "descent", "waypoint": "", "sector": "2N", "event": ""}, "geometry": {"type": "Point", "coordinates": [101.96824213483971, 16.614242543569823, 4181.612160000001]}}, {"id": "376", "type": "Feature", "properties": {"flight_key": "RT1_20251223T0000Z", "callsign": "RT1", "aircraft_type": "B738", "adep": "VTBD", "ades": "VTUD", "dep_rwy": "", "arr_rwy": "", "sid": "", "star": "", "approach": "", "epoch_ts": "2025-12-23 00:30:30+00:00", "altitude_ft": 13581.9, "tas_kt": 352.0, "gs_kt": 352.0, "track_deg": 43.06722091187531, "phase": "descent", "waypoint": "", "sector": "2N", "event": ""}, "geometry": {"type": "Point", "coordinates": [101.97367751552703, 16.619780870263966, 4139.7631200000005]}}, {"id": "377", "type": "Feature", "properties": {"flight_key": "RT1_20251223T0000Z", "callsign": "RT1", "aircraft_type": "B738", "adep": "VTBD", "ades": "VTUD", "dep_rwy": "", "arr_rwy": "", "sid": "", "star": "", "approach": "", "epoch_ts": "2025-12-23 00:30:35+00:00", "altitude_ft": 13444.7, "tas_kt": 351.3, "gs_kt": 351.3, "track_deg": 43.06722091187531, "phase": "descent", "waypoint": "", "sector": "2N", "event": ""}, "geometry": {"type": "Point", "coordinates": [101.97911320793936, 16.62531905180861, 4097.944560000001]}}, {"id": "378", "type": "Feature", "properties": {"flight_key": "RT1_20251223T0000Z", "callsign": "RT1", "aircraft_type": "B738", "adep": "VTBD", "ades": "VTUD", "dep_rwy": "", "arr_rwy": "", "sid": "", "star": "", "approach": "", "epoch_ts": "2025-12-23 00:30:40+00:00", "altitude_ft": 13307.4, "tas_kt": 350.6, "gs_kt": 350.6, "track_deg": 43.06722091187531, "phase": "descent", "waypoint": "", "sector": "2N", "event": ""}, "geometry": {"type": "Point", "coordinates": [101.9845492121965, 16.630857088144833, 4056.0955200000003]}}, {"id": "379", "type": "Feature", "properties": {"flight_key": "RT1_20251223T0000Z", "callsign": "RT1", "aircraft_type": "B738", "adep": "VTBD", "ades": "VTUD", "dep_rwy": "", "arr_rwy": "", "sid": "", "star": "", "approach": "", "epoch_ts": "2025-12-23 00:30:43.991502+00:00", "altitude_ft": 13197.9, "tas_kt": 350.0, "gs_kt": 350.0, "track_deg": 43.06722091187531, "phase": "descent", "waypoint": "CMP", "sector": "2N", "event": ""}, "geometry": {"type": "Point", "coordinates": [101.988889, 16.635278, 4022.71992]}}, {"id": "380", "type": "Feature", "properties": {"flight_key": "RT1_20251223T0000Z", "callsign": "RT1", "aircraft_type": "B738", "adep": "VTBD", "ades": "VTUD", "dep_rwy": "", "arr_rwy": "", "sid": "", "star": "", "approach": "", "epoch_ts": "2025-12-23 00:30:45+00:00", "altitude_ft": 13170.2, "tas_kt": 349.9, "gs_kt": 349.9, "track_deg": 44.98090411759781, "phase": "descent", "waypoint": "", "sector": "2N", "event": ""}, "geometry": {"type": "Point", "coordinates": [101.9900166213038, 16.636365826790797, 4014.2769600000006]}}, {"id": "381", "type": "Feature", "properties": {"flight_key": "RT1_20251223T0000Z", "callsign": "RT1", "aircraft_type": "B738", "adep": "VTBD", "ades": "VTUD", "dep_rwy": "", "arr_rwy": "", "sid": "", "star": "", "approach": "", "epoch_ts": "2025-12-23 00:30:50+00:00", "altitude_ft": 13032.9, "tas_kt": 349.2, "gs_kt": 349.2, "track_deg": 44.98090411759781, "phase": "descent", "waypoint": "", "sector": "2N", "event": ""}, "geometry": {"type": "Point", "coordinates": [101.99560740424816, 16.641759033903103, 3972.42792]}}, {"id": "382", "type": "Feature", "properties": {"flight_key": "RT1_20251223T0000Z", "callsign": "RT1", "aircraft_type": "B738", "adep": "VTBD", "ades": "VTUD", "dep_rwy": "", "arr_rwy": "", "sid": "", "star": "", "approach": "", "epoch_ts": "2025-12-23 00:30:55+00:00", "altitude_ft": 12895.7, "tas_kt": 348.5, "gs_kt": 348.5, "track_deg": 44.98090411759781, "phase": "descent", "waypoint": "", "sector": "2N", "event": ""}, "geometry": {"type": "Point", "coordinates": [102.00119849986537, 16.647152087591923, 3930.6093600000004]}}, {"id": "383", "type": "Feature", "properties": {"flight_key": "RT1_20251223T0000Z", "callsign": "RT1", "aircraft_type": "B738", "adep": "VTBD", "ades": "VTUD", "dep_rwy": "", "arr_rwy": "", "sid": "", "star": "", "approach": "", "epoch_ts": "2025-12-23 00:31:00+00:00", "altitude_ft": 12758.4, "tas_kt": 347.8, "gs_kt": 347.8, "track_deg": 44.98090411759781, "phase": "descent", "waypoint": "", "sector": "2N", "event": ""}, "geometry": {"type": "Point", "coordinates": [102.00678990827139, 16.652544987796603, 3888.76032]}}, {"id": "384", "type": "Feature", "properties": {"flight_key": "RT1_20251223T0000Z", "callsign": "RT1", "aircraft_type": "B738", "adep": "VTBD", "ades": "VTUD", "dep_rwy": "", "arr_rwy": "", "sid": "", "star": "", "approach": "", "epoch_ts": "2025-12-23 00:31:05+00:00", "altitude_ft": 12621.2, "tas_kt": 347.1, "gs_kt": 347.1, "track_deg": 44.98090411759781, "phase": "descent", "waypoint": "", "sector": "2N", "event": ""}, "geometry": {"type": "Point", "coordinates": [102.01238162958218, 16.657937734456503, 3846.9417600000006]}}, {"id": "385", "type": "Feature", "properties": {"flight_key": "RT1_20251223T0000Z", "callsign": "RT1", "aircraft_type": "B738", "adep": "VTBD", "ades": "VTUD", "dep_rwy": "", "arr_rwy": "", "sid": "", "star": "", "approach": "", "epoch_ts": "2025-12-23 00:31:10+00:00", "altitude_ft": 12483.9, "tas_kt": 346.4, "gs_kt": 346.4, "track_deg": 44.98090411759781, "phase": "descent", "waypoint": "", "sector": "2N", "event": ""}, "geometry": {"type": "Point", "coordinates": [102.01797366391374, 16.663330327510963, 3805.09272]}}, {"id": "386", "type": "Feature", "properties": {"flight_key": "RT1_20251223T0000Z", "callsign": "RT1", "aircraft_type": "B738", "adep": "VTBD", "ades": "VTUD", "dep_rwy": "", "arr_rwy": "", "sid": "", "star": "", "approach": "", "epoch_ts": "2025-12-23 00:31:15+00:00", "altitude_ft": 12346.7, "tas_kt": 345.7, "gs_kt": 345.7, "track_deg": 44.98090411759781, "phase": "descent", "waypoint": "", "sector": "2N", "event": ""}, "geometry": {"type": "Point", "coordinates": [102.02356601138206, 16.668722766899318, 3763.2741600000004]}}, {"id": "387", "type": "Feature", "properties": {"flight_key": "RT1_20251223T0000Z", "callsign": "RT1", "aircraft_type": "B738", "adep": "VTBD", "ades": "VTUD", "dep_rwy": "", "arr_rwy": "", "sid": "", "star": "", "approach": "", "epoch_ts": "2025-12-23 00:31:20+00:00", "altitude_ft": 12209.4, "tas_kt": 345.0, "gs_kt": 345.0, "track_deg": 44.98090411759781, "phase": "descent", "waypoint": "", "sector": "2N", "event": ""}, "geometry": {"type": "Point", "coordinates": [102.02915867210316, 16.674115052560882, 3721.42512]}}, {"id": "388", "type": "Feature", "properties": {"flight_key": "RT1_20251223T0000Z", "callsign": "RT1", "aircraft_type": "B738", "adep": "VTBD", "ades": "VTUD", "dep_rwy": "", "arr_rwy": "", "sid": "", "star": "", "approach": "", "epoch_ts": "2025-12-23 00:31:25+00:00", "altitude_ft": 12072.2, "tas_kt": 344.3, "gs_kt": 344.3, "track_deg": 44.98090411759781, "phase": "descent", "waypoint": "", "sector": "2N", "event": ""}, "geometry": {"type": "Point", "coordinates": [102.03475164619306, 16.679507184434968, 3679.6065600000006]}}, {"id": "389", "type": "Feature", "properties": {"flight_key": "RT1_20251223T0000Z", "callsign": "RT1", "aircraft_type": "B738", "adep": "VTBD", "ades": "VTUD", "dep_rwy": "", "arr_rwy": "", "sid": "", "star": "", "approach": "", "epoch_ts": "2025-12-23 00:31:30+00:00", "altitude_ft": 11944.7, "tas_kt": 343.7, "gs_kt": 343.7, "track_deg": 44.98090411759781, "phase": "descent", "waypoint": "", "sector": "2N", "event": ""}, "geometry": {"type": "Point", "coordinates": [102.04034493376777, 16.684899162460873, 3640.7445600000005]}}, {"id": "390", "type": "Feature", "properties": {"flight_key": "RT1_20251223T0000Z", "callsign": "RT1", "aircraft_type": "B738", "adep": "VTBD", "ades": "VTUD", "dep_rwy": "", "arr_rwy": "", "sid": "", "star": "", "approach": "", "epoch_ts": "2025-12-23 00:31:35+00:00", "altitude_ft": 11828.0, "tas_kt": 343.1, "gs_kt": 343.1, "track_deg": 44.98090411759781, "phase": "descent", "waypoint": "", "sector": "2N", "event": ""}, "geometry": {"type": "Point", "coordinates": [102.04593853494336, 16.690290986577896, 3605.1744000000003]}}, {"id": "391", "type": "Feature", "properties": {"flight_key": "RT1_20251223T0000Z", "callsign": "RT1", "aircraft_type": "B738", "adep": "VTBD", "ades": "VTUD", "dep_rwy": "", "arr_rwy": "", "sid": "", "star": "", "approach": "", "epoch_ts": "2025-12-23 00:31:40+00:00", "altitude_ft": 11711.4, "tas_kt": 342.5, "gs_kt": 342.5, "track_deg": 44.98090411759781, "phase": "descent", "waypoint": "", "sector": "2N", "event": ""}, "geometry": {"type": "Point", "coordinates": [102.05153244983586, 16.69568265672531, 3569.63472]}}, {"id": "392", "type": "Feature", "properties": {"flight_key": "RT1_20251223T0000Z", "callsign": "RT1", "aircraft_type": "B738", "adep": "VTBD", "ades": "VTUD", "dep_rwy": "", "arr_rwy": "", "sid": "", "star": "", "approach": "", "epoch_ts": "2025-12-23 00:31:45+00:00", "altitude_ft": 11594.7, "tas_kt": 341.9, "gs_kt": 341.9, "track_deg": 44.98090411759781, "phase": "descent", "waypoint": "", "sector": "2N", "event": ""}, "geometry": {"type": "Point", "coordinates": [102.05712667856135, 16.701074172842386, 3534.0645600000003]}}, {"id": "393", "type": "Feature", "properties": {"flight_key": "RT1_20251223T0000Z", "callsign": "RT1", "aircraft_type": "B738", "adep": "VTBD", "ades": "VTUD", "dep_rwy": "", "arr_rwy": "", "sid": "", "star": "", "approach": "", "epoch_ts": "2025-12-23 00:31:50+00:00", "altitude_ft": 11478.0, "tas_kt": 341.3, "gs_kt": 341.3, "track_deg": 44.98090411759781, "phase": "descent", "waypoint": "", "sector": "2N", "event": ""}, "geometry": {"type": "Point", "coordinates": [102.06272122123589, 16.706465534868393, 3498.4944]}}, {"id": "394", "type": "Feature", "properties": {"flight_key": "RT1_20251223T0000Z", "callsign": "RT1", "aircraft_type": "B738", "adep": "VTBD", "ades": "VTUD", "dep_rwy": "", "arr_rwy": "", "sid": "", "star": "", "approach": "", "epoch_ts": "2025-12-23 00:31:55+00:00", "altitude_ft": 11361.4, "tas_kt": 340.8, "gs_kt": 340.8, "track_deg": 44.98090411759781, "phase": "descent", "waypoint": "", "sector": "2N", "event": ""}, "geometry": {"type": "Point", "coordinates": [102.06831607797558, 16.711856742742572, 3462.95472]}}, {"id": "395", "type": "Feature", "properties": {"flight_key": "RT1_20251223T0000Z", "callsign": "RT1", "aircraft_type": "B738", "adep": "VTBD", "ades": "VTUD", "dep_rwy": "", "arr_rwy": "", "sid": "", "star": "", "approach": "", "epoch_ts": "2025-12-23 00:32:00+00:00", "altitude_ft": 11244.7, "tas_kt": 340.2, "gs_kt": 340.2, "track_deg": 44.98090411759781, "phase": "descent", "waypoint": "", "sector": "2N", "event": ""}, "geometry": {"type": "Point", "coordinates": [102.07391124889652, 16.71724779640417, 3427.3845600000004]}}, {"id": "396", "type": "Feature", "properties": {"flight_key": "RT1_20251223T0000Z", "callsign": "RT1", "aircraft_type": "B738", "adep": "VTBD", "ades": "VTUD", "dep_rwy": "", "arr_rwy": "", "sid": "", "star": "", "approach": "", "epoch_ts": "2025-12-23 00:32:05+00:00", "altitude_ft": 11128.0, "tas_kt": 339.6, "gs_kt": 339.6, "track_deg": 44.98090411759781, "phase": "descent", "waypoint": "", "sector": "2N", "event": ""}, "geometry": {"type": "Point", "coordinates": [102.0795067341148, 16.722638695792416, 3391.8144]}}, {"id": "397", "type": "Feature", "properties": {"flight_key": "RT1_20251223T0000Z", "callsign": "RT1", "aircraft_type": "B738", "adep": "VTBD", "ades": "VTUD", "dep_rwy": "", "arr_rwy": "", "sid": "", "star": "", "approach": "", "epoch_ts": "2025-12-23 00:32:10+00:00", "altitude_ft": 11011.4, "tas_kt": 339.0, "gs_kt": 339.0, "track_deg": 44.98090411759781, "phase": "descent", "waypoint": "", "sector": "2N", "event": ""}, "geometry": {"type": "Point", "coordinates": [102.08510253374655, 16.72802944084653, 3356.27472]}}, {"id": "398", "type": "Feature", "properties": {"flight_key": "RT1_20251223T0000Z", "callsign": "RT1", "aircraft_type": "B738", "adep": "VTBD", "ades": "VTUD", "dep_rwy": "", "arr_rwy": "", "sid": "", "star": "", "approach": "", "epoch_ts": "2025-12-23 00:32:15+00:00", "altitude_ft": 10894.7, "tas_kt": 338.4, "gs_kt": 338.4, "track_deg": 44.98090411759781, "phase": "descent", "waypoint": "", "sector": "2N", "event": ""}, "geometry": {"type": "Point", "coordinates": [102.0906986479079, 16.73342003150572, 3320.7045600000006]}}, {"id": "399", "type": "Feature", "properties": {"flight_key": "RT1_20251223T0000Z", "callsign": "RT1", "aircraft_type": "B738", "adep": "VTBD", "ades": "VTUD", "dep_rwy": "", "arr_rwy": "", "sid": "", "star": "", "approach": "", "epoch_ts": "2025-12-23 00:32:20+00:00", "altitude_ft": 10778.0, "tas_kt": 337.9, "gs_kt": 337.9, "track_deg": 44.98090411759781, "phase": "descent", "waypoint": "", "sector": "2N", "event": ""}, "geometry": {"type": "Point", "coordinates": [102.09629507671498, 16.738810467709193, 3285.1344000000004]}}, {"id": "400", "type": "Feature", "properties": {"flight_key": "RT1_20251223T0000Z", "callsign": "RT1", "aircraft_type": "B738", "adep": "VTBD", "ades": "VTUD", "dep_rwy": "", "arr_rwy": "", "sid": "", "star": "", "approach": "", "epoch_ts": "2025-12-23 00:32:25+00:00", "altitude_ft": 10661.4, "tas_kt": 337.3, "gs_kt": 337.3, "track_deg": 44.98090411759781, "phase": "descent", "waypoint": "", "sector": "2N", "event": ""}, "geometry": {"type": "Point", "coordinates": [102.10189182028395, 16.74420074939614, 3249.59472]}}, {"id": "401", "type": "Feature", "properties": {"flight_key": "RT1_20251223T0000Z", "callsign": "RT1", "aircraft_type": "B738", "adep": "VTBD", "ades": "VTUD", "dep_rwy": "", "arr_rwy": "", "sid": "", "star": "", "approach": "", "epoch_ts": "2025-12-23 00:32:30+00:00", "altitude_ft": 10544.7, "tas_kt": 336.7, "gs_kt": 336.7, "track_deg": 44.98090411759781, "phase": "descent", "waypoint": "", "sector": "2N", "event": ""}, "geometry": {"type": "Point", "coordinates": [102.10748887873098, 16.749590876505735, 3214.0245600000003]}}, {"id": "402", "type": "Feature", "properties": {"flight_key": "RT1_20251223T0000Z", "callsign": "RT1", "aircraft_type": "B738", "adep": "VTBD", "ades": "VTUD", "dep_rwy": "", "arr_rwy": "", "sid": "", "star": "", "approach": "", "epoch_ts": "2025-12-23 00:32:35+00:00", "altitude_ft": 10428.0, "tas_kt": 336.2, "gs_kt": 336.2, "track_deg": 44.98090411759781, "phase": "descent", "waypoint": "", "sector": "2N", "event": ""}, "geometry": {"type": "Point", "coordinates": [102.11308625217222, 16.754980848977148, 3178.4544]}}, {"id": "403", "type": "Feature", "properties": {"flight_key": "RT1_20251223T0000Z", "callsign": "RT1", "aircraft_type": "B738", "adep": "VTBD", "ades": "VTUD", "dep_rwy": "", "arr_rwy": "", "sid": "", "star": "", "approach": "", "epoch_ts": "2025-12-23 00:32:40+00:00", "altitude_ft": 10311.4, "tas_kt": 335.6, "gs_kt": 335.6, "track_deg": 44.98090411759781, "phase": "descent", "waypoint": "", "sector": "2N", "event": ""}, "geometry": {"type": "Point", "coordinates": [102.11868394072388, 16.760370666749544, 3142.91472]}}, {"id": "404", "type": "Feature", "properties": {"flight_key": "RT1_20251223T0000Z", "callsign": "RT1", "aircraft_type": "B738", "adep": "VTBD", "ades": "VTUD", "dep_rwy": "", "arr_rwy": "", "sid": "", "star": "", "approach": "", "epoch_ts": "2025-12-23 00:32:45+00:00", "altitude_ft": 10194.7, "tas_kt": 335.0, "gs_kt": 335.0, "track_deg": 44.98090411759781, "phase": "descent", "waypoint": "", "sector": "2N", "event": ""}, "geometry": {"type": "Point", "coordinates": [102.12428194450216, 16.765760329762074, 3107.3445600000005]}}, {"id": "405", "type": "Feature", "properties": {"flight_key": "RT1_20251223T0000Z", "callsign": "RT1", "aircraft_type": "B738", "adep": "VTBD", "ades": "VTUD", "dep_rwy": "", "arr_rwy": "", "sid": "", "star": "", "approach": "", "epoch_ts": "2025-12-23 00:32:50+00:00", "altitude_ft": 10078.0, "tas_kt": 334.5, "gs_kt": 334.5, "track_deg": 44.98090411759781, "phase": "descent", "waypoint": "", "sector": "2N", "event": ""}, "geometry": {"type": "Point", "coordinates": [102.12988026362324, 16.77114983795388, 3071.7744000000002]}}, {"id": "406", "type": "Feature", "properties": {"flight_key": "RT1_20251223T0000Z", "callsign": "RT1", "aircraft_type": "B738", "adep": "VTBD", "ades": "VTUD", "dep_rwy": "", "arr_rwy": "", "sid": "", "star": "", "approach": "", "epoch_ts": "2025-12-23 00:32:55+00:00", "altitude_ft": 9964.9, "tas_kt": 288.6, "gs_kt": 288.6, "track_deg": 44.98090411759781, "phase": "descent", "waypoint": "", "sector": "VTD63", "event": ""}, "geometry": {"type": "Point", "coordinates": [102.13547889820336, 16.776539191264085, 3037.30152]}}, {"id": "407", "type": "Feature", "properties": {"flight_key": "RT1_20251223T0000Z", "callsign": "RT1", "aircraft_type": "B738", "adep": "VTBD", "ades": "VTUD", "dep_rwy": "", "arr_rwy": "", "sid": "", "star": "", "approach": "", "epoch_ts": "2025-12-23 00:33:00+00:00", "altitude_ft": 9858.9, "tas_kt": 288.1, "gs_kt": 288.1, "track_deg": 44.98090411759781, "phase": "descent", "waypoint": "", "sector": "VTD63", "event": ""}, "geometry": {"type": "Point", "coordinates": [102.14107784835872, 16.781928389631812, 3004.99272]}}, {"id": "408", "type": "Feature", "properties": {"flight_key": "RT1_20251223T0000Z", "callsign": "RT1", "aircraft_type": "B738", "adep": "VTBD", "ades": "VTUD", "dep_rwy": "", "arr_rwy": "", "sid": "", "star": "", "approach": "", "epoch_ts": "2025-12-23 00:33:05+00:00", "altitude_ft": 9752.9, "tas_kt": 287.7, "gs_kt": 287.7, "track_deg": 44.98090411759781, "phase": "descent", "waypoint": "", "sector": "VTD63", "event": ""}, "geometry": {"type": "Point", "coordinates": [102.1466771142056, 16.78731743299618, 2972.68392]}}, {"id": "409", "type": "Feature", "properties": {"flight_key": "RT1_20251223T0000Z", "callsign": "RT1", "aircraft_type": "B738", "adep": "VTBD", "ades": "VTUD", "dep_rwy": "", "arr_rwy": "", "sid": "", "star": "", "approach": "", "epoch_ts": "2025-12-23 00:33:10+00:00", "altitude_ft": 9646.9, "tas_kt": 287.2, "gs_kt": 287.2, "track_deg": 44.98090411759781, "phase": "descent", "waypoint": "", "sector": "VTD63", "event": ""}, "geometry": {"type": "Point", "coordinates": [102.15227669586022, 16.792706321296276, 2940.37512]}}, {"id": "410", "type": "Feature", "properties": {"flight_key": "RT1_20251223T0000Z", "callsign": "RT1", "aircraft_type": "B738", "adep": "VTBD", "ades": "VTUD", "dep_rwy": "", "arr_rwy": "", "sid": "", "star": "", "approach": "", "epoch_ts": "2025-12-23 00:33:15+00:00", "altitude_ft": 9540.9, "tas_kt": 286.8, "gs_kt": 286.8, "track_deg": 44.98090411759781, "phase": "descent", "waypoint": "", "sector": "VTD63", "event": ""}, "geometry": {"type": "Point", "coordinates": [102.15787659343886, 16.7980950544712, 2908.06632]}}, {"id": "411", "type": "Feature", "properties": {"flight_key": "RT1_20251223T0000Z", "callsign": "RT1", "aircraft_type": "B738", "adep": "VTBD", "ades": "VTUD", "dep_rwy": "", "arr_rwy": "", "sid": "", "star": "", "approach": "", "epoch_ts": "2025-12-23 00:33:20+00:00", "altitude_ft": 9434.9, "tas_kt": 286.3, "gs_kt": 286.3, "track_deg": 44.98090411759781, "phase": "descent", "waypoint": "", "sector": "VTD63", "event": ""}, "geometry": {"type": "Point", "coordinates": [102.16347680705778, 16.803483632460026, 2875.75752]}}, {"id": "412", "type": "Feature", "properties": {"flight_key": "RT1_20251223T0000Z", "callsign": "RT1", "aircraft_type": "B738", "adep": "VTBD", "ades": "VTUD", "dep_rwy": "", "arr_rwy": "", "sid": "", "star": "", "approach": "", "epoch_ts": "2025-12-23 00:33:25+00:00", "altitude_ft": 9328.9, "tas_kt": 285.9, "gs_kt": 285.9, "track_deg": 44.98090411759781, "phase": "descent", "waypoint": "", "sector": "VTD63", "event": ""}, "geometry": {"type": "Point", "coordinates": [102.16907733683327, 16.808872055201828, 2843.44872]}}, {"id": "413", "type": "Feature", "properties": {"flight_key": "RT1_20251223T0000Z", "callsign": "RT1", "aircraft_type": "B738", "adep": "VTBD", "ades": "VTUD", "dep_rwy": "", "arr_rwy": "", "sid": "", "star": "", "approach": "", "epoch_ts": "2025-12-23 00:33:30+00:00", "altitude_ft": 9222.9, "tas_kt": 285.4, "gs_kt": 285.4, "track_deg": 44.98090411759781, "phase": "descent", "waypoint": "", "sector": "VTD63", "event": ""}, "geometry": {"type": "Point", "coordinates": [102.17467818288162, 16.81426032263567, 2811.13992]}}, {"id": "414", "type": "Feature", "properties": {"flight_key": "RT1_20251223T0000Z", "callsign": "RT1", "aircraft_type": "B738", "adep": "VTBD", "ades": "VTUD", "dep_rwy": "", "arr_rwy": "", "sid": "", "star": "", "approach": "", "epoch_ts": "2025-12-23 00:33:35+00:00", "altitude_ft": 9116.9, "tas_kt": 285.0, "gs_kt": 285.0, "track_deg": 44.98090411759781, "phase": "descent", "waypoint": "", "sector": "VTD63", "event": ""}, "geometry": {"type": "Point", "coordinates": [102.18027934531914, 16.819648434700586, 2778.83112]}}, {"id": "415", "type": "Feature", "properties": {"flight_key": "RT1_20251223T0000Z", "callsign": "RT1", "aircraft_type": "B738", "adep": "VTBD", "ades": "VTUD", "dep_rwy": "", "arr_rwy": "", "sid": "", "star": "", "approach": "", "epoch_ts": "2025-12-23 00:33:40+00:00", "altitude_ft": 9010.9, "tas_kt": 284.5, "gs_kt": 284.5, "track_deg": 44.98090411759781, "phase": "descent", "waypoint": "", "sector": "VTD63", "event": ""}, "geometry": {"type": "Point", "coordinates": [102.18588082426214, 16.82503639133563, 2746.52232]}}, {"id": "416", "type": "Feature", "properties": {"flight_key": "RT1_20251223T0000Z", "callsign": "RT1", "aircraft_type": "B738", "adep": "VTBD", "ades": "VTUD", "dep_rwy": "", "arr_rwy": "", "sid": "", "star": "", "approach": "", "epoch_ts": "2025-12-23 00:33:45+00:00", "altitude_ft": 8904.9, "tas_kt": 284.1, "gs_kt": 284.1, "track_deg": 44.98090411759781, "phase": "descent", "waypoint": "", "sector": "VTD63", "event": ""}, "geometry": {"type": "Point", "coordinates": [102.19148261982697, 16.830424192479832, 2714.2135200000002]}}, {"id": "417", "type": "Feature", "properties": {"flight_key": "RT1_20251223T0000Z", "callsign": "RT1", "aircraft_type": "B738", "adep": "VTBD", "ades": "VTUD", "dep_rwy": "", "arr_rwy": "", "sid": "", "star": "", "approach": "", "epoch_ts": "2025-12-23 00:33:50+00:00", "altitude_ft": 8798.9, "tas_kt": 283.6, "gs_kt": 283.6, "track_deg": 44.98090411759781, "phase": "descent", "waypoint": "", "sector": "VTD63", "event": ""}, "geometry": {"type": "Point", "coordinates": [102.19708473212994, 16.8358118380722, 2681.90472]}}, {"id": "418", "type": "Feature", "properties": {"flight_key": "RT1_20251223T0000Z", "callsign": "RT1", "aircraft_type": "B738", "adep": "VTBD", "ades": "VTUD", "dep_rwy": "", "arr_rwy": "", "sid": "", "star": "", "approach": "", "epoch_ts": "2025-12-23 00:33:55+00:00", "altitude_ft": 8692.9, "tas_kt": 283.2, "gs_kt": 283.2, "track_deg": 44.98090411759781, "phase": "descent", "waypoint": "", "sector": "VTD63", "event": ""}, "geometry": {"type": "Point", "coordinates": [102.20268716128741, 16.84119932805175, 2649.59592]}}, {"id": "419", "type": "Feature", "properties": {"flight_key": "RT1_20251223T0000Z", "callsign": "RT1", "aircraft_type": "B738", "adep": "VTBD", "ades": "VTUD", "dep_rwy": "", "arr_rwy": "", "sid": "", "star": "", "approach": "", "epoch_ts": "2025-12-23 00:34:00+00:00", "altitude_ft": 8586.9, "tas_kt": 282.8, "gs_kt": 282.8, "track_deg": 44.98090411759781, "phase": "descent", "waypoint": "", "sector": "VTD63", "event": ""}, "geometry": {"type": "Point", "coordinates": [102.20828990741576, 16.846586662357485, 2617.28712]}}, {"id": "420", "type": "Feature", "properties": {"flight_key": "RT1_20251223T0000Z", "callsign": "RT1", "aircraft_type": "B738", "adep": "VTBD", "ades": "VTUD", "dep_rwy": "", "arr_rwy": "", "sid": "", "star": "", "approach": "", "epoch_ts": "2025-12-23 00:34:05+00:00", "altitude_ft": 8480.9, "tas_kt": 282.3, "gs_kt": 282.3, "track_deg": 44.98090411759781, "phase": "descent", "waypoint": "", "sector": "VTD63", "event": ""}, "geometry": {"type": "Point", "coordinates": [102.21389297063133, 16.85197384092839, 2584.97832]}}, {"id": "421", "type": "Feature", "properties": {"flight_key": "RT1_20251223T0000Z", "callsign": "RT1", "aircraft_type": "B738", "adep": "VTBD", "ades": "VTUD", "dep_rwy": "", "arr_rwy": "", "sid": "", "star": "", "approach": "", "epoch_ts": "2025-12-23 00:34:10+00:00", "altitude_ft": 8374.9, "tas_kt": 281.9, "gs_kt": 281.9, "track_deg": 44.98090411759781, "phase": "descent", "waypoint": "", "sector": "VTD63", "event": ""}, "geometry": {"type": "Point", "coordinates": [102.21949635105052, 16.857360863703445, 2552.66952]}}, {"id": "422", "type": "Feature", "properties": {"flight_key": "RT1_20251223T0000Z", "callsign": "RT1", "aircraft_type": "B738", "adep": "VTBD", "ades": "VTUD", "dep_rwy": "", "arr_rwy": "", "sid": "", "star": "", "approach": "", "epoch_ts": "2025-12-23 00:34:15+00:00", "altitude_ft": 8268.9, "tas_kt": 281.4, "gs_kt": 281.4, "track_deg": 44.98090411759781, "phase": "descent", "waypoint": "", "sector": "VTD63", "event": ""}, "geometry": {"type": "Point", "coordinates": [102.22510004878973, 16.862747730621624, 2520.36072]}}, {"id": "423", "type": "Feature", "properties": {"flight_key": "RT1_20251223T0000Z", "callsign": "RT1", "aircraft_type": "B738", "adep": "VTBD", "ades": "VTUD", "dep_rwy": "", "arr_rwy": "", "sid": "", "star": "", "approach": "", "epoch_ts": "2025-12-23 00:34:20+00:00", "altitude_ft": 8162.9, "tas_kt": 281.0, "gs_kt": 281.0, "track_deg": 44.98090411759781, "phase": "descent", "waypoint": "", "sector": "VTD63", "event": ""}, "geometry": {"type": "Point", "coordinates": [102.23070406396536, 16.86813444162188, 2488.05192]}}, {"id": "424", "type": "Feature", "properties": {"flight_key": "RT1_20251223T0000Z", "callsign": "RT1", "aircraft_type": "B738", "adep": "VTBD", "ades": "VTUD", "dep_rwy": "", "arr_rwy": "", "sid": "", "star": "", "approach": "", "epoch_ts": "2025-12-23 00:34:25+00:00", "altitude_ft": 8056.9, "tas_kt": 280.6, "gs_kt": 280.6, "track_deg": 44.98090411759781, "phase": "descent", "waypoint": "", "sector": "VTD63", "event": ""}, "geometry": {"type": "Point", "coordinates": [102.23630839669381, 16.87352099664316, 2455.74312]}}, {"id": "425", "type": "Feature", "properties": {"flight_key": "RT1_20251223T0000Z", "callsign": "RT1", "aircraft_type": "B738", "adep": "VTBD", "ades": "VTUD", "dep_rwy": "", "arr_rwy": "", "sid": "", "star": "", "approach": "", "epoch_ts": "2025-12-23 00:34:30+00:00", "altitude_ft": 7955.2, "tas_kt": 280.2, "gs_kt": 280.2, "track_deg": 44.98090411759781, "phase": "descent", "waypoint": "", "sector": "VTD63", "event": ""}, "geometry": {"type": "Point", "coordinates": [102.24191304709153, 16.878907395624406, 2424.74496]}}, {"id": "426", "type": "Feature", "properties": {"flight_key": "RT1_20251223T0000Z", "callsign": "RT1", "aircraft_type": "B738", "adep": "VTBD", "ades": "VTUD", "dep_rwy": "", "arr_rwy": "", "sid": "", "star": "", "approach": "", "epoch_ts": "2025-12-23 00:34:35+00:00", "altitude_ft": 7858.6, "tas_kt": 279.8, "gs_kt": 279.8, "track_deg": 44.98090411759781, "phase": "descent", "waypoint": "", "sector": "VTD63", "event": ""}, "geometry": {"type": "Point", "coordinates": [102.24751801527495, 16.88429363850455, 2395.30128]}}, {"id": "427", "type": "Feature", "properties": {"flight_key": "RT1_20251223T0000Z", "callsign": "RT1", "aircraft_type": "B738", "adep": "VTBD", "ades": "VTUD", "dep_rwy": "", "arr_rwy": "", "sid": "", "star": "", "approach": "", "epoch_ts": "2025-12-23 00:34:40+00:00", "altitude_ft": 7762.0, "tas_kt": 279.4, "gs_kt": 279.4, "track_deg": 44.98090411759781, "phase": "descent", "waypoint": "", "sector": "VTD63", "event": ""}, "geometry": {"type": "Point", "coordinates": [102.25312330136053, 16.889679725222503, 2365.8576000000003]}}, {"id": "428", "type": "Feature", "properties": {"flight_key": "RT1_20251223T0000Z", "callsign": "RT1", "aircraft_type": "B738", "adep": "VTBD", "ades": "VTUD", "dep_rwy": "", "arr_rwy": "", "sid": "", "star": "", "approach": "", "epoch_ts": "2025-12-23 00:34:45+00:00", "altitude_ft": 7665.4, "tas_kt": 279.0, "gs_kt": 279.0, "track_deg": 44.98090411759781, "phase": "descent", "waypoint": "", "sector": "VTD63", "event": ""}, "geometry": {"type": "Point", "coordinates": [102.25872890546471, 16.895065655717175, 2336.41392]}}, {"id": "429", "type": "Feature", "properties": {"flight_key": "RT1_20251223T0000Z", "callsign": "RT1", "aircraft_type": "B738", "adep": "VTBD", "ades": "VTUD", "dep_rwy": "", "arr_rwy": "", "sid": "", "star": "", "approach": "", "epoch_ts": "2025-12-23 00:34:50+00:00", "altitude_ft": 7568.7, "tas_kt": 278.6, "gs_kt": 278.6, "track_deg": 44.98090411759781, "phase": "descent", "waypoint": "", "sector": "VTD63", "event": ""}, "geometry": {"type": "Point", "coordinates": [102.26433482770396, 16.90045142992747, 2306.93976]}}, {"id": "430", "type": "Feature", "properties": {"flight_key": "RT1_20251223T0000Z", "callsign": "RT1", "aircraft_type": "B738", "adep": "VTBD", "ades": "VTUD", "dep_rwy": "", "arr_rwy": "", "sid": "", "star": "", "approach": "", "epoch_ts": "2025-12-23 00:34:55+00:00", "altitude_ft": 7472.1, "tas_kt": 278.2, "gs_kt": 278.2, "track_deg": 44.98090411759781, "phase": "descent", "waypoint": "", "sector": "VTD63", "event": ""}, "geometry": {"type": "Point", "coordinates": [102.26994106819478, 16.905837047792275, 2277.4960800000003]}}, {"id": "431", "type": "Feature", "properties": {"flight_key": "RT1_20251223T0000Z", "callsign": "RT1", "aircraft_type": "B738", "adep": "VTBD", "ades": "VTUD", "dep_rwy": "", "arr_rwy": "", "sid": "", "star": "", "approach": "", "epoch_ts": "2025-12-23 00:35:00+00:00", "altitude_ft": 7375.5, "tas_kt": 277.8, "gs_kt": 277.8, "track_deg": 44.98090411759781, "phase": "descent", "waypoint": "", "sector": "VTD63", "event": ""}, "geometry": {"type": "Point", "coordinates": [102.27554762705365, 16.911222509250457, 2248.0524]}}, {"id": "432", "type": "Feature", "properties": {"flight_key": "RT1_20251223T0000Z", "callsign": "RT1", "aircraft_type": "B738", "adep": "VTBD", "ades": "VTUD", "dep_rwy": "", "arr_rwy": "", "sid": "", "star": "", "approach": "", "epoch_ts": "2025-12-23 00:35:05+00:00", "altitude_ft": 7278.9, "tas_kt": 277.4, "gs_kt": 277.4, "track_deg": 44.98090411759781, "phase": "descent", "waypoint": "", "sector": "VTD63", "event": ""}, "geometry": {"type": "Point", "coordinates": [102.2811545043971, 16.916607814240894, 2218.60872]}}, {"id": "433", "type": "Feature", "properties": {"flight_key": "RT1_20251223T0000Z", "callsign": "RT1", "aircraft_type": "B738", "adep": "VTBD", "ades": "VTUD", "dep_rwy": "", "arr_rwy": "", "sid": "", "star": "", "approach": "", "epoch_ts": "2025-12-23 00:35:10+00:00", "altitude_ft": 7182.2, "tas_kt": 277.0, "gs_kt": 277.0, "track_deg": 44.98090411759781, "phase": "descent", "waypoint": "", "sector": "VTD63", "event": ""}, "geometry": {"type": "Point", "coordinates": [102.2867617003416, 16.92199296270244, 2189.13456]}}, {"id": "434", "type": "Feature", "properties": {"flight_key": "RT1_20251223T0000Z", "callsign": "RT1", "aircraft_type": "B738", "adep": "VTBD", "ades": "VTUD", "dep_rwy": "", "arr_rwy": "", "sid": "", "star": "", "approach": "", "epoch_ts": "2025-12-23 00:35:15+00:00", "altitude_ft": 7085.6, "tas_kt": 276.6, "gs_kt": 276.6, "track_deg": 44.98090411759781, "phase": "descent", "waypoint": "", "sector": "VTD63", "event": ""}, "geometry": {"type": "Point", "coordinates": [102.29236921500372, 16.927377954573945, 2159.69088]}}, {"id": "435", "type": "Feature", "properties": {"flight_key": "RT1_20251223T0000Z", "callsign": "RT1", "aircraft_type": "B738", "adep": "VTBD", "ades": "VTUD", "dep_rwy": "", "arr_rwy": "", "sid": "", "star": "", "approach": "", "epoch_ts": "2025-12-23 00:35:20+00:00", "altitude_ft": 6989.0, "tas_kt": 276.2, "gs_kt": 276.2, "track_deg": 44.98090411759781, "phase": "descent", "waypoint": "", "sector": "VTD63", "event": ""}, "geometry": {"type": "Point", "coordinates": [102.29797704849997, 16.932762789794246, 2130.2472000000002]}}, {"id": "436", "type": "Feature", "properties": {"flight_key": "RT1_20251223T0000Z", "callsign": "RT1", "aircraft_type": "B738", "adep": "VTBD", "ades": "VTUD", "dep_rwy": "", "arr_rwy": "", "sid": "", "star": "", "approach": "", "epoch_ts": "2025-12-23 00:35:25+00:00", "altitude_ft": 6892.4, "tas_kt": 275.8, "gs_kt": 275.8, "track_deg": 44.98090411759781, "phase": "descent", "waypoint": "", "sector": "VTD63", "event": ""}, "geometry": {"type": "Point", "coordinates": [102.30358520094691, 16.938147468302166, 2100.80352]}}, {"id": "437", "type": "Feature", "properties": {"flight_key": "RT1_20251223T0000Z", "callsign": "RT1", "aircraft_type": "B738", "adep": "VTBD", "ades": "VTUD", "dep_rwy": "", "arr_rwy": "", "sid": "", "star": "", "approach": "", "epoch_ts": "2025-12-23 00:35:30+00:00", "altitude_ft": 6795.7, "tas_kt": 275.5, "gs_kt": 275.5, "track_deg": 44.98090411759781, "phase": "descent", "waypoint": "", "sector": "VTD63", "event": ""}, "geometry": {"type": "Point", "coordinates": [102.3091936724611, 16.94353199003652, 2071.32936]}}, {"id": "438", "type": "Feature", "properties": {"flight_key": "RT1_20251223T0000Z", "callsign": "RT1", "aircraft_type": "B738", "adep": "VTBD", "ades": "VTUD", "dep_rwy": "", "arr_rwy": "", "sid": "", "star": "", "approach": "", "epoch_ts": "2025-12-23 00:35:35+00:00", "altitude_ft": 6699.1, "tas_kt": 275.1, "gs_kt": 275.1, "track_deg": 44.98090411759781, "phase": "descent", "waypoint": "", "sector": "VTD63", "event": ""}, "geometry": {"type": "Point", "coordinates": [102.31480246315913, 16.948916354936127, 2041.8856800000003]}}, {"id": "439", "type": "Feature", "properties": {"flight_key": "RT1_20251223T0000Z", "callsign": "RT1", "aircraft_type": "B738", "adep": "VTBD", "ades": "VTUD", "dep_rwy": "", "arr_rwy": "", "sid": "", "star": "", "approach": "", "epoch_ts": "2025-12-23 00:35:40+00:00", "altitude_ft": 6602.5, "tas_kt": 274.7, "gs_kt": 274.7, "track_deg": 44.98090411759781, "phase": "descent", "waypoint": "", "sector": "VTD63", "event": ""}, "geometry": {"type": "Point", "coordinates": [102.32041157315753, 16.95430056293977, 2012.442]}}, {"id": "440", "type": "Feature", "properties": {"flight_key": "RT1_20251223T0000Z", "callsign": "RT1", "aircraft_type": "B738", "adep": "VTBD", "ades": "VTUD", "dep_rwy": "", "arr_rwy": "", "sid": "", "star": "", "approach": "", "epoch_ts": "2025-12-23 00:35:45+00:00", "altitude_ft": 6505.9, "tas_kt": 274.3, "gs_kt": 274.3, "track_deg": 44.98090411759781, "phase": "descent", "waypoint": "", "sector": "VTD63", "event": ""}, "geometry": {"type": "Point", "coordinates": [102.32602100257294, 16.95968461398624, 1982.99832]}}, {"id": "441", "type": "Feature", "properties": {"flight_key": "RT1_20251223T0000Z", "callsign": "RT1", "aircraft_type": "B738", "adep": "VTBD", "ades": "VTUD", "dep_rwy": "", "arr_rwy": "", "sid": "", "star": "", "approach": "", "epoch_ts": "2025-12-23 00:35:50+00:00", "altitude_ft": 6409.2, "tas_kt": 273.9, "gs_kt": 273.9, "track_deg": 44.98090411759781, "phase": "descent", "waypoint": "", "sector": "VTD63", "event": ""}, "geometry": {"type": "Point", "coordinates": [102.33163075152194, 16.96506850801432, 1953.52416]}}, {"id": "442", "type": "Feature", "properties": {"flight_key": "RT1_20251223T0000Z", "callsign": "RT1", "aircraft_type": "B738", "adep": "VTBD", "ades": "VTUD", "dep_rwy": "", "arr_rwy": "", "sid": "", "star": "", "approach": "", "epoch_ts": "2025-12-23 00:35:55+00:00", "altitude_ft": 6312.6, "tas_kt": 273.5, "gs_kt": 273.5, "track_deg": 44.98090411759781, "phase": "descent", "waypoint": "", "sector": "VTD63", "event": ""}, "geometry": {"type": "Point", "coordinates": [102.33724082012117, 16.970452244962765, 1924.0804800000003]}}, {"id": "443", "type": "Feature", "properties": {"flight_key": "RT1_20251223T0000Z", "callsign": "RT1", "aircraft_type": "B738", "adep": "VTBD", "ades": "VTUD", "dep_rwy": "", "arr_rwy": "", "sid": "", "star": "", "approach": "", "epoch_ts": "2025-12-23 00:36:00+00:00", "altitude_ft": 6216.0, "tas_kt": 273.2, "gs_kt": 273.2, "track_deg": 44.98090411759781, "phase": "descent", "waypoint": "", "sector": "VTD63", "event": ""}, "geometry": {"type": "Point", "coordinates": [102.34285120848723, 16.975835824770332, 1894.6368]}}, {"id": "444", "type": "Feature", "properties": {"flight_key": "RT1_20251223T0000Z", "callsign": "RT1", "aircraft_type": "B738", "adep": "VTBD", "ades": "VTUD", "dep_rwy": "", "arr_rwy": "", "sid": "", "star": "", "approach": "", "epoch_ts": "2025-12-23 00:36:05+00:00", "altitude_ft": 6119.4, "tas_kt": 272.8, "gs_kt": 272.8, "track_deg": 44.98090411759781, "phase": "descent", "waypoint": "", "sector": "VTD63", "event": ""}, "geometry": {"type": "Point", "coordinates": [102.34846191673677, 16.981219247375776, 1865.19312]}}, {"id": "445", "type": "Feature", "properties": {"flight_key": "RT1_20251223T0000Z", "callsign": "RT1", "aircraft_type": "B738", "adep": "VTBD", "ades": "VTUD", "dep_rwy": "", "arr_rwy": "", "sid": "", "star": "", "approach": "", "epoch_ts": "2025-12-23 00:36:10+00:00", "altitude_ft": 6022.7, "tas_kt": 272.4, "gs_kt": 272.4, "track_deg": 44.98090411759781, "phase": "descent", "waypoint": "", "sector": "VTD63", "event": ""}, "geometry": {"type": "Point", "coordinates": [102.35407294498643, 16.986602512717823, 1835.71896]}}, {"id": "446", "type": "Feature", "properties": {"flight_key": "RT1_20251223T0000Z", "callsign": "RT1", "aircraft_type": "B738", "adep": "VTBD", "ades": "VTUD", "dep_rwy": "", "arr_rwy": "", "sid": "", "star": "", "approach": "", "epoch_ts": "2025-12-23 00:36:15+00:00", "altitude_ft": 5937.3, "tas_kt": 272.1, "gs_kt": 272.1, "track_deg": 44.98090411759781, "phase": "descent", "waypoint": "", "sector": "VTD63", "event": ""}, "geometry": {"type": "Point", "coordinates": [102.35968429335287, 16.991985620735196, 1809.6890400000002]}}, {"id": "447", "type": "Feature", "properties": {"flight_key": "RT1_20251223T0000Z", "callsign": "RT1", "aircraft_type": "B738", "adep": "VTBD", "ades": "VTUD", "dep_rwy": "", "arr_rwy": "", "sid": "", "star": "", "approach": "", "epoch_ts": "2025-12-23 00:36:20+00:00", "altitude_ft": 5855.2, "tas_kt": 271.7, "gs_kt": 271.7, "track_deg": 44.98090411759781, "phase": "descent", "waypoint": "", "sector": "VTD63", "event": ""}, "geometry": {"type": "Point", "coordinates": [102.36529596195277, 16.99736857136662, 1784.66496]}}, {"id": "448", "type": "Feature", "properties": {"flight_key": "RT1_20251223T0000Z", "callsign": "RT1", "aircraft_type": "B738", "adep": "VTBD", "ades": "VTUD", "dep_rwy": "", "arr_rwy": "", "sid": "", "star": "", "approach": "", "epoch_ts": "2025-12-23 00:36:25+00:00", "altitude_ft": 5773.2, "tas_kt": 271.4, "gs_kt": 271.4, "track_deg": 44.98090411759781, "phase": "descent", "waypoint": "", "sector": "VTD63", "event": ""}, "geometry": {"type": "Point", "coordinates": [102.3709079509028, 17.0027513645508, 1759.67136]}}, {"id": "449", "type": "Feature", "properties": {"flight_key": "RT1_20251223T0000Z", "callsign": "RT1", "aircraft_type": "B738", "adep": "VTBD", "ades": "VTUD", "dep_rwy": "", "arr_rwy": "", "sid": "", "star": "", "approach": "", "epoch_ts": "2025-12-23 00:36:30+00:00", "altitude_ft": 5691.1, "tas_kt": 271.1, "gs_kt": 271.1, "track_deg": 44.98090411759781, "phase": "descent", "waypoint": "", "sector": "VTD63", "event": ""}, "geometry": {"type": "Point", "coordinates": [102.37652026031968, 17.008134000226416, 1734.6472800000001]}}, {"id": "450", "type": "Feature", "properties": {"flight_key": "RT1_20251223T0000Z", "callsign": "RT1", "aircraft_type": "B738", "adep": "VTBD", "ades": "VTUD", "dep_rwy": "", "arr_rwy": "", "sid": "", "star": "", "approach": "", "epoch_ts": "2025-12-23 00:36:35+00:00", "altitude_ft": 5609.1, "tas_kt": 270.8, "gs_kt": 270.8, "track_deg": 44.98090411759781, "phase": "descent", "waypoint": "", "sector": "VTD63", "event": ""}, "geometry": {"type": "Point", "coordinates": [102.38213289032008, 17.013516478332164, 1709.6536800000001]}}, {"id": "451", "type": "Feature", "properties": {"flight_key": "RT1_20251223T0000Z", "callsign": "RT1", "aircraft_type": "B738", "adep": "VTBD", "ades": "VTUD", "dep_rwy": "", "arr_rwy": "", "sid": "", "star": "", "approach": "", "epoch_ts": "2025-12-23 00:36:40+00:00", "altitude_ft": 5527.1, "tas_kt": 270.4, "gs_kt": 270.4, "track_deg": 44.98090411759781, "phase": "descent", "waypoint": "", "sector": "VTD63", "event": ""}, "geometry": {"type": "Point", "coordinates": [102.38774584102073, 17.018898798806717, 1684.66008]}}, {"id": "452", "type": "Feature", "properties": {"flight_key": "RT1_20251223T0000Z", "callsign": "RT1", "aircraft_type": "B738", "adep": "VTBD", "ades": "VTUD", "dep_rwy": "", "arr_rwy": "", "sid": "", "star": "", "approach": "", "epoch_ts": "2025-12-23 00:36:45+00:00", "altitude_ft": 5445.0, "tas_kt": 270.1, "gs_kt": 270.1, "track_deg": 44.98090411759781, "phase": "descent", "waypoint": "", "sector": "VTD63", "event": ""}, "geometry": {"type": "Point", "coordinates": [102.39335911253835, 17.024280961588733, 1659.6360000000002]}}, {"id": "453", "type": "Feature", "properties": {"flight_key": "RT1_20251223T0000Z", "callsign": "RT1", "aircraft_type": "B738", "adep": "VTBD", "ades": "VTUD", "dep_rwy": "", "arr_rwy": "", "sid": "", "star": "", "approach": "", "epoch_ts": "2025-12-23 00:36:50+00:00", "altitude_ft": 5363.0, "tas_kt": 269.8, "gs_kt": 269.8, "track_deg": 44.98090411759781, "phase": "descent", "waypoint": "", "sector": "VTD63", "event": ""}, "geometry": {"type": "Point", "coordinates": [102.39897270498969, 17.02966296661687, 1634.6424000000002]}}, {"id": "454", "type": "Feature", "properties": {"flight_key": "RT1_20251223T0000Z", "callsign": "RT1", "aircraft_type": "B738", "adep": "VTBD", "ades": "VTUD", "dep_rwy": "", "arr_rwy": "", "sid": "", "star": "", "approach": "", "epoch_ts": "2025-12-23 00:36:52.894001+00:00", "altitude_ft": 5315.5, "tas_kt": 269.6, "gs_kt": 269.6, "track_deg": 44.98090411759781, "phase": "descent", "waypoint": "SURGU", "sector": "VTD63", "event": ""}, "geometry": {"type": "Point", "coordinates": [102.402222, 17.032777999999997, 1620.1644000000001]}}, {"id": "455", "type": "Feature", "properties": {"flight_key": "RT1_20251223T0000Z", "callsign": "RT1", "aircraft_type": "B738", "adep": "VTBD", "ades": "VTUD", "dep_rwy": "", "arr_rwy": "", "sid": "", "star": "", "approach": "", "epoch_ts": "2025-12-23 00:36:55+00:00", "altitude_ft": 5280.9, "tas_kt": 269.5, "gs_kt": 269.5, "track_deg": 46.32486890136842, "phase": "descent", "waypoint": "", "sector": "VTD63", "event": ""}, "geometry": {"type": "Point", "coordinates": [102.40463642288586, 17.034995692863582, 1609.61832]}}, {"id": "456", "type": "Feature", "properties": {"flight_key": "RT1_20251223T0000Z", "callsign": "RT1", "aircraft_type": "B738", "adep": "VTBD", "ades": "VTUD", "dep_rwy": "", "arr_rwy": "", "sid": "", "star": "", "approach": "", "epoch_ts": "2025-12-23 00:37:00+00:00", "altitude_ft": 5198.9, "tas_kt": 269.2, "gs_kt": 269.2, "track_deg": 46.32486890136842, "phase": "descent", "waypoint": "", "sector": "VTD63", "event": ""}, "geometry": {"type": "Point", "coordinates": [102.41036890141292, 17.04026075606985, 1584.62472]}}, {"id": "457", "type": "Feature", "properties": {"flight_key": "RT1_20251223T0000Z", "callsign": "RT1", "aircraft_type": "B738", "adep": "VTBD", "ades": "VTUD", "dep_rwy": "", "arr_rwy": "", "sid": "", "star": "", "approach": "", "epoch_ts": "2025-12-23 00:37:05+00:00", "altitude_ft": 5116.9, "tas_kt": 268.9, "gs_kt": 268.9, "track_deg": 46.32486890136842, "phase": "descent", "waypoint": "", "sector": "Udon TMA", "event": ""}, "geometry": {"type": "Point", "coordinates": [102.4161017008777, 17.045525654860025, 1559.63112]}}, {"id": "458", "type": "Feature", "properties": {"flight_key": "RT1_20251223T0000Z", "callsign": "RT1", "aircraft_type": "B738", "adep": "VTBD", "ades": "VTUD", "dep_rwy": "", "arr_rwy": "", "sid": "", "star": "", "approach": "", "epoch_ts": "2025-12-23 00:37:10+00:00", "altitude_ft": 5034.8, "tas_kt": 268.5, "gs_kt": 268.5, "track_deg": 46.32486890136842, "phase": "descent", "waypoint": "", "sector": "Udon TMA", "event": ""}, "geometry": {"type": "Point", "coordinates": [102.42183482139352, 17.05079038917158, 1534.60704]}}, {"id": "459", "type": "Feature", "properties": {"flight_key": "RT1_20251223T0000Z", "callsign": "RT1", "aircraft_type": "B738", "adep": "VTBD", "ades": "VTUD", "dep_rwy": "", "arr_rwy": "", "sid": "", "star": "", "approach": "", "epoch_ts": "2025-12-23 00:37:15+00:00", "altitude_ft": 4952.8, "tas_kt": 268.2, "gs_kt": 268.2, "track_deg": 46.32486890136842, "phase": "descent", "waypoint": "", "sector": "Udon TMA", "event": ""}, "geometry": {"type": "Point", "coordinates": [102.4275682630737, 17.056054958941942, 1509.61344]}}, {"id": "460", "type": "Feature", "properties": {"flight_key": "RT1_20251223T0000Z", "callsign": "RT1", "aircraft_type": "B738", "adep": "VTBD", "ades": "VTUD", "dep_rwy": "", "arr_rwy": "", "sid": "", "star": "", "approach": "", "epoch_ts": "2025-12-23 00:37:20+00:00", "altitude_ft": 4870.7, "tas_kt": 267.9, "gs_kt": 267.9, "track_deg": 46.32486890136842, "phase": "descent", "waypoint": "", "sector": "Udon TMA", "event": ""}, "geometry": {"type": "Point", "coordinates": [102.43330202603158, 17.061319364108567, 1484.58936]}}, {"id": "461", "type": "Feature", "properties": {"flight_key": "RT1_20251223T0000Z", "callsign": "RT1", "aircraft_type": "B738", "adep": "VTBD", "ades": "VTUD", "dep_rwy": "", "arr_rwy": "", "sid": "", "star": "", "approach": "", "epoch_ts": "2025-12-23 00:37:25+00:00", "altitude_ft": 4788.7, "tas_kt": 267.6, "gs_kt": 267.6, "track_deg": 46.32486890136842, "phase": "descent", "waypoint": "", "sector": "Udon TMA", "event": ""}, "geometry": {"type": "Point", "coordinates": [102.43903611038051, 17.066583604608848, 1459.59576]}}, {"id": "462", "type": "Feature", "properties": {"flight_key": "RT1_20251223T0000Z", "callsign": "RT1", "aircraft_type": "B738", "adep": "VTBD", "ades": "VTUD", "dep_rwy": "", "arr_rwy": "", "sid": "", "star": "", "approach": "", "epoch_ts": "2025-12-23 00:37:30+00:00", "altitude_ft": 4706.6, "tas_kt": 267.3, "gs_kt": 267.3, "track_deg": 46.32486890136842, "phase": "descent", "waypoint": "", "sector": "Udon TMA", "event": ""}, "geometry": {"type": "Point", "coordinates": [102.44477051623385, 17.07184768038022, 1434.5716800000002]}}, {"id": "463", "type": "Feature", "properties": {"flight_key": "RT1_20251223T0000Z", "callsign": "RT1", "aircraft_type": "B738", "adep": "VTBD", "ades": "VTUD", "dep_rwy": "", "arr_rwy": "", "sid": "", "star": "", "approach": "", "epoch_ts": "2025-12-23 00:37:35+00:00", "altitude_ft": 4624.6, "tas_kt": 267.0, "gs_kt": 267.0, "track_deg": 46.32486890136842, "phase": "descent", "waypoint": "", "sector": "Udon TMA", "event": ""}, "geometry": {"type": "Point", "coordinates": [102.45050524370495, 17.077111591360072, 1409.5780800000002]}}, {"id": "464", "type": "Feature", "properties": {"flight_key": "RT1_20251223T0000Z", "callsign": "RT1", "aircraft_type": "B738", "adep": "VTBD", "ades": "VTUD", "dep_rwy": "", "arr_rwy": "", "sid": "", "star": "", "approach": "", "epoch_ts": "2025-12-23 00:37:40+00:00", "altitude_ft": 4542.6, "tas_kt": 266.6, "gs_kt": 266.6, "track_deg": 46.32486890136842, "phase": "descent", "waypoint": "", "sector": "Udon TMA", "event": ""}, "geometry": {"type": "Point", "coordinates": [102.45624029290721, 17.082375337485797, 1384.5844800000002]}}, {"id": "465", "type": "Feature", "properties": {"flight_key": "RT1_20251223T0000Z", "callsign": "RT1", "aircraft_type": "B738", "adep": "VTBD", "ades": "VTUD", "dep_rwy": "", "arr_rwy": "", "sid": "", "star": "", "approach": "", "epoch_ts": "2025-12-23 00:37:45+00:00", "altitude_ft": 4460.5, "tas_kt": 266.3, "gs_kt": 266.3, "track_deg": 46.32486890136842, "phase": "descent", "waypoint": "", "sector": "Udon TMA", "event": ""}, "geometry": {"type": "Point", "coordinates": [102.46197566395401, 17.08763891869478, 1359.5604]}}, {"id": "466", "type": "Feature", "properties": {"flight_key": "RT1_20251223T0000Z", "callsign": "RT1", "aircraft_type": "B738", "adep": "VTBD", "ades": "VTUD", "dep_rwy": "", "arr_rwy": "", "sid": "", "star": "", "approach": "", "epoch_ts": "2025-12-23 00:37:50+00:00", "altitude_ft": 4378.5, "tas_kt": 266.0, "gs_kt": 266.0, "track_deg": 46.32486890136842, "phase": "descent", "waypoint": "", "sector": "Udon TMA", "event": ""}, "geometry": {"type": "Point", "coordinates": [102.46771135695872, 17.0929023349244, 1334.5668]}}, {"id": "467", "type": "Feature", "properties": {"flight_key": "RT1_20251223T0000Z", "callsign": "RT1", "aircraft_type": "B738", "adep": "VTBD", "ades": "VTUD", "dep_rwy": "", "arr_rwy": "", "sid": "", "star": "", "approach": "", "epoch_ts": "2025-12-23 00:37:55+00:00", "altitude_ft": 4296.4, "tas_kt": 265.7, "gs_kt": 265.7, "track_deg": 46.32486890136842, "phase": "descent", "waypoint": "", "sector": "Udon TMA", "event": ""}, "geometry": {"type": "Point", "coordinates": [102.47344737203477, 17.098165586112014, 1309.54272]}}, {"id": "468", "type": "Feature", "properties": {"flight_key": "RT1_20251223T0000Z", "callsign": "RT1", "aircraft_type": "B738", "adep": "VTBD", "ades": "VTUD", "dep_rwy": "", "arr_rwy": "", "sid": "", "star": "", "approach": "", "epoch_ts": "2025-12-23 00:38:00+00:00", "altitude_ft": 4214.4, "tas_kt": 265.4, "gs_kt": 265.4, "track_deg": 46.32486890136842, "phase": "descent", "waypoint": "", "sector": "Udon TMA", "event": ""}, "geometry": {"type": "Point", "coordinates": [102.47918370929557, 17.103428672194962, 1284.54912]}}, {"id": "469", "type": "Feature", "properties": {"flight_key": "RT1_20251223T0000Z", "callsign": "RT1", "aircraft_type": "B738", "adep": "VTBD", "ades": "VTUD", "dep_rwy": "", "arr_rwy": "", "sid": "", "star": "", "approach": "", "epoch_ts": "2025-12-23 00:38:05+00:00", "altitude_ft": 4132.4, "tas_kt": 265.1, "gs_kt": 265.1, "track_deg": 46.32486890136842, "phase": "descent", "waypoint": "", "sector": "Udon TMA", "event": ""}, "geometry": {"type": "Point", "coordinates": [102.48492036885455, 17.108691593110606, 1259.55552]}}, {"id": "470", "type": "Feature", "properties": {"flight_key": "RT1_20251223T0000Z", "callsign": "RT1", "aircraft_type": "B738", "adep": "VTBD", "ades": "VTUD", "dep_rwy": "", "arr_rwy": "", "sid": "", "star": "", "approach": "", "epoch_ts": "2025-12-23 00:38:10+00:00", "altitude_ft": 4050.3, "tas_kt": 264.8, "gs_kt": 264.8, "track_deg": 46.32486890136842, "phase": "descent", "waypoint": "", "sector": "Udon TMA", "event": ""}, "geometry": {"type": "Point", "coordinates": [102.4906573508251, 17.11395434879626, 1234.5314400000002]}}, {"id": "471", "type": "Feature", "properties": {"flight_key": "RT1_20251223T0000Z", "callsign": "RT1", "aircraft_type": "B738", "adep": "VTBD", "ades": "VTUD", "dep_rwy": "", "arr_rwy": "", "sid": "", "star": "", "approach": "", "epoch_ts": "2025-12-23 00:38:15+00:00", "altitude_ft": 3972.2, "tas_kt": 264.5, "gs_kt": 264.5, "track_deg": 46.32486890136842, "phase": "descent", "waypoint": "", "sector": "Udon TMA", "event": ""}, "geometry": {"type": "Point", "coordinates": [102.49639465532071, 17.119216939189254, 1210.72656]}}, {"id": "472", "type": "Feature", "properties": {"flight_key": "RT1_20251223T0000Z", "callsign": "RT1", "aircraft_type": "B738", "adep": "VTBD", "ades": "VTUD", "dep_rwy": "", "arr_rwy": "", "sid": "", "star": "", "approach": "", "epoch_ts": "2025-12-23 00:38:20+00:00", "altitude_ft": 3900.2, "tas_kt": 264.2, "gs_kt": 264.2, "track_deg": 46.32486890136842, "phase": "descent", "waypoint": "", "sector": "Udon TMA", "event": ""}, "geometry": {"type": "Point", "coordinates": [102.50213228245482, 17.124479364226893, 1188.78096]}}, {"id": "473", "type": "Feature", "properties": {"flight_key": "RT1_20251223T0000Z", "callsign": "RT1", "aircraft_type": "B738", "adep": "VTBD", "ades": "VTUD", "dep_rwy": "", "arr_rwy": "", "sid": "", "star": "", "approach": "", "epoch_ts": "2025-12-23 00:38:25+00:00", "altitude_ft": 3828.2, "tas_kt": 263.9, "gs_kt": 263.9, "track_deg": 46.32486890136842, "phase": "descent", "waypoint": "", "sector": "Udon TMA", "event": ""}, "geometry": {"type": "Point", "coordinates": [102.50787023234088, 17.129741623846495, 1166.83536]}}, {"id": "474", "type": "Feature", "properties": {"flight_key": "RT1_20251223T0000Z", "callsign": "RT1", "aircraft_type": "B738", "adep": "VTBD", "ades": "VTUD", "dep_rwy": "", "arr_rwy": "", "sid": "", "star": "", "approach": "", "epoch_ts": "2025-12-23 00:38:30+00:00", "altitude_ft": 3756.2, "tas_kt": 263.7, "gs_kt": 263.7, "track_deg": 46.32486890136842, "phase": "descent", "waypoint": "", "sector": "Udon TMA", "event": ""}, "geometry": {"type": "Point", "coordinates": [102.51360850509236, 17.135003717985327, 1144.88976]}}, {"id": "475", "type": "Feature", "properties": {"flight_key": "RT1_20251223T0000Z", "callsign": "RT1", "aircraft_type": "B738", "adep": "VTBD", "ades": "VTUD", "dep_rwy": "", "arr_rwy": "", "sid": "", "star": "", "approach": "", "epoch_ts": "2025-12-23 00:38:35+00:00", "altitude_ft": 3684.2, "tas_kt": 263.4, "gs_kt": 263.4, "track_deg": 46.32486890136842, "phase": "descent", "waypoint": "", "sector": "Udon TMA", "event": ""}, "geometry": {"type": "Point", "coordinates": [102.51934710082274, 17.14026564658068, 1122.94416]}}, {"id": "476", "type": "Feature", "properties": {"flight_key": "RT1_20251223T0000Z", "callsign": "RT1", "aircraft_type": "B738", "adep": "VTBD", "ades": "VTUD", "dep_rwy": "", "arr_rwy": "", "sid": "", "star": "", "approach": "", "epoch_ts": "2025-12-23 00:38:40+00:00", "altitude_ft": 3612.2, "tas_kt": 263.1, "gs_kt": 263.1, "track_deg": 46.32486890136842, "phase": "descent", "waypoint": "", "sector": "Udon TMA", "event": ""}, "geometry": {"type": "Point", "coordinates": [102.52508601964551, 17.145527409569826, 1100.99856]}}, {"id": "477", "type": "Feature", "properties": {"flight_key": "RT1_20251223T0000Z", "callsign": "RT1", "aircraft_type": "B738", "adep": "VTBD", "ades": "VTUD", "dep_rwy": "", "arr_rwy": "", "sid": "", "star": "", "approach": "", "epoch_ts": "2025-12-23 00:38:45+00:00", "altitude_ft": 3540.2, "tas_kt": 262.8, "gs_kt": 262.8, "track_deg": 46.32486890136842, "phase": "descent", "waypoint": "", "sector": "Udon TMA", "event": ""}, "geometry": {"type": "Point", "coordinates": [102.53082526167418, 17.150789006890026, 1079.05296]}}, {"id": "478", "type": "Feature", "properties": {"flight_key": "RT1_20251223T0000Z", "callsign": "RT1", "aircraft_type": "B738", "adep": "VTBD", "ades": "VTUD", "dep_rwy": "", "arr_rwy": "", "sid": "", "star": "", "approach": "", "epoch_ts": "2025-12-23 00:38:50+00:00", "altitude_ft": 3468.2, "tas_kt": 262.6, "gs_kt": 262.6, "track_deg": 46.32486890136842, "phase": "descent", "waypoint": "", "sector": "Udon TMA", "event": ""}, "geometry": {"type": "Point", "coordinates": [102.53656482702223, 17.156050438478534, 1057.10736]}}, {"id": "479", "type": "Feature", "properties": {"flight_key": "RT1_20251223T0000Z", "callsign": "RT1", "aircraft_type": "B738", "adep": "VTBD", "ades": "VTUD", "dep_rwy": "", "arr_rwy": "", "sid": "", "star": "", "approach": "", "epoch_ts": "2025-12-23 00:38:55+00:00", "altitude_ft": 3396.2, "tas_kt": 262.3, "gs_kt": 262.3, "track_deg": 46.32486890136842, "phase": "descent", "waypoint": "", "sector": "Udon TMA", "event": ""}, "geometry": {"type": "Point", "coordinates": [102.54230471580321, 17.16131170427259, 1035.16176]}}, {"id": "480", "type": "Feature", "properties": {"flight_key": "RT1_20251223T0000Z", "callsign": "RT1", "aircraft_type": "B738", "adep": "VTBD", "ades": "VTUD", "dep_rwy": "", "arr_rwy": "", "sid": "", "star": "", "approach": "", "epoch_ts": "2025-12-23 00:39:00+00:00", "altitude_ft": 3324.2, "tas_kt": 262.0, "gs_kt": 262.0, "track_deg": 46.32486890136842, "phase": "descent", "waypoint": "", "sector": "Udon TMA", "event": ""}, "geometry": {"type": "Point", "coordinates": [102.54804492813061, 17.166572804209405, 1013.21616]}}, {"id": "481", "type": "Feature", "properties": {"flight_key": "RT1_20251223T0000Z", "callsign": "RT1", "aircraft_type": "B738", "adep": "VTBD", "ades": "VTUD", "dep_rwy": "", "arr_rwy": "", "sid": "", "star": "", "approach": "", "epoch_ts": "2025-12-23 00:39:05+00:00", "altitude_ft": 3252.2, "tas_kt": 261.8, "gs_kt": 261.8, "track_deg": 46.32486890136842, "phase": "descent", "waypoint": "", "sector": "Udon TMA", "event": ""}, "geometry": {"type": "Point", "coordinates": [102.553785464118, 17.17183373822622, 991.27056]}}, {"id": "482", "type": "Feature", "properties": {"flight_key": "RT1_20251223T0000Z", "callsign": "RT1", "aircraft_type": "B738", "adep": "VTBD", "ades": "VTUD", "dep_rwy": "", "arr_rwy": "", "sid": "", "star": "", "approach": "", "epoch_ts": "2025-12-23 00:39:10+00:00", "altitude_ft": 3180.2, "tas_kt": 261.5, "gs_kt": 261.5, "track_deg": 46.32486890136842, "phase": "descent", "waypoint": "", "sector": "Udon TMA", "event": ""}, "geometry": {"type": "Point", "coordinates": [102.5595263238789, 17.177094506260232, 969.32496]}}, {"id": "483", "type": "Feature", "properties": {"flight_key": "RT1_20251223T0000Z", "callsign": "RT1", "aircraft_type": "B738", "adep": "VTBD", "ades": "VTUD", "dep_rwy": "", "arr_rwy": "", "sid": "", "star": "", "approach": "", "epoch_ts": "2025-12-23 00:39:15+00:00", "altitude_ft": 3108.2, "tas_kt": 261.2, "gs_kt": 261.2, "track_deg": 46.32486890136842, "phase": "descent", "waypoint": "", "sector": "Udon TMA", "event": ""}, "geometry": {"type": "Point", "coordinates": [102.56526750752685, 17.182355108248647, 947.37936]}}, {"id": "484", "type": "Feature", "properties": {"flight_key": "RT1_20251223T0000Z", "callsign": "RT1", "aircraft_type": "B738", "adep": "VTBD", "ades": "VTUD", "dep_rwy": "", "arr_rwy": "", "sid": "", "star": "", "approach": "", "epoch_ts": "2025-12-23 00:39:20+00:00", "altitude_ft": 3036.2, "tas_kt": 261.0, "gs_kt": 261.0, "track_deg": 46.32486890136842, "phase": "descent", "waypoint": "", "sector": "Udon TMA", "event": ""}, "geometry": {"type": "Point", "coordinates": [102.57100901517548, 17.187615544128658, 925.43376]}}, {"id": "485", "type": "Feature", "properties": {"flight_key": "RT1_20251223T0000Z", "callsign": "RT1", "aircraft_type": "B738", "adep": "VTBD", "ades": "VTUD", "dep_rwy": "", "arr_rwy": "", "sid": "", "star": "", "approach": "", "epoch_ts": "2025-12-23 00:39:25+00:00", "altitude_ft": 2966.2, "tas_kt": 260.7, "gs_kt": 260.7, "track_deg": 46.32486890136842, "phase": "descent", "waypoint": "", "sector": "Udon TMA", "event": ""}, "geometry": {"type": "Point", "coordinates": [102.57675084693828, 17.192875813837436, 904.09776]}}, {"id": "486", "type": "Feature", "properties": {"flight_key": "RT1_20251223T0000Z", "callsign": "RT1", "aircraft_type": "B738", "adep": "VTBD", "ades": "VTUD", "dep_rwy": "", "arr_rwy": "", "sid": "", "star": "", "approach": "", "epoch_ts": "2025-12-23 00:39:30+00:00", "altitude_ft": 2898.2, "tas_kt": 260.4, "gs_kt": 260.4, "track_deg": 46.32486890136842, "phase": "descent", "waypoint": "", "sector": "Udon TMA", "event": ""}, "geometry": {"type": "Point", "coordinates": [102.58249300292889, 17.19813591731215, 883.37136]}}, {"id": "487", "type": "Feature", "properties": {"flight_key": "RT1_20251223T0000Z", "callsign": "RT1", "aircraft_type": "B738", "adep": "VTBD", "ades": "VTUD", "dep_rwy": "", "arr_rwy": "", "sid": "", "star": "", "approach": "", "epoch_ts": "2025-12-23 00:39:35+00:00", "altitude_ft": 2830.2, "tas_kt": 260.2, "gs_kt": 260.2, "track_deg": 46.32486890136842, "phase": "descent", "waypoint": "", "sector": "Udon TMA", "event": ""}, "geometry": {"type": "Point", "coordinates": [102.58823548326087, 17.20339585448996, 862.64496]}}, {"id": "488", "type": "Feature", "properties": {"flight_key": "RT1_20251223T0000Z", "callsign": "RT1", "aircraft_type": "B738", "adep": "VTBD", "ades": "VTUD", "dep_rwy": "", "arr_rwy": "", "sid": "", "star": "", "approach": "", "epoch_ts": "2025-12-23 00:39:40+00:00", "altitude_ft": 2762.3, "tas_kt": 259.9, "gs_kt": 259.9, "track_deg": 46.32486890136842, "phase": "descent", "waypoint": "", "sector": "Udon TMA", "event": ""}, "geometry": {"type": "Point", "coordinates": [102.59397828804785, 17.20865562530802, 841.9490400000001]}}, {"id": "489", "type": "Feature", "properties": {"flight_key": "RT1_20251223T0000Z", "callsign": "RT1", "aircraft_type": "B738", "adep": "VTBD", "ades": "VTUD", "dep_rwy": "", "arr_rwy": "", "sid": "", "star": "", "approach": "", "epoch_ts": "2025-12-23 00:39:45+00:00", "altitude_ft": 2694.3, "tas_kt": 259.7, "gs_kt": 259.7, "track_deg": 46.32486890136842, "phase": "descent", "waypoint": "", "sector": "Udon TMA", "event": ""}, "geometry": {"type": "Point", "coordinates": [102.59972141740342, 17.213915229703463, 821.2226400000001]}}, {"id": "490", "type": "Feature", "properties": {"flight_key": "RT1_20251223T0000Z", "callsign": "RT1", "aircraft_type": "B738", "adep": "VTBD", "ades": "VTUD", "dep_rwy": "", "arr_rwy": "", "sid": "", "star": "", "approach": "", "epoch_ts": "2025-12-23 00:39:50+00:00", "altitude_ft": 2626.4, "tas_kt": 259.4, "gs_kt": 259.4, "track_deg": 46.32486890136842, "phase": "descent", "waypoint": "", "sector": "Udon TMA", "event": ""}, "geometry": {"type": "Point", "coordinates": [102.60546487144119, 17.219174667613416, 800.5267200000001]}}, {"id": "491", "type": "Feature", "properties": {"flight_key": "RT1_20251223T0000Z", "callsign": "RT1", "aircraft_type": "B738", "adep": "VTBD", "ades": "VTUD", "dep_rwy": "", "arr_rwy": "", "sid": "", "star": "", "approach": "", "epoch_ts": "2025-12-23 00:39:55+00:00", "altitude_ft": 2558.4, "tas_kt": 259.2, "gs_kt": 259.2, "track_deg": 46.32486890136842, "phase": "descent", "waypoint": "", "sector": "Udon TMA", "event": ""}, "geometry": {"type": "Point", "coordinates": [102.61120865027482, 17.224433938974997, 779.80032]}}, {"id": "492", "type": "Feature", "properties": {"flight_key": "RT1_20251223T0000Z", "callsign": "RT1", "aircraft_type": "B738", "adep": "VTBD", "ades": "VTUD", "dep_rwy": "", "arr_rwy": "", "sid": "", "star": "", "approach": "", "epoch_ts": "2025-12-23 00:40:00+00:00", "altitude_ft": 2490.5, "tas_kt": 258.9, "gs_kt": 258.9, "track_deg": 46.32486890136842, "phase": "descent", "waypoint": "", "sector": "Udon TMA", "event": ""}, "geometry": {"type": "Point", "coordinates": [102.61695275401792, 17.229693043725316, 759.1044]}}, {"id": "493", "type": "Feature", "properties": {"flight_key": "RT1_20251223T0000Z", "callsign": "RT1", "aircraft_type": "B738", "adep": "VTBD", "ades": "VTUD", "dep_rwy": "", "arr_rwy": "", "sid": "", "star": "", "approach": "", "epoch_ts": "2025-12-23 00:40:05+00:00", "altitude_ft": 2422.5, "tas_kt": 258.7, "gs_kt": 258.7, "track_deg": 46.32486890136842, "phase": "descent", "waypoint": "", "sector": "Udon TMA", "event": ""}, "geometry": {"type": "Point", "coordinates": [102.62269718278415, 17.234951981801473, 738.378]}}, {"id": "494", "type": "Feature", "properties": {"flight_key": "RT1_20251223T0000Z", "callsign": "RT1", "aircraft_type": "B738", "adep": "VTBD", "ades": "VTUD", "dep_rwy": "", "arr_rwy": "", "sid": "", "star": "", "approach": "", "epoch_ts": "2025-12-23 00:40:10+00:00", "altitude_ft": 2354.5, "tas_kt": 258.4, "gs_kt": 258.4, "track_deg": 46.32486890136842, "phase": "descent", "waypoint": "", "sector": "Udon TMA", "event": ""}, "geometry": {"type": "Point", "coordinates": [102.62844193668717, 17.240210753140545, 717.6516]}}, {"id": "495", "type": "Feature", "properties": {"flight_key": "RT1_20251223T0000Z", "callsign": "RT1", "aircraft_type": "B738", "adep": "VTBD", "ades": "VTUD", "dep_rwy": "", "arr_rwy": "", "sid": "", "star": "", "approach": "", "epoch_ts": "2025-12-23 00:40:15+00:00", "altitude_ft": 2286.6, "tas_kt": 258.2, "gs_kt": 258.2, "track_deg": 46.32486890136842, "phase": "descent", "waypoint": "", "sector": "Udon TMA", "event": ""}, "geometry": {"type": "Point", "coordinates": [102.63418701584064, 17.245469357679617, 696.95568]}}, {"id": "496", "type": "Feature", "properties": {"flight_key": "RT1_20251223T0000Z", "callsign": "RT1", "aircraft_type": "B738", "adep": "VTBD", "ades": "VTUD", "dep_rwy": "", "arr_rwy": "", "sid": "", "star": "", "approach": "", "epoch_ts": "2025-12-23 00:40:20+00:00", "altitude_ft": 2218.6, "tas_kt": 257.9, "gs_kt": 257.9, "track_deg": 46.32486890136842, "phase": "descent", "waypoint": "", "sector": "Udon TMA", "event": ""}, "geometry": {"type": "Point", "coordinates": [102.63993242035825, 17.250727795355758, 676.22928]}}, {"id": "497", "type": "Feature", "properties": {"flight_key": "RT1_20251223T0000Z", "callsign": "RT1", "aircraft_type": "B738", "adep": "VTBD", "ades": "VTUD", "dep_rwy": "", "arr_rwy": "", "sid": "", "star": "", "approach": "", "epoch_ts": "2025-12-23 00:40:25+00:00", "altitude_ft": 2150.7, "tas_kt": 257.7, "gs_kt": 257.7, "track_deg": 46.32486890136842, "phase": "descent", "waypoint": "", "sector": "Udon TMA", "event": ""}, "geometry": {"type": "Point", "coordinates": [102.64567815035366, 17.25598606610602, 655.53336]}}, {"id": "498", "type": "Feature", "properties": {"flight_key": "RT1_20251223T0000Z", "callsign": "RT1", "aircraft_type": "B738", "adep": "VTBD", "ades": "VTUD", "dep_rwy": "", "arr_rwy": "", "sid": "", "star": "", "approach": "", "epoch_ts": "2025-12-23 00:40:30+00:00", "altitude_ft": 2082.7, "tas_kt": 257.4, "gs_kt": 257.4, "track_deg": 46.32486890136842, "phase": "descent", "waypoint": "", "sector": "Udon TMA", "event": ""}, "geometry": {"type": "Point", "coordinates": [102.6514242059406, 17.261244169867446, 634.80696]}}, {"id": "499", "type": "Feature", "properties": {"flight_key": "RT1_20251223T0000Z", "callsign": "RT1", "aircraft_type": "B738", "adep": "VTBD", "ades": "VTUD", "dep_rwy": "", "arr_rwy": "", "sid": "", "star": "", "approach": "", "epoch_ts": "2025-12-23 00:40:35+00:00", "altitude_ft": 2014.7, "tas_kt": 257.2, "gs_kt": 257.2, "track_deg": 46.32486890136842, "phase": "descent", "waypoint": "", "sector": "Udon CTR", "event": ""}, "geometry": {"type": "Point", "coordinates": [102.65717058723274, 17.26650210657708, 614.08056]}}, {"id": "500", "type": "Feature", "properties": {"flight_key": "RT1_20251223T0000Z", "callsign": "RT1", "aircraft_type": "B738", "adep": "VTBD", "ades": "VTUD", "dep_rwy": "", "arr_rwy": "", "sid": "", "star": "", "approach": "", "epoch_ts": "2025-12-23 00:40:40+00:00", "altitude_ft": 1948.3, "tas_kt": 257.0, "gs_kt": 257.0, "track_deg": 46.32486890136842, "phase": "descent", "waypoint": "", "sector": "Udon CTR", "event": ""}, "geometry": {"type": "Point", "coordinates": [102.66291729434381, 17.27175987617193, 593.84184]}}, {"id": "501", "type": "Feature", "properties": {"flight_key": "RT1_20251223T0000Z", "callsign": "RT1", "aircraft_type": "B738", "adep": "VTBD", "ades": "VTUD", "dep_rwy": "", "arr_rwy": "", "sid": "", "star": "", "approach": "", "epoch_ts": "2025-12-23 00:40:45+00:00", "altitude_ft": 1882.3, "tas_kt": 256.7, "gs_kt": 256.7, "track_deg": 46.32486890136842, "phase": "descent", "waypoint": "", "sector": "Udon CTR", "event": ""}, "geometry": {"type": "Point", "coordinates": [102.66866432738753, 17.277017478589038, 573.72504]}}, {"id": "502", "type": "Feature", "properties": {"flight_key": "RT1_20251223T0000Z", "callsign": "RT1", "aircraft_type": "B738", "adep": "VTBD", "ades": "VTUD", "dep_rwy": "", "arr_rwy": "", "sid": "", "star": "", "approach": "", "epoch_ts": "2025-12-23 00:40:50+00:00", "altitude_ft": 1816.3, "tas_kt": 256.5, "gs_kt": 256.5, "track_deg": 46.32486890136842, "phase": "descent", "waypoint": "", "sector": "Udon CTR", "event": ""}, "geometry": {"type": "Point", "coordinates": [102.67441168647764, 17.28227491376539, 553.60824]}}, {"id": "503", "type": "Feature", "properties": {"flight_key": "RT1_20251223T0000Z", "callsign": "RT1", "aircraft_type": "B738", "adep": "VTBD", "ades": "VTUD", "dep_rwy": "", "arr_rwy": "", "sid": "", "star": "", "approach": "", "epoch_ts": "2025-12-23 00:40:55+00:00", "altitude_ft": 1750.3, "tas_kt": 256.2, "gs_kt": 256.2, "track_deg": 46.32486890136842, "phase": "descent", "waypoint": "", "sector": "Udon CTR", "event": ""}, "geometry": {"type": "Point", "coordinates": [102.68015937172787, 17.287532181637992, 533.49144]}}, {"id": "504", "type": "Feature", "properties": {"flight_key": "RT1_20251223T0000Z", "callsign": "RT1", "aircraft_type": "B738", "adep": "VTBD", "ades": "VTUD", "dep_rwy": "", "arr_rwy": "", "sid": "", "star": "", "approach": "", "epoch_ts": "2025-12-23 00:41:00+00:00", "altitude_ft": 1684.3, "tas_kt": 256.0, "gs_kt": 256.0, "track_deg": 46.32486890136842, "phase": "descent", "waypoint": "", "sector": "Udon CTR", "event": ""}, "geometry": {"type": "Point", "coordinates": [102.68590738325199, 17.292789282143826, 513.37464]}}, {"id": "505", "type": "Feature", "properties": {"flight_key": "RT1_20251223T0000Z", "callsign": "RT1", "aircraft_type": "B738", "adep": "VTBD", "ades": "VTUD", "dep_rwy": "", "arr_rwy": "", "sid": "", "star": "", "approach": "", "epoch_ts": "2025-12-23 00:41:05+00:00", "altitude_ft": 1618.3, "tas_kt": 255.8, "gs_kt": 255.8, "track_deg": 46.32486890136842, "phase": "descent", "waypoint": "", "sector": "Udon CTR", "event": ""}, "geometry": {"type": "Point", "coordinates": [102.69165572116373, 17.298046215219856, 493.25784]}}, {"id": "506", "type": "Feature", "properties": {"flight_key": "RT1_20251223T0000Z", "callsign": "RT1", "aircraft_type": "B738", "adep": "VTBD", "ades": "VTUD", "dep_rwy": "", "arr_rwy": "", "sid": "", "star": "", "approach": "", "epoch_ts": "2025-12-23 00:41:10+00:00", "altitude_ft": 1552.3, "tas_kt": 255.5, "gs_kt": 255.5, "track_deg": 46.32486890136842, "phase": "descent", "waypoint": "", "sector": "Udon CTR", "event": ""}, "geometry": {"type": "Point", "coordinates": [102.69740438557689, 17.303302980803057, 473.14104000000003]}}, {"id": "507", "type": "Feature", "properties": {"flight_key": "RT1_20251223T0000Z", "callsign": "RT1", "aircraft_type": "B738", "adep": "VTBD", "ades": "VTUD", "dep_rwy": "", "arr_rwy": "", "sid": "", "star": "", "approach": "", "epoch_ts": "2025-12-23 00:41:15+00:00", "altitude_ft": 1486.6, "tas_kt": 255.3, "gs_kt": 255.3, "track_deg": 46.32486890136842, "phase": "descent", "waypoint": "", "sector": "Udon CTR", "event": ""}, "geometry": {"type": "Point", "coordinates": [102.70315337660523, 17.30855957883038, 453.11568]}}, {"id": "508", "type": "Feature", "properties": {"flight_key": "RT1_20251223T0000Z", "callsign": "RT1", "aircraft_type": "B738", "adep": "VTBD", "ades": "VTUD", "dep_rwy": "", "arr_rwy": "", "sid": "", "star": "", "approach": "", "epoch_ts": "2025-12-23 00:41:20+00:00", "altitude_ft": 1421.9, "tas_kt": 255.1, "gs_kt": 255.1, "track_deg": 46.32486890136842, "phase": "descent", "waypoint": "", "sector": "Udon CTR", "event": ""}, "geometry": {"type": "Point", "coordinates": [102.70890269436256, 17.31381600923877, 433.3951200000001]}}, {"id": "509", "type": "Feature", "properties": {"flight_key": "RT1_20251223T0000Z", "callsign": "RT1", "aircraft_type": "B738", "adep": "VTBD", "ades": "VTUD", "dep_rwy": "", "arr_rwy": "", "sid": "", "star": "", "approach": "", "epoch_ts": "2025-12-23 00:41:25+00:00", "altitude_ft": 1357.2, "tas_kt": 254.8, "gs_kt": 254.8, "track_deg": 46.32486890136842, "phase": "descent", "waypoint": "", "sector": "Udon CTR", "event": ""}, "geometry": {"type": "Point", "coordinates": [102.71465233896265, 17.319072271965155, 413.67456000000004]}}, {"id": "510", "type": "Feature", "properties": {"flight_key": "RT1_20251223T0000Z", "callsign": "RT1", "aircraft_type": "B738", "adep": "VTBD", "ades": "VTUD", "dep_rwy": "", "arr_rwy": "", "sid": "", "star": "", "approach": "", "epoch_ts": "2025-12-23 00:41:30+00:00", "altitude_ft": 1292.5, "tas_kt": 254.6, "gs_kt": 254.6, "track_deg": 46.32486890136842, "phase": "descent", "waypoint": "", "sector": "Udon CTR", "event": ""}, "geometry": {"type": "Point", "coordinates": [102.72040231051933, 17.324328366946467, 393.954]}}, {"id": "511", "type": "Feature", "properties": {"flight_key": "RT1_20251223T0000Z", "callsign": "RT1", "aircraft_type": "B738", "adep": "VTBD", "ades": "VTUD", "dep_rwy": "", "arr_rwy": "", "sid": "", "star": "", "approach": "", "epoch_ts": "2025-12-23 00:41:35+00:00", "altitude_ft": 1227.8, "tas_kt": 254.4, "gs_kt": 254.4, "track_deg": 46.32486890136842, "phase": "descent", "waypoint": "", "sector": "Udon CTR", "event": ""}, "geometry": {"type": "Point", "coordinates": [102.72615260914641, 17.329584294119616, 374.23344000000003]}}, {"id": "512", "type": "Feature", "properties": {"flight_key": "RT1_20251223T0000Z", "callsign": "RT1", "aircraft_type": "B738", "adep": "VTBD", "ades": "VTUD", "dep_rwy": "", "arr_rwy": "", "sid": "", "star": "", "approach": "", "epoch_ts": "2025-12-23 00:41:40+00:00", "altitude_ft": 1163.0, "tas_kt": 254.1, "gs_kt": 254.1, "track_deg": 46.32486890136842, "phase": "descent", "waypoint": "", "sector": "Udon CTR", "event": ""}, "geometry": {"type": "Point", "coordinates": [102.73190323495771, 17.334840053421495, 354.48240000000004]}}, {"id": "513", "type": "Feature", "properties": {"flight_key": "RT1_20251223T0000Z", "callsign": "RT1", "aircraft_type": "B738", "adep": "VTBD", "ades": "VTUD", "dep_rwy": "", "arr_rwy": "", "sid": "", "star": "", "approach": "", "epoch_ts": "2025-12-23 00:41:45+00:00", "altitude_ft": 1098.3, "tas_kt": 253.9, "gs_kt": 253.9, "track_deg": 46.32486890136842, "phase": "descent", "waypoint": "", "sector": "Udon CTR", "event": ""}, "geometry": {"type": "Point", "coordinates": [102.73765418806708, 17.340095644789002, 334.76184]}}, {"id": "514", "type": "Feature", "properties": {"flight_key": "RT1_20251223T0000Z", "callsign": "RT1", "aircraft_type": "B738", "adep": "VTBD", "ades": "VTUD", "dep_rwy": "", "arr_rwy": "", "sid": "", "star": "", "approach": "", "epoch_ts": "2025-12-23 00:41:50+00:00", "altitude_ft": 1033.6, "tas_kt": 253.7, "gs_kt": 253.7, "track_deg": 46.32486890136842, "phase": "descent", "waypoint": "", "sector": "Udon CTR", "event": ""}, "geometry": {"type": "Point", "coordinates": [102.74340546858836, 17.345351068159022, 315.04128]}}, {"id": "515", "type": "Feature", "properties": {"flight_key": "RT1_20251223T0000Z", "callsign": "RT1", "aircraft_type": "B738", "adep": "VTBD", "ades": "VTUD", "dep_rwy": "", "arr_rwy": "", "sid": "", "star": "", "approach": "", "epoch_ts": "2025-12-23 00:41:55+00:00", "altitude_ft": 972.3, "tas_kt": 253.4, "gs_kt": 253.4, "track_deg": 46.32486890136842, "phase": "descent", "waypoint": "", "sector": "Udon CTR", "event": ""}, "geometry": {"type": "Point", "coordinates": [102.7491570766354, 17.350606323468433, 296.35704]}}, {"id": "516", "type": "Feature", "properties": {"flight_key": "RT1_20251223T0000Z", "callsign": "RT1", "aircraft_type": "B738", "adep": "VTBD", "ades": "VTUD", "dep_rwy": "", "arr_rwy": "", "sid": "", "star": "", "approach": "", "epoch_ts": "2025-12-23 00:42:00+00:00", "altitude_ft": 914.5, "tas_kt": 253.2, "gs_kt": 253.2, "track_deg": 46.32486890136842, "phase": "descent", "waypoint": "", "sector": "Udon CTR", "event": ""}, "geometry": {"type": "Point", "coordinates": [102.75490901232207, 17.35586141065408, 278.7396]}}, {"id": "517", "type": "Feature", "properties": {"flight_key": "RT1_20251223T0000Z", "callsign": "RT1", "aircraft_type": "B738", "adep": "VTBD", "ades": "VTUD", "dep_rwy": "", "arr_rwy": "", "sid": "", "star": "", "approach": "", "epoch_ts": "2025-12-23 00:42:05+00:00", "altitude_ft": 856.8, "tas_kt": 253.0, "gs_kt": 253.0, "track_deg": 46.32486890136842, "phase": "descent", "waypoint": "", "sector": "Udon CTR", "event": ""}, "geometry": {"type": "Point", "coordinates": [102.76066127576223, 17.361116329652827, 261.15264]}}, {"id": "518", "type": "Feature", "properties": {"flight_key": "RT1_20251223T0000Z", "callsign": "RT1", "aircraft_type": "B738", "adep": "VTBD", "ades": "VTUD", "dep_rwy": "", "arr_rwy": "", "sid": "", "star": "", "approach": "", "epoch_ts": "2025-12-23 00:42:10+00:00", "altitude_ft": 799.0, "tas_kt": 252.8, "gs_kt": 252.8, "track_deg": 46.32486890136842, "phase": "descent", "waypoint": "", "sector": "Udon CTR", "event": ""}, "geometry": {"type": "Point", "coordinates": [102.76641386706979, 17.366371080401507, 243.5352]}}, {"id": "519", "type": "Feature", "properties": {"flight_key": "RT1_20251223T0000Z", "callsign": "RT1", "aircraft_type": "B738", "adep": "VTBD", "ades": "VTUD", "dep_rwy": "", "arr_rwy": "", "sid": "", "star": "", "approach": "", "epoch_ts": "2025-12-23 00:42:15+00:00", "altitude_ft": 741.3, "tas_kt": 252.6, "gs_kt": 252.6, "track_deg": 46.32486890136842, "phase": "descent", "waypoint": "", "sector": "Udon CTR", "event": ""}, "geometry": {"type": "Point", "coordinates": [102.77216678635861, 17.37162566283695, 225.94824]}}, {"id": "520", "type": "Feature", "properties": {"flight_key": "RT1_20251223T0000Z", "callsign": "RT1", "aircraft_type": "B738", "adep": "VTBD", "ades": "VTUD", "dep_rwy": "", "arr_rwy": "", "sid": "", "star": "", "approach": "", "epoch_ts": "2025-12-23 00:42:20+00:00", "altitude_ft": 683.5, "tas_kt": 252.4, "gs_kt": 252.4, "track_deg": 46.32486890136842, "phase": "descent", "waypoint": "", "sector": "Udon CTR", "event": ""}, "geometry": {"type": "Point", "coordinates": [102.77792003374262, 17.376880076895986, 208.3308]}}, {"id": "521", "type": "Feature", "properties": {"flight_key": "RT1_20251223T0000Z", "callsign": "RT1", "aircraft_type": "B738", "adep": "VTBD", "ades": "VTUD", "dep_rwy": "", "arr_rwy": "", "sid": "", "star": "", "approach": "", "epoch_ts": "2025-12-23 00:42:25+00:00", "altitude_ft": 625.8, "tas_kt": 252.2, "gs_kt": 252.2, "track_deg": 46.32486890136842, "phase": "descent", "waypoint": "", "sector": "Udon CTR", "event": ""}, "geometry": {"type": "Point", "coordinates": [102.78367360933571, 17.382134322515412, 190.74384]}}, {"id": "522", "type": "Feature", "properties": {"flight_key": "RT1_20251223T0000Z", "callsign": "RT1", "aircraft_type": "B738", "adep": "VTBD", "ades": "VTUD", "dep_rwy": "", "arr_rwy": "", "sid": "", "star": "", "approach": "", "epoch_ts": "2025-12-23 00:42:29.048917+00:00", "altitude_ft": 579.0, "tas_kt": 252.0, "gs_kt": 252.0, "track_deg": 46.32486890136842, "phase": "descent", "waypoint": "", "sector": "Udon CTR", "event": ""}, "geometry": {"type": "Point", "coordinates": [102.788333, 17.386389, 176.47920000000002]}}], "route": "NOBER W21 SURGU"}