callsign,actype,adep,ades,eobt,rfl,dep_rwy,arr_rwy,sid,star,approach,route
TOM104,A320,EGCC,VTSP,2025-12-22T12:30:00Z,70,,RW09,,UBNE1C,,SAPAM L645 UBNEN
AFR196,A359,LFPG,VTBS,2025-12-22T13:40:00Z,370,,RW01,,WILA1D,R01,BETNO P646 TARED
CFG2368,A339,EDDF,VTSP,2025-12-22T13:55:00Z,390,,RW09,,SATV1C,,TAVUN L759 SATVA
ITY758,A320,LIRF,VTBS,2025-12-22T14:10:00Z,410,,RW01,,WILA1D,R01,BETNO G463 TARED
AFR156,A359,LFPG,VTSP,2025-12-22T14:40:00Z,350,,RW09,,SATV1C,,TAVUN L759 SATVA
AFR198,A359,LFPG,VTBS,2025-12-22T15:20:00Z,410,,RW01,,WILA1D,R01,BETNO P646 TARED
KLM843,B789,EHAM,VTBS,2025-12-22T16:00:00Z,330,,RW01,,WILA1D,R01,BETNO P646 TARED
AFL270,A333,UUEE,VTBS,2025-12-22T16:15:00Z,370,,RW01,,WILA1D,R01,LUDVI L507 IGONI
AFL278,A333,UUEE,VTSP,2025-12-22T16:25:00Z,370,,RW09,,SATV1C,,TAVUN L759 SATVA
ELY085,B772,LLBG,VTBS,2025-12-22T16:40:00Z,390,,RW01,,WILA1D,R01,PUMOR L877 MIGAR L524 IBETO
KZR163,A21N,UACC,VTSP,2025-12-22T16:40:00Z,90,,RW09,,UPSA1C,,IKULA L515 UPSAB
THY64,A333,LTFM,VTBS,2025-12-22T16:45:00Z,390,,RW01,,WILA1D,R01,LUDVI L507 IGONI
SAS973,A320,EKCH,VTBS,2025-12-22T17:00:00Z,410,,RW01,,WILA1D,R01,BETNO P646 TARED
SWR180,B77W,LSZH,VTBS,2025-12-22T17:00:00Z,370,,RW01,,WILA1D,R01,BETNO P646 TARED
AFL284,B77W,UUEE,VTSP,2025-12-22T17:40:00Z,370,,RW09,,SATV1C,,TAVUN L759 SATVA
AFL634,A333,UNKL,VTSP,2025-12-22T17:50:00Z,360,,RW09,,EMRI1C,,PONUK A581 CTR W22 IKISU Y27 BKK Y99 EMRIT
AZV2801,A320,UUWW,VTBU,2025-12-22T18:05:00Z,370,,RW18,,,R18,TUPGO M633 DULEM W42 RYN
LOT6519,A320,EPWA,VTBS,2025-12-22T18:05:00Z,390,,RW01,,WILA1D,R01,LUDVI L507 IGONI
AFL272,A333,UUEE,VTBS,2025-12-22T18:35:00Z,330,,RW01,,WILA1D,R01,LUDVI L507 IGONI
UAE374,B77W,OMDB,VTBS,2025-12-22T18:35:00Z,410,,RW01,,WILA1D,R01,NURDA L524 IBETO
ABY756,A21N,OMSJ,VTSG,2025-12-22T18:45:00Z,370,,RW32,,EMRI1E,R32,IKULA R325 PUT Y99 EMRIT
ABY687,A21N,OMSJ,VTSP,2025-12-22T18:50:00Z,350,,RW09,,UBNE1C,,SAPAM L645 UBNEN
FIN143,A359,EFHK,VTBS,2025-12-22T18:55:00Z,410,,RW01,,WILA1D,R01,BETNO P646 TARED
AUA5,B772,LOWW,VTBS,2025-12-22T19:15:00Z,370,,RW01,,WILA1D,R01,BETNO G463 TARED
CFG2362,A339,EDDF,VTBS,2025-12-22T19:15:00Z,390,,RW01,,WILA1D,R01,BETNO P646 TARED
TAX865,A333,UAAA,VTBD,2025-12-22T19:20:00Z,410,,RW21R,,WEHA3A,R21R,BETNO P646 TARED
NWS3433,A320,USSS,VTSP,2025-12-22T19:25:00Z,390,,RW09,,SATV1C,,TAVUN L759 SATVA
KZR563,A21N,UAAA,VTSP,2025-12-22T19:30:00Z,370,,RW09,,SATV1C,,TAVUN L759 SATVA
ELY087,B789,LLBG,VTSP,2025-12-22T19:40:00Z,370,,RW09,,UPSA1C,,IKULA L515 UPSAB
GFA152,B789,OBBI,VTBS,2025-12-22T19:45:00Z,390,,RW01,,WILA1D,R01,BETNO P646 TARED
KZR931,A21N,UAAA,VTBS,2025-12-22T19:45:00Z,330,,RW01,,WILA1D,R01,BETNO G463 TARED
ELY083,B772,LLBG,VTBS,2025-12-22T19:50:00Z,390,,RW01,,WILA1D,R01,PUMOR L877 MIGAR L524 IBETO
NBT095,A320,ENGM,VTSP,2025-12-22T19:50:00Z,410,,RW09,,SATV1C,,TAVUN L759 SATVA
THA923,B77W,EDDF,VTBS,2025-12-22T19:55:00Z,370,,RW01,,WILA1D,R01,BETNO P646 TARED
AFL626,A333,USSS,VTSP,2025-12-22T20:00:00Z,370,,RW09,,SATV1C,,TAVUN L759 SATVA
THA350,A320,OPIS,VTBS,2025-12-22T20:00:00Z,120,,RW01,,WILA1D,R01,PUMOR L877 MIGAR L524 IBETO
MFX525,A21N,UZTT,VTBS,2025-12-22T20:24:00Z,350,,RW01,,WILA1D,R01,LUDVI L507 IGONI
AIC2336,A20N,VIDP,VTBS,2025-12-22T20:30:00Z,170,,RW01,,WILA1D,R01,BETNO P646 TARED
ELY081,B772,LLBG,VTBS,2025-12-22T20:30:00Z,390,,RW01,,WILA1D,R01,PUMOR L877 MIGAR L524 IBETO
AFL276,A333,UUEE,VTSP,2025-12-22T20:35:00Z,370,,RW09,,SATV1C,,TAVUN L759 SATVA
ETH628,B77L,HAAB,VTBS,2025-12-22T20:55:00Z,410,,RW01,,WILA1D,R01,PUMOR L877 MIGAR L524 IBETO
SBI6307,B738,UIII,VTBS,2025-12-22T21:05:00Z,380,,RW01,,NORT1D,R01,YAKUA B346 NOBER
ABY699,A21N,OMSJ,VTSP,2025-12-22T21:10:00Z,370,,RW09,,UBNE1C,,SAPAM L645 UBNEN
THA352,A320,VABB,VTBS,2025-12-22T21:10:00Z,370,,RW01,,WILA1D,R01,BETNO P646 TARED
ABY823,A21N,OMSJ,VTBS,2025-12-22T21:15:00Z,370,,RW01,,WILA1D,R01,BETNO G463 TARED
BAW2231,B77W,EGKK,VTBS,2025-12-22T21:15:00Z,390,,RW01,,WILA1D,R01,BETNO G463 TARED
DLH772,A359,EDDM,VTBS,2025-12-22T21:20:00Z,410,,RW01,,WILA1D,R01,BETNO P646 TARED
EVA068,B77W,EGLL,VTBS,2025-12-22T21:20:00Z,370,,RW01,,WILA1D,R01,BETNO P646 TARED
KAR3519,B772,UNKL,VTSP,2025-12-22T21:25:00Z,380,,RW09,,EMRI1C,,PONUK A581 CTR W22 IKISU Y27 BKK Y99 EMRIT
THA917,B77W,EGLL,VTBS,2025-12-22T21:35:00Z,390,,RW01,,WILA1D,R01,BETNO P646 TARED
FDB1463,B38M,OMDB,VTSG,2025-12-22T21:40:00Z,370,,RW32,,EMRI1E,R32,IKULA R325 PUT Y99 EMRIT
CQH8771,A20N,ZGGG,VTSP,2025-12-22T21:55:00Z,340,,RW09,,SAVS1C,,SAV A202 RAMEI W42 MENEX Y8 SAVSA
THA332,A320,VIDP,VTBS,2025-12-22T22:00:00Z,410,,RW01,,WILA1D,R01,BETNO P646 TARED
AFL658,A333,UIII,VTBS,2025-12-22T22:10:00Z,360,,RW01,,NORT1D,R01,YAKUA B346 NOBER
IGO1055,A21N,VOBL,VTBS,2025-12-22T22:15:00Z,330,,RW01,,WILA1D,R01,PUMOR L877 MIGAR L524 IBETO
VKG2572,A320,ESGG,VTSP,2025-12-22T22:15:00Z,390,,RW09,,SATV1C,,TAVUN L759 SATVA
VSV5235,B38M,UAAA,VTSP,2025-12-22T22:15:00Z,330,,RW09,,SATV1C,,TAVUN L759 SATVA
ETD404,B77W,OMAA,VTBS,2025-12-22T22:20:00Z,350,,RW01,,WILA1D,R01,NURDA L524 IBETO
ETD416,A21N,OMAA,VTSP,2025-12-22T22:20:00Z,310,,RW09,,UBNE1C,,SAPAM L645 UBNEN
KQA886,B788,HKJK,VTBS,2025-12-22T22:20:00Z,410,,RW01,,WILA1D,R01,TANEK L301 PASTO
NBT091,A320,ENGM,VTBS,2025-12-22T22:20:00Z,370,,RW01,,WILA1D,R01,BETNO P646 TARED
AUA7,B772,LOWW,VTBS,2025-12-22T22:25:00Z,390,,RW01,,WILA1D,R01,BETNO G463 TARED
IGO1051,A21N,VABB,VTBS,2025-12-22T22:25:00Z,350,,RW01,,WILA1D,R01,BETNO P646 TARED
CQH8933,A20N,ZGGG,VTCC,2025-12-22T22:30:00Z,340,,RW36,,MONL2A,R36,TOMIP R215 NAN R207 MONLO
IGO1085,A21N,VABB,VTSG,2025-12-22T22:30:00Z,370,,RW32,,EMRI1E,R32,IKULA R325 PUT Y99 EMRIT
AXM890,A320,WMKK,VTBD,2025-12-22T22:35:00Z,360,,RW21R,,SABA3A,R21R,RIGTO M769 GOKEX Y96 EMTIX Y99 HOTEL
LOL500,A320,OBBI,VTBS,2025-12-22T22:35:00Z,350,,RW01,,WILA1D,R01,BETNO P646 TARED
IGO1071,A21N,VABB,VTSP,2025-12-22T22:40:00Z,310,,RW09,,UPSA1C,,IKULA L515 UPSAB
MAS797,B738,VTBS,WMKK,2025-12-22T22:40:00Z,390,RW02R,,KASN1H,,,KASNI M757 KARMI
QTR834,A388,OTHH,VTBS,2025-12-22T22:40:00Z,410,,RW01,,WILA1D,R01,NURDA L524 IBETO
TGW608,A320,WSSS,VTBS,2025-12-22T22:40:00Z,340,,RW01,,TUMG1D,R01,ABTOK M644 ALUMO Y12 ALEMI
THY68,B789,LTFM,VTBS,2025-12-22T22:40:00Z,390,,RW01,,WILA1D,R01,LUDVI L507 IGONI
BKP1111,A319,VTBS,VTSM,2025-12-22T22:45:00Z,150,RW02R,RW17,KASN1H,,R17,KASNI M757 MABKO W33 SMU
TLM219,B738,VABB,VTBD,2025-12-22T22:50:00Z,370,,RW21R,,WEHA3A,R21R,BETNO P646 TARED
CQH8891,A320,ZSPD,VTBS,2025-12-22T22:55:00Z,340,,RW01,,EAST1D,R01,SAV A202 RAMEI W42 PAKRI Y13 RUKSA
FIN151,A359,UBBB,VTSP,2025-12-22T22:55:00Z,410,,RW09,,SATV1C,,TAVUN L759 SATVA
SIA724,B38M,WSSS,VTSP,2025-12-22T22:55:00Z,360,,RW09,,URGA1C,,DUBAX R325 URGAD
AIQ396,A320,VTBD,WADD,2025-12-22T23:00:00Z,330,RW21L,,KIGO3C,,,KIGOB Y11 BUT M904 TIDAR
AXM854,A320,WMKK,VTCC,2025-12-22T23:00:00Z,340,,RW36,,MARN2A,R36,RIGTO M769 BKK Y26 MARNI
CAL833,A333,RCTP,VTBS,2025-12-22T23:00:00Z,380,,RW01,,EAST1D,R01,BUTRA A1 UBL Y20 GRASO Y13 RUKSA
SIA706,B38M,WSSS,VTBS,2025-12-22T23:00:00Z,400,,RW01,,TUMG1D,R01,ABTOK M644 ALUMO Y12 ALEMI
TGW640,E290,WSSS,VTSM,2025-12-22T23:00:00Z,380,,RW17,,,R17,KADAX M626 IKOGA Y95 RUMVA
THA476,A359,YSSY,VTBS,2025-12-22T23:00:00Z,380,,RW01,,TUMG1D,R01,TIDAR M904 TONIK M644 ALUMO Y12 ALEMI
UAE378,B77W,OMDB,VTSP,2025-12-22T23:00:00Z,370,,RW09,,UBNE1C,,SAPAM L645 UBNEN
THY59,A333,VTBS,LTFM,2025-12-22T23:01:00Z,320,RW02R,,TARE1H,,,TARED P646 BETNO
UAE384,A388,OMDB,VTBS,2025-12-22T23:05:00Z,390,,RW01,,WILA1D,R01,NURDA L524 IBETO
AXM818,A320,WMKK,VTSP,2025-12-22T23:10:00Z,360,,RW09,,URGA1C,,DUBAX R325 URGAD
BKP109,AT76,VTBS,VTSM,2025-12-22T23:10:00Z,150,RW02R,RW17,KASN1H,,R17,KASNI M757 MABKO W33 SMU
CQH6299,A320,ZLXY,VTBS,2025-12-22T23:10:00Z,320,,RW01,,NORT1D,R01,YAKUA B346 NOBER
NWS3481,A320,UUEE,VTSP,2025-12-22T23:10:00Z,370,,RW09,,SATV1C,,TAVUN L759 SATVA
THY172,A333,LTFM,VTSP,2025-12-22T23:10:00Z,390,,RW09,,SATV1C,,TAVUN L759 SATVA
TVJ330,B38M,VTBS,VTSF,2025-12-22T23:10:00Z,330,RW02R,RW19,KASN1H,,R19,KASNI M757 LOSDA Y94 NKS
AIQ556,A320,VTBD,ZUCK,2025-12-22T23:15:00Z,330,RW21L,,NOBE4C,,,NOBER B346 YAKUA
TLM394,B739,VTBD,RCTP,2025-12-22T23:15:00Z,330,RW21L,,UPKU3C,,,UPKUP Y16 BUTRA
TLM702,B738,VTBD,VTSS,2025-12-22T23:15:00Z,350,RW21L,RW26,KASN3C,OBLE1A,R26,KASNI M757 OBLEX
BKP105,A319,VTBS,VTSM,2025-12-22T23:20:00Z,330,RW02R,RW17,KASN1H,,R17,KASNI M757 MABKO W33 SMU
CAL851,A21N,RCTP,VTCC,2025-12-22T23:20:00Z,300,,RW36,,MONL2A,R36,VTN R207 MONLO
EVA257,A321,RCTP,VTCC,2025-12-22T23:20:00Z,340,,RW36,,MONL2A,R36,VTN R207 MONLO
NOK124,B738,VTBD,VTCC,2025-12-22T23:20:00Z,70,RW21L,RW36,OLVU3C,MARN2A,R36,OLVUK Y26 MARNI
QFA295,A333,YSSY,VTBS,2025-12-22T23:20:00Z,400,,RW01,,TUMG1D,R01,TIDAR M904 TONIK M644 ALUMO Y12 ALEMI
AIQ1042,A320,VTBD,VLVT,2025-12-22T23:25:00Z,310,RW21L,,NOBE4C,,,NOBER W21 UDN R470 VTN
AIQ3160,A320,VTCC,VTSP,2025-12-22T23:25:00Z,380,RW36,RW09,PANT2C,SAVS1C,,PANTA Y7 BKK Y8 SAVSA
HKE724,A21N,VHHH,VTSP,2025-12-22T23:25:00Z,340,,RW09,,SAVS1C,,BUTRA A1 UBL W1 RAMEI W42 MENEX Y8 SAVSA
KMI525,B738,VTBS,VVNB,2025-12-22T23:25:00Z,370,RW02R,,UGUV1H,,,UGUVO Y27 PIBAN Y29 PSL W26 CMP R474 VTN
MMA376,A319,VYYY,VTCC,2025-12-22T23:25:00Z,170,,RW36,,PUMA2A,R36,BOMAS A581 PUMAM
QTR840,B77W,OTHH,VTSP,2025-12-22T23:25:00Z,350,,RW09,,UBNE1C,,SAPAM L645 UBNEN
TLM800,B738,VTBD,VTSG,2025-12-22T23:25:00Z,340,RW21L,RW32,SABI3C,NULM1E,R32,SABIS Y8 SAPUD W32 NULMA
AIQ3036,A320,VTSP,VTBD,2025-12-22T23:30:00Z,370,RW09,RW21R,IGEV1A,SABA3A,R21R,IGEVI Y5 EGUBO Y99 HOTEL DCT SABAI
AIQ3417,A320,VTCC,VTBD,2025-12-22T23:30:00Z,350,RW36,RW21R,PANT2C,NAKO3A,R21R,PANTA Y7 BLAFF DCT NAKON
BKP107,A319,VTBS,VTSM,2025-12-22T23:30:00Z,150,RW02R,RW17,KASN1H,,R17,KASNI M757 MABKO W33 SMU
MMA364,A319,VYYY,VTBD,2025-12-22T23:30:00Z,310,,RW21R,,WEHA3A,R21R,BETNO P646 TARED
NOK520,B738,VTBD,VTSP,2025-12-22T23:30:00Z,340,RW21L,RW09,SABI3C,SAVS1C,,SABIS Y8 SAVSA
QTR836,A388,OTHH,VTBS,2025-12-22T23:30:00Z,390,,RW01,,WILA1D,R01,NURDA L524 IBETO
SNY22,A320,VTBD,VTUL,2025-12-22T23:30:00Z,80,RW21L,RW19,NOBE4C,,R19,NOBER W21 CMP B218 BOVGO
SNY25,A320,VTBD,VTSE,2025-12-22T23:30:00Z,90,RW21L,RW24,SABI3C,,R24,SABIS Y8 MENEX W34 CPN
TLM117,B738,WIII,VTBD,2025-12-22T23:30:00Z,360,,RW21R,,SEHN3A,R21R,ABTOK M644 RYN
TVJ130,B38M,VTBS,VTCT,2025-12-22T23:30:00Z,300,RW02R,RW03,UGUV1H,,R03,UGUVO Y27 IKISU W22 BENVI
AIQ3102,A20N,VTBD,VTSS,2025-12-22T23:35:00Z,370,RW21L,RW26,KASN3C,OBLE1A,R26,KASNI M757 OBLEX
AIQ4402,A320,VTBS,VTSG,2025-12-22T23:35:00Z,380,RW02R,RW32,VANK1H,NULM1E,R32,VANKO Y8 SAPUD W32 NULMA
CEB5959,A21N,VTBD,RPVM,2025-12-22T23:35:00Z,330,RW21L,,GORS3C,,,GORSI N506 GOMES B204 AGEDO
FDX6001,B763,VVNB,VTBS,2025-12-22T23:35:00Z,320,,RW01,,NORT1D,R01,VTN R470 UDN W21 NOBER
THA259,A320,VTBS,VTSS,2025-12-22T23:35:00Z,350,RW02R,RW26,KASN1H,OBLE1A,R26,KASNI M757 OBLEX
TVJ100,B38M,VTBS,VTCC,2025-12-22T23:35:00Z,340,RW02R,RW36,OLVU1H,MARN2A,R36,OLVUK Y26 MARNI
AFL651,A333,VTBS,UNNT,2025-12-22T23:40:00Z,350,RW02R,,UGUV1H,,,UGUVO Y27 IKISU W22 CTR A581 PONUK
AIQ311,A320,VTBD,WMKK,2025-12-22T23:40:00Z,370,RW21L,,KIGO3C,,,KIGOB Y11 PASVA
AIQ3510,A320,VTBD,VTUI,2025-12-22T23:40:00Z,350,RW21L,RW05,ROBK3C,,R05,ROBKA A1 SELKA Y14 KRT Y23 KKN Y23/Y22
AMU996,A321,VMMC,VTBS,2025-12-22T23:40:00Z,340,,RW01,,EAST1D,R01,SAV A202 RAMEI W42 PAKRI Y13 RUKSA
BKP1103,A319,VTBS,VTSM,2025-12-22T23:40:00Z,330,RW02R,RW17,KASN1H,,R17,KASNI M757 MABKO W33 SMU
EVA075,B77W,RCTP,VTBS,2025-12-22T23:40:00Z,340,,RW01,,EAST1D,R01,BUTRA A1 UBL Y20 GRASO Y13 RUKSA
HKE756,A21N,VHHH,VTCC,2025-12-22T23:40:00Z,300,,RW36,,MONL2A,R36,TOMIP R215 NAN W12 MONLO
KMI802,B734,VTBS,VDTI,2025-12-22T23:40:00Z,330,RW02R,,GOME1S,,,GOMES N506 BOKAK
SVA846,B78X,OERK,VTBS,2025-12-22T23:40:00Z,390,,RW01,,WILA1D,R01,TANEK L301 PASTO
AIQ3437,A21N,VTBD,VTCC,2025-12-22T23:45:00Z,340,RW21L,RW36,OLVU3C,MARN2A,R36,OLVUK Y26 MARNI
AIQ3566,A320,VTBD,VTUV,2025-12-22T23:45:00Z,310,RW21L,RW36,ROBK3C,,R36,ROBKA A1 TOPER W42 RAMEI W38
AIQ775,A320,VTBD,VMMC,2025-12-22T23:45:00Z,370,RW21L,,ROBK3C,,,ROBKA A1 SANOT Y15 GUROK A202 SAV
BKP450,AT76,VTSM,VTBD,2025-12-22T23:45:00Z,160,RW35,RW21R,OLBA1B,SABA3A,R21R,OLBAG Y17 DONSI M769 GOKEX Y96 EMTIX Y99 HOTEL DCT SABAI
NOK539,B738,VTSP,VTBD,2025-12-22T23:45:00Z,390,RW09,RW21R,IGEV1A,SABA3A,R21R,IGEVI Y5 EGUBO Y99 HOTEL DCT SABAI
TLM750,B738,VTBD,VTSP,2025-12-22T23:45:00Z,340,RW21L,RW09,SABI3C,SAVS1C,,SABIS Y8 SAVSA
UPS147,B763,VTBS,WMKP,2025-12-22T23:45:00Z,310,RW02R,,KASN1H,,,KASNI M757 OBLEX Y10 HTY A457 TAMOS
AIQ3235,A21N,VTBD,VTSB,2025-12-22T23:50:00Z,320,RW21L,RW22,SABI3C,IKER1A,R22,SABIS Y8 IKERA
AIQ4150,A320,VTBS,VTCT,2025-12-22T23:50:00Z,360,RW02R,RW03,UGUV1H,,R03,UGUVO Y27 IKISU W22 BENVI
AZV2951,A320,USCC,VTSP,2025-12-22T23:50:00Z,370,,RW09,,SATV1C,,TAVUN L759 SATVA
HKE704,A21N,VHHH,VTBS,2025-12-22T23:50:00Z,340,,RW01,,EAST1D,R01,SAV A202 RAMEI W42 PAKRI Y13 RUKSA
NOK123,B738,VTCC,VTBD,2025-12-22T23:50:00Z,350,RW36,RW21R,PANT2C,NAKO3A,R21R,PANTA Y7 BLAFF DCT NAKON
TVJ314,A321,VTBS,VTSP,2025-12-22T23:50:00Z,340,RW02R,RW09,VANK1H,SAVS1C,,VANKO Y8 SAVSA
AIQ3199,A320,VTBD,VTCT,2025-12-22T23:55:00Z,360,RW21L,RW03,UGUV3C,,R03,UGUVO Y27 IKISU W22 BENVI
AIQ3522,A320,VTBD,VTUO,2025-12-22T23:55:00Z,250,RW21L,RW04,ROBK3C,,R04,ROBKA A1 TOPER W42 RAMEI W38
AIQ642,A320,VTBD,VVNB,2025-12-22T23:55:00Z,350,RW21L,,UGUV3C,,,UGUVO Y27 PIBAN Y29 PSL W26 CMP R474 VTN
IGO1073,A21N,VIDP,VTSP,2025-12-22T23:55:00Z,350,,RW09,,SATV1C,,TAVUN L759 SATVA
THA002,A21N,VTBS,VTUD,2025-12-22T23:55:00Z,270,RW02R,RW30,SELK1H,ANPU1C,R30,SELKA Y14 KRT Y23 KKN Y23/Y22
THA040,A320,VTBS,VTUK,2025-12-22T23:55:00Z,230,RW02R,RW03,SELK1H,,R03,SELKA Y14 KRT Y23 KKN Y23/Y22
TVJ811,B38M,RJFF,VTBS,2025-12-22T23:55:00Z,360,,RW01,,EAST1D,R01,BUTRA A1 UBL Y20 GRASO Y13 RUKSA
MSR5111,A320,VTBS,OJAI,2025-12-22T23:59:00Z,320,RW02R,,PAST1H,,,PASTO L301 TANEK
UAE376,A388,OMDB,VTBS,2025-12-22T23:59:00Z,410,,RW01,,WILA1D,R01,NURDA L524 IBETO
AIQ3221,A320,VTBD,VTSG,2025-12-23T00:00:00Z,340,RW21L,RW32,SABI3C,NULM1E,R32,SABIS Y8 SAPUD W32 NULMA
AIQ3308,A320,VTBD,VTPP,2025-12-23T00:00:00Z,220,RW21L,RW32,UGUV3C,,R32,UGUVO Y27 PIBAN
AIQ359,A320,VTBD,WSSS,2025-12-23T00:00:00Z,350,RW21L,,KIGO3C,,,KIGOB Y11 PASVA
BKP102,A319,VTSM,VTBS,2025-12-23T00:00:00Z,340,RW35,RW01,OLBA1B,LEBI1D,R01,OLBAG Y17 DONSI M769 LEBIM
BKP125,A319,VTBS,VTSM,2025-12-23T00:00:00Z,310,RW02R,RW17,KASN1H,,R17,KASNI M757 MABKO W33 SMU
BKP211,AT76,VTBS,VTPO,2025-12-23T00:00:00Z,160,RW02R,RW36,OLVU1H,,R36,OLVUK Y26 ELDAL Y32 KIMET
CBY101,AT75,VTBD,VTSS,2025-12-23T00:00:00Z,170,RW21L,RW26,KASN3C,OBLE1A,R26,KASNI M757 OBLEX
THA020,A320,VTBS,VTUU,2025-12-23T00:00:00Z,270,RW02R,RW05,SELK1H,VENP1C,R05,SELKA A1
TLM782,B738,VTBD,VTSF,2025-12-23T00:00:00Z,310,RW21L,RW19,KASN3C,,R19,KASNI M757 LOSDA Y94 NKS
WHK03,A320,VTBD,VTCC,2025-12-23T00:00:00Z,340,RW21L,RW36,OLVU3C,MARN2A,R36,OLVUK Y26 MARNI
AIQ4101,A320,VTCC,VTBS,2025-12-23T00:05:00Z,350,RW36,RW01,PANT2C,NORT1D,R01,PANTA Y7 BLAFF DCT NORTA
AIQ4350,A320,VTBS,VTUD,2025-12-23T00:05:00Z,290,RW02R,RW30,SELK1H,ANPU1C,R30,SELKA Y14 KRT Y23 KKN Y23/Y22
AIQ570,A320,VTBD,ZHHH,2025-12-23T00:05:00Z,350,RW21L,,NOBE4C,,,NOBER W21 CMP R474 VTN
BKP261,A319,VTBS,VTSG,2025-12-23T00:05:00Z,360,RW02R,RW32,VANK1H,NULM1E,R32,VANKO Y8 SAPUD W32 NULMA
CSN357,A21N,ZGGG,VTBS,2025-12-23T00:05:00Z,300,,RW01,,EAST1D,R01,SAV A202 RAMEI W42 PAKRI Y13 RUKSA
EVA067,B77W,RCTP,VTBS,2025-12-23T00:05:00Z,340,,RW01,,EAST1D,R01,BUTRA A1 UBL Y20 GRASO Y13 RUKSA
THA637,A320,RCTP,VTBS,2025-12-23T00:05:00Z,340,,RW01,,EAST1D,R01,BUTRA A1 UBL Y20 GRASO Y13 RUKSA
TVJ210,B38M,VTBS,VTUK,2025-12-23T00:05:00Z,250,RW02R,RW03,SELK1H,,R03,SELKA Y14 KRT Y23 KKN Y23/Y22
TVJ340,A321,VTBS,VTSG,2025-12-23T00:05:00Z,360,RW02R,RW32,VANK1H,NULM1E,R32,VANKO Y8 SAPUD W32 NULMA
AIQ3116,A320,VTBD,VTSS,2025-12-23T00:10:00Z,370,RW21L,RW26,KASN3C,OBLE1A,R26,KASNI M757 OBLEX
AIQ3188,A320,VTBD,VTSF,2025-12-23T00:10:00Z,350,RW21L,RW19,KASN3C,,R19,KASNI M757 LOSDA Y94 NKS
AIQ608,A320,VTBD,VDTI,2025-12-23T00:10:00Z,390,RW21L,,GORS3C,,,GORSI N506 BOKAK
ANA806,B789,VTBS,RJAA,2025-12-23T00:10:00Z,370,RW02R,,LIPL1S,,,LIPLI Y16 BUTRA
CES9639,B738,ZPPP,VTCC,2025-12-23T00:10:00Z,340,,RW36,,MONL2A,R36,VTN R207 MONLO
THA426,A320,WMKP,VTBS,2025-12-23T00:10:00Z,360,,RW01,,LEBI1D,R01,RIGTO M769 LEBIM
UBA019,B738,VYYY,VTBS,2025-12-23T00:10:00Z,350,,RW01,,WILA1D,R01,BETNO G463 TARED
AIQ3034,A320,VTBD,VTSP,2025-12-23T00:15:00Z,360,RW21L,RW09,SABI3C,SAVS1C,,SABIS Y8 SAVSA
AIQ3362,A320,VTBD,VTUD,2025-12-23T00:15:00Z,270,RW21L,RW30,ROBK3C,ANPU1C,R30,ROBKA A1 SELKA Y14 KRT Y23 KKN Y23/Y22
AIQ3398,A320,VTBD,VTUW,2025-12-23T00:15:00Z,370,RW21L,RW15,ROBK3C,,R15,ROBKA A1 SELKA Y14 KRT Y23 KKN Y23/Y22
AWQ250,A320,WIII,VTBD,2025-12-23T00:15:00Z,360,,RW21R,,SEHN3A,R21R,ABTOK M644 RYN
BKP110,AT76,VTSM,VTBS,2025-12-23T00:15:00Z,160,RW35,RW01,OLBA1B,LEBI1D,R01,OLBAG Y17 DONSI M769 LEBIM
CHH423,B38M,ZUCK,VTBS,2025-12-23T00:15:00Z,320,,RW01,,NORT1D,R01,VTN R470 UDN W21 NOBER
CSZ281,A20N,ZBYC,VTBS,2025-12-23T00:15:00Z,360,,RW01,,NORT1D,R01,VTN R470 UDN W21 NOBER
TAX601,A333,RJAA,VTBD,2025-12-23T00:15:00Z,340,,RW21R,,ENDU3A,R21R,BUTRA A1 UBL Y20 UBLOD
THA402,A320,WSSS,VTBS,2025-12-23T00:15:00Z,380,,RW01,,TUMG1D,R01,ABTOK M644 ALUMO Y12 ALEMI
THA663,B772,ZSPD,VTBS,2025-12-23T00:15:00Z,400,,RW01,,EAST1D,R01,SAV A202 RAMEI W42 PAKRI Y13 RUKSA
AIQ251,A320,VTBD,VYYY,2025-12-23T00:20:00Z,340,RW21L,,TARE3C,,,TARED P646 BETNO
SIA726,B38M,WSSS,VTSP,2025-12-23T00:20:00Z,360,,RW09,,URGA1C,,DUBAX R325 URGAD
TLM670,B738,VTBD,VTUW,2025-12-23T00:20:00Z,350,RW21L,RW15,ROBK3C,,R15,ROBKA A1 SELKA Y14 KRT Y23 KKN Y23/Y22
AIQ3148,A320,VTBD,VTSE,2025-12-23T00:25:00Z,280,RW21L,RW24,SABI3C,,R24,SABIS Y8 MENEX W34 CPN
AIQ3250,A320,VTBD,VTUK,2025-12-23T00:25:00Z,310,RW21L,RW03,ROBK3C,,R03,ROBKA A1 SELKA Y14 KRT Y23 KKN Y23/Y22
AIQ634,A21N,VTBD,VVDN,2025-12-23T00:25:00Z,330,RW21L,,UPKU3C,,,UPKUP Y16 BUTRA
EVA211,B77W,RCTP,VTBS,2025-12-23T00:25:00Z,360,,RW01,,EAST1D,R01,BUTRA A1 UBL Y20 GRASO Y13 RUKSA
THA102,A320,VTBS,VTCC,2025-12-23T00:25:00Z,340,RW02R,RW36,OLVU1H,MARN2A,R36,OLVUK Y26 MARNI
THA586,A320,VTBS,VDTI,2025-12-23T00:25:00Z,330,RW02R,,GOME1S,,,GOMES N506 BOKAK
TLM734,B738,VTBD,VTSB,2025-12-23T00:25:00Z,300,RW21L,RW22,SABI3C,IKER1A,R22,SABIS Y8 IKERA
AIQ4212,A320,VTBS,VTSB,2025-12-23T00:30:00Z,380,RW02R,RW22,VANK1H,IKER1A,R22,VANKO Y8 IKERA
AIQ656,A320,VTBD,VVTS,2025-12-23T00:30:00Z,330,RW21L,,GORS3C,,,GORSI N506 BOKAK
AIQ8163,A320,VTSP,VTBD,2025-12-23T00:30:00Z,370,RW09,RW21R,IGEV1A,SABA3A,R21R,IGEVI Y5 EGUBO Y99 HOTEL DCT SABAI
BKP121,A319,VTBS,VTSM,2025-12-23T00:30:00Z,330,RW02R,RW17,KASN1H,,R17,KASNI M757 MABKO W33 SMU
BKP408,AT76,VTSP,VTSM,2025-12-23T00:30:00Z,150,RW09,RW17,EMRI1A,,R17,EMRIT Y99 AKVUG Y93 SMU
CBG8909,A320,ZGNN,VTBS,2025-12-23T00:30:00Z,320,,RW01,,NORT1D,R01,VTN R470 UDN W21 NOBER
CPA705,A333,VHHH,VTBS,2025-12-23T00:30:00Z,360,,RW01,,EAST1D,R01,SAV A202 RAMEI W42 PAKRI Y13 RUKSA
CPA787,A333,VHHH,VTSP,2025-12-23T00:30:00Z,380,,RW09,,SAVS1C,,BUTRA A1 UBL W1 RAMEI W42 MENEX Y8 SAVSA
DRK131,A20N,VTBS,VEBD,2025-12-23T00:30:00Z,360,RW02R,,NUNL1S,,,NUNLI L507 LUDVI
JYH1230,B738,VTBS,ZSQZ,2025-12-23T00:30:00Z,330,RW02R,,SELK1H,,,SELKA A1 SANOT Y15 GUROK A202 SAV
RJA182,B789,OJAI,VTBS,2025-12-23T00:30:00Z,410,,RW01,,WILA1D,R01,TANEK L301 PASTO
AIQ3140,A320,VTBD,VTSR,2025-12-23T00:35:00Z,340,RW21L,,SABI3C,,,SABIS Y8 MENEX W34 RAN
CES541,B789,ZSPD,VTBS,2025-12-23T00:35:00Z,340,,RW01,,EAST1D,R01,SAV A202 RAMEI W42 PAKRI Y13 RUKSA
RWZ3297,A320,UTAV,VTSP,2025-12-23T00:35:00Z,350,,RW09,,SATV1C,,TAVUN L759 SATVA
THA241,A320,VTBS,VTSG,2025-12-23T00:35:00Z,340,RW02R,RW32,VANK1H,NULM1E,R32,VANKO Y8 SAPUD W32 NULMA
THA659,A359,RKSI,VTBS,2025-12-23T00:35:00Z,400,,RW01,,EAST1D,R01,BUTRA A1 UBL Y20 GRASO Y13 RUKSA
TLM550,B738,VTBD,VTPP,2025-12-23T00:35:00Z,220,RW21L,RW32,UGUV3C,,R32,UGUVO Y27 PIBAN
AIQ1032,A320,VTBD,VLLB,2025-12-23T00:40:00Z,370,RW21L,,NOBE4C,,,NOBER W21 UDN R470 VTN
CHH7939,A20N,ZJHK,VTBS,2025-12-23T00:40:00Z,340,,RW01,,EAST1D,R01,SAV A202 RAMEI W42 PAKRI Y13 RUKSA
CQH8521,A20N,ZSPD,VTSP,2025-12-23T00:40:00Z,340,,RW09,,SAVS1C,,SAV A202 RAMEI W42 MENEX Y8 SAVSA
CXA853,A21N,ZSAM,VTBS,2025-12-23T00:40:00Z,340,,RW01,,EAST1D,R01,SAV A202 RAMEI W42 PAKRI Y13 RUKSA
FDX6091,B763,VVTS,VTBS,2025-12-23T00:40:00Z,340,,RW01,,TUMG1D,R01,VAPVU P629 NUGPA
LAO441,AT76,VLVT,VTBS,2025-12-23T00:40:00Z,300,,RW01,,NORT1D,R01,VTN R470 UDN W21 NOBER
THA201,A320,VTBS,VTSP,2025-12-23T00:40:00Z,360,RW02R,RW09,VANK1H,SAVS1C,,VANKO Y8 SAVSA
TLM620,B738,VTBD,VTUU,2025-12-23T00:40:00Z,290,RW21L,RW05,ROBK3C,VENP1C,R05,ROBKA A1
AIQ230,A21N,VTBD,RCTP,2025-12-23T00:45:00Z,370,RW21L,,UPKU3C,,,UPKUP Y16 BUTRA
BKP1112,A319,VTSM,VTBS,2025-12-23T00:45:00Z,160,RW35,RW01,OLBA1B,LEBI1D,R01,OLBAG Y17 DONSI M769 LEBIM
BKP270,A319,VTSP,VTBS,2025-12-23T00:45:00Z,390,RW09,RW01,EMRI1A,LEBI1D,R01,EMRIT Y99 NONEL Y98 LEBIM
THA560,A320,VTBS,VVNB,2025-12-23T00:45:00Z,350,RW02R,,UGUV1H,,,UGUVO Y27 PIBAN Y29 PSL W26 CMP R474 VTN
THA588,A320,VTBS,VDSA,2025-12-23T00:45:00Z,290,RW02R,,GOME1S,,,GOMES N506 BOKAK
THA641,A320,RJAA,VTBS,2025-12-23T00:45:00Z,400,,RW01,,EAST1D,R01,BUTRA A1 UBL Y20 GRASO Y13 RUKSA
AIQ3241,A320,VTBD,VTST,2025-12-23T00:50:00Z,340,RW21L,RW08,SABI3C,,R08,SABIS Y8 SAPUD W24 TRN
AIQ4124,A320,VTBS,VTSP,2025-12-23T00:50:00Z,340,RW02R,RW09,VANK1H,SAVS1C,,VANKO Y8 SAVSA
AXM880,A320,WMKK,VTBD,2025-12-23T00:50:00Z,360,,RW21R,,SABA3A,R21R,RIGTO M769 GOKEX Y96 EMTIX Y99 HOTEL
CES9622,B738,VTBS,ZPPP,2025-12-23T00:50:00Z,350,RW02R,,UGUV1H,,,UGUVO Y27 IKISU W22 CTR A581 PONUK
KAL657,B77W,RKSI,VTBS,2025-12-23T00:50:00Z,380,,RW01,,EAST1D,R01,BUTRA A1 UBL Y20 GRASO Y13 RUKSA
NOK361,B738,VTUI,VTBD,2025-12-23T00:50:00Z,340,RW05,RW21R,OMNI,ENDU3A,R21R,Y22/Y23 KKN Y23 KRT Y20 UBLOD DCT ENDUU
TLM771,B738,VTSP,VTBD,2025-12-23T00:50:00Z,330,RW09,RW21R,IGEV1A,SABA3A,R21R,IGEVI Y5 EGUBO Y99 HOTEL DCT SABAI
AIQ480,A320,VTBD,ZGHA,2025-12-23T00:55:00Z,350,RW21L,,NOBE4C,,,NOBER W21 CMP R474 VTN
AIQ646,A320,VTBD,VVCR,2025-12-23T00:55:00Z,350,RW21L,,GORS3C,,,GORSI N506 GOMES B204 AGEDO
AXB938,A320,VOHS,VTSP,2025-12-23T00:55:00Z,370,,RW09,,SATV1C,,TAVUN L759 SATVA
BKP104,A319,VTSM,VTBS,2025-12-23T00:55:00Z,340,RW35,RW01,OLBA1B,LEBI1D,R01,OLBAG Y17 DONSI M769 LEBIM
BKP903,AT76,VTBS,VDSA,2025-12-23T00:55:00Z,170,RW02R,,GOME1S,,,GOMES N506 BOKAK
CPA756,A333,VTBS,VHHH,2025-12-23T00:55:00Z,410,RW02R,,LIPL1S,,,LIPLI Y16 BUTRA
MMA335,A320,VYYY,VTBS,2025-12-23T00:55:00Z,310,,RW01,,WILA1D,R01,BETNO G463 TARED
TAX613,A333,RJBB,VTBD,2025-12-23T00:55:00Z,380,,RW21R,,ENDU3A,R21R,BUTRA Y16 UPKUP
TGW678,E290,WSSS,VTSP,2025-12-23T00:55:00Z,360,,RW09,,URGA1C,,DUBAX R325 URGAD
TLM100,B738,VTBD,WSSS,2025-12-23T00:55:00Z,350,RW21L,,KIGO3C,,,KIGOB Y11 PASVA
AIC2378,A20N,VIDP,VTSP,2025-12-23T01:00:00Z,370,,RW09,,SATV1C,,TAVUN L759 SATVA
AIQ737,A320,RJFF,VTBD,2025-12-23T01:00:00Z,300,,RW21R,,NAKO3A,R21R,VTN R470 UDN W21 NOBER
APG285,A320,RPLL,VTBD,2025-12-23T01:00:00Z,340,,RW21R,,SEHN3A,R21R,TUPGO M633 DULEM
BKP271,A319,VTBS,VTSP,2025-12-23T01:00:00Z,340,RW02R,RW09,VANK1H,SAVS1C,,VANKO Y8 SAVSA
BOX531,B77L,VTBS,OBBI,2025-12-23T01:00:00Z,320,RW02R,,PAST1H,,,PASTO L301 TANEK
CBY02,AT75,VTBD,VTPP,2025-12-23T01:00:00Z,140,RW21L,RW32,UGUV3C,,R32,UGUVO Y27 PIBAN
CQH7419,A20N,ZGGG,VTBS,2025-12-23T01:00:00Z,340,,RW01,,EAST1D,R01,SAV A202 RAMEI W42 PAKRI Y13 RUKSA
FIN142,A359,VTBS,EFHK,2025-12-23T01:00:00Z,360,RW02R,,TARE1H,,,TARED P646 BETNO
HSAMB,A320,VTBD,VTCT,2025-12-23T01:00:00Z,240,RW21L,RW03,UGUV3C,,R03,UGUVO Y27 IKISU W22 BENVI
JCO8,A320,VTSP,ZYTL,2025-12-23T01:00:00Z,430,RW09,,EMRI1A,,,EMRIT Y99 BKK R474 VTN
LKY625,C130,VTBD,VTBP,2025-12-23T01:00:00Z,140,RW21L,RW08,UKER3C,,,MOTNA G458 UKERA
MAS784,B38M,WMKK,VTBS,2025-12-23T01:00:00Z,360,,RW01,,LEBI1D,R01,RIGTO M769 LEBIM
TGW676,E290,WSSS,VTCC,2025-12-23T01:00:00Z,360,,RW36,,MARN2A,R36,GOLUD M751 BKK Y26 MARNI
THA203,A21N,VTBS,VTSP,2025-12-23T01:00:00Z,360,RW02R,RW09,VANK1H,SAVS1C,,VANKO Y8 SAVSA
THA403,A359,VTBS,WSSS,2025-12-23T01:00:00Z,410,RW02R,,BUT1H,,,BUT Y11 PASVA
THA620,A21N,VTBS,RPLL,2025-12-23T01:00:00Z,370,RW02R,,GOME1S,,,GOMES B204 AGEDO
THA652,A359,VTBS,RKSI,2025-12-23T01:00:00Z,410,RW02R,,LIPL1S,,,LIPLI Y16 BUTRA
THA671,B789,RJCC,VTBS,2025-12-23T01:00:00Z,400,,RW01,,EAST1D,R01,BUTRA A1 UBL Y20 GRASO Y13 RUKSA
TLM503,B738,VTCC,VTBD,2025-12-23T01:00:00Z,330,RW36,RW21R,PANT2C,NAKO3A,R21R,PANTA Y7 BLAFF DCT NAKON
TLM600,B738,VTBD,VTUD,2025-12-23T01:00:00Z,310,RW21L,RW30,ROBK3C,ANPU1C,R30,ROBKA A1 SELKA Y14 KRT Y23 KKN Y23/Y22
TVJ331,B38M,VTSF,VTBS,2025-12-23T01:00:00Z,340,RW01,RW01,TAWI1A,LEBI1D,R01,NKS Y94 DOXAS M769 LEBIM
AIQ1043,A320,VLVT,VTBD,2025-12-23T01:05:00Z,300,,RW21R,,NAKO3A,R21R,VTN CMP W21 NOBER
BKP123,A319,VTBS,VTSM,2025-12-23T01:05:00Z,350,RW02R,RW17,KASN1H,,R17,KASNI M757 MABKO W33 SMU
BKP215,A320,VTBS,VTCC,2025-12-23T01:05:00Z,360,RW02R,RW36,OLVU1H,MARN2A,R36,OLVUK Y26 MARNI
CQH7421,A320,ZSPD,VTBS,2025-12-23T01:05:00Z,340,,RW01,,EAST1D,R01,SAV A202 RAMEI W42 PAKRI Y13 RUKSA
JAL708,B788,VTBS,RJAA,2025-12-23T01:05:00Z,410,RW02R,,LIPL1S,,,LIPLI Y16 BUTRA
NOK102,B738,VTBD,VTCT,2025-12-23T01:05:00Z,360,RW21L,RW03,UGUV3C,,R03,UGUVO Y27 IKISU W22 BENVI
NOK125,B738,VTCC,VTBD,2025-12-23T01:05:00Z,370,RW36,RW21R,PANT2C,NAKO3A,R21R,PANTA Y7 BLAFF DCT NAKON
NOK321,B738,VTUU,VTBD,2025-12-23T01:05:00Z,320,RW05,RW21R,ASAB1B,ENDU3A,R21R,Y20 UBLOD DCT ENDUU
SIA728,B38M,WSSS,VTSP,2025-12-23T01:05:00Z,360,,RW09,,URGA1C,,DUBAX R325 URGAD
TLM824,B738,VTBD,VTST,2025-12-23T01:05:00Z,340,RW21L,RW08,SABI3C,,R08,SABIS Y8 SAPUD W24 TRN
AIQ3416,A320,VTBD,VTCC,2025-12-23T01:10:00Z,340,RW21L,RW36,OLVU3C,MARN2A,R36,OLVUK Y26 MARNI
AIQ3554,A20N,VTBD,VTCN,2025-12-23T01:10:00Z,320,RW21L,RW02,UGUV3C,,R02,UGUVO Y27 IBUBU W25 NAN
BKP301,A319,VTBS,VTBO,2025-12-23T01:10:00Z,150,RW02R,RW23,RYN1H,,R23,RYN
CPA717,A21N,VHHH,VTBS,2025-12-23T01:10:00Z,400,,RW01,,EAST1D,R01,SAV A202 RAMEI W42 PAKRI Y13 RUKSA
CSZ309,A320,ZGSZ,VTBS,2025-12-23T01:10:00Z,300,,RW01,,EAST1D,R01,SAV A202 RAMEI W42 PAKRI Y13 RUKSA
MAS786,B38M,WMKK,VTSP,2025-12-23T01:10:00Z,360,,RW09,,URGA1C,,DUBAX R325 URGAD
THA130,A320,VTBS,VTCT,2025-12-23T01:10:00Z,360,RW02R,RW03,UGUV1H,,R03,UGUVO Y27 IKISU W22 BENVI
TLM532,B739,VTBD,VTCT,2025-12-23T01:10:00Z,340,RW21L,RW03,UGUV3C,,R03,UGUVO Y27 IKISU W22 BENVI
UZB532,B788,VTBS,UZTT,2025-12-23T01:10:00Z,340,RW02R,,NUNL1S,,,IGONI L507 LUDVI
ACA66,B789,VTBS,CYVR,2025-12-23T01:15:00Z,330,RW02R,,SELK1S,,,RUKSA Y13 GRASO Y20 UBL A1 BUTRA
AXM819,A320,VTSP,WMKK,2025-12-23T01:15:00Z,330,RW09,,REBE1A,,,REBED B579 DALAN
BKP251,AT76,VTSM,VTSP,2025-12-23T01:15:00Z,140,RW35,RW09,ENRA1B,SAVS1C,,DORNA W32 SAPUD Y8 SAVSA
BKP965,A319,VTSM,WSSS,2025-12-23T01:15:00Z,370,RW35,,RUMV1B,,,RUMVA Y95 IKOGA Y24 PASVA
KME701,A320,VDTI,VTBS,2025-12-23T01:15:00Z,300,,RW01,,TUMG1D,R01,VAPVU P629 NUGPA
QTR831,B77W,VTBS,OTHH,2025-12-23T01:15:00Z,320,RW02R,,PAST1H,,,PASTO L301 TANEK
SIA708,B78X,WSSS,VTBS,2025-12-23T01:15:00Z,380,,RW01,,TUMG1D,R01,ABTOK M644 ALUMO Y12 ALEMI
SPAR14,A320,VTBD,VTCC,2025-12-23T01:15:00Z,240,RW21L,RW36,OLVU3C,MARN2A,R36,OLVUK Y26 MARNI
TAX614,A333,VTBD,RJBB,2025-12-23T01:15:00Z,410,RW21L,,UPKU3C,,,UPKUP Y16 BUTRA
THA600,B77W,VTBS,VHHH,2025-12-23T01:15:00Z,410,RW02R,,LIPL1S,,,LIPLI Y16 BUTRA
THA632,B77W,VTBS,RCTP,2025-12-23T01:15:00Z,370,RW02R,,LIPL1S,,,LIPLI Y16 BUTRA
THA672,B77W,VTBS,RJBB,2025-12-23T01:15:00Z,330,RW02R,,LIPL1S,,,LIPLI Y16 BUTRA
THA676,B77W,VTBS,RJAA,2025-12-23T01:15:00Z,330,RW02R,,LIPL1S,,,LIPLI Y16 BUTRA
TVJ415,A320,VTSP,VTCC,2025-12-23T01:15:00Z,340,RW09,RW36,IGEV1A,MARN2A,R36,IGEVI Y5 EGUBO Y99 BKK Y26 MARNI
AFL644,B738,UHWW,VTBS,2025-12-23T01:20:00Z,360,,RW01,,NORT1D,R01,VTN R470 UDN W21 NOBER
AIQ3037,A320,VTBD,VTSP,2025-12-23T01:20:00Z,360,RW21L,RW09,SABI3C,SAVS1C,,SABIS Y8 SAVSA
AIQ3511,A320,VTUI,VTBD,2025-12-23T01:20:00Z,320,RW05,RW21R,OMNI,ENDU3A,R21R,Y22/Y23 KKN Y23 KRT Y20 UBLOD DCT ENDUU
CSN362,A21N,VTBS,ZGGG,2025-12-23T01:20:00Z,330,RW02R,,SELK1H,,,SELKA A1 SANOT Y15 GUROK A202 SAV
DKH1323,A320,ZSPD,VTSP,2025-12-23T01:20:00Z,340,,RW09,,SAVS1C,,SAV A202 RAMEI W42 MENEX Y8 SAVSA
QTR843,B77W,VTSP,OTHH,2025-12-23T01:20:00Z,360,RW09,,UBNE1A,,,UBNEN L645 SAPAM
TGW606,E290,WSSS,VTBS,2025-12-23T01:20:00Z,400,,RW01,,TUMG1D,R01,ABTOK M644 ALUMO Y12 ALEMI
THA433,A333,VTBS,WIII,2025-12-23T01:20:00Z,410,RW02R,,BUT1H,,,BUT Y11 PASVA
THA461,A359,VTBS,YMML,2025-12-23T01:20:00Z,370,RW02R,,BUT1H,,,BUT M904 TIDAR
UAL820,B789,VHHH,VTBS,2025-12-23T01:20:00Z,380,,RW01,,EAST1D,R01,SAV A202 RAMEI W42 PAKRI Y13 RUKSA
ABY822,A20N,VTBS,OMSJ,2025-12-23T01:25:00Z,280,RW02R,,PAST1H,,,PASTO L301 TANEK
AIQ3203,A20N,VTBD,VTCT,2025-12-23T01:25:00Z,360,RW21L,RW03,UGUV3C,,R03,UGUVO Y27 IKISU W22 BENVI
AIQ3523,A320,VTUO,VTBD,2025-12-23T01:25:00Z,240,RW22,RW21R,OMNI,ENDU3A,R21R,W38 RAMEI Y20 UBLOD DCT ENDUU
AIQ3567,A320,VTUV,VTBD,2025-12-23T01:25:00Z,280,RW18,RW21R,ANKI1A,ENDU3A,R21R,W38 RAMEI Y20 UBLOD DCT ENDUU
DKH1359,A320,ZSPD,VTBS,2025-12-23T01:25:00Z,340,,RW01,,EAST1D,R01,SAV A202 RAMEI W42 PAKRI Y13 RUKSA
MMA365,A319,VTBD,VYYY,2025-12-23T01:25:00Z,320,RW21L,,TARE3C,,,TARED P646 BETNO
PAL730,B77W,RPLL,VTBS,2025-12-23T01:25:00Z,340,,RW01,,TUMG1D,R01,TUPGO M633 DULEM DCT GOMES
QTR851,B77W,VTSP,OTHH,2025-12-23T01:25:00Z,320,RW09,,UBNE1A,,,UBNEN L645 SAPAM
SJX741,A359,RCTP,VTBS,2025-12-23T01:25:00Z,400,,RW01,,EAST1D,R01,BUTRA A1 UBL Y20 GRASO Y13 RUKSA
THA041,A320,VTUK,VTBS,2025-12-23T01:25:00Z,240,RW21,RW01,EMRU1B,EAST1D,R01,Y22/Y23 KKN Y23 KRT Y20 UBLOD DCT EASTE
THA484,B788,YPPH,VTBS,2025-12-23T01:25:00Z,400,,RW01,,TUMG1D,R01,ABTOK M644 ALUMO Y12 ALEMI
TLM703,B738,VTSS,VTBD,2025-12-23T01:25:00Z,360,RW26,RW21R,DAND1C,SABA3A,R21R,DANDO M769 GOKEX Y96 EMTIX Y99 HOTEL DCT SABAI
UBT794,A320,VTBS,EGKK,2025-12-23T01:25:00Z,280,RW02R,,TARE1H,,,TARED P646 BETNO
AIQ240,A20N,VTBD,ROAH,2025-12-23T01:30:00Z,370,RW21L,,UPKU3C,,,UPKUP Y16 BUTRA
AIQ3309,A320,VTPP,VTBD,2025-12-23T01:30:00Z,230,RW32,RW21R,PEBL1B,NAKO3A,R21R,PEBLI Y28 BLAFF DCT NAKON
AIQ3370,A20N,VTBD,VTUU,2025-12-23T01:30:00Z,350,RW21L,RW05,ROBK3C,VENP1C,R05,ROBKA A1
AIQ3438,A21N,VTCC,VTBD,2025-12-23T01:30:00Z,330,RW36,RW21R,PANT2C,NAKO3A,R21R,PANTA Y7 BLAFF DCT NAKON
AIQ4202,A320,VTBS,VTSS,2025-12-23T01:30:00Z,350,RW02R,RW26,KASN1H,OBLE1A,R26,KASNI M757 OBLEX
BKP106,A319,VTSM,VTBS,2025-12-23T01:30:00Z,340,RW35,RW01,OLBA1B,LEBI1D,R01,OLBAG Y17 DONSI M769 LEBIM
CDG2483,B738,ZSQD,VTBS,2025-12-23T01:30:00Z,360,,RW01,,NORT1D,R01,VTN R470 UDN W21 NOBER
CSN8355,B738,ZGOW,VTBS,2025-12-23T01:30:00Z,300,,RW01,,EAST1D,R01,SAV A202 RAMEI W42 PAKRI Y13 RUKSA
CTJ3859,B738,ZUCK,VTBS,2025-12-23T01:30:00Z,300,,RW01,,NORT1D,R01,VTN R470 UDN W21 NOBER
MMA337,E190,VYMD,VTBS,2025-12-23T01:30:00Z,370,,RW01,,WILA1D,R01,LUDVI L507 IGONI
MTL160,E135,VTBD,VTUD,2025-12-23T01:30:00Z,170,RW21L,RW30,ROBK3C,ANPU1C,R30,ROBKA A1 SELKA Y14 KRT Y23 KKN Y23/Y22
NOK521,B738,VTSP,VTBD,2025-12-23T01:30:00Z,370,RW09,RW21R,IGEV1A,SABA3A,R21R,IGEVI Y5 EGUBO Y99 HOTEL DCT SABAI
OMS464,A21N,VTBS,OOMS,2025-12-23T01:30:00Z,320,RW02R,,PAST1H,,,PASTO L301 TANEK
THA003,A21N,VTUD,VTBS,2025-12-23T01:30:00Z,260,RW12,RW01,ANPU1B,EAST1D,R01,Y22/Y23 KKN Y23 KRT Y20 UBLOD DCT EASTE
THA323,A320,VTBS,VIDP,2025-12-23T01:30:00Z,340,RW02R,,TARE1H,,,TARED P646 BETNO
THA475,A359,VTBS,YSSY,2025-12-23T01:30:00Z,370,RW02R,,BUT1H,,,BUT M904 TIDAR
TVJ131,B38M,VTCT,VTBS,2025-12-23T01:30:00Z,350,RW21,RW01,DUBE1B,NORT1D,R01,DUBEN Y28 BLAFF DCT NORTA
TVJ200,B38M,VTBS,VTUD,2025-12-23T01:30:00Z,270,RW02R,RW30,SELK1H,ANPU1C,R30,SELKA Y14 KRT Y23 KKN Y23/Y22
TVJ720,A320,VTBS,VDTI,2025-12-23T01:30:00Z,310,RW02R,,GOME1S,,,GOMES N506 BOKAK
AIQ3103,A320,VTSS,VTBD,2025-12-23T01:35:00Z,380,RW26,RW21R,DAND1C,SABA3A,R21R,DANDO M769 GOKEX Y96 EMTIX Y99 HOTEL DCT SABAI
AXB242,A320,VAPO,VTBS,2025-12-23T01:35:00Z,390,,RW01,,WILA1D,R01,BETNO G463 TARED
AXM891,A320,VTBD,WMKK,2025-12-23T01:35:00Z,370,RW21L,,KIGO3C,,,KIGOB Y11 PASVA
CSC3930,A21N,VTSP,ZUTF,2025-12-23T01:35:00Z,330,RW09,,EMRI1A,,,EMRIT Y99 BKK Y27 IBUBU W25 NAN R215 TOMIP
MMA377,A319,VTCC,VYYY,2025-12-23T01:35:00Z,180,RW36,,PUMA2C,,,PUMAM A581 BOMAS
THA683,A359,RJTT,VTBS,2025-12-23T01:35:00Z,380,,RW01,,EAST1D,R01,BUTRA A1 UBL Y20 GRASO Y13 RUKSA
TLM506,B738,VTBD,VTCC,2025-12-23T01:35:00Z,320,RW21L,RW36,OLVU3C,MARN2A,R36,OLVUK Y26 MARNI
TLM704,B738,VTBD,VTSS,2025-12-23T01:35:00Z,350,RW21L,RW26,KASN3C,OBLE1A,R26,KASNI M757 OBLEX
TVJ101,B38M,VTCC,VTBS,2025-12-23T01:35:00Z,350,RW36,RW01,PANT2C,NORT1D,R01,PANTA Y7 BLAFF DCT NORTA
AIQ3038,A320,VTSP,VTBD,2025-12-23T01:40:00Z,370,RW09,RW21R,IGEV1A,SABA3A,R21R,IGEVI Y5 EGUBO Y99 HOTEL DCT SABAI
AIQ4151,A320,VTCT,VTBS,2025-12-23T01:40:00Z,370,RW21,RW01,DUBE1B,NORT1D,R01,DUBEN Y28 BLAFF DCT NORTA
AIQ4351,A320,VTUD,VTBS,2025-12-23T01:40:00Z,300,RW12,RW01,ANPU1B,EAST1D,R01,Y22/Y23 KKN Y23 KRT Y20 UBLOD DCT EASTE
CSC9105,A21N,ZGSZ,VTBS,2025-12-23T01:40:00Z,300,,RW01,,EAST1D,R01,SAV A202 RAMEI W42 PAKRI Y13 RUKSA
HVN601,A321,VVTS,VTBS,2025-12-23T01:40:00Z,360,,RW01,,TUMG1D,R01,VAPVU P629 NUGPA
SIA723,B38M,VTSP,WSSS,2025-12-23T01:40:00Z,350,RW09,,EPGO1A,,,EPGOT W14 HTY A334 PASVA
THA021,A320,VTUU,VTBS,2025-12-23T01:40:00Z,280,RW05,RW01,ASAB1B,EAST1D,R01,Y20 GRASO Y13 RUKSA DCT EASTE
TVJ211,B38M,VTUK,VTBS,2025-12-23T01:40:00Z,300,RW21,RW01,EMRU1B,EAST1D,R01,Y22/Y23 KKN Y23 KRT Y20 UBLOD DCT EASTE
AIQ3200,A320,VTCT,VTBD,2025-12-23T01:45:00Z,370,RW21,RW21R,DUBE1B,NAKO3A,R21R,DUBEN Y28 BLAFF DCT NAKON
AIQ3236,A21N,VTSB,VTBD,2025-12-23T01:45:00Z,350,RW04,RW21R,NIXE1D,SABA3A,R21R,NIXET Y99 HOTEL DCT SABAI
AIQ518,A320,VTBD,VHHH,2025-12-23T01:45:00Z,370,RW21L,,UPKU3C,,,UPKUP Y16 BUTRA
CCA413,A21N,ZUTF,VTSP,2025-12-23T01:45:00Z,320,,RW09,,IGEV1C,,VTN R470 ELNET
CEB929,A21N,RPLL,VTBS,2025-12-23T01:45:00Z,400,,RW01,,TUMG1D,R01,TUPGO M633 DULEM DCT GOMES
THA260,A320,VTSS,VTBS,2025-12-23T01:45:00Z,360,RW26,RW01,DAND1C,LEBI1D,R01,DANDO M769 LEBIM
THA415,B789,VTBS,WMKK,2025-12-23T01:45:00Z,370,RW02R,,KASN1H,,,KASNI M757 KARMI
AIC2333,A20N,VTBS,VIDP,2025-12-23T01:50:00Z,360,RW02R,,TARE1H,,,TARED P646 BETNO
AIQ4100,A320,VTBS,VTCC,2025-12-23T01:50:00Z,340,RW02R,RW36,OLVU1H,MARN2A,R36,OLVUK Y26 MARNI
BKP212,AT76,VTPO,VTBS,2025-12-23T01:50:00Z,170,RW18,RW01,PEBL1C,NORT1D,R01,PEBLI Y28 BLAFF DCT NORTA
BKP241,A319,VTSM,VTCC,2025-12-23T01:50:00Z,360,RW35,RW36,OLBA1B,MARN2A,R36,OLBAG Y17 DONSI M769 BKK Y26 MARNI
BKP451,AT76,VTBD,VTSM,2025-12-23T01:50:00Z,150,RW21L,RW17,KASN3C,,R17,KASNI M757 MABKO W33 SMU
CCA465,B38M,ZUTF,VTBS,2025-12-23T01:50:00Z,360,,RW01,,NORT1D,R01,VTN R474 CMP W21 NOBER
CQH7431,A20N,ZSNB,VTBS,2025-12-23T01:50:00Z,340,,RW01,,EAST1D,R01,SAV A202 RAMEI W42 PAKRI Y13 RUKSA
ETD427,A21N,VTCC,OMAA,2025-12-23T01:50:00Z,330,RW36,,LAMU2N,,,LAMUN R207 SISUK
IGO1077,A21N,VOBL,VTSP,2025-12-23T01:50:00Z,310,,RW09,,UBNE1C,,SAPAM L645 UBNEN
THA431,A359,VTBS,WADD,2025-12-23T01:50:00Z,330,RW02R,,BUT1H,,,BUT M904 TIDAR
THA657,A320,RKSI,VTBS,2025-12-23T01:50:00Z,430,,RW01,,EAST1D,R01,BUTRA A1 UBL Y20 GRASO Y13 RUKSA
TLM751,B738,VTSP,VTBD,2025-12-23T01:50:00Z,350,RW09,RW21R,IGEV1A,SABA3A,R21R,IGEVI Y5 EGUBO Y99 HOTEL DCT SABAI
CHH429,B38M,ZBAA,VTBS,2025-12-23T01:55:00Z,380,,RW01,,NORT1D,R01,VTN R470 UDN W21 NOBER
CPA615,A333,VHHH,VTBS,2025-12-23T01:55:00Z,400,,RW01,,EAST1D,R01,SAV A202 RAMEI W42 PAKRI Y13 RUKSA
ETD403,A35K,VTBS,OMAA,2025-12-23T01:55:00Z,320,RW02R,,PAST1H,,,PASTO L301 TANEK
MXD520,B738,WMKK,VTBD,2025-12-23T01:55:00Z,340,,RW21R,,SABA3A,R21R,RIGTO M769 GOKEX Y96 EMTIX Y99 HOTEL
TGW641,E290,VTSM,WSSS,2025-12-23T01:55:00Z,390,RW35,,RUMV1B,,,RUMVA Y95 IKOGA Y24 PASVA
THY167,A333,VTSP,LTFM,2025-12-23T01:55:00Z,300,RW09,,SATV1A,,,SATVA L759 TAVUN
TLM806,B738,VTBD,VTSG,2025-12-23T01:55:00Z,360,RW21L,RW32,SABI3C,NULM1E,R32,SABIS Y8 SAPUD W32 NULMA
TVJ315,B38M,VTSP,VTBS,2025-12-23T01:55:00Z,330,RW09,RW01,EMRI1A,LEBI1D,R01,EMRIT Y99 NONEL Y98 LEBIM
AIC2354,A20N,VABB,VTBS,2025-12-23T02:00:00Z,370,,RW01,,WILA1D,R01,BETNO P646 TARED
AIQ3149,A320,VTSE,VTBD,2025-12-23T02:00:00Z,290,RW06,RW21R,OMNI,SABA3A,R21R,CPN W34 MENEX W42 EGUBO Y99 HOTEL DCT SABAI
AIQ3159,A320,VTSP,VTCC,2025-12-23T02:00:00Z,380,RW09,RW36,IGEV1A,MARN2A,R36,IGEVI Y5 EGUBO Y99 BKK Y26 MARNI
AIQ3189,A20N,VTSF,VTBD,2025-12-23T02:00:00Z,340,RW01,RW21R,TAWI1A,SABA3A,R21R,NKS Y94 DOXAS M769 GOKEX Y96 EMTIX Y99 HOTEL DCT SABAI
AIQ3363,A320,VTUD,VTBD,2025-12-23T02:00:00Z,320,RW12,RW21R,ANPU1B,ENDU3A,R21R,Y22/Y23 KKN Y23 KRT Y20 UBLOD DCT ENDUU
AIQ4403,A320,VTSG,VTBS,2025-12-23T02:00:00Z,370,RW14,RW01,OSPE1G,LEBI1D,R01,OSPEX Y99 NONEL Y98 LEBIM
ALK403,A20N,VTBS,VCBI,2025-12-23T02:00:00Z,340,RW02R,,PAST1H,,,PASTO L301 TANEK
ALK404,A21N,VCBI,VTBS,2025-12-23T02:00:00Z,350,,RW01,,WILA1D,R01,PUMOR L877 MIGAR L524 IBETO
BKBD09,A320,VTBD,VTUU,2025-12-23T02:00:00Z,190,RW21L,RW05,ROBK3C,VENP1C,R05,ROBKA A1
BKP108,A319,VTSM,VTBS,2025-12-23T02:00:00Z,160,RW35,RW01,OLBA1B,LEBI1D,R01,OLBAG Y17 DONSI M769 LEBIM
LKY618,C130,VTBD,VTUU,2025-12-23T02:00:00Z,210,RW21L,RW05,ROBK3C,VENP1C,R05,ROBKA A1
LKY627,C130,VTBD,VTUW,2025-12-23T02:00:00Z,210,RW21L,RW15,ROBK3C,,R15,ROBKA A1 SELKA Y14 KRT Y23 KKN Y23/Y22
OMA818,B789,VTBS,OOMS,2025-12-23T02:00:00Z,320,RW02R,,PAST1H,,,PASTO L301 TANEK
ORCA401,SF34,VTSB,VTSS,2025-12-23T02:00:00Z,150,RW04,RW26,TOGI1D,ELRE1A,R26,TOGIM W17 ELREM
QQE507,A320,VTSP,OTBD,2025-12-23T02:00:00Z,430,RW09,,SATV1A,,,SATVA L759 TAVUN
SIA7440,B38M,WSSS,VTBS,2025-12-23T02:00:00Z,340,,RW01,,TUMG1D,R01,ABTOK M644 ALUMO Y12 ALEMI
TGW642,E290,WSSS,VTSM,2025-12-23T02:00:00Z,380,,RW17,,,R17,KADAX M626 IKOGA Y95 RUMVA
THA550,A320,VTBS,VVTS,2025-12-23T02:00:00Z,330,RW02R,,GOME1S,,,GOMES N506 BOKAK
THA623,A333,RJBB,VTBS,2025-12-23T02:00:00Z,380,,RW01,,EAST1D,R01,BUTRA A1 UBL Y20 GRASO Y13 RUKSA
THA645,B789,RJGG,VTBS,2025-12-23T02:00:00Z,430,,RW01,,EAST1D,R01,BUTRA A1 UBL Y20 GRASO Y13 RUKSA
TLM783,B738,VTSF,VTBD,2025-12-23T02:00:00Z,320,RW01,RW21R,TAWI1A,SABA3A,R21R,NKS Y94 DOXAS M769 GOKEX Y96 EMTIX Y99 HOTEL DCT SABAI
VJT789G,GLEX,WMSA,VTBD,2025-12-23T02:00:00Z,360,,RW21R,,SABA3A,R21R,KARMI A464 REGOS
ABY688,A21N,VTSP,OMSJ,2025-12-23T02:05:00Z,360,RW09,,UBNE1A,,,UBNEN L645 SAPAM
AIQ252,A320,VYYY,VTBD,2025-12-23T02:05:00Z,310,,RW21R,,WEHA3A,R21R,BETNO P646 TARED
ANA847,B789,RJTT,VTBS,2025-12-23T02:05:00Z,400,,RW01,,EAST1D,R01,BUTRA A1 UBL Y20 GRASO Y13 RUKSA
CAL831,A359,RCTP,VTBS,2025-12-23T02:05:00Z,340,,RW01,,EAST1D,R01,BUTRA A1 UBL Y20 GRASO Y13 RUKSA
ETD411,B78X,VTSP,OMAA,2025-12-23T02:05:00Z,360,RW09,,UBNE1A,,,UBNEN L645 SAPAM
NOK170,B738,VTBD,VTCN,2025-12-23T02:05:00Z,380,RW21L,RW02,UGUV3C,,R02,UGUVO Y27 IBUBU W25 NAN
QTR839,B77W,VTBS,OTHH,2025-12-23T02:05:00Z,310,RW02R,,PAST1H,,,PASTO L301 TANEK
TLM758,B738,VTBD,VTSP,2025-12-23T02:05:00Z,340,RW21L,RW09,SABI3C,SAVS1C,,SABIS Y8 SAVSA
TVJ568,A321,VTBS,RCTP,2025-12-23T02:05:00Z,330,RW02R,,LIPL1S,,,LIPLI Y16 BUTRA
AIQ3399,A320,VTUW,VTBD,2025-12-23T02:10:00Z,360,RW15,RW21R,OMNI,ENDU3A,R21R,Y22/Y23 KKN Y23 KRT Y20 UBLOD DCT ENDUU
AIQ609,A320,VDTI,VTBD,2025-12-23T02:10:00Z,380,,RW21R,,SEHN3A,R21R,BOKAK N506 GORSI
ANA848,B789,VTBS,RJTT,2025-12-23T02:10:00Z,370,RW02R,,LIPL1S,,,LIPLI Y16 BUTRA
AWQ154,A320,WIMM,VTBD,2025-12-23T02:10:00Z,360,,RW21R,,SABA3A,R21R,RIGTO M769 GOKEX Y96 EMTIX Y99 HOTEL
AXM855,A320,VTCC,WMKK,2025-12-23T02:10:00Z,350,RW36,,PANT2C,,,PANTA Y7 BKK M904 PIDEL Y11 PASVA
CBY02,AT75,VTPP,VTCC,2025-12-23T02:10:00Z,140,RW32,RW36,IGPO1B,PUMA2A,R36,BOMAS A581 PUMAM
CES205,B38M,ZSPD,VTCC,2025-12-23T02:10:00Z,340,,RW36,,MONL2A,R36,TOMIP R215 NAN R207 MONLO
SBI6309,B738,UIII,VTBS,2025-12-23T02:10:00Z,380,,RW01,,NORT1D,R01,YAKUA B346 NOBER
AIQ175,A20N,VTBD,VRMM,2025-12-23T02:15:00Z,300,RW21L,,PAST3C,,,PASTO L301 TANEK
AIQ3117,A320,VTSS,VTBD,2025-12-23T02:15:00Z,380,RW26,RW21R,DAND1C,SABA3A,R21R,DANDO M769 GOKEX Y96 EMTIX Y99 HOTEL DCT SABAI
AIQ3251,A320,VTUK,VTBD,2025-12-23T02:15:00Z,280,RW21,RW21R,EMRU1B,ENDU3A,R21R,Y22/Y23 KKN Y23 KRT Y20 UBLOD DCT ENDUU
AIQ582,A320,VTBD,ZPPP,2025-12-23T02:15:00Z,330,RW21L,,NOBE4C,,,NOBER W21 UDN R470 VTN
AIQ643,A320,VVNB,VTBD,2025-12-23T02:15:00Z,380,,RW21R,,NAKO3A,R21R,VTN R470 UDN W21 NOBER
CQH662R,A320,VTCC,ZLXY,2025-12-23T02:15:00Z,350,RW36,,ADLU2N,,,ADLUS A581 PONUK
TGW609,E290,VTBS,WSSS,2025-12-23T02:15:00Z,350,RW02R,,BUT1H,,,BUT Y11 PASVA
VJC801,A320,VVTS,VTBS,2025-12-23T02:15:00Z,320,,RW01,,TUMG1D,R01,VAPVU P629 NUGPA
AIQ3035,A320,VTSP,VTBD,2025-12-23T02:20:00Z,370,RW09,RW21R,IGEV1A,SABA3A,R21R,IGEVI Y5 EGUBO Y99 HOTEL DCT SABAI
AXM832,A320,WMKK,VTSP,2025-12-23T02:20:00Z,320,,RW09,,URGA1C,,DUBAX R325 URGAD
BKP119,A319,VTBS,VTSM,2025-12-23T02:20:00Z,150,RW02R,RW17,KASN1H,,R17,KASNI M757 MABKO W33 SMU
BKP122,A319,VTSM,VTBS,2025-12-23T02:20:00Z,340,RW35,RW01,OLBA1B,LEBI1D,R01,OLBAG Y17 DONSI M769 LEBIM
BKP127,AT76,VTBS,VTSM,2025-12-23T02:20:00Z,310,RW02R,RW17,KASN1H,,R17,KASNI M757 MABKO W33 SMU
BKP407,AT76,VTSM,VTSP,2025-12-23T02:20:00Z,140,RW35,RW09,ENRA1B,SAVS1C,,DORNA W32 SAPUD Y8 SAVSA
KZR164,A21N,VTSP,UACC,2025-12-23T02:20:00Z,320,RW09,,EMRI1A,,,EMRIT Y99 BKK B346 YAKUA
NOK572,B738,VTBD,VTSB,2025-12-23T02:20:00Z,360,RW21L,RW22,SABI3C,IKER1A,R22,SABIS Y8 IKERA
TAX701,A333,RKSI,VTBD,2025-12-23T02:20:00Z,400,,RW21R,,ENDU3A,R21R,BUTRA Y16 UPKUP
THA668,A359,VTBS,ZGGG,2025-12-23T02:20:00Z,390,RW02R,,SELK1H,,,SELKA A1 SANOT Y15 GUROK A202 SAV
TLM360,B738,VTBD,VHHH,2025-12-23T02:20:00Z,330,RW21L,,UPKU3C,,,UPKUP Y16 BUTRA
TLM551,B738,VTPP,VTBD,2025-12-23T02:20:00Z,210,RW32,RW21R,PEBL1B,NAKO3A,R21R,PEBLI Y28 BLAFF DCT NAKON
TLM621,B738,VTUU,VTBD,2025-12-23T02:20:00Z,300,RW05,RW21R,ASAB1B,ENDU3A,R21R,Y20 UBLOD DCT ENDUU
TLM671,B738,VTUW,VTBD,2025-12-23T02:20:00Z,340,RW15,RW21R,OMNI,ENDU3A,R21R,Y22/Y23 KKN Y23 KRT Y20 UBLOD DCT ENDUU
TLM735,B738,VTSB,VTBD,2025-12-23T02:20:00Z,350,RW04,RW21R,NIXE1D,SABA3A,R21R,NIXET Y99 HOTEL DCT SABAI
UBA020,B738,VTBS,VYYY,2025-12-23T02:20:00Z,360,RW02R,,NUNL1S,,,NUNLI L507 LUDVI
AIQ312,A320,WMKK,VTBD,2025-12-23T02:25:00Z,360,,RW21R,,SABA3A,R21R,RIGTO M769 GOKEX Y96 EMTIX Y99 HOTEL
AIQ3141,A320,VTSR,VTBD,2025-12-23T02:25:00Z,330,,RW21R,SAKU1A,SABA3A,R21R,RAN W34 MENEX W42 EGUBO Y99 HOTEL DCT SABAI
BTK7631,A320,WIII,VTBD,2025-12-23T02:25:00Z,360,,RW21R,,SEHN3A,R21R,ABTOK M644 RYN
CSH854,B38M,VTBS,ZSPD,2025-12-23T02:25:00Z,350,RW02R,,SELK1H,,,SELKA A1 SANOT Y15 GUROK A202 SAV
ETD409,A21N,VTBS,OMAA,2025-12-23T02:25:00Z,320,RW02R,,PAST1H,,,PASTO L301 TANEK
JAL31,B77W,RJTT,VTBS,2025-12-23T02:25:00Z,320,,RW01,,EAST1D,R01,BUTRA A1 UBL Y20 GRASO Y13 RUKSA
THA103,A320,VTCC,VTBS,2025-12-23T02:25:00Z,330,RW36,RW01,PANT2C,NORT1D,R01,PANTA Y7 BLAFF DCT NORTA
THA242,A320,VTSG,VTBS,2025-12-23T02:25:00Z,350,RW14,RW01,OSPE1G,LEBI1D,R01,OSPEX Y99 NONEL Y98 LEBIM
AFL639,A333,VTSP,UHWW,2025-12-23T02:30:00Z,350,RW09,,EMRI1A,,,EMRIT Y99 BKK R474 VTN
AFR183,A359,VTBS,LFPG,2025-12-23T02:30:00Z,300,RW02R,,VANK1H,,,VANKO Y8 PUT L645 SAPAM
AIQ4213,A320,VTSB,VTBS,2025-12-23T02:30:00Z,370,RW04,RW01,NIXE1D,LEBI1D,R01,NIXET Y99 NONEL Y98 LEBIM
CSN8099,A321,ZGGG,VTBS,2025-12-23T02:30:00Z,340,,RW01,,EAST1D,R01,SAV A202 RAMEI W42 PAKRI Y13 RUKSA
GIA866,B738,WIII,VTBS,2025-12-23T02:30:00Z,360,,RW01,,TUMG1D,R01,ABTOK M644 ALUMO Y12 ALEMI
LKY625,C130,VTBP,VTBD,2025-12-23T02:30:00Z,150,RW08,RW21R,,SABA3A,R21R,UKERA G458 MOTNA
MGL705,A320,ZMCK,VTSP,2025-12-23T02:30:00Z,360,,RW09,,IGEV1C,,VTN R470 ELNET
MJJ211,A320,VTCH,VTCT,2025-12-23T02:30:00Z,150,,RW03,BOKI1R,,R03,GOLUD M751 BKK Y27 IKISU W22 BENVI
NOK524,B738,VTBD,VTSP,2025-12-23T02:30:00Z,320,RW21L,RW09,SABI3C,SAVS1C,,SABIS Y8 SAVSA
UAE375,B77W,VTBS,OMDB,2025-12-23T02:30:00Z,320,RW02R,,PAST1H,,,PASTO L301 TANEK
WHK03,A320,VTCC,VTBD,2025-12-23T02:30:00Z,330,RW36,RW21R,PANT2C,NAKO3A,R21R,PANTA Y7 BLAFF DCT NAKON
AIQ1033,A320,VLLB,VTBD,2025-12-23T02:35:00Z,340,,RW21R,,NAKO3A,R21R,VTN R474 CMP W21 NOBER
BKP262,A319,VTSG,VTBS,2025-12-23T02:35:00Z,370,RW14,RW01,OSPE1G,LEBI1D,R01,OSPEX Y99 NONEL Y98 LEBIM
CQH7501,A320,ZUTF,VTBS,2025-12-23T02:35:00Z,320,,RW01,,NORT1D,R01,VTN R474 CMP W21 NOBER
SIA705,B38M,VTBS,WSSS,2025-12-23T02:35:00Z,410,RW02R,,BUT1H,,,BUT Y11 PASVA
AIQ635,A21N,VVDN,VTBD,2025-12-23T02:40:00Z,340,,RW21R,,ENDU3A,R21R,BUTRA A1 UBL Y20 UBLOD
BKP302,A319,VTBO,VTBS,2025-12-23T02:40:00Z,140,,RW01,OMNI,TUMG1D,R01,RYN
KAL660,A333,VTBS,RKSI,2025-12-23T02:40:00Z,370,RW02R,,LIPL1S,,,LIPLI Y16 BUTRA
THA205,A320,VTBS,VTSP,2025-12-23T02:40:00Z,340,RW02R,RW09,VANK1H,SAVS1C,,VANKO Y8 SAVSA
THA649,B788,RJFF,VTBS,2025-12-23T02:40:00Z,400,,RW01,,EAST1D,R01,BUTRA A1 UBL Y20 GRASO Y13 RUKSA
TLM601,B738,VTUD,VTBD,2025-12-23T02:40:00Z,320,RW12,RW21R,ANPU1B,ENDU3A,R21R,Y22/Y23 KKN Y23 KRT Y20 UBLOD DCT ENDUU
ABY756D,A21N,VTSP,VTSG,2025-12-23T02:45:00Z,70,RW09,RW32,UPSA1A,EMRI1E,R32,IKULA R325 PUT Y99 EMRIT
AIQ3029,A21N,VTBD,VTSP,2025-12-23T02:45:00Z,360,RW21L,RW09,SABI3C,SAVS1C,,SABIS Y8 SAVSA
AIQ3072,A320,VTCC,VTSG,2025-12-23T02:45:00Z,380,RW36,RW32,PANT2C,NULM1E,R32,PANTA Y7 BKK Y8 SAPUD W32 NULMA
AIQ3237,A320,VTBD,VTSB,2025-12-23T02:45:00Z,340,RW21L,RW22,SABI3C,IKER1A,R22,SABIS Y8 IKERA
AIQ3443,A320,VTBD,VTCC,2025-12-23T02:45:00Z,320,RW21L,RW36,OLVU3C,MARN2A,R36,OLVUK Y26 MARNI
AIQ657,A320,VVTS,VTBD,2025-12-23T02:45:00Z,360,,RW21R,,SEHN3A,R21R,VAPVU P629 NUGPA
BKP252,AT76,VTSP,VTSM,2025-12-23T02:45:00Z,130,RW09,RW17,EMRI1A,,R17,EMRIT Y99 AKVUG Y93 SMU
NOK130,B738,VTBD,VTCC,2025-12-23T02:45:00Z,360,RW21L,RW36,OLVU3C,MARN2A,R36,OLVUK Y26 MARNI
PTW914,AT75,VTBS,VYYY,2025-12-23T02:45:00Z,180,RW02R,,NUNL1S,,,NUNLI L507 LUDVI
THA301,A320,VTBS,VYYY,2025-12-23T02:45:00Z,340,RW02R,,NUNL1S,,,NUNLI L507 LUDVI
THA587,A320,VDTI,VTBS,2025-12-23T02:45:00Z,300,,RW01,,TUMG1D,R01,VAPVU P629 NUGPA
THA643,A359,RJAA,VTBS,2025-12-23T02:45:00Z,400,,RW01,,EAST1D,R01,BUTRA A1 UBL Y20 GRASO Y13 RUKSA
TVJ350,A320,VTBS,VTSB,2025-12-23T02:45:00Z,320,RW02R,RW22,VANK1H,IKER1A,R22,VANKO Y8 IKERA
AIQ3222,A320,VTSG,VTBD,2025-12-23T02:50:00Z,370,RW14,RW21R,OSPE1G,SABA3A,R21R,OSPEX Y99 HOTEL DCT SABAI
AIQ3229,A320,VTBD,VTSG,2025-12-23T02:50:00Z,360,RW21L,RW32,SABI3C,NULM1E,R32,SABIS Y8 SAPUD W32 NULMA
AIQ3242,A320,VTST,VTBD,2025-12-23T02:50:00Z,390,RW08,RW21R,,SABA3A,R21R,TRN W24 BITEN Y99 HOTEL DCT SABAI
AIQ776,A320,VMMC,VTBD,2025-12-23T02:50:00Z,340,,RW21R,,ENDU3A,R21R,SAV A202 RAMEI Y20 UBLOD
AIQ8164,A320,VTBD,VTCC,2025-12-23T02:50:00Z,320,RW21L,RW36,OLVU3C,MARN2A,R36,OLVUK Y26 MARNI
NOK542,B738,VTBD,VTSG,2025-12-23T02:50:00Z,340,RW21L,RW32,SABI3C,NULM1E,R32,SABIS Y8 SAPUD W32 NULMA
THA202,A320,VTSP,VTBS,2025-12-23T02:50:00Z,330,RW09,RW01,EMRI1A,LEBI1D,R01,EMRIT Y99 NONEL Y98 LEBIM
THA589,A320,VDSA,VTBS,2025-12-23T02:50:00Z,280,,RW01,,TUMG1D,R01,BOKAK B205 OLDIR P629 NUGPA
TVJ341,A321,VTSG,VTBS,2025-12-23T02:50:00Z,330,RW14,RW01,OSPE1G,LEBI1D,R01,OSPEX Y99 NONEL Y98 LEBIM
AIC2355,A20N,VIDP,VTBS,2025-12-23T02:55:00Z,350,,RW01,,WILA1D,R01,BETNO P646 TARED
AIQ3555,A20N,VTCN,VTBD,2025-12-23T02:55:00Z,310,RW02,RW21R,OMNI,NAKO3A,R21R,W29 PSL Y28 BLAFF DCT NAKON
AIQ640,A320,VTBD,VVNB,2025-12-23T02:55:00Z,370,RW21L,,UGUV3C,,,UGUVO Y27 PIBAN Y29 PSL W26 CMP R474 VTN
BKP924,AT76,VDSA,VTBS,2025-12-23T02:55:00Z,180,,RW01,,TUMG1D,R01,BOKAK B205 OLDIR P629 NUGPA
CQH6293,A20N,ZLXY,VTBS,2025-12-23T02:55:00Z,360,,RW01,,NORT1D,R01,YAKUA B346 NOBER
HVN611,A321,VVNB,VTBS,2025-12-23T02:55:00Z,340,,RW01,,NORT1D,R01,VTN R470 UDN W21 NOBER
JAL32,B789,VTBS,RJTT,2025-12-23T02:55:00Z,370,RW02R,,LIPL1S,,,LIPLI Y16 BUTRA
JYH1207,B738,ZUGY,VTBS,2025-12-23T02:55:00Z,340,,RW01,,NORT1D,R01,YAKUA B346 NOBER
LAO442,AT76,VTBS,VLVT,2025-12-23T02:55:00Z,330,RW02R,,NOBE1S,,,NOBER W21 UDN R470 VTN
RBA513,B788,WBSB,VTBS,2025-12-23T02:55:00Z,380,,RW01,,TUMG1D,R01,SAKDA R334 RYN
TAX621,A333,RJCC,VTBD,2025-12-23T02:55:00Z,400,,RW21R,,ENDU3A,R21R,BUTRA A1 UBL Y20 UBLOD
TGW682,E290,WSSS,VTSG,2025-12-23T02:55:00Z,380,,RW32,,TUNR1E,R32,TAMOS A457 HTY W14 TRN W32 TUNRA
AIQ358,A320,WSSS,VTBD,2025-12-23T03:00:00Z,360,,RW21R,,SEHN3A,R21R,ABTOK M644 ALUMO Y12 ALEMI
AIQ4125,A320,VTSP,VTBS,2025-12-23T03:00:00Z,370,RW09,RW01,EMRI1A,LEBI1D,R01,EMRIT Y99 NONEL Y98 LEBIM
AXM866,A320,WMKK,VTSG,2025-12-23T03:00:00Z,360,,RW32,,TUNR1E,R32,TAMOS A457 HTY W14 TRN W32 TUNRA
BKP124,A319,VTSM,VTBS,2025-12-23T03:00:00Z,340,RW35,RW01,OLBA1B,LEBI1D,R01,OLBAG Y17 DONSI M769 LEBIM
BKP223,A319,VTBS,VTCC,2025-12-23T03:00:00Z,360,RW02R,RW36,OLVU1H,MARN2A,R36,OLVUK Y26 MARNI
BKP941,AT76,VTBS,VLLB,2025-12-23T03:00:00Z,350,RW02R,,NOBE1S,,,NOBER W21 UDN R470 VTN
CATA202,A320,VTBD,WSAP,2025-12-23T03:00:00Z,250,RW21L,,KIGO3C,,,KIGOB Y11 BUT M904 TIDAR
CQH8772,A320,VTSP,ZGGG,2025-12-23T03:00:00Z,330,RW09,,EMRI1A,,,EMRIT Y99 NONEL Y98 SURMA W42 TOPER A1 SANOT Y15 GUROK A202 SAV
EZT01,A320,VTPH,VTCC,2025-12-23T03:00:00Z,90,RW34,RW36,,PUMA2A,R36,BOMAS A581 PUMAM
JDL2977,A320,ZGSZ,VTBS,2025-12-23T03:00:00Z,300,,RW01,,EAST1D,R01,SAV A202 RAMEI W42 PAKRI Y13 RUKSA
NOK103,B738,VTCT,VTBD,2025-12-23T03:00:00Z,370,RW21,RW21R,DUBE1B,NAKO3A,R21R,DUBEN Y28 BLAFF DCT NAKON
THUNDER,A320,VTSB,VTSS,2025-12-23T03:00:00Z,160,RW04,RW26,TOGI1D,ELRE1A,R26,TOGIM W17 ELREM
TLM801,B738,VTSG,VTBD,2025-12-23T03:00:00Z,330,RW14,RW21R,OSPE1G,SABA3A,R21R,OSPEX Y99 HOTEL DCT SABAI
TVJ1002,B38M,VTBS,VTBU,2025-12-23T03:00:00Z,110,RW02R,RW18,RYN1H,,R18,TUPGO M633 DULEM W42 RYN
CES9640,B738,VTCC,ZPPP,2025-12-23T03:05:00Z,310,RW36,,MONL2C,,,MONLO R207 IKISU W22 CTR A581 PONUK
CQH7279,A320,ZSPD,VTBS,2025-12-23T03:05:00Z,340,,RW01,,EAST1D,R01,SAV A202 RAMEI W42 PAKRI Y13 RUKSA
SIA725,B38M,VTSP,WSSS,2025-12-23T03:05:00Z,370,RW09,,EPGO1A,,,EPGOT W14 HTY A334 PASVA
THA618,A21N,VTBS,ZUTF,2025-12-23T03:05:00Z,390,RW02R,,UGUV1H,,,UGUVO Y27 IBUBU W25 NAN R215 TOMIP
TOM105,A320,VTSP,EGCC,2025-12-23T03:05:00Z,320,RW09,,SATV1A,,,SATVA L759 TAVUN
AIQ3371,A20N,VTUU,VTBD,2025-12-23T03:10:00Z,280,RW05,RW21R,ASAB1B,ENDU3A,R21R,Y20 UBLOD DCT ENDUU
BKP216,A320,VTCC,VTBS,2025-12-23T03:10:00Z,350,RW36,RW01,PANT2C,NORT1D,R01,PANTA Y7 BLAFF DCT NORTA
CCA821,B38M,ZBAA,VTSP,2025-12-23T03:10:00Z,360,,RW09,,SAVS1C,,VTN R474 CMP W21 BKK Y8 SAVSA
TAX603,A333,RJAA,VTBD,2025-12-23T03:10:00Z,380,,RW21R,,ENDU3A,R21R,BUTRA A1 UBL Y20 UBLOD
THA614,A359,VTBS,ZBAA,2025-12-23T03:10:00Z,390,RW02R,,UGUV1H,,,UGUVO Y27 PIBAN Y29 PSL W26 CMP W21 UDN R470 VTN
TLM825,B738,VTST,VTBD,2025-12-23T03:10:00Z,330,RW08,RW21R,,SABA3A,R21R,TRN W24 BITEN Y99 HOTEL DCT SABAI
TVJ201,B38M,VTUD,VTBS,2025-12-23T03:10:00Z,300,RW12,RW01,ANPU1B,EAST1D,R01,Y22/Y23 KKN Y23 KRT Y20 UBLOD DCT EASTE
TVJ851,B38M,RKSI,VTBS,2025-12-23T03:10:00Z,340,,RW01,,EAST1D,R01,BUTRA A1 UBL Y20 GRASO Y13 RUKSA
AFL271,A333,VTBS,UUEE,2025-12-23T03:15:00Z,320,RW02R,,NUNL1S,,,NUNLI L507 LUDVI
AIQ3161,A320,VTSP,VTCC,2025-12-23T03:15:00Z,380,RW09,RW36,IGEV1A,MARN2A,R36,IGEVI Y5 EGUBO Y99 BKK Y26 MARNI
BKP129,A319,VTBS,VTSM,2025-12-23T03:15:00Z,150,RW02R,RW17,KASN1H,,R17,KASNI M757 MABKO W33 SMU
BKP272,A319,VTSP,VTBS,2025-12-23T03:15:00Z,350,RW09,RW01,EMRI1A,LEBI1D,R01,EMRIT Y99 NONEL Y98 LEBIM
IGO1053,A21N,VIDP,VTBS,2025-12-23T03:15:00Z,350,,RW01,,WILA1D,R01,BETNO P646 TARED
MMA336,A320,VTBS,VYYY,2025-12-23T03:15:00Z,340,RW02R,,NUNL1S,,,NUNLI L507 LUDVI
THA104,A320,VTBS,VTCC,2025-12-23T03:15:00Z,320,RW02R,RW36,OLVU1H,MARN2A,R36,OLVUK Y26 MARNI
THA131,A320,VTCT,VTBS,2025-12-23T03:15:00Z,370,RW21,RW01,DUBE1B,NORT1D,R01,DUBEN Y28 BLAFF DCT NORTA
THA319,A320,VTBS,VNKT,2025-12-23T03:15:00Z,400,RW02R,,NUNL1S,,,NUNLI L507 LUDVI
TLM533,B739,VTCT,VTBD,2025-12-23T03:15:00Z,370,RW21,RW21R,DUBE1B,NAKO3A,R21R,DUBEN Y28 BLAFF DCT NAKON
AIQ3435,A320,VTBD,VTCC,2025-12-23T03:20:00Z,320,RW21L,RW36,OLVU3C,MARN2A,R36,OLVUK Y26 MARNI
AIQ557,A20N,ZUCK,VTBD,2025-12-23T03:20:00Z,340,,RW21R,,NAKO3A,R21R,VTN R470 UDN W21 NOBER
IGO1052,A21N,VTBS,VABB,2025-12-23T03:20:00Z,360,RW02R,,PAST1H,,,PASTO L301 TANEK
JST29,B788,YMML,VTBS,2025-12-23T03:20:00Z,380,,RW01,,TUMG1D,R01,TIDAR M904 TONIK M644 ALUMO Y12 ALEMI
MXD526,B738,WMKK,VTBD,2025-12-23T03:20:00Z,240,,RW21R,,SABA3A,R21R,RIGTO M769 GOKEX Y96 EMTIX Y99 HOTEL
TLM754,B738,VTBD,VTSP,2025-12-23T03:20:00Z,320,RW21L,RW09,SABI3C,SAVS1C,,SABIS Y8 SAVSA
UBG217,B738,VGHS,VTBS,2025-12-23T03:20:00Z,350,,RW01,,WILA1D,R01,BETNO G463 TARED
AIQ3204,A20N,VTCT,VTBD,2025-12-23T03:25:00Z,370,RW21,RW21R,DUBE1B,NAKO3A,R21R,DUBEN Y28 BLAFF DCT NAKON
AIQ610,A320,VTBD,VDSA,2025-12-23T03:25:00Z,370,RW21L,,GORS3C,,,GORSI N506 GOMES B204 AGEDO
AIQ647,A320,VVCR,VTBD,2025-12-23T03:25:00Z,340,,RW21R,,SEHN3A,R21R,VAPVU P629 NUGPA
AXM881,A320,VTBD,WMKK,2025-12-23T03:25:00Z,390,RW21L,,KIGO3C,,,KIGOB Y11 PASVA
BKP1147,A319,VTBS,VTSM,2025-12-23T03:25:00Z,310,RW02R,RW17,KASN1H,,R17,KASNI M757 MABKO W33 SMU
CBJ619,A20N,ZSNJ,VTBS,2025-12-23T03:25:00Z,340,,RW01,,EAST1D,R01,SAV A202 RAMEI W42 PAKRI Y13 RUKSA
THA042,A21N,VTBS,VTUK,2025-12-23T03:25:00Z,230,RW02R,RW03,SELK1H,,R03,SELKA Y14 KRT Y23 KKN Y23/Y22
THA204,A21N,VTSP,VTBS,2025-12-23T03:25:00Z,330,RW09,RW01,EMRI1A,LEBI1D,R01,EMRIT Y99 NONEL Y98 LEBIM
TVJ980,B38M,VTBS,VVPQ,2025-12-23T03:25:00Z,310,RW02R,,RYN1H,,,RYN R334 SAKDA
AIQ3184,A320,VTBD,VTSF,2025-12-23T03:30:00Z,310,RW21L,RW19,KASN3C,,R19,KASNI M757 LOSDA Y94 NKS
AIQ4104,A320,VTBS,VTCC,2025-12-23T03:30:00Z,340,RW02R,RW36,OLVU1H,MARN2A,R36,OLVUK Y26 MARNI
AIQ4203,A320,VTSS,VTBS,2025-12-23T03:30:00Z,360,RW26,RW01,DAND1C,LEBI1D,R01,DANDO M769 LEBIM
CBY101,AT75,VTSS,VTBD,2025-12-23T03:30:00Z,160,RW26,RW21R,DAND1C,SABA3A,R21R,DANDO M769 GOKEX Y96 EMTIX Y99 HOTEL DCT SABAI
CFG2369,A339,VTSP,EDDF,2025-12-23T03:30:00Z,300,RW09,,SATV1A,,,SATVA L759 TAVUN
KMI713,B734,VTBS,VGHS,2025-12-23T03:30:00Z,360,RW02R,,TARE1H,,,TARED G463 BETNO
KZR932,A21N,VTBS,UAAA,2025-12-23T03:30:00Z,340,RW02R,,TARE1H,,,TARED G463 BETNO
MAS787,B38M,VTSP,WMKK,2025-12-23T03:30:00Z,370,RW09,,REBE1A,,,REBED B579 DALAN
THA466,A359,YMML,VTBS,2025-12-23T03:30:00Z,380,,RW01,,TUMG1D,R01,TIDAR M904 TONIK M644 ALUMO Y12 ALEMI
TLM507,B738,VTCC,VTBD,2025-12-23T03:30:00Z,310,RW36,RW21R,PANT2C,NAKO3A,R21R,PANTA Y7 BLAFF DCT NAKON
TVJ102,A321,VTBS,VTCC,2025-12-23T03:30:00Z,340,RW02R,RW36,OLVU1H,MARN2A,R36,OLVUK Y26 MARNI
VAM03,DC3T,VTPP,VTBD,2025-12-23T03:30:00Z,90,RW32,RW21R,PEBL1B,NAKO3A,R21R,PEBLI Y28 BLAFF DCT NAKON
AIQ3130,A320,VTBD,VTSC,2025-12-23T03:35:00Z,370,RW21L,,KASN3C,,,KASNI M757 ROBDA W19 NTW
AMU995,A321,VTBS,VMMC,2025-12-23T03:35:00Z,330,RW02R,,SELK1H,,,SELKA A1 SANOT Y15 GUROK A202 SAV
AXM882,A21N,WMKK,VTBD,2025-12-23T03:35:00Z,380,,RW21R,,SABA3A,R21R,RIGTO M769 GOKEX Y96 EMTIX Y99 HOTEL
HKE757,A21N,VTCC,VHHH,2025-12-23T03:35:00Z,330,RW36,,MONL2C,,,MONLO W12 NAN R215 TOMIP
KME702,A320,VTBS,VDTI,2025-12-23T03:35:00Z,290,RW02R,,GOME1S,,,GOMES N506 BOKAK
MMA360,A319,VYYY,VTBD,2025-12-23T03:35:00Z,330,,RW21R,,WEHA3A,R21R,BETNO P646 TARED
THA561,A320,VVNB,VTBS,2025-12-23T03:35:00Z,380,,RW01,,NORT1D,R01,VTN R470 UDN W21 NOBER
THA664,A359,VTBS,ZSPD,2025-12-23T03:35:00Z,390,RW02R,,SELK1H,,,SELKA A1 SANOT Y15 GUROK A202 SAV
TVJ721,A320,VDTI,VTBS,2025-12-23T03:35:00Z,300,,RW01,,TUMG1D,R01,VAPVU P629 NUGPA
THY65,A333,VTBS,LTFM,2025-12-23T03:38:00Z,320,RW02R,,TARE1H,,,TARED P646 BETNO
ABY816,A21N,OMSJ,VTBS,2025-12-23T03:40:00Z,350,,RW01,,WILA1D,R01,BETNO G463 TARED
AFL279,A333,VTSP,UUEE,2025-12-23T03:40:00Z,300,RW09,,SATV1A,,,SATVA L759 TAVUN
AIQ3354,A320,VTBD,VTUD,2025-12-23T03:40:00Z,290,RW21L,RW30,ROBK3C,ANPU1C,R30,ROBKA A1 SELKA Y14 KRT Y23 KKN Y23/Y22
AIQ4231,A320,VTBS,VTSF,2025-12-23T03:40:00Z,330,RW02R,RW19,KASN1H,,R19,KASNI M757 LOSDA Y94 NKS
AIQ5420,A320,VTCC,VTSB,2025-12-23T03:40:00Z,380,RW36,RW22,PANT2C,IKER1A,R22,PANTA Y7 BKK Y8 IKERA
CQH6193,A320,ZGOW,VTBS,2025-12-23T03:40:00Z,320,,RW01,,EAST1D,R01,SAV A202 RAMEI W42 PAKRI Y13 RUKSA
HKE705,A21N,VTBS,VHHH,2025-12-23T03:40:00Z,370,RW02R,,LIPL1S,,,LIPLI Y16 BUTRA
NOS127,A320,VTSP,LKTB,2025-12-23T03:40:00Z,320,RW09,,SATV1A,,,SATVA L759 TAVUN
TLM706,B738,VTBD,VTSS,2025-12-23T03:40:00Z,350,RW21L,RW26,KASN3C,OBLE1A,R26,KASNI M757 OBLEX
AIQ3106,A320,VTBD,VTSS,2025-12-23T03:45:00Z,370,RW21L,RW26,KASN3C,OBLE1A,R26,KASNI M757 OBLEX
AIQ3212,A21N,VTBD,VTSG,2025-12-23T03:45:00Z,360,RW21L,RW32,SABI3C,NULM1E,R32,SABIS Y8 SAPUD W32 NULMA
AXB264,A320,VASU,VTBS,2025-12-23T03:45:00Z,370,,RW01,,WILA1D,R01,BETNO G463 TARED
AZV2991,A320,UHBB,VTSP,2025-12-23T03:45:00Z,360,,RW09,,IGEV1C,,VTN R470 ELNET
BKP131,A319,VTBS,VTSM,2025-12-23T03:45:00Z,150,RW02R,RW17,KASN1H,,R17,KASNI M757 MABKO W33 SMU
CSH833,B38M,ZSPD,VTBS,2025-12-23T03:45:00Z,340,,RW01,,EAST1D,R01,SAV A202 RAMEI W42 PAKRI Y13 RUKSA
CSH842,B38M,VTBS,ZSPD,2025-12-23T03:45:00Z,350,RW02R,,SELK1H,,,SELKA A1 SANOT Y15 GUROK A202 SAV
MXD530,B738,WMKJ,VTBD,2025-12-23T03:45:00Z,340,,RW21R,,SEHN3A,R21R,ABTOK M644 ALUMO Y12 ALEMI
TLM705,B738,VTSS,VTBD,2025-12-23T03:45:00Z,360,RW26,RW21R,DAND1C,SABA3A,R21R,DANDO M769 GOKEX Y96 EMTIX Y99 HOTEL DCT SABAI
AIQ323,A320,VTBD,WMKP,2025-12-23T03:50:00Z,390,RW21L,,KASN3C,,,KASNI M757 KARMI
BKP1137,A319,VTBS,VTSM,2025-12-23T03:50:00Z,170,RW02R,RW17,KASN1H,,R17,KASNI M757 MABKO W33 SMU
CBG8910,A320,VTBS,ZGNN,2025-12-23T03:50:00Z,330,RW02R,,UGUV1H,,,UGUVO Y27 PIBAN Y29 PSL W26 CMP W21 UDN R470 VTN
CRK741,A320,VHHH,VTSP,2025-12-23T03:50:00Z,360,,RW09,,SAVS1C,,BUTRA A1 UBL W1 RAMEI W42 MENEX Y8 SAVSA
NOK171,B738,VTCN,VTBD,2025-12-23T03:50:00Z,390,RW02,RW21R,OMNI,NAKO3A,R21R,W29 PSL Y28 BLAFF DCT NAKON
THA628,A320,VTBS,VHHH,2025-12-23T03:50:00Z,370,RW02R,,LIPL1S,,,LIPLI Y16 BUTRA
TVJ414,A320,VTCC,VTSP,2025-12-23T03:50:00Z,350,RW36,RW09,PANT2C,SAVS1C,,PANTA Y7 BKK Y8 SAVSA
TVJ960,B38M,VTBS,VVDN,2025-12-23T03:50:00Z,330,RW02R,,LIPL1S,,,LIPLI Y16 BUTRA
AIQ3342,A320,VTBD,VTUW,2025-12-23T03:55:00Z,350,RW21L,RW15,ROBK3C,,R15,ROBKA A1 SELKA Y14 KRT Y23 KKN Y23/Y22
FDX5148,B763,VTBS,WSSS,2025-12-23T03:55:00Z,370,RW02R,,BUT1H,,,BUT Y11 PASVA
HKC331,A332,VHHH,VTBS,2025-12-23T03:55:00Z,400,,RW01,,EAST1D,R01,SAV A202 RAMEI W42 PAKRI Y13 RUKSA
IGO1064,A21N,VTBS,VIDP,2025-12-23T03:55:00Z,360,RW02R,,TARE1H,,,TARED P646 BETNO
TGW632,E290,WSSS,VTSS,2025-12-23T03:55:00Z,360,,RW26,,TAXE1A,R26,PASVA A334 TAXEB
TGW679,E290,VTSP,WSSS,2025-12-23T03:55:00Z,350,RW09,,EPGO1A,,,EPGOT W14 HTY A334 PASVA
THA321,A333,VTBS,VGHS,2025-12-23T03:55:00Z,380,RW02R,,TARE1H,,,TARED G463 BETNO
THA612,A320,VTBS,ZPPP,2025-12-23T03:55:00Z,390,RW02R,,UGUV1H,,,UGUVO Y27 IKISU W22 CTR A581 PONUK
ABY714,A21N,OMSJ,VTSP,2025-12-23T04:00:00Z,350,,RW09,,UBNE1C,,SAPAM L645 UBNEN
AIQ397,A20N,WADD,VTBD,2025-12-23T04:00:00Z,340,,RW21R,,SEHN3A,R21R,TIDAR M904 TONIK M644 ALUMO Y12 ALEMI
B650M,A320,VHHH,VTCT,2025-12-23T04:00:00Z,340,,RW03,,,R03,GOLUD M751 BKK Y27 IKISU W22 BENVI
BKP254,AT76,VTSP,VTSM,2025-12-23T04:00:00Z,150,RW09,RW17,EMRI1A,,R17,EMRIT Y99 AKVUG Y93 SMU
BKP452,AT76,VTSM,VTBD,2025-12-23T04:00:00Z,160,RW35,RW21R,OLBA1B,SABA3A,R21R,OLBAG Y17 DONSI M769 GOKEX Y96 EMTIX Y99 HOTEL DCT SABAI
CAL834,A333,VTBS,RCTP,2025-12-23T04:00:00Z,370,RW02R,,LIPL1S,,,LIPLI Y16 BUTRA
CPA653,A333,VHHH,VTBS,2025-12-23T04:00:00Z,340,,RW01,,EAST1D,R01,SAV A202 RAMEI W42 PAKRI Y13 RUKSA
HKE725,A21N,VTSP,VHHH,2025-12-23T04:00:00Z,370,RW09,,EMRI1A,,,EMRIT Y99 NONEL Y98 SURMA W42 TOPER A1 SANOT Y15 GUROK A202 SAV
KZR564,A21N,VTSP,UAAA,2025-12-23T04:00:00Z,340,RW09,,SUSI1A,,,SUSID G331 PADET
MAS792,B38M,WMKK,VTCC,2025-12-23T04:00:00Z,360,,RW36,,MARN2A,R36,RIGTO M769 BKK Y26 MARNI
MJJ712,A320,VTBD,VTCC,2025-12-23T04:00:00Z,360,RW21L,RW36,OLVU3C,MARN2A,R36,OLVUK Y26 MARNI
MJJ814,A320,VTBD,VTUW,2025-12-23T04:00:00Z,350,RW21L,RW15,ROBK3C,,R15,ROBKA A1 SELKA Y14 KRT Y23 KKN Y23/Y22
MTL160,E135,VTUD,VTBD,2025-12-23T04:00:00Z,200,RW12,RW21R,ANPU1B,ENDU3A,R21R,Y22/Y23 KKN Y23 KRT Y20 UBLOD DCT ENDUU
MXD540,B738,WMKK,VTSP,2025-12-23T04:00:00Z,360,,RW09,,URGA1C,,DUBAX R325 URGAD
TAG17,GLF6,VHHH,VTCC,2025-12-23T04:00:00Z,380,,RW36,,MONL2A,R36,TOMIP R215 NAN W12 MONLO
TLM644,B738,VTBD,VTUK,2025-12-23T04:00:00Z,250,RW21L,RW03,ROBK3C,,R03,ROBKA A1 SELKA Y14 KRT Y23 KKN Y23/Y22
TLM807,B738,VTSG,VTBD,2025-12-23T04:00:00Z,330,RW14,RW21R,OSPE1G,SABA3A,R21R,OSPEX Y99 HOTEL DCT SABAI
TVJ304,A321,VTBS,VTSP,2025-12-23T04:00:00Z,340,RW02R,RW09,VANK1H,SAVS1C,,VANKO Y8 SAVSA
AIQ3248,A20N,VTBD,VTUK,2025-12-23T04:05:00Z,270,RW21L,RW03,ROBK3C,,R03,ROBKA A1 SELKA Y14 KRT Y23 KKN Y23/Y22
IGO1072,A21N,VTSP,VABB,2025-12-23T04:05:00Z,300,RW09,,UBNE1A,,,UBNEN L645 SAPAM
MAS785,B38M,VTBS,WMKK,2025-12-23T04:05:00Z,370,RW02R,,KASN1H,,,KASNI M757 KARMI
SIA727,B38M,VTSP,WSSS,2025-12-23T04:05:00Z,370,RW09,,EPGO1A,,,EPGOT W14 HTY A334 PASVA
TLM508,B739,VTBD,VTCC,2025-12-23T04:05:00Z,320,RW21L,RW36,OLVU3C,MARN2A,R36,OLVUK Y26 MARNI
ABY757,A21N,VTSG,OMSJ,2025-12-23T04:10:00Z,380,RW14,,TUNR1G,,,TUNRA W32 TRN W14 HTY A464 KARMI
AIQ357,A21N,VTBD,WSSS,2025-12-23T04:10:00Z,370,RW21L,,KIGO3C,,,KIGOB Y11 PASVA
AIQ3923,A320,VTBD,VTCL,2025-12-23T04:10:00Z,300,RW21L,RW36,OLVU3C,IBIR1A,R36,OLVUK Y26 BEBUV Y33 IBIRI
AIQ4501,A320,VTBS,VTUK,2025-12-23T04:10:00Z,290,RW02R,RW03,SELK1H,,R03,SELKA Y14 KRT Y23 KKN Y23/Y22
AIQ636,A320,VTBD,VVDN,2025-12-23T04:10:00Z,330,RW21L,,UPKU3C,,,UPKUP Y16 BUTRA
BKP259,AT76,VTSM,VTSP,2025-12-23T04:10:00Z,140,RW35,RW09,ENRA1B,SAVS1C,,DORNA W32 SAPUD Y8 SAVSA
BKP966,A319,WSSS,VTSM,2025-12-23T04:10:00Z,360,,RW17,,,R17,KADAX M626 IKOGA Y95 RUMVA
CHH7940,A20N,VTBS,ZJHK,2025-12-23T04:10:00Z,330,RW02R,,SELK1H,,,SELKA A1 SANOT Y15 GUROK A202 SAV
NOK573,B738,VTSB,VTBD,2025-12-23T04:10:00Z,350,RW04,RW21R,NIXE1D,SABA3A,R21R,NIXET Y99 HOTEL DCT SABAI
VPCKV,GLF6,VHHH,VTSP,2025-12-23T04:10:00Z,430,,RW09,,SAVS1C,,BUTRA A1 UBL W1 RAMEI W42 MENEX Y8 SAVSA
AIQ3239,A21N,VTBD,VTSB,2025-12-23T04:15:00Z,340,RW21L,RW22,SABI3C,IKER1A,R22,SABIS Y8 IKERA
AIQ3447,A320,VTBD,VTCC,2025-12-23T04:15:00Z,340,RW21L,RW36,OLVU3C,MARN2A,R36,OLVUK Y26 MARNI
AIQ4252,A320,VTBS,VTSC,2025-12-23T04:15:00Z,370,RW02R,,KASN1H,,,KASNI M757 ROBDA W19 NTW
AKJ623,B38M,VOBL,VTSP,2025-12-23T04:15:00Z,370,,RW09,,UBNE1C,,SAPAM L645 UBNEN
BKP157,AT76,VTBS,VTSM,2025-12-23T04:15:00Z,150,RW02R,RW17,KASN1H,,R17,KASNI M757 MABKO W33 SMU
CEB930,A21N,VTBS,RPLL,2025-12-23T04:15:00Z,370,RW02R,,GOME1S,,,GOMES B204 AGEDO
IGO1070,A21N,VTSG,VIDP,2025-12-23T04:15:00Z,360,RW14,,TUNR1G,,,TUNRA W32 TRN W14 HTY A464 KARMI
MAS788,B738,WMKK,VTBS,2025-12-23T04:15:00Z,380,,RW01,,LEBI1D,R01,RIGTO M769 LEBIM
MJJ211,A320,VTCT,VTBD,2025-12-23T04:15:00Z,330,RW21,RW21R,DUBE1B,NAKO3A,R21R,DUBEN Y28 BLAFF DCT NAKON
TLM604,B738,VTBD,VTUD,2025-12-23T04:15:00Z,310,RW21L,RW30,ROBK3C,ANPU1C,R30,ROBKA A1 SELKA Y14 KRT Y23 KKN Y23/Y22
VJC809,A321,VVTS,VTSP,2025-12-23T04:15:00Z,320,,RW09,,SAVS1C,,SAKDA R575 SMU W32 SAPUD Y8 SAVSA
AWQ251,A320,VTBD,WIII,2025-12-23T04:20:00Z,370,RW21L,,KIGO3C,,,KIGOB Y11 PASVA
CES6087,B738,ZPPP,VTBS,2025-12-23T04:20:00Z,320,,RW01,,NORT1D,R01,VTN R470 UDN W21 NOBER
HVN600,A321,VTBS,VVTS,2025-12-23T04:20:00Z,350,RW02R,,GOME1S,,,GOMES N506 BOKAK
TLM101,B738,WSSS,VTBD,2025-12-23T04:20:00Z,360,,RW21R,,SEHN3A,R21R,ABTOK M644 ALUMO Y12 ALEMI
TLM214,B738,VTBD,VIAR,2025-12-23T04:20:00Z,320,RW21L,,NUNL3C,,,NUNLI L507 LUDVI
TLM708,B738,VTBD,VTSS,2025-12-23T04:20:00Z,330,RW21L,RW26,KASN3C,OBLE1A,R26,KASNI M757 OBLEX
ABY700,A21N,VTSP,OMSJ,2025-12-23T04:25:00Z,380,RW09,,UBNE1A,,,UBNEN L645 SAPAM
AIQ3444,A320,VTCC,VTBD,2025-12-23T04:25:00Z,330,RW36,RW21R,PANT2C,NAKO3A,R21R,PANTA Y7 BLAFF DCT NAKON
AWQ155,A320,VTBD,WIMM,2025-12-23T04:25:00Z,350,RW21L,,KASN3C,,,KASNI M757 KARMI
BKP133,A319,VTBS,VTSM,2025-12-23T04:25:00Z,310,RW02R,RW17,KASN1H,,R17,KASNI M757 MABKO W33 SMU
BKP293,AT76,VTSM,VTBU,2025-12-23T04:25:00Z,140,RW35,RW18,OLBA1B,,R18,OLBAG Y17 DONSI M769 SURMA W42 ASEKU DCT BUT
CAL852,A21N,VTCC,RCTP,2025-12-23T04:25:00Z,350,RW36,,MONL2C,,,MONLO R207 NAN R215 TOMIP
CSN3081,A20N,ZGGG,VTBS,2025-12-23T04:25:00Z,300,,RW01,,EAST1D,R01,SAV A202 RAMEI W42 PAKRI Y13 RUKSA
CSN358,A21N,VTBS,ZGGG,2025-12-23T04:25:00Z,290,RW02R,,SELK1H,,,SELKA A1 SANOT Y15 GUROK A202 SAV
MMA338,E190,VTBS,VYMD,2025-12-23T04:25:00Z,360,RW02R,,NUNL1S,,,NUNLI L507 LUDVI
SBI6308,B738,VTBS,UIII,2025-12-23T04:25:00Z,370,RW02R,,UGUV1H,,,UGUVO Y27 PIBAN Y29 PSL W26 CMP W21 UDN R470 VTN
THA404,A359,WSSS,VTBS,2025-12-23T04:25:00Z,400,,RW01,,TUMG1D,R01,ABTOK M644 ALUMO Y12 ALEMI
THA472,A359,YSSY,VTBS,2025-12-23T04:25:00Z,380,,RW01,,TUMG1D,R01,TIDAR M904 TONIK M644 ALUMO Y12 ALEMI
ABY824,A21N,VTBS,OMSJ,2025-12-23T04:30:00Z,320,RW02R,,PAST1H,,,PASTO L301 TANEK
AIQ3091,A21N,VTBD,VTSP,2025-12-23T04:30:00Z,360,RW21L,RW09,SABI3C,SAVS1C,,SABIS Y8 SAVSA
AXM833,A320,VTSP,WMKK,2025-12-23T04:30:00Z,310,RW09,,REBE1A,,,REBED B579 DALAN
BKP242,A319,VTCC,VTSM,2025-12-23T04:30:00Z,370,RW36,RW17,PANT2C,,R17,PANTA Y7 BKK M757 MABKO W33 SMU
CQH6300,A320,VTBS,ZLXY,2025-12-23T04:30:00Z,330,RW02R,,NOBE1S,,,NOBER B346 YAKUA
JST27,B788,YSSY,VTSP,2025-12-23T04:30:00Z,400,,RW09,,EPGO1C,,PASVA A334 HTY W14 EPGOT
LKY627,C130,VTUW,VTBD,2025-12-23T04:30:00Z,240,RW15,RW21R,OMNI,ENDU3A,R21R,Y22/Y23 KKN Y23 KRT Y20 UBLOD DCT ENDUU
MFX526,A21N,VTBS,UZTT,2025-12-23T04:30:00Z,320,RW02R,,NUNL1S,,,IGONI L507 LUDVI
NOK525,B738,VTSP,VTBD,2025-12-23T04:30:00Z,370,RW09,RW21R,IGEV1A,SABA3A,R21R,IGEVI Y5 EGUBO Y99 HOTEL DCT SABAI
THA207,A320,VTBS,VTSP,2025-12-23T04:30:00Z,340,RW02R,RW09,VANK1H,SAVS1C,,VANKO Y8 SAVSA
TLM510,B739,VTBD,VTCC,2025-12-23T04:30:00Z,320,RW21L,RW36,OLVU3C,MARN2A,R36,OLVUK Y26 MARNI
TLM784,B738,VTBD,VTSF,2025-12-23T04:30:00Z,310,RW21L,RW19,KASN3C,,R19,KASNI M757 LOSDA Y94 NKS
VJC803,A321,VVTS,VTBS,2025-12-23T04:30:00Z,340,,RW01,,TUMG1D,R01,VAPVU P629 NUGPA
AFR199,A359,VTBS,LFPG,2025-12-23T04:35:00Z,360,RW02R,,VANK1H,,,VANKO Y8 PUT L645 SAPAM
AIQ155,A320,VTCC,VTSS,2025-12-23T04:35:00Z,370,RW36,RW26,PANT2C,OBLE1A,R26,PANTA Y7 BKK M757 OBLEX
AIQ3238,A320,VTSB,VTBD,2025-12-23T04:35:00Z,310,RW04,RW21R,NIXE1D,SABA3A,R21R,NIXET Y99 HOTEL DCT SABAI
AIQ5503,A320,VTUK,VTCC,2025-12-23T04:35:00Z,320,RW21,RW36,ALGI1B,MONL2A,R36,VTN R207 MONLO
AZV2923,A320,UWWW,VTSP,2025-12-23T04:35:00Z,350,,RW09,,SAVS1C,,YAKUA B346 BKK Y8 SAVSA
HVN605,A21N,VVTS,VTBS,2025-12-23T04:35:00Z,340,,RW01,,TUMG1D,R01,VAPVU P629 NUGPA
THA551,A320,VVTS,VTBS,2025-12-23T04:35:00Z,320,,RW01,,TUMG1D,R01,VAPVU P629 NUGPA
TLM759,B738,VTSP,VTBD,2025-12-23T04:35:00Z,330,RW09,RW21R,IGEV1A,SABA3A,R21R,IGEVI Y5 EGUBO Y99 HOTEL DCT SABAI
AIQ3542,A20N,VTBD,VTUL,2025-12-23T04:40:00Z,310,RW21L,RW19,NOBE4C,,R19,NOBER W21 CMP B218 BOVGO
AIQ3552,A320,VTBD,VTCN,2025-12-23T04:40:00Z,320,RW21L,RW02,UGUV3C,,R02,UGUVO Y27 IBUBU W25 NAN
AIQ571,A320,ZHHH,VTBD,2025-12-23T04:40:00Z,340,,RW21R,,NAKO3A,R21R,VTN CMP W21 NOBER
AIQ8165,A320,VTCC,VTSP,2025-12-23T04:40:00Z,360,RW36,RW09,PANT2C,SAVS1C,,PANTA Y7 BKK Y8 SAVSA
BKP1155,A319,VTBS,VTSM,2025-12-23T04:40:00Z,310,RW02R,RW17,KASN1H,,R17,KASNI M757 MABKO W33 SMU
BKP805,A319,VTSM,VHHH,2025-12-23T04:40:00Z,370,RW35,,OLBA1B,,,OLBAG Y17 DONSI M769 SURMA W42 TOPER A1 SANOT Y15 GUROK A202 SAV
CPA750,A333,VTBS,VHHH,2025-12-23T04:40:00Z,370,RW02R,,LIPL1S,,,LIPLI Y16 BUTRA
CRK775,A320,VHHH,VTBS,2025-12-23T04:40:00Z,340,,RW01,,EAST1D,R01,SAV A202 RAMEI W42 PAKRI Y13 RUKSA
ETD412,B789,OMAA,VTSP,2025-12-23T04:40:00Z,350,,RW09,,UBNE1C,,SAPAM L645 UBNEN
TVJ1003,B38M,VTBU,VTBS,2025-12-23T04:40:00Z,100,RW18,RW01,BKK1A,TUMG1D,R01,BOKAK B205 OLDIR P629 NUGPA
AIQ3030,A21N,VTSP,VTBD,2025-12-23T04:45:00Z,370,RW09,RW21R,IGEV1A,SABA3A,R21R,IGEVI Y5 EGUBO Y99 HOTEL DCT SABAI
AIQ3230,A320,VTSG,VTBD,2025-12-23T04:45:00Z,360,RW14,RW21R,OSPE1G,SABA3A,R21R,OSPEX Y99 HOTEL DCT SABAI
AMU936,A21N,VMMC,VTBS,2025-12-23T04:45:00Z,340,,RW01,,EAST1D,R01,SAV A202 RAMEI W42 PAKRI Y13 RUKSA
CQH7486,A320,VTBS,ZGNN,2025-12-23T04:45:00Z,330,RW02R,,UGUV1H,,,UGUVO Y27 PIBAN Y29 PSL W26 CMP W21 UDN R470 VTN
ETD406,A35K,OMAA,VTBS,2025-12-23T04:45:00Z,370,,RW01,,WILA1D,R01,NURDA L524 IBETO
NOK543,B738,VTSG,VTBD,2025-12-23T04:45:00Z,350,RW14,RW21R,OSPE1G,SABA3A,R21R,OSPEX Y99 HOTEL DCT SABAI
TAX610,A333,VTBD,RJBB,2025-12-23T04:45:00Z,410,RW21L,,UPKU3C,,,UPKUP Y16 BUTRA
THA601,B77W,VHHH,VTBS,2025-12-23T04:45:00Z,380,,RW01,,EAST1D,R01,SAV A202 RAMEI W42 PAKRI Y13 RUKSA
TVJ324,A321,VTBS,VTSS,2025-12-23T04:45:00Z,350,RW02R,RW26,KASN1H,OBLE1A,R26,KASNI M757 OBLEX
VJC802,A320,VTBS,VVTS,2025-12-23T04:45:00Z,310,RW02R,,GOME1S,,,GOMES N506 BOKAK
BOX532,B77L,EDDP,VTBS,2025-12-23T04:50:00Z,350,,RW01,,WILA1D,R01,LUDVI L507 IGONI
CDC8021,A320,ZSHC,VTBS,2025-12-23T04:50:00Z,300,,RW01,,NORT1D,R01,VTN R470 UDN W21 NOBER
CHH424,B38M,VTBS,ZUCK,2025-12-23T04:50:00Z,330,RW02R,,UGUV1H,,,UGUVO Y27 IBUBU W25 NAN R215 TOMIP
EVA258,A321,VTCC,RCTP,2025-12-23T04:50:00Z,330,RW36,,MONL2C,,,MONLO R207 NAN R215 TOMIP
NOK574,B738,VTBD,VTSB,2025-12-23T04:50:00Z,360,RW21L,RW22,SABI3C,IKER1A,R22,SABIS Y8 IKERA
QTR828,B77W,OTHH,VTBS,2025-12-23T04:50:00Z,410,,RW01,,WILA1D,R01,NURDA L524 IBETO
SBI6261,B738,UHWW,VTBS,2025-12-23T04:50:00Z,380,,RW01,,NORT1D,R01,VTN R470 UDN W21 NOBER
TAX606,A333,VTBD,RJAA,2025-12-23T04:50:00Z,410,RW21L,,UPKU3C,,,UPKUP Y16 BUTRA
TGW607,E290,VTBS,WSSS,2025-12-23T04:50:00Z,410,RW02R,,BUT1H,,,BUT Y11 PASVA
THA206,A320,VTSP,VTBS,2025-12-23T04:50:00Z,370,RW09,RW01,EMRI1A,LEBI1D,R01,EMRIT Y99 NONEL Y98 LEBIM
THA413,A21N,VTBS,WSSS,2025-12-23T04:50:00Z,370,RW02R,,BUT1H,,,BUT Y11 PASVA
TLM948,B738,VTBD,ZSOF,2025-12-23T04:50:00Z,350,RW21L,,NOBE4C,,,NOBER W21 CMP R474 VTN
TVJ1005,B38M,VTBU,VTBS,2025-12-23T04:50:00Z,100,RW18,RW01,BKK1A,TUMG1D,R01,BOKAK B205 OLDIR P629 NUGPA
WHK205,A320,VTBD,VTPM,2025-12-23T04:50:00Z,220,RW21L,RW27,OLVU3C,URGU1W,R27,OLVUK Y26 NUVLU Y30 URGUM
AFR157,A359,VTSP,LFPG,2025-12-23T04:55:00Z,320,RW09,,SATV1A,,,SATVA L759 TAVUN
AIQ481,A320,ZGHA,VTBD,2025-12-23T04:55:00Z,360,,RW21R,,NAKO3A,R21R,VTN R470 UDN W21 NOBER
AIQ510,A320,VTBD,WMKJ,2025-12-23T04:55:00Z,370,RW21L,,KIGO3C,,,KIGOB Y11 PASVA
BKP135,A319,VTBS,VTSM,2025-12-23T04:55:00Z,330,RW02R,RW17,KASN1H,,R17,KASNI M757 MABKO W33 SMU
NOK554,B738,VTBD,VTSF,2025-12-23T04:55:00Z,350,RW21L,RW19,KASN3C,,R19,KASNI M757 LOSDA Y94 NKS
SJX751,A21N,RCTP,VTCC,2025-12-23T04:55:00Z,340,,RW36,,MONL2A,R36,VTN R207 MONLO
SWM674,A320,VDTI,VTBS,2025-12-23T04:55:00Z,300,,RW01,,TUMG1D,R01,VAPVU P629 NUGPA
THA043,A21N,VTUK,VTBS,2025-12-23T04:55:00Z,240,RW21,RW01,EMRU1B,EAST1D,R01,Y22/Y23 KKN Y23 KRT Y20 UBLOD DCT EASTE
THA630,A320,VTBS,RCKH,2025-12-23T04:55:00Z,370,RW02R,,LIPL1S,,,LIPLI Y16 BUTRA
TVJ220,B38M,VTBS,VTUU,2025-12-23T04:55:00Z,270,RW02R,RW05,SELK1H,VENP1C,R05,SELKA A1
UAE370,B77W,OMDB,VTBS,2025-12-23T04:55:00Z,370,,RW01,,WILA1D,R01,NURDA L524 IBETO
AIQ3201,A320,VTBD,VTCT,2025-12-23T05:00:00Z,360,RW21L,RW03,UGUV3C,,R03,UGUVO Y27 IKISU W22 BENVI
AIQ660,A320,VTBD,VVPQ,2025-12-23T05:00:00Z,330,RW21L,,RYN3C,,,RYN R334 SAKDA
AZV2853,A320,UNWW,VTBU,2025-12-23T05:00:00Z,360,,RW18,,,R18,TUPGO M633 DULEM W42 RYN
CQH7302,A320,VTBS,ZSFZ,2025-12-23T05:00:00Z,330,RW02R,,SELK1H,,,SELKA A1 SANOT Y15 GUROK A202 SAV
NOK106,B738,VTBD,VTCT,2025-12-23T05:00:00Z,380,RW21L,RW03,UGUV3C,,R03,UGUVO Y27 IKISU W22 BENVI
OMA831,B38M,OOMS,VTSP,2025-12-23T05:00:00Z,350,,RW09,,UBNE1C,,SAPAM L645 UBNEN
RLH5041,B737,ZPLJ,VTBS,2025-12-23T05:00:00Z,320,,RW01,,NORT1D,R01,VTN R470 UDN W21 NOBER
SIA707,B78X,VTBS,WSSS,2025-12-23T05:00:00Z,370,RW02R,,BUT1H,,,BUT Y11 PASVA
SIA732,B38M,WSSS,VTSP,2025-12-23T05:00:00Z,360,,RW09,,URGA1C,,DUBAX R325 URGAD
TGW643,E290,VTSM,WSSS,2025-12-23T05:00:00Z,370,RW35,,RUMV1B,,,RUMVA Y95 IKOGA Y24 PASVA
THA106,A320,VTBS,VTCC,2025-12-23T05:00:00Z,360,RW02R,RW36,OLVU1H,MARN2A,R36,OLVUK Y26 MARNI
VJT789G,GLEX,VTBD,VLLB,2025-12-23T05:00:00Z,370,RW21L,,NOBE4C,,,NOBER W21 UDN R470 VTN
AIQ3217,A320,VTBD,VTSG,2025-12-23T05:05:00Z,380,RW21L,RW32,SABI3C,NULM1E,R32,SABIS Y8 SAPUD W32 NULMA
AIQ3436,A320,VTCC,VTBD,2025-12-23T05:05:00Z,330,RW36,RW21R,PANT2C,NAKO3A,R21R,PANTA Y7 BLAFF DCT NAKON
AIQ4110,A320,VTBS,VTSP,2025-12-23T05:05:00Z,360,RW02R,RW09,VANK1H,SAVS1C,,VANKO Y8 SAVSA
AXB882,A320,VOBL,VTBS,2025-12-23T05:05:00Z,390,,RW01,,WILA1D,R01,PUMOR L877 MIGAR L524 IBETO
MXD521,B738,VTBD,WMKK,2025-12-23T05:05:00Z,370,RW21L,,KIGO3C,,,KIGOB Y11 PASVA
OMA815,B789,OOMS,VTBS,2025-12-23T05:05:00Z,410,,RW01,,WILA1D,R01,PUMOR L877 MIGAR L524 IBETO
SIA710,B78X,WSSS,VTBS,2025-12-23T05:05:00Z,380,,RW01,,TUMG1D,R01,ABTOK M644 ALUMO Y12 ALEMI
TGW677,E290,VTCC,WSSS,2025-12-23T05:05:00Z,350,RW36,,PANT2C,,,PANTA Y7 BKK M904 PIDEL Y11 PASVA
THA416,B789,WMKK,VTBS,2025-12-23T05:05:00Z,400,,RW01,,LEBI1D,R01,RIGTO M769 LEBIM
VAG131,A321,VVTS,VTBS,2025-12-23T05:05:00Z,320,,RW01,,TUMG1D,R01,VAPVU P629 NUGPA
AFL285,B77W,VTSP,UUEE,2025-12-23T05:10:00Z,300,RW09,,SATV1A,,,SATVA L759 TAVUN
APG286,A320,VTBD,RPLL,2025-12-23T05:10:00Z,330,RW21L,,GORS3C,,,GORSI N506 GOMES B204 AGEDO
BKP224,A319,VTCC,VTBS,2025-12-23T05:10:00Z,370,RW36,RW01,PANT2C,NORT1D,R01,PANTA Y7 BLAFF DCT NORTA
BKP942,AT76,VLLB,VTBS,2025-12-23T05:10:00Z,340,,RW01,,NORT1D,R01,VTN R470 UDN W21 NOBER
CSZ310,A320,VTBS,ZGSZ,2025-12-23T05:10:00Z,330,RW02R,,SELK1H,,,SELKA A1 SANOT Y15 GUROK A202 SAV
EVA075,B77W,VTBS,EHAM,2025-12-23T05:10:00Z,300,RW02R,,TARE1H,,,TARED G463 BETNO
THA570,A320,VTBS,VLVT,2025-12-23T05:10:00Z,330,RW02R,,NOBE1S,,,NOBER W21 UDN R470 VTN
THA621,A21N,RPLL,VTBS,2025-12-23T05:10:00Z,380,,RW01,,TUMG1D,R01,TUPGO M633 DULEM DCT GOMES
TLM756,B739,VTBD,VTSP,2025-12-23T05:10:00Z,340,RW21L,RW09,SABI3C,SAVS1C,,SABIS Y8 SAVSA
ABY732,A21N,OMSJ,VTSG,2025-12-23T05:15:00Z,390,,RW32,,EMRI1E,R32,IKULA R325 PUT Y99 EMRIT
AIQ3073,A320,VTSG,VTCC,2025-12-23T05:15:00Z,380,RW14,RW36,OSPE1G,MARN2A,R36,OSPEX Y99 BKK Y26 MARNI
AIQ3355,A320,VTUD,VTBD,2025-12-23T05:15:00Z,300,RW12,RW21R,ANPU1B,ENDU3A,R21R,Y22/Y23 KKN Y23 KRT Y20 UBLOD DCT ENDUU
BBC388,B738,VGHS,VTBS,2025-12-23T05:15:00Z,350,,RW01,,WILA1D,R01,BETNO G463 TARED
CES741,B738,ZPPP,VTBS,2025-12-23T05:15:00Z,360,,RW01,,NORT1D,R01,VTN R470 UDN W21 NOBER
CXA854,A21N,VTBS,ZSAM,2025-12-23T05:15:00Z,370,RW02R,,SELK1H,,,SELKA A1 SANOT Y15 GUROK A202 SAV
ITY759,A320,VTBS,LIRF,2025-12-23T05:15:00Z,340,RW02R,,TARE1H,,,TARED P646 BETNO
KLM844,B77W,VTBS,EHAM,2025-12-23T05:15:00Z,320,RW02R,,TARE1H,,,TARED G463 BETNO
TGW664,E290,WSSS,VTSP,2025-12-23T05:15:00Z,380,,RW09,,URGA1C,,DUBAX R325 URGAD
THA105,A320,VTCC,VTBS,2025-12-23T05:15:00Z,350,RW36,RW01,PANT2C,NORT1D,R01,PANTA Y7 BLAFF DCT NORTA
TVJ351,A320,VTSB,VTBS,2025-12-23T05:15:00Z,330,RW04,RW01,NIXE1D,LEBI1D,R01,NIXET Y99 NONEL Y98 LEBIM
AIQ3185,A320,VTSF,VTBD,2025-12-23T05:20:00Z,380,RW01,RW21R,TAWI1A,SABA3A,R21R,NKS Y94 DOXAS M769 GOKEX Y96 EMTIX Y99 HOTEL DCT SABAI
AIQ3254,A20N,VTBD,VTUK,2025-12-23T05:20:00Z,290,RW21L,RW03,ROBK3C,,R03,ROBKA A1 SELKA Y14 KRT Y23 KKN Y23/Y22
AIQ3441,A320,VTBD,VTCC,2025-12-23T05:20:00Z,340,RW21L,RW36,OLVU3C,MARN2A,R36,OLVUK Y26 MARNI
AIQ4105,A320,VTCC,VTBS,2025-12-23T05:20:00Z,350,RW36,RW01,PANT2C,NORT1D,R01,PANTA Y7 BLAFF DCT NORTA
AIQ611,A320,VDSA,VTBD,2025-12-23T05:20:00Z,360,,RW21R,,SEHN3A,R21R,TUPGO M633 DULEM
AIQ641,A320,VVNB,VTBD,2025-12-23T05:20:00Z,380,,RW21R,,NAKO3A,R21R,VTN R470 UDN W21 NOBER
AXM867,A320,VTSG,WMKK,2025-12-23T05:20:00Z,310,RW14,,TUNR1G,,,TUNRA W32 TRN W14 HTY A464 KARMI
BKP1148,A319,VTSM,VTBS,2025-12-23T05:20:00Z,320,RW35,RW01,OLBA1B,LEBI1D,R01,OLBAG Y17 DONSI M769 LEBIM
CPA770,A333,VTSP,VHHH,2025-12-23T05:20:00Z,410,RW09,,EMRI1A,,,EMRIT Y99 NONEL Y98 SURMA W42 TOPER A1 SANOT Y15 GUROK A202 SAV
TLM755,B738,VTSP,VTBD,2025-12-23T05:20:00Z,330,RW09,RW21R,IGEV1A,SABA3A,R21R,IGEVI Y5 EGUBO Y99 HOTEL DCT SABAI
AXM884,A20N,WMKK,VTBD,2025-12-23T05:25:00Z,360,,RW21R,,SABA3A,R21R,RIGTO M769 GOKEX Y96 EMTIX Y99 HOTEL
BKP225,A319,VTBS,VTCC,2025-12-23T05:25:00Z,360,RW02R,RW36,OLVU1H,MARN2A,R36,OLVUK Y26 MARNI
BKP265,AT76,VTSM,VTSG,2025-12-23T05:25:00Z,140,RW35,RW32,ENRA1B,NULM1E,R32,DORNA W32 NULMA
SJX745,A339,RCTP,VTBS,2025-12-23T05:25:00Z,430,,RW01,,EAST1D,R01,BUTRA A1 UBL Y20 GRASO Y13 RUKSA
THA132,A320,VTBS,VTCT,2025-12-23T05:25:00Z,340,RW02R,RW03,UGUV1H,,R03,UGUVO Y27 IKISU W22 BENVI
TLM710,B738,VTBD,VTSS,2025-12-23T05:25:00Z,330,RW21L,RW26,KASN3C,OBLE1A,R26,KASNI M757 OBLEX
TLM736,B738,VTBD,VTSB,2025-12-23T05:25:00Z,320,RW21L,RW22,SABI3C,IKER1A,R22,SABIS Y8 IKERA
AIQ3374,A20N,VTBD,VTUU,2025-12-23T05:30:00Z,330,RW21L,RW05,ROBK3C,VENP1C,R05,ROBKA A1
AIQ583,A320,ZPPP,VTBD,2025-12-23T05:30:00Z,360,,RW21R,,NAKO3A,R21R,VTN R470 UDN W21 NOBER
BKP253,AT76,VTSM,VTSP,2025-12-23T05:30:00Z,140,RW35,RW09,ENRA1B,SAVS1C,,DORNA W32 SAPUD Y8 SAVSA
CAL6653,A21N,RCTP,VTBS,2025-12-23T05:30:00Z,340,,RW01,,EAST1D,R01,BUTRA A1 UBL Y20 GRASO Y13 RUKSA
CTV512,A320,WIII,VTBD,2025-12-23T05:30:00Z,360,,RW21R,,SEHN3A,R21R,ABTOK M644 RYN
FDB1464,B38M,VTSG,OMDB,2025-12-23T05:30:00Z,360,RW14,,PUT2F,,,EMRIT Y99 PUT R325 IKULA
FFM3610,B738,WMKK,VTSG,2025-12-23T05:30:00Z,380,,RW32,,TUNR1E,R32,TAMOS A457 HTY W14 TRN W32 TUNRA
HKE700,A21N,VHHH,VTBS,2025-12-23T05:30:00Z,340,,RW01,,EAST1D,R01,SAV A202 RAMEI W42 PAKRI Y13 RUKSA
JST17,B788,YMML,VTSP,2025-12-23T05:30:00Z,400,,RW09,,URGA1C,,DUBAX R325 URGAD
SEJ089,A320,VIDP,VTSP,2025-12-23T05:30:00Z,350,,RW09,,SATV1C,,TAVUN L759 SATVA
THA004,A320,VTBS,VTUD,2025-12-23T05:30:00Z,270,RW02R,RW30,SELK1H,ANPU1C,R30,SELKA Y14 KRT Y23 KKN Y23/Y22
THA263,A320,VTBS,VTSS,2025-12-23T05:30:00Z,350,RW02R,RW26,KASN1H,OBLE1A,R26,KASNI M757 OBLEX
THA302,A320,VYYY,VTBS,2025-12-23T05:30:00Z,330,,RW01,,WILA1D,R01,BETNO G463 TARED
UAE372,A388,OMDB,VTBS,2025-12-23T05:30:00Z,410,,RW01,,WILA1D,R01,NURDA L524 IBETO
AFL273,A333,VTBS,UUEE,2025-12-23T05:35:00Z,340,RW02R,,NUNL1S,,,NUNLI L507 LUDVI
AIC2332,A20N,VIDP,VTBS,2025-12-23T05:35:00Z,370,,RW01,,WILA1D,R01,BETNO P646 TARED
AIQ4106,A320,VTBS,VTCC,2025-12-23T05:35:00Z,340,RW02R,RW36,OLVU1H,MARN2A,R36,OLVUK Y26 MARNI
AIQ4232,A320,VTSF,VTBS,2025-12-23T05:35:00Z,360,RW01,RW01,TAWI1A,LEBI1D,R01,NKS Y94 DOXAS M769 LEBIM
AKJ618,B38M,VABB,VTSP,2025-12-23T05:35:00Z,370,,RW09,,UPSA1C,,IKULA L515 UPSAB
IGO1067,A21N,VOHS,VTBS,2025-12-23T05:35:00Z,370,,RW01,,WILA1D,R01,NURDA L524 IBETO
IGO1074,A21N,VTSP,VIDP,2025-12-23T05:35:00Z,300,RW09,,SATV1A,,,SATVA L759 TAVUN
NOK132,B738,VTBD,VTCC,2025-12-23T05:35:00Z,340,RW21L,RW36,OLVU3C,MARN2A,R36,OLVUK Y26 MARNI
TGW680,E290,WSSS,VTCC,2025-12-23T05:35:00Z,340,,RW36,,MARN2A,R36,GOLUD M751 BKK Y26 MARNI
TLM538,B738,VTBD,VTCT,2025-12-23T05:35:00Z,360,RW21L,RW03,UGUV3C,,R03,UGUVO Y27 IKISU W22 BENVI
TVJ103,A321,VTCC,VTBS,2025-12-23T05:35:00Z,350,RW36,RW01,PANT2C,NORT1D,R01,PANTA Y7 BLAFF DCT NORTA
TVJ110,B38M,VTBS,VTCC,2025-12-23T05:35:00Z,340,RW02R,RW36,OLVU1H,MARN2A,R36,OLVUK Y26 MARNI
AIQ3131,A320,VTSC,VTBD,2025-12-23T05:40:00Z,380,,RW21R,OMNI,SABA3A,R21R,NTW W19 UPNEP M626 SORTO M769 GOKEX Y96 EMTIX Y99 HOTEL DCT SABAI
AIQ3162,A320,VTCC,VTSP,2025-12-23T05:40:00Z,380,RW36,RW09,PANT2C,SAVS1C,,PANTA Y7 BKK Y8 SAVSA
AIQ3249,A20N,VTUK,VTBD,2025-12-23T05:40:00Z,260,RW21,RW21R,EMRU1B,ENDU3A,R21R,Y22/Y23 KKN Y23 KRT Y20 UBLOD DCT ENDUU
AXB937,A320,VTSP,VOHS,2025-12-23T05:40:00Z,360,RW09,,SATV1A,,,SATVA L759 TAVUN
AXM868,A320,WMKK,VTSG,2025-12-23T05:40:00Z,360,,RW32,,TUNR1E,R32,TAMOS A457 HTY W14 TRN W32 TUNRA
BKP273,A320,VTBS,VTSP,2025-12-23T05:40:00Z,340,RW02R,RW09,VANK1H,SAVS1C,,VANKO Y8 SAVSA
CSN6063,A20N,ZGGG,VTSP,2025-12-23T05:40:00Z,340,,RW09,,SAVS1C,,SAV A202 RAMEI W42 MENEX Y8 SAVSA
CSZ282,A20N,VTBS,ZBYC,2025-12-23T05:40:00Z,330,RW02R,,UGUV1H,,,UGUVO Y27 IKISU W22 CTR A581 PONUK
EVA067,B77W,VTBS,EGLL,2025-12-23T05:40:00Z,300,RW02R,,NUNL1S,,,NUNLI L507 LUDVI
HVN615,A321,VVNB,VTBS,2025-12-23T05:40:00Z,340,,RW01,,NORT1D,R01,VTN R470 UDN W21 NOBER
MMA361,A319,VTBD,VYMD,2025-12-23T05:40:00Z,340,RW21L,,NUNL3C,,,NUNLI L507 LUDVI
NOK592,B738,VTBD,VTST,2025-12-23T05:40:00Z,380,RW21L,RW08,SABI3C,,R08,SABIS Y8 SAPUD W24 TRN
NWS3434,A320,VTSP,USSS,2025-12-23T05:40:00Z,340,RW09,,SATV1A,,,SATVA L759 TAVUN
TGW683,E290,VTSG,WSSS,2025-12-23T05:40:00Z,350,RW14,,TUNR1G,,,TUNRA W32 TRN W14 HTY A334 PASVA
THA922,B77W,VTBS,EDDF,2025-12-23T05:40:00Z,320,RW02R,,NUNL1S,,,NUNLI L507 LUDVI
TLM391,B739,RCKH,VTBD,2025-12-23T05:40:00Z,300,,RW21R,,ENDU3A,R21R,BUTRA A1 UBL Y20 UBLOD
TLM645,B738,VTUK,VTBD,2025-12-23T05:40:00Z,240,RW21,RW21R,EMRU1B,ENDU3A,R21R,Y22/Y23 KKN Y23 KRT Y20 UBLOD DCT ENDUU
AIQ3343,A320,VTUW,VTBD,2025-12-23T05:45:00Z,360,RW15,RW21R,OMNI,ENDU3A,R21R,Y22/Y23 KKN Y23 KRT Y20 UBLOD DCT ENDUU
BKP305,AT76,VTBS,VTBO,2025-12-23T05:45:00Z,130,RW02R,RW23,RYN1H,,R23,RYN
CPA788,A333,VTBS,VHHH,2025-12-23T05:45:00Z,410,RW02R,,LIPL1S,,,LIPLI Y16 BUTRA
CPA789,A333,VHHH,VTBS,2025-12-23T05:45:00Z,340,,RW01,,EAST1D,R01,SAV A202 RAMEI W42 PAKRI Y13 RUKSA
CSH855,B38M,ZSPD,VTBS,2025-12-23T05:45:00Z,340,,RW01,,EAST1D,R01,SAV A202 RAMEI W42 PAKRI Y13 RUKSA
CSN8356,B738,VTBS,ZGOW,2025-12-23T05:45:00Z,330,RW02R,,SELK1H,,,SELKA A1 SANOT Y15 GUROK A202 SAV
EVA212,B77W,VTBS,RCTP,2025-12-23T05:45:00Z,330,RW02R,,LIPL1S,,,LIPLI Y16 BUTRA
SAS974,A320,VTBS,EKCH,2025-12-23T05:45:00Z,350,RW02R,,TARE1H,,,TARED P646 BETNO
TLM707,B738,VTSS,VTBD,2025-12-23T05:45:00Z,360,RW26,RW21R,DAND1C,SABA3A,R21R,DANDO M769 GOKEX Y96 EMTIX Y99 HOTEL DCT SABAI
AIQ3211,A21N,VTSG,VTBD,2025-12-23T05:50:00Z,370,RW14,RW21R,OSPE1G,SABA3A,R21R,OSPEX Y99 HOTEL DCT SABAI
AIQ3924,A320,VTCL,VTBD,2025-12-23T05:50:00Z,310,RW18,RW21R,VENA1D,NAKO3A,R21R,VENAG W23 PSL Y28 BLAFF DCT NAKON
CAL835,A21N,RCTP,VTBS,2025-12-23T05:50:00Z,400,,RW01,,EAST1D,R01,BUTRA A1 UBL Y20 GRASO Y13 RUKSA
QTR826,A359,OTHH,VTBS,2025-12-23T05:50:00Z,370,,RW01,,WILA1D,R01,NURDA L524 IBETO
THA634,B772,VTBS,RCTP,2025-12-23T05:50:00Z,370,RW02R,,LIPL1S,,,LIPLI Y16 BUTRA
AFL659,A20N,VTBS,UIII,2025-12-23T05:55:00Z,350,RW02R,,UGUV1H,,,UGUVO Y27 PIBAN Y29 PSL W26 CMP W21 UDN R470 VTN
AIQ3107,A320,VTSS,VTBD,2025-12-23T05:55:00Z,380,RW26,RW21R,DAND1C,SABA3A,R21R,DANDO M769 GOKEX Y96 EMTIX Y99 HOTEL DCT SABAI
AXM856,A20N,WMKK,VTCC,2025-12-23T05:55:00Z,360,,RW36,,MARN2A,R36,RIGTO M769 BKK Y26 MARNI
BKP250,AT76,VTSP,VTSM,2025-12-23T05:55:00Z,130,RW09,RW17,EMRI1A,,R17,EMRIT Y99 AKVUG Y93 SMU
CCA959,B38M,ZBAA,VTBS,2025-12-23T05:55:00Z,360,,RW01,,NORT1D,R01,VTN R470 UDN W21 NOBER
THA439,A320,VTBS,WADD,2025-12-23T05:55:00Z,330,RW02R,,BUT1H,,,BUT M904 TIDAR
THA633,B77W,RCTP,VTBS,2025-12-23T05:55:00Z,380,,RW01,,EAST1D,R01,BUTRA A1 UBL Y20 GRASO Y13 RUKSA
TLM605,B738,VTUD,VTBD,2025-12-23T05:55:00Z,300,RW12,RW21R,ANPU1B,ENDU3A,R21R,Y22/Y23 KKN Y23 KRT Y20 UBLOD DCT ENDUU
AIQ3448,A320,VTCC,VTBD,2025-12-23T06:00:00Z,350,RW36,RW21R,PANT2C,NAKO3A,R21R,PANTA Y7 BLAFF DCT NAKON
AIQ4502,A320,VTUK,VTBS,2025-12-23T06:00:00Z,280,RW21,RW01,EMRU1B,EAST1D,R01,Y22/Y23 KKN Y23 KRT Y20 UBLOD DCT EASTE
B8260,A320,ZSSS,VTBD,2025-12-23T06:00:00Z,360,,RW21R,,NAKO3A,R21R,VTN CMP W21 NOBER
BKP1409,A319,VTSM,VTSP,2025-12-23T06:00:00Z,140,RW35,RW09,ENRA1B,SAVS1C,,DORNA W32 SAPUD Y8 SAVSA
CBY02,AT75,VTCC,VTBD,2025-12-23T06:00:00Z,150,RW36,RW21R,PANT2C,NAKO3A,R21R,PANTA Y7 BLAFF DCT NAKON
CTJ3860,B738,VTBS,ZUCK,2025-12-23T06:00:00Z,330,RW02R,,UGUV1H,,,UGUVO Y27 IBUBU W25 NAN R215 TOMIP
CXA833,B38M,ZSAM,VTBS,2025-12-23T06:00:00Z,300,,RW01,,EAST1D,R01,SAV A202 RAMEI W42 PAKRI Y13 RUKSA
HVN610,A321,VTBS,VVNB,2025-12-23T06:00:00Z,330,RW02R,,UGUV1H,,,UGUVO Y27 PIBAN Y29 PSL W26 CMP R474 VTN
MTL160,E135,VTBD,VTUD,2025-12-23T06:00:00Z,170,RW21L,RW30,ROBK3C,ANPU1C,R30,ROBKA A1 SELKA Y14 KRT Y23 KKN Y23/Y22
QTR846,B788,OTHH,VTSP,2025-12-23T06:00:00Z,370,,RW09,,UBNE1C,,SAPAM L645 UBNEN
TTW503,A20N,RCTP,VTSP,2025-12-23T06:00:00Z,300,,RW09,,SAVS1C,,BUTRA A1 UBL W1 RAMEI W42 MENEX Y8 SAVSA
AIQ5421,A320,VTSB,VTCC,2025-12-23T06:05:00Z,380,RW04,RW36,NIXE1D,MARN2A,R36,NIXET Y99 BKK Y26 MARNI
BKP281,AT76,VTBU,VTSP,2025-12-23T06:05:00Z,140,RW18,RW09,BKK1A,SAVS1C,,BUT DCT ASEKU W42 MENEX Y8 SAVSA
CSC9106,A21N,VTBS,ZGSZ,2025-12-23T06:05:00Z,330,RW02R,,SELK1H,,,SELKA A1 SANOT Y15 GUROK A202 SAV
THA434,A333,WIII,VTBS,2025-12-23T06:05:00Z,380,,RW01,,TUMG1D,R01,ABTOK M644 ALUMO Y12 ALEMI
TVJ305,A321,VTSP,VTBS,2025-12-23T06:05:00Z,330,RW09,RW01,EMRI1A,LEBI1D,R01,EMRIT Y99 NONEL Y98 LEBIM
AIQ3005,A320,VTBD,VTSP,2025-12-23T06:10:00Z,360,RW21L,RW09,SABI3C,SAVS1C,,SABIS Y8 SAVSA
AIQ3076,A320,VTCC,VTSG,2025-12-23T06:10:00Z,380,RW36,RW32,PANT2C,NULM1E,R32,PANTA Y7 BKK Y8 SAPUD W32 NULMA
BKP132,A319,VTSM,VTBS,2025-12-23T06:10:00Z,160,RW35,RW01,OLBA1B,LEBI1D,R01,OLBAG Y17 DONSI M769 LEBIM
BKP453,AT76,VTBD,VTSM,2025-12-23T06:10:00Z,150,RW21L,RW17,KASN3C,,R17,KASNI M757 MABKO W33 SMU
MJJ123,A320,VTCC,VVPQ,2025-12-23T06:10:00Z,390,RW36,,PANT2C,,,PANTA Y7 BKK M904 PIDEL Y11 PASVA
MXD586,B738,WMKK,VTSG,2025-12-23T06:10:00Z,340,,RW32,,TUNR1E,R32,TAMOS A457 HTY W14 TRN W32 TUNRA
TGW633,E290,VTSS,WSSS,2025-12-23T06:10:00Z,370,RW26,,TAXE1C,,,PASVA
TLM258,B738,VTBD,WADD,2025-12-23T06:10:00Z,330,RW21L,,KIGO3C,,,KIGOB Y11 BUT M904 TIDAR
TLM512,B739,VTBD,VTCC,2025-12-23T06:10:00Z,340,RW21L,RW36,OLVU3C,MARN2A,R36,OLVUK Y26 MARNI
TLM581,B739,VTCC,VTBU,2025-12-23T06:10:00Z,330,RW36,RW18,PANT2C,,R18,PANTA Y7 BKK
TVJ981,B38M,VVPQ,VTBS,2025-12-23T06:10:00Z,300,,RW01,,TUMG1D,R01,SAKDA R334 RYN
AIQ122,A320,VTBD,VEGY,2025-12-23T06:15:00Z,360,RW21L,,TARE3C,,,TARED P646 BETNO
AIQ3231,A320,VTBD,VTSB,2025-12-23T06:15:00Z,320,RW21L,RW22,SABI3C,IKER1A,R22,SABIS Y8 IKERA
AIQ324,A320,WMKP,VTBD,2025-12-23T06:15:00Z,380,,RW21R,,SABA3A,R21R,RIGTO M769 GOKEX Y96 EMTIX Y99 HOTEL
AIQ3421,A320,VTBD,VTCC,2025-12-23T06:15:00Z,340,RW21L,RW36,OLVU3C,MARN2A,R36,OLVUK Y26 MARNI
AIQ3514,A320,VTBD,VTUI,2025-12-23T06:15:00Z,350,RW21L,RW05,ROBK3C,,R05,ROBKA A1 SELKA Y14 KRT Y23 KKN Y23/Y22
NOK313,B738,VTUD,VTBD,2025-12-23T06:15:00Z,320,RW12,RW21R,ANPU1B,ENDU3A,R21R,Y22/Y23 KKN Y23 KRT Y20 UBLOD DCT ENDUU
SWR181,B77W,VTBS,LSZH,2025-12-23T06:15:00Z,300,RW02R,,NUNL1S,,,NUNLI L507 LUDVI
TVJ961,B38M,VVDN,VTBS,2025-12-23T06:15:00Z,320,,RW01,,EAST1D,R01,BUTRA A1 UBL Y20 GRASO Y13 RUKSA
AIQ3092,A21N,VTSP,VTBD,2025-12-23T06:20:00Z,330,RW09,RW21R,IGEV1A,SABA3A,R21R,IGEVI Y5 EGUBO Y99 HOTEL DCT SABAI
AIQ3543,A20N,VTUL,VTBD,2025-12-23T06:20:00Z,280,RW19,RW21R,BOVG1B,NAKO3A,R21R,BOVGO B218 CMP W21 NOBER DCT NAKON
CCA471,A321,ZUTF,VTBS,2025-12-23T06:20:00Z,340,,RW01,,NORT1D,R01,VTN R474 CMP W21 NOBER
LOT6520,A320,VTBS,EPWA,2025-12-23T06:20:00Z,310,RW02R,,TARE1H,,,TARED P646 BETNO
MMA333,A320,VYYY,VTBS,2025-12-23T06:20:00Z,330,,RW01,,WILA1D,R01,BETNO G463 TARED
MXD541,B738,VTSP,WMKK,2025-12-23T06:20:00Z,350,RW09,,REBE1A,,,REBED B579 DALAN
PAL731,B77W,VTBS,RPLL,2025-12-23T06:20:00Z,370,RW02R,,GOME1S,,,GOMES B204 AGEDO
THA916,B77W,VTBS,EGLL,2025-12-23T06:20:00Z,320,RW02R,,NUNL1S,,,NUNLI L507 LUDVI
TLM361,B738,VHHH,VTBD,2025-12-23T06:20:00Z,340,,RW21R,,ENDU3A,R21R,BUTRA Y16 UPKUP
TLM785,B738,VTSF,VTBD,2025-12-23T06:20:00Z,320,RW01,RW21R,TAWI1A,SABA3A,R21R,NKS Y94 DOXAS M769 GOKEX Y96 EMTIX Y99 HOTEL DCT SABAI
TLM786,B738,VTBD,VTSF,2025-12-23T06:20:00Z,310,RW21L,RW19,KASN3C,,R19,KASNI M757 LOSDA Y94 NKS
AIQ3240,A21N,VTSB,VTBD,2025-12-23T06:25:00Z,350,RW04,RW21R,NIXE1D,SABA3A,R21R,NIXET Y99 HOTEL DCT SABAI
AIQ3553,A320,VTCN,VTBD,2025-12-23T06:25:00Z,330,RW02,RW21R,OMNI,NAKO3A,R21R,W29 PSL Y28 BLAFF DCT NAKON
AIQ4253,A320,VTSC,VTBS,2025-12-23T06:25:00Z,380,,RW01,OMNI,LEBI1D,R01,NTW W19 UPNEP M626 SORTO M769 LEBIM
AXM883,A21N,VTBD,WMKK,2025-12-23T06:25:00Z,370,RW21L,,KIGO3C,,,KIGOB Y11 PASVA
BKP963,A319,VTSM,WSSS,2025-12-23T06:25:00Z,390,RW35,,RUMV1B,,,RUMVA Y95 IKOGA Y24 PASVA
CES9619,B737,ZPPP,VTCC,2025-12-23T06:25:00Z,360,,RW36,,MONL2A,R36,VTN R207 MONLO
FDB1481,B38M,OMDB,VTSG,2025-12-23T06:25:00Z,370,,RW32,,EMRI1E,R32,IKULA R325 PUT Y99 EMRIT
KAR3484,B772,VTSP,ULLI,2025-12-23T06:25:00Z,340,RW09,,SATV1A,,,SATVA L759 TAVUN
LAO635,AT76,VLLB,VTCC,2025-12-23T06:25:00Z,160,,RW36,,MONL2A,R36,TOMIP R215 NAN R207 MONLO
TLM709,B738,VTSS,VTBD,2025-12-23T06:25:00Z,340,RW26,RW21R,DAND1C,SABA3A,R21R,DANDO M769 GOKEX Y96 EMTIX Y99 HOTEL DCT SABAI
TVJ417,A320,VTSP,VTCC,2025-12-23T06:25:00Z,340,RW09,RW36,IGEV1A,MARN2A,R36,IGEVI Y5 EGUBO Y99 BKK Y26 MARNI
AIC2379,A20N,VTSP,VIDP,2025-12-23T06:30:00Z,340,RW09,,SATV1A,,,SATVA L759 TAVUN
AIQ3564,A320,VTBD,VTUV,2025-12-23T06:30:00Z,290,RW21L,RW36,ROBK3C,,R36,ROBKA A1 TOPER W42 RAMEI W38
AIQ637,A320,VVDN,VTBD,2025-12-23T06:30:00Z,380,,RW21R,,ENDU3A,R21R,BUTRA A1 UBL Y20 UBLOD
BKP1156,A319,VTSM,VTBS,2025-12-23T06:30:00Z,320,RW35,RW01,OLBA1B,LEBI1D,R01,OLBAG Y17 DONSI M769 LEBIM
CPA751,A21N,VHHH,VTBS,2025-12-23T06:30:00Z,340,,RW01,,EAST1D,R01,SAV A202 RAMEI W42 PAKRI Y13 RUKSA
HYS7891,A320,LROP,VTSP,2025-12-23T06:30:00Z,410,,RW09,,SATV1C,,TAVUN L759 SATVA
JDL2978,A320,VTBS,ZGSZ,2025-12-23T06:30:00Z,290,RW02R,,SELK1H,,,SELKA A1 SANOT Y15 GUROK A202 SAV
MJJ913,A320,VTBD,VTSM,2025-12-23T06:30:00Z,350,RW21L,RW17,KASN3C,,R17,KASNI M757 MABKO W33 SMU
MTL084,E135,VTBD,VTUO,2025-12-23T06:30:00Z,210,RW21L,RW04,ROBK3C,,R04,ROBKA A1 TOPER W42 RAMEI W38
MXD531,B738,VTBD,WMKJ,2025-12-23T06:30:00Z,250,RW21L,,KIGO3C,,,KIGOB Y11 PASVA
RBA514,B788,VTBS,WBSB,2025-12-23T06:30:00Z,370,RW02R,,RYN1H,,,RYN R334 SAKDA
THA110,A320,VTBS,VTCC,2025-12-23T06:30:00Z,340,RW02R,RW36,OLVU1H,MARN2A,R36,OLVUK Y26 MARNI
TLM511,B739,VTCC,VTBD,2025-12-23T06:30:00Z,350,RW36,RW21R,PANT2C,NAKO3A,R21R,PANTA Y7 BLAFF DCT NAKON
TVJ132,B38M,VTBS,VTCT,2025-12-23T06:30:00Z,340,RW02R,RW03,UGUV1H,,R03,UGUVO Y27 IKISU W22 BENVI
TVJ571,B38M,RCTP,VTBS,2025-12-23T06:30:00Z,300,,RW01,,EAST1D,R01,BUTRA A1 UBL Y20 GRASO Y13 RUKSA
AFL629,A333,VTSP,ULLI,2025-12-23T06:35:00Z,300,RW09,,SATV1A,,,SATVA L759 TAVUN
BKP158,AT76,VTSM,VTBS,2025-12-23T06:35:00Z,160,RW35,RW01,OLBA1B,LEBI1D,R01,OLBAG Y17 DONSI M769 LEBIM
CES542,B789,VTBS,ZSPD,2025-12-23T06:35:00Z,350,RW02R,,SELK1H,,,SELKA A1 SANOT Y15 GUROK A202 SAV
CPA618,A333,VTBS,VHHH,2025-12-23T06:35:00Z,410,RW02R,,LIPL1S,,,LIPLI Y16 BUTRA
KMI714,B734,VGHS,VTBS,2025-12-23T06:35:00Z,410,,RW01,,WILA1D,R01,BETNO G463 TARED
NOK575,B738,VTSB,VTBD,2025-12-23T06:35:00Z,350,RW04,RW21R,NIXE1D,SABA3A,R21R,NIXET Y99 HOTEL DCT SABAI
TVJ221,B38M,VTUU,VTBS,2025-12-23T06:35:00Z,300,RW05,RW01,ASAB1B,EAST1D,R01,Y20 GRASO Y13 RUKSA DCT EASTE
UAE396,B77W,OMDB,VTSP,2025-12-23T06:35:00Z,370,,RW09,,UBNE1C,,SAPAM L645 UBNEN
AIQ321,A320,VTBD,WMKP,2025-12-23T06:40:00Z,370,RW21L,,KASN3C,,,KASNI M757 KARMI
CSC3931,A21N,ZUTF,VTSP,2025-12-23T06:40:00Z,320,,RW09,,IGEV1C,,VTN R470 ELNET
CSH839,B738,ZSPD,VTBS,2025-12-23T06:40:00Z,340,,RW01,,EAST1D,R01,SAV A202 RAMEI W42 PAKRI Y13 RUKSA
THA208,A320,VTSP,VTBS,2025-12-23T06:40:00Z,330,RW09,RW01,EMRI1A,LEBI1D,R01,EMRIT Y99 NONEL Y98 LEBIM
VSV5237,B38M,VTSP,UAII,2025-12-23T06:40:00Z,340,RW09,,EMRI1A,,,EMRIT Y99 BKK Y27 IKISU W22 CTR A581 PONUK
BKP136,A319,VTSM,VTBS,2025-12-23T06:45:00Z,360,RW35,RW01,OLBA1B,LEBI1D,R01,OLBAG Y17 DONSI M769 LEBIM
BKP266,AT76,VTSG,VTSM,2025-12-23T06:45:00Z,130,RW14,RW17,OSPE1G,,R17,OSPEX Y99 AKVUG Y93 SMU
CAL839,B738,RCKH,VTBS,2025-12-23T06:45:00Z,380,,RW01,,EAST1D,R01,BUTRA A1 UBL Y20 GRASO Y13 RUKSA
CQH7502,A320,VTBS,ZUTF,2025-12-23T06:45:00Z,330,RW02R,,UGUV1H,,,UGUVO Y27 IBUBU W25 NAN R215 TOMIP
NOK134,B738,VTBD,VTCC,2025-12-23T06:45:00Z,360,RW21L,RW36,OLVU3C,MARN2A,R36,OLVUK Y26 MARNI
SJX742,A359,VTBS,RCTP,2025-12-23T06:45:00Z,410,RW02R,,LIPL1S,,,LIPLI Y16 BUTRA
TVJ325,A321,VTSS,VTBS,2025-12-23T06:45:00Z,360,RW26,RW01,DAND1C,LEBI1D,R01,DANDO M769 LEBIM
UAE384,A388,VTBS,VHHH,2025-12-23T06:45:00Z,410,RW02R,,LIPL1S,,,LIPLI Y16 BUTRA
VJC901,A321,VVNB,VTBS,2025-12-23T06:45:00Z,320,,RW01,,NORT1D,R01,VTN R470 UDN W21 NOBER
AIQ661,A320,VVPQ,VTBD,2025-12-23T06:50:00Z,300,,RW21R,,SEHN3A,R21R,SAKDA R334 RYN
AWQ246,A320,WADD,VTSP,2025-12-23T06:50:00Z,340,,RW09,,EPGO1C,,PASVA A334 HTY W14 EPGOT
AXB241,A320,VTBS,VAPO,2025-12-23T06:50:00Z,360,RW02R,,TARE1H,,,TARED P646 BETNO
CCA466,B38M,VTBS,ZUTF,2025-12-23T06:50:00Z,330,RW02R,,UGUV1H,,,UGUVO Y27 IBUBU W25 NAN R215 TOMIP
CQH7422,A320,VTBS,ZSPD,2025-12-23T06:50:00Z,330,RW02R,,SELK1H,,,SELKA A1 SANOT Y15 GUROK A202 SAV
CRK771,A320,VHHH,VTBS,2025-12-23T06:50:00Z,340,,RW01,,EAST1D,R01,SAV A202 RAMEI W42 PAKRI Y13 RUKSA
MAS782,B38M,WMKK,VTBS,2025-12-23T06:50:00Z,380,,RW01,,LEBI1D,R01,RIGTO M769 LEBIM
N875TM,A320,VTBD,RJNA,2025-12-23T06:50:00Z,410,RW21L,,UPKU3C,,,UPKUP Y16 BUTRA
NOK324,B738,VTBD,VTUU,2025-12-23T06:50:00Z,330,RW21L,RW05,ROBK3C,VENP1C,R05,ROBKA A1
THA669,A359,ZGGG,VTBS,2025-12-23T06:50:00Z,380,,RW01,,EAST1D,R01,SAV A202 RAMEI W42 PAKRI Y13 RUKSA
AIQ1038,A320,VTBD,VLLB,2025-12-23T06:55:00Z,370,RW21L,,NOBE4C,,,NOBER W21 UDN R470 VTN
AIQ241,A20N,ROAH,VTBD,2025-12-23T06:55:00Z,340,,RW21R,,ENDU3A,R21R,BUTRA A1 UBL Y20 UBLOD
AIQ3213,A320,VTBD,VTSG,2025-12-23T06:55:00Z,340,RW21L,RW32,SABI3C,NULM1E,R32,SABIS Y8 SAPUD W32 NULMA
AXM824,A320,WMKK,VTSP,2025-12-23T06:55:00Z,360,,RW09,,URGA1C,,DUBAX R325 URGAD
BKP140,A319,VTSM,VTBS,2025-12-23T06:55:00Z,320,RW35,RW01,OLBA1B,LEBI1D,R01,OLBAG Y17 DONSI M769 LEBIM
CSN8023,A20N,ZGGG,VTBS,2025-12-23T06:55:00Z,300,,RW01,,EAST1D,R01,SAV A202 RAMEI W42 PAKRI Y13 RUKSA
CSN8100,A321,VTBS,ZGGG,2025-12-23T06:55:00Z,330,RW02R,,SELK1H,,,SELKA A1 SANOT Y15 GUROK A202 SAV
ELY086,B772,VTBS,LLBG,2025-12-23T06:55:00Z,320,RW02R,,PAST1H,,,PASTO L301 TANEK
NOK107,B738,VTCT,VTBD,2025-12-23T06:55:00Z,370,RW21,RW21R,DUBE1B,NAKO3A,R21R,DUBEN Y28 BLAFF DCT NAKON
NOK555,B738,VTSF,VTBD,2025-12-23T06:55:00Z,360,RW01,RW21R,TAWI1A,SABA3A,R21R,NKS Y94 DOXAS M769 GOKEX Y96 EMTIX Y99 HOTEL DCT SABAI
THA211,A320,VTBS,VTSP,2025-12-23T06:55:00Z,360,RW02R,RW09,VANK1H,SAVS1C,,VANKO Y8 SAVSA
THA571,A320,VLVT,VTBS,2025-12-23T06:55:00Z,300,,RW01,,NORT1D,R01,VTN R470 UDN W21 NOBER
AAR725,A21N,RKSI,VTSP,2025-12-23T07:00:00Z,340,,RW09,,SAVS1C,,SAKDA R575 SMU W32 SAPUD Y8 SAVSA
AET03,A320,VTBD,VTUW,2025-12-23T07:00:00Z,210,RW21L,RW15,ROBK3C,,R15,ROBKA A1 SELKA Y14 KRT Y23 KKN Y23/Y22
AIQ3202,A320,VTCT,VTBD,2025-12-23T07:00:00Z,370,RW21,RW21R,DUBE1B,NAKO3A,R21R,DUBEN Y28 BLAFF DCT NAKON
AIQ356,A21N,WSSS,VTBD,2025-12-23T07:00:00Z,380,,RW21R,,SEHN3A,R21R,ABTOK M644 ALUMO Y12 ALEMI
AUA6,B772,VTBS,LOWW,2025-12-23T07:00:00Z,360,RW02R,,TARE1H,,,TARED P646 BETNO
AXM886,A20N,WMKK,VTBD,2025-12-23T07:00:00Z,360,,RW21R,,SABA3A,R21R,RIGTO M769 GOKEX Y96 EMTIX Y99 HOTEL
BTK7630,A320,VTBD,WIII,2025-12-23T07:00:00Z,350,RW21L,,KIGO3C,,,KIGOB Y11 PASVA
CCA414,A21N,VTSP,ZUTF,2025-12-23T07:00:00Z,350,RW09,,EMRI1A,,,EMRIT Y99 BKK Y27 IBUBU W25 NAN R215 TOMIP
CQH8512,A320,VTCC,ZSPD,2025-12-23T07:00:00Z,350,RW36,,MONL2C,,,MONLO R207 NAN R215 TOMIP
HSTNP,A320,VTBD,VTSP,2025-12-23T07:00:00Z,280,RW21L,RW09,SABI3C,SAVS1C,,SABIS Y8 SAVSA
TGW636,E290,WSSS,VTBS,2025-12-23T07:00:00Z,400,,RW01,,TUMG1D,R01,ABTOK M644 ALUMO Y12 ALEMI
THA324,A320,VIDP,VTBS,2025-12-23T07:00:00Z,350,,RW01,,WILA1D,R01,BETNO P646 TARED
THA327D,A320,VTBS,VEGY,2025-12-23T07:00:00Z,340,RW02R,,TARE1H,,,TARED P646 BETNO
THA638,B77W,VTBS,VHHH,2025-12-23T07:00:00Z,410,RW02R,,LIPL1S,,,LIPLI Y16 BUTRA
THUNDER,A320,VTSS,VTSB,2025-12-23T07:00:00Z,140,RW26,RW22,ELRE1C,TOGI1A,R22,ELREM W17 SAPUD
TLM556,B738,VTBD,VTPP,2025-12-23T07:00:00Z,220,RW21L,RW32,UGUV3C,,R32,UGUVO Y27 PIBAN
VJC804,A321,VTBS,VVTS,2025-12-23T07:00:00Z,330,RW02R,,GOME1S,,,GOMES N506 BOKAK
VTAOS,A320,VTSP,VAPO,2025-12-23T07:00:00Z,430,RW09,,SATV1A,,,SATVA L759 TAVUN
ACA65,B789,CYVR,VTBS,2025-12-23T07:05:00Z,380,,RW01,,EAST1D,R01,BUTRA A1 UBL Y20 GRASO Y13 RUKSA
AIQ3134,A320,VTBD,VTSC,2025-12-23T07:05:00Z,370,RW21L,,KASN3C,,,KASNI M757 ROBDA W19 NTW
AIQ3218,A320,VTSG,VTBD,2025-12-23T07:05:00Z,390,RW14,RW21R,OSPE1G,SABA3A,R21R,OSPEX Y99 HOTEL DCT SABAI
AIQ3255,A20N,VTUK,VTBD,2025-12-23T07:05:00Z,280,RW21,RW21R,EMRU1B,ENDU3A,R21R,Y22/Y23 KKN Y23 KRT Y20 UBLOD DCT ENDUU
AIQ764,A320,VTBD,VMMC,2025-12-23T07:05:00Z,330,RW21L,,ROBK3C,,,ROBKA A1 SANOT Y15 GUROK A202 SAV
AWQ156,A320,WIMM,VTBD,2025-12-23T07:05:00Z,360,,RW21R,,SABA3A,R21R,RIGTO M769 GOKEX Y96 EMTIX Y99 HOTEL
AWQ330,A320,WARR,VTBD,2025-12-23T07:05:00Z,360,,RW21R,,SEHN3A,R21R,ABTOK M644 RYN
BKP144,A319,VTSM,VTBS,2025-12-23T07:05:00Z,320,RW35,RW01,OLBA1B,LEBI1D,R01,OLBAG Y17 DONSI M769 LEBIM
CAL832,A359,VTBS,RCTP,2025-12-23T07:05:00Z,370,RW02R,,LIPL1S,,,LIPLI Y16 BUTRA
CSC3935,A321,ZUTF,VTBS,2025-12-23T07:05:00Z,340,,RW01,,NORT1D,R01,VTN R474 CMP W21 NOBER
IGO1076,A21N,VTSP,VOBL,2025-12-23T07:05:00Z,360,RW09,,UBNE1A,,,UBNEN L645 SAPAM
THA107,A320,VTCC,VTBS,2025-12-23T07:05:00Z,350,RW36,RW01,PANT2C,NORT1D,R01,PANTA Y7 BLAFF DCT NORTA
THA619,A21N,ZUTF,VTBS,2025-12-23T07:05:00Z,400,,RW01,,NORT1D,R01,VTN R474 CMP W21 NOBER
AIQ3025,A320,VTBD,VTSP,2025-12-23T07:10:00Z,320,RW21L,RW09,SABI3C,SAVS1C,,SABIS Y8 SAVSA
AIQ3442,A320,VTCC,VTBD,2025-12-23T07:10:00Z,330,RW36,RW21R,PANT2C,NAKO3A,R21R,PANTA Y7 BLAFF DCT NAKON
AIQ4400,A320,VTBS,VTSG,2025-12-23T07:10:00Z,340,RW02R,RW32,VANK1H,NULM1E,R32,VANKO Y8 SAPUD W32 NULMA
BKP905,AT76,VTBS,VDSA,2025-12-23T07:10:00Z,370,RW02R,,GOME1S,,,GOMES N506 BOKAK
PAL736,A321,RPLL,VTBS,2025-12-23T07:10:00Z,300,,RW01,,TUMG1D,R01,TUPGO M633 DULEM DCT GOMES
SWM675,A320,VTBS,VDTI,2025-12-23T07:10:00Z,310,RW02R,,GOME1S,,,GOMES N506 BOKAK
THA005,A320,VTUD,VTBS,2025-12-23T07:10:00Z,260,RW12,RW01,ANPU1B,EAST1D,R01,Y22/Y23 KKN Y23 KRT Y20 UBLOD DCT EASTE
THA044,A320,VTBS,VTUK,2025-12-23T07:10:00Z,210,RW02R,RW03,SELK1H,,R03,SELKA Y14 KRT Y23 KKN Y23/Y22
THA327,A320,VTBS,VEGY,2025-12-23T07:10:00Z,320,RW02R,,TARE1H,,,TARED P646 BETNO
TVJ334,A320,VTBS,VTSF,2025-12-23T07:10:00Z,310,RW02R,RW19,KASN1H,,R19,KASNI M757 LOSDA Y94 NKS
UBG218,B738,VTBS,VGHS,2025-12-23T07:10:00Z,320,RW02R,,TARE1H,,,TARED G463 BETNO
VJC808,A321,VTSP,VVTS,2025-12-23T07:10:00Z,350,RW09,,ONET1A,,,ONETI R575 SAKDA
AIQ156,A320,VTSS,VTCC,2025-12-23T07:15:00Z,360,RW26,RW36,DAND1C,MARN2A,R36,DANDO M769 BKK Y26 MARNI
AIQ3207,A21N,VTBD,VTCT,2025-12-23T07:15:00Z,360,RW21L,RW03,UGUV3C,,R03,UGUVO Y27 IKISU W22 BENVI
AIQ3375,A20N,VTUU,VTBD,2025-12-23T07:15:00Z,300,RW05,RW21R,ASAB1B,ENDU3A,R21R,Y20 UBLOD DCT ENDUU
BKP306,AT76,VTBO,VTBS,2025-12-23T07:15:00Z,140,,RW01,OMNI,TUMG1D,R01,RYN
BKP402,AT76,VTSP,VTSM,2025-12-23T07:15:00Z,130,RW09,RW17,EMRI1A,,R17,EMRIT Y99 AKVUG Y93 SMU
CHH7929,B38M,ZBAA,VTSP,2025-12-23T07:15:00Z,360,,RW09,,SAVS1C,,VTN R474 CMP W21 BKK Y8 SAVSA
CQH8522,A20N,VTSP,ZSPD,2025-12-23T07:15:00Z,330,RW09,,EMRI1A,,,EMRIT Y99 NONEL Y98 SURMA W42 TOPER A1 SANOT Y15 GUROK A202 SAV
ETH628,B77L,VTBS,WIII,2025-12-23T07:15:00Z,410,RW02R,,BUT1H,,,BUT Y11 PASVA
FIN152,A359,VTSP,EFHK,2025-12-23T07:15:00Z,380,RW09,,SATV1A,,,SATVA L759 TAVUN
GIA867,B738,VTBS,WIII,2025-12-23T07:15:00Z,370,RW02R,,BUT1H,,,BUT Y11 PASVA
JYH1208,B738,VTBS,ZUGY,2025-12-23T07:15:00Z,350,RW02R,,NOBE1S,,,NOBER B346 YAKUA
MAS789,B738,VTBS,WMKK,2025-12-23T07:15:00Z,390,RW02R,,KASN1H,,,KASNI M757 KARMI
THA624,A21N,VTBS,RPLL,2025-12-23T07:15:00Z,370,RW02R,,GOME1S,,,GOMES B204 AGEDO
AFL277,A333,VTSP,UUEE,2025-12-23T07:20:00Z,300,RW09,,SATV1A,,,SATVA L759 TAVUN
AIQ4111,A320,VTSP,VTBS,2025-12-23T07:20:00Z,370,RW09,RW01,EMRI1A,LEBI1D,R01,EMRIT Y99 NONEL Y98 LEBIM
AIQ4112,A320,VTBS,VTSP,2025-12-23T07:20:00Z,360,RW02R,RW09,VANK1H,SAVS1C,,VANKO Y8 SAVSA
ANA878,B788,VTBS,RJTT,2025-12-23T07:20:00Z,370,RW02R,,LIPL1S,,,LIPLI Y16 BUTRA
BKP1405,A319,VTSM,VTSP,2025-12-23T07:20:00Z,140,RW35,RW09,ENRA1B,SAVS1C,,DORNA W32 SAPUD Y8 SAVSA
DKH1360,A320,VTBS,ZSPD,2025-12-23T07:20:00Z,330,RW02R,,SELK1H,,,SELKA A1 SANOT Y15 GUROK A202 SAV
HVN604,A21N,VTBS,VVTS,2025-12-23T07:20:00Z,350,RW02R,,GOME1S,,,GOMES N506 BOKAK
MAS794,B738,WMKK,VTSP,2025-12-23T07:20:00Z,300,,RW09,,URGA1C,,DUBAX R325 URGAD
MXD527,B738,VTBD,WMKK,2025-12-23T07:20:00Z,350,RW21L,,KIGO3C,,,KIGOB Y11 PASVA
NOK133,B738,VTCC,VTBD,2025-12-23T07:20:00Z,370,RW36,RW21R,PANT2C,NAKO3A,R21R,PANTA Y7 BLAFF DCT NAKON
THA613,A320,ZPPP,VTBS,2025-12-23T07:20:00Z,380,,RW01,,NORT1D,R01,VTN R470 UDN W21 NOBER
TLM737,B738,VTSB,VTBD,2025-12-23T07:20:00Z,330,RW04,RW21R,NIXE1D,SABA3A,R21R,NIXET Y99 HOTEL DCT SABAI
AIQ3108,A320,VTBD,VTSS,2025-12-23T07:25:00Z,370,RW21L,RW26,KASN3C,OBLE1A,R26,KASNI M757 OBLEX
AIQ612,A320,VTSP,VDSA,2025-12-23T07:25:00Z,350,RW09,,ONET1A,,,ONETI R575 SAKDA
AXM869,A320,VTSG,WMKK,2025-12-23T07:25:00Z,350,RW14,,TUNR1G,,,TUNRA W32 TRN W14 HTY A464 KARMI
BKP151,A319,VTBS,VTSM,2025-12-23T07:25:00Z,310,RW02R,RW17,KASN1H,,R17,KASNI M757 MABKO W33 SMU
CQH7432,A20N,VTBS,ZSNB,2025-12-23T07:25:00Z,290,RW02R,,SELK1H,,,SELKA A1 SANOT Y15 GUROK A202 SAV
NOK368,B738,VTBD,VTUI,2025-12-23T07:25:00Z,350,RW21L,RW05,ROBK3C,,R05,ROBKA A1 SELKA Y14 KRT Y23 KKN Y23/Y22
SIA712,B78X,WSSS,VTBS,2025-12-23T07:25:00Z,400,,RW01,,TUMG1D,R01,ABTOK M644 ALUMO Y12 ALEMI
SIA7440,B38M,VTBS,RKSI,2025-12-23T07:25:00Z,350,RW02R,,LIPL1S,,,LIPLI Y16 BUTRA
THA133,A320,VTCT,VTBS,2025-12-23T07:25:00Z,350,RW21,RW01,DUBE1B,NORT1D,R01,DUBEN Y28 BLAFF DCT NORTA
THA435,A359,VTBS,WIII,2025-12-23T07:25:00Z,410,RW02R,,BUT1H,,,BUT Y11 PASVA
TLM711,B738,VTSS,VTBD,2025-12-23T07:25:00Z,360,RW26,RW21R,DAND1C,SABA3A,R21R,DANDO M769 GOKEX Y96 EMTIX Y99 HOTEL DCT SABAI
TLM757,B739,VTSP,VTBD,2025-12-23T07:25:00Z,330,RW09,RW21R,IGEV1A,SABA3A,R21R,IGEVI Y5 EGUBO Y99 HOTEL DCT SABAI
TWB049,A320,RKSI,VTCC,2025-12-23T07:25:00Z,360,,RW36,,MONL2A,R36,TOMIP R215 NAN R207 MONLO
AIQ3433,A320,VTBD,VTCC,2025-12-23T07:30:00Z,320,RW21L,RW36,OLVU3C,MARN2A,R36,OLVUK Y26 MARNI
AIQ4107,A320,VTCC,VTBS,2025-12-23T07:30:00Z,330,RW36,RW01,PANT2C,NORT1D,R01,PANTA Y7 BLAFF DCT NORTA
AIQ4152,A320,VTBS,VTCT,2025-12-23T07:30:00Z,360,RW02R,RW03,UGUV1H,,R03,UGUVO Y27 IKISU W22 BENVI
ALK405,A21N,VTBS,VCBI,2025-12-23T07:30:00Z,320,RW02R,,PAST1H,,,PASTO L301 TANEK
BKP1410,A319,VTSP,VTSM,2025-12-23T07:30:00Z,130,RW09,RW17,EMRI1A,,R17,EMRIT Y99 AKVUG Y93 SMU
BKP153,A319,VTBS,VTSM,2025-12-23T07:30:00Z,330,RW02R,RW17,KASN1H,,R17,KASNI M757 MABKO W33 SMU
CDG2484,B738,VTBS,ZSQD,2025-12-23T07:30:00Z,350,RW02R,,ALBO1H,,,ALBOS R474 VTN
LKY618,C130,VTUK,VTBD,2025-12-23T07:30:00Z,220,RW21,RW21R,EMRU1B,ENDU3A,R21R,Y22/Y23 KKN Y23 KRT Y20 UBLOD DCT ENDUU
SBI6321,B738,UIII,VTSP,2025-12-23T07:30:00Z,380,,RW09,,IGEV1C,,VTN R470 ELNET
THA629,A320,VHHH,VTBS,2025-12-23T07:30:00Z,340,,RW01,,EAST1D,R01,SAV A202 RAMEI W42 PAKRI Y13 RUKSA
TLM788,B738,VTBD,VTSF,2025-12-23T07:30:00Z,310,RW21L,RW19,KASN3C,,R19,KASNI M757 LOSDA Y94 NKS
TVJ111,B38M,VTCC,VTBS,2025-12-23T07:30:00Z,330,RW36,RW01,PANT2C,NORT1D,R01,PANTA Y7 BLAFF DCT NORTA
VAG130,A321,VTBS,VVTS,2025-12-23T07:30:00Z,310,RW02R,,GOME1S,,,GOMES N506 BOKAK
VJT194,GLEX,VOBL,VTBD,2025-12-23T07:30:00Z,410,,RW21R,,WEHA3A,R21R,PUMOR L877 MIGAR L524 IBETO
BKP248,A319,VTCC,VTSP,2025-12-23T07:35:00Z,380,RW36,RW09,PANT2C,SAVS1C,,PANTA Y7 BKK Y8 SAVSA
TLM740,B738,VTBD,VTSB,2025-12-23T07:35:00Z,320,RW21L,RW22,SABI3C,IKER1A,R22,SABIS Y8 IKERA
AIQ1040,A320,VTBD,VLVT,2025-12-23T07:40:00Z,330,RW21L,,NOBE4C,,,NOBER W21 UDN R470 VTN
AIQ3358,A21N,VTBD,VTUD,2025-12-23T07:40:00Z,290,RW21L,RW30,ROBK3C,ANPU1C,R30,ROBKA A1 SELKA Y14 KRT Y23 KKN Y23/Y22
CSN3033,A20N,ZGGG,VTCC,2025-12-23T07:40:00Z,340,,RW36,,MONL2A,R36,TOMIP R215 NAN R207 MONLO
ETD405,B77W,VTBS,OMAA,2025-12-23T07:40:00Z,320,RW02R,,PAST1H,,,PASTO L301 TANEK
NOK593,B738,VTST,VTBD,2025-12-23T07:40:00Z,390,RW08,RW21R,,SABA3A,R21R,TRN W24 BITEN Y99 HOTEL DCT SABAI
THA264,A320,VTSS,VTBS,2025-12-23T07:40:00Z,340,RW26,RW01,DAND1C,LEBI1D,R01,DANDO M769 LEBIM
THA322,A333,VGHS,VTBS,2025-12-23T07:40:00Z,410,,RW01,,WILA1D,R01,BETNO G463 TARED
TLM539,B738,VTCT,VTBD,2025-12-23T07:40:00Z,350,RW21,RW21R,DUBE1B,NAKO3A,R21R,DUBEN Y28 BLAFF DCT NAKON
AIC2353,A20N,VTBS,VABB,2025-12-23T07:45:00Z,280,RW02R,,PAST1H,,,PASTO L301 TANEK
AIQ3260,A320,VTBD,VTUK,2025-12-23T07:45:00Z,290,RW21L,RW03,ROBK3C,,R03,ROBKA A1 SELKA Y14 KRT Y23 KKN Y23/Y22
AIQ511,A320,WMKJ,VTBD,2025-12-23T07:45:00Z,380,,RW21R,,SEHN3A,R21R,ABTOK M644 ALUMO Y12 ALEMI
CSN363,A21N,ZGGG,VTBS,2025-12-23T07:45:00Z,340,,RW01,,EAST1D,R01,SAV A202 RAMEI W42 PAKRI Y13 RUKSA
SPAR14,A320,VTCN,VTBD,2025-12-23T07:45:00Z,220,RW02,RW21R,OMNI,NAKO3A,R21R,W29 PSL Y28 BLAFF DCT NAKON
THA320,A320,VNKT,VTBS,2025-12-23T07:45:00Z,410,,RW01,,WILA1D,R01,LUDVI L507 IGONI
ABL727,A21N,RKSI,VTBS,2025-12-23T07:50:00Z,300,,RW01,,EAST1D,R01,BUTRA A1 UBL Y20 GRASO Y13 RUKSA
AIC2376,A20N,VIDP,VTSP,2025-12-23T07:50:00Z,370,,RW09,,SATV1C,,TAVUN L759 SATVA
AIQ3445,A320,VTBD,VTCC,2025-12-23T07:50:00Z,340,RW21L,RW36,OLVU3C,MARN2A,R36,OLVUK Y26 MARNI
CSC3771,A20N,ZUCK,VTBS,2025-12-23T07:50:00Z,320,,RW01,,NORT1D,R01,VTN R470 UDN W21 NOBER
JNA009,B38M,RKSI,VTCC,2025-12-23T07:50:00Z,380,,RW36,,MONL2A,R36,TOMIP R215 NAN R207 MONLO
MAS793,B38M,VTCC,WMKK,2025-12-23T07:50:00Z,370,RW36,,PANT2C,,,PANTA Y7 BKK M904 PIDEL Y11 PASVA
MMA370,A319,VYYY,VTCC,2025-12-23T07:50:00Z,290,,RW36,,PUMA2A,R36,BOMAS A581 PUMAM
THA660,A359,VTBS,RJTT,2025-12-23T07:50:00Z,410,RW02R,,LIPL1S,,,LIPLI Y16 BUTRA
CSN8323,A321,ZGSZ,VTBS,2025-12-23T07:55:00Z,300,,RW01,,EAST1D,R01,SAV A202 RAMEI W42 PAKRI Y13 RUKSA
LAO636,AT76,VTCC,VLLB,2025-12-23T07:55:00Z,170,RW36,,MONL2C,,,MONLO R207 NAN R215 TOMIP
NOK314,B738,VTBD,VTUD,2025-12-23T07:55:00Z,310,RW21L,RW30,ROBK3C,ANPU1C,R30,ROBKA A1 SELKA Y14 KRT Y23 KKN Y23/Y22
SIA731,B38M,VTSP,WSSS,2025-12-23T07:55:00Z,350,RW09,,EPGO1A,,,EPGOT W14 HTY A334 PASVA
THA407,A21N,VTBS,WSSS,2025-12-23T07:55:00Z,390,RW02R,,BUT1H,,,BUT Y11 PASVA
THA414,A21N,WSSS,VTBS,2025-12-23T07:55:00Z,360,,RW01,,TUMG1D,R01,ABTOK M644 ALUMO Y12 ALEMI
TLM714,B739,VTBD,VTSS,2025-12-23T07:55:00Z,350,RW21L,RW26,KASN3C,OBLE1A,R26,KASNI M757 OBLEX
AAR747,A333,RKSI,VTSP,2025-12-23T08:00:00Z,380,,RW09,,SAVS1C,,SAKDA R575 SMU W32 SAPUD Y8 SAVSA
AIQ3232,A320,VTSB,VTBD,2025-12-23T08:00:00Z,350,RW04,RW21R,NIXE1D,SABA3A,R21R,NIXET Y99 HOTEL DCT SABAI
AIQ614,A20N,VTBD,VDSA,2025-12-23T08:00:00Z,330,RW21L,,GORS3C,,,GORSI N506 GOMES B204 AGEDO
AIQ870,A320,VTCC,VVNB,2025-12-23T08:00:00Z,330,RW36,,MONL2C,,,MONLO R207 NAN R215 TOMIP
BKP274,A320,VTSP,VTBS,2025-12-23T08:00:00Z,370,RW09,RW01,EMRI1A,LEBI1D,R01,EMRIT Y99 NONEL Y98 LEBIM
CQH6194,A320,VTBS,ZGOW,2025-12-23T08:00:00Z,330,RW02R,,SELK1H,,,SELKA A1 SANOT Y15 GUROK A202 SAV
CQH6294,A20N,VTBS,ZLXY,2025-12-23T08:00:00Z,350,RW02R,,NOBE1S,,,NOBER B346 YAKUA
FFM3611,B738,VTSG,WMKK,2025-12-23T08:00:00Z,330,RW14,,TUNR1G,,,TUNRA W32 TRN W14 HTY A464 KARMI
FIN144,A359,VTBS,EFHK,2025-12-23T08:00:00Z,300,RW02R,,TARE1H,,,TARED P646 BETNO
MTL160,E135,VTUD,VTBD,2025-12-23T08:00:00Z,200,RW12,RW21R,ANPU1B,ENDU3A,R21R,Y22/Y23 KKN Y23 KRT Y20 UBLOD DCT ENDUU
N887TM,A320,VTBD,HKMO,2025-12-23T08:00:00Z,320,RW21L,,PAST3C,,,PASTO L301 TANEK
ORCA401,SF34,VTSS,VTSB,2025-12-23T08:00:00Z,160,RW26,RW22,ELRE1C,TOGI1A,R22,ELREM W17 SAPUD
PTW915,AT75,VYYY,VTBS,2025-12-23T08:00:00Z,170,,RW01,,WILA1D,R01,BETNO G463 TARED
TGW610,B788,WSSS,VTBS,2025-12-23T08:00:00Z,380,,RW01,,TUMG1D,R01,ABTOK M644 ALUMO Y12 ALEMI
THA215,A320,VTBS,VTSP,2025-12-23T08:00:00Z,340,RW02R,RW09,VANK1H,SAVS1C,,VANKO Y8 SAVSA
THA653,A359,RKSI,VTBS,2025-12-23T08:00:00Z,400,,RW01,,EAST1D,R01,BUTRA A1 UBL Y20 GRASO Y13 RUKSA
TLM766,B738,VTBD,VTSP,2025-12-23T08:00:00Z,340,RW21L,RW09,SABI3C,SAVS1C,,SABIS Y8 SAVSA
TZP51,B788,RJAA,VTBS,2025-12-23T08:00:00Z,380,,RW01,,EAST1D,R01,BUTRA A1 UBL Y20 GRASO Y13 RUKSA
VAM03,DC3T,VTBD,VTPP,2025-12-23T08:00:00Z,100,RW21L,RW32,UGUV3C,,R32,UGUVO Y27 PIBAN
AIQ3006,A320,VTSP,VTBD,2025-12-23T08:02:00Z,330,RW09,RW21R,IGEV1A,SABA3A,R21R,IGEVI Y5 EGUBO Y99 HOTEL DCT SABAI
AIQ3017,A320,VTBD,VTSP,2025-12-23T08:05:00Z,360,RW21L,RW09,SABI3C,SAVS1C,,SABIS Y8 SAVSA
AIQ3515,A320,VTUI,VTBD,2025-12-23T08:05:00Z,340,RW05,RW21R,OMNI,ENDU3A,R21R,Y22/Y23 KKN Y23 KRT Y20 UBLOD DCT ENDUU
AIQ3565,A320,VTUV,VTBD,2025-12-23T08:05:00Z,300,RW18,RW21R,ANKI1A,ENDU3A,R21R,W38 RAMEI Y20 UBLOD DCT ENDUU
AXM820,A320,WMKK,VTSP,2025-12-23T08:05:00Z,360,,RW09,,URGA1C,,DUBAX R325 URGAD
BKP255,AT76,VTSM,VTSP,2025-12-23T08:05:00Z,140,RW35,RW09,ENRA1B,SAVS1C,,DORNA W32 SAPUD Y8 SAVSA
BKP9001,A319,VTBS,VTPO,2025-12-23T08:05:00Z,160,RW02R,RW36,OLVU1H,,R36,OLVUK Y26 ELDAL Y32 KIMET
CES6088,B738,VTBS,ZPPP,2025-12-23T08:05:00Z,350,RW02R,,UGUV1H,,,UGUVO Y27 IKISU W22 CTR A581 PONUK
CPA674,A333,VTBS,VHHH,2025-12-23T08:05:00Z,370,RW02R,,LIPL1S,,,LIPLI Y16 BUTRA
CPA701,B77W,VHHH,VTBS,2025-12-23T08:05:00Z,380,,RW01,,EAST1D,R01,SAV A202 RAMEI W42 PAKRI Y13 RUKSA
DKH1324,A320,VTSP,ZSPD,2025-12-23T08:05:00Z,330,RW09,,EMRI1A,,,EMRIT Y99 NONEL Y98 SURMA W42 TOPER A1 SANOT Y15 GUROK A202 SAV
ELY088,B772,VTSP,LLBG,2025-12-23T08:05:00Z,320,RW09,,UPSA1A,,,UPSAB L515 IKULA
ESR511,B38M,RKSI,VTBS,2025-12-23T08:05:00Z,340,,RW01,,EAST1D,R01,BUTRA A1 UBL Y20 GRASO Y13 RUKSA
ETD417,A21N,VTSP,OMAA,2025-12-23T08:05:00Z,320,RW09,,UBNE1A,,,UBNEN L645 SAPAM
TLM513,B739,VTCC,VTBD,2025-12-23T08:05:00Z,330,RW36,RW21R,PANT2C,NAKO3A,R21R,PANTA Y7 BLAFF DCT NAKON
AIC2356,A20N,VTBS,VIDP,2025-12-23T08:10:00Z,280,RW02R,,TARE1H,,,TARED P646 BETNO
AIQ3225,A320,VTBD,VTSG,2025-12-23T08:10:00Z,340,RW21L,RW32,SABI3C,NULM1E,R32,SABIS Y8 SAPUD W32 NULMA
AIQ3422,A320,VTCC,VTBD,2025-12-23T08:10:00Z,350,RW36,RW21R,PANT2C,NAKO3A,R21R,PANTA Y7 BLAFF DCT NAKON
BKP282,AT76,VTSP,VTBU,2025-12-23T08:10:00Z,170,RW09,RW18,EMRI1A,,R18,EMRIT Y99 NONEL Y98 SURMA W42 ASEKU DCT BUT
CCA797,B38M,ZBAA,VTSP,2025-12-23T08:10:00Z,360,,RW09,,SAVS1C,,VTN R474 CMP W21 BKK Y8 SAVSA
MMA362,A319,VYMD,VTBD,2025-12-23T08:10:00Z,350,,RW21R,,WEHA3A,R21R,LUDVI L507 IGONI
TGW694,E290,WSSS,VTSM,2025-12-23T08:10:00Z,380,,RW17,,,R17,KADAX M626 IKOGA Y95 RUMVA
THA432,A359,WADD,VTBS,2025-12-23T08:10:00Z,380,,RW01,,TUMG1D,R01,TIDAR M904 TONIK M644 ALUMO Y12 ALEMI
TLM8822,B738,VTBD,ZGDY,2025-12-23T08:10:00Z,330,RW21L,,NOBE4C,,,NOBER W21 CMP R474 VTN
AIQ3093,A320,VTBD,VTSP,2025-12-23T08:15:00Z,360,RW21L,RW09,SABI3C,SAVS1C,,SABIS Y8 SAVSA
APZ601,B789,RKSI,VTBS,2025-12-23T08:15:00Z,400,,RW01,,EAST1D,R01,BUTRA A1 UBL Y20 GRASO Y13 RUKSA
BKP138,A319,VTSM,VTBS,2025-12-23T08:15:00Z,160,RW35,RW01,OLBA1B,LEBI1D,R01,OLBAG Y17 DONSI M769 LEBIM
BKP161,A319,VTBS,VTSM,2025-12-23T08:15:00Z,310,RW02R,RW17,KASN1H,,R17,KASNI M757 MABKO W33 SMU
DQA2342,A320,VCBI,VTBS,2025-12-23T08:15:00Z,330,,RW01,,WILA1D,R01,PUMOR L877 MIGAR L524 IBETO
HVN627,A321,VVDN,VTBS,2025-12-23T08:15:00Z,320,,RW01,,EAST1D,R01,BUTRA A1 UBL Y20 GRASO Y13 RUKSA
MXD587,B738,VTSG,WMKK,2025-12-23T08:15:00Z,330,RW14,,TUNR1G,,,TUNRA W32 TRN W14 HTY A464 KARMI
SIA736,B38M,WSSS,VTSP,2025-12-23T08:15:00Z,340,,RW09,,URGA1C,,DUBAX R325 URGAD
TAX615,A333,RJBB,VTBD,2025-12-23T08:15:00Z,400,,RW21R,,ENDU3A,R21R,BUTRA Y16 UPKUP
TLM582,B739,VTBU,VTCC,2025-12-23T08:15:00Z,340,RW18,RW36,BKK1A,MARN2A,R36,BKK Y26 MARNI
TVJ106,B38M,VTBS,VTCC,2025-12-23T08:15:00Z,340,RW02R,RW36,OLVU1H,MARN2A,R36,OLVUK Y26 MARNI
TVJ108,A321,VTBS,VTCC,2025-12-23T08:15:00Z,320,RW02R,RW36,OLVU1H,MARN2A,R36,OLVUK Y26 MARNI
AMU935,A21N,VTBS,VMMC,2025-12-23T08:20:00Z,330,RW02R,,SELK1H,,,SELKA A1 SANOT Y15 GUROK A202 SAV
CQH7485,A320,ZGNN,VTBS,2025-12-23T08:20:00Z,300,,RW01,,NORT1D,R01,VTN R470 UDN W21 NOBER
KAL651,B77W,RKSI,VTBS,2025-12-23T08:20:00Z,380,,RW01,,EAST1D,R01,BUTRA A1 UBL Y20 GRASO Y13 RUKSA
MAS774,B738,WMKK,VTBS,2025-12-23T08:20:00Z,360,,RW01,,LEBI1D,R01,RIGTO M769 LEBIM
SVA847,B78X,VTBS,OERK,2025-12-23T08:20:00Z,320,RW02R,,PAST1H,,,PASTO L301 TANEK
TLM787,B738,VTSF,VTBD,2025-12-23T08:20:00Z,320,RW01,RW21R,TAWI1A,SABA3A,R21R,NKS Y94 DOXAS M769 GOKEX Y96 EMTIX Y99 HOTEL DCT SABAI
AIQ552,A320,VTBD,ZUCK,2025-12-23T08:25:00Z,350,RW21L,,NOBE4C,,,NOBER B346 YAKUA
ESR517,B38M,RKSI,VTCC,2025-12-23T08:25:00Z,380,,RW36,,MONL2A,R36,TOMIP R215 NAN R207 MONLO
HKC332,A332,VTBS,VHHH,2025-12-23T08:25:00Z,410,RW02R,,LIPL1S,,,LIPLI Y16 BUTRA
JNA001,B738,RKSI,VTBS,2025-12-23T08:25:00Z,340,,RW01,,EAST1D,R01,BUTRA A1 UBL Y20 GRASO Y13 RUKSA
JST71,B788,YPPH,VTSP,2025-12-23T08:25:00Z,360,,RW09,,URGA1C,,DALAN B579 REBED
KAL677,B789,RKSI,VTSP,2025-12-23T08:25:00Z,380,,RW09,,SAVS1C,,SAKDA R575 SMU W32 SAPUD Y8 SAVSA
THA111,A320,VTCC,VTBS,2025-12-23T08:25:00Z,330,RW36,RW01,PANT2C,NORT1D,R01,PANTA Y7 BLAFF DCT NORTA
THA673,B77W,RJBB,VTBS,2025-12-23T08:25:00Z,340,,RW01,,EAST1D,R01,BUTRA A1 UBL Y20 GRASO Y13 RUKSA
TLM628,B738,VTBD,VTUU,2025-12-23T08:25:00Z,290,RW21L,RW05,ROBK3C,VENP1C,R05,ROBKA A1
TVJ133,B38M,VTCT,VTBS,2025-12-23T08:25:00Z,350,RW21,RW01,DUBE1B,NORT1D,R01,DUBEN Y28 BLAFF DCT NORTA
AIQ3302,A320,VTBD,VTPP,2025-12-23T08:30:00Z,220,RW21L,RW32,UGUV3C,,R32,UGUVO Y27 PIBAN
BKP145,A319,VTBS,VTSM,2025-12-23T08:30:00Z,290,RW02R,RW17,KASN1H,,R17,KASNI M757 MABKO W33 SMU
BKP213,AT76,VTBS,VTPO,2025-12-23T08:30:00Z,160,RW02R,RW36,OLVU1H,,R36,OLVUK Y26 ELDAL Y32 KIMET
CES5093,B738,ZPPP,VTSP,2025-12-23T08:30:00Z,360,,RW09,,SAVS1C,,VTN R474 CMP W21 BKK Y8 SAVSA
CQH8511,A20N,ZSPD,VTCC,2025-12-23T08:30:00Z,340,,RW36,,MONL2A,R36,TOMIP R215 NAN R207 MONLO
NOK135,B738,VTCC,VTBD,2025-12-23T08:30:00Z,370,RW36,RW21R,PANT2C,NAKO3A,R21R,PANTA Y7 BLAFF DCT NAKON
QFA7581,A333,YSSY,VTBS,2025-12-23T08:30:00Z,380,,RW01,,TUMG1D,R01,TIDAR M904 TONIK M644 ALUMO Y12 ALEMI
TGW665,E290,VTSP,WSSS,2025-12-23T08:30:00Z,350,RW09,,EPGO1A,,,EPGOT W14 HTY A334 PASVA
THA112,A320,VTBS,VTCC,2025-12-23T08:30:00Z,360,RW02R,RW36,OLVU1H,MARN2A,R36,OLVUK Y26 MARNI
THA677,B77W,RJAA,VTBS,2025-12-23T08:30:00Z,340,,RW01,,EAST1D,R01,BUTRA A1 UBL Y20 GRASO Y13 RUKSA
TLM826,B738,VTBD,VTST,2025-12-23T08:30:00Z,340,RW21L,RW08,SABI3C,,R08,SABIS Y8 SAPUD W24 TRN
TLM932,B738,VTBD,ZUTF,2025-12-23T08:30:00Z,350,RW21L,,NOBE4C,,,NOBER B346 YAKUA
AIQ3180,A320,VTBD,VTSF,2025-12-23T08:35:00Z,370,RW21L,RW19,KASN3C,,R19,KASNI M757 LOSDA Y94 NKS
AJX1,A320,RJAA,VTBS,2025-12-23T08:35:00Z,400,,RW01,,EAST1D,R01,BUTRA A1 UBL Y20 GRASO Y13 RUKSA
AWQ256,A320,WIII,VTBD,2025-12-23T08:35:00Z,360,,RW21R,,SEHN3A,R21R,ABTOK M644 RYN
CES206,B38M,VTCC,ZSPD,2025-12-23T08:35:00Z,330,RW36,,MONL2C,,,MONLO R207 NAN R215 TOMIP
CHH721,B38M,ZJHK,VTBS,2025-12-23T08:35:00Z,300,,RW01,,EAST1D,R01,SAV A202 RAMEI W42 PAKRI Y13 RUKSA
MJJ913,A320,VTSM,VTBD,2025-12-23T08:35:00Z,340,RW35,RW21R,OLBA1B,SABA3A,R21R,OLBAG Y17 DONSI M769 GOKEX Y96 EMTIX Y99 HOTEL DCT SABAI
NOK325,B738,VTUU,VTBD,2025-12-23T08:35:00Z,320,RW05,RW21R,ASAB1B,ENDU3A,R21R,Y20 UBLOD DCT ENDUU
TLM557,B738,VTPP,VTBD,2025-12-23T08:35:00Z,230,RW32,RW21R,PEBL1B,NAKO3A,R21R,PEBLI Y28 BLAFF DCT NAKON
AIQ3077,A320,VTSG,VTCC,2025-12-23T08:40:00Z,380,RW14,RW36,OSPE1G,MARN2A,R36,OSPEX Y99 BKK Y26 MARNI
AIQ654,A21N,VTBD,VVTS,2025-12-23T08:40:00Z,350,RW21L,,GORS3C,,,GORSI N506 BOKAK
BKP1152,A319,VTSM,VTBS,2025-12-23T08:40:00Z,160,RW35,RW01,OLBA1B,LEBI1D,R01,OLBAG Y17 DONSI M769 LEBIM
IGO1063,A21N,VIDP,VTBS,2025-12-23T08:40:00Z,350,,RW01,,WILA1D,R01,BETNO P646 TARED
MMA334,A320,VTBS,VYYY,2025-12-23T08:40:00Z,340,RW02R,,NUNL1S,,,NUNLI L507 LUDVI
T7MUSIC,A320,WSSL,VTSP,2025-12-23T08:40:00Z,430,,RW09,,EPGO1C,,PASVA A334 HTY W14 EPGOT
THA045,A320,VTUK,VTBS,2025-12-23T08:40:00Z,240,RW21,RW01,EMRU1B,EAST1D,R01,Y22/Y23 KKN Y23 KRT Y20 UBLOD DCT EASTE
TLM397,B739,RCTP,VTBD,2025-12-23T08:40:00Z,340,,RW21R,,ENDU3A,R21R,BUTRA A1 UBL Y20 UBLOD
TLM646,B738,VTBD,VTUK,2025-12-23T08:40:00Z,250,RW21L,RW03,ROBK3C,,R03,ROBKA A1 SELKA Y14 KRT Y23 KKN Y23/Y22
TVJ224,A321,VTBS,VTUU,2025-12-23T08:40:00Z,290,RW02R,RW05,SELK1H,VENP1C,R05,SELKA A1
AIQ3562,A320,VTBD,VTUV,2025-12-23T08:45:00Z,330,RW21L,RW36,ROBK3C,,R36,ROBKA A1 TOPER W42 RAMEI W38
AXM885,A20N,VTBD,WMKK,2025-12-23T08:45:00Z,370,RW21L,,KIGO3C,,,KIGOB Y11 PASVA
BKP307,AT76,VTBS,VTBO,2025-12-23T08:45:00Z,130,RW02R,RW23,RYN1H,,R23,RYN
CSN3082,A20N,VTBS,ZGGG,2025-12-23T08:45:00Z,290,RW02R,,SELK1H,,,SELKA A1 SANOT Y15 GUROK A202 SAV
HKE744,A21N,VHHH,VTCC,2025-12-23T08:45:00Z,340,,RW36,,MONL2A,R36,TOMIP R215 NAN W12 MONLO
NOK196,B738,VTBD,VTPM,2025-12-23T08:45:00Z,260,RW21L,RW27,OLVU3C,URGU1W,R27,OLVUK Y26 NUVLU Y30 URGUM
RLH5042,B737,VTBS,ZPLJ,2025-12-23T08:45:00Z,330,RW02R,,UGUV1H,,,UGUVO Y27 IBUBU W25 NAN R215 TOMIP
RWZ3246,A320,VTSP,UTAV,2025-12-23T08:45:00Z,300,RW09,,SATV1A,,,SATVA L759 TAVUN
TVJ567,B38M,RCTP,VTBS,2025-12-23T08:45:00Z,300,,RW01,,EAST1D,R01,BUTRA A1 UBL Y20 GRASO Y13 RUKSA
AIQ3331,A320,VTBD,VTSB,2025-12-23T08:50:00Z,320,RW21L,RW22,SABI3C,IKER1A,R22,SABIS Y8 IKERA
AIQ3396,A320,VTBD,VTUW,2025-12-23T08:50:00Z,350,RW21L,RW15,ROBK3C,,R15,ROBKA A1 SELKA Y14 KRT Y23 KKN Y23/Y22
BKP163,A319,VTBS,VTSM,2025-12-23T08:50:00Z,310,RW02R,RW17,KASN1H,,R17,KASNI M757 MABKO W33 SMU
BKP401,AT76,VTSM,VTSP,2025-12-23T08:50:00Z,140,RW35,RW09,ENRA1B,SAVS1C,,DORNA W32 SAPUD Y8 SAVSA
CQH7280,A320,VTBS,ZSPD,2025-12-23T08:50:00Z,330,RW02R,,SELK1H,,,SELKA A1 SANOT Y15 GUROK A202 SAV
CRK776,A320,VTBS,VHHH,2025-12-23T08:50:00Z,370,RW02R,,LIPL1S,,,LIPLI Y16 BUTRA
KQA886,B788,VTBS,ZGGG,2025-12-23T08:50:00Z,410,RW02R,,SELK1H,,,SELKA A1 SANOT Y15 GUROK A202 SAV
SIA709,B78X,VTBS,WSSS,2025-12-23T08:50:00Z,350,RW02R,,BUT1H,,,BUT Y11 PASVA
VJC1983,A321,VVPQ,VTBS,2025-12-23T08:50:00Z,300,,RW01,,TUMG1D,R01,SAKDA R334 RYN
VJC903,A21N,VVNB,VTBS,2025-12-23T08:50:00Z,320,,RW01,,NORT1D,R01,VTN R470 UDN W21 NOBER
AIQ176,A20N,VRMM,VTBD,2025-12-23T08:55:00Z,330,,RW21R,,WEHA3A,R21R,PUMOR L877 MIGAR L524 IBETO
AIQ3214,A320,VTSG,VTBD,2025-12-23T08:55:00Z,350,RW14,RW21R,OSPE1G,SABA3A,R21R,OSPEX Y99 HOTEL DCT SABAI
AIQ322,A320,WMKP,VTBD,2025-12-23T08:55:00Z,340,,RW21R,,SABA3A,R21R,RIGTO M769 GOKEX Y96 EMTIX Y99 HOTEL
AIQ3223,A320,VTBD,VTSG,2025-12-23T08:55:00Z,360,RW21L,RW32,SABI3C,NULM1E,R32,SABIS Y8 SAPUD W32 NULMA
AIQ3419,A320,VTBD,VTCC,2025-12-23T08:55:00Z,340,RW21L,RW36,OLVU3C,MARN2A,R36,OLVUK Y26 MARNI
AIQ3548,A320,VTBD,VTUL,2025-12-23T08:55:00Z,310,RW21L,RW19,NOBE4C,,R19,NOBER W21 CMP B218 BOVGO
CES742,B738,VTBS,ZPPP,2025-12-23T08:55:00Z,350,RW02R,,UGUV1H,,,UGUVO Y27 IKISU W22 CTR A581 PONUK
CRK742,A320,VTSP,VHHH,2025-12-23T08:55:00Z,370,RW09,,EMRI1A,,,EMRIT Y99 NONEL Y98 SURMA W42 TOPER A1 SANOT Y15 GUROK A202 SAV
HKE702,A21N,VHHH,VTBS,2025-12-23T08:55:00Z,340,,RW01,,EAST1D,R01,SAV A202 RAMEI W42 PAKRI Y13 RUKSA
HVN614,A321,VTBS,VVNB,2025-12-23T08:55:00Z,350,RW02R,,UGUV1H,,,UGUVO Y27 PIBAN Y29 PSL W26 CMP R474 VTN
MXD528,B738,WMKK,VTBD,2025-12-23T08:55:00Z,360,,RW21R,,SABA3A,R21R,RIGTO M769 GOKEX Y96 EMTIX Y99 HOTEL
QTR840,B77W,VTSP,WMKP,2025-12-23T08:55:00Z,350,RW09,,REBE1A,,,REBED B579 DALAN
TVJ2300,A320,VTBS,VTSP,2025-12-23T08:55:00Z,320,RW02R,RW09,VANK1H,SAVS1C,,VANKO Y8 SAVSA
ABL725,A21N,RKPK,VTBS,2025-12-23T09:00:00Z,340,,RW01,,EAST1D,R01,BUTRA A1 UBL Y20 GRASO Y13 RUKSA
AIQ3021,A20N,VTBD,VTSP,2025-12-23T09:00:00Z,360,RW21L,RW09,SABI3C,SAVS1C,,SABIS Y8 SAVSA
AIQ3520,A320,VTBD,VTUO,2025-12-23T09:00:00Z,250,RW21L,RW04,ROBK3C,,R04,ROBKA A1 TOPER W42 RAMEI W38
AIQ4511,A320,VTBS,VTUO,2025-12-23T09:00:00Z,210,RW02R,RW04,SELK1H,,R04,SELKA A1 TOPER W42 RAMEI W38
BKP1406,A319,VTSP,VTSM,2025-12-23T09:00:00Z,130,RW09,RW17,EMRI1A,,R17,EMRIT Y99 AKVUG Y93 SMU
BKP906,AT76,VDSA,VTBS,2025-12-23T09:00:00Z,380,,RW01,,TUMG1D,R01,BOKAK B205 OLDIR P629 NUGPA
IGO1054,A21N,VTBS,VIDP,2025-12-23T09:00:00Z,340,RW02R,,TARE1H,,,TARED P646 BETNO
LKY03,C130,VTBD,VTPM,2025-12-23T09:00:00Z,220,RW21L,RW27,OLVU3C,URGU1W,R27,OLVUK Y26 NUVLU Y30 URGUM
RTP184,F2TH,VTBD,VTPM,2025-12-23T09:00:00Z,200,RW21L,RW27,OLVU3C,URGU1W,R27,OLVUK Y26 NUVLU Y30 URGUM
TAX920,A333,VTBD,OERK,2025-12-23T09:00:00Z,350,RW21L,,PAST3C,,,IBETO L524 MIGAR L877 PUMOR
TVJ335,A320,VTSF,VTBS,2025-12-23T09:00:00Z,340,RW01,RW01,TAWI1A,LEBI1D,R01,NKS Y94 DOXAS M769 LEBIM
VJC902,A321,VTBS,VVNB,2025-12-23T09:00:00Z,350,RW02R,,UGUV1H,,,UGUVO Y27 PIBAN Y29 PSL W26 CMP R474 VTN
VJT719,GLEX,VTBD,VHHH,2025-12-23T09:00:00Z,410,RW21L,,UPKU3C,,,UPKUP Y16 BUTRA
AIQ3135,A320,VTSC,VTBD,2025-12-23T09:05:00Z,380,,RW21R,OMNI,SABA3A,R21R,NTW W19 UPNEP M626 SORTO M769 GOKEX Y96 EMTIX Y99 HOTEL DCT SABAI
AIQ3208,A21N,VTCT,VTBD,2025-12-23T09:05:00Z,310,RW21,RW21R,DUBE1B,NAKO3A,R21R,DUBEN Y28 BLAFF DCT NAKON
AIQ4401,A320,VTSG,VTBS,2025-12-23T09:05:00Z,370,RW14,RW01,OSPE1G,LEBI1D,R01,OSPEX Y99 NONEL Y98 LEBIM
AIQ606,A320,VTBD,VDTI,2025-12-23T09:05:00Z,370,RW21L,,GORS3C,,,GORSI N506 BOKAK
AXM857,A20N,VTCC,WMKK,2025-12-23T09:05:00Z,370,RW36,,PANT2C,,,PANTA Y7 BKK M904 PIDEL Y11 PASVA
AXM860,A320,WMKK,VTSG,2025-12-23T09:05:00Z,340,,RW32,,TUNR1E,R32,TAMOS A457 HTY W14 TRN W32 TUNRA
BKP806,A319,VHHH,VTSM,2025-12-23T09:05:00Z,380,,RW17,,,R17,SAV A202 RAMEI W42 ASEKU M757 MABKO W33 UPNEP
KNA8369,A320,ZPPP,VTBS,2025-12-23T09:05:00Z,340,,RW01,,NORT1D,R01,VTN R470 UDN W21 NOBER
MAS790,B738,WMKK,VTSP,2025-12-23T09:05:00Z,360,,RW09,,URGA1C,,DUBAX R325 URGAD
THA212,A320,VTSP,VTBS,2025-12-23T09:05:00Z,370,RW09,RW01,EMRI1A,LEBI1D,R01,EMRIT Y99 NONEL Y98 LEBIM
THA615,A359,ZBAA,VTBS,2025-12-23T09:05:00Z,400,,RW01,,NORT1D,R01,VTN R470 UDN W21 NOBER
AIQ3434,A320,VTCC,VTBD,2025-12-23T09:10:00Z,330,RW36,RW21R,PANT2C,NAKO3A,R21R,PANTA Y7 BLAFF DCT NAKON
AXB263,A320,VTBS,VASU,2025-12-23T09:10:00Z,340,RW02R,,TARE1H,,,TARED P646 BETNO
NOK369,B738,VTUI,VTBD,2025-12-23T09:10:00Z,340,RW05,RW21R,OMNI,ENDU3A,R21R,Y22/Y23 KKN Y23 KRT Y20 UBLOD DCT ENDUU
NOK530,B738,VTBD,VTSP,2025-12-23T09:10:00Z,360,RW21L,RW09,SABI3C,SAVS1C,,SABIS Y8 SAVSA
SIA714,B78X,WSSS,VTBS,2025-12-23T09:10:00Z,400,,RW01,,TUMG1D,R01,ABTOK M644 ALUMO Y12 ALEMI
TGW628,E290,WSSS,VTSP,2025-12-23T09:10:00Z,360,,RW09,,URGA1C,,DUBAX R325 URGAD
AIQ3378,A320,VTBD,VTUU,2025-12-23T09:15:00Z,330,RW21L,RW05,ROBK3C,VENP1C,R05,ROBKA A1
BBC389,B738,VTBS,VGHS,2025-12-23T09:15:00Z,320,RW02R,,TARE1H,,,TARED G463 BETNO
CHH430,B38M,VTBS,ZBAA,2025-12-23T09:15:00Z,330,RW02R,,UGUV1H,,,UGUVO Y27 PIBAN Y29 PSL W26 CMP W21 UDN R470 VTN
CSH857,B38M,ZSPD,VTSP,2025-12-23T09:15:00Z,340,,RW09,,SAVS1C,,SAV A202 RAMEI W42 MENEX Y8 SAVSA
ESR917,B38M,RKPK,VTCC,2025-12-23T09:15:00Z,360,,RW36,,MONL2A,R36,TOMIP R215 NAN R207 MONLO
KHV722,A320,VDTI,VTBS,2025-12-23T09:15:00Z,280,,RW01,,TUMG1D,R01,VAPVU P629 NUGPA
THA028,A320,VTBS,VTUU,2025-12-23T09:15:00Z,310,RW02R,RW05,SELK1H,VENP1C,R05,SELKA A1
THA631,A320,RCKH,VTBS,2025-12-23T09:15:00Z,340,,RW01,,EAST1D,R01,BUTRA A1 UBL Y20 GRASO Y13 RUKSA
TVJ416,A320,VTCC,VTSP,2025-12-23T09:15:00Z,340,RW36,RW09,PANT2C,SAVS1C,,PANTA Y7 BKK Y8 SAVSA
AIQ1041,A320,VLVT,VTBD,2025-12-23T09:20:00Z,320,,RW21R,,NAKO3A,R21R,VTN CMP W21 NOBER
AIQ3261,A320,VTUK,VTBD,2025-12-23T09:20:00Z,260,RW21,RW21R,EMRU1B,ENDU3A,R21R,Y22/Y23 KKN Y23 KRT Y20 UBLOD DCT ENDUU
AIQ4113,A320,VTSP,VTBS,2025-12-23T09:20:00Z,370,RW09,RW01,EMRI1A,LEBI1D,R01,EMRIT Y99 NONEL Y98 LEBIM
BKP968,A319,WSSS,VTSM,2025-12-23T09:20:00Z,360,,RW17,,,R17,KADAX M626 IKOGA Y95 RUMVA
CBJ620,A20N,VTBS,ZSNJ,2025-12-23T09:20:00Z,330,RW02R,,SELK1H,,,SELKA A1 SANOT Y15 GUROK A202 SAV
THA665,A359,ZSPD,VTBS,2025-12-23T09:20:00Z,380,,RW01,,EAST1D,R01,SAV A202 RAMEI W42 PAKRI Y13 RUKSA
TLM789,B738,VTSF,VTBD,2025-12-23T09:20:00Z,320,RW01,RW21R,TAWI1A,SABA3A,R21R,NKS Y94 DOXAS M769 GOKEX Y96 EMTIX Y99 HOTEL DCT SABAI
TVJ306,A321,VTBS,VTSP,2025-12-23T09:20:00Z,340,RW02R,RW09,VANK1H,SAVS1C,,VANKO Y8 SAVSA
WHK205,A320,VTPM,VTBD,2025-12-23T09:20:00Z,170,,RW21R,KADA1B,NAKO3A,R21R,KADAV W26 IGPOP Y7 BLAFF DCT NAKON
AAR741,A359,RKSI,VTBS,2025-12-23T09:25:00Z,380,,RW01,,EAST1D,R01,BUTRA A1 UBL Y20 GRASO Y13 RUKSA
AIQ308,A320,VTSS,WMKK,2025-12-23T09:25:00Z,290,RW26,,KARM1C,,,KARMI
AIQ4108,A320,VTBS,VTCC,2025-12-23T09:25:00Z,340,RW02R,RW36,OLVU1H,MARN2A,R36,OLVUK Y26 MARNI
AIQ4153,A320,VTCT,VTBS,2025-12-23T09:25:00Z,370,RW21,RW01,DUBE1B,NORT1D,R01,DUBEN Y28 BLAFF DCT NORTA
BKP961,A319,VTSM,WSSS,2025-12-23T09:25:00Z,390,RW35,,RUMV1B,,,RUMVA Y95 IKOGA Y24 PASVA
CES9620,B737,VTCC,ZPPP,2025-12-23T09:25:00Z,310,RW36,,MONL2C,,,MONLO R207 IKISU W22 CTR A581 PONUK
HKE701,A21N,VTBS,VHHH,2025-12-23T09:25:00Z,330,RW02R,,LIPL1S,,,LIPLI Y16 BUTRA
JAL707,B788,RJAA,VTBS,2025-12-23T09:25:00Z,400,,RW01,,EAST1D,R01,BUTRA A1 UBL Y20 GRASO Y13 RUKSA
AFL815,B738,VTBS,UNKL,2025-12-23T09:30:00Z,330,RW02R,,NOBE1S,,,NOBER B346 YAKUA
AIC2304,A20N,VIDP,VTBS,2025-12-23T09:30:00Z,370,,RW01,,WILA1D,R01,BETNO P646 TARED
AIQ3026,A320,VTSP,VTBD,2025-12-23T09:30:00Z,390,RW09,RW21R,IGEV1A,SABA3A,R21R,IGEVI Y5 EGUBO Y99 HOTEL DCT SABAI
AIQ4204,A320,VTBS,VTSS,2025-12-23T09:30:00Z,350,RW02R,RW26,KASN1H,OBLE1A,R26,KASNI M757 OBLEX
BKP154,A319,VTSM,VTBS,2025-12-23T09:30:00Z,340,RW35,RW01,OLBA1B,LEBI1D,R01,OLBAG Y17 DONSI M769 LEBIM
BTN700,A319,VECC,VTBS,2025-12-23T09:30:00Z,370,,RW01,,WILA1D,R01,LUDVI L507 IGONI
ELY084,B772,VTBS,LLBG,2025-12-23T09:30:00Z,280,RW02R,,PAST1H,,,PASTO L301 TANEK
NOK703,B738,VTUD,VTCC,2025-12-23T09:30:00Z,340,RW12,RW36,ELNE1B,MONL2A,R36,VTN R207 MONLO
SBI6310,B738,VTBS,UIII,2025-12-23T09:30:00Z,330,RW02R,,UGUV1H,,,UGUVO Y27 PIBAN Y29 PSL W26 CMP W21 UDN R470 VTN
STF02,A320,VTBD,VTUD,2025-12-23T09:30:00Z,330,RW21L,RW30,ROBK3C,ANPU1C,R30,ROBKA A1 SELKA Y14 KRT Y23 KKN Y23/Y22
AIQ3142,A320,VTBD,VTSR,2025-12-23T09:35:00Z,340,RW21L,,SABI3C,,,SABIS Y8 MENEX W34 RAN
AIQ3359,A21N,VTUD,VTBD,2025-12-23T09:35:00Z,300,RW12,RW21R,ANPU1B,ENDU3A,R21R,Y22/Y23 KKN Y23 KRT Y20 UBLOD DCT ENDUU
BKP256,AT76,VTSP,VTSM,2025-12-23T09:35:00Z,150,RW09,RW17,EMRI1A,,R17,EMRIT Y99 AKVUG Y93 SMU
NOK206,B738,VTBD,VTPP,2025-12-23T09:35:00Z,240,RW21L,RW32,UGUV3C,,R32,UGUVO Y27 PIBAN
NOK546,B738,VTBD,VTSG,2025-12-23T09:35:00Z,360,RW21L,RW32,SABI3C,NULM1E,R32,SABIS Y8 SAPUD W32 NULMA
TGW616,E290,WSSS,VTBS,2025-12-23T09:35:00Z,400,,RW01,,TUMG1D,R01,ABTOK M644 ALUMO Y12 ALEMI
AIQ3114,A320,VTBD,VTSS,2025-12-23T09:40:00Z,370,RW21L,RW26,KASN3C,OBLE1A,R26,KASNI M757 OBLEX
AIQ3446,A320,VTCC,VTBD,2025-12-23T09:40:00Z,350,RW36,RW21R,PANT2C,NAKO3A,R21R,PANTA Y7 BLAFF DCT NAKON
HVN619,A321,VVNB,VTBS,2025-12-23T09:40:00Z,360,,RW01,,NORT1D,R01,VTN R470 UDN W21 NOBER
IGO1081,A21N,VIDP,VTSP,2025-12-23T09:40:00Z,350,,RW09,,SATV1C,,TAVUN L759 SATVA
TLM949,B738,ZSOF,VTBD,2025-12-23T09:40:00Z,380,,RW21R,,NAKO3A,R21R,VTN CMP W21 NOBER
AIQ3226,A320,VTSG,VTBD,2025-12-23T09:45:00Z,370,RW14,RW21R,OSPE1G,SABA3A,R21R,OSPEX Y99 HOTEL DCT SABAI
AWQ157,A320,VTBD,WIMM,2025-12-23T09:45:00Z,350,RW21L,,KASN3C,,,KASNI M757 KARMI
AXM825,A320,VTSP,WMKK,2025-12-23T09:45:00Z,330,RW09,,REBE1A,,,REBED B579 DALAN
CQH7301,A320,ZSFZ,VTBS,2025-12-23T09:45:00Z,300,,RW01,,EAST1D,R01,SAV A202 RAMEI W42 PAKRI Y13 RUKSA
KAL683,B77W,RKSI,VTCC,2025-12-23T09:45:00Z,380,,RW36,,MONL2A,R36,TOMIP R215 NAN R207 MONLO
TGW681,E290,VTCC,WSSS,2025-12-23T09:45:00Z,350,RW36,,PANT2C,,,PANTA Y7 BKK M904 PIDEL Y11 PASVA
TLM746,B738,VTBD,VTSB,2025-12-23T09:45:00Z,300,RW21L,RW22,SABI3C,IKER1A,R22,SABIS Y8 IKERA
AIQ351,A320,VTBD,WSSS,2025-12-23T09:50:00Z,350,RW21L,,KIGO3C,,,KIGOB Y11 PASVA
AIQ613,A320,VDSA,VTSP,2025-12-23T09:50:00Z,360,,RW09,,SAVS1C,,SAKDA R575 SMU W32 SAPUD Y8 SAVSA
AIQ615,A20N,VDSA,VTBD,2025-12-23T09:50:00Z,320,,RW21R,,SEHN3A,R21R,TUPGO M633 DULEM
AXM887,A20N,VTBD,WMKK,2025-12-23T09:50:00Z,370,RW21L,,KIGO3C,,,KIGOB Y11 PASVA
AXM888,A320,WMKK,VTBD,2025-12-23T09:50:00Z,360,,RW21R,,SABA3A,R21R,RIGTO M769 GOKEX Y96 EMTIX Y99 HOTEL
CCA823,B738,ZBAA,VTCC,2025-12-23T09:50:00Z,360,,RW36,,ADLU2A,R36,PONUK A581 ADLUS
CSH834,B38M,VTBS,ZSPD,2025-12-23T09:50:00Z,350,RW02R,,SELK1H,,,SELKA A1 SANOT Y15 GUROK A202 SAV
ETD414,A21N,OMAA,VTSP,2025-12-23T09:50:00Z,350,,RW09,,UBNE1C,,SAPAM L645 UBNEN
THA136,A320,VTBS,VTCT,2025-12-23T09:50:00Z,340,RW02R,RW03,UGUV1H,,R03,UGUVO Y27 IKISU W22 BENVI
THA409,A359,VTBS,WSSS,2025-12-23T09:50:00Z,330,RW02R,,BUT1H,,,BUT Y11 PASVA
TVJ202,A321,VTBS,VTUD,2025-12-23T09:50:00Z,290,RW02R,RW30,SELK1H,ANPU1C,R30,SELKA Y14 KRT Y23 KKN Y23/Y22
VTKOL,A320,VOMD,VTSP,2025-12-23T09:50:00Z,330,,RW09,,SATV1C,,TAVUN L759 SATVA
ANA805,B789,RJAA,VTBS,2025-12-23T09:55:00Z,400,,RW01,,EAST1D,R01,BUTRA A1 UBL Y20 GRASO Y13 RUKSA
CPA706,A21N,VTBS,VHHH,2025-12-23T09:55:00Z,410,RW02R,,LIPL1S,,,LIPLI Y16 BUTRA
MAS795,B738,VTSP,WMKK,2025-12-23T09:55:00Z,370,RW09,,REBE1A,,,REBED B579 DALAN
SJX752,A21N,VTCC,RCTP,2025-12-23T09:55:00Z,350,RW36,,MONL2C,,,MONLO R207 NAN R215 TOMIP
UAL821,B789,VTBS,VHHH,2025-12-23T09:55:00Z,410,RW02R,,LIPL1S,,,LIPLI Y16 BUTRA
AIQ123,A320,VEGY,VTBD,2025-12-23T10:00:00Z,370,,RW21R,,WEHA3A,R21R,BETNO P646 TARED
AIQ235,A320,RCKH,VTBD,2025-12-23T10:00:00Z,340,,RW21R,,ENDU3A,R21R,BUTRA A1 UBL Y20 UBLOD
AIQ3303,A320,VTPP,VTBD,2025-12-23T10:00:00Z,230,RW32,RW21R,PEBL1B,NAKO3A,R21R,PEBLI Y28 BLAFF DCT NAKON
AIQ5505,A320,VTUK,VTCC,2025-12-23T10:00:00Z,320,RW21,RW36,ALGI1B,MONL2A,R36,VTN R207 MONLO
AIQ638,A320,VTBD,VVDN,2025-12-23T10:00:00Z,330,RW21L,,UPKU3C,,,UPKUP Y16 BUTRA
AKJ624,B38M,VTSP,VOBL,2025-12-23T10:00:00Z,300,RW09,,UBNE1A,,,UBNEN L645 SAPAM
AZV2984,A320,VTSP,UNOO,2025-12-23T10:00:00Z,330,RW09,,EMRI1A,,,EMRIT Y99 BKK Y27 IKISU W22 CTR A581 PONUK
BKP9002,A319,VTPO,VTBS,2025-12-23T10:00:00Z,170,RW18,RW01,PEBL1C,NORT1D,R01,PEBLI Y28 BLAFF DCT NORTA
CSZ307,A20N,ZGSZ,VTBS,2025-12-23T10:00:00Z,300,,RW01,,EAST1D,R01,SAV A202 RAMEI W42 PAKRI Y13 RUKSA
HSAMB,A320,VTCT,VTBD,2025-12-23T10:00:00Z,250,RW21,RW21R,DUBE1B,NAKO3A,R21R,DUBEN Y28 BLAFF DCT NAKON
HSCPG,A320,VTBS,VTSM,2025-12-23T10:00:00Z,310,RW02R,RW17,KASN1H,,R17,KASNI M757 MABKO W33 SMU
MJJ123,A320,VVPQ,VTBD,2025-12-23T10:00:00Z,300,,RW21R,,SEHN3A,R21R,SAKDA R334 RYN
TGW648,E290,WSSS,VTSM,2025-12-23T10:00:00Z,360,,RW17,,,R17,KADAX M626 IKOGA Y95 RUMVA
THA417,B788,VTBS,WMKK,2025-12-23T10:00:00Z,410,RW02R,,KASN1H,,,KASNI M757 KARMI
TLM767,B738,VTSP,VTBD,2025-12-23T10:00:00Z,350,RW09,RW21R,IGEV1A,SABA3A,R21R,IGEVI Y5 EGUBO Y99 HOTEL DCT SABAI
TVJ352,A320,VTBS,VTSB,2025-12-23T10:00:00Z,320,RW02R,RW22,VANK1H,IKER1A,R22,VANKO Y8 IKERA
AIQ3074,A320,VTCC,VTSG,2025-12-23T10:05:00Z,380,RW36,RW32,PANT2C,NULM1E,R32,PANTA Y7 BKK Y8 SAPUD W32 NULMA
AXB883,A320,VTBS,VOBL,2025-12-23T10:05:00Z,360,RW02R,,PAST1H,,,PASTO L301 TANEK
AXM826,A320,WMKK,VTSP,2025-12-23T10:05:00Z,340,,RW09,,URGA1C,,DUBAX R325 URGAD
BKP162,A319,VTSM,VTBS,2025-12-23T10:05:00Z,340,RW35,RW01,OLBA1B,LEBI1D,R01,OLBAG Y17 DONSI M769 LEBIM
CSH831,B738,ZSPD,VTSP,2025-12-23T10:05:00Z,300,,RW09,,SAVS1C,,SAV A202 RAMEI W42 MENEX Y8 SAVSA
IGO1059,A21N,VABB,VTBS,2025-12-23T10:05:00Z,350,,RW01,,WILA1D,R01,BETNO P646 TARED
MAS780,B38M,WMKK,VTBS,2025-12-23T10:05:00Z,360,,RW01,,LEBI1D,R01,RIGTO M769 LEBIM
MAS783,B38M,VTBS,WMKK,2025-12-23T10:05:00Z,390,RW02R,,KASN1H,,,KASNI M757 KARMI
MXD522,B738,WMKK,VTBD,2025-12-23T10:05:00Z,300,,RW21R,,SABA3A,R21R,RIGTO M769 GOKEX Y96 EMTIX Y99 HOTEL
THA113,A320,VTCC,VTBS,2025-12-23T10:05:00Z,370,RW36,RW01,PANT2C,NORT1D,R01,PANTA Y7 BLAFF DCT NORTA
TLM104,B739,VTBD,WSSS,2025-12-23T10:05:00Z,370,RW21L,,KIGO3C,,,KIGOB Y11 PASVA
VJC1963,A321,VVDN,VTBS,2025-12-23T10:05:00Z,340,,RW01,,EAST1D,R01,BUTRA A1 UBL Y20 GRASO Y13 RUKSA
AIQ765,A320,VMMC,VTBD,2025-12-23T10:10:00Z,340,,RW21R,,ENDU3A,R21R,SAV A202 RAMEI Y20 UBLOD
APJ91,A21N,RJBB,VTBS,2025-12-23T10:10:00Z,340,,RW01,,EAST1D,R01,BUTRA A1 UBL Y20 GRASO Y13 RUKSA
CTV513,A320,VTBD,WIII,2025-12-23T10:10:00Z,370,RW21L,,KIGO3C,,,KIGOB Y11 PASVA
IGO1068,A21N,VTBS,VOHS,2025-12-23T10:10:00Z,280,RW02R,,PAST1H,,,PASTO L301 TANEK
IGO1069,A21N,VIDP,VTSG,2025-12-23T10:10:00Z,370,,RW32,,EMRI1E,R32,IKULA R325 PUT Y99 EMRIT
JJA2515,B38M,RKSI,VTCC,2025-12-23T10:10:00Z,340,,RW36,,MONL2A,R36,TOMIP R215 NAN R207 MONLO
KNA8367,A320,ZPPP,VTBS,2025-12-23T10:10:00Z,320,,RW01,,NORT1D,R01,VTN R470 UDN W21 NOBER
NOK136,B738,VTBD,VTCC,2025-12-23T10:10:00Z,320,RW21L,RW36,OLVU3C,MARN2A,R36,OLVUK Y26 MARNI
NWS3436,A320,VTSP,USSS,2025-12-23T10:10:00Z,340,RW09,,SATV1A,,,SATVA L759 TAVUN
THA216,A320,VTSP,VTBS,2025-12-23T10:10:00Z,350,RW09,RW01,EMRI1A,LEBI1D,R01,EMRIT Y99 NONEL Y98 LEBIM
THA303,A320,VTBS,VYYY,2025-12-23T10:10:00Z,320,RW02R,,NUNL1S,,,NUNLI L507 LUDVI
TLM215,B738,VIAR,VTBD,2025-12-23T10:10:00Z,330,,RW21R,,WEHA3A,R21R,LUDVI L507 IGONI
TLM715,B739,VTSS,VTBD,2025-12-23T10:10:00Z,320,RW26,RW21R,DAND1C,SABA3A,R21R,DANDO M769 GOKEX Y96 EMTIX Y99 HOTEL DCT SABAI
TLM812,B738,VTBD,VTSG,2025-12-23T10:10:00Z,340,RW21L,RW32,SABI3C,NULM1E,R32,SABIS Y8 SAPUD W32 NULMA
AIQ3094,A320,VTSP,VTBD,2025-12-23T10:15:00Z,390,RW09,RW21R,IGEV1A,SABA3A,R21R,IGEVI Y5 EGUBO Y99 HOTEL DCT SABAI
BKP308,AT76,VTBO,VTBS,2025-12-23T10:15:00Z,140,,RW01,OMNI,TUMG1D,R01,RYN
CEB943,A20N,RPLC,VTBS,2025-12-23T10:15:00Z,300,,RW01,,TUMG1D,R01,TUPGO M633 DULEM DCT SEHNA
EVA068,B77W,VTBS,RCTP,2025-12-23T10:15:00Z,370,RW02R,,LIPL1S,,,LIPLI Y16 BUTRA
HVN607,A321,VVTS,VTBS,2025-12-23T10:15:00Z,320,,RW01,,TUMG1D,R01,VAPVU P629 NUGPA
NBT096,A320,VTSP,ENGM,2025-12-23T10:15:00Z,340,RW09,,SATV1A,,,SATVA L759 TAVUN
TGW652,A20N,WSSS,VTSP,2025-12-23T10:15:00Z,380,,RW09,,URGA1C,,DUBAX R325 URGAD
THA217,A320,VTBS,VTSP,2025-12-23T10:15:00Z,340,RW02R,RW09,VANK1H,SAVS1C,,VANKO Y8 SAVSA
TLM514,B739,VTBD,VTCC,2025-12-23T10:15:00Z,340,RW21L,RW36,OLVU3C,MARN2A,R36,OLVUK Y26 MARNI
TLM741,B738,VTSB,VTBD,2025-12-23T10:15:00Z,330,RW04,RW21R,NIXE1D,SABA3A,R21R,NIXET Y99 HOTEL DCT SABAI
TLM760,B738,VTBD,VTSP,2025-12-23T10:15:00Z,320,RW21L,RW09,SABI3C,SAVS1C,,SABIS Y8 SAVSA
TVJ107,B38M,VTCC,VTBS,2025-12-23T10:15:00Z,350,RW36,RW01,PANT2C,NORT1D,R01,PANTA Y7 BLAFF DCT NORTA
AIQ253,A320,VTBD,VYYY,2025-12-23T10:20:00Z,360,RW21L,,TARE3C,,,TARED P646 BETNO
AIQ3181,A320,VTSF,VTBD,2025-12-23T10:20:00Z,380,RW01,RW21R,TAWI1A,SABA3A,R21R,NKS Y94 DOXAS M769 GOKEX Y96 EMTIX Y99 HOTEL DCT SABAI
AIQ3431,A320,VTBD,VTCC,2025-12-23T10:20:00Z,340,RW21L,RW36,OLVU3C,MARN2A,R36,OLVUK Y26 MARNI
AIQ3521,A320,VTUO,VTBD,2025-12-23T10:20:00Z,240,RW22,RW21R,OMNI,ENDU3A,R21R,W38 RAMEI Y20 UBLOD DCT ENDUU
AIQ871,A320,VVNB,VTCC,2025-12-23T10:20:00Z,320,,RW36,,MONL2A,R36,VTN R207 MONLO
BKP159,A319,VTBS,VTSM,2025-12-23T10:20:00Z,150,RW02R,RW17,KASN1H,,R17,KASNI M757 MABKO W33 SMU
BKP284,A319,VTSP,VTBS,2025-12-23T10:20:00Z,370,RW09,RW01,EMRI1A,LEBI1D,R01,EMRIT Y99 NONEL Y98 LEBIM
BKP454,AT76,VTSM,VTBD,2025-12-23T10:20:00Z,160,RW35,RW21R,OLBA1B,SABA3A,R21R,OLBAG Y17 DONSI M769 GOKEX Y96 EMTIX Y99 HOTEL DCT SABAI
DRK152,A20N,VQPR,VTBS,2025-12-23T10:20:00Z,390,,RW01,,WILA1D,R01,LUDVI L507 IGONI
ETD400,B77W,OMAA,VTBS,2025-12-23T10:20:00Z,390,,RW01,,WILA1D,R01,NURDA L524 IBETO
IGO1089,A21N,VABB,VTSP,2025-12-23T10:20:00Z,350,,RW09,,UPSA1C,,IKULA L515 UPSAB
NOK108,B738,VTBD,VTCT,2025-12-23T10:20:00Z,380,RW21L,RW03,UGUV3C,,R03,UGUVO Y27 IKISU W22 BENVI
TLM920,B738,VTBD,ZSHC,2025-12-23T10:20:00Z,330,RW21L,,NOBE4C,,,NOBER W21 CMP R474 VTN
TVJ109,A321,VTCC,VTBS,2025-12-23T10:20:00Z,350,RW36,RW01,PANT2C,NORT1D,R01,PANTA Y7 BLAFF DCT NORTA
AIQ3018,A320,VTSP,VTBD,2025-12-23T10:25:00Z,370,RW09,RW21R,IGEV1A,SABA3A,R21R,IGEVI Y5 EGUBO Y99 HOTEL DCT SABAI
BKP146,A319,VTSM,VTBS,2025-12-23T10:25:00Z,300,RW35,RW01,OLBA1B,LEBI1D,R01,OLBAG Y17 DONSI M769 LEBIM
BKP294,AT76,VTBU,VTSM,2025-12-23T10:25:00Z,150,RW18,RW17,BKK1A,,R17,BUT DCT ASEKU M757 MABKO W33 SMU
BKP907,AT76,VTBS,VDSA,2025-12-23T10:25:00Z,150,RW02R,,GOME1S,,,GOMES N506 BOKAK
CDC8022,A320,VTBS,ZSHC,2025-12-23T10:25:00Z,330,RW02R,,SELK1H,,,SELKA A1 SANOT Y15 GUROK A202 SAV
CSN6064,A20N,VTSP,ZGGG,2025-12-23T10:25:00Z,330,RW09,,EMRI1A,,,EMRIT Y99 NONEL Y98 SURMA W42 TOPER A1 SANOT Y15 GUROK A202 SAV
NOK532,B738,VTBD,VTSP,2025-12-23T10:25:00Z,380,RW21L,RW09,SABI3C,SAVS1C,,SABIS Y8 SAVSA
TLM370,B738,VTBD,VMMC,2025-12-23T10:25:00Z,330,RW21L,,ROBK3C,,,ROBKA A1 SANOT Y15 GUROK A202 SAV
TLM509,B739,VTCC,VTBD,2025-12-23T10:25:00Z,330,RW36,RW21R,PANT2C,NAKO3A,R21R,PANTA Y7 BLAFF DCT NAKON
TLM674,B738,VTBD,VTUW,2025-12-23T10:25:00Z,330,RW21L,RW15,ROBK3C,,R15,ROBKA A1 SELKA Y14 KRT Y23 KKN Y23/Y22
TLM718,B738,VTBD,VTSS,2025-12-23T10:25:00Z,350,RW21L,RW26,KASN3C,OBLE1A,R26,KASNI M757 OBLEX
TLM792,B738,VTBD,VTSF,2025-12-23T10:25:00Z,330,RW21L,RW19,KASN3C,,R19,KASNI M757 LOSDA Y94 NKS
UEA2867,A320,ZUTF,VTBS,2025-12-23T10:25:00Z,320,,RW01,,NORT1D,R01,VTN R474 CMP W21 NOBER
VJC1982,A321,VTBS,VVPQ,2025-12-23T10:25:00Z,330,RW02R,,RYN1H,,,RYN R334 SAKDA
AIQ3549,A320,VTUL,VTBD,2025-12-23T10:30:00Z,300,RW19,RW21R,BOVG1B,NAKO3A,R21R,BOVGO B218 CMP W21 NOBER DCT NAKON
AXM8567,A321,VDTI,VTSP,2025-12-23T10:30:00Z,340,,RW09,,EMRI1C,,BASIT R588 EMRIT
BKP173,A319,VTBS,VTSM,2025-12-23T10:30:00Z,330,RW02R,RW17,KASN1H,,R17,KASNI M757 MABKO W33 SMU
BKP214,AT76,VTPO,VTBS,2025-12-23T10:30:00Z,170,RW18,RW01,PEBL1C,NORT1D,R01,PEBLI Y28 BLAFF DCT NORTA
BKP277,A320,VTBS,VTSP,2025-12-23T10:30:00Z,340,RW02R,RW09,VANK1H,SAVS1C,,VANKO Y8 SAVSA
BKP404,A319,VTSP,VTSM,2025-12-23T10:30:00Z,130,RW09,RW17,EMRI1A,,R17,EMRIT Y99 AKVUG Y93 SMU
CES9613,B738,ZPPP,VTBS,2025-12-23T10:30:00Z,340,,RW01,,NORT1D,R01,VTN R470 UDN W21 NOBER
DRK620,A20N,VQPR,VTBS,2025-12-23T10:30:00Z,390,,RW01,,WILA1D,R01,LUDVI L507 IGONI
JJA2503,B38M,RKSI,VTBS,2025-12-23T10:30:00Z,340,,RW01,,EAST1D,R01,BUTRA A1 UBL Y20 GRASO Y13 RUKSA
JJA2551,B738,RKPK,VTBS,2025-12-23T10:30:00Z,340,,RW01,,EAST1D,R01,BUTRA A1 UBL Y20 GRASO Y13 RUKSA
MMA371,A319,VTCC,VYYY,2025-12-23T10:30:00Z,280,RW36,,PUMA2C,,,PUMAM A581 BOMAS
NOK197,B738,VTPM,VTBD,2025-12-23T10:30:00Z,250,,RW21R,KADA1B,NAKO3A,R21R,KADAV W26 IGPOP Y7 BLAFF DCT NAKON
RTP184,F2TH,VTPM,VTBD,2025-12-23T10:30:00Z,190,,RW21R,KADA1B,NAKO3A,R21R,KADAV W26 IGPOP Y7 BLAFF DCT NAKON
THA564,A320,VTBS,VVNB,2025-12-23T10:30:00Z,350,RW02R,,UGUV1H,,,UGUVO Y27 PIBAN Y29 PSL W26 CMP R474 VTN
THA636,A320,VTBS,RCTP,2025-12-23T10:30:00Z,370,RW02R,,LIPL1S,,,LIPLI Y16 BUTRA
TLM647,B738,VTUK,VTBD,2025-12-23T10:30:00Z,240,RW21,RW21R,EMRU1B,ENDU3A,R21R,Y22/Y23 KKN Y23 KRT Y20 UBLOD DCT ENDUU
AIQ231,A21N,RCTP,VTBD,2025-12-23T10:35:00Z,380,,RW21R,,ENDU3A,R21R,BUTRA A1 UBL Y20 UBLOD
AIQ3925,A320,VTBD,VTCL,2025-12-23T10:35:00Z,320,RW21L,RW36,OLVU3C,IBIR1A,R36,OLVUK Y26 BEBUV Y33 IBIRI
AIQ4512,A320,VTUO,VTBS,2025-12-23T10:35:00Z,220,RW22,RW01,OMNI,EAST1D,R01,W38 RAMEI W42 PAKRI Y13 RUKSA DCT EASTE
CXA834,B38M,VTBS,ZSAM,2025-12-23T10:35:00Z,330,RW02R,,SELK1H,,,SELKA A1 SANOT Y15 GUROK A202 SAV
KAL653,B77W,RKSI,VTBS,2025-12-23T10:35:00Z,380,,RW01,,EAST1D,R01,BUTRA A1 UBL Y20 GRASO Y13 RUKSA
SIA720,B78X,WSSS,VTBS,2025-12-23T10:35:00Z,400,,RW01,,TUMG1D,R01,ABTOK M644 ALUMO Y12 ALEMI
SIA740,B38M,WSSS,VTSP,2025-12-23T10:35:00Z,320,,RW09,,URGA1C,,DUBAX R325 URGAD
TGW637,E290,VTBS,WSSS,2025-12-23T10:35:00Z,410,RW02R,,BUT1H,,,BUT Y11 PASVA
THA556,A320,VTBS,VVTS,2025-12-23T10:35:00Z,350,RW02R,,GOME1S,,,GOMES N506 BOKAK
VJC805,A320,VVTS,VTBS,2025-12-23T10:35:00Z,360,,RW01,,TUMG1D,R01,VAPVU P629 NUGPA
AIQ3332,A320,VTSB,VTBD,2025-12-23T10:40:00Z,310,RW04,RW21R,NIXE1D,SABA3A,R21R,NIXET Y99 HOTEL DCT SABAI
AIQ3420,A320,VTCC,VTBD,2025-12-23T10:40:00Z,350,RW36,RW21R,PANT2C,NAKO3A,R21R,PANTA Y7 BLAFF DCT NAKON
AXM821,A320,VTSP,WMKK,2025-12-23T10:40:00Z,330,RW09,,REBE1A,,,REBED B579 DALAN
CPA708,A21N,VTBS,VHHH,2025-12-23T10:40:00Z,410,RW02R,,LIPL1S,,,LIPLI Y16 BUTRA
JNA021,B738,RKPK,VTBS,2025-12-23T10:40:00Z,340,,RW01,,EAST1D,R01,BUTRA A1 UBL Y20 GRASO Y13 RUKSA
SJX746,A339,VTBS,RCTP,2025-12-23T10:40:00Z,410,RW02R,,LIPL1S,,,LIPLI Y16 BUTRA
AIQ3171,A320,VTUD,VTSP,2025-12-23T10:45:00Z,360,RW12,RW09,ANPU1B,SAVS1C,,Y22/Y23 KKN Y23 KRT Y20 BKK Y8 SAVSA
AIQ3397,A320,VTUW,VTBD,2025-12-23T10:45:00Z,380,RW15,RW21R,OMNI,ENDU3A,R21R,Y22/Y23 KKN Y23 KRT Y20 UBLOD DCT ENDUU
CAL6654,A21N,VTBS,VVNB,2025-12-23T10:45:00Z,370,RW02R,,UGUV1H,,,UGUVO Y27 PIBAN Y29 PSL W26 CMP R474 VTN
CES2081,B738,ZLXY,VTSP,2025-12-23T10:45:00Z,320,,RW09,,SAVS1C,,SAV A202 RAMEI W42 MENEX Y8 SAVSA
CRK772,A320,VTBS,VHHH,2025-12-23T10:45:00Z,350,RW02R,,LIPL1S,,,LIPLI Y16 BUTRA
MGL706,A320,VTSP,ZMCK,2025-12-23T10:45:00Z,390,RW09,,EMRI1A,,,EMRIT Y99 BKK Y27 IKISU W22 CTR A581 PONUK
MMA363,A319,VTBD,VYYY,2025-12-23T10:45:00Z,320,RW21L,,TARE3C,,,TARED P646 BETNO
TVJ2304,B38M,VTBS,VTSP,2025-12-23T10:45:00Z,340,RW02R,RW09,VANK1H,SAVS1C,,VANKO Y8 SAVSA
TVJ722,B38M,VTBS,VDTI,2025-12-23T10:45:00Z,310,RW02R,,GOME1S,,,GOMES N506 BOKAK
AIQ3009,A320,VTBD,VTSP,2025-12-23T10:50:00Z,360,RW21L,RW09,SABI3C,SAVS1C,,SABIS Y8 SAVSA
AIQ3215,A21N,VTBD,VTSG,2025-12-23T10:50:00Z,360,RW21L,RW32,SABI3C,NULM1E,R32,SABIS Y8 SAPUD W32 NULMA
AIQ3224,A320,VTSG,VTBD,2025-12-23T10:50:00Z,390,RW14,RW21R,OSPE1G,SABA3A,R21R,OSPEX Y99 HOTEL DCT SABAI
AIQ3379,A320,VTUU,VTBD,2025-12-23T10:50:00Z,320,RW05,RW21R,ASAB1B,ENDU3A,R21R,Y20 UBLOD DCT ENDUU
BKP165,A319,VTBS,VTSM,2025-12-23T10:50:00Z,330,RW02R,RW17,KASN1H,,R17,KASNI M757 MABKO W33 SMU
STF02,A320,VTUD,VTBD,2025-12-23T10:50:00Z,320,RW12,RW21R,ANPU1B,ENDU3A,R21R,Y22/Y23 KKN Y23 KRT Y20 UBLOD DCT ENDUU
THA635,B772,RCTP,VTBS,2025-12-23T10:50:00Z,400,,RW01,,EAST1D,R01,BUTRA A1 UBL Y20 GRASO Y13 RUKSA
TLM629,B738,VTUU,VTBD,2025-12-23T10:50:00Z,300,RW05,RW21R,ASAB1B,ENDU3A,R21R,Y20 UBLOD DCT ENDUU
TWB101,A320,RKSI,VTBS,2025-12-23T10:50:00Z,340,,RW01,,EAST1D,R01,BUTRA A1 UBL Y20 GRASO Y13 RUKSA
ABY817,A21N,VTBS,OMSJ,2025-12-23T10:55:00Z,320,RW02R,,PAST1H,,,PASTO L301 TANEK
AIC2335,A20N,VTBS,VIDP,2025-12-23T10:55:00Z,340,RW02R,,TARE1H,,,TARED P646 BETNO
AIQ243,A320,RCTP,VTCC,2025-12-23T10:55:00Z,340,,RW36,,MONL2A,R36,VTN R207 MONLO
CCA472,A321,VTBS,ZUTF,2025-12-23T10:55:00Z,310,RW02R,,UGUV1H,,,UGUVO Y27 IBUBU W25 NAN R215 TOMIP
NOK604,B738,VTBD,VTSE,2025-12-23T10:55:00Z,280,RW21L,RW24,SABI3C,,R24,SABIS Y8 MENEX W34 CPN
THA029,A320,VTUU,VTBS,2025-12-23T10:55:00Z,300,RW05,RW01,ASAB1B,EAST1D,R01,Y20 GRASO Y13 RUKSA DCT EASTE
THA639,B77W,VHHH,VTBS,2025-12-23T10:55:00Z,380,,RW01,,EAST1D,R01,SAV A202 RAMEI W42 PAKRI Y13 RUKSA
TLM827,B738,VTST,VTBD,2025-12-23T10:55:00Z,330,RW08,RW21R,,SABA3A,R21R,TRN W24 BITEN Y99 HOTEL DCT SABAI
AET09,A320,VTUW,VTBD,2025-12-23T11:00:00Z,220,RW15,RW21R,OMNI,ENDU3A,R21R,Y22/Y23 KKN Y23 KRT Y20 UBLOD DCT ENDUU
AIQ3350,A320,VTBD,VTUD,2025-12-23T11:00:00Z,290,RW21L,RW30,ROBK3C,ANPU1C,R30,ROBKA A1 SELKA Y14 KRT Y23 KKN Y23/Y22
AIQ3556,A320,VTBD,VTCN,2025-12-23T11:00:00Z,340,RW21L,RW02,UGUV3C,,R02,UGUVO Y27 IBUBU W25 NAN
AIQ607,A320,VDTI,VTBD,2025-12-23T11:00:00Z,380,,RW21R,,SEHN3A,R21R,BOKAK N506 GORSI
AWQ247,A320,VTSP,WADD,2025-12-23T11:00:00Z,350,RW09,,REBE1A,,,REBED B579 DALAN
AXM861,A320,VTSG,WMKK,2025-12-23T11:00:00Z,330,RW14,,TUNR1G,,,TUNRA W32 TRN W14 HTY A464 KARMI
BKP164,A319,VTSM,VTBS,2025-12-23T11:00:00Z,340,RW35,RW01,OLBA1B,LEBI1D,R01,OLBAG Y17 DONSI M769 LEBIM
CAL836,A21N,VTBS,RCTP,2025-12-23T11:00:00Z,370,RW02R,,LIPL1S,,,LIPLI Y16 BUTRA
CHH7995,B38M,ZBAA,VTBS,2025-12-23T11:00:00Z,360,,RW01,,NORT1D,R01,VTN R470 UDN W21 NOBER
CSH853,B38M,ZSPD,VTBS,2025-12-23T11:00:00Z,340,,RW01,,EAST1D,R01,SAV A202 RAMEI W42 PAKRI Y13 RUKSA
HVN626,A321,VTBS,VVDN,2025-12-23T11:00:00Z,330,RW02R,,LIPL1S,,,LIPLI Y16 BUTRA
LKY03,C130,VTPM,VTBD,2025-12-23T11:00:00Z,210,,RW21R,KADA1B,NAKO3A,R21R,KADAV W26 IGPOP Y7 BLAFF DCT NAKON
QFA296,A333,VTBS,YSSY,2025-12-23T11:00:00Z,330,RW02R,,BUT1H,,,BUT M904 TIDAR
SIA735,B38M,VTSP,WSSS,2025-12-23T11:00:00Z,370,RW09,,EPGO1A,,,EPGOT W14 HTY A334 PASVA
TVJ225,A321,VTUU,VTBS,2025-12-23T11:00:00Z,320,RW05,RW01,ASAB1B,EAST1D,R01,Y20 GRASO Y13 RUKSA DCT EASTE
TVJ2301,A320,VTSP,VTBS,2025-12-23T11:00:00Z,350,RW09,RW01,EMRI1A,LEBI1D,R01,EMRIT Y99 NONEL Y98 LEBIM
AIQ3022,A20N,VTSP,VTBD,2025-12-23T11:05:00Z,370,RW09,RW21R,IGEV1A,SABA3A,R21R,IGEVI Y5 EGUBO Y99 HOTEL DCT SABAI
AIQ3209,A320,VTBD,VTCT,2025-12-23T11:05:00Z,360,RW21L,RW03,UGUV3C,,R03,UGUVO Y27 IKISU W22 BENVI
AIQ655,A21N,VVTS,VTBD,2025-12-23T11:05:00Z,340,,RW21R,,SEHN3A,R21R,VAPVU P629 NUGPA
CSN8024,A20N,VTBS,ZGGG,2025-12-23T11:05:00Z,330,RW02R,,SELK1H,,,SELKA A1 SANOT Y15 GUROK A202 SAV
KHV723,A320,VTBS,VDTI,2025-12-23T11:05:00Z,330,RW02R,,GOME1S,,,GOMES N506 BOKAK
MXD542,B738,WMKK,VTSP,2025-12-23T11:05:00Z,260,,RW09,,URGA1C,,DUBAX R325 URGAD
NOK131,B738,VTCC,VTBD,2025-12-23T11:05:00Z,370,RW36,RW21R,PANT2C,NAKO3A,R21R,PANTA Y7 BLAFF DCT NAKON
NOK207,B738,VTPP,VTBD,2025-12-23T11:05:00Z,250,RW32,RW21R,PEBL1B,NAKO3A,R21R,PEBLI Y28 BLAFF DCT NAKON
TGW695,E290,VTSM,WSSS,2025-12-23T11:05:00Z,390,RW35,,RUMV1B,,,RUMVA Y95 IKOGA Y24 PASVA
AIQ3143,A320,VTSR,VTBD,2025-12-23T11:10:00Z,330,,RW21R,SAKU1A,SABA3A,R21R,RAN W34 MENEX W42 EGUBO Y99 HOTEL DCT SABAI
AIQ3233,A20N,VTBD,VTSB,2025-12-23T11:10:00Z,340,RW21L,RW22,SABI3C,IKER1A,R22,SABIS Y8 IKERA
SIA711,B78X,VTBS,WSSS,2025-12-23T11:10:00Z,410,RW02R,,BUT1H,,,BUT Y11 PASVA
TAX750,A333,VTBD,ZYHB,2025-12-23T11:10:00Z,390,RW21L,,NOBE4C,,,NOBER W21 CMP R474 VTN
THA328D,A320,VEGY,VTBS,2025-12-23T11:10:00Z,350,,RW01,,WILA1D,R01,LUDVI L507 IGONI
TTW504,A20N,VTSP,RCTP,2025-12-23T11:10:00Z,330,RW09,,EMRI1A,,,EMRIT Y99 NONEL Y98 SURMA W42 XIKMA Y16 BUTRA
ABY715,A21N,VTSP,OMSJ,2025-12-23T11:15:00Z,340,RW09,,UBNE1A,,,UBNEN L645 SAPAM
AIQ309,A320,WMKK,VTSS,2025-12-23T11:15:00Z,320,,RW26,,TAMO1A,R26,TAMOS
AIQ3245,A320,VTBD,VTST,2025-12-23T11:15:00Z,360,RW21L,RW08,SABI3C,,R08,SABIS Y8 SAPUD W24 TRN
AIQ3256,A21N,VTBD,VTUK,2025-12-23T11:15:00Z,270,RW21L,RW03,ROBK3C,,R03,ROBKA A1 SELKA Y14 KRT Y23 KKN Y23/Y22
AIQ3394,A20N,VTBD,VTUW,2025-12-23T11:15:00Z,350,RW21L,RW15,ROBK3C,,R15,ROBKA A1 SELKA Y14 KRT Y23 KKN Y23/Y22
AIQ4109,A320,VTCC,VTBS,2025-12-23T11:15:00Z,330,RW36,RW01,PANT2C,NORT1D,R01,PANTA Y7 BLAFF DCT NORTA
BKP257,AT76,VTSM,VTSP,2025-12-23T11:15:00Z,140,RW35,RW09,ENRA1B,SAVS1C,,DORNA W32 SAPUD Y8 SAVSA
JCO8,A320,ZYTL,VTSP,2025-12-23T11:15:00Z,430,,RW09,,SAVS1C,,BUTRA A1 UBL W1 RAMEI W42 MENEX Y8 SAVSA
THA408,A21N,WSSS,VTBS,2025-12-23T11:15:00Z,400,,RW01,,TUMG1D,R01,ABTOK M644 ALUMO Y12 ALEMI
TVJ214,B38M,VTBS,VTUK,2025-12-23T11:15:00Z,250,RW02R,RW03,SELK1H,,R03,SELKA Y14 KRT Y23 KKN Y23/Y22
AIQ4352,A320,VTBS,VTUD,2025-12-23T11:20:00Z,290,RW02R,RW30,SELK1H,ANPU1C,R30,SELKA Y14 KRT Y23 KKN Y23/Y22
CSC3936,A321,VTBS,ZUTF,2025-12-23T11:20:00Z,350,RW02R,,UGUV1H,,,UGUVO Y27 IBUBU W25 NAN R215 TOMIP
MAS791,B738,VTSP,WMKK,2025-12-23T11:20:00Z,310,RW09,,REBE1A,,,REBED B579 DALAN
MMA350,A320,VYYY,VTBS,2025-12-23T11:20:00Z,330,,RW01,,WILA1D,R01,BETNO G463 TARED
NOK531,B738,VTSP,VTBD,2025-12-23T11:20:00Z,370,RW09,RW21R,IGEV1A,SABA3A,R21R,IGEVI Y5 EGUBO Y99 HOTEL DCT SABAI
THA440,A320,WADD,VTBS,2025-12-23T11:20:00Z,340,,RW01,,TUMG1D,R01,TIDAR M904 TONIK M644 ALUMO Y12 ALEMI
THA465,A359,VTBS,YMML,2025-12-23T11:20:00Z,370,RW02R,,BUT1H,,,BUT M904 TIDAR
AIQ157,A320,VTCC,VTSS,2025-12-23T11:25:00Z,390,RW36,RW26,PANT2C,OBLE1A,R26,PANTA Y7 BKK M757 OBLEX
AIQ3306,A320,VTBD,VTPP,2025-12-23T11:25:00Z,220,RW21L,RW32,UGUV3C,,R32,UGUVO Y27 PIBAN
AIQ3439,A21N,VTBD,VTCC,2025-12-23T11:25:00Z,320,RW21L,RW36,OLVU3C,MARN2A,R36,OLVUK Y26 MARNI
AIQ4408,A320,VTBS,VTSG,2025-12-23T11:25:00Z,360,RW02R,RW32,VANK1H,NULM1E,R32,VANKO Y8 SAPUD W32 NULMA
AWQ252,A320,WIII,VTBD,2025-12-23T11:25:00Z,360,,RW21R,,SEHN3A,R21R,ABTOK M644 RYN
AWQ331,A320,VTBD,WARR,2025-12-23T11:25:00Z,330,RW21L,,KIGO3C,,,KIGOB Y11 BUT M904 TIDAR
CCA822,B38M,VTSP,ZBAA,2025-12-23T11:25:00Z,390,RW09,,EMRI1A,,,EMRIT Y99 BKK R474 VTN
TGW611,B788,VTBS,WSSS,2025-12-23T11:25:00Z,370,RW02R,,BUT1H,,,BUT Y11 PASVA
THA249,A320,VTBS,VTSG,2025-12-23T11:25:00Z,360,RW02R,RW32,VANK1H,NULM1E,R32,VANKO Y8 SAPUD W32 NULMA
AIQ4205,A320,VTSS,VTBS,2025-12-23T11:30:00Z,320,RW26,RW01,DAND1C,LEBI1D,R01,DANDO M769 LEBIM
AIQ644,A320,VTBD,VVNB,2025-12-23T11:30:00Z,350,RW21L,,UGUV3C,,,UGUVO Y27 PIBAN Y29 PSL W26 CMP R474 VTN
AXM896,A320,WMKK,VTBD,2025-12-23T11:30:00Z,360,,RW21R,,SABA3A,R21R,RIGTO M769 GOKEX Y96 EMTIX Y99 HOTEL
LAO445,AJ27,VLVT,VTBS,2025-12-23T11:30:00Z,300,,RW01,,NORT1D,R01,VTN R470 UDN W21 NOBER
MMA352,B734,VYYY,VTBS,2025-12-23T11:30:00Z,310,,RW01,,WILA1D,R01,BETNO G463 TARED
NOK547,B738,VTSG,VTBD,2025-12-23T11:30:00Z,370,RW14,RW21R,OSPE1G,SABA3A,R21R,OSPEX Y99 HOTEL DCT SABAI
SEJ090,A320,VTSP,VIDP,2025-12-23T11:30:00Z,360,RW09,,SATV1A,,,SATVA L759 TAVUN
THA221,A320,VTBS,VTSP,2025-12-23T11:30:00Z,360,RW02R,RW09,VANK1H,SAVS1C,,VANKO Y8 SAVSA
THA267,A320,VTBS,VTSS,2025-12-23T11:30:00Z,330,RW02R,RW26,KASN1H,OBLE1A,R26,KASNI M757 OBLEX
THA931,B77W,LFPG,VTBS,2025-12-23T11:30:00Z,370,,RW01,,WILA1D,R01,BETNO P646 TARED
TLM716,B739,VTBD,VTSS,2025-12-23T11:30:00Z,350,RW21L,RW26,KASN3C,OBLE1A,R26,KASNI M757 OBLEX
TVJ203,A321,VTUD,VTBS,2025-12-23T11:30:00Z,300,RW12,RW01,ANPU1B,EAST1D,R01,Y22/Y23 KKN Y23 KRT Y20 UBLOD DCT EASTE
TVJ307,A321,VTSP,VTBS,2025-12-23T11:30:00Z,330,RW09,RW01,EMRI1A,LEBI1D,R01,EMRIT Y99 NONEL Y98 LEBIM
CAL840,B738,VTBS,RCKH,2025-12-23T11:35:00Z,370,RW02R,,LIPL1S,,,LIPLI Y16 BUTRA
CEB863,A21N,RPLL,VTBD,2025-12-23T11:35:00Z,340,,RW21R,,SEHN3A,R21R,TUPGO M633 DULEM
KAL659,A333,RKSI,VTBS,2025-12-23T11:35:00Z,380,,RW01,,EAST1D,R01,BUTRA A1 UBL Y20 GRASO Y13 RUKSA
UPS144,B763,WMKP,VTBS,2025-12-23T11:35:00Z,340,,RW01,,LEBI1D,R01,RIGTO M769 LEBIM
VJC904,A21N,VTBS,VVNB,2025-12-23T11:35:00Z,330,RW02R,,UGUV1H,,,UGUVO Y27 PIBAN Y29 PSL W26 CMP R474 VTN
AIQ3414,A320,VTBD,VTCC,2025-12-23T11:40:00Z,320,RW21L,RW36,OLVU3C,MARN2A,R36,OLVUK Y26 MARNI
BKP160,A319,VTSM,VTBS,2025-12-23T11:40:00Z,160,RW35,RW01,OLBA1B,LEBI1D,R01,OLBAG Y17 DONSI M769 LEBIM
BKP171,A319,VTBS,VTSM,2025-12-23T11:40:00Z,150,RW02R,RW17,KASN1H,,R17,KASNI M757 MABKO W33 SMU
BKP177,A319,VTBS,VTSM,2025-12-23T11:40:00Z,310,RW02R,RW17,KASN1H,,R17,KASNI M757 MABKO W33 SMU
MAS775,B738,VTBS,WMKK,2025-12-23T11:40:00Z,350,RW02R,,KASN1H,,,KASNI M757 KARMI
TAX230,A333,VTBD,VIDP,2025-12-23T11:40:00Z,400,RW21L,,PAST3C,,,PASTO L301 TANEK
TLM747,B738,VTSB,VTBD,2025-12-23T11:40:00Z,330,RW04,RW21R,NIXE1D,SABA3A,R21R,NIXET Y99 HOTEL DCT SABAI
UEA2861,A320,ZUTF,VTCC,2025-12-23T11:40:00Z,360,,RW36,,ADLU2A,R36,PONUK A581 ADLUS
AIQ3115,A320,VTSS,VTBD,2025-12-23T11:45:00Z,380,RW26,RW21R,DAND1C,SABA3A,R21R,DANDO M769 GOKEX Y96 EMTIX Y99 HOTEL DCT SABAI
AIQ4114,A320,VTBS,VTSP,2025-12-23T11:45:00Z,360,RW02R,RW09,VANK1H,SAVS1C,,VANKO Y8 SAVSA
AKJ619,B38M,VTSP,VABB,2025-12-23T11:45:00Z,340,RW09,,UBNE1A,,,UBNEN L645 SAPAM
KAC413,B77W,OKKK,VTBS,2025-12-23T11:45:00Z,350,,RW01,,WILA1D,R01,NURDA L524 IBETO
PAL737,A321,VTBS,RPLL,2025-12-23T11:45:00Z,330,RW02R,,GOME1S,,,GOMES B204 AGEDO
THA584,A320,VTBS,VDTI,2025-12-23T11:45:00Z,310,RW02R,,GOME1S,,,GOMES N506 BOKAK
THA625,A21N,RPLL,VTBS,2025-12-23T11:45:00Z,380,,RW01,,TUMG1D,R01,TUPGO M633 DULEM DCT GOMES
VKG2573,A320,VTSP,ESGG,2025-12-23T11:45:00Z,280,RW09,,SATV1A,,,SATVA L759 TAVUN
AIQ4097,A320,VTCC,VTBS,2025-12-23T11:50:00Z,330,RW36,RW01,PANT2C,NORT1D,R01,PANTA Y7 BLAFF DCT NORTA
AMU992,A321,VMMC,VTBS,2025-12-23T11:50:00Z,340,,RW01,,EAST1D,R01,SAV A202 RAMEI W42 PAKRI Y13 RUKSA
AXM892,A20N,WMKK,VTBD,2025-12-23T11:50:00Z,360,,RW21R,,SABA3A,R21R,RIGTO M769 GOKEX Y96 EMTIX Y99 HOTEL
CQH8892,A320,VTBS,ZSPD,2025-12-23T11:50:00Z,330,RW02R,,SELK1H,,,SELKA A1 SANOT Y15 GUROK A202 SAV
CSC3932,A21N,VTSP,ZUTF,2025-12-23T11:50:00Z,350,RW09,,EMRI1A,,,EMRIT Y99 BKK Y27 IBUBU W25 NAN R215 TOMIP
CSN3034,A20N,VTCC,ZGGG,2025-12-23T11:50:00Z,350,RW36,,MONL2C,,,MONLO R207 NAN R215 TOMIP
HGB2295,B39M,VHHH,VTBS,2025-12-23T11:50:00Z,380,,RW01,,EAST1D,R01,SAV A202 RAMEI W42 PAKRI Y13 RUKSA
HVN609,A321,VVTS,VTBS,2025-12-23T11:50:00Z,320,,RW01,,TUMG1D,R01,VAPVU P629 NUGPA
KAL655,A21N,RKSI,VTBS,2025-12-23T11:50:00Z,340,,RW01,,EAST1D,R01,BUTRA A1 UBL Y20 GRASO Y13 RUKSA
RLH5021,B737,ZPJH,VTCC,2025-12-23T11:50:00Z,280,,RW36,,ADLU2A,R36,PONUK A581 ADLUS
THA341,A359,VTBS,OPKC,2025-12-23T11:50:00Z,380,RW02R,,PAST1H,,,PASTO L301 TANEK
THA345,B77W,VTBS,OPLA,2025-12-23T11:50:00Z,340,RW02R,,TARE1H,,,TARED P646 BETNO
THA911,B77W,EGLL,VTBS,2025-12-23T11:50:00Z,350,,RW01,,WILA1D,R01,BETNO P646 TARED
TLM259,B738,WADD,VTBD,2025-12-23T11:50:00Z,340,,RW21R,,SEHN3A,R21R,TIDAR M904 TONIK M644 ALUMO Y12 ALEMI
TLM616,B738,VTBD,VTUD,2025-12-23T11:50:00Z,310,RW21L,RW30,ROBK3C,ANPU1C,R30,ROBKA A1 SELKA Y14 KRT Y23 KKN Y23/Y22
TVJ353,A320,VTSB,VTBS,2025-12-23T11:50:00Z,350,RW04,RW01,NIXE1D,LEBI1D,R01,NIXET Y99 NONEL Y98 LEBIM
TVJ569,A321,RCTP,VTBS,2025-12-23T11:50:00Z,340,,RW01,,EAST1D,R01,BUTRA A1 UBL Y20 GRASO Y13 RUKSA
AIQ3167,A320,VTSP,VTCC,2025-12-23T11:55:00Z,370,RW09,RW36,IGEV1A,MARN2A,R36,IGEVI Y5 EGUBO Y99 BKK Y26 MARNI
CES2071,B738,ZBAD,VTBS,2025-12-23T11:55:00Z,360,,RW01,,NORT1D,R01,VTN R474 CMP W21 NOBER
CSN364,A21N,VTBS,ZGGG,2025-12-23T11:55:00Z,290,RW02R,,SELK1H,,,SELKA A1 SANOT Y15 GUROK A202 SAV
MXD529,B738,VTBD,WMKK,2025-12-23T11:55:00Z,370,RW21L,,KIGO3C,,,KIGOB Y11 PASVA
NOK137,B738,VTCC,VTBD,2025-12-23T11:55:00Z,330,RW36,RW21R,PANT2C,NAKO3A,R21R,PANTA Y7 BLAFF DCT NAKON
QTR835,A388,VTBS,OTHH,2025-12-23T11:55:00Z,380,RW02R,,PAST1H,,,PASTO L301 TANEK
THA137,A320,VTCT,VTBS,2025-12-23T11:55:00Z,350,RW21,RW01,DUBE1B,NORT1D,R01,DUBEN Y28 BLAFF DCT NORTA
THA317,A21N,VTBS,VABB,2025-12-23T11:55:00Z,360,RW02R,,PAST1H,,,PASTO L301 TANEK
AIQ3430,A21N,VTCC,VTBD,2025-12-23T12:00:00Z,350,RW36,RW21R,PANT2C,NAKO3A,R21R,PANTA Y7 BLAFF DCT NAKON
BKP176,AT76,VTSM,VTBS,2025-12-23T12:00:00Z,340,RW35,RW01,OLBA1B,LEBI1D,R01,OLBAG Y17 DONSI M769 LEBIM
BKP403,A319,VTSM,VTSP,2025-12-23T12:00:00Z,140,RW35,RW09,ENRA1B,SAVS1C,,DORNA W32 SAPUD Y8 SAVSA
CCA979,B38M,ZBAA,VTBS,2025-12-23T12:00:00Z,360,,RW01,,NORT1D,R01,VTN R470 UDN W21 NOBER
HSCPG,A320,VTSM,VTBD,2025-12-23T12:00:00Z,320,RW35,RW21R,OLBA1B,SABA3A,R21R,OLBAG Y17 DONSI M769 GOKEX Y96 EMTIX Y99 HOTEL DCT SABAI
TAX611,A333,RJBB,VTBD,2025-12-23T12:00:00Z,400,,RW21R,,ENDU3A,R21R,BUTRA Y16 UPKUP
THA401,A320,VTBS,WSSS,2025-12-23T12:00:00Z,370,RW02R,,BUT1H,,,BUT Y11 PASVA
THA961,A359,ESSA,VTBS,2025-12-23T12:00:00Z,390,,RW01,,WILA1D,R01,BETNO P646 TARED
VJH159,A320,VTSM,OMAD,2025-12-23T12:00:00Z,400,RW35,,RUMV1B,,,RUMVA Y95 IKOGA Y24 PASVA
AIQ3432,A320,VTCC,VTBD,2025-12-23T12:05:00Z,350,RW36,RW21R,PANT2C,NAKO3A,R21R,PANTA Y7 BLAFF DCT NAKON
CSH856,B38M,VTBS,ZSPD,2025-12-23T12:05:00Z,350,RW02R,,SELK1H,,,SELKA A1 SANOT Y15 GUROK A202 SAV
NBT192,A320,VTBS,ESSA,2025-12-23T12:05:00Z,320,RW02R,,TARE1H,,,TARED P646 BETNO
THA120,A320,VTBS,VTCC,2025-12-23T12:05:00Z,340,RW02R,RW36,OLVU1H,MARN2A,R36,OLVUK Y26 MARNI
THA436,A359,WIII,VTBS,2025-12-23T12:05:00Z,400,,RW01,,TUMG1D,R01,ABTOK M644 ALUMO Y12 ALEMI
THA941,A359,LIMC,VTBS,2025-12-23T12:05:00Z,390,,RW01,,WILA1D,R01,BETNO P646 TARED
UAE379,B77W,VTSP,OMDB,2025-12-23T12:05:00Z,340,RW09,,UBNE1A,,,UBNEN L645 SAPAM
AIQ4503,A320,VTBS,VTUK,2025-12-23T12:10:00Z,250,RW02R,RW03,SELK1H,,R03,SELKA Y14 KRT Y23 KKN Y23/Y22
AIQ519,A320,VHHH,VTBD,2025-12-23T12:10:00Z,340,,RW21R,,ENDU3A,R21R,BUTRA Y16 UPKUP
AXM827,A320,VTSP,WMKK,2025-12-23T12:10:00Z,330,RW09,,REBE1A,,,REBED B579 DALAN
BKP184,A319,VTSM,VTBS,2025-12-23T12:10:00Z,160,RW35,RW01,OLBA1B,LEBI1D,R01,OLBAG Y17 DONSI M769 LEBIM
BKP962,A319,WSSS,VTSM,2025-12-23T12:10:00Z,360,,RW17,,,R17,KADAX M626 IKOGA Y95 RUMVA
CHH722,B38M,VTBS,ZJHK,2025-12-23T12:10:00Z,330,RW02R,,SELK1H,,,SELKA A1 SANOT Y15 GUROK A202 SAV
FIN141,A359,EFHK,VTBS,2025-12-23T12:10:00Z,390,,RW01,,WILA1D,R01,BETNO P646 TARED
OMA832,B38M,VTSP,OOMS,2025-12-23T12:10:00Z,320,RW09,,UBNE1A,,,UBNEN L645 SAPAM
PAL732,A321,RPLL,VTBS,2025-12-23T12:10:00Z,340,,RW01,,TUMG1D,R01,TUPGO M633 DULEM DCT GOMES
THA935,B789,EBBR,VTBS,2025-12-23T12:10:00Z,410,,RW01,,WILA1D,R01,BETNO P646 TARED
TVJ344,B38M,VTBS,VTSG,2025-12-23T12:10:00Z,340,RW02R,RW32,VANK1H,NULM1E,R32,VANKO Y8 SAPUD W32 NULMA
AIQ3926,A320,VTCL,VTBD,2025-12-23T12:15:00Z,310,RW18,RW21R,VENA1D,NAKO3A,R21R,VENAG W23 PSL Y28 BLAFF DCT NAKON
AIQ553,A320,ZUCK,VTBD,2025-12-23T12:15:00Z,340,,RW21R,,NAKO3A,R21R,VTN R470 UDN W21 NOBER
BKP191,A319,VTBS,VTSM,2025-12-23T12:15:00Z,330,RW02R,RW17,KASN1H,,R17,KASNI M757 MABKO W33 SMU
CPA702,A333,VTBS,VHHH,2025-12-23T12:15:00Z,370,RW02R,,LIPL1S,,,LIPLI Y16 BUTRA
CQH8755,A21N,ZSPD,VTBS,2025-12-23T12:15:00Z,340,,RW01,,EAST1D,R01,SAV A202 RAMEI W42 PAKRI Y13 RUKSA
CSN8324,A321,VTBS,ZGSZ,2025-12-23T12:15:00Z,330,RW02R,,SELK1H,,,SELKA A1 SANOT Y15 GUROK A202 SAV
GFA153,B789,VTBS,OBBI,2025-12-23T12:15:00Z,320,RW02R,,PAST1H,,,PASTO L301 TANEK
NOK109,B738,VTCT,VTBD,2025-12-23T12:15:00Z,350,RW21,RW21R,DUBE1B,NAKO3A,R21R,DUBEN Y28 BLAFF DCT NAKON
PTW713,AT75,VTBS,VTBU,2025-12-23T12:15:00Z,90,RW02R,RW18,RYN1H,,R18,TUPGO M633 DULEM W42 RYN
TAX607,A333,RJAA,VTBD,2025-12-23T12:15:00Z,380,,RW21R,,ENDU3A,R21R,BUTRA A1 UBL Y20 UBLOD
THA008,A320,VTBS,VTUD,2025-12-23T12:15:00Z,250,RW02R,RW30,SELK1H,ANPU1C,R30,SELKA Y14 KRT Y23 KKN Y23/Y22
THA971,B77W,LSZH,VTBS,2025-12-23T12:15:00Z,370,,RW01,,WILA1D,R01,BETNO P646 TARED
TLM515,B739,VTCC,VTBD,2025-12-23T12:15:00Z,310,RW36,RW21R,PANT2C,NAKO3A,R21R,PANTA Y7 BLAFF DCT NAKON
TLM793,B738,VTSF,VTBD,2025-12-23T12:15:00Z,320,RW01,RW21R,TAWI1A,SABA3A,R21R,NKS Y94 DOXAS M769 GOKEX Y96 EMTIX Y99 HOTEL DCT SABAI
TLM794,B738,VTBD,VTSF,2025-12-23T12:15:00Z,310,RW21L,RW19,KASN3C,,R19,KASNI M757 LOSDA Y94 NKS
UBA017,B738,VYYY,VTBS,2025-12-23T12:15:00Z,350,,RW01,,WILA1D,R01,BETNO G463 TARED
ABY733,A21N,VTSG,OMSJ,2025-12-23T12:20:00Z,360,RW14,,TUNR1G,,,TUNRA W32 TRN W14 HTY A464 KARMI
AIQ130,A320,VTBD,VIJP,2025-12-23T12:20:00Z,320,RW21L,,TARE3C,,,TARED P646 BETNO
AIQ3568,A320,VTBD,VTUV,2025-12-23T12:20:00Z,310,RW21L,RW36,ROBK3C,,R36,ROBKA A1 TOPER W42 RAMEI W38
BKP455,AT76,VTBD,VTSM,2025-12-23T12:20:00Z,150,RW21L,RW17,KASN3C,,R17,KASNI M757 MABKO W33 SMU
BLX455,A320,ESSA,VTSG,2025-12-23T12:20:00Z,410,,RW32,,EMRI1E,R32,IKULA R325 PUT Y99 EMRIT
CSC3772,A20N,VTBS,ZUCK,2025-12-23T12:20:00Z,330,RW02R,,UGUV1H,,,UGUVO Y27 IBUBU W25 NAN R215 TOMIP
CSN361,A21N,ZGGG,VTBS,2025-12-23T12:20:00Z,340,,RW01,,EAST1D,R01,SAV A202 RAMEI W42 PAKRI Y13 RUKSA
KMI803,B734,VDTI,VTBS,2025-12-23T12:20:00Z,320,,RW01,,TUMG1D,R01,VAPVU P629 NUGPA
MMA332,A319,VTBS,VYYY,2025-12-23T12:20:00Z,340,RW02R,,NUNL1S,,,NUNLI L507 LUDVI
THA328,A320,VEGY,VTBS,2025-12-23T12:20:00Z,370,,RW01,,WILA1D,R01,LUDVI L507 IGONI
THA955,A359,ENGM,VTBS,2025-12-23T12:20:00Z,390,,RW01,,WILA1D,R01,BETNO P646 TARED
TLM761,B738,VTSP,VTBD,2025-12-23T12:20:00Z,330,RW09,RW21R,IGEV1A,SABA3A,R21R,IGEVI Y5 EGUBO Y99 HOTEL DCT SABAI
TLM813,B738,VTSG,VTBD,2025-12-23T12:20:00Z,330,RW14,RW21R,OSPE1G,SABA3A,R21R,OSPEX Y99 HOTEL DCT SABAI
TVJ308,A321,VTBS,VTSP,2025-12-23T12:20:00Z,340,RW02R,RW09,VANK1H,SAVS1C,,VANKO Y8 SAVSA
AIQ144,A320,VTBD,VAAH,2025-12-23T12:25:00Z,310,RW21L,,TARE3C,,,TARED P646 BETNO
AIQ3110,A320,VTBD,VTSS,2025-12-23T12:25:00Z,350,RW21L,RW26,KASN3C,OBLE1A,R26,KASNI M757 OBLEX
AIQ3252,A320,VTBD,VTUK,2025-12-23T12:25:00Z,270,RW21L,RW03,ROBK3C,,R03,ROBKA A1 SELKA Y14 KRT Y23 KKN Y23/Y22
AWQ257,A320,VTBD,WIII,2025-12-23T12:25:00Z,350,RW21L,,KIGO3C,,,KIGOB Y11 PASVA
FDX6002,B763,VTBS,VVNB,2025-12-23T12:25:00Z,350,RW02R,,UGUV1H,,,UGUVO Y27 PIBAN Y29 PSL W26 CMP R474 VTN
HVN617,A321,VVNB,VTBS,2025-12-23T12:25:00Z,320,,RW01,,NORT1D,R01,VTN R470 UDN W21 NOBER
TGW614,E290,WSSS,VTBS,2025-12-23T12:25:00Z,380,,RW01,,TUMG1D,R01,ABTOK M644 ALUMO Y12 ALEMI
THA218,A320,VTSP,VTBS,2025-12-23T12:25:00Z,350,RW09,RW01,EMRI1A,LEBI1D,R01,EMRIT Y99 NONEL Y98 LEBIM
TLM675,B738,VTUW,VTBD,2025-12-23T12:25:00Z,320,RW15,RW21R,OMNI,ENDU3A,R21R,Y22/Y23 KKN Y23 KRT Y20 UBLOD DCT ENDUU
TWB105,A320,RKTN,VTBS,2025-12-23T12:25:00Z,340,,RW01,,EAST1D,R01,BUTRA A1 UBL Y20 GRASO Y13 RUKSA
AIQ254,A320,VYYY,VTBD,2025-12-23T12:30:00Z,330,,RW21R,,WEHA3A,R21R,BETNO P646 TARED
BKP174,A319,VTSM,VTBS,2025-12-23T12:30:00Z,300,RW35,RW01,OLBA1B,LEBI1D,R01,OLBAG Y17 DONSI M769 LEBIM
CCA960,B38M,VTBS,ZBAA,2025-12-23T12:30:00Z,370,RW02R,,UGUV1H,,,UGUVO Y27 PIBAN Y29 PSL W26 CMP W21 UDN R470 VTN
HVN618,A321,VTBS,VVNB,2025-12-23T12:30:00Z,330,RW02R,,UGUV1H,,,UGUVO Y27 PIBAN Y29 PSL W26 CMP R474 VTN
KNA8370,A320,VTBS,ZPPP,2025-12-23T12:30:00Z,330,RW02R,,UGUV1H,,,UGUVO Y27 IKISU W22 CTR A581 PONUK
MTL084,E135,VTUO,VTBD,2025-12-23T12:30:00Z,200,RW22,RW21R,OMNI,ENDU3A,R21R,W38 RAMEI Y20 UBLOD DCT ENDUU
NOK605,B738,VTSE,VTBD,2025-12-23T12:30:00Z,290,RW06,RW21R,OMNI,SABA3A,R21R,CPN W34 MENEX W42 EGUBO Y99 HOTEL DCT SABAI
THA304,A320,VYYY,VTBS,2025-12-23T12:30:00Z,310,,RW01,,WILA1D,R01,BETNO G463 TARED
THA425,A320,VTBS,WMKP,2025-12-23T12:30:00Z,350,RW02R,,KASN1H,,,KASNI M757 OBLEX Y10 HTY A457 TAMOS
THY58,A333,LTFM,VTBS,2025-12-23T12:30:00Z,350,,RW01,,WILA1D,R01,LUDVI L507 IGONI
TLM719,B738,VTSS,VTBD,2025-12-23T12:30:00Z,360,RW26,RW21R,DAND1C,SABA3A,R21R,DANDO M769 GOKEX Y96 EMTIX Y99 HOTEL DCT SABAI
TLM764,B738,VTBD,VTSP,2025-12-23T12:30:00Z,320,RW21L,RW09,SABI3C,SAVS1C,,SABIS Y8 SAVSA
TLM933,B738,ZUTF,VTBD,2025-12-23T12:30:00Z,360,,RW21R,,NAKO3A,R21R,YAKUA B346 NOBER
AIQ3075,A320,VTSG,VTCC,2025-12-23T12:35:00Z,380,RW14,RW36,OSPE1G,MARN2A,R36,OSPEX Y99 BKK Y26 MARNI
AIQ3327,A320,VTBD,VTSB,2025-12-23T12:35:00Z,320,RW21L,RW22,SABI3C,IKER1A,R22,SABIS Y8 IKERA
BKP219,A319,VTBS,VTCC,2025-12-23T12:35:00Z,340,RW02R,RW36,OLVU1H,MARN2A,R36,OLVUK Y26 MARNI
CES5094,B738,VTSP,ZPPP,2025-12-23T12:35:00Z,350,RW09,,EMRI1A,,,EMRIT Y99 BKK B346 YAKUA
HVN606,A321,VTBS,VVTS,2025-12-23T12:35:00Z,310,RW02R,,GOME1S,,,GOMES N506 BOKAK
NOK533,B738,VTSP,VTBD,2025-12-23T12:35:00Z,390,RW09,RW21R,IGEV1A,SABA3A,R21R,IGEVI Y5 EGUBO Y99 HOTEL DCT SABAI
THA925,A359,EDDM,VTBS,2025-12-23T12:35:00Z,410,,RW01,,WILA1D,R01,BETNO P646 TARED
TLM520,B739,VTBD,VTCC,2025-12-23T12:35:00Z,320,RW21L,RW36,OLVU3C,MARN2A,R36,OLVUK Y26 MARNI
AIQ3182,A20N,VTBD,VTSF,2025-12-23T12:40:00Z,330,RW21L,RW19,KASN3C,,R19,KASNI M757 LOSDA Y94 NKS
AIQ3351,A320,VTUD,VTBD,2025-12-23T12:40:00Z,300,RW12,RW21R,ANPU1B,ENDU3A,R21R,Y22/Y23 KKN Y23 KRT Y20 UBLOD DCT ENDUU
AIQ3557,A320,VTCN,VTBD,2025-12-23T12:40:00Z,330,RW02,RW21R,OMNI,NAKO3A,R21R,W29 PSL Y28 BLAFF DCT NAKON
AXM889,A320,VTBD,WMKK,2025-12-23T12:40:00Z,350,RW21L,,KIGO3C,,,KIGOB Y11 PASVA
BKP166,A319,VTSM,VTBS,2025-12-23T12:40:00Z,320,RW35,RW01,OLBA1B,LEBI1D,R01,OLBAG Y17 DONSI M769 LEBIM
BKP279,A319,VTBS,VTSP,2025-12-23T12:40:00Z,360,RW02R,RW09,VANK1H,SAVS1C,,VANKO Y8 SAVSA
CSC3929,A21N,ZUTF,VTSP,2025-12-23T12:40:00Z,320,,RW09,,IGEV1C,,VTN R470 ELNET
HKE755,A21N,VTCC,VHHH,2025-12-23T12:40:00Z,370,RW36,,MONL2C,,,MONLO W12 NAN R215 TOMIP
TLM544,B738,VTBD,VTCT,2025-12-23T12:40:00Z,360,RW21L,RW03,UGUV3C,,R03,UGUVO Y27 IKISU W22 BENVI
TLM762,B739,VTBD,VTSP,2025-12-23T12:40:00Z,340,RW21L,RW09,SABI3C,SAVS1C,,SABIS Y8 SAVSA
TLM8823,B738,ZGDY,VTBD,2025-12-23T12:40:00Z,360,,RW21R,,NAKO3A,R21R,VTN CMP W21 NOBER
AIQ1039,A320,VLLB,VTBD,2025-12-23T12:45:00Z,380,,RW21R,,NAKO3A,R21R,VTN R474 CMP W21 NOBER
AIQ3118,A320,VTBD,VTSS,2025-12-23T12:45:00Z,350,RW21L,RW26,KASN3C,OBLE1A,R26,KASNI M757 OBLEX
AIQ3216,A21N,VTSG,VTBD,2025-12-23T12:45:00Z,370,RW14,RW21R,OSPE1G,SABA3A,R21R,OSPEX Y99 HOTEL DCT SABAI
AIQ639,A320,VVDN,VTBD,2025-12-23T12:45:00Z,320,,RW21R,,ENDU3A,R21R,BUTRA A1 UBL Y20 UBLOD
AIQ658,A320,VTBD,VVTS,2025-12-23T12:45:00Z,330,RW21L,,GORS3C,,,GORSI N506 BOKAK
BKP193,AT76,VTBS,VTSM,2025-12-23T12:45:00Z,310,RW02R,RW17,KASN1H,,R17,KASNI M757 MABKO W33 SMU
BKP258,AT76,VTSP,VTSM,2025-12-23T12:45:00Z,150,RW09,RW17,EMRI1A,,R17,EMRIT Y99 AKVUG Y93 SMU
EVA205,B78X,RCTP,VTBS,2025-12-23T12:45:00Z,380,,RW01,,EAST1D,R01,BUTRA A1 UBL Y20 GRASO Y13 RUKSA
HKE713,A21N,VTBS,VHHH,2025-12-23T12:45:00Z,370,RW02R,,LIPL1S,,,LIPLI Y16 BUTRA
TGW649,E290,VTSM,WSSS,2025-12-23T12:45:00Z,390,RW35,,RUMV1B,,,RUMVA Y95 IKOGA Y24 PASVA
THA046,A21N,VTBS,VTUK,2025-12-23T12:45:00Z,250,RW02R,RW03,SELK1H,,R03,SELKA Y14 KRT Y23 KKN Y23/Y22
THA921,B77W,EDDF,VTBS,2025-12-23T12:45:00Z,350,,RW01,,WILA1D,R01,BETNO P646 TARED
AIQ3210,A320,VTCT,VTBD,2025-12-23T12:50:00Z,370,RW21,RW21R,DUBE1B,NAKO3A,R21R,DUBEN Y28 BLAFF DCT NAKON
AIQ3227,A320,VTBD,VTSG,2025-12-23T12:50:00Z,360,RW21L,RW32,SABI3C,NULM1E,R32,SABIS Y8 SAPUD W32 NULMA
AIQ3257,A21N,VTUK,VTBD,2025-12-23T12:50:00Z,240,RW21,RW21R,EMRU1B,ENDU3A,R21R,Y22/Y23 KKN Y23 KRT Y20 UBLOD DCT ENDUU
AIQ3307,A320,VTPP,VTBD,2025-12-23T12:50:00Z,230,RW32,RW21R,PEBL1B,NAKO3A,R21R,PEBLI Y28 BLAFF DCT NAKON
AIQ350,A320,WSSS,VTBD,2025-12-23T12:50:00Z,360,,RW21R,,SEHN3A,R21R,ABTOK M644 ALUMO Y12 ALEMI
BKP278,A320,VTSP,VTBS,2025-12-23T12:50:00Z,370,RW09,RW01,EMRI1A,LEBI1D,R01,EMRIT Y99 NONEL Y98 LEBIM
BKP935,A319,VTBS,VDTI,2025-12-23T12:50:00Z,170,RW02R,,GOME1S,,,GOMES N506 BOKAK
NOK328,B738,VTBD,VTUU,2025-12-23T12:50:00Z,330,RW21L,RW05,ROBK3C,VENP1C,R05,ROBKA A1
THA951,B77W,EKCH,VTBS,2025-12-23T12:50:00Z,370,,RW01,,WILA1D,R01,BETNO P646 TARED
TVJ215,B38M,VTUK,VTBS,2025-12-23T12:50:00Z,260,RW21,RW01,EMRU1B,EAST1D,R01,Y22/Y23 KKN Y23 KRT Y20 UBLOD DCT EASTE
UAE370,B77W,VTBS,VDSA,2025-12-23T12:50:00Z,290,RW02R,,GOME1S,,,GOMES N506 BOKAK
AIQ3031,A320,VTBD,VTSP,2025-12-23T12:55:00Z,340,RW21L,RW09,SABI3C,SAVS1C,,SABIS Y8 SAVSA
AIQ3109,A320,VTSS,VTBD,2025-12-23T12:55:00Z,380,RW26,RW21R,DAND1C,SABA3A,R21R,DANDO M769 GOKEX Y96 EMTIX Y99 HOTEL DCT SABAI
CSH840,B38M,VTBS,ZSPD,2025-12-23T12:55:00Z,350,RW02R,,SELK1H,,,SELKA A1 SANOT Y15 GUROK A202 SAV
TGW629,E290,VTSP,WSSS,2025-12-23T12:55:00Z,350,RW09,,EPGO1A,,,EPGOT W14 HTY A334 PASVA
TVJ2305,B38M,VTSP,VTBS,2025-12-23T12:55:00Z,330,RW09,RW01,EMRI1A,LEBI1D,R01,EMRIT Y99 NONEL Y98 LEBIM
TVJ723,B38M,VDTI,VTBS,2025-12-23T12:55:00Z,320,,RW01,,TUMG1D,R01,VAPVU P629 NUGPA
VJC1962,A321,VTBS,VVDN,2025-12-23T12:55:00Z,330,RW02R,,LIPL1S,,,LIPLI Y16 BUTRA
AET03,A320,VTUD,VTBD,2025-12-23T13:00:00Z,220,RW12,RW21R,ANPU1B,ENDU3A,R21R,Y22/Y23 KKN Y23 KRT Y20 UBLOD DCT ENDUU
AIQ3010,A320,VTSP,VTBD,2025-12-23T13:00:00Z,390,RW09,RW21R,IGEV1A,SABA3A,R21R,IGEVI Y5 EGUBO Y99 HOTEL DCT SABAI
AIQ3027,A320,VTBD,VTSP,2025-12-23T13:00:00Z,360,RW21L,RW09,SABI3C,SAVS1C,,SABIS Y8 SAVSA
AIQ3234,A20N,VTSB,VTBD,2025-12-23T13:00:00Z,350,RW04,RW21R,NIXE1D,SABA3A,R21R,NIXET Y99 HOTEL DCT SABAI
AIQ4353,A320,VTUD,VTBS,2025-12-23T13:00:00Z,300,RW12,RW01,ANPU1B,EAST1D,R01,Y22/Y23 KKN Y23 KRT Y20 UBLOD DCT EASTE
AZV2948,A320,VTSP,UNAA,2025-12-23T13:00:00Z,330,RW09,,EMRI1A,,,EMRIT Y99 BKK Y27 IKISU W22 CTR A581 PONUK
DKH1357,A320,ZSPD,VTBS,2025-12-23T13:00:00Z,300,,RW01,,EAST1D,R01,SAV A202 RAMEI W42 PAKRI Y13 RUKSA
SIA713,B78X,VTBS,WSSS,2025-12-23T13:00:00Z,390,RW02R,,BUT1H,,,BUT Y11 PASVA
THA315,A333,VTBS,VIDP,2025-12-23T13:00:00Z,380,RW02R,,TARE1H,,,TARED P646 BETNO
THA410,A359,WSSS,VTBS,2025-12-23T13:00:00Z,380,,RW01,,TUMG1D,R01,ABTOK M644 ALUMO Y12 ALEMI
TVJ3680,B38M,VTBS,ZUTF,2025-12-23T13:00:00Z,330,RW02R,,UGUV1H,,,UGUVO Y27 IBUBU W25 NAN R215 TOMIP
TVJ570,B38M,VTBS,RCTP,2025-12-23T13:00:00Z,330,RW02R,,LIPL1S,,,LIPLI Y16 BUTRA
UAE385,A388,VHHH,VTBS,2025-12-23T13:00:00Z,380,,RW01,,EAST1D,R01,SAV A202 RAMEI W42 PAKRI Y13 RUKSA
AIQ618,A320,VTBD,VDSA,2025-12-23T13:05:00Z,370,RW21L,,GORS3C,,,GORSI N506 GOMES B204 AGEDO
CDG4079,B738,ZSQD,VTBS,2025-12-23T13:05:00Z,360,,RW01,,NORT1D,R01,VTN R470 UDN W21 NOBER
CES9621,B738,ZPPP,VTBS,2025-12-23T13:05:00Z,340,,RW01,,NORT1D,R01,VTN R470 UDN W21 NOBER
CSH849,B38M,ZSPD,VTBS,2025-12-23T13:05:00Z,340,,RW01,,EAST1D,R01,SAV A202 RAMEI W42 PAKRI Y13 RUKSA
KLM841,B77W,EHAM,VTBS,2025-12-23T13:05:00Z,390,,RW01,,WILA1D,R01,BETNO P646 TARED
MAS781,B38M,VTBS,WMKK,2025-12-23T13:05:00Z,390,RW02R,,KASN1H,,,KASNI M757 KARMI
OMA816,B789,VTBS,OOMS,2025-12-23T13:05:00Z,320,RW02R,,PAST1H,,,PASTO L301 TANEK
TLM724,B738,VTBD,VTSS,2025-12-23T13:05:00Z,350,RW21L,RW26,KASN3C,OBLE1A,R26,KASNI M757 OBLEX
VJC806,A320,VTBS,VVTS,2025-12-23T13:05:00Z,350,RW02R,,GOME1S,,,GOMES N506 BOKAK
AIQ140,A20N,VTBD,VCBI,2025-12-23T13:10:00Z,320,RW21L,,PAST3C,,,PASTO L301 TANEK
AIQ3246,A320,VTST,VTBD,2025-12-23T13:10:00Z,370,RW08,RW21R,,SABA3A,R21R,TRN W24 BITEN Y99 HOTEL DCT SABAI
AIQ3395,A20N,VTUW,VTBD,2025-12-23T13:10:00Z,360,RW15,RW21R,OMNI,ENDU3A,R21R,Y22/Y23 KKN Y23 KRT Y20 UBLOD DCT ENDUU
AIQ3440,A21N,VTCC,VTBD,2025-12-23T13:10:00Z,350,RW36,RW21R,PANT2C,NAKO3A,R21R,PANTA Y7 BLAFF DCT NAKON
AIQ4419,A320,VTBS,VTSP,2025-12-23T13:10:00Z,340,RW02R,RW09,VANK1H,SAVS1C,,VANKO Y8 SAVSA
SBI6262,B738,VTBS,UHWW,2025-12-23T13:10:00Z,350,RW02R,,NOBE1S,,,NOBER W21 UDN R470 VTN
THA557,A320,VVTS,VTBS,2025-12-23T13:10:00Z,360,,RW01,,TUMG1D,R01,VAPVU P629 NUGPA
TVJ750,B38M,VTBS,VAAH,2025-12-23T13:10:00Z,320,RW02R,,PAST1H,,,PASTO L301 TANEK
MMA372,A320,VYYY,VTBS,2025-12-23T13:15:00Z,330,,RW01,,WILA1D,R01,BETNO G463 TARED
MXD523,B738,VTBD,WMKK,2025-12-23T13:15:00Z,290,RW21L,,KIGO3C,,,KIGOB Y11 PASVA
SIA739,B38M,VTSP,WSSS,2025-12-23T13:15:00Z,350,RW09,,EPGO1A,,,EPGOT W14 HTY A334 PASVA
TGW617,E290,VTBS,WSSS,2025-12-23T13:15:00Z,410,RW02R,,BUT1H,,,BUT Y11 PASVA
THA574,A320,VTBS,VLVT,2025-12-23T13:15:00Z,290,RW02R,,NOBE1S,,,NOBER W21 UDN R470 VTN
AIQ3427,A21N,VTBD,VTCC,2025-12-23T13:20:00Z,340,RW21L,RW36,OLVU3C,MARN2A,R36,OLVUK Y26 MARNI
BKP188,AT76,VTSM,VTBS,2025-12-23T13:20:00Z,320,RW35,RW01,OLBA1B,LEBI1D,R01,OLBAG Y17 DONSI M769 LEBIM
SAS975,A320,EKCH,VTBS,2025-12-23T13:20:00Z,410,,RW01,,WILA1D,R01,BETNO P646 TARED
TGW653,A20N,VTSP,WSSS,2025-12-23T13:20:00Z,350,RW09,,EPGO1A,,,EPGOT W14 HTY A334 PASVA
THA250,A320,VTSG,VTBS,2025-12-23T13:20:00Z,370,RW14,RW01,OSPE1G,LEBI1D,R01,OSPEX Y99 NONEL Y98 LEBIM
TLM395,B738,RCTP,VTBD,2025-12-23T13:20:00Z,340,,RW21R,,ENDU3A,R21R,BUTRA A1 UBL Y20 UBLOD
TOM086,A320,EGKK,VTSP,2025-12-23T13:20:00Z,390,,RW09,,SATV1C,,TAVUN L759 SATVA
TVJ3524,B38M,VTBS,ZSPD,2025-12-23T13:20:00Z,370,RW02R,,SELK1H,,,SELKA A1 SANOT Y15 GUROK A202 SAV
MXD543,B738,VTSP,WMKK,2025-12-23T13:25:00Z,270,RW09,,REBE1A,,,REBED B579 DALAN
THA565,A320,VVNB,VTBS,2025-12-23T13:25:00Z,380,,RW01,,NORT1D,R01,VTN R470 UDN W21 NOBER
AIQ3415,A320,VTCC,VTBD,2025-12-23T13:30:00Z,370,RW36,RW21R,PANT2C,NAKO3A,R21R,PANTA Y7 BLAFF DCT NAKON
AIQ4409,A320,VTSG,VTBS,2025-12-23T13:30:00Z,370,RW14,RW01,OSPE1G,LEBI1D,R01,OSPEX Y99 NONEL Y98 LEBIM
BKP178,A319,VTSM,VTBS,2025-12-23T13:30:00Z,320,RW35,RW01,OLBA1B,LEBI1D,R01,OLBAG Y17 DONSI M769 LEBIM
CSZ308,A20N,VTBS,ZGSZ,2025-12-23T13:30:00Z,330,RW02R,,SELK1H,,,SELKA A1 SANOT Y15 GUROK A202 SAV
DQA2343,A320,VTBS,VRMM,2025-12-23T13:30:00Z,360,RW02R,,TARE1H,,,TARED P646 BETNO
LKY04,C130,VTBD,VTUW,2025-12-23T13:30:00Z,210,RW21L,RW15,ROBK3C,,R15,ROBKA A1 SELKA Y14 KRT Y23 KKN Y23/Y22
QTR829,A359,VTBS,OTHH,2025-12-23T13:30:00Z,300,RW02R,,PAST1H,,,PASTO L301 TANEK
QTR847,B788,VTSP,OTHH,2025-12-23T13:30:00Z,340,RW09,,UBNE1A,,,UBNEN L645 SAPAM
THA462,A320,YMML,VTBS,2025-12-23T13:30:00Z,400,,RW01,,TUMG1D,R01,TIDAR M904 TONIK M644 ALUMO Y12 ALEMI
THA901,A359,LTFM,VTBS,2025-12-23T13:30:00Z,410,,RW01,,WILA1D,R01,LUDVI L507 IGONI
TLM105,B739,WSSS,VTBD,2025-12-23T13:30:00Z,360,,RW21R,,SEHN3A,R21R,ABTOK M644 ALUMO Y12 ALEMI
AIC2377,A20N,VTSP,VIDP,2025-12-23T13:31:00Z,280,RW09,,SATV1A,,,SATVA L759 TAVUN
AIQ170,A20N,VTBD,VOCI,2025-12-23T13:35:00Z,340,RW21L,,PAST3C,,,PASTO L301 TANEK
BKP298,AT76,VTSP,VTSS,2025-12-23T13:35:00Z,150,RW09,RW26,EPGO1A,PADP1A,R26,EPGOT W14 PADPA
KNA8368,A320,VTBS,ZPPP,2025-12-23T13:35:00Z,310,RW02R,,UGUV1H,,,UGUVO Y27 IKISU W22 CTR A581 PONUK
OMS465,A21N,OOMS,VTBS,2025-12-23T13:35:00Z,370,,RW01,,WILA1D,R01,PUMOR L877 MIGAR L524 IBETO
TLM617,B738,VTUD,VTBD,2025-12-23T13:35:00Z,300,RW12,RW21R,ANPU1B,ENDU3A,R21R,Y22/Y23 KKN Y23 KRT Y20 UBLOD DCT ENDUU
TLM717,B739,VTSS,VTBD,2025-12-23T13:35:00Z,320,RW26,RW21R,DAND1C,SABA3A,R21R,DANDO M769 GOKEX Y96 EMTIX Y99 HOTEL DCT SABAI
TVJ2106,A321,VTBS,VTCC,2025-12-23T13:35:00Z,340,RW02R,RW36,OLVU1H,MARN2A,R36,OLVUK Y26 MARNI
ETD407,A35K,VTBS,OMAA,2025-12-23T13:40:00Z,280,RW02R,,PAST1H,,,PASTO L301 TANEK
KQA887,B788,ZGGG,VTBS,2025-12-23T13:40:00Z,400,,RW01,,EAST1D,R01,SAV A202 RAMEI W42 PAKRI Y13 RUKSA
THA268,A320,VTSS,VTBS,2025-12-23T13:40:00Z,360,RW26,RW01,DAND1C,LEBI1D,R01,DANDO M769 LEBIM
AIQ4096,A320,VTBS,VTCC,2025-12-23T13:45:00Z,320,RW02R,RW36,OLVU1H,MARN2A,R36,OLVUK Y26 MARNI
AXM8568,A321,VTSP,WMKK,2025-12-23T13:45:00Z,370,RW09,,REBE1A,,,REBED B579 DALAN
BKP172,A319,VTSM,VTBS,2025-12-23T13:45:00Z,180,RW35,RW01,OLBA1B,LEBI1D,R01,OLBAG Y17 DONSI M769 LEBIM
BKP908,AT76,VDSA,VTBS,2025-12-23T13:45:00Z,180,,RW01,,TUMG1D,R01,BOKAK B205 OLDIR P629 NUGPA
JYH1229,B738,ZSQZ,VTBS,2025-12-23T13:45:00Z,340,,RW01,,EAST1D,R01,SAV A202 RAMEI W42 PAKRI Y13 RUKSA
LAO446,AJ27,VTBS,VLVT,2025-12-23T13:45:00Z,310,RW02R,,NOBE1S,,,NOBER W21 UDN R470 VTN
MMA351,A320,VTBS,VYYY,2025-12-23T13:45:00Z,340,RW02R,,NUNL1S,,,NUNLI L507 LUDVI
NOK140,B738,VTBD,VTCC,2025-12-23T13:45:00Z,320,RW21L,RW36,OLVU3C,MARN2A,R36,OLVUK Y26 MARNI
TLM926,B738,VTBD,ZSPD,2025-12-23T13:45:00Z,350,RW21L,,NOBE4C,,,NOBER W21 CMP R474 VTN
AIQ3013,A320,VTBD,VTSP,2025-12-23T13:50:00Z,360,RW21L,RW09,SABI3C,SAVS1C,,SABIS Y8 SAVSA
AIQ3372,A320,VTBD,VTUU,2025-12-23T13:50:00Z,330,RW21L,RW05,ROBK3C,VENP1C,R05,ROBKA A1
CEB874,A21N,RPLL,VTCC,2025-12-23T13:50:00Z,320,,RW36,,MONL2A,R36,VTN R207 MONLO
CSC3937,A21N,ZUTF,VTBS,2025-12-23T13:50:00Z,320,,RW01,,NORT1D,R01,VTN R474 CMP W21 NOBER
ETH629,B77L,WIII,VTBS,2025-12-23T13:50:00Z,400,,RW01,,TUMG1D,R01,ABTOK M644 ALUMO Y12 ALEMI
MMA353,B734,VTBS,VYYY,2025-12-23T13:50:00Z,300,RW02R,,NUNL1S,,,NUNLI L507 LUDVI
VTKOL,A320,VTSP,VECC,2025-12-23T13:50:00Z,360,RW09,,SATV1A,,,SATVA L759 TAVUN
AIQ4102,A320,VTBS,VTCC,2025-12-23T13:55:00Z,340,RW02R,RW36,OLVU1H,MARN2A,R36,OLVUK Y26 MARNI
AWQ258,A320,WIII,VTBD,2025-12-23T13:55:00Z,360,,RW21R,,SEHN3A,R21R,ABTOK M644 RYN
BKP263,A319,VTBS,VTSG,2025-12-23T13:55:00Z,380,RW02R,RW32,VANK1H,NULM1E,R32,VANKO Y8 SAPUD W32 NULMA
CCA805,B38M,ZSPD,VTBS,2025-12-23T13:55:00Z,340,,RW01,,EAST1D,R01,SAV A202 RAMEI W42 PAKRI Y13 RUKSA
CFG2368,A339,EDDF,VTSP,2025-12-23T13:55:00Z,410,,RW09,,SATV1C,,TAVUN L759 SATVA
RLH5022,B737,VTCC,ZPJH,2025-12-23T13:55:00Z,290,RW36,,MONL2C,,,MONLO R207 IKISU W22 CTR A581 PONUK
THA009,A320,VTUD,VTBS,2025-12-23T13:55:00Z,280,RW12,RW01,ANPU1B,EAST1D,R01,Y22/Y23 KKN Y23 KRT Y20 UBLOD DCT EASTE
THA343,A21N,VTBS,VAAH,2025-12-23T13:55:00Z,320,RW02R,,PAST1H,,,PASTO L301 TANEK
THA585,A320,VDTI,VTBS,2025-12-23T13:55:00Z,300,,RW01,,TUMG1D,R01,VAPVU P629 NUGPA
TLM218,B738,VTBD,VABB,2025-12-23T13:55:00Z,340,RW21L,,TARE3C,,,TARED P646 BETNO
AIQ3253,A320,VTUK,VTBD,2025-12-23T14:00:00Z,280,RW21,RW21R,EMRU1B,ENDU3A,R21R,Y22/Y23 KKN Y23 KRT Y20 UBLOD DCT ENDUU
AIQ3425,A20N,VTBD,VTCC,2025-12-23T14:00:00Z,320,RW21L,RW36,OLVU3C,MARN2A,R36,OLVUK Y26 MARNI
AIQ4504,A320,VTUK,VTBS,2025-12-23T14:00:00Z,260,RW21,RW01,EMRU1B,EAST1D,R01,Y22/Y23 KKN Y23 KRT Y20 UBLOD DCT EASTE
CES2803,B738,ZSNJ,VTBS,2025-12-23T14:00:00Z,340,,RW01,,EAST1D,R01,SAV A202 RAMEI W42 PAKRI Y13 RUKSA
ETD413,B789,VTSP,OMAA,2025-12-23T14:00:00Z,320,RW09,,UBNE1A,,,UBNEN L645 SAPAM
HSKVS,A320,VMMC,VTBD,2025-12-23T14:00:00Z,430,,RW21R,,ENDU3A,R21R,SAV A202 RAMEI Y20 UBLOD
IGO1056,A21N,VTBS,VOBL,2025-12-23T14:00:00Z,360,RW02R,,PAST1H,,,PASTO L301 TANEK
LOT6511,A320,EPWA,VTSP,2025-12-23T14:00:00Z,390,,RW09,,SATV1C,,TAVUN L759 SATVA
MAS796,B738,WMKK,VTBS,2025-12-23T14:00:00Z,380,,RW01,,LEBI1D,R01,RIGTO M769 LEBIM
TVJ2308,B38M,VTBS,VTSP,2025-12-23T14:00:00Z,340,RW02R,RW09,VANK1H,SAVS1C,,VANKO Y8 SAVSA
AIQ118,A320,VTBD,VOHS,2025-12-23T14:05:00Z,320,RW21L,,TARE3C,,,TARED P646 BETNO
AIQ158,A320,VTSS,VTCC,2025-12-23T14:05:00Z,360,RW26,RW36,DAND1C,MARN2A,R36,DANDO M769 BKK Y26 MARNI
AIQ3356,A320,VTBD,VTUD,2025-12-23T14:05:00Z,290,RW21L,RW30,ROBK3C,ANPU1C,R30,ROBKA A1 SELKA Y14 KRT Y23 KKN Y23/Y22
AIQ3563,A320,VTUV,VTBD,2025-12-23T14:05:00Z,280,RW18,RW21R,ANKI1A,ENDU3A,R21R,W38 RAMEI Y20 UBLOD DCT ENDUU
AIQ3569,A320,VTUV,VTBD,2025-12-23T14:05:00Z,300,RW18,RW21R,ANKI1A,ENDU3A,R21R,W38 RAMEI Y20 UBLOD DCT ENDUU
AIQ4115,A320,VTSP,VTBS,2025-12-23T14:05:00Z,370,RW09,RW01,EMRI1A,LEBI1D,R01,EMRIT Y99 NONEL Y98 LEBIM
CES9614,B738,VTBS,ZPPP,2025-12-23T14:05:00Z,350,RW02R,,UGUV1H,,,UGUVO Y27 IKISU W22 CTR A581 PONUK
CRK779,A320,VHHH,VTBS,2025-12-23T14:05:00Z,380,,RW01,,EAST1D,R01,SAV A202 RAMEI W42 PAKRI Y13 RUKSA
THA121,A320,VTCC,VTBS,2025-12-23T14:05:00Z,350,RW36,RW01,PANT2C,NORT1D,R01,PANTA Y7 BLAFF DCT NORTA
THA418,B788,WMKK,VTBS,2025-12-23T14:05:00Z,430,,RW01,,LEBI1D,R01,RIGTO M769 LEBIM
TLM371,B738,VMMC,VTBD,2025-12-23T14:05:00Z,340,,RW21R,,ENDU3A,R21R,SAV A202 RAMEI Y20 UBLOD
AIQ645,A320,VVNB,VTBD,2025-12-23T14:10:00Z,340,,RW21R,,NAKO3A,R21R,VTN R470 UDN W21 NOBER
CPA617,A333,VHHH,VTBS,2025-12-23T14:10:00Z,400,,RW01,,EAST1D,R01,SAV A202 RAMEI W42 PAKRI Y13 RUKSA
SIA719,B78X,VTBS,WSSS,2025-12-23T14:10:00Z,390,RW02R,,BUT1H,,,BUT Y11 PASVA
TVJ345,B38M,VTSG,VTBS,2025-12-23T14:10:00Z,370,RW14,RW01,OSPE1G,LEBI1D,R01,OSPEX Y99 NONEL Y98 LEBIM
AFR196,A359,LFPG,VTBS,2025-12-23T14:15:00Z,370,,RW01,,WILA1D,R01,BETNO P646 TARED
AIQ3015,A320,VTBD,VTSP,2025-12-23T14:15:00Z,360,RW21L,RW09,SABI3C,SAVS1C,,SABIS Y8 SAVSA
AIQ3112,A320,VTBD,VTSS,2025-12-23T14:15:00Z,370,RW21L,RW26,KASN3C,OBLE1A,R26,KASNI M757 OBLEX
AIQ3205,A21N,VTBD,VTCT,2025-12-23T14:15:00Z,340,RW21L,RW03,UGUV3C,,R03,UGUVO Y27 IKISU W22 BENVI
BKP180,A319,VTSM,VTBS,2025-12-23T14:15:00Z,300,RW35,RW01,OLBA1B,LEBI1D,R01,OLBAG Y17 DONSI M769 LEBIM
CQH8934,A20N,VTCC,ZGGG,2025-12-23T14:15:00Z,350,RW36,,MONL2C,,,MONLO R207 NAN R215 TOMIP
CXA843,B738,ZSAM,VTBS,2025-12-23T14:15:00Z,340,,RW01,,EAST1D,R01,SAV A202 RAMEI W42 PAKRI Y13 RUKSA
HGB295,B39M,VHHH,VTBS,2025-12-23T14:15:00Z,340,,RW01,,EAST1D,R01,SAV A202 RAMEI W42 PAKRI Y13 RUKSA
HVN608,A321,VTBS,VVTS,2025-12-23T14:15:00Z,330,RW02R,,GOME1S,,,GOMES N506 BOKAK
THA047,A21N,VTUK,VTBS,2025-12-23T14:15:00Z,240,RW21,RW01,EMRU1B,EAST1D,R01,Y22/Y23 KKN Y23 KRT Y20 UBLOD DCT EASTE
THA309,A320,VTBS,VNKT,2025-12-23T14:15:00Z,400,RW02R,,NUNL1S,,,NUNLI L507 LUDVI
TLM795,B738,VTSF,VTBD,2025-12-23T14:15:00Z,300,RW01,RW21R,TAWI1A,SABA3A,R21R,NKS Y94 DOXAS M769 GOKEX Y96 EMTIX Y99 HOTEL DCT SABAI
TVJ762,B38M,VTSP,VABB,2025-12-23T14:15:00Z,340,RW09,,UBNE1A,,,UBNEN L645 SAPAM
AIQ137,A320,VTBD,VOBL,2025-12-23T14:20:00Z,360,RW21L,,PAST3C,,,PASTO L301 TANEK
AIQ153,A320,VTBD,VOMM,2025-12-23T14:20:00Z,360,RW21L,,PAST3C,,,PASTO L301 TANEK
AIQ3328,A320,VTSB,VTBD,2025-12-23T14:20:00Z,350,RW04,RW21R,NIXE1D,SABA3A,R21R,NIXET Y99 HOTEL DCT SABAI
AIQ3429,A21N,VTBD,VTCC,2025-12-23T14:20:00Z,320,RW21L,RW36,OLVU3C,MARN2A,R36,OLVUK Y26 MARNI
CSH841,B38M,ZSPD,VTBS,2025-12-23T14:20:00Z,340,,RW01,,EAST1D,R01,SAV A202 RAMEI W42 PAKRI Y13 RUKSA
FDX6091,B763,VTBS,ZGGG,2025-12-23T14:20:00Z,330,RW02R,,SELK1H,,,SELKA A1 SANOT Y15 GUROK A202 SAV
QTR1841,B77W,WMKP,VTSP,2025-12-23T14:20:00Z,260,,RW09,,URGA1C,,DUBAX R325 URGAD
TVJ309,A321,VTSP,VTBS,2025-12-23T14:20:00Z,370,RW09,RW01,EMRI1A,LEBI1D,R01,EMRIT Y99 NONEL Y98 LEBIM
AIQ3168,A320,VTCC,VTSP,2025-12-23T14:25:00Z,380,RW36,RW09,PANT2C,SAVS1C,,PANTA Y7 BKK Y8 SAVSA
CHH7930,B38M,VTSP,ZBAA,2025-12-23T14:25:00Z,370,RW09,,EMRI1A,,,EMRIT Y99 BKK R474 VTN
JST66,B788,VTBS,YBBN,2025-12-23T14:25:00Z,370,RW02R,,BUT1H,,,BUT M904 TIDAR
TVJ104,B38M,VTBS,VTCC,2025-12-23T14:25:00Z,340,RW02R,RW36,OLVU1H,MARN2A,R36,OLVUK Y26 MARNI
TWB050,A320,VTCC,RKSI,2025-12-23T14:25:00Z,310,RW36,,MONL2C,,,MONLO R207 NAN R215 TOMIP
AIQ3111,A320,VTSS,VTBD,2025-12-23T14:30:00Z,380,RW26,RW21R,DAND1C,SABA3A,R21R,DANDO M769 GOKEX Y96 EMTIX Y99 HOTEL DCT SABAI
AIQ3183,A20N,VTSF,VTBD,2025-12-23T14:30:00Z,380,RW01,RW21R,TAWI1A,SABA3A,R21R,NKS Y94 DOXAS M769 GOKEX Y96 EMTIX Y99 HOTEL DCT SABAI
BKP1192,A319,VTSM,VTBS,2025-12-23T14:30:00Z,380,RW35,RW01,OLBA1B,LEBI1D,R01,OLBAG Y17 DONSI M769 LEBIM
BKP287,A319,VTBS,VTSP,2025-12-23T14:30:00Z,360,RW02R,RW09,VANK1H,SAVS1C,,VANKO Y8 SAVSA
CAL837,A21N,RCTP,VTBS,2025-12-23T14:30:00Z,300,,RW01,,EAST1D,R01,BUTRA A1 UBL Y20 GRASO Y13 RUKSA
EVA061,B78X,RCTP,VTBS,2025-12-23T14:30:00Z,380,,RW01,,EAST1D,R01,BUTRA A1 UBL Y20 GRASO Y13 RUKSA
HSTNP,A320,VTSP,VTBD,2025-12-23T14:30:00Z,270,RW09,RW21R,IGEV1A,SABA3A,R21R,IGEVI Y5 EGUBO Y99 HOTEL DCT SABAI
KAL658,B77W,VTBS,RKSI,2025-12-23T14:30:00Z,370,RW02R,,LIPL1S,,,LIPLI Y16 BUTRA
NOK329,B738,VTUU,VTBD,2025-12-23T14:30:00Z,320,RW05,RW21R,ASAB1B,ENDU3A,R21R,Y20 UBLOD DCT ENDUU
TLM212,B738,VTBD,VAAH,2025-12-23T14:30:00Z,340,RW21L,,TARE3C,,,TARED P646 BETNO
TLM521,B739,VTCC,VTBD,2025-12-23T14:30:00Z,310,RW36,RW21R,PANT2C,NAKO3A,R21R,PANTA Y7 BLAFF DCT NAKON
TLM545,B738,VTCT,VTBD,2025-12-23T14:30:00Z,330,RW21,RW21R,DUBE1B,NAKO3A,R21R,DUBEN Y28 BLAFF DCT NAKON
AIQ619,A320,VDSA,VTBD,2025-12-23T14:35:00Z,380,,RW21R,,SEHN3A,R21R,TUPGO M633 DULEM
CEB944,A20N,VTBS,RPLC,2025-12-23T14:35:00Z,330,RW02R,,GOME1S,,,GOMES B204 AGEDO
NOK142,B738,VTBD,VTCC,2025-12-23T14:35:00Z,360,RW21L,RW36,OLVU3C,MARN2A,R36,OLVUK Y26 MARNI
PTW712,AT75,VTBU,VTBS,2025-12-23T14:35:00Z,90,RW18,RW01,BKK1A,TUMG1D,R01,BOKAK B205 OLDIR P629 NUGPA
AIQ659,A320,VVTS,VTBD,2025-12-23T14:40:00Z,360,,RW21R,,SEHN3A,R21R,VAPVU P629 NUGPA
BKP220,A319,VTCC,VTBS,2025-12-23T14:40:00Z,370,RW36,RW01,PANT2C,NORT1D,R01,PANTA Y7 BLAFF DCT NORTA
DRK620,A20N,VTBS,WMKP,2025-12-23T14:40:00Z,390,RW02R,,KASN1H,,,KASNI M757 OBLEX Y10 HTY A457 TAMOS
TVJ760,B38M,VTBS,VABB,2025-12-23T14:40:00Z,320,RW02R,,PAST1H,,,PASTO L301 TANEK
UBA018,B738,VTBS,VYYY,2025-12-23T14:40:00Z,360,RW02R,,NUNL1S,,,NUNLI L507 LUDVI
UEA2868,A320,VTBS,ZUTF,2025-12-23T14:40:00Z,310,RW02R,,UGUV1H,,,UGUVO Y27 IBUBU W25 NAN R215 TOMIP
AHK842,A333,VTBS,VHHH,2025-12-23T14:45:00Z,330,RW02R,,LIPL1S,,,LIPLI Y16 BUTRA
AIQ3028,A320,VTSP,VTBD,2025-12-23T14:45:00Z,390,RW09,RW21R,IGEV1A,SABA3A,R21R,IGEVI Y5 EGUBO Y99 HOTEL DCT SABAI
UPS145,B763,VTBS,ZGSZ,2025-12-23T14:45:00Z,370,RW02R,,SELK1H,,,SELKA A1 SANOT Y15 GUROK A202 SAV
AIQ3119,A320,VTSS,VTBD,2025-12-23T14:50:00Z,340,RW26,RW21R,DAND1C,SABA3A,R21R,DANDO M769 GOKEX Y96 EMTIX Y99 HOTEL DCT SABAI
AIQ3228,A320,VTSG,VTBD,2025-12-23T14:50:00Z,370,RW14,RW21R,OSPE1G,SABA3A,R21R,OSPEX Y99 HOTEL DCT SABAI
BKP280,A319,VTSP,VTBS,2025-12-23T14:50:00Z,390,RW09,RW01,EMRI1A,LEBI1D,R01,EMRIT Y99 NONEL Y98 LEBIM
THA325,B77W,VTBS,VOBL,2025-12-23T14:50:00Z,360,RW02R,,PAST1H,,,PASTO L301 TANEK
TLM763,B739,VTSP,VTBD,2025-12-23T14:50:00Z,370,RW09,RW21R,IGEV1A,SABA3A,R21R,IGEVI Y5 EGUBO Y99 HOTEL DCT SABAI
TLM770,B738,VTBD,VTSP,2025-12-23T14:50:00Z,340,RW21L,RW09,SABI3C,SAVS1C,,SABIS Y8 SAVSA
AIQ3032,A320,VTSP,VTBD,2025-12-23T14:55:00Z,390,RW09,RW21R,IGEV1A,SABA3A,R21R,IGEVI Y5 EGUBO Y99 HOTEL DCT SABAI
CQH7420,A320,VTBS,ZGGG,2025-12-23T14:55:00Z,330,RW02R,,SELK1H,,,SELKA A1 SANOT Y15 GUROK A202 SAV
THA307,A320,VTBS,VCBI,2025-12-23T14:55:00Z,320,RW02R,,PAST1H,,,PASTO L301 TANEK
THA329,A320,VTBS,VOHS,2025-12-23T14:55:00Z,400,RW02R,,PAST1H,,,PASTO L301 TANEK
THA337,A333,VTBS,VOMM,2025-12-23T14:55:00Z,400,RW02R,,PAST1H,,,PASTO L301 TANEK
UAE373,A388,VTBS,OMDB,2025-12-23T14:55:00Z,380,RW02R,,PAST1H,,,PASTO L301 TANEK
UEA2862,A320,VTCC,ZUTF,2025-12-23T14:55:00Z,310,RW36,,MONL2C,,,MONLO R207 IKISU W22 CTR A581 PONUK
CSN3035,A20N,ZGGG,VTBS,2025-12-23T15:00:00Z,340,,RW01,,EAST1D,R01,SAV A202 RAMEI W42 PAKRI Y13 RUKSA
ANA849,B789,RJTT,VTBS,2025-12-23T15:05:00Z,380,,RW01,,EAST1D,R01,BUTRA A1 UBL Y20 GRASO Y13 RUKSA
BKP936,A319,VDTI,VTBS,2025-12-23T15:05:00Z,180,,RW01,,TUMG1D,R01,VAPVU P629 NUGPA
IGO1060,A21N,VTBS,VABB,2025-12-23T15:05:00Z,290,RW02R,,PAST1H,,,PASTO L301 TANEK
IGO1082,A21N,VTSP,VIDP,2025-12-23T15:05:00Z,300,RW09,,SATV1A,,,SATVA L759 TAVUN
JAL34,B77W,VTBS,RJTT,2025-12-23T15:05:00Z,330,RW02R,,LIPL1S,,,LIPLI Y16 BUTRA
JNA010,B38M,VTCC,RKSI,2025-12-23T15:05:00Z,330,RW36,,MONL2C,,,MONLO R207 NAN R215 TOMIP
TLM765,B738,VTSP,VTBD,2025-12-23T15:05:00Z,330,RW09,RW21R,IGEV1A,SABA3A,R21R,IGEVI Y5 EGUBO Y99 HOTEL DCT SABAI
AIQ3428,A21N,VTCC,VTBD,2025-12-23T15:10:00Z,350,RW36,RW21R,PANT2C,NAKO3A,R21R,PANTA Y7 BLAFF DCT NAKON
AIQ562,A320,VTBD,ZUTF,2025-12-23T15:10:00Z,350,RW21L,,NOBE4C,,,NOBER B346 YAKUA
BKP299,AT76,VTSS,VTSP,2025-12-23T15:10:00Z,140,RW26,RW09,PADP1C,EPGO1C,,PADPA W14 EPGOT
JAL33,B789,RJTT,VTBS,2025-12-23T15:10:00Z,400,,RW01,,EAST1D,R01,BUTRA A1 UBL Y20 GRASO Y13 RUKSA
THA575,A320,VLVT,VTBS,2025-12-23T15:10:00Z,300,,RW01,,NORT1D,R01,VTN R470 UDN W21 NOBER
AAR726,A21N,VTSP,RKSI,2025-12-23T15:15:00Z,390,RW09,,ONET1A,,,ONETI R575 SAKDA
ESR518,B38M,VTCC,RKSI,2025-12-23T15:15:00Z,350,RW36,,MONL2C,,,MONLO R207 NAN R215 TOMIP
NOK536,B738,VTBD,VTSP,2025-12-23T15:15:00Z,360,RW21L,RW09,SABI3C,SAVS1C,,SABIS Y8 SAVSA
THA351,A320,VTBS,VABB,2025-12-23T15:15:00Z,360,RW02R,,PAST1H,,,PASTO L301 TANEK
TLM725,B738,VTSS,VTBD,2025-12-23T15:15:00Z,360,RW26,RW21R,DAND1C,SABA3A,R21R,DANDO M769 GOKEX Y96 EMTIX Y99 HOTEL DCT SABAI
ABL728,A21N,VTBS,RKSI,2025-12-23T15:20:00Z,330,RW02R,,LIPL1S,,,LIPLI Y16 BUTRA
AIC2303,A20N,VTBS,VIDP,2025-12-23T15:20:00Z,360,RW02R,,TARE1H,,,TARED P646 BETNO
AIQ4420,A320,VTSP,VTBS,2025-12-23T15:20:00Z,350,RW09,RW01,EMRI1A,LEBI1D,R01,EMRIT Y99 NONEL Y98 LEBIM
AWQ253,A320,VTBD,WIII,2025-12-23T15:20:00Z,310,RW21L,,KIGO3C,,,KIGOB Y11 PASVA
HVN616,A321,VTBS,VVNB,2025-12-23T15:20:00Z,350,RW02R,,UGUV1H,,,UGUVO Y27 PIBAN Y29 PSL W26 CMP R474 VTN
IGO1086,A21N,VTSG,VABB,2025-12-23T15:20:00Z,340,RW14,,TUNR1G,,,TUNRA W32 TRN W14 HTY A464 KARMI
MMA373,A319,VTBS,VYYY,2025-12-23T15:20:00Z,320,RW02R,,NUNL1S,,,NUNLI L507 LUDVI
THA661,A359,RJTT,VTBS,2025-12-23T15:20:00Z,430,,RW01,,EAST1D,R01,BUTRA A1 UBL Y20 GRASO Y13 RUKSA
TLM921,B738,ZSHC,VTBD,2025-12-23T15:20:00Z,300,,RW21R,,ENDU3A,R21R,SAV A202 RAMEI Y20 UBLOD
TVJ316,A320,VTBS,VTSP,2025-12-23T15:20:00Z,320,RW02R,RW09,VANK1H,SAVS1C,,VANKO Y8 SAVSA
ANA850,B789,VTBS,RJTT,2025-12-23T15:25:00Z,370,RW02R,,LIPL1S,,,LIPLI Y16 BUTRA
ESR512,B38M,VTBS,RKSI,2025-12-23T15:25:00Z,330,RW02R,,LIPL1S,,,LIPLI Y16 BUTRA
JST28,B788,VTSP,YSSY,2025-12-23T15:25:00Z,390,RW09,,EPGO1A,,,EPGOT W14 HTY A334 PASVA
THY173,A333,VTSP,LTFM,2025-12-23T15:25:00Z,340,RW09,,SATV1A,,,SATVA L759 TAVUN
AIQ3373,A320,VTUU,VTBD,2025-12-23T15:30:00Z,320,RW05,RW21R,ASAB1B,ENDU3A,R21R,Y20 UBLOD DCT ENDUU
AXM893,A20N,VTBD,WMKK,2025-12-23T15:30:00Z,370,RW21L,,KIGO3C,,,KIGOB Y11 PASVA
AXM897,A320,VTBD,WMKK,2025-12-23T15:30:00Z,390,RW21L,,KIGO3C,,,KIGOB Y11 PASVA
BKP264,A319,VTSG,VTBS,2025-12-23T15:30:00Z,370,RW14,RW01,OSPE1G,LEBI1D,R01,OSPEX Y99 NONEL Y98 LEBIM
JYH1265,B38M,ZGGG,VTBS,2025-12-23T15:30:00Z,300,,RW01,,EAST1D,R01,SAV A202 RAMEI W42 PAKRI Y13 RUKSA
KMI201,B734,VTBS,ZGSZ,2025-12-23T15:30:00Z,370,RW02R,,SELK1H,,,SELKA A1 SANOT Y15 GUROK A202 SAV
LOL501,A320,VTBS,UGTB,2025-12-23T15:30:00Z,320,RW02R,,TARE1H,,,TARED P646 BETNO
NOK141,B738,VTCC,VTBD,2025-12-23T15:30:00Z,330,RW36,RW21R,PANT2C,NAKO3A,R21R,PANTA Y7 BLAFF DCT NAKON
RJA183,B789,VTBS,OJAI,2025-12-23T15:30:00Z,360,RW02R,,PAST1H,,,PASTO L301 TANEK
THA640,A320,VTBS,RJAA,2025-12-23T15:30:00Z,370,RW02R,,LIPL1S,,,LIPLI Y16 BUTRA
CCA798,B38M,VTSP,ZBAA,2025-12-23T15:35:00Z,370,RW09,,EMRI1A,,,EMRIT Y99 BKK R474 VTN
SEJ087,A320,VIDP,VTBS,2025-12-23T15:35:00Z,370,,RW01,,WILA1D,R01,BETNO P646 TARED
THA471,A359,VTBS,YSSY,2025-12-23T15:35:00Z,370,RW02R,,BUT1H,,,BUT M904 TIDAR
TLM210,B738,VTBD,VOCI,2025-12-23T15:35:00Z,360,RW21L,,PAST3C,,,PASTO L301 TANEK
TLM930,B738,VTBD,ZUCK,2025-12-23T15:35:00Z,330,RW21L,,NOBE4C,,,NOBER B346 YAKUA
AIQ3426,A20N,VTCC,VTBD,2025-12-23T15:40:00Z,350,RW36,RW21R,PANT2C,NAKO3A,R21R,PANTA Y7 BLAFF DCT NAKON
AIQ120,A320,VTBD,VECC,2025-12-23T15:45:00Z,320,RW21L,,TARE3C,,,TARED P646 BETNO
AIQ3113,A320,VTSS,VTBD,2025-12-23T15:45:00Z,380,RW26,RW21R,DAND1C,SABA3A,R21R,DANDO M769 GOKEX Y96 EMTIX Y99 HOTEL DCT SABAI
AIQ3357,A320,VTUD,VTBD,2025-12-23T15:45:00Z,300,RW12,RW21R,ANPU1B,ENDU3A,R21R,Y22/Y23 KKN Y23 KRT Y20 UBLOD DCT ENDUU
AMU991,A321,VTBS,VMMC,2025-12-23T15:45:00Z,330,RW02R,,SELK1H,,,SELKA A1 SANOT Y15 GUROK A202 SAV
CEB931,A21N,RPLL,VTBS,2025-12-23T15:45:00Z,380,,RW01,,TUMG1D,R01,TUPGO M633 DULEM DCT GOMES
CRK759,A320,VHHH,VTBS,2025-12-23T15:45:00Z,340,,RW01,,EAST1D,R01,SAV A202 RAMEI W42 PAKRI Y13 RUKSA
FDB1482,B38M,VTSG,OMDB,2025-12-23T15:45:00Z,300,RW14,,PUT2F,,,EMRIT Y99 PUT R325 IKULA
HGB2296,B39M,VTBS,VHHH,2025-12-23T15:45:00Z,390,RW02R,,LIPL1S,,,LIPLI Y16 BUTRA
JAL727,B788,RJBB,VTBS,2025-12-23T15:45:00Z,400,,RW01,,EAST1D,R01,BUTRA A1 UBL Y20 GRASO Y13 RUKSA
AIQ4103,A320,VTCC,VTBS,2025-12-23T15:50:00Z,370,RW36,RW01,PANT2C,NORT1D,R01,PANTA Y7 BLAFF DCT NORTA
TLM902,B738,VTBD,ZGSZ,2025-12-23T15:50:00Z,330,RW21L,,ROBK3C,,,ROBKA A1 SANOT Y15 GUROK A202 SAV
AAR748,A333,VTSP,RKSI,2025-12-23T15:55:00Z,390,RW09,,ONET1A,,,ONETI R575 SAKDA
ABL726,A21N,VTBS,RKPK,2025-12-23T15:55:00Z,330,RW02R,,LIPL1S,,,LIPLI Y16 BUTRA
APZ602,B789,VTBS,RKSI,2025-12-23T15:55:00Z,370,RW02R,,LIPL1S,,,LIPLI Y16 BUTRA
AZV2993,A320,UHWW,VTSP,2025-12-23T15:55:00Z,360,,RW09,,IGEV1C,,VTN R470 ELNET
TGW615,E290,VTBS,WSSS,2025-12-23T15:55:00Z,370,RW02R,,BUT1H,,,BUT Y11 PASVA
AIQ3206,A21N,VTCT,VTBD,2025-12-23T16:00:00Z,370,RW21,RW21R,DUBE1B,NAKO3A,R21R,DUBEN Y28 BLAFF DCT NAKON
AZV2902,A320,VTSP,UUWW,2025-12-23T16:00:00Z,300,RW09,,EMRI1A,,,EMRIT Y99 BKK Y27 IKISU W22 CTR A581 PONUK
LKY04,C130,VTUW,VTBD,2025-12-23T16:00:00Z,240,RW15,RW21R,OMNI,ENDU3A,R21R,Y22/Y23 KKN Y23 KRT Y20 UBLOD DCT ENDUU
TVJ2107,A321,VTCC,VTBS,2025-12-23T16:00:00Z,330,RW36,RW01,PANT2C,NORT1D,R01,PANTA Y7 BLAFF DCT NORTA
AMU9990,A321,VMMC,VTBS,2025-12-23T16:05:00Z,300,,RW01,,EAST1D,R01,SAV A202 RAMEI W42 PAKRI Y13 RUKSA
CCA824,B738,VTCC,ZBAA,2025-12-23T16:05:00Z,330,RW36,,ADLU2N,,,ADLUS A581 PONUK
CES2077,A320,ZGGG,VTBS,2025-12-23T16:05:00Z,300,,RW01,,EAST1D,R01,SAV A202 RAMEI W42 PAKRI Y13 RUKSA
CSH858,B38M,VTSP,ZSPD,2025-12-23T16:05:00Z,330,RW09,,EMRI1A,,,EMRIT Y99 NONEL Y98 SURMA W42 TOPER A1 SANOT Y15 GUROK A202 SAV
ESR918,B38M,VTCC,RKPK,2025-12-23T16:05:00Z,290,RW36,,MONL2C,,,MONLO R207 NAN R215 TOMIP
REU885,B77W,FMEE,VTBS,2025-12-23T16:05:00Z,370,,RW01,,LEBI1D,R01,RUSET P627 PUT Y99 NONEL Y98 LEBIM
AIQ3016,A320,VTSP,VTBD,2025-12-23T16:10:00Z,370,RW09,RW21R,IGEV1A,SABA3A,R21R,IGEVI Y5 EGUBO Y99 HOTEL DCT SABAI
IGO1090,A21N,VTSP,VABB,2025-12-23T16:10:00Z,320,RW09,,UBNE1A,,,UBNEN L645 SAPAM
THA658,A359,VTBS,RKSI,2025-12-23T16:10:00Z,410,RW02R,,LIPL1S,,,LIPLI Y16 BUTRA
CEB864,A21N,VTBD,RPLL,2025-12-23T16:15:00Z,330,RW21L,,GORS3C,,,GORSI N506 GOMES B204 AGEDO
CSH847,B738,ZSPD,VTBS,2025-12-23T16:15:00Z,340,,RW01,,EAST1D,R01,SAV A202 RAMEI W42 PAKRI Y13 RUKSA
CSZ305,A20N,ZGSZ,VTBS,2025-12-23T16:15:00Z,280,,RW01,,EAST1D,R01,SAV A202 RAMEI W42 PAKRI Y13 RUKSA
JNA002,B738,VTBS,RKSI,2025-12-23T16:15:00Z,330,RW02R,,LIPL1S,,,LIPLI Y16 BUTRA
JST18,B788,VTSP,YMML,2025-12-23T16:15:00Z,390,RW09,,REBE1A,,,REBED B579 DALAN
KAL652,B77W,VTBS,RKSI,2025-12-23T16:15:00Z,370,RW02R,,LIPL1S,,,LIPLI Y16 BUTRA
THY69,B789,VTBS,LTFM,2025-12-23T16:15:00Z,320,RW02R,,TARE1H,,,TARED P646 BETNO
ANA877,B788,RJTT,VTBS,2025-12-23T16:25:00Z,380,,RW01,,EAST1D,R01,BUTRA A1 UBL Y20 GRASO Y13 RUKSA
DKH1370,A320,VTSP,ZSPD,2025-12-23T16:25:00Z,330,RW09,,EMRI1A,,,EMRIT Y99 NONEL Y98 SURMA W42 TOPER A1 SANOT Y15 GUROK A202 SAV
THA331,A320,VTBS,VIDP,2025-12-23T16:25:00Z,400,RW02R,,TARE1H,,,TARED P646 BETNO
DLH773,A359,VTBS,EDDM,2025-12-23T16:30:00Z,280,RW02R,,PAST1H,,,PASTO L301 TANEK
THA339,A320,VTBS,VGHS,2025-12-23T16:30:00Z,320,RW02R,,TARE1H,,,TARED G463 BETNO
THA313,A320,VTBS,VECC,2025-12-23T16:35:00Z,340,RW02R,,NUNL1S,,,NUNLI L507 LUDVI
AIQ192,A320,VTSP,VOMM,2025-12-23T16:40:00Z,280,RW09,,SATV1A,,,SATVA L759 TAVUN
KAL678,B789,VTSP,RKSI,2025-12-23T16:40:00Z,370,RW09,,ONET1A,,,ONETI R575 SAKDA
QTR830,B77W,OTHH,VTBS,2025-12-23T16:40:00Z,390,,RW01,,WILA1D,R01,NURDA L524 IBETO
THA920,B77W,VTBS,EDDF,2025-12-23T16:40:00Z,320,RW02R,,NUNL1S,,,NUNLI L507 LUDVI
TLM240,B738,VTBD,VOMM,2025-12-23T16:40:00Z,340,RW21L,,PAST3C,,,PASTO L301 TANEK
TZP52,B788,VTBS,RJAA,2025-12-23T16:45:00Z,410,RW02R,,LIPL1S,,,LIPLI Y16 BUTRA
AUA8,B772,VTBS,LOWW,2025-12-23T16:50:00Z,320,RW02R,,TARE1H,,,TARED P646 BETNO
CFG2363,A339,VTBS,EDDF,2025-12-23T16:50:00Z,270,RW02R,,NUNL1S,,,NUNLI L507 LUDVI
ETD408,A21N,OMAA,VTBS,2025-12-23T16:50:00Z,390,,RW01,,WILA1D,R01,NURDA L524 IBETO
PAL733,A321,VTBS,RPLL,2025-12-23T16:50:00Z,330,RW02R,,GOME1S,,,GOMES B204 AGEDO
TAX600,A333,VTBD,RJAA,2025-12-23T16:50:00Z,370,RW21L,,UPKU3C,,,UPKUP Y16 BUTRA
TVJ2309,B38M,VTSP,VTBS,2025-12-23T16:50:00Z,330,RW09,RW01,EMRI1A,LEBI1D,R01,EMRIT Y99 NONEL Y98 LEBIM
UAE371,B77W,VDSA,VTBS,2025-12-23T16:50:00Z,300,,RW01,,TUMG1D,R01,BOKAK B205 OLDIR P629 NUGPA
UAE397,B77W,VTSP,OMDB,2025-12-23T16:50:00Z,300,RW09,,UBNE1A,,,UBNEN L645 SAPAM
AAR742,A359,VTBS,RKSI,2025-12-23T16:55:00Z,330,RW02R,,LIPL1S,,,LIPLI Y16 BUTRA
ELY082,B789,VTBS,LLBG,2025-12-23T16:55:00Z,320,RW02R,,PAST1H,,,PASTO L301 TANEK
ETD422,A21N,OMAA,VTSG,2025-12-23T16:55:00Z,350,,RW32,,EMRI1E,R32,IKULA R325 PUT Y99 EMRIT
QTR1841,B77W,VTSP,OTHH,2025-12-23T16:55:00Z,340,RW09,,UBNE1A,,,UBNEN L645 SAPAM
THA642,A359,VTBS,RJAA,2025-12-23T16:55:00Z,410,RW02R,,LIPL1S,,,LIPLI Y16 BUTRA
THA670,B789,VTBS,RJCC,2025-12-23T16:55:00Z,410,RW02R,,LIPL1S,,,LIPLI Y16 BUTRA
TVJ3681,B38M,ZUTF,VTBS,2025-12-23T16:55:00Z,340,,RW01,,NORT1D,R01,VTN R474 CMP W21 NOBER
THA622,A333,VTBS,RJBB,2025-12-23T16:59:00Z,330,RW02R,,LIPL1S,,,LIPLI Y16 BUTRA
THA682,B789,VTBS,RJTT,2025-12-23T16:59:00Z,330,RW02R,,LIPL1S,,,LIPLI Y16 BUTRA
AFL638,A333,UHWW,VTSP,2025-12-23T17:00:00Z,360,,RW09,,IGEV1C,,VTN R470 ELNET
HYS7892,A320,VTSP,LROP,2025-12-23T17:00:00Z,400,RW09,,SATV1A,,,SATVA L759 TAVUN
MMA390,A320,VYYY,VTBS,2025-12-23T17:00:00Z,330,,RW01,,WILA1D,R01,BETNO G463 TARED
CES2082,B738,VTSP,ZLXY,2025-12-23T17:05:00Z,350,RW09,,EMRI1A,,,EMRIT Y99 BKK Y27 IKISU W22 CTR A581 PONUK
CSH832,B738,VTSP,ZSPD,2025-12-23T17:05:00Z,350,RW09,,EMRI1A,,,EMRIT Y99 NONEL Y98 SURMA W42 TOPER A1 SANOT Y15 GUROK A202 SAV
THA930,B77W,VTBS,LFPG,2025-12-23T17:05:00Z,300,RW02R,,VANK1H,,,VANKO Y8 PUT L645 SAPAM
THA950,B77W,VTBS,EKCH,2025-12-23T17:05:00Z,320,RW02R,,TARE1H,,,TARED P646 BETNO
THA954,A359,VTBS,ENGM,2025-12-23T17:05:00Z,380,RW02R,,TARE1H,,,TARED P646 BETNO
THA960,A359,VTBS,ESSA,2025-12-23T17:05:00Z,360,RW02R,,TARE1H,,,TARED P646 BETNO
AJX2,A320,VTBS,RJAA,2025-12-23T17:10:00Z,370,RW02R,,LIPL1S,,,LIPLI Y16 BUTRA
BOX532,B77L,VTBS,VHHH,2025-12-23T17:15:00Z,370,RW02R,,LIPL1S,,,LIPLI Y16 BUTRA
ETD410,B78X,OMAA,VTSP,2025-12-23T17:15:00Z,390,,RW09,,UBNE1C,,SAPAM L645 UBNEN
JST72,A21N,VTSP,YPPH,2025-12-23T17:15:00Z,330,RW09,,REBE1A,,,REBED B579 DALAN
KAL684,B77W,VTCC,RKSI,2025-12-23T17:15:00Z,370,RW36,,MONL2C,,,MONLO R207 NAN R215 TOMIP
TAX231,A333,VIDP,VTBD,2025-12-23T17:15:00Z,410,,RW21R,,WEHA3A,R21R,BETNO P646 TARED
TAX760,A333,VTBD,ZSPD,2025-12-23T17:15:00Z,390,RW21L,,NOBE4C,,,NOBER W21 CMP R474 VTN
AWQ259,A320,VTBD,WIII,2025-12-23T17:20:00Z,350,RW21L,,KIGO3C,,,KIGOB Y11 PASVA
QTR842,B77W,OTHH,VTSP,2025-12-23T17:20:00Z,370,,RW09,,UBNE1C,,SAPAM L645 UBNEN
THA910,B77W,VTBS,EGLL,2025-12-23T17:20:00Z,300,RW02R,,NUNL1S,,,NUNLI L507 LUDVI
ETD415,A21N,VTSP,OMAA,2025-12-23T17:25:00Z,320,RW09,,UBNE1A,,,UBNEN L645 SAPAM
THA644,B788,VTBS,RJGG,2025-12-23T17:25:00Z,410,RW02R,,LIPL1S,,,LIPLI Y16 BUTRA
AIQ141,A20N,VCBI,VTBD,2025-12-23T17:30:00Z,330,,RW21R,,WEHA3A,R21R,PUMOR L877 MIGAR L524 IBETO
AIQ145,A320,VAAH,VTBD,2025-12-23T17:30:00Z,370,,RW21R,,WEHA3A,R21R,BETNO P646 TARED
DRK621,A20N,WMKP,VTBS,2025-12-23T17:30:00Z,380,,RW01,,LEBI1D,R01,RIGTO M769 LEBIM
THA656,A359,VTBS,RKSI,2025-12-23T17:30:00Z,410,RW02R,,LIPL1S,,,LIPLI Y16 BUTRA
THA900,A359,VTBS,LTFM,2025-12-23T17:30:00Z,380,RW02R,,TARE1H,,,TARED P646 BETNO
THA934,B789,VTBS,EBBR,2025-12-23T17:30:00Z,360,RW02R,,TARE1H,,,TARED P646 BETNO
QTR1850,B77W,OTHH,VTSP,2025-12-23T17:35:00Z,410,,RW09,,UBNE1C,,SAPAM L645 UBNEN
THA940,A359,VTBS,LIMC,2025-12-23T17:35:00Z,340,RW02R,,TARE1H,,,TARED P646 BETNO
THA970,B77W,VTBS,LSZH,2025-12-23T17:35:00Z,320,RW02R,,NUNL1S,,,NUNLI L507 LUDVI
AIQ131,A320,VIJP,VTBD,2025-12-23T17:40:00Z,370,,RW21R,,WEHA3A,R21R,BETNO P646 TARED
BAW2230,B77W,VTBS,EGKK,2025-12-23T17:40:00Z,320,RW02R,,TARE1H,,,TARED P646 BETNO
JJA2552,B738,VTBS,RKPK,2025-12-23T17:40:00Z,370,RW02R,,LIPL1S,,,LIPLI Y16 BUTRA
TVJ822,B38M,VTCC,RJBB,2025-12-23T17:40:00Z,330,RW36,,ADLU2N,,,ADLUS A581 PONUK
JJA2516,B38M,VTCC,RKSI,2025-12-23T17:45:00Z,330,RW36,,MONL2C,,,MONLO R207 NAN R215 TOMIP
TAX638,A333,VTBD,RJGG,2025-12-23T17:45:00Z,370,RW21L,,UPKU3C,,,UPKUP Y16 BUTRA
THA346,B77W,OPLA,VTBS,2025-12-23T17:45:00Z,370,,RW01,,WILA1D,R01,BETNO P646 TARED
JNA022,B738,VTBS,RKPK,2025-12-23T17:50:00Z,330,RW02R,,LIPL1S,,,LIPLI Y16 BUTRA
TVJ810,B38M,VTBS,RJFF,2025-12-23T17:50:00Z,330,RW02R,,LIPL1S,,,LIPLI Y16 BUTRA
ABY821,A20N,OMSJ,VTBS,2025-12-23T17:55:00Z,310,,RW01,,WILA1D,R01,BETNO G463 TARED
AIQ119,A320,VOHS,VTBD,2025-12-23T17:55:00Z,350,,RW21R,,WEHA3A,R21R,BETNO P646 TARED
ETD402,A35K,OMAA,VTBS,2025-12-23T17:55:00Z,370,,RW01,,WILA1D,R01,NURDA L524 IBETO
KAL654,B77W,VTBS,RKSI,2025-12-23T17:55:00Z,370,RW02R,,LIPL1S,,,LIPLI Y16 BUTRA
TAX612,A333,VTBD,RJBB,2025-12-23T17:55:00Z,370,RW21L,,UPKU3C,,,UPKUP Y16 BUTRA
AIQ171,A20N,VOCI,VTBD,2025-12-23T18:00:00Z,330,,RW21R,,WEHA3A,R21R,PUMOR L877 MIGAR L524 IBETO
JJA2504,B38M,VTBS,RKSI,2025-12-23T18:00:00Z,330,RW02R,,LIPL1S,,,LIPLI Y16 BUTRA
KQA887,B788,VTBS,HKJK,2025-12-23T18:00:00Z,320,RW02R,,PAST1H,,,PASTO L301 TANEK
THA648,B788,VTBS,RJFF,2025-12-23T18:00:00Z,330,RW02R,,LIPL1S,,,LIPLI Y16 BUTRA
CES2072,B738,VTBS,ZBAD,2025-12-23T18:05:00Z,330,RW02R,,ALBO1H,,,ALBOS R474 VTN
CHH7996,B38M,VTBS,ZBAA,2025-12-23T18:05:00Z,350,RW02R,,UGUV1H,,,UGUVO Y27 PIBAN Y29 PSL W26 CMP W21 UDN R470 VTN
OMA817,B789,OOMS,VTBS,2025-12-23T18:05:00Z,390,,RW01,,WILA1D,R01,PUMOR L877 MIGAR L524 IBETO
UAE385,A388,VTBS,OMDB,2025-12-23T18:05:00Z,320,RW02R,,PAST1H,,,PASTO L301 TANEK
APJ92,A21N,VTBS,RJBB,2025-12-23T18:10:00Z,330,RW02R,,LIPL1S,,,LIPLI Y16 BUTRA
CSC3938,A21N,VTBS,ZUTF,2025-12-23T18:10:00Z,330,RW02R,,UGUV1H,,,UGUVO Y27 IBUBU W25 NAN R215 TOMIP
IRM051,A343,OIIE,VTBS,2025-12-23T18:10:00Z,350,,RW01,,WILA1D,R01,BETNO G463 TARED
JAL728,B788,VTBS,RJBB,2025-12-23T18:10:00Z,410,RW02R,,LIPL1S,,,LIPLI Y16 BUTRA
THA662,B772,VTBS,ZSPD,2025-12-23T18:10:00Z,390,RW02R,,SELK1H,,,SELKA A1 SANOT Y15 GUROK A202 SAV
AIQ142,A320,VTBD,VCBI,2025-12-23T18:15:00Z,320,RW21L,,PAST3C,,,PASTO L301 TANEK
AIQ154,A320,VOMM,VTBD,2025-12-23T18:15:00Z,370,,RW21R,,WEHA3A,R21R,PUMOR L877 MIGAR L524 IBETO
CQH8756,A21N,VTBS,ZSPD,2025-12-23T18:15:00Z,330,RW02R,,SELK1H,,,SELKA A1 SANOT Y15 GUROK A202 SAV
CCA980,B38M,VTBS,ZBAA,2025-12-23T18:30:00Z,390,RW02R,,UGUV1H,,,UGUVO Y27 PIBAN Y29 PSL W26 CMP W21 UDN R470 VTN
CEB5958,A21N,RPVM,VTBD,2025-12-23T18:30:00Z,340,,RW21R,,SEHN3A,R21R,TUPGO M633 DULEM
TWB102,A320,VTBS,RKSI,2025-12-23T18:30:00Z,370,RW02R,,LIPL1S,,,LIPLI Y16 BUTRA
CEB875,A21N,VTCC,RPLL,2025-12-23T18:35:00Z,370,RW36,,MONL2C,,,MONLO R207 ANBOK
ETH629,B77L,VTBS,HAAB,2025-12-23T18:35:00Z,360,RW02R,,PAST1H,,,PASTO L301 TANEK
THA342,A359,OPKC,VTBS,2025-12-23T18:35:00Z,410,,RW01,,WILA1D,R01,BETNO P646 TARED
TVJ3525,B38M,ZSPD,VTBS,2025-12-23T18:35:00Z,340,,RW01,,EAST1D,R01,SAV A202 RAMEI W42 PAKRI Y13 RUKSA
UAE374,B77W,OMDB,VTBS,2025-12-23T18:35:00Z,410,,RW01,,WILA1D,R01,NURDA L524 IBETO
AIQ138,A320,VOBL,VTBD,2025-12-23T18:40:00Z,350,,RW21R,,WEHA3A,R21R,PUMOR L877 MIGAR L524 IBETO
AIQ242,A320,VTCC,RCTP,2025-12-23T18:40:00Z,370,RW36,,MONL2C,,,MONLO R207 NAN R215 TOMIP
HGB296,B39M,VTBS,VHHH,2025-12-23T18:40:00Z,390,RW02R,,LIPL1S,,,LIPLI Y16 BUTRA
THA310,A320,VNKT,VTBS,2025-12-23T18:40:00Z,370,,RW01,,WILA1D,R01,LUDVI L507 IGONI
TLM927,B738,ZSPD,VTBD,2025-12-23T18:40:00Z,340,,RW21R,,ENDU3A,R21R,SAV A202 RAMEI Y20 UBLOD
CXA844,B738,VTBS,ZSAM,2025-12-23T18:45:00Z,330,RW02R,,SELK1H,,,SELKA A1 SANOT Y15 GUROK A202 SAV
KMI804,B734,VTBS,WSSS,2025-12-23T18:45:00Z,330,RW02R,,BUT1H,,,BUT Y11 PASVA
AIQ563,A320,ZUTF,VTBD,2025-12-23T18:50:00Z,360,,RW21R,,NAKO3A,R21R,YAKUA B346 NOBER
AIQ736,A320,VTBD,RJFF,2025-12-23T18:50:00Z,330,RW21L,,UPKU3C,,,UPKUP Y16 BUTRA
DKH1358,A320,VTBS,ZSPD,2025-12-23T18:50:00Z,330,RW02R,,SELK1H,,,SELKA A1 SANOT Y15 GUROK A202 SAV
TAX620,A333,VTBD,RJCC,2025-12-23T18:50:00Z,370,RW21L,,ALBO3C,,,UBLOD Y20 UBL A1 BUTRA
THA316,A333,VIDP,VTBS,2025-12-23T18:50:00Z,410,,RW01,,WILA1D,R01,BETNO P646 TARED
TVJ566,B38M,VTBS,RCTP,2025-12-23T18:50:00Z,370,RW02R,,LIPL1S,,,LIPLI Y16 BUTRA
CRK780,A320,VTBS,VHHH,2025-12-23T18:55:00Z,390,RW02R,,LIPL1S,,,LIPLI Y16 BUTRA
CSH850,B38M,VTBS,ZSPD,2025-12-23T18:55:00Z,350,RW02R,,SELK1H,,,SELKA A1 SANOT Y15 GUROK A202 SAV
UZB535,B788,UZTT,VTSP,2025-12-23T18:55:00Z,410,,RW09,,SATV1C,,TAVUN L759 SATVA
AIQ121,A320,VECC,VTBD,2025-12-23T19:00:00Z,350,,RW21R,,WEHA3A,R21R,BETNO P646 TARED
QTR837,A388,VTBS,OTHH,2025-12-23T19:00:00Z,320,RW02R,,PAST1H,,,PASTO L301 TANEK
THA318,A21N,VABB,VTBS,2025-12-23T19:00:00Z,390,,RW01,,WILA1D,R01,BETNO P646 TARED
THA924,A359,VTBS,EDDM,2025-12-23T19:00:00Z,380,RW02R,,PAST1H,,,PASTO L301 TANEK
TLM116,B738,VTBD,WIII,2025-12-23T19:00:00Z,370,RW21L,,KIGO3C,,,KIGOB Y11 PASVA
UAE377,A388,VTBS,OMDB,2025-12-23T19:00:00Z,310,RW02R,,PAST1H,,,PASTO L301 TANEK
IGO1911,A21N,VECC,VTBS,2025-12-23T19:05:00Z,370,,RW01,,WILA1D,R01,LUDVI L507 IGONI
KAL656,A21N,VTBS,RKSI,2025-12-23T19:05:00Z,330,RW02R,,LIPL1S,,,LIPLI Y16 BUTRA
CSN3036,A20N,VTBS,ZGGG,2025-12-23T19:10:00Z,330,RW02R,,SELK1H,,,SELKA A1 SANOT Y15 GUROK A202 SAV
TLM219,B738,VABB,VTBD,2025-12-23T19:10:00Z,370,,RW21R,,WEHA3A,R21R,BETNO P646 TARED
AIH3981,B744,WSSS,VTBS,2025-12-23T19:15:00Z,360,,RW01,,TUMG1D,R01,ABTOK M644 ALUMO Y12 ALEMI
EVA206,B78X,VTBS,RCTP,2025-12-23T19:15:00Z,330,RW02R,,LIPL1S,,,LIPLI Y16 BUTRA
TAX630,A333,VTBD,RJSS,2025-12-23T19:15:00Z,370,RW21L,,GORS3C,,,GORSI N506 GOMES B204 AGEDO
CES2804,B738,VTBS,ZSNJ,2025-12-23T19:20:00Z,350,RW02R,,SELK1H,,,SELKA A1 SANOT Y15 GUROK A202 SAV
CDG4080,B738,VTBS,ZSQD,2025-12-23T19:25:00Z,330,RW02R,,ALBO1H,,,ALBOS R474 VTN
TVJ850,B38M,VTBS,RKSI,2025-12-23T19:25:00Z,330,RW02R,,LIPL1S,,,LIPLI Y16 BUTRA
UPS146,B763,ZGSZ,VTBS,2025-12-23T19:25:00Z,340,,RW01,,EAST1D,R01,SAV A202 RAMEI W42 PAKRI Y13 RUKSA
CCA806,B38M,VTBS,ZSPD,2025-12-23T19:30:00Z,330,RW02R,,SELK1H,,,SELKA A1 SANOT Y15 GUROK A202 SAV
JYH1266,B738,VTBS,ZGGG,2025-12-23T19:30:00Z,330,RW02R,,SELK1H,,,SELKA A1 SANOT Y15 GUROK A202 SAV
KMI526,B738,VHHH,VTBS,2025-12-23T19:30:00Z,340,,RW01,,EAST1D,R01,SAV A202 RAMEI W42 PAKRI Y13 RUKSA
THA308,A320,VCBI,VTBS,2025-12-23T19:30:00Z,330,,RW01,,WILA1D,R01,PUMOR L877 MIGAR L524 IBETO
THA338,A333,VOMM,VTBS,2025-12-23T19:30:00Z,370,,RW01,,WILA1D,R01,PUMOR L877 MIGAR L524 IBETO
TWB106,A320,VTBS,RKTN,2025-12-23T19:30:00Z,290,RW02R,,LIPL1S,,,LIPLI Y16 BUTRA
AIQ234,A320,VTBD,RCKH,2025-12-23T19:35:00Z,330,RW21L,,UPKU3C,,,UPKUP Y16 BUTRA
CAL838,A21N,VTBS,RCTP,2025-12-23T19:35:00Z,370,RW02R,,LIPL1S,,,LIPLI Y16 BUTRA
EVA6007,B77W,RCTP,VTBS,2025-12-23T19:35:00Z,340,,RW01,,EAST1D,R01,BUTRA A1 UBL Y20 GRASO Y13 RUKSA
TAX602,A333,VTBD,RJAA,2025-12-23T19:35:00Z,370,RW21L,,UPKU3C,,,UPKUP Y16 BUTRA
THA344,A21N,VAAH,VTBS,2025-12-23T19:35:00Z,350,,RW01,,WILA1D,R01,NURDA L524 IBETO
AHK831,A332,VHHH,VTBS,2025-12-23T19:40:00Z,380,,RW01,,EAST1D,R01,SAV A202 RAMEI W42 PAKRI Y13 RUKSA
KMI801,B734,WSSS,VTBS,2025-12-23T19:40:00Z,320,,RW01,,TUMG1D,R01,ABTOK M644 ALUMO Y12 ALEMI
THA326,B77W,VOBL,VTBS,2025-12-23T19:40:00Z,410,,RW01,,WILA1D,R01,PUMOR L877 MIGAR L524 IBETO
TLM903,B738,ZGSZ,VTBD,2025-12-23T19:40:00Z,380,,RW21R,,ENDU3A,R21R,SAV A202 RAMEI Y20 UBLOD
TLM931,B738,ZUCK,VTBD,2025-12-23T19:40:00Z,340,,RW21R,,NAKO3A,R21R,VTN R470 UDN W21 NOBER
ALK402,A320,VCBI,VTBS,2025-12-23T19:45:00Z,310,,RW01,,WILA1D,R01,PUMOR L877 MIGAR L524 IBETO
EVA061,B78X,VTBS,LOWW,2025-12-23T19:45:00Z,330,RW02R,,TARE1H,,,TARED P646 BETNO
FDX6159,B763,ZGGG,VTBS,2025-12-23T19:45:00Z,300,,RW01,,EAST1D,R01,SAV A202 RAMEI W42 PAKRI Y13 RUKSA
TVJ751,B38M,VAAH,VTBS,2025-12-23T19:45:00Z,370,,RW01,,WILA1D,R01,NURDA L524 IBETO
ETD401,B77W,VTBS,OMAA,2025-12-23T19:55:00Z,320,RW02R,,PAST1H,,,PASTO L301 TANEK
TLM213,B738,VAAH,VTBD,2025-12-23T19:55:00Z,350,,RW21R,,WEHA3A,R21R,BETNO P646 TARED
UAE371,B77W,VTBS,OMDB,2025-12-23T19:55:00Z,340,RW02R,,PAST1H,,,PASTO L301 TANEK
KAC414,B77W,VTBS,OKKK,2025-12-23T20:00:00Z,340,RW02R,,OLVU1H,,,OLVUK Y26 CMA R207 SISUK
QTR827,B77W,VTBS,OTHH,2025-12-23T20:00:00Z,340,RW02R,,PAST1H,,,PASTO L301 TANEK
THA330,A320,VOHS,VTBS,2025-12-23T20:00:00Z,370,,RW01,,WILA1D,R01,NURDA L524 IBETO
THA340,A320,VGHS,VTBS,2025-12-23T20:00:00Z,330,,RW01,,WILA1D,R01,BETNO G463 TARED
CES2078,A320,VTBS,ZGGG,2025-12-23T20:10:00Z,330,RW02R,,SELK1H,,,SELKA A1 SANOT Y15 GUROK A202 SAV
QFA7581,A333,VTBS,ZSPD,2025-12-23T20:10:00Z,390,RW02R,,SELK1H,,,SELKA A1 SANOT Y15 GUROK A202 SAV
TLM398,B738,VTBD,RCTP,2025-12-23T20:10:00Z,330,RW21L,,UPKU3C,,,UPKUP Y16 BUTRA
CSZ306,A20N,VTBS,ZGSZ,2025-12-23T20:15:00Z,330,RW02R,,SELK1H,,,SELKA A1 SANOT Y15 GUROK A202 SAV
CRK760,A320,VTBS,VHHH,2025-12-23T20:20:00Z,370,RW02R,,LIPL1S,,,LIPLI Y16 BUTRA
KMI202,B734,ZGSZ,VTBS,2025-12-23T20:25:00Z,340,,RW01,,EAST1D,R01,SAV A202 RAMEI W42 PAKRI Y13 RUKSA
THA314,A320,VECC,VTBS,2025-12-23T20:25:00Z,350,,RW01,,WILA1D,R01,LUDVI L507 IGONI
BOX531,B77L,WSSS,VTBS,2025-12-23T20:30:00Z,380,,RW01,,TUMG1D,R01,ABTOK M644 ALUMO Y12 ALEMI
AIQ193,A320,VOMM,VTSP,2025-12-23T20:35:00Z,330,,RW09,,SATV1C,,TAVUN L759 SATVA
OMS466,A21N,VTBS,OOMS,2025-12-23T20:35:00Z,340,RW02R,,PAST1H,,,PASTO L301 TANEK
TLM211,B738,VOCI,VTBD,2025-12-23T20:40:00Z,370,,RW21R,,WEHA3A,R21R,PUMOR L877 MIGAR L524 IBETO
SEJ088,A320,VTBS,VIDP,2025-12-23T20:45:00Z,360,RW02R,,TARE1H,,,TARED P646 BETNO
CEB932,A21N,VTBS,RPLL,2025-12-23T20:50:00Z,370,RW02R,,GOME1S,,,GOMES B204 AGEDO
TLM241,B738,VOMM,VTBD,2025-12-23T21:10:00Z,350,,RW21R,,WEHA3A,R21R,PUMOR L877 MIGAR L524 IBETO
CQH8933,A20N,ZGGG,VTCC,2025-12-23T21:55:00Z,340,,RW36,,MONL2A,R36,TOMIP R215 NAN R207 MONLO
LKY101,C130,VTBD,VTSS,2025-12-23T22:00:00Z,210,RW21L,RW26,KASN3C,OBLE1A,R26,KASNI M757 OBLEX
CSH848,B738,VTBS,ZSPD,2025-12-23T22:05:00Z,330,RW02R,,SELK1H,,,SELKA A1 SANOT Y15 GUROK A202 SAV
MMA391,A320,VTBS,VYYY,2025-12-23T22:10:00Z,340,RW02R,,NUNL1S,,,NUNLI L507 LUDVI
TLM392,B739,VTBD,RCKH,2025-12-23T22:10:00Z,370,RW21L,,UPKU3C,,,UPKUP Y16 BUTRA
DRK621,A20N,VTBS,VQPR,2025-12-23T22:20:00Z,380,RW02R,,NUNL1S,,,NUNLI L507 LUDVI
AXM890,A320,WMKK,VTBD,2025-12-23T22:35:00Z,360,,RW21R,,SABA3A,R21R,RIGTO M769 GOKEX Y96 EMTIX Y99 HOTEL
MAS797,B738,VTBS,WMKK,2025-12-23T22:40:00Z,370,RW02R,,KASN1H,,,KASNI M757 KARMI
TGW608,A320,WSSS,VTBS,2025-12-23T22:40:00Z,400,,RW01,,TUMG1D,R01,ABTOK M644 ALUMO Y12 ALEMI
BKP1111,A319,VTBS,VTSM,2025-12-23T22:45:00Z,310,RW02R,RW17,KASN1H,,R17,KASNI M757 MABKO W33 SMU
THY59,A333,VTBS,LTFM,2025-12-23T22:50:00Z,340,RW02R,,TARE1H,,,TARED P646 BETNO
IGO1058,A20N,VTBS,VECC,2025-12-23T22:55:00Z,360,RW02R,,NUNL1S,,,NUNLI L507 LUDVI
SIA724,B38M,WSSS,VTSP,2025-12-23T22:55:00Z,360,,RW09,,URGA1C,,DUBAX R325 URGAD
AIQ396,A320,VTBD,WADD,2025-12-23T23:00:00Z,330,RW21L,,KIGO3C,,,KIGOB Y11 BUT M904 TIDAR
AXM854,A320,WMKK,VTCC,2025-12-23T23:00:00Z,360,,RW36,,MARN2A,R36,RIGTO M769 BKK Y26 MARNI
BKP101,A319,VTBS,VTSM,2025-12-23T23:00:00Z,310,RW02R,RW17,KASN1H,,R17,KASNI M757 MABKO W33 SMU
SIA706,B38M,WSSS,VTBS,2025-12-23T23:00:00Z,400,,RW01,,TUMG1D,R01,ABTOK M644 ALUMO Y12 ALEMI
TAX700,A333,VTBD,RKSI,2025-12-23T23:00:00Z,370,RW21L,,UPKU3C,,,UPKUP Y16 BUTRA
NOK360,B738,VTBD,VTUI,2025-12-23T23:05:00Z,350,RW21L,RW05,ROBK3C,,R05,ROBKA A1 SELKA Y14 KRT Y23 KKN Y23/Y22
TLM502,B738,VTBD,VTCC,2025-12-23T23:05:00Z,310,RW21L,RW36,OLVU3C,MARN2A,R36,OLVUK Y26 MARNI
BKP109,AT76,VTBS,VTSM,2025-12-23T23:10:00Z,160,RW02R,RW17,KASN1H,,R17,KASNI M757 MABKO W33 SMU
TVJ330,B38M,VTBS,VTSF,2025-12-23T23:10:00Z,310,RW02R,RW19,KASN1H,,R19,KASNI M757 LOSDA Y94 NKS
AIQ556,A320,VTBD,ZUCK,2025-12-23T23:15:00Z,300,RW21L,,NOBE4C,,,NOBER B346 YAKUA
TLM394,B739,VTBD,RCTP,2025-12-23T23:15:00Z,330,RW21L,,UPKU3C,,,UPKUP Y16 BUTRA
TLM702,B738,VTBD,VTSS,2025-12-23T23:15:00Z,350,RW21L,RW26,KASN3C,OBLE1A,R26,KASNI M757 OBLEX
NOK124,B738,VTBD,VTCC,2025-12-23T23:20:00Z,360,RW21L,RW36,OLVU3C,MARN2A,R36,OLVUK Y26 MARNI
AIQ1042,A320,VTBD,VLVT,2025-12-23T23:25:00Z,240,RW21L,,NOBE4C,,,NOBER W21 UDN R470 VTN
AIQ3160,A320,VTCC,VTSP,2025-12-23T23:25:00Z,380,RW36,RW09,PANT2C,SAVS1C,,PANTA Y7 BKK Y8 SAVSA
KMI525,B738,VTBS,VVNB,2025-12-23T23:25:00Z,210,RW02R,,UGUV1H,,,UGUVO Y27 PIBAN Y29 PSL W26 CMP R474 VTN
TLM800,B738,VTBD,VTSG,2025-12-23T23:25:00Z,340,RW21L,RW32,SABI3C,NULM1E,R32,SABIS Y8 SAPUD W32 NULMA
AIQ3036,A320,VTSP,VTBD,2025-12-23T23:30:00Z,390,RW09,RW21R,IGEV1A,SABA3A,R21R,IGEVI Y5 EGUBO Y99 HOTEL DCT SABAI
AIQ3417,A320,VTCC,VTBD,2025-12-23T23:30:00Z,350,RW36,RW21R,PANT2C,NAKO3A,R21R,PANTA Y7 BLAFF DCT NAKON
BKP107,A319,VTBS,VTSM,2025-12-23T23:30:00Z,110,RW02R,RW17,KASN1H,,R17,KASNI M757 MABKO W33 SMU
NOK520,B738,VTBD,VTSP,2025-12-23T23:30:00Z,210,RW21L,RW09,SABI3C,SAVS1C,,SABIS Y8 SAVSA
BKP1115,A319,VTBS,VTSM,2025-12-23T23:35:00Z,200,RW02R,RW17,KASN1H,,R17,KASNI M757 MABKO W33 SMU
NOK539,B738,VTSP,VTBD,2025-12-23T23:35:00Z,370,RW09,RW21R,IGEV1A,SABA3A,R21R,IGEVI Y5 EGUBO Y99 HOTEL DCT SABAI
THA259,A320,VTBS,VTSS,2025-12-23T23:35:00Z,90,RW02R,RW26,KASN1H,OBLE1A,R26,KASNI M757 OBLEX
AIQ311,A320,VTBD,WMKK,2025-12-23T23:40:00Z,160,RW21L,,KIGO3C,,,KIGOB Y11 PASVA
BKP1103,A319,VTBS,VTSM,2025-12-23T23:40:00Z,140,RW02R,RW17,KASN1H,,R17,KASNI M757 MABKO W33 SMU
BKP450,AT76,VTSM,VTBD,2025-12-23T23:45:00Z,180,RW35,RW21R,OLBA1B,SABA3A,R21R,OLBAG Y17 DONSI M769 GOKEX Y96 EMTIX Y99 HOTEL DCT SABAI
NOK123,B738,VTCC,VTBD,2025-12-23T23:50:00Z,110,RW36,RW21R,PANT2C,NAKO3A,R21R,PANTA Y7 BLAFF DCT NAKON
B8260,A320,VTBD,WMSA,2025-12-24T00:10:00Z,120,RW21L,,REGO3C,,,REGOS A464 KARMI
