{"type": "FeatureCollection", "features": [{"type": "Feature", "properties": {"feature_type": "route", "flight_key": "THA100_VTSP_VTBD_2025-12-23 00:00", "route": "IGEVI Y5 EGUBO Y99 HOTEL DCT SABAI", "callsign": "THA100", "aircraft_type": "B738", "adep": "VTSP", "ades": "VTBD", "rfl": 330, "sid": "IGEV1A", "star": "SABA1B", "dep_rwy": "RW09", "arr_rwy": "RW03L", "eobt": "2025-12-23T00:00:00+00:00", "idents": ["VTSP", "IGEVI", "ANDAX", "NOMEK", "CPN", "MENEX", "EGUBO", "EMTIX", "HOTEL", "SABAI", "VTBD"]}, "geometry": {"type": "LineString", "coordinates": [[98.309167, 8.1125], [98.388889, 8.611111], [98.595833, 9.078056], [98.809722, 9.567778], [99.365556, 10.711111], [99.761944, 11.141944], [100.080556, 11.477222], [100.137222, 11.825278], [100.33, 13.001667], [100.327564, 13.122814], [100.605692, 13.914372]]}}, {"type": "Feature", "properties": {"flight_key": "THA100_VTSP_VTBD_2025-12-23 00:00", "callsign": "THA100", "aircraft_type": "B738", "adep": "VTSP", "ades": "VTBD", "epoch_ts": "2025-12-23 00:00:00+00:00", "altitude_ft": 22.0, "tas_kt": null, "gs_kt": 280.0, "track_deg": 9, "phase": "climb"}, "geometry": {"type": "Point", "coordinates": [98.309167, 8.1125, 6.7]}}, {"type": "Feature", "properties": {"flight_key": "THA100_VTSP_VTBD_2025-12-23 00:00", "callsign": "THA100", "aircraft_type": "B738", "adep": "VTSP", "ades": "VTBD", "epoch_ts": "2025-12-23 00:06:00+00:00", "altitude_ft": 11014.7, "tas_kt": null, "gs_kt": 280.0, "track_deg": 9, "phase": "climb"}, "geometry": {"type": "Point", "coordinates": [98.376259, 8.532118, 3357.3]}}, {"type": "Feature", "properties": {"flight_key": "THA100_VTSP_VTBD_2025-12-23 00:00", "callsign": "THA100", "aircraft_type": "B738", "adep": "VTSP", "ades": "VTBD", "epoch_ts": "2025-12-23 00:12:00+00:00", "altitude_ft": 22007.3, "tas_kt": null, "gs_kt": 280.0, "track_deg": 24, "phase": "climb"}, "geometry": {"type": "Point", "coordinates": [98.528656, 8.926479, 6707.8]}}, {"type": "Feature", "properties": {"flight_key": "THA100_VTSP_VTBD_2025-12-23 00:00", "callsign": "THA100", "aircraft_type": "B738", "adep": "VTSP", "ades": "VTBD", "epoch_ts": "2025-12-23 00:18:00+00:00", "altitude_ft": 33000.0, "tas_kt": null, "gs_kt": 460.0, "track_deg": 23, "phase": "cruise"}, "geometry": {"type": "Point", "coordinates": [98.699558, 9.315545, 10058.4]}}, {"type": "Feature", "properties": {"flight_key": "THA100_VTSP_VTBD_2025-12-23 00:00", "callsign": "THA100", "aircraft_type": "B738", "adep": "VTSP", "ades": "VTBD", "epoch_ts": "2025-12-23 00:24:00+00:00", "altitude_ft": 33000.0, "tas_kt": null, "gs_kt": 460.0, "track_deg": 26, "phase": "cruise"}, "geometry": {"type": "Point", "coordinates": [98.875177, 9.702417, 10058.4]}}, {"type": "Feature", "properties": {"flight_key": "THA100_VTSP_VTBD_2025-12-23 00:00", "callsign": "THA100", "aircraft_type": "B738", "adep": "VTSP", "ades": "VTBD", "epoch_ts": "2025-12-23 00:30:00+00:00", "altitude_ft": 33000.0, "tas_kt": null, "gs_kt": 460.0, "track_deg": 26, "phase": "cruise"}, "geometry": {"type": "Point", "coordinates": [99.060974, 10.084595, 10058.4]}}, {"type": "Feature", "properties": {"flight_key": "THA100_VTSP_VTBD_2025-12-23 00:00", "callsign": "THA100", "aircraft_type": "B738", "adep": "VTSP", "ades": "VTBD", "epoch_ts": "2025-12-23 00:36:00+00:00", "altitude_ft": 33000.0, "tas_kt": null, "gs_kt": 460.0, "track_deg": 26, "phase": "cruise"}, "geometry": {"type": "Point", "coordinates": [99.246771, 10.466773, 10058.4]}}, {"type": "Feature", "properties": {"flight_key": "THA100_VTSP_VTBD_2025-12-23 00:00", "callsign": "THA100", "aircraft_type": "B738", "adep": "VTSP", "ades": "VTBD", "epoch_ts": "2025-12-23 00:42:00+00:00", "altitude_ft": 33000.0, "tas_kt": null, "gs_kt": 460.0, "track_deg": 42, "phase": "cruise"}, "geometry": {"type": "Point", "coordinates": [99.469329, 10.823902, 10058.4]}}, {"type": "Feature", "properties": {"flight_key": "THA100_VTSP_VTBD_2025-12-23 00:00", "callsign": "THA100", "aircraft_type": "B738", "adep": "VTSP", "ades": "VTBD", "epoch_ts": "2025-12-23 00:48:00+00:00", "altitude_ft": 33000.0, "tas_kt": null, "gs_kt": 460.0, "track_deg": 42, "phase": "cruise"}, "geometry": {"type": "Point", "coordinates": [99.757051, 11.136626, 10058.4]}}, {"type": "Feature", "properties": {"flight_key": "THA100_VTSP_VTBD_2025-12-23 00:00", "callsign": "THA100", "aircraft_type": "B738", "adep": "VTSP", "ades": "VTBD", "epoch_ts": "2025-12-23 00:54:00+00:00", "altitude_ft": 33000.0, "tas_kt": null, "gs_kt": 460.0, "track_deg": 43, "phase": "cruise"}, "geometry": {"type": "Point", "coordinates": [100.049696, 11.444748, 10058.4]}}, {"type": "Feature", "properties": {"flight_key": "THA100_VTSP_VTBD_2025-12-23 00:00", "callsign": "THA100", "aircraft_type": "B738", "adep": "VTSP", "ades": "VTBD", "epoch_ts": "2025-12-23 01:00:00+00:00", "altitude_ft": 33000.0, "tas_kt": null, "gs_kt": 460.0, "track_deg": 9, "phase": "cruise"}, "geometry": {"type": "Point", "coordinates": [100.141671, 11.852427, 10058.4]}}, {"type": "Feature", "properties": {"flight_key": "THA100_VTSP_VTBD_2025-12-23 00:00", "callsign": "THA100", "aircraft_type": "B738", "adep": "VTSP", "ades": "VTBD", "epoch_ts": "2025-12-23 01:06:00+00:00", "altitude_ft": 33000.0, "tas_kt": null, "gs_kt": 460.0, "track_deg": 9, "phase": "cruise"}, "geometry": {"type": "Point", "coordinates": [100.210392, 12.271781, 10058.4]}}, {"type": "Feature", "properties": {"flight_key": "THA100_VTSP_VTBD_2025-12-23 00:00", "callsign": "THA100", "aircraft_type": "B738", "adep": "VTSP", "ades": "VTBD", "epoch_ts": "2025-12-23 01:12:00+00:00", "altitude_ft": 33000.0, "tas_kt": null, "gs_kt": 460.0, "track_deg": 9, "phase": "cruise"}, "geometry": {"type": "Point", "coordinates": [100.279112, 12.691136, 10058.4]}}, {"type": "Feature", "properties": {"flight_key": "THA100_VTSP_VTBD_2025-12-23 00:00", "callsign": "THA100", "aircraft_type": "B738", "adep": "VTSP", "ades": "VTBD", "epoch_ts": "2025-12-23 01:18:00+00:00", "altitude_ft": 22002.3, "tas_kt": null, "gs_kt": 270.0, "track_deg": 359, "phase": "descent"}, "geometry": {"type": "Point", "coordinates": [100.327783, 13.111919, 6706.3]}}, {"type": "Feature", "properties": {"flight_key": "THA100_VTSP_VTBD_2025-12-23 00:00", "callsign": "THA100", "aircraft_type": "B738", "adep": "VTSP", "ades": "VTBD", "epoch_ts": "2025-12-23 01:24:00+00:00", "altitude_ft": 11004.7, "tas_kt": null, "gs_kt": 270.0, "track_deg": 19, "phase": "descent"}, "geometry": {"type": "Point", "coordinates": [100.464822, 13.513453, 3354.2]}}, {"type": "Feature", "properties": {"flight_key": "THA100_VTSP_VTBD_2025-12-23 00:00", "callsign": "THA100", "aircraft_type": "B738", "adep": "VTSP", "ades": "VTBD", "epoch_ts": "2025-12-23 01:30:00+00:00", "altitude_ft": 7.0, "tas_kt": null, "gs_kt": 270.0, "track_deg": 0, "phase": "descent"}, "geometry": {"type": "Point", "coordinates": [100.605692, 13.914372, 2.1]}}, {"type": "Feature", "properties": {"feature_type": "route", "flight_key": "AIQ101_VTSE_VTBS_2025-12-23 00:02", "route": "CPN W34 MENEX G458 HOTEL DCT LEBIM", "callsign": "AIQ101", "aircraft_type": "A320", "adep": "VTSE", "ades": "VTBS", "rfl": 210, "sid": "", "star": "LEBI1C", "dep_rwy": "", "arr_rwy": "RW19", "eobt": "2025-12-23T00:02:00+00:00", "idents": ["VTSE", "CPN", "MENEX", "UKERA", "HOTEL", "LEBIM", "VTBS"]}, "geometry": {"type": "LineString", "coordinates": [[99.361667, 10.711111], [99.365556, 10.711111], [99.761944, 11.141944], [100.019444, 12.035278], [100.33, 13.001667], [100.473611, 13.0875], [100.748889, 13.685833]]}}, {"type": "Feature", "properties": {"flight_key": "AIQ101_VTSE_VTBS_2025-12-23 00:02", "callsign": "AIQ101", "aircraft_type": "A320", "adep": "VTSE", "ades": "VTBS", "epoch_ts": "2025-12-23 00:02:00+00:00", "altitude_ft": 22.0, "tas_kt": null, "gs_kt": 280.0, "track_deg": 90, "phase": "climb"}, "geometry": {"type": "Point", "coordinates": [99.361667, 10.711111, 6.7]}}, {"type": "Feature", "properties": {"flight_key": "AIQ101_VTSE_VTBS_2025-12-23 00:02", "callsign": "AIQ101", "aircraft_type": "A320", "adep": "VTSE", "ades": "VTBS", "epoch_ts": "2025-12-23 00:08:00+00:00", "altitude_ft": 7014.7, "tas_kt": null, "gs_kt": 280.0, "track_deg": 42, "phase": "climb"}, "geometry": {"type": "Point", "coordinates": [99.514589, 10.873095, 2138.1]}}, {"type": "Feature", "properties": {"flight_key": "AIQ101_VTSE_VTBS_2025-12-23 00:02", "callsign": "AIQ101", "aircraft_type": "A320", "adep": "VTSE", "ades": "VTBS", "epoch_ts": "2025-12-23 00:14:00+00:00", "altitude_ft": 14007.3, "tas_kt": null, "gs_kt": 280.0, "track_deg": 42, "phase": "climb"}, "geometry": {"type": "Point", "coordinates": [99.666255, 11.03794, 4269.4]}}, {"type": "Feature", "properties": {"flight_key": "AIQ101_VTSE_VTBS_2025-12-23 00:02", "callsign": "AIQ101", "aircraft_type": "A320", "adep": "VTSE", "ades": "VTBS", "epoch_ts": "2025-12-23 00:20:00+00:00", "altitude_ft": 21000.0, "tas_kt": null, "gs_kt": 460.0, "track_deg": 16, "phase": "cruise"}, "geometry": {"type": "Point", "coordinates": [99.784843, 11.221385, 6400.8]}}, {"type": "Feature", "properties": {"flight_key": "AIQ101_VTSE_VTBS_2025-12-23 00:02", "callsign": "AIQ101", "aircraft_type": "A320", "adep": "VTSE", "ades": "VTBS", "epoch_ts": "2025-12-23 00:26:00+00:00", "altitude_ft": 21000.0, "tas_kt": null, "gs_kt": 460.0, "track_deg": 16, "phase": "cruise"}, "geometry": {"type": "Point", "coordinates": [99.846884, 11.436623, 6400.8]}}, {"type": "Feature", "properties": {"flight_key": "AIQ101_VTSE_VTBS_2025-12-23 00:02", "callsign": "AIQ101", "aircraft_type": "A320", "adep": "VTSE", "ades": "VTBS", "epoch_ts": "2025-12-23 00:32:00+00:00", "altitude_ft": 21000.0, "tas_kt": null, "gs_kt": 460.0, "track_deg": 16, "phase": "cruise"}, "geometry": {"type": "Point", "coordinates": [99.908926, 11.651862, 6400.8]}}, {"type": "Feature", "properties": {"flight_key": "AIQ101_VTSE_VTBS_2025-12-23 00:02", "callsign": "AIQ101", "aircraft_type": "A320", "adep": "VTSE", "ades": "VTBS", "epoch_ts": "2025-12-23 00:38:00+00:00", "altitude_ft": 21000.0, "tas_kt": null, "gs_kt": 460.0, "track_deg": 16, "phase": "cruise"}, "geometry": {"type": "Point", "coordinates": [99.970967, 11.8671, 6400.8]}}, {"type": "Feature", "properties": {"flight_key": "AIQ101_VTSE_VTBS_2025-12-23 00:02", "callsign": "AIQ101", "aircraft_type": "A320", "adep": "VTSE", "ades": "VTBS", "epoch_ts": "2025-12-23 00:44:00+00:00", "altitude_ft": 21000.0, "tas_kt": null, "gs_kt": 460.0, "track_deg": 17, "phase": "cruise"}, "geometry": {"type": "Point", "coordinates": [100.034428, 12.081906, 6400.8]}}, {"type": "Feature", "properties": {"flight_key": "AIQ101_VTSE_VTBS_2025-12-23 00:02", "callsign": "AIQ101", "aircraft_type": "A320", "adep": "VTSE", "ades": "VTBS", "epoch_ts": "2025-12-23 00:50:00+00:00", "altitude_ft": 21000.0, "tas_kt": null, "gs_kt": 460.0, "track_deg": 17, "phase": "cruise"}, "geometry": {"type": "Point", "coordinates": [100.102961, 12.295166, 6400.8]}}, {"type": "Feature", "properties": {"flight_key": "AIQ101_VTSE_VTBS_2025-12-23 00:02", "callsign": "AIQ101", "aircraft_type": "A320", "adep": "VTSE", "ades": "VTBS", "epoch_ts": "2025-12-23 00:56:00+00:00", "altitude_ft": 21000.0, "tas_kt": null, "gs_kt": 460.0, "track_deg": 17, "phase": "cruise"}, "geometry": {"type": "Point", "coordinates": [100.171494, 12.508427, 6400.8]}}, {"type": "Feature", "properties": {"flight_key": "AIQ101_VTSE_VTBS_2025-12-23 00:02", "callsign": "AIQ101", "aircraft_type": "A320", "adep": "VTSE", "ades": "VTBS", "epoch_ts": "2025-12-23 01:02:00+00:00", "altitude_ft": 21000.0, "tas_kt": null, "gs_kt": 460.0, "track_deg": 17, "phase": "cruise"}, "geometry": {"type": "Point", "coordinates": [100.240026, 12.721687, 6400.8]}}, {"type": "Feature", "properties": {"flight_key": "AIQ101_VTSE_VTBS_2025-12-23 00:02", "callsign": "AIQ101", "aircraft_type": "A320", "adep": "VTSE", "ades": "VTBS", "epoch_ts": "2025-12-23 01:08:00+00:00", "altitude_ft": 21000.0, "tas_kt": null, "gs_kt": 460.0, "track_deg": 17, "phase": "cruise"}, "geometry": {"type": "Point", "coordinates": [100.308559, 12.934947, 6400.8]}}, {"type": "Feature", "properties": {"flight_key": "AIQ101_VTSE_VTBS_2025-12-23 00:02", "callsign": "AIQ101", "aircraft_type": "A320", "adep": "VTSE", "ades": "VTBS", "epoch_ts": "2025-12-23 01:14:00+00:00", "altitude_ft": 21000.0, "tas_kt": null, "gs_kt": 460.0, "track_deg": 58, "phase": "cruise"}, "geometry": {"type": "Point", "coordinates": [100.462122, 13.080633, 6400.8]}}, {"type": "Feature", "properties": {"flight_key": "AIQ101_VTSE_VTBS_2025-12-23 00:02", "callsign": "AIQ101", "aircraft_type": "A320", "adep": "VTSE", "ades": "VTBS", "epoch_ts": "2025-12-23 01:20:00+00:00", "altitude_ft": 14001.2, "tas_kt": null, "gs_kt": 270.0, "track_deg": 24, "phase": "descent"}, "geometry": {"type": "Point", "coordinates": [100.561641, 13.278838, 4267.6]}}, {"type": "Feature", "properties": {"flight_key": "AIQ101_VTSE_VTBS_2025-12-23 00:02", "callsign": "AIQ101", "aircraft_type": "A320", "adep": "VTSE", "ades": "VTBS", "epoch_ts": "2025-12-23 01:26:00+00:00", "altitude_ft": 7002.5, "tas_kt": null, "gs_kt": 270.0, "track_deg": 24, "phase": "descent"}, "geometry": {"type": "Point", "coordinates": [100.655265, 13.482335, 2134.4]}}, {"type": "Feature", "properties": {"flight_key": "AIQ101_VTSE_VTBS_2025-12-23 00:02", "callsign": "AIQ101", "aircraft_type": "A320", "adep": "VTSE", "ades": "VTBS", "epoch_ts": "2025-12-23 01:32:00+00:00", "altitude_ft": 3.7, "tas_kt": null, "gs_kt": 270.0, "track_deg": 0, "phase": "descent"}, "geometry": {"type": "Point", "coordinates": [100.748889, 13.685833, 1.1]}}, {"type": "Feature", "properties": {"feature_type": "route", "flight_key": "TGW102_VTUV_VTSG_2025-12-23 00:04", "route": "W38 RAMEI Y20 BKK Y8 SAPUD W32 NULMA", "callsign": "TGW102", "aircraft_type": "A321", "adep": "VTUV", "ades": "VTSG", "rfl": 360, "sid": "", "star": "NULM1E", "dep_rwy": "", "arr_rwy": "RW32", "eobt": "2025-12-23T00:04:00+00:00", "idents": ["VTUV", "RAMEI", "KRT", "UBLOD", "MALKI", "BKK", "SAPUD", "NULMA", "VTSG"]}, "geometry": {"type": "LineString", "coordinates": [[103.773889, 16.116667], [103.011111, 15.044444], [102.139722, 14.917222], [101.436667, 14.620833], [101.198056, 14.519722], [100.596111, 13.893611], [99.134747, 9.129511], [99.041111, 8.521667], [98.985278, 8.100278]]}}, {"type": "Feature", "properties": {"flight_key": "TGW102_VTUV_VTSG_2025-12-23 00:04", "callsign": "TGW102", "aircraft_type": "A321", "adep": "VTUV", "ades": "VTSG", "epoch_ts": "2025-12-23 00:04:00+00:00", "altitude_ft": 451.0, "tas_kt": null, "gs_kt": 280.0, "track_deg": 214, "phase": "climb"}, "geometry": {"type": "Point", "coordinates": [103.773889, 16.116667, 137.5]}}, {"type": "Feature", "properties": {"flight_key": "TGW102_VTUV_VTSG_2025-12-23 00:04", "callsign": "TGW102", "aircraft_type": "A321", "adep": "VTUV", "ades": "VTSG", "epoch_ts": "2025-12-23 00:10:00+00:00", "altitude_ft": 12300.7, "tas_kt": null, "gs_kt": 280.0, "track_deg": 214, "phase": "climb"}, "geometry": {"type": "Point", "coordinates": [103.383168, 15.567438, 3749.2]}}, {"type": "Feature", "properties": {"flight_key": "TGW102_VTUV_VTSG_2025-12-23 00:04", "callsign": "TGW102", "aircraft_type": "A321", "adep": "VTUV", "ades": "VTSG", "epoch_ts": "2025-12-23 00:16:00+00:00", "altitude_ft": 24150.3, "tas_kt": null, "gs_kt": 280.0, "track_deg": 261, "phase": "climb"}, "geometry": {"type": "Point", "coordinates": [102.979253, 15.039793, 7361.0]}}, {"type": "Feature", "properties": {"flight_key": "TGW102_VTUV_VTSG_2025-12-23 00:04", "callsign": "TGW102", "aircraft_type": "A321", "adep": "VTUV", "ades": "VTSG", "epoch_ts": "2025-12-23 00:22:00+00:00", "altitude_ft": 36000.0, "tas_kt": null, "gs_kt": 460.0, "track_deg": 261, "phase": "cruise"}, "geometry": {"type": "Point", "coordinates": [102.312295, 14.942418, 10972.8]}}, {"type": "Feature", "properties": {"flight_key": "TGW102_VTUV_VTSG_2025-12-23 00:04", "callsign": "TGW102", "aircraft_type": "A321", "adep": "VTUV", "ades": "VTSG", "epoch_ts": "2025-12-23 00:28:00+00:00", "altitude_ft": 36000.0, "tas_kt": null, "gs_kt": 460.0, "track_deg": 246, "phase": "cruise"}, "geometry": {"type": "Point", "coordinates": [101.679335, 14.723135, 10972.8]}}, {"type": "Feature", "properties": {"flight_key": "TGW102_VTUV_VTSG_2025-12-23 00:04", "callsign": "TGW102", "aircraft_type": "A321", "adep": "VTUV", "ades": "VTSG", "epoch_ts": "2025-12-23 00:34:00+00:00", "altitude_ft": 36000.0, "tas_kt": null, "gs_kt": 460.0, "track_deg": 223, "phase": "cruise"}, "geometry": {"type": "Point", "coordinates": [101.093038, 14.410488, 10972.8]}}, {"type": "Feature", "properties": {"flight_key": "TGW102_VTUV_VTSG_2025-12-23 00:04", "callsign": "TGW102", "aircraft_type": "A321", "adep": "VTUV", "ades": "VTSG", "epoch_ts": "2025-12-23 00:40:00+00:00", "altitude_ft": 36000.0, "tas_kt": null, "gs_kt": 460.0, "track_deg": 223, "phase": "cruise"}, "geometry": {"type": "Point", "coordinates": [100.625897, 13.924593, 10972.8]}}, {"type": "Feature", "properties": {"flight_key": "TGW102_VTUV_VTSG_2025-12-23 00:04", "callsign": "TGW102", "aircraft_type": "A321", "adep": "VTUV", "ades": "VTSG", "epoch_ts": "2025-12-23 00:46:00+00:00", "altitude_ft": 36000.0, "tas_kt": null, "gs_kt": 460.0, "track_deg": 197, "phase": "cruise"}, "geometry": {"type": "Point", "coordinates": [100.41105, 13.290305, 10972.8]}}, {"type": "Feature", "properties": {"flight_key": "TGW102_VTUV_VTSG_2025-12-23 00:04", "callsign": "TGW102", "aircraft_type": "A321", "adep": "VTUV", "ades": "VTSG", "epoch_ts": "2025-12-23 00:52:00+00:00", "altitude_ft": 36000.0, "tas_kt": null, "gs_kt": 460.0, "track_deg": 197, "phase": "cruise"}, "geometry": {"type": "Point", "coordinates": [100.213385, 12.645911, 10972.8]}}, {"type": "Feature", "properties": {"flight_key": "TGW102_VTUV_VTSG_2025-12-23 00:04", "callsign": "TGW102", "aircraft_type": "A321", "adep": "VTUV", "ades": "VTSG", "epoch_ts": "2025-12-23 00:58:00+00:00", "altitude_ft": 36000.0, "tas_kt": null, "gs_kt": 460.0, "track_deg": 197, "phase": "cruise"}, "geometry": {"type": "Point", "coordinates": [100.015721, 12.001518, 10972.8]}}, {"type": "Feature", "properties": {"flight_key": "TGW102_VTUV_VTSG_2025-12-23 00:04", "callsign": "TGW102", "aircraft_type": "A321", "adep": "VTUV", "ades": "VTSG", "epoch_ts": "2025-12-23 01:04:00+00:00", "altitude_ft": 36000.0, "tas_kt": null, "gs_kt": 460.0, "track_deg": 197, "phase": "cruise"}, "geometry": {"type": "Point", "coordinates": [99.818056, 11.357124, 10972.8]}}, {"type": "Feature", "properties": {"flight_key": "TGW102_VTUV_VTSG_2025-12-23 00:04", "callsign": "TGW102", "aircraft_type": "A321", "adep": "VTUV", "ades": "VTSG", "epoch_ts": "2025-12-23 01:10:00+00:00", "altitude_ft": 36000.0, "tas_kt": null, "gs_kt": 460.0, "track_deg": 197, "phase": "cruise"}, "geometry": {"type": "Point", "coordinates": [99.620392, 10.71273, 10972.8]}}, {"type": "Feature", "properties": {"flight_key": "TGW102_VTUV_VTSG_2025-12-23 00:04", "callsign": "TGW102", "aircraft_type": "A321", "adep": "VTUV", "ades": "VTSG", "epoch_ts": "2025-12-23 01:16:00+00:00", "altitude_ft": 36000.0, "tas_kt": null, "gs_kt": 460.0, "track_deg": 197, "phase": "cruise"}, "geometry": {"type": "Point", "coordinates": [99.422727, 10.068336, 10972.8]}}, {"type": "Feature", "properties": {"flight_key": "TGW102_VTUV_VTSG_2025-12-23 00:04", "callsign": "TGW102", "aircraft_type": "A321", "adep": "VTUV", "ades": "VTSG", "epoch_ts": "2025-12-23 01:22:00+00:00", "altitude_ft": 24031.0, "tas_kt": null, "gs_kt": 270.0, "track_deg": 197, "phase": "descent"}, "geometry": {"type": "Point", "coordinates": [99.225062, 9.423942, 7324.6]}}, {"type": "Feature", "properties": {"flight_key": "TGW102_VTUV_VTSG_2025-12-23 00:04", "callsign": "TGW102", "aircraft_type": "A321", "adep": "VTUV", "ades": "VTSG", "epoch_ts": "2025-12-23 01:28:00+00:00", "altitude_ft": 12062.0, "tas_kt": null, "gs_kt": 270.0, "track_deg": 189, "phase": "descent"}, "geometry": {"type": "Point", "coordinates": [99.079015, 8.767722, 3676.5]}}, {"type": "Feature", "properties": {"flight_key": "TGW102_VTUV_VTSG_2025-12-23 00:04", "callsign": "TGW102", "aircraft_type": "A321", "adep": "VTUV", "ades": "VTSG", "epoch_ts": "2025-12-23 01:34:00+00:00", "altitude_ft": 93.0, "tas_kt": null, "gs_kt": 270.0, "track_deg": 0, "phase": "descent"}, "geometry": {"type": "Point", "coordinates": [98.985278, 8.100278, 28.3]}}, {"type": "Feature", "properties": {"feature_type": "route", "flight_key": "BKP103_VTUW_VTBD_2025-12-23 00:06", "route": "W5/W6 KKN W6 KRT W1 UBLOD DCT ENDUU", "callsign": "BKP103", "aircraft_type": "A333", "adep": "VTUW", "ades": "VTBD", "rfl": 180, "sid": "", "star": "ENDU1B", "dep_rwy": "", "arr_rwy": "RW03L", "eobt": "2025-12-23T00:06:00+00:00", "idents": ["VTUW", "KKN", "EMRUT", "KRT", "UBLOD", "ENDUU", "VTBD"]}, "geometry": {"type": "LineString", "coordinates": [[104.641889, 17.385339], [102.788056, 16.470833], [102.5925, 16.005556], [102.139722, 14.917222], [101.436667, 14.620833], [101.221319, 14.49705], [100.605692, 13.914372]]}}, {"type": "Feature", "properties": {"flight_key": "BKP103_VTUW_VTBD_2025-12-23 00:06", "callsign": "BKP103", "aircraft_type": "A333", "adep": "VTUW", "ades": "VTBD", "epoch_ts": "2025-12-23 00:06:00+00:00", "altitude_ft": 587.0, "tas_kt": null, "gs_kt": 280.0, "track_deg": 243, "phase": "climb"}, "geometry": {"type": "Point", "coordinates": [104.641889, 17.385339, 178.9]}}, {"type": "Feature", "properties": {"flight_key": "BKP103_VTUW_VTBD_2025-12-23 00:06", "callsign": "BKP103", "aircraft_type": "A333", "adep": "VTUW", "ades": "VTBD", "epoch_ts": "2025-12-23 00:12:00+00:00", "altitude_ft": 6391.3, "tas_kt": null, "gs_kt": 280.0, "track_deg": 243, "phase": "climb"}, "geometry": {"type": "Point", "coordinates": [104.306503, 17.219891, 1948.1]}}, {"type": "Feature", "properties": {"flight_key": "BKP103_VTUW_VTBD_2025-12-23 00:06", "callsign": "BKP103", "aircraft_type": "A333", "adep": "VTUW", "ades": "VTBD", "epoch_ts": "2025-12-23 00:18:00+00:00", "altitude_ft": 12195.7, "tas_kt": null, "gs_kt": 280.0, "track_deg": 243, "phase": "climb"}, "geometry": {"type": "Point", "coordinates": [103.971118, 17.054444, 3717.2]}}, {"type": "Feature", "properties": {"flight_key": "BKP103_VTUW_VTBD_2025-12-23 00:06", "callsign": "BKP103", "aircraft_type": "A333", "adep": "VTUW", "ades": "VTBD", "epoch_ts": "2025-12-23 00:24:00+00:00", "altitude_ft": 18000.0, "tas_kt": null, "gs_kt": 460.0, "track_deg": 243, "phase": "cruise"}, "geometry": {"type": "Point", "coordinates": [103.635732, 16.888996, 5486.4]}}, {"type": "Feature", "properties": {"flight_key": "BKP103_VTUW_VTBD_2025-12-23 00:06", "callsign": "BKP103", "aircraft_type": "A333", "adep": "VTUW", "ades": "VTBD", "epoch_ts": "2025-12-23 00:30:00+00:00", "altitude_ft": 18000.0, "tas_kt": null, "gs_kt": 460.0, "track_deg": 243, "phase": "cruise"}, "geometry": {"type": "Point", "coordinates": [103.300347, 16.723549, 5486.4]}}, {"type": "Feature", "properties": {"flight_key": "BKP103_VTUW_VTBD_2025-12-23 00:06", "callsign": "BKP103", "aircraft_type": "A333", "adep": "VTUW", "ades": "VTBD", "epoch_ts": "2025-12-23 00:36:00+00:00", "altitude_ft": 18000.0, "tas_kt": null, "gs_kt": 460.0, "track_deg": 243, "phase": "cruise"}, "geometry": {"type": "Point", "coordinates": [102.964961, 16.558101, 5486.4]}}, {"type": "Feature", "properties": {"flight_key": "BKP103_VTUW_VTBD_2025-12-23 00:06", "callsign": "BKP103", "aircraft_type": "A333", "adep": "VTUW", "ades": "VTBD", "epoch_ts": "2025-12-23 00:42:00+00:00", "altitude_ft": 18000.0, "tas_kt": null, "gs_kt": 460.0, "track_deg": 202, "phase": "cruise"}, "geometry": {"type": "Point", "coordinates": [102.719585, 16.307922, 5486.4]}}, {"type": "Feature", "properties": {"flight_key": "BKP103_VTUW_VTBD_2025-12-23 00:06", "callsign": "BKP103", "aircraft_type": "A333", "adep": "VTUW", "ades": "VTBD", "epoch_ts": "2025-12-23 00:48:00+00:00", "altitude_ft": 18000.0, "tas_kt": null, "gs_kt": 460.0, "track_deg": 202, "phase": "cruise"}, "geometry": {"type": "Point", "coordinates": [102.574836, 15.963098, 5486.4]}}, {"type": "Feature", "properties": {"flight_key": "BKP103_VTUW_VTBD_2025-12-23 00:06", "callsign": "BKP103", "aircraft_type": "A333", "adep": "VTUW", "ades": "VTBD", "epoch_ts": "2025-12-23 00:54:00+00:00", "altitude_ft": 18000.0, "tas_kt": null, "gs_kt": 460.0, "track_deg": 202, "phase": "cruise"}, "geometry": {"type": "Point", "coordinates": [102.431188, 15.617813, 5486.4]}}, {"type": "Feature", "properties": {"flight_key": "BKP103_VTUW_VTBD_2025-12-23 00:06", "callsign": "BKP103", "aircraft_type": "A333", "adep": "VTUW", "ades": "VTBD", "epoch_ts": "2025-12-23 01:00:00+00:00", "altitude_ft": 18000.0, "tas_kt": null, "gs_kt": 460.0, "track_deg": 202, "phase": "cruise"}, "geometry": {"type": "Point", "coordinates": [102.28754, 15.272528, 5486.4]}}, {"type": "Feature", "properties": {"flight_key": "BKP103_VTUW_VTBD_2025-12-23 00:06", "callsign": "BKP103", "aircraft_type": "A333", "adep": "VTUW", "ades": "VTBD", "epoch_ts": "2025-12-23 01:06:00+00:00", "altitude_ft": 18000.0, "tas_kt": null, "gs_kt": 460.0, "track_deg": 202, "phase": "cruise"}, "geometry": {"type": "Point", "coordinates": [102.143891, 14.927243, 5486.4]}}, {"type": "Feature", "properties": {"flight_key": "BKP103_VTUW_VTBD_2025-12-23 00:06", "callsign": "BKP103", "aircraft_type": "A333", "adep": "VTUW", "ades": "VTBD", "epoch_ts": "2025-12-23 01:12:00+00:00", "altitude_ft": 18000.0, "tas_kt": null, "gs_kt": 460.0, "track_deg": 246, "phase": "cruise"}, "geometry": {"type": "Point", "coordinates": [101.80512, 14.776163, 5486.4]}}, {"type": "Feature", "properties": {"flight_key": "BKP103_VTUW_VTBD_2025-12-23 00:06", "callsign": "BKP103", "aircraft_type": "A333", "adep": "VTUW", "ades": "VTBD", "epoch_ts": "2025-12-23 01:18:00+00:00", "altitude_ft": 18000.0, "tas_kt": null, "gs_kt": 460.0, "track_deg": 246, "phase": "cruise"}, "geometry": {"type": "Point", "coordinates": [101.460517, 14.630888, 5486.4]}}, {"type": "Feature", "properties": {"flight_key": "BKP103_VTUW_VTBD_2025-12-23 00:06", "callsign": "BKP103", "aircraft_type": "A333", "adep": "VTUW", "ades": "VTBD", "epoch_ts": "2025-12-23 01:24:00+00:00", "altitude_ft": 12002.3, "tas_kt": null, "gs_kt": 270.0, "track_deg": 226, "phase": "descent"}, "geometry": {"type": "Point", "coordinates": [101.148908, 14.428514, 3658.3]}}, {"type": "Feature", "properties": {"flight_key": "BKP103_VTUW_VTBD_2025-12-23 00:06", "callsign": "BKP103", "aircraft_type": "A333", "adep": "VTUW", "ades": "VTBD", "epoch_ts": "2025-12-23 01:30:00+00:00", "altitude_ft": 6004.7, "tas_kt": null, "gs_kt": 270.0, "track_deg": 226, "phase": "descent"}, "geometry": {"type": "Point", "coordinates": [100.8773, 14.171443, 1830.2]}}, {"type": "Feature", "properties": {"flight_key": "BKP103_VTUW_VTBD_2025-12-23 00:06", "callsign": "BKP103", "aircraft_type": "A333", "adep": "VTUW", "ades": "VTBD", "epoch_ts": "2025-12-23 01:36:00+00:00", "altitude_ft": 7.0, "tas_kt": null, "gs_kt": 270.0, "track_deg": 0, "phase": "descent"}, "geometry": {"type": "Point", "coordinates": [100.605692, 13.914372, 2.1]}}, {"type": "Feature", "properties": {"feature_type": "route", "flight_key": "DMK104_VTPH_VTSM_2025-12-23 00:08", "route": "HHN W31 SUPOJ W32 SMU", "callsign": "DMK104", "aircraft_type": "A359", "adep": "VTPH", "ades": "VTSM", "rfl": 150, "sid": "", "star": "", "dep_rwy": "", "arr_rwy": "", "eobt": "2025-12-23T00:08:00+00:00", "idents": ["VTPH", "HHN", "UKERA", "EGUBO", "SUPOJ", "ENRAG", "SMU", "VTSM"]}, "geometry": {"type": "LineString", "coordinates": [[99.953444, 12.630319], [99.951111, 12.634444], [100.019444, 12.035278], [100.080556, 11.477222], [100.205556, 10.278333], [100.158611, 10.039722], [100.061667, 9.546944], [100.0625, 9.548889]]}}, {"type": "Feature", "properties": {"flight_key": "DMK104_VTPH_VTSM_2025-12-23 00:08", "callsign": "DMK104", "aircraft_type": "A359", "adep": "VTPH", "ades": "VTSM", "epoch_ts": "2025-12-23 00:08:00+00:00", "altitude_ft": 62.0, "tas_kt": null, "gs_kt": 280.0, "track_deg": 331, "phase": "climb"}, "geometry": {"type": "Point", "coordinates": [99.953444, 12.630319, 18.9]}}, {"type": "Feature", "properties": {"flight_key": "DMK104_VTPH_VTSM_2025-12-23 00:08", "callsign": "DMK104", "aircraft_type": "A359", "adep": "VTPH", "ades": "VTSM", "epoch_ts": "2025-12-23 00:14:00+00:00", "altitude_ft": 5041.3, "tas_kt": null, "gs_kt": 280.0, "track_deg": 174, "phase": "climb"}, "geometry": {"type": "Point", "coordinates": [99.974159, 12.432353, 1536.6]}}, {"type": "Feature", "properties": {"flight_key": "DMK104_VTPH_VTSM_2025-12-23 00:08", "callsign": "DMK104", "aircraft_type": "A359", "adep": "VTPH", "ades": "VTSM", "epoch_ts": "2025-12-23 00:20:00+00:00", "altitude_ft": 10020.7, "tas_kt": null, "gs_kt": 280.0, "track_deg": 174, "phase": "climb"}, "geometry": {"type": "Point", "coordinates": [99.997744, 12.225554, 3054.3]}}, {"type": "Feature", "properties": {"flight_key": "DMK104_VTPH_VTSM_2025-12-23 00:08", "callsign": "DMK104", "aircraft_type": "A359", "adep": "VTPH", "ades": "VTSM", "epoch_ts": "2025-12-23 00:26:00+00:00", "altitude_ft": 15000.0, "tas_kt": null, "gs_kt": 460.0, "track_deg": 174, "phase": "cruise"}, "geometry": {"type": "Point", "coordinates": [100.021254, 12.018747, 4572.0]}}, {"type": "Feature", "properties": {"flight_key": "DMK104_VTPH_VTSM_2025-12-23 00:08", "callsign": "DMK104", "aircraft_type": "A359", "adep": "VTPH", "ades": "VTSM", "epoch_ts": "2025-12-23 00:32:00+00:00", "altitude_ft": 15000.0, "tas_kt": null, "gs_kt": 460.0, "track_deg": 174, "phase": "cruise"}, "geometry": {"type": "Point", "coordinates": [100.043912, 11.811845, 4572.0]}}, {"type": "Feature", "properties": {"flight_key": "DMK104_VTPH_VTSM_2025-12-23 00:08", "callsign": "DMK104", "aircraft_type": "A359", "adep": "VTPH", "ades": "VTSM", "epoch_ts": "2025-12-23 00:38:00+00:00", "altitude_ft": 15000.0, "tas_kt": null, "gs_kt": 460.0, "track_deg": 174, "phase": "cruise"}, "geometry": {"type": "Point", "coordinates": [100.06657, 11.604942, 4572.0]}}, {"type": "Feature", "properties": {"flight_key": "DMK104_VTPH_VTSM_2025-12-23 00:08", "callsign": "DMK104", "aircraft_type": "A359", "adep": "VTPH", "ades": "VTSM", "epoch_ts": "2025-12-23 00:44:00+00:00", "altitude_ft": 15000.0, "tas_kt": null, "gs_kt": 460.0, "track_deg": 174, "phase": "cruise"}, "geometry": {"type": "Point", "coordinates": [100.088816, 11.397995, 4572.0]}}, {"type": "Feature", "properties": {"flight_key": "DMK104_VTPH_VTSM_2025-12-23 00:08", "callsign": "DMK104", "aircraft_type": "A359", "adep": "VTPH", "ades": "VTSM", "epoch_ts": "2025-12-23 00:50:00+00:00", "altitude_ft": 15000.0, "tas_kt": null, "gs_kt": 460.0, "track_deg": 174, "phase": "cruise"}, "geometry": {"type": "Point", "coordinates": [100.110401, 11.190978, 4572.0]}}, {"type": "Feature", "properties": {"flight_key": "DMK104_VTPH_VTSM_2025-12-23 00:08", "callsign": "DMK104", "aircraft_type": "A359", "adep": "VTPH", "ades": "VTSM", "epoch_ts": "2025-12-23 00:56:00+00:00", "altitude_ft": 15000.0, "tas_kt": null, "gs_kt": 460.0, "track_deg": 174, "phase": "cruise"}, "geometry": {"type": "Point", "coordinates": [100.131985, 10.983961, 4572.0]}}, {"type": "Feature", "properties": {"flight_key": "DMK104_VTPH_VTSM_2025-12-23 00:08", "callsign": "DMK104", "aircraft_type": "A359", "adep": "VTPH", "ades": "VTSM", "epoch_ts": "2025-12-23 01:02:00+00:00", "altitude_ft": 15000.0, "tas_kt": null, "gs_kt": 460.0, "track_deg": 174, "phase": "cruise"}, "geometry": {"type": "Point", "coordinates": [100.153569, 10.776943, 4572.0]}}, {"type": "Feature", "properties": {"flight_key": "DMK104_VTPH_VTSM_2025-12-23 00:08", "callsign": "DMK104", "aircraft_type": "A359", "adep": "VTPH", "ades": "VTSM", "epoch_ts": "2025-12-23 01:08:00+00:00", "altitude_ft": 15000.0, "tas_kt": null, "gs_kt": 460.0, "track_deg": 174, "phase": "cruise"}, "geometry": {"type": "Point", "coordinates": [100.175154, 10.569926, 4572.0]}}, {"type": "Feature", "properties": {"flight_key": "DMK104_VTPH_VTSM_2025-12-23 00:08", "callsign": "DMK104", "aircraft_type": "A359", "adep": "VTPH", "ades": "VTSM", "epoch_ts": "2025-12-23 01:14:00+00:00", "altitude_ft": 15000.0, "tas_kt": null, "gs_kt": 460.0, "track_deg": 174, "phase": "cruise"}, "geometry": {"type": "Point", "coordinates": [100.196738, 10.362908, 4572.0]}}, {"type": "Feature", "properties": {"flight_key": "DMK104_VTPH_VTSM_2025-12-23 00:08", "callsign": "DMK104", "aircraft_type": "A359", "adep": "VTPH", "ades": "VTSM", "epoch_ts": "2025-12-23 01:20:00+00:00", "altitude_ft": 15000.0, "tas_kt": null, "gs_kt": 460.0, "track_deg": 191, "phase": "cruise"}, "geometry": {"type": "Point", "coordinates": [100.181791, 10.157543, 4572.0]}}, {"type": "Feature", "properties": {"flight_key": "DMK104_VTPH_VTSM_2025-12-23 00:08", "callsign": "DMK104", "aircraft_type": "A359", "adep": "VTPH", "ades": "VTSM", "epoch_ts": "2025-12-23 01:26:00+00:00", "altitude_ft": 10021.3, "tas_kt": null, "gs_kt": 270.0, "track_deg": 191, "phase": "descent"}, "geometry": {"type": "Point", "coordinates": [100.141613, 9.953318, 3054.5]}}, {"type": "Feature", "properties": {"flight_key": "DMK104_VTPH_VTSM_2025-12-23 00:08", "callsign": "DMK104", "aircraft_type": "A359", "adep": "VTPH", "ades": "VTSM", "epoch_ts": "2025-12-23 01:32:00+00:00", "altitude_ft": 5042.7, "tas_kt": null, "gs_kt": 270.0, "track_deg": 191, "phase": "descent"}, "geometry": {"type": "Point", "coordinates": [100.101436, 9.749093, 1537.0]}}, {"type": "Feature", "properties": {"flight_key": "DMK104_VTPH_VTSM_2025-12-23 00:08", "callsign": "DMK104", "aircraft_type": "A359", "adep": "VTPH", "ades": "VTSM", "epoch_ts": "2025-12-23 01:38:00+00:00", "altitude_ft": 64.0, "tas_kt": null, "gs_kt": 270.0, "track_deg": 0, "phase": "descent"}, "geometry": {"type": "Point", "coordinates": [100.0625, 9.548889, 19.5]}}, {"type": "Feature", "properties": {"feature_type": "route", "flight_key": "SEH105_VTPO_VTSM_2025-12-23 00:10", "route": "PEBLI Y28 BKK M757 MABKO W33 SMU", "callsign": "SEH105", "aircraft_type": "B77W", "adep": "VTPO", "ades": "VTSM", "rfl": 370, "sid": "PEBL1C", "star": "", "dep_rwy": "RW18", "arr_rwy": "", "eobt": "2025-12-23T00:10:00+00:00", "idents": ["VTPO", "PEBLI", "BLAFF", "BKK", "KASNI", "ASEKU", "NULBO", "MABKO", "UPNEP", "VININ", "SMU", "VTSM"]}, "geometry": {"type": "LineString", "coordinates": [[99.818333, 17.2375], [100.293333, 16.268333], [100.2975, 15.275833], [100.596111, 13.893611], [100.678333, 13.080556], [100.651389, 12.051667], [100.611944, 10.488611], [100.595278, 9.8025], [100.493333, 9.703611], [100.294444, 9.631667], [100.061667, 9.546944], [100.0625, 9.548889]]}}, {"type": "Feature", "properties": {"flight_key": "SEH105_VTPO_VTSM_2025-12-23 00:10", "callsign": "SEH105", "aircraft_type": "B77W", "adep": "VTPO", "ades": "VTSM", "epoch_ts": "2025-12-23 00:10:00+00:00", "altitude_ft": 184.0, "tas_kt": null, "gs_kt": 280.0, "track_deg": 155, "phase": "climb"}, "geometry": {"type": "Point", "coordinates": [99.818333, 17.2375, 56.1]}}, {"type": "Feature", "properties": {"flight_key": "SEH105_VTPO_VTSM_2025-12-23 00:10", "callsign": "SEH105", "aircraft_type": "B77W", "adep": "VTPO", "ades": "VTSM", "epoch_ts": "2025-12-23 00:16:00+00:00", "altitude_ft": 12456.0, "tas_kt": null, "gs_kt": 280.0, "track_deg": 155, "phase": "climb"}, "geometry": {"type": "Point", "coordinates": [100.058496, 16.747482, 3796.6]}}, {"type": "Feature", "properties": {"flight_key": "SEH105_VTPO_VTSM_2025-12-23 00:10", "callsign": "SEH105", "aircraft_type": "B77W", "adep": "VTPO", "ades": "VTSM", "epoch_ts": "2025-12-23 00:22:00+00:00", "altitude_ft": 24728.0, "tas_kt": null, "gs_kt": 280.0, "track_deg": 180, "phase": "climb"}, "geometry": {"type": "Point", "coordinates": [100.293384, 16.25623, 7537.1]}}, {"type": "Feature", "properties": {"flight_key": "SEH105_VTPO_VTSM_2025-12-23 00:10", "callsign": "SEH105", "aircraft_type": "B77W", "adep": "VTPO", "ades": "VTSM", "epoch_ts": "2025-12-23 00:28:00+00:00", "altitude_ft": 37000.0, "tas_kt": null, "gs_kt": 460.0, "track_deg": 180, "phase": "cruise"}, "geometry": {"type": "Point", "coordinates": [100.295675, 15.710528, 11277.6]}}, {"type": "Feature", "properties": {"flight_key": "SEH105_VTPO_VTSM_2025-12-23 00:10", "callsign": "SEH105", "aircraft_type": "B77W", "adep": "VTPO", "ades": "VTSM", "epoch_ts": "2025-12-23 00:34:00+00:00", "altitude_ft": 37000.0, "tas_kt": null, "gs_kt": 460.0, "track_deg": 168, "phase": "cruise"}, "geometry": {"type": "Point", "coordinates": [100.320941, 15.167328, 11277.6]}}, {"type": "Feature", "properties": {"flight_key": "SEH105_VTPO_VTSM_2025-12-23 00:10", "callsign": "SEH105", "aircraft_type": "B77W", "adep": "VTPO", "ades": "VTSM", "epoch_ts": "2025-12-23 00:40:00+00:00", "altitude_ft": 37000.0, "tas_kt": null, "gs_kt": 460.0, "track_deg": 168, "phase": "cruise"}, "geometry": {"type": "Point", "coordinates": [100.436175, 14.633927, 11277.6]}}, {"type": "Feature", "properties": {"flight_key": "SEH105_VTPO_VTSM_2025-12-23 00:10", "callsign": "SEH105", "aircraft_type": "B77W", "adep": "VTPO", "ades": "VTSM", "epoch_ts": "2025-12-23 00:46:00+00:00", "altitude_ft": 37000.0, "tas_kt": null, "gs_kt": 460.0, "track_deg": 168, "phase": "cruise"}, "geometry": {"type": "Point", "coordinates": [100.55141, 14.100526, 11277.6]}}, {"type": "Feature", "properties": {"flight_key": "SEH105_VTPO_VTSM_2025-12-23 00:10", "callsign": "SEH105", "aircraft_type": "B77W", "adep": "VTPO", "ades": "VTSM", "epoch_ts": "2025-12-23 00:52:00+00:00", "altitude_ft": 37000.0, "tas_kt": null, "gs_kt": 460.0, "track_deg": 174, "phase": "cruise"}, "geometry": {"type": "Point", "coordinates": [100.629718, 13.561288, 11277.6]}}, {"type": "Feature", "properties": {"flight_key": "SEH105_VTPO_VTSM_2025-12-23 00:10", "callsign": "SEH105", "aircraft_type": "B77W", "adep": "VTPO", "ades": "VTSM", "epoch_ts": "2025-12-23 00:58:00+00:00", "altitude_ft": 37000.0, "tas_kt": null, "gs_kt": 460.0, "track_deg": 181, "phase": "cruise"}, "geometry": {"type": "Point", "coordinates": [100.676696, 13.018055, 11277.6]}}, {"type": "Feature", "properties": {"flight_key": "SEH105_VTPO_VTSM_2025-12-23 00:10", "callsign": "SEH105", "aircraft_type": "B77W", "adep": "VTPO", "ades": "VTSM", "epoch_ts": "2025-12-23 01:04:00+00:00", "altitude_ft": 37000.0, "tas_kt": null, "gs_kt": 460.0, "track_deg": 181, "phase": "cruise"}, "geometry": {"type": "Point", "coordinates": [100.66241, 12.472535, 11277.6]}}, {"type": "Feature", "properties": {"flight_key": "SEH105_VTPO_VTSM_2025-12-23 00:10", "callsign": "SEH105", "aircraft_type": "B77W", "adep": "VTPO", "ades": "VTSM", "epoch_ts": "2025-12-23 01:10:00+00:00", "altitude_ft": 37000.0, "tas_kt": null, "gs_kt": 460.0, "track_deg": 181, "phase": "cruise"}, "geometry": {"type": "Point", "coordinates": [100.648243, 11.927012, 11277.6]}}, {"type": "Feature", "properties": {"flight_key": "SEH105_VTPO_VTSM_2025-12-23 00:10", "callsign": "SEH105", "aircraft_type": "B77W", "adep": "VTPO", "ades": "VTSM", "epoch_ts": "2025-12-23 01:16:00+00:00", "altitude_ft": 37000.0, "tas_kt": null, "gs_kt": 460.0, "track_deg": 181, "phase": "cruise"}, "geometry": {"type": "Point", "coordinates": [100.634476, 11.381479, 11277.6]}}, {"type": "Feature", "properties": {"flight_key": "SEH105_VTPO_VTSM_2025-12-23 00:10", "callsign": "SEH105", "aircraft_type": "B77W", "adep": "VTPO", "ades": "VTSM", "epoch_ts": "2025-12-23 01:22:00+00:00", "altitude_ft": 37000.0, "tas_kt": null, "gs_kt": 460.0, "track_deg": 181, "phase": "cruise"}, "geometry": {"type": "Point", "coordinates": [100.620709, 10.835946, 11277.6]}}, {"type": "Feature", "properties": {"flight_key": "SEH105_VTPO_VTSM_2025-12-23 00:10", "callsign": "SEH105", "aircraft_type": "B77W", "adep": "VTPO", "ades": "VTSM", "epoch_ts": "2025-12-23 01:28:00+00:00", "altitude_ft": 24688.0, "tas_kt": null, "gs_kt": 270.0, "track_deg": 181, "phase": "descent"}, "geometry": {"type": "Point", "coordinates": [100.60713, 10.290409, 7524.9]}}, {"type": "Feature", "properties": {"flight_key": "SEH105_VTPO_VTSM_2025-12-23 00:10", "callsign": "SEH105", "aircraft_type": "B77W", "adep": "VTPO", "ades": "VTSM", "epoch_ts": "2025-12-23 01:34:00+00:00", "altitude_ft": 12376.0, "tas_kt": null, "gs_kt": 270.0, "track_deg": 225, "phase": "descent"}, "geometry": {"type": "Point", "coordinates": [100.553895, 9.762358, 3772.2]}}, {"type": "Feature", "properties": {"flight_key": "SEH105_VTPO_VTSM_2025-12-23 00:10", "callsign": "SEH105", "aircraft_type": "B77W", "adep": "VTPO", "ades": "VTSM", "epoch_ts": "2025-12-23 01:40:00+00:00", "altitude_ft": 64.0, "tas_kt": null, "gs_kt": 270.0, "track_deg": 0, "phase": "descent"}, "geometry": {"type": "Point", "coordinates": [100.0625, 9.548889, 19.5]}}, {"type": "Feature", "properties": {"feature_type": "route", "flight_key": "NOK106_VTPB_VTSM_2025-12-23 00:12", "route": "W39 NOBER W21 BKK M757 MABKO W33 SMU", "callsign": "NOK106", "aircraft_type": "B789", "adep": "VTPB", "ades": "VTSM", "rfl": 340, "sid": "", "star": "", "dep_rwy": "", "arr_rwy": "", "eobt": "2025-12-23T00:12:00+00:00", "idents": ["VTPB", "NOBER", "BKK", "KASNI", "ASEKU", "NULBO", "MABKO", "UPNEP", "VININ", "SMU", "VTSM"]}, "geometry": {"type": "LineString", "coordinates": [[101.195108, 16.676031], [100.668333, 15.276667], [100.596111, 13.893611], [100.678333, 13.080556], [100.651389, 12.051667], [100.611944, 10.488611], [100.595278, 9.8025], [100.493333, 9.703611], [100.294444, 9.631667], [100.061667, 9.546944], [100.0625, 9.548889]]}}, {"type": "Feature", "properties": {"flight_key": "NOK106_VTPB_VTSM_2025-12-23 00:12", "callsign": "NOK106", "aircraft_type": "B789", "adep": "VTPB", "ades": "VTSM", "epoch_ts": "2025-12-23 00:12:00+00:00", "altitude_ft": 450.0, "tas_kt": null, "gs_kt": 280.0, "track_deg": 200, "phase": "climb"}, "geometry": {"type": "Point", "coordinates": [101.195108, 16.676031, 137.2]}}, {"type": "Feature", "properties": {"flight_key": "NOK106_VTPB_VTSM_2025-12-23 00:12", "callsign": "NOK106", "aircraft_type": "B789", "adep": "VTPB", "ades": "VTSM", "epoch_ts": "2025-12-23 00:18:00+00:00", "altitude_ft": 11633.3, "tas_kt": null, "gs_kt": 280.0, "track_deg": 200, "phase": "climb"}, "geometry": {"type": "Point", "coordinates": [101.017081, 16.203107, 3545.8]}}, {"type": "Feature", "properties": {"flight_key": "NOK106_VTPB_VTSM_2025-12-23 00:12", "callsign": "NOK106", "aircraft_type": "B789", "adep": "VTPB", "ades": "VTSM", "epoch_ts": "2025-12-23 00:24:00+00:00", "altitude_ft": 22816.7, "tas_kt": null, "gs_kt": 280.0, "track_deg": 200, "phase": "climb"}, "geometry": {"type": "Point", "coordinates": [100.839054, 15.730182, 6954.5]}}, {"type": "Feature", "properties": {"flight_key": "NOK106_VTPB_VTSM_2025-12-23 00:12", "callsign": "NOK106", "aircraft_type": "B789", "adep": "VTPB", "ades": "VTSM", "epoch_ts": "2025-12-23 00:30:00+00:00", "altitude_ft": 34000.0, "tas_kt": null, "gs_kt": 460.0, "track_deg": 183, "phase": "cruise"}, "geometry": {"type": "Point", "coordinates": [100.667252, 15.255957, 10363.2]}}, {"type": "Feature", "properties": {"flight_key": "NOK106_VTPB_VTSM_2025-12-23 00:12", "callsign": "NOK106", "aircraft_type": "B789", "adep": "VTPB", "ades": "VTSM", "epoch_ts": "2025-12-23 00:36:00+00:00", "altitude_ft": 34000.0, "tas_kt": null, "gs_kt": 460.0, "track_deg": 183, "phase": "cruise"}, "geometry": {"type": "Point", "coordinates": [100.6409, 14.751321, 10363.2]}}, {"type": "Feature", "properties": {"flight_key": "NOK106_VTPB_VTSM_2025-12-23 00:12", "callsign": "NOK106", "aircraft_type": "B789", "adep": "VTPB", "ades": "VTSM", "epoch_ts": "2025-12-23 00:42:00+00:00", "altitude_ft": 34000.0, "tas_kt": null, "gs_kt": 460.0, "track_deg": 183, "phase": "cruise"}, "geometry": {"type": "Point", "coordinates": [100.614548, 14.246686, 10363.2]}}, {"type": "Feature", "properties": {"flight_key": "NOK106_VTPB_VTSM_2025-12-23 00:12", "callsign": "NOK106", "aircraft_type": "B789", "adep": "VTPB", "ades": "VTSM", "epoch_ts": "2025-12-23 00:48:00+00:00", "altitude_ft": 34000.0, "tas_kt": null, "gs_kt": 460.0, "track_deg": 174, "phase": "cruise"}, "geometry": {"type": "Point", "coordinates": [100.611381, 13.742615, 10363.2]}}, {"type": "Feature", "properties": {"flight_key": "NOK106_VTPB_VTSM_2025-12-23 00:12", "callsign": "NOK106", "aircraft_type": "B789", "adep": "VTPB", "ades": "VTSM", "epoch_ts": "2025-12-23 00:54:00+00:00", "altitude_ft": 34000.0, "tas_kt": null, "gs_kt": 460.0, "track_deg": 174, "phase": "cruise"}, "geometry": {"type": "Point", "coordinates": [100.662223, 13.239856, 10363.2]}}, {"type": "Feature", "properties": {"flight_key": "NOK106_VTPB_VTSM_2025-12-23 00:12", "callsign": "NOK106", "aircraft_type": "B789", "adep": "VTPB", "ades": "VTSM", "epoch_ts": "2025-12-23 01:00:00+00:00", "altitude_ft": 34000.0, "tas_kt": null, "gs_kt": 460.0, "track_deg": 181, "phase": "cruise"}, "geometry": {"type": "Point", "coordinates": [100.669296, 12.735464, 10363.2]}}, {"type": "Feature", "properties": {"flight_key": "NOK106_VTPB_VTSM_2025-12-23 00:12", "callsign": "NOK106", "aircraft_type": "B789", "adep": "VTPB", "ades": "VTSM", "epoch_ts": "2025-12-23 01:06:00+00:00", "altitude_ft": 34000.0, "tas_kt": null, "gs_kt": 460.0, "track_deg": 181, "phase": "cruise"}, "geometry": {"type": "Point", "coordinates": [100.656067, 12.230315, 10363.2]}}, {"type": "Feature", "properties": {"flight_key": "NOK106_VTPB_VTSM_2025-12-23 00:12", "callsign": "NOK106", "aircraft_type": "B789", "adep": "VTPB", "ades": "VTSM", "epoch_ts": "2025-12-23 01:12:00+00:00", "altitude_ft": 34000.0, "tas_kt": null, "gs_kt": 460.0, "track_deg": 181, "phase": "cruise"}, "geometry": {"type": "Point", "coordinates": [100.643149, 11.725157, 10363.2]}}, {"type": "Feature", "properties": {"flight_key": "NOK106_VTPB_VTSM_2025-12-23 00:12", "callsign": "NOK106", "aircraft_type": "B789", "adep": "VTPB", "ades": "VTSM", "epoch_ts": "2025-12-23 01:18:00+00:00", "altitude_ft": 34000.0, "tas_kt": null, "gs_kt": 460.0, "track_deg": 181, "phase": "cruise"}, "geometry": {"type": "Point", "coordinates": [100.630401, 11.219995, 10363.2]}}, {"type": "Feature", "properties": {"flight_key": "NOK106_VTPB_VTSM_2025-12-23 00:12", "callsign": "NOK106", "aircraft_type": "B789", "adep": "VTPB", "ades": "VTSM", "epoch_ts": "2025-12-23 01:24:00+00:00", "altitude_ft": 34000.0, "tas_kt": null, "gs_kt": 460.0, "track_deg": 181, "phase": "cruise"}, "geometry": {"type": "Point", "coordinates": [100.617653, 10.714833, 10363.2]}}, {"type": "Feature", "properties": {"flight_key": "NOK106_VTPB_VTSM_2025-12-23 00:12", "callsign": "NOK106", "aircraft_type": "B789", "adep": "VTPB", "ades": "VTSM", "epoch_ts": "2025-12-23 01:30:00+00:00", "altitude_ft": 22688.0, "tas_kt": null, "gs_kt": 270.0, "track_deg": 181, "phase": "descent"}, "geometry": {"type": "Point", "coordinates": [100.605168, 10.209665, 6915.3]}}, {"type": "Feature", "properties": {"flight_key": "NOK106_VTPB_VTSM_2025-12-23 00:12", "callsign": "NOK106", "aircraft_type": "B789", "adep": "VTPB", "ades": "VTSM", "epoch_ts": "2025-12-23 01:36:00+00:00", "altitude_ft": 11376.0, "tas_kt": null, "gs_kt": 270.0, "track_deg": 225, "phase": "descent"}, "geometry": {"type": "Point", "coordinates": [100.524908, 9.73424, 3467.4]}}, {"type": "Feature", "properties": {"flight_key": "NOK106_VTPB_VTSM_2025-12-23 00:12", "callsign": "NOK106", "aircraft_type": "B789", "adep": "VTPB", "ades": "VTSM", "epoch_ts": "2025-12-23 01:42:00+00:00", "altitude_ft": 64.0, "tas_kt": null, "gs_kt": 270.0, "track_deg": 0, "phase": "descent"}, "geometry": {"type": "Point", "coordinates": [100.0625, 9.548889, 19.5]}}, {"type": "Feature", "properties": {"feature_type": "route", "flight_key": "THD107_VTCT_VTSB_2025-12-23 00:14", "route": "DUBEN W29 PSL W9 BKK G458 IKERA", "callsign": "THD107", "aircraft_type": "B763", "adep": "VTCT", "ades": "VTSB", "rfl": 200, "sid": "DUBE1A", "star": "IKER1A", "dep_rwy": "RW03", "arr_rwy": "RW22", "eobt": "2025-12-23T00:14:00+00:00", "idents": ["VTCT", "DUBEN", "NAN", "UTTAR", "GOSTA", "PSL", "PEBLI", "BLAFF", "BKK", "MOTNA", "HOTEL", "UKERA", "MENEX", "APRIL", "IKERA", "VTSB"]}, "geometry": {"type": "LineString", "coordinates": [[99.882956, 19.95235], [100.201944, 19.546944], [100.7825, 18.809167], [100.451667, 17.718056], [100.375, 17.265833], [100.291389, 16.770278], [100.293333, 16.268333], [100.2975, 15.275833], [100.596111, 13.893611], [100.385, 13.186111], [100.33, 13.001667], [100.019444, 12.035278], [99.761944, 11.141944], [99.718611, 11.001944], [99.258889, 9.529444], [99.139167, 9.136111]]}}, {"type": "Feature", "properties": {"flight_key": "THD107_VTCT_VTSB_2025-12-23 00:14", "callsign": "THD107", "aircraft_type": "B763", "adep": "VTCT", "ades": "VTSB", "epoch_ts": "2025-12-23 00:14:00+00:00", "altitude_ft": 1280.0, "tas_kt": null, "gs_kt": 280.0, "track_deg": 144, "phase": "climb"}, "geometry": {"type": "Point", "coordinates": [99.882956, 19.95235, 390.1]}}, {"type": "Feature", "properties": {"flight_key": "THD107_VTCT_VTSB_2025-12-23 00:14", "callsign": "THD107", "aircraft_type": "B763", "adep": "VTCT", "ades": "VTSB", "epoch_ts": "2025-12-23 00:20:00+00:00", "altitude_ft": 7520.0, "tas_kt": null, "gs_kt": 280.0, "track_deg": 143, "phase": "climb"}, "geometry": {"type": "Point", "coordinates": [100.354591, 19.352958, 2292.1]}}, {"type": "Feature", "properties": {"flight_key": "THD107_VTCT_VTSB_2025-12-23 00:14", "callsign": "THD107", "aircraft_type": "B763", "adep": "VTCT", "ades": "VTSB", "epoch_ts": "2025-12-23 00:26:00+00:00", "altitude_ft": 13760.0, "tas_kt": null, "gs_kt": 280.0, "track_deg": 196, "phase": "climb"}, "geometry": {"type": "Point", "coordinates": [100.761975, 18.741475, 4194.0]}}, {"type": "Feature", "properties": {"flight_key": "THD107_VTCT_VTSB_2025-12-23 00:14", "callsign": "THD107", "aircraft_type": "B763", "adep": "VTCT", "ades": "VTSB", "epoch_ts": "2025-12-23 00:32:00+00:00", "altitude_ft": 20000.0, "tas_kt": null, "gs_kt": 460.0, "track_deg": 196, "phase": "cruise"}, "geometry": {"type": "Point", "coordinates": [100.540668, 18.011589, 6096.0]}}, {"type": "Feature", "properties": {"flight_key": "THD107_VTCT_VTSB_2025-12-23 00:14", "callsign": "THD107", "aircraft_type": "B763", "adep": "VTCT", "ades": "VTSB", "epoch_ts": "2025-12-23 00:38:00+00:00", "altitude_ft": 20000.0, "tas_kt": null, "gs_kt": 460.0, "track_deg": 189, "phase": "cruise"}, "geometry": {"type": "Point", "coordinates": [100.375452, 17.268501, 6096.0]}}, {"type": "Feature", "properties": {"flight_key": "THD107_VTCT_VTSB_2025-12-23 00:14", "callsign": "THD107", "aircraft_type": "B763", "adep": "VTCT", "ades": "VTSB", "epoch_ts": "2025-12-23 00:44:00+00:00", "altitude_ft": 20000.0, "tas_kt": null, "gs_kt": 460.0, "track_deg": 180, "phase": "cruise"}, "geometry": {"type": "Point", "coordinates": [100.292386, 16.512845, 6096.0]}}, {"type": "Feature", "properties": {"flight_key": "THD107_VTCT_VTSB_2025-12-23 00:14", "callsign": "THD107", "aircraft_type": "B763", "adep": "VTCT", "ades": "VTSB", "epoch_ts": "2025-12-23 00:50:00+00:00", "altitude_ft": 20000.0, "tas_kt": null, "gs_kt": 460.0, "track_deg": 180, "phase": "cruise"}, "geometry": {"type": "Point", "coordinates": [100.295509, 15.750152, 6096.0]}}, {"type": "Feature", "properties": {"flight_key": "THD107_VTCT_VTSB_2025-12-23 00:14", "callsign": "THD107", "aircraft_type": "B763", "adep": "VTCT", "ades": "VTSB", "epoch_ts": "2025-12-23 00:56:00+00:00", "altitude_ft": 20000.0, "tas_kt": null, "gs_kt": 460.0, "track_deg": 168, "phase": "cruise"}, "geometry": {"type": "Point", "coordinates": [100.358395, 14.99396, 6096.0]}}, {"type": "Feature", "properties": {"flight_key": "THD107_VTCT_VTSB_2025-12-23 00:14", "callsign": "THD107", "aircraft_type": "B763", "adep": "VTCT", "ades": "VTSB", "epoch_ts": "2025-12-23 01:02:00+00:00", "altitude_ft": 20000.0, "tas_kt": null, "gs_kt": 460.0, "track_deg": 168, "phase": "cruise"}, "geometry": {"type": "Point", "coordinates": [100.519451, 14.248459, 6096.0]}}, {"type": "Feature", "properties": {"flight_key": "THD107_VTCT_VTSB_2025-12-23 00:14", "callsign": "THD107", "aircraft_type": "B763", "adep": "VTCT", "ades": "VTSB", "epoch_ts": "2025-12-23 01:08:00+00:00", "altitude_ft": 20000.0, "tas_kt": null, "gs_kt": 460.0, "track_deg": 196, "phase": "cruise"}, "geometry": {"type": "Point", "coordinates": [100.481834, 13.510632, 6096.0]}}, {"type": "Feature", "properties": {"flight_key": "THD107_VTCT_VTSB_2025-12-23 00:14", "callsign": "THD107", "aircraft_type": "B763", "adep": "VTCT", "ades": "VTSB", "epoch_ts": "2025-12-23 01:14:00+00:00", "altitude_ft": 20000.0, "tas_kt": null, "gs_kt": 460.0, "track_deg": 197, "phase": "cruise"}, "geometry": {"type": "Point", "coordinates": [100.259152, 12.781202, 6096.0]}}, {"type": "Feature", "properties": {"flight_key": "THD107_VTCT_VTSB_2025-12-23 00:14", "callsign": "THD107", "aircraft_type": "B763", "adep": "VTCT", "ades": "VTSB", "epoch_ts": "2025-12-23 01:20:00+00:00", "altitude_ft": 20000.0, "tas_kt": null, "gs_kt": 460.0, "track_deg": 197, "phase": "cruise"}, "geometry": {"type": "Point", "coordinates": [100.025806, 12.055075, 6096.0]}}, {"type": "Feature", "properties": {"flight_key": "THD107_VTCT_VTSB_2025-12-23 00:14", "callsign": "THD107", "aircraft_type": "B763", "adep": "VTCT", "ades": "VTSB", "epoch_ts": "2025-12-23 01:26:00+00:00", "altitude_ft": 20000.0, "tas_kt": null, "gs_kt": 460.0, "track_deg": 196, "phase": "cruise"}, "geometry": {"type": "Point", "coordinates": [99.813959, 11.322397, 6096.0]}}, {"type": "Feature", "properties": {"flight_key": "THD107_VTCT_VTSB_2025-12-23 00:14", "callsign": "THD107", "aircraft_type": "B763", "adep": "VTCT", "ades": "VTSB", "epoch_ts": "2025-12-23 01:32:00+00:00", "altitude_ft": 13339.3, "tas_kt": null, "gs_kt": 270.0, "track_deg": 197, "phase": "descent"}, "geometry": {"type": "Point", "coordinates": [99.590956, 10.593062, 4065.8]}}, {"type": "Feature", "properties": {"flight_key": "THD107_VTCT_VTSB_2025-12-23 00:14", "callsign": "THD107", "aircraft_type": "B763", "adep": "VTCT", "ades": "VTSB", "epoch_ts": "2025-12-23 01:38:00+00:00", "altitude_ft": 6678.7, "tas_kt": null, "gs_kt": 270.0, "track_deg": 197, "phase": "descent"}, "geometry": {"type": "Point", "coordinates": [99.363657, 9.865019, 2035.7]}}, {"type": "Feature", "properties": {"flight_key": "THD107_VTCT_VTSB_2025-12-23 00:14", "callsign": "THD107", "aircraft_type": "B763", "adep": "VTCT", "ades": "VTSB", "epoch_ts": "2025-12-23 01:44:00+00:00", "altitude_ft": 18.0, "tas_kt": null, "gs_kt": 270.0, "track_deg": 0, "phase": "descent"}, "geometry": {"type": "Point", "coordinates": [99.139167, 9.136111, 5.5]}}, {"type": "Feature", "properties": {"feature_type": "route", "flight_key": "TVJ108_VTPM_VTSP_2025-12-23 00:16", "route": "KADAV W26 IGPOP Y7 BKK Y8 SAVSA", "callsign": "TVJ108", "aircraft_type": "B738", "adep": "VTPM", "ades": "VTSP", "rfl": 340, "sid": "KADA1A", "star": "SAVS1C", "dep_rwy": "RW09", "arr_rwy": "RW09", "eobt": "2025-12-23T00:16:00+00:00", "idents": ["VTPM", "KADAV", "TK", "IGPOP", "PAKMO", "BLAFF", "BKK", "MOTNA", "SABIS", "VANKO", "BUXEL", "MENEX", "IKERA", "STN", "LAMUL", "SAVSA", "VTSP"]}, "geometry": {"type": "LineString", "coordinates": [[98.550122, 16.699925], [98.894722, 16.798333], [99.252222, 16.899444], [99.785556, 16.833889], [99.948889, 16.336944], [100.2975, 15.275833], [100.596111, 13.893611], [100.385, 13.186111], [100.190278, 12.999722], [99.760556, 12.586389], [99.761111, 11.728333], [99.761944, 11.141944], [99.258889, 9.529444], [99.134722, 9.129444], [98.868889, 8.805], [98.624722, 8.504444], [98.309167, 8.1125]]}}, {"type": "Feature", "properties": {"flight_key": "TVJ108_VTPM_VTSP_2025-12-23 00:16", "callsign": "TVJ108", "aircraft_type": "B738", "adep": "VTPM", "ades": "VTSP", "epoch_ts": "2025-12-23 00:16:00+00:00", "altitude_ft": 691.0, "tas_kt": null, "gs_kt": 280.0, "track_deg": 73, "phase": "climb"}, "geometry": {"type": "Point", "coordinates": [98.550122, 16.699925, 210.6]}}, {"type": "Feature", "properties": {"flight_key": "TVJ108_VTPM_VTSP_2025-12-23 00:16", "callsign": "TVJ108", "aircraft_type": "B738", "adep": "VTPM", "ades": "VTSP", "epoch_ts": "2025-12-23 00:22:00+00:00", "altitude_ft": 11794.0, "tas_kt": null, "gs_kt": 280.0, "track_deg": 74, "phase": "climb"}, "geometry": {"type": "Point", "coordinates": [99.241912, 16.896528, 3594.8]}}, {"type": "Feature", "properties": {"flight_key": "TVJ108_VTPM_VTSP_2025-12-23 00:16", "callsign": "TVJ108", "aircraft_type": "B738", "adep": "VTPM", "ades": "VTSP", "epoch_ts": "2025-12-23 00:28:00+00:00", "altitude_ft": 22897.0, "tas_kt": null, "gs_kt": 280.0, "track_deg": 163, "phase": "climb"}, "geometry": {"type": "Point", "coordinates": [99.838987, 16.671323, 6979.0]}}, {"type": "Feature", "properties": {"flight_key": "TVJ108_VTPM_VTSP_2025-12-23 00:16", "callsign": "TVJ108", "aircraft_type": "B738", "adep": "VTPM", "ades": "VTSP", "epoch_ts": "2025-12-23 00:34:00+00:00", "altitude_ft": 34000.0, "tas_kt": null, "gs_kt": 460.0, "track_deg": 162, "phase": "cruise"}, "geometry": {"type": "Point", "coordinates": [100.063502, 15.988081, 10363.2]}}, {"type": "Feature", "properties": {"flight_key": "TVJ108_VTPM_VTSP_2025-12-23 00:16", "callsign": "TVJ108", "aircraft_type": "B738", "adep": "VTPM", "ades": "VTSP", "epoch_ts": "2025-12-23 00:40:00+00:00", "altitude_ft": 34000.0, "tas_kt": null, "gs_kt": 460.0, "track_deg": 162, "phase": "cruise"}, "geometry": {"type": "Point", "coordinates": [100.287975, 15.304825, 10363.2]}}, {"type": "Feature", "properties": {"flight_key": "TVJ108_VTPM_VTSP_2025-12-23 00:16", "callsign": "TVJ108", "aircraft_type": "B738", "adep": "VTPM", "ades": "VTSP", "epoch_ts": "2025-12-23 00:46:00+00:00", "altitude_ft": 34000.0, "tas_kt": null, "gs_kt": 460.0, "track_deg": 168, "phase": "cruise"}, "geometry": {"type": "Point", "coordinates": [100.442923, 14.602695, 10363.2]}}, {"type": "Feature", "properties": {"flight_key": "TVJ108_VTPM_VTSP_2025-12-23 00:16", "callsign": "TVJ108", "aircraft_type": "B738", "adep": "VTPM", "ades": "VTSP", "epoch_ts": "2025-12-23 00:52:00+00:00", "altitude_ft": 34000.0, "tas_kt": null, "gs_kt": 460.0, "track_deg": 168, "phase": "cruise"}, "geometry": {"type": "Point", "coordinates": [100.59479, 13.899728, 10363.2]}}, {"type": "Feature", "properties": {"flight_key": "TVJ108_VTPM_VTSP_2025-12-23 00:16", "callsign": "TVJ108", "aircraft_type": "B738", "adep": "VTPM", "ades": "VTSP", "epoch_ts": "2025-12-23 00:58:00+00:00", "altitude_ft": 34000.0, "tas_kt": null, "gs_kt": 460.0, "track_deg": 196, "phase": "cruise"}, "geometry": {"type": "Point", "coordinates": [100.392262, 13.210449, 10363.2]}}, {"type": "Feature", "properties": {"flight_key": "TVJ108_VTPM_VTSP_2025-12-23 00:16", "callsign": "TVJ108", "aircraft_type": "B738", "adep": "VTPM", "ades": "VTSP", "epoch_ts": "2025-12-23 01:04:00+00:00", "altitude_ft": 34000.0, "tas_kt": null, "gs_kt": 460.0, "track_deg": 225, "phase": "cruise"}, "geometry": {"type": "Point", "coordinates": [99.884524, 12.705629, 10363.2]}}, {"type": "Feature", "properties": {"flight_key": "TVJ108_VTPM_VTSP_2025-12-23 00:16", "callsign": "TVJ108", "aircraft_type": "B738", "adep": "VTPM", "ades": "VTSP", "epoch_ts": "2025-12-23 01:10:00+00:00", "altitude_ft": 34000.0, "tas_kt": null, "gs_kt": 460.0, "track_deg": 180, "phase": "cruise"}, "geometry": {"type": "Point", "coordinates": [99.76091, 12.039212, 10363.2]}}, {"type": "Feature", "properties": {"flight_key": "TVJ108_VTPM_VTSP_2025-12-23 00:16", "callsign": "TVJ108", "aircraft_type": "B738", "adep": "VTPM", "ades": "VTSP", "epoch_ts": "2025-12-23 01:16:00+00:00", "altitude_ft": 34000.0, "tas_kt": null, "gs_kt": 460.0, "track_deg": 180, "phase": "cruise"}, "geometry": {"type": "Point", "coordinates": [99.761691, 11.320028, 10363.2]}}, {"type": "Feature", "properties": {"flight_key": "TVJ108_VTPM_VTSP_2025-12-23 00:16", "callsign": "TVJ108", "aircraft_type": "B738", "adep": "VTPM", "ades": "VTSP", "epoch_ts": "2025-12-23 01:22:00+00:00", "altitude_ft": 34000.0, "tas_kt": null, "gs_kt": 460.0, "track_deg": 197, "phase": "cruise"}, "geometry": {"type": "Point", "coordinates": [99.600796, 10.625397, 10363.2]}}, {"type": "Feature", "properties": {"flight_key": "TVJ108_VTPM_VTSP_2025-12-23 00:16", "callsign": "TVJ108", "aircraft_type": "B738", "adep": "VTPM", "ades": "VTSP", "epoch_ts": "2025-12-23 01:28:00+00:00", "altitude_ft": 34000.0, "tas_kt": null, "gs_kt": 460.0, "track_deg": 197, "phase": "cruise"}, "geometry": {"type": "Point", "coordinates": [99.386611, 9.938846, 10363.2]}}, {"type": "Feature", "properties": {"flight_key": "TVJ108_VTPM_VTSP_2025-12-23 00:16", "callsign": "TVJ108", "aircraft_type": "B738", "adep": "VTPM", "ades": "VTSP", "epoch_ts": "2025-12-23 01:34:00+00:00", "altitude_ft": 22674.0, "tas_kt": null, "gs_kt": 270.0, "track_deg": 197, "phase": "descent"}, "geometry": {"type": "Point", "coordinates": [99.17282, 9.252174, 6911.0]}}, {"type": "Feature", "properties": {"flight_key": "TVJ108_VTPM_VTSP_2025-12-23 00:16", "callsign": "TVJ108", "aircraft_type": "B738", "adep": "VTPM", "ades": "VTSP", "epoch_ts": "2025-12-23 01:40:00+00:00", "altitude_ft": 11348.0, "tas_kt": null, "gs_kt": 270.0, "track_deg": 219, "phase": "descent"}, "geometry": {"type": "Point", "coordinates": [98.760918, 8.672094, 3458.9]}}, {"type": "Feature", "properties": {"flight_key": "TVJ108_VTPM_VTSP_2025-12-23 00:16", "callsign": "TVJ108", "aircraft_type": "B738", "adep": "VTPM", "ades": "VTSP", "epoch_ts": "2025-12-23 01:46:00+00:00", "altitude_ft": 22.0, "tas_kt": null, "gs_kt": 270.0, "track_deg": 0, "phase": "descent"}, "geometry": {"type": "Point", "coordinates": [98.309167, 8.1125, 6.7]}}, {"type": "Feature", "properties": {"feature_type": "route", "flight_key": "PGY109_VTSC_VTBS_2025-12-23 00:18", "route": "NTW W19 GUTSO DCT LEBIM", "callsign": "PGY109", "aircraft_type": "A320", "adep": "VTSC", "ades": "VTBS", "rfl": 160, "sid": "", "star": "LEBI1C", "dep_rwy": "", "arr_rwy": "RW19", "eobt": "2025-12-23T00:18:00+00:00", "idents": ["VTSC", "NTW", "GUTSO", "LEBIM", "VTBS"]}, "geometry": {"type": "LineString", "coordinates": [[101.7425, 6.517778], [101.745139, 6.527278], [100.581667, 12.805556], [100.473611, 13.0875], [100.748889, 13.685833]]}}, {"type": "Feature", "properties": {"flight_key": "PGY109_VTSC_VTBS_2025-12-23 00:18", "callsign": "PGY109", "aircraft_type": "A320", "adep": "VTSC", "ades": "VTBS", "epoch_ts": "2025-12-23 00:18:00+00:00", "altitude_ft": 23.0, "tas_kt": null, "gs_kt": 280.0, "track_deg": 15, "phase": "climb"}, "geometry": {"type": "Point", "coordinates": [101.7425, 6.517778, 7.0]}}, {"type": "Feature", "properties": {"flight_key": "PGY109_VTSC_VTBS_2025-12-23 00:18", "callsign": "PGY109", "aircraft_type": "A320", "adep": "VTSC", "ades": "VTBS", "epoch_ts": "2025-12-23 00:24:00+00:00", "altitude_ft": 5348.7, "tas_kt": null, "gs_kt": 280.0, "track_deg": 350, "phase": "climb"}, "geometry": {"type": "Point", "coordinates": [101.657582, 6.999747, 1630.3]}}, {"type": "Feature", "properties": {"flight_key": "PGY109_VTSC_VTBS_2025-12-23 00:18", "callsign": "PGY109", "aircraft_type": "A320", "adep": "VTSC", "ades": "VTBS", "epoch_ts": "2025-12-23 00:30:00+00:00", "altitude_ft": 10674.3, "tas_kt": null, "gs_kt": 280.0, "track_deg": 350, "phase": "climb"}, "geometry": {"type": "Point", "coordinates": [101.568229, 7.48191, 3253.5]}}, {"type": "Feature", "properties": {"flight_key": "PGY109_VTSC_VTBS_2025-12-23 00:18", "callsign": "PGY109", "aircraft_type": "A320", "adep": "VTSC", "ades": "VTBS", "epoch_ts": "2025-12-23 00:36:00+00:00", "altitude_ft": 16000.0, "tas_kt": null, "gs_kt": 460.0, "track_deg": 350, "phase": "cruise"}, "geometry": {"type": "Point", "coordinates": [101.478876, 7.964074, 4876.8]}}, {"type": "Feature", "properties": {"flight_key": "PGY109_VTSC_VTBS_2025-12-23 00:18", "callsign": "PGY109", "aircraft_type": "A320", "adep": "VTSC", "ades": "VTBS", "epoch_ts": "2025-12-23 00:42:00+00:00", "altitude_ft": 16000.0, "tas_kt": null, "gs_kt": 460.0, "track_deg": 350, "phase": "cruise"}, "geometry": {"type": "Point", "coordinates": [101.389523, 8.446237, 4876.8]}}, {"type": "Feature", "properties": {"flight_key": "PGY109_VTSC_VTBS_2025-12-23 00:18", "callsign": "PGY109", "aircraft_type": "A320", "adep": "VTSC", "ades": "VTBS", "epoch_ts": "2025-12-23 00:48:00+00:00", "altitude_ft": 16000.0, "tas_kt": null, "gs_kt": 460.0, "track_deg": 350, "phase": "cruise"}, "geometry": {"type": "Point", "coordinates": [101.30017, 8.928401, 4876.8]}}, {"type": "Feature", "properties": {"flight_key": "PGY109_VTSC_VTBS_2025-12-23 00:18", "callsign": "PGY109", "aircraft_type": "A320", "adep": "VTSC", "ades": "VTBS", "epoch_ts": "2025-12-23 00:54:00+00:00", "altitude_ft": 16000.0, "tas_kt": null, "gs_kt": 460.0, "track_deg": 350, "phase": "cruise"}, "geometry": {"type": "Point", "coordinates": [101.210817, 9.410565, 4876.8]}}, {"type": "Feature", "properties": {"flight_key": "PGY109_VTSC_VTBS_2025-12-23 00:18", "callsign": "PGY109", "aircraft_type": "A320", "adep": "VTSC", "ades": "VTBS", "epoch_ts": "2025-12-23 01:00:00+00:00", "altitude_ft": 16000.0, "tas_kt": null, "gs_kt": 460.0, "track_deg": 350, "phase": "cruise"}, "geometry": {"type": "Point", "coordinates": [101.121464, 9.892728, 4876.8]}}, {"type": "Feature", "properties": {"flight_key": "PGY109_VTSC_VTBS_2025-12-23 00:18", "callsign": "PGY109", "aircraft_type": "A320", "adep": "VTSC", "ades": "VTBS", "epoch_ts": "2025-12-23 01:06:00+00:00", "altitude_ft": 16000.0, "tas_kt": null, "gs_kt": 460.0, "track_deg": 350, "phase": "cruise"}, "geometry": {"type": "Point", "coordinates": [101.032111, 10.374892, 4876.8]}}, {"type": "Feature", "properties": {"flight_key": "PGY109_VTSC_VTBS_2025-12-23 00:18", "callsign": "PGY109", "aircraft_type": "A320", "adep": "VTSC", "ades": "VTBS", "epoch_ts": "2025-12-23 01:12:00+00:00", "altitude_ft": 16000.0, "tas_kt": null, "gs_kt": 460.0, "track_deg": 350, "phase": "cruise"}, "geometry": {"type": "Point", "coordinates": [100.942757, 10.857055, 4876.8]}}, {"type": "Feature", "properties": {"flight_key": "PGY109_VTSC_VTBS_2025-12-23 00:18", "callsign": "PGY109", "aircraft_type": "A320", "adep": "VTSC", "ades": "VTBS", "epoch_ts": "2025-12-23 01:18:00+00:00", "altitude_ft": 16000.0, "tas_kt": null, "gs_kt": 460.0, "track_deg": 350, "phase": "cruise"}, "geometry": {"type": "Point", "coordinates": [100.853404, 11.339219, 4876.8]}}, {"type": "Feature", "properties": {"flight_key": "PGY109_VTSC_VTBS_2025-12-23 00:18", "callsign": "PGY109", "aircraft_type": "A320", "adep": "VTSC", "ades": "VTBS", "epoch_ts": "2025-12-23 01:24:00+00:00", "altitude_ft": 16000.0, "tas_kt": null, "gs_kt": 460.0, "track_deg": 350, "phase": "cruise"}, "geometry": {"type": "Point", "coordinates": [100.764051, 11.821382, 4876.8]}}, {"type": "Feature", "properties": {"flight_key": "PGY109_VTSC_VTBS_2025-12-23 00:18", "callsign": "PGY109", "aircraft_type": "A320", "adep": "VTSC", "ades": "VTBS", "epoch_ts": "2025-12-23 01:30:00+00:00", "altitude_ft": 16000.0, "tas_kt": null, "gs_kt": 460.0, "track_deg": 350, "phase": "cruise"}, "geometry": {"type": "Point", "coordinates": [100.674698, 12.303546, 4876.8]}}, {"type": "Feature", "properties": {"flight_key": "PGY109_VTSC_VTBS_2025-12-23 00:18", "callsign": "PGY109", "aircraft_type": "A320", "adep": "VTSC", "ades": "VTBS", "epoch_ts": "2025-12-23 01:36:00+00:00", "altitude_ft": 10667.9, "tas_kt": null, "gs_kt": 270.0, "track_deg": 350, "phase": "descent"}, "geometry": {"type": "Point", "coordinates": [100.585345, 12.785709, 3251.6]}}, {"type": "Feature", "properties": {"flight_key": "PGY109_VTSC_VTBS_2025-12-23 00:18", "callsign": "PGY109", "aircraft_type": "A320", "adep": "VTSC", "ades": "VTBS", "epoch_ts": "2025-12-23 01:42:00+00:00", "altitude_ft": 5335.8, "tas_kt": null, "gs_kt": 270.0, "track_deg": 24, "phase": "descent"}, "geometry": {"type": "Point", "coordinates": [100.543932, 13.240347, 1626.4]}}, {"type": "Feature", "properties": {"flight_key": "PGY109_VTSC_VTBS_2025-12-23 00:18", "callsign": "PGY109", "aircraft_type": "A320", "adep": "VTSC", "ades": "VTBS", "epoch_ts": "2025-12-23 01:48:00+00:00", "altitude_ft": 3.7, "tas_kt": null, "gs_kt": 270.0, "track_deg": 0, "phase": "descent"}, "geometry": {"type": "Point", "coordinates": [100.748889, 13.685833, 1.1]}}, {"type": "Feature", "properties": {"feature_type": "route", "flight_key": "THA110_VTSB_VTBD_2025-12-23 00:20", "route": "IKERA G458 HOTEL DCT SABAI", "callsign": "THA110", "aircraft_type": "A321", "adep": "VTSB", "ades": "VTBD", "rfl": 230, "sid": "", "star": "SABA1B", "dep_rwy": "", "arr_rwy": "RW03L", "eobt": "2025-12-23T00:20:00+00:00", "idents": ["VTSB", "IKERA", "APRIL", "MENEX", "UKERA", "HOTEL", "SABAI", "VTBD"]}, "geometry": {"type": "LineString", "coordinates": [[99.139167, 9.136111], [99.258889, 9.529444], [99.718611, 11.001944], [99.761944, 11.141944], [100.019444, 12.035278], [100.33, 13.001667], [100.327564, 13.122814], [100.605692, 13.914372]]}}, {"type": "Feature", "properties": {"flight_key": "THA110_VTSB_VTBD_2025-12-23 00:20", "callsign": "THA110", "aircraft_type": "A321", "adep": "VTSB", "ades": "VTBD", "epoch_ts": "2025-12-23 00:20:00+00:00", "altitude_ft": 20.0, "tas_kt": null, "gs_kt": 280.0, "track_deg": 17, "phase": "climb"}, "geometry": {"type": "Point", "coordinates": [99.139167, 9.136111, 6.1]}}, {"type": "Feature", "properties": {"flight_key": "THA110_VTSB_VTBD_2025-12-23 00:20", "callsign": "THA110", "aircraft_type": "A321", "adep": "VTSB", "ades": "VTBD", "epoch_ts": "2025-12-23 00:26:00+00:00", "altitude_ft": 7680.0, "tas_kt": null, "gs_kt": 280.0, "track_deg": 17, "phase": "climb"}, "geometry": {"type": "Point", "coordinates": [99.236331, 9.455334, 2340.9]}}, {"type": "Feature", "properties": {"flight_key": "THA110_VTSB_VTBD_2025-12-23 00:20", "callsign": "THA110", "aircraft_type": "A321", "adep": "VTSB", "ades": "VTBD", "epoch_ts": "2025-12-23 00:32:00+00:00", "altitude_ft": 15340.0, "tas_kt": null, "gs_kt": 280.0, "track_deg": 17, "phase": "climb"}, "geometry": {"type": "Point", "coordinates": [99.335246, 9.774017, 4675.6]}}, {"type": "Feature", "properties": {"flight_key": "THA110_VTSB_VTBD_2025-12-23 00:20", "callsign": "THA110", "aircraft_type": "A321", "adep": "VTSB", "ades": "VTBD", "epoch_ts": "2025-12-23 00:38:00+00:00", "altitude_ft": 23000.0, "tas_kt": null, "gs_kt": 460.0, "track_deg": 17, "phase": "cruise"}, "geometry": {"type": "Point", "coordinates": [99.434689, 10.092537, 7010.4]}}, {"type": "Feature", "properties": {"flight_key": "THA110_VTSB_VTBD_2025-12-23 00:20", "callsign": "THA110", "aircraft_type": "A321", "adep": "VTSB", "ades": "VTBD", "epoch_ts": "2025-12-23 00:44:00+00:00", "altitude_ft": 23000.0, "tas_kt": null, "gs_kt": 460.0, "track_deg": 17, "phase": "cruise"}, "geometry": {"type": "Point", "coordinates": [99.534133, 10.411057, 7010.4]}}, {"type": "Feature", "properties": {"flight_key": "THA110_VTSB_VTBD_2025-12-23 00:20", "callsign": "THA110", "aircraft_type": "A321", "adep": "VTSB", "ades": "VTBD", "epoch_ts": "2025-12-23 00:50:00+00:00", "altitude_ft": 23000.0, "tas_kt": null, "gs_kt": 460.0, "track_deg": 17, "phase": "cruise"}, "geometry": {"type": "Point", "coordinates": [99.633576, 10.729577, 7010.4]}}, {"type": "Feature", "properties": {"flight_key": "THA110_VTSB_VTBD_2025-12-23 00:20", "callsign": "THA110", "aircraft_type": "A321", "adep": "VTSB", "ades": "VTBD", "epoch_ts": "2025-12-23 00:56:00+00:00", "altitude_ft": 23000.0, "tas_kt": null, "gs_kt": 460.0, "track_deg": 17, "phase": "cruise"}, "geometry": {"type": "Point", "coordinates": [99.732907, 11.048132, 7010.4]}}, {"type": "Feature", "properties": {"flight_key": "THA110_VTSB_VTBD_2025-12-23 00:20", "callsign": "THA110", "aircraft_type": "A321", "adep": "VTSB", "ades": "VTBD", "epoch_ts": "2025-12-23 01:02:00+00:00", "altitude_ft": 23000.0, "tas_kt": null, "gs_kt": 460.0, "track_deg": 16, "phase": "cruise"}, "geometry": {"type": "Point", "coordinates": [99.827165, 11.368211, 7010.4]}}, {"type": "Feature", "properties": {"flight_key": "THA110_VTSB_VTBD_2025-12-23 00:20", "callsign": "THA110", "aircraft_type": "A321", "adep": "VTSB", "ades": "VTBD", "epoch_ts": "2025-12-23 01:08:00+00:00", "altitude_ft": 23000.0, "tas_kt": null, "gs_kt": 460.0, "track_deg": 16, "phase": "cruise"}, "geometry": {"type": "Point", "coordinates": [99.919584, 11.688839, 7010.4]}}, {"type": "Feature", "properties": {"flight_key": "THA110_VTSB_VTBD_2025-12-23 00:20", "callsign": "THA110", "aircraft_type": "A321", "adep": "VTSB", "ades": "VTBD", "epoch_ts": "2025-12-23 01:14:00+00:00", "altitude_ft": 23000.0, "tas_kt": null, "gs_kt": 460.0, "track_deg": 16, "phase": "cruise"}, "geometry": {"type": "Point", "coordinates": [100.012004, 12.009468, 7010.4]}}, {"type": "Feature", "properties": {"flight_key": "THA110_VTSB_VTBD_2025-12-23 00:20", "callsign": "THA110", "aircraft_type": "A321", "adep": "VTSB", "ades": "VTBD", "epoch_ts": "2025-12-23 01:20:00+00:00", "altitude_ft": 23000.0, "tas_kt": null, "gs_kt": 460.0, "track_deg": 17, "phase": "cruise"}, "geometry": {"type": "Point", "coordinates": [100.113315, 12.327387, 7010.4]}}, {"type": "Feature", "properties": {"flight_key": "THA110_VTSB_VTBD_2025-12-23 00:20", "callsign": "THA110", "aircraft_type": "A321", "adep": "VTSB", "ades": "VTBD", "epoch_ts": "2025-12-23 01:26:00+00:00", "altitude_ft": 23000.0, "tas_kt": null, "gs_kt": 460.0, "track_deg": 17, "phase": "cruise"}, "geometry": {"type": "Point", "coordinates": [100.215404, 12.645068, 7010.4]}}, {"type": "Feature", "properties": {"flight_key": "THA110_VTSB_VTBD_2025-12-23 00:20", "callsign": "THA110", "aircraft_type": "A321", "adep": "VTSB", "ades": "VTBD", "epoch_ts": "2025-12-23 01:32:00+00:00", "altitude_ft": 23000.0, "tas_kt": null, "gs_kt": 460.0, "track_deg": 17, "phase": "cruise"}, "geometry": {"type": "Point", "coordinates": [100.317494, 12.96275, 7010.4]}}, {"type": "Feature", "properties": {"flight_key": "THA110_VTSB_VTBD_2025-12-23 00:20", "callsign": "THA110", "aircraft_type": "A321", "adep": "VTSB", "ades": "VTBD", "epoch_ts": "2025-12-23 01:38:00+00:00", "altitude_ft": 15335.7, "tas_kt": null, "gs_kt": 270.0, "track_deg": 19, "phase": "descent"}, "geometry": {"type": "Point", "coordinates": [100.384461, 13.284743, 4674.3]}}, {"type": "Feature", "properties": {"flight_key": "THA110_VTSB_VTBD_2025-12-23 00:20", "callsign": "THA110", "aircraft_type": "A321", "adep": "VTSB", "ades": "VTBD", "epoch_ts": "2025-12-23 01:44:00+00:00", "altitude_ft": 7671.3, "tas_kt": null, "gs_kt": 270.0, "track_deg": 19, "phase": "descent"}, "geometry": {"type": "Point", "coordinates": [100.495076, 13.599558, 2338.2]}}, {"type": "Feature", "properties": {"flight_key": "THA110_VTSB_VTBD_2025-12-23 00:20", "callsign": "THA110", "aircraft_type": "A321", "adep": "VTSB", "ades": "VTBD", "epoch_ts": "2025-12-23 01:50:00+00:00", "altitude_ft": 7.0, "tas_kt": null, "gs_kt": 270.0, "track_deg": 0, "phase": "descent"}, "geometry": {"type": "Point", "coordinates": [100.605692, 13.914372, 2.1]}}, {"type": "Feature", "properties": {"feature_type": "route", "flight_key": "AIQ111_VTSR_VTBS_2025-12-23 00:22", "route": "RAN W34 MENEX G458 HOTEL DCT LEBIM", "callsign": "AIQ111", "aircraft_type": "A333", "adep": "VTSR", "ades": "VTBS", "rfl": 210, "sid": "", "star": "LEBI1C", "dep_rwy": "", "arr_rwy": "RW19", "eobt": "2025-12-23T00:22:00+00:00", "idents": ["VTSR", "RAN", "CPN", "MENEX", "UKERA", "HOTEL", "LEBIM", "VTBS"]}, "geometry": {"type": "LineString", "coordinates": [[98.585483, 9.777622], [98.583611, 9.778056], [99.365556, 10.711111], [99.761944, 11.141944], [100.019444, 12.035278], [100.33, 13.001667], [100.473611, 13.0875], [100.748889, 13.685833]]}}, {"type": "Feature", "properties": {"flight_key": "AIQ111_VTSR_VTBS_2025-12-23 00:22", "callsign": "AIQ111", "aircraft_type": "A333", "adep": "VTSR", "ades": "VTBS", "epoch_ts": "2025-12-23 00:22:00+00:00", "altitude_ft": 61.0, "tas_kt": null, "gs_kt": 280.0, "track_deg": 283, "phase": "climb"}, "geometry": {"type": "Point", "coordinates": [98.585483, 9.777622, 18.6]}}, {"type": "Feature", "properties": {"flight_key": "AIQ111_VTSR_VTBS_2025-12-23 00:22", "callsign": "AIQ111", "aircraft_type": "A333", "adep": "VTSR", "ades": "VTBS", "epoch_ts": "2025-12-23 00:28:00+00:00", "altitude_ft": 7040.7, "tas_kt": null, "gs_kt": 280.0, "track_deg": 40, "phase": "climb"}, "geometry": {"type": "Point", "coordinates": [98.778302, 10.01037, 2146.0]}}, {"type": "Feature", "properties": {"flight_key": "AIQ111_VTSR_VTBS_2025-12-23 00:22", "callsign": "AIQ111", "aircraft_type": "A333", "adep": "VTSR", "ades": "VTBS", "epoch_ts": "2025-12-23 00:34:00+00:00", "altitude_ft": 14020.3, "tas_kt": null, "gs_kt": 280.0, "track_deg": 40, "phase": "climb"}, "geometry": {"type": "Point", "coordinates": [98.974227, 10.244158, 4273.4]}}, {"type": "Feature", "properties": {"flight_key": "AIQ111_VTSR_VTBS_2025-12-23 00:22", "callsign": "AIQ111", "aircraft_type": "A333", "adep": "VTSR", "ades": "VTBS", "epoch_ts": "2025-12-23 00:40:00+00:00", "altitude_ft": 21000.0, "tas_kt": null, "gs_kt": 460.0, "track_deg": 39, "phase": "cruise"}, "geometry": {"type": "Point", "coordinates": [99.170151, 10.477945, 6400.8]}}, {"type": "Feature", "properties": {"flight_key": "AIQ111_VTSR_VTBS_2025-12-23 00:22", "callsign": "AIQ111", "aircraft_type": "A333", "adep": "VTSR", "ades": "VTBS", "epoch_ts": "2025-12-23 00:46:00+00:00", "altitude_ft": 21000.0, "tas_kt": null, "gs_kt": 460.0, "track_deg": 42, "phase": "cruise"}, "geometry": {"type": "Point", "coordinates": [99.366105, 10.711707, 6400.8]}}, {"type": "Feature", "properties": {"flight_key": "AIQ111_VTSR_VTBS_2025-12-23 00:22", "callsign": "AIQ111", "aircraft_type": "A333", "adep": "VTSR", "ades": "VTBS", "epoch_ts": "2025-12-23 00:52:00+00:00", "altitude_ft": 21000.0, "tas_kt": null, "gs_kt": 460.0, "track_deg": 42, "phase": "cruise"}, "geometry": {"type": "Point", "coordinates": [99.572633, 10.936182, 6400.8]}}, {"type": "Feature", "properties": {"flight_key": "AIQ111_VTSR_VTBS_2025-12-23 00:22", "callsign": "AIQ111", "aircraft_type": "A333", "adep": "VTSR", "ades": "VTBS", "epoch_ts": "2025-12-23 00:58:00+00:00", "altitude_ft": 21000.0, "tas_kt": null, "gs_kt": 460.0, "track_deg": 16, "phase": "cruise"}, "geometry": {"type": "Point", "coordinates": [99.768987, 11.166378, 6400.8]}}, {"type": "Feature", "properties": {"flight_key": "AIQ111_VTSR_VTBS_2025-12-23 00:22", "callsign": "AIQ111", "aircraft_type": "A333", "adep": "VTSR", "ades": "VTBS", "epoch_ts": "2025-12-23 01:04:00+00:00", "altitude_ft": 21000.0, "tas_kt": null, "gs_kt": 460.0, "track_deg": 16, "phase": "cruise"}, "geometry": {"type": "Point", "coordinates": [99.853471, 11.459474, 6400.8]}}, {"type": "Feature", "properties": {"flight_key": "AIQ111_VTSR_VTBS_2025-12-23 00:22", "callsign": "AIQ111", "aircraft_type": "A333", "adep": "VTSR", "ades": "VTBS", "epoch_ts": "2025-12-23 01:10:00+00:00", "altitude_ft": 21000.0, "tas_kt": null, "gs_kt": 460.0, "track_deg": 16, "phase": "cruise"}, "geometry": {"type": "Point", "coordinates": [99.937955, 11.752571, 6400.8]}}, {"type": "Feature", "properties": {"flight_key": "AIQ111_VTSR_VTBS_2025-12-23 00:22", "callsign": "AIQ111", "aircraft_type": "A333", "adep": "VTSR", "ades": "VTBS", "epoch_ts": "2025-12-23 01:16:00+00:00", "altitude_ft": 21000.0, "tas_kt": null, "gs_kt": 460.0, "track_deg": 17, "phase": "cruise"}, "geometry": {"type": "Point", "coordinates": [100.022752, 12.045572, 6400.8]}}, {"type": "Feature", "properties": {"flight_key": "AIQ111_VTSR_VTBS_2025-12-23 00:22", "callsign": "AIQ111", "aircraft_type": "A333", "adep": "VTSR", "ades": "VTBS", "epoch_ts": "2025-12-23 01:22:00+00:00", "altitude_ft": 21000.0, "tas_kt": null, "gs_kt": 460.0, "track_deg": 17, "phase": "cruise"}, "geometry": {"type": "Point", "coordinates": [100.116075, 12.335975, 6400.8]}}, {"type": "Feature", "properties": {"flight_key": "AIQ111_VTSR_VTBS_2025-12-23 00:22", "callsign": "AIQ111", "aircraft_type": "A333", "adep": "VTSR", "ades": "VTBS", "epoch_ts": "2025-12-23 01:28:00+00:00", "altitude_ft": 21000.0, "tas_kt": null, "gs_kt": 460.0, "track_deg": 17, "phase": "cruise"}, "geometry": {"type": "Point", "coordinates": [100.209398, 12.626377, 6400.8]}}, {"type": "Feature", "properties": {"flight_key": "AIQ111_VTSR_VTBS_2025-12-23 00:22", "callsign": "AIQ111", "aircraft_type": "A333", "adep": "VTSR", "ades": "VTBS", "epoch_ts": "2025-12-23 01:34:00+00:00", "altitude_ft": 21000.0, "tas_kt": null, "gs_kt": 460.0, "track_deg": 17, "phase": "cruise"}, "geometry": {"type": "Point", "coordinates": [100.302721, 12.91678, 6400.8]}}, {"type": "Feature", "properties": {"flight_key": "AIQ111_VTSR_VTBS_2025-12-23 00:22", "callsign": "AIQ111", "aircraft_type": "A333", "adep": "VTSR", "ades": "VTBS", "epoch_ts": "2025-12-23 01:40:00+00:00", "altitude_ft": 14001.2, "tas_kt": null, "gs_kt": 270.0, "track_deg": 24, "phase": "descent"}, "geometry": {"type": "Point", "coordinates": [100.493908, 13.131616, 4267.6]}}, {"type": "Feature", "properties": {"flight_key": "AIQ111_VTSR_VTBS_2025-12-23 00:22", "callsign": "AIQ111", "aircraft_type": "A333", "adep": "VTSR", "ades": "VTBS", "epoch_ts": "2025-12-23 01:46:00+00:00", "altitude_ft": 7002.5, "tas_kt": null, "gs_kt": 270.0, "track_deg": 24, "phase": "descent"}, "geometry": {"type": "Point", "coordinates": [100.621398, 13.408724, 2134.4]}}, {"type": "Feature", "properties": {"flight_key": "AIQ111_VTSR_VTBS_2025-12-23 00:22", "callsign": "AIQ111", "aircraft_type": "A333", "adep": "VTSR", "ades": "VTBS", "epoch_ts": "2025-12-23 01:52:00+00:00", "altitude_ft": 3.7, "tas_kt": null, "gs_kt": 270.0, "track_deg": 0, "phase": "descent"}, "geometry": {"type": "Point", "coordinates": [100.748889, 13.685833, 1.1]}}, {"type": "Feature", "properties": {"feature_type": "route", "flight_key": "TGW112_VTUO_VTSF_2025-12-23 00:24", "route": "W38 RAMEI Y20 BKK M757 LOSDA Y94 NKS", "callsign": "TGW112", "aircraft_type": "A359", "adep": "VTUO", "ades": "VTSF", "rfl": 300, "sid": "", "star": "", "dep_rwy": "", "arr_rwy": "", "eobt": "2025-12-23T00:24:00+00:00", "idents": ["VTUO", "RAMEI", "KRT", "UBLOD", "MALKI", "BKK", "KASNI", "ASEKU", "NULBO", "MABKO", "VALSI", "ROBDA", "LOSDA", "DOXAS", "NKS", "VTSF"]}, "geometry": {"type": "LineString", "coordinates": [[103.251239, 15.226758], [103.011111, 15.044444], [102.139722, 14.917222], [101.436667, 14.620833], [101.198056, 14.519722], [100.596111, 13.893611], [100.678333, 13.080556], [100.651389, 12.051667], [100.611944, 10.488611], [100.595278, 9.8025], [100.588333, 9.518889], [100.586389, 9.432778], [100.573611, 8.898889], [100.368889, 8.7825], [99.946944, 8.541667], [99.944725, 8.539617]]}}, {"type": "Feature", "properties": {"flight_key": "TGW112_VTUO_VTSF_2025-12-23 00:24", "callsign": "TGW112", "aircraft_type": "A359", "adep": "VTUO", "ades": "VTSF", "epoch_ts": "2025-12-23 00:24:00+00:00", "altitude_ft": 594.0, "tas_kt": null, "gs_kt": 280.0, "track_deg": 232, "phase": "climb"}, "geometry": {"type": "Point", "coordinates": [103.251239, 15.226758, 181.1]}}, {"type": "Feature", "properties": {"flight_key": "TGW112_VTUO_VTSF_2025-12-23 00:24", "callsign": "TGW112", "aircraft_type": "A359", "adep": "VTUO", "ades": "VTSF", "epoch_ts": "2025-12-23 00:30:00+00:00", "altitude_ft": 10396.0, "tas_kt": null, "gs_kt": 280.0, "track_deg": 261, "phase": "climb"}, "geometry": {"type": "Point", "coordinates": [102.729109, 15.003272, 3168.7]}}, {"type": "Feature", "properties": {"flight_key": "TGW112_VTUO_VTSF_2025-12-23 00:24", "callsign": "TGW112", "aircraft_type": "A359", "adep": "VTUO", "ades": "VTSF", "epoch_ts": "2025-12-23 00:36:00+00:00", "altitude_ft": 20198.0, "tas_kt": null, "gs_kt": 280.0, "track_deg": 261, "phase": "climb"}, "geometry": {"type": "Point", "coordinates": [102.148773, 14.918544, 6156.4]}}, {"type": "Feature", "properties": {"flight_key": "TGW112_VTUO_VTSF_2025-12-23 00:24", "callsign": "TGW112", "aircraft_type": "A359", "adep": "VTUO", "ades": "VTSF", "epoch_ts": "2025-12-23 00:42:00+00:00", "altitude_ft": 30000.0, "tas_kt": null, "gs_kt": 460.0, "track_deg": 246, "phase": "cruise"}, "geometry": {"type": "Point", "coordinates": [101.607724, 14.692946, 9144.0]}}, {"type": "Feature", "properties": {"flight_key": "TGW112_VTUO_VTSF_2025-12-23 00:24", "callsign": "TGW112", "aircraft_type": "A359", "adep": "VTUO", "ades": "VTSF", "epoch_ts": "2025-12-23 00:48:00+00:00", "altitude_ft": 30000.0, "tas_kt": null, "gs_kt": 460.0, "track_deg": 223, "phase": "cruise"}, "geometry": {"type": "Point", "coordinates": [101.099848, 14.417571, 9144.0]}}, {"type": "Feature", "properties": {"flight_key": "TGW112_VTUO_VTSF_2025-12-23 00:24", "callsign": "TGW112", "aircraft_type": "A359", "adep": "VTUO", "ades": "VTSF", "epoch_ts": "2025-12-23 00:54:00+00:00", "altitude_ft": 30000.0, "tas_kt": null, "gs_kt": 460.0, "track_deg": 223, "phase": "cruise"}, "geometry": {"type": "Point", "coordinates": [100.693378, 13.994783, 9144.0]}}, {"type": "Feature", "properties": {"flight_key": "TGW112_VTUO_VTSF_2025-12-23 00:24", "callsign": "TGW112", "aircraft_type": "A359", "adep": "VTUO", "ades": "VTSF", "epoch_ts": "2025-12-23 01:00:00+00:00", "altitude_ft": 30000.0, "tas_kt": null, "gs_kt": 460.0, "track_deg": 174, "phase": "cruise"}, "geometry": {"type": "Point", "coordinates": [100.640999, 13.449732, 9144.0]}}, {"type": "Feature", "properties": {"flight_key": "TGW112_VTUO_VTSF_2025-12-23 00:24", "callsign": "TGW112", "aircraft_type": "A359", "adep": "VTUO", "ades": "VTSF", "epoch_ts": "2025-12-23 01:06:00+00:00", "altitude_ft": 30000.0, "tas_kt": null, "gs_kt": 460.0, "track_deg": 181, "phase": "cruise"}, "geometry": {"type": "Point", "coordinates": [100.672693, 12.865201, 9144.0]}}, {"type": "Feature", "properties": {"flight_key": "TGW112_VTUO_VTSF_2025-12-23 00:24", "callsign": "TGW112", "aircraft_type": "A359", "adep": "VTUO", "ades": "VTSF", "epoch_ts": "2025-12-23 01:12:00+00:00", "altitude_ft": 30000.0, "tas_kt": null, "gs_kt": 460.0, "track_deg": 181, "phase": "cruise"}, "geometry": {"type": "Point", "coordinates": [100.65734, 12.278914, 9144.0]}}, {"type": "Feature", "properties": {"flight_key": "TGW112_VTUO_VTSF_2025-12-23 00:24", "callsign": "TGW112", "aircraft_type": "A359", "adep": "VTUO", "ades": "VTSF", "epoch_ts": "2025-12-23 01:18:00+00:00", "altitude_ft": 30000.0, "tas_kt": null, "gs_kt": 460.0, "track_deg": 181, "phase": "cruise"}, "geometry": {"type": "Point", "coordinates": [100.642328, 11.692618, 9144.0]}}, {"type": "Feature", "properties": {"flight_key": "TGW112_VTUO_VTSF_2025-12-23 00:24", "callsign": "TGW112", "aircraft_type": "A359", "adep": "VTUO", "ades": "VTSF", "epoch_ts": "2025-12-23 01:24:00+00:00", "altitude_ft": 30000.0, "tas_kt": null, "gs_kt": 460.0, "track_deg": 181, "phase": "cruise"}, "geometry": {"type": "Point", "coordinates": [100.627532, 11.106317, 9144.0]}}, {"type": "Feature", "properties": {"flight_key": "TGW112_VTUO_VTSF_2025-12-23 00:24", "callsign": "TGW112", "aircraft_type": "A359", "adep": "VTUO", "ades": "VTSF", "epoch_ts": "2025-12-23 01:30:00+00:00", "altitude_ft": 30000.0, "tas_kt": null, "gs_kt": 460.0, "track_deg": 181, "phase": "cruise"}, "geometry": {"type": "Point", "coordinates": [100.612737, 10.520016, 9144.0]}}, {"type": "Feature", "properties": {"flight_key": "TGW112_VTUO_VTSF_2025-12-23 00:24", "callsign": "TGW112", "aircraft_type": "A359", "adep": "VTUO", "ades": "VTSF", "epoch_ts": "2025-12-23 01:36:00+00:00", "altitude_ft": 30000.0, "tas_kt": null, "gs_kt": 460.0, "track_deg": 181, "phase": "cruise"}, "geometry": {"type": "Point", "coordinates": [100.598465, 9.933701, 9144.0]}}, {"type": "Feature", "properties": {"flight_key": "TGW112_VTUO_VTSF_2025-12-23 00:24", "callsign": "TGW112", "aircraft_type": "A359", "adep": "VTUO", "ades": "VTSF", "epoch_ts": "2025-12-23 01:42:00+00:00", "altitude_ft": 20004.3, "tas_kt": null, "gs_kt": 270.0, "track_deg": 181, "phase": "descent"}, "geometry": {"type": "Point", "coordinates": [100.584345, 9.347384, 6097.3]}}, {"type": "Feature", "properties": {"flight_key": "TGW112_VTUO_VTSF_2025-12-23 00:24", "callsign": "TGW112", "aircraft_type": "A359", "adep": "VTUO", "ades": "VTSF", "epoch_ts": "2025-12-23 01:48:00+00:00", "altitude_ft": 10008.7, "tas_kt": null, "gs_kt": 270.0, "track_deg": 240, "phase": "descent"}, "geometry": {"type": "Point", "coordinates": [100.453761, 8.830752, 3050.6]}}, {"type": "Feature", "properties": {"flight_key": "TGW112_VTUO_VTSF_2025-12-23 00:24", "callsign": "TGW112", "aircraft_type": "A359", "adep": "VTUO", "ades": "VTSF", "epoch_ts": "2025-12-23 01:54:00+00:00", "altitude_ft": 13.0, "tas_kt": null, "gs_kt": 270.0, "track_deg": 0, "phase": "descent"}, "geometry": {"type": "Point", "coordinates": [99.944725, 8.539617, 4.0]}}, {"type": "Feature", "properties": {"feature_type": "route", "flight_key": "BKP113_VTBU_VTSM_2025-12-23 00:26", "route": "BUT DCT ASEKU W42 REGOS A464 UPNEP W33 SMU", "callsign": "BKP113", "aircraft_type": "B77W", "adep": "VTBU", "ades": "VTSM", "rfl": 180, "sid": "", "star": "", "dep_rwy": "", "arr_rwy": "", "eobt": "2025-12-23T00:26:00+00:00", "idents": ["VTBU", "BUT", "ASEKU", "REGOS", "DIRAX", "TUSPU", "UPNEP", "VININ", "SMU", "VTSM"]}, "geometry": {"type": "LineString", "coordinates": [[101.005, 12.679722], [101.000556, 12.666667], [100.651389, 12.051667], [100.581667, 12.001944], [100.546667, 11.001944], [100.518889, 10.33], [100.493333, 9.703611], [100.294444, 9.631667], [100.061667, 9.546944], [100.0625, 9.548889]]}}, {"type": "Feature", "properties": {"flight_key": "BKP113_VTBU_VTSM_2025-12-23 00:26", "callsign": "BKP113", "aircraft_type": "B77W", "adep": "VTBU", "ades": "VTSM", "epoch_ts": "2025-12-23 00:26:00+00:00", "altitude_ft": 59.0, "tas_kt": null, "gs_kt": 280.0, "track_deg": 198, "phase": "climb"}, "geometry": {"type": "Point", "coordinates": [101.005, 12.679722, 18.0]}}, {"type": "Feature", "properties": {"flight_key": "BKP113_VTBU_VTSM_2025-12-23 00:26", "callsign": "BKP113", "aircraft_type": "B77W", "adep": "VTBU", "ades": "VTSM", "epoch_ts": "2025-12-23 00:32:00+00:00", "altitude_ft": 6039.3, "tas_kt": null, "gs_kt": 280.0, "track_deg": 209, "phase": "climb"}, "geometry": {"type": "Point", "coordinates": [100.889924, 12.471806, 1840.8]}}, {"type": "Feature", "properties": {"flight_key": "BKP113_VTBU_VTSM_2025-12-23 00:26", "callsign": "BKP113", "aircraft_type": "B77W", "adep": "VTBU", "ades": "VTSM", "epoch_ts": "2025-12-23 00:38:00+00:00", "altitude_ft": 12019.7, "tas_kt": null, "gs_kt": 280.0, "track_deg": 209, "phase": "climb"}, "geometry": {"type": "Point", "coordinates": [100.772482, 12.264953, 3663.6]}}, {"type": "Feature", "properties": {"flight_key": "BKP113_VTBU_VTSM_2025-12-23 00:26", "callsign": "BKP113", "aircraft_type": "B77W", "adep": "VTBU", "ades": "VTSM", "epoch_ts": "2025-12-23 00:44:00+00:00", "altitude_ft": 18000.0, "tas_kt": null, "gs_kt": 460.0, "track_deg": 209, "phase": "cruise"}, "geometry": {"type": "Point", "coordinates": [100.655041, 12.058099, 5486.4]}}, {"type": "Feature", "properties": {"flight_key": "BKP113_VTBU_VTSM_2025-12-23 00:26", "callsign": "BKP113", "aircraft_type": "B77W", "adep": "VTBU", "ades": "VTSM", "epoch_ts": "2025-12-23 00:50:00+00:00", "altitude_ft": 18000.0, "tas_kt": null, "gs_kt": 460.0, "track_deg": 182, "phase": "cruise"}, "geometry": {"type": "Point", "coordinates": [100.576601, 11.857198, 5486.4]}}, {"type": "Feature", "properties": {"flight_key": "BKP113_VTBU_VTSM_2025-12-23 00:26", "callsign": "BKP113", "aircraft_type": "B77W", "adep": "VTBU", "ades": "VTSM", "epoch_ts": "2025-12-23 00:56:00+00:00", "altitude_ft": 18000.0, "tas_kt": null, "gs_kt": 460.0, "track_deg": 182, "phase": "cruise"}, "geometry": {"type": "Point", "coordinates": [100.568281, 11.619477, 5486.4]}}, {"type": "Feature", "properties": {"flight_key": "BKP113_VTBU_VTSM_2025-12-23 00:26", "callsign": "BKP113", "aircraft_type": "B77W", "adep": "VTBU", "ades": "VTSM", "epoch_ts": "2025-12-23 01:02:00+00:00", "altitude_ft": 18000.0, "tas_kt": null, "gs_kt": 460.0, "track_deg": 182, "phase": "cruise"}, "geometry": {"type": "Point", "coordinates": [100.55996, 11.381755, 5486.4]}}, {"type": "Feature", "properties": {"flight_key": "BKP113_VTBU_VTSM_2025-12-23 00:26", "callsign": "BKP113", "aircraft_type": "B77W", "adep": "VTBU", "ades": "VTSM", "epoch_ts": "2025-12-23 01:08:00+00:00", "altitude_ft": 18000.0, "tas_kt": null, "gs_kt": 460.0, "track_deg": 182, "phase": "cruise"}, "geometry": {"type": "Point", "coordinates": [100.55164, 11.144033, 5486.4]}}, {"type": "Feature", "properties": {"flight_key": "BKP113_VTBU_VTSM_2025-12-23 00:26", "callsign": "BKP113", "aircraft_type": "B77W", "adep": "VTBU", "ades": "VTSM", "epoch_ts": "2025-12-23 01:14:00+00:00", "altitude_ft": 18000.0, "tas_kt": null, "gs_kt": 460.0, "track_deg": 182, "phase": "cruise"}, "geometry": {"type": "Point", "coordinates": [100.542715, 10.906335, 5486.4]}}, {"type": "Feature", "properties": {"flight_key": "BKP113_VTBU_VTSM_2025-12-23 00:26", "callsign": "BKP113", "aircraft_type": "B77W", "adep": "VTBU", "ades": "VTSM", "epoch_ts": "2025-12-23 01:20:00+00:00", "altitude_ft": 18000.0, "tas_kt": null, "gs_kt": 460.0, "track_deg": 182, "phase": "cruise"}, "geometry": {"type": "Point", "coordinates": [100.53289, 10.668671, 5486.4]}}, {"type": "Feature", "properties": {"flight_key": "BKP113_VTBU_VTSM_2025-12-23 00:26", "callsign": "BKP113", "aircraft_type": "B77W", "adep": "VTBU", "ades": "VTSM", "epoch_ts": "2025-12-23 01:26:00+00:00", "altitude_ft": 18000.0, "tas_kt": null, "gs_kt": 460.0, "track_deg": 182, "phase": "cruise"}, "geometry": {"type": "Point", "coordinates": [100.523065, 10.431007, 5486.4]}}, {"type": "Feature", "properties": {"flight_key": "BKP113_VTBU_VTSM_2025-12-23 00:26", "callsign": "BKP113", "aircraft_type": "B77W", "adep": "VTBU", "ades": "VTSM", "epoch_ts": "2025-12-23 01:32:00+00:00", "altitude_ft": 18000.0, "tas_kt": null, "gs_kt": 460.0, "track_deg": 182, "phase": "cruise"}, "geometry": {"type": "Point", "coordinates": [100.513313, 10.193339, 5486.4]}}, {"type": "Feature", "properties": {"flight_key": "BKP113_VTBU_VTSM_2025-12-23 00:26", "callsign": "BKP113", "aircraft_type": "B77W", "adep": "VTBU", "ades": "VTSM", "epoch_ts": "2025-12-23 01:38:00+00:00", "altitude_ft": 18000.0, "tas_kt": null, "gs_kt": 460.0, "track_deg": 182, "phase": "cruise"}, "geometry": {"type": "Point", "coordinates": [100.503617, 9.95567, 5486.4]}}, {"type": "Feature", "properties": {"flight_key": "BKP113_VTBU_VTSM_2025-12-23 00:26", "callsign": "BKP113", "aircraft_type": "B77W", "adep": "VTBU", "ades": "VTSM", "epoch_ts": "2025-12-23 01:44:00+00:00", "altitude_ft": 12021.3, "tas_kt": null, "gs_kt": 270.0, "track_deg": 182, "phase": "descent"}, "geometry": {"type": "Point", "coordinates": [100.49392, 9.718, 3664.1]}}, {"type": "Feature", "properties": {"flight_key": "BKP113_VTBU_VTSM_2025-12-23 00:26", "callsign": "BKP113", "aircraft_type": "B77W", "adep": "VTBU", "ades": "VTSM", "epoch_ts": "2025-12-23 01:50:00+00:00", "altitude_ft": 6042.7, "tas_kt": null, "gs_kt": 270.0, "track_deg": 250, "phase": "descent"}, "geometry": {"type": "Point", "coordinates": [100.283201, 9.627575, 1841.8]}}, {"type": "Feature", "properties": {"flight_key": "BKP113_VTBU_VTSM_2025-12-23 00:26", "callsign": "BKP113", "aircraft_type": "B77W", "adep": "VTBU", "ades": "VTSM", "epoch_ts": "2025-12-23 01:56:00+00:00", "altitude_ft": 64.0, "tas_kt": null, "gs_kt": 270.0, "track_deg": 0, "phase": "descent"}, "geometry": {"type": "Point", "coordinates": [100.0625, 9.548889, 19.5]}}, {"type": "Feature", "properties": {"feature_type": "route", "flight_key": "DMK114_VTPT_VTBS_2025-12-23 00:28", "route": "W26 PSL W9 BLAFF DCT NORTA", "callsign": "DMK114", "aircraft_type": "B789", "adep": "VTPT", "ades": "VTBS", "rfl": 150, "sid": "", "star": "NORT1C", "dep_rwy": "", "arr_rwy": "RW19", "eobt": "2025-12-23T00:28:00+00:00", "idents": ["VTPT", "PSL", "PEBLI", "BLAFF", "NORTA", "VTBS"]}, "geometry": {"type": "LineString", "coordinates": [[99.253728, 16.895986], [100.291389, 16.770278], [100.293333, 16.268333], [100.2975, 15.275833], [100.639017, 14.718789], [100.748889, 13.685833]]}}, {"type": "Feature", "properties": {"flight_key": "DMK114_VTPT_VTBS_2025-12-23 00:28", "callsign": "DMK114", "aircraft_type": "B789", "adep": "VTPT", "ades": "VTBS", "epoch_ts": "2025-12-23 00:28:00+00:00", "altitude_ft": 478.0, "tas_kt": null, "gs_kt": 280.0, "track_deg": 97, "phase": "climb"}, "geometry": {"type": "Point", "coordinates": [99.253728, 16.895986, 145.7]}}, {"type": "Feature", "properties": {"flight_key": "DMK114_VTPT_VTBS_2025-12-23 00:28", "callsign": "DMK114", "aircraft_type": "B789", "adep": "VTPT", "ades": "VTBS", "epoch_ts": "2025-12-23 00:34:00+00:00", "altitude_ft": 5318.7, "tas_kt": null, "gs_kt": 280.0, "track_deg": 97, "phase": "climb"}, "geometry": {"type": "Point", "coordinates": [99.533806, 16.862056, 1621.1]}}, {"type": "Feature", "properties": {"flight_key": "DMK114_VTPT_VTBS_2025-12-23 00:28", "callsign": "DMK114", "aircraft_type": "B789", "adep": "VTPT", "ades": "VTBS", "epoch_ts": "2025-12-23 00:40:00+00:00", "altitude_ft": 10159.3, "tas_kt": null, "gs_kt": 280.0, "track_deg": 97, "phase": "climb"}, "geometry": {"type": "Point", "coordinates": [99.813884, 16.828126, 3096.6]}}, {"type": "Feature", "properties": {"flight_key": "DMK114_VTPT_VTBS_2025-12-23 00:28", "callsign": "DMK114", "aircraft_type": "B789", "adep": "VTPT", "ades": "VTBS", "epoch_ts": "2025-12-23 00:46:00+00:00", "altitude_ft": 15000.0, "tas_kt": null, "gs_kt": 460.0, "track_deg": 97, "phase": "cruise"}, "geometry": {"type": "Point", "coordinates": [100.093962, 16.794195, 4572.0]}}, {"type": "Feature", "properties": {"flight_key": "DMK114_VTPT_VTBS_2025-12-23 00:28", "callsign": "DMK114", "aircraft_type": "B789", "adep": "VTPT", "ades": "VTBS", "epoch_ts": "2025-12-23 00:52:00+00:00", "altitude_ft": 15000.0, "tas_kt": null, "gs_kt": 460.0, "track_deg": 180, "phase": "cruise"}, "geometry": {"type": "Point", "coordinates": [100.291711, 16.687023, 4572.0]}}, {"type": "Feature", "properties": {"flight_key": "DMK114_VTPT_VTBS_2025-12-23 00:28", "callsign": "DMK114", "aircraft_type": "B789", "adep": "VTPT", "ades": "VTBS", "epoch_ts": "2025-12-23 00:58:00+00:00", "altitude_ft": 15000.0, "tas_kt": null, "gs_kt": 460.0, "track_deg": 180, "phase": "cruise"}, "geometry": {"type": "Point", "coordinates": [100.292804, 16.404899, 4572.0]}}, {"type": "Feature", "properties": {"flight_key": "DMK114_VTPT_VTBS_2025-12-23 00:28", "callsign": "DMK114", "aircraft_type": "B789", "adep": "VTPT", "ades": "VTBS", "epoch_ts": "2025-12-23 01:04:00+00:00", "altitude_ft": 15000.0, "tas_kt": null, "gs_kt": 460.0, "track_deg": 180, "phase": "cruise"}, "geometry": {"type": "Point", "coordinates": [100.293944, 16.122775, 4572.0]}}, {"type": "Feature", "properties": {"flight_key": "DMK114_VTPT_VTBS_2025-12-23 00:28", "callsign": "DMK114", "aircraft_type": "B789", "adep": "VTPT", "ades": "VTBS", "epoch_ts": "2025-12-23 01:10:00+00:00", "altitude_ft": 15000.0, "tas_kt": null, "gs_kt": 460.0, "track_deg": 180, "phase": "cruise"}, "geometry": {"type": "Point", "coordinates": [100.295129, 15.840652, 4572.0]}}, {"type": "Feature", "properties": {"flight_key": "DMK114_VTPT_VTBS_2025-12-23 00:28", "callsign": "DMK114", "aircraft_type": "B789", "adep": "VTPT", "ades": "VTBS", "epoch_ts": "2025-12-23 01:16:00+00:00", "altitude_ft": 15000.0, "tas_kt": null, "gs_kt": 460.0, "track_deg": 180, "phase": "cruise"}, "geometry": {"type": "Point", "coordinates": [100.296313, 15.558529, 4572.0]}}, {"type": "Feature", "properties": {"flight_key": "DMK114_VTPT_VTBS_2025-12-23 00:28", "callsign": "DMK114", "aircraft_type": "B789", "adep": "VTPT", "ades": "VTBS", "epoch_ts": "2025-12-23 01:22:00+00:00", "altitude_ft": 15000.0, "tas_kt": null, "gs_kt": 460.0, "track_deg": 180, "phase": "cruise"}, "geometry": {"type": "Point", "coordinates": [100.297498, 15.276405, 4572.0]}}, {"type": "Feature", "properties": {"flight_key": "DMK114_VTPT_VTBS_2025-12-23 00:28", "callsign": "DMK114", "aircraft_type": "B789", "adep": "VTPT", "ades": "VTBS", "epoch_ts": "2025-12-23 01:28:00+00:00", "altitude_ft": 15000.0, "tas_kt": null, "gs_kt": 460.0, "track_deg": 149, "phase": "cruise"}, "geometry": {"type": "Point", "coordinates": [100.444662, 15.0358, 4572.0]}}, {"type": "Feature", "properties": {"flight_key": "DMK114_VTPT_VTBS_2025-12-23 00:28", "callsign": "DMK114", "aircraft_type": "B789", "adep": "VTPT", "ades": "VTBS", "epoch_ts": "2025-12-23 01:34:00+00:00", "altitude_ft": 15000.0, "tas_kt": null, "gs_kt": 460.0, "track_deg": 149, "phase": "cruise"}, "geometry": {"type": "Point", "coordinates": [100.592122, 14.795279, 4572.0]}}, {"type": "Feature", "properties": {"flight_key": "DMK114_VTPT_VTBS_2025-12-23 00:28", "callsign": "DMK114", "aircraft_type": "B789", "adep": "VTPT", "ades": "VTBS", "epoch_ts": "2025-12-23 01:40:00+00:00", "altitude_ft": 15000.0, "tas_kt": null, "gs_kt": 460.0, "track_deg": 174, "phase": "cruise"}, "geometry": {"type": "Point", "coordinates": [100.659368, 14.527463, 4572.0]}}, {"type": "Feature", "properties": {"flight_key": "DMK114_VTPT_VTBS_2025-12-23 00:28", "callsign": "DMK114", "aircraft_type": "B789", "adep": "VTPT", "ades": "VTBS", "epoch_ts": "2025-12-23 01:46:00+00:00", "altitude_ft": 10001.2, "tas_kt": null, "gs_kt": 270.0, "track_deg": 174, "phase": "descent"}, "geometry": {"type": "Point", "coordinates": [100.689208, 14.24692, 3048.4]}}, {"type": "Feature", "properties": {"flight_key": "DMK114_VTPT_VTBS_2025-12-23 00:28", "callsign": "DMK114", "aircraft_type": "B789", "adep": "VTPT", "ades": "VTBS", "epoch_ts": "2025-12-23 01:52:00+00:00", "altitude_ft": 5002.5, "tas_kt": null, "gs_kt": 270.0, "track_deg": 174, "phase": "descent"}, "geometry": {"type": "Point", "coordinates": [100.719049, 13.966376, 1524.8]}}, {"type": "Feature", "properties": {"flight_key": "DMK114_VTPT_VTBS_2025-12-23 00:28", "callsign": "DMK114", "aircraft_type": "B789", "adep": "VTPT", "ades": "VTBS", "epoch_ts": "2025-12-23 01:58:00+00:00", "altitude_ft": 3.7, "tas_kt": null, "gs_kt": 270.0, "track_deg": 0, "phase": "descent"}, "geometry": {"type": "Point", "coordinates": [100.748889, 13.685833, 1.1]}}, {"type": "Feature", "properties": {"feature_type": "route", "flight_key": "SEH115_VTUU_VTSF_2025-12-23 00:30", "route": "W1 BKK A464 UPNEP W35 NKS", "callsign": "SEH115", "aircraft_type": "B763", "adep": "VTUU", "ades": "VTSF", "rfl": 240, "sid": "", "star": "", "dep_rwy": "", "arr_rwy": "", "eobt": "2025-12-23T00:30:00+00:00", "idents": ["VTUU", "BKK", "POLAK", "GUTSO", "REGOS", "DIRAX", "TUSPU", "UPNEP", "PINUN", "PAGLU", "NKS", "VTSF"]}, "geometry": {"type": "LineString", "coordinates": [[104.870244, 15.251272], [100.596111, 13.893611], [100.581667, 13.351667], [100.581667, 12.805556], [100.581667, 12.001944], [100.546667, 11.001944], [100.518889, 10.33], [100.493333, 9.703611], [100.385, 9.473611], [100.285833, 9.263611], [99.946944, 8.541667], [99.944725, 8.539617]]}}, {"type": "Feature", "properties": {"flight_key": "SEH115_VTUU_VTSF_2025-12-23 00:30", "callsign": "SEH115", "aircraft_type": "B763", "adep": "VTUU", "ades": "VTSF", "epoch_ts": "2025-12-23 00:30:00+00:00", "altitude_ft": 411.0, "tas_kt": null, "gs_kt": 280.0, "track_deg": 252, "phase": "climb"}, "geometry": {"type": "Point", "coordinates": [104.870244, 15.251272, 125.3]}}, {"type": "Feature", "properties": {"flight_key": "SEH115_VTUU_VTSF_2025-12-23 00:30", "callsign": "SEH115", "aircraft_type": "B763", "adep": "VTUU", "ades": "VTSF", "epoch_ts": "2025-12-23 00:36:00+00:00", "altitude_ft": 8274.0, "tas_kt": null, "gs_kt": 280.0, "track_deg": 252, "phase": "climb"}, "geometry": {"type": "Point", "coordinates": [104.237181, 15.050182, 2521.9]}}, {"type": "Feature", "properties": {"flight_key": "SEH115_VTUU_VTSF_2025-12-23 00:30", "callsign": "SEH115", "aircraft_type": "B763", "adep": "VTUU", "ades": "VTSF", "epoch_ts": "2025-12-23 00:42:00+00:00", "altitude_ft": 16137.0, "tas_kt": null, "gs_kt": 280.0, "track_deg": 252, "phase": "climb"}, "geometry": {"type": "Point", "coordinates": [103.604118, 14.849092, 4918.6]}}, {"type": "Feature", "properties": {"flight_key": "SEH115_VTUU_VTSF_2025-12-23 00:30", "callsign": "SEH115", "aircraft_type": "B763", "adep": "VTUU", "ades": "VTSF", "epoch_ts": "2025-12-23 00:48:00+00:00", "altitude_ft": 24000.0, "tas_kt": null, "gs_kt": 460.0, "track_deg": 252, "phase": "cruise"}, "geometry": {"type": "Point", "coordinates": [102.971055, 14.648002, 7315.2]}}, {"type": "Feature", "properties": {"flight_key": "SEH115_VTUU_VTSF_2025-12-23 00:30", "callsign": "SEH115", "aircraft_type": "B763", "adep": "VTUU", "ades": "VTSF", "epoch_ts": "2025-12-23 00:54:00+00:00", "altitude_ft": 24000.0, "tas_kt": null, "gs_kt": 460.0, "track_deg": 252, "phase": "cruise"}, "geometry": {"type": "Point", "coordinates": [102.337992, 14.446912, 7315.2]}}, {"type": "Feature", "properties": {"flight_key": "SEH115_VTUU_VTSF_2025-12-23 00:30", "callsign": "SEH115", "aircraft_type": "B763", "adep": "VTUU", "ades": "VTSF", "epoch_ts": "2025-12-23 01:00:00+00:00", "altitude_ft": 24000.0, "tas_kt": null, "gs_kt": 460.0, "track_deg": 252, "phase": "cruise"}, "geometry": {"type": "Point", "coordinates": [101.704929, 14.245822, 7315.2]}}, {"type": "Feature", "properties": {"flight_key": "SEH115_VTUU_VTSF_2025-12-23 00:30", "callsign": "SEH115", "aircraft_type": "B763", "adep": "VTUU", "ades": "VTSF", "epoch_ts": "2025-12-23 01:06:00+00:00", "altitude_ft": 24000.0, "tas_kt": null, "gs_kt": 460.0, "track_deg": 252, "phase": "cruise"}, "geometry": {"type": "Point", "coordinates": [101.071866, 14.044733, 7315.2]}}, {"type": "Feature", "properties": {"flight_key": "SEH115_VTUU_VTSF_2025-12-23 00:30", "callsign": "SEH115", "aircraft_type": "B763", "adep": "VTUU", "ades": "VTSF", "epoch_ts": "2025-12-23 01:12:00+00:00", "altitude_ft": 24000.0, "tas_kt": null, "gs_kt": 460.0, "track_deg": 181, "phase": "cruise"}, "geometry": {"type": "Point", "coordinates": [100.591714, 13.728616, 7315.2]}}, {"type": "Feature", "properties": {"flight_key": "SEH115_VTUU_VTSF_2025-12-23 00:30", "callsign": "SEH115", "aircraft_type": "B763", "adep": "VTUU", "ades": "VTSF", "epoch_ts": "2025-12-23 01:18:00+00:00", "altitude_ft": 24000.0, "tas_kt": null, "gs_kt": 460.0, "track_deg": 180, "phase": "cruise"}, "geometry": {"type": "Point", "coordinates": [100.581667, 13.064516, 7315.2]}}, {"type": "Feature", "properties": {"flight_key": "SEH115_VTUU_VTSF_2025-12-23 00:30", "callsign": "SEH115", "aircraft_type": "B763", "adep": "VTUU", "ades": "VTSF", "epoch_ts": "2025-12-23 01:24:00+00:00", "altitude_ft": 24000.0, "tas_kt": null, "gs_kt": 460.0, "track_deg": 180, "phase": "cruise"}, "geometry": {"type": "Point", "coordinates": [100.581667, 12.400283, 7315.2]}}, {"type": "Feature", "properties": {"flight_key": "SEH115_VTUU_VTSF_2025-12-23 00:30", "callsign": "SEH115", "aircraft_type": "B763", "adep": "VTUU", "ades": "VTSF", "epoch_ts": "2025-12-23 01:30:00+00:00", "altitude_ft": 24000.0, "tas_kt": null, "gs_kt": 460.0, "track_deg": 182, "phase": "cruise"}, "geometry": {"type": "Point", "coordinates": [100.572366, 11.736212, 7315.2]}}, {"type": "Feature", "properties": {"flight_key": "SEH115_VTUU_VTSF_2025-12-23 00:30", "callsign": "SEH115", "aircraft_type": "B763", "adep": "VTUU", "ades": "VTSF", "epoch_ts": "2025-12-23 01:36:00+00:00", "altitude_ft": 24000.0, "tas_kt": null, "gs_kt": 460.0, "track_deg": 182, "phase": "cruise"}, "geometry": {"type": "Point", "coordinates": [100.549132, 11.072385, 7315.2]}}, {"type": "Feature", "properties": {"flight_key": "SEH115_VTUU_VTSF_2025-12-23 00:30", "callsign": "SEH115", "aircraft_type": "B763", "adep": "VTUU", "ades": "VTSF", "epoch_ts": "2025-12-23 01:42:00+00:00", "altitude_ft": 24000.0, "tas_kt": null, "gs_kt": 460.0, "track_deg": 182, "phase": "cruise"}, "geometry": {"type": "Point", "coordinates": [100.522143, 10.408702, 7315.2]}}, {"type": "Feature", "properties": {"flight_key": "SEH115_VTUU_VTSF_2025-12-23 00:30", "callsign": "SEH115", "aircraft_type": "B763", "adep": "VTUU", "ades": "VTSF", "epoch_ts": "2025-12-23 01:48:00+00:00", "altitude_ft": 16004.3, "tas_kt": null, "gs_kt": 270.0, "track_deg": 182, "phase": "descent"}, "geometry": {"type": "Point", "coordinates": [100.495023, 9.745022, 4878.1]}}, {"type": "Feature", "properties": {"flight_key": "SEH115_VTUU_VTSF_2025-12-23 00:30", "callsign": "SEH115", "aircraft_type": "B763", "adep": "VTUU", "ades": "VTSF", "epoch_ts": "2025-12-23 01:54:00+00:00", "altitude_ft": 8008.7, "tas_kt": null, "gs_kt": 270.0, "track_deg": 205, "phase": "descent"}, "geometry": {"type": "Point", "coordinates": [100.22791, 9.140215, 2441.0]}}, {"type": "Feature", "properties": {"flight_key": "SEH115_VTUU_VTSF_2025-12-23 00:30", "callsign": "SEH115", "aircraft_type": "B763", "adep": "VTUU", "ades": "VTSF", "epoch_ts": "2025-12-23 02:00:00+00:00", "altitude_ft": 13.0, "tas_kt": null, "gs_kt": 270.0, "track_deg": 0, "phase": "descent"}, "geometry": {"type": "Point", "coordinates": [99.944725, 8.539617, 4.0]}}, {"type": "Feature", "properties": {"feature_type": "route", "flight_key": "NOK116_VTSG_VTBD_2025-12-23 00:32", "route": "OSPEX Y99 HOTEL DCT SABAI", "callsign": "NOK116", "aircraft_type": "B738", "adep": "VTSG", "ades": "VTBD", "rfl": 330, "sid": "OSPE1F", "star": "SABA1B", "dep_rwy": "RW32", "arr_rwy": "RW03L", "eobt": "2025-12-23T00:32:00+00:00", "idents": ["VTSG", "OSPEX", "BITEN", "EMVEL", "AKVUG", "VEGNA", "NIXET", "NONEL", "EGUBO", "EMTIX", "HOTEL", "SABAI", "VTBD"]}, "geometry": {"type": "LineString", "coordinates": [[98.985278, 8.100278], [99.221944, 8.3375], [99.341389, 8.449722], [99.356111, 8.743889], [99.371944, 9.063611], [99.380833, 9.240833], [99.436944, 9.421389], [99.893611, 10.883611], [100.080556, 11.477222], [100.137222, 11.825278], [100.33, 13.001667], [100.327564, 13.122814], [100.605692, 13.914372]]}}, {"type": "Feature", "properties": {"flight_key": "NOK116_VTSG_VTBD_2025-12-23 00:32", "callsign": "NOK116", "aircraft_type": "B738", "adep": "VTSG", "ades": "VTBD", "epoch_ts": "2025-12-23 00:32:00+00:00", "altitude_ft": 93.0, "tas_kt": null, "gs_kt": 280.0, "track_deg": 45, "phase": "climb"}, "geometry": {"type": "Point", "coordinates": [98.985278, 8.100278, 28.3]}}, {"type": "Feature", "properties": {"flight_key": "NOK116_VTSG_VTBD_2025-12-23 00:32", "callsign": "NOK116", "aircraft_type": "B738", "adep": "VTSG", "ades": "VTBD", "epoch_ts": "2025-12-23 00:38:00+00:00", "altitude_ft": 11062.0, "tas_kt": null, "gs_kt": 280.0, "track_deg": 46, "phase": "climb"}, "geometry": {"type": "Point", "coordinates": [99.276017, 8.388303, 3371.7]}}, {"type": "Feature", "properties": {"flight_key": "NOK116_VTSG_VTBD_2025-12-23 00:32", "callsign": "NOK116", "aircraft_type": "B738", "adep": "VTSG", "ades": "VTBD", "epoch_ts": "2025-12-23 00:44:00+00:00", "altitude_ft": 22031.0, "tas_kt": null, "gs_kt": 280.0, "track_deg": 3, "phase": "climb"}, "geometry": {"type": "Point", "coordinates": [99.35735, 8.768909, 6715.0]}}, {"type": "Feature", "properties": {"flight_key": "NOK116_VTSG_VTBD_2025-12-23 00:32", "callsign": "NOK116", "aircraft_type": "B738", "adep": "VTSG", "ades": "VTBD", "epoch_ts": "2025-12-23 00:50:00+00:00", "altitude_ft": 33000.0, "tas_kt": null, "gs_kt": 460.0, "track_deg": 3, "phase": "cruise"}, "geometry": {"type": "Point", "coordinates": [99.377666, 9.177689, 10058.4]}}, {"type": "Feature", "properties": {"flight_key": "NOK116_VTSG_VTBD_2025-12-23 00:32", "callsign": "NOK116", "aircraft_type": "B738", "adep": "VTSG", "ades": "VTBD", "epoch_ts": "2025-12-23 00:56:00+00:00", "altitude_ft": 33000.0, "tas_kt": null, "gs_kt": 460.0, "track_deg": 17, "phase": "cruise"}, "geometry": {"type": "Point", "coordinates": [99.483743, 9.571238, 10058.4]}}, {"type": "Feature", "properties": {"flight_key": "NOK116_VTSG_VTBD_2025-12-23 00:32", "callsign": "NOK116", "aircraft_type": "B738", "adep": "VTSG", "ades": "VTBD", "epoch_ts": "2025-12-23 01:02:00+00:00", "altitude_ft": 33000.0, "tas_kt": null, "gs_kt": 460.0, "track_deg": 17, "phase": "cruise"}, "geometry": {"type": "Point", "coordinates": [99.605755, 9.961913, 10058.4]}}, {"type": "Feature", "properties": {"flight_key": "NOK116_VTSG_VTBD_2025-12-23 00:32", "callsign": "NOK116", "aircraft_type": "B738", "adep": "VTSG", "ades": "VTBD", "epoch_ts": "2025-12-23 01:08:00+00:00", "altitude_ft": 33000.0, "tas_kt": null, "gs_kt": 460.0, "track_deg": 17, "phase": "cruise"}, "geometry": {"type": "Point", "coordinates": [99.727767, 10.352588, 10058.4]}}, {"type": "Feature", "properties": {"flight_key": "NOK116_VTSG_VTBD_2025-12-23 00:32", "callsign": "NOK116", "aircraft_type": "B738", "adep": "VTSG", "ades": "VTBD", "epoch_ts": "2025-12-23 01:14:00+00:00", "altitude_ft": 33000.0, "tas_kt": null, "gs_kt": 460.0, "track_deg": 17, "phase": "cruise"}, "geometry": {"type": "Point", "coordinates": [99.849779, 10.743263, 10058.4]}}, {"type": "Feature", "properties": {"flight_key": "NOK116_VTSG_VTBD_2025-12-23 00:32", "callsign": "NOK116", "aircraft_type": "B738", "adep": "VTSG", "ades": "VTBD", "epoch_ts": "2025-12-23 01:20:00+00:00", "altitude_ft": 33000.0, "tas_kt": null, "gs_kt": 460.0, "track_deg": 17, "phase": "cruise"}, "geometry": {"type": "Point", "coordinates": [99.972387, 11.133751, 10058.4]}}, {"type": "Feature", "properties": {"flight_key": "NOK116_VTSG_VTBD_2025-12-23 00:32", "callsign": "NOK116", "aircraft_type": "B738", "adep": "VTSG", "ades": "VTBD", "epoch_ts": "2025-12-23 01:26:00+00:00", "altitude_ft": 33000.0, "tas_kt": null, "gs_kt": 460.0, "track_deg": 9, "phase": "cruise"}, "geometry": {"type": "Point", "coordinates": [100.088459, 11.525766, 10058.4]}}, {"type": "Feature", "properties": {"flight_key": "NOK116_VTSG_VTBD_2025-12-23 00:32", "callsign": "NOK116", "aircraft_type": "B738", "adep": "VTSG", "ades": "VTBD", "epoch_ts": "2025-12-23 01:32:00+00:00", "altitude_ft": 33000.0, "tas_kt": null, "gs_kt": 460.0, "track_deg": 9, "phase": "cruise"}, "geometry": {"type": "Point", "coordinates": [100.154336, 11.929714, 10058.4]}}, {"type": "Feature", "properties": {"flight_key": "NOK116_VTSG_VTBD_2025-12-23 00:32", "callsign": "NOK116", "aircraft_type": "B738", "adep": "VTSG", "ades": "VTBD", "epoch_ts": "2025-12-23 01:38:00+00:00", "altitude_ft": 33000.0, "tas_kt": null, "gs_kt": 460.0, "track_deg": 9, "phase": "cruise"}, "geometry": {"type": "Point", "coordinates": [100.220524, 12.333611, 10058.4]}}, {"type": "Feature", "properties": {"flight_key": "NOK116_VTSG_VTBD_2025-12-23 00:32", "callsign": "NOK116", "aircraft_type": "B738", "adep": "VTSG", "ades": "VTBD", "epoch_ts": "2025-12-23 01:44:00+00:00", "altitude_ft": 33000.0, "tas_kt": null, "gs_kt": 460.0, "track_deg": 9, "phase": "cruise"}, "geometry": {"type": "Point", "coordinates": [100.286712, 12.737508, 10058.4]}}, {"type": "Feature", "properties": {"flight_key": "NOK116_VTSG_VTBD_2025-12-23 00:32", "callsign": "NOK116", "aircraft_type": "B738", "adep": "VTSG", "ades": "VTBD", "epoch_ts": "2025-12-23 01:50:00+00:00", "altitude_ft": 22002.3, "tas_kt": null, "gs_kt": 270.0, "track_deg": 19, "phase": "descent"}, "geometry": {"type": "Point", "coordinates": [100.334337, 13.142089, 6706.3]}}, {"type": "Feature", "properties": {"flight_key": "NOK116_VTSG_VTBD_2025-12-23 00:32", "callsign": "NOK116", "aircraft_type": "B738", "adep": "VTSG", "ades": "VTBD", "epoch_ts": "2025-12-23 01:56:00+00:00", "altitude_ft": 11004.7, "tas_kt": null, "gs_kt": 270.0, "track_deg": 19, "phase": "descent"}, "geometry": {"type": "Point", "coordinates": [100.470014, 13.528231, 3354.2]}}, {"type": "Feature", "properties": {"flight_key": "NOK116_VTSG_VTBD_2025-12-23 00:32", "callsign": "NOK116", "aircraft_type": "B738", "adep": "VTSG", "ades": "VTBD", "epoch_ts": "2025-12-23 02:02:00+00:00", "altitude_ft": 7.0, "tas_kt": null, "gs_kt": 270.0, "track_deg": 0, "phase": "descent"}, "geometry": {"type": "Point", "coordinates": [100.605692, 13.914372, 2.1]}}, {"type": "Feature", "properties": {"feature_type": "route", "flight_key": "THD117_VTUL_VTSS_2025-12-23 00:34", "route": "BOVGO B218 CMP W21 BKK M757 OBLEX", "callsign": "THD117", "aircraft_type": "A320", "adep": "VTUL", "ades": "VTSS", "rfl": 360, "sid": "BOVG1A", "star": "OBLE1A", "dep_rwy": "RW01", "arr_rwy": "RW26", "eobt": "2025-12-23T00:34:00+00:00", "idents": ["VTUL", "BOVGO", "CMP", "NOBER", "BKK", "KASNI", "ASEKU", "NULBO", "MABKO", "VALSI", "ROBDA", "LOSDA", "OBLEX", "VTSS"]}, "geometry": {"type": "LineString", "coordinates": [[101.721944, 17.439167], [101.826389, 17.127778], [101.988889, 16.635278], [100.668333, 15.276667], [100.596111, 13.893611], [100.678333, 13.080556], [100.651389, 12.051667], [100.611944, 10.488611], [100.595278, 9.8025], [100.588333, 9.518889], [100.586389, 9.432778], [100.573611, 8.898889], [100.541111, 7.496667], [100.395, 6.932778]]}}, {"type": "Feature", "properties": {"flight_key": "THD117_VTUL_VTSS_2025-12-23 00:34", "callsign": "THD117", "aircraft_type": "A320", "adep": "VTUL", "ades": "VTSS", "epoch_ts": "2025-12-23 00:34:00+00:00", "altitude_ft": 821.0, "tas_kt": null, "gs_kt": 280.0, "track_deg": 162, "phase": "climb"}, "geometry": {"type": "Point", "coordinates": [101.721944, 17.439167, 250.2]}}, {"type": "Feature", "properties": {"flight_key": "THD117_VTUL_VTSS_2025-12-23 00:34", "callsign": "THD117", "aircraft_type": "A320", "adep": "VTUL", "ades": "VTSS", "epoch_ts": "2025-12-23 00:40:00+00:00", "altitude_ft": 12547.3, "tas_kt": null, "gs_kt": 280.0, "track_deg": 162, "phase": "climb"}, "geometry": {"type": "Point", "coordinates": [101.955594, 16.736186, 3824.4]}}, {"type": "Feature", "properties": {"flight_key": "THD117_VTUL_VTSS_2025-12-23 00:34", "callsign": "THD117", "aircraft_type": "A320", "adep": "VTUL", "ades": "VTSS", "epoch_ts": "2025-12-23 00:46:00+00:00", "altitude_ft": 24273.7, "tas_kt": null, "gs_kt": 280.0, "track_deg": 223, "phase": "climb"}, "geometry": {"type": "Point", "coordinates": [101.546622, 16.180266, 7398.6]}}, {"type": "Feature", "properties": {"flight_key": "THD117_VTUL_VTSS_2025-12-23 00:34", "callsign": "THD117", "aircraft_type": "A320", "adep": "VTUL", "ades": "VTSS", "epoch_ts": "2025-12-23 00:52:00+00:00", "altitude_ft": 36000.0, "tas_kt": null, "gs_kt": 460.0, "track_deg": 223, "phase": "cruise"}, "geometry": {"type": "Point", "coordinates": [101.030292, 15.649057, 10972.8]}}, {"type": "Feature", "properties": {"flight_key": "THD117_VTUL_VTSS_2025-12-23 00:34", "callsign": "THD117", "aircraft_type": "A320", "adep": "VTUL", "ades": "VTSS", "epoch_ts": "2025-12-23 00:58:00+00:00", "altitude_ft": 36000.0, "tas_kt": null, "gs_kt": 460.0, "track_deg": 183, "phase": "cruise"}, "geometry": {"type": "Point", "coordinates": [100.656783, 15.055489, 10972.8]}}, {"type": "Feature", "properties": {"flight_key": "THD117_VTUL_VTSS_2025-12-23 00:34", "callsign": "THD117", "aircraft_type": "A320", "adep": "VTUL", "ades": "VTSS", "epoch_ts": "2025-12-23 01:04:00+00:00", "altitude_ft": 36000.0, "tas_kt": null, "gs_kt": 460.0, "track_deg": 183, "phase": "cruise"}, "geometry": {"type": "Point", "coordinates": [100.618152, 14.315701, 10972.8]}}, {"type": "Feature", "properties": {"flight_key": "THD117_VTUL_VTSS_2025-12-23 00:34", "callsign": "THD117", "aircraft_type": "A320", "adep": "VTUL", "ades": "VTSS", "epoch_ts": "2025-12-23 01:10:00+00:00", "altitude_ft": 36000.0, "tas_kt": null, "gs_kt": 460.0, "track_deg": 174, "phase": "cruise"}, "geometry": {"type": "Point", "coordinates": [100.628119, 13.577095, 10972.8]}}, {"type": "Feature", "properties": {"flight_key": "THD117_VTUL_VTSS_2025-12-23 00:34", "callsign": "THD117", "aircraft_type": "A320", "adep": "VTUL", "ades": "VTSS", "epoch_ts": "2025-12-23 01:16:00+00:00", "altitude_ft": 36000.0, "tas_kt": null, "gs_kt": 460.0, "track_deg": 181, "phase": "cruise"}, "geometry": {"type": "Point", "coordinates": [100.672005, 12.838914, 10972.8]}}, {"type": "Feature", "properties": {"flight_key": "THD117_VTUL_VTSS_2025-12-23 00:34", "callsign": "THD117", "aircraft_type": "A320", "adep": "VTUL", "ades": "VTSS", "epoch_ts": "2025-12-23 01:22:00+00:00", "altitude_ft": 36000.0, "tas_kt": null, "gs_kt": 460.0, "track_deg": 181, "phase": "cruise"}, "geometry": {"type": "Point", "coordinates": [100.652612, 12.098373, 10972.8]}}, {"type": "Feature", "properties": {"flight_key": "THD117_VTUL_VTSS_2025-12-23 00:34", "callsign": "THD117", "aircraft_type": "A320", "adep": "VTUL", "ades": "VTSS", "epoch_ts": "2025-12-23 01:28:00+00:00", "altitude_ft": 36000.0, "tas_kt": null, "gs_kt": 460.0, "track_deg": 181, "phase": "cruise"}, "geometry": {"type": "Point", "coordinates": [100.633879, 11.357814, 10972.8]}}, {"type": "Feature", "properties": {"flight_key": "THD117_VTUL_VTSS_2025-12-23 00:34", "callsign": "THD117", "aircraft_type": "A320", "adep": "VTUL", "ades": "VTSS", "epoch_ts": "2025-12-23 01:34:00+00:00", "altitude_ft": 36000.0, "tas_kt": null, "gs_kt": 460.0, "track_deg": 181, "phase": "cruise"}, "geometry": {"type": "Point", "coordinates": [100.61519, 10.617254, 10972.8]}}, {"type": "Feature", "properties": {"flight_key": "THD117_VTUL_VTSS_2025-12-23 00:34", "callsign": "THD117", "aircraft_type": "A320", "adep": "VTUL", "ades": "VTSS", "epoch_ts": "2025-12-23 01:40:00+00:00", "altitude_ft": 36000.0, "tas_kt": null, "gs_kt": 460.0, "track_deg": 181, "phase": "cruise"}, "geometry": {"type": "Point", "coordinates": [100.59708, 9.87668, 10972.8]}}, {"type": "Feature", "properties": {"flight_key": "THD117_VTUL_VTSS_2025-12-23 00:34", "callsign": "THD117", "aircraft_type": "A320", "adep": "VTUL", "ades": "VTSS", "epoch_ts": "2025-12-23 01:46:00+00:00", "altitude_ft": 36000.0, "tas_kt": null, "gs_kt": 460.0, "track_deg": 181, "phase": "cruise"}, "geometry": {"type": "Point", "coordinates": [100.579288, 9.136098, 10972.8]}}, {"type": "Feature", "properties": {"flight_key": "THD117_VTUL_VTSS_2025-12-23 00:34", "callsign": "THD117", "aircraft_type": "A320", "adep": "VTUL", "ades": "VTSS", "epoch_ts": "2025-12-23 01:52:00+00:00", "altitude_ft": 24019.3, "tas_kt": null, "gs_kt": 270.0, "track_deg": 181, "phase": "descent"}, "geometry": {"type": "Point", "coordinates": [100.561944, 8.395506, 7321.1]}}, {"type": "Feature", "properties": {"flight_key": "THD117_VTUL_VTSS_2025-12-23 00:34", "callsign": "THD117", "aircraft_type": "A320", "adep": "VTUL", "ades": "VTSS", "epoch_ts": "2025-12-23 01:58:00+00:00", "altitude_ft": 12038.7, "tas_kt": null, "gs_kt": 270.0, "track_deg": 181, "phase": "descent"}, "geometry": {"type": "Point", "coordinates": [100.544779, 7.654909, 3669.4]}}, {"type": "Feature", "properties": {"flight_key": "THD117_VTUL_VTSS_2025-12-23 00:34", "callsign": "THD117", "aircraft_type": "A320", "adep": "VTUL", "ades": "VTSS", "epoch_ts": "2025-12-23 02:04:00+00:00", "altitude_ft": 58.0, "tas_kt": null, "gs_kt": 270.0, "track_deg": 180, "phase": "descent"}, "geometry": {"type": "Point", "coordinates": [100.395, 6.932778, 17.7]}}, {"type": "Feature", "properties": {"feature_type": "route", "flight_key": "TVJ118_VTUI_VTSP_2025-12-23 00:36", "route": "W5/W6 KKN W6 KRT W1 BKK G458 SAVSA", "callsign": "TVJ118", "aircraft_type": "A321", "adep": "VTUI", "ades": "VTSP", "rfl": 180, "sid": "", "star": "SAVS1C", "dep_rwy": "", "arr_rwy": "RW09", "eobt": "2025-12-23T00:36:00+00:00", "idents": ["VTUI", "KKN", "EMRUT", "KRT", "UBLOD", "MALKI", "BKK", "MOTNA", "HOTEL", "UKERA", "MENEX", "APRIL", "IKERA", "STN", "LAMUL", "SAVSA", "VTSP"]}, "geometry": {"type": "LineString", "coordinates": [[104.118628, 17.195142], [102.788056, 16.470833], [102.5925, 16.005556], [102.139722, 14.917222], [101.436667, 14.620833], [101.198056, 14.519722], [100.596111, 13.893611], [100.385, 13.186111], [100.33, 13.001667], [100.019444, 12.035278], [99.761944, 11.141944], [99.718611, 11.001944], [99.258889, 9.529444], [99.134722, 9.129444], [98.868889, 8.805], [98.624722, 8.504444], [98.309167, 8.1125]]}}, {"type": "Feature", "properties": {"flight_key": "TVJ118_VTUI_VTSP_2025-12-23 00:36", "callsign": "TVJ118", "aircraft_type": "A321", "adep": "VTUI", "ades": "VTSP", "epoch_ts": "2025-12-23 00:36:00+00:00", "altitude_ft": 529.0, "tas_kt": null, "gs_kt": 280.0, "track_deg": 240, "phase": "climb"}, "geometry": {"type": "Point", "coordinates": [104.118628, 17.195142, 161.2]}}, {"type": "Feature", "properties": {"flight_key": "TVJ118_VTUI_VTSP_2025-12-23 00:36", "callsign": "TVJ118", "aircraft_type": "A321", "adep": "VTUI", "ades": "VTSP", "epoch_ts": "2025-12-23 00:42:00+00:00", "altitude_ft": 6352.7, "tas_kt": null, "gs_kt": 280.0, "track_deg": 240, "phase": "climb"}, "geometry": {"type": "Point", "coordinates": [103.452147, 16.832337, 1936.3]}}, {"type": "Feature", "properties": {"flight_key": "TVJ118_VTUI_VTSP_2025-12-23 00:36", "callsign": "TVJ118", "aircraft_type": "A321", "adep": "VTUI", "ades": "VTSP", "epoch_ts": "2025-12-23 00:48:00+00:00", "altitude_ft": 12176.3, "tas_kt": null, "gs_kt": 280.0, "track_deg": 202, "phase": "climb"}, "geometry": {"type": "Point", "coordinates": [102.787001, 16.468324, 3711.3]}}, {"type": "Feature", "properties": {"flight_key": "TVJ118_VTUI_VTSP_2025-12-23 00:36", "callsign": "TVJ118", "aircraft_type": "A321", "adep": "VTUI", "ades": "VTSP", "epoch_ts": "2025-12-23 00:54:00+00:00", "altitude_ft": 18000.0, "tas_kt": null, "gs_kt": 460.0, "track_deg": 202, "phase": "cruise"}, "geometry": {"type": "Point", "coordinates": [102.49384, 15.76841, 5486.4]}}, {"type": "Feature", "properties": {"flight_key": "TVJ118_VTUI_VTSP_2025-12-23 00:36", "callsign": "TVJ118", "aircraft_type": "A321", "adep": "VTUI", "ades": "VTSP", "epoch_ts": "2025-12-23 01:00:00+00:00", "altitude_ft": 18000.0, "tas_kt": null, "gs_kt": 460.0, "track_deg": 202, "phase": "cruise"}, "geometry": {"type": "Point", "coordinates": [102.202363, 15.067792, 5486.4]}}, {"type": "Feature", "properties": {"flight_key": "TVJ118_VTUI_VTSP_2025-12-23 00:36", "callsign": "TVJ118", "aircraft_type": "A321", "adep": "VTUI", "ades": "VTSP", "epoch_ts": "2025-12-23 01:06:00+00:00", "altitude_ft": 18000.0, "tas_kt": null, "gs_kt": 460.0, "track_deg": 246, "phase": "cruise"}, "geometry": {"type": "Point", "coordinates": [101.590759, 14.685794, 5486.4]}}, {"type": "Feature", "properties": {"flight_key": "TVJ118_VTUI_VTSP_2025-12-23 00:36", "callsign": "TVJ118", "aircraft_type": "A321", "adep": "VTUI", "ades": "VTSP", "epoch_ts": "2025-12-23 01:12:00+00:00", "altitude_ft": 18000.0, "tas_kt": null, "gs_kt": 460.0, "track_deg": 223, "phase": "cruise"}, "geometry": {"type": "Point", "coordinates": [100.967645, 14.28006, 5486.4]}}, {"type": "Feature", "properties": {"flight_key": "TVJ118_VTUI_VTSP_2025-12-23 00:36", "callsign": "TVJ118", "aircraft_type": "A321", "adep": "VTUI", "ades": "VTSP", "epoch_ts": "2025-12-23 01:18:00+00:00", "altitude_ft": 18000.0, "tas_kt": null, "gs_kt": 460.0, "track_deg": 196, "phase": "cruise"}, "geometry": {"type": "Point", "coordinates": [100.532419, 13.680159, 5486.4]}}, {"type": "Feature", "properties": {"flight_key": "TVJ118_VTUI_VTSP_2025-12-23 00:36", "callsign": "TVJ118", "aircraft_type": "A321", "adep": "VTUI", "ades": "VTSP", "epoch_ts": "2025-12-23 01:24:00+00:00", "altitude_ft": 18000.0, "tas_kt": null, "gs_kt": 460.0, "track_deg": 197, "phase": "cruise"}, "geometry": {"type": "Point", "coordinates": [100.314461, 12.953314, 5486.4]}}, {"type": "Feature", "properties": {"flight_key": "TVJ118_VTUI_VTSP_2025-12-23 00:36", "callsign": "TVJ118", "aircraft_type": "A321", "adep": "VTUI", "ades": "VTSP", "epoch_ts": "2025-12-23 01:30:00+00:00", "altitude_ft": 18000.0, "tas_kt": null, "gs_kt": 460.0, "track_deg": 197, "phase": "cruise"}, "geometry": {"type": "Point", "coordinates": [100.082299, 12.23087, 5486.4]}}, {"type": "Feature", "properties": {"flight_key": "TVJ118_VTUI_VTSP_2025-12-23 00:36", "callsign": "TVJ118", "aircraft_type": "A321", "adep": "VTUI", "ades": "VTSP", "epoch_ts": "2025-12-23 01:36:00+00:00", "altitude_ft": 18000.0, "tas_kt": null, "gs_kt": 460.0, "track_deg": 196, "phase": "cruise"}, "geometry": {"type": "Point", "coordinates": [99.866172, 11.503539, 5486.4]}}, {"type": "Feature", "properties": {"flight_key": "TVJ118_VTUI_VTSP_2025-12-23 00:36", "callsign": "TVJ118", "aircraft_type": "A321", "adep": "VTUI", "ades": "VTSP", "epoch_ts": "2025-12-23 01:42:00+00:00", "altitude_ft": 18000.0, "tas_kt": null, "gs_kt": 460.0, "track_deg": 197, "phase": "cruise"}, "geometry": {"type": "Point", "coordinates": [99.64829, 10.776705, 5486.4]}}, {"type": "Feature", "properties": {"flight_key": "TVJ118_VTUI_VTSP_2025-12-23 00:36", "callsign": "TVJ118", "aircraft_type": "A321", "adep": "VTUI", "ades": "VTSP", "epoch_ts": "2025-12-23 01:48:00+00:00", "altitude_ft": 18000.0, "tas_kt": null, "gs_kt": 460.0, "track_deg": 197, "phase": "cruise"}, "geometry": {"type": "Point", "coordinates": [99.422144, 10.052355, 5486.4]}}, {"type": "Feature", "properties": {"flight_key": "TVJ118_VTUI_VTSP_2025-12-23 00:36", "callsign": "TVJ118", "aircraft_type": "A321", "adep": "VTUI", "ades": "VTSP", "epoch_ts": "2025-12-23 01:54:00+00:00", "altitude_ft": 12007.3, "tas_kt": null, "gs_kt": 270.0, "track_deg": 197, "phase": "descent"}, "geometry": {"type": "Point", "coordinates": [99.196327, 9.327903, 3659.8]}}, {"type": "Feature", "properties": {"flight_key": "TVJ118_VTUI_VTSP_2025-12-23 00:36", "callsign": "TVJ118", "aircraft_type": "A321", "adep": "VTUI", "ades": "VTSP", "epoch_ts": "2025-12-23 02:00:00+00:00", "altitude_ft": 6014.7, "tas_kt": null, "gs_kt": 270.0, "track_deg": 219, "phase": "descent"}, "geometry": {"type": "Point", "coordinates": [98.785917, 8.702866, 1833.3]}}, {"type": "Feature", "properties": {"flight_key": "TVJ118_VTUI_VTSP_2025-12-23 00:36", "callsign": "TVJ118", "aircraft_type": "A321", "adep": "VTUI", "ades": "VTSP", "epoch_ts": "2025-12-23 02:06:00+00:00", "altitude_ft": 22.0, "tas_kt": null, "gs_kt": 270.0, "track_deg": 0, "phase": "descent"}, "geometry": {"type": "Point", "coordinates": [98.309167, 8.1125, 6.7]}}, {"type": "Feature", "properties": {"feature_type": "route", "flight_key": "PGY119_VTCL_VTSF_2025-12-23 00:38", "route": "VENAG W23 PSL W9 BKK A464 UPNEP W35 NKS", "callsign": "PGY119", "aircraft_type": "A333", "adep": "VTCL", "ades": "VTSF", "rfl": 150, "sid": "VENA1C", "star": "", "dep_rwy": "RW36", "arr_rwy": "", "eobt": "2025-12-23T00:38:00+00:00", "idents": ["VTCL", "VENAG", "PIVUT", "POLOB", "PSL", "PEBLI", "BLAFF", "BKK", "POLAK", "GUTSO", "REGOS", "DIRAX", "TUSPU", "UPNEP", "PINUN", "PAGLU", "NKS", "VTSF"]}, "geometry": {"type": "LineString", "coordinates": [[99.504167, 18.270833], [99.699444, 17.903056], [99.764722, 17.778889], [100.057778, 17.219167], [100.291389, 16.770278], [100.293333, 16.268333], [100.2975, 15.275833], [100.596111, 13.893611], [100.581667, 13.351667], [100.581667, 12.805556], [100.581667, 12.001944], [100.546667, 11.001944], [100.518889, 10.33], [100.493333, 9.703611], [100.385, 9.473611], [100.285833, 9.263611], [99.946944, 8.541667], [99.944725, 8.539617]]}}, {"type": "Feature", "properties": {"flight_key": "PGY119_VTCL_VTSF_2025-12-23 00:38", "callsign": "PGY119", "aircraft_type": "A333", "adep": "VTCL", "ades": "VTSF", "epoch_ts": "2025-12-23 00:38:00+00:00", "altitude_ft": 814.0, "tas_kt": null, "gs_kt": 280.0, "track_deg": 153, "phase": "climb"}, "geometry": {"type": "Point", "coordinates": [99.504167, 18.270833, 248.1]}}, {"type": "Feature", "properties": {"flight_key": "PGY119_VTCL_VTSF_2025-12-23 00:38", "callsign": "PGY119", "aircraft_type": "A333", "adep": "VTCL", "ades": "VTSF", "epoch_ts": "2025-12-23 00:44:00+00:00", "altitude_ft": 5542.7, "tas_kt": null, "gs_kt": 280.0, "track_deg": 153, "phase": "climb"}, "geometry": {"type": "Point", "coordinates": [99.818272, 17.676611, 1689.4]}}, {"type": "Feature", "properties": {"flight_key": "PGY119_VTCL_VTSF_2025-12-23 00:38", "callsign": "PGY119", "aircraft_type": "A333", "adep": "VTCL", "ades": "VTSF", "epoch_ts": "2025-12-23 00:50:00+00:00", "altitude_ft": 10271.3, "tas_kt": null, "gs_kt": 280.0, "track_deg": 154, "phase": "climb"}, "geometry": {"type": "Point", "coordinates": [100.129695, 17.080977, 3130.7]}}, {"type": "Feature", "properties": {"flight_key": "PGY119_VTCL_VTSF_2025-12-23 00:38", "callsign": "PGY119", "aircraft_type": "A333", "adep": "VTCL", "ades": "VTSF", "epoch_ts": "2025-12-23 00:56:00+00:00", "altitude_ft": 15000.0, "tas_kt": null, "gs_kt": 460.0, "track_deg": 180, "phase": "cruise"}, "geometry": {"type": "Point", "coordinates": [100.292636, 16.448402, 4572.0]}}, {"type": "Feature", "properties": {"flight_key": "PGY119_VTCL_VTSF_2025-12-23 00:38", "callsign": "PGY119", "aircraft_type": "A333", "adep": "VTCL", "ades": "VTSF", "epoch_ts": "2025-12-23 01:02:00+00:00", "altitude_ft": 15000.0, "tas_kt": null, "gs_kt": 460.0, "track_deg": 180, "phase": "cruise"}, "geometry": {"type": "Point", "coordinates": [100.295399, 15.776274, 4572.0]}}, {"type": "Feature", "properties": {"flight_key": "PGY119_VTCL_VTSF_2025-12-23 00:38", "callsign": "PGY119", "aircraft_type": "A333", "adep": "VTCL", "ades": "VTSF", "epoch_ts": "2025-12-23 01:08:00+00:00", "altitude_ft": 15000.0, "tas_kt": null, "gs_kt": 460.0, "track_deg": 168, "phase": "cruise"}, "geometry": {"type": "Point", "coordinates": [100.333755, 15.108015, 4572.0]}}, {"type": "Feature", "properties": {"flight_key": "PGY119_VTCL_VTSF_2025-12-23 00:38", "callsign": "PGY119", "aircraft_type": "A333", "adep": "VTCL", "ades": "VTSF", "epoch_ts": "2025-12-23 01:14:00+00:00", "altitude_ft": 15000.0, "tas_kt": null, "gs_kt": 460.0, "track_deg": 168, "phase": "cruise"}, "geometry": {"type": "Point", "coordinates": [100.475686, 14.451038, 4572.0]}}, {"type": "Feature", "properties": {"flight_key": "PGY119_VTCL_VTSF_2025-12-23 00:38", "callsign": "PGY119", "aircraft_type": "A333", "adep": "VTCL", "ades": "VTSF", "epoch_ts": "2025-12-23 01:20:00+00:00", "altitude_ft": 15000.0, "tas_kt": null, "gs_kt": 460.0, "track_deg": 181, "phase": "cruise"}, "geometry": {"type": "Point", "coordinates": [100.593397, 13.791799, 4572.0]}}, {"type": "Feature", "properties": {"flight_key": "PGY119_VTCL_VTSF_2025-12-23 00:38", "callsign": "PGY119", "aircraft_type": "A333", "adep": "VTCL", "ades": "VTSF", "epoch_ts": "2025-12-23 01:26:00+00:00", "altitude_ft": 15000.0, "tas_kt": null, "gs_kt": 460.0, "track_deg": 180, "phase": "cruise"}, "geometry": {"type": "Point", "coordinates": [100.581667, 13.119822, 4572.0]}}, {"type": "Feature", "properties": {"flight_key": "PGY119_VTCL_VTSF_2025-12-23 00:38", "callsign": "PGY119", "aircraft_type": "A333", "adep": "VTCL", "ades": "VTSF", "epoch_ts": "2025-12-23 01:32:00+00:00", "altitude_ft": 15000.0, "tas_kt": null, "gs_kt": 460.0, "track_deg": 180, "phase": "cruise"}, "geometry": {"type": "Point", "coordinates": [100.581667, 12.447687, 4572.0]}}, {"type": "Feature", "properties": {"flight_key": "PGY119_VTCL_VTSF_2025-12-23 00:38", "callsign": "PGY119", "aircraft_type": "A333", "adep": "VTCL", "ades": "VTSF", "epoch_ts": "2025-12-23 01:38:00+00:00", "altitude_ft": 15000.0, "tas_kt": null, "gs_kt": 460.0, "track_deg": 182, "phase": "cruise"}, "geometry": {"type": "Point", "coordinates": [100.573748, 11.775692, 4572.0]}}, {"type": "Feature", "properties": {"flight_key": "PGY119_VTCL_VTSF_2025-12-23 00:38", "callsign": "PGY119", "aircraft_type": "A333", "adep": "VTCL", "ades": "VTSF", "epoch_ts": "2025-12-23 01:44:00+00:00", "altitude_ft": 15000.0, "tas_kt": null, "gs_kt": 460.0, "track_deg": 182, "phase": "cruise"}, "geometry": {"type": "Point", "coordinates": [100.550238, 11.103969, 4572.0]}}, {"type": "Feature", "properties": {"flight_key": "PGY119_VTCL_VTSF_2025-12-23 00:38", "callsign": "PGY119", "aircraft_type": "A333", "adep": "VTCL", "ades": "VTSF", "epoch_ts": "2025-12-23 01:50:00+00:00", "altitude_ft": 15000.0, "tas_kt": null, "gs_kt": 460.0, "track_deg": 182, "phase": "cruise"}, "geometry": {"type": "Point", "coordinates": [100.523122, 10.432384, 4572.0]}}, {"type": "Feature", "properties": {"flight_key": "PGY119_VTCL_VTSF_2025-12-23 00:38", "callsign": "PGY119", "aircraft_type": "A333", "adep": "VTCL", "ades": "VTSF", "epoch_ts": "2025-12-23 01:56:00+00:00", "altitude_ft": 10004.3, "tas_kt": null, "gs_kt": 270.0, "track_deg": 182, "phase": "descent"}, "geometry": {"type": "Point", "coordinates": [100.495667, 9.760811, 3049.3]}}, {"type": "Feature", "properties": {"flight_key": "PGY119_VTCL_VTSF_2025-12-23 00:38", "callsign": "PGY119", "aircraft_type": "A333", "adep": "VTCL", "ades": "VTSF", "epoch_ts": "2025-12-23 02:02:00+00:00", "altitude_ft": 5008.7, "tas_kt": null, "gs_kt": 270.0, "track_deg": 205, "phase": "descent"}, "geometry": {"type": "Point", "coordinates": [100.231267, 9.147367, 1526.6]}}, {"type": "Feature", "properties": {"flight_key": "PGY119_VTCL_VTSF_2025-12-23 00:38", "callsign": "PGY119", "aircraft_type": "A333", "adep": "VTCL", "ades": "VTSF", "epoch_ts": "2025-12-23 02:08:00+00:00", "altitude_ft": 13.0, "tas_kt": null, "gs_kt": 270.0, "track_deg": 0, "phase": "descent"}, "geometry": {"type": "Point", "coordinates": [99.944725, 8.539617, 4.0]}}, {"type": "Feature", "properties": {"feature_type": "route", "flight_key": "THA120_VTCC_VTSF_2025-12-23 00:40", "route": "PANTA W9 BKK A464 UPNEP W35 NKS", "callsign": "THA120", "aircraft_type": "A359", "adep": "VTCC", "ades": "VTSF", "rfl": 230, "sid": "PANT2C", "star": "", "dep_rwy": "RW36", "arr_rwy": "", "eobt": "2025-12-23T00:40:00+00:00", "idents": ["VTCC", "PANTA", "IGNAX", "SARIM", "PIBIK", "PSL", "PEBLI", "BLAFF", "BKK", "POLAK", "GUTSO", "REGOS", "DIRAX", "TUSPU", "UPNEP", "PINUN", "PAGLU", "NKS", "VTSF"]}, "geometry": {"type": "LineString", "coordinates": [[98.962778, 18.771389], [99.321389, 18.230833], [99.560833, 17.862222], [99.793611, 17.508333], [100.007778, 17.191667], [100.291389, 16.770278], [100.293333, 16.268333], [100.2975, 15.275833], [100.596111, 13.893611], [100.581667, 13.351667], [100.581667, 12.805556], [100.581667, 12.001944], [100.546667, 11.001944], [100.518889, 10.33], [100.493333, 9.703611], [100.385, 9.473611], [100.285833, 9.263611], [99.946944, 8.541667], [99.944725, 8.539617]]}}, {"type": "Feature", "properties": {"flight_key": "THA120_VTCC_VTSF_2025-12-23 00:40", "callsign": "THA120", "aircraft_type": "A359", "adep": "VTCC", "ades": "VTSF", "epoch_ts": "2025-12-23 00:40:00+00:00", "altitude_ft": 1006.9, "tas_kt": null, "gs_kt": 280.0, "track_deg": 148, "phase": "climb"}, "geometry": {"type": "Point", "coordinates": [98.962778, 18.771389, 306.9]}}, {"type": "Feature", "properties": {"flight_key": "THA120_VTCC_VTSF_2025-12-23 00:40", "callsign": "THA120", "aircraft_type": "A359", "adep": "VTCC", "ades": "VTSF", "epoch_ts": "2025-12-23 00:46:00+00:00", "altitude_ft": 8337.9, "tas_kt": null, "gs_kt": 280.0, "track_deg": 148, "phase": "climb"}, "geometry": {"type": "Point", "coordinates": [99.359853, 18.171619, 2541.4]}}, {"type": "Feature", "properties": {"flight_key": "THA120_VTCC_VTSF_2025-12-23 00:40", "callsign": "THA120", "aircraft_type": "A359", "adep": "VTCC", "ades": "VTSF", "epoch_ts": "2025-12-23 00:52:00+00:00", "altitude_ft": 15669.0, "tas_kt": null, "gs_kt": 280.0, "track_deg": 148, "phase": "climb"}, "geometry": {"type": "Point", "coordinates": [99.753371, 17.569509, 4775.9]}}, {"type": "Feature", "properties": {"flight_key": "THA120_VTCC_VTSF_2025-12-23 00:40", "callsign": "THA120", "aircraft_type": "A359", "adep": "VTCC", "ades": "VTSF", "epoch_ts": "2025-12-23 00:58:00+00:00", "altitude_ft": 23000.0, "tas_kt": null, "gs_kt": 460.0, "track_deg": 147, "phase": "cruise"}, "geometry": {"type": "Point", "coordinates": [100.155067, 16.972826, 7010.4]}}, {"type": "Feature", "properties": {"flight_key": "THA120_VTCC_VTSF_2025-12-23 00:40", "callsign": "THA120", "aircraft_type": "A359", "adep": "VTCC", "ades": "VTSF", "epoch_ts": "2025-12-23 01:04:00+00:00", "altitude_ft": 23000.0, "tas_kt": null, "gs_kt": 460.0, "track_deg": 180, "phase": "cruise"}, "geometry": {"type": "Point", "coordinates": [100.293229, 16.295129, 7010.4]}}, {"type": "Feature", "properties": {"flight_key": "THA120_VTCC_VTSF_2025-12-23 00:40", "callsign": "THA120", "aircraft_type": "A359", "adep": "VTCC", "ades": "VTSF", "epoch_ts": "2025-12-23 01:10:00+00:00", "altitude_ft": 23000.0, "tas_kt": null, "gs_kt": 460.0, "track_deg": 180, "phase": "cruise"}, "geometry": {"type": "Point", "coordinates": [100.29624, 15.575832, 7010.4]}}, {"type": "Feature", "properties": {"flight_key": "THA120_VTCC_VTSF_2025-12-23 00:40", "callsign": "THA120", "aircraft_type": "A359", "adep": "VTCC", "ades": "VTSF", "epoch_ts": "2025-12-23 01:16:00+00:00", "altitude_ft": 23000.0, "tas_kt": null, "gs_kt": 460.0, "track_deg": 168, "phase": "cruise"}, "geometry": {"type": "Point", "coordinates": [100.386042, 14.865986, 7010.4]}}, {"type": "Feature", "properties": {"flight_key": "THA120_VTCC_VTSF_2025-12-23 00:40", "callsign": "THA120", "aircraft_type": "A359", "adep": "VTCC", "ades": "VTSF", "epoch_ts": "2025-12-23 01:22:00+00:00", "altitude_ft": 23000.0, "tas_kt": null, "gs_kt": 460.0, "track_deg": 168, "phase": "cruise"}, "geometry": {"type": "Point", "coordinates": [100.537934, 14.162903, 7010.4]}}, {"type": "Feature", "properties": {"flight_key": "THA120_VTCC_VTSF_2025-12-23 00:40", "callsign": "THA120", "aircraft_type": "A359", "adep": "VTCC", "ades": "VTSF", "epoch_ts": "2025-12-23 01:28:00+00:00", "altitude_ft": 23000.0, "tas_kt": null, "gs_kt": 460.0, "track_deg": 181, "phase": "cruise"}, "geometry": {"type": "Point", "coordinates": [100.584287, 13.44997, 7010.4]}}, {"type": "Feature", "properties": {"flight_key": "THA120_VTCC_VTSF_2025-12-23 00:40", "callsign": "THA120", "aircraft_type": "A359", "adep": "VTCC", "ades": "VTSF", "epoch_ts": "2025-12-23 01:34:00+00:00", "altitude_ft": 23000.0, "tas_kt": null, "gs_kt": 460.0, "track_deg": 180, "phase": "cruise"}, "geometry": {"type": "Point", "coordinates": [100.581667, 12.730702, 7010.4]}}, {"type": "Feature", "properties": {"flight_key": "THA120_VTCC_VTSF_2025-12-23 00:40", "callsign": "THA120", "aircraft_type": "A359", "adep": "VTCC", "ades": "VTSF", "epoch_ts": "2025-12-23 01:40:00+00:00", "altitude_ft": 23000.0, "tas_kt": null, "gs_kt": 460.0, "track_deg": 180, "phase": "cruise"}, "geometry": {"type": "Point", "coordinates": [100.581667, 12.011399, 7010.4]}}, {"type": "Feature", "properties": {"flight_key": "THA120_VTCC_VTSF_2025-12-23 00:40", "callsign": "THA120", "aircraft_type": "A359", "adep": "VTCC", "ades": "VTSF", "epoch_ts": "2025-12-23 01:46:00+00:00", "altitude_ft": 23000.0, "tas_kt": null, "gs_kt": 460.0, "track_deg": 182, "phase": "cruise"}, "geometry": {"type": "Point", "coordinates": [100.556838, 11.29253, 7010.4]}}, {"type": "Feature", "properties": {"flight_key": "THA120_VTCC_VTSF_2025-12-23 00:40", "callsign": "THA120", "aircraft_type": "A359", "adep": "VTCC", "ades": "VTSF", "epoch_ts": "2025-12-23 01:52:00+00:00", "altitude_ft": 23000.0, "tas_kt": null, "gs_kt": 460.0, "track_deg": 182, "phase": "cruise"}, "geometry": {"type": "Point", "coordinates": [100.528966, 10.57377, 7010.4]}}, {"type": "Feature", "properties": {"flight_key": "THA120_VTCC_VTSF_2025-12-23 00:40", "callsign": "THA120", "aircraft_type": "A359", "adep": "VTCC", "ades": "VTSF", "epoch_ts": "2025-12-23 01:58:00+00:00", "altitude_ft": 15337.7, "tas_kt": null, "gs_kt": 270.0, "track_deg": 182, "phase": "descent"}, "geometry": {"type": "Point", "coordinates": [100.499512, 9.85507, 4674.9]}}, {"type": "Feature", "properties": {"flight_key": "THA120_VTCC_VTSF_2025-12-23 00:40", "callsign": "THA120", "aircraft_type": "A359", "adep": "VTCC", "ades": "VTSF", "epoch_ts": "2025-12-23 02:04:00+00:00", "altitude_ft": 7675.3, "tas_kt": null, "gs_kt": 270.0, "track_deg": 205, "phase": "descent"}, "geometry": {"type": "Point", "coordinates": [100.25131, 9.190066, 2339.4]}}, {"type": "Feature", "properties": {"flight_key": "THA120_VTCC_VTSF_2025-12-23 00:40", "callsign": "THA120", "aircraft_type": "A359", "adep": "VTCC", "ades": "VTSF", "epoch_ts": "2025-12-23 02:10:00+00:00", "altitude_ft": 13.0, "tas_kt": null, "gs_kt": 270.0, "track_deg": 0, "phase": "descent"}, "geometry": {"type": "Point", "coordinates": [99.944725, 8.539617, 4.0]}}, {"type": "Feature", "properties": {"feature_type": "route", "flight_key": "AIQ121_VTUD_VTSM_2025-12-23 00:42", "route": "W5/W6 KKN W6 KRT W1 BKK A464 UPNEP W33 SMU", "callsign": "AIQ121", "aircraft_type": "B77W", "adep": "VTUD", "ades": "VTSM", "rfl": 220, "sid": "", "star": "", "dep_rwy": "", "arr_rwy": "", "eobt": "2025-12-23T00:42:00+00:00", "idents": ["VTUD", "KKN", "EMRUT", "KRT", "UBLOD", "MALKI", "BKK", "POLAK", "GUTSO", "REGOS", "DIRAX", "TUSPU", "UPNEP", "VININ", "SMU", "VTSM"]}, "geometry": {"type": "LineString", "coordinates": [[102.788247, 17.386436], [102.788056, 16.470833], [102.5925, 16.005556], [102.139722, 14.917222], [101.436667, 14.620833], [101.198056, 14.519722], [100.596111, 13.893611], [100.581667, 13.351667], [100.581667, 12.805556], [100.581667, 12.001944], [100.546667, 11.001944], [100.518889, 10.33], [100.493333, 9.703611], [100.294444, 9.631667], [100.061667, 9.546944], [100.0625, 9.548889]]}}, {"type": "Feature", "properties": {"flight_key": "AIQ121_VTUD_VTSM_2025-12-23 00:42", "callsign": "AIQ121", "aircraft_type": "B77W", "adep": "VTUD", "ades": "VTSM", "epoch_ts": "2025-12-23 00:42:00+00:00", "altitude_ft": 579.0, "tas_kt": null, "gs_kt": 280.0, "track_deg": 180, "phase": "climb"}, "geometry": {"type": "Point", "coordinates": [102.788247, 17.386436, 176.5]}}, {"type": "Feature", "properties": {"flight_key": "AIQ121_VTUD_VTSM_2025-12-23 00:42", "callsign": "AIQ121", "aircraft_type": "B77W", "adep": "VTUD", "ades": "VTSM", "epoch_ts": "2025-12-23 00:48:00+00:00", "altitude_ft": 7719.3, "tas_kt": null, "gs_kt": 280.0, "track_deg": 180, "phase": "climb"}, "geometry": {"type": "Point", "coordinates": [102.78812, 16.776905, 2352.9]}}, {"type": "Feature", "properties": {"flight_key": "AIQ121_VTUD_VTSM_2025-12-23 00:42", "callsign": "AIQ121", "aircraft_type": "B77W", "adep": "VTUD", "ades": "VTSM", "epoch_ts": "2025-12-23 00:54:00+00:00", "altitude_ft": 14859.7, "tas_kt": null, "gs_kt": 280.0, "track_deg": 202, "phase": "climb"}, "geometry": {"type": "Point", "coordinates": [102.670476, 16.19108, 4529.2]}}, {"type": "Feature", "properties": {"flight_key": "AIQ121_VTUD_VTSM_2025-12-23 00:42", "callsign": "AIQ121", "aircraft_type": "B77W", "adep": "VTUD", "ades": "VTSM", "epoch_ts": "2025-12-23 01:00:00+00:00", "altitude_ft": 22000.0, "tas_kt": null, "gs_kt": 460.0, "track_deg": 202, "phase": "cruise"}, "geometry": {"type": "Point", "coordinates": [102.435672, 15.628591, 6705.6]}}, {"type": "Feature", "properties": {"flight_key": "AIQ121_VTUD_VTSM_2025-12-23 00:42", "callsign": "AIQ121", "aircraft_type": "B77W", "adep": "VTUD", "ades": "VTSM", "epoch_ts": "2025-12-23 01:06:00+00:00", "altitude_ft": 22000.0, "tas_kt": null, "gs_kt": 460.0, "track_deg": 202, "phase": "cruise"}, "geometry": {"type": "Point", "coordinates": [102.201543, 15.06582, 6705.6]}}, {"type": "Feature", "properties": {"flight_key": "AIQ121_VTUD_VTSM_2025-12-23 00:42", "callsign": "AIQ121", "aircraft_type": "B77W", "adep": "VTUD", "ades": "VTSM", "epoch_ts": "2025-12-23 01:12:00+00:00", "altitude_ft": 22000.0, "tas_kt": null, "gs_kt": 460.0, "track_deg": 246, "phase": "cruise"}, "geometry": {"type": "Point", "coordinates": [101.726366, 14.742962, 6705.6]}}, {"type": "Feature", "properties": {"flight_key": "AIQ121_VTUD_VTSM_2025-12-23 00:42", "callsign": "AIQ121", "aircraft_type": "B77W", "adep": "VTUD", "ades": "VTSM", "epoch_ts": "2025-12-23 01:18:00+00:00", "altitude_ft": 22000.0, "tas_kt": null, "gs_kt": 460.0, "track_deg": 223, "phase": "cruise"}, "geometry": {"type": "Point", "coordinates": [101.173112, 14.493777, 6705.6]}}, {"type": "Feature", "properties": {"flight_key": "AIQ121_VTUD_VTSM_2025-12-23 00:42", "callsign": "AIQ121", "aircraft_type": "B77W", "adep": "VTUD", "ades": "VTSM", "epoch_ts": "2025-12-23 01:24:00+00:00", "altitude_ft": 22000.0, "tas_kt": null, "gs_kt": 460.0, "track_deg": 223, "phase": "cruise"}, "geometry": {"type": "Point", "coordinates": [100.750672, 14.054377, 6705.6]}}, {"type": "Feature", "properties": {"flight_key": "AIQ121_VTUD_VTSM_2025-12-23 00:42", "callsign": "AIQ121", "aircraft_type": "B77W", "adep": "VTUD", "ades": "VTSM", "epoch_ts": "2025-12-23 01:30:00+00:00", "altitude_ft": 22000.0, "tas_kt": null, "gs_kt": 460.0, "track_deg": 181, "phase": "cruise"}, "geometry": {"type": "Point", "coordinates": [100.585813, 13.507231, 6705.6]}}, {"type": "Feature", "properties": {"flight_key": "AIQ121_VTUD_VTSM_2025-12-23 00:42", "callsign": "AIQ121", "aircraft_type": "B77W", "adep": "VTUD", "ades": "VTSM", "epoch_ts": "2025-12-23 01:36:00+00:00", "altitude_ft": 22000.0, "tas_kt": null, "gs_kt": 460.0, "track_deg": 180, "phase": "cruise"}, "geometry": {"type": "Point", "coordinates": [100.581667, 12.897755, 6705.6]}}, {"type": "Feature", "properties": {"flight_key": "AIQ121_VTUD_VTSM_2025-12-23 00:42", "callsign": "AIQ121", "aircraft_type": "B77W", "adep": "VTUD", "ades": "VTSM", "epoch_ts": "2025-12-23 01:42:00+00:00", "altitude_ft": 22000.0, "tas_kt": null, "gs_kt": 460.0, "track_deg": 180, "phase": "cruise"}, "geometry": {"type": "Point", "coordinates": [100.581667, 12.288224, 6705.6]}}, {"type": "Feature", "properties": {"flight_key": "AIQ121_VTUD_VTSM_2025-12-23 00:42", "callsign": "AIQ121", "aircraft_type": "B77W", "adep": "VTUD", "ades": "VTSM", "epoch_ts": "2025-12-23 01:48:00+00:00", "altitude_ft": 22000.0, "tas_kt": null, "gs_kt": 460.0, "track_deg": 182, "phase": "cruise"}, "geometry": {"type": "Point", "coordinates": [100.57036, 11.678891, 6705.6]}}, {"type": "Feature", "properties": {"flight_key": "AIQ121_VTUD_VTSM_2025-12-23 00:42", "callsign": "AIQ121", "aircraft_type": "B77W", "adep": "VTUD", "ades": "VTSM", "epoch_ts": "2025-12-23 01:54:00+00:00", "altitude_ft": 22000.0, "tas_kt": null, "gs_kt": 460.0, "track_deg": 182, "phase": "cruise"}, "geometry": {"type": "Point", "coordinates": [100.54904, 11.069734, 6705.6]}}, {"type": "Feature", "properties": {"flight_key": "AIQ121_VTUD_VTSM_2025-12-23 00:42", "callsign": "AIQ121", "aircraft_type": "B77W", "adep": "VTUD", "ades": "VTSM", "epoch_ts": "2025-12-23 02:00:00+00:00", "altitude_ft": 14688.0, "tas_kt": null, "gs_kt": 270.0, "track_deg": 182, "phase": "descent"}, "geometry": {"type": "Point", "coordinates": [100.524292, 10.460707, 4476.9]}}, {"type": "Feature", "properties": {"flight_key": "AIQ121_VTUD_VTSM_2025-12-23 00:42", "callsign": "AIQ121", "aircraft_type": "B77W", "adep": "VTUD", "ades": "VTSM", "epoch_ts": "2025-12-23 02:06:00+00:00", "altitude_ft": 7376.0, "tas_kt": null, "gs_kt": 270.0, "track_deg": 182, "phase": "descent"}, "geometry": {"type": "Point", "coordinates": [100.499374, 9.851686, 2248.2]}}, {"type": "Feature", "properties": {"flight_key": "AIQ121_VTUD_VTSM_2025-12-23 00:42", "callsign": "AIQ121", "aircraft_type": "B77W", "adep": "VTUD", "ades": "VTSM", "epoch_ts": "2025-12-23 02:12:00+00:00", "altitude_ft": 64.0, "tas_kt": null, "gs_kt": 270.0, "track_deg": 0, "phase": "descent"}, "geometry": {"type": "Point", "coordinates": [100.0625, 9.548889, 19.5]}}, {"type": "Feature", "properties": {"feature_type": "route", "flight_key": "TGW122_VTBD_VTSS_2025-12-23 00:44", "route": "KASNI M757 OBLEX", "callsign": "TGW122", "aircraft_type": "B789", "adep": "VTBD", "ades": "VTSS", "rfl": 340, "sid": "KASN1B", "star": "OBLE1A", "dep_rwy": "RW03L", "arr_rwy": "RW26", "eobt": "2025-12-23T00:44:00+00:00", "idents": ["VTBD", "KASNI", "ASEKU", "NULBO", "MABKO", "VALSI", "ROBDA", "LOSDA", "OBLEX", "VTSS"]}, "geometry": {"type": "LineString", "coordinates": [[100.605692, 13.914372], [100.678333, 13.080556], [100.651389, 12.051667], [100.611944, 10.488611], [100.595278, 9.8025], [100.588333, 9.518889], [100.586389, 9.432778], [100.573611, 8.898889], [100.541111, 7.496667], [100.395, 6.932778]]}}, {"type": "Feature", "properties": {"flight_key": "TGW122_VTBD_VTSS_2025-12-23 00:44", "callsign": "TGW122", "aircraft_type": "B789", "adep": "VTBD", "ades": "VTSS", "epoch_ts": "2025-12-23 00:44:00+00:00", "altitude_ft": 7.0, "tas_kt": null, "gs_kt": 280.0, "track_deg": 175, "phase": "climb"}, "geometry": {"type": "Point", "coordinates": [100.605692, 13.914372, 2.1]}}, {"type": "Feature", "properties": {"flight_key": "TGW122_VTBD_VTSS_2025-12-23 00:44", "callsign": "TGW122", "aircraft_type": "B789", "adep": "VTBD", "ades": "VTSS", "epoch_ts": "2025-12-23 00:50:00+00:00", "altitude_ft": 11338.0, "tas_kt": null, "gs_kt": 280.0, "track_deg": 175, "phase": "climb"}, "geometry": {"type": "Point", "coordinates": [100.646223, 13.44913, 3455.8]}}, {"type": "Feature", "properties": {"flight_key": "TGW122_VTBD_VTSS_2025-12-23 00:44", "callsign": "TGW122", "aircraft_type": "B789", "adep": "VTBD", "ades": "VTSS", "epoch_ts": "2025-12-23 00:56:00+00:00", "altitude_ft": 22669.0, "tas_kt": null, "gs_kt": 280.0, "track_deg": 181, "phase": "climb"}, "geometry": {"type": "Point", "coordinates": [100.675793, 12.983555, 6909.5]}}, {"type": "Feature", "properties": {"flight_key": "TGW122_VTBD_VTSS_2025-12-23 00:44", "callsign": "TGW122", "aircraft_type": "B789", "adep": "VTBD", "ades": "VTSS", "epoch_ts": "2025-12-23 01:02:00+00:00", "altitude_ft": 34000.0, "tas_kt": null, "gs_kt": 460.0, "track_deg": 181, "phase": "cruise"}, "geometry": {"type": "Point", "coordinates": [100.663567, 12.516711, 10363.2]}}, {"type": "Feature", "properties": {"flight_key": "TGW122_VTBD_VTSS_2025-12-23 00:44", "callsign": "TGW122", "aircraft_type": "B789", "adep": "VTBD", "ades": "VTSS", "epoch_ts": "2025-12-23 01:08:00+00:00", "altitude_ft": 34000.0, "tas_kt": null, "gs_kt": 460.0, "track_deg": 181, "phase": "cruise"}, "geometry": {"type": "Point", "coordinates": [100.651344, 12.049867, 10363.2]}}, {"type": "Feature", "properties": {"flight_key": "TGW122_VTBD_VTSS_2025-12-23 00:44", "callsign": "TGW122", "aircraft_type": "B789", "adep": "VTBD", "ades": "VTSS", "epoch_ts": "2025-12-23 01:14:00+00:00", "altitude_ft": 34000.0, "tas_kt": null, "gs_kt": 460.0, "track_deg": 181, "phase": "cruise"}, "geometry": {"type": "Point", "coordinates": [100.639562, 11.583011, 10363.2]}}, {"type": "Feature", "properties": {"flight_key": "TGW122_VTBD_VTSS_2025-12-23 00:44", "callsign": "TGW122", "aircraft_type": "B789", "adep": "VTBD", "ades": "VTSS", "epoch_ts": "2025-12-23 01:20:00+00:00", "altitude_ft": 34000.0, "tas_kt": null, "gs_kt": 460.0, "track_deg": 181, "phase": "cruise"}, "geometry": {"type": "Point", "coordinates": [100.627781, 11.116155, 10363.2]}}, {"type": "Feature", "properties": {"flight_key": "TGW122_VTBD_VTSS_2025-12-23 00:44", "callsign": "TGW122", "aircraft_type": "B789", "adep": "VTBD", "ades": "VTSS", "epoch_ts": "2025-12-23 01:26:00+00:00", "altitude_ft": 34000.0, "tas_kt": null, "gs_kt": 460.0, "track_deg": 181, "phase": "cruise"}, "geometry": {"type": "Point", "coordinates": [100.615999, 10.6493, 10363.2]}}, {"type": "Feature", "properties": {"flight_key": "TGW122_VTBD_VTSS_2025-12-23 00:44", "callsign": "TGW122", "aircraft_type": "B789", "adep": "VTBD", "ades": "VTSS", "epoch_ts": "2025-12-23 01:32:00+00:00", "altitude_ft": 34000.0, "tas_kt": null, "gs_kt": 460.0, "track_deg": 181, "phase": "cruise"}, "geometry": {"type": "Point", "coordinates": [100.604507, 10.182437, 10363.2]}}, {"type": "Feature", "properties": {"flight_key": "TGW122_VTBD_VTSS_2025-12-23 00:44", "callsign": "TGW122", "aircraft_type": "B789", "adep": "VTBD", "ades": "VTSS", "epoch_ts": "2025-12-23 01:38:00+00:00", "altitude_ft": 34000.0, "tas_kt": null, "gs_kt": 460.0, "track_deg": 181, "phase": "cruise"}, "geometry": {"type": "Point", "coordinates": [100.593149, 9.715571, 10363.2]}}, {"type": "Feature", "properties": {"flight_key": "TGW122_VTBD_VTSS_2025-12-23 00:44", "callsign": "TGW122", "aircraft_type": "B789", "adep": "VTBD", "ades": "VTSS", "epoch_ts": "2025-12-23 01:44:00+00:00", "altitude_ft": 34000.0, "tas_kt": null, "gs_kt": 460.0, "track_deg": 181, "phase": "cruise"}, "geometry": {"type": "Point", "coordinates": [100.581983, 9.2487, 10363.2]}}, {"type": "Feature", "properties": {"flight_key": "TGW122_VTBD_VTSS_2025-12-23 00:44", "callsign": "TGW122", "aircraft_type": "B789", "adep": "VTBD", "ades": "VTSS", "epoch_ts": "2025-12-23 01:50:00+00:00", "altitude_ft": 34000.0, "tas_kt": null, "gs_kt": 460.0, "track_deg": 181, "phase": "cruise"}, "geometry": {"type": "Point", "coordinates": [100.570898, 8.781828, 10363.2]}}, {"type": "Feature", "properties": {"flight_key": "TGW122_VTBD_VTSS_2025-12-23 00:44", "callsign": "TGW122", "aircraft_type": "B789", "adep": "VTBD", "ades": "VTSS", "epoch_ts": "2025-12-23 01:56:00+00:00", "altitude_ft": 34000.0, "tas_kt": null, "gs_kt": 460.0, "track_deg": 181, "phase": "cruise"}, "geometry": {"type": "Point", "coordinates": [100.560077, 8.314949, 10363.2]}}, {"type": "Feature", "properties": {"flight_key": "TGW122_VTBD_VTSS_2025-12-23 00:44", "callsign": "TGW122", "aircraft_type": "B789", "adep": "VTBD", "ades": "VTSS", "epoch_ts": "2025-12-23 02:02:00+00:00", "altitude_ft": 22686.0, "tas_kt": null, "gs_kt": 270.0, "track_deg": 181, "phase": "descent"}, "geometry": {"type": "Point", "coordinates": [100.549256, 7.84807, 6914.7]}}, {"type": "Feature", "properties": {"flight_key": "TGW122_VTBD_VTSS_2025-12-23 00:44", "callsign": "TGW122", "aircraft_type": "B789", "adep": "VTBD", "ades": "VTSS", "epoch_ts": "2025-12-23 02:08:00+00:00", "altitude_ft": 11372.0, "tas_kt": null, "gs_kt": 270.0, "track_deg": 194, "phase": "descent"}, "geometry": {"type": "Point", "coordinates": [100.512138, 7.384853, 3466.2]}}, {"type": "Feature", "properties": {"flight_key": "TGW122_VTBD_VTSS_2025-12-23 00:44", "callsign": "TGW122", "aircraft_type": "B789", "adep": "VTBD", "ades": "VTSS", "epoch_ts": "2025-12-23 02:14:00+00:00", "altitude_ft": 58.0, "tas_kt": null, "gs_kt": 270.0, "track_deg": 0, "phase": "descent"}, "geometry": {"type": "Point", "coordinates": [100.395, 6.932778, 17.7]}}, {"type": "Feature", "properties": {"feature_type": "route", "flight_key": "BKP123_VTSM_VTBD_2025-12-23 00:46", "route": "OLBAG Y17 DONSI M769 GOKEX Y96 EMTIX Y99 HOTEL DCT SABAI", "callsign": "BKP123", "aircraft_type": "B763", "adep": "VTSM", "ades": "VTBD", "rfl": 370, "sid": "OLBA1A", "star": "SABA1B", "dep_rwy": "RW17", "arr_rwy": "RW03L", "eobt": "2025-12-23T00:46:00+00:00", "idents": ["VTSM", "OLBAG", "APUSA", "DONSI", "GOKEX", "OLSEL", "UPVIL", "EMTIX", "HOTEL", "SABAI", "VTBD"]}, "geometry": {"type": "LineString", "coordinates": [[100.0625, 9.548889], [100.314444, 9.980278], [100.335278, 10.015833], [100.400278, 10.127222], [100.428889, 11.304167], [100.280278, 11.569722], [100.239167, 11.643333], [100.137222, 11.825278], [100.33, 13.001667], [100.327564, 13.122814], [100.605692, 13.914372]]}}, {"type": "Feature", "properties": {"flight_key": "BKP123_VTSM_VTBD_2025-12-23 00:46", "callsign": "BKP123", "aircraft_type": "B763", "adep": "VTSM", "ades": "VTBD", "epoch_ts": "2025-12-23 00:46:00+00:00", "altitude_ft": 43.0, "tas_kt": null, "gs_kt": 280.0, "track_deg": 30, "phase": "climb"}, "geometry": {"type": "Point", "coordinates": [100.0625, 9.548889, 13.1]}}, {"type": "Feature", "properties": {"flight_key": "BKP123_VTSM_VTBD_2025-12-23 00:46", "callsign": "BKP123", "aircraft_type": "B763", "adep": "VTSM", "ades": "VTBD", "epoch_ts": "2025-12-23 00:52:00+00:00", "altitude_ft": 12362.0, "tas_kt": null, "gs_kt": 280.0, "track_deg": 30, "phase": "climb"}, "geometry": {"type": "Point", "coordinates": [100.217039, 9.813498, 3767.9]}}, {"type": "Feature", "properties": {"flight_key": "BKP123_VTSM_VTBD_2025-12-23 00:46", "callsign": "BKP123", "aircraft_type": "B763", "adep": "VTSM", "ades": "VTBD", "epoch_ts": "2025-12-23 00:58:00+00:00", "altitude_ft": 24681.0, "tas_kt": null, "gs_kt": 280.0, "track_deg": 30, "phase": "climb"}, "geometry": {"type": "Point", "coordinates": [100.371608, 10.07809, 7522.8]}}, {"type": "Feature", "properties": {"flight_key": "BKP123_VTSM_VTBD_2025-12-23 00:46", "callsign": "BKP123", "aircraft_type": "B763", "adep": "VTSM", "ades": "VTBD", "epoch_ts": "2025-12-23 01:04:00+00:00", "altitude_ft": 37000.0, "tas_kt": null, "gs_kt": 460.0, "track_deg": 1, "phase": "cruise"}, "geometry": {"type": "Point", "coordinates": [100.406343, 10.376694, 11277.6]}}, {"type": "Feature", "properties": {"flight_key": "BKP123_VTSM_VTBD_2025-12-23 00:46", "callsign": "BKP123", "aircraft_type": "B763", "adep": "VTSM", "ades": "VTBD", "epoch_ts": "2025-12-23 01:10:00+00:00", "altitude_ft": 37000.0, "tas_kt": null, "gs_kt": 460.0, "track_deg": 1, "phase": "cruise"}, "geometry": {"type": "Point", "coordinates": [100.41379, 10.683036, 11277.6]}}, {"type": "Feature", "properties": {"flight_key": "BKP123_VTSM_VTBD_2025-12-23 00:46", "callsign": "BKP123", "aircraft_type": "B763", "adep": "VTSM", "ades": "VTBD", "epoch_ts": "2025-12-23 01:16:00+00:00", "altitude_ft": 37000.0, "tas_kt": null, "gs_kt": 460.0, "track_deg": 1, "phase": "cruise"}, "geometry": {"type": "Point", "coordinates": [100.421237, 10.989377, 11277.6]}}, {"type": "Feature", "properties": {"flight_key": "BKP123_VTSM_VTBD_2025-12-23 00:46", "callsign": "BKP123", "aircraft_type": "B763", "adep": "VTSM", "ades": "VTBD", "epoch_ts": "2025-12-23 01:22:00+00:00", "altitude_ft": 37000.0, "tas_kt": null, "gs_kt": 460.0, "track_deg": 1, "phase": "cruise"}, "geometry": {"type": "Point", "coordinates": [100.428684, 11.295718, 11277.6]}}, {"type": "Feature", "properties": {"flight_key": "BKP123_VTSM_VTBD_2025-12-23 00:46", "callsign": "BKP123", "aircraft_type": "B763", "adep": "VTSM", "ades": "VTBD", "epoch_ts": "2025-12-23 01:28:00+00:00", "altitude_ft": 37000.0, "tas_kt": null, "gs_kt": 460.0, "track_deg": 331, "phase": "cruise"}, "geometry": {"type": "Point", "coordinates": [100.283369, 11.564198, 11277.6]}}, {"type": "Feature", "properties": {"flight_key": "BKP123_VTSM_VTBD_2025-12-23 00:46", "callsign": "BKP123", "aircraft_type": "B763", "adep": "VTSM", "ades": "VTBD", "epoch_ts": "2025-12-23 01:34:00+00:00", "altitude_ft": 37000.0, "tas_kt": null, "gs_kt": 460.0, "track_deg": 9, "phase": "cruise"}, "geometry": {"type": "Point", "coordinates": [100.138391, 11.832412, 11277.6]}}, {"type": "Feature", "properties": {"flight_key": "BKP123_VTSM_VTBD_2025-12-23 00:46", "callsign": "BKP123", "aircraft_type": "B763", "adep": "VTSM", "ades": "VTBD", "epoch_ts": "2025-12-23 01:40:00+00:00", "altitude_ft": 37000.0, "tas_kt": null, "gs_kt": 460.0, "track_deg": 9, "phase": "cruise"}, "geometry": {"type": "Point", "coordinates": [100.187946, 12.13481, 11277.6]}}, {"type": "Feature", "properties": {"flight_key": "BKP123_VTSM_VTBD_2025-12-23 00:46", "callsign": "BKP123", "aircraft_type": "B763", "adep": "VTSM", "ades": "VTBD", "epoch_ts": "2025-12-23 01:46:00+00:00", "altitude_ft": 37000.0, "tas_kt": null, "gs_kt": 460.0, "track_deg": 9, "phase": "cruise"}, "geometry": {"type": "Point", "coordinates": [100.237501, 12.437208, 11277.6]}}, {"type": "Feature", "properties": {"flight_key": "BKP123_VTSM_VTBD_2025-12-23 00:46", "callsign": "BKP123", "aircraft_type": "B763", "adep": "VTSM", "ades": "VTBD", "epoch_ts": "2025-12-23 01:52:00+00:00", "altitude_ft": 37000.0, "tas_kt": null, "gs_kt": 460.0, "track_deg": 9, "phase": "cruise"}, "geometry": {"type": "Point", "coordinates": [100.287055, 12.739607, 11277.6]}}, {"type": "Feature", "properties": {"flight_key": "BKP123_VTSM_VTBD_2025-12-23 00:46", "callsign": "BKP123", "aircraft_type": "B763", "adep": "VTSM", "ades": "VTBD", "epoch_ts": "2025-12-23 01:58:00+00:00", "altitude_ft": 37000.0, "tas_kt": null, "gs_kt": 460.0, "track_deg": 359, "phase": "cruise"}, "geometry": {"type": "Point", "coordinates": [100.329178, 13.042534, 11277.6]}}, {"type": "Feature", "properties": {"flight_key": "BKP123_VTSM_VTBD_2025-12-23 00:46", "callsign": "BKP123", "aircraft_type": "B763", "adep": "VTSM", "ades": "VTBD", "epoch_ts": "2025-12-23 02:04:00+00:00", "altitude_ft": 24669.0, "tas_kt": null, "gs_kt": 270.0, "track_deg": 19, "phase": "descent"}, "geometry": {"type": "Point", "coordinates": [100.402528, 13.336163, 7519.1]}}, {"type": "Feature", "properties": {"flight_key": "BKP123_VTSM_VTBD_2025-12-23 00:46", "callsign": "BKP123", "aircraft_type": "B763", "adep": "VTSM", "ades": "VTBD", "epoch_ts": "2025-12-23 02:10:00+00:00", "altitude_ft": 12338.0, "tas_kt": null, "gs_kt": 270.0, "track_deg": 19, "phase": "descent"}, "geometry": {"type": "Point", "coordinates": [100.50411, 13.625268, 3760.6]}}, {"type": "Feature", "properties": {"flight_key": "BKP123_VTSM_VTBD_2025-12-23 00:46", "callsign": "BKP123", "aircraft_type": "B763", "adep": "VTSM", "ades": "VTBD", "epoch_ts": "2025-12-23 02:16:00+00:00", "altitude_ft": 7.0, "tas_kt": null, "gs_kt": 270.0, "track_deg": 0, "phase": "descent"}, "geometry": {"type": "Point", "coordinates": [100.605692, 13.914372, 2.1]}}, {"type": "Feature", "properties": {"feature_type": "route", "flight_key": "DMK124_VTCN_VTSP_2025-12-23 00:48", "route": "W29 PSL W9 BKK G458 SAVSA", "callsign": "DMK124", "aircraft_type": "B738", "adep": "VTCN", "ades": "VTSP", "rfl": 160, "sid": "", "star": "SAVS1C", "dep_rwy": "", "arr_rwy": "RW09", "eobt": "2025-12-23T00:48:00+00:00", "idents": ["VTCN", "PSL", "PEBLI", "BLAFF", "BKK", "MOTNA", "HOTEL", "UKERA", "MENEX", "APRIL", "IKERA", "STN", "LAMUL", "SAVSA", "VTSP"]}, "geometry": {"type": "LineString", "coordinates": [[100.783419, 18.807914], [100.291389, 16.770278], [100.293333, 16.268333], [100.2975, 15.275833], [100.596111, 13.893611], [100.385, 13.186111], [100.33, 13.001667], [100.019444, 12.035278], [99.761944, 11.141944], [99.718611, 11.001944], [99.258889, 9.529444], [99.134722, 9.129444], [98.868889, 8.805], [98.624722, 8.504444], [98.309167, 8.1125]]}}, {"type": "Feature", "properties": {"flight_key": "DMK124_VTCN_VTSP_2025-12-23 00:48", "callsign": "DMK124", "aircraft_type": "B738", "adep": "VTCN", "ades": "VTSP", "epoch_ts": "2025-12-23 00:48:00+00:00", "altitude_ft": 685.0, "tas_kt": null, "gs_kt": 280.0, "track_deg": 193, "phase": "climb"}, "geometry": {"type": "Point", "coordinates": [100.783419, 18.807914, 208.8]}}, {"type": "Feature", "properties": {"flight_key": "DMK124_VTCN_VTSP_2025-12-23 00:48", "callsign": "DMK124", "aircraft_type": "B738", "adep": "VTCN", "ades": "VTSP", "epoch_ts": "2025-12-23 00:54:00+00:00", "altitude_ft": 5790.0, "tas_kt": null, "gs_kt": 280.0, "track_deg": 193, "phase": "climb"}, "geometry": {"type": "Point", "coordinates": [100.606622, 18.075746, 1764.8]}}, {"type": "Feature", "properties": {"flight_key": "DMK124_VTCN_VTSP_2025-12-23 00:48", "callsign": "DMK124", "aircraft_type": "B738", "adep": "VTCN", "ades": "VTSP", "epoch_ts": "2025-12-23 01:00:00+00:00", "altitude_ft": 10895.0, "tas_kt": null, "gs_kt": 280.0, "track_deg": 193, "phase": "climb"}, "geometry": {"type": "Point", "coordinates": [100.429824, 17.343578, 3320.8]}}, {"type": "Feature", "properties": {"flight_key": "DMK124_VTCN_VTSP_2025-12-23 00:48", "callsign": "DMK124", "aircraft_type": "B738", "adep": "VTCN", "ades": "VTSP", "epoch_ts": "2025-12-23 01:06:00+00:00", "altitude_ft": 16000.0, "tas_kt": null, "gs_kt": 460.0, "track_deg": 180, "phase": "cruise"}, "geometry": {"type": "Point", "coordinates": [100.292022, 16.606845, 4876.8]}}, {"type": "Feature", "properties": {"flight_key": "DMK124_VTCN_VTSP_2025-12-23 00:48", "callsign": "DMK124", "aircraft_type": "B738", "adep": "VTCN", "ades": "VTSP", "epoch_ts": "2025-12-23 01:12:00+00:00", "altitude_ft": 16000.0, "tas_kt": null, "gs_kt": 460.0, "track_deg": 180, "phase": "cruise"}, "geometry": {"type": "Point", "coordinates": [100.295074, 15.85364, 4876.8]}}, {"type": "Feature", "properties": {"flight_key": "DMK124_VTCN_VTSP_2025-12-23 00:48", "callsign": "DMK124", "aircraft_type": "B738", "adep": "VTCN", "ades": "VTSP", "epoch_ts": "2025-12-23 01:18:00+00:00", "altitude_ft": 16000.0, "tas_kt": null, "gs_kt": 460.0, "track_deg": 168, "phase": "cruise"}, "geometry": {"type": "Point", "coordinates": [100.334538, 15.104389, 4876.8]}}, {"type": "Feature", "properties": {"flight_key": "DMK124_VTCN_VTSP_2025-12-23 00:48", "callsign": "DMK124", "aircraft_type": "B738", "adep": "VTCN", "ades": "VTSP", "epoch_ts": "2025-12-23 01:24:00+00:00", "altitude_ft": 16000.0, "tas_kt": null, "gs_kt": 460.0, "track_deg": 168, "phase": "cruise"}, "geometry": {"type": "Point", "coordinates": [100.49359, 14.368163, 4876.8]}}, {"type": "Feature", "properties": {"flight_key": "DMK124_VTCN_VTSP_2025-12-23 00:48", "callsign": "DMK124", "aircraft_type": "B738", "adep": "VTCN", "ades": "VTSP", "epoch_ts": "2025-12-23 01:30:00+00:00", "altitude_ft": 16000.0, "tas_kt": null, "gs_kt": 460.0, "track_deg": 196, "phase": "cruise"}, "geometry": {"type": "Point", "coordinates": [100.519564, 13.637076, 4876.8]}}, {"type": "Feature", "properties": {"flight_key": "DMK124_VTCN_VTSP_2025-12-23 00:48", "callsign": "DMK124", "aircraft_type": "B738", "adep": "VTCN", "ades": "VTSP", "epoch_ts": "2025-12-23 01:36:00+00:00", "altitude_ft": 16000.0, "tas_kt": null, "gs_kt": 460.0, "track_deg": 197, "phase": "cruise"}, "geometry": {"type": "Point", "coordinates": [100.302426, 12.915861, 4876.8]}}, {"type": "Feature", "properties": {"flight_key": "DMK124_VTCN_VTSP_2025-12-23 00:48", "callsign": "DMK124", "aircraft_type": "B738", "adep": "VTCN", "ades": "VTSP", "epoch_ts": "2025-12-23 01:42:00+00:00", "altitude_ft": 16000.0, "tas_kt": null, "gs_kt": 460.0, "track_deg": 197, "phase": "cruise"}, "geometry": {"type": "Point", "coordinates": [100.071982, 12.198767, 4876.8]}}, {"type": "Feature", "properties": {"flight_key": "DMK124_VTCN_VTSP_2025-12-23 00:48", "callsign": "DMK124", "aircraft_type": "B738", "adep": "VTCN", "ades": "VTSP", "epoch_ts": "2025-12-23 01:48:00+00:00", "altitude_ft": 16000.0, "tas_kt": null, "gs_kt": 460.0, "track_deg": 196, "phase": "cruise"}, "geometry": {"type": "Point", "coordinates": [99.85839, 11.476539, 4876.8]}}, {"type": "Feature", "properties": {"flight_key": "DMK124_VTCN_VTSP_2025-12-23 00:48", "callsign": "DMK124", "aircraft_type": "B738", "adep": "VTCN", "ades": "VTSP", "epoch_ts": "2025-12-23 01:54:00+00:00", "altitude_ft": 16000.0, "tas_kt": null, "gs_kt": 460.0, "track_deg": 197, "phase": "cruise"}, "geometry": {"type": "Point", "coordinates": [99.641591, 10.755247, 4876.8]}}, {"type": "Feature", "properties": {"flight_key": "DMK124_VTCN_VTSP_2025-12-23 00:48", "callsign": "DMK124", "aircraft_type": "B738", "adep": "VTCN", "ades": "VTSP", "epoch_ts": "2025-12-23 02:00:00+00:00", "altitude_ft": 16000.0, "tas_kt": null, "gs_kt": 460.0, "track_deg": 197, "phase": "cruise"}, "geometry": {"type": "Point", "coordinates": [99.41712, 10.036261, 4876.8]}}, {"type": "Feature", "properties": {"flight_key": "DMK124_VTCN_VTSP_2025-12-23 00:48", "callsign": "DMK124", "aircraft_type": "B738", "adep": "VTCN", "ades": "VTSP", "epoch_ts": "2025-12-23 02:06:00+00:00", "altitude_ft": 10674.0, "tas_kt": null, "gs_kt": 270.0, "track_deg": 197, "phase": "descent"}, "geometry": {"type": "Point", "coordinates": [99.192995, 9.317168, 3253.4]}}, {"type": "Feature", "properties": {"flight_key": "DMK124_VTCN_VTSP_2025-12-23 00:48", "callsign": "DMK124", "aircraft_type": "B738", "adep": "VTCN", "ades": "VTSP", "epoch_ts": "2025-12-23 02:12:00+00:00", "altitude_ft": 5348.0, "tas_kt": null, "gs_kt": 270.0, "track_deg": 219, "phase": "descent"}, "geometry": {"type": "Point", "coordinates": [98.782373, 8.698504, 1630.1]}}, {"type": "Feature", "properties": {"flight_key": "DMK124_VTCN_VTSP_2025-12-23 00:48", "callsign": "DMK124", "aircraft_type": "B738", "adep": "VTCN", "ades": "VTSP", "epoch_ts": "2025-12-23 02:18:00+00:00", "altitude_ft": 22.0, "tas_kt": null, "gs_kt": 270.0, "track_deg": 0, "phase": "descent"}, "geometry": {"type": "Point", "coordinates": [98.309167, 8.1125, 6.7]}}, {"type": "Feature", "properties": {"feature_type": "route", "flight_key": "SEH125_VTUK_VTSG_2025-12-23 00:50", "route": "Y22/Y23 KKN Y23 KRT Y20 BKK Y8 SAPUD W32 NULMA", "callsign": "SEH125", "aircraft_type": "A320", "adep": "VTUK", "ades": "VTSG", "rfl": 360, "sid": "", "star": "NULM1E", "dep_rwy": "", "arr_rwy": "RW32", "eobt": "2025-12-23T00:50:00+00:00", "idents": ["VTUK", "KKN", "EMRUT", "KRT", "UBLOD", "MALKI", "BKK", "SAPUD", "NULMA", "VTSG"]}, "geometry": {"type": "LineString", "coordinates": [[102.783611, 16.466667], [102.788056, 16.470833], [102.5925, 16.005556], [102.139722, 14.917222], [101.436667, 14.620833], [101.198056, 14.519722], [100.596111, 13.893611], [99.134747, 9.129511], [99.041111, 8.521667], [98.985278, 8.100278]]}}, {"type": "Feature", "properties": {"flight_key": "SEH125_VTUK_VTSG_2025-12-23 00:50", "callsign": "SEH125", "aircraft_type": "A320", "adep": "VTUK", "ades": "VTSG", "epoch_ts": "2025-12-23 00:50:00+00:00", "altitude_ft": 681.0, "tas_kt": null, "gs_kt": 280.0, "track_deg": 46, "phase": "climb"}, "geometry": {"type": "Point", "coordinates": [102.783611, 16.466667, 207.6]}}, {"type": "Feature", "properties": {"flight_key": "SEH125_VTUK_VTSG_2025-12-23 00:50", "callsign": "SEH125", "aircraft_type": "A320", "adep": "VTUK", "ades": "VTSG", "epoch_ts": "2025-12-23 00:56:00+00:00", "altitude_ft": 12454.0, "tas_kt": null, "gs_kt": 280.0, "track_deg": 202, "phase": "climb"}, "geometry": {"type": "Point", "coordinates": [102.542781, 15.886047, 3796.0]}}, {"type": "Feature", "properties": {"flight_key": "SEH125_VTUK_VTSG_2025-12-23 00:50", "callsign": "SEH125", "aircraft_type": "A320", "adep": "VTUK", "ades": "VTSG", "epoch_ts": "2025-12-23 01:02:00+00:00", "altitude_ft": 24227.0, "tas_kt": null, "gs_kt": 280.0, "track_deg": 202, "phase": "climb"}, "geometry": {"type": "Point", "coordinates": [102.296859, 15.294929, 7384.4]}}, {"type": "Feature", "properties": {"flight_key": "SEH125_VTUK_VTSG_2025-12-23 00:50", "callsign": "SEH125", "aircraft_type": "A320", "adep": "VTUK", "ades": "VTSG", "epoch_ts": "2025-12-23 01:08:00+00:00", "altitude_ft": 36000.0, "tas_kt": null, "gs_kt": 460.0, "track_deg": 246, "phase": "cruise"}, "geometry": {"type": "Point", "coordinates": [101.926732, 14.827431, 10972.8]}}, {"type": "Feature", "properties": {"flight_key": "SEH125_VTUK_VTSG_2025-12-23 00:50", "callsign": "SEH125", "aircraft_type": "A320", "adep": "VTUK", "ades": "VTSG", "epoch_ts": "2025-12-23 01:14:00+00:00", "altitude_ft": 36000.0, "tas_kt": null, "gs_kt": 460.0, "track_deg": 246, "phase": "cruise"}, "geometry": {"type": "Point", "coordinates": [101.336858, 14.578539, 10972.8]}}, {"type": "Feature", "properties": {"flight_key": "SEH125_VTUK_VTSG_2025-12-23 00:50", "callsign": "SEH125", "aircraft_type": "A320", "adep": "VTUK", "ades": "VTSG", "epoch_ts": "2025-12-23 01:20:00+00:00", "altitude_ft": 36000.0, "tas_kt": null, "gs_kt": 460.0, "track_deg": 223, "phase": "cruise"}, "geometry": {"type": "Point", "coordinates": [100.858816, 14.166862, 10972.8]}}, {"type": "Feature", "properties": {"flight_key": "SEH125_VTUK_VTSG_2025-12-23 00:50", "callsign": "SEH125", "aircraft_type": "A320", "adep": "VTUK", "ades": "VTSG", "epoch_ts": "2025-12-23 01:26:00+00:00", "altitude_ft": 36000.0, "tas_kt": null, "gs_kt": 460.0, "track_deg": 197, "phase": "cruise"}, "geometry": {"type": "Point", "coordinates": [100.519517, 13.643912, 10972.8]}}, {"type": "Feature", "properties": {"flight_key": "SEH125_VTUK_VTSG_2025-12-23 00:50", "callsign": "SEH125", "aircraft_type": "A320", "adep": "VTUK", "ades": "VTSG", "epoch_ts": "2025-12-23 01:32:00+00:00", "altitude_ft": 36000.0, "tas_kt": null, "gs_kt": 460.0, "track_deg": 197, "phase": "cruise"}, "geometry": {"type": "Point", "coordinates": [100.331763, 13.031828, 10972.8]}}, {"type": "Feature", "properties": {"flight_key": "SEH125_VTUK_VTSG_2025-12-23 00:50", "callsign": "SEH125", "aircraft_type": "A320", "adep": "VTUK", "ades": "VTSG", "epoch_ts": "2025-12-23 01:38:00+00:00", "altitude_ft": 36000.0, "tas_kt": null, "gs_kt": 460.0, "track_deg": 197, "phase": "cruise"}, "geometry": {"type": "Point", "coordinates": [100.14401, 12.419744, 10972.8]}}, {"type": "Feature", "properties": {"flight_key": "SEH125_VTUK_VTSG_2025-12-23 00:50", "callsign": "SEH125", "aircraft_type": "A320", "adep": "VTUK", "ades": "VTSG", "epoch_ts": "2025-12-23 01:44:00+00:00", "altitude_ft": 36000.0, "tas_kt": null, "gs_kt": 460.0, "track_deg": 197, "phase": "cruise"}, "geometry": {"type": "Point", "coordinates": [99.956256, 11.80766, 10972.8]}}, {"type": "Feature", "properties": {"flight_key": "SEH125_VTUK_VTSG_2025-12-23 00:50", "callsign": "SEH125", "aircraft_type": "A320", "adep": "VTUK", "ades": "VTSG", "epoch_ts": "2025-12-23 01:50:00+00:00", "altitude_ft": 36000.0, "tas_kt": null, "gs_kt": 460.0, "track_deg": 197, "phase": "cruise"}, "geometry": {"type": "Point", "coordinates": [99.768502, 11.195576, 10972.8]}}, {"type": "Feature", "properties": {"flight_key": "SEH125_VTUK_VTSG_2025-12-23 00:50", "callsign": "SEH125", "aircraft_type": "A320", "adep": "VTUK", "ades": "VTSG", "epoch_ts": "2025-12-23 01:56:00+00:00", "altitude_ft": 36000.0, "tas_kt": null, "gs_kt": 460.0, "track_deg": 197, "phase": "cruise"}, "geometry": {"type": "Point", "coordinates": [99.580748, 10.583491, 10972.8]}}, {"type": "Feature", "properties": {"flight_key": "SEH125_VTUK_VTSG_2025-12-23 00:50", "callsign": "SEH125", "aircraft_type": "A320", "adep": "VTUK", "ades": "VTSG", "epoch_ts": "2025-12-23 02:02:00+00:00", "altitude_ft": 36000.0, "tas_kt": null, "gs_kt": 460.0, "track_deg": 197, "phase": "cruise"}, "geometry": {"type": "Point", "coordinates": [99.392994, 9.971407, 10972.8]}}, {"type": "Feature", "properties": {"flight_key": "SEH125_VTUK_VTSG_2025-12-23 00:50", "callsign": "SEH125", "aircraft_type": "A320", "adep": "VTUK", "ades": "VTSG", "epoch_ts": "2025-12-23 02:08:00+00:00", "altitude_ft": 24031.0, "tas_kt": null, "gs_kt": 270.0, "track_deg": 197, "phase": "descent"}, "geometry": {"type": "Point", "coordinates": [99.205241, 9.359323, 7324.6]}}, {"type": "Feature", "properties": {"flight_key": "SEH125_VTUK_VTSG_2025-12-23 00:50", "callsign": "SEH125", "aircraft_type": "A320", "adep": "VTUK", "ades": "VTSG", "epoch_ts": "2025-12-23 02:14:00+00:00", "altitude_ft": 12062.0, "tas_kt": null, "gs_kt": 270.0, "track_deg": 189, "phase": "descent"}, "geometry": {"type": "Point", "coordinates": [99.073869, 8.73432, 3676.5]}}, {"type": "Feature", "properties": {"flight_key": "SEH125_VTUK_VTSG_2025-12-23 00:50", "callsign": "SEH125", "aircraft_type": "A320", "adep": "VTUK", "ades": "VTSG", "epoch_ts": "2025-12-23 02:20:00+00:00", "altitude_ft": 93.0, "tas_kt": null, "gs_kt": 270.0, "track_deg": 0, "phase": "descent"}, "geometry": {"type": "Point", "coordinates": [98.985278, 8.100278, 28.3]}}, {"type": "Feature", "properties": {"feature_type": "route", "flight_key": "NOK126_VTUN_VTSP_2025-12-23 00:52", "route": "Y22/Y23 KKN Y23 KRT Y20 BKK Y8 SAVSA", "callsign": "NOK126", "aircraft_type": "A321", "adep": "VTUN", "ades": "VTSP", "rfl": 360, "sid": "", "star": "SAVS1C", "dep_rwy": "", "arr_rwy": "RW09", "eobt": "2025-12-23T00:52:00+00:00", "idents": ["VTUN", "KKN", "EMRUT", "KRT", "UBLOD", "MALKI", "BKK", "MOTNA", "SABIS", "VANKO", "BUXEL", "MENEX", "IKERA", "STN", "LAMUL", "SAVSA", "VTSP"]}, "geometry": {"type": "LineString", "coordinates": [[102.078611, 14.934444], [102.788056, 16.470833], [102.5925, 16.005556], [102.139722, 14.917222], [101.436667, 14.620833], [101.198056, 14.519722], [100.596111, 13.893611], [100.385, 13.186111], [100.190278, 12.999722], [99.760556, 12.586389], [99.761111, 11.728333], [99.761944, 11.141944], [99.258889, 9.529444], [99.134722, 9.129444], [98.868889, 8.805], [98.624722, 8.504444], [98.309167, 8.1125]]}}, {"type": "Feature", "properties": {"flight_key": "NOK126_VTUN_VTSP_2025-12-23 00:52", "callsign": "NOK126", "aircraft_type": "A321", "adep": "VTUN", "ades": "VTSP", "epoch_ts": "2025-12-23 00:52:00+00:00", "altitude_ft": 729.0, "tas_kt": null, "gs_kt": 280.0, "track_deg": 24, "phase": "climb"}, "geometry": {"type": "Point", "coordinates": [102.078611, 14.934444, 222.2]}}, {"type": "Feature", "properties": {"flight_key": "NOK126_VTUN_VTSP_2025-12-23 00:52", "callsign": "NOK126", "aircraft_type": "A321", "adep": "VTUN", "ades": "VTSP", "epoch_ts": "2025-12-23 00:58:00+00:00", "altitude_ft": 12486.0, "tas_kt": null, "gs_kt": 280.0, "track_deg": 24, "phase": "climb"}, "geometry": {"type": "Point", "coordinates": [102.406523, 15.644578, 3805.7]}}, {"type": "Feature", "properties": {"flight_key": "NOK126_VTUN_VTSP_2025-12-23 00:52", "callsign": "NOK126", "aircraft_type": "A321", "adep": "VTUN", "ades": "VTSP", "epoch_ts": "2025-12-23 01:04:00+00:00", "altitude_ft": 24243.0, "tas_kt": null, "gs_kt": 280.0, "track_deg": 24, "phase": "climb"}, "geometry": {"type": "Point", "coordinates": [102.734436, 16.354712, 7389.3]}}, {"type": "Feature", "properties": {"flight_key": "NOK126_VTUN_VTSP_2025-12-23 00:52", "callsign": "NOK126", "aircraft_type": "A321", "adep": "VTUN", "ades": "VTSP", "epoch_ts": "2025-12-23 01:10:00+00:00", "altitude_ft": 36000.0, "tas_kt": null, "gs_kt": 460.0, "track_deg": 202, "phase": "cruise"}, "geometry": {"type": "Point", "coordinates": [102.535044, 15.86745, 10972.8]}}, {"type": "Feature", "properties": {"flight_key": "NOK126_VTUN_VTSP_2025-12-23 00:52", "callsign": "NOK126", "aircraft_type": "A321", "adep": "VTUN", "ades": "VTSP", "epoch_ts": "2025-12-23 01:16:00+00:00", "altitude_ft": 36000.0, "tas_kt": null, "gs_kt": 460.0, "track_deg": 202, "phase": "cruise"}, "geometry": {"type": "Point", "coordinates": [102.234596, 15.145268, 10972.8]}}, {"type": "Feature", "properties": {"flight_key": "NOK126_VTUN_VTSP_2025-12-23 00:52", "callsign": "NOK126", "aircraft_type": "A321", "adep": "VTUN", "ades": "VTSP", "epoch_ts": "2025-12-23 01:22:00+00:00", "altitude_ft": 36000.0, "tas_kt": null, "gs_kt": 460.0, "track_deg": 246, "phase": "cruise"}, "geometry": {"type": "Point", "coordinates": [101.646561, 14.709319, 10972.8]}}, {"type": "Feature", "properties": {"flight_key": "NOK126_VTUN_VTSP_2025-12-23 00:52", "callsign": "NOK126", "aircraft_type": "A321", "adep": "VTUN", "ades": "VTSP", "epoch_ts": "2025-12-23 01:28:00+00:00", "altitude_ft": 36000.0, "tas_kt": null, "gs_kt": 460.0, "track_deg": 223, "phase": "cruise"}, "geometry": {"type": "Point", "coordinates": [100.993428, 14.306879, 10972.8]}}, {"type": "Feature", "properties": {"flight_key": "NOK126_VTUN_VTSP_2025-12-23 00:52", "callsign": "NOK126", "aircraft_type": "A321", "adep": "VTUN", "ades": "VTSP", "epoch_ts": "2025-12-23 01:34:00+00:00", "altitude_ft": 36000.0, "tas_kt": null, "gs_kt": 460.0, "track_deg": 196, "phase": "cruise"}, "geometry": {"type": "Point", "coordinates": [100.536378, 13.693426, 10972.8]}}, {"type": "Feature", "properties": {"flight_key": "NOK126_VTUN_VTSP_2025-12-23 00:52", "callsign": "NOK126", "aircraft_type": "A321", "adep": "VTUN", "ades": "VTSP", "epoch_ts": "2025-12-23 01:40:00+00:00", "altitude_ft": 36000.0, "tas_kt": null, "gs_kt": 460.0, "track_deg": 226, "phase": "cruise"}, "geometry": {"type": "Point", "coordinates": [100.202402, 13.011327, 10972.8]}}, {"type": "Feature", "properties": {"flight_key": "NOK126_VTUN_VTSP_2025-12-23 00:52", "callsign": "NOK126", "aircraft_type": "A321", "adep": "VTUN", "ades": "VTSP", "epoch_ts": "2025-12-23 01:46:00+00:00", "altitude_ft": 36000.0, "tas_kt": null, "gs_kt": 460.0, "track_deg": 180, "phase": "cruise"}, "geometry": {"type": "Point", "coordinates": [99.760665, 12.417227, 10972.8]}}, {"type": "Feature", "properties": {"flight_key": "NOK126_VTUN_VTSP_2025-12-23 00:52", "callsign": "NOK126", "aircraft_type": "A321", "adep": "VTUN", "ades": "VTSP", "epoch_ts": "2025-12-23 01:52:00+00:00", "altitude_ft": 36000.0, "tas_kt": null, "gs_kt": 460.0, "track_deg": 180, "phase": "cruise"}, "geometry": {"type": "Point", "coordinates": [99.761244, 11.63504, 10972.8]}}, {"type": "Feature", "properties": {"flight_key": "NOK126_VTUN_VTSP_2025-12-23 00:52", "callsign": "NOK126", "aircraft_type": "A321", "adep": "VTUN", "ades": "VTSP", "epoch_ts": "2025-12-23 01:58:00+00:00", "altitude_ft": 36000.0, "tas_kt": null, "gs_kt": 460.0, "track_deg": 197, "phase": "cruise"}, "geometry": {"type": "Point", "coordinates": [99.675848, 10.865972, 10972.8]}}, {"type": "Feature", "properties": {"flight_key": "NOK126_VTUN_VTSP_2025-12-23 00:52", "callsign": "NOK126", "aircraft_type": "A321", "adep": "VTUN", "ades": "VTSP", "epoch_ts": "2025-12-23 02:04:00+00:00", "altitude_ft": 36000.0, "tas_kt": null, "gs_kt": 460.0, "track_deg": 197, "phase": "cruise"}, "geometry": {"type": "Point", "coordinates": [99.442901, 10.119278, 10972.8]}}, {"type": "Feature", "properties": {"flight_key": "NOK126_VTUN_VTSP_2025-12-23 00:52", "callsign": "NOK126", "aircraft_type": "A321", "adep": "VTUN", "ades": "VTSP", "epoch_ts": "2025-12-23 02:10:00+00:00", "altitude_ft": 24007.3, "tas_kt": null, "gs_kt": 270.0, "track_deg": 197, "phase": "descent"}, "geometry": {"type": "Point", "coordinates": [99.210175, 9.372514, 7317.4]}}, {"type": "Feature", "properties": {"flight_key": "NOK126_VTUN_VTSP_2025-12-23 00:52", "callsign": "NOK126", "aircraft_type": "A321", "adep": "VTUN", "ades": "VTSP", "epoch_ts": "2025-12-23 02:16:00+00:00", "altitude_ft": 12014.7, "tas_kt": null, "gs_kt": 270.0, "track_deg": 219, "phase": "descent"}, "geometry": {"type": "Point", "coordinates": [98.800644, 8.720994, 3662.1]}}, {"type": "Feature", "properties": {"flight_key": "NOK126_VTUN_VTSP_2025-12-23 00:52", "callsign": "NOK126", "aircraft_type": "A321", "adep": "VTUN", "ades": "VTSP", "epoch_ts": "2025-12-23 02:22:00+00:00", "altitude_ft": 22.0, "tas_kt": null, "gs_kt": 270.0, "track_deg": 0, "phase": "descent"}, "geometry": {"type": "Point", "coordinates": [98.309167, 8.1125, 6.7]}}, {"type": "Feature", "properties": {"feature_type": "route", "flight_key": "THD127_VTST_VTBD_2025-12-23 00:54", "route": "TRN W24 SAPUD G458 HOTEL DCT SABAI", "callsign": "THD127", "aircraft_type": "A333", "adep": "VTST", "ades": "VTBD", "rfl": 190, "sid": "", "star": "SABA1B", "dep_rwy": "", "arr_rwy": "RW03L", "eobt": "2025-12-23T00:54:00+00:00", "idents": ["VTST", "TRN", "SAPUD", "HOTEL", "SABAI", "VTBD"]}, "geometry": {"type": "LineString", "coordinates": [[99.615833, 7.508611], [99.626111, 7.508889], [99.134747, 9.129511], [100.33, 13.001667], [100.327564, 13.122814], [100.605692, 13.914372]]}}, {"type": "Feature", "properties": {"flight_key": "THD127_VTST_VTBD_2025-12-23 00:54", "callsign": "THD127", "aircraft_type": "A333", "adep": "VTST", "ades": "VTBD", "epoch_ts": "2025-12-23 00:54:00+00:00", "altitude_ft": 67.0, "tas_kt": null, "gs_kt": 280.0, "track_deg": 88, "phase": "climb"}, "geometry": {"type": "Point", "coordinates": [99.615833, 7.508611, 20.4]}}, {"type": "Feature", "properties": {"flight_key": "THD127_VTST_VTBD_2025-12-23 00:54", "callsign": "THD127", "aircraft_type": "A333", "adep": "VTST", "ades": "VTBD", "epoch_ts": "2025-12-23 01:00:00+00:00", "altitude_ft": 6378.0, "tas_kt": null, "gs_kt": 280.0, "track_deg": 343, "phase": "climb"}, "geometry": {"type": "Point", "coordinates": [99.499177, 7.927545, 1944.0]}}, {"type": "Feature", "properties": {"flight_key": "THD127_VTST_VTBD_2025-12-23 00:54", "callsign": "THD127", "aircraft_type": "A333", "adep": "VTST", "ades": "VTBD", "epoch_ts": "2025-12-23 01:06:00+00:00", "altitude_ft": 12689.0, "tas_kt": null, "gs_kt": 280.0, "track_deg": 343, "phase": "climb"}, "geometry": {"type": "Point", "coordinates": [99.369259, 8.35604, 3867.6]}}, {"type": "Feature", "properties": {"flight_key": "THD127_VTST_VTBD_2025-12-23 00:54", "callsign": "THD127", "aircraft_type": "A333", "adep": "VTST", "ades": "VTBD", "epoch_ts": "2025-12-23 01:12:00+00:00", "altitude_ft": 19000.0, "tas_kt": null, "gs_kt": 460.0, "track_deg": 343, "phase": "cruise"}, "geometry": {"type": "Point", "coordinates": [99.239342, 8.784535, 5791.2]}}, {"type": "Feature", "properties": {"flight_key": "THD127_VTST_VTBD_2025-12-23 00:54", "callsign": "THD127", "aircraft_type": "A333", "adep": "VTST", "ades": "VTBD", "epoch_ts": "2025-12-23 01:18:00+00:00", "altitude_ft": 19000.0, "tas_kt": null, "gs_kt": 460.0, "track_deg": 17, "phase": "cruise"}, "geometry": {"type": "Point", "coordinates": [99.160488, 9.212902, 5791.2]}}, {"type": "Feature", "properties": {"flight_key": "THD127_VTST_VTBD_2025-12-23 00:54", "callsign": "THD127", "aircraft_type": "A333", "adep": "VTST", "ades": "VTBD", "epoch_ts": "2025-12-23 01:24:00+00:00", "altitude_ft": 19000.0, "tas_kt": null, "gs_kt": 460.0, "track_deg": 17, "phase": "cruise"}, "geometry": {"type": "Point", "coordinates": [99.292553, 9.64074, 5791.2]}}, {"type": "Feature", "properties": {"flight_key": "THD127_VTST_VTBD_2025-12-23 00:54", "callsign": "THD127", "aircraft_type": "A333", "adep": "VTST", "ades": "VTBD", "epoch_ts": "2025-12-23 01:30:00+00:00", "altitude_ft": 19000.0, "tas_kt": null, "gs_kt": 460.0, "track_deg": 17, "phase": "cruise"}, "geometry": {"type": "Point", "coordinates": [99.424617, 10.068579, 5791.2]}}, {"type": "Feature", "properties": {"flight_key": "THD127_VTST_VTBD_2025-12-23 00:54", "callsign": "THD127", "aircraft_type": "A333", "adep": "VTST", "ades": "VTBD", "epoch_ts": "2025-12-23 01:36:00+00:00", "altitude_ft": 19000.0, "tas_kt": null, "gs_kt": 460.0, "track_deg": 17, "phase": "cruise"}, "geometry": {"type": "Point", "coordinates": [99.556682, 10.496417, 5791.2]}}, {"type": "Feature", "properties": {"flight_key": "THD127_VTST_VTBD_2025-12-23 00:54", "callsign": "THD127", "aircraft_type": "A333", "adep": "VTST", "ades": "VTBD", "epoch_ts": "2025-12-23 01:42:00+00:00", "altitude_ft": 19000.0, "tas_kt": null, "gs_kt": 460.0, "track_deg": 17, "phase": "cruise"}, "geometry": {"type": "Point", "coordinates": [99.688747, 10.924255, 5791.2]}}, {"type": "Feature", "properties": {"flight_key": "THD127_VTST_VTBD_2025-12-23 00:54", "callsign": "THD127", "aircraft_type": "A333", "adep": "VTST", "ades": "VTBD", "epoch_ts": "2025-12-23 01:48:00+00:00", "altitude_ft": 19000.0, "tas_kt": null, "gs_kt": 460.0, "track_deg": 17, "phase": "cruise"}, "geometry": {"type": "Point", "coordinates": [99.820811, 11.352093, 5791.2]}}, {"type": "Feature", "properties": {"flight_key": "THD127_VTST_VTBD_2025-12-23 00:54", "callsign": "THD127", "aircraft_type": "A333", "adep": "VTST", "ades": "VTBD", "epoch_ts": "2025-12-23 01:54:00+00:00", "altitude_ft": 19000.0, "tas_kt": null, "gs_kt": 460.0, "track_deg": 17, "phase": "cruise"}, "geometry": {"type": "Point", "coordinates": [99.952876, 11.779932, 5791.2]}}, {"type": "Feature", "properties": {"flight_key": "THD127_VTST_VTBD_2025-12-23 00:54", "callsign": "THD127", "aircraft_type": "A333", "adep": "VTST", "ades": "VTBD", "epoch_ts": "2025-12-23 02:00:00+00:00", "altitude_ft": 19000.0, "tas_kt": null, "gs_kt": 460.0, "track_deg": 17, "phase": "cruise"}, "geometry": {"type": "Point", "coordinates": [100.084941, 12.20777, 5791.2]}}, {"type": "Feature", "properties": {"flight_key": "THD127_VTST_VTBD_2025-12-23 00:54", "callsign": "THD127", "aircraft_type": "A333", "adep": "VTST", "ades": "VTBD", "epoch_ts": "2025-12-23 02:06:00+00:00", "altitude_ft": 19000.0, "tas_kt": null, "gs_kt": 460.0, "track_deg": 17, "phase": "cruise"}, "geometry": {"type": "Point", "coordinates": [100.217005, 12.635608, 5791.2]}}, {"type": "Feature", "properties": {"flight_key": "THD127_VTST_VTBD_2025-12-23 00:54", "callsign": "THD127", "aircraft_type": "A333", "adep": "VTST", "ades": "VTBD", "epoch_ts": "2025-12-23 02:12:00+00:00", "altitude_ft": 12669.0, "tas_kt": null, "gs_kt": 270.0, "track_deg": 359, "phase": "descent"}, "geometry": {"type": "Point", "coordinates": [100.3287, 13.06631, 3861.5]}}, {"type": "Feature", "properties": {"flight_key": "THD127_VTST_VTBD_2025-12-23 00:54", "callsign": "THD127", "aircraft_type": "A333", "adep": "VTST", "ades": "VTBD", "epoch_ts": "2025-12-23 02:18:00+00:00", "altitude_ft": 6338.0, "tas_kt": null, "gs_kt": 270.0, "track_deg": 19, "phase": "descent"}, "geometry": {"type": "Point", "coordinates": [100.457261, 13.491933, 1931.8]}}, {"type": "Feature", "properties": {"flight_key": "THD127_VTST_VTBD_2025-12-23 00:54", "callsign": "THD127", "aircraft_type": "A333", "adep": "VTST", "ades": "VTBD", "epoch_ts": "2025-12-23 02:24:00+00:00", "altitude_ft": 7.0, "tas_kt": null, "gs_kt": 270.0, "track_deg": 0, "phase": "descent"}, "geometry": {"type": "Point", "coordinates": [100.605692, 13.914372, 2.1]}}, {"type": "Feature", "properties": {"feature_type": "route", "flight_key": "TVJ128_VTCP_VTSF_2025-12-23 00:56", "route": "IDKOR W22 PSL Y28 BKK M757 MABKO W33 UPNEP W35 NKS", "callsign": "TVJ128", "aircraft_type": "A359", "adep": "VTCP", "ades": "VTSF", "rfl": 300, "sid": "IDKO1A", "star": "", "dep_rwy": "RW19", "arr_rwy": "", "eobt": "2025-12-23T00:56:00+00:00", "idents": ["VTCP", "IDKOR", "NIROP", "PSL", "PEBLI", "BLAFF", "BKK", "KASNI", "ASEKU", "NULBO", "MABKO", "UPNEP", "PINUN", "PAGLU", "NKS", "VTSF"]}, "geometry": {"type": "LineString", "coordinates": [[100.164722, 18.132222], [100.211944, 17.636111], [100.245556, 17.270556], [100.291389, 16.770278], [100.293333, 16.268333], [100.2975, 15.275833], [100.596111, 13.893611], [100.678333, 13.080556], [100.651389, 12.051667], [100.611944, 10.488611], [100.595278, 9.8025], [100.493333, 9.703611], [100.385, 9.473611], [100.285833, 9.263611], [99.946944, 8.541667], [99.944725, 8.539617]]}}, {"type": "Feature", "properties": {"flight_key": "TVJ128_VTCP_VTSF_2025-12-23 00:56", "callsign": "TVJ128", "aircraft_type": "A359", "adep": "VTCP", "ades": "VTSF", "epoch_ts": "2025-12-23 00:56:00+00:00", "altitude_ft": 537.0, "tas_kt": null, "gs_kt": 280.0, "track_deg": 175, "phase": "climb"}, "geometry": {"type": "Point", "coordinates": [100.164722, 18.132222, 163.7]}}, {"type": "Feature", "properties": {"flight_key": "TVJ128_VTCP_VTSF_2025-12-23 00:56", "callsign": "TVJ128", "aircraft_type": "A359", "adep": "VTCP", "ades": "VTSF", "epoch_ts": "2025-12-23 01:02:00+00:00", "altitude_ft": 10358.0, "tas_kt": null, "gs_kt": 280.0, "track_deg": 175, "phase": "climb"}, "geometry": {"type": "Point", "coordinates": [100.226145, 17.481666, 3157.1]}}, {"type": "Feature", "properties": {"flight_key": "TVJ128_VTCP_VTSF_2025-12-23 00:56", "callsign": "TVJ128", "aircraft_type": "A359", "adep": "VTCP", "ades": "VTSF", "epoch_ts": "2025-12-23 01:08:00+00:00", "altitude_ft": 20179.0, "tas_kt": null, "gs_kt": 280.0, "track_deg": 175, "phase": "climb"}, "geometry": {"type": "Point", "coordinates": [100.285831, 16.830947, 6150.6]}}, {"type": "Feature", "properties": {"flight_key": "TVJ128_VTCP_VTSF_2025-12-23 00:56", "callsign": "TVJ128", "aircraft_type": "A359", "adep": "VTCP", "ades": "VTSF", "epoch_ts": "2025-12-23 01:14:00+00:00", "altitude_ft": 30000.0, "tas_kt": null, "gs_kt": 460.0, "track_deg": 180, "phase": "cruise"}, "geometry": {"type": "Point", "coordinates": [100.293713, 16.177756, 9144.0]}}, {"type": "Feature", "properties": {"flight_key": "TVJ128_VTCP_VTSF_2025-12-23 00:56", "callsign": "TVJ128", "aircraft_type": "A359", "adep": "VTCP", "ades": "VTSF", "epoch_ts": "2025-12-23 01:20:00+00:00", "altitude_ft": 30000.0, "tas_kt": null, "gs_kt": 460.0, "track_deg": 180, "phase": "cruise"}, "geometry": {"type": "Point", "coordinates": [100.296457, 15.524312, 9144.0]}}, {"type": "Feature", "properties": {"flight_key": "TVJ128_VTCP_VTSF_2025-12-23 00:56", "callsign": "TVJ128", "aircraft_type": "A359", "adep": "VTCP", "ades": "VTSF", "epoch_ts": "2025-12-23 01:26:00+00:00", "altitude_ft": 30000.0, "tas_kt": null, "gs_kt": 460.0, "track_deg": 168, "phase": "cruise"}, "geometry": {"type": "Point", "coordinates": [100.383015, 14.879996, 9144.0]}}, {"type": "Feature", "properties": {"flight_key": "TVJ128_VTCP_VTSF_2025-12-23 00:56", "callsign": "TVJ128", "aircraft_type": "A359", "adep": "VTCP", "ades": "VTSF", "epoch_ts": "2025-12-23 01:32:00+00:00", "altitude_ft": 30000.0, "tas_kt": null, "gs_kt": 460.0, "track_deg": 168, "phase": "cruise"}, "geometry": {"type": "Point", "coordinates": [100.521001, 14.241281, 9144.0]}}, {"type": "Feature", "properties": {"flight_key": "TVJ128_VTCP_VTSF_2025-12-23 00:56", "callsign": "TVJ128", "aircraft_type": "A359", "adep": "VTCP", "ades": "VTSF", "epoch_ts": "2025-12-23 01:38:00+00:00", "altitude_ft": 30000.0, "tas_kt": null, "gs_kt": 460.0, "track_deg": 174, "phase": "cruise"}, "geometry": {"type": "Point", "coordinates": [100.62607, 13.597363, 9144.0]}}, {"type": "Feature", "properties": {"flight_key": "TVJ128_VTCP_VTSF_2025-12-23 00:56", "callsign": "TVJ128", "aircraft_type": "A359", "adep": "VTCP", "ades": "VTSF", "epoch_ts": "2025-12-23 01:44:00+00:00", "altitude_ft": 30000.0, "tas_kt": null, "gs_kt": 460.0, "track_deg": 181, "phase": "cruise"}, "geometry": {"type": "Point", "coordinates": [100.674825, 12.946595, 9144.0]}}, {"type": "Feature", "properties": {"flight_key": "TVJ128_VTCP_VTSF_2025-12-23 00:56", "callsign": "TVJ128", "aircraft_type": "A359", "adep": "VTCP", "ades": "VTSF", "epoch_ts": "2025-12-23 01:50:00+00:00", "altitude_ft": 30000.0, "tas_kt": null, "gs_kt": 460.0, "track_deg": 181, "phase": "cruise"}, "geometry": {"type": "Point", "coordinates": [100.657719, 12.293368, 9144.0]}}, {"type": "Feature", "properties": {"flight_key": "TVJ128_VTCP_VTSF_2025-12-23 00:56", "callsign": "TVJ128", "aircraft_type": "A359", "adep": "VTCP", "ades": "VTSF", "epoch_ts": "2025-12-23 01:56:00+00:00", "altitude_ft": 30000.0, "tas_kt": null, "gs_kt": 460.0, "track_deg": 181, "phase": "cruise"}, "geometry": {"type": "Point", "coordinates": [100.641004, 11.640132, 9144.0]}}, {"type": "Feature", "properties": {"flight_key": "TVJ128_VTCP_VTSF_2025-12-23 00:56", "callsign": "TVJ128", "aircraft_type": "A359", "adep": "VTCP", "ades": "VTSF", "epoch_ts": "2025-12-23 02:02:00+00:00", "altitude_ft": 30000.0, "tas_kt": null, "gs_kt": 460.0, "track_deg": 181, "phase": "cruise"}, "geometry": {"type": "Point", "coordinates": [100.624518, 10.98689, 9144.0]}}, {"type": "Feature", "properties": {"flight_key": "TVJ128_VTCP_VTSF_2025-12-23 00:56", "callsign": "TVJ128", "aircraft_type": "A359", "adep": "VTCP", "ades": "VTSF", "epoch_ts": "2025-12-23 02:08:00+00:00", "altitude_ft": 30000.0, "tas_kt": null, "gs_kt": 460.0, "track_deg": 181, "phase": "cruise"}, "geometry": {"type": "Point", "coordinates": [100.60818, 10.333645, 9144.0]}}, {"type": "Feature", "properties": {"flight_key": "TVJ128_VTCP_VTSF_2025-12-23 00:56", "callsign": "TVJ128", "aircraft_type": "A359", "adep": "VTCP", "ades": "VTSF", "epoch_ts": "2025-12-23 02:14:00+00:00", "altitude_ft": 20004.3, "tas_kt": null, "gs_kt": 270.0, "track_deg": 225, "phase": "descent"}, "geometry": {"type": "Point", "coordinates": [100.507602, 9.717452, 6097.3]}}, {"type": "Feature", "properties": {"flight_key": "TVJ128_VTCP_VTSF_2025-12-23 00:56", "callsign": "TVJ128", "aircraft_type": "A359", "adep": "VTCP", "ades": "VTSF", "epoch_ts": "2025-12-23 02:20:00+00:00", "altitude_ft": 10008.7, "tas_kt": null, "gs_kt": 270.0, "track_deg": 205, "phase": "descent"}, "geometry": {"type": "Point", "coordinates": [100.223327, 9.130454, 3050.6]}}, {"type": "Feature", "properties": {"flight_key": "TVJ128_VTCP_VTSF_2025-12-23 00:56", "callsign": "TVJ128", "aircraft_type": "A359", "adep": "VTCP", "ades": "VTSF", "epoch_ts": "2025-12-23 02:26:00+00:00", "altitude_ft": 13.0, "tas_kt": null, "gs_kt": 270.0, "track_deg": 180, "phase": "descent"}, "geometry": {"type": "Point", "coordinates": [99.944725, 8.539617, 4.0]}}, {"type": "Feature", "properties": {"feature_type": "route", "flight_key": "PGY129_VTSF_VTBD_2025-12-23 00:58", "route": "NKS W35 PINUN M769 GOKEX Y96 EMTIX Y99 HOTEL DCT SABAI", "callsign": "PGY129", "aircraft_type": "B77W", "adep": "VTSF", "ades": "VTBD", "rfl": 370, "sid": "", "star": "SABA1B", "dep_rwy": "", "arr_rwy": "RW03L", "eobt": "2025-12-23T00:58:00+00:00", "idents": ["VTSF", "NKS", "PAGLU", "PINUN", "SORTO", "DONSI", "GOKEX", "OLSEL", "UPVIL", "EMTIX", "HOTEL", "SABAI", "VTBD"]}, "geometry": {"type": "LineString", "coordinates": [[99.944725, 8.539617], [99.946944, 8.541667], [100.285833, 9.263611], [100.385, 9.473611], [100.395, 9.898056], [100.400278, 10.127222], [100.428889, 11.304167], [100.280278, 11.569722], [100.239167, 11.643333], [100.137222, 11.825278], [100.33, 13.001667], [100.327564, 13.122814], [100.605692, 13.914372]]}}, {"type": "Feature", "properties": {"flight_key": "PGY129_VTSF_VTBD_2025-12-23 00:58", "callsign": "PGY129", "aircraft_type": "B77W", "adep": "VTSF", "ades": "VTBD", "epoch_ts": "2025-12-23 00:58:00+00:00", "altitude_ft": 13.0, "tas_kt": null, "gs_kt": 280.0, "track_deg": 47, "phase": "climb"}, "geometry": {"type": "Point", "coordinates": [99.944725, 8.539617, 4.0]}}, {"type": "Feature", "properties": {"flight_key": "PGY129_VTSF_VTBD_2025-12-23 00:58", "callsign": "PGY129", "aircraft_type": "B77W", "adep": "VTSF", "ades": "VTBD", "epoch_ts": "2025-12-23 01:04:00+00:00", "altitude_ft": 12342.0, "tas_kt": null, "gs_kt": 280.0, "track_deg": 25, "phase": "climb"}, "geometry": {"type": "Point", "coordinates": [100.104676, 8.877687, 3761.8]}}, {"type": "Feature", "properties": {"flight_key": "PGY129_VTSF_VTBD_2025-12-23 00:58", "callsign": "PGY129", "aircraft_type": "B77W", "adep": "VTSF", "ades": "VTBD", "epoch_ts": "2025-12-23 01:10:00+00:00", "altitude_ft": 24671.0, "tas_kt": null, "gs_kt": 280.0, "track_deg": 25, "phase": "climb"}, "geometry": {"type": "Point", "coordinates": [100.263691, 9.216442, 7519.7]}}, {"type": "Feature", "properties": {"flight_key": "PGY129_VTSF_VTBD_2025-12-23 00:58", "callsign": "PGY129", "aircraft_type": "B77W", "adep": "VTSF", "ades": "VTBD", "epoch_ts": "2025-12-23 01:16:00+00:00", "altitude_ft": 37000.0, "tas_kt": null, "gs_kt": 460.0, "track_deg": 1, "phase": "cruise"}, "geometry": {"type": "Point", "coordinates": [100.387117, 9.563461, 11277.6]}}, {"type": "Feature", "properties": {"flight_key": "PGY129_VTSF_VTBD_2025-12-23 00:58", "callsign": "PGY129", "aircraft_type": "B77W", "adep": "VTSF", "ades": "VTBD", "epoch_ts": "2025-12-23 01:22:00+00:00", "altitude_ft": 37000.0, "tas_kt": null, "gs_kt": 460.0, "track_deg": 1, "phase": "cruise"}, "geometry": {"type": "Point", "coordinates": [100.39591, 9.937578, 11277.6]}}, {"type": "Feature", "properties": {"flight_key": "PGY129_VTSF_VTBD_2025-12-23 00:58", "callsign": "PGY129", "aircraft_type": "B77W", "adep": "VTSF", "ades": "VTBD", "epoch_ts": "2025-12-23 01:28:00+00:00", "altitude_ft": 37000.0, "tas_kt": null, "gs_kt": 460.0, "track_deg": 1, "phase": "cruise"}, "geometry": {"type": "Point", "coordinates": [100.404762, 10.311693, 11277.6]}}, {"type": "Feature", "properties": {"flight_key": "PGY129_VTSF_VTBD_2025-12-23 00:58", "callsign": "PGY129", "aircraft_type": "B77W", "adep": "VTSF", "ades": "VTBD", "epoch_ts": "2025-12-23 01:34:00+00:00", "altitude_ft": 37000.0, "tas_kt": null, "gs_kt": 460.0, "track_deg": 1, "phase": "cruise"}, "geometry": {"type": "Point", "coordinates": [100.413857, 10.685802, 11277.6]}}, {"type": "Feature", "properties": {"flight_key": "PGY129_VTSF_VTBD_2025-12-23 00:58", "callsign": "PGY129", "aircraft_type": "B77W", "adep": "VTSF", "ades": "VTBD", "epoch_ts": "2025-12-23 01:40:00+00:00", "altitude_ft": 37000.0, "tas_kt": null, "gs_kt": 460.0, "track_deg": 1, "phase": "cruise"}, "geometry": {"type": "Point", "coordinates": [100.422951, 11.059912, 11277.6]}}, {"type": "Feature", "properties": {"flight_key": "PGY129_VTSF_VTBD_2025-12-23 00:58", "callsign": "PGY129", "aircraft_type": "B77W", "adep": "VTSF", "ades": "VTBD", "epoch_ts": "2025-12-23 01:46:00+00:00", "altitude_ft": 37000.0, "tas_kt": null, "gs_kt": 460.0, "track_deg": 331, "phase": "cruise"}, "geometry": {"type": "Point", "coordinates": [100.365455, 11.417517, 11277.6]}}, {"type": "Feature", "properties": {"flight_key": "PGY129_VTSF_VTBD_2025-12-23 00:58", "callsign": "PGY129", "aircraft_type": "B77W", "adep": "VTSF", "ades": "VTBD", "epoch_ts": "2025-12-23 01:52:00+00:00", "altitude_ft": 37000.0, "tas_kt": null, "gs_kt": 460.0, "track_deg": 331, "phase": "cruise"}, "geometry": {"type": "Point", "coordinates": [100.182715, 11.744085, 11277.6]}}, {"type": "Feature", "properties": {"flight_key": "PGY129_VTSF_VTBD_2025-12-23 00:58", "callsign": "PGY129", "aircraft_type": "B77W", "adep": "VTSF", "ades": "VTBD", "epoch_ts": "2025-12-23 01:58:00+00:00", "altitude_ft": 37000.0, "tas_kt": null, "gs_kt": 460.0, "track_deg": 9, "phase": "cruise"}, "geometry": {"type": "Point", "coordinates": [100.182688, 12.102728, 11277.6]}}, {"type": "Feature", "properties": {"flight_key": "PGY129_VTSF_VTBD_2025-12-23 00:58", "callsign": "PGY129", "aircraft_type": "B77W", "adep": "VTSF", "ades": "VTBD", "epoch_ts": "2025-12-23 02:04:00+00:00", "altitude_ft": 37000.0, "tas_kt": null, "gs_kt": 460.0, "track_deg": 9, "phase": "cruise"}, "geometry": {"type": "Point", "coordinates": [100.243206, 12.472022, 11277.6]}}, {"type": "Feature", "properties": {"flight_key": "PGY129_VTSF_VTBD_2025-12-23 00:58", "callsign": "PGY129", "aircraft_type": "B77W", "adep": "VTSF", "ades": "VTBD", "epoch_ts": "2025-12-23 02:10:00+00:00", "altitude_ft": 37000.0, "tas_kt": null, "gs_kt": 460.0, "track_deg": 9, "phase": "cruise"}, "geometry": {"type": "Point", "coordinates": [100.303723, 12.841316, 11277.6]}}, {"type": "Feature", "properties": {"flight_key": "PGY129_VTSF_VTBD_2025-12-23 00:58", "callsign": "PGY129", "aircraft_type": "B77W", "adep": "VTSF", "ades": "VTBD", "epoch_ts": "2025-12-23 02:16:00+00:00", "altitude_ft": 24669.0, "tas_kt": null, "gs_kt": 270.0, "track_deg": 19, "phase": "descent"}, "geometry": {"type": "Point", "coordinates": [100.357584, 13.208252, 7519.1]}}, {"type": "Feature", "properties": {"flight_key": "PGY129_VTSF_VTBD_2025-12-23 00:58", "callsign": "PGY129", "aircraft_type": "B77W", "adep": "VTSF", "ades": "VTBD", "epoch_ts": "2025-12-23 02:22:00+00:00", "altitude_ft": 12338.0, "tas_kt": null, "gs_kt": 270.0, "track_deg": 19, "phase": "descent"}, "geometry": {"type": "Point", "coordinates": [100.481638, 13.561312, 3760.6]}}, {"type": "Feature", "properties": {"flight_key": "PGY129_VTSF_VTBD_2025-12-23 00:58", "callsign": "PGY129", "aircraft_type": "B77W", "adep": "VTSF", "ades": "VTBD", "epoch_ts": "2025-12-23 02:28:00+00:00", "altitude_ft": 7.0, "tas_kt": null, "gs_kt": 270.0, "track_deg": 0, "phase": "descent"}, "geometry": {"type": "Point", "coordinates": [100.605692, 13.914372, 2.1]}}, {"type": "Feature", "properties": {"feature_type": "route", "flight_key": "THA130_VTSS_VTBD_2025-12-23 01:00", "route": "PIMER A464 GUTSO DCT SABAI", "callsign": "THA130", "aircraft_type": "B789", "adep": "VTSS", "ades": "VTBD", "rfl": 230, "sid": "PIME1C", "star": "SABA1B", "dep_rwy": "RW26", "arr_rwy": "RW03L", "eobt": "2025-12-23T01:00:00+00:00", "idents": ["VTSS", "PIMER", "RELIP", "GUPMO", "APOBI", "UPNEP", "TUSPU", "DIRAX", "REGOS", "GUTSO", "SABAI", "VTBD"]}, "geometry": {"type": "LineString", "coordinates": [[100.395, 6.932778], [100.413611, 7.5125], [100.438611, 8.075556], [100.463889, 8.836667], [100.470556, 9.029722], [100.493333, 9.703611], [100.518889, 10.33], [100.546667, 11.001944], [100.581667, 12.001944], [100.581667, 12.805556], [100.327564, 13.122814], [100.605692, 13.914372]]}}, {"type": "Feature", "properties": {"flight_key": "THA130_VTSS_VTBD_2025-12-23 01:00", "callsign": "THA130", "aircraft_type": "B789", "adep": "VTSS", "ades": "VTBD", "epoch_ts": "2025-12-23 01:00:00+00:00", "altitude_ft": 58.0, "tas_kt": null, "gs_kt": 280.0, "track_deg": 2, "phase": "climb"}, "geometry": {"type": "Point", "coordinates": [100.395, 6.932778, 17.7]}}, {"type": "Feature", "properties": {"flight_key": "THA130_VTSS_VTBD_2025-12-23 01:00", "callsign": "THA130", "aircraft_type": "B789", "adep": "VTSS", "ades": "VTBD", "epoch_ts": "2025-12-23 01:06:00+00:00", "altitude_ft": 7705.3, "tas_kt": null, "gs_kt": 280.0, "track_deg": 2, "phase": "climb"}, "geometry": {"type": "Point", "coordinates": [100.410234, 7.407316, 2348.6]}}, {"type": "Feature", "properties": {"flight_key": "THA130_VTSS_VTBD_2025-12-23 01:00", "callsign": "THA130", "aircraft_type": "B789", "adep": "VTSS", "ades": "VTBD", "epoch_ts": "2025-12-23 01:12:00+00:00", "altitude_ft": 15352.7, "tas_kt": null, "gs_kt": 280.0, "track_deg": 3, "phase": "climb"}, "geometry": {"type": "Point", "coordinates": [100.430003, 7.88168, 4679.5]}}, {"type": "Feature", "properties": {"flight_key": "THA130_VTSS_VTBD_2025-12-23 01:00", "callsign": "THA130", "aircraft_type": "B789", "adep": "VTSS", "ades": "VTBD", "epoch_ts": "2025-12-23 01:18:00+00:00", "altitude_ft": 23000.0, "tas_kt": null, "gs_kt": 460.0, "track_deg": 2, "phase": "cruise"}, "geometry": {"type": "Point", "coordinates": [100.447929, 8.356116, 7010.4]}}, {"type": "Feature", "properties": {"flight_key": "THA130_VTSS_VTBD_2025-12-23 01:00", "callsign": "THA130", "aircraft_type": "B789", "adep": "VTSS", "ades": "VTBD", "epoch_ts": "2025-12-23 01:24:00+00:00", "altitude_ft": 23000.0, "tas_kt": null, "gs_kt": 460.0, "track_deg": 2, "phase": "cruise"}, "geometry": {"type": "Point", "coordinates": [100.463689, 8.830637, 7010.4]}}, {"type": "Feature", "properties": {"flight_key": "THA130_VTSS_VTBD_2025-12-23 01:00", "callsign": "THA130", "aircraft_type": "B789", "adep": "VTSS", "ades": "VTBD", "epoch_ts": "2025-12-23 01:30:00+00:00", "altitude_ft": 23000.0, "tas_kt": null, "gs_kt": 460.0, "track_deg": 2, "phase": "cruise"}, "geometry": {"type": "Point", "coordinates": [100.479865, 9.305143, 7010.4]}}, {"type": "Feature", "properties": {"flight_key": "THA130_VTSS_VTBD_2025-12-23 01:00", "callsign": "THA130", "aircraft_type": "B789", "adep": "VTSS", "ades": "VTBD", "epoch_ts": "2025-12-23 01:36:00+00:00", "altitude_ft": 23000.0, "tas_kt": null, "gs_kt": 460.0, "track_deg": 2, "phase": "cruise"}, "geometry": {"type": "Point", "coordinates": [100.496435, 9.779634, 7010.4]}}, {"type": "Feature", "properties": {"flight_key": "THA130_VTSS_VTBD_2025-12-23 01:00", "callsign": "THA130", "aircraft_type": "B789", "adep": "VTSS", "ades": "VTBD", "epoch_ts": "2025-12-23 01:42:00+00:00", "altitude_ft": 23000.0, "tas_kt": null, "gs_kt": 460.0, "track_deg": 2, "phase": "cruise"}, "geometry": {"type": "Point", "coordinates": [100.515789, 10.254022, 7010.4]}}, {"type": "Feature", "properties": {"flight_key": "THA130_VTSS_VTBD_2025-12-23 01:00", "callsign": "THA130", "aircraft_type": "B789", "adep": "VTSS", "ades": "VTBD", "epoch_ts": "2025-12-23 01:48:00+00:00", "altitude_ft": 23000.0, "tas_kt": null, "gs_kt": 460.0, "track_deg": 2, "phase": "cruise"}, "geometry": {"type": "Point", "coordinates": [100.535359, 10.7284, 7010.4]}}, {"type": "Feature", "properties": {"flight_key": "THA130_VTSS_VTBD_2025-12-23 01:00", "callsign": "THA130", "aircraft_type": "B789", "adep": "VTSS", "ades": "VTBD", "epoch_ts": "2025-12-23 01:54:00+00:00", "altitude_ft": 23000.0, "tas_kt": null, "gs_kt": 460.0, "track_deg": 2, "phase": "cruise"}, "geometry": {"type": "Point", "coordinates": [100.553698, 11.202826, 7010.4]}}, {"type": "Feature", "properties": {"flight_key": "THA130_VTSS_VTBD_2025-12-23 01:00", "callsign": "THA130", "aircraft_type": "B789", "adep": "VTSS", "ades": "VTBD", "epoch_ts": "2025-12-23 02:00:00+00:00", "altitude_ft": 23000.0, "tas_kt": null, "gs_kt": 460.0, "track_deg": 2, "phase": "cruise"}, "geometry": {"type": "Point", "coordinates": [100.570305, 11.677317, 7010.4]}}, {"type": "Feature", "properties": {"flight_key": "THA130_VTSS_VTBD_2025-12-23 01:00", "callsign": "THA130", "aircraft_type": "B789", "adep": "VTSS", "ades": "VTBD", "epoch_ts": "2025-12-23 02:06:00+00:00", "altitude_ft": 23000.0, "tas_kt": null, "gs_kt": 460.0, "track_deg": 0, "phase": "cruise"}, "geometry": {"type": "Point", "coordinates": [100.581667, 12.1519, 7010.4]}}, {"type": "Feature", "properties": {"flight_key": "THA130_VTSS_VTBD_2025-12-23 01:00", "callsign": "THA130", "aircraft_type": "B789", "adep": "VTSS", "ades": "VTBD", "epoch_ts": "2025-12-23 02:12:00+00:00", "altitude_ft": 23000.0, "tas_kt": null, "gs_kt": 460.0, "track_deg": 0, "phase": "cruise"}, "geometry": {"type": "Point", "coordinates": [100.581667, 12.626683, 7010.4]}}, {"type": "Feature", "properties": {"flight_key": "THA130_VTSS_VTBD_2025-12-23 01:00", "callsign": "THA130", "aircraft_type": "B789", "adep": "VTSS", "ades": "VTBD", "epoch_ts": "2025-12-23 02:18:00+00:00", "altitude_ft": 15335.7, "tas_kt": null, "gs_kt": 270.0, "track_deg": 322, "phase": "descent"}, "geometry": {"type": "Point", "coordinates": [100.396683, 13.036516, 4674.3]}}, {"type": "Feature", "properties": {"flight_key": "THA130_VTSS_VTBD_2025-12-23 01:00", "callsign": "THA130", "aircraft_type": "B789", "adep": "VTSS", "ades": "VTBD", "epoch_ts": "2025-12-23 02:24:00+00:00", "altitude_ft": 7671.3, "tas_kt": null, "gs_kt": 270.0, "track_deg": 19, "phase": "descent"}, "geometry": {"type": "Point", "coordinates": [100.448302, 13.466436, 2338.2]}}, {"type": "Feature", "properties": {"flight_key": "THA130_VTSS_VTBD_2025-12-23 01:00", "callsign": "THA130", "aircraft_type": "B789", "adep": "VTSS", "ades": "VTBD", "epoch_ts": "2025-12-23 02:30:00+00:00", "altitude_ft": 7.0, "tas_kt": null, "gs_kt": 270.0, "track_deg": 0, "phase": "descent"}, "geometry": {"type": "Point", "coordinates": [100.605692, 13.914372, 2.1]}}, {"type": "Feature", "properties": {"feature_type": "route", "flight_key": "AIQ131_VTPP_VTSF_2025-12-23 01:02", "route": "PEBLI Y28 BKK M757 LOSDA Y94 NKS", "callsign": "AIQ131", "aircraft_type": "B763", "adep": "VTPP", "ades": "VTSF", "rfl": 360, "sid": "PEBL1A", "star": "", "dep_rwy": "RW14", "arr_rwy": "", "eobt": "2025-12-23T01:02:00+00:00", "idents": ["VTPP", "PEBLI", "BLAFF", "BKK", "KASNI", "ASEKU", "NULBO", "MABKO", "VALSI", "ROBDA", "LOSDA", "DOXAS", "NKS", "VTSF"]}, "geometry": {"type": "LineString", "coordinates": [[100.279133, 16.782942], [100.293333, 16.268333], [100.2975, 15.275833], [100.596111, 13.893611], [100.678333, 13.080556], [100.651389, 12.051667], [100.611944, 10.488611], [100.595278, 9.8025], [100.588333, 9.518889], [100.586389, 9.432778], [100.573611, 8.898889], [100.368889, 8.7825], [99.946944, 8.541667], [99.944725, 8.539617]]}}, {"type": "Feature", "properties": {"flight_key": "AIQ131_VTPP_VTSF_2025-12-23 01:02", "callsign": "AIQ131", "aircraft_type": "B763", "adep": "VTPP", "ades": "VTSF", "epoch_ts": "2025-12-23 01:02:00+00:00", "altitude_ft": 148.0, "tas_kt": null, "gs_kt": 280.0, "track_deg": 178, "phase": "climb"}, "geometry": {"type": "Point", "coordinates": [100.279133, 16.782942, 45.1]}}, {"type": "Feature", "properties": {"flight_key": "AIQ131_VTPP_VTSF_2025-12-23 01:02", "callsign": "AIQ131", "aircraft_type": "B763", "adep": "VTPP", "ades": "VTSF", "epoch_ts": "2025-12-23 01:08:00+00:00", "altitude_ft": 12098.7, "tas_kt": null, "gs_kt": 280.0, "track_deg": 180, "phase": "climb"}, "geometry": {"type": "Point", "coordinates": [100.293592, 16.206741, 3687.7]}}, {"type": "Feature", "properties": {"flight_key": "AIQ131_VTPP_VTSF_2025-12-23 01:02", "callsign": "AIQ131", "aircraft_type": "B763", "adep": "VTPP", "ades": "VTSF", "epoch_ts": "2025-12-23 01:14:00+00:00", "altitude_ft": 24049.3, "tas_kt": null, "gs_kt": 280.0, "track_deg": 180, "phase": "climb"}, "geometry": {"type": "Point", "coordinates": [100.296012, 15.630349, 7330.2]}}, {"type": "Feature", "properties": {"flight_key": "AIQ131_VTPP_VTSF_2025-12-23 01:02", "callsign": "AIQ131", "aircraft_type": "B763", "adep": "VTPP", "ades": "VTSF", "epoch_ts": "2025-12-23 01:20:00+00:00", "altitude_ft": 36000.0, "tas_kt": null, "gs_kt": 460.0, "track_deg": 168, "phase": "cruise"}, "geometry": {"type": "Point", "coordinates": [100.344353, 15.058958, 10972.8]}}, {"type": "Feature", "properties": {"flight_key": "AIQ131_VTPP_VTSF_2025-12-23 01:02", "callsign": "AIQ131", "aircraft_type": "B763", "adep": "VTPP", "ades": "VTSF", "epoch_ts": "2025-12-23 01:26:00+00:00", "altitude_ft": 36000.0, "tas_kt": null, "gs_kt": 460.0, "track_deg": 168, "phase": "cruise"}, "geometry": {"type": "Point", "coordinates": [100.466068, 14.495559, 10972.8]}}, {"type": "Feature", "properties": {"flight_key": "AIQ131_VTPP_VTSF_2025-12-23 01:02", "callsign": "AIQ131", "aircraft_type": "B763", "adep": "VTPP", "ades": "VTSF", "epoch_ts": "2025-12-23 01:32:00+00:00", "altitude_ft": 36000.0, "tas_kt": null, "gs_kt": 460.0, "track_deg": 168, "phase": "cruise"}, "geometry": {"type": "Point", "coordinates": [100.587783, 13.932159, 10972.8]}}, {"type": "Feature", "properties": {"flight_key": "AIQ131_VTPP_VTSF_2025-12-23 01:02", "callsign": "AIQ131", "aircraft_type": "B763", "adep": "VTPP", "ades": "VTSF", "epoch_ts": "2025-12-23 01:38:00+00:00", "altitude_ft": 36000.0, "tas_kt": null, "gs_kt": 460.0, "track_deg": 174, "phase": "cruise"}, "geometry": {"type": "Point", "coordinates": [100.650137, 13.359376, 10972.8]}}, {"type": "Feature", "properties": {"flight_key": "AIQ131_VTPP_VTSF_2025-12-23 01:02", "callsign": "AIQ131", "aircraft_type": "B763", "adep": "VTPP", "ades": "VTSF", "epoch_ts": "2025-12-23 01:44:00+00:00", "altitude_ft": 36000.0, "tas_kt": null, "gs_kt": 460.0, "track_deg": 181, "phase": "cruise"}, "geometry": {"type": "Point", "coordinates": [100.67058, 12.784503, 10972.8]}}, {"type": "Feature", "properties": {"flight_key": "AIQ131_VTPP_VTSF_2025-12-23 01:02", "callsign": "AIQ131", "aircraft_type": "B763", "adep": "VTPP", "ades": "VTSF", "epoch_ts": "2025-12-23 01:50:00+00:00", "altitude_ft": 36000.0, "tas_kt": null, "gs_kt": 460.0, "track_deg": 181, "phase": "cruise"}, "geometry": {"type": "Point", "coordinates": [100.655491, 12.208303, 10972.8]}}, {"type": "Feature", "properties": {"flight_key": "AIQ131_VTPP_VTSF_2025-12-23 01:02", "callsign": "AIQ131", "aircraft_type": "B763", "adep": "VTPP", "ades": "VTSF", "epoch_ts": "2025-12-23 01:56:00+00:00", "altitude_ft": 36000.0, "tas_kt": null, "gs_kt": 460.0, "track_deg": 181, "phase": "cruise"}, "geometry": {"type": "Point", "coordinates": [100.640801, 11.632093, 10972.8]}}, {"type": "Feature", "properties": {"flight_key": "AIQ131_VTPP_VTSF_2025-12-23 01:02", "callsign": "AIQ131", "aircraft_type": "B763", "adep": "VTPP", "ades": "VTSF", "epoch_ts": "2025-12-23 02:02:00+00:00", "altitude_ft": 36000.0, "tas_kt": null, "gs_kt": 460.0, "track_deg": 181, "phase": "cruise"}, "geometry": {"type": "Point", "coordinates": [100.626259, 11.055879, 10972.8]}}, {"type": "Feature", "properties": {"flight_key": "AIQ131_VTPP_VTSF_2025-12-23 01:02", "callsign": "AIQ131", "aircraft_type": "B763", "adep": "VTPP", "ades": "VTSF", "epoch_ts": "2025-12-23 02:08:00+00:00", "altitude_ft": 36000.0, "tas_kt": null, "gs_kt": 460.0, "track_deg": 181, "phase": "cruise"}, "geometry": {"type": "Point", "coordinates": [100.611727, 10.479665, 10972.8]}}, {"type": "Feature", "properties": {"flight_key": "AIQ131_VTPP_VTSF_2025-12-23 01:02", "callsign": "AIQ131", "aircraft_type": "B763", "adep": "VTPP", "ades": "VTSF", "epoch_ts": "2025-12-23 02:14:00+00:00", "altitude_ft": 36000.0, "tas_kt": null, "gs_kt": 460.0, "track_deg": 181, "phase": "cruise"}, "geometry": {"type": "Point", "coordinates": [100.59773, 9.903438, 10972.8]}}, {"type": "Feature", "properties": {"flight_key": "AIQ131_VTPP_VTSF_2025-12-23 01:02", "callsign": "AIQ131", "aircraft_type": "B763", "adep": "VTPP", "ades": "VTSF", "epoch_ts": "2025-12-23 02:20:00+00:00", "altitude_ft": 24004.3, "tas_kt": null, "gs_kt": 270.0, "track_deg": 181, "phase": "descent"}, "geometry": {"type": "Point", "coordinates": [100.583862, 9.327208, 7316.5]}}, {"type": "Feature", "properties": {"flight_key": "AIQ131_VTPP_VTSF_2025-12-23 01:02", "callsign": "AIQ131", "aircraft_type": "B763", "adep": "VTPP", "ades": "VTSF", "epoch_ts": "2025-12-23 02:26:00+00:00", "altitude_ft": 12008.7, "tas_kt": null, "gs_kt": 270.0, "track_deg": 240, "phase": "descent"}, "geometry": {"type": "Point", "coordinates": [100.444989, 8.825764, 3660.2]}}, {"type": "Feature", "properties": {"flight_key": "AIQ131_VTPP_VTSF_2025-12-23 01:02", "callsign": "AIQ131", "aircraft_type": "B763", "adep": "VTPP", "ades": "VTSF", "epoch_ts": "2025-12-23 02:32:00+00:00", "altitude_ft": 13.0, "tas_kt": null, "gs_kt": 270.0, "track_deg": 0, "phase": "descent"}, "geometry": {"type": "Point", "coordinates": [99.944725, 8.539617, 4.0]}}, {"type": "Feature", "properties": {"feature_type": "route", "flight_key": "TGW132_VTBS_VTCC_2025-12-23 01:04", "route": "SEMBO A464 ENBAT", "callsign": "TGW132", "aircraft_type": "B738", "adep": "VTBS", "ades": "VTCC", "rfl": 200, "sid": "SEMB1P", "star": "ENBA2A", "dep_rwy": "RW20R", "arr_rwy": "RW36", "eobt": "2025-12-23T01:04:00+00:00", "idents": ["VTBS", "SEMBO", "BEKOD", "TOPAS", "ENBAT", "VTCC"]}, "geometry": {"type": "LineString", "coordinates": [[100.748889, 13.685833], [100.263333, 14.899722], [99.776667, 16.354722], [99.399444, 17.487778], [99.167778, 18.161389], [98.962778, 18.771389]]}}, {"type": "Feature", "properties": {"flight_key": "TGW132_VTBS_VTCC_2025-12-23 01:04", "callsign": "TGW132", "aircraft_type": "B738", "adep": "VTBS", "ades": "VTCC", "epoch_ts": "2025-12-23 01:04:00+00:00", "altitude_ft": 8.0, "tas_kt": null, "gs_kt": 280.0, "track_deg": 339, "phase": "climb"}, "geometry": {"type": "Point", "coordinates": [100.748889, 13.685833, 2.4]}}, {"type": "Feature", "properties": {"flight_key": "TGW132_VTBS_VTCC_2025-12-23 01:04", "callsign": "TGW132", "aircraft_type": "B738", "adep": "VTBS", "ades": "VTCC", "epoch_ts": "2025-12-23 01:10:00+00:00", "altitude_ft": 6672.0, "tas_kt": null, "gs_kt": 280.0, "track_deg": 339, "phase": "climb"}, "geometry": {"type": "Point", "coordinates": [100.615394, 14.01957, 2033.6]}}, {"type": "Feature", "properties": {"flight_key": "TGW132_VTBS_VTCC_2025-12-23 01:04", "callsign": "TGW132", "aircraft_type": "B738", "adep": "VTBS", "ades": "VTCC", "epoch_ts": "2025-12-23 01:16:00+00:00", "altitude_ft": 13336.0, "tas_kt": null, "gs_kt": 280.0, "track_deg": 339, "phase": "climb"}, "geometry": {"type": "Point", "coordinates": [100.481899, 14.353308, 4064.8]}}, {"type": "Feature", "properties": {"flight_key": "TGW132_VTBS_VTCC_2025-12-23 01:04", "callsign": "TGW132", "aircraft_type": "B738", "adep": "VTBS", "ades": "VTCC", "epoch_ts": "2025-12-23 01:22:00+00:00", "altitude_ft": 20000.0, "tas_kt": null, "gs_kt": 460.0, "track_deg": 339, "phase": "cruise"}, "geometry": {"type": "Point", "coordinates": [100.348404, 14.687045, 6096.0]}}, {"type": "Feature", "properties": {"flight_key": "TGW132_VTBS_VTCC_2025-12-23 01:04", "callsign": "TGW132", "aircraft_type": "B738", "adep": "VTBS", "ades": "VTCC", "epoch_ts": "2025-12-23 01:28:00+00:00", "altitude_ft": 20000.0, "tas_kt": null, "gs_kt": 460.0, "track_deg": 342, "phase": "cruise"}, "geometry": {"type": "Point", "coordinates": [100.221974, 15.023374, 6096.0]}}, {"type": "Feature", "properties": {"flight_key": "TGW132_VTBS_VTCC_2025-12-23 01:04", "callsign": "TGW132", "aircraft_type": "B738", "adep": "VTBS", "ades": "VTCC", "epoch_ts": "2025-12-23 01:34:00+00:00", "altitude_ft": 20000.0, "tas_kt": null, "gs_kt": 460.0, "track_deg": 342, "phase": "cruise"}, "geometry": {"type": "Point", "coordinates": [100.107956, 15.364257, 6096.0]}}, {"type": "Feature", "properties": {"flight_key": "TGW132_VTBS_VTCC_2025-12-23 01:04", "callsign": "TGW132", "aircraft_type": "B738", "adep": "VTBS", "ades": "VTCC", "epoch_ts": "2025-12-23 01:40:00+00:00", "altitude_ft": 20000.0, "tas_kt": null, "gs_kt": 460.0, "track_deg": 342, "phase": "cruise"}, "geometry": {"type": "Point", "coordinates": [99.993938, 15.705141, 6096.0]}}, {"type": "Feature", "properties": {"flight_key": "TGW132_VTBS_VTCC_2025-12-23 01:04", "callsign": "TGW132", "aircraft_type": "B738", "adep": "VTBS", "ades": "VTCC", "epoch_ts": "2025-12-23 01:46:00+00:00", "altitude_ft": 20000.0, "tas_kt": null, "gs_kt": 460.0, "track_deg": 342, "phase": "cruise"}, "geometry": {"type": "Point", "coordinates": [99.87992, 16.046024, 6096.0]}}, {"type": "Feature", "properties": {"flight_key": "TGW132_VTBS_VTCC_2025-12-23 01:04", "callsign": "TGW132", "aircraft_type": "B738", "adep": "VTBS", "ades": "VTCC", "epoch_ts": "2025-12-23 01:52:00+00:00", "altitude_ft": 20000.0, "tas_kt": null, "gs_kt": 460.0, "track_deg": 342, "phase": "cruise"}, "geometry": {"type": "Point", "coordinates": [99.765947, 16.386922, 6096.0]}}, {"type": "Feature", "properties": {"flight_key": "TGW132_VTBS_VTCC_2025-12-23 01:04", "callsign": "TGW132", "aircraft_type": "B738", "adep": "VTBS", "ades": "VTCC", "epoch_ts": "2025-12-23 01:58:00+00:00", "altitude_ft": 20000.0, "tas_kt": null, "gs_kt": 460.0, "track_deg": 342, "phase": "cruise"}, "geometry": {"type": "Point", "coordinates": [99.652405, 16.727964, 6096.0]}}, {"type": "Feature", "properties": {"flight_key": "TGW132_VTBS_VTCC_2025-12-23 01:04", "callsign": "TGW132", "aircraft_type": "B738", "adep": "VTBS", "ades": "VTCC", "epoch_ts": "2025-12-23 02:04:00+00:00", "altitude_ft": 20000.0, "tas_kt": null, "gs_kt": 460.0, "track_deg": 342, "phase": "cruise"}, "geometry": {"type": "Point", "coordinates": [99.538864, 17.069006, 6096.0]}}, {"type": "Feature", "properties": {"flight_key": "TGW132_VTBS_VTCC_2025-12-23 01:04", "callsign": "TGW132", "aircraft_type": "B738", "adep": "VTBS", "ades": "VTCC", "epoch_ts": "2025-12-23 02:10:00+00:00", "altitude_ft": 20000.0, "tas_kt": null, "gs_kt": 460.0, "track_deg": 342, "phase": "cruise"}, "geometry": {"type": "Point", "coordinates": [99.425322, 17.410049, 6096.0]}}, {"type": "Feature", "properties": {"flight_key": "TGW132_VTBS_VTCC_2025-12-23 01:04", "callsign": "TGW132", "aircraft_type": "B738", "adep": "VTBS", "ades": "VTCC", "epoch_ts": "2025-12-23 02:16:00+00:00", "altitude_ft": 20000.0, "tas_kt": null, "gs_kt": 460.0, "track_deg": 342, "phase": "cruise"}, "geometry": {"type": "Point", "coordinates": [99.309188, 17.750213, 6096.0]}}, {"type": "Feature", "properties": {"flight_key": "TGW132_VTBS_VTCC_2025-12-23 01:04", "callsign": "TGW132", "aircraft_type": "B738", "adep": "VTBS", "ades": "VTCC", "epoch_ts": "2025-12-23 02:22:00+00:00", "altitude_ft": 13669.0, "tas_kt": null, "gs_kt": 270.0, "track_deg": 342, "phase": "descent"}, "geometry": {"type": "Point", "coordinates": [99.192289, 18.090119, 4166.3]}}, {"type": "Feature", "properties": {"flight_key": "TGW132_VTBS_VTCC_2025-12-23 01:04", "callsign": "TGW132", "aircraft_type": "B738", "adep": "VTBS", "ades": "VTCC", "epoch_ts": "2025-12-23 02:28:00+00:00", "altitude_ft": 7337.9, "tas_kt": null, "gs_kt": 270.0, "track_deg": 342, "phase": "descent"}, "geometry": {"type": "Point", "coordinates": [99.077282, 18.430669, 2236.6]}}, {"type": "Feature", "properties": {"flight_key": "TGW132_VTBS_VTCC_2025-12-23 01:04", "callsign": "TGW132", "aircraft_type": "B738", "adep": "VTBS", "ades": "VTCC", "epoch_ts": "2025-12-23 02:34:00+00:00", "altitude_ft": 1006.9, "tas_kt": null, "gs_kt": 270.0, "track_deg": 0, "phase": "descent"}, "geometry": {"type": "Point", "coordinates": [98.962778, 18.771389, 306.9]}}, {"type": "Feature", "properties": {"feature_type": "route", "flight_key": "BKP133_VTSP_VTSM_2025-12-23 01:06", "route": "EMRIT Y99 AKVUG Y93 SMU", "callsign": "BKP133", "aircraft_type": "A320", "adep": "VTSP", "ades": "VTSM", "rfl": 350, "sid": "EMRI1A", "star": "", "dep_rwy": "RW09", "arr_rwy": "", "eobt": "2025-12-23T01:06:00+00:00", "idents": ["VTSP", "EMRIT", "KBI", "OSPEX", "BITEN", "EMVEL", "AKVUG", "OTGOL", "DORNA", "SMU", "VTSM"]}, "geometry": {"type": "LineString", "coordinates": [[98.309167, 8.1125], [98.811111, 8.105833], [98.9775, 8.1075], [99.221944, 8.3375], [99.341389, 8.449722], [99.356111, 8.743889], [99.371944, 9.063611], [99.546667, 9.218333], [99.770556, 9.416389], [100.061667, 9.546944], [100.0625, 9.548889]]}}, {"type": "Feature", "properties": {"flight_key": "BKP133_VTSP_VTSM_2025-12-23 01:06", "callsign": "BKP133", "aircraft_type": "A320", "adep": "VTSP", "ades": "VTSM", "epoch_ts": "2025-12-23 01:06:00+00:00", "altitude_ft": 22.0, "tas_kt": null, "gs_kt": 280.0, "track_deg": 91, "phase": "climb"}, "geometry": {"type": "Point", "coordinates": [98.309167, 8.1125, 6.7]}}, {"type": "Feature", "properties": {"flight_key": "BKP133_VTSP_VTSM_2025-12-23 01:06", "callsign": "BKP133", "aircraft_type": "A320", "adep": "VTSP", "ades": "VTSM", "epoch_ts": "2025-12-23 01:12:00+00:00", "altitude_ft": 11681.3, "tas_kt": null, "gs_kt": 280.0, "track_deg": 91, "phase": "climb"}, "geometry": {"type": "Point", "coordinates": [98.484887, 8.110166, 3560.5]}}, {"type": "Feature", "properties": {"flight_key": "BKP133_VTSP_VTSM_2025-12-23 01:06", "callsign": "BKP133", "aircraft_type": "A320", "adep": "VTSP", "ades": "VTSM", "epoch_ts": "2025-12-23 01:18:00+00:00", "altitude_ft": 23340.7, "tas_kt": null, "gs_kt": 280.0, "track_deg": 91, "phase": "climb"}, "geometry": {"type": "Point", "coordinates": [98.660606, 8.107832, 7114.2]}}, {"type": "Feature", "properties": {"flight_key": "BKP133_VTSP_VTSM_2025-12-23 01:06", "callsign": "BKP133", "aircraft_type": "A320", "adep": "VTSP", "ades": "VTSM", "epoch_ts": "2025-12-23 01:24:00+00:00", "altitude_ft": 35000.0, "tas_kt": null, "gs_kt": 460.0, "track_deg": 89, "phase": "cruise"}, "geometry": {"type": "Point", "coordinates": [98.836327, 8.106086, 10668.0]}}, {"type": "Feature", "properties": {"flight_key": "BKP133_VTSP_VTSM_2025-12-23 01:06", "callsign": "BKP133", "aircraft_type": "A320", "adep": "VTSP", "ades": "VTSM", "epoch_ts": "2025-12-23 01:30:00+00:00", "altitude_ft": 35000.0, "tas_kt": null, "gs_kt": 460.0, "track_deg": 46, "phase": "cruise"}, "geometry": {"type": "Point", "coordinates": [99.002666, 8.131179, 10668.0]}}, {"type": "Feature", "properties": {"flight_key": "BKP133_VTSP_VTSM_2025-12-23 01:06", "callsign": "BKP133", "aircraft_type": "A320", "adep": "VTSP", "ades": "VTSM", "epoch_ts": "2025-12-23 01:36:00+00:00", "altitude_ft": 35000.0, "tas_kt": null, "gs_kt": 460.0, "track_deg": 46, "phase": "cruise"}, "geometry": {"type": "Point", "coordinates": [99.130654, 8.251604, 10668.0]}}, {"type": "Feature", "properties": {"flight_key": "BKP133_VTSP_VTSM_2025-12-23 01:06", "callsign": "BKP133", "aircraft_type": "A320", "adep": "VTSP", "ades": "VTSM", "epoch_ts": "2025-12-23 01:42:00+00:00", "altitude_ft": 35000.0, "tas_kt": null, "gs_kt": 460.0, "track_deg": 46, "phase": "cruise"}, "geometry": {"type": "Point", "coordinates": [99.258666, 8.372002, 10668.0]}}, {"type": "Feature", "properties": {"flight_key": "BKP133_VTSP_VTSM_2025-12-23 01:06", "callsign": "BKP133", "aircraft_type": "A320", "adep": "VTSP", "ades": "VTSM", "epoch_ts": "2025-12-23 01:48:00+00:00", "altitude_ft": 35000.0, "tas_kt": null, "gs_kt": 460.0, "track_deg": 3, "phase": "cruise"}, "geometry": {"type": "Point", "coordinates": [99.344499, 8.511874, 10668.0]}}, {"type": "Feature", "properties": {"flight_key": "BKP133_VTSP_VTSM_2025-12-23 01:06", "callsign": "BKP133", "aircraft_type": "A320", "adep": "VTSP", "ades": "VTSM", "epoch_ts": "2025-12-23 01:54:00+00:00", "altitude_ft": 35000.0, "tas_kt": null, "gs_kt": 460.0, "track_deg": 3, "phase": "cruise"}, "geometry": {"type": "Point", "coordinates": [99.353283, 8.687389, 10668.0]}}, {"type": "Feature", "properties": {"flight_key": "BKP133_VTSP_VTSM_2025-12-23 01:06", "callsign": "BKP133", "aircraft_type": "A320", "adep": "VTSP", "ades": "VTSM", "epoch_ts": "2025-12-23 02:00:00+00:00", "altitude_ft": 35000.0, "tas_kt": null, "gs_kt": 460.0, "track_deg": 3, "phase": "cruise"}, "geometry": {"type": "Point", "coordinates": [99.362005, 8.862908, 10668.0]}}, {"type": "Feature", "properties": {"flight_key": "BKP133_VTSP_VTSM_2025-12-23 01:06", "callsign": "BKP133", "aircraft_type": "A320", "adep": "VTSP", "ades": "VTSM", "epoch_ts": "2025-12-23 02:06:00+00:00", "altitude_ft": 35000.0, "tas_kt": null, "gs_kt": 460.0, "track_deg": 3, "phase": "cruise"}, "geometry": {"type": "Point", "coordinates": [99.370697, 9.038428, 10668.0]}}, {"type": "Feature", "properties": {"flight_key": "BKP133_VTSP_VTSM_2025-12-23 01:06", "callsign": "BKP133", "aircraft_type": "A320", "adep": "VTSP", "ades": "VTSM", "epoch_ts": "2025-12-23 02:12:00+00:00", "altitude_ft": 35000.0, "tas_kt": null, "gs_kt": 460.0, "track_deg": 48, "phase": "cruise"}, "geometry": {"type": "Point", "coordinates": [99.484633, 9.1634, 10668.0]}}, {"type": "Feature", "properties": {"flight_key": "BKP133_VTSP_VTSM_2025-12-23 01:06", "callsign": "BKP133", "aircraft_type": "A320", "adep": "VTSP", "ades": "VTSM", "epoch_ts": "2025-12-23 02:18:00+00:00", "altitude_ft": 35000.0, "tas_kt": null, "gs_kt": 460.0, "track_deg": 48, "phase": "cruise"}, "geometry": {"type": "Point", "coordinates": [99.61623, 9.27987, 10668.0]}}, {"type": "Feature", "properties": {"flight_key": "BKP133_VTSP_VTSM_2025-12-23 01:06", "callsign": "BKP133", "aircraft_type": "A320", "adep": "VTSP", "ades": "VTSM", "epoch_ts": "2025-12-23 02:24:00+00:00", "altitude_ft": 23354.7, "tas_kt": null, "gs_kt": 270.0, "track_deg": 48, "phase": "descent"}, "geometry": {"type": "Point", "coordinates": [99.747855, 9.396307, 7118.5]}}, {"type": "Feature", "properties": {"flight_key": "BKP133_VTSP_VTSM_2025-12-23 01:06", "callsign": "BKP133", "aircraft_type": "A320", "adep": "VTSP", "ades": "VTSM", "epoch_ts": "2025-12-23 02:30:00+00:00", "altitude_ft": 11709.3, "tas_kt": null, "gs_kt": 270.0, "track_deg": 66, "phase": "descent"}, "geometry": {"type": "Point", "coordinates": [99.903249, 9.475898, 3569.0]}}, {"type": "Feature", "properties": {"flight_key": "BKP133_VTSP_VTSM_2025-12-23 01:06", "callsign": "BKP133", "aircraft_type": "A320", "adep": "VTSP", "ades": "VTSM", "epoch_ts": "2025-12-23 02:36:00+00:00", "altitude_ft": 64.0, "tas_kt": null, "gs_kt": 270.0, "track_deg": 0, "phase": "descent"}, "geometry": {"type": "Point", "coordinates": [100.0625, 9.548889, 19.5]}}, {"type": "Feature", "properties": {"feature_type": "route", "flight_key": "DMK134_VTSE_VTBD_2025-12-23 01:08", "route": "CPN W34 MENEX G458 HOTEL DCT SABAI", "callsign": "DMK134", "aircraft_type": "A321", "adep": "VTSE", "ades": "VTBD", "rfl": 150, "sid": "", "star": "SABA1B", "dep_rwy": "", "arr_rwy": "RW03L", "eobt": "2025-12-23T01:08:00+00:00", "idents": ["VTSE", "CPN", "MENEX", "UKERA", "HOTEL", "SABAI", "VTBD"]}, "geometry": {"type": "LineString", "coordinates": [[99.361667, 10.711111], [99.365556, 10.711111], [99.761944, 11.141944], [100.019444, 12.035278], [100.33, 13.001667], [100.327564, 13.122814], [100.605692, 13.914372]]}}, {"type": "Feature", "properties": {"flight_key": "DMK134_VTSE_VTBD_2025-12-23 01:08", "callsign": "DMK134", "aircraft_type": "A321", "adep": "VTSE", "ades": "VTBD", "epoch_ts": "2025-12-23 01:08:00+00:00", "altitude_ft": 22.0, "tas_kt": null, "gs_kt": 280.0, "track_deg": 90, "phase": "climb"}, "geometry": {"type": "Point", "coordinates": [99.361667, 10.711111, 6.7]}}, {"type": "Feature", "properties": {"flight_key": "DMK134_VTSE_VTBD_2025-12-23 01:08", "callsign": "DMK134", "aircraft_type": "A321", "adep": "VTSE", "ades": "VTBD", "epoch_ts": "2025-12-23 01:14:00+00:00", "altitude_ft": 5014.7, "tas_kt": null, "gs_kt": 280.0, "track_deg": 42, "phase": "climb"}, "geometry": {"type": "Point", "coordinates": [99.520649, 10.879681, 1528.5]}}, {"type": "Feature", "properties": {"flight_key": "DMK134_VTSE_VTBD_2025-12-23 01:08", "callsign": "DMK134", "aircraft_type": "A321", "adep": "VTSE", "ades": "VTBD", "epoch_ts": "2025-12-23 01:20:00+00:00", "altitude_ft": 10007.3, "tas_kt": null, "gs_kt": 280.0, "track_deg": 42, "phase": "climb"}, "geometry": {"type": "Point", "coordinates": [99.678374, 11.051112, 3050.2]}}, {"type": "Feature", "properties": {"flight_key": "DMK134_VTSE_VTBD_2025-12-23 01:08", "callsign": "DMK134", "aircraft_type": "A321", "adep": "VTSE", "ades": "VTBD", "epoch_ts": "2025-12-23 01:26:00+00:00", "altitude_ft": 15000.0, "tas_kt": null, "gs_kt": 460.0, "track_deg": 16, "phase": "cruise"}, "geometry": {"type": "Point", "coordinates": [99.792279, 11.247183, 4572.0]}}, {"type": "Feature", "properties": {"flight_key": "DMK134_VTSE_VTBD_2025-12-23 01:08", "callsign": "DMK134", "aircraft_type": "A321", "adep": "VTSE", "ades": "VTBD", "epoch_ts": "2025-12-23 01:32:00+00:00", "altitude_ft": 15000.0, "tas_kt": null, "gs_kt": 460.0, "track_deg": 16, "phase": "cruise"}, "geometry": {"type": "Point", "coordinates": [99.856799, 11.471021, 4572.0]}}, {"type": "Feature", "properties": {"flight_key": "DMK134_VTSE_VTBD_2025-12-23 01:08", "callsign": "DMK134", "aircraft_type": "A321", "adep": "VTSE", "ades": "VTBD", "epoch_ts": "2025-12-23 01:38:00+00:00", "altitude_ft": 15000.0, "tas_kt": null, "gs_kt": 460.0, "track_deg": 16, "phase": "cruise"}, "geometry": {"type": "Point", "coordinates": [99.92132, 11.694859, 4572.0]}}, {"type": "Feature", "properties": {"flight_key": "DMK134_VTSE_VTBD_2025-12-23 01:08", "callsign": "DMK134", "aircraft_type": "A321", "adep": "VTSE", "ades": "VTBD", "epoch_ts": "2025-12-23 01:44:00+00:00", "altitude_ft": 15000.0, "tas_kt": null, "gs_kt": 460.0, "track_deg": 16, "phase": "cruise"}, "geometry": {"type": "Point", "coordinates": [99.98584, 11.918697, 4572.0]}}, {"type": "Feature", "properties": {"flight_key": "DMK134_VTSE_VTBD_2025-12-23 01:08", "callsign": "DMK134", "aircraft_type": "A321", "adep": "VTSE", "ades": "VTBD", "epoch_ts": "2025-12-23 01:50:00+00:00", "altitude_ft": 15000.0, "tas_kt": null, "gs_kt": 460.0, "track_deg": 17, "phase": "cruise"}, "geometry": {"type": "Point", "coordinates": [100.053595, 12.141549, 4572.0]}}, {"type": "Feature", "properties": {"flight_key": "DMK134_VTSE_VTBD_2025-12-23 01:08", "callsign": "DMK134", "aircraft_type": "A321", "adep": "VTSE", "ades": "VTBD", "epoch_ts": "2025-12-23 01:56:00+00:00", "altitude_ft": 15000.0, "tas_kt": null, "gs_kt": 460.0, "track_deg": 17, "phase": "cruise"}, "geometry": {"type": "Point", "coordinates": [100.124866, 12.36333, 4572.0]}}, {"type": "Feature", "properties": {"flight_key": "DMK134_VTSE_VTBD_2025-12-23 01:08", "callsign": "DMK134", "aircraft_type": "A321", "adep": "VTSE", "ades": "VTBD", "epoch_ts": "2025-12-23 02:02:00+00:00", "altitude_ft": 15000.0, "tas_kt": null, "gs_kt": 460.0, "track_deg": 17, "phase": "cruise"}, "geometry": {"type": "Point", "coordinates": [100.196137, 12.585111, 4572.0]}}, {"type": "Feature", "properties": {"flight_key": "DMK134_VTSE_VTBD_2025-12-23 01:08", "callsign": "DMK134", "aircraft_type": "A321", "adep": "VTSE", "ades": "VTBD", "epoch_ts": "2025-12-23 02:08:00+00:00", "altitude_ft": 15000.0, "tas_kt": null, "gs_kt": 460.0, "track_deg": 17, "phase": "cruise"}, "geometry": {"type": "Point", "coordinates": [100.267408, 12.806892, 4572.0]}}, {"type": "Feature", "properties": {"flight_key": "DMK134_VTSE_VTBD_2025-12-23 01:08", "callsign": "DMK134", "aircraft_type": "A321", "adep": "VTSE", "ades": "VTBD", "epoch_ts": "2025-12-23 02:14:00+00:00", "altitude_ft": 15000.0, "tas_kt": null, "gs_kt": 460.0, "track_deg": 359, "phase": "cruise"}, "geometry": {"type": "Point", "coordinates": [100.32943, 13.030027, 4572.0]}}, {"type": "Feature", "properties": {"flight_key": "DMK134_VTSE_VTBD_2025-12-23 01:08", "callsign": "DMK134", "aircraft_type": "A321", "adep": "VTSE", "ades": "VTBD", "epoch_ts": "2025-12-23 02:20:00+00:00", "altitude_ft": 15000.0, "tas_kt": null, "gs_kt": 460.0, "track_deg": 19, "phase": "cruise"}, "geometry": {"type": "Point", "coordinates": [100.374022, 13.255035, 4572.0]}}, {"type": "Feature", "properties": {"flight_key": "DMK134_VTSE_VTBD_2025-12-23 01:08", "callsign": "DMK134", "aircraft_type": "A321", "adep": "VTSE", "ades": "VTBD", "epoch_ts": "2025-12-23 02:26:00+00:00", "altitude_ft": 10002.3, "tas_kt": null, "gs_kt": 270.0, "track_deg": 19, "phase": "descent"}, "geometry": {"type": "Point", "coordinates": [100.451245, 13.474814, 3048.7]}}, {"type": "Feature", "properties": {"flight_key": "DMK134_VTSE_VTBD_2025-12-23 01:08", "callsign": "DMK134", "aircraft_type": "A321", "adep": "VTSE", "ades": "VTBD", "epoch_ts": "2025-12-23 02:32:00+00:00", "altitude_ft": 5004.7, "tas_kt": null, "gs_kt": 270.0, "track_deg": 19, "phase": "descent"}, "geometry": {"type": "Point", "coordinates": [100.528469, 13.694593, 1525.4]}}, {"type": "Feature", "properties": {"flight_key": "DMK134_VTSE_VTBD_2025-12-23 01:08", "callsign": "DMK134", "aircraft_type": "A321", "adep": "VTSE", "ades": "VTBD", "epoch_ts": "2025-12-23 02:38:00+00:00", "altitude_ft": 7.0, "tas_kt": null, "gs_kt": 270.0, "track_deg": 0, "phase": "descent"}, "geometry": {"type": "Point", "coordinates": [100.605692, 13.914372, 2.1]}}, {"type": "Feature", "properties": {"feature_type": "route", "flight_key": "SEH135_VTUV_VTST_2025-12-23 01:10", "route": "W38 RAMEI Y20 BKK Y8 SAPUD W24 TRN", "callsign": "SEH135", "aircraft_type": "A333", "adep": "VTUV", "ades": "VTST", "rfl": 320, "sid": "", "star": "", "dep_rwy": "", "arr_rwy": "", "eobt": "2025-12-23T01:10:00+00:00", "idents": ["VTUV", "RAMEI", "KRT", "UBLOD", "MALKI", "BKK", "SAPUD", "TRN", "VTST"]}, "geometry": {"type": "LineString", "coordinates": [[103.773889, 16.116667], [103.011111, 15.044444], [102.139722, 14.917222], [101.436667, 14.620833], [101.198056, 14.519722], [100.596111, 13.893611], [99.134747, 9.129511], [99.626111, 7.508889], [99.615833, 7.508611]]}}, {"type": "Feature", "properties": {"flight_key": "SEH135_VTUV_VTST_2025-12-23 01:10", "callsign": "SEH135", "aircraft_type": "A333", "adep": "VTUV", "ades": "VTST", "epoch_ts": "2025-12-23 01:10:00+00:00", "altitude_ft": 451.0, "tas_kt": null, "gs_kt": 280.0, "track_deg": 214, "phase": "climb"}, "geometry": {"type": "Point", "coordinates": [103.773889, 16.116667, 137.5]}}, {"type": "Feature", "properties": {"flight_key": "SEH135_VTUV_VTST_2025-12-23 01:10", "callsign": "SEH135", "aircraft_type": "A333", "adep": "VTUV", "ades": "VTST", "epoch_ts": "2025-12-23 01:16:00+00:00", "altitude_ft": 10967.3, "tas_kt": null, "gs_kt": 280.0, "track_deg": 214, "phase": "climb"}, "geometry": {"type": "Point", "coordinates": [103.357521, 15.531386, 3342.8]}}, {"type": "Feature", "properties": {"flight_key": "SEH135_VTUV_VTST_2025-12-23 01:10", "callsign": "SEH135", "aircraft_type": "A333", "adep": "VTUV", "ades": "VTST", "epoch_ts": "2025-12-23 01:22:00+00:00", "altitude_ft": 21483.7, "tas_kt": null, "gs_kt": 280.0, "track_deg": 261, "phase": "climb"}, "geometry": {"type": "Point", "coordinates": [102.891692, 15.027009, 6548.2]}}, {"type": "Feature", "properties": {"flight_key": "SEH135_VTUV_VTST_2025-12-23 01:10", "callsign": "SEH135", "aircraft_type": "A333", "adep": "VTUV", "ades": "VTST", "epoch_ts": "2025-12-23 01:28:00+00:00", "altitude_ft": 32000.0, "tas_kt": null, "gs_kt": 460.0, "track_deg": 261, "phase": "cruise"}, "geometry": {"type": "Point", "coordinates": [102.180954, 14.923242, 9753.6]}}, {"type": "Feature", "properties": {"flight_key": "SEH135_VTUV_VTST_2025-12-23 01:10", "callsign": "SEH135", "aircraft_type": "A333", "adep": "VTUV", "ades": "VTST", "epoch_ts": "2025-12-23 01:34:00+00:00", "altitude_ft": 32000.0, "tas_kt": null, "gs_kt": 460.0, "track_deg": 246, "phase": "cruise"}, "geometry": {"type": "Point", "coordinates": [101.516255, 14.654385, 9753.6]}}, {"type": "Feature", "properties": {"flight_key": "SEH135_VTUV_VTST_2025-12-23 01:10", "callsign": "SEH135", "aircraft_type": "A333", "adep": "VTUV", "ades": "VTST", "epoch_ts": "2025-12-23 01:40:00+00:00", "altitude_ft": 32000.0, "tas_kt": null, "gs_kt": 460.0, "track_deg": 223, "phase": "cruise"}, "geometry": {"type": "Point", "coordinates": [100.939717, 14.251012, 9753.6]}}, {"type": "Feature", "properties": {"flight_key": "SEH135_VTUV_VTST_2025-12-23 01:10", "callsign": "SEH135", "aircraft_type": "A333", "adep": "VTUV", "ades": "VTST", "epoch_ts": "2025-12-23 01:46:00+00:00", "altitude_ft": 32000.0, "tas_kt": null, "gs_kt": 460.0, "track_deg": 197, "phase": "cruise"}, "geometry": {"type": "Point", "coordinates": [100.530864, 13.680903, 9753.6]}}, {"type": "Feature", "properties": {"flight_key": "SEH135_VTUV_VTST_2025-12-23 01:10", "callsign": "SEH135", "aircraft_type": "A333", "adep": "VTUV", "ades": "VTST", "epoch_ts": "2025-12-23 01:52:00+00:00", "altitude_ft": 32000.0, "tas_kt": null, "gs_kt": 460.0, "track_deg": 197, "phase": "cruise"}, "geometry": {"type": "Point", "coordinates": [100.320224, 12.99421, 9753.6]}}, {"type": "Feature", "properties": {"flight_key": "SEH135_VTUV_VTST_2025-12-23 01:10", "callsign": "SEH135", "aircraft_type": "A333", "adep": "VTUV", "ades": "VTST", "epoch_ts": "2025-12-23 01:58:00+00:00", "altitude_ft": 32000.0, "tas_kt": null, "gs_kt": 460.0, "track_deg": 197, "phase": "cruise"}, "geometry": {"type": "Point", "coordinates": [100.109584, 12.307516, 9753.6]}}, {"type": "Feature", "properties": {"flight_key": "SEH135_VTUV_VTST_2025-12-23 01:10", "callsign": "SEH135", "aircraft_type": "A333", "adep": "VTUV", "ades": "VTST", "epoch_ts": "2025-12-23 02:04:00+00:00", "altitude_ft": 32000.0, "tas_kt": null, "gs_kt": 460.0, "track_deg": 197, "phase": "cruise"}, "geometry": {"type": "Point", "coordinates": [99.898945, 11.620823, 9753.6]}}, {"type": "Feature", "properties": {"flight_key": "SEH135_VTUV_VTST_2025-12-23 01:10", "callsign": "SEH135", "aircraft_type": "A333", "adep": "VTUV", "ades": "VTST", "epoch_ts": "2025-12-23 02:10:00+00:00", "altitude_ft": 32000.0, "tas_kt": null, "gs_kt": 460.0, "track_deg": 197, "phase": "cruise"}, "geometry": {"type": "Point", "coordinates": [99.688305, 10.93413, 9753.6]}}, {"type": "Feature", "properties": {"flight_key": "SEH135_VTUV_VTST_2025-12-23 01:10", "callsign": "SEH135", "aircraft_type": "A333", "adep": "VTUV", "ades": "VTST", "epoch_ts": "2025-12-23 02:16:00+00:00", "altitude_ft": 32000.0, "tas_kt": null, "gs_kt": 460.0, "track_deg": 197, "phase": "cruise"}, "geometry": {"type": "Point", "coordinates": [99.477665, 10.247437, 9753.6]}}, {"type": "Feature", "properties": {"flight_key": "SEH135_VTUV_VTST_2025-12-23 01:10", "callsign": "SEH135", "aircraft_type": "A333", "adep": "VTUV", "ades": "VTST", "epoch_ts": "2025-12-23 02:22:00+00:00", "altitude_ft": 32000.0, "tas_kt": null, "gs_kt": 460.0, "track_deg": 197, "phase": "cruise"}, "geometry": {"type": "Point", "coordinates": [99.267025, 9.560744, 9753.6]}}, {"type": "Feature", "properties": {"flight_key": "SEH135_VTUV_VTST_2025-12-23 01:10", "callsign": "SEH135", "aircraft_type": "A333", "adep": "VTUV", "ades": "VTST", "epoch_ts": "2025-12-23 02:28:00+00:00", "altitude_ft": 21355.7, "tas_kt": null, "gs_kt": 270.0, "track_deg": 163, "phase": "descent"}, "geometry": {"type": "Point", "coordinates": [99.212278, 8.873797, 6509.2]}}, {"type": "Feature", "properties": {"flight_key": "SEH135_VTUV_VTST_2025-12-23 01:10", "callsign": "SEH135", "aircraft_type": "A333", "adep": "VTUV", "ades": "VTST", "epoch_ts": "2025-12-23 02:34:00+00:00", "altitude_ft": 10711.3, "tas_kt": null, "gs_kt": 270.0, "track_deg": 163, "phase": "descent"}, "geometry": {"type": "Point", "coordinates": [99.420686, 8.186423, 3264.8]}}, {"type": "Feature", "properties": {"flight_key": "SEH135_VTUV_VTST_2025-12-23 01:10", "callsign": "SEH135", "aircraft_type": "A333", "adep": "VTUV", "ades": "VTST", "epoch_ts": "2025-12-23 02:40:00+00:00", "altitude_ft": 67.0, "tas_kt": null, "gs_kt": 270.0, "track_deg": 0, "phase": "descent"}, "geometry": {"type": "Point", "coordinates": [99.615833, 7.508611, 20.4]}}, {"type": "Feature", "properties": {"feature_type": "route", "flight_key": "NOK136_VTUW_VTST_2025-12-23 01:12", "route": "Y22/Y23 KKN Y23 KRT Y20 BKK Y8 SAPUD W24 TRN", "callsign": "NOK136", "aircraft_type": "A359", "adep": "VTUW", "ades": "VTST", "rfl": 300, "sid": "", "star": "", "dep_rwy": "", "arr_rwy": "", "eobt": "2025-12-23T01:12:00+00:00", "idents": ["VTUW", "KKN", "EMRUT", "KRT", "UBLOD", "MALKI", "BKK", "SAPUD", "TRN", "VTST"]}, "geometry": {"type": "LineString", "coordinates": [[104.641889, 17.385339], [102.788056, 16.470833], [102.5925, 16.005556], [102.139722, 14.917222], [101.436667, 14.620833], [101.198056, 14.519722], [100.596111, 13.893611], [99.134747, 9.129511], [99.626111, 7.508889], [99.615833, 7.508611]]}}, {"type": "Feature", "properties": {"flight_key": "NOK136_VTUW_VTST_2025-12-23 01:12", "callsign": "NOK136", "aircraft_type": "A359", "adep": "VTUW", "ades": "VTST", "epoch_ts": "2025-12-23 01:12:00+00:00", "altitude_ft": 587.0, "tas_kt": null, "gs_kt": 280.0, "track_deg": 243, "phase": "climb"}, "geometry": {"type": "Point", "coordinates": [104.641889, 17.385339, 178.9]}}, {"type": "Feature", "properties": {"flight_key": "NOK136_VTUW_VTST_2025-12-23 01:12", "callsign": "NOK136", "aircraft_type": "A359", "adep": "VTUW", "ades": "VTST", "epoch_ts": "2025-12-23 01:18:00+00:00", "altitude_ft": 10391.3, "tas_kt": null, "gs_kt": 280.0, "track_deg": 243, "phase": "climb"}, "geometry": {"type": "Point", "coordinates": [103.904814, 17.021736, 3167.3]}}, {"type": "Feature", "properties": {"flight_key": "NOK136_VTUW_VTST_2025-12-23 01:12", "callsign": "NOK136", "aircraft_type": "A359", "adep": "VTUW", "ades": "VTST", "epoch_ts": "2025-12-23 01:24:00+00:00", "altitude_ft": 20195.7, "tas_kt": null, "gs_kt": 280.0, "track_deg": 243, "phase": "climb"}, "geometry": {"type": "Point", "coordinates": [103.167739, 16.658133, 6155.6]}}, {"type": "Feature", "properties": {"flight_key": "NOK136_VTUW_VTST_2025-12-23 01:12", "callsign": "NOK136", "aircraft_type": "A359", "adep": "VTUW", "ades": "VTST", "epoch_ts": "2025-12-23 01:30:00+00:00", "altitude_ft": 30000.0, "tas_kt": null, "gs_kt": 460.0, "track_deg": 202, "phase": "cruise"}, "geometry": {"type": "Point", "coordinates": [102.633645, 16.103451, 9144.0]}}, {"type": "Feature", "properties": {"flight_key": "NOK136_VTUW_VTST_2025-12-23 01:12", "callsign": "NOK136", "aircraft_type": "A359", "adep": "VTUW", "ades": "VTST", "epoch_ts": "2025-12-23 01:36:00+00:00", "altitude_ft": 30000.0, "tas_kt": null, "gs_kt": 460.0, "track_deg": 202, "phase": "cruise"}, "geometry": {"type": "Point", "coordinates": [102.317594, 15.344769, 9144.0]}}, {"type": "Feature", "properties": {"flight_key": "NOK136_VTUW_VTST_2025-12-23 01:12", "callsign": "NOK136", "aircraft_type": "A359", "adep": "VTUW", "ades": "VTST", "epoch_ts": "2025-12-23 01:42:00+00:00", "altitude_ft": 30000.0, "tas_kt": null, "gs_kt": 460.0, "track_deg": 246, "phase": "cruise"}, "geometry": {"type": "Point", "coordinates": [101.809092, 14.777837, 9144.0]}}, {"type": "Feature", "properties": {"flight_key": "NOK136_VTUW_VTST_2025-12-23 01:12", "callsign": "NOK136", "aircraft_type": "A359", "adep": "VTUW", "ades": "VTST", "epoch_ts": "2025-12-23 01:48:00+00:00", "altitude_ft": 30000.0, "tas_kt": null, "gs_kt": 460.0, "track_deg": 223, "phase": "cruise"}, "geometry": {"type": "Point", "coordinates": [101.088162, 14.405417, 9144.0]}}, {"type": "Feature", "properties": {"flight_key": "NOK136_VTUW_VTST_2025-12-23 01:12", "callsign": "NOK136", "aircraft_type": "A359", "adep": "VTUW", "ades": "VTST", "epoch_ts": "2025-12-23 01:54:00+00:00", "altitude_ft": 30000.0, "tas_kt": null, "gs_kt": 460.0, "track_deg": 197, "phase": "cruise"}, "geometry": {"type": "Point", "coordinates": [100.563293, 13.786623, 9144.0]}}, {"type": "Feature", "properties": {"flight_key": "NOK136_VTUW_VTST_2025-12-23 01:12", "callsign": "NOK136", "aircraft_type": "A359", "adep": "VTUW", "ades": "VTST", "epoch_ts": "2025-12-23 02:00:00+00:00", "altitude_ft": 30000.0, "tas_kt": null, "gs_kt": 460.0, "track_deg": 197, "phase": "cruise"}, "geometry": {"type": "Point", "coordinates": [100.32227, 13.000878, 9144.0]}}, {"type": "Feature", "properties": {"flight_key": "NOK136_VTUW_VTST_2025-12-23 01:12", "callsign": "NOK136", "aircraft_type": "A359", "adep": "VTUW", "ades": "VTST", "epoch_ts": "2025-12-23 02:06:00+00:00", "altitude_ft": 30000.0, "tas_kt": null, "gs_kt": 460.0, "track_deg": 197, "phase": "cruise"}, "geometry": {"type": "Point", "coordinates": [100.081246, 12.215133, 9144.0]}}, {"type": "Feature", "properties": {"flight_key": "NOK136_VTUW_VTST_2025-12-23 01:12", "callsign": "NOK136", "aircraft_type": "A359", "adep": "VTUW", "ades": "VTST", "epoch_ts": "2025-12-23 02:12:00+00:00", "altitude_ft": 30000.0, "tas_kt": null, "gs_kt": 460.0, "track_deg": 197, "phase": "cruise"}, "geometry": {"type": "Point", "coordinates": [99.840223, 11.429388, 9144.0]}}, {"type": "Feature", "properties": {"flight_key": "NOK136_VTUW_VTST_2025-12-23 01:12", "callsign": "NOK136", "aircraft_type": "A359", "adep": "VTUW", "ades": "VTST", "epoch_ts": "2025-12-23 02:18:00+00:00", "altitude_ft": 30000.0, "tas_kt": null, "gs_kt": 460.0, "track_deg": 197, "phase": "cruise"}, "geometry": {"type": "Point", "coordinates": [99.5992, 10.643643, 9144.0]}}, {"type": "Feature", "properties": {"flight_key": "NOK136_VTUW_VTST_2025-12-23 01:12", "callsign": "NOK136", "aircraft_type": "A359", "adep": "VTUW", "ades": "VTST", "epoch_ts": "2025-12-23 02:24:00+00:00", "altitude_ft": 30000.0, "tas_kt": null, "gs_kt": 460.0, "track_deg": 197, "phase": "cruise"}, "geometry": {"type": "Point", "coordinates": [99.358176, 9.857898, 9144.0]}}, {"type": "Feature", "properties": {"flight_key": "NOK136_VTUW_VTST_2025-12-23 01:12", "callsign": "NOK136", "aircraft_type": "A359", "adep": "VTUW", "ades": "VTST", "epoch_ts": "2025-12-23 02:30:00+00:00", "altitude_ft": 20022.3, "tas_kt": null, "gs_kt": 270.0, "track_deg": 163, "phase": "descent"}, "geometry": {"type": "Point", "coordinates": [99.152155, 9.072097, 6102.8]}}, {"type": "Feature", "properties": {"flight_key": "NOK136_VTUW_VTST_2025-12-23 01:12", "callsign": "NOK136", "aircraft_type": "A359", "adep": "VTUW", "ades": "VTST", "epoch_ts": "2025-12-23 02:36:00+00:00", "altitude_ft": 10044.7, "tas_kt": null, "gs_kt": 270.0, "track_deg": 163, "phase": "descent"}, "geometry": {"type": "Point", "coordinates": [99.390624, 8.285573, 3061.6]}}, {"type": "Feature", "properties": {"flight_key": "NOK136_VTUW_VTST_2025-12-23 01:12", "callsign": "NOK136", "aircraft_type": "A359", "adep": "VTUW", "ades": "VTST", "epoch_ts": "2025-12-23 02:42:00+00:00", "altitude_ft": 67.0, "tas_kt": null, "gs_kt": 270.0, "track_deg": 0, "phase": "descent"}, "geometry": {"type": "Point", "coordinates": [99.615833, 7.508611, 20.4]}}, {"type": "Feature", "properties": {"feature_type": "route", "flight_key": "THD137_VTPH_VTSM_2025-12-23 01:14", "route": "HHN W31 SUPOJ DCT UPNEP W33 SMU", "callsign": "THD137", "aircraft_type": "B77W", "adep": "VTPH", "ades": "VTSM", "rfl": 190, "sid": "", "star": "", "dep_rwy": "", "arr_rwy": "", "eobt": "2025-12-23T01:14:00+00:00", "idents": ["VTPH", "HHN", "UKERA", "EGUBO", "SUPOJ", "UPNEP", "VININ", "SMU", "VTSM"]}, "geometry": {"type": "LineString", "coordinates": [[99.953444, 12.630319], [99.951111, 12.634444], [100.019444, 12.035278], [100.080556, 11.477222], [100.205556, 10.278333], [100.493333, 9.703611], [100.294444, 9.631667], [100.061667, 9.546944], [100.0625, 9.548889]]}}, {"type": "Feature", "properties": {"flight_key": "THD137_VTPH_VTSM_2025-12-23 01:14", "callsign": "THD137", "aircraft_type": "B77W", "adep": "VTPH", "ades": "VTSM", "epoch_ts": "2025-12-23 01:14:00+00:00", "altitude_ft": 62.0, "tas_kt": null, "gs_kt": 280.0, "track_deg": 331, "phase": "climb"}, "geometry": {"type": "Point", "coordinates": [99.953444, 12.630319, 18.9]}}, {"type": "Feature", "properties": {"flight_key": "THD137_VTPH_VTSM_2025-12-23 01:14", "callsign": "THD137", "aircraft_type": "B77W", "adep": "VTPH", "ades": "VTSM", "epoch_ts": "2025-12-23 01:20:00+00:00", "altitude_ft": 6374.7, "tas_kt": null, "gs_kt": 280.0, "track_deg": 174, "phase": "climb"}, "geometry": {"type": "Point", "coordinates": [99.976852, 12.408736, 1943.0]}}, {"type": "Feature", "properties": {"flight_key": "THD137_VTPH_VTSM_2025-12-23 01:14", "callsign": "THD137", "aircraft_type": "B77W", "adep": "VTPH", "ades": "VTSM", "epoch_ts": "2025-12-23 01:26:00+00:00", "altitude_ft": 12687.3, "tas_kt": null, "gs_kt": 280.0, "track_deg": 174, "phase": "climb"}, "geometry": {"type": "Point", "coordinates": [100.00313, 12.17832, 3867.1]}}, {"type": "Feature", "properties": {"flight_key": "THD137_VTPH_VTSM_2025-12-23 01:14", "callsign": "THD137", "aircraft_type": "B77W", "adep": "VTPH", "ades": "VTSM", "epoch_ts": "2025-12-23 01:32:00+00:00", "altitude_ft": 19000.0, "tas_kt": null, "gs_kt": 460.0, "track_deg": 174, "phase": "cruise"}, "geometry": {"type": "Point", "coordinates": [100.029017, 11.94786, 5791.2]}}, {"type": "Feature", "properties": {"flight_key": "THD137_VTPH_VTSM_2025-12-23 01:14", "callsign": "THD137", "aircraft_type": "B77W", "adep": "VTPH", "ades": "VTSM", "epoch_ts": "2025-12-23 01:38:00+00:00", "altitude_ft": 19000.0, "tas_kt": null, "gs_kt": 460.0, "track_deg": 174, "phase": "cruise"}, "geometry": {"type": "Point", "coordinates": [100.054262, 11.717329, 5791.2]}}, {"type": "Feature", "properties": {"flight_key": "THD137_VTPH_VTSM_2025-12-23 01:14", "callsign": "THD137", "aircraft_type": "B77W", "adep": "VTPH", "ades": "VTSM", "epoch_ts": "2025-12-23 01:44:00+00:00", "altitude_ft": 19000.0, "tas_kt": null, "gs_kt": 460.0, "track_deg": 174, "phase": "cruise"}, "geometry": {"type": "Point", "coordinates": [100.079507, 11.486797, 5791.2]}}, {"type": "Feature", "properties": {"flight_key": "THD137_VTPH_VTSM_2025-12-23 01:14", "callsign": "THD137", "aircraft_type": "B77W", "adep": "VTPH", "ades": "VTSM", "epoch_ts": "2025-12-23 01:50:00+00:00", "altitude_ft": 19000.0, "tas_kt": null, "gs_kt": 460.0, "track_deg": 174, "phase": "cruise"}, "geometry": {"type": "Point", "coordinates": [100.103606, 11.256143, 5791.2]}}, {"type": "Feature", "properties": {"flight_key": "THD137_VTPH_VTSM_2025-12-23 01:14", "callsign": "THD137", "aircraft_type": "B77W", "adep": "VTPH", "ades": "VTSM", "epoch_ts": "2025-12-23 01:56:00+00:00", "altitude_ft": 19000.0, "tas_kt": null, "gs_kt": 460.0, "track_deg": 174, "phase": "cruise"}, "geometry": {"type": "Point", "coordinates": [100.127656, 11.025483, 5791.2]}}, {"type": "Feature", "properties": {"flight_key": "THD137_VTPH_VTSM_2025-12-23 01:14", "callsign": "THD137", "aircraft_type": "B77W", "adep": "VTPH", "ades": "VTSM", "epoch_ts": "2025-12-23 02:02:00+00:00", "altitude_ft": 19000.0, "tas_kt": null, "gs_kt": 460.0, "track_deg": 174, "phase": "cruise"}, "geometry": {"type": "Point", "coordinates": [100.151705, 10.794824, 5791.2]}}, {"type": "Feature", "properties": {"flight_key": "THD137_VTPH_VTSM_2025-12-23 01:14", "callsign": "THD137", "aircraft_type": "B77W", "adep": "VTPH", "ades": "VTSM", "epoch_ts": "2025-12-23 02:08:00+00:00", "altitude_ft": 19000.0, "tas_kt": null, "gs_kt": 460.0, "track_deg": 174, "phase": "cruise"}, "geometry": {"type": "Point", "coordinates": [100.175754, 10.564165, 5791.2]}}, {"type": "Feature", "properties": {"flight_key": "THD137_VTPH_VTSM_2025-12-23 01:14", "callsign": "THD137", "aircraft_type": "B77W", "adep": "VTPH", "ades": "VTSM", "epoch_ts": "2025-12-23 02:14:00+00:00", "altitude_ft": 19000.0, "tas_kt": null, "gs_kt": 460.0, "track_deg": 174, "phase": "cruise"}, "geometry": {"type": "Point", "coordinates": [100.199804, 10.333505, 5791.2]}}, {"type": "Feature", "properties": {"flight_key": "THD137_VTPH_VTSM_2025-12-23 01:14", "callsign": "THD137", "aircraft_type": "B77W", "adep": "VTPH", "ades": "VTSM", "epoch_ts": "2025-12-23 02:20:00+00:00", "altitude_ft": 19000.0, "tas_kt": null, "gs_kt": 460.0, "track_deg": 154, "phase": "cruise"}, "geometry": {"type": "Point", "coordinates": [100.284553, 10.120567, 5791.2]}}, {"type": "Feature", "properties": {"flight_key": "THD137_VTPH_VTSM_2025-12-23 01:14", "callsign": "THD137", "aircraft_type": "B77W", "adep": "VTPH", "ades": "VTSM", "epoch_ts": "2025-12-23 02:26:00+00:00", "altitude_ft": 19000.0, "tas_kt": null, "gs_kt": 460.0, "track_deg": 154, "phase": "cruise"}, "geometry": {"type": "Point", "coordinates": [100.388386, 9.913201, 5791.2]}}, {"type": "Feature", "properties": {"flight_key": "THD137_VTPH_VTSM_2025-12-23 01:14", "callsign": "THD137", "aircraft_type": "B77W", "adep": "VTPH", "ades": "VTSM", "epoch_ts": "2025-12-23 02:32:00+00:00", "altitude_ft": 12688.0, "tas_kt": null, "gs_kt": 270.0, "track_deg": 154, "phase": "descent"}, "geometry": {"type": "Point", "coordinates": [100.49222, 9.705834, 3867.3]}}, {"type": "Feature", "properties": {"flight_key": "THD137_VTPH_VTSM_2025-12-23 01:14", "callsign": "THD137", "aircraft_type": "B77W", "adep": "VTPH", "ades": "VTSM", "epoch_ts": "2025-12-23 02:38:00+00:00", "altitude_ft": 6376.0, "tas_kt": null, "gs_kt": 270.0, "track_deg": 250, "phase": "descent"}, "geometry": {"type": "Point", "coordinates": [100.277603, 9.625537, 1943.4]}}, {"type": "Feature", "properties": {"flight_key": "THD137_VTPH_VTSM_2025-12-23 01:14", "callsign": "THD137", "aircraft_type": "B77W", "adep": "VTPH", "ades": "VTSM", "epoch_ts": "2025-12-23 02:44:00+00:00", "altitude_ft": 64.0, "tas_kt": null, "gs_kt": 270.0, "track_deg": 0, "phase": "descent"}, "geometry": {"type": "Point", "coordinates": [100.0625, 9.548889, 19.5]}}, {"type": "Feature", "properties": {"feature_type": "route", "flight_key": "TVJ138_VTPO_VTSF_2025-12-23 01:16", "route": "PEBLI W9 BKK A464 GUPMO W94 NKS", "callsign": "TVJ138", "aircraft_type": "B789", "adep": "VTPO", "ades": "VTSF", "rfl": 170, "sid": "PEBL1C", "star": "", "dep_rwy": "RW18", "arr_rwy": "", "eobt": "2025-12-23T01:16:00+00:00", "idents": ["VTPO", "PEBLI", "BLAFF", "BKK", "POLAK", "GUTSO", "REGOS", "DIRAX", "TUSPU", "UPNEP", "APOBI", "GUPMO", "NKS", "VTSF"]}, "geometry": {"type": "LineString", "coordinates": [[99.818333, 17.2375], [100.293333, 16.268333], [100.2975, 15.275833], [100.596111, 13.893611], [100.581667, 13.351667], [100.581667, 12.805556], [100.581667, 12.001944], [100.546667, 11.001944], [100.518889, 10.33], [100.493333, 9.703611], [100.470556, 9.029722], [100.463889, 8.836667], [99.946944, 8.541667], [99.944725, 8.539617]]}}, {"type": "Feature", "properties": {"flight_key": "TVJ138_VTPO_VTSF_2025-12-23 01:16", "callsign": "TVJ138", "aircraft_type": "B789", "adep": "VTPO", "ades": "VTSF", "epoch_ts": "2025-12-23 01:16:00+00:00", "altitude_ft": 184.0, "tas_kt": null, "gs_kt": 280.0, "track_deg": 155, "phase": "climb"}, "geometry": {"type": "Point", "coordinates": [99.818333, 17.2375, 56.1]}}, {"type": "Feature", "properties": {"flight_key": "TVJ138_VTPO_VTSF_2025-12-23 01:16", "callsign": "TVJ138", "aircraft_type": "B789", "adep": "VTPO", "ades": "VTSF", "epoch_ts": "2025-12-23 01:22:00+00:00", "altitude_ft": 5789.3, "tas_kt": null, "gs_kt": 280.0, "track_deg": 155, "phase": "climb"}, "geometry": {"type": "Point", "coordinates": [100.086601, 16.69014, 1764.6]}}, {"type": "Feature", "properties": {"flight_key": "TVJ138_VTPO_VTSF_2025-12-23 01:16", "callsign": "TVJ138", "aircraft_type": "B789", "adep": "VTPO", "ades": "VTSF", "epoch_ts": "2025-12-23 01:28:00+00:00", "altitude_ft": 11394.7, "tas_kt": null, "gs_kt": 280.0, "track_deg": 180, "phase": "climb"}, "geometry": {"type": "Point", "coordinates": [100.29392, 16.128512, 3473.1]}}, {"type": "Feature", "properties": {"flight_key": "TVJ138_VTPO_VTSF_2025-12-23 01:16", "callsign": "TVJ138", "aircraft_type": "B789", "adep": "VTPO", "ades": "VTSF", "epoch_ts": "2025-12-23 01:34:00+00:00", "altitude_ft": 17000.0, "tas_kt": null, "gs_kt": 460.0, "track_deg": 180, "phase": "cruise"}, "geometry": {"type": "Point", "coordinates": [100.296479, 15.518952, 5181.6]}}, {"type": "Feature", "properties": {"flight_key": "TVJ138_VTPO_VTSF_2025-12-23 01:16", "callsign": "TVJ138", "aircraft_type": "B789", "adep": "VTPO", "ades": "VTSF", "epoch_ts": "2025-12-23 01:40:00+00:00", "altitude_ft": 17000.0, "tas_kt": null, "gs_kt": 460.0, "track_deg": 168, "phase": "cruise"}, "geometry": {"type": "Point", "coordinates": [100.37488, 14.917651, 5181.6]}}, {"type": "Feature", "properties": {"flight_key": "TVJ138_VTPO_VTSF_2025-12-23 01:16", "callsign": "TVJ138", "aircraft_type": "B789", "adep": "VTPO", "ades": "VTSF", "epoch_ts": "2025-12-23 01:46:00+00:00", "altitude_ft": 17000.0, "tas_kt": null, "gs_kt": 460.0, "track_deg": 168, "phase": "cruise"}, "geometry": {"type": "Point", "coordinates": [100.5036, 14.321831, 5181.6]}}, {"type": "Feature", "properties": {"flight_key": "TVJ138_VTPO_VTSF_2025-12-23 01:16", "callsign": "TVJ138", "aircraft_type": "B789", "adep": "VTPO", "ades": "VTSF", "epoch_ts": "2025-12-23 01:52:00+00:00", "altitude_ft": 17000.0, "tas_kt": null, "gs_kt": 460.0, "track_deg": 181, "phase": "cruise"}, "geometry": {"type": "Point", "coordinates": [100.591543, 13.722205, 5181.6]}}, {"type": "Feature", "properties": {"flight_key": "TVJ138_VTPO_VTSF_2025-12-23 01:16", "callsign": "TVJ138", "aircraft_type": "B789", "adep": "VTPO", "ades": "VTSF", "epoch_ts": "2025-12-23 01:58:00+00:00", "altitude_ft": 17000.0, "tas_kt": null, "gs_kt": 460.0, "track_deg": 180, "phase": "cruise"}, "geometry": {"type": "Point", "coordinates": [100.581667, 13.112771, 5181.6]}}, {"type": "Feature", "properties": {"flight_key": "TVJ138_VTPO_VTSF_2025-12-23 01:16", "callsign": "TVJ138", "aircraft_type": "B789", "adep": "VTPO", "ades": "VTSF", "epoch_ts": "2025-12-23 02:04:00+00:00", "altitude_ft": 17000.0, "tas_kt": null, "gs_kt": 460.0, "track_deg": 180, "phase": "cruise"}, "geometry": {"type": "Point", "coordinates": [100.581667, 12.503205, 5181.6]}}, {"type": "Feature", "properties": {"flight_key": "TVJ138_VTPO_VTSF_2025-12-23 01:16", "callsign": "TVJ138", "aircraft_type": "B789", "adep": "VTPO", "ades": "VTSF", "epoch_ts": "2025-12-23 02:10:00+00:00", "altitude_ft": 17000.0, "tas_kt": null, "gs_kt": 460.0, "track_deg": 182, "phase": "cruise"}, "geometry": {"type": "Point", "coordinates": [100.577879, 11.893705, 5181.6]}}, {"type": "Feature", "properties": {"flight_key": "TVJ138_VTPO_VTSF_2025-12-23 01:16", "callsign": "TVJ138", "aircraft_type": "B789", "adep": "VTPO", "ades": "VTSF", "epoch_ts": "2025-12-23 02:16:00+00:00", "altitude_ft": 17000.0, "tas_kt": null, "gs_kt": 460.0, "track_deg": 182, "phase": "cruise"}, "geometry": {"type": "Point", "coordinates": [100.556557, 11.284512, 5181.6]}}, {"type": "Feature", "properties": {"flight_key": "TVJ138_VTPO_VTSF_2025-12-23 01:16", "callsign": "TVJ138", "aircraft_type": "B789", "adep": "VTPO", "ades": "VTSF", "epoch_ts": "2025-12-23 02:22:00+00:00", "altitude_ft": 17000.0, "tas_kt": null, "gs_kt": 460.0, "track_deg": 182, "phase": "cruise"}, "geometry": {"type": "Point", "coordinates": [100.533168, 10.675398, 5181.6]}}, {"type": "Feature", "properties": {"flight_key": "TVJ138_VTPO_VTSF_2025-12-23 01:16", "callsign": "TVJ138", "aircraft_type": "B789", "adep": "VTPO", "ades": "VTSF", "epoch_ts": "2025-12-23 02:28:00+00:00", "altitude_ft": 17000.0, "tas_kt": null, "gs_kt": 460.0, "track_deg": 182, "phase": "cruise"}, "geometry": {"type": "Point", "coordinates": [100.508132, 10.066347, 5181.6]}}, {"type": "Feature", "properties": {"flight_key": "TVJ138_VTPO_VTSF_2025-12-23 01:16", "callsign": "TVJ138", "aircraft_type": "B789", "adep": "VTPO", "ades": "VTSF", "epoch_ts": "2025-12-23 02:34:00+00:00", "altitude_ft": 11337.7, "tas_kt": null, "gs_kt": 270.0, "track_deg": 182, "phase": "descent"}, "geometry": {"type": "Point", "coordinates": [100.485005, 9.457223, 3455.7]}}, {"type": "Feature", "properties": {"flight_key": "TVJ138_VTPO_VTSF_2025-12-23 01:16", "callsign": "TVJ138", "aircraft_type": "B789", "adep": "VTPO", "ades": "VTSF", "epoch_ts": "2025-12-23 02:40:00+00:00", "altitude_ft": 5675.3, "tas_kt": null, "gs_kt": 270.0, "track_deg": 182, "phase": "descent"}, "geometry": {"type": "Point", "coordinates": [100.464281, 8.84801, 1729.8]}}, {"type": "Feature", "properties": {"flight_key": "TVJ138_VTPO_VTSF_2025-12-23 01:16", "callsign": "TVJ138", "aircraft_type": "B789", "adep": "VTPO", "ades": "VTSF", "epoch_ts": "2025-12-23 02:46:00+00:00", "altitude_ft": 13.0, "tas_kt": null, "gs_kt": 270.0, "track_deg": 180, "phase": "descent"}, "geometry": {"type": "Point", "coordinates": [99.944725, 8.539617, 4.0]}}, {"type": "Feature", "properties": {"feature_type": "route", "flight_key": "PGY139_VTPB_VTBS_2025-12-23 01:18", "route": "W26 CMP W21 NOBER DCT NORTA", "callsign": "PGY139", "aircraft_type": "B763", "adep": "VTPB", "ades": "VTBS", "rfl": 360, "sid": "", "star": "NORT1C", "dep_rwy": "", "arr_rwy": "RW19", "eobt": "2025-12-23T01:18:00+00:00", "idents": ["VTPB", "CMP", "NOBER", "NORTA", "VTBS"]}, "geometry": {"type": "LineString", "coordinates": [[101.195108, 16.676031], [101.988889, 16.635278], [100.668333, 15.276667], [100.639017, 14.718789], [100.748889, 13.685833]]}}, {"type": "Feature", "properties": {"flight_key": "PGY139_VTPB_VTBS_2025-12-23 01:18", "callsign": "PGY139", "aircraft_type": "B763", "adep": "VTPB", "ades": "VTBS", "epoch_ts": "2025-12-23 01:18:00+00:00", "altitude_ft": 450.0, "tas_kt": null, "gs_kt": 280.0, "track_deg": 93, "phase": "climb"}, "geometry": {"type": "Point", "coordinates": [101.195108, 16.676031, 137.2]}}, {"type": "Feature", "properties": {"flight_key": "PGY139_VTPB_VTBS_2025-12-23 01:18", "callsign": "PGY139", "aircraft_type": "B763", "adep": "VTPB", "ades": "VTBS", "epoch_ts": "2025-12-23 01:24:00+00:00", "altitude_ft": 12300.0, "tas_kt": null, "gs_kt": 280.0, "track_deg": 93, "phase": "climb"}, "geometry": {"type": "Point", "coordinates": [101.480526, 16.661378, 3749.0]}}, {"type": "Feature", "properties": {"flight_key": "PGY139_VTPB_VTBS_2025-12-23 01:18", "callsign": "PGY139", "aircraft_type": "B763", "adep": "VTPB", "ades": "VTBS", "epoch_ts": "2025-12-23 01:30:00+00:00", "altitude_ft": 24150.0, "tas_kt": null, "gs_kt": 280.0, "track_deg": 93, "phase": "climb"}, "geometry": {"type": "Point", "coordinates": [101.765944, 16.646724, 7360.9]}}, {"type": "Feature", "properties": {"flight_key": "PGY139_VTPB_VTBS_2025-12-23 01:18", "callsign": "PGY139", "aircraft_type": "B763", "adep": "VTPB", "ades": "VTBS", "epoch_ts": "2025-12-23 01:36:00+00:00", "altitude_ft": 36000.0, "tas_kt": null, "gs_kt": 460.0, "track_deg": 223, "phase": "cruise"}, "geometry": {"type": "Point", "coordinates": [101.945289, 16.590421, 10972.8]}}, {"type": "Feature", "properties": {"flight_key": "PGY139_VTPB_VTBS_2025-12-23 01:18", "callsign": "PGY139", "aircraft_type": "B763", "adep": "VTPB", "ades": "VTBS", "epoch_ts": "2025-12-23 01:42:00+00:00", "altitude_ft": 36000.0, "tas_kt": null, "gs_kt": 460.0, "track_deg": 223, "phase": "cruise"}, "geometry": {"type": "Point", "coordinates": [101.746093, 16.385485, 10972.8]}}, {"type": "Feature", "properties": {"flight_key": "PGY139_VTPB_VTBS_2025-12-23 01:18", "callsign": "PGY139", "aircraft_type": "B763", "adep": "VTPB", "ades": "VTBS", "epoch_ts": "2025-12-23 01:48:00+00:00", "altitude_ft": 36000.0, "tas_kt": null, "gs_kt": 460.0, "track_deg": 223, "phase": "cruise"}, "geometry": {"type": "Point", "coordinates": [101.546897, 16.180549, 10972.8]}}, {"type": "Feature", "properties": {"flight_key": "PGY139_VTPB_VTBS_2025-12-23 01:18", "callsign": "PGY139", "aircraft_type": "B763", "adep": "VTPB", "ades": "VTBS", "epoch_ts": "2025-12-23 01:54:00+00:00", "altitude_ft": 36000.0, "tas_kt": null, "gs_kt": 460.0, "track_deg": 223, "phase": "cruise"}, "geometry": {"type": "Point", "coordinates": [101.347701, 15.975612, 10972.8]}}, {"type": "Feature", "properties": {"flight_key": "PGY139_VTPB_VTBS_2025-12-23 01:18", "callsign": "PGY139", "aircraft_type": "B763", "adep": "VTPB", "ades": "VTBS", "epoch_ts": "2025-12-23 02:00:00+00:00", "altitude_ft": 36000.0, "tas_kt": null, "gs_kt": 460.0, "track_deg": 223, "phase": "cruise"}, "geometry": {"type": "Point", "coordinates": [101.148504, 15.770676, 10972.8]}}, {"type": "Feature", "properties": {"flight_key": "PGY139_VTPB_VTBS_2025-12-23 01:18", "callsign": "PGY139", "aircraft_type": "B763", "adep": "VTPB", "ades": "VTBS", "epoch_ts": "2025-12-23 02:06:00+00:00", "altitude_ft": 36000.0, "tas_kt": null, "gs_kt": 460.0, "track_deg": 223, "phase": "cruise"}, "geometry": {"type": "Point", "coordinates": [100.949308, 15.565739, 10972.8]}}, {"type": "Feature", "properties": {"flight_key": "PGY139_VTPB_VTBS_2025-12-23 01:18", "callsign": "PGY139", "aircraft_type": "B763", "adep": "VTPB", "ades": "VTBS", "epoch_ts": "2025-12-23 02:12:00+00:00", "altitude_ft": 36000.0, "tas_kt": null, "gs_kt": 460.0, "track_deg": 223, "phase": "cruise"}, "geometry": {"type": "Point", "coordinates": [100.750112, 15.360803, 10972.8]}}, {"type": "Feature", "properties": {"flight_key": "PGY139_VTPB_VTBS_2025-12-23 01:18", "callsign": "PGY139", "aircraft_type": "B763", "adep": "VTPB", "ades": "VTBS", "epoch_ts": "2025-12-23 02:18:00+00:00", "altitude_ft": 36000.0, "tas_kt": null, "gs_kt": 460.0, "track_deg": 183, "phase": "cruise"}, "geometry": {"type": "Point", "coordinates": [100.659493, 15.108437, 10972.8]}}, {"type": "Feature", "properties": {"flight_key": "PGY139_VTPB_VTBS_2025-12-23 01:18", "callsign": "PGY139", "aircraft_type": "B763", "adep": "VTPB", "ades": "VTBS", "epoch_ts": "2025-12-23 02:24:00+00:00", "altitude_ft": 36000.0, "tas_kt": null, "gs_kt": 460.0, "track_deg": 183, "phase": "cruise"}, "geometry": {"type": "Point", "coordinates": [100.644495, 14.823037, 10972.8]}}, {"type": "Feature", "properties": {"flight_key": "PGY139_VTPB_VTBS_2025-12-23 01:18", "callsign": "PGY139", "aircraft_type": "B763", "adep": "VTPB", "ades": "VTBS", "epoch_ts": "2025-12-23 02:30:00+00:00", "altitude_ft": 36000.0, "tas_kt": null, "gs_kt": 460.0, "track_deg": 174, "phase": "cruise"}, "geometry": {"type": "Point", "coordinates": [100.658204, 14.538405, 10972.8]}}, {"type": "Feature", "properties": {"flight_key": "PGY139_VTPB_VTBS_2025-12-23 01:18", "callsign": "PGY139", "aircraft_type": "B763", "adep": "VTPB", "ades": "VTBS", "epoch_ts": "2025-12-23 02:36:00+00:00", "altitude_ft": 24001.2, "tas_kt": null, "gs_kt": 270.0, "track_deg": 174, "phase": "descent"}, "geometry": {"type": "Point", "coordinates": [100.688432, 14.254214, 7315.6]}}, {"type": "Feature", "properties": {"flight_key": "PGY139_VTPB_VTBS_2025-12-23 01:18", "callsign": "PGY139", "aircraft_type": "B763", "adep": "VTPB", "ades": "VTBS", "epoch_ts": "2025-12-23 02:42:00+00:00", "altitude_ft": 12002.5, "tas_kt": null, "gs_kt": 270.0, "track_deg": 174, "phase": "descent"}, "geometry": {"type": "Point", "coordinates": [100.718661, 13.970024, 3658.4]}}, {"type": "Feature", "properties": {"flight_key": "PGY139_VTPB_VTBS_2025-12-23 01:18", "callsign": "PGY139", "aircraft_type": "B763", "adep": "VTPB", "ades": "VTBS", "epoch_ts": "2025-12-23 02:48:00+00:00", "altitude_ft": 3.7, "tas_kt": null, "gs_kt": 270.0, "track_deg": 0, "phase": "descent"}, "geometry": {"type": "Point", "coordinates": [100.748889, 13.685833, 1.1]}}, {"type": "Feature", "properties": {"feature_type": "route", "flight_key": "THA140_VTCT_VTBS_2025-12-23 01:20", "route": "DUBEN W29 PSL W9 BLAFF DCT NORTA", "callsign": "THA140", "aircraft_type": "B738", "adep": "VTCT", "ades": "VTBS", "rfl": 230, "sid": "DUBE1A", "star": "NORT1C", "dep_rwy": "RW03", "arr_rwy": "RW19", "eobt": "2025-12-23T01:20:00+00:00", "idents": ["VTCT", "DUBEN", "NAN", "UTTAR", "GOSTA", "PSL", "PEBLI", "BLAFF", "NORTA", "VTBS"]}, "geometry": {"type": "LineString", "coordinates": [[99.882956, 19.95235], [100.201944, 19.546944], [100.7825, 18.809167], [100.451667, 17.718056], [100.375, 17.265833], [100.291389, 16.770278], [100.293333, 16.268333], [100.2975, 15.275833], [100.639017, 14.718789], [100.748889, 13.685833]]}}, {"type": "Feature", "properties": {"flight_key": "THA140_VTCT_VTBS_2025-12-23 01:20", "callsign": "THA140", "aircraft_type": "B738", "adep": "VTCT", "ades": "VTBS", "epoch_ts": "2025-12-23 01:20:00+00:00", "altitude_ft": 1280.0, "tas_kt": null, "gs_kt": 280.0, "track_deg": 144, "phase": "climb"}, "geometry": {"type": "Point", "coordinates": [99.882956, 19.95235, 390.1]}}, {"type": "Feature", "properties": {"flight_key": "THA140_VTCT_VTBS_2025-12-23 01:20", "callsign": "THA140", "aircraft_type": "B738", "adep": "VTCT", "ades": "VTBS", "epoch_ts": "2025-12-23 01:26:00+00:00", "altitude_ft": 8520.0, "tas_kt": null, "gs_kt": 280.0, "track_deg": 143, "phase": "climb"}, "geometry": {"type": "Point", "coordinates": [100.16092, 19.599082, 2596.9]}}, {"type": "Feature", "properties": {"flight_key": "THA140_VTCT_VTBS_2025-12-23 01:20", "callsign": "THA140", "aircraft_type": "B738", "adep": "VTCT", "ades": "VTBS", "epoch_ts": "2025-12-23 01:32:00+00:00", "altitude_ft": 15760.0, "tas_kt": null, "gs_kt": 280.0, "track_deg": 143, "phase": "climb"}, "geometry": {"type": "Point", "coordinates": [100.438896, 19.245823, 4803.6]}}, {"type": "Feature", "properties": {"flight_key": "THA140_VTCT_VTBS_2025-12-23 01:20", "callsign": "THA140", "aircraft_type": "B738", "adep": "VTCT", "ades": "VTBS", "epoch_ts": "2025-12-23 01:38:00+00:00", "altitude_ft": 23000.0, "tas_kt": null, "gs_kt": 460.0, "track_deg": 143, "phase": "cruise"}, "geometry": {"type": "Point", "coordinates": [100.716874, 18.892566, 7010.4]}}, {"type": "Feature", "properties": {"flight_key": "THA140_VTCT_VTBS_2025-12-23 01:20", "callsign": "THA140", "aircraft_type": "B738", "adep": "VTCT", "ades": "VTBS", "epoch_ts": "2025-12-23 01:44:00+00:00", "altitude_ft": 23000.0, "tas_kt": null, "gs_kt": 460.0, "track_deg": 196, "phase": "cruise"}, "geometry": {"type": "Point", "coordinates": [100.682861, 18.48055, 7010.4]}}, {"type": "Feature", "properties": {"flight_key": "THA140_VTCT_VTBS_2025-12-23 01:20", "callsign": "THA140", "aircraft_type": "B738", "adep": "VTCT", "ades": "VTBS", "epoch_ts": "2025-12-23 01:50:00+00:00", "altitude_ft": 23000.0, "tas_kt": null, "gs_kt": 460.0, "track_deg": 196, "phase": "cruise"}, "geometry": {"type": "Point", "coordinates": [100.552429, 18.050376, 7010.4]}}, {"type": "Feature", "properties": {"flight_key": "THA140_VTCT_VTBS_2025-12-23 01:20", "callsign": "THA140", "aircraft_type": "B738", "adep": "VTCT", "ades": "VTBS", "epoch_ts": "2025-12-23 01:56:00+00:00", "altitude_ft": 23000.0, "tas_kt": null, "gs_kt": 460.0, "track_deg": 189, "phase": "cruise"}, "geometry": {"type": "Point", "coordinates": [100.434575, 17.617241, 7010.4]}}, {"type": "Feature", "properties": {"flight_key": "THA140_VTCT_VTBS_2025-12-23 01:20", "callsign": "THA140", "aircraft_type": "B738", "adep": "VTCT", "ades": "VTBS", "epoch_ts": "2025-12-23 02:02:00+00:00", "altitude_ft": 23000.0, "tas_kt": null, "gs_kt": 460.0, "track_deg": 189, "phase": "cruise"}, "geometry": {"type": "Point", "coordinates": [100.359512, 17.174039, 7010.4]}}, {"type": "Feature", "properties": {"flight_key": "THA140_VTCT_VTBS_2025-12-23 01:20", "callsign": "THA140", "aircraft_type": "B738", "adep": "VTCT", "ades": "VTBS", "epoch_ts": "2025-12-23 02:08:00+00:00", "altitude_ft": 23000.0, "tas_kt": null, "gs_kt": 460.0, "track_deg": 180, "phase": "cruise"}, "geometry": {"type": "Point", "coordinates": [100.291544, 16.730232, 7010.4]}}, {"type": "Feature", "properties": {"flight_key": "THA140_VTCT_VTBS_2025-12-23 01:20", "callsign": "THA140", "aircraft_type": "B738", "adep": "VTCT", "ades": "VTBS", "epoch_ts": "2025-12-23 02:14:00+00:00", "altitude_ft": 23000.0, "tas_kt": null, "gs_kt": 460.0, "track_deg": 180, "phase": "cruise"}, "geometry": {"type": "Point", "coordinates": [100.293285, 16.280722, 7010.4]}}, {"type": "Feature", "properties": {"flight_key": "THA140_VTCT_VTBS_2025-12-23 01:20", "callsign": "THA140", "aircraft_type": "B738", "adep": "VTCT", "ades": "VTBS", "epoch_ts": "2025-12-23 02:20:00+00:00", "altitude_ft": 23000.0, "tas_kt": null, "gs_kt": 460.0, "track_deg": 180, "phase": "cruise"}, "geometry": {"type": "Point", "coordinates": [100.295168, 15.831213, 7010.4]}}, {"type": "Feature", "properties": {"flight_key": "THA140_VTCT_VTBS_2025-12-23 01:20", "callsign": "THA140", "aircraft_type": "B738", "adep": "VTCT", "ades": "VTBS", "epoch_ts": "2025-12-23 02:26:00+00:00", "altitude_ft": 23000.0, "tas_kt": null, "gs_kt": 460.0, "track_deg": 180, "phase": "cruise"}, "geometry": {"type": "Point", "coordinates": [100.297056, 15.381703, 7010.4]}}, {"type": "Feature", "properties": {"flight_key": "THA140_VTCT_VTBS_2025-12-23 01:20", "callsign": "THA140", "aircraft_type": "B738", "adep": "VTCT", "ades": "VTBS", "epoch_ts": "2025-12-23 02:32:00+00:00", "altitude_ft": 23000.0, "tas_kt": null, "gs_kt": 460.0, "track_deg": 149, "phase": "cruise"}, "geometry": {"type": "Point", "coordinates": [100.477114, 14.982867, 7010.4]}}, {"type": "Feature", "properties": {"flight_key": "THA140_VTCT_VTBS_2025-12-23 01:20", "callsign": "THA140", "aircraft_type": "B738", "adep": "VTCT", "ades": "VTBS", "epoch_ts": "2025-12-23 02:38:00+00:00", "altitude_ft": 15334.6, "tas_kt": null, "gs_kt": 270.0, "track_deg": 174, "phase": "descent"}, "geometry": {"type": "Point", "coordinates": [100.653799, 14.579817, 4674.0]}}, {"type": "Feature", "properties": {"flight_key": "THA140_VTCT_VTBS_2025-12-23 01:20", "callsign": "THA140", "aircraft_type": "B738", "adep": "VTCT", "ades": "VTBS", "epoch_ts": "2025-12-23 02:44:00+00:00", "altitude_ft": 7669.1, "tas_kt": null, "gs_kt": 270.0, "track_deg": 174, "phase": "descent"}, "geometry": {"type": "Point", "coordinates": [100.701344, 14.132825, 2337.6]}}, {"type": "Feature", "properties": {"flight_key": "THA140_VTCT_VTBS_2025-12-23 01:20", "callsign": "THA140", "aircraft_type": "B738", "adep": "VTCT", "ades": "VTBS", "epoch_ts": "2025-12-23 02:50:00+00:00", "altitude_ft": 3.7, "tas_kt": null, "gs_kt": 270.0, "track_deg": 0, "phase": "descent"}, "geometry": {"type": "Point", "coordinates": [100.748889, 13.685833, 1.1]}}, {"type": "Feature", "properties": {"feature_type": "route", "flight_key": "AIQ141_VTPM_VTSB_2025-12-23 01:22", "route": "KADAV W26 PSL W9 BKK G458 IKERA", "callsign": "AIQ141", "aircraft_type": "A320", "adep": "VTPM", "ades": "VTSB", "rfl": 210, "sid": "KADA1A", "star": "IKER1A", "dep_rwy": "RW09", "arr_rwy": "RW22", "eobt": "2025-12-23T01:22:00+00:00", "idents": ["VTPM", "KADAV", "TK", "IGPOP", "PSL", "PEBLI", "BLAFF", "BKK", "MOTNA", "HOTEL", "UKERA", "MENEX", "APRIL", "IKERA", "VTSB"]}, "geometry": {"type": "LineString", "coordinates": [[98.550122, 16.699925], [98.894722, 16.798333], [99.252222, 16.899444], [99.785556, 16.833889], [100.291389, 16.770278], [100.293333, 16.268333], [100.2975, 15.275833], [100.596111, 13.893611], [100.385, 13.186111], [100.33, 13.001667], [100.019444, 12.035278], [99.761944, 11.141944], [99.718611, 11.001944], [99.258889, 9.529444], [99.139167, 9.136111]]}}, {"type": "Feature", "properties": {"flight_key": "AIQ141_VTPM_VTSB_2025-12-23 01:22", "callsign": "AIQ141", "aircraft_type": "A320", "adep": "VTPM", "ades": "VTSB", "epoch_ts": "2025-12-23 01:22:00+00:00", "altitude_ft": 691.0, "tas_kt": null, "gs_kt": 280.0, "track_deg": 73, "phase": "climb"}, "geometry": {"type": "Point", "coordinates": [98.550122, 16.699925, 210.6]}}, {"type": "Feature", "properties": {"flight_key": "AIQ141_VTPM_VTSB_2025-12-23 01:22", "callsign": "AIQ141", "aircraft_type": "A320", "adep": "VTPM", "ades": "VTSB", "epoch_ts": "2025-12-23 01:28:00+00:00", "altitude_ft": 7460.7, "tas_kt": null, "gs_kt": 280.0, "track_deg": 74, "phase": "climb"}, "geometry": {"type": "Point", "coordinates": [99.169661, 16.876093, 2274.0]}}, {"type": "Feature", "properties": {"flight_key": "AIQ141_VTPM_VTSB_2025-12-23 01:22", "callsign": "AIQ141", "aircraft_type": "A320", "adep": "VTPM", "ades": "VTSB", "epoch_ts": "2025-12-23 01:34:00+00:00", "altitude_ft": 14230.3, "tas_kt": null, "gs_kt": 280.0, "track_deg": 97, "phase": "climb"}, "geometry": {"type": "Point", "coordinates": [99.806344, 16.831275, 4337.4]}}, {"type": "Feature", "properties": {"flight_key": "AIQ141_VTPM_VTSB_2025-12-23 01:22", "callsign": "AIQ141", "aircraft_type": "A320", "adep": "VTPM", "ades": "VTSB", "epoch_ts": "2025-12-23 01:40:00+00:00", "altitude_ft": 21000.0, "tas_kt": null, "gs_kt": 460.0, "track_deg": 180, "phase": "cruise"}, "geometry": {"type": "Point", "coordinates": [100.29199, 16.615045, 6400.8]}}, {"type": "Feature", "properties": {"flight_key": "AIQ141_VTPM_VTSB_2025-12-23 01:22", "callsign": "AIQ141", "aircraft_type": "A320", "adep": "VTPM", "ades": "VTSB", "epoch_ts": "2025-12-23 01:46:00+00:00", "altitude_ft": 21000.0, "tas_kt": null, "gs_kt": 460.0, "track_deg": 180, "phase": "cruise"}, "geometry": {"type": "Point", "coordinates": [100.294582, 15.970951, 6400.8]}}, {"type": "Feature", "properties": {"flight_key": "AIQ141_VTPM_VTSB_2025-12-23 01:22", "callsign": "AIQ141", "aircraft_type": "A320", "adep": "VTPM", "ades": "VTSB", "epoch_ts": "2025-12-23 01:52:00+00:00", "altitude_ft": 21000.0, "tas_kt": null, "gs_kt": 460.0, "track_deg": 180, "phase": "cruise"}, "geometry": {"type": "Point", "coordinates": [100.297286, 15.326857, 6400.8]}}, {"type": "Feature", "properties": {"flight_key": "AIQ141_VTPM_VTSB_2025-12-23 01:22", "callsign": "AIQ141", "aircraft_type": "A320", "adep": "VTPM", "ades": "VTSB", "epoch_ts": "2025-12-23 01:58:00+00:00", "altitude_ft": 21000.0, "tas_kt": null, "gs_kt": 460.0, "track_deg": 168, "phase": "cruise"}, "geometry": {"type": "Point", "coordinates": [100.422737, 14.696131, 6400.8]}}, {"type": "Feature", "properties": {"flight_key": "AIQ141_VTPM_VTSB_2025-12-23 01:22", "callsign": "AIQ141", "aircraft_type": "A320", "adep": "VTPM", "ades": "VTSB", "epoch_ts": "2025-12-23 02:04:00+00:00", "altitude_ft": 21000.0, "tas_kt": null, "gs_kt": 460.0, "track_deg": 168, "phase": "cruise"}, "geometry": {"type": "Point", "coordinates": [100.558748, 14.066556, 6400.8]}}, {"type": "Feature", "properties": {"flight_key": "AIQ141_VTPM_VTSB_2025-12-23 01:22", "callsign": "AIQ141", "aircraft_type": "A320", "adep": "VTPM", "ades": "VTSB", "epoch_ts": "2025-12-23 02:10:00+00:00", "altitude_ft": 21000.0, "tas_kt": null, "gs_kt": 460.0, "track_deg": 196, "phase": "cruise"}, "geometry": {"type": "Point", "coordinates": [100.462534, 13.44595, 6400.8]}}, {"type": "Feature", "properties": {"flight_key": "AIQ141_VTPM_VTSB_2025-12-23 01:22", "callsign": "AIQ141", "aircraft_type": "A320", "adep": "VTPM", "ades": "VTSB", "epoch_ts": "2025-12-23 02:16:00+00:00", "altitude_ft": 21000.0, "tas_kt": null, "gs_kt": 460.0, "track_deg": 197, "phase": "cruise"}, "geometry": {"type": "Point", "coordinates": [100.274786, 12.829851, 6400.8]}}, {"type": "Feature", "properties": {"flight_key": "AIQ141_VTPM_VTSB_2025-12-23 01:22", "callsign": "AIQ141", "aircraft_type": "A320", "adep": "VTPM", "ades": "VTSB", "epoch_ts": "2025-12-23 02:22:00+00:00", "altitude_ft": 21000.0, "tas_kt": null, "gs_kt": 460.0, "track_deg": 197, "phase": "cruise"}, "geometry": {"type": "Point", "coordinates": [100.077725, 12.216638, 6400.8]}}, {"type": "Feature", "properties": {"flight_key": "AIQ141_VTPM_VTSB_2025-12-23 01:22", "callsign": "AIQ141", "aircraft_type": "A320", "adep": "VTPM", "ades": "VTSB", "epoch_ts": "2025-12-23 02:28:00+00:00", "altitude_ft": 21000.0, "tas_kt": null, "gs_kt": 460.0, "track_deg": 196, "phase": "cruise"}, "geometry": {"type": "Point", "coordinates": [99.893809, 11.599418, 6400.8]}}, {"type": "Feature", "properties": {"flight_key": "AIQ141_VTPM_VTSB_2025-12-23 01:22", "callsign": "AIQ141", "aircraft_type": "A320", "adep": "VTPM", "ades": "VTSB", "epoch_ts": "2025-12-23 02:34:00+00:00", "altitude_ft": 21000.0, "tas_kt": null, "gs_kt": 460.0, "track_deg": 197, "phase": "cruise"}, "geometry": {"type": "Point", "coordinates": [99.712219, 10.981472, 6400.8]}}, {"type": "Feature", "properties": {"flight_key": "AIQ141_VTPM_VTSB_2025-12-23 01:22", "callsign": "AIQ141", "aircraft_type": "A320", "adep": "VTPM", "ades": "VTSB", "epoch_ts": "2025-12-23 02:40:00+00:00", "altitude_ft": 14006.0, "tas_kt": null, "gs_kt": 270.0, "track_deg": 197, "phase": "descent"}, "geometry": {"type": "Point", "coordinates": [99.520266, 10.36664, 4269.0]}}, {"type": "Feature", "properties": {"flight_key": "AIQ141_VTPM_VTSB_2025-12-23 01:22", "callsign": "AIQ141", "aircraft_type": "A320", "adep": "VTPM", "ades": "VTSB", "epoch_ts": "2025-12-23 02:46:00+00:00", "altitude_ft": 7012.0, "tas_kt": null, "gs_kt": 270.0, "track_deg": 197, "phase": "descent"}, "geometry": {"type": "Point", "coordinates": [99.328312, 9.751808, 2137.3]}}, {"type": "Feature", "properties": {"flight_key": "AIQ141_VTPM_VTSB_2025-12-23 01:22", "callsign": "AIQ141", "aircraft_type": "A320", "adep": "VTPM", "ades": "VTSB", "epoch_ts": "2025-12-23 02:52:00+00:00", "altitude_ft": 18.0, "tas_kt": null, "gs_kt": 270.0, "track_deg": 0, "phase": "descent"}, "geometry": {"type": "Point", "coordinates": [99.139167, 9.136111, 5.5]}}, {"type": "Feature", "properties": {"feature_type": "route", "flight_key": "TGW142_VTSC_VTBS_2025-12-23 01:24", "route": "NTW W19 UPNEP M626 SORTO M769 LEBIM", "callsign": "TGW142", "aircraft_type": "A321", "adep": "VTSC", "ades": "VTBS", "rfl": 360, "sid": "", "star": "LEBI1C", "dep_rwy": "", "arr_rwy": "RW19", "eobt": "2025-12-23T01:24:00+00:00", "idents": ["VTSC", "NTW", "UPNEP", "SORTO", "DONSI", "GOKEX", "SURMA", "LEBIM", "VTBS"]}, "geometry": {"type": "LineString", "coordinates": [[101.7425, 6.517778], [101.745139, 6.527278], [100.493333, 9.703611], [100.395, 9.898056], [100.400278, 10.127222], [100.428889, 11.304167], [100.4425, 11.856111], [100.473611, 13.0875], [100.748889, 13.685833]]}}, {"type": "Feature", "properties": {"flight_key": "TGW142_VTSC_VTBS_2025-12-23 01:24", "callsign": "TGW142", "aircraft_type": "A321", "adep": "VTSC", "ades": "VTBS", "epoch_ts": "2025-12-23 01:24:00+00:00", "altitude_ft": 23.0, "tas_kt": null, "gs_kt": 280.0, "track_deg": 15, "phase": "climb"}, "geometry": {"type": "Point", "coordinates": [101.7425, 6.517778, 7.0]}}, {"type": "Feature", "properties": {"flight_key": "TGW142_VTSC_VTBS_2025-12-23 01:24", "callsign": "TGW142", "aircraft_type": "A321", "adep": "VTSC", "ades": "VTBS", "epoch_ts": "2025-12-23 01:30:00+00:00", "altitude_ft": 12015.3, "tas_kt": null, "gs_kt": 280.0, "track_deg": 339, "phase": "climb"}, "geometry": {"type": "Point", "coordinates": [101.565648, 6.982718, 3662.3]}}, {"type": "Feature", "properties": {"flight_key": "TGW142_VTSC_VTBS_2025-12-23 01:24", "callsign": "TGW142", "aircraft_type": "A321", "adep": "VTSC", "ades": "VTBS", "epoch_ts": "2025-12-23 01:36:00+00:00", "altitude_ft": 24007.7, "tas_kt": null, "gs_kt": 280.0, "track_deg": 339, "phase": "climb"}, "geometry": {"type": "Point", "coordinates": [101.382542, 7.447331, 7317.5]}}, {"type": "Feature", "properties": {"flight_key": "TGW142_VTSC_VTBS_2025-12-23 01:24", "callsign": "TGW142", "aircraft_type": "A321", "adep": "VTSC", "ades": "VTBS", "epoch_ts": "2025-12-23 01:42:00+00:00", "altitude_ft": 36000.0, "tas_kt": null, "gs_kt": 460.0, "track_deg": 339, "phase": "cruise"}, "geometry": {"type": "Point", "coordinates": [101.199436, 7.911944, 10972.8]}}, {"type": "Feature", "properties": {"flight_key": "TGW142_VTSC_VTBS_2025-12-23 01:24", "callsign": "TGW142", "aircraft_type": "A321", "adep": "VTSC", "ades": "VTBS", "epoch_ts": "2025-12-23 01:48:00+00:00", "altitude_ft": 36000.0, "tas_kt": null, "gs_kt": 460.0, "track_deg": 339, "phase": "cruise"}, "geometry": {"type": "Point", "coordinates": [101.01633, 8.376558, 10972.8]}}, {"type": "Feature", "properties": {"flight_key": "TGW142_VTSC_VTBS_2025-12-23 01:24", "callsign": "TGW142", "aircraft_type": "A321", "adep": "VTSC", "ades": "VTBS", "epoch_ts": "2025-12-23 01:54:00+00:00", "altitude_ft": 36000.0, "tas_kt": null, "gs_kt": 460.0, "track_deg": 339, "phase": "cruise"}, "geometry": {"type": "Point", "coordinates": [100.833224, 8.841171, 10972.8]}}, {"type": "Feature", "properties": {"flight_key": "TGW142_VTSC_VTBS_2025-12-23 01:24", "callsign": "TGW142", "aircraft_type": "A321", "adep": "VTSC", "ades": "VTBS", "epoch_ts": "2025-12-23 02:00:00+00:00", "altitude_ft": 36000.0, "tas_kt": null, "gs_kt": 460.0, "track_deg": 339, "phase": "cruise"}, "geometry": {"type": "Point", "coordinates": [100.650118, 9.305784, 10972.8]}}, {"type": "Feature", "properties": {"flight_key": "TGW142_VTSC_VTBS_2025-12-23 01:24", "callsign": "TGW142", "aircraft_type": "A321", "adep": "VTSC", "ades": "VTBS", "epoch_ts": "2025-12-23 02:06:00+00:00", "altitude_ft": 36000.0, "tas_kt": null, "gs_kt": 460.0, "track_deg": 334, "phase": "cruise"}, "geometry": {"type": "Point", "coordinates": [100.460937, 9.767671, 10972.8]}}, {"type": "Feature", "properties": {"flight_key": "TGW142_VTSC_VTBS_2025-12-23 01:24", "callsign": "TGW142", "aircraft_type": "A321", "adep": "VTSC", "ades": "VTBS", "epoch_ts": "2025-12-23 02:12:00+00:00", "altitude_ft": 36000.0, "tas_kt": null, "gs_kt": 460.0, "track_deg": 1, "phase": "cruise"}, "geometry": {"type": "Point", "coordinates": [100.403293, 10.251242, 10972.8]}}, {"type": "Feature", "properties": {"flight_key": "TGW142_VTSC_VTBS_2025-12-23 01:24", "callsign": "TGW142", "aircraft_type": "A321", "adep": "VTSC", "ades": "VTBS", "epoch_ts": "2025-12-23 02:18:00+00:00", "altitude_ft": 36000.0, "tas_kt": null, "gs_kt": 460.0, "track_deg": 1, "phase": "cruise"}, "geometry": {"type": "Point", "coordinates": [100.415429, 10.750487, 10972.8]}}, {"type": "Feature", "properties": {"flight_key": "TGW142_VTSC_VTBS_2025-12-23 01:24", "callsign": "TGW142", "aircraft_type": "A321", "adep": "VTSC", "ades": "VTBS", "epoch_ts": "2025-12-23 02:24:00+00:00", "altitude_ft": 36000.0, "tas_kt": null, "gs_kt": 460.0, "track_deg": 1, "phase": "cruise"}, "geometry": {"type": "Point", "coordinates": [100.427566, 11.249733, 10972.8]}}, {"type": "Feature", "properties": {"flight_key": "TGW142_VTSC_VTBS_2025-12-23 01:24", "callsign": "TGW142", "aircraft_type": "A321", "adep": "VTSC", "ades": "VTBS", "epoch_ts": "2025-12-23 02:30:00+00:00", "altitude_ft": 36000.0, "tas_kt": null, "gs_kt": 460.0, "track_deg": 1, "phase": "cruise"}, "geometry": {"type": "Point", "coordinates": [100.439858, 11.748974, 10972.8]}}, {"type": "Feature", "properties": {"flight_key": "TGW142_VTSC_VTBS_2025-12-23 01:24", "callsign": "TGW142", "aircraft_type": "A321", "adep": "VTSC", "ades": "VTBS", "epoch_ts": "2025-12-23 02:36:00+00:00", "altitude_ft": 36000.0, "tas_kt": null, "gs_kt": 460.0, "track_deg": 1, "phase": "cruise"}, "geometry": {"type": "Point", "coordinates": [100.452406, 12.248209, 10972.8]}}, {"type": "Feature", "properties": {"flight_key": "TGW142_VTSC_VTBS_2025-12-23 01:24", "callsign": "TGW142", "aircraft_type": "A321", "adep": "VTSC", "ades": "VTBS", "epoch_ts": "2025-12-23 02:42:00+00:00", "altitude_ft": 24001.2, "tas_kt": null, "gs_kt": 270.0, "track_deg": 1, "phase": "descent"}, "geometry": {"type": "Point", "coordinates": [100.465019, 12.747443, 7315.6]}}, {"type": "Feature", "properties": {"flight_key": "TGW142_VTSC_VTBS_2025-12-23 01:24", "callsign": "TGW142", "aircraft_type": "A321", "adep": "VTSC", "ades": "VTBS", "epoch_ts": "2025-12-23 02:48:00+00:00", "altitude_ft": 12002.5, "tas_kt": null, "gs_kt": 270.0, "track_deg": 24, "phase": "descent"}, "geometry": {"type": "Point", "coordinates": [100.540162, 13.232152, 3658.4]}}, {"type": "Feature", "properties": {"flight_key": "TGW142_VTSC_VTBS_2025-12-23 01:24", "callsign": "TGW142", "aircraft_type": "A321", "adep": "VTSC", "ades": "VTBS", "epoch_ts": "2025-12-23 02:54:00+00:00", "altitude_ft": 3.7, "tas_kt": null, "gs_kt": 270.0, "track_deg": 0, "phase": "descent"}, "geometry": {"type": "Point", "coordinates": [100.748889, 13.685833, 1.1]}}, {"type": "Feature", "properties": {"feature_type": "route", "flight_key": "BKP143_VTSB_VTBS_2025-12-23 01:26", "route": "NIXET Y99 NONEL Y98 LEBIM", "callsign": "BKP143", "aircraft_type": "A333", "adep": "VTSB", "ades": "VTBS", "rfl": 310, "sid": "NIXE1C", "star": "LEBI1C", "dep_rwy": "RW22", "arr_rwy": "RW19", "eobt": "2025-12-23T01:26:00+00:00", "idents": ["VTSB", "NIXET", "NONEL", "OLSEL", "SURMA", "LEBIM", "VTBS"]}, "geometry": {"type": "LineString", "coordinates": [[99.139167, 9.136111], [99.436944, 9.421389], [99.893611, 10.883611], [100.280278, 11.569722], [100.4425, 11.856111], [100.473611, 13.0875], [100.748889, 13.685833]]}}, {"type": "Feature", "properties": {"flight_key": "BKP143_VTSB_VTBS_2025-12-23 01:26", "callsign": "BKP143", "aircraft_type": "A333", "adep": "VTSB", "ades": "VTBS", "epoch_ts": "2025-12-23 01:26:00+00:00", "altitude_ft": 18.0, "tas_kt": null, "gs_kt": 280.0, "track_deg": 46, "phase": "climb"}, "geometry": {"type": "Point", "coordinates": [99.139167, 9.136111, 5.5]}}, {"type": "Feature", "properties": {"flight_key": "BKP143_VTSB_VTBS_2025-12-23 01:26", "callsign": "BKP143", "aircraft_type": "A333", "adep": "VTSB", "ades": "VTBS", "epoch_ts": "2025-12-23 01:32:00+00:00", "altitude_ft": 10345.3, "tas_kt": null, "gs_kt": 280.0, "track_deg": 46, "phase": "climb"}, "geometry": {"type": "Point", "coordinates": [99.377525, 9.364464, 3153.3]}}, {"type": "Feature", "properties": {"flight_key": "BKP143_VTSB_VTBS_2025-12-23 01:26", "callsign": "BKP143", "aircraft_type": "A333", "adep": "VTSB", "ades": "VTBS", "epoch_ts": "2025-12-23 01:38:00+00:00", "altitude_ft": 20672.7, "tas_kt": null, "gs_kt": 280.0, "track_deg": 17, "phase": "climb"}, "geometry": {"type": "Point", "coordinates": [99.510817, 9.657926, 6301.0]}}, {"type": "Feature", "properties": {"flight_key": "BKP143_VTSB_VTBS_2025-12-23 01:26", "callsign": "BKP143", "aircraft_type": "A333", "adep": "VTSB", "ades": "VTBS", "epoch_ts": "2025-12-23 01:44:00+00:00", "altitude_ft": 31000.0, "tas_kt": null, "gs_kt": 460.0, "track_deg": 17, "phase": "cruise"}, "geometry": {"type": "Point", "coordinates": [99.60922, 9.973008, 9448.8]}}, {"type": "Feature", "properties": {"flight_key": "BKP143_VTSB_VTBS_2025-12-23 01:26", "callsign": "BKP143", "aircraft_type": "A333", "adep": "VTSB", "ades": "VTBS", "epoch_ts": "2025-12-23 01:50:00+00:00", "altitude_ft": 31000.0, "tas_kt": null, "gs_kt": 460.0, "track_deg": 17, "phase": "cruise"}, "geometry": {"type": "Point", "coordinates": [99.707624, 10.28809, 9448.8]}}, {"type": "Feature", "properties": {"flight_key": "BKP143_VTSB_VTBS_2025-12-23 01:26", "callsign": "BKP143", "aircraft_type": "A333", "adep": "VTSB", "ades": "VTBS", "epoch_ts": "2025-12-23 01:56:00+00:00", "altitude_ft": 31000.0, "tas_kt": null, "gs_kt": 460.0, "track_deg": 17, "phase": "cruise"}, "geometry": {"type": "Point", "coordinates": [99.806027, 10.603172, 9448.8]}}, {"type": "Feature", "properties": {"flight_key": "BKP143_VTSB_VTBS_2025-12-23 01:26", "callsign": "BKP143", "aircraft_type": "A333", "adep": "VTSB", "ades": "VTBS", "epoch_ts": "2025-12-23 02:02:00+00:00", "altitude_ft": 31000.0, "tas_kt": null, "gs_kt": 460.0, "track_deg": 29, "phase": "cruise"}, "geometry": {"type": "Point", "coordinates": [99.91143, 10.915229, 9448.8]}}, {"type": "Feature", "properties": {"flight_key": "BKP143_VTSB_VTBS_2025-12-23 01:26", "callsign": "BKP143", "aircraft_type": "A333", "adep": "VTSB", "ades": "VTBS", "epoch_ts": "2025-12-23 02:08:00+00:00", "altitude_ft": 31000.0, "tas_kt": null, "gs_kt": 460.0, "track_deg": 29, "phase": "cruise"}, "geometry": {"type": "Point", "coordinates": [100.073493, 11.202797, 9448.8]}}, {"type": "Feature", "properties": {"flight_key": "BKP143_VTSB_VTBS_2025-12-23 01:26", "callsign": "BKP143", "aircraft_type": "A333", "adep": "VTSB", "ades": "VTBS", "epoch_ts": "2025-12-23 02:14:00+00:00", "altitude_ft": 31000.0, "tas_kt": null, "gs_kt": 460.0, "track_deg": 29, "phase": "cruise"}, "geometry": {"type": "Point", "coordinates": [100.235556, 11.490366, 9448.8]}}, {"type": "Feature", "properties": {"flight_key": "BKP143_VTSB_VTBS_2025-12-23 01:26", "callsign": "BKP143", "aircraft_type": "A333", "adep": "VTSB", "ades": "VTBS", "epoch_ts": "2025-12-23 02:20:00+00:00", "altitude_ft": 31000.0, "tas_kt": null, "gs_kt": 460.0, "track_deg": 29, "phase": "cruise"}, "geometry": {"type": "Point", "coordinates": [100.398072, 11.777678, 9448.8]}}, {"type": "Feature", "properties": {"flight_key": "BKP143_VTSB_VTBS_2025-12-23 01:26", "callsign": "BKP143", "aircraft_type": "A333", "adep": "VTSB", "ades": "VTBS", "epoch_ts": "2025-12-23 02:26:00+00:00", "altitude_ft": 31000.0, "tas_kt": null, "gs_kt": 460.0, "track_deg": 1, "phase": "cruise"}, "geometry": {"type": "Point", "coordinates": [100.44856, 12.095983, 9448.8]}}, {"type": "Feature", "properties": {"flight_key": "BKP143_VTSB_VTBS_2025-12-23 01:26", "callsign": "BKP143", "aircraft_type": "A333", "adep": "VTSB", "ades": "VTBS", "epoch_ts": "2025-12-23 02:32:00+00:00", "altitude_ft": 31000.0, "tas_kt": null, "gs_kt": 460.0, "track_deg": 1, "phase": "cruise"}, "geometry": {"type": "Point", "coordinates": [100.456897, 12.425968, 9448.8]}}, {"type": "Feature", "properties": {"flight_key": "BKP143_VTSB_VTBS_2025-12-23 01:26", "callsign": "BKP143", "aircraft_type": "A333", "adep": "VTSB", "ades": "VTBS", "epoch_ts": "2025-12-23 02:38:00+00:00", "altitude_ft": 31000.0, "tas_kt": null, "gs_kt": 460.0, "track_deg": 1, "phase": "cruise"}, "geometry": {"type": "Point", "coordinates": [100.465234, 12.755954, 9448.8]}}, {"type": "Feature", "properties": {"flight_key": "BKP143_VTSB_VTBS_2025-12-23 01:26", "callsign": "BKP143", "aircraft_type": "A333", "adep": "VTSB", "ades": "VTBS", "epoch_ts": "2025-12-23 02:44:00+00:00", "altitude_ft": 20667.9, "tas_kt": null, "gs_kt": 270.0, "track_deg": 1, "phase": "descent"}, "geometry": {"type": "Point", "coordinates": [100.473572, 13.085939, 6299.6]}}, {"type": "Feature", "properties": {"flight_key": "BKP143_VTSB_VTBS_2025-12-23 01:26", "callsign": "BKP143", "aircraft_type": "A333", "adep": "VTSB", "ades": "VTBS", "epoch_ts": "2025-12-23 02:50:00+00:00", "altitude_ft": 10335.8, "tas_kt": null, "gs_kt": 270.0, "track_deg": 24, "phase": "descent"}, "geometry": {"type": "Point", "coordinates": [100.610924, 13.385957, 3150.4]}}, {"type": "Feature", "properties": {"flight_key": "BKP143_VTSB_VTBS_2025-12-23 01:26", "callsign": "BKP143", "aircraft_type": "A333", "adep": "VTSB", "ades": "VTBS", "epoch_ts": "2025-12-23 02:56:00+00:00", "altitude_ft": 3.7, "tas_kt": null, "gs_kt": 270.0, "track_deg": 0, "phase": "descent"}, "geometry": {"type": "Point", "coordinates": [100.748889, 13.685833, 1.1]}}, {"type": "Feature", "properties": {"feature_type": "route", "flight_key": "DMK144_VTSR_VTBS_2025-12-23 01:28", "route": "RAN W34 MENEX W42 SURMA Y98 LEBIM", "callsign": "DMK144", "aircraft_type": "A359", "adep": "VTSR", "ades": "VTBS", "rfl": 290, "sid": "", "star": "LEBI1C", "dep_rwy": "", "arr_rwy": "RW19", "eobt": "2025-12-23T01:28:00+00:00", "idents": ["VTSR", "RAN", "CPN", "MENEX", "EGUBO", "UPVIL", "SURMA", "LEBIM", "VTBS"]}, "geometry": {"type": "LineString", "coordinates": [[98.585483, 9.777622], [98.583611, 9.778056], [99.365556, 10.711111], [99.761944, 11.141944], [100.080556, 11.477222], [100.239167, 11.643333], [100.4425, 11.856111], [100.473611, 13.0875], [100.748889, 13.685833]]}}, {"type": "Feature", "properties": {"flight_key": "DMK144_VTSR_VTBS_2025-12-23 01:28", "callsign": "DMK144", "aircraft_type": "A359", "adep": "VTSR", "ades": "VTBS", "epoch_ts": "2025-12-23 01:28:00+00:00", "altitude_ft": 61.0, "tas_kt": null, "gs_kt": 280.0, "track_deg": 283, "phase": "climb"}, "geometry": {"type": "Point", "coordinates": [98.585483, 9.777622, 18.6]}}, {"type": "Feature", "properties": {"flight_key": "DMK144_VTSR_VTBS_2025-12-23 01:28", "callsign": "DMK144", "aircraft_type": "A359", "adep": "VTSR", "ades": "VTBS", "epoch_ts": "2025-12-23 01:34:00+00:00", "altitude_ft": 9707.3, "tas_kt": null, "gs_kt": 280.0, "track_deg": 40, "phase": "climb"}, "geometry": {"type": "Point", "coordinates": [98.78285, 10.015797, 2958.8]}}, {"type": "Feature", "properties": {"flight_key": "DMK144_VTSR_VTBS_2025-12-23 01:28", "callsign": "DMK144", "aircraft_type": "A359", "adep": "VTSR", "ades": "VTBS", "epoch_ts": "2025-12-23 01:40:00+00:00", "altitude_ft": 19353.7, "tas_kt": null, "gs_kt": 280.0, "track_deg": 40, "phase": "climb"}, "geometry": {"type": "Point", "coordinates": [98.983323, 10.255012, 5899.0]}}, {"type": "Feature", "properties": {"flight_key": "DMK144_VTSR_VTBS_2025-12-23 01:28", "callsign": "DMK144", "aircraft_type": "A359", "adep": "VTSR", "ades": "VTBS", "epoch_ts": "2025-12-23 01:46:00+00:00", "altitude_ft": 29000.0, "tas_kt": null, "gs_kt": 460.0, "track_deg": 39, "phase": "cruise"}, "geometry": {"type": "Point", "coordinates": [99.183796, 10.494226, 8839.2]}}, {"type": "Feature", "properties": {"flight_key": "DMK144_VTSR_VTBS_2025-12-23 01:28", "callsign": "DMK144", "aircraft_type": "A359", "adep": "VTSR", "ades": "VTBS", "epoch_ts": "2025-12-23 01:52:00+00:00", "altitude_ft": 29000.0, "tas_kt": null, "gs_kt": 460.0, "track_deg": 42, "phase": "cruise"}, "geometry": {"type": "Point", "coordinates": [99.385282, 10.732551, 8839.2]}}, {"type": "Feature", "properties": {"flight_key": "DMK144_VTSR_VTBS_2025-12-23 01:28", "callsign": "DMK144", "aircraft_type": "A359", "adep": "VTSR", "ades": "VTBS", "epoch_ts": "2025-12-23 01:58:00+00:00", "altitude_ft": 29000.0, "tas_kt": null, "gs_kt": 460.0, "track_deg": 42, "phase": "cruise"}, "geometry": {"type": "Point", "coordinates": [99.596604, 10.962237, 8839.2]}}, {"type": "Feature", "properties": {"flight_key": "DMK144_VTSR_VTBS_2025-12-23 01:28", "callsign": "DMK144", "aircraft_type": "A359", "adep": "VTSR", "ades": "VTBS", "epoch_ts": "2025-12-23 02:04:00+00:00", "altitude_ft": 29000.0, "tas_kt": null, "gs_kt": 460.0, "track_deg": 43, "phase": "cruise"}, "geometry": {"type": "Point", "coordinates": [99.808727, 11.191174, 8839.2]}}, {"type": "Feature", "properties": {"flight_key": "DMK144_VTSR_VTBS_2025-12-23 01:28", "callsign": "DMK144", "aircraft_type": "A359", "adep": "VTSR", "ades": "VTBS", "epoch_ts": "2025-12-23 02:10:00+00:00", "altitude_ft": 29000.0, "tas_kt": null, "gs_kt": 460.0, "track_deg": 43, "phase": "cruise"}, "geometry": {"type": "Point", "coordinates": [100.023728, 11.417421, 8839.2]}}, {"type": "Feature", "properties": {"flight_key": "DMK144_VTSR_VTBS_2025-12-23 01:28", "callsign": "DMK144", "aircraft_type": "A359", "adep": "VTSR", "ades": "VTBS", "epoch_ts": "2025-12-23 02:16:00+00:00", "altitude_ft": 29000.0, "tas_kt": null, "gs_kt": 460.0, "track_deg": 43, "phase": "cruise"}, "geometry": {"type": "Point", "coordinates": [100.239126, 11.64329, 8839.2]}}, {"type": "Feature", "properties": {"flight_key": "DMK144_VTSR_VTBS_2025-12-23 01:28", "callsign": "DMK144", "aircraft_type": "A359", "adep": "VTSR", "ades": "VTBS", "epoch_ts": "2025-12-23 02:22:00+00:00", "altitude_ft": 29000.0, "tas_kt": null, "gs_kt": 460.0, "track_deg": 1, "phase": "cruise"}, "geometry": {"type": "Point", "coordinates": [100.442948, 11.873845, 8839.2]}}, {"type": "Feature", "properties": {"flight_key": "DMK144_VTSR_VTBS_2025-12-23 01:28", "callsign": "DMK144", "aircraft_type": "A359", "adep": "VTSR", "ades": "VTBS", "epoch_ts": "2025-12-23 02:28:00+00:00", "altitude_ft": 29000.0, "tas_kt": null, "gs_kt": 460.0, "track_deg": 1, "phase": "cruise"}, "geometry": {"type": "Point", "coordinates": [100.450831, 12.185856, 8839.2]}}, {"type": "Feature", "properties": {"flight_key": "DMK144_VTSR_VTBS_2025-12-23 01:28", "callsign": "DMK144", "aircraft_type": "A359", "adep": "VTSR", "ades": "VTBS", "epoch_ts": "2025-12-23 02:34:00+00:00", "altitude_ft": 29000.0, "tas_kt": null, "gs_kt": 460.0, "track_deg": 1, "phase": "cruise"}, "geometry": {"type": "Point", "coordinates": [100.458714, 12.497867, 8839.2]}}, {"type": "Feature", "properties": {"flight_key": "DMK144_VTSR_VTBS_2025-12-23 01:28", "callsign": "DMK144", "aircraft_type": "A359", "adep": "VTSR", "ades": "VTBS", "epoch_ts": "2025-12-23 02:40:00+00:00", "altitude_ft": 29000.0, "tas_kt": null, "gs_kt": 460.0, "track_deg": 1, "phase": "cruise"}, "geometry": {"type": "Point", "coordinates": [100.466597, 12.809877, 8839.2]}}, {"type": "Feature", "properties": {"flight_key": "DMK144_VTSR_VTBS_2025-12-23 01:28", "callsign": "DMK144", "aircraft_type": "A359", "adep": "VTSR", "ades": "VTBS", "epoch_ts": "2025-12-23 02:46:00+00:00", "altitude_ft": 19334.6, "tas_kt": null, "gs_kt": 270.0, "track_deg": 24, "phase": "descent"}, "geometry": {"type": "Point", "coordinates": [100.487989, 13.118751, 5893.2]}}, {"type": "Feature", "properties": {"flight_key": "DMK144_VTSR_VTBS_2025-12-23 01:28", "callsign": "DMK144", "aircraft_type": "A359", "adep": "VTSR", "ades": "VTBS", "epoch_ts": "2025-12-23 02:52:00+00:00", "altitude_ft": 9669.1, "tas_kt": null, "gs_kt": 270.0, "track_deg": 24, "phase": "descent"}, "geometry": {"type": "Point", "coordinates": [100.618439, 13.402292, 2947.2]}}, {"type": "Feature", "properties": {"flight_key": "DMK144_VTSR_VTBS_2025-12-23 01:28", "callsign": "DMK144", "aircraft_type": "A359", "adep": "VTSR", "ades": "VTBS", "epoch_ts": "2025-12-23 02:58:00+00:00", "altitude_ft": 3.7, "tas_kt": null, "gs_kt": 270.0, "track_deg": 0, "phase": "descent"}, "geometry": {"type": "Point", "coordinates": [100.748889, 13.685833, 1.1]}}, {"type": "Feature", "properties": {"feature_type": "route", "flight_key": "SEH145_VTUO_VTBD_2025-12-23 01:30", "route": "W38 RAMEI W1 UBLOD DCT ENDUU", "callsign": "SEH145", "aircraft_type": "B77W", "adep": "VTUO", "ades": "VTBD", "rfl": 240, "sid": "", "star": "ENDU1B", "dep_rwy": "", "arr_rwy": "RW03L", "eobt": "2025-12-23T01:30:00+00:00", "idents": ["VTUO", "RAMEI", "KRT", "UBLOD", "ENDUU", "VTBD"]}, "geometry": {"type": "LineString", "coordinates": [[103.251239, 15.226758], [103.011111, 15.044444], [102.139722, 14.917222], [101.436667, 14.620833], [101.221319, 14.49705], [100.605692, 13.914372]]}}, {"type": "Feature", "properties": {"flight_key": "SEH145_VTUO_VTBD_2025-12-23 01:30", "callsign": "SEH145", "aircraft_type": "B77W", "adep": "VTUO", "ades": "VTBD", "epoch_ts": "2025-12-23 01:30:00+00:00", "altitude_ft": 594.0, "tas_kt": null, "gs_kt": 280.0, "track_deg": 232, "phase": "climb"}, "geometry": {"type": "Point", "coordinates": [103.251239, 15.226758, 181.1]}}, {"type": "Feature", "properties": {"flight_key": "SEH145_VTUO_VTBD_2025-12-23 01:30", "callsign": "SEH145", "aircraft_type": "B77W", "adep": "VTUO", "ades": "VTBD", "epoch_ts": "2025-12-23 01:36:00+00:00", "altitude_ft": 8396.0, "tas_kt": null, "gs_kt": 280.0, "track_deg": 232, "phase": "climb"}, "geometry": {"type": "Point", "coordinates": [103.089764, 15.10416, 2559.1]}}, {"type": "Feature", "properties": {"flight_key": "SEH145_VTUO_VTBD_2025-12-23 01:30", "callsign": "SEH145", "aircraft_type": "B77W", "adep": "VTUO", "ades": "VTBD", "epoch_ts": "2025-12-23 01:42:00+00:00", "altitude_ft": 16198.0, "tas_kt": null, "gs_kt": 280.0, "track_deg": 261, "phase": "climb"}, "geometry": {"type": "Point", "coordinates": [102.908213, 15.029421, 4937.2]}}, {"type": "Feature", "properties": {"flight_key": "SEH145_VTUO_VTBD_2025-12-23 01:30", "callsign": "SEH145", "aircraft_type": "B77W", "adep": "VTUO", "ades": "VTBD", "epoch_ts": "2025-12-23 01:48:00+00:00", "altitude_ft": 24000.0, "tas_kt": null, "gs_kt": 460.0, "track_deg": 261, "phase": "cruise"}, "geometry": {"type": "Point", "coordinates": [102.707597, 15.000131, 7315.2]}}, {"type": "Feature", "properties": {"flight_key": "SEH145_VTUO_VTBD_2025-12-23 01:30", "callsign": "SEH145", "aircraft_type": "B77W", "adep": "VTUO", "ades": "VTBD", "epoch_ts": "2025-12-23 01:54:00+00:00", "altitude_ft": 24000.0, "tas_kt": null, "gs_kt": 460.0, "track_deg": 261, "phase": "cruise"}, "geometry": {"type": "Point", "coordinates": [102.506981, 14.970842, 7315.2]}}, {"type": "Feature", "properties": {"flight_key": "SEH145_VTUO_VTBD_2025-12-23 01:30", "callsign": "SEH145", "aircraft_type": "B77W", "adep": "VTUO", "ades": "VTBD", "epoch_ts": "2025-12-23 02:00:00+00:00", "altitude_ft": 24000.0, "tas_kt": null, "gs_kt": 460.0, "track_deg": 261, "phase": "cruise"}, "geometry": {"type": "Point", "coordinates": [102.306366, 14.941552, 7315.2]}}, {"type": "Feature", "properties": {"flight_key": "SEH145_VTUO_VTBD_2025-12-23 01:30", "callsign": "SEH145", "aircraft_type": "B77W", "adep": "VTUO", "ades": "VTBD", "epoch_ts": "2025-12-23 02:06:00+00:00", "altitude_ft": 24000.0, "tas_kt": null, "gs_kt": 460.0, "track_deg": 246, "phase": "cruise"}, "geometry": {"type": "Point", "coordinates": [102.108086, 14.903885, 7315.2]}}, {"type": "Feature", "properties": {"flight_key": "SEH145_VTUO_VTBD_2025-12-23 01:30", "callsign": "SEH145", "aircraft_type": "B77W", "adep": "VTUO", "ades": "VTBD", "epoch_ts": "2025-12-23 02:12:00+00:00", "altitude_ft": 24000.0, "tas_kt": null, "gs_kt": 460.0, "track_deg": 246, "phase": "cruise"}, "geometry": {"type": "Point", "coordinates": [101.921266, 14.825127, 7315.2]}}, {"type": "Feature", "properties": {"flight_key": "SEH145_VTUO_VTBD_2025-12-23 01:30", "callsign": "SEH145", "aircraft_type": "B77W", "adep": "VTUO", "ades": "VTBD", "epoch_ts": "2025-12-23 02:18:00+00:00", "altitude_ft": 24000.0, "tas_kt": null, "gs_kt": 460.0, "track_deg": 246, "phase": "cruise"}, "geometry": {"type": "Point", "coordinates": [101.734446, 14.746369, 7315.2]}}, {"type": "Feature", "properties": {"flight_key": "SEH145_VTUO_VTBD_2025-12-23 01:30", "callsign": "SEH145", "aircraft_type": "B77W", "adep": "VTUO", "ades": "VTBD", "epoch_ts": "2025-12-23 02:24:00+00:00", "altitude_ft": 24000.0, "tas_kt": null, "gs_kt": 460.0, "track_deg": 246, "phase": "cruise"}, "geometry": {"type": "Point", "coordinates": [101.547627, 14.667611, 7315.2]}}, {"type": "Feature", "properties": {"flight_key": "SEH145_VTUO_VTBD_2025-12-23 01:30", "callsign": "SEH145", "aircraft_type": "B77W", "adep": "VTUO", "ades": "VTBD", "epoch_ts": "2025-12-23 02:30:00+00:00", "altitude_ft": 24000.0, "tas_kt": null, "gs_kt": 460.0, "track_deg": 239, "phase": "cruise"}, "geometry": {"type": "Point", "coordinates": [101.365292, 14.579806, 7315.2]}}, {"type": "Feature", "properties": {"flight_key": "SEH145_VTUO_VTBD_2025-12-23 01:30", "callsign": "SEH145", "aircraft_type": "B77W", "adep": "VTUO", "ades": "VTBD", "epoch_ts": "2025-12-23 02:36:00+00:00", "altitude_ft": 24000.0, "tas_kt": null, "gs_kt": 460.0, "track_deg": 226, "phase": "cruise"}, "geometry": {"type": "Point", "coordinates": [101.194679, 14.471836, 7315.2]}}, {"type": "Feature", "properties": {"flight_key": "SEH145_VTUO_VTBD_2025-12-23 01:30", "callsign": "SEH145", "aircraft_type": "B77W", "adep": "VTUO", "ades": "VTBD", "epoch_ts": "2025-12-23 02:42:00+00:00", "altitude_ft": 24000.0, "tas_kt": null, "gs_kt": 460.0, "track_deg": 226, "phase": "cruise"}, "geometry": {"type": "Point", "coordinates": [101.047433, 14.33247, 7315.2]}}, {"type": "Feature", "properties": {"flight_key": "SEH145_VTUO_VTBD_2025-12-23 01:30", "callsign": "SEH145", "aircraft_type": "B77W", "adep": "VTUO", "ades": "VTBD", "epoch_ts": "2025-12-23 02:48:00+00:00", "altitude_ft": 16002.3, "tas_kt": null, "gs_kt": 270.0, "track_deg": 226, "phase": "descent"}, "geometry": {"type": "Point", "coordinates": [100.900186, 14.193104, 4877.5]}}, {"type": "Feature", "properties": {"flight_key": "SEH145_VTUO_VTBD_2025-12-23 01:30", "callsign": "SEH145", "aircraft_type": "B77W", "adep": "VTUO", "ades": "VTBD", "epoch_ts": "2025-12-23 02:54:00+00:00", "altitude_ft": 8004.7, "tas_kt": null, "gs_kt": 270.0, "track_deg": 226, "phase": "descent"}, "geometry": {"type": "Point", "coordinates": [100.752939, 14.053738, 2439.8]}}, {"type": "Feature", "properties": {"flight_key": "SEH145_VTUO_VTBD_2025-12-23 01:30", "callsign": "SEH145", "aircraft_type": "B77W", "adep": "VTUO", "ades": "VTBD", "epoch_ts": "2025-12-23 03:00:00+00:00", "altitude_ft": 7.0, "tas_kt": null, "gs_kt": 270.0, "track_deg": 0, "phase": "descent"}, "geometry": {"type": "Point", "coordinates": [100.605692, 13.914372, 2.1]}}, {"type": "Feature", "properties": {"feature_type": "route", "flight_key": "NOK146_VTBU_VTSM_2025-12-23 01:32", "route": "BUT DCT ASEKU M757 MABKO W33 SMU", "callsign": "NOK146", "aircraft_type": "B789", "adep": "VTBU", "ades": "VTSM", "rfl": 340, "sid": "", "star": "", "dep_rwy": "", "arr_rwy": "", "eobt": "2025-12-23T01:32:00+00:00", "idents": ["VTBU", "BUT", "ASEKU", "NULBO", "MABKO", "UPNEP", "VININ", "SMU", "VTSM"]}, "geometry": {"type": "LineString", "coordinates": [[101.005, 12.679722], [101.000556, 12.666667], [100.651389, 12.051667], [100.611944, 10.488611], [100.595278, 9.8025], [100.493333, 9.703611], [100.294444, 9.631667], [100.061667, 9.546944], [100.0625, 9.548889]]}}, {"type": "Feature", "properties": {"flight_key": "NOK146_VTBU_VTSM_2025-12-23 01:32", "callsign": "NOK146", "aircraft_type": "B789", "adep": "VTBU", "ades": "VTSM", "epoch_ts": "2025-12-23 01:32:00+00:00", "altitude_ft": 59.0, "tas_kt": null, "gs_kt": 280.0, "track_deg": 198, "phase": "climb"}, "geometry": {"type": "Point", "coordinates": [101.005, 12.679722, 18.0]}}, {"type": "Feature", "properties": {"flight_key": "NOK146_VTBU_VTSM_2025-12-23 01:32", "callsign": "NOK146", "aircraft_type": "B789", "adep": "VTBU", "ades": "VTSM", "epoch_ts": "2025-12-23 01:38:00+00:00", "altitude_ft": 11372.7, "tas_kt": null, "gs_kt": 280.0, "track_deg": 209, "phase": "climb"}, "geometry": {"type": "Point", "coordinates": [100.889719, 12.471446, 3466.4]}}, {"type": "Feature", "properties": {"flight_key": "NOK146_VTBU_VTSM_2025-12-23 01:32", "callsign": "NOK146", "aircraft_type": "B789", "adep": "VTBU", "ades": "VTSM", "epoch_ts": "2025-12-23 01:44:00+00:00", "altitude_ft": 22686.3, "tas_kt": null, "gs_kt": 280.0, "track_deg": 209, "phase": "climb"}, "geometry": {"type": "Point", "coordinates": [100.772073, 12.264232, 6914.8]}}, {"type": "Feature", "properties": {"flight_key": "NOK146_VTBU_VTSM_2025-12-23 01:32", "callsign": "NOK146", "aircraft_type": "B789", "adep": "VTBU", "ades": "VTSM", "epoch_ts": "2025-12-23 01:50:00+00:00", "altitude_ft": 34000.0, "tas_kt": null, "gs_kt": 460.0, "track_deg": 209, "phase": "cruise"}, "geometry": {"type": "Point", "coordinates": [100.654427, 12.057018, 10363.2]}}, {"type": "Feature", "properties": {"flight_key": "NOK146_VTBU_VTSM_2025-12-23 01:32", "callsign": "NOK146", "aircraft_type": "B789", "adep": "VTBU", "ades": "VTSM", "epoch_ts": "2025-12-23 01:56:00+00:00", "altitude_ft": 34000.0, "tas_kt": null, "gs_kt": 460.0, "track_deg": 181, "phase": "cruise"}, "geometry": {"type": "Point", "coordinates": [100.645533, 11.819612, 10363.2]}}, {"type": "Feature", "properties": {"flight_key": "NOK146_VTBU_VTSM_2025-12-23 01:32", "callsign": "NOK146", "aircraft_type": "B789", "adep": "VTBU", "ades": "VTSM", "epoch_ts": "2025-12-23 02:02:00+00:00", "altitude_ft": 34000.0, "tas_kt": null, "gs_kt": 460.0, "track_deg": 181, "phase": "cruise"}, "geometry": {"type": "Point", "coordinates": [100.639522, 11.581406, 10363.2]}}, {"type": "Feature", "properties": {"flight_key": "NOK146_VTBU_VTSM_2025-12-23 01:32", "callsign": "NOK146", "aircraft_type": "B789", "adep": "VTBU", "ades": "VTSM", "epoch_ts": "2025-12-23 02:08:00+00:00", "altitude_ft": 34000.0, "tas_kt": null, "gs_kt": 460.0, "track_deg": 181, "phase": "cruise"}, "geometry": {"type": "Point", "coordinates": [100.63351, 11.343201, 10363.2]}}, {"type": "Feature", "properties": {"flight_key": "NOK146_VTBU_VTSM_2025-12-23 01:32", "callsign": "NOK146", "aircraft_type": "B789", "adep": "VTBU", "ades": "VTSM", "epoch_ts": "2025-12-23 02:14:00+00:00", "altitude_ft": 34000.0, "tas_kt": null, "gs_kt": 460.0, "track_deg": 181, "phase": "cruise"}, "geometry": {"type": "Point", "coordinates": [100.627499, 11.104995, 10363.2]}}, {"type": "Feature", "properties": {"flight_key": "NOK146_VTBU_VTSM_2025-12-23 01:32", "callsign": "NOK146", "aircraft_type": "B789", "adep": "VTBU", "ades": "VTSM", "epoch_ts": "2025-12-23 02:20:00+00:00", "altitude_ft": 34000.0, "tas_kt": null, "gs_kt": 460.0, "track_deg": 181, "phase": "cruise"}, "geometry": {"type": "Point", "coordinates": [100.621488, 10.866789, 10363.2]}}, {"type": "Feature", "properties": {"flight_key": "NOK146_VTBU_VTSM_2025-12-23 01:32", "callsign": "NOK146", "aircraft_type": "B789", "adep": "VTBU", "ades": "VTSM", "epoch_ts": "2025-12-23 02:26:00+00:00", "altitude_ft": 34000.0, "tas_kt": null, "gs_kt": 460.0, "track_deg": 181, "phase": "cruise"}, "geometry": {"type": "Point", "coordinates": [100.615476, 10.628583, 10363.2]}}, {"type": "Feature", "properties": {"flight_key": "NOK146_VTBU_VTSM_2025-12-23 01:32", "callsign": "NOK146", "aircraft_type": "B789", "adep": "VTBU", "ades": "VTSM", "epoch_ts": "2025-12-23 02:32:00+00:00", "altitude_ft": 34000.0, "tas_kt": null, "gs_kt": 460.0, "track_deg": 181, "phase": "cruise"}, "geometry": {"type": "Point", "coordinates": [100.609558, 10.390375, 10363.2]}}, {"type": "Feature", "properties": {"flight_key": "NOK146_VTBU_VTSM_2025-12-23 01:32", "callsign": "NOK146", "aircraft_type": "B789", "adep": "VTBU", "ades": "VTSM", "epoch_ts": "2025-12-23 02:38:00+00:00", "altitude_ft": 34000.0, "tas_kt": null, "gs_kt": 460.0, "track_deg": 181, "phase": "cruise"}, "geometry": {"type": "Point", "coordinates": [100.603772, 10.152163, 10363.2]}}, {"type": "Feature", "properties": {"flight_key": "NOK146_VTBU_VTSM_2025-12-23 01:32", "callsign": "NOK146", "aircraft_type": "B789", "adep": "VTBU", "ades": "VTSM", "epoch_ts": "2025-12-23 02:44:00+00:00", "altitude_ft": 34000.0, "tas_kt": null, "gs_kt": 460.0, "track_deg": 181, "phase": "cruise"}, "geometry": {"type": "Point", "coordinates": [100.597985, 9.913952, 10363.2]}}, {"type": "Feature", "properties": {"flight_key": "NOK146_VTBU_VTSM_2025-12-23 01:32", "callsign": "NOK146", "aircraft_type": "B789", "adep": "VTBU", "ades": "VTSM", "epoch_ts": "2025-12-23 02:50:00+00:00", "altitude_ft": 22688.0, "tas_kt": null, "gs_kt": 270.0, "track_deg": 225, "phase": "descent"}, "geometry": {"type": "Point", "coordinates": [100.504265, 9.714215, 6915.3]}}, {"type": "Feature", "properties": {"flight_key": "NOK146_VTBU_VTSM_2025-12-23 01:32", "callsign": "NOK146", "aircraft_type": "B789", "adep": "VTBU", "ades": "VTSM", "epoch_ts": "2025-12-23 02:56:00+00:00", "altitude_ft": 11376.0, "tas_kt": null, "gs_kt": 270.0, "track_deg": 250, "phase": "descent"}, "geometry": {"type": "Point", "coordinates": [100.283591, 9.627717, 3467.4]}}, {"type": "Feature", "properties": {"flight_key": "NOK146_VTBU_VTSM_2025-12-23 01:32", "callsign": "NOK146", "aircraft_type": "B789", "adep": "VTBU", "ades": "VTSM", "epoch_ts": "2025-12-23 03:02:00+00:00", "altitude_ft": 64.0, "tas_kt": null, "gs_kt": 270.0, "track_deg": 0, "phase": "descent"}, "geometry": {"type": "Point", "coordinates": [100.0625, 9.548889, 19.5]}}, {"type": "Feature", "properties": {"feature_type": "route", "flight_key": "THD147_VTPT_VTSG_2025-12-23 01:34", "route": "W26 PSL W9 BKK G458 SAPUD W32 NULMA", "callsign": "THD147", "aircraft_type": "B763", "adep": "VTPT", "ades": "VTSG", "rfl": 200, "sid": "", "star": "NULM1E", "dep_rwy": "", "arr_rwy": "RW32", "eobt": "2025-12-23T01:34:00+00:00", "idents": ["VTPT", "PSL", "PEBLI", "BLAFF", "BKK", "SAPUD", "NULMA", "VTSG"]}, "geometry": {"type": "LineString", "coordinates": [[99.253728, 16.895986], [100.291389, 16.770278], [100.293333, 16.268333], [100.2975, 15.275833], [100.596111, 13.893611], [99.134747, 9.129511], [99.041111, 8.521667], [98.985278, 8.100278]]}}, {"type": "Feature", "properties": {"flight_key": "THD147_VTPT_VTSG_2025-12-23 01:34", "callsign": "THD147", "aircraft_type": "B763", "adep": "VTPT", "ades": "VTSG", "epoch_ts": "2025-12-23 01:34:00+00:00", "altitude_ft": 478.0, "tas_kt": null, "gs_kt": 280.0, "track_deg": 97, "phase": "climb"}, "geometry": {"type": "Point", "coordinates": [99.253728, 16.895986, 145.7]}}, {"type": "Feature", "properties": {"flight_key": "THD147_VTPT_VTSG_2025-12-23 01:34", "callsign": "THD147", "aircraft_type": "B763", "adep": "VTPT", "ades": "VTSG", "epoch_ts": "2025-12-23 01:40:00+00:00", "altitude_ft": 6985.3, "tas_kt": null, "gs_kt": 280.0, "track_deg": 97, "phase": "climb"}, "geometry": {"type": "Point", "coordinates": [99.91404, 16.815992, 2129.1]}}, {"type": "Feature", "properties": {"flight_key": "THD147_VTPT_VTSG_2025-12-23 01:34", "callsign": "THD147", "aircraft_type": "B763", "adep": "VTPT", "ades": "VTSG", "epoch_ts": "2025-12-23 01:46:00+00:00", "altitude_ft": 13492.7, "tas_kt": null, "gs_kt": 280.0, "track_deg": 180, "phase": "climb"}, "geometry": {"type": "Point", "coordinates": [100.292493, 16.485248, 4112.6]}}, {"type": "Feature", "properties": {"flight_key": "THD147_VTPT_VTSG_2025-12-23 01:34", "callsign": "THD147", "aircraft_type": "B763", "adep": "VTPT", "ades": "VTSG", "epoch_ts": "2025-12-23 01:52:00+00:00", "altitude_ft": 20000.0, "tas_kt": null, "gs_kt": 460.0, "track_deg": 180, "phase": "cruise"}, "geometry": {"type": "Point", "coordinates": [100.295215, 15.820114, 6096.0]}}, {"type": "Feature", "properties": {"flight_key": "THD147_VTPT_VTSG_2025-12-23 01:34", "callsign": "THD147", "aircraft_type": "B763", "adep": "VTPT", "ades": "VTSG", "epoch_ts": "2025-12-23 01:58:00+00:00", "altitude_ft": 20000.0, "tas_kt": null, "gs_kt": 460.0, "track_deg": 168, "phase": "cruise"}, "geometry": {"type": "Point", "coordinates": [100.32302, 15.157705, 6096.0]}}, {"type": "Feature", "properties": {"flight_key": "THD147_VTPT_VTSG_2025-12-23 01:34", "callsign": "THD147", "aircraft_type": "B763", "adep": "VTPT", "ades": "VTSG", "epoch_ts": "2025-12-23 02:04:00+00:00", "altitude_ft": 20000.0, "tas_kt": null, "gs_kt": 460.0, "track_deg": 168, "phase": "cruise"}, "geometry": {"type": "Point", "coordinates": [100.463475, 14.507564, 6096.0]}}, {"type": "Feature", "properties": {"flight_key": "THD147_VTPT_VTSG_2025-12-23 01:34", "callsign": "THD147", "aircraft_type": "B763", "adep": "VTPT", "ades": "VTSG", "epoch_ts": "2025-12-23 02:10:00+00:00", "altitude_ft": 20000.0, "tas_kt": null, "gs_kt": 460.0, "track_deg": 197, "phase": "cruise"}, "geometry": {"type": "Point", "coordinates": [100.585254, 13.858215, 6096.0]}}, {"type": "Feature", "properties": {"flight_key": "THD147_VTPT_VTSG_2025-12-23 01:34", "callsign": "THD147", "aircraft_type": "B763", "adep": "VTPT", "ades": "VTSG", "epoch_ts": "2025-12-23 02:16:00+00:00", "altitude_ft": 20000.0, "tas_kt": null, "gs_kt": 460.0, "track_deg": 197, "phase": "cruise"}, "geometry": {"type": "Point", "coordinates": [100.390196, 13.22232, 6096.0]}}, {"type": "Feature", "properties": {"flight_key": "THD147_VTPT_VTSG_2025-12-23 01:34", "callsign": "THD147", "aircraft_type": "B763", "adep": "VTPT", "ades": "VTSG", "epoch_ts": "2025-12-23 02:22:00+00:00", "altitude_ft": 20000.0, "tas_kt": null, "gs_kt": 460.0, "track_deg": 197, "phase": "cruise"}, "geometry": {"type": "Point", "coordinates": [100.195138, 12.586424, 6096.0]}}, {"type": "Feature", "properties": {"flight_key": "THD147_VTPT_VTSG_2025-12-23 01:34", "callsign": "THD147", "aircraft_type": "B763", "adep": "VTPT", "ades": "VTSG", "epoch_ts": "2025-12-23 02:28:00+00:00", "altitude_ft": 20000.0, "tas_kt": null, "gs_kt": 460.0, "track_deg": 197, "phase": "cruise"}, "geometry": {"type": "Point", "coordinates": [100.00008, 11.950529, 6096.0]}}, {"type": "Feature", "properties": {"flight_key": "THD147_VTPT_VTSG_2025-12-23 01:34", "callsign": "THD147", "aircraft_type": "B763", "adep": "VTPT", "ades": "VTSG", "epoch_ts": "2025-12-23 02:34:00+00:00", "altitude_ft": 20000.0, "tas_kt": null, "gs_kt": 460.0, "track_deg": 197, "phase": "cruise"}, "geometry": {"type": "Point", "coordinates": [99.805022, 11.314633, 6096.0]}}, {"type": "Feature", "properties": {"flight_key": "THD147_VTPT_VTSG_2025-12-23 01:34", "callsign": "THD147", "aircraft_type": "B763", "adep": "VTPT", "ades": "VTSG", "epoch_ts": "2025-12-23 02:40:00+00:00", "altitude_ft": 20000.0, "tas_kt": null, "gs_kt": 460.0, "track_deg": 197, "phase": "cruise"}, "geometry": {"type": "Point", "coordinates": [99.609964, 10.678737, 6096.0]}}, {"type": "Feature", "properties": {"flight_key": "THD147_VTPT_VTSG_2025-12-23 01:34", "callsign": "THD147", "aircraft_type": "B763", "adep": "VTPT", "ades": "VTSG", "epoch_ts": "2025-12-23 02:46:00+00:00", "altitude_ft": 20000.0, "tas_kt": null, "gs_kt": 460.0, "track_deg": 197, "phase": "cruise"}, "geometry": {"type": "Point", "coordinates": [99.414907, 10.042842, 6096.0]}}, {"type": "Feature", "properties": {"flight_key": "THD147_VTPT_VTSG_2025-12-23 01:34", "callsign": "THD147", "aircraft_type": "B763", "adep": "VTPT", "ades": "VTSG", "epoch_ts": "2025-12-23 02:52:00+00:00", "altitude_ft": 13364.3, "tas_kt": null, "gs_kt": 270.0, "track_deg": 197, "phase": "descent"}, "geometry": {"type": "Point", "coordinates": [99.219849, 9.406946, 4073.4]}}, {"type": "Feature", "properties": {"flight_key": "THD147_VTPT_VTSG_2025-12-23 01:34", "callsign": "THD147", "aircraft_type": "B763", "adep": "VTPT", "ades": "VTSG", "epoch_ts": "2025-12-23 02:58:00+00:00", "altitude_ft": 6728.7, "tas_kt": null, "gs_kt": 270.0, "track_deg": 189, "phase": "descent"}, "geometry": {"type": "Point", "coordinates": [99.077661, 8.758936, 2050.9]}}, {"type": "Feature", "properties": {"flight_key": "THD147_VTPT_VTSG_2025-12-23 01:34", "callsign": "THD147", "aircraft_type": "B763", "adep": "VTPT", "ades": "VTSG", "epoch_ts": "2025-12-23 03:04:00+00:00", "altitude_ft": 93.0, "tas_kt": null, "gs_kt": 270.0, "track_deg": 0, "phase": "descent"}, "geometry": {"type": "Point", "coordinates": [98.985278, 8.100278, 28.3]}}, {"type": "Feature", "properties": {"feature_type": "route", "flight_key": "TVJ148_VTUU_VTBD_2025-12-23 01:36", "route": "W1 UBLOD DCT ENDUU", "callsign": "TVJ148", "aircraft_type": "B738", "adep": "VTUU", "ades": "VTBD", "rfl": 180, "sid": "", "star": "ENDU1B", "dep_rwy": "", "arr_rwy": "RW03L", "eobt": "2025-12-23T01:36:00+00:00", "idents": ["VTUU", "UBLOD", "ENDUU", "VTBD"]}, "geometry": {"type": "LineString", "coordinates": [[104.870244, 15.251272], [101.436667, 14.620833], [101.221319, 14.49705], [100.605692, 13.914372]]}}, {"type": "Feature", "properties": {"flight_key": "TVJ148_VTUU_VTBD_2025-12-23 01:36", "callsign": "TVJ148", "aircraft_type": "B738", "adep": "VTUU", "ades": "VTBD", "epoch_ts": "2025-12-23 01:36:00+00:00", "altitude_ft": 411.0, "tas_kt": null, "gs_kt": 280.0, "track_deg": 259, "phase": "climb"}, "geometry": {"type": "Point", "coordinates": [104.870244, 15.251272, 125.3]}}, {"type": "Feature", "properties": {"flight_key": "TVJ148_VTUU_VTBD_2025-12-23 01:36", "callsign": "TVJ148", "aircraft_type": "B738", "adep": "VTUU", "ades": "VTBD", "epoch_ts": "2025-12-23 01:42:00+00:00", "altitude_ft": 6274.0, "tas_kt": null, "gs_kt": 280.0, "track_deg": 259, "phase": "climb"}, "geometry": {"type": "Point", "coordinates": [104.569471, 15.196047, 1912.3]}}, {"type": "Feature", "properties": {"flight_key": "TVJ148_VTUU_VTBD_2025-12-23 01:36", "callsign": "TVJ148", "aircraft_type": "B738", "adep": "VTUU", "ades": "VTBD", "epoch_ts": "2025-12-23 01:48:00+00:00", "altitude_ft": 12137.0, "tas_kt": null, "gs_kt": 280.0, "track_deg": 259, "phase": "climb"}, "geometry": {"type": "Point", "coordinates": [104.268698, 15.140822, 3699.4]}}, {"type": "Feature", "properties": {"flight_key": "TVJ148_VTUU_VTBD_2025-12-23 01:36", "callsign": "TVJ148", "aircraft_type": "B738", "adep": "VTUU", "ades": "VTBD", "epoch_ts": "2025-12-23 01:54:00+00:00", "altitude_ft": 18000.0, "tas_kt": null, "gs_kt": 460.0, "track_deg": 259, "phase": "cruise"}, "geometry": {"type": "Point", "coordinates": [103.967925, 15.085597, 5486.4]}}, {"type": "Feature", "properties": {"flight_key": "TVJ148_VTUU_VTBD_2025-12-23 01:36", "callsign": "TVJ148", "aircraft_type": "B738", "adep": "VTUU", "ades": "VTBD", "epoch_ts": "2025-12-23 02:00:00+00:00", "altitude_ft": 18000.0, "tas_kt": null, "gs_kt": 460.0, "track_deg": 259, "phase": "cruise"}, "geometry": {"type": "Point", "coordinates": [103.667152, 15.030372, 5486.4]}}, {"type": "Feature", "properties": {"flight_key": "TVJ148_VTUU_VTBD_2025-12-23 01:36", "callsign": "TVJ148", "aircraft_type": "B738", "adep": "VTUU", "ades": "VTBD", "epoch_ts": "2025-12-23 02:06:00+00:00", "altitude_ft": 18000.0, "tas_kt": null, "gs_kt": 460.0, "track_deg": 259, "phase": "cruise"}, "geometry": {"type": "Point", "coordinates": [103.366379, 14.975147, 5486.4]}}, {"type": "Feature", "properties": {"flight_key": "TVJ148_VTUU_VTBD_2025-12-23 01:36", "callsign": "TVJ148", "aircraft_type": "B738", "adep": "VTUU", "ades": "VTBD", "epoch_ts": "2025-12-23 02:12:00+00:00", "altitude_ft": 18000.0, "tas_kt": null, "gs_kt": 460.0, "track_deg": 259, "phase": "cruise"}, "geometry": {"type": "Point", "coordinates": [103.065606, 14.919922, 5486.4]}}, {"type": "Feature", "properties": {"flight_key": "TVJ148_VTUU_VTBD_2025-12-23 01:36", "callsign": "TVJ148", "aircraft_type": "B738", "adep": "VTUU", "ades": "VTBD", "epoch_ts": "2025-12-23 02:18:00+00:00", "altitude_ft": 18000.0, "tas_kt": null, "gs_kt": 460.0, "track_deg": 259, "phase": "cruise"}, "geometry": {"type": "Point", "coordinates": [102.764833, 14.864698, 5486.4]}}, {"type": "Feature", "properties": {"flight_key": "TVJ148_VTUU_VTBD_2025-12-23 01:36", "callsign": "TVJ148", "aircraft_type": "B738", "adep": "VTUU", "ades": "VTBD", "epoch_ts": "2025-12-23 02:24:00+00:00", "altitude_ft": 18000.0, "tas_kt": null, "gs_kt": 460.0, "track_deg": 259, "phase": "cruise"}, "geometry": {"type": "Point", "coordinates": [102.46406, 14.809473, 5486.4]}}, {"type": "Feature", "properties": {"flight_key": "TVJ148_VTUU_VTBD_2025-12-23 01:36", "callsign": "TVJ148", "aircraft_type": "B738", "adep": "VTUU", "ades": "VTBD", "epoch_ts": "2025-12-23 02:30:00+00:00", "altitude_ft": 18000.0, "tas_kt": null, "gs_kt": 460.0, "track_deg": 259, "phase": "cruise"}, "geometry": {"type": "Point", "coordinates": [102.163287, 14.754248, 5486.4]}}, {"type": "Feature", "properties": {"flight_key": "TVJ148_VTUU_VTBD_2025-12-23 01:36", "callsign": "TVJ148", "aircraft_type": "B738", "adep": "VTUU", "ades": "VTBD", "epoch_ts": "2025-12-23 02:36:00+00:00", "altitude_ft": 18000.0, "tas_kt": null, "gs_kt": 460.0, "track_deg": 259, "phase": "cruise"}, "geometry": {"type": "Point", "coordinates": [101.862514, 14.699023, 5486.4]}}, {"type": "Feature", "properties": {"flight_key": "TVJ148_VTUU_VTBD_2025-12-23 01:36", "callsign": "TVJ148", "aircraft_type": "B738", "adep": "VTUU", "ades": "VTBD", "epoch_ts": "2025-12-23 02:42:00+00:00", "altitude_ft": 18000.0, "tas_kt": null, "gs_kt": 460.0, "track_deg": 259, "phase": "cruise"}, "geometry": {"type": "Point", "coordinates": [101.561741, 14.643798, 5486.4]}}, {"type": "Feature", "properties": {"flight_key": "TVJ148_VTUU_VTBD_2025-12-23 01:36", "callsign": "TVJ148", "aircraft_type": "B738", "adep": "VTUU", "ades": "VTBD", "epoch_ts": "2025-12-23 02:48:00+00:00", "altitude_ft": 18000.0, "tas_kt": null, "gs_kt": 460.0, "track_deg": 239, "phase": "cruise"}, "geometry": {"type": "Point", "coordinates": [101.281793, 14.531811, 5486.4]}}, {"type": "Feature", "properties": {"flight_key": "TVJ148_VTUU_VTBD_2025-12-23 01:36", "callsign": "TVJ148", "aircraft_type": "B738", "adep": "VTUU", "ades": "VTBD", "epoch_ts": "2025-12-23 02:54:00+00:00", "altitude_ft": 12002.3, "tas_kt": null, "gs_kt": 270.0, "track_deg": 226, "phase": "descent"}, "geometry": {"type": "Point", "coordinates": [101.049883, 14.33479, 3658.3]}}, {"type": "Feature", "properties": {"flight_key": "TVJ148_VTUU_VTBD_2025-12-23 01:36", "callsign": "TVJ148", "aircraft_type": "B738", "adep": "VTUU", "ades": "VTBD", "epoch_ts": "2025-12-23 03:00:00+00:00", "altitude_ft": 6004.7, "tas_kt": null, "gs_kt": 270.0, "track_deg": 226, "phase": "descent"}, "geometry": {"type": "Point", "coordinates": [100.827788, 14.124581, 1830.2]}}, {"type": "Feature", "properties": {"flight_key": "TVJ148_VTUU_VTBD_2025-12-23 01:36", "callsign": "TVJ148", "aircraft_type": "B738", "adep": "VTUU", "ades": "VTBD", "epoch_ts": "2025-12-23 03:06:00+00:00", "altitude_ft": 7.0, "tas_kt": null, "gs_kt": 270.0, "track_deg": 0, "phase": "descent"}, "geometry": {"type": "Point", "coordinates": [100.605692, 13.914372, 2.1]}}, {"type": "Feature", "properties": {"feature_type": "route", "flight_key": "PGY149_VTSG_VTSM_2025-12-23 01:38", "route": "OSPEX Y99 AKVUG Y93 SMU", "callsign": "PGY149", "aircraft_type": "A320", "adep": "VTSG", "ades": "VTSM", "rfl": 350, "sid": "OSPE1F", "star": "", "dep_rwy": "RW32", "arr_rwy": "", "eobt": "2025-12-23T01:38:00+00:00", "idents": ["VTSG", "OSPEX", "BITEN", "EMVEL", "AKVUG", "OTGOL", "DORNA", "SMU", "VTSM"]}, "geometry": {"type": "LineString", "coordinates": [[98.985278, 8.100278], [99.221944, 8.3375], [99.341389, 8.449722], [99.356111, 8.743889], [99.371944, 9.063611], [99.546667, 9.218333], [99.770556, 9.416389], [100.061667, 9.546944], [100.0625, 9.548889]]}}, {"type": "Feature", "properties": {"flight_key": "PGY149_VTSG_VTSM_2025-12-23 01:38", "callsign": "PGY149", "aircraft_type": "A320", "adep": "VTSG", "ades": "VTSM", "epoch_ts": "2025-12-23 01:38:00+00:00", "altitude_ft": 93.0, "tas_kt": null, "gs_kt": 280.0, "track_deg": 45, "phase": "climb"}, "geometry": {"type": "Point", "coordinates": [98.985278, 8.100278, 28.3]}}, {"type": "Feature", "properties": {"flight_key": "PGY149_VTSG_VTSM_2025-12-23 01:38", "callsign": "PGY149", "aircraft_type": "A320", "adep": "VTSG", "ades": "VTSM", "epoch_ts": "2025-12-23 01:44:00+00:00", "altitude_ft": 11728.7, "tas_kt": null, "gs_kt": 280.0, "track_deg": 45, "phase": "climb"}, "geometry": {"type": "Point", "coordinates": [99.077899, 8.193116, 3574.9]}}, {"type": "Feature", "properties": {"flight_key": "PGY149_VTSG_VTSM_2025-12-23 01:38", "callsign": "PGY149", "aircraft_type": "A320", "adep": "VTSG", "ades": "VTSM", "epoch_ts": "2025-12-23 01:50:00+00:00", "altitude_ft": 23364.3, "tas_kt": null, "gs_kt": 280.0, "track_deg": 45, "phase": "climb"}, "geometry": {"type": "Point", "coordinates": [99.17052, 8.285955, 7121.4]}}, {"type": "Feature", "properties": {"flight_key": "PGY149_VTSG_VTSM_2025-12-23 01:38", "callsign": "PGY149", "aircraft_type": "A320", "adep": "VTSG", "ades": "VTSM", "epoch_ts": "2025-12-23 01:56:00+00:00", "altitude_ft": 35000.0, "tas_kt": null, "gs_kt": 460.0, "track_deg": 46, "phase": "cruise"}, "geometry": {"type": "Point", "coordinates": [99.264454, 8.37744, 10668.0]}}, {"type": "Feature", "properties": {"flight_key": "PGY149_VTSG_VTSM_2025-12-23 01:38", "callsign": "PGY149", "aircraft_type": "A320", "adep": "VTSG", "ades": "VTSM", "epoch_ts": "2025-12-23 02:02:00+00:00", "altitude_ft": 35000.0, "tas_kt": null, "gs_kt": 460.0, "track_deg": 3, "phase": "cruise"}, "geometry": {"type": "Point", "coordinates": [99.342667, 8.475266, 10668.0]}}, {"type": "Feature", "properties": {"flight_key": "PGY149_VTSG_VTSM_2025-12-23 01:38", "callsign": "PGY149", "aircraft_type": "A320", "adep": "VTSG", "ades": "VTSM", "epoch_ts": "2025-12-23 02:08:00+00:00", "altitude_ft": 35000.0, "tas_kt": null, "gs_kt": 460.0, "track_deg": 3, "phase": "cruise"}, "geometry": {"type": "Point", "coordinates": [99.349222, 8.606241, 10668.0]}}, {"type": "Feature", "properties": {"flight_key": "PGY149_VTSG_VTSM_2025-12-23 01:38", "callsign": "PGY149", "aircraft_type": "A320", "adep": "VTSG", "ades": "VTSM", "epoch_ts": "2025-12-23 02:14:00+00:00", "altitude_ft": 35000.0, "tas_kt": null, "gs_kt": 460.0, "track_deg": 3, "phase": "cruise"}, "geometry": {"type": "Point", "coordinates": [99.355777, 8.737217, 10668.0]}}, {"type": "Feature", "properties": {"flight_key": "PGY149_VTSG_VTSM_2025-12-23 01:38", "callsign": "PGY149", "aircraft_type": "A320", "adep": "VTSG", "ades": "VTSM", "epoch_ts": "2025-12-23 02:20:00+00:00", "altitude_ft": 35000.0, "tas_kt": null, "gs_kt": 460.0, "track_deg": 3, "phase": "cruise"}, "geometry": {"type": "Point", "coordinates": [99.362267, 8.868196, 10668.0]}}, {"type": "Feature", "properties": {"flight_key": "PGY149_VTSG_VTSM_2025-12-23 01:38", "callsign": "PGY149", "aircraft_type": "A320", "adep": "VTSG", "ades": "VTSM", "epoch_ts": "2025-12-23 02:26:00+00:00", "altitude_ft": 35000.0, "tas_kt": null, "gs_kt": 460.0, "track_deg": 3, "phase": "cruise"}, "geometry": {"type": "Point", "coordinates": [99.368753, 8.999175, 10668.0]}}, {"type": "Feature", "properties": {"flight_key": "PGY149_VTSG_VTSM_2025-12-23 01:38", "callsign": "PGY149", "aircraft_type": "A320", "adep": "VTSG", "ades": "VTSM", "epoch_ts": "2025-12-23 02:32:00+00:00", "altitude_ft": 35000.0, "tas_kt": null, "gs_kt": 460.0, "track_deg": 48, "phase": "cruise"}, "geometry": {"type": "Point", "coordinates": [99.421823, 9.10778, 10668.0]}}, {"type": "Feature", "properties": {"flight_key": "PGY149_VTSG_VTSM_2025-12-23 01:38", "callsign": "PGY149", "aircraft_type": "A320", "adep": "VTSG", "ades": "VTSM", "epoch_ts": "2025-12-23 02:38:00+00:00", "altitude_ft": 35000.0, "tas_kt": null, "gs_kt": 460.0, "track_deg": 48, "phase": "cruise"}, "geometry": {"type": "Point", "coordinates": [99.520002, 9.19472, 10668.0]}}, {"type": "Feature", "properties": {"flight_key": "PGY149_VTSG_VTSM_2025-12-23 01:38", "callsign": "PGY149", "aircraft_type": "A320", "adep": "VTSG", "ades": "VTSM", "epoch_ts": "2025-12-23 02:44:00+00:00", "altitude_ft": 35000.0, "tas_kt": null, "gs_kt": 460.0, "track_deg": 48, "phase": "cruise"}, "geometry": {"type": "Point", "coordinates": [99.618213, 9.281624, 10668.0]}}, {"type": "Feature", "properties": {"flight_key": "PGY149_VTSG_VTSM_2025-12-23 01:38", "callsign": "PGY149", "aircraft_type": "A320", "adep": "VTSG", "ades": "VTSM", "epoch_ts": "2025-12-23 02:50:00+00:00", "altitude_ft": 35000.0, "tas_kt": null, "gs_kt": 460.0, "track_deg": 48, "phase": "cruise"}, "geometry": {"type": "Point", "coordinates": [99.716436, 9.368513, 10668.0]}}, {"type": "Feature", "properties": {"flight_key": "PGY149_VTSG_VTSM_2025-12-23 01:38", "callsign": "PGY149", "aircraft_type": "A320", "adep": "VTSG", "ades": "VTSM", "epoch_ts": "2025-12-23 02:56:00+00:00", "altitude_ft": 23354.7, "tas_kt": null, "gs_kt": 270.0, "track_deg": 66, "phase": "descent"}, "geometry": {"type": "Point", "coordinates": [99.824283, 9.440484, 7118.5]}}, {"type": "Feature", "properties": {"flight_key": "PGY149_VTSG_VTSM_2025-12-23 01:38", "callsign": "PGY149", "aircraft_type": "A320", "adep": "VTSG", "ades": "VTSM", "epoch_ts": "2025-12-23 03:02:00+00:00", "altitude_ft": 11709.3, "tas_kt": null, "gs_kt": 270.0, "track_deg": 66, "phase": "descent"}, "geometry": {"type": "Point", "coordinates": [99.94394, 9.494147, 3569.0]}}, {"type": "Feature", "properties": {"flight_key": "PGY149_VTSG_VTSM_2025-12-23 01:38", "callsign": "PGY149", "aircraft_type": "A320", "adep": "VTSG", "ades": "VTSM", "epoch_ts": "2025-12-23 03:08:00+00:00", "altitude_ft": 64.0, "tas_kt": null, "gs_kt": 270.0, "track_deg": 0, "phase": "descent"}, "geometry": {"type": "Point", "coordinates": [100.0625, 9.548889, 19.5]}}, {"type": "Feature", "properties": {"feature_type": "route", "flight_key": "THA150_VTUL_VTSF_2025-12-23 01:40", "route": "DUBOL W39 NOBER W21 BKK A464 UPNEP W35 NKS", "callsign": "THA150", "aircraft_type": "A321", "adep": "VTUL", "ades": "VTSF", "rfl": 240, "sid": "DUBO1A", "star": "", "dep_rwy": "RW01", "arr_rwy": "", "eobt": "2025-12-23T01:40:00+00:00", "idents": ["VTUL", "DUBOL", "PCB", "NOBER", "BKK", "POLAK", "GUTSO", "REGOS", "DIRAX", "TUSPU", "UPNEP", "PINUN", "PAGLU", "NKS", "VTSF"]}, "geometry": {"type": "LineString", "coordinates": [[101.721944, 17.439167], [101.531667, 17.167778], [101.196667, 16.676111], [100.668333, 15.276667], [100.596111, 13.893611], [100.581667, 13.351667], [100.581667, 12.805556], [100.581667, 12.001944], [100.546667, 11.001944], [100.518889, 10.33], [100.493333, 9.703611], [100.385, 9.473611], [100.285833, 9.263611], [99.946944, 8.541667], [99.944725, 8.539617]]}}, {"type": "Feature", "properties": {"flight_key": "THA150_VTUL_VTSF_2025-12-23 01:40", "callsign": "THA150", "aircraft_type": "A321", "adep": "VTUL", "ades": "VTSF", "epoch_ts": "2025-12-23 01:40:00+00:00", "altitude_ft": 821.0, "tas_kt": null, "gs_kt": 280.0, "track_deg": 214, "phase": "climb"}, "geometry": {"type": "Point", "coordinates": [101.721944, 17.439167, 250.2]}}, {"type": "Feature", "properties": {"flight_key": "THA150_VTUL_VTSF_2025-12-23 01:40", "callsign": "THA150", "aircraft_type": "A321", "adep": "VTUL", "ades": "VTSF", "epoch_ts": "2025-12-23 01:46:00+00:00", "altitude_ft": 8547.3, "tas_kt": null, "gs_kt": 280.0, "track_deg": 213, "phase": "climb"}, "geometry": {"type": "Point", "coordinates": [101.369711, 16.930082, 2605.2]}}, {"type": "Feature", "properties": {"flight_key": "THA150_VTUL_VTSF_2025-12-23 01:40", "callsign": "THA150", "aircraft_type": "A321", "adep": "VTUL", "ades": "VTSF", "epoch_ts": "2025-12-23 01:52:00+00:00", "altitude_ft": 16273.7, "tas_kt": null, "gs_kt": 280.0, "track_deg": 200, "phase": "climb"}, "geometry": {"type": "Point", "coordinates": [101.086556, 16.38445, 4960.2]}}, {"type": "Feature", "properties": {"flight_key": "THA150_VTUL_VTSF_2025-12-23 01:40", "callsign": "THA150", "aircraft_type": "A321", "adep": "VTUL", "ades": "VTSF", "epoch_ts": "2025-12-23 01:58:00+00:00", "altitude_ft": 24000.0, "tas_kt": null, "gs_kt": 460.0, "track_deg": 200, "phase": "cruise"}, "geometry": {"type": "Point", "coordinates": [100.8679, 15.805276, 7315.2]}}, {"type": "Feature", "properties": {"flight_key": "THA150_VTUL_VTSF_2025-12-23 01:40", "callsign": "THA150", "aircraft_type": "A321", "adep": "VTUL", "ades": "VTSF", "epoch_ts": "2025-12-23 02:04:00+00:00", "altitude_ft": 24000.0, "tas_kt": null, "gs_kt": 460.0, "track_deg": 183, "phase": "cruise"}, "geometry": {"type": "Point", "coordinates": [100.665515, 15.222693, 7315.2]}}, {"type": "Feature", "properties": {"flight_key": "THA150_VTUL_VTSF_2025-12-23 01:40", "callsign": "THA150", "aircraft_type": "A321", "adep": "VTUL", "ades": "VTSF", "epoch_ts": "2025-12-23 02:10:00+00:00", "altitude_ft": 24000.0, "tas_kt": null, "gs_kt": 460.0, "track_deg": 183, "phase": "cruise"}, "geometry": {"type": "Point", "coordinates": [100.633231, 14.604461, 7315.2]}}, {"type": "Feature", "properties": {"flight_key": "THA150_VTUL_VTSF_2025-12-23 01:40", "callsign": "THA150", "aircraft_type": "A321", "adep": "VTUL", "ades": "VTSF", "epoch_ts": "2025-12-23 02:16:00+00:00", "altitude_ft": 24000.0, "tas_kt": null, "gs_kt": 460.0, "track_deg": 183, "phase": "cruise"}, "geometry": {"type": "Point", "coordinates": [100.600947, 13.98623, 7315.2]}}, {"type": "Feature", "properties": {"flight_key": "THA150_VTUL_VTSF_2025-12-23 01:40", "callsign": "THA150", "aircraft_type": "A321", "adep": "VTUL", "ades": "VTSF", "epoch_ts": "2025-12-23 02:22:00+00:00", "altitude_ft": 24000.0, "tas_kt": null, "gs_kt": 460.0, "track_deg": 181, "phase": "cruise"}, "geometry": {"type": "Point", "coordinates": [100.582088, 13.367469, 7315.2]}}, {"type": "Feature", "properties": {"flight_key": "THA150_VTUL_VTSF_2025-12-23 01:40", "callsign": "THA150", "aircraft_type": "A321", "adep": "VTUL", "ades": "VTSF", "epoch_ts": "2025-12-23 02:28:00+00:00", "altitude_ft": 24000.0, "tas_kt": null, "gs_kt": 460.0, "track_deg": 180, "phase": "cruise"}, "geometry": {"type": "Point", "coordinates": [100.581667, 12.7484, 7315.2]}}, {"type": "Feature", "properties": {"flight_key": "THA150_VTUL_VTSF_2025-12-23 01:40", "callsign": "THA150", "aircraft_type": "A321", "adep": "VTUL", "ades": "VTSF", "epoch_ts": "2025-12-23 02:34:00+00:00", "altitude_ft": 24000.0, "tas_kt": null, "gs_kt": 460.0, "track_deg": 180, "phase": "cruise"}, "geometry": {"type": "Point", "coordinates": [100.581667, 12.129326, 7315.2]}}, {"type": "Feature", "properties": {"flight_key": "THA150_VTUL_VTSF_2025-12-23 01:40", "callsign": "THA150", "aircraft_type": "A321", "adep": "VTUL", "ades": "VTSF", "epoch_ts": "2025-12-23 02:40:00+00:00", "altitude_ft": 24000.0, "tas_kt": null, "gs_kt": 460.0, "track_deg": 182, "phase": "cruise"}, "geometry": {"type": "Point", "coordinates": [100.564468, 11.510553, 7315.2]}}, {"type": "Feature", "properties": {"flight_key": "THA150_VTUL_VTSF_2025-12-23 01:40", "callsign": "THA150", "aircraft_type": "A321", "adep": "VTUL", "ades": "VTSF", "epoch_ts": "2025-12-23 02:46:00+00:00", "altitude_ft": 24000.0, "tas_kt": null, "gs_kt": 460.0, "track_deg": 182, "phase": "cruise"}, "geometry": {"type": "Point", "coordinates": [100.542117, 10.891885, 7315.2]}}, {"type": "Feature", "properties": {"flight_key": "THA150_VTUL_VTSF_2025-12-23 01:40", "callsign": "THA150", "aircraft_type": "A321", "adep": "VTUL", "ades": "VTSF", "epoch_ts": "2025-12-23 02:52:00+00:00", "altitude_ft": 24000.0, "tas_kt": null, "gs_kt": 460.0, "track_deg": 182, "phase": "cruise"}, "geometry": {"type": "Point", "coordinates": [100.516577, 10.273338, 7315.2]}}, {"type": "Feature", "properties": {"flight_key": "THA150_VTUL_VTSF_2025-12-23 01:40", "callsign": "THA150", "aircraft_type": "A321", "adep": "VTUL", "ades": "VTSF", "epoch_ts": "2025-12-23 02:58:00+00:00", "altitude_ft": 16004.3, "tas_kt": null, "gs_kt": 270.0, "track_deg": 205, "phase": "descent"}, "geometry": {"type": "Point", "coordinates": [100.472508, 9.659397, 4878.1]}}, {"type": "Feature", "properties": {"flight_key": "THA150_VTUL_VTSF_2025-12-23 01:40", "callsign": "THA150", "aircraft_type": "A321", "adep": "VTUL", "ades": "VTSF", "epoch_ts": "2025-12-23 03:04:00+00:00", "altitude_ft": 8008.7, "tas_kt": null, "gs_kt": 270.0, "track_deg": 205, "phase": "descent"}, "geometry": {"type": "Point", "coordinates": [100.20872, 9.099336, 2441.0]}}, {"type": "Feature", "properties": {"flight_key": "THA150_VTUL_VTSF_2025-12-23 01:40", "callsign": "THA150", "aircraft_type": "A321", "adep": "VTUL", "ades": "VTSF", "epoch_ts": "2025-12-23 03:10:00+00:00", "altitude_ft": 13.0, "tas_kt": null, "gs_kt": 270.0, "track_deg": 0, "phase": "descent"}, "geometry": {"type": "Point", "coordinates": [99.944725, 8.539617, 4.0]}}, {"type": "Feature", "properties": {"feature_type": "route", "flight_key": "AIQ151_VTUI_VTSG_2025-12-23 01:42", "route": "W5/W6 KKN W6 KRT W1 BKK G458 SAPUD W32 NULMA", "callsign": "AIQ151", "aircraft_type": "A333", "adep": "VTUI", "ades": "VTSG", "rfl": 220, "sid": "", "star": "NULM1E", "dep_rwy": "", "arr_rwy": "RW32", "eobt": "2025-12-23T01:42:00+00:00", "idents": ["VTUI", "KKN", "EMRUT", "KRT", "UBLOD", "MALKI", "BKK", "SAPUD", "NULMA", "VTSG"]}, "geometry": {"type": "LineString", "coordinates": [[104.118628, 17.195142], [102.788056, 16.470833], [102.5925, 16.005556], [102.139722, 14.917222], [101.436667, 14.620833], [101.198056, 14.519722], [100.596111, 13.893611], [99.134747, 9.129511], [99.041111, 8.521667], [98.985278, 8.100278]]}}, {"type": "Feature", "properties": {"flight_key": "AIQ151_VTUI_VTSG_2025-12-23 01:42", "callsign": "AIQ151", "aircraft_type": "A333", "adep": "VTUI", "ades": "VTSG", "epoch_ts": "2025-12-23 01:42:00+00:00", "altitude_ft": 529.0, "tas_kt": null, "gs_kt": 280.0, "track_deg": 240, "phase": "climb"}, "geometry": {"type": "Point", "coordinates": [104.118628, 17.195142, 161.2]}}, {"type": "Feature", "properties": {"flight_key": "AIQ151_VTUI_VTSG_2025-12-23 01:42", "callsign": "AIQ151", "aircraft_type": "A333", "adep": "VTUI", "ades": "VTSG", "epoch_ts": "2025-12-23 01:48:00+00:00", "altitude_ft": 7686.0, "tas_kt": null, "gs_kt": 280.0, "track_deg": 240, "phase": "climb"}, "geometry": {"type": "Point", "coordinates": [103.467963, 16.840947, 2342.7]}}, {"type": "Feature", "properties": {"flight_key": "AIQ151_VTUI_VTSG_2025-12-23 01:42", "callsign": "AIQ151", "aircraft_type": "A333", "adep": "VTUI", "ades": "VTSG", "epoch_ts": "2025-12-23 01:54:00+00:00", "altitude_ft": 14843.0, "tas_kt": null, "gs_kt": 280.0, "track_deg": 240, "phase": "climb"}, "geometry": {"type": "Point", "coordinates": [102.817299, 16.486751, 4524.1]}}, {"type": "Feature", "properties": {"flight_key": "AIQ151_VTUI_VTSG_2025-12-23 01:42", "callsign": "AIQ151", "aircraft_type": "A333", "adep": "VTUI", "ades": "VTSG", "epoch_ts": "2025-12-23 02:00:00+00:00", "altitude_ft": 22000.0, "tas_kt": null, "gs_kt": 460.0, "track_deg": 202, "phase": "cruise"}, "geometry": {"type": "Point", "coordinates": [102.514592, 15.81829, 6705.6]}}, {"type": "Feature", "properties": {"flight_key": "AIQ151_VTUI_VTSG_2025-12-23 01:42", "callsign": "AIQ151", "aircraft_type": "A333", "adep": "VTUI", "ades": "VTSG", "epoch_ts": "2025-12-23 02:06:00+00:00", "altitude_ft": 22000.0, "tas_kt": null, "gs_kt": 460.0, "track_deg": 202, "phase": "cruise"}, "geometry": {"type": "Point", "coordinates": [102.230032, 15.134298, 6705.6]}}, {"type": "Feature", "properties": {"flight_key": "AIQ151_VTUI_VTSG_2025-12-23 01:42", "callsign": "AIQ151", "aircraft_type": "A333", "adep": "VTUI", "ades": "VTSG", "epoch_ts": "2025-12-23 02:12:00+00:00", "altitude_ft": 22000.0, "tas_kt": null, "gs_kt": 460.0, "track_deg": 246, "phase": "cruise"}, "geometry": {"type": "Point", "coordinates": [101.673728, 14.720772, 6705.6]}}, {"type": "Feature", "properties": {"flight_key": "AIQ151_VTUI_VTSG_2025-12-23 01:42", "callsign": "AIQ151", "aircraft_type": "A333", "adep": "VTUI", "ades": "VTSG", "epoch_ts": "2025-12-23 02:18:00+00:00", "altitude_ft": 22000.0, "tas_kt": null, "gs_kt": 460.0, "track_deg": 223, "phase": "cruise"}, "geometry": {"type": "Point", "coordinates": [101.042529, 14.357951, 6705.6]}}, {"type": "Feature", "properties": {"flight_key": "AIQ151_VTUI_VTSG_2025-12-23 01:42", "callsign": "AIQ151", "aircraft_type": "A333", "adep": "VTUI", "ades": "VTSG", "epoch_ts": "2025-12-23 02:24:00+00:00", "altitude_ft": 22000.0, "tas_kt": null, "gs_kt": 460.0, "track_deg": 197, "phase": "cruise"}, "geometry": {"type": "Point", "coordinates": [100.567754, 13.801167, 6705.6]}}, {"type": "Feature", "properties": {"flight_key": "AIQ151_VTUI_VTSG_2025-12-23 01:42", "callsign": "AIQ151", "aircraft_type": "A333", "adep": "VTUI", "ades": "VTSG", "epoch_ts": "2025-12-23 02:30:00+00:00", "altitude_ft": 22000.0, "tas_kt": null, "gs_kt": 460.0, "track_deg": 197, "phase": "cruise"}, "geometry": {"type": "Point", "coordinates": [100.350502, 13.092915, 6705.6]}}, {"type": "Feature", "properties": {"flight_key": "AIQ151_VTUI_VTSG_2025-12-23 01:42", "callsign": "AIQ151", "aircraft_type": "A333", "adep": "VTUI", "ades": "VTSG", "epoch_ts": "2025-12-23 02:36:00+00:00", "altitude_ft": 22000.0, "tas_kt": null, "gs_kt": 460.0, "track_deg": 197, "phase": "cruise"}, "geometry": {"type": "Point", "coordinates": [100.133249, 12.384664, 6705.6]}}, {"type": "Feature", "properties": {"flight_key": "AIQ151_VTUI_VTSG_2025-12-23 01:42", "callsign": "AIQ151", "aircraft_type": "A333", "adep": "VTUI", "ades": "VTSG", "epoch_ts": "2025-12-23 02:42:00+00:00", "altitude_ft": 22000.0, "tas_kt": null, "gs_kt": 460.0, "track_deg": 197, "phase": "cruise"}, "geometry": {"type": "Point", "coordinates": [99.915996, 11.676412, 6705.6]}}, {"type": "Feature", "properties": {"flight_key": "AIQ151_VTUI_VTSG_2025-12-23 01:42", "callsign": "AIQ151", "aircraft_type": "A333", "adep": "VTUI", "ades": "VTSG", "epoch_ts": "2025-12-23 02:48:00+00:00", "altitude_ft": 22000.0, "tas_kt": null, "gs_kt": 460.0, "track_deg": 197, "phase": "cruise"}, "geometry": {"type": "Point", "coordinates": [99.698744, 10.968161, 6705.6]}}, {"type": "Feature", "properties": {"flight_key": "AIQ151_VTUI_VTSG_2025-12-23 01:42", "callsign": "AIQ151", "aircraft_type": "A333", "adep": "VTUI", "ades": "VTSG", "epoch_ts": "2025-12-23 02:54:00+00:00", "altitude_ft": 22000.0, "tas_kt": null, "gs_kt": 460.0, "track_deg": 197, "phase": "cruise"}, "geometry": {"type": "Point", "coordinates": [99.481491, 10.259909, 6705.6]}}, {"type": "Feature", "properties": {"flight_key": "AIQ151_VTUI_VTSG_2025-12-23 01:42", "callsign": "AIQ151", "aircraft_type": "A333", "adep": "VTUI", "ades": "VTSG", "epoch_ts": "2025-12-23 03:00:00+00:00", "altitude_ft": 14697.7, "tas_kt": null, "gs_kt": 270.0, "track_deg": 197, "phase": "descent"}, "geometry": {"type": "Point", "coordinates": [99.264238, 9.551658, 4479.8]}}, {"type": "Feature", "properties": {"flight_key": "AIQ151_VTUI_VTSG_2025-12-23 01:42", "callsign": "AIQ151", "aircraft_type": "A333", "adep": "VTUI", "ades": "VTSG", "epoch_ts": "2025-12-23 03:06:00+00:00", "altitude_ft": 7395.3, "tas_kt": null, "gs_kt": 270.0, "track_deg": 189, "phase": "descent"}, "geometry": {"type": "Point", "coordinates": [99.089184, 8.833737, 2254.1]}}, {"type": "Feature", "properties": {"flight_key": "AIQ151_VTUI_VTSG_2025-12-23 01:42", "callsign": "AIQ151", "aircraft_type": "A333", "adep": "VTUI", "ades": "VTSG", "epoch_ts": "2025-12-23 03:12:00+00:00", "altitude_ft": 93.0, "tas_kt": null, "gs_kt": 270.0, "track_deg": 0, "phase": "descent"}, "geometry": {"type": "Point", "coordinates": [98.985278, 8.100278, 28.3]}}, {"type": "Feature", "properties": {"feature_type": "route", "flight_key": "TGW152_VTCL_VTST_2025-12-23 01:44", "route": "VENAG W23 PSL Y28 BKK Y8 SAPUD W24 TRN", "callsign": "TGW152", "aircraft_type": "A359", "adep": "VTCL", "ades": "VTST", "rfl": 290, "sid": "VENA1C", "star": "", "dep_rwy": "RW36", "arr_rwy": "", "eobt": "2025-12-23T01:44:00+00:00", "idents": ["VTCL", "VENAG", "PIVUT", "POLOB", "PSL", "PEBLI", "BLAFF", "BKK", "SAPUD", "TRN", "VTST"]}, "geometry": {"type": "LineString", "coordinates": [[99.504167, 18.270833], [99.699444, 17.903056], [99.764722, 17.778889], [100.057778, 17.219167], [100.291389, 16.770278], [100.293333, 16.268333], [100.2975, 15.275833], [100.596111, 13.893611], [99.134747, 9.129511], [99.626111, 7.508889], [99.615833, 7.508611]]}}, {"type": "Feature", "properties": {"flight_key": "TGW152_VTCL_VTST_2025-12-23 01:44", "callsign": "TGW152", "aircraft_type": "A359", "adep": "VTCL", "ades": "VTST", "epoch_ts": "2025-12-23 01:44:00+00:00", "altitude_ft": 814.0, "tas_kt": null, "gs_kt": 280.0, "track_deg": 153, "phase": "climb"}, "geometry": {"type": "Point", "coordinates": [99.504167, 18.270833, 248.1]}}, {"type": "Feature", "properties": {"flight_key": "TGW152_VTCL_VTST_2025-12-23 01:44", "callsign": "TGW152", "aircraft_type": "A359", "adep": "VTCL", "ades": "VTST", "epoch_ts": "2025-12-23 01:50:00+00:00", "altitude_ft": 10209.3, "tas_kt": null, "gs_kt": 280.0, "track_deg": 153, "phase": "climb"}, "geometry": {"type": "Point", "coordinates": [99.855628, 17.605263, 3111.8]}}, {"type": "Feature", "properties": {"flight_key": "TGW152_VTCL_VTST_2025-12-23 01:44", "callsign": "TGW152", "aircraft_type": "A359", "adep": "VTCL", "ades": "VTST", "epoch_ts": "2025-12-23 01:56:00+00:00", "altitude_ft": 19604.7, "tas_kt": null, "gs_kt": 280.0, "track_deg": 154, "phase": "climb"}, "geometry": {"type": "Point", "coordinates": [100.204052, 16.938097, 5975.5]}}, {"type": "Feature", "properties": {"flight_key": "TGW152_VTCL_VTST_2025-12-23 01:44", "callsign": "TGW152", "aircraft_type": "A359", "adep": "VTCL", "ades": "VTST", "epoch_ts": "2025-12-23 02:02:00+00:00", "altitude_ft": 29000.0, "tas_kt": null, "gs_kt": 460.0, "track_deg": 180, "phase": "cruise"}, "geometry": {"type": "Point", "coordinates": [100.293591, 16.206798, 8839.2]}}, {"type": "Feature", "properties": {"flight_key": "TGW152_VTCL_VTST_2025-12-23 01:44", "callsign": "TGW152", "aircraft_type": "A359", "adep": "VTCL", "ades": "VTST", "epoch_ts": "2025-12-23 02:08:00+00:00", "altitude_ft": 29000.0, "tas_kt": null, "gs_kt": 460.0, "track_deg": 180, "phase": "cruise"}, "geometry": {"type": "Point", "coordinates": [100.296751, 15.454135, 8839.2]}}, {"type": "Feature", "properties": {"flight_key": "TGW152_VTCL_VTST_2025-12-23 01:44", "callsign": "TGW152", "aircraft_type": "A359", "adep": "VTCL", "ades": "VTST", "epoch_ts": "2025-12-23 02:14:00+00:00", "altitude_ft": 29000.0, "tas_kt": null, "gs_kt": 460.0, "track_deg": 168, "phase": "cruise"}, "geometry": {"type": "Point", "coordinates": [100.418786, 14.714419, 8839.2]}}, {"type": "Feature", "properties": {"flight_key": "TGW152_VTCL_VTST_2025-12-23 01:44", "callsign": "TGW152", "aircraft_type": "A359", "adep": "VTCL", "ades": "VTST", "epoch_ts": "2025-12-23 02:20:00+00:00", "altitude_ft": 29000.0, "tas_kt": null, "gs_kt": 460.0, "track_deg": 168, "phase": "cruise"}, "geometry": {"type": "Point", "coordinates": [100.577724, 13.978722, 8839.2]}}, {"type": "Feature", "properties": {"flight_key": "TGW152_VTCL_VTST_2025-12-23 01:44", "callsign": "TGW152", "aircraft_type": "A359", "adep": "VTCL", "ades": "VTST", "epoch_ts": "2025-12-23 02:26:00+00:00", "altitude_ft": 29000.0, "tas_kt": null, "gs_kt": 460.0, "track_deg": 197, "phase": "cruise"}, "geometry": {"type": "Point", "coordinates": [100.40092, 13.25728, 8839.2]}}, {"type": "Feature", "properties": {"flight_key": "TGW152_VTCL_VTST_2025-12-23 01:44", "callsign": "TGW152", "aircraft_type": "A359", "adep": "VTCL", "ades": "VTST", "epoch_ts": "2025-12-23 02:32:00+00:00", "altitude_ft": 29000.0, "tas_kt": null, "gs_kt": 460.0, "track_deg": 197, "phase": "cruise"}, "geometry": {"type": "Point", "coordinates": [100.180193, 12.537703, 8839.2]}}, {"type": "Feature", "properties": {"flight_key": "TGW152_VTCL_VTST_2025-12-23 01:44", "callsign": "TGW152", "aircraft_type": "A359", "adep": "VTCL", "ades": "VTST", "epoch_ts": "2025-12-23 02:38:00+00:00", "altitude_ft": 29000.0, "tas_kt": null, "gs_kt": 460.0, "track_deg": 197, "phase": "cruise"}, "geometry": {"type": "Point", "coordinates": [99.959466, 11.818126, 8839.2]}}, {"type": "Feature", "properties": {"flight_key": "TGW152_VTCL_VTST_2025-12-23 01:44", "callsign": "TGW152", "aircraft_type": "A359", "adep": "VTCL", "ades": "VTST", "epoch_ts": "2025-12-23 02:44:00+00:00", "altitude_ft": 29000.0, "tas_kt": null, "gs_kt": 460.0, "track_deg": 197, "phase": "cruise"}, "geometry": {"type": "Point", "coordinates": [99.73874, 11.098549, 8839.2]}}, {"type": "Feature", "properties": {"flight_key": "TGW152_VTCL_VTST_2025-12-23 01:44", "callsign": "TGW152", "aircraft_type": "A359", "adep": "VTCL", "ades": "VTST", "epoch_ts": "2025-12-23 02:50:00+00:00", "altitude_ft": 29000.0, "tas_kt": null, "gs_kt": 460.0, "track_deg": 197, "phase": "cruise"}, "geometry": {"type": "Point", "coordinates": [99.518013, 10.378972, 8839.2]}}, {"type": "Feature", "properties": {"flight_key": "TGW152_VTCL_VTST_2025-12-23 01:44", "callsign": "TGW152", "aircraft_type": "A359", "adep": "VTCL", "ades": "VTST", "epoch_ts": "2025-12-23 02:56:00+00:00", "altitude_ft": 29000.0, "tas_kt": null, "gs_kt": 460.0, "track_deg": 197, "phase": "cruise"}, "geometry": {"type": "Point", "coordinates": [99.297286, 9.659395, 8839.2]}}, {"type": "Feature", "properties": {"flight_key": "TGW152_VTCL_VTST_2025-12-23 01:44", "callsign": "TGW152", "aircraft_type": "A359", "adep": "VTCL", "ades": "VTST", "epoch_ts": "2025-12-23 03:02:00+00:00", "altitude_ft": 19355.7, "tas_kt": null, "gs_kt": 270.0, "track_deg": 163, "phase": "descent"}, "geometry": {"type": "Point", "coordinates": [99.192318, 8.93963, 5899.6]}}, {"type": "Feature", "properties": {"flight_key": "TGW152_VTCL_VTST_2025-12-23 01:44", "callsign": "TGW152", "aircraft_type": "A359", "adep": "VTCL", "ades": "VTST", "epoch_ts": "2025-12-23 03:08:00+00:00", "altitude_ft": 9711.3, "tas_kt": null, "gs_kt": 270.0, "track_deg": 163, "phase": "descent"}, "geometry": {"type": "Point", "coordinates": [99.410706, 8.21934, 2960.0]}}, {"type": "Feature", "properties": {"flight_key": "TGW152_VTCL_VTST_2025-12-23 01:44", "callsign": "TGW152", "aircraft_type": "A359", "adep": "VTCL", "ades": "VTST", "epoch_ts": "2025-12-23 03:14:00+00:00", "altitude_ft": 67.0, "tas_kt": null, "gs_kt": 270.0, "track_deg": 0, "phase": "descent"}, "geometry": {"type": "Point", "coordinates": [99.615833, 7.508611, 20.4]}}, {"type": "Feature", "properties": {"feature_type": "route", "flight_key": "BKP153_VTCC_VTSB_2025-12-23 01:46", "route": "PANTA Y7 BKK Y8 IKERA", "callsign": "BKP153", "aircraft_type": "B77W", "adep": "VTCC", "ades": "VTSB", "rfl": 370, "sid": "PANT2C", "star": "IKER1A", "dep_rwy": "RW36", "arr_rwy": "RW22", "eobt": "2025-12-23T01:46:00+00:00", "idents": ["VTCC", "PANTA", "KEXIL", "IGPOP", "PAKMO", "BLAFF", "BKK", "MOTNA", "SABIS", "VANKO", "BUXEL", "MENEX", "IKERA", "VTSB"]}, "geometry": {"type": "LineString", "coordinates": [[98.962778, 18.771389], [99.321389, 18.230833], [99.498333, 17.701111], [99.785556, 16.833889], [99.948889, 16.336944], [100.2975, 15.275833], [100.596111, 13.893611], [100.385, 13.186111], [100.190278, 12.999722], [99.760556, 12.586389], [99.761111, 11.728333], [99.761944, 11.141944], [99.258889, 9.529444], [99.139167, 9.136111]]}}, {"type": "Feature", "properties": {"flight_key": "BKP153_VTCC_VTSB_2025-12-23 01:46", "callsign": "BKP153", "aircraft_type": "B77W", "adep": "VTCC", "ades": "VTSB", "epoch_ts": "2025-12-23 01:46:00+00:00", "altitude_ft": 1006.9, "tas_kt": null, "gs_kt": 280.0, "track_deg": 148, "phase": "climb"}, "geometry": {"type": "Point", "coordinates": [98.962778, 18.771389, 306.9]}}, {"type": "Feature", "properties": {"flight_key": "BKP153_VTCC_VTSB_2025-12-23 01:46", "callsign": "BKP153", "aircraft_type": "B77W", "adep": "VTCC", "ades": "VTSB", "epoch_ts": "2025-12-23 01:52:00+00:00", "altitude_ft": 13004.6, "tas_kt": null, "gs_kt": 280.0, "track_deg": 162, "phase": "climb"}, "geometry": {"type": "Point", "coordinates": [99.333921, 18.193316, 3963.8]}}, {"type": "Feature", "properties": {"flight_key": "BKP153_VTCC_VTSB_2025-12-23 01:46", "callsign": "BKP153", "aircraft_type": "B77W", "adep": "VTCC", "ades": "VTSB", "epoch_ts": "2025-12-23 01:58:00+00:00", "altitude_ft": 25002.3, "tas_kt": null, "gs_kt": 280.0, "track_deg": 162, "phase": "climb"}, "geometry": {"type": "Point", "coordinates": [99.551564, 17.540388, 7620.7]}}, {"type": "Feature", "properties": {"flight_key": "BKP153_VTCC_VTSB_2025-12-23 01:46", "callsign": "BKP153", "aircraft_type": "B77W", "adep": "VTCC", "ades": "VTSB", "epoch_ts": "2025-12-23 02:04:00+00:00", "altitude_ft": 37000.0, "tas_kt": null, "gs_kt": 460.0, "track_deg": 162, "phase": "cruise"}, "geometry": {"type": "Point", "coordinates": [99.767952, 16.887042, 11277.6]}}, {"type": "Feature", "properties": {"flight_key": "BKP153_VTCC_VTSB_2025-12-23 01:46", "callsign": "BKP153", "aircraft_type": "B77W", "adep": "VTCC", "ades": "VTSB", "epoch_ts": "2025-12-23 02:10:00+00:00", "altitude_ft": 37000.0, "tas_kt": null, "gs_kt": 460.0, "track_deg": 162, "phase": "cruise"}, "geometry": {"type": "Point", "coordinates": [99.982959, 16.23324, 11277.6]}}, {"type": "Feature", "properties": {"flight_key": "BKP153_VTCC_VTSB_2025-12-23 01:46", "callsign": "BKP153", "aircraft_type": "B77W", "adep": "VTCC", "ades": "VTSB", "epoch_ts": "2025-12-23 02:16:00+00:00", "altitude_ft": 37000.0, "tas_kt": null, "gs_kt": 460.0, "track_deg": 162, "phase": "cruise"}, "geometry": {"type": "Point", "coordinates": [100.197776, 15.579376, 11277.6]}}, {"type": "Feature", "properties": {"flight_key": "BKP153_VTCC_VTSB_2025-12-23 01:46", "callsign": "BKP153", "aircraft_type": "B77W", "adep": "VTCC", "ades": "VTSB", "epoch_ts": "2025-12-23 02:22:00+00:00", "altitude_ft": 37000.0, "tas_kt": null, "gs_kt": 460.0, "track_deg": 168, "phase": "cruise"}, "geometry": {"type": "Point", "coordinates": [100.375366, 14.915405, 11277.6]}}, {"type": "Feature", "properties": {"flight_key": "BKP153_VTCC_VTSB_2025-12-23 01:46", "callsign": "BKP153", "aircraft_type": "B77W", "adep": "VTCC", "ades": "VTSB", "epoch_ts": "2025-12-23 02:28:00+00:00", "altitude_ft": 37000.0, "tas_kt": null, "gs_kt": 460.0, "track_deg": 168, "phase": "cruise"}, "geometry": {"type": "Point", "coordinates": [100.5207, 14.242677, 11277.6]}}, {"type": "Feature", "properties": {"flight_key": "BKP153_VTCC_VTSB_2025-12-23 01:46", "callsign": "BKP153", "aircraft_type": "B77W", "adep": "VTCC", "ades": "VTSB", "epoch_ts": "2025-12-23 02:34:00+00:00", "altitude_ft": 37000.0, "tas_kt": null, "gs_kt": 460.0, "track_deg": 196, "phase": "cruise"}, "geometry": {"type": "Point", "coordinates": [100.501431, 13.576307, 11277.6]}}, {"type": "Feature", "properties": {"flight_key": "BKP153_VTCC_VTSB_2025-12-23 01:46", "callsign": "BKP153", "aircraft_type": "B77W", "adep": "VTCC", "ades": "VTSB", "epoch_ts": "2025-12-23 02:40:00+00:00", "altitude_ft": 37000.0, "tas_kt": null, "gs_kt": 460.0, "track_deg": 225, "phase": "cruise"}, "geometry": {"type": "Point", "coordinates": [100.181989, 12.99175, 11277.6]}}, {"type": "Feature", "properties": {"flight_key": "BKP153_VTCC_VTSB_2025-12-23 01:46", "callsign": "BKP153", "aircraft_type": "B77W", "adep": "VTCC", "ades": "VTSB", "epoch_ts": "2025-12-23 02:46:00+00:00", "altitude_ft": 37000.0, "tas_kt": null, "gs_kt": 460.0, "track_deg": 180, "phase": "cruise"}, "geometry": {"type": "Point", "coordinates": [99.760623, 12.482883, 11277.6]}}, {"type": "Feature", "properties": {"flight_key": "BKP153_VTCC_VTSB_2025-12-23 01:46", "callsign": "BKP153", "aircraft_type": "B77W", "adep": "VTCC", "ades": "VTSB", "epoch_ts": "2025-12-23 02:52:00+00:00", "altitude_ft": 37000.0, "tas_kt": null, "gs_kt": 460.0, "track_deg": 180, "phase": "cruise"}, "geometry": {"type": "Point", "coordinates": [99.761068, 11.794636, 11277.6]}}, {"type": "Feature", "properties": {"flight_key": "BKP153_VTCC_VTSB_2025-12-23 01:46", "callsign": "BKP153", "aircraft_type": "B77W", "adep": "VTCC", "ades": "VTSB", "epoch_ts": "2025-12-23 02:58:00+00:00", "altitude_ft": 37000.0, "tas_kt": null, "gs_kt": 460.0, "track_deg": 197, "phase": "cruise"}, "geometry": {"type": "Point", "coordinates": [99.751355, 11.108002, 11277.6]}}, {"type": "Feature", "properties": {"flight_key": "BKP153_VTCC_VTSB_2025-12-23 01:46", "callsign": "BKP153", "aircraft_type": "B77W", "adep": "VTCC", "ades": "VTSB", "epoch_ts": "2025-12-23 03:04:00+00:00", "altitude_ft": 24672.7, "tas_kt": null, "gs_kt": 270.0, "track_deg": 197, "phase": "descent"}, "geometry": {"type": "Point", "coordinates": [99.546384, 10.450985, 7520.2]}}, {"type": "Feature", "properties": {"flight_key": "BKP153_VTCC_VTSB_2025-12-23 01:46", "callsign": "BKP153", "aircraft_type": "B77W", "adep": "VTCC", "ades": "VTSB", "epoch_ts": "2025-12-23 03:10:00+00:00", "altitude_ft": 12345.3, "tas_kt": null, "gs_kt": 270.0, "track_deg": 197, "phase": "descent"}, "geometry": {"type": "Point", "coordinates": [99.341413, 9.793968, 3762.9]}}, {"type": "Feature", "properties": {"flight_key": "BKP153_VTCC_VTSB_2025-12-23 01:46", "callsign": "BKP153", "aircraft_type": "B77W", "adep": "VTCC", "ades": "VTSB", "epoch_ts": "2025-12-23 03:16:00+00:00", "altitude_ft": 18.0, "tas_kt": null, "gs_kt": 270.0, "track_deg": 0, "phase": "descent"}, "geometry": {"type": "Point", "coordinates": [99.139167, 9.136111, 5.5]}}, {"type": "Feature", "properties": {"feature_type": "route", "flight_key": "DMK154_VTUD_VTSB_2025-12-23 01:48", "route": "Y1 UBLOD Y20 BKK Y8 IKERA", "callsign": "DMK154", "aircraft_type": "B789", "adep": "VTUD", "ades": "VTSB", "rfl": 340, "sid": "", "star": "IKER1A", "dep_rwy": "", "arr_rwy": "RW22", "eobt": "2025-12-23T01:48:00+00:00", "idents": ["VTUD", "UBLOD", "MALKI", "BKK", "MOTNA", "SABIS", "VANKO", "BUXEL", "MENEX", "IKERA", "VTSB"]}, "geometry": {"type": "LineString", "coordinates": [[102.788247, 17.386436], [101.436667, 14.620833], [101.198056, 14.519722], [100.596111, 13.893611], [100.385, 13.186111], [100.190278, 12.999722], [99.760556, 12.586389], [99.761111, 11.728333], [99.761944, 11.141944], [99.258889, 9.529444], [99.139167, 9.136111]]}}, {"type": "Feature", "properties": {"flight_key": "DMK154_VTUD_VTSB_2025-12-23 01:48", "callsign": "DMK154", "aircraft_type": "B789", "adep": "VTUD", "ades": "VTSB", "epoch_ts": "2025-12-23 01:48:00+00:00", "altitude_ft": 579.0, "tas_kt": null, "gs_kt": 280.0, "track_deg": 205, "phase": "climb"}, "geometry": {"type": "Point", "coordinates": [102.788247, 17.386436, 176.5]}}, {"type": "Feature", "properties": {"flight_key": "DMK154_VTUD_VTSB_2025-12-23 01:48", "callsign": "DMK154", "aircraft_type": "B789", "adep": "VTUD", "ades": "VTSB", "epoch_ts": "2025-12-23 01:54:00+00:00", "altitude_ft": 11719.3, "tas_kt": null, "gs_kt": 280.0, "track_deg": 205, "phase": "climb"}, "geometry": {"type": "Point", "coordinates": [102.514414, 16.826119, 3572.1]}}, {"type": "Feature", "properties": {"flight_key": "DMK154_VTUD_VTSB_2025-12-23 01:48", "callsign": "DMK154", "aircraft_type": "B789", "adep": "VTUD", "ades": "VTSB", "epoch_ts": "2025-12-23 02:00:00+00:00", "altitude_ft": 22859.7, "tas_kt": null, "gs_kt": 280.0, "track_deg": 205, "phase": "climb"}, "geometry": {"type": "Point", "coordinates": [102.240581, 16.265803, 6967.6]}}, {"type": "Feature", "properties": {"flight_key": "DMK154_VTUD_VTSB_2025-12-23 01:48", "callsign": "DMK154", "aircraft_type": "B789", "adep": "VTUD", "ades": "VTSB", "epoch_ts": "2025-12-23 02:06:00+00:00", "altitude_ft": 34000.0, "tas_kt": null, "gs_kt": 460.0, "track_deg": 205, "phase": "cruise"}, "geometry": {"type": "Point", "coordinates": [101.966749, 15.705486, 10363.2]}}, {"type": "Feature", "properties": {"flight_key": "DMK154_VTUD_VTSB_2025-12-23 01:48", "callsign": "DMK154", "aircraft_type": "B789", "adep": "VTUD", "ades": "VTSB", "epoch_ts": "2025-12-23 02:12:00+00:00", "altitude_ft": 34000.0, "tas_kt": null, "gs_kt": 460.0, "track_deg": 205, "phase": "cruise"}, "geometry": {"type": "Point", "coordinates": [101.692916, 15.145169, 10363.2]}}, {"type": "Feature", "properties": {"flight_key": "DMK154_VTUD_VTSB_2025-12-23 01:48", "callsign": "DMK154", "aircraft_type": "B789", "adep": "VTUD", "ades": "VTSB", "epoch_ts": "2025-12-23 02:18:00+00:00", "altitude_ft": 34000.0, "tas_kt": null, "gs_kt": 460.0, "track_deg": 246, "phase": "cruise"}, "geometry": {"type": "Point", "coordinates": [101.399794, 14.605208, 10363.2]}}, {"type": "Feature", "properties": {"flight_key": "DMK154_VTUD_VTSB_2025-12-23 01:48", "callsign": "DMK154", "aircraft_type": "B789", "adep": "VTUD", "ades": "VTSB", "epoch_ts": "2025-12-23 02:24:00+00:00", "altitude_ft": 34000.0, "tas_kt": null, "gs_kt": 460.0, "track_deg": 223, "phase": "cruise"}, "geometry": {"type": "Point", "coordinates": [100.917681, 14.228091, 10363.2]}}, {"type": "Feature", "properties": {"flight_key": "DMK154_VTUD_VTSB_2025-12-23 01:48", "callsign": "DMK154", "aircraft_type": "B789", "adep": "VTUD", "ades": "VTSB", "epoch_ts": "2025-12-23 02:30:00+00:00", "altitude_ft": 34000.0, "tas_kt": null, "gs_kt": 460.0, "track_deg": 196, "phase": "cruise"}, "geometry": {"type": "Point", "coordinates": [100.550458, 13.740614, 10363.2]}}, {"type": "Feature", "properties": {"flight_key": "DMK154_VTUD_VTSB_2025-12-23 01:48", "callsign": "DMK154", "aircraft_type": "B789", "adep": "VTUD", "ades": "VTSB", "epoch_ts": "2025-12-23 02:36:00+00:00", "altitude_ft": 34000.0, "tas_kt": null, "gs_kt": 460.0, "track_deg": 225, "phase": "cruise"}, "geometry": {"type": "Point", "coordinates": [100.352501, 13.155003, 10363.2]}}, {"type": "Feature", "properties": {"flight_key": "DMK154_VTUD_VTSB_2025-12-23 01:48", "callsign": "DMK154", "aircraft_type": "B789", "adep": "VTUD", "ades": "VTSB", "epoch_ts": "2025-12-23 02:42:00+00:00", "altitude_ft": 34000.0, "tas_kt": null, "gs_kt": 460.0, "track_deg": 225, "phase": "cruise"}, "geometry": {"type": "Point", "coordinates": [99.90265, 12.723063, 10363.2]}}, {"type": "Feature", "properties": {"flight_key": "DMK154_VTUD_VTSB_2025-12-23 01:48", "callsign": "DMK154", "aircraft_type": "B789", "adep": "VTUD", "ades": "VTSB", "epoch_ts": "2025-12-23 02:48:00+00:00", "altitude_ft": 34000.0, "tas_kt": null, "gs_kt": 460.0, "track_deg": 180, "phase": "cruise"}, "geometry": {"type": "Point", "coordinates": [99.760832, 12.159895, 10363.2]}}, {"type": "Feature", "properties": {"flight_key": "DMK154_VTUD_VTSB_2025-12-23 01:48", "callsign": "DMK154", "aircraft_type": "B789", "adep": "VTUD", "ades": "VTSB", "epoch_ts": "2025-12-23 02:54:00+00:00", "altitude_ft": 34000.0, "tas_kt": null, "gs_kt": 460.0, "track_deg": 180, "phase": "cruise"}, "geometry": {"type": "Point", "coordinates": [99.761384, 11.536246, 10363.2]}}, {"type": "Feature", "properties": {"flight_key": "DMK154_VTUD_VTSB_2025-12-23 01:48", "callsign": "DMK154", "aircraft_type": "B789", "adep": "VTUD", "ades": "VTSB", "epoch_ts": "2025-12-23 03:00:00+00:00", "altitude_ft": 34000.0, "tas_kt": null, "gs_kt": 460.0, "track_deg": 197, "phase": "cruise"}, "geometry": {"type": "Point", "coordinates": [99.693641, 10.923003, 10363.2]}}, {"type": "Feature", "properties": {"flight_key": "DMK154_VTUD_VTSB_2025-12-23 01:48", "callsign": "DMK154", "aircraft_type": "B789", "adep": "VTUD", "ades": "VTSB", "epoch_ts": "2025-12-23 03:06:00+00:00", "altitude_ft": 22672.7, "tas_kt": null, "gs_kt": 270.0, "track_deg": 197, "phase": "descent"}, "geometry": {"type": "Point", "coordinates": [99.507908, 10.327652, 6910.6]}}, {"type": "Feature", "properties": {"flight_key": "DMK154_VTUD_VTSB_2025-12-23 01:48", "callsign": "DMK154", "aircraft_type": "B789", "adep": "VTUD", "ades": "VTSB", "epoch_ts": "2025-12-23 03:12:00+00:00", "altitude_ft": 11345.3, "tas_kt": null, "gs_kt": 270.0, "track_deg": 197, "phase": "descent"}, "geometry": {"type": "Point", "coordinates": [99.322175, 9.732302, 3458.1]}}, {"type": "Feature", "properties": {"flight_key": "DMK154_VTUD_VTSB_2025-12-23 01:48", "callsign": "DMK154", "aircraft_type": "B789", "adep": "VTUD", "ades": "VTSB", "epoch_ts": "2025-12-23 03:18:00+00:00", "altitude_ft": 18.0, "tas_kt": null, "gs_kt": 270.0, "track_deg": 180, "phase": "descent"}, "geometry": {"type": "Point", "coordinates": [99.139167, 9.136111, 5.5]}}, {"type": "Feature", "properties": {"feature_type": "route", "flight_key": "SEH155_VTBD_VTCL_2025-12-23 01:50", "route": "SEMBO A464 TOPAS DCT LPN", "callsign": "SEH155", "aircraft_type": "B763", "adep": "VTBD", "ades": "VTCL", "rfl": 240, "sid": "SEMB2B", "star": "", "dep_rwy": "RW03L", "arr_rwy": "", "eobt": "2025-12-23T01:50:00+00:00", "idents": ["VTBD", "SEMBO", "BEKOD", "TOPAS", "LPN", "VTCL"]}, "geometry": {"type": "LineString", "coordinates": [[100.605692, 13.914372], [100.263333, 14.899722], [99.776667, 16.354722], [99.399444, 17.487778], [99.502222, 18.276667], [99.504167, 18.270833]]}}, {"type": "Feature", "properties": {"flight_key": "SEH155_VTBD_VTCL_2025-12-23 01:50", "callsign": "SEH155", "aircraft_type": "B763", "adep": "VTBD", "ades": "VTCL", "epoch_ts": "2025-12-23 01:50:00+00:00", "altitude_ft": 7.0, "tas_kt": null, "gs_kt": 280.0, "track_deg": 341, "phase": "climb"}, "geometry": {"type": "Point", "coordinates": [100.605692, 13.914372, 2.1]}}, {"type": "Feature", "properties": {"flight_key": "SEH155_VTBD_VTCL_2025-12-23 01:50", "callsign": "SEH155", "aircraft_type": "B763", "adep": "VTBD", "ades": "VTCL", "epoch_ts": "2025-12-23 01:56:00+00:00", "altitude_ft": 8004.7, "tas_kt": null, "gs_kt": 280.0, "track_deg": 341, "phase": "climb"}, "geometry": {"type": "Point", "coordinates": [100.505628, 14.202368, 2439.8]}}, {"type": "Feature", "properties": {"flight_key": "SEH155_VTBD_VTCL_2025-12-23 01:50", "callsign": "SEH155", "aircraft_type": "B763", "adep": "VTBD", "ades": "VTCL", "epoch_ts": "2025-12-23 02:02:00+00:00", "altitude_ft": 16002.3, "tas_kt": null, "gs_kt": 280.0, "track_deg": 341, "phase": "climb"}, "geometry": {"type": "Point", "coordinates": [100.405564, 14.490364, 4877.5]}}, {"type": "Feature", "properties": {"flight_key": "SEH155_VTBD_VTCL_2025-12-23 01:50", "callsign": "SEH155", "aircraft_type": "B763", "adep": "VTBD", "ades": "VTCL", "epoch_ts": "2025-12-23 02:08:00+00:00", "altitude_ft": 24000.0, "tas_kt": null, "gs_kt": 460.0, "track_deg": 341, "phase": "cruise"}, "geometry": {"type": "Point", "coordinates": [100.3055, 14.778361, 7315.2]}}, {"type": "Feature", "properties": {"flight_key": "SEH155_VTBD_VTCL_2025-12-23 01:50", "callsign": "SEH155", "aircraft_type": "B763", "adep": "VTBD", "ades": "VTCL", "epoch_ts": "2025-12-23 02:14:00+00:00", "altitude_ft": 24000.0, "tas_kt": null, "gs_kt": 460.0, "track_deg": 342, "phase": "cruise"}, "geometry": {"type": "Point", "coordinates": [100.207376, 15.067018, 7315.2]}}, {"type": "Feature", "properties": {"flight_key": "SEH155_VTBD_VTCL_2025-12-23 01:50", "callsign": "SEH155", "aircraft_type": "B763", "adep": "VTBD", "ades": "VTCL", "epoch_ts": "2025-12-23 02:20:00+00:00", "altitude_ft": 24000.0, "tas_kt": null, "gs_kt": 460.0, "track_deg": 342, "phase": "cruise"}, "geometry": {"type": "Point", "coordinates": [100.110665, 15.356158, 7315.2]}}, {"type": "Feature", "properties": {"flight_key": "SEH155_VTBD_VTCL_2025-12-23 01:50", "callsign": "SEH155", "aircraft_type": "B763", "adep": "VTBD", "ades": "VTCL", "epoch_ts": "2025-12-23 02:26:00+00:00", "altitude_ft": 24000.0, "tas_kt": null, "gs_kt": 460.0, "track_deg": 342, "phase": "cruise"}, "geometry": {"type": "Point", "coordinates": [100.013954, 15.645297, 7315.2]}}, {"type": "Feature", "properties": {"flight_key": "SEH155_VTBD_VTCL_2025-12-23 01:50", "callsign": "SEH155", "aircraft_type": "B763", "adep": "VTBD", "ades": "VTCL", "epoch_ts": "2025-12-23 02:32:00+00:00", "altitude_ft": 24000.0, "tas_kt": null, "gs_kt": 460.0, "track_deg": 342, "phase": "cruise"}, "geometry": {"type": "Point", "coordinates": [99.917243, 15.934437, 7315.2]}}, {"type": "Feature", "properties": {"flight_key": "SEH155_VTBD_VTCL_2025-12-23 01:50", "callsign": "SEH155", "aircraft_type": "B763", "adep": "VTBD", "ades": "VTCL", "epoch_ts": "2025-12-23 02:38:00+00:00", "altitude_ft": 24000.0, "tas_kt": null, "gs_kt": 460.0, "track_deg": 342, "phase": "cruise"}, "geometry": {"type": "Point", "coordinates": [99.820532, 16.223576, 7315.2]}}, {"type": "Feature", "properties": {"flight_key": "SEH155_VTBD_VTCL_2025-12-23 01:50", "callsign": "SEH155", "aircraft_type": "B763", "adep": "VTBD", "ades": "VTCL", "epoch_ts": "2025-12-23 02:44:00+00:00", "altitude_ft": 24000.0, "tas_kt": null, "gs_kt": 460.0, "track_deg": 342, "phase": "cruise"}, "geometry": {"type": "Point", "coordinates": [99.724042, 16.51279, 7315.2]}}, {"type": "Feature", "properties": {"flight_key": "SEH155_VTBD_VTCL_2025-12-23 01:50", "callsign": "SEH155", "aircraft_type": "B763", "adep": "VTBD", "ades": "VTCL", "epoch_ts": "2025-12-23 02:50:00+00:00", "altitude_ft": 24000.0, "tas_kt": null, "gs_kt": 460.0, "track_deg": 342, "phase": "cruise"}, "geometry": {"type": "Point", "coordinates": [99.627736, 16.802064, 7315.2]}}, {"type": "Feature", "properties": {"flight_key": "SEH155_VTBD_VTCL_2025-12-23 01:50", "callsign": "SEH155", "aircraft_type": "B763", "adep": "VTBD", "ades": "VTCL", "epoch_ts": "2025-12-23 02:56:00+00:00", "altitude_ft": 24000.0, "tas_kt": null, "gs_kt": 460.0, "track_deg": 342, "phase": "cruise"}, "geometry": {"type": "Point", "coordinates": [99.531429, 17.091338, 7315.2]}}, {"type": "Feature", "properties": {"flight_key": "SEH155_VTBD_VTCL_2025-12-23 01:50", "callsign": "SEH155", "aircraft_type": "B763", "adep": "VTBD", "ades": "VTCL", "epoch_ts": "2025-12-23 03:02:00+00:00", "altitude_ft": 24000.0, "tas_kt": null, "gs_kt": 460.0, "track_deg": 342, "phase": "cruise"}, "geometry": {"type": "Point", "coordinates": [99.435122, 17.380613, 7315.2]}}, {"type": "Feature", "properties": {"flight_key": "SEH155_VTBD_VTCL_2025-12-23 01:50", "callsign": "SEH155", "aircraft_type": "B763", "adep": "VTBD", "ades": "VTCL", "epoch_ts": "2025-12-23 03:08:00+00:00", "altitude_ft": 16271.7, "tas_kt": null, "gs_kt": 270.0, "track_deg": 7, "phase": "descent"}, "geometry": {"type": "Point", "coordinates": [99.42424, 17.678106, 4959.6]}}, {"type": "Feature", "properties": {"flight_key": "SEH155_VTBD_VTCL_2025-12-23 01:50", "callsign": "SEH155", "aircraft_type": "B763", "adep": "VTBD", "ades": "VTCL", "epoch_ts": "2025-12-23 03:14:00+00:00", "altitude_ft": 8543.3, "tas_kt": null, "gs_kt": 270.0, "track_deg": 7, "phase": "descent"}, "geometry": {"type": "Point", "coordinates": [99.463628, 17.980435, 2604.0]}}, {"type": "Feature", "properties": {"flight_key": "SEH155_VTBD_VTCL_2025-12-23 01:50", "callsign": "SEH155", "aircraft_type": "B763", "adep": "VTBD", "ades": "VTCL", "epoch_ts": "2025-12-23 03:20:00+00:00", "altitude_ft": 815.0, "tas_kt": null, "gs_kt": 270.0, "track_deg": 0, "phase": "descent"}, "geometry": {"type": "Point", "coordinates": [99.504167, 18.270833, 248.4]}}, {"type": "Feature", "properties": {"feature_type": "route", "flight_key": "NOK156_VTSM_VTSG_2025-12-23 01:52", "route": "DORNA W32 NULMA", "callsign": "NOK156", "aircraft_type": "B738", "adep": "VTSM", "ades": "VTSG", "rfl": 220, "sid": "DORN1A", "star": "NULM1E", "dep_rwy": "RW17", "arr_rwy": "RW32", "eobt": "2025-12-23T01:52:00+00:00", "idents": ["VTSM", "DORNA", "ADLAL", "VEGNA", "STN", "TEDOS", "TAVAT", "NULMA", "VTSG"]}, "geometry": {"type": "LineString", "coordinates": [[100.0625, 9.548889], [99.770556, 9.416389], [99.518333, 9.302778], [99.380833, 9.240833], [99.134722, 9.129444], [99.085278, 8.809444], [99.071111, 8.715833], [99.041111, 8.521667], [98.985278, 8.100278]]}}, {"type": "Feature", "properties": {"flight_key": "NOK156_VTSM_VTSG_2025-12-23 01:52", "callsign": "NOK156", "aircraft_type": "B738", "adep": "VTSM", "ades": "VTSG", "epoch_ts": "2025-12-23 01:52:00+00:00", "altitude_ft": 43.0, "tas_kt": null, "gs_kt": 280.0, "track_deg": 245, "phase": "climb"}, "geometry": {"type": "Point", "coordinates": [100.0625, 9.548889, 13.1]}}, {"type": "Feature", "properties": {"flight_key": "NOK156_VTSM_VTSG_2025-12-23 01:52", "callsign": "NOK156", "aircraft_type": "B738", "adep": "VTSM", "ades": "VTSG", "epoch_ts": "2025-12-23 01:58:00+00:00", "altitude_ft": 7362.0, "tas_kt": null, "gs_kt": 280.0, "track_deg": 245, "phase": "climb"}, "geometry": {"type": "Point", "coordinates": [99.937553, 9.492181, 2243.9]}}, {"type": "Feature", "properties": {"flight_key": "NOK156_VTSM_VTSG_2025-12-23 01:52", "callsign": "NOK156", "aircraft_type": "B738", "adep": "VTSM", "ades": "VTSG", "epoch_ts": "2025-12-23 02:04:00+00:00", "altitude_ft": 14681.0, "tas_kt": null, "gs_kt": 280.0, "track_deg": 245, "phase": "climb"}, "geometry": {"type": "Point", "coordinates": [99.812606, 9.435473, 4474.8]}}, {"type": "Feature", "properties": {"flight_key": "NOK156_VTSM_VTSG_2025-12-23 01:52", "callsign": "NOK156", "aircraft_type": "B738", "adep": "VTSM", "ades": "VTSG", "epoch_ts": "2025-12-23 02:10:00+00:00", "altitude_ft": 22000.0, "tas_kt": null, "gs_kt": 460.0, "track_deg": 245, "phase": "cruise"}, "geometry": {"type": "Point", "coordinates": [99.687552, 9.379001, 6705.6]}}, {"type": "Feature", "properties": {"flight_key": "NOK156_VTSM_VTSG_2025-12-23 01:52", "callsign": "NOK156", "aircraft_type": "B738", "adep": "VTSM", "ades": "VTSG", "epoch_ts": "2025-12-23 02:16:00+00:00", "altitude_ft": 22000.0, "tas_kt": null, "gs_kt": 460.0, "track_deg": 245, "phase": "cruise"}, "geometry": {"type": "Point", "coordinates": [99.562445, 9.322648, 6705.6]}}, {"type": "Feature", "properties": {"flight_key": "NOK156_VTSM_VTSG_2025-12-23 01:52", "callsign": "NOK156", "aircraft_type": "B738", "adep": "VTSM", "ades": "VTSG", "epoch_ts": "2025-12-23 02:22:00+00:00", "altitude_ft": 22000.0, "tas_kt": null, "gs_kt": 460.0, "track_deg": 245, "phase": "cruise"}, "geometry": {"type": "Point", "coordinates": [99.437339, 9.26629, 6705.6]}}, {"type": "Feature", "properties": {"flight_key": "NOK156_VTSM_VTSG_2025-12-23 01:52", "callsign": "NOK156", "aircraft_type": "B738", "adep": "VTSM", "ades": "VTSG", "epoch_ts": "2025-12-23 02:28:00+00:00", "altitude_ft": 22000.0, "tas_kt": null, "gs_kt": 460.0, "track_deg": 245, "phase": "cruise"}, "geometry": {"type": "Point", "coordinates": [99.312289, 9.20981, 6705.6]}}, {"type": "Feature", "properties": {"flight_key": "NOK156_VTSM_VTSG_2025-12-23 01:52", "callsign": "NOK156", "aircraft_type": "B738", "adep": "VTSM", "ades": "VTSG", "epoch_ts": "2025-12-23 02:34:00+00:00", "altitude_ft": 22000.0, "tas_kt": null, "gs_kt": 460.0, "track_deg": 245, "phase": "cruise"}, "geometry": {"type": "Point", "coordinates": [99.187282, 9.153233, 6705.6]}}, {"type": "Feature", "properties": {"flight_key": "NOK156_VTSM_VTSG_2025-12-23 01:52", "callsign": "NOK156", "aircraft_type": "B738", "adep": "VTSM", "ades": "VTSG", "epoch_ts": "2025-12-23 02:40:00+00:00", "altitude_ft": 22000.0, "tas_kt": null, "gs_kt": 460.0, "track_deg": 189, "phase": "cruise"}, "geometry": {"type": "Point", "coordinates": [99.122579, 9.050856, 6705.6]}}, {"type": "Feature", "properties": {"flight_key": "NOK156_VTSM_VTSG_2025-12-23 01:52", "callsign": "NOK156", "aircraft_type": "B738", "adep": "VTSM", "ades": "VTSG", "epoch_ts": "2025-12-23 02:46:00+00:00", "altitude_ft": 22000.0, "tas_kt": null, "gs_kt": 460.0, "track_deg": 189, "phase": "cruise"}, "geometry": {"type": "Point", "coordinates": [99.101627, 8.915252, 6705.6]}}, {"type": "Feature", "properties": {"flight_key": "NOK156_VTSM_VTSG_2025-12-23 01:52", "callsign": "NOK156", "aircraft_type": "B738", "adep": "VTSM", "ades": "VTSG", "epoch_ts": "2025-12-23 02:52:00+00:00", "altitude_ft": 22000.0, "tas_kt": null, "gs_kt": 460.0, "track_deg": 189, "phase": "cruise"}, "geometry": {"type": "Point", "coordinates": [99.080766, 8.779633, 6705.6]}}, {"type": "Feature", "properties": {"flight_key": "NOK156_VTSM_VTSG_2025-12-23 01:52", "callsign": "NOK156", "aircraft_type": "B738", "adep": "VTSM", "ades": "VTSG", "epoch_ts": "2025-12-23 02:58:00+00:00", "altitude_ft": 22000.0, "tas_kt": null, "gs_kt": 460.0, "track_deg": 189, "phase": "cruise"}, "geometry": {"type": "Point", "coordinates": [99.060012, 8.643998, 6705.6]}}, {"type": "Feature", "properties": {"flight_key": "NOK156_VTSM_VTSG_2025-12-23 01:52", "callsign": "NOK156", "aircraft_type": "B738", "adep": "VTSM", "ades": "VTSG", "epoch_ts": "2025-12-23 03:04:00+00:00", "altitude_ft": 22000.0, "tas_kt": null, "gs_kt": 460.0, "track_deg": 187, "phase": "cruise"}, "geometry": {"type": "Point", "coordinates": [99.039347, 8.508352, 6705.6]}}, {"type": "Feature", "properties": {"flight_key": "NOK156_VTSM_VTSG_2025-12-23 01:52", "callsign": "NOK156", "aircraft_type": "B738", "adep": "VTSM", "ades": "VTSG", "epoch_ts": "2025-12-23 03:10:00+00:00", "altitude_ft": 14697.7, "tas_kt": null, "gs_kt": 270.0, "track_deg": 187, "phase": "descent"}, "geometry": {"type": "Point", "coordinates": [99.021324, 8.372328, 4479.8]}}, {"type": "Feature", "properties": {"flight_key": "NOK156_VTSM_VTSG_2025-12-23 01:52", "callsign": "NOK156", "aircraft_type": "B738", "adep": "VTSM", "ades": "VTSG", "epoch_ts": "2025-12-23 03:16:00+00:00", "altitude_ft": 7395.3, "tas_kt": null, "gs_kt": 270.0, "track_deg": 187, "phase": "descent"}, "geometry": {"type": "Point", "coordinates": [99.003301, 8.236303, 2254.1]}}, {"type": "Feature", "properties": {"flight_key": "NOK156_VTSM_VTSG_2025-12-23 01:52", "callsign": "NOK156", "aircraft_type": "B738", "adep": "VTSM", "ades": "VTSG", "epoch_ts": "2025-12-23 03:22:00+00:00", "altitude_ft": 93.0, "tas_kt": null, "gs_kt": 270.0, "track_deg": 0, "phase": "descent"}, "geometry": {"type": "Point", "coordinates": [98.985278, 8.100278, 28.3]}}, {"type": "Feature", "properties": {"feature_type": "route", "flight_key": "THD157_VTCN_VTSS_2025-12-23 01:54", "route": "W29 PSL W9 BKK A464 PIMER", "callsign": "THD157", "aircraft_type": "A320", "adep": "VTCN", "ades": "VTSS", "rfl": 200, "sid": "", "star": "PIME1A", "dep_rwy": "", "arr_rwy": "RW26", "eobt": "2025-12-23T01:54:00+00:00", "idents": ["VTCN", "PSL", "PEBLI", "BLAFF", "BKK", "POLAK", "GUTSO", "REGOS", "DIRAX", "TUSPU", "UPNEP", "APOBI", "GUPMO", "RELIP", "PIMER", "VTSS"]}, "geometry": {"type": "LineString", "coordinates": [[100.783419, 18.807914], [100.291389, 16.770278], [100.293333, 16.268333], [100.2975, 15.275833], [100.596111, 13.893611], [100.581667, 13.351667], [100.581667, 12.805556], [100.581667, 12.001944], [100.546667, 11.001944], [100.518889, 10.33], [100.493333, 9.703611], [100.470556, 9.029722], [100.463889, 8.836667], [100.438611, 8.075556], [100.413611, 7.5125], [100.395, 6.932778]]}}, {"type": "Feature", "properties": {"flight_key": "THD157_VTCN_VTSS_2025-12-23 01:54", "callsign": "THD157", "aircraft_type": "A320", "adep": "VTCN", "ades": "VTSS", "epoch_ts": "2025-12-23 01:54:00+00:00", "altitude_ft": 685.0, "tas_kt": null, "gs_kt": 280.0, "track_deg": 193, "phase": "climb"}, "geometry": {"type": "Point", "coordinates": [100.783419, 18.807914, 208.8]}}, {"type": "Feature", "properties": {"flight_key": "THD157_VTCN_VTSS_2025-12-23 01:54", "callsign": "THD157", "aircraft_type": "A320", "adep": "VTCN", "ades": "VTSS", "epoch_ts": "2025-12-23 02:00:00+00:00", "altitude_ft": 7123.3, "tas_kt": null, "gs_kt": 280.0, "track_deg": 193, "phase": "climb"}, "geometry": {"type": "Point", "coordinates": [100.59612, 18.032256, 2171.2]}}, {"type": "Feature", "properties": {"flight_key": "THD157_VTCN_VTSS_2025-12-23 01:54", "callsign": "THD157", "aircraft_type": "A320", "adep": "VTCN", "ades": "VTSS", "epoch_ts": "2025-12-23 02:06:00+00:00", "altitude_ft": 13561.7, "tas_kt": null, "gs_kt": 280.0, "track_deg": 193, "phase": "climb"}, "geometry": {"type": "Point", "coordinates": [100.408821, 17.256597, 4133.6]}}, {"type": "Feature", "properties": {"flight_key": "THD157_VTCN_VTSS_2025-12-23 01:54", "callsign": "THD157", "aircraft_type": "A320", "adep": "VTCN", "ades": "VTSS", "epoch_ts": "2025-12-23 02:12:00+00:00", "altitude_ft": 20000.0, "tas_kt": null, "gs_kt": 460.0, "track_deg": 180, "phase": "cruise"}, "geometry": {"type": "Point", "coordinates": [100.292542, 16.472626, 6096.0]}}, {"type": "Feature", "properties": {"flight_key": "THD157_VTCN_VTSS_2025-12-23 01:54", "callsign": "THD157", "aircraft_type": "A320", "adep": "VTCN", "ades": "VTSS", "epoch_ts": "2025-12-23 02:18:00+00:00", "altitude_ft": 20000.0, "tas_kt": null, "gs_kt": 460.0, "track_deg": 180, "phase": "cruise"}, "geometry": {"type": "Point", "coordinates": [100.295825, 15.674681, 6096.0]}}, {"type": "Feature", "properties": {"flight_key": "THD157_VTCN_VTSS_2025-12-23 01:54", "callsign": "THD157", "aircraft_type": "A320", "adep": "VTCN", "ades": "VTSS", "epoch_ts": "2025-12-23 02:24:00+00:00", "altitude_ft": 20000.0, "tas_kt": null, "gs_kt": 460.0, "track_deg": 168, "phase": "cruise"}, "geometry": {"type": "Point", "coordinates": [100.381776, 14.885732, 6096.0]}}, {"type": "Feature", "properties": {"flight_key": "THD157_VTCN_VTSS_2025-12-23 01:54", "callsign": "THD157", "aircraft_type": "A320", "adep": "VTCN", "ades": "VTSS", "epoch_ts": "2025-12-23 02:30:00+00:00", "altitude_ft": 20000.0, "tas_kt": null, "gs_kt": 460.0, "track_deg": 168, "phase": "cruise"}, "geometry": {"type": "Point", "coordinates": [100.550276, 14.105774, 6096.0]}}, {"type": "Feature", "properties": {"flight_key": "THD157_VTCN_VTSS_2025-12-23 01:54", "callsign": "THD157", "aircraft_type": "A320", "adep": "VTCN", "ades": "VTSS", "epoch_ts": "2025-12-23 02:36:00+00:00", "altitude_ft": 20000.0, "tas_kt": null, "gs_kt": 460.0, "track_deg": 180, "phase": "cruise"}, "geometry": {"type": "Point", "coordinates": [100.581667, 13.31291, 6096.0]}}, {"type": "Feature", "properties": {"flight_key": "THD157_VTCN_VTSS_2025-12-23 01:54", "callsign": "THD157", "aircraft_type": "A320", "adep": "VTCN", "ades": "VTSS", "epoch_ts": "2025-12-23 02:42:00+00:00", "altitude_ft": 20000.0, "tas_kt": null, "gs_kt": 460.0, "track_deg": 180, "phase": "cruise"}, "geometry": {"type": "Point", "coordinates": [100.581667, 12.514958, 6096.0]}}, {"type": "Feature", "properties": {"flight_key": "THD157_VTCN_VTSS_2025-12-23 01:54", "callsign": "THD157", "aircraft_type": "A320", "adep": "VTCN", "ades": "VTSS", "epoch_ts": "2025-12-23 02:48:00+00:00", "altitude_ft": 20000.0, "tas_kt": null, "gs_kt": 460.0, "track_deg": 182, "phase": "cruise"}, "geometry": {"type": "Point", "coordinates": [100.5717, 11.717181, 6096.0]}}, {"type": "Feature", "properties": {"flight_key": "THD157_VTCN_VTSS_2025-12-23 01:54", "callsign": "THD157", "aircraft_type": "A320", "adep": "VTCN", "ades": "VTSS", "epoch_ts": "2025-12-23 02:54:00+00:00", "altitude_ft": 20000.0, "tas_kt": null, "gs_kt": 460.0, "track_deg": 182, "phase": "cruise"}, "geometry": {"type": "Point", "coordinates": [100.543269, 10.919738, 6096.0]}}, {"type": "Feature", "properties": {"flight_key": "THD157_VTCN_VTSS_2025-12-23 01:54", "callsign": "THD157", "aircraft_type": "A320", "adep": "VTCN", "ades": "VTSS", "epoch_ts": "2025-12-23 03:00:00+00:00", "altitude_ft": 20000.0, "tas_kt": null, "gs_kt": 460.0, "track_deg": 182, "phase": "cruise"}, "geometry": {"type": "Point", "coordinates": [100.510422, 10.122463, 6096.0]}}, {"type": "Feature", "properties": {"flight_key": "THD157_VTCN_VTSS_2025-12-23 01:54", "callsign": "THD157", "aircraft_type": "A320", "adep": "VTCN", "ades": "VTSS", "epoch_ts": "2025-12-23 03:06:00+00:00", "altitude_ft": 20000.0, "tas_kt": null, "gs_kt": 460.0, "track_deg": 182, "phase": "cruise"}, "geometry": {"type": "Point", "coordinates": [100.480539, 9.325076, 6096.0]}}, {"type": "Feature", "properties": {"flight_key": "THD157_VTCN_VTSS_2025-12-23 01:54", "callsign": "THD157", "aircraft_type": "A320", "adep": "VTCN", "ades": "VTSS", "epoch_ts": "2025-12-23 03:12:00+00:00", "altitude_ft": 13352.7, "tas_kt": null, "gs_kt": 270.0, "track_deg": 182, "phase": "descent"}, "geometry": {"type": "Point", "coordinates": [100.453624, 8.527578, 4069.9]}}, {"type": "Feature", "properties": {"flight_key": "THD157_VTCN_VTSS_2025-12-23 01:54", "callsign": "THD157", "aircraft_type": "A320", "adep": "VTCN", "ades": "VTSS", "epoch_ts": "2025-12-23 03:18:00+00:00", "altitude_ft": 6705.3, "tas_kt": null, "gs_kt": 270.0, "track_deg": 183, "phase": "descent"}, "geometry": {"type": "Point", "coordinates": [100.423278, 7.730216, 2043.8]}}, {"type": "Feature", "properties": {"flight_key": "THD157_VTCN_VTSS_2025-12-23 01:54", "callsign": "THD157", "aircraft_type": "A320", "adep": "VTCN", "ades": "VTSS", "epoch_ts": "2025-12-23 03:24:00+00:00", "altitude_ft": 58.0, "tas_kt": null, "gs_kt": 270.0, "track_deg": 0, "phase": "descent"}, "geometry": {"type": "Point", "coordinates": [100.395, 6.932778, 17.7]}}, {"type": "Feature", "properties": {"feature_type": "route", "flight_key": "TVJ158_VTUK_VTSS_2025-12-23 01:56", "route": "Y2 UBLOD Y20 BKK M757 OBLEX", "callsign": "TVJ158", "aircraft_type": "A321", "adep": "VTUK", "ades": "VTSS", "rfl": 360, "sid": "", "star": "OBLE1A", "dep_rwy": "", "arr_rwy": "RW26", "eobt": "2025-12-23T01:56:00+00:00", "idents": ["VTUK", "UBLOD", "MALKI", "BKK", "KASNI", "ASEKU", "NULBO", "MABKO", "VALSI", "ROBDA", "LOSDA", "OBLEX", "VTSS"]}, "geometry": {"type": "LineString", "coordinates": [[102.783611, 16.466667], [101.436667, 14.620833], [101.198056, 14.519722], [100.596111, 13.893611], [100.678333, 13.080556], [100.651389, 12.051667], [100.611944, 10.488611], [100.595278, 9.8025], [100.588333, 9.518889], [100.586389, 9.432778], [100.573611, 8.898889], [100.541111, 7.496667], [100.395, 6.932778]]}}, {"type": "Feature", "properties": {"flight_key": "TVJ158_VTUK_VTSS_2025-12-23 01:56", "callsign": "TVJ158", "aircraft_type": "A321", "adep": "VTUK", "ades": "VTSS", "epoch_ts": "2025-12-23 01:56:00+00:00", "altitude_ft": 681.0, "tas_kt": null, "gs_kt": 280.0, "track_deg": 215, "phase": "climb"}, "geometry": {"type": "Point", "coordinates": [102.783611, 16.466667, 207.6]}}, {"type": "Feature", "properties": {"flight_key": "TVJ158_VTUK_VTSS_2025-12-23 01:56", "callsign": "TVJ158", "aircraft_type": "A321", "adep": "VTUK", "ades": "VTSS", "epoch_ts": "2025-12-23 02:02:00+00:00", "altitude_ft": 12454.0, "tas_kt": null, "gs_kt": 280.0, "track_deg": 215, "phase": "climb"}, "geometry": {"type": "Point", "coordinates": [102.374994, 15.906704, 3796.0]}}, {"type": "Feature", "properties": {"flight_key": "TVJ158_VTUK_VTSS_2025-12-23 01:56", "callsign": "TVJ158", "aircraft_type": "A321", "adep": "VTUK", "ades": "VTSS", "epoch_ts": "2025-12-23 02:08:00+00:00", "altitude_ft": 24227.0, "tas_kt": null, "gs_kt": 280.0, "track_deg": 215, "phase": "climb"}, "geometry": {"type": "Point", "coordinates": [101.966377, 15.34674, 7384.4]}}, {"type": "Feature", "properties": {"flight_key": "TVJ158_VTUK_VTSS_2025-12-23 01:56", "callsign": "TVJ158", "aircraft_type": "A321", "adep": "VTUK", "ades": "VTSS", "epoch_ts": "2025-12-23 02:14:00+00:00", "altitude_ft": 36000.0, "tas_kt": null, "gs_kt": 460.0, "track_deg": 215, "phase": "cruise"}, "geometry": {"type": "Point", "coordinates": [101.55776, 14.786777, 10972.8]}}, {"type": "Feature", "properties": {"flight_key": "TVJ158_VTUK_VTSS_2025-12-23 01:56", "callsign": "TVJ158", "aircraft_type": "A321", "adep": "VTUK", "ades": "VTSS", "epoch_ts": "2025-12-23 02:20:00+00:00", "altitude_ft": 36000.0, "tas_kt": null, "gs_kt": 460.0, "track_deg": 223, "phase": "cruise"}, "geometry": {"type": "Point", "coordinates": [101.039608, 14.354913, 10972.8]}}, {"type": "Feature", "properties": {"flight_key": "TVJ158_VTUK_VTSS_2025-12-23 01:56", "callsign": "TVJ158", "aircraft_type": "A321", "adep": "VTUK", "ades": "VTSS", "epoch_ts": "2025-12-23 02:26:00+00:00", "altitude_ft": 36000.0, "tas_kt": null, "gs_kt": 460.0, "track_deg": 174, "phase": "cruise"}, "geometry": {"type": "Point", "coordinates": [100.601472, 13.840594, 10972.8]}}, {"type": "Feature", "properties": {"flight_key": "TVJ158_VTUK_VTSS_2025-12-23 01:56", "callsign": "TVJ158", "aircraft_type": "A321", "adep": "VTUK", "ades": "VTSS", "epoch_ts": "2025-12-23 02:32:00+00:00", "altitude_ft": 36000.0, "tas_kt": null, "gs_kt": 460.0, "track_deg": 174, "phase": "cruise"}, "geometry": {"type": "Point", "coordinates": [100.671218, 13.150911, 10972.8]}}, {"type": "Feature", "properties": {"flight_key": "TVJ158_VTUK_VTSS_2025-12-23 01:56", "callsign": "TVJ158", "aircraft_type": "A321", "adep": "VTUK", "ades": "VTSS", "epoch_ts": "2025-12-23 02:38:00+00:00", "altitude_ft": 36000.0, "tas_kt": null, "gs_kt": 460.0, "track_deg": 181, "phase": "cruise"}, "geometry": {"type": "Point", "coordinates": [100.662037, 12.458283, 10972.8]}}, {"type": "Feature", "properties": {"flight_key": "TVJ158_VTUK_VTSS_2025-12-23 01:56", "callsign": "TVJ158", "aircraft_type": "A321", "adep": "VTUK", "ades": "VTSS", "epoch_ts": "2025-12-23 02:44:00+00:00", "altitude_ft": 36000.0, "tas_kt": null, "gs_kt": 460.0, "track_deg": 181, "phase": "cruise"}, "geometry": {"type": "Point", "coordinates": [100.644163, 11.765313, 10972.8]}}, {"type": "Feature", "properties": {"flight_key": "TVJ158_VTUK_VTSS_2025-12-23 01:56", "callsign": "TVJ158", "aircraft_type": "A321", "adep": "VTUK", "ades": "VTSS", "epoch_ts": "2025-12-23 02:50:00+00:00", "altitude_ft": 36000.0, "tas_kt": null, "gs_kt": 460.0, "track_deg": 181, "phase": "cruise"}, "geometry": {"type": "Point", "coordinates": [100.626675, 11.072333, 10972.8]}}, {"type": "Feature", "properties": {"flight_key": "TVJ158_VTUK_VTSS_2025-12-23 01:56", "callsign": "TVJ158", "aircraft_type": "A321", "adep": "VTUK", "ades": "VTSS", "epoch_ts": "2025-12-23 02:56:00+00:00", "altitude_ft": 36000.0, "tas_kt": null, "gs_kt": 460.0, "track_deg": 181, "phase": "cruise"}, "geometry": {"type": "Point", "coordinates": [100.60929, 10.379351, 10972.8]}}, {"type": "Feature", "properties": {"flight_key": "TVJ158_VTUK_VTSS_2025-12-23 01:56", "callsign": "TVJ158", "aircraft_type": "A321", "adep": "VTUK", "ades": "VTSS", "epoch_ts": "2025-12-23 03:02:00+00:00", "altitude_ft": 36000.0, "tas_kt": null, "gs_kt": 460.0, "track_deg": 181, "phase": "cruise"}, "geometry": {"type": "Point", "coordinates": [100.592434, 9.686356, 10972.8]}}, {"type": "Feature", "properties": {"flight_key": "TVJ158_VTUK_VTSS_2025-12-23 01:56", "callsign": "TVJ158", "aircraft_type": "A321", "adep": "VTUK", "ades": "VTSS", "epoch_ts": "2025-12-23 03:08:00+00:00", "altitude_ft": 36000.0, "tas_kt": null, "gs_kt": 460.0, "track_deg": 181, "phase": "cruise"}, "geometry": {"type": "Point", "coordinates": [100.575872, 8.993353, 10972.8]}}, {"type": "Feature", "properties": {"flight_key": "TVJ158_VTUK_VTSS_2025-12-23 01:56", "callsign": "TVJ158", "aircraft_type": "A321", "adep": "VTUK", "ades": "VTSS", "epoch_ts": "2025-12-23 03:14:00+00:00", "altitude_ft": 24019.3, "tas_kt": null, "gs_kt": 270.0, "track_deg": 181, "phase": "descent"}, "geometry": {"type": "Point", "coordinates": [100.559738, 8.300341, 7321.1]}}, {"type": "Feature", "properties": {"flight_key": "TVJ158_VTUK_VTSS_2025-12-23 01:56", "callsign": "TVJ158", "aircraft_type": "A321", "adep": "VTUK", "ades": "VTSS", "epoch_ts": "2025-12-23 03:20:00+00:00", "altitude_ft": 12038.7, "tas_kt": null, "gs_kt": 270.0, "track_deg": 181, "phase": "descent"}, "geometry": {"type": "Point", "coordinates": [100.543676, 7.607327, 3669.4]}}, {"type": "Feature", "properties": {"flight_key": "TVJ158_VTUK_VTSS_2025-12-23 01:56", "callsign": "TVJ158", "aircraft_type": "A321", "adep": "VTUK", "ades": "VTSS", "epoch_ts": "2025-12-23 03:26:00+00:00", "altitude_ft": 58.0, "tas_kt": null, "gs_kt": 270.0, "track_deg": 0, "phase": "descent"}, "geometry": {"type": "Point", "coordinates": [100.395, 6.932778, 17.7]}}, {"type": "Feature", "properties": {"feature_type": "route", "flight_key": "PGY159_VTUN_VTSB_2025-12-23 01:58", "route": "Y22/Y23 KKN Y23 KRT Y20 BKK Y8 IKERA", "callsign": "PGY159", "aircraft_type": "A333", "adep": "VTUN", "ades": "VTSB", "rfl": 320, "sid": "", "star": "IKER1A", "dep_rwy": "", "arr_rwy": "RW22", "eobt": "2025-12-23T01:58:00+00:00", "idents": ["VTUN", "KKN", "EMRUT", "KRT", "UBLOD", "MALKI", "BKK", "MOTNA", "SABIS", "VANKO", "BUXEL", "MENEX", "IKERA", "VTSB"]}, "geometry": {"type": "LineString", "coordinates": [[102.078611, 14.934444], [102.788056, 16.470833], [102.5925, 16.005556], [102.139722, 14.917222], [101.436667, 14.620833], [101.198056, 14.519722], [100.596111, 13.893611], [100.385, 13.186111], [100.190278, 12.999722], [99.760556, 12.586389], [99.761111, 11.728333], [99.761944, 11.141944], [99.258889, 9.529444], [99.139167, 9.136111]]}}, {"type": "Feature", "properties": {"flight_key": "PGY159_VTUN_VTSB_2025-12-23 01:58", "callsign": "PGY159", "aircraft_type": "A333", "adep": "VTUN", "ades": "VTSB", "epoch_ts": "2025-12-23 01:58:00+00:00", "altitude_ft": 729.0, "tas_kt": null, "gs_kt": 280.0, "track_deg": 24, "phase": "climb"}, "geometry": {"type": "Point", "coordinates": [102.078611, 14.934444, 222.2]}}, {"type": "Feature", "properties": {"flight_key": "PGY159_VTUN_VTSB_2025-12-23 01:58", "callsign": "PGY159", "aircraft_type": "A333", "adep": "VTUN", "ades": "VTSB", "epoch_ts": "2025-12-23 02:04:00+00:00", "altitude_ft": 11152.7, "tas_kt": null, "gs_kt": 280.0, "track_deg": 24, "phase": "climb"}, "geometry": {"type": "Point", "coordinates": [102.3697, 15.564833, 3399.3]}}, {"type": "Feature", "properties": {"flight_key": "PGY159_VTUN_VTSB_2025-12-23 01:58", "callsign": "PGY159", "aircraft_type": "A333", "adep": "VTUN", "ades": "VTSB", "epoch_ts": "2025-12-23 02:10:00+00:00", "altitude_ft": 21576.3, "tas_kt": null, "gs_kt": 280.0, "track_deg": 24, "phase": "climb"}, "geometry": {"type": "Point", "coordinates": [102.66079, 16.195222, 6576.5]}}, {"type": "Feature", "properties": {"flight_key": "PGY159_VTUN_VTSB_2025-12-23 01:58", "callsign": "PGY159", "aircraft_type": "A333", "adep": "VTUN", "ades": "VTSB", "epoch_ts": "2025-12-23 02:16:00+00:00", "altitude_ft": 32000.0, "tas_kt": null, "gs_kt": 460.0, "track_deg": 202, "phase": "cruise"}, "geometry": {"type": "Point", "coordinates": [102.636643, 16.110584, 9753.6]}}, {"type": "Feature", "properties": {"flight_key": "PGY159_VTUN_VTSB_2025-12-23 01:58", "callsign": "PGY159", "aircraft_type": "A333", "adep": "VTUN", "ades": "VTSB", "epoch_ts": "2025-12-23 02:22:00+00:00", "altitude_ft": 32000.0, "tas_kt": null, "gs_kt": 460.0, "track_deg": 202, "phase": "cruise"}, "geometry": {"type": "Point", "coordinates": [102.369552, 15.469659, 9753.6]}}, {"type": "Feature", "properties": {"flight_key": "PGY159_VTUN_VTSB_2025-12-23 01:58", "callsign": "PGY159", "aircraft_type": "A333", "adep": "VTUN", "ades": "VTSB", "epoch_ts": "2025-12-23 02:28:00+00:00", "altitude_ft": 32000.0, "tas_kt": null, "gs_kt": 460.0, "track_deg": 246, "phase": "cruise"}, "geometry": {"type": "Point", "coordinates": [102.051249, 14.879924, 9753.6]}}, {"type": "Feature", "properties": {"flight_key": "PGY159_VTUN_VTSB_2025-12-23 01:58", "callsign": "PGY159", "aircraft_type": "A333", "adep": "VTUN", "ades": "VTSB", "epoch_ts": "2025-12-23 02:34:00+00:00", "altitude_ft": 32000.0, "tas_kt": null, "gs_kt": 460.0, "track_deg": 246, "phase": "cruise"}, "geometry": {"type": "Point", "coordinates": [101.41145, 14.610147, 9753.6]}}, {"type": "Feature", "properties": {"flight_key": "PGY159_VTUN_VTSB_2025-12-23 01:58", "callsign": "PGY159", "aircraft_type": "A333", "adep": "VTUN", "ades": "VTSB", "epoch_ts": "2025-12-23 02:40:00+00:00", "altitude_ft": 32000.0, "tas_kt": null, "gs_kt": 460.0, "track_deg": 223, "phase": "cruise"}, "geometry": {"type": "Point", "coordinates": [100.877455, 14.18625, 9753.6]}}, {"type": "Feature", "properties": {"flight_key": "PGY159_VTUN_VTSB_2025-12-23 01:58", "callsign": "PGY159", "aircraft_type": "A333", "adep": "VTUN", "ades": "VTSB", "epoch_ts": "2025-12-23 02:46:00+00:00", "altitude_ft": 32000.0, "tas_kt": null, "gs_kt": 460.0, "track_deg": 196, "phase": "cruise"}, "geometry": {"type": "Point", "coordinates": [100.513647, 13.617247, 9753.6]}}, {"type": "Feature", "properties": {"flight_key": "PGY159_VTUN_VTSB_2025-12-23 01:58", "callsign": "PGY159", "aircraft_type": "A333", "adep": "VTUN", "ades": "VTSB", "epoch_ts": "2025-12-23 02:52:00+00:00", "altitude_ft": 32000.0, "tas_kt": null, "gs_kt": 460.0, "track_deg": 226, "phase": "cruise"}, "geometry": {"type": "Point", "coordinates": [100.208424, 13.017092, 9753.6]}}, {"type": "Feature", "properties": {"flight_key": "PGY159_VTUN_VTSB_2025-12-23 01:58", "callsign": "PGY159", "aircraft_type": "A333", "adep": "VTUN", "ades": "VTSB", "epoch_ts": "2025-12-23 02:58:00+00:00", "altitude_ft": 32000.0, "tas_kt": null, "gs_kt": 460.0, "track_deg": 180, "phase": "cruise"}, "geometry": {"type": "Point", "coordinates": [99.760603, 12.5134, 9753.6]}}, {"type": "Feature", "properties": {"flight_key": "PGY159_VTUN_VTSB_2025-12-23 01:58", "callsign": "PGY159", "aircraft_type": "A333", "adep": "VTUN", "ades": "VTSB", "epoch_ts": "2025-12-23 03:04:00+00:00", "altitude_ft": 32000.0, "tas_kt": null, "gs_kt": 460.0, "track_deg": 180, "phase": "cruise"}, "geometry": {"type": "Point", "coordinates": [99.761052, 11.81905, 9753.6]}}, {"type": "Feature", "properties": {"flight_key": "PGY159_VTUN_VTSB_2025-12-23 01:58", "callsign": "PGY159", "aircraft_type": "A333", "adep": "VTUN", "ades": "VTSB", "epoch_ts": "2025-12-23 03:10:00+00:00", "altitude_ft": 32000.0, "tas_kt": null, "gs_kt": 460.0, "track_deg": 197, "phase": "cruise"}, "geometry": {"type": "Point", "coordinates": [99.756808, 11.125482, 9753.6]}}, {"type": "Feature", "properties": {"flight_key": "PGY159_VTUN_VTSB_2025-12-23 01:58", "callsign": "PGY159", "aircraft_type": "A333", "adep": "VTUN", "ades": "VTSB", "epoch_ts": "2025-12-23 03:16:00+00:00", "altitude_ft": 21339.3, "tas_kt": null, "gs_kt": 270.0, "track_deg": 197, "phase": "descent"}, "geometry": {"type": "Point", "coordinates": [99.550019, 10.462638, 6504.2]}}, {"type": "Feature", "properties": {"flight_key": "PGY159_VTUN_VTSB_2025-12-23 01:58", "callsign": "PGY159", "aircraft_type": "A333", "adep": "VTUN", "ades": "VTSB", "epoch_ts": "2025-12-23 03:22:00+00:00", "altitude_ft": 10678.7, "tas_kt": null, "gs_kt": 270.0, "track_deg": 197, "phase": "descent"}, "geometry": {"type": "Point", "coordinates": [99.343231, 9.799794, 3254.9]}}, {"type": "Feature", "properties": {"flight_key": "PGY159_VTUN_VTSB_2025-12-23 01:58", "callsign": "PGY159", "aircraft_type": "A333", "adep": "VTUN", "ades": "VTSB", "epoch_ts": "2025-12-23 03:28:00+00:00", "altitude_ft": 18.0, "tas_kt": null, "gs_kt": 270.0, "track_deg": 180, "phase": "descent"}, "geometry": {"type": "Point", "coordinates": [99.139167, 9.136111, 5.5]}}, {"type": "Feature", "properties": {"feature_type": "route", "flight_key": "THA160_VTST_VTBS_2025-12-23 02:00", "route": "TRN W24 SAPUD G458 HOTEL DCT LEBIM", "callsign": "THA160", "aircraft_type": "A359", "adep": "VTST", "ades": "VTBS", "rfl": 230, "sid": "", "star": "LEBI1C", "dep_rwy": "", "arr_rwy": "RW19", "eobt": "2025-12-23T02:00:00+00:00", "idents": ["VTST", "TRN", "SAPUD", "HOTEL", "LEBIM", "VTBS"]}, "geometry": {"type": "LineString", "coordinates": [[99.615833, 7.508611], [99.626111, 7.508889], [99.134747, 9.129511], [100.33, 13.001667], [100.473611, 13.0875], [100.748889, 13.685833]]}}, {"type": "Feature", "properties": {"flight_key": "THA160_VTST_VTBS_2025-12-23 02:00", "callsign": "THA160", "aircraft_type": "A359", "adep": "VTST", "ades": "VTBS", "epoch_ts": "2025-12-23 02:00:00+00:00", "altitude_ft": 67.0, "tas_kt": null, "gs_kt": 280.0, "track_deg": 88, "phase": "climb"}, "geometry": {"type": "Point", "coordinates": [99.615833, 7.508611, 20.4]}}, {"type": "Feature", "properties": {"flight_key": "THA160_VTST_VTBS_2025-12-23 02:00", "callsign": "THA160", "aircraft_type": "A359", "adep": "VTST", "ades": "VTBS", "epoch_ts": "2025-12-23 02:06:00+00:00", "altitude_ft": 7711.3, "tas_kt": null, "gs_kt": 280.0, "track_deg": 343, "phase": "climb"}, "geometry": {"type": "Point", "coordinates": [99.501774, 7.91898, 2350.4]}}, {"type": "Feature", "properties": {"flight_key": "THA160_VTST_VTBS_2025-12-23 02:00", "callsign": "THA160", "aircraft_type": "A359", "adep": "VTST", "ades": "VTBS", "epoch_ts": "2025-12-23 02:12:00+00:00", "altitude_ft": 15355.7, "tas_kt": null, "gs_kt": 280.0, "track_deg": 343, "phase": "climb"}, "geometry": {"type": "Point", "coordinates": [99.374453, 8.338911, 4680.4]}}, {"type": "Feature", "properties": {"flight_key": "THA160_VTST_VTBS_2025-12-23 02:00", "callsign": "THA160", "aircraft_type": "A359", "adep": "VTST", "ades": "VTBS", "epoch_ts": "2025-12-23 02:18:00+00:00", "altitude_ft": 23000.0, "tas_kt": null, "gs_kt": 460.0, "track_deg": 343, "phase": "cruise"}, "geometry": {"type": "Point", "coordinates": [99.247132, 8.758841, 7010.4]}}, {"type": "Feature", "properties": {"flight_key": "THA160_VTST_VTBS_2025-12-23 02:00", "callsign": "THA160", "aircraft_type": "A359", "adep": "VTST", "ades": "VTBS", "epoch_ts": "2025-12-23 02:24:00+00:00", "altitude_ft": 23000.0, "tas_kt": null, "gs_kt": 460.0, "track_deg": 17, "phase": "cruise"}, "geometry": {"type": "Point", "coordinates": [99.149929, 9.178696, 7010.4]}}, {"type": "Feature", "properties": {"flight_key": "THA160_VTST_VTBS_2025-12-23 02:00", "callsign": "THA160", "aircraft_type": "A359", "adep": "VTST", "ades": "VTBS", "epoch_ts": "2025-12-23 02:30:00+00:00", "altitude_ft": 23000.0, "tas_kt": null, "gs_kt": 460.0, "track_deg": 17, "phase": "cruise"}, "geometry": {"type": "Point", "coordinates": [99.279354, 9.597983, 7010.4]}}, {"type": "Feature", "properties": {"flight_key": "THA160_VTST_VTBS_2025-12-23 02:00", "callsign": "THA160", "aircraft_type": "A359", "adep": "VTST", "ades": "VTBS", "epoch_ts": "2025-12-23 02:36:00+00:00", "altitude_ft": 23000.0, "tas_kt": null, "gs_kt": 460.0, "track_deg": 17, "phase": "cruise"}, "geometry": {"type": "Point", "coordinates": [99.408779, 10.01727, 7010.4]}}, {"type": "Feature", "properties": {"flight_key": "THA160_VTST_VTBS_2025-12-23 02:00", "callsign": "THA160", "aircraft_type": "A359", "adep": "VTST", "ades": "VTBS", "epoch_ts": "2025-12-23 02:42:00+00:00", "altitude_ft": 23000.0, "tas_kt": null, "gs_kt": 460.0, "track_deg": 17, "phase": "cruise"}, "geometry": {"type": "Point", "coordinates": [99.538204, 10.436557, 7010.4]}}, {"type": "Feature", "properties": {"flight_key": "THA160_VTST_VTBS_2025-12-23 02:00", "callsign": "THA160", "aircraft_type": "A359", "adep": "VTST", "ades": "VTBS", "epoch_ts": "2025-12-23 02:48:00+00:00", "altitude_ft": 23000.0, "tas_kt": null, "gs_kt": 460.0, "track_deg": 17, "phase": "cruise"}, "geometry": {"type": "Point", "coordinates": [99.667629, 10.855843, 7010.4]}}, {"type": "Feature", "properties": {"flight_key": "THA160_VTST_VTBS_2025-12-23 02:00", "callsign": "THA160", "aircraft_type": "A359", "adep": "VTST", "ades": "VTBS", "epoch_ts": "2025-12-23 02:54:00+00:00", "altitude_ft": 23000.0, "tas_kt": null, "gs_kt": 460.0, "track_deg": 17, "phase": "cruise"}, "geometry": {"type": "Point", "coordinates": [99.797054, 11.27513, 7010.4]}}, {"type": "Feature", "properties": {"flight_key": "THA160_VTST_VTBS_2025-12-23 02:00", "callsign": "THA160", "aircraft_type": "A359", "adep": "VTST", "ades": "VTBS", "epoch_ts": "2025-12-23 03:00:00+00:00", "altitude_ft": 23000.0, "tas_kt": null, "gs_kt": 460.0, "track_deg": 17, "phase": "cruise"}, "geometry": {"type": "Point", "coordinates": [99.926479, 11.694417, 7010.4]}}, {"type": "Feature", "properties": {"flight_key": "THA160_VTST_VTBS_2025-12-23 02:00", "callsign": "THA160", "aircraft_type": "A359", "adep": "VTST", "ades": "VTBS", "epoch_ts": "2025-12-23 03:06:00+00:00", "altitude_ft": 23000.0, "tas_kt": null, "gs_kt": 460.0, "track_deg": 17, "phase": "cruise"}, "geometry": {"type": "Point", "coordinates": [100.055904, 12.113704, 7010.4]}}, {"type": "Feature", "properties": {"flight_key": "THA160_VTST_VTBS_2025-12-23 02:00", "callsign": "THA160", "aircraft_type": "A359", "adep": "VTST", "ades": "VTBS", "epoch_ts": "2025-12-23 03:12:00+00:00", "altitude_ft": 23000.0, "tas_kt": null, "gs_kt": 460.0, "track_deg": 17, "phase": "cruise"}, "geometry": {"type": "Point", "coordinates": [100.185329, 12.532991, 7010.4]}}, {"type": "Feature", "properties": {"flight_key": "THA160_VTST_VTBS_2025-12-23 02:00", "callsign": "THA160", "aircraft_type": "A359", "adep": "VTST", "ades": "VTBS", "epoch_ts": "2025-12-23 03:18:00+00:00", "altitude_ft": 15334.6, "tas_kt": null, "gs_kt": 270.0, "track_deg": 17, "phase": "descent"}, "geometry": {"type": "Point", "coordinates": [100.314754, 12.952277, 4674.0]}}, {"type": "Feature", "properties": {"flight_key": "THA160_VTST_VTBS_2025-12-23 02:00", "callsign": "THA160", "aircraft_type": "A359", "adep": "VTST", "ades": "VTBS", "epoch_ts": "2025-12-23 03:24:00+00:00", "altitude_ft": 7669.1, "tas_kt": null, "gs_kt": 270.0, "track_deg": 24, "phase": "descent"}, "geometry": {"type": "Point", "coordinates": [100.565484, 13.287192, 2337.6]}}, {"type": "Feature", "properties": {"flight_key": "THA160_VTST_VTBS_2025-12-23 02:00", "callsign": "THA160", "aircraft_type": "A359", "adep": "VTST", "ades": "VTBS", "epoch_ts": "2025-12-23 03:30:00+00:00", "altitude_ft": 3.7, "tas_kt": null, "gs_kt": 270.0, "track_deg": 0, "phase": "descent"}, "geometry": {"type": "Point", "coordinates": [100.748889, 13.685833, 1.1]}}, {"type": "Feature", "properties": {"feature_type": "route", "flight_key": "AIQ161_VTCP_VTBS_2025-12-23 02:02", "route": "IDKOR W22 PSL W9 BLAFF DCT NORTA", "callsign": "AIQ161", "aircraft_type": "B77W", "adep": "VTCP", "ades": "VTBS", "rfl": 210, "sid": "IDKO1A", "star": "NORT1C", "dep_rwy": "RW19", "arr_rwy": "RW19", "eobt": "2025-12-23T02:02:00+00:00", "idents": ["VTCP", "IDKOR", "NIROP", "PSL", "PEBLI", "BLAFF", "NORTA", "VTBS"]}, "geometry": {"type": "LineString", "coordinates": [[100.164722, 18.132222], [100.211944, 17.636111], [100.245556, 17.270556], [100.291389, 16.770278], [100.293333, 16.268333], [100.2975, 15.275833], [100.639017, 14.718789], [100.748889, 13.685833]]}}, {"type": "Feature", "properties": {"flight_key": "AIQ161_VTCP_VTBS_2025-12-23 02:02", "callsign": "AIQ161", "aircraft_type": "B77W", "adep": "VTCP", "ades": "VTBS", "epoch_ts": "2025-12-23 02:02:00+00:00", "altitude_ft": 537.0, "tas_kt": null, "gs_kt": 280.0, "track_deg": 175, "phase": "climb"}, "geometry": {"type": "Point", "coordinates": [100.164722, 18.132222, 163.7]}}, {"type": "Feature", "properties": {"flight_key": "AIQ161_VTCP_VTBS_2025-12-23 02:02", "callsign": "AIQ161", "aircraft_type": "B77W", "adep": "VTCP", "ades": "VTBS", "epoch_ts": "2025-12-23 02:08:00+00:00", "altitude_ft": 7358.0, "tas_kt": null, "gs_kt": 280.0, "track_deg": 175, "phase": "climb"}, "geometry": {"type": "Point", "coordinates": [100.193493, 17.829957, 2242.7]}}, {"type": "Feature", "properties": {"flight_key": "AIQ161_VTCP_VTBS_2025-12-23 02:02", "callsign": "AIQ161", "aircraft_type": "B77W", "adep": "VTCP", "ades": "VTBS", "epoch_ts": "2025-12-23 02:14:00+00:00", "altitude_ft": 14179.0, "tas_kt": null, "gs_kt": 280.0, "track_deg": 175, "phase": "climb"}, "geometry": {"type": "Point", "coordinates": [100.221916, 17.52766, 4321.8]}}, {"type": "Feature", "properties": {"flight_key": "AIQ161_VTCP_VTBS_2025-12-23 02:02", "callsign": "AIQ161", "aircraft_type": "B77W", "adep": "VTCP", "ades": "VTBS", "epoch_ts": "2025-12-23 02:20:00+00:00", "altitude_ft": 21000.0, "tas_kt": null, "gs_kt": 460.0, "track_deg": 175, "phase": "cruise"}, "geometry": {"type": "Point", "coordinates": [100.249702, 17.225303, 6400.8]}}, {"type": "Feature", "properties": {"flight_key": "AIQ161_VTCP_VTBS_2025-12-23 02:02", "callsign": "AIQ161", "aircraft_type": "B77W", "adep": "VTCP", "ades": "VTBS", "epoch_ts": "2025-12-23 02:26:00+00:00", "altitude_ft": 21000.0, "tas_kt": null, "gs_kt": 460.0, "track_deg": 175, "phase": "cruise"}, "geometry": {"type": "Point", "coordinates": [100.277403, 16.922938, 6400.8]}}, {"type": "Feature", "properties": {"flight_key": "AIQ161_VTCP_VTBS_2025-12-23 02:02", "callsign": "AIQ161", "aircraft_type": "B77W", "adep": "VTCP", "ades": "VTBS", "epoch_ts": "2025-12-23 02:32:00+00:00", "altitude_ft": 21000.0, "tas_kt": null, "gs_kt": 460.0, "track_deg": 180, "phase": "cruise"}, "geometry": {"type": "Point", "coordinates": [100.291971, 16.619948, 6400.8]}}, {"type": "Feature", "properties": {"flight_key": "AIQ161_VTCP_VTBS_2025-12-23 02:02", "callsign": "AIQ161", "aircraft_type": "B77W", "adep": "VTCP", "ades": "VTBS", "epoch_ts": "2025-12-23 02:38:00+00:00", "altitude_ft": 21000.0, "tas_kt": null, "gs_kt": 460.0, "track_deg": 180, "phase": "cruise"}, "geometry": {"type": "Point", "coordinates": [100.293147, 16.316319, 6400.8]}}, {"type": "Feature", "properties": {"flight_key": "AIQ161_VTCP_VTBS_2025-12-23 02:02", "callsign": "AIQ161", "aircraft_type": "B77W", "adep": "VTCP", "ades": "VTBS", "epoch_ts": "2025-12-23 02:44:00+00:00", "altitude_ft": 21000.0, "tas_kt": null, "gs_kt": 460.0, "track_deg": 180, "phase": "cruise"}, "geometry": {"type": "Point", "coordinates": [100.294406, 16.012691, 6400.8]}}, {"type": "Feature", "properties": {"flight_key": "AIQ161_VTCP_VTBS_2025-12-23 02:02", "callsign": "AIQ161", "aircraft_type": "B77W", "adep": "VTCP", "ades": "VTBS", "epoch_ts": "2025-12-23 02:50:00+00:00", "altitude_ft": 21000.0, "tas_kt": null, "gs_kt": 460.0, "track_deg": 180, "phase": "cruise"}, "geometry": {"type": "Point", "coordinates": [100.295681, 15.709063, 6400.8]}}, {"type": "Feature", "properties": {"flight_key": "AIQ161_VTCP_VTBS_2025-12-23 02:02", "callsign": "AIQ161", "aircraft_type": "B77W", "adep": "VTCP", "ades": "VTBS", "epoch_ts": "2025-12-23 02:56:00+00:00", "altitude_ft": 21000.0, "tas_kt": null, "gs_kt": 460.0, "track_deg": 180, "phase": "cruise"}, "geometry": {"type": "Point", "coordinates": [100.296956, 15.405434, 6400.8]}}, {"type": "Feature", "properties": {"flight_key": "AIQ161_VTCP_VTBS_2025-12-23 02:02", "callsign": "AIQ161", "aircraft_type": "B77W", "adep": "VTCP", "ades": "VTBS", "epoch_ts": "2025-12-23 03:02:00+00:00", "altitude_ft": 21000.0, "tas_kt": null, "gs_kt": 460.0, "track_deg": 149, "phase": "cruise"}, "geometry": {"type": "Point", "coordinates": [100.388461, 15.127468, 6400.8]}}, {"type": "Feature", "properties": {"flight_key": "AIQ161_VTCP_VTBS_2025-12-23 02:02", "callsign": "AIQ161", "aircraft_type": "B77W", "adep": "VTCP", "ades": "VTBS", "epoch_ts": "2025-12-23 03:08:00+00:00", "altitude_ft": 21000.0, "tas_kt": null, "gs_kt": 460.0, "track_deg": 149, "phase": "cruise"}, "geometry": {"type": "Point", "coordinates": [100.547161, 14.868614, 6400.8]}}, {"type": "Feature", "properties": {"flight_key": "AIQ161_VTCP_VTBS_2025-12-23 02:02", "callsign": "AIQ161", "aircraft_type": "B77W", "adep": "VTCP", "ades": "VTBS", "epoch_ts": "2025-12-23 03:14:00+00:00", "altitude_ft": 21000.0, "tas_kt": null, "gs_kt": 460.0, "track_deg": 174, "phase": "cruise"}, "geometry": {"type": "Point", "coordinates": [100.652544, 14.591616, 6400.8]}}, {"type": "Feature", "properties": {"flight_key": "AIQ161_VTCP_VTBS_2025-12-23 02:02", "callsign": "AIQ161", "aircraft_type": "B77W", "adep": "VTCP", "ades": "VTBS", "epoch_ts": "2025-12-23 03:20:00+00:00", "altitude_ft": 14001.2, "tas_kt": null, "gs_kt": 270.0, "track_deg": 174, "phase": "descent"}, "geometry": {"type": "Point", "coordinates": [100.684659, 14.289689, 4267.6]}}, {"type": "Feature", "properties": {"flight_key": "AIQ161_VTCP_VTBS_2025-12-23 02:02", "callsign": "AIQ161", "aircraft_type": "B77W", "adep": "VTCP", "ades": "VTBS", "epoch_ts": "2025-12-23 03:26:00+00:00", "altitude_ft": 7002.5, "tas_kt": null, "gs_kt": 270.0, "track_deg": 174, "phase": "descent"}, "geometry": {"type": "Point", "coordinates": [100.716774, 13.987761, 2134.4]}}, {"type": "Feature", "properties": {"flight_key": "AIQ161_VTCP_VTBS_2025-12-23 02:02", "callsign": "AIQ161", "aircraft_type": "B77W", "adep": "VTCP", "ades": "VTBS", "epoch_ts": "2025-12-23 03:32:00+00:00", "altitude_ft": 3.7, "tas_kt": null, "gs_kt": 270.0, "track_deg": 0, "phase": "descent"}, "geometry": {"type": "Point", "coordinates": [100.748889, 13.685833, 1.1]}}, {"type": "Feature", "properties": {"feature_type": "route", "flight_key": "TGW162_VTSF_VTBD_2025-12-23 02:04", "route": "NKS Y94 DOXAS M769 GOKEX Y96 EMTIX Y99 HOTEL DCT SABAI", "callsign": "TGW162", "aircraft_type": "B789", "adep": "VTSF", "ades": "VTBD", "rfl": 350, "sid": "", "star": "SABA1B", "dep_rwy": "", "arr_rwy": "RW03L", "eobt": "2025-12-23T02:04:00+00:00", "idents": ["VTSF", "NKS", "DOXAS", "RIPMU", "PINUN", "SORTO", "DONSI", "GOKEX", "OLSEL", "UPVIL", "EMTIX", "HOTEL", "SABAI", "VTBD"]}, "geometry": {"type": "LineString", "coordinates": [[99.944725, 8.539617], [99.946944, 8.541667], [100.368889, 8.7825], [100.377222, 9.147778], [100.385, 9.473611], [100.395, 9.898056], [100.400278, 10.127222], [100.428889, 11.304167], [100.280278, 11.569722], [100.239167, 11.643333], [100.137222, 11.825278], [100.33, 13.001667], [100.327564, 13.122814], [100.605692, 13.914372]]}}, {"type": "Feature", "properties": {"flight_key": "TGW162_VTSF_VTBD_2025-12-23 02:04", "callsign": "TGW162", "aircraft_type": "B789", "adep": "VTSF", "ades": "VTBD", "epoch_ts": "2025-12-23 02:04:00+00:00", "altitude_ft": 13.0, "tas_kt": null, "gs_kt": 280.0, "track_deg": 47, "phase": "climb"}, "geometry": {"type": "Point", "coordinates": [99.944725, 8.539617, 4.0]}}, {"type": "Feature", "properties": {"flight_key": "TGW162_VTSF_VTBD_2025-12-23 02:04", "callsign": "TGW162", "aircraft_type": "B789", "adep": "VTSF", "ades": "VTBD", "epoch_ts": "2025-12-23 02:10:00+00:00", "altitude_ft": 11675.3, "tas_kt": null, "gs_kt": 280.0, "track_deg": 60, "phase": "climb"}, "geometry": {"type": "Point", "coordinates": [100.277859, 8.730543, 3558.6]}}, {"type": "Feature", "properties": {"flight_key": "TGW162_VTSF_VTBD_2025-12-23 02:04", "callsign": "TGW162", "aircraft_type": "B789", "adep": "VTSF", "ades": "VTBD", "epoch_ts": "2025-12-23 02:16:00+00:00", "altitude_ft": 23337.7, "tas_kt": null, "gs_kt": 280.0, "track_deg": 1, "phase": "climb"}, "geometry": {"type": "Point", "coordinates": [100.375257, 9.061658, 7113.3]}}, {"type": "Feature", "properties": {"flight_key": "TGW162_VTSF_VTBD_2025-12-23 02:04", "callsign": "TGW162", "aircraft_type": "B789", "adep": "VTSF", "ades": "VTBD", "epoch_ts": "2025-12-23 02:22:00+00:00", "altitude_ft": 35000.0, "tas_kt": null, "gs_kt": 460.0, "track_deg": 1, "phase": "cruise"}, "geometry": {"type": "Point", "coordinates": [100.384331, 9.445596, 10668.0]}}, {"type": "Feature", "properties": {"flight_key": "TGW162_VTSF_VTBD_2025-12-23 02:04", "callsign": "TGW162", "aircraft_type": "B789", "adep": "VTSF", "ades": "VTBD", "epoch_ts": "2025-12-23 02:28:00+00:00", "altitude_ft": 35000.0, "tas_kt": null, "gs_kt": 460.0, "track_deg": 1, "phase": "cruise"}, "geometry": {"type": "Point", "coordinates": [100.393386, 9.829534, 10668.0]}}, {"type": "Feature", "properties": {"flight_key": "TGW162_VTSF_VTBD_2025-12-23 02:04", "callsign": "TGW162", "aircraft_type": "B789", "adep": "VTSF", "ades": "VTBD", "epoch_ts": "2025-12-23 02:34:00+00:00", "altitude_ft": 35000.0, "tas_kt": null, "gs_kt": 460.0, "track_deg": 1, "phase": "cruise"}, "geometry": {"type": "Point", "coordinates": [100.402375, 10.213474, 10668.0]}}, {"type": "Feature", "properties": {"flight_key": "TGW162_VTSF_VTBD_2025-12-23 02:04", "callsign": "TGW162", "aircraft_type": "B789", "adep": "VTSF", "ades": "VTBD", "epoch_ts": "2025-12-23 02:40:00+00:00", "altitude_ft": 35000.0, "tas_kt": null, "gs_kt": 460.0, "track_deg": 1, "phase": "cruise"}, "geometry": {"type": "Point", "coordinates": [100.411708, 10.597405, 10668.0]}}, {"type": "Feature", "properties": {"flight_key": "TGW162_VTSF_VTBD_2025-12-23 02:04", "callsign": "TGW162", "aircraft_type": "B789", "adep": "VTSF", "ades": "VTBD", "epoch_ts": "2025-12-23 02:46:00+00:00", "altitude_ft": 35000.0, "tas_kt": null, "gs_kt": 460.0, "track_deg": 1, "phase": "cruise"}, "geometry": {"type": "Point", "coordinates": [100.421041, 10.981336, 10668.0]}}, {"type": "Feature", "properties": {"flight_key": "TGW162_VTSF_VTBD_2025-12-23 02:04", "callsign": "TGW162", "aircraft_type": "B789", "adep": "VTSF", "ades": "VTBD", "epoch_ts": "2025-12-23 02:52:00+00:00", "altitude_ft": 35000.0, "tas_kt": null, "gs_kt": 460.0, "track_deg": 331, "phase": "cruise"}, "geometry": {"type": "Point", "coordinates": [100.399041, 11.357502, 10668.0]}}, {"type": "Feature", "properties": {"flight_key": "TGW162_VTSF_VTBD_2025-12-23 02:04", "callsign": "TGW162", "aircraft_type": "B789", "adep": "VTSF", "ades": "VTBD", "epoch_ts": "2025-12-23 02:58:00+00:00", "altitude_ft": 35000.0, "tas_kt": null, "gs_kt": 460.0, "track_deg": 331, "phase": "cruise"}, "geometry": {"type": "Point", "coordinates": [100.21153, 11.692658, 10668.0]}}, {"type": "Feature", "properties": {"flight_key": "TGW162_VTSF_VTBD_2025-12-23 02:04", "callsign": "TGW162", "aircraft_type": "B789", "adep": "VTSF", "ades": "VTBD", "epoch_ts": "2025-12-23 03:04:00+00:00", "altitude_ft": 35000.0, "tas_kt": null, "gs_kt": 460.0, "track_deg": 9, "phase": "cruise"}, "geometry": {"type": "Point", "coordinates": [100.174744, 12.05425, 10668.0]}}, {"type": "Feature", "properties": {"flight_key": "TGW162_VTSF_VTBD_2025-12-23 02:04", "callsign": "TGW162", "aircraft_type": "B789", "adep": "VTSF", "ades": "VTBD", "epoch_ts": "2025-12-23 03:10:00+00:00", "altitude_ft": 35000.0, "tas_kt": null, "gs_kt": 460.0, "track_deg": 9, "phase": "cruise"}, "geometry": {"type": "Point", "coordinates": [100.23685, 12.43324, 10668.0]}}, {"type": "Feature", "properties": {"flight_key": "TGW162_VTSF_VTBD_2025-12-23 02:04", "callsign": "TGW162", "aircraft_type": "B789", "adep": "VTSF", "ades": "VTBD", "epoch_ts": "2025-12-23 03:16:00+00:00", "altitude_ft": 35000.0, "tas_kt": null, "gs_kt": 460.0, "track_deg": 9, "phase": "cruise"}, "geometry": {"type": "Point", "coordinates": [100.298956, 12.81223, 10668.0]}}, {"type": "Feature", "properties": {"flight_key": "TGW162_VTSF_VTBD_2025-12-23 02:04", "callsign": "TGW162", "aircraft_type": "B789", "adep": "VTSF", "ades": "VTBD", "epoch_ts": "2025-12-23 03:22:00+00:00", "altitude_ft": 23335.7, "tas_kt": null, "gs_kt": 270.0, "track_deg": 19, "phase": "descent"}, "geometry": {"type": "Point", "coordinates": [100.35107, 13.189714, 7112.7]}}, {"type": "Feature", "properties": {"flight_key": "TGW162_VTSF_VTBD_2025-12-23 02:04", "callsign": "TGW162", "aircraft_type": "B789", "adep": "VTSF", "ades": "VTBD", "epoch_ts": "2025-12-23 03:28:00+00:00", "altitude_ft": 11671.3, "tas_kt": null, "gs_kt": 270.0, "track_deg": 19, "phase": "descent"}, "geometry": {"type": "Point", "coordinates": [100.478381, 13.552043, 3557.4]}}, {"type": "Feature", "properties": {"flight_key": "TGW162_VTSF_VTBD_2025-12-23 02:04", "callsign": "TGW162", "aircraft_type": "B789", "adep": "VTSF", "ades": "VTBD", "epoch_ts": "2025-12-23 03:34:00+00:00", "altitude_ft": 7.0, "tas_kt": null, "gs_kt": 270.0, "track_deg": 0, "phase": "descent"}, "geometry": {"type": "Point", "coordinates": [100.605692, 13.914372, 2.1]}}, {"type": "Feature", "properties": {"feature_type": "route", "flight_key": "BKP163_VTSS_VTBD_2025-12-23 02:06", "route": "DANDO M769 GOKEX Y96 EMTIX Y99 HOTEL DCT SABAI", "callsign": "BKP163", "aircraft_type": "B763", "adep": "VTSS", "ades": "VTBD", "rfl": 370, "sid": "DAND1C", "star": "SABA1B", "dep_rwy": "RW26", "arr_rwy": "RW03L", "eobt": "2025-12-23T02:06:00+00:00", "idents": ["VTSS", "DANDO", "DOXAS", "RIPMU", "PINUN", "SORTO", "DONSI", "GOKEX", "OLSEL", "UPVIL", "EMTIX", "HOTEL", "SABAI", "VTBD"]}, "geometry": {"type": "LineString", "coordinates": [[100.395, 6.932778], [100.34, 7.515], [100.368889, 8.7825], [100.377222, 9.147778], [100.385, 9.473611], [100.395, 9.898056], [100.400278, 10.127222], [100.428889, 11.304167], [100.280278, 11.569722], [100.239167, 11.643333], [100.137222, 11.825278], [100.33, 13.001667], [100.327564, 13.122814], [100.605692, 13.914372]]}}, {"type": "Feature", "properties": {"flight_key": "BKP163_VTSS_VTBD_2025-12-23 02:06", "callsign": "BKP163", "aircraft_type": "B763", "adep": "VTSS", "ades": "VTBD", "epoch_ts": "2025-12-23 02:06:00+00:00", "altitude_ft": 58.0, "tas_kt": null, "gs_kt": 280.0, "track_deg": 355, "phase": "climb"}, "geometry": {"type": "Point", "coordinates": [100.395, 6.932778, 17.7]}}, {"type": "Feature", "properties": {"flight_key": "BKP163_VTSS_VTBD_2025-12-23 02:06", "callsign": "BKP163", "aircraft_type": "B763", "adep": "VTSS", "ades": "VTBD", "epoch_ts": "2025-12-23 02:12:00+00:00", "altitude_ft": 12372.0, "tas_kt": null, "gs_kt": 280.0, "track_deg": 355, "phase": "climb"}, "geometry": {"type": "Point", "coordinates": [100.350331, 7.405637, 3771.0]}}, {"type": "Feature", "properties": {"flight_key": "BKP163_VTSS_VTBD_2025-12-23 02:06", "callsign": "BKP163", "aircraft_type": "B763", "adep": "VTSS", "ades": "VTBD", "epoch_ts": "2025-12-23 02:18:00+00:00", "altitude_ft": 24686.0, "tas_kt": null, "gs_kt": 280.0, "track_deg": 1, "phase": "climb"}, "geometry": {"type": "Point", "coordinates": [100.34832, 7.880019, 7524.3]}}, {"type": "Feature", "properties": {"flight_key": "BKP163_VTSS_VTBD_2025-12-23 02:06", "callsign": "BKP163", "aircraft_type": "B763", "adep": "VTSS", "ades": "VTBD", "epoch_ts": "2025-12-23 02:24:00+00:00", "altitude_ft": 37000.0, "tas_kt": null, "gs_kt": 460.0, "track_deg": 1, "phase": "cruise"}, "geometry": {"type": "Point", "coordinates": [100.359142, 8.354859, 11277.6]}}, {"type": "Feature", "properties": {"flight_key": "BKP163_VTSS_VTBD_2025-12-23 02:06", "callsign": "BKP163", "aircraft_type": "B763", "adep": "VTSS", "ades": "VTBD", "epoch_ts": "2025-12-23 02:30:00+00:00", "altitude_ft": 37000.0, "tas_kt": null, "gs_kt": 460.0, "track_deg": 1, "phase": "cruise"}, "geometry": {"type": "Point", "coordinates": [100.369966, 8.8297, 11277.6]}}, {"type": "Feature", "properties": {"flight_key": "BKP163_VTSS_VTBD_2025-12-23 02:06", "callsign": "BKP163", "aircraft_type": "B763", "adep": "VTSS", "ades": "VTBD", "epoch_ts": "2025-12-23 02:36:00+00:00", "altitude_ft": 37000.0, "tas_kt": null, "gs_kt": 460.0, "track_deg": 1, "phase": "cruise"}, "geometry": {"type": "Point", "coordinates": [100.380964, 9.304536, 11277.6]}}, {"type": "Feature", "properties": {"flight_key": "BKP163_VTSS_VTBD_2025-12-23 02:06", "callsign": "BKP163", "aircraft_type": "B763", "adep": "VTSS", "ades": "VTBD", "epoch_ts": "2025-12-23 02:42:00+00:00", "altitude_ft": 37000.0, "tas_kt": null, "gs_kt": 460.0, "track_deg": 1, "phase": "cruise"}, "geometry": {"type": "Point", "coordinates": [100.392204, 9.779367, 11277.6]}}, {"type": "Feature", "properties": {"flight_key": "BKP163_VTSS_VTBD_2025-12-23 02:06", "callsign": "BKP163", "aircraft_type": "B763", "adep": "VTSS", "ades": "VTBD", "epoch_ts": "2025-12-23 02:48:00+00:00", "altitude_ft": 37000.0, "tas_kt": null, "gs_kt": 460.0, "track_deg": 1, "phase": "cruise"}, "geometry": {"type": "Point", "coordinates": [100.403365, 10.254199, 11277.6]}}, {"type": "Feature", "properties": {"flight_key": "BKP163_VTSS_VTBD_2025-12-23 02:06", "callsign": "BKP163", "aircraft_type": "B763", "adep": "VTSS", "ades": "VTBD", "epoch_ts": "2025-12-23 02:54:00+00:00", "altitude_ft": 37000.0, "tas_kt": null, "gs_kt": 460.0, "track_deg": 1, "phase": "cruise"}, "geometry": {"type": "Point", "coordinates": [100.414908, 10.729023, 11277.6]}}, {"type": "Feature", "properties": {"flight_key": "BKP163_VTSS_VTBD_2025-12-23 02:06", "callsign": "BKP163", "aircraft_type": "B763", "adep": "VTSS", "ades": "VTBD", "epoch_ts": "2025-12-23 03:00:00+00:00", "altitude_ft": 37000.0, "tas_kt": null, "gs_kt": 460.0, "track_deg": 1, "phase": "cruise"}, "geometry": {"type": "Point", "coordinates": [100.42645, 11.203846, 11277.6]}}, {"type": "Feature", "properties": {"flight_key": "BKP163_VTSS_VTBD_2025-12-23 02:06", "callsign": "BKP163", "aircraft_type": "B763", "adep": "VTSS", "ades": "VTBD", "epoch_ts": "2025-12-23 03:06:00+00:00", "altitude_ft": 37000.0, "tas_kt": null, "gs_kt": 460.0, "track_deg": 331, "phase": "cruise"}, "geometry": {"type": "Point", "coordinates": [100.245998, 11.631102, 11277.6]}}, {"type": "Feature", "properties": {"flight_key": "BKP163_VTSS_VTBD_2025-12-23 02:06", "callsign": "BKP163", "aircraft_type": "B763", "adep": "VTSS", "ades": "VTBD", "epoch_ts": "2025-12-23 03:12:00+00:00", "altitude_ft": 37000.0, "tas_kt": null, "gs_kt": 460.0, "track_deg": 9, "phase": "cruise"}, "geometry": {"type": "Point", "coordinates": [100.178038, 12.074351, 11277.6]}}, {"type": "Feature", "properties": {"flight_key": "BKP163_VTSS_VTBD_2025-12-23 02:06", "callsign": "BKP163", "aircraft_type": "B763", "adep": "VTSS", "ades": "VTBD", "epoch_ts": "2025-12-23 03:18:00+00:00", "altitude_ft": 37000.0, "tas_kt": null, "gs_kt": 460.0, "track_deg": 9, "phase": "cruise"}, "geometry": {"type": "Point", "coordinates": [100.254847, 12.543063, 11277.6]}}, {"type": "Feature", "properties": {"flight_key": "BKP163_VTSS_VTBD_2025-12-23 02:06", "callsign": "BKP163", "aircraft_type": "B763", "adep": "VTSS", "ades": "VTBD", "epoch_ts": "2025-12-23 03:24:00+00:00", "altitude_ft": 24669.0, "tas_kt": null, "gs_kt": 270.0, "track_deg": 359, "phase": "descent"}, "geometry": {"type": "Point", "coordinates": [100.329794, 13.011908, 7519.1]}}, {"type": "Feature", "properties": {"flight_key": "BKP163_VTSS_VTBD_2025-12-23 02:06", "callsign": "BKP163", "aircraft_type": "B763", "adep": "VTSS", "ades": "VTBD", "epoch_ts": "2025-12-23 03:30:00+00:00", "altitude_ft": 12338.0, "tas_kt": null, "gs_kt": 270.0, "track_deg": 19, "phase": "descent"}, "geometry": {"type": "Point", "coordinates": [100.448242, 13.466265, 3760.6]}}, {"type": "Feature", "properties": {"flight_key": "BKP163_VTSS_VTBD_2025-12-23 02:06", "callsign": "BKP163", "aircraft_type": "B763", "adep": "VTSS", "ades": "VTBD", "epoch_ts": "2025-12-23 03:36:00+00:00", "altitude_ft": 7.0, "tas_kt": null, "gs_kt": 270.0, "track_deg": 0, "phase": "descent"}, "geometry": {"type": "Point", "coordinates": [100.605692, 13.914372, 2.1]}}, {"type": "Feature", "properties": {"feature_type": "route", "flight_key": "DMK164_VTPP_VTSG_2025-12-23 02:08", "route": "PEBLI Y28 BKK Y8 SAPUD W32 NULMA", "callsign": "DMK164", "aircraft_type": "B738", "adep": "VTPP", "ades": "VTSG", "rfl": 340, "sid": "PEBL1A", "star": "NULM1E", "dep_rwy": "RW14", "arr_rwy": "RW32", "eobt": "2025-12-23T02:08:00+00:00", "idents": ["VTPP", "PEBLI", "BLAFF", "BKK", "SAPUD", "NULMA", "VTSG"]}, "geometry": {"type": "LineString", "coordinates": [[100.279133, 16.782942], [100.293333, 16.268333], [100.2975, 15.275833], [100.596111, 13.893611], [99.134747, 9.129511], [99.041111, 8.521667], [98.985278, 8.100278]]}}, {"type": "Feature", "properties": {"flight_key": "DMK164_VTPP_VTSG_2025-12-23 02:08", "callsign": "DMK164", "aircraft_type": "B738", "adep": "VTPP", "ades": "VTSG", "epoch_ts": "2025-12-23 02:08:00+00:00", "altitude_ft": 148.0, "tas_kt": null, "gs_kt": 280.0, "track_deg": 178, "phase": "climb"}, "geometry": {"type": "Point", "coordinates": [100.279133, 16.782942, 45.1]}}, {"type": "Feature", "properties": {"flight_key": "DMK164_VTPP_VTSG_2025-12-23 02:08", "callsign": "DMK164", "aircraft_type": "B738", "adep": "VTPP", "ades": "VTSG", "epoch_ts": "2025-12-23 02:14:00+00:00", "altitude_ft": 11432.0, "tas_kt": null, "gs_kt": 280.0, "track_deg": 180, "phase": "climb"}, "geometry": {"type": "Point", "coordinates": [100.293675, 16.186825, 3484.5]}}, {"type": "Feature", "properties": {"flight_key": "DMK164_VTPP_VTSG_2025-12-23 02:08", "callsign": "DMK164", "aircraft_type": "B738", "adep": "VTPP", "ades": "VTSG", "epoch_ts": "2025-12-23 02:20:00+00:00", "altitude_ft": 22716.0, "tas_kt": null, "gs_kt": 280.0, "track_deg": 180, "phase": "climb"}, "geometry": {"type": "Point", "coordinates": [100.296179, 15.590517, 6923.8]}}, {"type": "Feature", "properties": {"flight_key": "DMK164_VTPP_VTSG_2025-12-23 02:08", "callsign": "DMK164", "aircraft_type": "B738", "adep": "VTPP", "ades": "VTSG", "epoch_ts": "2025-12-23 02:26:00+00:00", "altitude_ft": 34000.0, "tas_kt": null, "gs_kt": 460.0, "track_deg": 168, "phase": "cruise"}, "geometry": {"type": "Point", "coordinates": [100.35697, 15.000556, 10363.2]}}, {"type": "Feature", "properties": {"flight_key": "DMK164_VTPP_VTSG_2025-12-23 02:08", "callsign": "DMK164", "aircraft_type": "B738", "adep": "VTPP", "ades": "VTSG", "epoch_ts": "2025-12-23 02:32:00+00:00", "altitude_ft": 34000.0, "tas_kt": null, "gs_kt": 460.0, "track_deg": 168, "phase": "cruise"}, "geometry": {"type": "Point", "coordinates": [100.482891, 14.417689, 10363.2]}}, {"type": "Feature", "properties": {"flight_key": "DMK164_VTPP_VTSG_2025-12-23 02:08", "callsign": "DMK164", "aircraft_type": "B738", "adep": "VTPP", "ades": "VTSG", "epoch_ts": "2025-12-23 02:38:00+00:00", "altitude_ft": 34000.0, "tas_kt": null, "gs_kt": 460.0, "track_deg": 197, "phase": "cruise"}, "geometry": {"type": "Point", "coordinates": [100.578473, 13.836111, 10363.2]}}, {"type": "Feature", "properties": {"flight_key": "DMK164_VTPP_VTSG_2025-12-23 02:08", "callsign": "DMK164", "aircraft_type": "B738", "adep": "VTPP", "ades": "VTSG", "epoch_ts": "2025-12-23 02:44:00+00:00", "altitude_ft": 34000.0, "tas_kt": null, "gs_kt": 460.0, "track_deg": 197, "phase": "cruise"}, "geometry": {"type": "Point", "coordinates": [100.403599, 13.266015, 10363.2]}}, {"type": "Feature", "properties": {"flight_key": "DMK164_VTPP_VTSG_2025-12-23 02:08", "callsign": "DMK164", "aircraft_type": "B738", "adep": "VTPP", "ades": "VTSG", "epoch_ts": "2025-12-23 02:50:00+00:00", "altitude_ft": 34000.0, "tas_kt": null, "gs_kt": 460.0, "track_deg": 197, "phase": "cruise"}, "geometry": {"type": "Point", "coordinates": [100.228725, 12.695919, 10363.2]}}, {"type": "Feature", "properties": {"flight_key": "DMK164_VTPP_VTSG_2025-12-23 02:08", "callsign": "DMK164", "aircraft_type": "B738", "adep": "VTPP", "ades": "VTSG", "epoch_ts": "2025-12-23 02:56:00+00:00", "altitude_ft": 34000.0, "tas_kt": null, "gs_kt": 460.0, "track_deg": 197, "phase": "cruise"}, "geometry": {"type": "Point", "coordinates": [100.053851, 12.125824, 10363.2]}}, {"type": "Feature", "properties": {"flight_key": "DMK164_VTPP_VTSG_2025-12-23 02:08", "callsign": "DMK164", "aircraft_type": "B738", "adep": "VTPP", "ades": "VTSG", "epoch_ts": "2025-12-23 03:02:00+00:00", "altitude_ft": 34000.0, "tas_kt": null, "gs_kt": 460.0, "track_deg": 197, "phase": "cruise"}, "geometry": {"type": "Point", "coordinates": [99.878977, 11.555728, 10363.2]}}, {"type": "Feature", "properties": {"flight_key": "DMK164_VTPP_VTSG_2025-12-23 02:08", "callsign": "DMK164", "aircraft_type": "B738", "adep": "VTPP", "ades": "VTSG", "epoch_ts": "2025-12-23 03:08:00+00:00", "altitude_ft": 34000.0, "tas_kt": null, "gs_kt": 460.0, "track_deg": 197, "phase": "cruise"}, "geometry": {"type": "Point", "coordinates": [99.704103, 10.985633, 10363.2]}}, {"type": "Feature", "properties": {"flight_key": "DMK164_VTPP_VTSG_2025-12-23 02:08", "callsign": "DMK164", "aircraft_type": "B738", "adep": "VTPP", "ades": "VTSG", "epoch_ts": "2025-12-23 03:14:00+00:00", "altitude_ft": 34000.0, "tas_kt": null, "gs_kt": 460.0, "track_deg": 197, "phase": "cruise"}, "geometry": {"type": "Point", "coordinates": [99.529229, 10.415537, 10363.2]}}, {"type": "Feature", "properties": {"flight_key": "DMK164_VTPP_VTSG_2025-12-23 02:08", "callsign": "DMK164", "aircraft_type": "B738", "adep": "VTPP", "ades": "VTSG", "epoch_ts": "2025-12-23 03:20:00+00:00", "altitude_ft": 34000.0, "tas_kt": null, "gs_kt": 460.0, "track_deg": 197, "phase": "cruise"}, "geometry": {"type": "Point", "coordinates": [99.354355, 9.845441, 10363.2]}}, {"type": "Feature", "properties": {"flight_key": "DMK164_VTPP_VTSG_2025-12-23 02:08", "callsign": "DMK164", "aircraft_type": "B738", "adep": "VTPP", "ades": "VTSG", "epoch_ts": "2025-12-23 03:26:00+00:00", "altitude_ft": 22697.7, "tas_kt": null, "gs_kt": 270.0, "track_deg": 197, "phase": "descent"}, "geometry": {"type": "Point", "coordinates": [99.179481, 9.275346, 6918.2]}}, {"type": "Feature", "properties": {"flight_key": "DMK164_VTPP_VTSG_2025-12-23 02:08", "callsign": "DMK164", "aircraft_type": "B738", "adep": "VTPP", "ades": "VTSG", "epoch_ts": "2025-12-23 03:32:00+00:00", "altitude_ft": 11395.3, "tas_kt": null, "gs_kt": 270.0, "track_deg": 189, "phase": "descent"}, "geometry": {"type": "Point", "coordinates": [99.067183, 8.690912, 3473.3]}}, {"type": "Feature", "properties": {"flight_key": "DMK164_VTPP_VTSG_2025-12-23 02:08", "callsign": "DMK164", "aircraft_type": "B738", "adep": "VTPP", "ades": "VTSG", "epoch_ts": "2025-12-23 03:38:00+00:00", "altitude_ft": 93.0, "tas_kt": null, "gs_kt": 270.0, "track_deg": 0, "phase": "descent"}, "geometry": {"type": "Point", "coordinates": [98.985278, 8.100278, 28.3]}}, {"type": "Feature", "properties": {"feature_type": "route", "flight_key": "SEH165_VTBS_VTPB_2025-12-23 02:10", "route": "NOBER W21 CMP W26 PCB", "callsign": "SEH165", "aircraft_type": "A320", "adep": "VTBS", "ades": "VTPB", "rfl": 350, "sid": "NOBE1P", "star": "", "dep_rwy": "RW20R", "arr_rwy": "", "eobt": "2025-12-23T02:10:00+00:00", "idents": ["VTBS", "NOBER", "CMP", "PCB", "VTPB"]}, "geometry": {"type": "LineString", "coordinates": [[100.748889, 13.685833], [100.668333, 15.276667], [101.988889, 16.635278], [101.196667, 16.676111], [101.195108, 16.676031]]}}, {"type": "Feature", "properties": {"flight_key": "SEH165_VTBS_VTPB_2025-12-23 02:10", "callsign": "SEH165", "aircraft_type": "A320", "adep": "VTBS", "ades": "VTPB", "epoch_ts": "2025-12-23 02:10:00+00:00", "altitude_ft": 8.0, "tas_kt": null, "gs_kt": 280.0, "track_deg": 357, "phase": "climb"}, "geometry": {"type": "Point", "coordinates": [100.748889, 13.685833, 2.4]}}, {"type": "Feature", "properties": {"flight_key": "SEH165_VTBS_VTPB_2025-12-23 02:10", "callsign": "SEH165", "aircraft_type": "A320", "adep": "VTBS", "ades": "VTPB", "epoch_ts": "2025-12-23 02:16:00+00:00", "altitude_ft": 11672.0, "tas_kt": null, "gs_kt": 280.0, "track_deg": 357, "phase": "climb"}, "geometry": {"type": "Point", "coordinates": [100.734451, 13.970958, 3557.6]}}, {"type": "Feature", "properties": {"flight_key": "SEH165_VTBS_VTPB_2025-12-23 02:10", "callsign": "SEH165", "aircraft_type": "A320", "adep": "VTBS", "ades": "VTPB", "epoch_ts": "2025-12-23 02:22:00+00:00", "altitude_ft": 23336.0, "tas_kt": null, "gs_kt": 280.0, "track_deg": 357, "phase": "climb"}, "geometry": {"type": "Point", "coordinates": [100.720013, 14.256083, 7112.8]}}, {"type": "Feature", "properties": {"flight_key": "SEH165_VTBS_VTPB_2025-12-23 02:10", "callsign": "SEH165", "aircraft_type": "A320", "adep": "VTBS", "ades": "VTPB", "epoch_ts": "2025-12-23 02:28:00+00:00", "altitude_ft": 35000.0, "tas_kt": null, "gs_kt": 460.0, "track_deg": 357, "phase": "cruise"}, "geometry": {"type": "Point", "coordinates": [100.705575, 14.541208, 10668.0]}}, {"type": "Feature", "properties": {"flight_key": "SEH165_VTBS_VTPB_2025-12-23 02:10", "callsign": "SEH165", "aircraft_type": "A320", "adep": "VTBS", "ades": "VTPB", "epoch_ts": "2025-12-23 02:34:00+00:00", "altitude_ft": 35000.0, "tas_kt": null, "gs_kt": 460.0, "track_deg": 357, "phase": "cruise"}, "geometry": {"type": "Point", "coordinates": [100.691137, 14.826333, 10668.0]}}, {"type": "Feature", "properties": {"flight_key": "SEH165_VTBS_VTPB_2025-12-23 02:10", "callsign": "SEH165", "aircraft_type": "A320", "adep": "VTBS", "ades": "VTPB", "epoch_ts": "2025-12-23 02:40:00+00:00", "altitude_ft": 35000.0, "tas_kt": null, "gs_kt": 460.0, "track_deg": 357, "phase": "cruise"}, "geometry": {"type": "Point", "coordinates": [100.676699, 15.111458, 10668.0]}}, {"type": "Feature", "properties": {"flight_key": "SEH165_VTBS_VTPB_2025-12-23 02:10", "callsign": "SEH165", "aircraft_type": "A320", "adep": "VTBS", "ades": "VTPB", "epoch_ts": "2025-12-23 02:46:00+00:00", "altitude_ft": 35000.0, "tas_kt": null, "gs_kt": 460.0, "track_deg": 43, "phase": "cruise"}, "geometry": {"type": "Point", "coordinates": [100.752021, 15.362766, 10668.0]}}, {"type": "Feature", "properties": {"flight_key": "SEH165_VTBS_VTPB_2025-12-23 02:10", "callsign": "SEH165", "aircraft_type": "A320", "adep": "VTBS", "ades": "VTPB", "epoch_ts": "2025-12-23 02:52:00+00:00", "altitude_ft": 35000.0, "tas_kt": null, "gs_kt": 460.0, "track_deg": 43, "phase": "cruise"}, "geometry": {"type": "Point", "coordinates": [100.951005, 15.567485, 10668.0]}}, {"type": "Feature", "properties": {"flight_key": "SEH165_VTBS_VTPB_2025-12-23 02:10", "callsign": "SEH165", "aircraft_type": "A320", "adep": "VTBS", "ades": "VTPB", "epoch_ts": "2025-12-23 02:58:00+00:00", "altitude_ft": 35000.0, "tas_kt": null, "gs_kt": 460.0, "track_deg": 43, "phase": "cruise"}, "geometry": {"type": "Point", "coordinates": [101.14999, 15.772204, 10668.0]}}, {"type": "Feature", "properties": {"flight_key": "SEH165_VTBS_VTPB_2025-12-23 02:10", "callsign": "SEH165", "aircraft_type": "A320", "adep": "VTBS", "ades": "VTPB", "epoch_ts": "2025-12-23 03:04:00+00:00", "altitude_ft": 35000.0, "tas_kt": null, "gs_kt": 460.0, "track_deg": 43, "phase": "cruise"}, "geometry": {"type": "Point", "coordinates": [101.348975, 15.976923, 10668.0]}}, {"type": "Feature", "properties": {"flight_key": "SEH165_VTBS_VTPB_2025-12-23 02:10", "callsign": "SEH165", "aircraft_type": "A320", "adep": "VTBS", "ades": "VTPB", "epoch_ts": "2025-12-23 03:10:00+00:00", "altitude_ft": 35000.0, "tas_kt": null, "gs_kt": 460.0, "track_deg": 43, "phase": "cruise"}, "geometry": {"type": "Point", "coordinates": [101.54796, 16.181642, 10668.0]}}, {"type": "Feature", "properties": {"flight_key": "SEH165_VTBS_VTPB_2025-12-23 02:10", "callsign": "SEH165", "aircraft_type": "A320", "adep": "VTBS", "ades": "VTPB", "epoch_ts": "2025-12-23 03:16:00+00:00", "altitude_ft": 35000.0, "tas_kt": null, "gs_kt": 460.0, "track_deg": 43, "phase": "cruise"}, "geometry": {"type": "Point", "coordinates": [101.746944, 16.386361, 10668.0]}}, {"type": "Feature", "properties": {"flight_key": "SEH165_VTBS_VTPB_2025-12-23 02:10", "callsign": "SEH165", "aircraft_type": "A320", "adep": "VTBS", "ades": "VTPB", "epoch_ts": "2025-12-23 03:22:00+00:00", "altitude_ft": 35000.0, "tas_kt": null, "gs_kt": 460.0, "track_deg": 43, "phase": "cruise"}, "geometry": {"type": "Point", "coordinates": [101.945929, 16.59108, 10668.0]}}, {"type": "Feature", "properties": {"flight_key": "SEH165_VTBS_VTPB_2025-12-23 02:10", "callsign": "SEH165", "aircraft_type": "A320", "adep": "VTBS", "ades": "VTPB", "epoch_ts": "2025-12-23 03:28:00+00:00", "altitude_ft": 23483.3, "tas_kt": null, "gs_kt": 270.0, "track_deg": 273, "phase": "descent"}, "geometry": {"type": "Point", "coordinates": [101.765332, 16.646801, 7157.7]}}, {"type": "Feature", "properties": {"flight_key": "SEH165_VTBS_VTPB_2025-12-23 02:10", "callsign": "SEH165", "aircraft_type": "A320", "adep": "VTBS", "ades": "VTPB", "epoch_ts": "2025-12-23 03:34:00+00:00", "altitude_ft": 11966.7, "tas_kt": null, "gs_kt": 270.0, "track_deg": 273, "phase": "descent"}, "geometry": {"type": "Point", "coordinates": [101.48022, 16.661496, 3647.4]}}, {"type": "Feature", "properties": {"flight_key": "SEH165_VTBS_VTPB_2025-12-23 02:10", "callsign": "SEH165", "aircraft_type": "A320", "adep": "VTBS", "ades": "VTPB", "epoch_ts": "2025-12-23 03:40:00+00:00", "altitude_ft": 450.0, "tas_kt": null, "gs_kt": 270.0, "track_deg": 0, "phase": "descent"}, "geometry": {"type": "Point", "coordinates": [101.195108, 16.676031, 137.2]}}, {"type": "Feature", "properties": {"feature_type": "route", "flight_key": "NOK166_VTSP_VTBU_2025-12-23 02:12", "route": "EMRIT Y99 NONEL Y98 SURMA W42 ASEKU DCT BUT", "callsign": "NOK166", "aircraft_type": "A321", "adep": "VTSP", "ades": "VTBU", "rfl": 350, "sid": "EMRI1A", "star": "", "dep_rwy": "RW09", "arr_rwy": "", "eobt": "2025-12-23T02:12:00+00:00", "idents": ["VTSP", "EMRIT", "KBI", "OSPEX", "BITEN", "EMVEL", "AKVUG", "VEGNA", "NIXET", "NONEL", "OLSEL", "SURMA", "REGOS", "ASEKU", "BUT", "VTBU"]}, "geometry": {"type": "LineString", "coordinates": [[98.309167, 8.1125], [98.811111, 8.105833], [98.9775, 8.1075], [99.221944, 8.3375], [99.341389, 8.449722], [99.356111, 8.743889], [99.371944, 9.063611], [99.380833, 9.240833], [99.436944, 9.421389], [99.893611, 10.883611], [100.280278, 11.569722], [100.4425, 11.856111], [100.581667, 12.001944], [100.651389, 12.051667], [101.000556, 12.666667], [101.005, 12.679722]]}}, {"type": "Feature", "properties": {"flight_key": "NOK166_VTSP_VTBU_2025-12-23 02:12", "callsign": "NOK166", "aircraft_type": "A321", "adep": "VTSP", "ades": "VTBU", "epoch_ts": "2025-12-23 02:12:00+00:00", "altitude_ft": 22.0, "tas_kt": null, "gs_kt": 280.0, "track_deg": 91, "phase": "climb"}, "geometry": {"type": "Point", "coordinates": [98.309167, 8.1125, 6.7]}}, {"type": "Feature", "properties": {"flight_key": "NOK166_VTSP_VTBU_2025-12-23 02:12", "callsign": "NOK166", "aircraft_type": "A321", "adep": "VTSP", "ades": "VTBU", "epoch_ts": "2025-12-23 02:18:00+00:00", "altitude_ft": 11681.3, "tas_kt": null, "gs_kt": 280.0, "track_deg": 91, "phase": "climb"}, "geometry": {"type": "Point", "coordinates": [98.696192, 8.107359, 3560.5]}}, {"type": "Feature", "properties": {"flight_key": "NOK166_VTSP_VTBU_2025-12-23 02:12", "callsign": "NOK166", "aircraft_type": "A321", "adep": "VTSP", "ades": "VTBU", "epoch_ts": "2025-12-23 02:24:00+00:00", "altitude_ft": 23340.7, "tas_kt": null, "gs_kt": 280.0, "track_deg": 46, "phase": "climb"}, "geometry": {"type": "Point", "coordinates": [99.054504, 8.179954, 7114.2]}}, {"type": "Feature", "properties": {"flight_key": "NOK166_VTSP_VTBU_2025-12-23 02:12", "callsign": "NOK166", "aircraft_type": "A321", "adep": "VTSP", "ades": "VTBU", "epoch_ts": "2025-12-23 02:30:00+00:00", "altitude_ft": 35000.0, "tas_kt": null, "gs_kt": 460.0, "track_deg": 46, "phase": "cruise"}, "geometry": {"type": "Point", "coordinates": [99.336477, 8.445107, 10668.0]}}, {"type": "Feature", "properties": {"flight_key": "NOK166_VTSP_VTBU_2025-12-23 02:12", "callsign": "NOK166", "aircraft_type": "A321", "adep": "VTSP", "ades": "VTBU", "epoch_ts": "2025-12-23 02:36:00+00:00", "altitude_ft": 35000.0, "tas_kt": null, "gs_kt": 460.0, "track_deg": 3, "phase": "cruise"}, "geometry": {"type": "Point", "coordinates": [99.360354, 8.829567, 10668.0]}}, {"type": "Feature", "properties": {"flight_key": "NOK166_VTSP_VTBU_2025-12-23 02:12", "callsign": "NOK166", "aircraft_type": "A321", "adep": "VTSP", "ades": "VTBU", "epoch_ts": "2025-12-23 02:42:00+00:00", "altitude_ft": 35000.0, "tas_kt": null, "gs_kt": 460.0, "track_deg": 3, "phase": "cruise"}, "geometry": {"type": "Point", "coordinates": [99.379595, 9.216147, 10668.0]}}, {"type": "Feature", "properties": {"flight_key": "NOK166_VTSP_VTBU_2025-12-23 02:12", "callsign": "NOK166", "aircraft_type": "A321", "adep": "VTSP", "ades": "VTBU", "epoch_ts": "2025-12-23 02:48:00+00:00", "altitude_ft": 35000.0, "tas_kt": null, "gs_kt": 460.0, "track_deg": 17, "phase": "cruise"}, "geometry": {"type": "Point", "coordinates": [99.488597, 9.586779, 10668.0]}}, {"type": "Feature", "properties": {"flight_key": "NOK166_VTSP_VTBU_2025-12-23 02:12", "callsign": "NOK166", "aircraft_type": "A321", "adep": "VTSP", "ades": "VTBU", "epoch_ts": "2025-12-23 02:54:00+00:00", "altitude_ft": 35000.0, "tas_kt": null, "gs_kt": 460.0, "track_deg": 17, "phase": "cruise"}, "geometry": {"type": "Point", "coordinates": [99.603983, 9.956239, 10668.0]}}, {"type": "Feature", "properties": {"flight_key": "NOK166_VTSP_VTBU_2025-12-23 02:12", "callsign": "NOK166", "aircraft_type": "A321", "adep": "VTSP", "ades": "VTBU", "epoch_ts": "2025-12-23 03:00:00+00:00", "altitude_ft": 35000.0, "tas_kt": null, "gs_kt": 460.0, "track_deg": 17, "phase": "cruise"}, "geometry": {"type": "Point", "coordinates": [99.719369, 10.325699, 10668.0]}}, {"type": "Feature", "properties": {"flight_key": "NOK166_VTSP_VTBU_2025-12-23 02:12", "callsign": "NOK166", "aircraft_type": "A321", "adep": "VTSP", "ades": "VTBU", "epoch_ts": "2025-12-23 03:06:00+00:00", "altitude_ft": 35000.0, "tas_kt": null, "gs_kt": 460.0, "track_deg": 17, "phase": "cruise"}, "geometry": {"type": "Point", "coordinates": [99.834755, 10.695158, 10668.0]}}, {"type": "Feature", "properties": {"flight_key": "NOK166_VTSP_VTBU_2025-12-23 02:12", "callsign": "NOK166", "aircraft_type": "A321", "adep": "VTSP", "ades": "VTBU", "epoch_ts": "2025-12-23 03:12:00+00:00", "altitude_ft": 35000.0, "tas_kt": null, "gs_kt": 460.0, "track_deg": 29, "phase": "cruise"}, "geometry": {"type": "Point", "coordinates": [99.986712, 11.048812, 10668.0]}}, {"type": "Feature", "properties": {"flight_key": "NOK166_VTSP_VTBU_2025-12-23 02:12", "callsign": "NOK166", "aircraft_type": "A321", "adep": "VTSP", "ades": "VTBU", "epoch_ts": "2025-12-23 03:18:00+00:00", "altitude_ft": 35000.0, "tas_kt": null, "gs_kt": 460.0, "track_deg": 29, "phase": "cruise"}, "geometry": {"type": "Point", "coordinates": [100.176744, 11.38601, 10668.0]}}, {"type": "Feature", "properties": {"flight_key": "NOK166_VTSP_VTBU_2025-12-23 02:12", "callsign": "NOK166", "aircraft_type": "A321", "adep": "VTSP", "ades": "VTBU", "epoch_ts": "2025-12-23 03:24:00+00:00", "altitude_ft": 35000.0, "tas_kt": null, "gs_kt": 460.0, "track_deg": 29, "phase": "cruise"}, "geometry": {"type": "Point", "coordinates": [100.367111, 11.723018, 10668.0]}}, {"type": "Feature", "properties": {"flight_key": "NOK166_VTSP_VTBU_2025-12-23 02:12", "callsign": "NOK166", "aircraft_type": "A321", "adep": "VTSP", "ades": "VTBU", "epoch_ts": "2025-12-23 03:30:00+00:00", "altitude_ft": 23353.0, "tas_kt": null, "gs_kt": 270.0, "track_deg": 54, "phase": "descent"}, "geometry": {"type": "Point", "coordinates": [100.608141, 12.020824, 7118.0]}}, {"type": "Feature", "properties": {"flight_key": "NOK166_VTSP_VTBU_2025-12-23 02:12", "callsign": "NOK166", "aircraft_type": "A321", "adep": "VTSP", "ades": "VTBU", "epoch_ts": "2025-12-23 03:36:00+00:00", "altitude_ft": 11706.0, "tas_kt": null, "gs_kt": 270.0, "track_deg": 29, "phase": "descent"}, "geometry": {"type": "Point", "coordinates": [100.816264, 12.342067, 3568.0]}}, {"type": "Feature", "properties": {"flight_key": "NOK166_VTSP_VTBU_2025-12-23 02:12", "callsign": "NOK166", "aircraft_type": "A321", "adep": "VTSP", "ades": "VTBU", "epoch_ts": "2025-12-23 03:42:00+00:00", "altitude_ft": 59.0, "tas_kt": null, "gs_kt": 270.0, "track_deg": 0, "phase": "descent"}, "geometry": {"type": "Point", "coordinates": [101.005, 12.679722, 18.0]}}, {"type": "Feature", "properties": {"feature_type": "route", "flight_key": "THD167_VTSE_VTBS_2025-12-23 02:14", "route": "CPN W34 MENEX W42 SURMA Y98 LEBIM", "callsign": "THD167", "aircraft_type": "A333", "adep": "VTSE", "ades": "VTBS", "rfl": 310, "sid": "", "star": "LEBI1C", "dep_rwy": "", "arr_rwy": "RW19", "eobt": "2025-12-23T02:14:00+00:00", "idents": ["VTSE", "CPN", "MENEX", "EGUBO", "UPVIL", "SURMA", "LEBIM", "VTBS"]}, "geometry": {"type": "LineString", "coordinates": [[99.361667, 10.711111], [99.365556, 10.711111], [99.761944, 11.141944], [100.080556, 11.477222], [100.239167, 11.643333], [100.4425, 11.856111], [100.473611, 13.0875], [100.748889, 13.685833]]}}, {"type": "Feature", "properties": {"flight_key": "THD167_VTSE_VTBS_2025-12-23 02:14", "callsign": "THD167", "aircraft_type": "A333", "adep": "VTSE", "ades": "VTBS", "epoch_ts": "2025-12-23 02:14:00+00:00", "altitude_ft": 22.0, "tas_kt": null, "gs_kt": 280.0, "track_deg": 90, "phase": "climb"}, "geometry": {"type": "Point", "coordinates": [99.361667, 10.711111, 6.7]}}, {"type": "Feature", "properties": {"flight_key": "THD167_VTSE_VTBS_2025-12-23 02:14", "callsign": "THD167", "aircraft_type": "A333", "adep": "VTSE", "ades": "VTBS", "epoch_ts": "2025-12-23 02:20:00+00:00", "altitude_ft": 10348.0, "tas_kt": null, "gs_kt": 280.0, "track_deg": 42, "phase": "climb"}, "geometry": {"type": "Point", "coordinates": [99.519383, 10.878306, 3154.1]}}, {"type": "Feature", "properties": {"flight_key": "THD167_VTSE_VTBS_2025-12-23 02:14", "callsign": "THD167", "aircraft_type": "A333", "adep": "VTSE", "ades": "VTBS", "epoch_ts": "2025-12-23 02:26:00+00:00", "altitude_ft": 20674.0, "tas_kt": null, "gs_kt": 280.0, "track_deg": 42, "phase": "climb"}, "geometry": {"type": "Point", "coordinates": [99.675844, 11.048362, 6301.4]}}, {"type": "Feature", "properties": {"flight_key": "THD167_VTSE_VTBS_2025-12-23 02:14", "callsign": "THD167", "aircraft_type": "A333", "adep": "VTSE", "ades": "VTBS", "epoch_ts": "2025-12-23 02:32:00+00:00", "altitude_ft": 31000.0, "tas_kt": null, "gs_kt": 460.0, "track_deg": 43, "phase": "cruise"}, "geometry": {"type": "Point", "coordinates": [99.833529, 11.217273, 9448.8]}}, {"type": "Feature", "properties": {"flight_key": "THD167_VTSE_VTBS_2025-12-23 02:14", "callsign": "THD167", "aircraft_type": "A333", "adep": "VTSE", "ades": "VTBS", "epoch_ts": "2025-12-23 02:38:00+00:00", "altitude_ft": 31000.0, "tas_kt": null, "gs_kt": 460.0, "track_deg": 43, "phase": "cruise"}, "geometry": {"type": "Point", "coordinates": [99.992713, 11.384784, 9448.8]}}, {"type": "Feature", "properties": {"flight_key": "THD167_VTSE_VTBS_2025-12-23 02:14", "callsign": "THD167", "aircraft_type": "A333", "adep": "VTSE", "ades": "VTBS", "epoch_ts": "2025-12-23 02:44:00+00:00", "altitude_ft": 31000.0, "tas_kt": null, "gs_kt": 460.0, "track_deg": 43, "phase": "cruise"}, "geometry": {"type": "Point", "coordinates": [100.152075, 11.552123, 9448.8]}}, {"type": "Feature", "properties": {"flight_key": "THD167_VTSE_VTBS_2025-12-23 02:14", "callsign": "THD167", "aircraft_type": "A333", "adep": "VTSE", "ades": "VTBS", "epoch_ts": "2025-12-23 02:50:00+00:00", "altitude_ft": 31000.0, "tas_kt": null, "gs_kt": 460.0, "track_deg": 43, "phase": "cruise"}, "geometry": {"type": "Point", "coordinates": [100.311689, 11.719224, 9448.8]}}, {"type": "Feature", "properties": {"flight_key": "THD167_VTSE_VTBS_2025-12-23 02:14", "callsign": "THD167", "aircraft_type": "A333", "adep": "VTSE", "ades": "VTBS", "epoch_ts": "2025-12-23 02:56:00+00:00", "altitude_ft": 31000.0, "tas_kt": null, "gs_kt": 460.0, "track_deg": 1, "phase": "cruise"}, "geometry": {"type": "Point", "coordinates": [100.443554, 11.89784, 9448.8]}}, {"type": "Feature", "properties": {"flight_key": "THD167_VTSE_VTBS_2025-12-23 02:14", "callsign": "THD167", "aircraft_type": "A333", "adep": "VTSE", "ades": "VTBS", "epoch_ts": "2025-12-23 03:02:00+00:00", "altitude_ft": 31000.0, "tas_kt": null, "gs_kt": 460.0, "track_deg": 1, "phase": "cruise"}, "geometry": {"type": "Point", "coordinates": [100.449391, 12.128849, 9448.8]}}, {"type": "Feature", "properties": {"flight_key": "THD167_VTSE_VTBS_2025-12-23 02:14", "callsign": "THD167", "aircraft_type": "A333", "adep": "VTSE", "ades": "VTBS", "epoch_ts": "2025-12-23 03:08:00+00:00", "altitude_ft": 31000.0, "tas_kt": null, "gs_kt": 460.0, "track_deg": 1, "phase": "cruise"}, "geometry": {"type": "Point", "coordinates": [100.455227, 12.359858, 9448.8]}}, {"type": "Feature", "properties": {"flight_key": "THD167_VTSE_VTBS_2025-12-23 02:14", "callsign": "THD167", "aircraft_type": "A333", "adep": "VTSE", "ades": "VTBS", "epoch_ts": "2025-12-23 03:14:00+00:00", "altitude_ft": 31000.0, "tas_kt": null, "gs_kt": 460.0, "track_deg": 1, "phase": "cruise"}, "geometry": {"type": "Point", "coordinates": [100.461064, 12.590866, 9448.8]}}, {"type": "Feature", "properties": {"flight_key": "THD167_VTSE_VTBS_2025-12-23 02:14", "callsign": "THD167", "aircraft_type": "A333", "adep": "VTSE", "ades": "VTBS", "epoch_ts": "2025-12-23 03:20:00+00:00", "altitude_ft": 31000.0, "tas_kt": null, "gs_kt": 460.0, "track_deg": 1, "phase": "cruise"}, "geometry": {"type": "Point", "coordinates": [100.4669, 12.821875, 9448.8]}}, {"type": "Feature", "properties": {"flight_key": "THD167_VTSE_VTBS_2025-12-23 02:14", "callsign": "THD167", "aircraft_type": "A333", "adep": "VTSE", "ades": "VTBS", "epoch_ts": "2025-12-23 03:26:00+00:00", "altitude_ft": 31000.0, "tas_kt": null, "gs_kt": 460.0, "track_deg": 1, "phase": "cruise"}, "geometry": {"type": "Point", "coordinates": [100.472736, 13.052884, 9448.8]}}, {"type": "Feature", "properties": {"flight_key": "THD167_VTSE_VTBS_2025-12-23 02:14", "callsign": "THD167", "aircraft_type": "A333", "adep": "VTSE", "ades": "VTBS", "epoch_ts": "2025-12-23 03:32:00+00:00", "altitude_ft": 20667.9, "tas_kt": null, "gs_kt": 270.0, "track_deg": 24, "phase": "descent"}, "geometry": {"type": "Point", "coordinates": [100.555722, 13.265973, 6299.6]}}, {"type": "Feature", "properties": {"flight_key": "THD167_VTSE_VTBS_2025-12-23 02:14", "callsign": "THD167", "aircraft_type": "A333", "adep": "VTSE", "ades": "VTBS", "epoch_ts": "2025-12-23 03:38:00+00:00", "altitude_ft": 10335.8, "tas_kt": null, "gs_kt": 270.0, "track_deg": 24, "phase": "descent"}, "geometry": {"type": "Point", "coordinates": [100.652305, 13.475903, 3150.4]}}, {"type": "Feature", "properties": {"flight_key": "THD167_VTSE_VTBS_2025-12-23 02:14", "callsign": "THD167", "aircraft_type": "A333", "adep": "VTSE", "ades": "VTBS", "epoch_ts": "2025-12-23 03:44:00+00:00", "altitude_ft": 3.7, "tas_kt": null, "gs_kt": 270.0, "track_deg": 0, "phase": "descent"}, "geometry": {"type": "Point", "coordinates": [100.748889, 13.685833, 1.1]}}, {"type": "Feature", "properties": {"feature_type": "route", "flight_key": "TVJ168_VTUV_VTSF_2025-12-23 02:16", "route": "W38 RAMEI Y20 BKK M757 LOSDA Y94 NKS", "callsign": "TVJ168", "aircraft_type": "A359", "adep": "VTUV", "ades": "VTSF", "rfl": 300, "sid": "", "star": "", "dep_rwy": "", "arr_rwy": "", "eobt": "2025-12-23T02:16:00+00:00", "idents": ["VTUV", "RAMEI", "KRT", "UBLOD", "MALKI", "BKK", "KASNI", "ASEKU", "NULBO", "MABKO", "VALSI", "ROBDA", "LOSDA", "DOXAS", "NKS", "VTSF"]}, "geometry": {"type": "LineString", "coordinates": [[103.773889, 16.116667], [103.011111, 15.044444], [102.139722, 14.917222], [101.436667, 14.620833], [101.198056, 14.519722], [100.596111, 13.893611], [100.678333, 13.080556], [100.651389, 12.051667], [100.611944, 10.488611], [100.595278, 9.8025], [100.588333, 9.518889], [100.586389, 9.432778], [100.573611, 8.898889], [100.368889, 8.7825], [99.946944, 8.541667], [99.944725, 8.539617]]}}, {"type": "Feature", "properties": {"flight_key": "TVJ168_VTUV_VTSF_2025-12-23 02:16", "callsign": "TVJ168", "aircraft_type": "A359", "adep": "VTUV", "ades": "VTSF", "epoch_ts": "2025-12-23 02:16:00+00:00", "altitude_ft": 451.0, "tas_kt": null, "gs_kt": 280.0, "track_deg": 214, "phase": "climb"}, "geometry": {"type": "Point", "coordinates": [103.773889, 16.116667, 137.5]}}, {"type": "Feature", "properties": {"flight_key": "TVJ168_VTUV_VTSF_2025-12-23 02:16", "callsign": "TVJ168", "aircraft_type": "A359", "adep": "VTUV", "ades": "VTSF", "epoch_ts": "2025-12-23 02:22:00+00:00", "altitude_ft": 10300.7, "tas_kt": null, "gs_kt": 280.0, "track_deg": 214, "phase": "climb"}, "geometry": {"type": "Point", "coordinates": [103.394714, 15.583667, 3139.6]}}, {"type": "Feature", "properties": {"flight_key": "TVJ168_VTUV_VTSF_2025-12-23 02:16", "callsign": "TVJ168", "aircraft_type": "A359", "adep": "VTUV", "ades": "VTSF", "epoch_ts": "2025-12-23 02:28:00+00:00", "altitude_ft": 20150.3, "tas_kt": null, "gs_kt": 280.0, "track_deg": 214, "phase": "climb"}, "geometry": {"type": "Point", "coordinates": [103.015538, 15.050667, 6141.8]}}, {"type": "Feature", "properties": {"flight_key": "TVJ168_VTUV_VTSF_2025-12-23 02:16", "callsign": "TVJ168", "aircraft_type": "A359", "adep": "VTUV", "ades": "VTSF", "epoch_ts": "2025-12-23 02:34:00+00:00", "altitude_ft": 30000.0, "tas_kt": null, "gs_kt": 460.0, "track_deg": 261, "phase": "cruise"}, "geometry": {"type": "Point", "coordinates": [102.371418, 14.951049, 9144.0]}}, {"type": "Feature", "properties": {"flight_key": "TVJ168_VTUV_VTSF_2025-12-23 02:16", "callsign": "TVJ168", "aircraft_type": "A359", "adep": "VTUV", "ades": "VTSF", "epoch_ts": "2025-12-23 02:40:00+00:00", "altitude_ft": 30000.0, "tas_kt": null, "gs_kt": 460.0, "track_deg": 246, "phase": "cruise"}, "geometry": {"type": "Point", "coordinates": [101.752744, 14.754083, 9144.0]}}, {"type": "Feature", "properties": {"flight_key": "TVJ168_VTUV_VTSF_2025-12-23 02:16", "callsign": "TVJ168", "aircraft_type": "A359", "adep": "VTUV", "ades": "VTSF", "epoch_ts": "2025-12-23 02:46:00+00:00", "altitude_ft": 30000.0, "tas_kt": null, "gs_kt": 460.0, "track_deg": 223, "phase": "cruise"}, "geometry": {"type": "Point", "coordinates": [101.162054, 14.482275, 9144.0]}}, {"type": "Feature", "properties": {"flight_key": "TVJ168_VTUV_VTSF_2025-12-23 02:16", "callsign": "TVJ168", "aircraft_type": "A359", "adep": "VTUV", "ades": "VTSF", "epoch_ts": "2025-12-23 02:52:00+00:00", "altitude_ft": 30000.0, "tas_kt": null, "gs_kt": 460.0, "track_deg": 223, "phase": "cruise"}, "geometry": {"type": "Point", "coordinates": [100.708717, 14.010737, 9144.0]}}, {"type": "Feature", "properties": {"flight_key": "TVJ168_VTUV_VTSF_2025-12-23 02:16", "callsign": "TVJ168", "aircraft_type": "A359", "adep": "VTUV", "ades": "VTSF", "epoch_ts": "2025-12-23 02:58:00+00:00", "altitude_ft": 30000.0, "tas_kt": null, "gs_kt": 460.0, "track_deg": 174, "phase": "cruise"}, "geometry": {"type": "Point", "coordinates": [100.645576, 13.40447, 9144.0]}}, {"type": "Feature", "properties": {"flight_key": "TVJ168_VTUV_VTSF_2025-12-23 02:16", "callsign": "TVJ168", "aircraft_type": "A359", "adep": "VTUV", "ades": "VTSF", "epoch_ts": "2025-12-23 03:04:00+00:00", "altitude_ft": 30000.0, "tas_kt": null, "gs_kt": 460.0, "track_deg": 181, "phase": "cruise"}, "geometry": {"type": "Point", "coordinates": [100.669732, 12.752122, 9144.0]}}, {"type": "Feature", "properties": {"flight_key": "TVJ168_VTUV_VTSF_2025-12-23 02:16", "callsign": "TVJ168", "aircraft_type": "A359", "adep": "VTUV", "ades": "VTSF", "epoch_ts": "2025-12-23 03:10:00+00:00", "altitude_ft": 30000.0, "tas_kt": null, "gs_kt": 460.0, "track_deg": 181, "phase": "cruise"}, "geometry": {"type": "Point", "coordinates": [100.652608, 12.098234, 9144.0]}}, {"type": "Feature", "properties": {"flight_key": "TVJ168_VTUV_VTSF_2025-12-23 02:16", "callsign": "TVJ168", "aircraft_type": "A359", "adep": "VTUV", "ades": "VTSF", "epoch_ts": "2025-12-23 03:16:00+00:00", "altitude_ft": 30000.0, "tas_kt": null, "gs_kt": 460.0, "track_deg": 181, "phase": "cruise"}, "geometry": {"type": "Point", "coordinates": [100.636062, 11.444331, 9144.0]}}, {"type": "Feature", "properties": {"flight_key": "TVJ168_VTUV_VTSF_2025-12-23 02:16", "callsign": "TVJ168", "aircraft_type": "A359", "adep": "VTUV", "ades": "VTSF", "epoch_ts": "2025-12-23 03:22:00+00:00", "altitude_ft": 30000.0, "tas_kt": null, "gs_kt": 460.0, "track_deg": 181, "phase": "cruise"}, "geometry": {"type": "Point", "coordinates": [100.619561, 10.790427, 9144.0]}}, {"type": "Feature", "properties": {"flight_key": "TVJ168_VTUV_VTSF_2025-12-23 02:16", "callsign": "TVJ168", "aircraft_type": "A359", "adep": "VTUV", "ades": "VTSF", "epoch_ts": "2025-12-23 03:28:00+00:00", "altitude_ft": 30000.0, "tas_kt": null, "gs_kt": 460.0, "track_deg": 181, "phase": "cruise"}, "geometry": {"type": "Point", "coordinates": [100.603391, 10.136515, 9144.0]}}, {"type": "Feature", "properties": {"flight_key": "TVJ168_VTUV_VTSF_2025-12-23 02:16", "callsign": "TVJ168", "aircraft_type": "A359", "adep": "VTUV", "ades": "VTSF", "epoch_ts": "2025-12-23 03:34:00+00:00", "altitude_ft": 20004.3, "tas_kt": null, "gs_kt": 270.0, "track_deg": 181, "phase": "descent"}, "geometry": {"type": "Point", "coordinates": [100.587514, 9.482595, 6097.3]}}, {"type": "Feature", "properties": {"flight_key": "TVJ168_VTUV_VTSF_2025-12-23 02:16", "callsign": "TVJ168", "aircraft_type": "A359", "adep": "VTUV", "ades": "VTSF", "epoch_ts": "2025-12-23 03:40:00+00:00", "altitude_ft": 10008.7, "tas_kt": null, "gs_kt": 270.0, "track_deg": 240, "phase": "descent"}, "geometry": {"type": "Point", "coordinates": [100.512549, 8.864174, 3050.6]}}, {"type": "Feature", "properties": {"flight_key": "TVJ168_VTUV_VTSF_2025-12-23 02:16", "callsign": "TVJ168", "aircraft_type": "A359", "adep": "VTUV", "ades": "VTSF", "epoch_ts": "2025-12-23 03:46:00+00:00", "altitude_ft": 13.0, "tas_kt": null, "gs_kt": 270.0, "track_deg": 0, "phase": "descent"}, "geometry": {"type": "Point", "coordinates": [99.944725, 8.539617, 4.0]}}, {"type": "Feature", "properties": {"feature_type": "route", "flight_key": "PGY169_VTUW_VTSP_2025-12-23 02:18", "route": "W5/W6 KKN W6 KRT W1 BKK G458 SAVSA", "callsign": "PGY169", "aircraft_type": "B77W", "adep": "VTUW", "ades": "VTSP", "rfl": 160, "sid": "", "star": "SAVS1C", "dep_rwy": "", "arr_rwy": "RW09", "eobt": "2025-12-23T02:18:00+00:00", "idents": ["VTUW", "KKN", "EMRUT", "KRT", "UBLOD", "MALKI", "BKK", "MOTNA", "HOTEL", "UKERA", "MENEX", "APRIL", "IKERA", "STN", "LAMUL", "SAVSA", "VTSP"]}, "geometry": {"type": "LineString", "coordinates": [[104.641889, 17.385339], [102.788056, 16.470833], [102.5925, 16.005556], [102.139722, 14.917222], [101.436667, 14.620833], [101.198056, 14.519722], [100.596111, 13.893611], [100.385, 13.186111], [100.33, 13.001667], [100.019444, 12.035278], [99.761944, 11.141944], [99.718611, 11.001944], [99.258889, 9.529444], [99.134722, 9.129444], [98.868889, 8.805], [98.624722, 8.504444], [98.309167, 8.1125]]}}, {"type": "Feature", "properties": {"flight_key": "PGY169_VTUW_VTSP_2025-12-23 02:18", "callsign": "PGY169", "aircraft_type": "B77W", "adep": "VTUW", "ades": "VTSP", "epoch_ts": "2025-12-23 02:18:00+00:00", "altitude_ft": 587.0, "tas_kt": null, "gs_kt": 280.0, "track_deg": 243, "phase": "climb"}, "geometry": {"type": "Point", "coordinates": [104.641889, 17.385339, 178.9]}}, {"type": "Feature", "properties": {"flight_key": "PGY169_VTUW_VTSP_2025-12-23 02:18", "callsign": "PGY169", "aircraft_type": "B77W", "adep": "VTUW", "ades": "VTSP", "epoch_ts": "2025-12-23 02:24:00+00:00", "altitude_ft": 5724.7, "tas_kt": null, "gs_kt": 280.0, "track_deg": 243, "phase": "climb"}, "geometry": {"type": "Point", "coordinates": [103.928343, 17.033343, 1744.9]}}, {"type": "Feature", "properties": {"flight_key": "PGY169_VTUW_VTSP_2025-12-23 02:18", "callsign": "PGY169", "aircraft_type": "B77W", "adep": "VTUW", "ades": "VTSP", "epoch_ts": "2025-12-23 02:30:00+00:00", "altitude_ft": 10862.3, "tas_kt": null, "gs_kt": 280.0, "track_deg": 243, "phase": "climb"}, "geometry": {"type": "Point", "coordinates": [103.214797, 16.681347, 3310.8]}}, {"type": "Feature", "properties": {"flight_key": "PGY169_VTUW_VTSP_2025-12-23 02:18", "callsign": "PGY169", "aircraft_type": "B77W", "adep": "VTUW", "ades": "VTSP", "epoch_ts": "2025-12-23 02:36:00+00:00", "altitude_ft": 16000.0, "tas_kt": null, "gs_kt": 460.0, "track_deg": 202, "phase": "cruise"}, "geometry": {"type": "Point", "coordinates": [102.664143, 16.176012, 4876.8]}}, {"type": "Feature", "properties": {"flight_key": "PGY169_VTUW_VTSP_2025-12-23 02:18", "callsign": "PGY169", "aircraft_type": "B77W", "adep": "VTUW", "ades": "VTSP", "epoch_ts": "2025-12-23 02:42:00+00:00", "altitude_ft": 16000.0, "tas_kt": null, "gs_kt": 460.0, "track_deg": 202, "phase": "cruise"}, "geometry": {"type": "Point", "coordinates": [102.357905, 15.441665, 4876.8]}}, {"type": "Feature", "properties": {"flight_key": "PGY169_VTUW_VTSP_2025-12-23 02:18", "callsign": "PGY169", "aircraft_type": "B77W", "adep": "VTUW", "ades": "VTSP", "epoch_ts": "2025-12-23 02:48:00+00:00", "altitude_ft": 16000.0, "tas_kt": null, "gs_kt": 460.0, "track_deg": 246, "phase": "cruise"}, "geometry": {"type": "Point", "coordinates": [101.929973, 14.828797, 4876.8]}}, {"type": "Feature", "properties": {"flight_key": "PGY169_VTUW_VTSP_2025-12-23 02:18", "callsign": "PGY169", "aircraft_type": "B77W", "adep": "VTUW", "ades": "VTSP", "epoch_ts": "2025-12-23 02:54:00+00:00", "altitude_ft": 16000.0, "tas_kt": null, "gs_kt": 460.0, "track_deg": 223, "phase": "cruise"}, "geometry": {"type": "Point", "coordinates": [101.197263, 14.518898, 4876.8]}}, {"type": "Feature", "properties": {"flight_key": "PGY169_VTUW_VTSP_2025-12-23 02:18", "callsign": "PGY169", "aircraft_type": "B77W", "adep": "VTUW", "ades": "VTSP", "epoch_ts": "2025-12-23 03:00:00+00:00", "altitude_ft": 16000.0, "tas_kt": null, "gs_kt": 460.0, "track_deg": 223, "phase": "cruise"}, "geometry": {"type": "Point", "coordinates": [100.645836, 13.945332, 4876.8]}}, {"type": "Feature", "properties": {"flight_key": "PGY169_VTUW_VTSP_2025-12-23 02:18", "callsign": "PGY169", "aircraft_type": "B77W", "adep": "VTUW", "ades": "VTSP", "epoch_ts": "2025-12-23 03:06:00+00:00", "altitude_ft": 16000.0, "tas_kt": null, "gs_kt": 460.0, "track_deg": 196, "phase": "cruise"}, "geometry": {"type": "Point", "coordinates": [100.389126, 13.199938, 4876.8]}}, {"type": "Feature", "properties": {"flight_key": "PGY169_VTUW_VTSP_2025-12-23 02:18", "callsign": "PGY169", "aircraft_type": "B77W", "adep": "VTUW", "ades": "VTSP", "epoch_ts": "2025-12-23 03:12:00+00:00", "altitude_ft": 16000.0, "tas_kt": null, "gs_kt": 460.0, "track_deg": 197, "phase": "cruise"}, "geometry": {"type": "Point", "coordinates": [100.149875, 12.441153, 4876.8]}}, {"type": "Feature", "properties": {"flight_key": "PGY169_VTUW_VTSP_2025-12-23 02:18", "callsign": "PGY169", "aircraft_type": "B77W", "adep": "VTUW", "ades": "VTSP", "epoch_ts": "2025-12-23 03:18:00+00:00", "altitude_ft": 16000.0, "tas_kt": null, "gs_kt": 460.0, "track_deg": 196, "phase": "cruise"}, "geometry": {"type": "Point", "coordinates": [99.917152, 11.680401, 4876.8]}}, {"type": "Feature", "properties": {"flight_key": "PGY169_VTUW_VTSP_2025-12-23 02:18", "callsign": "PGY169", "aircraft_type": "B77W", "adep": "VTUW", "ades": "VTSP", "epoch_ts": "2025-12-23 03:24:00+00:00", "altitude_ft": 16000.0, "tas_kt": null, "gs_kt": 460.0, "track_deg": 197, "phase": "cruise"}, "geometry": {"type": "Point", "coordinates": [99.692173, 10.917264, 4876.8]}}, {"type": "Feature", "properties": {"flight_key": "PGY169_VTUW_VTSP_2025-12-23 02:18", "callsign": "PGY169", "aircraft_type": "B77W", "adep": "VTUW", "ades": "VTSP", "epoch_ts": "2025-12-23 03:30:00+00:00", "altitude_ft": 16000.0, "tas_kt": null, "gs_kt": 460.0, "track_deg": 197, "phase": "cruise"}, "geometry": {"type": "Point", "coordinates": [99.455057, 10.157774, 4876.8]}}, {"type": "Feature", "properties": {"flight_key": "PGY169_VTUW_VTSP_2025-12-23 02:18", "callsign": "PGY169", "aircraft_type": "B77W", "adep": "VTUW", "ades": "VTSP", "epoch_ts": "2025-12-23 03:36:00+00:00", "altitude_ft": 10674.0, "tas_kt": null, "gs_kt": 270.0, "track_deg": 197, "phase": "descent"}, "geometry": {"type": "Point", "coordinates": [99.218154, 9.398218, 3253.4]}}, {"type": "Feature", "properties": {"flight_key": "PGY169_VTUW_VTSP_2025-12-23 02:18", "callsign": "PGY169", "aircraft_type": "B77W", "adep": "VTUW", "ades": "VTSP", "epoch_ts": "2025-12-23 03:42:00+00:00", "altitude_ft": 5348.0, "tas_kt": null, "gs_kt": 270.0, "track_deg": 219, "phase": "descent"}, "geometry": {"type": "Point", "coordinates": [98.809129, 8.731438, 1630.1]}}, {"type": "Feature", "properties": {"flight_key": "PGY169_VTUW_VTSP_2025-12-23 02:18", "callsign": "PGY169", "aircraft_type": "B77W", "adep": "VTUW", "ades": "VTSP", "epoch_ts": "2025-12-23 03:48:00+00:00", "altitude_ft": 22.0, "tas_kt": null, "gs_kt": 270.0, "track_deg": 0, "phase": "descent"}, "geometry": {"type": "Point", "coordinates": [98.309167, 8.1125, 6.7]}}, {"type": "Feature", "properties": {"feature_type": "route", "flight_key": "THA170_VTPH_VTSM_2025-12-23 02:20", "route": "HHN DCT ASEKU M757 MABKO W33 SMU", "callsign": "THA170", "aircraft_type": "B789", "adep": "VTPH", "ades": "VTSM", "rfl": 350, "sid": "", "star": "", "dep_rwy": "", "arr_rwy": "", "eobt": "2025-12-23T02:20:00+00:00", "idents": ["VTPH", "HHN", "ASEKU", "NULBO", "MABKO", "UPNEP", "VININ", "SMU", "VTSM"]}, "geometry": {"type": "LineString", "coordinates": [[99.953444, 12.630319], [99.951111, 12.634444], [100.651389, 12.051667], [100.611944, 10.488611], [100.595278, 9.8025], [100.493333, 9.703611], [100.294444, 9.631667], [100.061667, 9.546944], [100.0625, 9.548889]]}}, {"type": "Feature", "properties": {"flight_key": "THA170_VTPH_VTSM_2025-12-23 02:20", "callsign": "THA170", "aircraft_type": "B789", "adep": "VTPH", "ades": "VTSM", "epoch_ts": "2025-12-23 02:20:00+00:00", "altitude_ft": 62.0, "tas_kt": null, "gs_kt": 280.0, "track_deg": 331, "phase": "climb"}, "geometry": {"type": "Point", "coordinates": [99.953444, 12.630319, 18.9]}}, {"type": "Feature", "properties": {"flight_key": "THA170_VTPH_VTSM_2025-12-23 02:20", "callsign": "THA170", "aircraft_type": "B789", "adep": "VTPH", "ades": "VTSM", "epoch_ts": "2025-12-23 02:26:00+00:00", "altitude_ft": 11708.0, "tas_kt": null, "gs_kt": 280.0, "track_deg": 130, "phase": "climb"}, "geometry": {"type": "Point", "coordinates": [100.140605, 12.476746, 3568.6]}}, {"type": "Feature", "properties": {"flight_key": "THA170_VTPH_VTSM_2025-12-23 02:20", "callsign": "THA170", "aircraft_type": "B789", "adep": "VTPH", "ades": "VTSM", "epoch_ts": "2025-12-23 02:32:00+00:00", "altitude_ft": 23354.0, "tas_kt": null, "gs_kt": 280.0, "track_deg": 130, "phase": "climb"}, "geometry": {"type": "Point", "coordinates": [100.333741, 12.316016, 7118.3]}}, {"type": "Feature", "properties": {"flight_key": "THA170_VTPH_VTSM_2025-12-23 02:20", "callsign": "THA170", "aircraft_type": "B789", "adep": "VTPH", "ades": "VTSM", "epoch_ts": "2025-12-23 02:38:00+00:00", "altitude_ft": 35000.0, "tas_kt": null, "gs_kt": 460.0, "track_deg": 130, "phase": "cruise"}, "geometry": {"type": "Point", "coordinates": [100.526877, 12.155287, 10668.0]}}, {"type": "Feature", "properties": {"flight_key": "THA170_VTPH_VTSM_2025-12-23 02:20", "callsign": "THA170", "aircraft_type": "B789", "adep": "VTPH", "ades": "VTSM", "epoch_ts": "2025-12-23 02:44:00+00:00", "altitude_ft": 35000.0, "tas_kt": null, "gs_kt": 460.0, "track_deg": 181, "phase": "cruise"}, "geometry": {"type": "Point", "coordinates": [100.649137, 11.962416, 10668.0]}}, {"type": "Feature", "properties": {"flight_key": "THA170_VTPH_VTSM_2025-12-23 02:20", "callsign": "THA170", "aircraft_type": "B789", "adep": "VTPH", "ades": "VTSM", "epoch_ts": "2025-12-23 02:50:00+00:00", "altitude_ft": 35000.0, "tas_kt": null, "gs_kt": 460.0, "track_deg": 181, "phase": "cruise"}, "geometry": {"type": "Point", "coordinates": [100.642798, 11.711228, 10668.0]}}, {"type": "Feature", "properties": {"flight_key": "THA170_VTPH_VTSM_2025-12-23 02:20", "callsign": "THA170", "aircraft_type": "B789", "adep": "VTPH", "ades": "VTSM", "epoch_ts": "2025-12-23 02:56:00+00:00", "altitude_ft": 35000.0, "tas_kt": null, "gs_kt": 460.0, "track_deg": 181, "phase": "cruise"}, "geometry": {"type": "Point", "coordinates": [100.636459, 11.46004, 10668.0]}}, {"type": "Feature", "properties": {"flight_key": "THA170_VTPH_VTSM_2025-12-23 02:20", "callsign": "THA170", "aircraft_type": "B789", "adep": "VTPH", "ades": "VTSM", "epoch_ts": "2025-12-23 03:02:00+00:00", "altitude_ft": 35000.0, "tas_kt": null, "gs_kt": 460.0, "track_deg": 181, "phase": "cruise"}, "geometry": {"type": "Point", "coordinates": [100.63012, 11.208852, 10668.0]}}, {"type": "Feature", "properties": {"flight_key": "THA170_VTPH_VTSM_2025-12-23 02:20", "callsign": "THA170", "aircraft_type": "B789", "adep": "VTPH", "ades": "VTSM", "epoch_ts": "2025-12-23 03:08:00+00:00", "altitude_ft": 35000.0, "tas_kt": null, "gs_kt": 460.0, "track_deg": 181, "phase": "cruise"}, "geometry": {"type": "Point", "coordinates": [100.623781, 10.957664, 10668.0]}}, {"type": "Feature", "properties": {"flight_key": "THA170_VTPH_VTSM_2025-12-23 02:20", "callsign": "THA170", "aircraft_type": "B789", "adep": "VTPH", "ades": "VTSM", "epoch_ts": "2025-12-23 03:14:00+00:00", "altitude_ft": 35000.0, "tas_kt": null, "gs_kt": 460.0, "track_deg": 181, "phase": "cruise"}, "geometry": {"type": "Point", "coordinates": [100.617442, 10.706476, 10668.0]}}, {"type": "Feature", "properties": {"flight_key": "THA170_VTPH_VTSM_2025-12-23 02:20", "callsign": "THA170", "aircraft_type": "B789", "adep": "VTPH", "ades": "VTSM", "epoch_ts": "2025-12-23 03:20:00+00:00", "altitude_ft": 35000.0, "tas_kt": null, "gs_kt": 460.0, "track_deg": 181, "phase": "cruise"}, "geometry": {"type": "Point", "coordinates": [100.611135, 10.455287, 10668.0]}}, {"type": "Feature", "properties": {"flight_key": "THA170_VTPH_VTSM_2025-12-23 02:20", "callsign": "THA170", "aircraft_type": "B789", "adep": "VTPH", "ades": "VTSM", "epoch_ts": "2025-12-23 03:26:00+00:00", "altitude_ft": 35000.0, "tas_kt": null, "gs_kt": 460.0, "track_deg": 181, "phase": "cruise"}, "geometry": {"type": "Point", "coordinates": [100.605033, 10.204093, 10668.0]}}, {"type": "Feature", "properties": {"flight_key": "THA170_VTPH_VTSM_2025-12-23 02:20", "callsign": "THA170", "aircraft_type": "B789", "adep": "VTPH", "ades": "VTSM", "epoch_ts": "2025-12-23 03:32:00+00:00", "altitude_ft": 35000.0, "tas_kt": null, "gs_kt": 460.0, "track_deg": 181, "phase": "cruise"}, "geometry": {"type": "Point", "coordinates": [100.598931, 9.952899, 10668.0]}}, {"type": "Feature", "properties": {"flight_key": "THA170_VTPH_VTSM_2025-12-23 02:20", "callsign": "THA170", "aircraft_type": "B789", "adep": "VTPH", "ades": "VTSM", "epoch_ts": "2025-12-23 03:38:00+00:00", "altitude_ft": 23354.7, "tas_kt": null, "gs_kt": 270.0, "track_deg": 225, "phase": "descent"}, "geometry": {"type": "Point", "coordinates": [100.522908, 9.732299, 7118.5]}}, {"type": "Feature", "properties": {"flight_key": "THA170_VTPH_VTSM_2025-12-23 02:20", "callsign": "THA170", "aircraft_type": "B789", "adep": "VTPH", "ades": "VTSM", "epoch_ts": "2025-12-23 03:44:00+00:00", "altitude_ft": 11709.3, "tas_kt": null, "gs_kt": 270.0, "track_deg": 250, "phase": "descent"}, "geometry": {"type": "Point", "coordinates": [100.295795, 9.632156, 3569.0]}}, {"type": "Feature", "properties": {"flight_key": "THA170_VTPH_VTSM_2025-12-23 02:20", "callsign": "THA170", "aircraft_type": "B789", "adep": "VTPH", "ades": "VTSM", "epoch_ts": "2025-12-23 03:50:00+00:00", "altitude_ft": 64.0, "tas_kt": null, "gs_kt": 270.0, "track_deg": 0, "phase": "descent"}, "geometry": {"type": "Point", "coordinates": [100.0625, 9.548889, 19.5]}}, {"type": "Feature", "properties": {"feature_type": "route", "flight_key": "AIQ171_VTPO_VTSF_2025-12-23 02:22", "route": "PEBLI W9 BKK A464 UPNEP W35 NKS", "callsign": "AIQ171", "aircraft_type": "B763", "adep": "VTPO", "ades": "VTSF", "rfl": 210, "sid": "PEBL1C", "star": "", "dep_rwy": "RW18", "arr_rwy": "", "eobt": "2025-12-23T02:22:00+00:00", "idents": ["VTPO", "PEBLI", "BLAFF", "BKK", "POLAK", "GUTSO", "REGOS", "DIRAX", "TUSPU", "UPNEP", "PINUN", "PAGLU", "NKS", "VTSF"]}, "geometry": {"type": "LineString", "coordinates": [[99.818333, 17.2375], [100.293333, 16.268333], [100.2975, 15.275833], [100.596111, 13.893611], [100.581667, 13.351667], [100.581667, 12.805556], [100.581667, 12.001944], [100.546667, 11.001944], [100.518889, 10.33], [100.493333, 9.703611], [100.385, 9.473611], [100.285833, 9.263611], [99.946944, 8.541667], [99.944725, 8.539617]]}}, {"type": "Feature", "properties": {"flight_key": "AIQ171_VTPO_VTSF_2025-12-23 02:22", "callsign": "AIQ171", "aircraft_type": "B763", "adep": "VTPO", "ades": "VTSF", "epoch_ts": "2025-12-23 02:22:00+00:00", "altitude_ft": 184.0, "tas_kt": null, "gs_kt": 280.0, "track_deg": 155, "phase": "climb"}, "geometry": {"type": "Point", "coordinates": [99.818333, 17.2375, 56.1]}}, {"type": "Feature", "properties": {"flight_key": "AIQ171_VTPO_VTSF_2025-12-23 02:22", "callsign": "AIQ171", "aircraft_type": "B763", "adep": "VTPO", "ades": "VTSF", "epoch_ts": "2025-12-23 02:28:00+00:00", "altitude_ft": 7122.7, "tas_kt": null, "gs_kt": 280.0, "track_deg": 155, "phase": "climb"}, "geometry": {"type": "Point", "coordinates": [100.081359, 16.700834, 2171.0]}}, {"type": "Feature", "properties": {"flight_key": "AIQ171_VTPO_VTSF_2025-12-23 02:22", "callsign": "AIQ171", "aircraft_type": "B763", "adep": "VTPO", "ades": "VTSF", "epoch_ts": "2025-12-23 02:34:00+00:00", "altitude_ft": 14061.3, "tas_kt": null, "gs_kt": 280.0, "track_deg": 180, "phase": "climb"}, "geometry": {"type": "Point", "coordinates": [100.29382, 16.152331, 4285.9]}}, {"type": "Feature", "properties": {"flight_key": "AIQ171_VTPO_VTSF_2025-12-23 02:22", "callsign": "AIQ171", "aircraft_type": "B763", "adep": "VTPO", "ades": "VTSF", "epoch_ts": "2025-12-23 02:40:00+00:00", "altitude_ft": 21000.0, "tas_kt": null, "gs_kt": 460.0, "track_deg": 180, "phase": "cruise"}, "geometry": {"type": "Point", "coordinates": [100.296329, 15.554679, 6400.8]}}, {"type": "Feature", "properties": {"flight_key": "AIQ171_VTPO_VTSF_2025-12-23 02:22", "callsign": "AIQ171", "aircraft_type": "B763", "adep": "VTPO", "ades": "VTSF", "epoch_ts": "2025-12-23 02:46:00+00:00", "altitude_ft": 21000.0, "tas_kt": null, "gs_kt": 460.0, "track_deg": 168, "phase": "cruise"}, "geometry": {"type": "Point", "coordinates": [100.364821, 14.964214, 6400.8]}}, {"type": "Feature", "properties": {"flight_key": "AIQ171_VTPO_VTSF_2025-12-23 02:22", "callsign": "AIQ171", "aircraft_type": "B763", "adep": "VTPO", "ades": "VTSF", "epoch_ts": "2025-12-23 02:52:00+00:00", "altitude_ft": 21000.0, "tas_kt": null, "gs_kt": 460.0, "track_deg": 168, "phase": "cruise"}, "geometry": {"type": "Point", "coordinates": [100.491026, 14.380034, 6400.8]}}, {"type": "Feature", "properties": {"flight_key": "AIQ171_VTPO_VTSF_2025-12-23 02:22", "callsign": "AIQ171", "aircraft_type": "B763", "adep": "VTPO", "ades": "VTSF", "epoch_ts": "2025-12-23 02:58:00+00:00", "altitude_ft": 21000.0, "tas_kt": null, "gs_kt": 460.0, "track_deg": 181, "phase": "cruise"}, "geometry": {"type": "Point", "coordinates": [100.593446, 13.793635, 6400.8]}}, {"type": "Feature", "properties": {"flight_key": "AIQ171_VTPO_VTSF_2025-12-23 02:22", "callsign": "AIQ171", "aircraft_type": "B763", "adep": "VTPO", "ades": "VTSF", "epoch_ts": "2025-12-23 03:04:00+00:00", "altitude_ft": 21000.0, "tas_kt": null, "gs_kt": 460.0, "track_deg": 180, "phase": "cruise"}, "geometry": {"type": "Point", "coordinates": [100.581667, 13.196135, 6400.8]}}, {"type": "Feature", "properties": {"flight_key": "AIQ171_VTPO_VTSF_2025-12-23 02:22", "callsign": "AIQ171", "aircraft_type": "B763", "adep": "VTPO", "ades": "VTSF", "epoch_ts": "2025-12-23 03:10:00+00:00", "altitude_ft": 21000.0, "tas_kt": null, "gs_kt": 460.0, "track_deg": 180, "phase": "cruise"}, "geometry": {"type": "Point", "coordinates": [100.581667, 12.598479, 6400.8]}}, {"type": "Feature", "properties": {"flight_key": "AIQ171_VTPO_VTSF_2025-12-23 02:22", "callsign": "AIQ171", "aircraft_type": "B763", "adep": "VTPO", "ades": "VTSF", "epoch_ts": "2025-12-23 03:16:00+00:00", "altitude_ft": 21000.0, "tas_kt": null, "gs_kt": 460.0, "track_deg": 182, "phase": "cruise"}, "geometry": {"type": "Point", "coordinates": [100.581628, 12.000823, 6400.8]}}, {"type": "Feature", "properties": {"flight_key": "AIQ171_VTPO_VTSF_2025-12-23 02:22", "callsign": "AIQ171", "aircraft_type": "B763", "adep": "VTPO", "ades": "VTSF", "epoch_ts": "2025-12-23 03:22:00+00:00", "altitude_ft": 21000.0, "tas_kt": null, "gs_kt": 460.0, "track_deg": 182, "phase": "cruise"}, "geometry": {"type": "Point", "coordinates": [100.560723, 11.403532, 6400.8]}}, {"type": "Feature", "properties": {"flight_key": "AIQ171_VTPO_VTSF_2025-12-23 02:22", "callsign": "AIQ171", "aircraft_type": "B763", "adep": "VTPO", "ades": "VTSF", "epoch_ts": "2025-12-23 03:28:00+00:00", "altitude_ft": 21000.0, "tas_kt": null, "gs_kt": 460.0, "track_deg": 182, "phase": "cruise"}, "geometry": {"type": "Point", "coordinates": [100.538579, 10.806288, 6400.8]}}, {"type": "Feature", "properties": {"flight_key": "AIQ171_VTPO_VTSF_2025-12-23 02:22", "callsign": "AIQ171", "aircraft_type": "B763", "adep": "VTPO", "ades": "VTSF", "epoch_ts": "2025-12-23 03:34:00+00:00", "altitude_ft": 21000.0, "tas_kt": null, "gs_kt": 460.0, "track_deg": 182, "phase": "cruise"}, "geometry": {"type": "Point", "coordinates": [100.513958, 10.209139, 6400.8]}}, {"type": "Feature", "properties": {"flight_key": "AIQ171_VTPO_VTSF_2025-12-23 02:22", "callsign": "AIQ171", "aircraft_type": "B763", "adep": "VTPO", "ades": "VTSF", "epoch_ts": "2025-12-23 03:40:00+00:00", "altitude_ft": 14004.3, "tas_kt": null, "gs_kt": 270.0, "track_deg": 205, "phase": "descent"}, "geometry": {"type": "Point", "coordinates": [100.454255, 9.620646, 4268.5]}}, {"type": "Feature", "properties": {"flight_key": "AIQ171_VTPO_VTSF_2025-12-23 02:22", "callsign": "AIQ171", "aircraft_type": "B763", "adep": "VTPO", "ades": "VTSF", "epoch_ts": "2025-12-23 03:46:00+00:00", "altitude_ft": 7008.7, "tas_kt": null, "gs_kt": 270.0, "track_deg": 205, "phase": "descent"}, "geometry": {"type": "Point", "coordinates": [100.199619, 9.079948, 2136.2]}}, {"type": "Feature", "properties": {"flight_key": "AIQ171_VTPO_VTSF_2025-12-23 02:22", "callsign": "AIQ171", "aircraft_type": "B763", "adep": "VTPO", "ades": "VTSF", "epoch_ts": "2025-12-23 03:52:00+00:00", "altitude_ft": 13.0, "tas_kt": null, "gs_kt": 270.0, "track_deg": 180, "phase": "descent"}, "geometry": {"type": "Point", "coordinates": [99.944725, 8.539617, 4.0]}}, {"type": "Feature", "properties": {"feature_type": "route", "flight_key": "TGW172_VTPB_VTST_2025-12-23 02:24", "route": "W39 NOBER W21 BKK Y8 SAPUD W24 TRN", "callsign": "TGW172", "aircraft_type": "B738", "adep": "VTPB", "ades": "VTST", "rfl": 340, "sid": "", "star": "", "dep_rwy": "", "arr_rwy": "", "eobt": "2025-12-23T02:24:00+00:00", "idents": ["VTPB", "NOBER", "BKK", "SAPUD", "TRN", "VTST"]}, "geometry": {"type": "LineString", "coordinates": [[101.195108, 16.676031], [100.668333, 15.276667], [100.596111, 13.893611], [99.134747, 9.129511], [99.626111, 7.508889], [99.615833, 7.508611]]}}, {"type": "Feature", "properties": {"flight_key": "TGW172_VTPB_VTST_2025-12-23 02:24", "callsign": "TGW172", "aircraft_type": "B738", "adep": "VTPB", "ades": "VTST", "epoch_ts": "2025-12-23 02:24:00+00:00", "altitude_ft": 450.0, "tas_kt": null, "gs_kt": 280.0, "track_deg": 200, "phase": "climb"}, "geometry": {"type": "Point", "coordinates": [101.195108, 16.676031, 137.2]}}, {"type": "Feature", "properties": {"flight_key": "TGW172_VTPB_VTST_2025-12-23 02:24", "callsign": "TGW172", "aircraft_type": "B738", "adep": "VTPB", "ades": "VTST", "epoch_ts": "2025-12-23 02:30:00+00:00", "altitude_ft": 11633.3, "tas_kt": null, "gs_kt": 280.0, "track_deg": 200, "phase": "climb"}, "geometry": {"type": "Point", "coordinates": [100.970406, 16.079116, 3545.8]}}, {"type": "Feature", "properties": {"flight_key": "TGW172_VTPB_VTST_2025-12-23 02:24", "callsign": "TGW172", "aircraft_type": "B738", "adep": "VTPB", "ades": "VTST", "epoch_ts": "2025-12-23 02:36:00+00:00", "altitude_ft": 22816.7, "tas_kt": null, "gs_kt": 280.0, "track_deg": 200, "phase": "climb"}, "geometry": {"type": "Point", "coordinates": [100.745704, 15.4822, 6954.5]}}, {"type": "Feature", "properties": {"flight_key": "TGW172_VTPB_VTST_2025-12-23 02:24", "callsign": "TGW172", "aircraft_type": "B738", "adep": "VTPB", "ades": "VTST", "epoch_ts": "2025-12-23 02:42:00+00:00", "altitude_ft": 34000.0, "tas_kt": null, "gs_kt": 460.0, "track_deg": 183, "phase": "cruise"}, "geometry": {"type": "Point", "coordinates": [100.646525, 14.859041, 10363.2]}}, {"type": "Feature", "properties": {"flight_key": "TGW172_VTPB_VTST_2025-12-23 02:24", "callsign": "TGW172", "aircraft_type": "B738", "adep": "VTPB", "ades": "VTST", "epoch_ts": "2025-12-23 02:48:00+00:00", "altitude_ft": 34000.0, "tas_kt": null, "gs_kt": 460.0, "track_deg": 183, "phase": "cruise"}, "geometry": {"type": "Point", "coordinates": [100.613264, 14.222101, 10363.2]}}, {"type": "Feature", "properties": {"flight_key": "TGW172_VTPB_VTST_2025-12-23 02:24", "callsign": "TGW172", "aircraft_type": "B738", "adep": "VTPB", "ades": "VTST", "epoch_ts": "2025-12-23 02:54:00+00:00", "altitude_ft": 34000.0, "tas_kt": null, "gs_kt": 460.0, "track_deg": 197, "phase": "cruise"}, "geometry": {"type": "Point", "coordinates": [100.505532, 13.598321, 10363.2]}}, {"type": "Feature", "properties": {"flight_key": "TGW172_VTPB_VTST_2025-12-23 02:24", "callsign": "TGW172", "aircraft_type": "B738", "adep": "VTPB", "ades": "VTST", "epoch_ts": "2025-12-23 03:00:00+00:00", "altitude_ft": 34000.0, "tas_kt": null, "gs_kt": 460.0, "track_deg": 197, "phase": "cruise"}, "geometry": {"type": "Point", "coordinates": [100.31849, 12.988555, 10363.2]}}, {"type": "Feature", "properties": {"flight_key": "TGW172_VTPB_VTST_2025-12-23 02:24", "callsign": "TGW172", "aircraft_type": "B738", "adep": "VTPB", "ades": "VTST", "epoch_ts": "2025-12-23 03:06:00+00:00", "altitude_ft": 34000.0, "tas_kt": null, "gs_kt": 460.0, "track_deg": 197, "phase": "cruise"}, "geometry": {"type": "Point", "coordinates": [100.131447, 12.378789, 10363.2]}}, {"type": "Feature", "properties": {"flight_key": "TGW172_VTPB_VTST_2025-12-23 02:24", "callsign": "TGW172", "aircraft_type": "B738", "adep": "VTPB", "ades": "VTST", "epoch_ts": "2025-12-23 03:12:00+00:00", "altitude_ft": 34000.0, "tas_kt": null, "gs_kt": 460.0, "track_deg": 197, "phase": "cruise"}, "geometry": {"type": "Point", "coordinates": [99.944404, 11.769024, 10363.2]}}, {"type": "Feature", "properties": {"flight_key": "TGW172_VTPB_VTST_2025-12-23 02:24", "callsign": "TGW172", "aircraft_type": "B738", "adep": "VTPB", "ades": "VTST", "epoch_ts": "2025-12-23 03:18:00+00:00", "altitude_ft": 34000.0, "tas_kt": null, "gs_kt": 460.0, "track_deg": 197, "phase": "cruise"}, "geometry": {"type": "Point", "coordinates": [99.757362, 11.159258, 10363.2]}}, {"type": "Feature", "properties": {"flight_key": "TGW172_VTPB_VTST_2025-12-23 02:24", "callsign": "TGW172", "aircraft_type": "B738", "adep": "VTPB", "ades": "VTST", "epoch_ts": "2025-12-23 03:24:00+00:00", "altitude_ft": 34000.0, "tas_kt": null, "gs_kt": 460.0, "track_deg": 197, "phase": "cruise"}, "geometry": {"type": "Point", "coordinates": [99.570319, 10.549492, 10363.2]}}, {"type": "Feature", "properties": {"flight_key": "TGW172_VTPB_VTST_2025-12-23 02:24", "callsign": "TGW172", "aircraft_type": "B738", "adep": "VTPB", "ades": "VTST", "epoch_ts": "2025-12-23 03:30:00+00:00", "altitude_ft": 34000.0, "tas_kt": null, "gs_kt": 460.0, "track_deg": 197, "phase": "cruise"}, "geometry": {"type": "Point", "coordinates": [99.383277, 9.939727, 10363.2]}}, {"type": "Feature", "properties": {"flight_key": "TGW172_VTPB_VTST_2025-12-23 02:24", "callsign": "TGW172", "aircraft_type": "B738", "adep": "VTPB", "ades": "VTST", "epoch_ts": "2025-12-23 03:36:00+00:00", "altitude_ft": 34000.0, "tas_kt": null, "gs_kt": 460.0, "track_deg": 197, "phase": "cruise"}, "geometry": {"type": "Point", "coordinates": [99.196234, 9.329961, 10363.2]}}, {"type": "Feature", "properties": {"flight_key": "TGW172_VTPB_VTST_2025-12-23 02:24", "callsign": "TGW172", "aircraft_type": "B738", "adep": "VTPB", "ades": "VTST", "epoch_ts": "2025-12-23 03:42:00+00:00", "altitude_ft": 22689.0, "tas_kt": null, "gs_kt": 270.0, "track_deg": 163, "phase": "descent"}, "geometry": {"type": "Point", "coordinates": [99.258972, 8.71979, 6915.6]}}, {"type": "Feature", "properties": {"flight_key": "TGW172_VTPB_VTST_2025-12-23 02:24", "callsign": "TGW172", "aircraft_type": "B738", "adep": "VTPB", "ades": "VTST", "epoch_ts": "2025-12-23 03:48:00+00:00", "altitude_ft": 11378.0, "tas_kt": null, "gs_kt": 270.0, "track_deg": 163, "phase": "descent"}, "geometry": {"type": "Point", "coordinates": [99.444033, 8.10942, 3468.0]}}, {"type": "Feature", "properties": {"flight_key": "TGW172_VTPB_VTST_2025-12-23 02:24", "callsign": "TGW172", "aircraft_type": "B738", "adep": "VTPB", "ades": "VTST", "epoch_ts": "2025-12-23 03:54:00+00:00", "altitude_ft": 67.0, "tas_kt": null, "gs_kt": 270.0, "track_deg": 0, "phase": "descent"}, "geometry": {"type": "Point", "coordinates": [99.615833, 7.508611, 20.4]}}, {"type": "Feature", "properties": {"feature_type": "route", "flight_key": "BKP173_VTCT_VTSP_2025-12-23 02:26", "route": "DUBEN W29 PSL W9 BKK G458 SAVSA", "callsign": "BKP173", "aircraft_type": "A320", "adep": "VTCT", "ades": "VTSP", "rfl": 180, "sid": "DUBE1A", "star": "SAVS1C", "dep_rwy": "RW03", "arr_rwy": "RW09", "eobt": "2025-12-23T02:26:00+00:00", "idents": ["VTCT", "DUBEN", "NAN", "UTTAR", "GOSTA", "PSL", "PEBLI", "BLAFF", "BKK", "MOTNA", "HOTEL", "UKERA", "MENEX", "APRIL", "IKERA", "STN", "LAMUL", "SAVSA", "VTSP"]}, "geometry": {"type": "LineString", "coordinates": [[99.882956, 19.95235], [100.201944, 19.546944], [100.7825, 18.809167], [100.451667, 17.718056], [100.375, 17.265833], [100.291389, 16.770278], [100.293333, 16.268333], [100.2975, 15.275833], [100.596111, 13.893611], [100.385, 13.186111], [100.33, 13.001667], [100.019444, 12.035278], [99.761944, 11.141944], [99.718611, 11.001944], [99.258889, 9.529444], [99.134722, 9.129444], [98.868889, 8.805], [98.624722, 8.504444], [98.309167, 8.1125]]}}, {"type": "Feature", "properties": {"flight_key": "BKP173_VTCT_VTSP_2025-12-23 02:26", "callsign": "BKP173", "aircraft_type": "A320", "adep": "VTCT", "ades": "VTSP", "epoch_ts": "2025-12-23 02:26:00+00:00", "altitude_ft": 1280.0, "tas_kt": null, "gs_kt": 280.0, "track_deg": 144, "phase": "climb"}, "geometry": {"type": "Point", "coordinates": [99.882956, 19.95235, 390.1]}}, {"type": "Feature", "properties": {"flight_key": "BKP173_VTCT_VTSP_2025-12-23 02:26", "callsign": "BKP173", "aircraft_type": "A320", "adep": "VTCT", "ades": "VTSP", "epoch_ts": "2025-12-23 02:32:00+00:00", "altitude_ft": 6853.3, "tas_kt": null, "gs_kt": 280.0, "track_deg": 143, "phase": "climb"}, "geometry": {"type": "Point", "coordinates": [100.408909, 19.283931, 2088.9]}}, {"type": "Feature", "properties": {"flight_key": "BKP173_VTCT_VTSP_2025-12-23 02:26", "callsign": "BKP173", "aircraft_type": "A320", "adep": "VTCT", "ades": "VTSP", "epoch_ts": "2025-12-23 02:38:00+00:00", "altitude_ft": 12426.7, "tas_kt": null, "gs_kt": 280.0, "track_deg": 196, "phase": "climb"}, "geometry": {"type": "Point", "coordinates": [100.711002, 18.573361, 3787.6]}}, {"type": "Feature", "properties": {"flight_key": "BKP173_VTCT_VTSP_2025-12-23 02:26", "callsign": "BKP173", "aircraft_type": "A320", "adep": "VTCT", "ades": "VTSP", "epoch_ts": "2025-12-23 02:44:00+00:00", "altitude_ft": 18000.0, "tas_kt": null, "gs_kt": 460.0, "track_deg": 196, "phase": "cruise"}, "geometry": {"type": "Point", "coordinates": [100.464208, 17.759418, 5486.4]}}, {"type": "Feature", "properties": {"flight_key": "BKP173_VTCT_VTSP_2025-12-23 02:26", "callsign": "BKP173", "aircraft_type": "A320", "adep": "VTCT", "ades": "VTSP", "epoch_ts": "2025-12-23 02:50:00+00:00", "altitude_ft": 18000.0, "tas_kt": null, "gs_kt": 460.0, "track_deg": 189, "phase": "cruise"}, "geometry": {"type": "Point", "coordinates": [100.316997, 16.922054, 5486.4]}}, {"type": "Feature", "properties": {"flight_key": "BKP173_VTCT_VTSP_2025-12-23 02:26", "callsign": "BKP173", "aircraft_type": "A320", "adep": "VTCT", "ades": "VTSP", "epoch_ts": "2025-12-23 02:56:00+00:00", "altitude_ft": 18000.0, "tas_kt": null, "gs_kt": 460.0, "track_deg": 180, "phase": "cruise"}, "geometry": {"type": "Point", "coordinates": [100.29415, 16.073669, 5486.4]}}, {"type": "Feature", "properties": {"flight_key": "BKP173_VTCT_VTSP_2025-12-23 02:26", "callsign": "BKP173", "aircraft_type": "A320", "adep": "VTCT", "ades": "VTSP", "epoch_ts": "2025-12-23 03:02:00+00:00", "altitude_ft": 18000.0, "tas_kt": null, "gs_kt": 460.0, "track_deg": 168, "phase": "cruise"}, "geometry": {"type": "Point", "coordinates": [100.308627, 15.224329, 5486.4]}}, {"type": "Feature", "properties": {"flight_key": "BKP173_VTCT_VTSP_2025-12-23 02:26", "callsign": "BKP173", "aircraft_type": "A320", "adep": "VTCT", "ades": "VTSP", "epoch_ts": "2025-12-23 03:08:00+00:00", "altitude_ft": 18000.0, "tas_kt": null, "gs_kt": 460.0, "track_deg": 168, "phase": "cruise"}, "geometry": {"type": "Point", "coordinates": [100.488231, 14.392972, 5486.4]}}, {"type": "Feature", "properties": {"flight_key": "BKP173_VTCT_VTSP_2025-12-23 02:26", "callsign": "BKP173", "aircraft_type": "A320", "adep": "VTCT", "ades": "VTSP", "epoch_ts": "2025-12-23 03:14:00+00:00", "altitude_ft": 18000.0, "tas_kt": null, "gs_kt": 460.0, "track_deg": 196, "phase": "cruise"}, "geometry": {"type": "Point", "coordinates": [100.498993, 13.568138, 5486.4]}}, {"type": "Feature", "properties": {"flight_key": "BKP173_VTCT_VTSP_2025-12-23 02:26", "callsign": "BKP173", "aircraft_type": "A320", "adep": "VTCT", "ades": "VTSP", "epoch_ts": "2025-12-23 03:20:00+00:00", "altitude_ft": 18000.0, "tas_kt": null, "gs_kt": 460.0, "track_deg": 197, "phase": "cruise"}, "geometry": {"type": "Point", "coordinates": [100.250639, 12.754711, 5486.4]}}, {"type": "Feature", "properties": {"flight_key": "BKP173_VTCT_VTSP_2025-12-23 02:26", "callsign": "BKP173", "aircraft_type": "A320", "adep": "VTCT", "ades": "VTSP", "epoch_ts": "2025-12-23 03:26:00+00:00", "altitude_ft": 18000.0, "tas_kt": null, "gs_kt": 460.0, "track_deg": 196, "phase": "cruise"}, "geometry": {"type": "Point", "coordinates": [99.993169, 11.944122, 5486.4]}}, {"type": "Feature", "properties": {"flight_key": "BKP173_VTCT_VTSP_2025-12-23 02:26", "callsign": "BKP173", "aircraft_type": "A320", "adep": "VTCT", "ades": "VTSP", "epoch_ts": "2025-12-23 03:32:00+00:00", "altitude_ft": 18000.0, "tas_kt": null, "gs_kt": 460.0, "track_deg": 197, "phase": "cruise"}, "geometry": {"type": "Point", "coordinates": [99.757303, 11.126949, 5486.4]}}, {"type": "Feature", "properties": {"flight_key": "BKP173_VTCT_VTSP_2025-12-23 02:26", "callsign": "BKP173", "aircraft_type": "A320", "adep": "VTCT", "ades": "VTSP", "epoch_ts": "2025-12-23 03:38:00+00:00", "altitude_ft": 18000.0, "tas_kt": null, "gs_kt": 460.0, "track_deg": 197, "phase": "cruise"}, "geometry": {"type": "Point", "coordinates": [99.504133, 10.314967, 5486.4]}}, {"type": "Feature", "properties": {"flight_key": "BKP173_VTCT_VTSP_2025-12-23 02:26", "callsign": "BKP173", "aircraft_type": "A320", "adep": "VTCT", "ades": "VTSP", "epoch_ts": "2025-12-23 03:44:00+00:00", "altitude_ft": 12007.3, "tas_kt": null, "gs_kt": 270.0, "track_deg": 197, "phase": "descent"}, "geometry": {"type": "Point", "coordinates": [99.250701, 9.503066, 3659.8]}}, {"type": "Feature", "properties": {"flight_key": "BKP173_VTCT_VTSP_2025-12-23 02:26", "callsign": "BKP173", "aircraft_type": "A320", "adep": "VTCT", "ades": "VTSP", "epoch_ts": "2025-12-23 03:50:00+00:00", "altitude_ft": 6014.7, "tas_kt": null, "gs_kt": 270.0, "track_deg": 219, "phase": "descent"}, "geometry": {"type": "Point", "coordinates": [98.84374, 8.774043, 1833.3]}}, {"type": "Feature", "properties": {"flight_key": "BKP173_VTCT_VTSP_2025-12-23 02:26", "callsign": "BKP173", "aircraft_type": "A320", "adep": "VTCT", "ades": "VTSP", "epoch_ts": "2025-12-23 03:56:00+00:00", "altitude_ft": 22.0, "tas_kt": null, "gs_kt": 270.0, "track_deg": 0, "phase": "descent"}, "geometry": {"type": "Point", "coordinates": [98.309167, 8.1125, 6.7]}}, {"type": "Feature", "properties": {"feature_type": "route", "flight_key": "DMK174_VTPM_VTSF_2025-12-23 02:28", "route": "KADAV W26 IGPOP Y7 BKK M757 LOSDA Y94 NKS", "callsign": "DMK174", "aircraft_type": "A321", "adep": "VTPM", "ades": "VTSF", "rfl": 350, "sid": "KADA1A", "star": "", "dep_rwy": "RW09", "arr_rwy": "", "eobt": "2025-12-23T02:28:00+00:00", "idents": ["VTPM", "KADAV", "TK", "IGPOP", "PAKMO", "BLAFF", "BKK", "KASNI", "ASEKU", "NULBO", "MABKO", "VALSI", "ROBDA", "LOSDA", "DOXAS", "NKS", "VTSF"]}, "geometry": {"type": "LineString", "coordinates": [[98.550122, 16.699925], [98.894722, 16.798333], [99.252222, 16.899444], [99.785556, 16.833889], [99.948889, 16.336944], [100.2975, 15.275833], [100.596111, 13.893611], [100.678333, 13.080556], [100.651389, 12.051667], [100.611944, 10.488611], [100.595278, 9.8025], [100.588333, 9.518889], [100.586389, 9.432778], [100.573611, 8.898889], [100.368889, 8.7825], [99.946944, 8.541667], [99.944725, 8.539617]]}}, {"type": "Feature", "properties": {"flight_key": "DMK174_VTPM_VTSF_2025-12-23 02:28", "callsign": "DMK174", "aircraft_type": "A321", "adep": "VTPM", "ades": "VTSF", "epoch_ts": "2025-12-23 02:28:00+00:00", "altitude_ft": 691.0, "tas_kt": null, "gs_kt": 280.0, "track_deg": 73, "phase": "climb"}, "geometry": {"type": "Point", "coordinates": [98.550122, 16.699925, 210.6]}}, {"type": "Feature", "properties": {"flight_key": "DMK174_VTPM_VTSF_2025-12-23 02:28", "callsign": "DMK174", "aircraft_type": "A321", "adep": "VTPM", "ades": "VTSF", "epoch_ts": "2025-12-23 02:34:00+00:00", "altitude_ft": 12127.3, "tas_kt": null, "gs_kt": 280.0, "track_deg": 74, "phase": "climb"}, "geometry": {"type": "Point", "coordinates": [99.19432, 16.883068, 3696.4]}}, {"type": "Feature", "properties": {"flight_key": "DMK174_VTPM_VTSF_2025-12-23 02:28", "callsign": "DMK174", "aircraft_type": "A321", "adep": "VTPM", "ades": "VTSF", "epoch_ts": "2025-12-23 02:40:00+00:00", "altitude_ft": 23563.7, "tas_kt": null, "gs_kt": 280.0, "track_deg": 163, "phase": "climb"}, "geometry": {"type": "Point", "coordinates": [99.808102, 16.765293, 7182.2]}}, {"type": "Feature", "properties": {"flight_key": "DMK174_VTPM_VTSF_2025-12-23 02:28", "callsign": "DMK174", "aircraft_type": "A321", "adep": "VTPM", "ades": "VTSF", "epoch_ts": "2025-12-23 02:46:00+00:00", "altitude_ft": 35000.0, "tas_kt": null, "gs_kt": 460.0, "track_deg": 162, "phase": "cruise"}, "geometry": {"type": "Point", "coordinates": [100.017192, 16.129042, 10668.0]}}, {"type": "Feature", "properties": {"flight_key": "DMK174_VTPM_VTSF_2025-12-23 02:28", "callsign": "DMK174", "aircraft_type": "A321", "adep": "VTPM", "ades": "VTSF", "epoch_ts": "2025-12-23 02:52:00+00:00", "altitude_ft": 35000.0, "tas_kt": null, "gs_kt": 460.0, "track_deg": 162, "phase": "cruise"}, "geometry": {"type": "Point", "coordinates": [100.226228, 15.492774, 10668.0]}}, {"type": "Feature", "properties": {"flight_key": "DMK174_VTPM_VTSF_2025-12-23 02:28", "callsign": "DMK174", "aircraft_type": "A321", "adep": "VTPM", "ades": "VTSF", "epoch_ts": "2025-12-23 02:58:00+00:00", "altitude_ft": 35000.0, "tas_kt": null, "gs_kt": 460.0, "track_deg": 168, "phase": "cruise"}, "geometry": {"type": "Point", "coordinates": [100.390704, 14.844408, 10668.0]}}, {"type": "Feature", "properties": {"flight_key": "DMK174_VTPM_VTSF_2025-12-23 02:28", "callsign": "DMK174", "aircraft_type": "A321", "adep": "VTPM", "ades": "VTSF", "epoch_ts": "2025-12-23 03:04:00+00:00", "altitude_ft": 35000.0, "tas_kt": null, "gs_kt": 460.0, "track_deg": 168, "phase": "cruise"}, "geometry": {"type": "Point", "coordinates": [100.532127, 14.189783, 10668.0]}}, {"type": "Feature", "properties": {"flight_key": "DMK174_VTPM_VTSF_2025-12-23 02:28", "callsign": "DMK174", "aircraft_type": "A321", "adep": "VTPM", "ades": "VTSF", "epoch_ts": "2025-12-23 03:10:00+00:00", "altitude_ft": 35000.0, "tas_kt": null, "gs_kt": 460.0, "track_deg": 174, "phase": "cruise"}, "geometry": {"type": "Point", "coordinates": [100.633008, 13.52875, 10668.0]}}, {"type": "Feature", "properties": {"flight_key": "DMK174_VTPM_VTSF_2025-12-23 02:28", "callsign": "DMK174", "aircraft_type": "A321", "adep": "VTPM", "ades": "VTSF", "epoch_ts": "2025-12-23 03:16:00+00:00", "altitude_ft": 35000.0, "tas_kt": null, "gs_kt": 460.0, "track_deg": 181, "phase": "cruise"}, "geometry": {"type": "Point", "coordinates": [100.672593, 12.861385, 10668.0]}}, {"type": "Feature", "properties": {"flight_key": "DMK174_VTPM_VTSF_2025-12-23 02:28", "callsign": "DMK174", "aircraft_type": "A321", "adep": "VTPM", "ades": "VTSF", "epoch_ts": "2025-12-23 03:22:00+00:00", "altitude_ft": 35000.0, "tas_kt": null, "gs_kt": 460.0, "track_deg": 181, "phase": "cruise"}, "geometry": {"type": "Point", "coordinates": [100.655061, 12.191888, 10668.0]}}, {"type": "Feature", "properties": {"flight_key": "DMK174_VTPM_VTSF_2025-12-23 02:28", "callsign": "DMK174", "aircraft_type": "A321", "adep": "VTPM", "ades": "VTSF", "epoch_ts": "2025-12-23 03:28:00+00:00", "altitude_ft": 35000.0, "tas_kt": null, "gs_kt": 460.0, "track_deg": 181, "phase": "cruise"}, "geometry": {"type": "Point", "coordinates": [100.638032, 11.522378, 10668.0]}}, {"type": "Feature", "properties": {"flight_key": "DMK174_VTPM_VTSF_2025-12-23 02:28", "callsign": "DMK174", "aircraft_type": "A321", "adep": "VTPM", "ades": "VTSF", "epoch_ts": "2025-12-23 03:34:00+00:00", "altitude_ft": 35000.0, "tas_kt": null, "gs_kt": 460.0, "track_deg": 181, "phase": "cruise"}, "geometry": {"type": "Point", "coordinates": [100.621136, 10.852864, 10668.0]}}, {"type": "Feature", "properties": {"flight_key": "DMK174_VTPM_VTSF_2025-12-23 02:28", "callsign": "DMK174", "aircraft_type": "A321", "adep": "VTPM", "ades": "VTSF", "epoch_ts": "2025-12-23 03:40:00+00:00", "altitude_ft": 35000.0, "tas_kt": null, "gs_kt": 460.0, "track_deg": 181, "phase": "cruise"}, "geometry": {"type": "Point", "coordinates": [100.604529, 10.183344, 10668.0]}}, {"type": "Feature", "properties": {"flight_key": "DMK174_VTPM_VTSF_2025-12-23 02:28", "callsign": "DMK174", "aircraft_type": "A321", "adep": "VTPM", "ades": "VTSF", "epoch_ts": "2025-12-23 03:46:00+00:00", "altitude_ft": 23337.7, "tas_kt": null, "gs_kt": 270.0, "track_deg": 181, "phase": "descent"}, "geometry": {"type": "Point", "coordinates": [100.588218, 9.513816, 7113.3]}}, {"type": "Feature", "properties": {"flight_key": "DMK174_VTPM_VTSF_2025-12-23 02:28", "callsign": "DMK174", "aircraft_type": "A321", "adep": "VTPM", "ades": "VTSF", "epoch_ts": "2025-12-23 03:52:00+00:00", "altitude_ft": 11675.3, "tas_kt": null, "gs_kt": 270.0, "track_deg": 240, "phase": "descent"}, "geometry": {"type": "Point", "coordinates": [100.526123, 8.871891, 3558.6]}}, {"type": "Feature", "properties": {"flight_key": "DMK174_VTPM_VTSF_2025-12-23 02:28", "callsign": "DMK174", "aircraft_type": "A321", "adep": "VTPM", "ades": "VTSF", "epoch_ts": "2025-12-23 03:58:00+00:00", "altitude_ft": 13.0, "tas_kt": null, "gs_kt": 270.0, "track_deg": 180, "phase": "descent"}, "geometry": {"type": "Point", "coordinates": [99.944725, 8.539617, 4.0]}}, {"type": "Feature", "properties": {"feature_type": "route", "flight_key": "SEH175_VTSC_VTBD_2025-12-23 02:30", "route": "NTW W19 UPNEP M626 SORTO M769 GOKEX Y96 EMTIX Y99 HOTEL DCT SABAI", "callsign": "SEH175", "aircraft_type": "A333", "adep": "VTSC", "ades": "VTBD", "rfl": 320, "sid": "", "star": "SABA1B", "dep_rwy": "", "arr_rwy": "RW03L", "eobt": "2025-12-23T02:30:00+00:00", "idents": ["VTSC", "NTW", "UPNEP", "SORTO", "DONSI", "GOKEX", "OLSEL", "UPVIL", "EMTIX", "HOTEL", "SABAI", "VTBD"]}, "geometry": {"type": "LineString", "coordinates": [[101.7425, 6.517778], [101.745139, 6.527278], [100.493333, 9.703611], [100.395, 9.898056], [100.400278, 10.127222], [100.428889, 11.304167], [100.280278, 11.569722], [100.239167, 11.643333], [100.137222, 11.825278], [100.33, 13.001667], [100.327564, 13.122814], [100.605692, 13.914372]]}}, {"type": "Feature", "properties": {"flight_key": "SEH175_VTSC_VTBD_2025-12-23 02:30", "callsign": "SEH175", "aircraft_type": "A333", "adep": "VTSC", "ades": "VTBD", "epoch_ts": "2025-12-23 02:30:00+00:00", "altitude_ft": 23.0, "tas_kt": null, "gs_kt": 280.0, "track_deg": 15, "phase": "climb"}, "geometry": {"type": "Point", "coordinates": [101.7425, 6.517778, 7.0]}}, {"type": "Feature", "properties": {"flight_key": "SEH175_VTSC_VTBD_2025-12-23 02:30", "callsign": "SEH175", "aircraft_type": "A333", "adep": "VTSC", "ades": "VTBD", "epoch_ts": "2025-12-23 02:36:00+00:00", "altitude_ft": 10682.0, "tas_kt": null, "gs_kt": 280.0, "track_deg": 339, "phase": "climb"}, "geometry": {"type": "Point", "coordinates": [101.558146, 7.001754, 3255.9]}}, {"type": "Feature", "properties": {"flight_key": "SEH175_VTSC_VTBD_2025-12-23 02:30", "callsign": "SEH175", "aircraft_type": "A333", "adep": "VTSC", "ades": "VTBD", "epoch_ts": "2025-12-23 02:42:00+00:00", "altitude_ft": 21341.0, "tas_kt": null, "gs_kt": 280.0, "track_deg": 339, "phase": "climb"}, "geometry": {"type": "Point", "coordinates": [101.367538, 7.485404, 6504.7]}}, {"type": "Feature", "properties": {"flight_key": "SEH175_VTSC_VTBD_2025-12-23 02:30", "callsign": "SEH175", "aircraft_type": "A333", "adep": "VTSC", "ades": "VTBD", "epoch_ts": "2025-12-23 02:48:00+00:00", "altitude_ft": 32000.0, "tas_kt": null, "gs_kt": 460.0, "track_deg": 339, "phase": "cruise"}, "geometry": {"type": "Point", "coordinates": [101.176929, 7.969053, 9753.6]}}, {"type": "Feature", "properties": {"flight_key": "SEH175_VTSC_VTBD_2025-12-23 02:30", "callsign": "SEH175", "aircraft_type": "A333", "adep": "VTSC", "ades": "VTBD", "epoch_ts": "2025-12-23 02:54:00+00:00", "altitude_ft": 32000.0, "tas_kt": null, "gs_kt": 460.0, "track_deg": 339, "phase": "cruise"}, "geometry": {"type": "Point", "coordinates": [100.986321, 8.452703, 9753.6]}}, {"type": "Feature", "properties": {"flight_key": "SEH175_VTSC_VTBD_2025-12-23 02:30", "callsign": "SEH175", "aircraft_type": "A333", "adep": "VTSC", "ades": "VTBD", "epoch_ts": "2025-12-23 03:00:00+00:00", "altitude_ft": 32000.0, "tas_kt": null, "gs_kt": 460.0, "track_deg": 339, "phase": "cruise"}, "geometry": {"type": "Point", "coordinates": [100.795713, 8.936352, 9753.6]}}, {"type": "Feature", "properties": {"flight_key": "SEH175_VTSC_VTBD_2025-12-23 02:30", "callsign": "SEH175", "aircraft_type": "A333", "adep": "VTSC", "ades": "VTBD", "epoch_ts": "2025-12-23 03:06:00+00:00", "altitude_ft": 32000.0, "tas_kt": null, "gs_kt": 460.0, "track_deg": 339, "phase": "cruise"}, "geometry": {"type": "Point", "coordinates": [100.605105, 9.420001, 9753.6]}}, {"type": "Feature", "properties": {"flight_key": "SEH175_VTSC_VTBD_2025-12-23 02:30", "callsign": "SEH175", "aircraft_type": "A333", "adep": "VTSC", "ades": "VTBD", "epoch_ts": "2025-12-23 03:12:00+00:00", "altitude_ft": 32000.0, "tas_kt": null, "gs_kt": 460.0, "track_deg": 334, "phase": "cruise"}, "geometry": {"type": "Point", "coordinates": [100.3963, 9.895485, 9753.6]}}, {"type": "Feature", "properties": {"flight_key": "SEH175_VTSC_VTBD_2025-12-23 02:30", "callsign": "SEH175", "aircraft_type": "A333", "adep": "VTSC", "ades": "VTBD", "epoch_ts": "2025-12-23 03:18:00+00:00", "altitude_ft": 32000.0, "tas_kt": null, "gs_kt": 460.0, "track_deg": 1, "phase": "cruise"}, "geometry": {"type": "Point", "coordinates": [100.407271, 10.414884, 9753.6]}}, {"type": "Feature", "properties": {"flight_key": "SEH175_VTSC_VTBD_2025-12-23 02:30", "callsign": "SEH175", "aircraft_type": "A333", "adep": "VTSC", "ades": "VTBD", "epoch_ts": "2025-12-23 03:24:00+00:00", "altitude_ft": 32000.0, "tas_kt": null, "gs_kt": 460.0, "track_deg": 1, "phase": "cruise"}, "geometry": {"type": "Point", "coordinates": [100.419905, 10.934584, 9753.6]}}, {"type": "Feature", "properties": {"flight_key": "SEH175_VTSC_VTBD_2025-12-23 02:30", "callsign": "SEH175", "aircraft_type": "A333", "adep": "VTSC", "ades": "VTBD", "epoch_ts": "2025-12-23 03:30:00+00:00", "altitude_ft": 32000.0, "tas_kt": null, "gs_kt": 460.0, "track_deg": 331, "phase": "cruise"}, "geometry": {"type": "Point", "coordinates": [100.355557, 11.435205, 9753.6]}}, {"type": "Feature", "properties": {"flight_key": "SEH175_VTSC_VTBD_2025-12-23 02:30", "callsign": "SEH175", "aircraft_type": "A333", "adep": "VTSC", "ades": "VTBD", "epoch_ts": "2025-12-23 03:36:00+00:00", "altitude_ft": 32000.0, "tas_kt": null, "gs_kt": 460.0, "track_deg": 9, "phase": "cruise"}, "geometry": {"type": "Point", "coordinates": [100.149, 11.897153, 9753.6]}}, {"type": "Feature", "properties": {"flight_key": "SEH175_VTSC_VTBD_2025-12-23 02:30", "callsign": "SEH175", "aircraft_type": "A333", "adep": "VTSC", "ades": "VTBD", "epoch_ts": "2025-12-23 03:42:00+00:00", "altitude_ft": 32000.0, "tas_kt": null, "gs_kt": 460.0, "track_deg": 9, "phase": "cruise"}, "geometry": {"type": "Point", "coordinates": [100.233069, 12.410165, 9753.6]}}, {"type": "Feature", "properties": {"flight_key": "SEH175_VTSC_VTBD_2025-12-23 02:30", "callsign": "SEH175", "aircraft_type": "A333", "adep": "VTSC", "ades": "VTBD", "epoch_ts": "2025-12-23 03:48:00+00:00", "altitude_ft": 21335.7, "tas_kt": null, "gs_kt": 270.0, "track_deg": 9, "phase": "descent"}, "geometry": {"type": "Point", "coordinates": [100.317138, 12.923176, 6503.1]}}, {"type": "Feature", "properties": {"flight_key": "SEH175_VTSC_VTBD_2025-12-23 02:30", "callsign": "SEH175", "aircraft_type": "A333", "adep": "VTSC", "ades": "VTBD", "epoch_ts": "2025-12-23 03:54:00+00:00", "altitude_ft": 10671.3, "tas_kt": null, "gs_kt": 270.0, "track_deg": 19, "phase": "descent"}, "geometry": {"type": "Point", "coordinates": [100.43336, 13.423913, 3252.6]}}, {"type": "Feature", "properties": {"flight_key": "SEH175_VTSC_VTBD_2025-12-23 02:30", "callsign": "SEH175", "aircraft_type": "A333", "adep": "VTSC", "ades": "VTBD", "epoch_ts": "2025-12-23 04:00:00+00:00", "altitude_ft": 7.0, "tas_kt": null, "gs_kt": 270.0, "track_deg": 0, "phase": "descent"}, "geometry": {"type": "Point", "coordinates": [100.605692, 13.914372, 2.1]}}, {"type": "Feature", "properties": {"feature_type": "route", "flight_key": "NOK176_VTSB_VTBS_2025-12-23 02:32", "route": "IKERA G458 HOTEL DCT LEBIM", "callsign": "NOK176", "aircraft_type": "A359", "adep": "VTSB", "ades": "VTBS", "rfl": 210, "sid": "", "star": "LEBI1C", "dep_rwy": "", "arr_rwy": "RW19", "eobt": "2025-12-23T02:32:00+00:00", "idents": ["VTSB", "IKERA", "APRIL", "MENEX", "UKERA", "HOTEL", "LEBIM", "VTBS"]}, "geometry": {"type": "LineString", "coordinates": [[99.139167, 9.136111], [99.258889, 9.529444], [99.718611, 11.001944], [99.761944, 11.141944], [100.019444, 12.035278], [100.33, 13.001667], [100.473611, 13.0875], [100.748889, 13.685833]]}}, {"type": "Feature", "properties": {"flight_key": "NOK176_VTSB_VTBS_2025-12-23 02:32", "callsign": "NOK176", "aircraft_type": "A359", "adep": "VTSB", "ades": "VTBS", "epoch_ts": "2025-12-23 02:32:00+00:00", "altitude_ft": 20.0, "tas_kt": null, "gs_kt": 280.0, "track_deg": 17, "phase": "climb"}, "geometry": {"type": "Point", "coordinates": [99.139167, 9.136111, 6.1]}}, {"type": "Feature", "properties": {"flight_key": "NOK176_VTSB_VTBS_2025-12-23 02:32", "callsign": "NOK176", "aircraft_type": "A359", "adep": "VTSB", "ades": "VTBS", "epoch_ts": "2025-12-23 02:38:00+00:00", "altitude_ft": 7013.3, "tas_kt": null, "gs_kt": 280.0, "track_deg": 17, "phase": "climb"}, "geometry": {"type": "Point", "coordinates": [99.233725, 9.446772, 2137.7]}}, {"type": "Feature", "properties": {"flight_key": "NOK176_VTSB_VTBS_2025-12-23 02:32", "callsign": "NOK176", "aircraft_type": "A359", "adep": "VTSB", "ades": "VTBS", "epoch_ts": "2025-12-23 02:44:00+00:00", "altitude_ft": 14006.7, "tas_kt": null, "gs_kt": 280.0, "track_deg": 17, "phase": "climb"}, "geometry": {"type": "Point", "coordinates": [99.329912, 9.756931, 4269.2]}}, {"type": "Feature", "properties": {"flight_key": "NOK176_VTSB_VTBS_2025-12-23 02:32", "callsign": "NOK176", "aircraft_type": "A359", "adep": "VTSB", "ades": "VTBS", "epoch_ts": "2025-12-23 02:50:00+00:00", "altitude_ft": 21000.0, "tas_kt": null, "gs_kt": 460.0, "track_deg": 17, "phase": "cruise"}, "geometry": {"type": "Point", "coordinates": [99.426688, 10.066908, 6400.8]}}, {"type": "Feature", "properties": {"flight_key": "NOK176_VTSB_VTBS_2025-12-23 02:32", "callsign": "NOK176", "aircraft_type": "A359", "adep": "VTSB", "ades": "VTBS", "epoch_ts": "2025-12-23 02:56:00+00:00", "altitude_ft": 21000.0, "tas_kt": null, "gs_kt": 460.0, "track_deg": 17, "phase": "cruise"}, "geometry": {"type": "Point", "coordinates": [99.523464, 10.376885, 6400.8]}}, {"type": "Feature", "properties": {"flight_key": "NOK176_VTSB_VTBS_2025-12-23 02:32", "callsign": "NOK176", "aircraft_type": "A359", "adep": "VTSB", "ades": "VTBS", "epoch_ts": "2025-12-23 03:02:00+00:00", "altitude_ft": 21000.0, "tas_kt": null, "gs_kt": 460.0, "track_deg": 17, "phase": "cruise"}, "geometry": {"type": "Point", "coordinates": [99.620241, 10.686862, 6400.8]}}, {"type": "Feature", "properties": {"flight_key": "NOK176_VTSB_VTBS_2025-12-23 02:32", "callsign": "NOK176", "aircraft_type": "A359", "adep": "VTSB", "ades": "VTBS", "epoch_ts": "2025-12-23 03:08:00+00:00", "altitude_ft": 21000.0, "tas_kt": null, "gs_kt": 460.0, "track_deg": 17, "phase": "cruise"}, "geometry": {"type": "Point", "coordinates": [99.717017, 10.996839, 6400.8]}}, {"type": "Feature", "properties": {"flight_key": "NOK176_VTSB_VTBS_2025-12-23 02:32", "callsign": "NOK176", "aircraft_type": "A359", "adep": "VTSB", "ades": "VTBS", "epoch_ts": "2025-12-23 03:14:00+00:00", "altitude_ft": 21000.0, "tas_kt": null, "gs_kt": 460.0, "track_deg": 16, "phase": "cruise"}, "geometry": {"type": "Point", "coordinates": [99.809813, 11.308014, 6400.8]}}, {"type": "Feature", "properties": {"flight_key": "NOK176_VTSB_VTBS_2025-12-23 02:32", "callsign": "NOK176", "aircraft_type": "A359", "adep": "VTSB", "ades": "VTBS", "epoch_ts": "2025-12-23 03:20:00+00:00", "altitude_ft": 21000.0, "tas_kt": null, "gs_kt": 460.0, "track_deg": 16, "phase": "cruise"}, "geometry": {"type": "Point", "coordinates": [99.899754, 11.620043, 6400.8]}}, {"type": "Feature", "properties": {"flight_key": "NOK176_VTSB_VTBS_2025-12-23 02:32", "callsign": "NOK176", "aircraft_type": "A359", "adep": "VTSB", "ades": "VTBS", "epoch_ts": "2025-12-23 03:26:00+00:00", "altitude_ft": 21000.0, "tas_kt": null, "gs_kt": 460.0, "track_deg": 16, "phase": "cruise"}, "geometry": {"type": "Point", "coordinates": [99.989695, 11.932072, 6400.8]}}, {"type": "Feature", "properties": {"flight_key": "NOK176_VTSB_VTBS_2025-12-23 02:32", "callsign": "NOK176", "aircraft_type": "A359", "adep": "VTSB", "ades": "VTBS", "epoch_ts": "2025-12-23 03:32:00+00:00", "altitude_ft": 21000.0, "tas_kt": null, "gs_kt": 460.0, "track_deg": 17, "phase": "cruise"}, "geometry": {"type": "Point", "coordinates": [100.085934, 12.242182, 6400.8]}}, {"type": "Feature", "properties": {"flight_key": "NOK176_VTSB_VTBS_2025-12-23 02:32", "callsign": "NOK176", "aircraft_type": "A359", "adep": "VTSB", "ades": "VTBS", "epoch_ts": "2025-12-23 03:38:00+00:00", "altitude_ft": 21000.0, "tas_kt": null, "gs_kt": 460.0, "track_deg": 17, "phase": "cruise"}, "geometry": {"type": "Point", "coordinates": [100.185285, 12.551343, 6400.8]}}, {"type": "Feature", "properties": {"flight_key": "NOK176_VTSB_VTBS_2025-12-23 02:32", "callsign": "NOK176", "aircraft_type": "A359", "adep": "VTSB", "ades": "VTBS", "epoch_ts": "2025-12-23 03:44:00+00:00", "altitude_ft": 21000.0, "tas_kt": null, "gs_kt": 460.0, "track_deg": 17, "phase": "cruise"}, "geometry": {"type": "Point", "coordinates": [100.284637, 12.860505, 6400.8]}}, {"type": "Feature", "properties": {"flight_key": "NOK176_VTSB_VTBS_2025-12-23 02:32", "callsign": "NOK176", "aircraft_type": "A359", "adep": "VTSB", "ades": "VTBS", "epoch_ts": "2025-12-23 03:50:00+00:00", "altitude_ft": 14001.2, "tas_kt": null, "gs_kt": 270.0, "track_deg": 24, "phase": "descent"}, "geometry": {"type": "Point", "coordinates": [100.477437, 13.095816, 4267.6]}}, {"type": "Feature", "properties": {"flight_key": "NOK176_VTSB_VTBS_2025-12-23 02:32", "callsign": "NOK176", "aircraft_type": "A359", "adep": "VTSB", "ades": "VTBS", "epoch_ts": "2025-12-23 03:56:00+00:00", "altitude_ft": 7002.5, "tas_kt": null, "gs_kt": 270.0, "track_deg": 24, "phase": "descent"}, "geometry": {"type": "Point", "coordinates": [100.613163, 13.390825, 2134.4]}}, {"type": "Feature", "properties": {"flight_key": "NOK176_VTSB_VTBS_2025-12-23 02:32", "callsign": "NOK176", "aircraft_type": "A359", "adep": "VTSB", "ades": "VTBS", "epoch_ts": "2025-12-23 04:02:00+00:00", "altitude_ft": 3.7, "tas_kt": null, "gs_kt": 270.0, "track_deg": 0, "phase": "descent"}, "geometry": {"type": "Point", "coordinates": [100.748889, 13.685833, 1.1]}}, {"type": "Feature", "properties": {"feature_type": "route", "flight_key": "THD177_VTSR_VTBD_2025-12-23 02:34", "route": "RAN W34 MENEX W42 EGUBO Y99 HOTEL DCT SABAI", "callsign": "THD177", "aircraft_type": "B77W", "adep": "VTSR", "ades": "VTBD", "rfl": 370, "sid": "", "star": "SABA1B", "dep_rwy": "", "arr_rwy": "RW03L", "eobt": "2025-12-23T02:34:00+00:00", "idents": ["VTSR", "RAN", "CPN", "MENEX", "EGUBO", "EMTIX", "HOTEL", "SABAI", "VTBD"]}, "geometry": {"type": "LineString", "coordinates": [[98.585483, 9.777622], [98.583611, 9.778056], [99.365556, 10.711111], [99.761944, 11.141944], [100.080556, 11.477222], [100.137222, 11.825278], [100.33, 13.001667], [100.327564, 13.122814], [100.605692, 13.914372]]}}, {"type": "Feature", "properties": {"flight_key": "THD177_VTSR_VTBD_2025-12-23 02:34", "callsign": "THD177", "aircraft_type": "B77W", "adep": "VTSR", "ades": "VTBD", "epoch_ts": "2025-12-23 02:34:00+00:00", "altitude_ft": 61.0, "tas_kt": null, "gs_kt": 280.0, "track_deg": 283, "phase": "climb"}, "geometry": {"type": "Point", "coordinates": [98.585483, 9.777622, 18.6]}}, {"type": "Feature", "properties": {"flight_key": "THD177_VTSR_VTBD_2025-12-23 02:34", "callsign": "THD177", "aircraft_type": "B77W", "adep": "VTSR", "ades": "VTBD", "epoch_ts": "2025-12-23 02:40:00+00:00", "altitude_ft": 12374.0, "tas_kt": null, "gs_kt": 280.0, "track_deg": 40, "phase": "climb"}, "geometry": {"type": "Point", "coordinates": [98.786725, 10.020422, 3771.6]}}, {"type": "Feature", "properties": {"flight_key": "THD177_VTSR_VTBD_2025-12-23 02:34", "callsign": "THD177", "aircraft_type": "B77W", "adep": "VTSR", "ades": "VTBD", "epoch_ts": "2025-12-23 02:46:00+00:00", "altitude_ft": 24687.0, "tas_kt": null, "gs_kt": 280.0, "track_deg": 40, "phase": "climb"}, "geometry": {"type": "Point", "coordinates": [98.991074, 10.26426, 7524.6]}}, {"type": "Feature", "properties": {"flight_key": "THD177_VTSR_VTBD_2025-12-23 02:34", "callsign": "THD177", "aircraft_type": "B77W", "adep": "VTSR", "ades": "VTBD", "epoch_ts": "2025-12-23 02:52:00+00:00", "altitude_ft": 37000.0, "tas_kt": null, "gs_kt": 460.0, "track_deg": 39, "phase": "cruise"}, "geometry": {"type": "Point", "coordinates": [99.195422, 10.508099, 11277.6]}}, {"type": "Feature", "properties": {"flight_key": "THD177_VTSR_VTBD_2025-12-23 02:34", "callsign": "THD177", "aircraft_type": "B77W", "adep": "VTSR", "ades": "VTBD", "epoch_ts": "2025-12-23 02:58:00+00:00", "altitude_ft": 37000.0, "tas_kt": null, "gs_kt": 460.0, "track_deg": 42, "phase": "cruise"}, "geometry": {"type": "Point", "coordinates": [99.401622, 10.750311, 11277.6]}}, {"type": "Feature", "properties": {"flight_key": "THD177_VTSR_VTBD_2025-12-23 02:34", "callsign": "THD177", "aircraft_type": "B77W", "adep": "VTSR", "ades": "VTBD", "epoch_ts": "2025-12-23 03:04:00+00:00", "altitude_ft": 37000.0, "tas_kt": null, "gs_kt": 460.0, "track_deg": 42, "phase": "cruise"}, "geometry": {"type": "Point", "coordinates": [99.61703, 10.984437, 11277.6]}}, {"type": "Feature", "properties": {"flight_key": "THD177_VTSR_VTBD_2025-12-23 02:34", "callsign": "THD177", "aircraft_type": "B77W", "adep": "VTSR", "ades": "VTBD", "epoch_ts": "2025-12-23 03:10:00+00:00", "altitude_ft": 37000.0, "tas_kt": null, "gs_kt": 460.0, "track_deg": 43, "phase": "cruise"}, "geometry": {"type": "Point", "coordinates": [99.833664, 11.217416, 11277.6]}}, {"type": "Feature", "properties": {"flight_key": "THD177_VTSR_VTBD_2025-12-23 02:34", "callsign": "THD177", "aircraft_type": "B77W", "adep": "VTSR", "ades": "VTBD", "epoch_ts": "2025-12-23 03:16:00+00:00", "altitude_ft": 37000.0, "tas_kt": null, "gs_kt": 460.0, "track_deg": 43, "phase": "cruise"}, "geometry": {"type": "Point", "coordinates": [100.052821, 11.448036, 11277.6]}}, {"type": "Feature", "properties": {"flight_key": "THD177_VTSR_VTBD_2025-12-23 02:34", "callsign": "THD177", "aircraft_type": "B77W", "adep": "VTSR", "ades": "VTBD", "epoch_ts": "2025-12-23 03:22:00+00:00", "altitude_ft": 37000.0, "tas_kt": null, "gs_kt": 460.0, "track_deg": 9, "phase": "cruise"}, "geometry": {"type": "Point", "coordinates": [100.125209, 11.751493, 11277.6]}}, {"type": "Feature", "properties": {"flight_key": "THD177_VTSR_VTBD_2025-12-23 02:34", "callsign": "THD177", "aircraft_type": "B77W", "adep": "VTSR", "ades": "VTBD", "epoch_ts": "2025-12-23 03:28:00+00:00", "altitude_ft": 37000.0, "tas_kt": null, "gs_kt": 460.0, "track_deg": 9, "phase": "cruise"}, "geometry": {"type": "Point", "coordinates": [100.176582, 12.065462, 11277.6]}}, {"type": "Feature", "properties": {"flight_key": "THD177_VTSR_VTBD_2025-12-23 02:34", "callsign": "THD177", "aircraft_type": "B77W", "adep": "VTSR", "ades": "VTBD", "epoch_ts": "2025-12-23 03:34:00+00:00", "altitude_ft": 37000.0, "tas_kt": null, "gs_kt": 460.0, "track_deg": 9, "phase": "cruise"}, "geometry": {"type": "Point", "coordinates": [100.22803, 12.379418, 11277.6]}}, {"type": "Feature", "properties": {"flight_key": "THD177_VTSR_VTBD_2025-12-23 02:34", "callsign": "THD177", "aircraft_type": "B77W", "adep": "VTSR", "ades": "VTBD", "epoch_ts": "2025-12-23 03:40:00+00:00", "altitude_ft": 37000.0, "tas_kt": null, "gs_kt": 460.0, "track_deg": 9, "phase": "cruise"}, "geometry": {"type": "Point", "coordinates": [100.279479, 12.693374, 11277.6]}}, {"type": "Feature", "properties": {"flight_key": "THD177_VTSR_VTBD_2025-12-23 02:34", "callsign": "THD177", "aircraft_type": "B77W", "adep": "VTSR", "ades": "VTBD", "epoch_ts": "2025-12-23 03:46:00+00:00", "altitude_ft": 37000.0, "tas_kt": null, "gs_kt": 460.0, "track_deg": 359, "phase": "cruise"}, "geometry": {"type": "Point", "coordinates": [100.329885, 13.007405, 11277.6]}}, {"type": "Feature", "properties": {"flight_key": "THD177_VTSR_VTBD_2025-12-23 02:34", "callsign": "THD177", "aircraft_type": "B77W", "adep": "VTSR", "ades": "VTBD", "epoch_ts": "2025-12-23 03:52:00+00:00", "altitude_ft": 24669.0, "tas_kt": null, "gs_kt": 270.0, "track_deg": 19, "phase": "descent"}, "geometry": {"type": "Point", "coordinates": [100.394763, 13.314063, 7519.1]}}, {"type": "Feature", "properties": {"flight_key": "THD177_VTSR_VTBD_2025-12-23 02:34", "callsign": "THD177", "aircraft_type": "B77W", "adep": "VTSR", "ades": "VTBD", "epoch_ts": "2025-12-23 03:58:00+00:00", "altitude_ft": 12338.0, "tas_kt": null, "gs_kt": 270.0, "track_deg": 19, "phase": "descent"}, "geometry": {"type": "Point", "coordinates": [100.500227, 13.614218, 3760.6]}}, {"type": "Feature", "properties": {"flight_key": "THD177_VTSR_VTBD_2025-12-23 02:34", "callsign": "THD177", "aircraft_type": "B77W", "adep": "VTSR", "ades": "VTBD", "epoch_ts": "2025-12-23 04:04:00+00:00", "altitude_ft": 7.0, "tas_kt": null, "gs_kt": 270.0, "track_deg": 0, "phase": "descent"}, "geometry": {"type": "Point", "coordinates": [100.605692, 13.914372, 2.1]}}, {"type": "Feature", "properties": {"feature_type": "route", "flight_key": "TVJ178_VTUO_VTSS_2025-12-23 02:36", "route": "W38 RAMEI Y20 BKK M757 OBLEX", "callsign": "TVJ178", "aircraft_type": "B789", "adep": "VTUO", "ades": "VTSS", "rfl": 340, "sid": "", "star": "OBLE1A", "dep_rwy": "", "arr_rwy": "RW26", "eobt": "2025-12-23T02:36:00+00:00", "idents": ["VTUO", "RAMEI", "KRT", "UBLOD", "MALKI", "BKK", "KASNI", "ASEKU", "NULBO", "MABKO", "VALSI", "ROBDA", "LOSDA", "OBLEX", "VTSS"]}, "geometry": {"type": "LineString", "coordinates": [[103.251239, 15.226758], [103.011111, 15.044444], [102.139722, 14.917222], [101.436667, 14.620833], [101.198056, 14.519722], [100.596111, 13.893611], [100.678333, 13.080556], [100.651389, 12.051667], [100.611944, 10.488611], [100.595278, 9.8025], [100.588333, 9.518889], [100.586389, 9.432778], [100.573611, 8.898889], [100.541111, 7.496667], [100.395, 6.932778]]}}, {"type": "Feature", "properties": {"flight_key": "TVJ178_VTUO_VTSS_2025-12-23 02:36", "callsign": "TVJ178", "aircraft_type": "B789", "adep": "VTUO", "ades": "VTSS", "epoch_ts": "2025-12-23 02:36:00+00:00", "altitude_ft": 594.0, "tas_kt": null, "gs_kt": 280.0, "track_deg": 232, "phase": "climb"}, "geometry": {"type": "Point", "coordinates": [103.251239, 15.226758, 181.1]}}, {"type": "Feature", "properties": {"flight_key": "TVJ178_VTUO_VTSS_2025-12-23 02:36", "callsign": "TVJ178", "aircraft_type": "B789", "adep": "VTUO", "ades": "VTSS", "epoch_ts": "2025-12-23 02:42:00+00:00", "altitude_ft": 11729.3, "tas_kt": null, "gs_kt": 280.0, "track_deg": 261, "phase": "climb"}, "geometry": {"type": "Point", "coordinates": [102.64594, 14.991129, 3575.1]}}, {"type": "Feature", "properties": {"flight_key": "TVJ178_VTUO_VTSS_2025-12-23 02:36", "callsign": "TVJ178", "aircraft_type": "B789", "adep": "VTUO", "ades": "VTSS", "epoch_ts": "2025-12-23 02:48:00+00:00", "altitude_ft": 22864.7, "tas_kt": null, "gs_kt": 280.0, "track_deg": 246, "phase": "climb"}, "geometry": {"type": "Point", "coordinates": [101.993252, 14.855474, 6969.2]}}, {"type": "Feature", "properties": {"flight_key": "TVJ178_VTUO_VTSS_2025-12-23 02:36", "callsign": "TVJ178", "aircraft_type": "B789", "adep": "VTUO", "ades": "VTSS", "epoch_ts": "2025-12-23 02:54:00+00:00", "altitude_ft": 34000.0, "tas_kt": null, "gs_kt": 460.0, "track_deg": 246, "phase": "cruise"}, "geometry": {"type": "Point", "coordinates": [101.375423, 14.594881, 10363.2]}}, {"type": "Feature", "properties": {"flight_key": "TVJ178_VTUO_VTSS_2025-12-23 02:36", "callsign": "TVJ178", "aircraft_type": "B789", "adep": "VTUO", "ades": "VTSS", "epoch_ts": "2025-12-23 03:00:00+00:00", "altitude_ft": 34000.0, "tas_kt": null, "gs_kt": 460.0, "track_deg": 223, "phase": "cruise"}, "geometry": {"type": "Point", "coordinates": [100.866841, 14.17521, 10363.2]}}, {"type": "Feature", "properties": {"flight_key": "TVJ178_VTUO_VTSS_2025-12-23 02:36", "callsign": "TVJ178", "aircraft_type": "B789", "adep": "VTUO", "ades": "VTSS", "epoch_ts": "2025-12-23 03:06:00+00:00", "altitude_ft": 34000.0, "tas_kt": null, "gs_kt": 460.0, "track_deg": 174, "phase": "cruise"}, "geometry": {"type": "Point", "coordinates": [100.624274, 13.615124, 10363.2]}}, {"type": "Feature", "properties": {"flight_key": "TVJ178_VTUO_VTSS_2025-12-23 02:36", "callsign": "TVJ178", "aircraft_type": "B789", "adep": "VTUO", "ades": "VTSS", "epoch_ts": "2025-12-23 03:12:00+00:00", "altitude_ft": 34000.0, "tas_kt": null, "gs_kt": 460.0, "track_deg": 181, "phase": "cruise"}, "geometry": {"type": "Point", "coordinates": [100.674845, 12.947358, 10363.2]}}, {"type": "Feature", "properties": {"flight_key": "TVJ178_VTUO_VTSS_2025-12-23 02:36", "callsign": "TVJ178", "aircraft_type": "B789", "adep": "VTUO", "ades": "VTSS", "epoch_ts": "2025-12-23 03:18:00+00:00", "altitude_ft": 34000.0, "tas_kt": null, "gs_kt": 460.0, "track_deg": 181, "phase": "cruise"}, "geometry": {"type": "Point", "coordinates": [100.657291, 12.277049, 10363.2]}}, {"type": "Feature", "properties": {"flight_key": "TVJ178_VTUO_VTSS_2025-12-23 02:36", "callsign": "TVJ178", "aircraft_type": "B789", "adep": "VTUO", "ades": "VTSS", "epoch_ts": "2025-12-23 03:24:00+00:00", "altitude_ft": 34000.0, "tas_kt": null, "gs_kt": 460.0, "track_deg": 181, "phase": "cruise"}, "geometry": {"type": "Point", "coordinates": [100.640161, 11.60673, 10363.2]}}, {"type": "Feature", "properties": {"flight_key": "TVJ178_VTUO_VTSS_2025-12-23 02:36", "callsign": "TVJ178", "aircraft_type": "B789", "adep": "VTUO", "ades": "VTSS", "epoch_ts": "2025-12-23 03:30:00+00:00", "altitude_ft": 34000.0, "tas_kt": null, "gs_kt": 460.0, "track_deg": 181, "phase": "cruise"}, "geometry": {"type": "Point", "coordinates": [100.623244, 10.936405, 10363.2]}}, {"type": "Feature", "properties": {"flight_key": "TVJ178_VTUO_VTSS_2025-12-23 02:36", "callsign": "TVJ178", "aircraft_type": "B789", "adep": "VTUO", "ades": "VTSS", "epoch_ts": "2025-12-23 03:36:00+00:00", "altitude_ft": 34000.0, "tas_kt": null, "gs_kt": 460.0, "track_deg": 181, "phase": "cruise"}, "geometry": {"type": "Point", "coordinates": [100.606538, 10.266074, 10363.2]}}, {"type": "Feature", "properties": {"flight_key": "TVJ178_VTUO_VTSS_2025-12-23 02:36", "callsign": "TVJ178", "aircraft_type": "B789", "adep": "VTUO", "ades": "VTSS", "epoch_ts": "2025-12-23 03:42:00+00:00", "altitude_ft": 34000.0, "tas_kt": null, "gs_kt": 460.0, "track_deg": 181, "phase": "cruise"}, "geometry": {"type": "Point", "coordinates": [100.590215, 9.595735, 10363.2]}}, {"type": "Feature", "properties": {"flight_key": "TVJ178_VTUO_VTSS_2025-12-23 02:36", "callsign": "TVJ178", "aircraft_type": "B789", "adep": "VTUO", "ades": "VTSS", "epoch_ts": "2025-12-23 03:48:00+00:00", "altitude_ft": 34000.0, "tas_kt": null, "gs_kt": 460.0, "track_deg": 181, "phase": "cruise"}, "geometry": {"type": "Point", "coordinates": [100.574245, 8.925387, 10363.2]}}, {"type": "Feature", "properties": {"flight_key": "TVJ178_VTUO_VTSS_2025-12-23 02:36", "callsign": "TVJ178", "aircraft_type": "B789", "adep": "VTUO", "ades": "VTSS", "epoch_ts": "2025-12-23 03:54:00+00:00", "altitude_ft": 22686.0, "tas_kt": null, "gs_kt": 270.0, "track_deg": 181, "phase": "descent"}, "geometry": {"type": "Point", "coordinates": [100.558688, 8.255029, 6914.7]}}, {"type": "Feature", "properties": {"flight_key": "TVJ178_VTUO_VTSS_2025-12-23 02:36", "callsign": "TVJ178", "aircraft_type": "B789", "adep": "VTUO", "ades": "VTSS", "epoch_ts": "2025-12-23 04:00:00+00:00", "altitude_ft": 11372.0, "tas_kt": null, "gs_kt": 270.0, "track_deg": 181, "phase": "descent"}, "geometry": {"type": "Point", "coordinates": [100.543151, 7.584671, 3466.2]}}, {"type": "Feature", "properties": {"flight_key": "TVJ178_VTUO_VTSS_2025-12-23 02:36", "callsign": "TVJ178", "aircraft_type": "B789", "adep": "VTUO", "ades": "VTSS", "epoch_ts": "2025-12-23 04:06:00+00:00", "altitude_ft": 58.0, "tas_kt": null, "gs_kt": 270.0, "track_deg": 0, "phase": "descent"}, "geometry": {"type": "Point", "coordinates": [100.395, 6.932778, 17.7]}}, {"type": "Feature", "properties": {"feature_type": "route", "flight_key": "PGY179_VTBU_VTSP_2025-12-23 02:38", "route": "BUT DCT ASEKU W42 MENEX Y8 SAVSA", "callsign": "PGY179", "aircraft_type": "B763", "adep": "VTBU", "ades": "VTSP", "rfl": 360, "sid": "", "star": "SAVS1C", "dep_rwy": "", "arr_rwy": "RW09", "eobt": "2025-12-23T02:38:00+00:00", "idents": ["VTBU", "BUT", "ASEKU", "REGOS", "SURMA", "UPVIL", "EGUBO", "MENEX", "IKERA", "STN", "LAMUL", "SAVSA", "VTSP"]}, "geometry": {"type": "LineString", "coordinates": [[101.005, 12.679722], [101.000556, 12.666667], [100.651389, 12.051667], [100.581667, 12.001944], [100.4425, 11.856111], [100.239167, 11.643333], [100.080556, 11.477222], [99.761944, 11.141944], [99.258889, 9.529444], [99.134722, 9.129444], [98.868889, 8.805], [98.624722, 8.504444], [98.309167, 8.1125]]}}, {"type": "Feature", "properties": {"flight_key": "PGY179_VTBU_VTSP_2025-12-23 02:38", "callsign": "PGY179", "aircraft_type": "B763", "adep": "VTBU", "ades": "VTSP", "epoch_ts": "2025-12-23 02:38:00+00:00", "altitude_ft": 59.0, "tas_kt": null, "gs_kt": 280.0, "track_deg": 198, "phase": "climb"}, "geometry": {"type": "Point", "coordinates": [101.005, 12.679722, 18.0]}}, {"type": "Feature", "properties": {"flight_key": "PGY179_VTBU_VTSP_2025-12-23 02:38", "callsign": "PGY179", "aircraft_type": "B763", "adep": "VTBU", "ades": "VTSP", "epoch_ts": "2025-12-23 02:44:00+00:00", "altitude_ft": 12039.3, "tas_kt": null, "gs_kt": 280.0, "track_deg": 209, "phase": "climb"}, "geometry": {"type": "Point", "coordinates": [100.82921, 12.364869, 3669.6]}}, {"type": "Feature", "properties": {"flight_key": "PGY179_VTBU_VTSP_2025-12-23 02:38", "callsign": "PGY179", "aircraft_type": "B763", "adep": "VTBU", "ades": "VTSP", "epoch_ts": "2025-12-23 02:50:00+00:00", "altitude_ft": 24019.7, "tas_kt": null, "gs_kt": 280.0, "track_deg": 234, "phase": "climb"}, "geometry": {"type": "Point", "coordinates": [100.650838, 12.051274, 7321.2]}}, {"type": "Feature", "properties": {"flight_key": "PGY179_VTBU_VTSP_2025-12-23 02:38", "callsign": "PGY179", "aircraft_type": "B763", "adep": "VTBU", "ades": "VTSP", "epoch_ts": "2025-12-23 02:56:00+00:00", "altitude_ft": 36000.0, "tas_kt": null, "gs_kt": 460.0, "track_deg": 223, "phase": "cruise"}, "geometry": {"type": "Point", "coordinates": [100.39117, 11.802397, 10972.8]}}, {"type": "Feature", "properties": {"flight_key": "PGY179_VTBU_VTSP_2025-12-23 02:38", "callsign": "PGY179", "aircraft_type": "B763", "adep": "VTBU", "ades": "VTSP", "epoch_ts": "2025-12-23 03:02:00+00:00", "altitude_ft": 36000.0, "tas_kt": null, "gs_kt": 460.0, "track_deg": 223, "phase": "cruise"}, "geometry": {"type": "Point", "coordinates": [100.141916, 11.541483, 10972.8]}}, {"type": "Feature", "properties": {"flight_key": "PGY179_VTBU_VTSP_2025-12-23 02:38", "callsign": "PGY179", "aircraft_type": "B763", "adep": "VTBU", "ades": "VTSP", "epoch_ts": "2025-12-23 03:08:00+00:00", "altitude_ft": 36000.0, "tas_kt": null, "gs_kt": 460.0, "track_deg": 223, "phase": "cruise"}, "geometry": {"type": "Point", "coordinates": [99.893195, 11.280061, 10972.8]}}, {"type": "Feature", "properties": {"flight_key": "PGY179_VTBU_VTSP_2025-12-23 02:38", "callsign": "PGY179", "aircraft_type": "B763", "adep": "VTBU", "ades": "VTSP", "epoch_ts": "2025-12-23 03:14:00+00:00", "altitude_ft": 36000.0, "tas_kt": null, "gs_kt": 460.0, "track_deg": 197, "phase": "cruise"}, "geometry": {"type": "Point", "coordinates": [99.711225, 10.979368, 10972.8]}}, {"type": "Feature", "properties": {"flight_key": "PGY179_VTBU_VTSP_2025-12-23 02:38", "callsign": "PGY179", "aircraft_type": "B763", "adep": "VTBU", "ades": "VTSP", "epoch_ts": "2025-12-23 03:20:00+00:00", "altitude_ft": 36000.0, "tas_kt": null, "gs_kt": 460.0, "track_deg": 197, "phase": "cruise"}, "geometry": {"type": "Point", "coordinates": [99.603762, 10.634905, 10972.8]}}, {"type": "Feature", "properties": {"flight_key": "PGY179_VTBU_VTSP_2025-12-23 02:38", "callsign": "PGY179", "aircraft_type": "B763", "adep": "VTBU", "ades": "VTSP", "epoch_ts": "2025-12-23 03:26:00+00:00", "altitude_ft": 36000.0, "tas_kt": null, "gs_kt": 460.0, "track_deg": 197, "phase": "cruise"}, "geometry": {"type": "Point", "coordinates": [99.496299, 10.290441, 10972.8]}}, {"type": "Feature", "properties": {"flight_key": "PGY179_VTBU_VTSP_2025-12-23 02:38", "callsign": "PGY179", "aircraft_type": "B763", "adep": "VTBU", "ades": "VTSP", "epoch_ts": "2025-12-23 03:32:00+00:00", "altitude_ft": 36000.0, "tas_kt": null, "gs_kt": 460.0, "track_deg": 197, "phase": "cruise"}, "geometry": {"type": "Point", "coordinates": [99.388836, 9.945978, 10972.8]}}, {"type": "Feature", "properties": {"flight_key": "PGY179_VTBU_VTSP_2025-12-23 02:38", "callsign": "PGY179", "aircraft_type": "B763", "adep": "VTBU", "ades": "VTSP", "epoch_ts": "2025-12-23 03:38:00+00:00", "altitude_ft": 36000.0, "tas_kt": null, "gs_kt": 460.0, "track_deg": 197, "phase": "cruise"}, "geometry": {"type": "Point", "coordinates": [99.281373, 9.601514, 10972.8]}}, {"type": "Feature", "properties": {"flight_key": "PGY179_VTBU_VTSP_2025-12-23 02:38", "callsign": "PGY179", "aircraft_type": "B763", "adep": "VTBU", "ades": "VTSP", "epoch_ts": "2025-12-23 03:44:00+00:00", "altitude_ft": 36000.0, "tas_kt": null, "gs_kt": 460.0, "track_deg": 197, "phase": "cruise"}, "geometry": {"type": "Point", "coordinates": [99.174296, 9.25693, 10972.8]}}, {"type": "Feature", "properties": {"flight_key": "PGY179_VTBU_VTSP_2025-12-23 02:38", "callsign": "PGY179", "aircraft_type": "B763", "adep": "VTBU", "ades": "VTSP", "epoch_ts": "2025-12-23 03:50:00+00:00", "altitude_ft": 36000.0, "tas_kt": null, "gs_kt": 460.0, "track_deg": 219, "phase": "cruise"}, "geometry": {"type": "Point", "coordinates": [98.990632, 8.953585, 10972.8]}}, {"type": "Feature", "properties": {"flight_key": "PGY179_VTBU_VTSP_2025-12-23 02:38", "callsign": "PGY179", "aircraft_type": "B763", "adep": "VTBU", "ades": "VTSP", "epoch_ts": "2025-12-23 03:56:00+00:00", "altitude_ft": 24007.3, "tas_kt": null, "gs_kt": 270.0, "track_deg": 219, "phase": "descent"}, "geometry": {"type": "Point", "coordinates": [98.762488, 8.674026, 7317.4]}}, {"type": "Feature", "properties": {"flight_key": "PGY179_VTBU_VTSP_2025-12-23 02:38", "callsign": "PGY179", "aircraft_type": "B763", "adep": "VTBU", "ades": "VTSP", "epoch_ts": "2025-12-23 04:02:00+00:00", "altitude_ft": 12014.7, "tas_kt": null, "gs_kt": 270.0, "track_deg": 219, "phase": "descent"}, "geometry": {"type": "Point", "coordinates": [98.535454, 8.393566, 3662.1]}}, {"type": "Feature", "properties": {"flight_key": "PGY179_VTBU_VTSP_2025-12-23 02:38", "callsign": "PGY179", "aircraft_type": "B763", "adep": "VTBU", "ades": "VTSP", "epoch_ts": "2025-12-23 04:08:00+00:00", "altitude_ft": 22.0, "tas_kt": null, "gs_kt": 270.0, "track_deg": 0, "phase": "descent"}, "geometry": {"type": "Point", "coordinates": [98.309167, 8.1125, 6.7]}}, {"type": "Feature", "properties": {"feature_type": "route", "flight_key": "THA180_VTPT_VTSF_2025-12-23 02:40", "route": "W26 IGPOP Y7 BKK M757 MABKO W33 UPNEP W35 NKS", "callsign": "THA180", "aircraft_type": "B738", "adep": "VTPT", "ades": "VTSF", "rfl": 330, "sid": "", "star": "", "dep_rwy": "", "arr_rwy": "", "eobt": "2025-12-23T02:40:00+00:00", "idents": ["VTPT", "IGPOP", "PAKMO", "BLAFF", "BKK", "KASNI", "ASEKU", "NULBO", "MABKO", "UPNEP", "PINUN", "PAGLU", "NKS", "VTSF"]}, "geometry": {"type": "LineString", "coordinates": [[99.253728, 16.895986], [99.785556, 16.833889], [99.948889, 16.336944], [100.2975, 15.275833], [100.596111, 13.893611], [100.678333, 13.080556], [100.651389, 12.051667], [100.611944, 10.488611], [100.595278, 9.8025], [100.493333, 9.703611], [100.385, 9.473611], [100.285833, 9.263611], [99.946944, 8.541667], [99.944725, 8.539617]]}}, {"type": "Feature", "properties": {"flight_key": "THA180_VTPT_VTSF_2025-12-23 02:40", "callsign": "THA180", "aircraft_type": "B738", "adep": "VTPT", "ades": "VTSF", "epoch_ts": "2025-12-23 02:40:00+00:00", "altitude_ft": 478.0, "tas_kt": null, "gs_kt": 280.0, "track_deg": 97, "phase": "climb"}, "geometry": {"type": "Point", "coordinates": [99.253728, 16.895986, 145.7]}}, {"type": "Feature", "properties": {"flight_key": "THA180_VTPT_VTSF_2025-12-23 02:40", "callsign": "THA180", "aircraft_type": "B738", "adep": "VTPT", "ades": "VTSF", "epoch_ts": "2025-12-23 02:46:00+00:00", "altitude_ft": 11318.7, "tas_kt": null, "gs_kt": 280.0, "track_deg": 163, "phase": "climb"}, "geometry": {"type": "Point", "coordinates": [99.808106, 16.76528, 3449.9]}}, {"type": "Feature", "properties": {"flight_key": "THA180_VTPT_VTSF_2025-12-23 02:40", "callsign": "THA180", "aircraft_type": "B738", "adep": "VTPT", "ades": "VTSF", "epoch_ts": "2025-12-23 02:52:00+00:00", "altitude_ft": 22159.3, "tas_kt": null, "gs_kt": 280.0, "track_deg": 162, "phase": "climb"}, "geometry": {"type": "Point", "coordinates": [99.997824, 16.187994, 6754.2]}}, {"type": "Feature", "properties": {"flight_key": "THA180_VTPT_VTSF_2025-12-23 02:40", "callsign": "THA180", "aircraft_type": "B738", "adep": "VTPT", "ades": "VTSF", "epoch_ts": "2025-12-23 02:58:00+00:00", "altitude_ft": 33000.0, "tas_kt": null, "gs_kt": 460.0, "track_deg": 162, "phase": "cruise"}, "geometry": {"type": "Point", "coordinates": [100.187488, 15.61069, 10058.4]}}, {"type": "Feature", "properties": {"flight_key": "THA180_VTPT_VTSF_2025-12-23 02:40", "callsign": "THA180", "aircraft_type": "B738", "adep": "VTPT", "ades": "VTSF", "epoch_ts": "2025-12-23 03:04:00+00:00", "altitude_ft": 33000.0, "tas_kt": null, "gs_kt": 460.0, "track_deg": 168, "phase": "cruise"}, "geometry": {"type": "Point", "coordinates": [100.351389, 15.026392, 10058.4]}}, {"type": "Feature", "properties": {"flight_key": "THA180_VTPT_VTSF_2025-12-23 02:40", "callsign": "THA180", "aircraft_type": "B738", "adep": "VTPT", "ades": "VTSF", "epoch_ts": "2025-12-23 03:10:00+00:00", "altitude_ft": 33000.0, "tas_kt": null, "gs_kt": 460.0, "track_deg": 168, "phase": "cruise"}, "geometry": {"type": "Point", "coordinates": [100.479706, 14.432433, 10058.4]}}, {"type": "Feature", "properties": {"flight_key": "THA180_VTPT_VTSF_2025-12-23 02:40", "callsign": "THA180", "aircraft_type": "B738", "adep": "VTPT", "ades": "VTSF", "epoch_ts": "2025-12-23 03:16:00+00:00", "altitude_ft": 33000.0, "tas_kt": null, "gs_kt": 460.0, "track_deg": 174, "phase": "cruise"}, "geometry": {"type": "Point", "coordinates": [100.601787, 13.837489, 10058.4]}}, {"type": "Feature", "properties": {"flight_key": "THA180_VTPT_VTSF_2025-12-23 02:40", "callsign": "THA180", "aircraft_type": "B738", "adep": "VTPT", "ades": "VTSF", "epoch_ts": "2025-12-23 03:22:00+00:00", "altitude_ft": 33000.0, "tas_kt": null, "gs_kt": 460.0, "track_deg": 174, "phase": "cruise"}, "geometry": {"type": "Point", "coordinates": [100.662926, 13.232911, 10058.4]}}, {"type": "Feature", "properties": {"flight_key": "THA180_VTPT_VTSF_2025-12-23 02:40", "callsign": "THA180", "aircraft_type": "B738", "adep": "VTPT", "ades": "VTSF", "epoch_ts": "2025-12-23 03:28:00+00:00", "altitude_ft": 33000.0, "tas_kt": null, "gs_kt": 460.0, "track_deg": 181, "phase": "cruise"}, "geometry": {"type": "Point", "coordinates": [100.666434, 12.626183, 10058.4]}}, {"type": "Feature", "properties": {"flight_key": "THA180_VTPT_VTSF_2025-12-23 02:40", "callsign": "THA180", "aircraft_type": "B738", "adep": "VTPT", "ades": "VTSF", "epoch_ts": "2025-12-23 03:34:00+00:00", "altitude_ft": 33000.0, "tas_kt": null, "gs_kt": 460.0, "track_deg": 181, "phase": "cruise"}, "geometry": {"type": "Point", "coordinates": [100.650558, 12.018729, 10058.4]}}, {"type": "Feature", "properties": {"flight_key": "THA180_VTPT_VTSF_2025-12-23 02:40", "callsign": "THA180", "aircraft_type": "B738", "adep": "VTPT", "ades": "VTSF", "epoch_ts": "2025-12-23 03:40:00+00:00", "altitude_ft": 33000.0, "tas_kt": null, "gs_kt": 460.0, "track_deg": 181, "phase": "cruise"}, "geometry": {"type": "Point", "coordinates": [100.635228, 11.411261, 10058.4]}}, {"type": "Feature", "properties": {"flight_key": "THA180_VTPT_VTSF_2025-12-23 02:40", "callsign": "THA180", "aircraft_type": "B738", "adep": "VTPT", "ades": "VTSF", "epoch_ts": "2025-12-23 03:46:00+00:00", "altitude_ft": 33000.0, "tas_kt": null, "gs_kt": 460.0, "track_deg": 181, "phase": "cruise"}, "geometry": {"type": "Point", "coordinates": [100.619898, 10.803793, 10058.4]}}, {"type": "Feature", "properties": {"flight_key": "THA180_VTPT_VTSF_2025-12-23 02:40", "callsign": "THA180", "aircraft_type": "B738", "adep": "VTPT", "ades": "VTSF", "epoch_ts": "2025-12-23 03:52:00+00:00", "altitude_ft": 33000.0, "tas_kt": null, "gs_kt": 460.0, "track_deg": 181, "phase": "cruise"}, "geometry": {"type": "Point", "coordinates": [100.604844, 10.196319, 10058.4]}}, {"type": "Feature", "properties": {"flight_key": "THA180_VTPT_VTSF_2025-12-23 02:40", "callsign": "THA180", "aircraft_type": "B738", "adep": "VTPT", "ades": "VTSF", "epoch_ts": "2025-12-23 03:58:00+00:00", "altitude_ft": 22004.3, "tas_kt": null, "gs_kt": 270.0, "track_deg": 205, "phase": "descent"}, "geometry": {"type": "Point", "coordinates": [100.462781, 9.638747, 6706.9]}}, {"type": "Feature", "properties": {"flight_key": "THA180_VTPT_VTSF_2025-12-23 02:40", "callsign": "THA180", "aircraft_type": "B738", "adep": "VTPT", "ades": "VTSF", "epoch_ts": "2025-12-23 04:04:00+00:00", "altitude_ft": 11008.7, "tas_kt": null, "gs_kt": 270.0, "track_deg": 205, "phase": "descent"}, "geometry": {"type": "Point", "coordinates": [100.203871, 9.089005, 3355.4]}}, {"type": "Feature", "properties": {"flight_key": "THA180_VTPT_VTSF_2025-12-23 02:40", "callsign": "THA180", "aircraft_type": "B738", "adep": "VTPT", "ades": "VTSF", "epoch_ts": "2025-12-23 04:10:00+00:00", "altitude_ft": 13.0, "tas_kt": null, "gs_kt": 270.0, "track_deg": 0, "phase": "descent"}, "geometry": {"type": "Point", "coordinates": [99.944725, 8.539617, 4.0]}}, {"type": "Feature", "properties": {"feature_type": "route", "flight_key": "AIQ181_VTUU_VTSF_2025-12-23 02:42", "route": "Y20 BKK M757 LOSDA Y94 NKS", "callsign": "AIQ181", "aircraft_type": "A320", "adep": "VTUU", "ades": "VTSF", "rfl": 360, "sid": "", "star": "", "dep_rwy": "", "arr_rwy": "", "eobt": "2025-12-23T02:42:00+00:00", "idents": ["VTUU", "BKK", "KASNI", "ASEKU", "NULBO", "MABKO", "VALSI", "ROBDA", "LOSDA", "DOXAS", "NKS", "VTSF"]}, "geometry": {"type": "LineString", "coordinates": [[104.870244, 15.251272], [100.596111, 13.893611], [100.678333, 13.080556], [100.651389, 12.051667], [100.611944, 10.488611], [100.595278, 9.8025], [100.588333, 9.518889], [100.586389, 9.432778], [100.573611, 8.898889], [100.368889, 8.7825], [99.946944, 8.541667], [99.944725, 8.539617]]}}, {"type": "Feature", "properties": {"flight_key": "AIQ181_VTUU_VTSF_2025-12-23 02:42", "callsign": "AIQ181", "aircraft_type": "A320", "adep": "VTUU", "ades": "VTSF", "epoch_ts": "2025-12-23 02:42:00+00:00", "altitude_ft": 411.0, "tas_kt": null, "gs_kt": 280.0, "track_deg": 252, "phase": "climb"}, "geometry": {"type": "Point", "coordinates": [104.870244, 15.251272, 125.3]}}, {"type": "Feature", "properties": {"flight_key": "AIQ181_VTUU_VTSF_2025-12-23 02:42", "callsign": "AIQ181", "aircraft_type": "A320", "adep": "VTUU", "ades": "VTSF", "epoch_ts": "2025-12-23 02:48:00+00:00", "altitude_ft": 12274.0, "tas_kt": null, "gs_kt": 280.0, "track_deg": 252, "phase": "climb"}, "geometry": {"type": "Point", "coordinates": [104.221575, 15.045225, 3741.1]}}, {"type": "Feature", "properties": {"flight_key": "AIQ181_VTUU_VTSF_2025-12-23 02:42", "callsign": "AIQ181", "aircraft_type": "A320", "adep": "VTUU", "ades": "VTSF", "epoch_ts": "2025-12-23 02:54:00+00:00", "altitude_ft": 24137.0, "tas_kt": null, "gs_kt": 280.0, "track_deg": 252, "phase": "climb"}, "geometry": {"type": "Point", "coordinates": [103.572906, 14.839178, 7357.0]}}, {"type": "Feature", "properties": {"flight_key": "AIQ181_VTUU_VTSF_2025-12-23 02:42", "callsign": "AIQ181", "aircraft_type": "A320", "adep": "VTUU", "ades": "VTSF", "epoch_ts": "2025-12-23 03:00:00+00:00", "altitude_ft": 36000.0, "tas_kt": null, "gs_kt": 460.0, "track_deg": 252, "phase": "cruise"}, "geometry": {"type": "Point", "coordinates": [102.924237, 14.633131, 10972.8]}}, {"type": "Feature", "properties": {"flight_key": "AIQ181_VTUU_VTSF_2025-12-23 02:42", "callsign": "AIQ181", "aircraft_type": "A320", "adep": "VTUU", "ades": "VTSF", "epoch_ts": "2025-12-23 03:06:00+00:00", "altitude_ft": 36000.0, "tas_kt": null, "gs_kt": 460.0, "track_deg": 252, "phase": "cruise"}, "geometry": {"type": "Point", "coordinates": [102.275568, 14.427084, 10972.8]}}, {"type": "Feature", "properties": {"flight_key": "AIQ181_VTUU_VTSF_2025-12-23 02:42", "callsign": "AIQ181", "aircraft_type": "A320", "adep": "VTUU", "ades": "VTSF", "epoch_ts": "2025-12-23 03:12:00+00:00", "altitude_ft": 36000.0, "tas_kt": null, "gs_kt": 460.0, "track_deg": 252, "phase": "cruise"}, "geometry": {"type": "Point", "coordinates": [101.6269, 14.221037, 10972.8]}}, {"type": "Feature", "properties": {"flight_key": "AIQ181_VTUU_VTSF_2025-12-23 02:42", "callsign": "AIQ181", "aircraft_type": "A320", "adep": "VTUU", "ades": "VTSF", "epoch_ts": "2025-12-23 03:18:00+00:00", "altitude_ft": 36000.0, "tas_kt": null, "gs_kt": 460.0, "track_deg": 252, "phase": "cruise"}, "geometry": {"type": "Point", "coordinates": [100.978231, 14.01499, 10972.8]}}, {"type": "Feature", "properties": {"flight_key": "AIQ181_VTUU_VTSF_2025-12-23 02:42", "callsign": "AIQ181", "aircraft_type": "A320", "adep": "VTUU", "ades": "VTSF", "epoch_ts": "2025-12-23 03:24:00+00:00", "altitude_ft": 36000.0, "tas_kt": null, "gs_kt": 460.0, "track_deg": 174, "phase": "cruise"}, "geometry": {"type": "Point", "coordinates": [100.62425, 13.615357, 10972.8]}}, {"type": "Feature", "properties": {"flight_key": "AIQ181_VTUU_VTSF_2025-12-23 02:42", "callsign": "AIQ181", "aircraft_type": "A320", "adep": "VTUU", "ades": "VTSF", "epoch_ts": "2025-12-23 03:30:00+00:00", "altitude_ft": 36000.0, "tas_kt": null, "gs_kt": 460.0, "track_deg": 181, "phase": "cruise"}, "geometry": {"type": "Point", "coordinates": [100.674587, 12.937526, 10972.8]}}, {"type": "Feature", "properties": {"flight_key": "AIQ181_VTUU_VTSF_2025-12-23 02:42", "callsign": "AIQ181", "aircraft_type": "A320", "adep": "VTUU", "ades": "VTSF", "epoch_ts": "2025-12-23 03:36:00+00:00", "altitude_ft": 36000.0, "tas_kt": null, "gs_kt": 460.0, "track_deg": 181, "phase": "cruise"}, "geometry": {"type": "Point", "coordinates": [100.65677, 12.257152, 10972.8]}}, {"type": "Feature", "properties": {"flight_key": "AIQ181_VTUU_VTSF_2025-12-23 02:42", "callsign": "AIQ181", "aircraft_type": "A320", "adep": "VTUU", "ades": "VTSF", "epoch_ts": "2025-12-23 03:42:00+00:00", "altitude_ft": 36000.0, "tas_kt": null, "gs_kt": 460.0, "track_deg": 181, "phase": "cruise"}, "geometry": {"type": "Point", "coordinates": [100.639404, 11.576766, 10972.8]}}, {"type": "Feature", "properties": {"flight_key": "AIQ181_VTUU_VTSF_2025-12-23 02:42", "callsign": "AIQ181", "aircraft_type": "A320", "adep": "VTUU", "ades": "VTSF", "epoch_ts": "2025-12-23 03:48:00+00:00", "altitude_ft": 36000.0, "tas_kt": null, "gs_kt": 460.0, "track_deg": 181, "phase": "cruise"}, "geometry": {"type": "Point", "coordinates": [100.622234, 10.896375, 10972.8]}}, {"type": "Feature", "properties": {"flight_key": "AIQ181_VTUU_VTSF_2025-12-23 02:42", "callsign": "AIQ181", "aircraft_type": "A320", "adep": "VTUU", "ades": "VTSF", "epoch_ts": "2025-12-23 03:54:00+00:00", "altitude_ft": 36000.0, "tas_kt": null, "gs_kt": 460.0, "track_deg": 181, "phase": "cruise"}, "geometry": {"type": "Point", "coordinates": [100.605322, 10.215977, 10972.8]}}, {"type": "Feature", "properties": {"flight_key": "AIQ181_VTUU_VTSF_2025-12-23 02:42", "callsign": "AIQ181", "aircraft_type": "A320", "adep": "VTUU", "ades": "VTSF", "epoch_ts": "2025-12-23 04:00:00+00:00", "altitude_ft": 24004.3, "tas_kt": null, "gs_kt": 270.0, "track_deg": 181, "phase": "descent"}, "geometry": {"type": "Point", "coordinates": [100.588742, 9.535572, 7316.5]}}, {"type": "Feature", "properties": {"flight_key": "AIQ181_VTUU_VTSF_2025-12-23 02:42", "callsign": "AIQ181", "aircraft_type": "A320", "adep": "VTUU", "ades": "VTSF", "epoch_ts": "2025-12-23 04:06:00+00:00", "altitude_ft": 12008.7, "tas_kt": null, "gs_kt": 270.0, "track_deg": 240, "phase": "descent"}, "geometry": {"type": "Point", "coordinates": [100.535582, 8.877269, 3660.2]}}, {"type": "Feature", "properties": {"flight_key": "AIQ181_VTUU_VTSF_2025-12-23 02:42", "callsign": "AIQ181", "aircraft_type": "A320", "adep": "VTUU", "ades": "VTSF", "epoch_ts": "2025-12-23 04:12:00+00:00", "altitude_ft": 13.0, "tas_kt": null, "gs_kt": 270.0, "track_deg": 0, "phase": "descent"}, "geometry": {"type": "Point", "coordinates": [99.944725, 8.539617, 4.0]}}, {"type": "Feature", "properties": {"feature_type": "route", "flight_key": "TGW182_VTSG_VTSM_2025-12-23 02:44", "route": "SARER W32 SMU", "callsign": "TGW182", "aircraft_type": "A321", "adep": "VTSG", "ades": "VTSM", "rfl": 190, "sid": "SARE1G", "star": "", "dep_rwy": "RW14", "arr_rwy": "", "eobt": "2025-12-23T02:44:00+00:00", "idents": ["VTSG", "SARER", "LUXIR", "NULMA", "TAVAT", "TEDOS", "STN", "VEGNA", "ADLAL", "DORNA", "SMU", "VTSM"]}, "geometry": {"type": "LineString", "coordinates": [[98.985278, 8.100278], [99.015833, 8.3575], [99.033333, 8.471944], [99.041111, 8.521667], [99.071111, 8.715833], [99.085278, 8.809444], [99.134722, 9.129444], [99.380833, 9.240833], [99.518333, 9.302778], [99.770556, 9.416389], [100.061667, 9.546944], [100.0625, 9.548889]]}}, {"type": "Feature", "properties": {"flight_key": "TGW182_VTSG_VTSM_2025-12-23 02:44", "callsign": "TGW182", "aircraft_type": "A321", "adep": "VTSG", "ades": "VTSM", "epoch_ts": "2025-12-23 02:44:00+00:00", "altitude_ft": 82.0, "tas_kt": null, "gs_kt": 280.0, "track_deg": 7, "phase": "climb"}, "geometry": {"type": "Point", "coordinates": [98.985278, 8.100278, 25.0]}}, {"type": "Feature", "properties": {"flight_key": "TGW182_VTSG_VTSM_2025-12-23 02:44", "callsign": "TGW182", "aircraft_type": "A321", "adep": "VTSG", "ades": "VTSM", "epoch_ts": "2025-12-23 02:50:00+00:00", "altitude_ft": 6388.0, "tas_kt": null, "gs_kt": 280.0, "track_deg": 7, "phase": "climb"}, "geometry": {"type": "Point", "coordinates": [99.001468, 8.236575, 1947.1]}}, {"type": "Feature", "properties": {"flight_key": "TGW182_VTSG_VTSM_2025-12-23 02:44", "callsign": "TGW182", "aircraft_type": "A321", "adep": "VTSG", "ades": "VTSM", "epoch_ts": "2025-12-23 02:56:00+00:00", "altitude_ft": 12694.0, "tas_kt": null, "gs_kt": 280.0, "track_deg": 9, "phase": "climb"}, "geometry": {"type": "Point", "coordinates": [99.018173, 8.372801, 3869.1]}}, {"type": "Feature", "properties": {"flight_key": "TGW182_VTSG_VTSM_2025-12-23 02:44", "callsign": "TGW182", "aircraft_type": "A321", "adep": "VTSG", "ades": "VTSM", "epoch_ts": "2025-12-23 03:02:00+00:00", "altitude_ft": 19000.0, "tas_kt": null, "gs_kt": 460.0, "track_deg": 9, "phase": "cruise"}, "geometry": {"type": "Point", "coordinates": [99.039045, 8.50846, 5791.2]}}, {"type": "Feature", "properties": {"flight_key": "TGW182_VTSG_VTSM_2025-12-23 02:44", "callsign": "TGW182", "aircraft_type": "A321", "adep": "VTSG", "ades": "VTSM", "epoch_ts": "2025-12-23 03:08:00+00:00", "altitude_ft": 19000.0, "tas_kt": null, "gs_kt": 460.0, "track_deg": 9, "phase": "cruise"}, "geometry": {"type": "Point", "coordinates": [99.060028, 8.644101, 5791.2]}}, {"type": "Feature", "properties": {"flight_key": "TGW182_VTSG_VTSM_2025-12-23 02:44", "callsign": "TGW182", "aircraft_type": "A321", "adep": "VTSG", "ades": "VTSM", "epoch_ts": "2025-12-23 03:14:00+00:00", "altitude_ft": 19000.0, "tas_kt": null, "gs_kt": 460.0, "track_deg": 9, "phase": "cruise"}, "geometry": {"type": "Point", "coordinates": [99.080788, 8.779776, 5791.2]}}, {"type": "Feature", "properties": {"flight_key": "TGW182_VTSG_VTSM_2025-12-23 02:44", "callsign": "TGW182", "aircraft_type": "A321", "adep": "VTSG", "ades": "VTSM", "epoch_ts": "2025-12-23 03:20:00+00:00", "altitude_ft": 19000.0, "tas_kt": null, "gs_kt": 460.0, "track_deg": 9, "phase": "cruise"}, "geometry": {"type": "Point", "coordinates": [99.101655, 8.915436, 5791.2]}}, {"type": "Feature", "properties": {"flight_key": "TGW182_VTSG_VTSM_2025-12-23 02:44", "callsign": "TGW182", "aircraft_type": "A321", "adep": "VTSG", "ades": "VTSM", "epoch_ts": "2025-12-23 03:26:00+00:00", "altitude_ft": 19000.0, "tas_kt": null, "gs_kt": 460.0, "track_deg": 9, "phase": "cruise"}, "geometry": {"type": "Point", "coordinates": [99.122614, 9.051081, 5791.2]}}, {"type": "Feature", "properties": {"flight_key": "TGW182_VTSG_VTSM_2025-12-23 02:44", "callsign": "TGW182", "aircraft_type": "A321", "adep": "VTSG", "ades": "VTSM", "epoch_ts": "2025-12-23 03:32:00+00:00", "altitude_ft": 19000.0, "tas_kt": null, "gs_kt": 460.0, "track_deg": 65, "phase": "cruise"}, "geometry": {"type": "Point", "coordinates": [99.187527, 9.153343, 5791.2]}}, {"type": "Feature", "properties": {"flight_key": "TGW182_VTSG_VTSM_2025-12-23 02:44", "callsign": "TGW182", "aircraft_type": "A321", "adep": "VTSG", "ades": "VTSM", "epoch_ts": "2025-12-23 03:38:00+00:00", "altitude_ft": 19000.0, "tas_kt": null, "gs_kt": 460.0, "track_deg": 65, "phase": "cruise"}, "geometry": {"type": "Point", "coordinates": [99.312571, 9.209938, 5791.2]}}, {"type": "Feature", "properties": {"flight_key": "TGW182_VTSG_VTSM_2025-12-23 02:44", "callsign": "TGW182", "aircraft_type": "A321", "adep": "VTSG", "ades": "VTSM", "epoch_ts": "2025-12-23 03:44:00+00:00", "altitude_ft": 19000.0, "tas_kt": null, "gs_kt": 460.0, "track_deg": 65, "phase": "cruise"}, "geometry": {"type": "Point", "coordinates": [99.437659, 9.266434, 5791.2]}}, {"type": "Feature", "properties": {"flight_key": "TGW182_VTSG_VTSM_2025-12-23 02:44", "callsign": "TGW182", "aircraft_type": "A321", "adep": "VTSG", "ades": "VTSM", "epoch_ts": "2025-12-23 03:50:00+00:00", "altitude_ft": 19000.0, "tas_kt": null, "gs_kt": 460.0, "track_deg": 65, "phase": "cruise"}, "geometry": {"type": "Point", "coordinates": [99.562802, 9.322809, 5791.2]}}, {"type": "Feature", "properties": {"flight_key": "TGW182_VTSG_VTSM_2025-12-23 02:44", "callsign": "TGW182", "aircraft_type": "A321", "adep": "VTSG", "ades": "VTSM", "epoch_ts": "2025-12-23 03:56:00+00:00", "altitude_ft": 19000.0, "tas_kt": null, "gs_kt": 460.0, "track_deg": 65, "phase": "cruise"}, "geometry": {"type": "Point", "coordinates": [99.687947, 9.379179, 5791.2]}}, {"type": "Feature", "properties": {"flight_key": "TGW182_VTSG_VTSM_2025-12-23 02:44", "callsign": "TGW182", "aircraft_type": "A321", "adep": "VTSG", "ades": "VTSM", "epoch_ts": "2025-12-23 04:02:00+00:00", "altitude_ft": 12688.0, "tas_kt": null, "gs_kt": 270.0, "track_deg": 66, "phase": "descent"}, "geometry": {"type": "Point", "coordinates": [99.813123, 9.435479, 3867.3]}}, {"type": "Feature", "properties": {"flight_key": "TGW182_VTSG_VTSM_2025-12-23 02:44", "callsign": "TGW182", "aircraft_type": "A321", "adep": "VTSG", "ades": "VTSM", "epoch_ts": "2025-12-23 04:08:00+00:00", "altitude_ft": 6376.0, "tas_kt": null, "gs_kt": 270.0, "track_deg": 66, "phase": "descent"}, "geometry": {"type": "Point", "coordinates": [99.93836, 9.491645, 1943.4]}}, {"type": "Feature", "properties": {"flight_key": "TGW182_VTSG_VTSM_2025-12-23 02:44", "callsign": "TGW182", "aircraft_type": "A321", "adep": "VTSG", "ades": "VTSM", "epoch_ts": "2025-12-23 04:14:00+00:00", "altitude_ft": 64.0, "tas_kt": null, "gs_kt": 270.0, "track_deg": 0, "phase": "descent"}, "geometry": {"type": "Point", "coordinates": [100.0625, 9.548889, 19.5]}}, {"type": "Feature", "properties": {"feature_type": "route", "flight_key": "BKP183_VTUL_VTSB_2025-12-23 02:46", "route": "DUBOL W39 NOBER W21 BKK Y8 IKERA", "callsign": "BKP183", "aircraft_type": "A333", "adep": "VTUL", "ades": "VTSB", "rfl": 320, "sid": "DUBO1A", "star": "IKER1A", "dep_rwy": "RW01", "arr_rwy": "RW22", "eobt": "2025-12-23T02:46:00+00:00", "idents": ["VTUL", "DUBOL", "PCB", "NOBER", "BKK", "MOTNA", "SABIS", "VANKO", "BUXEL", "MENEX", "IKERA", "VTSB"]}, "geometry": {"type": "LineString", "coordinates": [[101.721944, 17.439167], [101.531667, 17.167778], [101.196667, 16.676111], [100.668333, 15.276667], [100.596111, 13.893611], [100.385, 13.186111], [100.190278, 12.999722], [99.760556, 12.586389], [99.761111, 11.728333], [99.761944, 11.141944], [99.258889, 9.529444], [99.139167, 9.136111]]}}, {"type": "Feature", "properties": {"flight_key": "BKP183_VTUL_VTSB_2025-12-23 02:46", "callsign": "BKP183", "aircraft_type": "A333", "adep": "VTUL", "ades": "VTSB", "epoch_ts": "2025-12-23 02:46:00+00:00", "altitude_ft": 821.0, "tas_kt": null, "gs_kt": 280.0, "track_deg": 214, "phase": "climb"}, "geometry": {"type": "Point", "coordinates": [101.721944, 17.439167, 250.2]}}, {"type": "Feature", "properties": {"flight_key": "BKP183_VTUL_VTSB_2025-12-23 02:46", "callsign": "BKP183", "aircraft_type": "A333", "adep": "VTUL", "ades": "VTSB", "epoch_ts": "2025-12-23 02:52:00+00:00", "altitude_ft": 11214.0, "tas_kt": null, "gs_kt": 280.0, "track_deg": 213, "phase": "climb"}, "geometry": {"type": "Point", "coordinates": [101.382101, 16.948266, 3418.0]}}, {"type": "Feature", "properties": {"flight_key": "BKP183_VTUL_VTSB_2025-12-23 02:46", "callsign": "BKP183", "aircraft_type": "A333", "adep": "VTUL", "ades": "VTSB", "epoch_ts": "2025-12-23 02:58:00+00:00", "altitude_ft": 21607.0, "tas_kt": null, "gs_kt": 280.0, "track_deg": 200, "phase": "climb"}, "geometry": {"type": "Point", "coordinates": [101.102099, 16.425622, 6585.8]}}, {"type": "Feature", "properties": {"flight_key": "BKP183_VTUL_VTSB_2025-12-23 02:46", "callsign": "BKP183", "aircraft_type": "A333", "adep": "VTUL", "ades": "VTSB", "epoch_ts": "2025-12-23 03:04:00+00:00", "altitude_ft": 32000.0, "tas_kt": null, "gs_kt": 460.0, "track_deg": 200, "phase": "cruise"}, "geometry": {"type": "Point", "coordinates": [100.891215, 15.867034, 9753.6]}}, {"type": "Feature", "properties": {"flight_key": "BKP183_VTUL_VTSB_2025-12-23 02:46", "callsign": "BKP183", "aircraft_type": "A333", "adep": "VTUL", "ades": "VTSB", "epoch_ts": "2025-12-23 03:10:00+00:00", "altitude_ft": 32000.0, "tas_kt": null, "gs_kt": 460.0, "track_deg": 200, "phase": "cruise"}, "geometry": {"type": "Point", "coordinates": [100.680331, 15.308446, 9753.6]}}, {"type": "Feature", "properties": {"flight_key": "BKP183_VTUL_VTSB_2025-12-23 02:46", "callsign": "BKP183", "aircraft_type": "A333", "adep": "VTUL", "ades": "VTSB", "epoch_ts": "2025-12-23 03:16:00+00:00", "altitude_ft": 32000.0, "tas_kt": null, "gs_kt": 460.0, "track_deg": 183, "phase": "cruise"}, "geometry": {"type": "Point", "coordinates": [100.638968, 14.714331, 9753.6]}}, {"type": "Feature", "properties": {"flight_key": "BKP183_VTUL_VTSB_2025-12-23 02:46", "callsign": "BKP183", "aircraft_type": "A333", "adep": "VTUL", "ades": "VTSB", "epoch_ts": "2025-12-23 03:22:00+00:00", "altitude_ft": 32000.0, "tas_kt": null, "gs_kt": 460.0, "track_deg": 183, "phase": "cruise"}, "geometry": {"type": "Point", "coordinates": [100.607832, 14.118074, 9753.6]}}, {"type": "Feature", "properties": {"flight_key": "BKP183_VTUL_VTSB_2025-12-23 02:46", "callsign": "BKP183", "aircraft_type": "A333", "adep": "VTUL", "ades": "VTSB", "epoch_ts": "2025-12-23 03:28:00+00:00", "altitude_ft": 32000.0, "tas_kt": null, "gs_kt": 460.0, "track_deg": 196, "phase": "cruise"}, "geometry": {"type": "Point", "coordinates": [100.489658, 13.536853, 9753.6]}}, {"type": "Feature", "properties": {"flight_key": "BKP183_VTUL_VTSB_2025-12-23 02:46", "callsign": "BKP183", "aircraft_type": "A333", "adep": "VTUL", "ades": "VTSB", "epoch_ts": "2025-12-23 03:34:00+00:00", "altitude_ft": 32000.0, "tas_kt": null, "gs_kt": 460.0, "track_deg": 226, "phase": "cruise"}, "geometry": {"type": "Point", "coordinates": [100.218093, 13.026347, 9753.6]}}, {"type": "Feature", "properties": {"flight_key": "BKP183_VTUL_VTSB_2025-12-23 02:46", "callsign": "BKP183", "aircraft_type": "A333", "adep": "VTUL", "ades": "VTSB", "epoch_ts": "2025-12-23 03:40:00+00:00", "altitude_ft": 32000.0, "tas_kt": null, "gs_kt": 460.0, "track_deg": 225, "phase": "cruise"}, "geometry": {"type": "Point", "coordinates": [99.78771, 12.612508, 9753.6]}}, {"type": "Feature", "properties": {"flight_key": "BKP183_VTUL_VTSB_2025-12-23 02:46", "callsign": "BKP183", "aircraft_type": "A333", "adep": "VTUL", "ades": "VTSB", "epoch_ts": "2025-12-23 03:46:00+00:00", "altitude_ft": 32000.0, "tas_kt": null, "gs_kt": 460.0, "track_deg": 180, "phase": "cruise"}, "geometry": {"type": "Point", "coordinates": [99.760918, 12.026996, 9753.6]}}, {"type": "Feature", "properties": {"flight_key": "BKP183_VTUL_VTSB_2025-12-23 02:46", "callsign": "BKP183", "aircraft_type": "A333", "adep": "VTUL", "ades": "VTSB", "epoch_ts": "2025-12-23 03:52:00+00:00", "altitude_ft": 32000.0, "tas_kt": null, "gs_kt": 460.0, "track_deg": 180, "phase": "cruise"}, "geometry": {"type": "Point", "coordinates": [99.761535, 11.429926, 9753.6]}}, {"type": "Feature", "properties": {"flight_key": "BKP183_VTUL_VTSB_2025-12-23 02:46", "callsign": "BKP183", "aircraft_type": "A333", "adep": "VTUL", "ades": "VTSB", "epoch_ts": "2025-12-23 03:58:00+00:00", "altitude_ft": 32000.0, "tas_kt": null, "gs_kt": 460.0, "track_deg": 197, "phase": "cruise"}, "geometry": {"type": "Point", "coordinates": [99.669893, 10.846882, 9753.6]}}, {"type": "Feature", "properties": {"flight_key": "BKP183_VTUL_VTSB_2025-12-23 02:46", "callsign": "BKP183", "aircraft_type": "A333", "adep": "VTUL", "ades": "VTSB", "epoch_ts": "2025-12-23 04:04:00+00:00", "altitude_ft": 21339.3, "tas_kt": null, "gs_kt": 270.0, "track_deg": 197, "phase": "descent"}, "geometry": {"type": "Point", "coordinates": [99.492076, 10.276905, 6504.2]}}, {"type": "Feature", "properties": {"flight_key": "BKP183_VTUL_VTSB_2025-12-23 02:46", "callsign": "BKP183", "aircraft_type": "A333", "adep": "VTUL", "ades": "VTSB", "epoch_ts": "2025-12-23 04:10:00+00:00", "altitude_ft": 10678.7, "tas_kt": null, "gs_kt": 270.0, "track_deg": 197, "phase": "descent"}, "geometry": {"type": "Point", "coordinates": [99.314259, 9.706928, 3254.9]}}, {"type": "Feature", "properties": {"flight_key": "BKP183_VTUL_VTSB_2025-12-23 02:46", "callsign": "BKP183", "aircraft_type": "A333", "adep": "VTUL", "ades": "VTSB", "epoch_ts": "2025-12-23 04:16:00+00:00", "altitude_ft": 18.0, "tas_kt": null, "gs_kt": 270.0, "track_deg": 180, "phase": "descent"}, "geometry": {"type": "Point", "coordinates": [99.139167, 9.136111, 5.5]}}, {"type": "Feature", "properties": {"feature_type": "route", "flight_key": "DMK184_VTUI_VTST_2025-12-23 02:48", "route": "W5/W6 KKN W6 KRT W1 BKK G458 SAPUD W24 TRN", "callsign": "DMK184", "aircraft_type": "A359", "adep": "VTUI", "ades": "VTST", "rfl": 160, "sid": "", "star": "", "dep_rwy": "", "arr_rwy": "", "eobt": "2025-12-23T02:48:00+00:00", "idents": ["VTUI", "KKN", "EMRUT", "KRT", "UBLOD", "MALKI", "BKK", "SAPUD", "TRN", "VTST"]}, "geometry": {"type": "LineString", "coordinates": [[104.118628, 17.195142], [102.788056, 16.470833], [102.5925, 16.005556], [102.139722, 14.917222], [101.436667, 14.620833], [101.198056, 14.519722], [100.596111, 13.893611], [99.134747, 9.129511], [99.626111, 7.508889], [99.615833, 7.508611]]}}, {"type": "Feature", "properties": {"flight_key": "DMK184_VTUI_VTST_2025-12-23 02:48", "callsign": "DMK184", "aircraft_type": "A359", "adep": "VTUI", "ades": "VTST", "epoch_ts": "2025-12-23 02:48:00+00:00", "altitude_ft": 529.0, "tas_kt": null, "gs_kt": 280.0, "track_deg": 240, "phase": "climb"}, "geometry": {"type": "Point", "coordinates": [104.118628, 17.195142, 161.2]}}, {"type": "Feature", "properties": {"flight_key": "DMK184_VTUI_VTST_2025-12-23 02:48", "callsign": "DMK184", "aircraft_type": "A359", "adep": "VTUI", "ades": "VTST", "epoch_ts": "2025-12-23 02:54:00+00:00", "altitude_ft": 5686.0, "tas_kt": null, "gs_kt": 280.0, "track_deg": 240, "phase": "climb"}, "geometry": {"type": "Point", "coordinates": [103.429103, 16.819793, 1733.1]}}, {"type": "Feature", "properties": {"flight_key": "DMK184_VTUI_VTST_2025-12-23 02:48", "callsign": "DMK184", "aircraft_type": "A359", "adep": "VTUI", "ades": "VTST", "epoch_ts": "2025-12-23 03:00:00+00:00", "altitude_ft": 10843.0, "tas_kt": null, "gs_kt": 280.0, "track_deg": 202, "phase": "climb"}, "geometry": {"type": "Point", "coordinates": [102.76667, 16.41995, 3304.9]}}, {"type": "Feature", "properties": {"flight_key": "DMK184_VTUI_VTST_2025-12-23 02:48", "callsign": "DMK184", "aircraft_type": "A359", "adep": "VTUI", "ades": "VTST", "epoch_ts": "2025-12-23 03:06:00+00:00", "altitude_ft": 16000.0, "tas_kt": null, "gs_kt": 460.0, "track_deg": 202, "phase": "cruise"}, "geometry": {"type": "Point", "coordinates": [102.463607, 15.695738, 4876.8]}}, {"type": "Feature", "properties": {"flight_key": "DMK184_VTUI_VTST_2025-12-23 02:48", "callsign": "DMK184", "aircraft_type": "A359", "adep": "VTUI", "ades": "VTST", "epoch_ts": "2025-12-23 03:12:00+00:00", "altitude_ft": 16000.0, "tas_kt": null, "gs_kt": 460.0, "track_deg": 202, "phase": "cruise"}, "geometry": {"type": "Point", "coordinates": [102.162052, 14.970896, 4876.8]}}, {"type": "Feature", "properties": {"flight_key": "DMK184_VTUI_VTST_2025-12-23 02:48", "callsign": "DMK184", "aircraft_type": "A359", "adep": "VTUI", "ades": "VTST", "epoch_ts": "2025-12-23 03:18:00+00:00", "altitude_ft": 16000.0, "tas_kt": null, "gs_kt": 460.0, "track_deg": 246, "phase": "cruise"}, "geometry": {"type": "Point", "coordinates": [101.469879, 14.634834, 4876.8]}}, {"type": "Feature", "properties": {"flight_key": "DMK184_VTUI_VTST_2025-12-23 02:48", "callsign": "DMK184", "aircraft_type": "A359", "adep": "VTUI", "ades": "VTST", "epoch_ts": "2025-12-23 03:24:00+00:00", "altitude_ft": 16000.0, "tas_kt": null, "gs_kt": 460.0, "track_deg": 223, "phase": "cruise"}, "geometry": {"type": "Point", "coordinates": [100.858544, 14.16658, 4876.8]}}, {"type": "Feature", "properties": {"flight_key": "DMK184_VTUI_VTST_2025-12-23 02:48", "callsign": "DMK184", "aircraft_type": "A359", "adep": "VTUI", "ades": "VTST", "epoch_ts": "2025-12-23 03:30:00+00:00", "altitude_ft": 16000.0, "tas_kt": null, "gs_kt": 460.0, "track_deg": 197, "phase": "cruise"}, "geometry": {"type": "Point", "coordinates": [100.476928, 13.505071, 4876.8]}}, {"type": "Feature", "properties": {"flight_key": "DMK184_VTUI_VTST_2025-12-23 02:48", "callsign": "DMK184", "aircraft_type": "A359", "adep": "VTUI", "ades": "VTST", "epoch_ts": "2025-12-23 03:36:00+00:00", "altitude_ft": 16000.0, "tas_kt": null, "gs_kt": 460.0, "track_deg": 197, "phase": "cruise"}, "geometry": {"type": "Point", "coordinates": [100.246701, 12.75452, 4876.8]}}, {"type": "Feature", "properties": {"flight_key": "DMK184_VTUI_VTST_2025-12-23 02:48", "callsign": "DMK184", "aircraft_type": "A359", "adep": "VTUI", "ades": "VTST", "epoch_ts": "2025-12-23 03:42:00+00:00", "altitude_ft": 16000.0, "tas_kt": null, "gs_kt": 460.0, "track_deg": 197, "phase": "cruise"}, "geometry": {"type": "Point", "coordinates": [100.016473, 12.003969, 4876.8]}}, {"type": "Feature", "properties": {"flight_key": "DMK184_VTUI_VTST_2025-12-23 02:48", "callsign": "DMK184", "aircraft_type": "A359", "adep": "VTUI", "ades": "VTST", "epoch_ts": "2025-12-23 03:48:00+00:00", "altitude_ft": 16000.0, "tas_kt": null, "gs_kt": 460.0, "track_deg": 197, "phase": "cruise"}, "geometry": {"type": "Point", "coordinates": [99.786245, 11.253418, 4876.8]}}, {"type": "Feature", "properties": {"flight_key": "DMK184_VTUI_VTST_2025-12-23 02:48", "callsign": "DMK184", "aircraft_type": "A359", "adep": "VTUI", "ades": "VTST", "epoch_ts": "2025-12-23 03:54:00+00:00", "altitude_ft": 16000.0, "tas_kt": null, "gs_kt": 460.0, "track_deg": 197, "phase": "cruise"}, "geometry": {"type": "Point", "coordinates": [99.556017, 10.502867, 4876.8]}}, {"type": "Feature", "properties": {"flight_key": "DMK184_VTUI_VTST_2025-12-23 02:48", "callsign": "DMK184", "aircraft_type": "A359", "adep": "VTUI", "ades": "VTST", "epoch_ts": "2025-12-23 04:00:00+00:00", "altitude_ft": 16000.0, "tas_kt": null, "gs_kt": 460.0, "track_deg": 197, "phase": "cruise"}, "geometry": {"type": "Point", "coordinates": [99.32579, 9.752317, 4876.8]}}, {"type": "Feature", "properties": {"flight_key": "DMK184_VTUI_VTST_2025-12-23 02:48", "callsign": "DMK184", "aircraft_type": "A359", "adep": "VTUI", "ades": "VTST", "epoch_ts": "2025-12-23 04:06:00+00:00", "altitude_ft": 10689.0, "tas_kt": null, "gs_kt": 270.0, "track_deg": 163, "phase": "descent"}, "geometry": {"type": "Point", "coordinates": [99.173517, 9.001639, 3258.0]}}, {"type": "Feature", "properties": {"flight_key": "DMK184_VTUI_VTST_2025-12-23 02:48", "callsign": "DMK184", "aircraft_type": "A359", "adep": "VTUI", "ades": "VTST", "epoch_ts": "2025-12-23 04:12:00+00:00", "altitude_ft": 5378.0, "tas_kt": null, "gs_kt": 270.0, "track_deg": 163, "phase": "descent"}, "geometry": {"type": "Point", "coordinates": [99.401306, 8.250344, 1639.2]}}, {"type": "Feature", "properties": {"flight_key": "DMK184_VTUI_VTST_2025-12-23 02:48", "callsign": "DMK184", "aircraft_type": "A359", "adep": "VTUI", "ades": "VTST", "epoch_ts": "2025-12-23 04:18:00+00:00", "altitude_ft": 67.0, "tas_kt": null, "gs_kt": 270.0, "track_deg": 0, "phase": "descent"}, "geometry": {"type": "Point", "coordinates": [99.615833, 7.508611, 20.4]}}, {"type": "Feature", "properties": {"feature_type": "route", "flight_key": "SEH185_VTCL_VTBD_2025-12-23 02:50", "route": "VENAG W23 PSL W9 BLAFF DCT NAKON", "callsign": "SEH185", "aircraft_type": "B77W", "adep": "VTCL", "ades": "VTBD", "rfl": 230, "sid": "VENA1C", "star": "NAKO1B", "dep_rwy": "RW36", "arr_rwy": "RW03L", "eobt": "2025-12-23T02:50:00+00:00", "idents": ["VTCL", "VENAG", "PIVUT", "POLOB", "PSL", "PEBLI", "BLAFF", "NAKON", "VTBD"]}, "geometry": {"type": "LineString", "coordinates": [[99.504167, 18.270833], [99.699444, 17.903056], [99.764722, 17.778889], [100.057778, 17.219167], [100.291389, 16.770278], [100.293333, 16.268333], [100.2975, 15.275833], [100.517608, 14.703861], [100.605692, 13.914372]]}}, {"type": "Feature", "properties": {"flight_key": "SEH185_VTCL_VTBD_2025-12-23 02:50", "callsign": "SEH185", "aircraft_type": "B77W", "adep": "VTCL", "ades": "VTBD", "epoch_ts": "2025-12-23 02:50:00+00:00", "altitude_ft": 814.0, "tas_kt": null, "gs_kt": 280.0, "track_deg": 153, "phase": "climb"}, "geometry": {"type": "Point", "coordinates": [99.504167, 18.270833, 248.1]}}, {"type": "Feature", "properties": {"flight_key": "SEH185_VTCL_VTBD_2025-12-23 02:50", "callsign": "SEH185", "aircraft_type": "B77W", "adep": "VTCL", "ades": "VTBD", "epoch_ts": "2025-12-23 02:56:00+00:00", "altitude_ft": 8209.3, "tas_kt": null, "gs_kt": 280.0, "track_deg": 153, "phase": "climb"}, "geometry": {"type": "Point", "coordinates": [99.647863, 18.000201, 2502.2]}}, {"type": "Feature", "properties": {"flight_key": "SEH185_VTCL_VTBD_2025-12-23 02:50", "callsign": "SEH185", "aircraft_type": "B77W", "adep": "VTCL", "ades": "VTBD", "epoch_ts": "2025-12-23 03:02:00+00:00", "altitude_ft": 15604.7, "tas_kt": null, "gs_kt": 280.0, "track_deg": 153, "phase": "climb"}, "geometry": {"type": "Point", "coordinates": [99.790765, 17.729149, 4756.3]}}, {"type": "Feature", "properties": {"flight_key": "SEH185_VTCL_VTBD_2025-12-23 02:50", "callsign": "SEH185", "aircraft_type": "B77W", "adep": "VTCL", "ades": "VTBD", "epoch_ts": "2025-12-23 03:08:00+00:00", "altitude_ft": 23000.0, "tas_kt": null, "gs_kt": 460.0, "track_deg": 153, "phase": "cruise"}, "geometry": {"type": "Point", "coordinates": [99.932893, 17.45769, 7010.4]}}, {"type": "Feature", "properties": {"flight_key": "SEH185_VTCL_VTBD_2025-12-23 02:50", "callsign": "SEH185", "aircraft_type": "B77W", "adep": "VTCL", "ades": "VTBD", "epoch_ts": "2025-12-23 03:14:00+00:00", "altitude_ft": 23000.0, "tas_kt": null, "gs_kt": 460.0, "track_deg": 154, "phase": "cruise"}, "geometry": {"type": "Point", "coordinates": [100.07494, 17.186189, 7010.4]}}, {"type": "Feature", "properties": {"flight_key": "SEH185_VTCL_VTBD_2025-12-23 02:50", "callsign": "SEH185", "aircraft_type": "B77W", "adep": "VTCL", "ades": "VTBD", "epoch_ts": "2025-12-23 03:20:00+00:00", "altitude_ft": 23000.0, "tas_kt": null, "gs_kt": 460.0, "track_deg": 154, "phase": "cruise"}, "geometry": {"type": "Point", "coordinates": [100.216396, 16.914379, 7010.4]}}, {"type": "Feature", "properties": {"flight_key": "SEH185_VTCL_VTBD_2025-12-23 02:50", "callsign": "SEH185", "aircraft_type": "B77W", "adep": "VTCL", "ades": "VTBD", "epoch_ts": "2025-12-23 03:26:00+00:00", "altitude_ft": 23000.0, "tas_kt": null, "gs_kt": 460.0, "track_deg": 180, "phase": "cruise"}, "geometry": {"type": "Point", "coordinates": [100.291947, 16.626311, 7010.4]}}, {"type": "Feature", "properties": {"flight_key": "SEH185_VTCL_VTBD_2025-12-23 02:50", "callsign": "SEH185", "aircraft_type": "B77W", "adep": "VTCL", "ades": "VTBD", "epoch_ts": "2025-12-23 03:32:00+00:00", "altitude_ft": 23000.0, "tas_kt": null, "gs_kt": 460.0, "track_deg": 180, "phase": "cruise"}, "geometry": {"type": "Point", "coordinates": [100.293133, 16.319898, 7010.4]}}, {"type": "Feature", "properties": {"flight_key": "SEH185_VTCL_VTBD_2025-12-23 02:50", "callsign": "SEH185", "aircraft_type": "B77W", "adep": "VTCL", "ades": "VTBD", "epoch_ts": "2025-12-23 03:38:00+00:00", "altitude_ft": 23000.0, "tas_kt": null, "gs_kt": 460.0, "track_deg": 180, "phase": "cruise"}, "geometry": {"type": "Point", "coordinates": [100.294403, 16.013485, 7010.4]}}, {"type": "Feature", "properties": {"flight_key": "SEH185_VTCL_VTBD_2025-12-23 02:50", "callsign": "SEH185", "aircraft_type": "B77W", "adep": "VTCL", "ades": "VTBD", "epoch_ts": "2025-12-23 03:44:00+00:00", "altitude_ft": 23000.0, "tas_kt": null, "gs_kt": 460.0, "track_deg": 180, "phase": "cruise"}, "geometry": {"type": "Point", "coordinates": [100.295689, 15.707072, 7010.4]}}, {"type": "Feature", "properties": {"flight_key": "SEH185_VTCL_VTBD_2025-12-23 02:50", "callsign": "SEH185", "aircraft_type": "B77W", "adep": "VTCL", "ades": "VTBD", "epoch_ts": "2025-12-23 03:50:00+00:00", "altitude_ft": 23000.0, "tas_kt": null, "gs_kt": 460.0, "track_deg": 180, "phase": "cruise"}, "geometry": {"type": "Point", "coordinates": [100.296976, 15.400659, 7010.4]}}, {"type": "Feature", "properties": {"flight_key": "SEH185_VTCL_VTBD_2025-12-23 02:50", "callsign": "SEH185", "aircraft_type": "B77W", "adep": "VTCL", "ades": "VTBD", "epoch_ts": "2025-12-23 03:56:00+00:00", "altitude_ft": 23000.0, "tas_kt": null, "gs_kt": 460.0, "track_deg": 160, "phase": "cruise"}, "geometry": {"type": "Point", "coordinates": [100.362717, 15.106361, 7010.4]}}, {"type": "Feature", "properties": {"flight_key": "SEH185_VTCL_VTBD_2025-12-23 02:50", "callsign": "SEH185", "aircraft_type": "B77W", "adep": "VTCL", "ades": "VTBD", "epoch_ts": "2025-12-23 04:02:00+00:00", "altitude_ft": 23000.0, "tas_kt": null, "gs_kt": 460.0, "track_deg": 160, "phase": "cruise"}, "geometry": {"type": "Point", "coordinates": [100.472765, 14.820389, 7010.4]}}, {"type": "Feature", "properties": {"flight_key": "SEH185_VTCL_VTBD_2025-12-23 02:50", "callsign": "SEH185", "aircraft_type": "B77W", "adep": "VTCL", "ades": "VTBD", "epoch_ts": "2025-12-23 04:08:00+00:00", "altitude_ft": 15335.7, "tas_kt": null, "gs_kt": 270.0, "track_deg": 174, "phase": "descent"}, "geometry": {"type": "Point", "coordinates": [100.53774, 14.523424, 4674.3]}}, {"type": "Feature", "properties": {"flight_key": "SEH185_VTCL_VTBD_2025-12-23 02:50", "callsign": "SEH185", "aircraft_type": "B77W", "adep": "VTCL", "ades": "VTBD", "epoch_ts": "2025-12-23 04:14:00+00:00", "altitude_ft": 7671.3, "tas_kt": null, "gs_kt": 270.0, "track_deg": 174, "phase": "descent"}, "geometry": {"type": "Point", "coordinates": [100.571716, 14.218898, 2338.2]}}, {"type": "Feature", "properties": {"flight_key": "SEH185_VTCL_VTBD_2025-12-23 02:50", "callsign": "SEH185", "aircraft_type": "B77W", "adep": "VTCL", "ades": "VTBD", "epoch_ts": "2025-12-23 04:20:00+00:00", "altitude_ft": 7.0, "tas_kt": null, "gs_kt": 270.0, "track_deg": 0, "phase": "descent"}, "geometry": {"type": "Point", "coordinates": [100.605692, 13.914372, 2.1]}}, {"type": "Feature", "properties": {"feature_type": "route", "flight_key": "NOK186_VTCC_VTBD_2025-12-23 02:52", "route": "PANTA Y7 BLAFF DCT NAKON", "callsign": "NOK186", "aircraft_type": "B789", "adep": "VTCC", "ades": "VTBD", "rfl": 350, "sid": "PANT2C", "star": "NAKO1B", "dep_rwy": "RW36", "arr_rwy": "RW03L", "eobt": "2025-12-23T02:52:00+00:00", "idents": ["VTCC", "PANTA", "KEXIL", "IGPOP", "PAKMO", "BLAFF", "NAKON", "VTBD"]}, "geometry": {"type": "LineString", "coordinates": [[98.962778, 18.771389], [99.321389, 18.230833], [99.498333, 17.701111], [99.785556, 16.833889], [99.948889, 16.336944], [100.2975, 15.275833], [100.517608, 14.703861], [100.605692, 13.914372]]}}, {"type": "Feature", "properties": {"flight_key": "NOK186_VTCC_VTBD_2025-12-23 02:52", "callsign": "NOK186", "aircraft_type": "B789", "adep": "VTCC", "ades": "VTBD", "epoch_ts": "2025-12-23 02:52:00+00:00", "altitude_ft": 1006.9, "tas_kt": null, "gs_kt": 280.0, "track_deg": 148, "phase": "climb"}, "geometry": {"type": "Point", "coordinates": [98.962778, 18.771389, 306.9]}}, {"type": "Feature", "properties": {"flight_key": "NOK186_VTCC_VTBD_2025-12-23 02:52", "callsign": "NOK186", "aircraft_type": "B789", "adep": "VTCC", "ades": "VTBD", "epoch_ts": "2025-12-23 02:58:00+00:00", "altitude_ft": 12337.9, "tas_kt": null, "gs_kt": 280.0, "track_deg": 148, "phase": "climb"}, "geometry": {"type": "Point", "coordinates": [99.153243, 18.48429, 3760.6]}}, {"type": "Feature", "properties": {"flight_key": "NOK186_VTCC_VTBD_2025-12-23 02:52", "callsign": "NOK186", "aircraft_type": "B789", "adep": "VTCC", "ades": "VTBD", "epoch_ts": "2025-12-23 03:04:00+00:00", "altitude_ft": 23669.0, "tas_kt": null, "gs_kt": 280.0, "track_deg": 162, "phase": "climb"}, "geometry": {"type": "Point", "coordinates": [99.33418, 18.19254, 7214.3]}}, {"type": "Feature", "properties": {"flight_key": "NOK186_VTCC_VTBD_2025-12-23 02:52", "callsign": "NOK186", "aircraft_type": "B789", "adep": "VTCC", "ades": "VTBD", "epoch_ts": "2025-12-23 03:10:00+00:00", "altitude_ft": 35000.0, "tas_kt": null, "gs_kt": 460.0, "track_deg": 162, "phase": "cruise"}, "geometry": {"type": "Point", "coordinates": [99.443336, 17.865756, 10668.0]}}, {"type": "Feature", "properties": {"flight_key": "NOK186_VTCC_VTBD_2025-12-23 02:52", "callsign": "NOK186", "aircraft_type": "B789", "adep": "VTCC", "ades": "VTBD", "epoch_ts": "2025-12-23 03:16:00+00:00", "altitude_ft": 35000.0, "tas_kt": null, "gs_kt": 460.0, "track_deg": 162, "phase": "cruise"}, "geometry": {"type": "Point", "coordinates": [99.552079, 17.538835, 10668.0]}}, {"type": "Feature", "properties": {"flight_key": "NOK186_VTCC_VTBD_2025-12-23 02:52", "callsign": "NOK186", "aircraft_type": "B789", "adep": "VTCC", "ades": "VTBD", "epoch_ts": "2025-12-23 03:22:00+00:00", "altitude_ft": 35000.0, "tas_kt": null, "gs_kt": 460.0, "track_deg": 162, "phase": "cruise"}, "geometry": {"type": "Point", "coordinates": [99.660401, 17.211773, 10668.0]}}, {"type": "Feature", "properties": {"flight_key": "NOK186_VTCC_VTBD_2025-12-23 02:52", "callsign": "NOK186", "aircraft_type": "B789", "adep": "VTCC", "ades": "VTBD", "epoch_ts": "2025-12-23 03:28:00+00:00", "altitude_ft": 35000.0, "tas_kt": null, "gs_kt": 460.0, "track_deg": 162, "phase": "cruise"}, "geometry": {"type": "Point", "coordinates": [99.768723, 16.884712, 10668.0]}}, {"type": "Feature", "properties": {"flight_key": "NOK186_VTCC_VTBD_2025-12-23 02:52", "callsign": "NOK186", "aircraft_type": "B789", "adep": "VTCC", "ades": "VTBD", "epoch_ts": "2025-12-23 03:34:00+00:00", "altitude_ft": 35000.0, "tas_kt": null, "gs_kt": 460.0, "track_deg": 163, "phase": "cruise"}, "geometry": {"type": "Point", "coordinates": [99.876417, 16.557443, 10668.0]}}, {"type": "Feature", "properties": {"flight_key": "NOK186_VTCC_VTBD_2025-12-23 02:52", "callsign": "NOK186", "aircraft_type": "B789", "adep": "VTCC", "ades": "VTBD", "epoch_ts": "2025-12-23 03:40:00+00:00", "altitude_ft": 35000.0, "tas_kt": null, "gs_kt": 460.0, "track_deg": 162, "phase": "cruise"}, "geometry": {"type": "Point", "coordinates": [99.98398, 16.230132, 10668.0]}}, {"type": "Feature", "properties": {"flight_key": "NOK186_VTCC_VTBD_2025-12-23 02:52", "callsign": "NOK186", "aircraft_type": "B789", "adep": "VTCC", "ades": "VTBD", "epoch_ts": "2025-12-23 03:46:00+00:00", "altitude_ft": 35000.0, "tas_kt": null, "gs_kt": 460.0, "track_deg": 162, "phase": "cruise"}, "geometry": {"type": "Point", "coordinates": [100.091516, 15.902811, 10668.0]}}, {"type": "Feature", "properties": {"flight_key": "NOK186_VTCC_VTBD_2025-12-23 02:52", "callsign": "NOK186", "aircraft_type": "B789", "adep": "VTCC", "ades": "VTBD", "epoch_ts": "2025-12-23 03:52:00+00:00", "altitude_ft": 35000.0, "tas_kt": null, "gs_kt": 460.0, "track_deg": 162, "phase": "cruise"}, "geometry": {"type": "Point", "coordinates": [100.199052, 15.57549, 10668.0]}}, {"type": "Feature", "properties": {"flight_key": "NOK186_VTCC_VTBD_2025-12-23 02:52", "callsign": "NOK186", "aircraft_type": "B789", "adep": "VTCC", "ades": "VTBD", "epoch_ts": "2025-12-23 03:58:00+00:00", "altitude_ft": 35000.0, "tas_kt": null, "gs_kt": 460.0, "track_deg": 160, "phase": "cruise"}, "geometry": {"type": "Point", "coordinates": [100.307958, 15.248658, 10668.0]}}, {"type": "Feature", "properties": {"flight_key": "NOK186_VTCC_VTBD_2025-12-23 02:52", "callsign": "NOK186", "aircraft_type": "B789", "adep": "VTCC", "ades": "VTBD", "epoch_ts": "2025-12-23 04:04:00+00:00", "altitude_ft": 35000.0, "tas_kt": null, "gs_kt": 460.0, "track_deg": 160, "phase": "cruise"}, "geometry": {"type": "Point", "coordinates": [100.431696, 14.927112, 10668.0]}}, {"type": "Feature", "properties": {"flight_key": "NOK186_VTCC_VTBD_2025-12-23 02:52", "callsign": "NOK186", "aircraft_type": "B789", "adep": "VTCC", "ades": "VTBD", "epoch_ts": "2025-12-23 04:10:00+00:00", "altitude_ft": 23335.7, "tas_kt": null, "gs_kt": 270.0, "track_deg": 174, "phase": "descent"}, "geometry": {"type": "Point", "coordinates": [100.529286, 14.599188, 7112.7]}}, {"type": "Feature", "properties": {"flight_key": "NOK186_VTCC_VTBD_2025-12-23 02:52", "callsign": "NOK186", "aircraft_type": "B789", "adep": "VTCC", "ades": "VTBD", "epoch_ts": "2025-12-23 04:16:00+00:00", "altitude_ft": 11671.3, "tas_kt": null, "gs_kt": 270.0, "track_deg": 174, "phase": "descent"}, "geometry": {"type": "Point", "coordinates": [100.567489, 14.25678, 3557.4]}}, {"type": "Feature", "properties": {"flight_key": "NOK186_VTCC_VTBD_2025-12-23 02:52", "callsign": "NOK186", "aircraft_type": "B789", "adep": "VTCC", "ades": "VTBD", "epoch_ts": "2025-12-23 04:22:00+00:00", "altitude_ft": 7.0, "tas_kt": null, "gs_kt": 270.0, "track_deg": 0, "phase": "descent"}, "geometry": {"type": "Point", "coordinates": [100.605692, 13.914372, 2.1]}}, {"type": "Feature", "properties": {"feature_type": "route", "flight_key": "THD187_VTUD_VTBD_2025-12-23 02:54", "route": "Y22/Y23 KKN Y23 KRT Y20 UBLOD DCT ENDUU", "callsign": "THD187", "aircraft_type": "B763", "adep": "VTUD", "ades": "VTBD", "rfl": 360, "sid": "", "star": "ENDU1B", "dep_rwy": "", "arr_rwy": "RW03L", "eobt": "2025-12-23T02:54:00+00:00", "idents": ["VTUD", "KKN", "EMRUT", "KRT", "UBLOD", "ENDUU", "VTBD"]}, "geometry": {"type": "LineString", "coordinates": [[102.788247, 17.386436], [102.788056, 16.470833], [102.5925, 16.005556], [102.139722, 14.917222], [101.436667, 14.620833], [101.221319, 14.49705], [100.605692, 13.914372]]}}, {"type": "Feature", "properties": {"flight_key": "THD187_VTUD_VTBD_2025-12-23 02:54", "callsign": "THD187", "aircraft_type": "B763", "adep": "VTUD", "ades": "VTBD", "epoch_ts": "2025-12-23 02:54:00+00:00", "altitude_ft": 579.0, "tas_kt": null, "gs_kt": 280.0, "track_deg": 180, "phase": "climb"}, "geometry": {"type": "Point", "coordinates": [102.788247, 17.386436, 176.5]}}, {"type": "Feature", "properties": {"flight_key": "THD187_VTUD_VTBD_2025-12-23 02:54", "callsign": "THD187", "aircraft_type": "B763", "adep": "VTUD", "ades": "VTBD", "epoch_ts": "2025-12-23 03:00:00+00:00", "altitude_ft": 12386.0, "tas_kt": null, "gs_kt": 280.0, "track_deg": 180, "phase": "climb"}, "geometry": {"type": "Point", "coordinates": [102.788185, 17.089231, 3775.3]}}, {"type": "Feature", "properties": {"flight_key": "THD187_VTUD_VTBD_2025-12-23 02:54", "callsign": "THD187", "aircraft_type": "B763", "adep": "VTUD", "ades": "VTBD", "epoch_ts": "2025-12-23 03:06:00+00:00", "altitude_ft": 24193.0, "tas_kt": null, "gs_kt": 280.0, "track_deg": 180, "phase": "climb"}, "geometry": {"type": "Point", "coordinates": [102.788123, 16.792025, 7374.0]}}, {"type": "Feature", "properties": {"flight_key": "THD187_VTUD_VTBD_2025-12-23 02:54", "callsign": "THD187", "aircraft_type": "B763", "adep": "VTUD", "ades": "VTBD", "epoch_ts": "2025-12-23 03:12:00+00:00", "altitude_ft": 36000.0, "tas_kt": null, "gs_kt": 460.0, "track_deg": 180, "phase": "cruise"}, "geometry": {"type": "Point", "coordinates": [102.788061, 16.49482, 10972.8]}}, {"type": "Feature", "properties": {"flight_key": "THD187_VTUD_VTBD_2025-12-23 02:54", "callsign": "THD187", "aircraft_type": "B763", "adep": "VTUD", "ades": "VTBD", "epoch_ts": "2025-12-23 03:18:00+00:00", "altitude_ft": 36000.0, "tas_kt": null, "gs_kt": 460.0, "track_deg": 202, "phase": "cruise"}, "geometry": {"type": "Point", "coordinates": [102.682193, 16.218957, 10972.8]}}, {"type": "Feature", "properties": {"flight_key": "THD187_VTUD_VTBD_2025-12-23 02:54", "callsign": "THD187", "aircraft_type": "B763", "adep": "VTUD", "ades": "VTBD", "epoch_ts": "2025-12-23 03:24:00+00:00", "altitude_ft": 36000.0, "tas_kt": null, "gs_kt": 460.0, "track_deg": 202, "phase": "cruise"}, "geometry": {"type": "Point", "coordinates": [102.567255, 15.944876, 10972.8]}}, {"type": "Feature", "properties": {"flight_key": "THD187_VTUD_VTBD_2025-12-23 02:54", "callsign": "THD187", "aircraft_type": "B763", "adep": "VTUD", "ades": "VTBD", "epoch_ts": "2025-12-23 03:30:00+00:00", "altitude_ft": 36000.0, "tas_kt": null, "gs_kt": 460.0, "track_deg": 202, "phase": "cruise"}, "geometry": {"type": "Point", "coordinates": [102.453095, 15.67047, 10972.8]}}, {"type": "Feature", "properties": {"flight_key": "THD187_VTUD_VTBD_2025-12-23 02:54", "callsign": "THD187", "aircraft_type": "B763", "adep": "VTUD", "ades": "VTBD", "epoch_ts": "2025-12-23 03:36:00+00:00", "altitude_ft": 36000.0, "tas_kt": null, "gs_kt": 460.0, "track_deg": 202, "phase": "cruise"}, "geometry": {"type": "Point", "coordinates": [102.338934, 15.396065, 10972.8]}}, {"type": "Feature", "properties": {"flight_key": "THD187_VTUD_VTBD_2025-12-23 02:54", "callsign": "THD187", "aircraft_type": "B763", "adep": "VTUD", "ades": "VTBD", "epoch_ts": "2025-12-23 03:42:00+00:00", "altitude_ft": 36000.0, "tas_kt": null, "gs_kt": 460.0, "track_deg": 202, "phase": "cruise"}, "geometry": {"type": "Point", "coordinates": [102.224774, 15.121659, 10972.8]}}, {"type": "Feature", "properties": {"flight_key": "THD187_VTUD_VTBD_2025-12-23 02:54", "callsign": "THD187", "aircraft_type": "B763", "adep": "VTUD", "ades": "VTBD", "epoch_ts": "2025-12-23 03:48:00+00:00", "altitude_ft": 36000.0, "tas_kt": null, "gs_kt": 460.0, "track_deg": 246, "phase": "cruise"}, "geometry": {"type": "Point", "coordinates": [102.069892, 14.887783, 10972.8]}}, {"type": "Feature", "properties": {"flight_key": "THD187_VTUD_VTBD_2025-12-23 02:54", "callsign": "THD187", "aircraft_type": "B763", "adep": "VTUD", "ades": "VTBD", "epoch_ts": "2025-12-23 03:54:00+00:00", "altitude_ft": 36000.0, "tas_kt": null, "gs_kt": 460.0, "track_deg": 246, "phase": "cruise"}, "geometry": {"type": "Point", "coordinates": [101.796028, 14.77233, 10972.8]}}, {"type": "Feature", "properties": {"flight_key": "THD187_VTUD_VTBD_2025-12-23 02:54", "callsign": "THD187", "aircraft_type": "B763", "adep": "VTUD", "ades": "VTBD", "epoch_ts": "2025-12-23 04:00:00+00:00", "altitude_ft": 36000.0, "tas_kt": null, "gs_kt": 460.0, "track_deg": 246, "phase": "cruise"}, "geometry": {"type": "Point", "coordinates": [101.522163, 14.656876, 10972.8]}}, {"type": "Feature", "properties": {"flight_key": "THD187_VTUD_VTBD_2025-12-23 02:54", "callsign": "THD187", "aircraft_type": "B763", "adep": "VTUD", "ades": "VTBD", "epoch_ts": "2025-12-23 04:06:00+00:00", "altitude_ft": 36000.0, "tas_kt": null, "gs_kt": 460.0, "track_deg": 239, "phase": "cruise"}, "geometry": {"type": "Point", "coordinates": [101.259437, 14.51896, 10972.8]}}, {"type": "Feature", "properties": {"flight_key": "THD187_VTUD_VTBD_2025-12-23 02:54", "callsign": "THD187", "aircraft_type": "B763", "adep": "VTUD", "ades": "VTBD", "epoch_ts": "2025-12-23 04:12:00+00:00", "altitude_ft": 24002.3, "tas_kt": null, "gs_kt": 270.0, "track_deg": 226, "phase": "descent"}, "geometry": {"type": "Point", "coordinates": [101.037398, 14.322973, 7315.9]}}, {"type": "Feature", "properties": {"flight_key": "THD187_VTUD_VTBD_2025-12-23 02:54", "callsign": "THD187", "aircraft_type": "B763", "adep": "VTUD", "ades": "VTBD", "epoch_ts": "2025-12-23 04:18:00+00:00", "altitude_ft": 12004.7, "tas_kt": null, "gs_kt": 270.0, "track_deg": 226, "phase": "descent"}, "geometry": {"type": "Point", "coordinates": [100.821545, 14.118672, 3659.0]}}, {"type": "Feature", "properties": {"flight_key": "THD187_VTUD_VTBD_2025-12-23 02:54", "callsign": "THD187", "aircraft_type": "B763", "adep": "VTUD", "ades": "VTBD", "epoch_ts": "2025-12-23 04:24:00+00:00", "altitude_ft": 7.0, "tas_kt": null, "gs_kt": 270.0, "track_deg": 0, "phase": "descent"}, "geometry": {"type": "Point", "coordinates": [100.605692, 13.914372, 2.1]}}, {"type": "Feature", "properties": {"feature_type": "route", "flight_key": "TVJ188_VTBD_VTPO_2025-12-23 02:56", "route": "OLVUK Y26 ELDAL Y32 KIMET", "callsign": "TVJ188", "aircraft_type": "B738", "adep": "VTBD", "ades": "VTPO", "rfl": 340, "sid": "OLVU1B", "star": "", "dep_rwy": "RW03L", "arr_rwy": "", "eobt": "2025-12-23T02:56:00+00:00", "idents": ["VTBD", "OLVUK", "UPMUT", "ELDAL", "KIMET", "VTPO"]}, "geometry": {"type": "LineString", "coordinates": [[100.605692, 13.914372], [100.211111, 14.657778], [100.093333, 15.011944], [99.644167, 16.351667], [99.741389, 16.824444], [99.818333, 17.2375]]}}, {"type": "Feature", "properties": {"flight_key": "TVJ188_VTBD_VTPO_2025-12-23 02:56", "callsign": "TVJ188", "aircraft_type": "B738", "adep": "VTBD", "ades": "VTPO", "epoch_ts": "2025-12-23 02:56:00+00:00", "altitude_ft": 7.0, "tas_kt": null, "gs_kt": 280.0, "track_deg": 333, "phase": "climb"}, "geometry": {"type": "Point", "coordinates": [100.605692, 13.914372, 2.1]}}, {"type": "Feature", "properties": {"flight_key": "TVJ188_VTBD_VTPO_2025-12-23 02:56", "callsign": "TVJ188", "aircraft_type": "B738", "adep": "VTBD", "ades": "VTPO", "epoch_ts": "2025-12-23 03:02:00+00:00", "altitude_ft": 11338.0, "tas_kt": null, "gs_kt": 280.0, "track_deg": 333, "phase": "climb"}, "geometry": {"type": "Point", "coordinates": [100.495339, 14.122282, 3455.8]}}, {"type": "Feature", "properties": {"flight_key": "TVJ188_VTBD_VTPO_2025-12-23 02:56", "callsign": "TVJ188", "aircraft_type": "B738", "adep": "VTBD", "ades": "VTPO", "epoch_ts": "2025-12-23 03:08:00+00:00", "altitude_ft": 22669.0, "tas_kt": null, "gs_kt": 280.0, "track_deg": 333, "phase": "climb"}, "geometry": {"type": "Point", "coordinates": [100.384986, 14.330191, 6909.5]}}, {"type": "Feature", "properties": {"flight_key": "TVJ188_VTBD_VTPO_2025-12-23 02:56", "callsign": "TVJ188", "aircraft_type": "B738", "adep": "VTBD", "ades": "VTPO", "epoch_ts": "2025-12-23 03:14:00+00:00", "altitude_ft": 34000.0, "tas_kt": null, "gs_kt": 460.0, "track_deg": 333, "phase": "cruise"}, "geometry": {"type": "Point", "coordinates": [100.274633, 14.538101, 10363.2]}}, {"type": "Feature", "properties": {"flight_key": "TVJ188_VTBD_VTPO_2025-12-23 02:56", "callsign": "TVJ188", "aircraft_type": "B738", "adep": "VTBD", "ades": "VTPO", "epoch_ts": "2025-12-23 03:20:00+00:00", "altitude_ft": 34000.0, "tas_kt": null, "gs_kt": 460.0, "track_deg": 342, "phase": "cruise"}, "geometry": {"type": "Point", "coordinates": [100.17959, 14.752565, 10363.2]}}, {"type": "Feature", "properties": {"flight_key": "TVJ188_VTBD_VTPO_2025-12-23 02:56", "callsign": "TVJ188", "aircraft_type": "B738", "adep": "VTBD", "ades": "VTPO", "epoch_ts": "2025-12-23 03:26:00+00:00", "altitude_ft": 34000.0, "tas_kt": null, "gs_kt": 460.0, "track_deg": 342, "phase": "cruise"}, "geometry": {"type": "Point", "coordinates": [100.105313, 14.975919, 10363.2]}}, {"type": "Feature", "properties": {"flight_key": "TVJ188_VTBD_VTPO_2025-12-23 02:56", "callsign": "TVJ188", "aircraft_type": "B738", "adep": "VTBD", "ades": "VTPO", "epoch_ts": "2025-12-23 03:32:00+00:00", "altitude_ft": 34000.0, "tas_kt": null, "gs_kt": 460.0, "track_deg": 342, "phase": "cruise"}, "geometry": {"type": "Point", "coordinates": [100.030579, 15.199121, 10363.2]}}, {"type": "Feature", "properties": {"flight_key": "TVJ188_VTBD_VTPO_2025-12-23 02:56", "callsign": "TVJ188", "aircraft_type": "B738", "adep": "VTBD", "ades": "VTPO", "epoch_ts": "2025-12-23 03:38:00+00:00", "altitude_ft": 34000.0, "tas_kt": null, "gs_kt": 460.0, "track_deg": 342, "phase": "cruise"}, "geometry": {"type": "Point", "coordinates": [99.955756, 15.422293, 10363.2]}}, {"type": "Feature", "properties": {"flight_key": "TVJ188_VTBD_VTPO_2025-12-23 02:56", "callsign": "TVJ188", "aircraft_type": "B738", "adep": "VTBD", "ades": "VTPO", "epoch_ts": "2025-12-23 03:44:00+00:00", "altitude_ft": 34000.0, "tas_kt": null, "gs_kt": 460.0, "track_deg": 342, "phase": "cruise"}, "geometry": {"type": "Point", "coordinates": [99.880934, 15.645465, 10363.2]}}, {"type": "Feature", "properties": {"flight_key": "TVJ188_VTBD_VTPO_2025-12-23 02:56", "callsign": "TVJ188", "aircraft_type": "B738", "adep": "VTBD", "ades": "VTPO", "epoch_ts": "2025-12-23 03:50:00+00:00", "altitude_ft": 34000.0, "tas_kt": null, "gs_kt": 460.0, "track_deg": 342, "phase": "cruise"}, "geometry": {"type": "Point", "coordinates": [99.806111, 15.868637, 10363.2]}}, {"type": "Feature", "properties": {"flight_key": "TVJ188_VTBD_VTPO_2025-12-23 02:56", "callsign": "TVJ188", "aircraft_type": "B738", "adep": "VTBD", "ades": "VTPO", "epoch_ts": "2025-12-23 03:56:00+00:00", "altitude_ft": 34000.0, "tas_kt": null, "gs_kt": 460.0, "track_deg": 342, "phase": "cruise"}, "geometry": {"type": "Point", "coordinates": [99.731289, 16.091809, 10363.2]}}, {"type": "Feature", "properties": {"flight_key": "TVJ188_VTBD_VTPO_2025-12-23 02:56", "callsign": "TVJ188", "aircraft_type": "B738", "adep": "VTBD", "ades": "VTPO", "epoch_ts": "2025-12-23 04:02:00+00:00", "altitude_ft": 34000.0, "tas_kt": null, "gs_kt": 460.0, "track_deg": 342, "phase": "cruise"}, "geometry": {"type": "Point", "coordinates": [99.656467, 16.314981, 10363.2]}}, {"type": "Feature", "properties": {"flight_key": "TVJ188_VTBD_VTPO_2025-12-23 02:56", "callsign": "TVJ188", "aircraft_type": "B738", "adep": "VTBD", "ades": "VTPO", "epoch_ts": "2025-12-23 04:08:00+00:00", "altitude_ft": 34000.0, "tas_kt": null, "gs_kt": 460.0, "track_deg": 11, "phase": "cruise"}, "geometry": {"type": "Point", "coordinates": [99.683785, 16.544324, 10363.2]}}, {"type": "Feature", "properties": {"flight_key": "TVJ188_VTBD_VTPO_2025-12-23 02:56", "callsign": "TVJ188", "aircraft_type": "B738", "adep": "VTBD", "ades": "VTPO", "epoch_ts": "2025-12-23 04:14:00+00:00", "altitude_ft": 22728.0, "tas_kt": null, "gs_kt": 270.0, "track_deg": 11, "phase": "descent"}, "geometry": {"type": "Point", "coordinates": [99.731197, 16.774881, 6927.5]}}, {"type": "Feature", "properties": {"flight_key": "TVJ188_VTBD_VTPO_2025-12-23 02:56", "callsign": "TVJ188", "aircraft_type": "B738", "adep": "VTBD", "ades": "VTPO", "epoch_ts": "2025-12-23 04:20:00+00:00", "altitude_ft": 11456.0, "tas_kt": null, "gs_kt": 270.0, "track_deg": 10, "phase": "descent"}, "geometry": {"type": "Point", "coordinates": [99.775228, 17.0061, 3491.8]}}, {"type": "Feature", "properties": {"flight_key": "TVJ188_VTBD_VTPO_2025-12-23 02:56", "callsign": "TVJ188", "aircraft_type": "B738", "adep": "VTBD", "ades": "VTPO", "epoch_ts": "2025-12-23 04:26:00+00:00", "altitude_ft": 184.0, "tas_kt": null, "gs_kt": 270.0, "track_deg": 0, "phase": "descent"}, "geometry": {"type": "Point", "coordinates": [99.818333, 17.2375, 56.1]}}, {"type": "Feature", "properties": {"feature_type": "route", "flight_key": "PGY189_VTSM_VTBD_2025-12-23 02:58", "route": "ENRAG W32 GOKEX Y96 EMTIX Y99 HOTEL DCT SABAI", "callsign": "PGY189", "aircraft_type": "A320", "adep": "VTSM", "ades": "VTBD", "rfl": 350, "sid": "ENRA1A", "star": "SABA1B", "dep_rwy": "RW17", "arr_rwy": "RW03L", "eobt": "2025-12-23T02:58:00+00:00", "idents": ["VTSM", "ENRAG", "SUPOJ", "GOKEX", "OLSEL", "UPVIL", "EMTIX", "HOTEL", "SABAI", "VTBD"]}, "geometry": {"type": "LineString", "coordinates": [[100.0625, 9.548889], [100.158611, 10.039722], [100.205556, 10.278333], [100.428889, 11.304167], [100.280278, 11.569722], [100.239167, 11.643333], [100.137222, 11.825278], [100.33, 13.001667], [100.327564, 13.122814], [100.605692, 13.914372]]}}, {"type": "Feature", "properties": {"flight_key": "PGY189_VTSM_VTBD_2025-12-23 02:58", "callsign": "PGY189", "aircraft_type": "A320", "adep": "VTSM", "ades": "VTBD", "epoch_ts": "2025-12-23 02:58:00+00:00", "altitude_ft": 43.0, "tas_kt": null, "gs_kt": 280.0, "track_deg": 11, "phase": "climb"}, "geometry": {"type": "Point", "coordinates": [100.0625, 9.548889, 13.1]}}, {"type": "Feature", "properties": {"flight_key": "PGY189_VTSM_VTBD_2025-12-23 02:58", "callsign": "PGY189", "aircraft_type": "A320", "adep": "VTSM", "ades": "VTBD", "epoch_ts": "2025-12-23 03:04:00+00:00", "altitude_ft": 11695.3, "tas_kt": null, "gs_kt": 280.0, "track_deg": 11, "phase": "climb"}, "geometry": {"type": "Point", "coordinates": [100.120695, 9.846087, 3564.7]}}, {"type": "Feature", "properties": {"flight_key": "PGY189_VTSM_VTBD_2025-12-23 02:58", "callsign": "PGY189", "aircraft_type": "A320", "adep": "VTSM", "ades": "VTBD", "epoch_ts": "2025-12-23 03:10:00+00:00", "altitude_ft": 23347.7, "tas_kt": null, "gs_kt": 280.0, "track_deg": 11, "phase": "climb"}, "geometry": {"type": "Point", "coordinates": [100.178983, 10.143267, 7116.4]}}, {"type": "Feature", "properties": {"flight_key": "PGY189_VTSM_VTBD_2025-12-23 02:58", "callsign": "PGY189", "aircraft_type": "A320", "adep": "VTSM", "ades": "VTBD", "epoch_ts": "2025-12-23 03:16:00+00:00", "altitude_ft": 35000.0, "tas_kt": null, "gs_kt": 460.0, "track_deg": 12, "phase": "cruise"}, "geometry": {"type": "Point", "coordinates": [100.240696, 10.43974, 10668.0]}}, {"type": "Feature", "properties": {"flight_key": "PGY189_VTSM_VTBD_2025-12-23 02:58", "callsign": "PGY189", "aircraft_type": "A320", "adep": "VTSM", "ades": "VTBD", "epoch_ts": "2025-12-23 03:22:00+00:00", "altitude_ft": 35000.0, "tas_kt": null, "gs_kt": 460.0, "track_deg": 12, "phase": "cruise"}, "geometry": {"type": "Point", "coordinates": [100.305118, 10.735651, 10668.0]}}, {"type": "Feature", "properties": {"flight_key": "PGY189_VTSM_VTBD_2025-12-23 02:58", "callsign": "PGY189", "aircraft_type": "A320", "adep": "VTSM", "ades": "VTBD", "epoch_ts": "2025-12-23 03:28:00+00:00", "altitude_ft": 35000.0, "tas_kt": null, "gs_kt": 460.0, "track_deg": 12, "phase": "cruise"}, "geometry": {"type": "Point", "coordinates": [100.36954, 11.031561, 10668.0]}}, {"type": "Feature", "properties": {"flight_key": "PGY189_VTSM_VTBD_2025-12-23 02:58", "callsign": "PGY189", "aircraft_type": "A320", "adep": "VTSM", "ades": "VTBD", "epoch_ts": "2025-12-23 03:34:00+00:00", "altitude_ft": 35000.0, "tas_kt": null, "gs_kt": 460.0, "track_deg": 331, "phase": "cruise"}, "geometry": {"type": "Point", "coordinates": [100.417241, 11.324981, 10668.0]}}, {"type": "Feature", "properties": {"flight_key": "PGY189_VTSM_VTBD_2025-12-23 02:58", "callsign": "PGY189", "aircraft_type": "A320", "adep": "VTSM", "ades": "VTBD", "epoch_ts": "2025-12-23 03:40:00+00:00", "altitude_ft": 35000.0, "tas_kt": null, "gs_kt": 460.0, "track_deg": 331, "phase": "cruise"}, "geometry": {"type": "Point", "coordinates": [100.269364, 11.589264, 10668.0]}}, {"type": "Feature", "properties": {"flight_key": "PGY189_VTSM_VTBD_2025-12-23 02:58", "callsign": "PGY189", "aircraft_type": "A320", "adep": "VTSM", "ades": "VTBD", "epoch_ts": "2025-12-23 03:46:00+00:00", "altitude_ft": 35000.0, "tas_kt": null, "gs_kt": 460.0, "track_deg": 9, "phase": "cruise"}, "geometry": {"type": "Point", "coordinates": [100.142454, 11.857206, 10668.0]}}, {"type": "Feature", "properties": {"flight_key": "PGY189_VTSM_VTBD_2025-12-23 02:58", "callsign": "PGY189", "aircraft_type": "A320", "adep": "VTSM", "ades": "VTBD", "epoch_ts": "2025-12-23 03:52:00+00:00", "altitude_ft": 35000.0, "tas_kt": null, "gs_kt": 460.0, "track_deg": 9, "phase": "cruise"}, "geometry": {"type": "Point", "coordinates": [100.191428, 12.156062, 10668.0]}}, {"type": "Feature", "properties": {"flight_key": "PGY189_VTSM_VTBD_2025-12-23 02:58", "callsign": "PGY189", "aircraft_type": "A320", "adep": "VTSM", "ades": "VTBD", "epoch_ts": "2025-12-23 03:58:00+00:00", "altitude_ft": 35000.0, "tas_kt": null, "gs_kt": 460.0, "track_deg": 9, "phase": "cruise"}, "geometry": {"type": "Point", "coordinates": [100.240403, 12.454918, 10668.0]}}, {"type": "Feature", "properties": {"flight_key": "PGY189_VTSM_VTBD_2025-12-23 02:58", "callsign": "PGY189", "aircraft_type": "A320", "adep": "VTSM", "ades": "VTBD", "epoch_ts": "2025-12-23 04:04:00+00:00", "altitude_ft": 35000.0, "tas_kt": null, "gs_kt": 460.0, "track_deg": 9, "phase": "cruise"}, "geometry": {"type": "Point", "coordinates": [100.289377, 12.753774, 10668.0]}}, {"type": "Feature", "properties": {"flight_key": "PGY189_VTSM_VTBD_2025-12-23 02:58", "callsign": "PGY189", "aircraft_type": "A320", "adep": "VTSM", "ades": "VTBD", "epoch_ts": "2025-12-23 04:10:00+00:00", "altitude_ft": 35000.0, "tas_kt": null, "gs_kt": 460.0, "track_deg": 359, "phase": "cruise"}, "geometry": {"type": "Point", "coordinates": [100.328962, 13.0533, 10668.0]}}, {"type": "Feature", "properties": {"flight_key": "PGY189_VTSM_VTBD_2025-12-23 02:58", "callsign": "PGY189", "aircraft_type": "A320", "adep": "VTSM", "ades": "VTBD", "epoch_ts": "2025-12-23 04:16:00+00:00", "altitude_ft": 23335.7, "tas_kt": null, "gs_kt": 270.0, "track_deg": 19, "phase": "descent"}, "geometry": {"type": "Point", "coordinates": [100.404908, 13.342936, 7112.7]}}, {"type": "Feature", "properties": {"flight_key": "PGY189_VTSM_VTBD_2025-12-23 02:58", "callsign": "PGY189", "aircraft_type": "A320", "adep": "VTSM", "ades": "VTBD", "epoch_ts": "2025-12-23 04:22:00+00:00", "altitude_ft": 11671.3, "tas_kt": null, "gs_kt": 270.0, "track_deg": 19, "phase": "descent"}, "geometry": {"type": "Point", "coordinates": [100.5053, 13.628654, 3557.4]}}, {"type": "Feature", "properties": {"flight_key": "PGY189_VTSM_VTBD_2025-12-23 02:58", "callsign": "PGY189", "aircraft_type": "A320", "adep": "VTSM", "ades": "VTBD", "epoch_ts": "2025-12-23 04:28:00+00:00", "altitude_ft": 7.0, "tas_kt": null, "gs_kt": 270.0, "track_deg": 0, "phase": "descent"}, "geometry": {"type": "Point", "coordinates": [100.605692, 13.914372, 2.1]}}, {"type": "Feature", "properties": {"feature_type": "route", "flight_key": "THA190_VTCN_VTST_2025-12-23 03:00", "route": "W29 PSL Y28 BKK Y8 SAPUD W24 TRN", "callsign": "THA190", "aircraft_type": "A321", "adep": "VTCN", "ades": "VTST", "rfl": 360, "sid": "", "star": "", "dep_rwy": "", "arr_rwy": "", "eobt": "2025-12-23T03:00:00+00:00", "idents": ["VTCN", "PSL", "PEBLI", "BLAFF", "BKK", "SAPUD", "TRN", "VTST"]}, "geometry": {"type": "LineString", "coordinates": [[100.783419, 18.807914], [100.291389, 16.770278], [100.293333, 16.268333], [100.2975, 15.275833], [100.596111, 13.893611], [99.134747, 9.129511], [99.626111, 7.508889], [99.615833, 7.508611]]}}, {"type": "Feature", "properties": {"flight_key": "THA190_VTCN_VTST_2025-12-23 03:00", "callsign": "THA190", "aircraft_type": "A321", "adep": "VTCN", "ades": "VTST", "epoch_ts": "2025-12-23 03:00:00+00:00", "altitude_ft": 685.0, "tas_kt": null, "gs_kt": 280.0, "track_deg": 193, "phase": "climb"}, "geometry": {"type": "Point", "coordinates": [100.783419, 18.807914, 208.8]}}, {"type": "Feature", "properties": {"flight_key": "THA190_VTCN_VTST_2025-12-23 03:00", "callsign": "THA190", "aircraft_type": "A321", "adep": "VTCN", "ades": "VTST", "epoch_ts": "2025-12-23 03:06:00+00:00", "altitude_ft": 12456.7, "tas_kt": null, "gs_kt": 280.0, "track_deg": 193, "phase": "climb"}, "geometry": {"type": "Point", "coordinates": [100.600463, 18.050242, 3796.8]}}, {"type": "Feature", "properties": {"flight_key": "THA190_VTCN_VTST_2025-12-23 03:00", "callsign": "THA190", "aircraft_type": "A321", "adep": "VTCN", "ades": "VTST", "epoch_ts": "2025-12-23 03:12:00+00:00", "altitude_ft": 24228.3, "tas_kt": null, "gs_kt": 280.0, "track_deg": 193, "phase": "climb"}, "geometry": {"type": "Point", "coordinates": [100.417508, 17.292571, 7384.8]}}, {"type": "Feature", "properties": {"flight_key": "THA190_VTCN_VTST_2025-12-23 03:00", "callsign": "THA190", "aircraft_type": "A321", "adep": "VTCN", "ades": "VTST", "epoch_ts": "2025-12-23 03:18:00+00:00", "altitude_ft": 36000.0, "tas_kt": null, "gs_kt": 460.0, "track_deg": 180, "phase": "cruise"}, "geometry": {"type": "Point", "coordinates": [100.292327, 16.528136, 10972.8]}}, {"type": "Feature", "properties": {"flight_key": "THA190_VTCN_VTST_2025-12-23 03:00", "callsign": "THA190", "aircraft_type": "A321", "adep": "VTCN", "ades": "VTST", "epoch_ts": "2025-12-23 03:24:00+00:00", "altitude_ft": 36000.0, "tas_kt": null, "gs_kt": 460.0, "track_deg": 180, "phase": "cruise"}, "geometry": {"type": "Point", "coordinates": [100.295515, 15.748695, 10972.8]}}, {"type": "Feature", "properties": {"flight_key": "THA190_VTCN_VTST_2025-12-23 03:00", "callsign": "THA190", "aircraft_type": "A321", "adep": "VTCN", "ades": "VTST", "epoch_ts": "2025-12-23 03:30:00+00:00", "altitude_ft": 36000.0, "tas_kt": null, "gs_kt": 460.0, "track_deg": 168, "phase": "cruise"}, "geometry": {"type": "Point", "coordinates": [100.362239, 14.976164, 10972.8]}}, {"type": "Feature", "properties": {"flight_key": "THA190_VTCN_VTST_2025-12-23 03:00", "callsign": "THA190", "aircraft_type": "A321", "adep": "VTCN", "ades": "VTST", "epoch_ts": "2025-12-23 03:36:00+00:00", "altitude_ft": 36000.0, "tas_kt": null, "gs_kt": 460.0, "track_deg": 168, "phase": "cruise"}, "geometry": {"type": "Point", "coordinates": [100.526832, 14.214293, 10972.8]}}, {"type": "Feature", "properties": {"flight_key": "THA190_VTCN_VTST_2025-12-23 03:00", "callsign": "THA190", "aircraft_type": "A321", "adep": "VTCN", "ades": "VTST", "epoch_ts": "2025-12-23 03:42:00+00:00", "altitude_ft": 36000.0, "tas_kt": null, "gs_kt": 460.0, "track_deg": 197, "phase": "cruise"}, "geometry": {"type": "Point", "coordinates": [100.463744, 13.462088, 10972.8]}}, {"type": "Feature", "properties": {"flight_key": "THA190_VTCN_VTST_2025-12-23 03:00", "callsign": "THA190", "aircraft_type": "A321", "adep": "VTCN", "ades": "VTST", "epoch_ts": "2025-12-23 03:48:00+00:00", "altitude_ft": 36000.0, "tas_kt": null, "gs_kt": 460.0, "track_deg": 197, "phase": "cruise"}, "geometry": {"type": "Point", "coordinates": [100.235164, 12.71691, 10972.8]}}, {"type": "Feature", "properties": {"flight_key": "THA190_VTCN_VTST_2025-12-23 03:00", "callsign": "THA190", "aircraft_type": "A321", "adep": "VTCN", "ades": "VTST", "epoch_ts": "2025-12-23 03:54:00+00:00", "altitude_ft": 36000.0, "tas_kt": null, "gs_kt": 460.0, "track_deg": 197, "phase": "cruise"}, "geometry": {"type": "Point", "coordinates": [100.006584, 11.971732, 10972.8]}}, {"type": "Feature", "properties": {"flight_key": "THA190_VTCN_VTST_2025-12-23 03:00", "callsign": "THA190", "aircraft_type": "A321", "adep": "VTCN", "ades": "VTST", "epoch_ts": "2025-12-23 04:00:00+00:00", "altitude_ft": 36000.0, "tas_kt": null, "gs_kt": 460.0, "track_deg": 197, "phase": "cruise"}, "geometry": {"type": "Point", "coordinates": [99.778005, 11.226554, 10972.8]}}, {"type": "Feature", "properties": {"flight_key": "THA190_VTCN_VTST_2025-12-23 03:00", "callsign": "THA190", "aircraft_type": "A321", "adep": "VTCN", "ades": "VTST", "epoch_ts": "2025-12-23 04:06:00+00:00", "altitude_ft": 36000.0, "tas_kt": null, "gs_kt": 460.0, "track_deg": 197, "phase": "cruise"}, "geometry": {"type": "Point", "coordinates": [99.549425, 10.481376, 10972.8]}}, {"type": "Feature", "properties": {"flight_key": "THA190_VTCN_VTST_2025-12-23 03:00", "callsign": "THA190", "aircraft_type": "A321", "adep": "VTCN", "ades": "VTST", "epoch_ts": "2025-12-23 04:12:00+00:00", "altitude_ft": 36000.0, "tas_kt": null, "gs_kt": 460.0, "track_deg": 197, "phase": "cruise"}, "geometry": {"type": "Point", "coordinates": [99.320845, 9.736198, 10972.8]}}, {"type": "Feature", "properties": {"flight_key": "THA190_VTCN_VTST_2025-12-23 03:00", "callsign": "THA190", "aircraft_type": "A321", "adep": "VTCN", "ades": "VTST", "epoch_ts": "2025-12-23 04:18:00+00:00", "altitude_ft": 24022.3, "tas_kt": null, "gs_kt": 270.0, "track_deg": 163, "phase": "descent"}, "geometry": {"type": "Point", "coordinates": [99.176778, 8.990883, 7322.0]}}, {"type": "Feature", "properties": {"flight_key": "THA190_VTCN_VTST_2025-12-23 03:00", "callsign": "THA190", "aircraft_type": "A321", "adep": "VTCN", "ades": "VTST", "epoch_ts": "2025-12-23 04:24:00+00:00", "altitude_ft": 12044.7, "tas_kt": null, "gs_kt": 270.0, "track_deg": 163, "phase": "descent"}, "geometry": {"type": "Point", "coordinates": [99.402936, 8.244966, 3671.2]}}, {"type": "Feature", "properties": {"flight_key": "THA190_VTCN_VTST_2025-12-23 03:00", "callsign": "THA190", "aircraft_type": "A321", "adep": "VTCN", "ades": "VTST", "epoch_ts": "2025-12-23 04:30:00+00:00", "altitude_ft": 67.0, "tas_kt": null, "gs_kt": 270.0, "track_deg": 0, "phase": "descent"}, "geometry": {"type": "Point", "coordinates": [99.615833, 7.508611, 20.4]}}, {"type": "Feature", "properties": {"feature_type": "route", "flight_key": "AIQ191_VTUK_VTST_2025-12-23 03:02", "route": "Y2 UBLOD Y20 BKK Y8 SAPUD W24 TRN", "callsign": "AIQ191", "aircraft_type": "A333", "adep": "VTUK", "ades": "VTST", "rfl": 320, "sid": "", "star": "", "dep_rwy": "", "arr_rwy": "", "eobt": "2025-12-23T03:02:00+00:00", "idents": ["VTUK", "UBLOD", "MALKI", "BKK", "SAPUD", "TRN", "VTST"]}, "geometry": {"type": "LineString", "coordinates": [[102.783611, 16.466667], [101.436667, 14.620833], [101.198056, 14.519722], [100.596111, 13.893611], [99.134747, 9.129511], [99.626111, 7.508889], [99.615833, 7.508611]]}}, {"type": "Feature", "properties": {"flight_key": "AIQ191_VTUK_VTST_2025-12-23 03:02", "callsign": "AIQ191", "aircraft_type": "A333", "adep": "VTUK", "ades": "VTST", "epoch_ts": "2025-12-23 03:02:00+00:00", "altitude_ft": 681.0, "tas_kt": null, "gs_kt": 280.0, "track_deg": 215, "phase": "climb"}, "geometry": {"type": "Point", "coordinates": [102.783611, 16.466667, 207.6]}}, {"type": "Feature", "properties": {"flight_key": "AIQ191_VTUK_VTST_2025-12-23 03:02", "callsign": "AIQ191", "aircraft_type": "A333", "adep": "VTUK", "ades": "VTST", "epoch_ts": "2025-12-23 03:08:00+00:00", "altitude_ft": 11120.7, "tas_kt": null, "gs_kt": 280.0, "track_deg": 215, "phase": "climb"}, "geometry": {"type": "Point", "coordinates": [102.386718, 15.92277, 3389.6]}}, {"type": "Feature", "properties": {"flight_key": "AIQ191_VTUK_VTST_2025-12-23 03:02", "callsign": "AIQ191", "aircraft_type": "A333", "adep": "VTUK", "ades": "VTST", "epoch_ts": "2025-12-23 03:14:00+00:00", "altitude_ft": 21560.3, "tas_kt": null, "gs_kt": 280.0, "track_deg": 215, "phase": "climb"}, "geometry": {"type": "Point", "coordinates": [101.989825, 15.378873, 6571.6]}}, {"type": "Feature", "properties": {"flight_key": "AIQ191_VTUK_VTST_2025-12-23 03:02", "callsign": "AIQ191", "aircraft_type": "A333", "adep": "VTUK", "ades": "VTST", "epoch_ts": "2025-12-23 03:20:00+00:00", "altitude_ft": 32000.0, "tas_kt": null, "gs_kt": 460.0, "track_deg": 215, "phase": "cruise"}, "geometry": {"type": "Point", "coordinates": [101.592932, 14.834977, 9753.6]}}, {"type": "Feature", "properties": {"flight_key": "AIQ191_VTUK_VTST_2025-12-23 03:02", "callsign": "AIQ191", "aircraft_type": "A333", "adep": "VTUK", "ades": "VTST", "epoch_ts": "2025-12-23 03:26:00+00:00", "altitude_ft": 32000.0, "tas_kt": null, "gs_kt": 460.0, "track_deg": 223, "phase": "cruise"}, "geometry": {"type": "Point", "coordinates": [101.094746, 14.412264, 9753.6]}}, {"type": "Feature", "properties": {"flight_key": "AIQ191_VTUK_VTST_2025-12-23 03:02", "callsign": "AIQ191", "aircraft_type": "A333", "adep": "VTUK", "ades": "VTST", "epoch_ts": "2025-12-23 03:32:00+00:00", "altitude_ft": 32000.0, "tas_kt": null, "gs_kt": 460.0, "track_deg": 223, "phase": "cruise"}, "geometry": {"type": "Point", "coordinates": [100.628102, 13.926886, 9753.6]}}, {"type": "Feature", "properties": {"flight_key": "AIQ191_VTUK_VTST_2025-12-23 03:02", "callsign": "AIQ191", "aircraft_type": "A333", "adep": "VTUK", "ades": "VTST", "epoch_ts": "2025-12-23 03:38:00+00:00", "altitude_ft": 32000.0, "tas_kt": null, "gs_kt": 460.0, "track_deg": 197, "phase": "cruise"}, "geometry": {"type": "Point", "coordinates": [100.412193, 13.294033, 9753.6]}}, {"type": "Feature", "properties": {"flight_key": "AIQ191_VTUK_VTST_2025-12-23 03:02", "callsign": "AIQ191", "aircraft_type": "A333", "adep": "VTUK", "ades": "VTST", "epoch_ts": "2025-12-23 03:44:00+00:00", "altitude_ft": 32000.0, "tas_kt": null, "gs_kt": 460.0, "track_deg": 197, "phase": "cruise"}, "geometry": {"type": "Point", "coordinates": [100.214739, 12.650325, 9753.6]}}, {"type": "Feature", "properties": {"flight_key": "AIQ191_VTUK_VTST_2025-12-23 03:02", "callsign": "AIQ191", "aircraft_type": "A333", "adep": "VTUK", "ades": "VTST", "epoch_ts": "2025-12-23 03:50:00+00:00", "altitude_ft": 32000.0, "tas_kt": null, "gs_kt": 460.0, "track_deg": 197, "phase": "cruise"}, "geometry": {"type": "Point", "coordinates": [100.017285, 12.006618, 9753.6]}}, {"type": "Feature", "properties": {"flight_key": "AIQ191_VTUK_VTST_2025-12-23 03:02", "callsign": "AIQ191", "aircraft_type": "A333", "adep": "VTUK", "ades": "VTST", "epoch_ts": "2025-12-23 03:56:00+00:00", "altitude_ft": 32000.0, "tas_kt": null, "gs_kt": 460.0, "track_deg": 197, "phase": "cruise"}, "geometry": {"type": "Point", "coordinates": [99.819831, 11.36291, 9753.6]}}, {"type": "Feature", "properties": {"flight_key": "AIQ191_VTUK_VTST_2025-12-23 03:02", "callsign": "AIQ191", "aircraft_type": "A333", "adep": "VTUK", "ades": "VTST", "epoch_ts": "2025-12-23 04:02:00+00:00", "altitude_ft": 32000.0, "tas_kt": null, "gs_kt": 460.0, "track_deg": 197, "phase": "cruise"}, "geometry": {"type": "Point", "coordinates": [99.622377, 10.719202, 9753.6]}}, {"type": "Feature", "properties": {"flight_key": "AIQ191_VTUK_VTST_2025-12-23 03:02", "callsign": "AIQ191", "aircraft_type": "A333", "adep": "VTUK", "ades": "VTST", "epoch_ts": "2025-12-23 04:08:00+00:00", "altitude_ft": 32000.0, "tas_kt": null, "gs_kt": 460.0, "track_deg": 197, "phase": "cruise"}, "geometry": {"type": "Point", "coordinates": [99.424923, 10.075495, 9753.6]}}, {"type": "Feature", "properties": {"flight_key": "AIQ191_VTUK_VTST_2025-12-23 03:02", "callsign": "AIQ191", "aircraft_type": "A333", "adep": "VTUK", "ades": "VTST", "epoch_ts": "2025-12-23 04:14:00+00:00", "altitude_ft": 32000.0, "tas_kt": null, "gs_kt": 460.0, "track_deg": 197, "phase": "cruise"}, "geometry": {"type": "Point", "coordinates": [99.227469, 9.431787, 9753.6]}}, {"type": "Feature", "properties": {"flight_key": "AIQ191_VTUK_VTST_2025-12-23 03:02", "callsign": "AIQ191", "aircraft_type": "A333", "adep": "VTUK", "ades": "VTST", "epoch_ts": "2025-12-23 04:20:00+00:00", "altitude_ft": 21355.7, "tas_kt": null, "gs_kt": 270.0, "track_deg": 163, "phase": "descent"}, "geometry": {"type": "Point", "coordinates": [99.23837, 8.787741, 6509.2]}}, {"type": "Feature", "properties": {"flight_key": "AIQ191_VTUK_VTST_2025-12-23 03:02", "callsign": "AIQ191", "aircraft_type": "A333", "adep": "VTUK", "ades": "VTST", "epoch_ts": "2025-12-23 04:26:00+00:00", "altitude_ft": 10711.3, "tas_kt": null, "gs_kt": 270.0, "track_deg": 163, "phase": "descent"}, "geometry": {"type": "Point", "coordinates": [99.433732, 8.143395, 3264.8]}}, {"type": "Feature", "properties": {"flight_key": "AIQ191_VTUK_VTST_2025-12-23 03:02", "callsign": "AIQ191", "aircraft_type": "A333", "adep": "VTUK", "ades": "VTST", "epoch_ts": "2025-12-23 04:32:00+00:00", "altitude_ft": 67.0, "tas_kt": null, "gs_kt": 270.0, "track_deg": 0, "phase": "descent"}, "geometry": {"type": "Point", "coordinates": [99.615833, 7.508611, 20.4]}}, {"type": "Feature", "properties": {"feature_type": "route", "flight_key": "TGW192_VTUN_VTBD_2025-12-23 03:04", "route": "W5/W6 KKN W6 KRT W1 UBLOD DCT ENDUU", "callsign": "TGW192", "aircraft_type": "A359", "adep": "VTUN", "ades": "VTBD", "rfl": 200, "sid": "", "star": "ENDU1B", "dep_rwy": "", "arr_rwy": "RW03L", "eobt": "2025-12-23T03:04:00+00:00", "idents": ["VTUN", "KKN", "EMRUT", "KRT", "UBLOD", "ENDUU", "VTBD"]}, "geometry": {"type": "LineString", "coordinates": [[102.078611, 14.934444], [102.788056, 16.470833], [102.5925, 16.005556], [102.139722, 14.917222], [101.436667, 14.620833], [101.221319, 14.49705], [100.605692, 13.914372]]}}, {"type": "Feature", "properties": {"flight_key": "TGW192_VTUN_VTBD_2025-12-23 03:04", "callsign": "TGW192", "aircraft_type": "A359", "adep": "VTUN", "ades": "VTBD", "epoch_ts": "2025-12-23 03:04:00+00:00", "altitude_ft": 729.0, "tas_kt": null, "gs_kt": 280.0, "track_deg": 24, "phase": "climb"}, "geometry": {"type": "Point", "coordinates": [102.078611, 14.934444, 222.2]}}, {"type": "Feature", "properties": {"flight_key": "TGW192_VTUN_VTBD_2025-12-23 03:04", "callsign": "TGW192", "aircraft_type": "A359", "adep": "VTUN", "ades": "VTBD", "epoch_ts": "2025-12-23 03:10:00+00:00", "altitude_ft": 7152.7, "tas_kt": null, "gs_kt": 280.0, "track_deg": 24, "phase": "climb"}, "geometry": {"type": "Point", "coordinates": [102.224914, 15.25128, 2180.1]}}, {"type": "Feature", "properties": {"flight_key": "TGW192_VTUN_VTBD_2025-12-23 03:04", "callsign": "TGW192", "aircraft_type": "A359", "adep": "VTUN", "ades": "VTBD", "epoch_ts": "2025-12-23 03:16:00+00:00", "altitude_ft": 13576.3, "tas_kt": null, "gs_kt": 280.0, "track_deg": 24, "phase": "climb"}, "geometry": {"type": "Point", "coordinates": [102.371216, 15.568116, 4138.1]}}, {"type": "Feature", "properties": {"flight_key": "TGW192_VTUN_VTBD_2025-12-23 03:04", "callsign": "TGW192", "aircraft_type": "A359", "adep": "VTUN", "ades": "VTBD", "epoch_ts": "2025-12-23 03:22:00+00:00", "altitude_ft": 20000.0, "tas_kt": null, "gs_kt": 460.0, "track_deg": 24, "phase": "cruise"}, "geometry": {"type": "Point", "coordinates": [102.517519, 15.884953, 6096.0]}}, {"type": "Feature", "properties": {"flight_key": "TGW192_VTUN_VTBD_2025-12-23 03:04", "callsign": "TGW192", "aircraft_type": "A359", "adep": "VTUN", "ades": "VTBD", "epoch_ts": "2025-12-23 03:28:00+00:00", "altitude_ft": 20000.0, "tas_kt": null, "gs_kt": 460.0, "track_deg": 24, "phase": "cruise"}, "geometry": {"type": "Point", "coordinates": [102.663822, 16.201789, 6096.0]}}, {"type": "Feature", "properties": {"flight_key": "TGW192_VTUN_VTBD_2025-12-23 03:04", "callsign": "TGW192", "aircraft_type": "A359", "adep": "VTUN", "ades": "VTBD", "epoch_ts": "2025-12-23 03:34:00+00:00", "altitude_ft": 20000.0, "tas_kt": null, "gs_kt": 460.0, "track_deg": 202, "phase": "cruise"}, "geometry": {"type": "Point", "coordinates": [102.767659, 16.422304, 6096.0]}}, {"type": "Feature", "properties": {"flight_key": "TGW192_VTUN_VTBD_2025-12-23 03:04", "callsign": "TGW192", "aircraft_type": "A359", "adep": "VTUN", "ades": "VTBD", "epoch_ts": "2025-12-23 03:40:00+00:00", "altitude_ft": 20000.0, "tas_kt": null, "gs_kt": 460.0, "track_deg": 202, "phase": "cruise"}, "geometry": {"type": "Point", "coordinates": [102.632439, 16.100582, 6096.0]}}, {"type": "Feature", "properties": {"flight_key": "TGW192_VTUN_VTBD_2025-12-23 03:04", "callsign": "TGW192", "aircraft_type": "A359", "adep": "VTUN", "ades": "VTBD", "epoch_ts": "2025-12-23 03:46:00+00:00", "altitude_ft": 20000.0, "tas_kt": null, "gs_kt": 460.0, "track_deg": 202, "phase": "cruise"}, "geometry": {"type": "Point", "coordinates": [102.498044, 15.778514, 6096.0]}}, {"type": "Feature", "properties": {"flight_key": "TGW192_VTUN_VTBD_2025-12-23 03:04", "callsign": "TGW192", "aircraft_type": "A359", "adep": "VTUN", "ades": "VTBD", "epoch_ts": "2025-12-23 03:52:00+00:00", "altitude_ft": 20000.0, "tas_kt": null, "gs_kt": 460.0, "track_deg": 202, "phase": "cruise"}, "geometry": {"type": "Point", "coordinates": [102.363995, 15.456302, 6096.0]}}, {"type": "Feature", "properties": {"flight_key": "TGW192_VTUN_VTBD_2025-12-23 03:04", "callsign": "TGW192", "aircraft_type": "A359", "adep": "VTUN", "ades": "VTBD", "epoch_ts": "2025-12-23 03:58:00+00:00", "altitude_ft": 20000.0, "tas_kt": null, "gs_kt": 460.0, "track_deg": 202, "phase": "cruise"}, "geometry": {"type": "Point", "coordinates": [102.229946, 15.134091, 6096.0]}}, {"type": "Feature", "properties": {"flight_key": "TGW192_VTUN_VTBD_2025-12-23 03:04", "callsign": "TGW192", "aircraft_type": "A359", "adep": "VTUN", "ades": "VTBD", "epoch_ts": "2025-12-23 04:04:00+00:00", "altitude_ft": 20000.0, "tas_kt": null, "gs_kt": 460.0, "track_deg": 246, "phase": "cruise"}, "geometry": {"type": "Point", "coordinates": [102.034587, 14.8729, 6096.0]}}, {"type": "Feature", "properties": {"flight_key": "TGW192_VTUN_VTBD_2025-12-23 03:04", "callsign": "TGW192", "aircraft_type": "A359", "adep": "VTUN", "ades": "VTBD", "epoch_ts": "2025-12-23 04:10:00+00:00", "altitude_ft": 20000.0, "tas_kt": null, "gs_kt": 460.0, "track_deg": 246, "phase": "cruise"}, "geometry": {"type": "Point", "coordinates": [101.713011, 14.737332, 6096.0]}}, {"type": "Feature", "properties": {"flight_key": "TGW192_VTUN_VTBD_2025-12-23 03:04", "callsign": "TGW192", "aircraft_type": "A359", "adep": "VTUN", "ades": "VTBD", "epoch_ts": "2025-12-23 04:16:00+00:00", "altitude_ft": 20000.0, "tas_kt": null, "gs_kt": 460.0, "track_deg": 239, "phase": "cruise"}, "geometry": {"type": "Point", "coordinates": [101.394109, 14.596371, 6096.0]}}, {"type": "Feature", "properties": {"flight_key": "TGW192_VTUN_VTBD_2025-12-23 03:04", "callsign": "TGW192", "aircraft_type": "A359", "adep": "VTUN", "ades": "VTBD", "epoch_ts": "2025-12-23 04:22:00+00:00", "altitude_ft": 13335.7, "tas_kt": null, "gs_kt": 270.0, "track_deg": 226, "phase": "descent"}, "geometry": {"type": "Point", "coordinates": [101.112608, 14.394158, 4064.7]}}, {"type": "Feature", "properties": {"flight_key": "TGW192_VTUN_VTBD_2025-12-23 03:04", "callsign": "TGW192", "aircraft_type": "A359", "adep": "VTUN", "ades": "VTBD", "epoch_ts": "2025-12-23 04:28:00+00:00", "altitude_ft": 6671.3, "tas_kt": null, "gs_kt": 270.0, "track_deg": 226, "phase": "descent"}, "geometry": {"type": "Point", "coordinates": [100.85915, 14.154265, 2033.4]}}, {"type": "Feature", "properties": {"flight_key": "TGW192_VTUN_VTBD_2025-12-23 03:04", "callsign": "TGW192", "aircraft_type": "A359", "adep": "VTUN", "ades": "VTBD", "epoch_ts": "2025-12-23 04:34:00+00:00", "altitude_ft": 7.0, "tas_kt": null, "gs_kt": 270.0, "track_deg": 0, "phase": "descent"}, "geometry": {"type": "Point", "coordinates": [100.605692, 13.914372, 2.1]}}, {"type": "Feature", "properties": {"feature_type": "route", "flight_key": "BKP193_VTST_VTBS_2025-12-23 03:06", "route": "TRN W24 BITEN Y99 NONEL Y98 LEBIM", "callsign": "BKP193", "aircraft_type": "B77W", "adep": "VTST", "ades": "VTBS", "rfl": 370, "sid": "", "star": "LEBI1C", "dep_rwy": "", "arr_rwy": "RW19", "eobt": "2025-12-23T03:06:00+00:00", "idents": ["VTST", "TRN", "BITEN", "EMVEL", "AKVUG", "VEGNA", "NIXET", "NONEL", "OLSEL", "SURMA", "LEBIM", "VTBS"]}, "geometry": {"type": "LineString", "coordinates": [[99.615833, 7.508611], [99.626111, 7.508889], [99.341389, 8.449722], [99.356111, 8.743889], [99.371944, 9.063611], [99.380833, 9.240833], [99.436944, 9.421389], [99.893611, 10.883611], [100.280278, 11.569722], [100.4425, 11.856111], [100.473611, 13.0875], [100.748889, 13.685833]]}}, {"type": "Feature", "properties": {"flight_key": "BKP193_VTST_VTBS_2025-12-23 03:06", "callsign": "BKP193", "aircraft_type": "B77W", "adep": "VTST", "ades": "VTBS", "epoch_ts": "2025-12-23 03:06:00+00:00", "altitude_ft": 67.0, "tas_kt": null, "gs_kt": 280.0, "track_deg": 88, "phase": "climb"}, "geometry": {"type": "Point", "coordinates": [99.615833, 7.508611, 20.4]}}, {"type": "Feature", "properties": {"flight_key": "BKP193_VTST_VTBS_2025-12-23 03:06", "callsign": "BKP193", "aircraft_type": "B77W", "adep": "VTST", "ades": "VTBS", "epoch_ts": "2025-12-23 03:12:00+00:00", "altitude_ft": 12378.0, "tas_kt": null, "gs_kt": 280.0, "track_deg": 343, "phase": "climb"}, "geometry": {"type": "Point", "coordinates": [99.503313, 7.91466, 3772.8]}}, {"type": "Feature", "properties": {"flight_key": "BKP193_VTST_VTBS_2025-12-23 03:06", "callsign": "BKP193", "aircraft_type": "B77W", "adep": "VTST", "ades": "VTBS", "epoch_ts": "2025-12-23 03:18:00+00:00", "altitude_ft": 24689.0, "tas_kt": null, "gs_kt": 280.0, "track_deg": 343, "phase": "climb"}, "geometry": {"type": "Point", "coordinates": [99.377538, 8.330273, 7525.2]}}, {"type": "Feature", "properties": {"flight_key": "BKP193_VTST_VTBS_2025-12-23 03:06", "callsign": "BKP193", "aircraft_type": "B77W", "adep": "VTST", "ades": "VTBS", "epoch_ts": "2025-12-23 03:24:00+00:00", "altitude_ft": 37000.0, "tas_kt": null, "gs_kt": 460.0, "track_deg": 3, "phase": "cruise"}, "geometry": {"type": "Point", "coordinates": [99.356848, 8.758763, 11277.6]}}, {"type": "Feature", "properties": {"flight_key": "BKP193_VTST_VTBS_2025-12-23 03:06", "callsign": "BKP193", "aircraft_type": "B77W", "adep": "VTST", "ades": "VTBS", "epoch_ts": "2025-12-23 03:30:00+00:00", "altitude_ft": 37000.0, "tas_kt": null, "gs_kt": 460.0, "track_deg": 3, "phase": "cruise"}, "geometry": {"type": "Point", "coordinates": [99.378406, 9.192455, 11277.6]}}, {"type": "Feature", "properties": {"flight_key": "BKP193_VTST_VTBS_2025-12-23 03:06", "callsign": "BKP193", "aircraft_type": "B77W", "adep": "VTST", "ades": "VTBS", "epoch_ts": "2025-12-23 03:36:00+00:00", "altitude_ft": 37000.0, "tas_kt": null, "gs_kt": 460.0, "track_deg": 17, "phase": "cruise"}, "geometry": {"type": "Point", "coordinates": [99.495586, 9.609159, 11277.6]}}, {"type": "Feature", "properties": {"flight_key": "BKP193_VTST_VTBS_2025-12-23 03:06", "callsign": "BKP193", "aircraft_type": "B77W", "adep": "VTST", "ades": "VTBS", "epoch_ts": "2025-12-23 03:42:00+00:00", "altitude_ft": 37000.0, "tas_kt": null, "gs_kt": 460.0, "track_deg": 17, "phase": "cruise"}, "geometry": {"type": "Point", "coordinates": [99.625034, 10.023642, 11277.6]}}, {"type": "Feature", "properties": {"flight_key": "BKP193_VTST_VTBS_2025-12-23 03:06", "callsign": "BKP193", "aircraft_type": "B77W", "adep": "VTST", "ades": "VTBS", "epoch_ts": "2025-12-23 03:48:00+00:00", "altitude_ft": 37000.0, "tas_kt": null, "gs_kt": 460.0, "track_deg": 17, "phase": "cruise"}, "geometry": {"type": "Point", "coordinates": [99.754481, 10.438125, 11277.6]}}, {"type": "Feature", "properties": {"flight_key": "BKP193_VTST_VTBS_2025-12-23 03:06", "callsign": "BKP193", "aircraft_type": "B77W", "adep": "VTST", "ades": "VTBS", "epoch_ts": "2025-12-23 03:54:00+00:00", "altitude_ft": 37000.0, "tas_kt": null, "gs_kt": 460.0, "track_deg": 17, "phase": "cruise"}, "geometry": {"type": "Point", "coordinates": [99.883929, 10.852609, 11277.6]}}, {"type": "Feature", "properties": {"flight_key": "BKP193_VTST_VTBS_2025-12-23 03:06", "callsign": "BKP193", "aircraft_type": "B77W", "adep": "VTST", "ades": "VTBS", "epoch_ts": "2025-12-23 04:00:00+00:00", "altitude_ft": 37000.0, "tas_kt": null, "gs_kt": 460.0, "track_deg": 29, "phase": "cruise"}, "geometry": {"type": "Point", "coordinates": [100.090855, 11.233606, 11277.6]}}, {"type": "Feature", "properties": {"flight_key": "BKP193_VTST_VTBS_2025-12-23 03:06", "callsign": "BKP193", "aircraft_type": "B77W", "adep": "VTST", "ades": "VTBS", "epoch_ts": "2025-12-23 04:06:00+00:00", "altitude_ft": 37000.0, "tas_kt": null, "gs_kt": 460.0, "track_deg": 29, "phase": "cruise"}, "geometry": {"type": "Point", "coordinates": [100.304137, 11.611843, 11277.6]}}, {"type": "Feature", "properties": {"flight_key": "BKP193_VTST_VTBS_2025-12-23 03:06", "callsign": "BKP193", "aircraft_type": "B77W", "adep": "VTST", "ades": "VTBS", "epoch_ts": "2025-12-23 04:12:00+00:00", "altitude_ft": 37000.0, "tas_kt": null, "gs_kt": 460.0, "track_deg": 1, "phase": "cruise"}, "geometry": {"type": "Point", "coordinates": [100.446377, 12.009556, 11277.6]}}, {"type": "Feature", "properties": {"flight_key": "BKP193_VTST_VTBS_2025-12-23 03:06", "callsign": "BKP193", "aircraft_type": "B77W", "adep": "VTST", "ades": "VTBS", "epoch_ts": "2025-12-23 04:18:00+00:00", "altitude_ft": 37000.0, "tas_kt": null, "gs_kt": 460.0, "track_deg": 1, "phase": "cruise"}, "geometry": {"type": "Point", "coordinates": [100.457344, 12.443645, 11277.6]}}, {"type": "Feature", "properties": {"flight_key": "BKP193_VTST_VTBS_2025-12-23 03:06", "callsign": "BKP193", "aircraft_type": "B77W", "adep": "VTST", "ades": "VTBS", "epoch_ts": "2025-12-23 04:24:00+00:00", "altitude_ft": 24667.9, "tas_kt": null, "gs_kt": 270.0, "track_deg": 1, "phase": "descent"}, "geometry": {"type": "Point", "coordinates": [100.468311, 12.877733, 7518.8]}}, {"type": "Feature", "properties": {"flight_key": "BKP193_VTST_VTBS_2025-12-23 03:06", "callsign": "BKP193", "aircraft_type": "B77W", "adep": "VTST", "ades": "VTBS", "epoch_ts": "2025-12-23 04:30:00+00:00", "altitude_ft": 12335.8, "tas_kt": null, "gs_kt": 270.0, "track_deg": 24, "phase": "descent"}, "geometry": {"type": "Point", "coordinates": [100.567399, 13.291353, 3760.0]}}, {"type": "Feature", "properties": {"flight_key": "BKP193_VTST_VTBS_2025-12-23 03:06", "callsign": "BKP193", "aircraft_type": "B77W", "adep": "VTST", "ades": "VTBS", "epoch_ts": "2025-12-23 04:36:00+00:00", "altitude_ft": 3.7, "tas_kt": null, "gs_kt": 270.0, "track_deg": 0, "phase": "descent"}, "geometry": {"type": "Point", "coordinates": [100.748889, 13.685833, 1.1]}}, {"type": "Feature", "properties": {"feature_type": "route", "flight_key": "DMK194_VTCP_VTSG_2025-12-23 03:08", "route": "IDKOR W22 PSL W9 BKK G458 SAPUD W32 NULMA", "callsign": "DMK194", "aircraft_type": "B789", "adep": "VTCP", "ades": "VTSG", "rfl": 160, "sid": "IDKO1A", "star": "NULM1E", "dep_rwy": "RW19", "arr_rwy": "RW32", "eobt": "2025-12-23T03:08:00+00:00", "idents": ["VTCP", "IDKOR", "NIROP", "PSL", "PEBLI", "BLAFF", "BKK", "SAPUD", "NULMA", "VTSG"]}, "geometry": {"type": "LineString", "coordinates": [[100.164722, 18.132222], [100.211944, 17.636111], [100.245556, 17.270556], [100.291389, 16.770278], [100.293333, 16.268333], [100.2975, 15.275833], [100.596111, 13.893611], [99.134747, 9.129511], [99.041111, 8.521667], [98.985278, 8.100278]]}}, {"type": "Feature", "properties": {"flight_key": "DMK194_VTCP_VTSG_2025-12-23 03:08", "callsign": "DMK194", "aircraft_type": "B789", "adep": "VTCP", "ades": "VTSG", "epoch_ts": "2025-12-23 03:08:00+00:00", "altitude_ft": 537.0, "tas_kt": null, "gs_kt": 280.0, "track_deg": 175, "phase": "climb"}, "geometry": {"type": "Point", "coordinates": [100.164722, 18.132222, 163.7]}}, {"type": "Feature", "properties": {"flight_key": "DMK194_VTCP_VTSG_2025-12-23 03:08", "callsign": "DMK194", "aircraft_type": "B789", "adep": "VTCP", "ades": "VTSG", "epoch_ts": "2025-12-23 03:14:00+00:00", "altitude_ft": 5691.3, "tas_kt": null, "gs_kt": 280.0, "track_deg": 175, "phase": "climb"}, "geometry": {"type": "Point", "coordinates": [100.229184, 17.448611, 1734.7]}}, {"type": "Feature", "properties": {"flight_key": "DMK194_VTCP_VTSG_2025-12-23 03:08", "callsign": "DMK194", "aircraft_type": "B789", "adep": "VTCP", "ades": "VTSG", "epoch_ts": "2025-12-23 03:20:00+00:00", "altitude_ft": 10845.7, "tas_kt": null, "gs_kt": 280.0, "track_deg": 180, "phase": "climb"}, "geometry": {"type": "Point", "coordinates": [100.29141, 16.764812, 3305.8]}}, {"type": "Feature", "properties": {"flight_key": "DMK194_VTCP_VTSG_2025-12-23 03:08", "callsign": "DMK194", "aircraft_type": "B789", "adep": "VTCP", "ades": "VTSG", "epoch_ts": "2025-12-23 03:26:00+00:00", "altitude_ft": 16000.0, "tas_kt": null, "gs_kt": 460.0, "track_deg": 180, "phase": "cruise"}, "geometry": {"type": "Point", "coordinates": [100.294131, 16.078173, 4876.8]}}, {"type": "Feature", "properties": {"flight_key": "DMK194_VTCP_VTSG_2025-12-23 03:08", "callsign": "DMK194", "aircraft_type": "B789", "adep": "VTCP", "ades": "VTSG", "epoch_ts": "2025-12-23 03:32:00+00:00", "altitude_ft": 16000.0, "tas_kt": null, "gs_kt": 460.0, "track_deg": 180, "phase": "cruise"}, "geometry": {"type": "Point", "coordinates": [100.297014, 15.391534, 4876.8]}}, {"type": "Feature", "properties": {"flight_key": "DMK194_VTCP_VTSG_2025-12-23 03:08", "callsign": "DMK194", "aircraft_type": "B789", "adep": "VTCP", "ades": "VTSG", "epoch_ts": "2025-12-23 03:38:00+00:00", "altitude_ft": 16000.0, "tas_kt": null, "gs_kt": 460.0, "track_deg": 168, "phase": "cruise"}, "geometry": {"type": "Point", "coordinates": [100.418063, 14.717765, 4876.8]}}, {"type": "Feature", "properties": {"flight_key": "DMK194_VTCP_VTSG_2025-12-23 03:08", "callsign": "DMK194", "aircraft_type": "B789", "adep": "VTCP", "ades": "VTSG", "epoch_ts": "2025-12-23 03:44:00+00:00", "altitude_ft": 16000.0, "tas_kt": null, "gs_kt": 460.0, "track_deg": 168, "phase": "cruise"}, "geometry": {"type": "Point", "coordinates": [100.563059, 14.046604, 4876.8]}}, {"type": "Feature", "properties": {"flight_key": "DMK194_VTCP_VTSG_2025-12-23 03:08", "callsign": "DMK194", "aircraft_type": "B789", "adep": "VTCP", "ades": "VTSG", "epoch_ts": "2025-12-23 03:50:00+00:00", "altitude_ft": 16000.0, "tas_kt": null, "gs_kt": 460.0, "track_deg": 197, "phase": "cruise"}, "geometry": {"type": "Point", "coordinates": [100.440648, 13.386796, 4876.8]}}, {"type": "Feature", "properties": {"flight_key": "DMK194_VTCP_VTSG_2025-12-23 03:08", "callsign": "DMK194", "aircraft_type": "B789", "adep": "VTCP", "ades": "VTSG", "epoch_ts": "2025-12-23 03:56:00+00:00", "altitude_ft": 16000.0, "tas_kt": null, "gs_kt": 460.0, "track_deg": 197, "phase": "cruise"}, "geometry": {"type": "Point", "coordinates": [100.239284, 12.730341, 4876.8]}}, {"type": "Feature", "properties": {"flight_key": "DMK194_VTCP_VTSG_2025-12-23 03:08", "callsign": "DMK194", "aircraft_type": "B789", "adep": "VTCP", "ades": "VTSG", "epoch_ts": "2025-12-23 04:02:00+00:00", "altitude_ft": 16000.0, "tas_kt": null, "gs_kt": 460.0, "track_deg": 197, "phase": "cruise"}, "geometry": {"type": "Point", "coordinates": [100.037919, 12.073886, 4876.8]}}, {"type": "Feature", "properties": {"flight_key": "DMK194_VTCP_VTSG_2025-12-23 03:08", "callsign": "DMK194", "aircraft_type": "B789", "adep": "VTCP", "ades": "VTSG", "epoch_ts": "2025-12-23 04:08:00+00:00", "altitude_ft": 16000.0, "tas_kt": null, "gs_kt": 460.0, "track_deg": 197, "phase": "cruise"}, "geometry": {"type": "Point", "coordinates": [99.836555, 11.417431, 4876.8]}}, {"type": "Feature", "properties": {"flight_key": "DMK194_VTCP_VTSG_2025-12-23 03:08", "callsign": "DMK194", "aircraft_type": "B789", "adep": "VTCP", "ades": "VTSG", "epoch_ts": "2025-12-23 04:14:00+00:00", "altitude_ft": 16000.0, "tas_kt": null, "gs_kt": 460.0, "track_deg": 197, "phase": "cruise"}, "geometry": {"type": "Point", "coordinates": [99.635191, 10.760975, 4876.8]}}, {"type": "Feature", "properties": {"flight_key": "DMK194_VTCP_VTSG_2025-12-23 03:08", "callsign": "DMK194", "aircraft_type": "B789", "adep": "VTCP", "ades": "VTSG", "epoch_ts": "2025-12-23 04:20:00+00:00", "altitude_ft": 16000.0, "tas_kt": null, "gs_kt": 460.0, "track_deg": 197, "phase": "cruise"}, "geometry": {"type": "Point", "coordinates": [99.433826, 10.10452, 4876.8]}}, {"type": "Feature", "properties": {"flight_key": "DMK194_VTCP_VTSG_2025-12-23 03:08", "callsign": "DMK194", "aircraft_type": "B789", "adep": "VTCP", "ades": "VTSG", "epoch_ts": "2025-12-23 04:26:00+00:00", "altitude_ft": 10697.7, "tas_kt": null, "gs_kt": 270.0, "track_deg": 197, "phase": "descent"}, "geometry": {"type": "Point", "coordinates": [99.232462, 9.448065, 3260.6]}}, {"type": "Feature", "properties": {"flight_key": "DMK194_VTCP_VTSG_2025-12-23 03:08", "callsign": "DMK194", "aircraft_type": "B789", "adep": "VTCP", "ades": "VTSG", "epoch_ts": "2025-12-23 04:32:00+00:00", "altitude_ft": 5395.3, "tas_kt": null, "gs_kt": 270.0, "track_deg": 189, "phase": "descent"}, "geometry": {"type": "Point", "coordinates": [99.080936, 8.780191, 1644.5]}}, {"type": "Feature", "properties": {"flight_key": "DMK194_VTCP_VTSG_2025-12-23 03:08", "callsign": "DMK194", "aircraft_type": "B789", "adep": "VTCP", "ades": "VTSG", "epoch_ts": "2025-12-23 04:38:00+00:00", "altitude_ft": 93.0, "tas_kt": null, "gs_kt": 270.0, "track_deg": 0, "phase": "descent"}, "geometry": {"type": "Point", "coordinates": [98.985278, 8.100278, 28.3]}}, {"type": "Feature", "properties": {"feature_type": "route", "flight_key": "SEH195_VTSF_VTBD_2025-12-23 03:10", "route": "NKS W94 GUPMO A464 GUTSO DCT SABAI", "callsign": "SEH195", "aircraft_type": "B763", "adep": "VTSF", "ades": "VTBD", "rfl": 230, "sid": "", "star": "SABA1B", "dep_rwy": "", "arr_rwy": "RW03L", "eobt": "2025-12-23T03:10:00+00:00", "idents": ["VTSF", "NKS", "GUPMO", "APOBI", "UPNEP", "TUSPU", "DIRAX", "REGOS", "GUTSO", "SABAI", "VTBD"]}, "geometry": {"type": "LineString", "coordinates": [[99.944725, 8.539617], [99.946944, 8.541667], [100.463889, 8.836667], [100.470556, 9.029722], [100.493333, 9.703611], [100.518889, 10.33], [100.546667, 11.001944], [100.581667, 12.001944], [100.581667, 12.805556], [100.327564, 13.122814], [100.605692, 13.914372]]}}, {"type": "Feature", "properties": {"flight_key": "SEH195_VTSF_VTBD_2025-12-23 03:10", "callsign": "SEH195", "aircraft_type": "B763", "adep": "VTSF", "ades": "VTBD", "epoch_ts": "2025-12-23 03:10:00+00:00", "altitude_ft": 13.0, "tas_kt": null, "gs_kt": 280.0, "track_deg": 47, "phase": "climb"}, "geometry": {"type": "Point", "coordinates": [99.944725, 8.539617, 4.0]}}, {"type": "Feature", "properties": {"flight_key": "SEH195_VTSF_VTBD_2025-12-23 03:10", "callsign": "SEH195", "aircraft_type": "B763", "adep": "VTSF", "ades": "VTBD", "epoch_ts": "2025-12-23 03:16:00+00:00", "altitude_ft": 7675.3, "tas_kt": null, "gs_kt": 280.0, "track_deg": 60, "phase": "climb"}, "geometry": {"type": "Point", "coordinates": [100.281008, 8.732304, 2339.4]}}, {"type": "Feature", "properties": {"flight_key": "SEH195_VTSF_VTBD_2025-12-23 03:10", "callsign": "SEH195", "aircraft_type": "B763", "adep": "VTSF", "ades": "VTBD", "epoch_ts": "2025-12-23 03:22:00+00:00", "altitude_ft": 15337.7, "tas_kt": null, "gs_kt": 280.0, "track_deg": 2, "phase": "climb"}, "geometry": {"type": "Point", "coordinates": [100.470001, 9.01365, 4674.9]}}, {"type": "Feature", "properties": {"flight_key": "SEH195_VTSF_VTBD_2025-12-23 03:10", "callsign": "SEH195", "aircraft_type": "B763", "adep": "VTSF", "ades": "VTBD", "epoch_ts": "2025-12-23 03:28:00+00:00", "altitude_ft": 23000.0, "tas_kt": null, "gs_kt": 460.0, "track_deg": 2, "phase": "cruise"}, "geometry": {"type": "Point", "coordinates": [100.483108, 9.401081, 7010.4]}}, {"type": "Feature", "properties": {"flight_key": "SEH195_VTSF_VTBD_2025-12-23 03:10", "callsign": "SEH195", "aircraft_type": "B763", "adep": "VTSF", "ades": "VTBD", "epoch_ts": "2025-12-23 03:34:00+00:00", "altitude_ft": 23000.0, "tas_kt": null, "gs_kt": 460.0, "track_deg": 2, "phase": "cruise"}, "geometry": {"type": "Point", "coordinates": [100.496796, 9.78849, 7010.4]}}, {"type": "Feature", "properties": {"flight_key": "SEH195_VTSF_VTBD_2025-12-23 03:10", "callsign": "SEH195", "aircraft_type": "B763", "adep": "VTSF", "ades": "VTBD", "epoch_ts": "2025-12-23 03:40:00+00:00", "altitude_ft": 23000.0, "tas_kt": null, "gs_kt": 460.0, "track_deg": 2, "phase": "cruise"}, "geometry": {"type": "Point", "coordinates": [100.512599, 10.17582, 7010.4]}}, {"type": "Feature", "properties": {"flight_key": "SEH195_VTSF_VTBD_2025-12-23 03:10", "callsign": "SEH195", "aircraft_type": "B763", "adep": "VTSF", "ades": "VTBD", "epoch_ts": "2025-12-23 03:46:00+00:00", "altitude_ft": 23000.0, "tas_kt": null, "gs_kt": 460.0, "track_deg": 2, "phase": "cruise"}, "geometry": {"type": "Point", "coordinates": [100.528527, 10.563145, 7010.4]}}, {"type": "Feature", "properties": {"flight_key": "SEH195_VTSF_VTBD_2025-12-23 03:10", "callsign": "SEH195", "aircraft_type": "B763", "adep": "VTSF", "ades": "VTBD", "epoch_ts": "2025-12-23 03:52:00+00:00", "altitude_ft": 23000.0, "tas_kt": null, "gs_kt": 460.0, "track_deg": 2, "phase": "cruise"}, "geometry": {"type": "Point", "coordinates": [100.544539, 10.950466, 7010.4]}}, {"type": "Feature", "properties": {"flight_key": "SEH195_VTSF_VTBD_2025-12-23 03:10", "callsign": "SEH195", "aircraft_type": "B763", "adep": "VTSF", "ades": "VTBD", "epoch_ts": "2025-12-23 03:58:00+00:00", "altitude_ft": 23000.0, "tas_kt": null, "gs_kt": 460.0, "track_deg": 2, "phase": "cruise"}, "geometry": {"type": "Point", "coordinates": [100.558424, 11.337869, 7010.4]}}, {"type": "Feature", "properties": {"flight_key": "SEH195_VTSF_VTBD_2025-12-23 03:10", "callsign": "SEH195", "aircraft_type": "B763", "adep": "VTSF", "ades": "VTBD", "epoch_ts": "2025-12-23 04:04:00+00:00", "altitude_ft": 23000.0, "tas_kt": null, "gs_kt": 460.0, "track_deg": 2, "phase": "cruise"}, "geometry": {"type": "Point", "coordinates": [100.571984, 11.725284, 7010.4]}}, {"type": "Feature", "properties": {"flight_key": "SEH195_VTSF_VTBD_2025-12-23 03:10", "callsign": "SEH195", "aircraft_type": "B763", "adep": "VTSF", "ades": "VTBD", "epoch_ts": "2025-12-23 04:10:00+00:00", "altitude_ft": 23000.0, "tas_kt": null, "gs_kt": 460.0, "track_deg": 0, "phase": "cruise"}, "geometry": {"type": "Point", "coordinates": [100.581667, 12.112767, 7010.4]}}, {"type": "Feature", "properties": {"flight_key": "SEH195_VTSF_VTBD_2025-12-23 03:10", "callsign": "SEH195", "aircraft_type": "B763", "adep": "VTSF", "ades": "VTBD", "epoch_ts": "2025-12-23 04:16:00+00:00", "altitude_ft": 23000.0, "tas_kt": null, "gs_kt": 460.0, "track_deg": 0, "phase": "cruise"}, "geometry": {"type": "Point", "coordinates": [100.581667, 12.500419, 7010.4]}}, {"type": "Feature", "properties": {"flight_key": "SEH195_VTSF_VTBD_2025-12-23 03:10", "callsign": "SEH195", "aircraft_type": "B763", "adep": "VTSF", "ades": "VTBD", "epoch_ts": "2025-12-23 04:22:00+00:00", "altitude_ft": 23000.0, "tas_kt": null, "gs_kt": 460.0, "track_deg": 322, "phase": "cruise"}, "geometry": {"type": "Point", "coordinates": [100.530083, 12.869961, 7010.4]}}, {"type": "Feature", "properties": {"flight_key": "SEH195_VTSF_VTBD_2025-12-23 03:10", "callsign": "SEH195", "aircraft_type": "B763", "adep": "VTSF", "ades": "VTBD", "epoch_ts": "2025-12-23 04:28:00+00:00", "altitude_ft": 15335.7, "tas_kt": null, "gs_kt": 270.0, "track_deg": 19, "phase": "descent"}, "geometry": {"type": "Point", "coordinates": [100.348679, 13.182907, 4674.3]}}, {"type": "Feature", "properties": {"flight_key": "SEH195_VTSF_VTBD_2025-12-23 03:10", "callsign": "SEH195", "aircraft_type": "B763", "adep": "VTSF", "ades": "VTBD", "epoch_ts": "2025-12-23 04:34:00+00:00", "altitude_ft": 7671.3, "tas_kt": null, "gs_kt": 270.0, "track_deg": 19, "phase": "descent"}, "geometry": {"type": "Point", "coordinates": [100.477185, 13.548639, 2338.2]}}, {"type": "Feature", "properties": {"flight_key": "SEH195_VTSF_VTBD_2025-12-23 03:10", "callsign": "SEH195", "aircraft_type": "B763", "adep": "VTSF", "ades": "VTBD", "epoch_ts": "2025-12-23 04:40:00+00:00", "altitude_ft": 7.0, "tas_kt": null, "gs_kt": 270.0, "track_deg": 0, "phase": "descent"}, "geometry": {"type": "Point", "coordinates": [100.605692, 13.914372, 2.1]}}, {"type": "Feature", "properties": {"feature_type": "route", "flight_key": "NOK196_VTSS_VTBS_2025-12-23 03:12", "route": "PIMER A464 GUTSO DCT LEBIM", "callsign": "NOK196", "aircraft_type": "B738", "adep": "VTSS", "ades": "VTBS", "rfl": 210, "sid": "PIME1C", "star": "LEBI1C", "dep_rwy": "RW26", "arr_rwy": "RW19", "eobt": "2025-12-23T03:12:00+00:00", "idents": ["VTSS", "PIMER", "RELIP", "GUPMO", "APOBI", "UPNEP", "TUSPU", "DIRAX", "REGOS", "GUTSO", "LEBIM", "VTBS"]}, "geometry": {"type": "LineString", "coordinates": [[100.395, 6.932778], [100.413611, 7.5125], [100.438611, 8.075556], [100.463889, 8.836667], [100.470556, 9.029722], [100.493333, 9.703611], [100.518889, 10.33], [100.546667, 11.001944], [100.581667, 12.001944], [100.581667, 12.805556], [100.473611, 13.0875], [100.748889, 13.685833]]}}, {"type": "Feature", "properties": {"flight_key": "NOK196_VTSS_VTBS_2025-12-23 03:12", "callsign": "NOK196", "aircraft_type": "B738", "adep": "VTSS", "ades": "VTBS", "epoch_ts": "2025-12-23 03:12:00+00:00", "altitude_ft": 58.0, "tas_kt": null, "gs_kt": 280.0, "track_deg": 2, "phase": "climb"}, "geometry": {"type": "Point", "coordinates": [100.395, 6.932778, 17.7]}}, {"type": "Feature", "properties": {"flight_key": "NOK196_VTSS_VTBS_2025-12-23 03:12", "callsign": "NOK196", "aircraft_type": "B738", "adep": "VTSS", "ades": "VTBS", "epoch_ts": "2025-12-23 03:18:00+00:00", "altitude_ft": 7038.7, "tas_kt": null, "gs_kt": 280.0, "track_deg": 2, "phase": "climb"}, "geometry": {"type": "Point", "coordinates": [100.409625, 7.388331, 2145.4]}}, {"type": "Feature", "properties": {"flight_key": "NOK196_VTSS_VTBS_2025-12-23 03:12", "callsign": "NOK196", "aircraft_type": "B738", "adep": "VTSS", "ades": "VTBS", "epoch_ts": "2025-12-23 03:24:00+00:00", "altitude_ft": 14019.3, "tas_kt": null, "gs_kt": 280.0, "track_deg": 3, "phase": "climb"}, "geometry": {"type": "Point", "coordinates": [100.428318, 7.843729, 4273.1]}}, {"type": "Feature", "properties": {"flight_key": "NOK196_VTSS_VTBS_2025-12-23 03:12", "callsign": "NOK196", "aircraft_type": "B738", "adep": "VTSS", "ades": "VTBS", "epoch_ts": "2025-12-23 03:30:00+00:00", "altitude_ft": 21000.0, "tas_kt": null, "gs_kt": 460.0, "track_deg": 2, "phase": "cruise"}, "geometry": {"type": "Point", "coordinates": [100.446038, 8.299165, 6400.8]}}, {"type": "Feature", "properties": {"flight_key": "NOK196_VTSS_VTBS_2025-12-23 03:12", "callsign": "NOK196", "aircraft_type": "B738", "adep": "VTSS", "ades": "VTBS", "epoch_ts": "2025-12-23 03:36:00+00:00", "altitude_ft": 21000.0, "tas_kt": null, "gs_kt": 460.0, "track_deg": 2, "phase": "cruise"}, "geometry": {"type": "Point", "coordinates": [100.461167, 8.754702, 6400.8]}}, {"type": "Feature", "properties": {"flight_key": "NOK196_VTSS_VTBS_2025-12-23 03:12", "callsign": "NOK196", "aircraft_type": "B738", "adep": "VTSS", "ades": "VTBS", "epoch_ts": "2025-12-23 03:42:00+00:00", "altitude_ft": 21000.0, "tas_kt": null, "gs_kt": 460.0, "track_deg": 2, "phase": "cruise"}, "geometry": {"type": "Point", "coordinates": [100.476657, 9.210227, 6400.8]}}, {"type": "Feature", "properties": {"flight_key": "NOK196_VTSS_VTBS_2025-12-23 03:12", "callsign": "NOK196", "aircraft_type": "B738", "adep": "VTSS", "ades": "VTBS", "epoch_ts": "2025-12-23 03:48:00+00:00", "altitude_ft": 21000.0, "tas_kt": null, "gs_kt": 460.0, "track_deg": 2, "phase": "cruise"}, "geometry": {"type": "Point", "coordinates": [100.492053, 9.665755, 6400.8]}}, {"type": "Feature", "properties": {"flight_key": "NOK196_VTSS_VTBS_2025-12-23 03:12", "callsign": "NOK196", "aircraft_type": "B738", "adep": "VTSS", "ades": "VTBS", "epoch_ts": "2025-12-23 03:54:00+00:00", "altitude_ft": 21000.0, "tas_kt": null, "gs_kt": 460.0, "track_deg": 2, "phase": "cruise"}, "geometry": {"type": "Point", "coordinates": [100.510369, 10.121173, 6400.8]}}, {"type": "Feature", "properties": {"flight_key": "NOK196_VTSS_VTBS_2025-12-23 03:12", "callsign": "NOK196", "aircraft_type": "B738", "adep": "VTSS", "ades": "VTBS", "epoch_ts": "2025-12-23 04:00:00+00:00", "altitude_ft": 21000.0, "tas_kt": null, "gs_kt": 460.0, "track_deg": 2, "phase": "cruise"}, "geometry": {"type": "Point", "coordinates": [100.529082, 10.576577, 6400.8]}}, {"type": "Feature", "properties": {"flight_key": "NOK196_VTSS_VTBS_2025-12-23 03:12", "callsign": "NOK196", "aircraft_type": "B738", "adep": "VTSS", "ades": "VTBS", "epoch_ts": "2025-12-23 04:06:00+00:00", "altitude_ft": 21000.0, "tas_kt": null, "gs_kt": 460.0, "track_deg": 2, "phase": "cruise"}, "geometry": {"type": "Point", "coordinates": [100.547718, 11.031983, 6400.8]}}, {"type": "Feature", "properties": {"flight_key": "NOK196_VTSS_VTBS_2025-12-23 03:12", "callsign": "NOK196", "aircraft_type": "B738", "adep": "VTSS", "ades": "VTBS", "epoch_ts": "2025-12-23 04:12:00+00:00", "altitude_ft": 21000.0, "tas_kt": null, "gs_kt": 460.0, "track_deg": 2, "phase": "cruise"}, "geometry": {"type": "Point", "coordinates": [100.563661, 11.487492, 6400.8]}}, {"type": "Feature", "properties": {"flight_key": "NOK196_VTSS_VTBS_2025-12-23 03:12", "callsign": "NOK196", "aircraft_type": "B738", "adep": "VTSS", "ades": "VTBS", "epoch_ts": "2025-12-23 04:18:00+00:00", "altitude_ft": 21000.0, "tas_kt": null, "gs_kt": 460.0, "track_deg": 2, "phase": "cruise"}, "geometry": {"type": "Point", "coordinates": [100.579604, 11.943001, 6400.8]}}, {"type": "Feature", "properties": {"flight_key": "NOK196_VTSS_VTBS_2025-12-23 03:12", "callsign": "NOK196", "aircraft_type": "B738", "adep": "VTSS", "ades": "VTBS", "epoch_ts": "2025-12-23 04:24:00+00:00", "altitude_ft": 21000.0, "tas_kt": null, "gs_kt": 460.0, "track_deg": 0, "phase": "cruise"}, "geometry": {"type": "Point", "coordinates": [100.581667, 12.398753, 6400.8]}}, {"type": "Feature", "properties": {"flight_key": "NOK196_VTSS_VTBS_2025-12-23 03:12", "callsign": "NOK196", "aircraft_type": "B738", "adep": "VTSS", "ades": "VTBS", "epoch_ts": "2025-12-23 04:30:00+00:00", "altitude_ft": 14001.2, "tas_kt": null, "gs_kt": 270.0, "track_deg": 340, "phase": "descent"}, "geometry": {"type": "Point", "coordinates": [100.564137, 12.851297, 4267.6]}}, {"type": "Feature", "properties": {"flight_key": "NOK196_VTSS_VTBS_2025-12-23 03:12", "callsign": "NOK196", "aircraft_type": "B738", "adep": "VTSS", "ades": "VTBS", "epoch_ts": "2025-12-23 04:36:00+00:00", "altitude_ft": 7002.5, "tas_kt": null, "gs_kt": 270.0, "track_deg": 24, "phase": "descent"}, "geometry": {"type": "Point", "coordinates": [100.558387, 13.271766, 2134.4]}}, {"type": "Feature", "properties": {"flight_key": "NOK196_VTSS_VTBS_2025-12-23 03:12", "callsign": "NOK196", "aircraft_type": "B738", "adep": "VTSS", "ades": "VTBS", "epoch_ts": "2025-12-23 04:42:00+00:00", "altitude_ft": 3.7, "tas_kt": null, "gs_kt": 270.0, "track_deg": 0, "phase": "descent"}, "geometry": {"type": "Point", "coordinates": [100.748889, 13.685833, 1.1]}}, {"type": "Feature", "properties": {"feature_type": "route", "flight_key": "THD197_VTPP_VTSP_2025-12-23 03:14", "route": "PEBLI Y28 BKK Y8 SAVSA", "callsign": "THD197", "aircraft_type": "A320", "adep": "VTPP", "ades": "VTSP", "rfl": 360, "sid": "PEBL1A", "star": "SAVS1C", "dep_rwy": "RW14", "arr_rwy": "RW09", "eobt": "2025-12-23T03:14:00+00:00", "idents": ["VTPP", "PEBLI", "BLAFF", "BKK", "MOTNA", "SABIS", "VANKO", "BUXEL", "MENEX", "IKERA", "STN", "LAMUL", "SAVSA", "VTSP"]}, "geometry": {"type": "LineString", "coordinates": [[100.279133, 16.782942], [100.293333, 16.268333], [100.2975, 15.275833], [100.596111, 13.893611], [100.385, 13.186111], [100.190278, 12.999722], [99.760556, 12.586389], [99.761111, 11.728333], [99.761944, 11.141944], [99.258889, 9.529444], [99.134722, 9.129444], [98.868889, 8.805], [98.624722, 8.504444], [98.309167, 8.1125]]}}, {"type": "Feature", "properties": {"flight_key": "THD197_VTPP_VTSP_2025-12-23 03:14", "callsign": "THD197", "aircraft_type": "A320", "adep": "VTPP", "ades": "VTSP", "epoch_ts": "2025-12-23 03:14:00+00:00", "altitude_ft": 148.0, "tas_kt": null, "gs_kt": 280.0, "track_deg": 178, "phase": "climb"}, "geometry": {"type": "Point", "coordinates": [100.279133, 16.782942, 45.1]}}, {"type": "Feature", "properties": {"flight_key": "THD197_VTPP_VTSP_2025-12-23 03:14", "callsign": "THD197", "aircraft_type": "A320", "adep": "VTPP", "ades": "VTSP", "epoch_ts": "2025-12-23 03:20:00+00:00", "altitude_ft": 12098.7, "tas_kt": null, "gs_kt": 280.0, "track_deg": 180, "phase": "climb"}, "geometry": {"type": "Point", "coordinates": [100.293799, 16.157284, 3687.7]}}, {"type": "Feature", "properties": {"flight_key": "THD197_VTPP_VTSP_2025-12-23 03:14", "callsign": "THD197", "aircraft_type": "A320", "adep": "VTPP", "ades": "VTSP", "epoch_ts": "2025-12-23 03:26:00+00:00", "altitude_ft": 24049.3, "tas_kt": null, "gs_kt": 280.0, "track_deg": 180, "phase": "climb"}, "geometry": {"type": "Point", "coordinates": [100.296427, 15.531434, 7330.2]}}, {"type": "Feature", "properties": {"flight_key": "THD197_VTPP_VTSP_2025-12-23 03:14", "callsign": "THD197", "aircraft_type": "A320", "adep": "VTPP", "ades": "VTSP", "epoch_ts": "2025-12-23 03:32:00+00:00", "altitude_ft": 36000.0, "tas_kt": null, "gs_kt": 460.0, "track_deg": 168, "phase": "cruise"}, "geometry": {"type": "Point", "coordinates": [100.375684, 14.91393, 10972.8]}}, {"type": "Feature", "properties": {"flight_key": "THD197_VTPP_VTSP_2025-12-23 03:14", "callsign": "THD197", "aircraft_type": "A320", "adep": "VTPP", "ades": "VTSP", "epoch_ts": "2025-12-23 03:38:00+00:00", "altitude_ft": 36000.0, "tas_kt": null, "gs_kt": 460.0, "track_deg": 168, "phase": "cruise"}, "geometry": {"type": "Point", "coordinates": [100.507843, 14.302188, 10972.8]}}, {"type": "Feature", "properties": {"flight_key": "THD197_VTPP_VTSP_2025-12-23 03:14", "callsign": "THD197", "aircraft_type": "A320", "adep": "VTPP", "ades": "VTSP", "epoch_ts": "2025-12-23 03:44:00+00:00", "altitude_ft": 36000.0, "tas_kt": null, "gs_kt": 460.0, "track_deg": 196, "phase": "cruise"}, "geometry": {"type": "Point", "coordinates": [100.536679, 13.694437, 10972.8]}}, {"type": "Feature", "properties": {"flight_key": "THD197_VTPP_VTSP_2025-12-23 03:14", "callsign": "THD197", "aircraft_type": "A320", "adep": "VTPP", "ades": "VTSP", "epoch_ts": "2025-12-23 03:50:00+00:00", "altitude_ft": 36000.0, "tas_kt": null, "gs_kt": 460.0, "track_deg": 225, "phase": "cruise"}, "geometry": {"type": "Point", "coordinates": [100.316097, 13.120156, 10972.8]}}, {"type": "Feature", "properties": {"flight_key": "THD197_VTPP_VTSP_2025-12-23 03:14", "callsign": "THD197", "aircraft_type": "A320", "adep": "VTPP", "ades": "VTSP", "epoch_ts": "2025-12-23 03:56:00+00:00", "altitude_ft": 36000.0, "tas_kt": null, "gs_kt": 460.0, "track_deg": 225, "phase": "cruise"}, "geometry": {"type": "Point", "coordinates": [99.86474, 12.6866, 10972.8]}}, {"type": "Feature", "properties": {"flight_key": "THD197_VTPP_VTSP_2025-12-23 03:14", "callsign": "THD197", "aircraft_type": "A320", "adep": "VTPP", "ades": "VTSP", "epoch_ts": "2025-12-23 04:02:00+00:00", "altitude_ft": 36000.0, "tas_kt": null, "gs_kt": 460.0, "track_deg": 180, "phase": "cruise"}, "geometry": {"type": "Point", "coordinates": [99.760867, 12.10509, 10972.8]}}, {"type": "Feature", "properties": {"flight_key": "THD197_VTPP_VTSP_2025-12-23 03:14", "callsign": "THD197", "aircraft_type": "A320", "adep": "VTPP", "ades": "VTSP", "epoch_ts": "2025-12-23 04:08:00+00:00", "altitude_ft": 36000.0, "tas_kt": null, "gs_kt": 460.0, "track_deg": 180, "phase": "cruise"}, "geometry": {"type": "Point", "coordinates": [99.761465, 11.479236, 10972.8]}}, {"type": "Feature", "properties": {"flight_key": "THD197_VTPP_VTSP_2025-12-23 03:14", "callsign": "THD197", "aircraft_type": "A320", "adep": "VTPP", "ades": "VTSP", "epoch_ts": "2025-12-23 04:14:00+00:00", "altitude_ft": 36000.0, "tas_kt": null, "gs_kt": 460.0, "track_deg": 197, "phase": "cruise"}, "geometry": {"type": "Point", "coordinates": [99.676005, 10.866475, 10972.8]}}, {"type": "Feature", "properties": {"flight_key": "THD197_VTPP_VTSP_2025-12-23 03:14", "callsign": "THD197", "aircraft_type": "A320", "adep": "VTPP", "ades": "VTSP", "epoch_ts": "2025-12-23 04:20:00+00:00", "altitude_ft": 36000.0, "tas_kt": null, "gs_kt": 460.0, "track_deg": 197, "phase": "cruise"}, "geometry": {"type": "Point", "coordinates": [99.489616, 10.269019, 10972.8]}}, {"type": "Feature", "properties": {"flight_key": "THD197_VTPP_VTSP_2025-12-23 03:14", "callsign": "THD197", "aircraft_type": "A320", "adep": "VTPP", "ades": "VTSP", "epoch_ts": "2025-12-23 04:26:00+00:00", "altitude_ft": 36000.0, "tas_kt": null, "gs_kt": 460.0, "track_deg": 197, "phase": "cruise"}, "geometry": {"type": "Point", "coordinates": [99.303226, 9.671563, 10972.8]}}, {"type": "Feature", "properties": {"flight_key": "THD197_VTPP_VTSP_2025-12-23 03:14", "callsign": "THD197", "aircraft_type": "A320", "adep": "VTPP", "ades": "VTSP", "epoch_ts": "2025-12-23 04:32:00+00:00", "altitude_ft": 24007.3, "tas_kt": null, "gs_kt": 270.0, "track_deg": 219, "phase": "descent"}, "geometry": {"type": "Point", "coordinates": [99.097867, 9.084463, 7317.4]}}, {"type": "Feature", "properties": {"flight_key": "THD197_VTPP_VTSP_2025-12-23 03:14", "callsign": "THD197", "aircraft_type": "A320", "adep": "VTPP", "ades": "VTSP", "epoch_ts": "2025-12-23 04:38:00+00:00", "altitude_ft": 12014.7, "tas_kt": null, "gs_kt": 270.0, "track_deg": 219, "phase": "descent"}, "geometry": {"type": "Point", "coordinates": [98.70207, 8.599655, 3662.1]}}, {"type": "Feature", "properties": {"flight_key": "THD197_VTPP_VTSP_2025-12-23 03:14", "callsign": "THD197", "aircraft_type": "A320", "adep": "VTPP", "ades": "VTSP", "epoch_ts": "2025-12-23 04:44:00+00:00", "altitude_ft": 22.0, "tas_kt": null, "gs_kt": 270.0, "track_deg": 0, "phase": "descent"}, "geometry": {"type": "Point", "coordinates": [98.309167, 8.1125, 6.7]}}, {"type": "Feature", "properties": {"feature_type": "route", "flight_key": "TVJ198_VTBS_VTSB_2025-12-23 03:16", "route": "UKERA G458 IKERA", "callsign": "TVJ198", "aircraft_type": "A321", "adep": "VTBS", "ades": "VTSB", "rfl": 180, "sid": "UKER1E", "star": "IKER1A", "dep_rwy": "RW20R", "arr_rwy": "RW22", "eobt": "2025-12-23T03:16:00+00:00", "idents": ["VTBS", "UKERA", "MENEX", "APRIL", "IKERA", "VTSB"]}, "geometry": {"type": "LineString", "coordinates": [[100.748889, 13.685833], [100.019444, 12.035278], [99.761944, 11.141944], [99.718611, 11.001944], [99.258889, 9.529444], [99.139167, 9.136111]]}}, {"type": "Feature", "properties": {"flight_key": "TVJ198_VTBS_VTSB_2025-12-23 03:16", "callsign": "TVJ198", "aircraft_type": "A321", "adep": "VTBS", "ades": "VTSB", "epoch_ts": "2025-12-23 03:16:00+00:00", "altitude_ft": 8.0, "tas_kt": null, "gs_kt": 280.0, "track_deg": 203, "phase": "climb"}, "geometry": {"type": "Point", "coordinates": [100.748889, 13.685833, 2.4]}}, {"type": "Feature", "properties": {"flight_key": "TVJ198_VTBS_VTSB_2025-12-23 03:16", "callsign": "TVJ198", "aircraft_type": "A321", "adep": "VTBS", "ades": "VTSB", "epoch_ts": "2025-12-23 03:22:00+00:00", "altitude_ft": 6005.3, "tas_kt": null, "gs_kt": 280.0, "track_deg": 203, "phase": "climb"}, "geometry": {"type": "Point", "coordinates": [100.618606, 13.391034, 1830.4]}}, {"type": "Feature", "properties": {"flight_key": "TVJ198_VTBS_VTSB_2025-12-23 03:16", "callsign": "TVJ198", "aircraft_type": "A321", "adep": "VTBS", "ades": "VTSB", "epoch_ts": "2025-12-23 03:28:00+00:00", "altitude_ft": 12002.7, "tas_kt": null, "gs_kt": 280.0, "track_deg": 203, "phase": "climb"}, "geometry": {"type": "Point", "coordinates": [100.488323, 13.096236, 3658.4]}}, {"type": "Feature", "properties": {"flight_key": "TVJ198_VTBS_VTSB_2025-12-23 03:16", "callsign": "TVJ198", "aircraft_type": "A321", "adep": "VTBS", "ades": "VTSB", "epoch_ts": "2025-12-23 03:34:00+00:00", "altitude_ft": 18000.0, "tas_kt": null, "gs_kt": 460.0, "track_deg": 203, "phase": "cruise"}, "geometry": {"type": "Point", "coordinates": [100.35804, 12.801437, 5486.4]}}, {"type": "Feature", "properties": {"flight_key": "TVJ198_VTBS_VTSB_2025-12-23 03:16", "callsign": "TVJ198", "aircraft_type": "A321", "adep": "VTBS", "ades": "VTSB", "epoch_ts": "2025-12-23 03:40:00+00:00", "altitude_ft": 18000.0, "tas_kt": null, "gs_kt": 460.0, "track_deg": 203, "phase": "cruise"}, "geometry": {"type": "Point", "coordinates": [100.227757, 12.506639, 5486.4]}}, {"type": "Feature", "properties": {"flight_key": "TVJ198_VTBS_VTSB_2025-12-23 03:16", "callsign": "TVJ198", "aircraft_type": "A321", "adep": "VTBS", "ades": "VTSB", "epoch_ts": "2025-12-23 03:46:00+00:00", "altitude_ft": 18000.0, "tas_kt": null, "gs_kt": 460.0, "track_deg": 203, "phase": "cruise"}, "geometry": {"type": "Point", "coordinates": [100.097474, 12.21184, 5486.4]}}, {"type": "Feature", "properties": {"flight_key": "TVJ198_VTBS_VTSB_2025-12-23 03:16", "callsign": "TVJ198", "aircraft_type": "A321", "adep": "VTBS", "ades": "VTSB", "epoch_ts": "2025-12-23 03:52:00+00:00", "altitude_ft": 18000.0, "tas_kt": null, "gs_kt": 460.0, "track_deg": 196, "phase": "cruise"}, "geometry": {"type": "Point", "coordinates": [99.983641, 11.911067, 5486.4]}}, {"type": "Feature", "properties": {"flight_key": "TVJ198_VTBS_VTSB_2025-12-23 03:16", "callsign": "TVJ198", "aircraft_type": "A321", "adep": "VTBS", "ades": "VTSB", "epoch_ts": "2025-12-23 03:58:00+00:00", "altitude_ft": 18000.0, "tas_kt": null, "gs_kt": 460.0, "track_deg": 196, "phase": "cruise"}, "geometry": {"type": "Point", "coordinates": [99.894372, 11.601372, 5486.4]}}, {"type": "Feature", "properties": {"flight_key": "TVJ198_VTBS_VTSB_2025-12-23 03:16", "callsign": "TVJ198", "aircraft_type": "A321", "adep": "VTBS", "ades": "VTSB", "epoch_ts": "2025-12-23 04:04:00+00:00", "altitude_ft": 18000.0, "tas_kt": null, "gs_kt": 460.0, "track_deg": 196, "phase": "cruise"}, "geometry": {"type": "Point", "coordinates": [99.805104, 11.291677, 5486.4]}}, {"type": "Feature", "properties": {"flight_key": "TVJ198_VTBS_VTSB_2025-12-23 03:16", "callsign": "TVJ198", "aircraft_type": "A321", "adep": "VTBS", "ades": "VTSB", "epoch_ts": "2025-12-23 04:10:00+00:00", "altitude_ft": 18000.0, "tas_kt": null, "gs_kt": 460.0, "track_deg": 197, "phase": "cruise"}, "geometry": {"type": "Point", "coordinates": [99.712674, 10.982928, 5486.4]}}, {"type": "Feature", "properties": {"flight_key": "TVJ198_VTBS_VTSB_2025-12-23 03:16", "callsign": "TVJ198", "aircraft_type": "A321", "adep": "VTBS", "ades": "VTSB", "epoch_ts": "2025-12-23 04:16:00+00:00", "altitude_ft": 18000.0, "tas_kt": null, "gs_kt": 460.0, "track_deg": 197, "phase": "cruise"}, "geometry": {"type": "Point", "coordinates": [99.616621, 10.675269, 5486.4]}}, {"type": "Feature", "properties": {"flight_key": "TVJ198_VTBS_VTSB_2025-12-23 03:16", "callsign": "TVJ198", "aircraft_type": "A321", "adep": "VTBS", "ades": "VTSB", "epoch_ts": "2025-12-23 04:22:00+00:00", "altitude_ft": 18000.0, "tas_kt": null, "gs_kt": 460.0, "track_deg": 197, "phase": "cruise"}, "geometry": {"type": "Point", "coordinates": [99.520569, 10.367611, 5486.4]}}, {"type": "Feature", "properties": {"flight_key": "TVJ198_VTBS_VTSB_2025-12-23 03:16", "callsign": "TVJ198", "aircraft_type": "A321", "adep": "VTBS", "ades": "VTSB", "epoch_ts": "2025-12-23 04:28:00+00:00", "altitude_ft": 18000.0, "tas_kt": null, "gs_kt": 460.0, "track_deg": 197, "phase": "cruise"}, "geometry": {"type": "Point", "coordinates": [99.424516, 10.059952, 5486.4]}}, {"type": "Feature", "properties": {"flight_key": "TVJ198_VTBS_VTSB_2025-12-23 03:16", "callsign": "TVJ198", "aircraft_type": "A321", "adep": "VTBS", "ades": "VTSB", "epoch_ts": "2025-12-23 04:34:00+00:00", "altitude_ft": 12006.0, "tas_kt": null, "gs_kt": 270.0, "track_deg": 197, "phase": "descent"}, "geometry": {"type": "Point", "coordinates": [99.328464, 9.752294, 3659.4]}}, {"type": "Feature", "properties": {"flight_key": "TVJ198_VTBS_VTSB_2025-12-23 03:16", "callsign": "TVJ198", "aircraft_type": "A321", "adep": "VTBS", "ades": "VTSB", "epoch_ts": "2025-12-23 04:40:00+00:00", "altitude_ft": 6012.0, "tas_kt": null, "gs_kt": 270.0, "track_deg": 197, "phase": "descent"}, "geometry": {"type": "Point", "coordinates": [99.233018, 9.444448, 1832.5]}}, {"type": "Feature", "properties": {"flight_key": "TVJ198_VTBS_VTSB_2025-12-23 03:16", "callsign": "TVJ198", "aircraft_type": "A321", "adep": "VTBS", "ades": "VTSB", "epoch_ts": "2025-12-23 04:46:00+00:00", "altitude_ft": 18.0, "tas_kt": null, "gs_kt": 270.0, "track_deg": 0, "phase": "descent"}, "geometry": {"type": "Point", "coordinates": [99.139167, 9.136111, 5.5]}}, {"type": "Feature", "properties": {"feature_type": "route", "flight_key": "PGY199_VTSP_VTBD_2025-12-23 03:18", "route": "EMRIT Y99 HOTEL DCT SABAI", "callsign": "PGY199", "aircraft_type": "A333", "adep": "VTSP", "ades": "VTBD", "rfl": 310, "sid": "EMRI1A", "star": "SABA1B", "dep_rwy": "RW09", "arr_rwy": "RW03L", "eobt": "2025-12-23T03:18:00+00:00", "idents": ["VTSP", "EMRIT", "KBI", "OSPEX", "BITEN", "EMVEL", "AKVUG", "VEGNA", "NIXET", "NONEL", "EGUBO", "EMTIX", "HOTEL", "SABAI", "VTBD"]}, "geometry": {"type": "LineString", "coordinates": [[98.309167, 8.1125], [98.811111, 8.105833], [98.9775, 8.1075], [99.221944, 8.3375], [99.341389, 8.449722], [99.356111, 8.743889], [99.371944, 9.063611], [99.380833, 9.240833], [99.436944, 9.421389], [99.893611, 10.883611], [100.080556, 11.477222], [100.137222, 11.825278], [100.33, 13.001667], [100.327564, 13.122814], [100.605692, 13.914372]]}}, {"type": "Feature", "properties": {"flight_key": "PGY199_VTSP_VTBD_2025-12-23 03:18", "callsign": "PGY199", "aircraft_type": "A333", "adep": "VTSP", "ades": "VTBD", "epoch_ts": "2025-12-23 03:18:00+00:00", "altitude_ft": 22.0, "tas_kt": null, "gs_kt": 280.0, "track_deg": 91, "phase": "climb"}, "geometry": {"type": "Point", "coordinates": [98.309167, 8.1125, 6.7]}}, {"type": "Feature", "properties": {"flight_key": "PGY199_VTSP_VTBD_2025-12-23 03:18", "callsign": "PGY199", "aircraft_type": "A333", "adep": "VTSP", "ades": "VTBD", "epoch_ts": "2025-12-23 03:24:00+00:00", "altitude_ft": 10348.0, "tas_kt": null, "gs_kt": 280.0, "track_deg": 91, "phase": "climb"}, "geometry": {"type": "Point", "coordinates": [98.763007, 8.106472, 3154.1]}}, {"type": "Feature", "properties": {"flight_key": "PGY199_VTSP_VTBD_2025-12-23 03:18", "callsign": "PGY199", "aircraft_type": "A333", "adep": "VTSP", "ades": "VTBD", "epoch_ts": "2025-12-23 03:30:00+00:00", "altitude_ft": 20674.0, "tas_kt": null, "gs_kt": 280.0, "track_deg": 46, "phase": "climb"}, "geometry": {"type": "Point", "coordinates": [99.151835, 8.271534, 6301.4]}}, {"type": "Feature", "properties": {"flight_key": "PGY199_VTSP_VTBD_2025-12-23 03:18", "callsign": "PGY199", "aircraft_type": "A333", "adep": "VTSP", "ades": "VTBD", "epoch_ts": "2025-12-23 03:36:00+00:00", "altitude_ft": 31000.0, "tas_kt": null, "gs_kt": 460.0, "track_deg": 3, "phase": "cruise"}, "geometry": {"type": "Point", "coordinates": [99.351072, 8.643203, 9448.8]}}, {"type": "Feature", "properties": {"flight_key": "PGY199_VTSP_VTBD_2025-12-23 03:18", "callsign": "PGY199", "aircraft_type": "A333", "adep": "VTSP", "ades": "VTBD", "epoch_ts": "2025-12-23 03:42:00+00:00", "altitude_ft": 31000.0, "tas_kt": null, "gs_kt": 460.0, "track_deg": 3, "phase": "cruise"}, "geometry": {"type": "Point", "coordinates": [99.373595, 9.096524, 9448.8]}}, {"type": "Feature", "properties": {"flight_key": "PGY199_VTSP_VTBD_2025-12-23 03:18", "callsign": "PGY199", "aircraft_type": "A333", "adep": "VTSP", "ades": "VTBD", "epoch_ts": "2025-12-23 03:48:00+00:00", "altitude_ft": 31000.0, "tas_kt": null, "gs_kt": 460.0, "track_deg": 17, "phase": "cruise"}, "geometry": {"type": "Point", "coordinates": [99.472811, 9.536234, 9448.8]}}, {"type": "Feature", "properties": {"flight_key": "PGY199_VTSP_VTBD_2025-12-23 03:18", "callsign": "PGY199", "aircraft_type": "A333", "adep": "VTSP", "ades": "VTBD", "epoch_ts": "2025-12-23 03:54:00+00:00", "altitude_ft": 31000.0, "tas_kt": null, "gs_kt": 460.0, "track_deg": 17, "phase": "cruise"}, "geometry": {"type": "Point", "coordinates": [99.608117, 9.969477, 9448.8]}}, {"type": "Feature", "properties": {"flight_key": "PGY199_VTSP_VTBD_2025-12-23 03:18", "callsign": "PGY199", "aircraft_type": "A333", "adep": "VTSP", "ades": "VTBD", "epoch_ts": "2025-12-23 04:00:00+00:00", "altitude_ft": 31000.0, "tas_kt": null, "gs_kt": 460.0, "track_deg": 17, "phase": "cruise"}, "geometry": {"type": "Point", "coordinates": [99.743424, 10.40272, 9448.8]}}, {"type": "Feature", "properties": {"flight_key": "PGY199_VTSP_VTBD_2025-12-23 03:18", "callsign": "PGY199", "aircraft_type": "A333", "adep": "VTSP", "ades": "VTBD", "epoch_ts": "2025-12-23 04:06:00+00:00", "altitude_ft": 31000.0, "tas_kt": null, "gs_kt": 460.0, "track_deg": 17, "phase": "cruise"}, "geometry": {"type": "Point", "coordinates": [99.87873, 10.835962, 9448.8]}}, {"type": "Feature", "properties": {"flight_key": "PGY199_VTSP_VTBD_2025-12-23 03:18", "callsign": "PGY199", "aircraft_type": "A333", "adep": "VTSP", "ades": "VTBD", "epoch_ts": "2025-12-23 04:12:00+00:00", "altitude_ft": 31000.0, "tas_kt": null, "gs_kt": 460.0, "track_deg": 17, "phase": "cruise"}, "geometry": {"type": "Point", "coordinates": [100.014955, 11.268917, 9448.8]}}, {"type": "Feature", "properties": {"flight_key": "PGY199_VTSP_VTBD_2025-12-23 03:18", "callsign": "PGY199", "aircraft_type": "A333", "adep": "VTSP", "ades": "VTBD", "epoch_ts": "2025-12-23 04:18:00+00:00", "altitude_ft": 31000.0, "tas_kt": null, "gs_kt": 460.0, "track_deg": 9, "phase": "cruise"}, "geometry": {"type": "Point", "coordinates": [100.118397, 11.709651, 9448.8]}}, {"type": "Feature", "properties": {"flight_key": "PGY199_VTSP_VTBD_2025-12-23 03:18", "callsign": "PGY199", "aircraft_type": "A333", "adep": "VTSP", "ades": "VTBD", "epoch_ts": "2025-12-23 04:24:00+00:00", "altitude_ft": 31000.0, "tas_kt": null, "gs_kt": 460.0, "track_deg": 9, "phase": "cruise"}, "geometry": {"type": "Point", "coordinates": [100.191677, 12.157576, 9448.8]}}, {"type": "Feature", "properties": {"flight_key": "PGY199_VTSP_VTBD_2025-12-23 03:18", "callsign": "PGY199", "aircraft_type": "A333", "adep": "VTSP", "ades": "VTBD", "epoch_ts": "2025-12-23 04:30:00+00:00", "altitude_ft": 31000.0, "tas_kt": null, "gs_kt": 460.0, "track_deg": 9, "phase": "cruise"}, "geometry": {"type": "Point", "coordinates": [100.265076, 12.605482, 9448.8]}}, {"type": "Feature", "properties": {"flight_key": "PGY199_VTSP_VTBD_2025-12-23 03:18", "callsign": "PGY199", "aircraft_type": "A333", "adep": "VTSP", "ades": "VTBD", "epoch_ts": "2025-12-23 04:36:00+00:00", "altitude_ft": 20669.0, "tas_kt": null, "gs_kt": 270.0, "track_deg": 359, "phase": "descent"}, "geometry": {"type": "Point", "coordinates": [100.328946, 13.054067, 6299.9]}}, {"type": "Feature", "properties": {"flight_key": "PGY199_VTSP_VTBD_2025-12-23 03:18", "callsign": "PGY199", "aircraft_type": "A333", "adep": "VTSP", "ades": "VTBD", "epoch_ts": "2025-12-23 04:42:00+00:00", "altitude_ft": 10338.0, "tas_kt": null, "gs_kt": 270.0, "track_deg": 19, "phase": "descent"}, "geometry": {"type": "Point", "coordinates": [100.455231, 13.486157, 3151.0]}}, {"type": "Feature", "properties": {"flight_key": "PGY199_VTSP_VTBD_2025-12-23 03:18", "callsign": "PGY199", "aircraft_type": "A333", "adep": "VTSP", "ades": "VTBD", "epoch_ts": "2025-12-23 04:48:00+00:00", "altitude_ft": 7.0, "tas_kt": null, "gs_kt": 270.0, "track_deg": 0, "phase": "descent"}, "geometry": {"type": "Point", "coordinates": [100.605692, 13.914372, 2.1]}}]}