callsign,actype,adep,ades,eobt,rfl,dep_rwy,arr_rwy,sid,star,approach,route
BKP211,AT76,VTBS,VTPO,2026-07-08T23:52:00Z,160,RW20L,RW18,OLVU1E,,R18,OLVUK Y26 ELDAL Y32 KIMET
KMI262,B763,VTCC,OMAA,2026-07-08T23:59:00Z,320,RW36,,LAMU2S,,,LAMUN R207 SISUK
TLM782,B738,VTBD,VTSF,2026-07-09T00:01:00Z,310,RW21L,RW19,KASN1B,,R19,KASNI M757 LOSDA Y94 NKS
CBY05,AT76,VTBD,VTBP,2026-07-09T00:02:00Z,140,RW21L,,UKER1B,,,MOTNA G458 UKERA
RTN2113,E135,VTBU,VTSB,2026-07-09T00:02:00Z,240,RW18,RW22,BKK1A,IKER1B,R22,ASEKU W42 MENEX Y8 IKERA
AIQ3522,A320,VTBD,VTUO,2026-07-09T00:05:00Z,250,RW21L,RW22,ROBK3A,,R22,ROBKA A1 TOPER W42 RAMEI W38
TVJ340,A321,VTBS,VTSG,2026-07-09T00:09:00Z,340,RW20L,RW32,VANK1E,NULM1E,R32,VANKO Y8 SAPUD W32 NULMA
AIQ3235,A21N,VTBD,VTSB,2026-07-09T00:11:00Z,340,RW21L,RW22,SABI2B,IKER1B,R22,SABIS Y8 IKERA
THA040,A320,VTBS,VTUK,2026-07-09T00:11:00Z,250,RW20L,RW03,SELK1F,,R03,SELKA Y14 KRT Y23 KKN Y23/Y22
THA002,A21N,VTBS,VTUD,2026-07-09T00:12:00Z,270,RW20L,RW30,SELK1F,ANPU1A,R30,SELKA Y14 KRT Y23 KKN Y23/Y22
THA426,A320,WMKP,VTBS,2026-07-09T00:14:16Z,340,,RW19,,LEBI1C,R19,RIGTO M769 LEBIM
AIQ3250,A320,VTBD,VTUK,2026-07-09T00:15:00Z,270,RW21L,RW03,ROBK3A,,R03,ROBKA A1 SELKA Y14 KRT Y23 KKN Y23/Y22
THA020,A320,VTBS,VTUU,2026-07-09T00:17:00Z,270,RW20L,RW23,SELK1F,VENP1C,R23,SELKA A1
AIQ3308,A320,VTBD,VTPP,2026-07-09T00:17:00Z,220,RW21L,RW32,UGUV1B,,R32,UGUVO Y27 PIBAN
NOK360,B738,VTBD,VTUI,2026-07-09T00:18:00Z,350,RW21L,RW05,ROBK3A,,R05,ROBKA A1 SELKA Y14 KRT Y23 KKN Y23/Y22
BKP107,A319,VTBS,VTSM,2026-07-09T00:19:00Z,310,RW20L,RW17,KASN1E,,R17,KASNI M757 MABKO W33 SMU
AIQ251,A320,VTBD,VYYY,2026-07-09T00:20:00Z,380,RW21L,,TARE1B,,,TARED P646 BETNO
BKP261,A319,VTBS,VTSG,2026-07-09T00:21:00Z,340,RW20L,RW32,VANK1E,NULM1E,R32,VANKO Y8 SAPUD W32 NULMA
TLM670,B738,VTBD,VTUW,2026-07-09T00:22:00Z,330,RW21L,RW15,ROBK3A,,R15,ROBKA A1 SELKA Y14 KRT Y23 KKN Y23/Y22
AIQ3554,A20N,VTBD,VTCN,2026-07-09T00:23:00Z,340,RW21L,RW02,UGUV1B,,R02,UGUVO Y27 IBUBU W25 NAN
TLM734,B738,VTBD,VTSB,2026-07-09T00:25:00Z,320,RW21L,RW22,SABI2B,IKER1B,R22,SABIS Y8 IKERA
TVJ320,B38M,VTBS,VTSS,2026-07-09T00:25:00Z,330,RW20L,RW26,KASN1E,OBLE1B,R26,KASNI M757 OBLEX
BKP121,A319,VTBS,VTSM,2026-07-09T00:26:00Z,310,RW20L,RW17,KASN1E,,R17,KASNI M757 MABKO W33 SMU
BKP408,AT76,VTSP,VTSM,2026-07-09T00:26:00Z,150,RW27,RW17,EMRI1B,,R17,EMRIT Y99 AKVUG Y93 SMU
ANA806,B789,VTBS,RJAA,2026-07-09T00:27:00Z,370,RW20L,,LIPL1J,,,LIPLI Y16 BUTRA
AIQ3148,A320,VTBD,VTSE,2026-07-09T00:29:00Z,280,RW21L,RW24,SABI2B,,R24,SABIS Y8 MENEX W34 CPN
THA259,A320,VTBS,VTSS,2026-07-09T00:29:00Z,310,RW20L,RW26,KASN1E,OBLE1B,R26,KASNI M757 OBLEX
AIQ230,A21N,VTBD,RCTP,2026-07-09T00:31:00Z,330,RW21L,,UPKU3A,,,UPKUP Y16 BUTRA
FIN142,A359,VTBS,EFHK,2026-07-09T00:31:00Z,340,RW20L,,TARE1E,,,TARED P646 BETNO
BKP270,A319,VTSP,VTBS,2026-07-09T00:32:00Z,350,RW27,RW19,EMRI1B,LEBI1C,R19,EMRIT Y99 NONEL Y98 LEBIM
TVJ210,B38M,VTBS,VTUK,2026-07-09T00:32:00Z,330,RW20L,RW03,SELK1F,,R03,SELKA Y14 KRT Y23 KKN Y23/Y22
KMI713,B734,VTBS,VGHS,2026-07-09T00:33:00Z,320,RW20L,,TARE1E,,,TARED G463 BETNO
TLM550,B738,VTBD,VTPP,2026-07-09T00:33:00Z,220,RW21L,RW32,UGUV1B,,R32,UGUVO Y27 PIBAN
NOK539,B738,VTSP,VTBD,2026-07-09T00:34:00Z,370,RW27,RW21R,IGEV1B,SABA1B,R21R,IGEVI Y5 EGUBO Y99 HOTEL DCT SABAI
AIC2333,A20N,VTBS,VIDP,2026-07-09T00:35:00Z,340,RW20L,,TARE1E,,,TARED P646 BETNO
TVJ317,A321,VTSP,VTBS,2026-07-09T00:35:00Z,330,RW27,RW19,EMRI1B,LEBI1C,R19,EMRIT Y99 NONEL Y98 LEBIM
UBA019,B738,VYYY,VTBS,2026-07-09T00:35:55Z,350,,RW19,,WILA1C,R19,BETNO G463 TARED
BKP903,AT76,VTBS,VDSA,2026-07-09T00:36:00Z,170,RW20L,,GOME1E,,,GOMES N506 BOKAK
AIQ656,A320,VTBD,VVTS,2026-07-09T00:36:00Z,330,RW21L,,GORS1B,,,GORSI N506 BOKAK
TLM752,B738,VTBD,VTSP,2026-07-09T00:39:00Z,340,RW21L,RW27,SABI2B,SAVS1C,,SABIS Y8 SAVSA
AIQ3417,A320,VTCC,VTBD,2026-07-09T00:40:00Z,350,RW36,RW21R,PANT2C,NAKO1B,R21R,PANTA Y7 BLAFF DCT NAKON
THA323,A320,VTBS,VIDP,2026-07-09T00:42:00Z,340,RW20L,,TARE1E,,,TARED P646 BETNO
NOK301,B738,VTUD,VTBD,2026-07-09T00:43:00Z,340,RW12,RW21R,ANPU1B,ENDU1B,R21R,Y22/Y23 KKN Y23 KRT Y20 UBLOD DCT ENDUU
AIQ634,A21N,VTBD,VVDN,2026-07-09T00:44:00Z,330,RW21L,,UPKU3A,,,UPKUP Y16 BUTRA
THA620,A21N,VTBS,RPLL,2026-07-09T00:45:00Z,330,RW20L,,GOME1E,,,GOMES B204 AGEDO
AIQ3039,A320,VTBD,VTSP,2026-07-09T00:46:00Z,360,RW21L,RW27,SABI2B,SAVS1C,,SABIS Y8 SAVSA
CPA700,A333,VTBS,VHHH,2026-07-09T00:47:00Z,410,RW20L,,LIPL1J,,,LIPLI Y16 BUTRA
AXM880,A320,WMKK,VTBD,2026-07-09T00:47:33Z,360,,RW21R,,SABA1B,R21R,RIGTO M769 GOKEX Y96 EMTIX Y99 HOTEL
BKP251,AT76,VTSM,VTSP,2026-07-09T00:48:00Z,140,RW17,RW27,DORN1A,SAVS1C,,DORNA W32 SAPUD Y8 SAVSA
AIQ480,A320,VTBD,ZGHA,2026-07-09T00:48:00Z,350,RW21L,,NOBE2B,,,NOBER W21 CMP R474 VTN
THA586,A320,VTBS,VDTI,2026-07-09T00:49:00Z,330,RW20L,,GOME1E,,,GOMES N506 BOKAK
ALK403,A20N,VTBS,VCBI,2026-07-09T00:50:00Z,300,RW20L,,PAST1E,,,PASTO L301 TANEK
THA550,A320,VTBS,VVTS,2026-07-09T00:52:00Z,330,RW20L,,GOME1E,,,GOMES N506 BOKAK
THA102,A320,VTBS,VTCC,2026-07-09T00:54:00Z,300,RW20L,RW36,OLVU1E,MARN2A,R36,OLVUK Y26 MARNI
CES9622,B738,VTBS,ZPPP,2026-07-09T00:57:00Z,340,RW20L,,UGUV1E,,,UGUVO Y27 IKISU W22 CTR A581 PONUK
BKP102,A319,VTSM,VTBS,2026-07-09T00:57:00Z,300,RW17,RW19,OLBA1B,LEBI1C,R19,OLBAG Y17 DONSI M769 LEBIM
LAO305,A320,VLVT,VLPS,2026-07-09T00:57:04Z,290,,,,,,VTN R470 UBL B202 PAK
AXM891,A320,VTBD,WMKK,2026-07-09T00:58:00Z,370,RW21L,,KIGO1B,,,KIGOB Y11 PASVA
NOK551,B738,VTSF,VTBD,2026-07-09T00:58:00Z,360,RW01,RW21R,TAWI1A,SABA1B,R21R,NKS Y94 DOXAS M769 GOKEX Y96 EMTIX Y99 HOTEL DCT SABAI
THA241,A320,VTBS,VTSG,2026-07-09T01:00:00Z,320,RW20L,RW32,VANK1E,NULM1E,R32,VANKO Y8 SAPUD W32 NULMA
TLM503,B738,VTCC,VTBD,2026-07-09T01:00:00Z,330,RW36,RW21R,PANT2C,NAKO1B,R21R,PANTA Y7 BLAFF DCT NAKON
THA676,B77W,VTBS,RJAA,2026-07-09T01:01:00Z,330,RW20L,,LIPL1J,,,LIPLI Y16 BUTRA
AIQ1043,A320,VLVT,VTBD,2026-07-09T01:02:52Z,340,,RW21R,,NAKO1B,R21R,VTN CMP W21 NOBER
RTAF220,A320,VTBD,WMKK,2026-07-09T01:03:00Z,350,RW21L,,KASN1B,,,KASNI M757 KARMI
THA560,A320,VTBS,VVNB,2026-07-09T01:04:00Z,340,RW20L,,UGUV1E,,,UGUVO Y27 PIBAN Y29 PSL W26 CMP R474 VTN
AIQ4124,A320,VTBS,VTSP,2026-07-09T01:06:00Z,360,RW20L,RW27,VANK1E,SAVS1C,,VANKO Y8 SAVSA
AIQ3354,A320,VTBD,VTUD,2026-07-09T01:06:00Z,270,RW21L,RW30,ROBK3A,ANPU1A,R30,ROBKA A1 SELKA Y14 KRT Y23 KKN Y23/Y22
LAO223,AT76,VLVT,VLSK,2026-07-09T01:07:07Z,170,,,,,,VTN R470 ROT B460 SAV
AIQ646,A320,VTBD,VVCR,2026-07-09T01:08:00Z,330,RW21L,,GORS1B,,,GORSI N506 GOMES B204 AGEDO
THA201,A320,VTBS,VTSP,2026-07-09T01:08:00Z,320,RW20L,RW27,VANK1E,SAVS1C,,VANKO Y8 SAVSA
AIQ3510,A320,VTBD,VTUI,2026-07-09T01:09:00Z,330,RW21L,RW05,ROBK3A,,R05,ROBKA A1 SELKA Y14 KRT Y23 KKN Y23/Y22
THA402,A320,WSSS,VTBS,2026-07-09T01:09:16Z,340,,RW19,,TUMG1C,R19,ABTOK M644 ALUMO Y12 ALEMI
BKP271,A319,VTBS,VTSP,2026-07-09T01:10:00Z,340,RW20L,RW27,VANK1E,SAVS1C,,VANKO Y8 SAVSA
NOK121,B738,VTCC,VTBD,2026-07-09T01:10:00Z,370,RW36,RW21R,PANT2C,NAKO1B,R21R,PANTA Y7 BLAFF DCT NAKON
AIQ3398,A320,VTBD,VTUW,2026-07-09T01:13:00Z,370,RW21L,RW15,ROBK3A,,R15,ROBKA A1 SELKA Y14 KRT Y23 KKN Y23/Y22
TVJ415,A320,VTSP,VTCC,2026-07-09T01:13:00Z,370,RW27,RW36,IGEV1B,MARN2A,R36,IGEVI Y5 EGUBO Y99 BKK Y26 MARNI
UPS147,B763,VTBS,WMKP,2026-07-09T01:14:00Z,350,RW20L,,KASN1E,,,KASNI M757 OBLEX Y10 HTY A457 TAMOS
TLM532,B739,VTBD,VTCT,2026-07-09T01:15:00Z,360,RW21L,RW03,UGUV1B,,R03,UGUVO Y27 IKISU W22 BENVI
IGO1214,A21N,VTBS,VOBL,2026-07-09T01:16:00Z,360,RW20L,,PAST1E,,,PASTO L301 TANEK
AIQ582,A320,VTBD,ZPPP,2026-07-09T01:17:00Z,370,RW21L,,NOBE2B,,,NOBER W21 UDN R470 VTN
TLM703,B738,VTSS,VTBD,2026-07-09T01:17:00Z,360,RW26,RW21R,DAND1C,SABA1B,R21R,DANDO M769 GOKEX Y96 EMTIX Y99 HOTEL DCT SABAI
JAL708,B788,VTBS,RJAA,2026-07-09T01:18:00Z,410,RW20L,,LIPL1J,,,LIPLI Y16 BUTRA
BKP104,A319,VTSM,VTBS,2026-07-09T01:18:00Z,300,RW17,RW19,OLBA1B,LEBI1C,R19,OLBAG Y17 DONSI M769 LEBIM
BKP123,A319,VTBS,VTSM,2026-07-09T01:18:00Z,310,RW20L,RW17,KASN1E,,R17,KASNI M757 MABKO W33 SMU
THA403,A359,VTBS,WSSS,2026-07-09T01:20:00Z,390,RW20L,,BUT1E,,,BUT Y11 PASVA
MMA501,A319,VYYY,WMKK,2026-07-09T01:20:30Z,350,,,,,,EKAVO M626 VALSI M757 KARMI
VPBFP,A318,VTBD,VRMG,2026-07-09T01:21:00Z,380,RW21L,,PAST1B,,,PASTO L301 TANEK
THA652,A359,VTBS,RKSI,2026-07-09T01:22:00Z,390,RW20L,,LIPL1J,,,LIPLI Y16 BUTRA
TVJ964,B38M,VTBS,VVDN,2026-07-09T01:22:00Z,330,RW20L,,LIPL1J,,,LIPLI Y16 BUTRA
N519CP,GLEX,VTBD,VVNB,2026-07-09T01:23:00Z,400,RW21L,,UGUV1B,,,UGUVO Y27 PIBAN Y29 PSL W26 CMP R474 VTN
THA600,B77W,VTBS,VHHH,2026-07-09T01:24:00Z,330,RW20L,,SELK1F,,,SELKA A1 SANOT Y15 GUROK A202 SAV
BKP215,A320,VTBS,VTCC,2026-07-09T01:24:00Z,320,RW20L,RW36,OLVU1E,MARN2A,R36,OLVUK Y26 MARNI
BKP110,AT76,VTSM,VTBS,2026-07-09T01:24:00Z,160,RW17,RW19,OLBA1B,LEBI1C,R19,OLBAG Y17 DONSI M769 LEBIM
THY59,A333,VTBS,LTFM,2026-07-09T01:26:00Z,360,RW20L,,TARE1E,,,TARED P646 BETNO
AIQ3567,A320,VTUV,VTBD,2026-07-09T01:27:00Z,300,RW18,RW21R,ANKI1A,ENDU1B,R21R,W38 RAMEI Y20 UBLOD DCT ENDUU
THA433,A333,VTBS,WIII,2026-07-09T01:28:00Z,350,RW20L,,BUT1E,,,BUT Y11 PASVA
AIQ3103,A320,VTSS,VTBD,2026-07-09T01:28:00Z,380,RW26,RW21R,DAND1C,SABA1B,R21R,DANDO M769 GOKEX Y96 EMTIX Y99 HOTEL DCT SABAI
TVJ200,B38M,VTBS,VTUD,2026-07-09T01:29:00Z,330,RW20L,RW30,SELK1F,ANPU1A,R30,SELKA Y14 KRT Y23 KKN Y23/Y22
AIQ3248,A20N,VTBD,VTUK,2026-07-09T01:29:00Z,270,RW21L,RW03,ROBK3A,,R03,ROBKA A1 SELKA Y14 KRT Y23 KKN Y23/Y22
THA130,A320,VTBS,VTCT,2026-07-09T01:30:00Z,340,RW20L,RW03,UGUV1E,,R03,UGUVO Y27 IKISU W22 BENVI
TLM824,B738,VTBD,VTST,2026-07-09T01:30:00Z,340,RW21L,RW08,SABI2B,,R08,SABIS Y8 SAPUD W24 TRN
AIQ3523,A320,VTUO,VTBD,2026-07-09T01:30:00Z,240,RW22,RW21R,OMNI,ENDU1B,R21R,W38 RAMEI Y20 UBLOD DCT ENDUU
CSN362,A21N,VTBS,ZGGG,2026-07-09T01:32:00Z,330,RW20L,,SELK1F,,,SELKA A1 SANOT Y15 GUROK A202 SAV
THA041,A320,VTUK,VTBS,2026-07-09T01:32:00Z,240,RW21,RW19,EMRU1A,EAST1C,R19,Y22/Y23 KKN Y23 KRT Y20 UBLOD DCT EASTE
THA461,A359,VTBS,YMML,2026-07-09T01:34:00Z,330,RW20L,,BUT1E,,,BUT M904 TIDAR
CES9639,B738,ZPPP,VTCC,2026-07-09T01:34:05Z,320,,RW36,,MONL2B,R36,VTN R207 MONLO
AXM819,A320,VTSP,WMKK,2026-07-09T01:35:00Z,390,RW27,,REBE1B,,,REBED B579 DALAN
AIQ3309,A320,VTPP,VTBD,2026-07-09T01:35:00Z,230,RW32,RW21R,PEBL1A,NAKO1B,R21R,PEBLI Y28 BLAFF DCT NAKON
FDX6091,B763,VVTS,VTBS,2026-07-09T01:35:39Z,340,,RW19,,TUMG1C,R19,VAPVU P629 NUGPA
AIQ240,A20N,VTBD,ROAH,2026-07-09T01:36:00Z,350,RW21L,,UPKU3A,,,UPKUP Y16 BUTRA
THA203,A21N,VTBS,VTSP,2026-07-09T01:36:00Z,340,RW20L,RW27,VANK1E,SAVS1C,,VANKO Y8 SAVSA
TVJ720,A320,VTBS,VDTI,2026-07-09T01:37:00Z,310,RW20L,,GOME1E,,,GOMES N506 BOKAK
AIQ3371,A20N,VTUU,VTBD,2026-07-09T01:37:00Z,320,RW23,RW21R,ASAB1B,ENDU1B,R21R,Y20 UBLOD DCT ENDUU
AIQ5422,A320,VTCC,VTSB,2026-07-09T01:37:00Z,370,RW36,RW22,PANT2C,IKER1B,R22,PANTA Y7 BKK Y8 IKERA
AIQ3189,A20N,VTSF,VTBD,2026-07-09T01:38:00Z,380,RW01,RW21R,TAWI1A,SABA1B,R21R,NKS Y94 DOXAS M769 GOKEX Y96 EMTIX Y99 HOTEL DCT SABAI
AIQ3251,A320,VTUK,VTBD,2026-07-09T01:38:00Z,280,RW21,RW21R,EMRU1A,ENDU1B,R21R,Y22/Y23 KKN Y23 KRT Y20 UBLOD DCT ENDUU
TGW624,B788,WSSS,VTBS,2026-07-09T01:38:18Z,430,,RW19,,TUMG1C,R19,ABTOK M644 ALUMO Y12 ALEMI
AIQ3029,A21N,VTBD,VTSP,2026-07-09T01:39:00Z,360,RW21L,RW27,SABI2B,SAVS1C,,SABIS Y8 SAVSA
THA672,B77W,VTBS,RJBB,2026-07-09T01:40:00Z,330,RW20L,,LIPL1J,,,LIPLI Y16 BUTRA
TLM704,B738,VTBD,VTSS,2026-07-09T01:41:00Z,350,RW21L,RW26,KASN1B,OBLE1B,R26,KASNI M757 OBLEX
AIQ3438,A21N,VTCC,VTBD,2026-07-09T01:41:00Z,350,RW36,RW21R,PANT2C,NAKO1B,R21R,PANTA Y7 BLAFF DCT NAKON
BKP212,AT76,VTPO,VTBS,2026-07-09T01:41:00Z,170,RW18,RW19,PEBL1C,NORT1C,R19,PEBLI Y28 BLAFF DCT NORTA
CQH8512,A320,VTCC,ZSPD,2026-07-09T01:43:00Z,330,RW36,,MONL2C,,,MONLO R207 NAN R215 TOMIP
TLM506,B738,VTBD,VTCC,2026-07-09T01:43:00Z,320,RW21L,RW36,OLVU1B,MARN2A,R36,OLVUK Y26 MARNI
KAL9357,B744,WSSS,VTBS,2026-07-09T01:43:03Z,360,,RW19,,TUMG1C,R19,ABTOK M644 ALUMO Y12 ALEMI
THA632,B77W,VTBS,RCTP,2026-07-09T01:44:00Z,370,RW20L,,LIPL1J,,,LIPLI Y16 BUTRA
THA003,A21N,VTUD,VTBS,2026-07-09T01:44:00Z,280,RW12,RW19,ANPU1B,EAST1C,R19,Y22/Y23 KKN Y23 KRT Y20 UBLOD DCT EASTE
MMA365,A319,VTBD,VYYY,2026-07-09T01:45:00Z,340,RW21L,,TARE1B,,,TARED G463 BETNO
AIC2379,A20N,VTSP,VIDP,2026-07-09T01:45:00Z,340,RW27,,SATV1A,,,SATVA L759 TAVUN
TGW641,E290,VTSM,WSSS,2026-07-09T01:46:00Z,350,RW17,,RUMV1A,,,RUMVA Y95 IKOGA Y24 PASVA
T7CDS,GLF5,WSSL,ZUUU,2026-07-09T01:46:52Z,430,,,,,,GOLUD M751 BKK Y27 IKISU W22 CTR A581 PONUK
THA021,A320,VTUU,VTBS,2026-07-09T01:47:00Z,280,RW23,RW19,ASAB1B,EAST1C,R19,Y20 GRASO Y13 RUKSA DCT EASTE
NOK100,B738,VTBD,VTCT,2026-07-09T01:47:00Z,380,RW21L,RW03,UGUV1B,,R03,UGUVO Y27 IKISU W22 BENVI
CQH7286,A20N,VTBS,ZSPD,2026-07-09T01:48:00Z,330,RW20L,,SELK1F,,,SELKA A1 SANOT Y15 GUROK A202 SAV
AIC2381,A21N,WSSS,VIDP,2026-07-09T01:48:12Z,320,,,,,,DUBAX R325 PUT L759 TAVUN
CHH423,B38M,ZUCK,VTBS,2026-07-09T01:48:23Z,320,,RW19,,NORT1C,R19,VTN R470 UDN W21 NOBER
TLM783,B738,VTSF,VTBD,2026-07-09T01:49:00Z,320,RW01,RW21R,TAWI1A,SABA1B,R21R,NKS Y94 DOXAS M769 GOKEX Y96 EMTIX Y99 HOTEL DCT SABAI
AIQ3116,A320,VTBD,VTSS,2026-07-09T01:50:00Z,350,RW21L,RW26,KASN1B,OBLE1B,R26,KASNI M757 OBLEX
AIQ3236,A21N,VTSB,VTBD,2026-07-09T01:50:00Z,350,RW04,RW21R,NIXE1C,SABA1B,R21R,NIXET Y99 HOTEL DCT SABAI
CPA705,A333,VHHH,VTBS,2026-07-09T01:50:18Z,400,,RW19,,EAST1C,R19,SAV A202 RAMEI W42 PAKRI Y13 RUKSA
EVA062,B78X,VTBS,RCTP,2026-07-09T01:51:00Z,370,RW20L,,LIPL1J,,,LIPLI Y16 BUTRA
THA475,A359,VTBS,YSSY,2026-07-09T01:51:00Z,330,RW20L,,BUT1E,,,BUT M904 TIDAR
BKP106,A319,VTSM,VTBS,2026-07-09T01:52:00Z,300,RW17,RW19,OLBA1B,LEBI1C,R19,OLBAG Y17 DONSI M769 LEBIM
AIQ3555,A20N,VTCN,VTBD,2026-07-09T01:52:00Z,320,RW20,RW21R,OMNI,NAKO1B,R21R,W29 PSL Y28 BLAFF DCT NAKON
CHH7939,A20N,ZJHK,VTBS,2026-07-09T01:52:03Z,260,,RW19,,EAST1C,R19,SAV A202 RAMEI W42 PAKRI Y13 RUKSA
AIQ3201,A320,VTBD,VTCT,2026-07-09T01:53:00Z,360,RW21L,RW03,UGUV1B,,R03,UGUVO Y27 IKISU W22 BENVI
AIQ4104,A320,VTBS,VTCC,2026-07-09T01:53:00Z,340,RW20L,RW36,OLVU1E,MARN2A,R36,OLVUK Y26 MARNI
MMA335,A320,VYYY,VTBS,2026-07-09T01:54:17Z,330,,RW19,,WILA1C,R19,BETNO P646 TARED
NOK361,B738,VTUI,VTBD,2026-07-09T01:55:00Z,340,RW23,RW21R,OMNI,ENDU1B,R21R,Y22/Y23 KKN Y23 KRT Y20 UBLOD DCT ENDUU
CES7622,B738,VTCC,ZPPP,2026-07-09T01:58:00Z,270,RW36,,MONL2C,,,MONLO R207 IKISU W22 CTR A581 PONUK
AIQ3149,A320,VTSE,VTBD,2026-07-09T01:58:00Z,290,RW06,RW21R,OMNI,SABA1B,R21R,CPN W34 MENEX W42 EGUBO Y99 HOTEL DCT SABAI
BKP241,A319,VTSM,VTCC,2026-07-09T01:59:00Z,360,RW17,RW36,OLBA1B,MARN2A,R36,OLBAG Y17 DONSI M769 BKK Y26 MARNI
MAS784,B38M,WMKK,VTBS,2026-07-09T01:59:36Z,320,,RW19,,LEBI1C,R19,RIGTO M769 LEBIM
TVJ315,B38M,VTSP,VTBS,2026-07-09T02:00:00Z,330,RW27,RW19,EMRI1B,LEBI1C,R19,EMRIT Y99 NONEL Y98 LEBIM
BHD211,C750,VTBD,VTUK,2026-07-09T02:00:00Z,250,RW21L,RW03,ROBK3A,,R03,ROBKA A1 SELKA Y14 KRT Y23 KKN Y23/Y22
CSC9399,A321,ZGNN,VTBS,2026-07-09T02:01:42Z,340,,RW19,,NORT1C,R19,VTN R470 UDN W21 NOBER
OMA818,B789,VTBS,OOMS,2026-07-09T02:03:00Z,380,RW20L,,PAST1E,,,PASTO L301 TANEK
TVJ341,A321,VTSG,VTBS,2026-07-09T02:03:00Z,330,RW14,RW19,OSPE1G,LEBI1C,R19,OSPEX Y99 NONEL Y98 LEBIM
SIA7432,B77L,WSSS,VTBS,2026-07-09T02:03:16Z,380,,RW19,,TUMG1C,R19,ABTOK M644 ALUMO Y12 ALEMI
BKP451,AT76,VTBD,VTSM,2026-07-09T02:04:00Z,170,RW21L,RW17,KASN1B,,R17,KASNI M757 MABKO W33 SMU
T7A187,GLEX,WIHH,VTSG,2026-07-09T02:04:11Z,430,,RW32,,TUNR1E,R32,TAMOS A457 HTY W14 TRN W32 TUNRA
AIQ3071,A320,VTSG,VTCC,2026-07-09T02:05:00Z,370,RW14,RW36,OSPE1G,MARN2A,R36,OSPEX Y99 BKK Y26 MARNI
LKY04,C130,VTBD,VTSS,2026-07-09T02:07:00Z,210,RW21L,RW26,KASN1B,OBLE1B,R26,KASNI M757 OBLEX
TVJ211,B38M,VTUK,VTBS,2026-07-09T02:08:00Z,340,RW21,RW19,EMRU1A,EAST1C,R19,Y22/Y23 KKN Y23 KRT Y20 UBLOD DCT EASTE
MAS102,B38M,WMKK,VGHS,2026-07-09T02:09:10Z,340,,,,,,RIGTO M769 SORTO M626 EKAVO
BKP407,AT76,VTSM,VTSP,2026-07-09T02:12:00Z,140,RW17,RW27,DORN1A,SAVS1C,,DORNA W32 SAPUD Y8 SAVSA
TLM735,B738,VTSB,VTBD,2026-07-09T02:13:00Z,330,RW04,RW21R,NIXE1C,SABA1B,R21R,NIXET Y99 HOTEL DCT SABAI
CSN357,A21N,ZGGG,VTBS,2026-07-09T02:13:01Z,300,,RW19,,EAST1C,R19,SAV A202 RAMEI W42 PAKRI Y13 RUKSA
CBY301,AT75,VTUU,VTBD,2026-07-09T02:16:00Z,160,RW23,RW21R,ASAB1B,ENDU1B,R21R,Y20 UBLOD DCT ENDUU
BKP262,A319,VTSG,VTBS,2026-07-09T02:16:00Z,350,RW14,RW19,OSPE1G,LEBI1C,R19,OSPEX Y99 NONEL Y98 LEBIM
BKP122,A319,VTSM,VTBS,2026-07-09T02:16:00Z,300,RW17,RW19,OLBA1B,LEBI1C,R19,OLBAG Y17 DONSI M769 LEBIM
TLM551,B738,VTPP,VTBD,2026-07-09T02:16:00Z,210,RW32,RW21R,PEBL1A,NAKO1B,R21R,PEBLI Y28 BLAFF DCT NAKON
CPA017,B744,VHHH,VOMM,2026-07-09T02:16:35Z,340,,,,,,BUTRA A1 UBL Y20 BKK L301 TANEK
BKP115,AT76,VTBS,VTSM,2026-07-09T02:17:00Z,170,RW20L,RW17,KASN1E,,R17,KASNI M757 MABKO W33 SMU
TVJ321,B38M,VTSS,VTBS,2026-07-09T02:17:00Z,340,RW26,RW19,DAND1C,LEBI1C,R19,DANDO M769 LEBIM
TLM671,B738,VTUW,VTBD,2026-07-09T02:17:00Z,320,RW15,RW21R,OMNI,ENDU1B,R21R,Y22/Y23 KKN Y23 KRT Y20 UBLOD DCT ENDUU
CPA771,A333,VHHH,VTSP,2026-07-09T02:21:40Z,340,,RW27,,SAVS1C,,BUTRA A1 UBL W1 RAMEI W42 MENEX Y8 SAVSA
ETD403,A35K,VTBS,OMAA,2026-07-09T02:22:00Z,300,RW20L,,PAST1E,,,PASTO L301 TANEK
NOK502,B738,VTBD,VTSS,2026-07-09T02:22:00Z,370,RW21L,RW26,KASN1B,OBLE1B,R26,KASNI M757 OBLEX
SIA725,B38M,VTSP,WSSS,2026-07-09T02:24:00Z,370,RW27,,EPGO1B,,,EPGOT W14 HTY A334 PASVA
QTR831,B77W,VTBS,OTHH,2026-07-09T02:24:00Z,320,RW20L,,PAST1E,,,PASTO L301 TANEK
AIQ252,A320,VYYY,VTBD,2026-07-09T02:24:05Z,350,,RW21R,,WEHA1B,R21R,BETNO P646 TARED
THA260,A320,VTSS,VTBS,2026-07-09T02:25:00Z,300,RW26,RW19,DAND1C,LEBI1C,R19,DANDO M769 LEBIM
REU888,B77W,VTBS,FMEE,2026-07-09T02:26:00Z,340,RW20L,,VANK1E,,,VANKO Y8 PUT P627 RUSET
SIA708,B78X,WSSS,VTBS,2026-07-09T02:26:54Z,380,,RW19,,TUMG1C,R19,ABTOK M644 ALUMO Y12 ALEMI
AIQ3435,A320,VTBD,VTCC,2026-07-09T02:27:00Z,320,RW21L,RW36,OLVU1B,MARN2A,R36,OLVUK Y26 MARNI
TGW660,E290,WSSS,VTSM,2026-07-09T02:27:54Z,380,,RW17,,,R17,KADAX M626 IKOGA Y95 RUMVA
BKP1187,AT76,VTBS,VTSM,2026-07-09T02:28:00Z,170,RW20L,RW17,KASN1E,,R17,KASNI M757 MABKO W33 SMU
UBA020,B738,VTBS,VYYY,2026-07-09T02:28:00Z,360,RW20L,,NUNL1P,,,NUNLI L507 LUDVI
MMA503,A319,VYYY,WMKK,2026-07-09T02:28:24Z,350,,,,,,EKAVO M626 VALSI M757 KARMI
TGW659,A320,VTSP,WSSS,2026-07-09T02:29:00Z,350,RW27,,EPGO1B,,,EPGOT W14 HTY A334 PASVA
TVJ568,A321,VTBS,RCTP,2026-07-09T02:30:00Z,330,RW20L,,LIPL1J,,,LIPLI Y16 BUTRA
ABY822,A20N,VTBS,OMSJ,2026-07-09T02:31:00Z,380,RW20L,,PAST1E,,,PASTO L301 TANEK
BKP252,AT76,VTSP,VTSM,2026-07-09T02:31:00Z,150,RW27,RW17,EMRI1B,,R17,EMRIT Y99 AKVUG Y93 SMU
AXM553,A320,VLVT,WMKK,2026-07-09T02:32:04Z,360,,,,,,VTN ELNET R470 UDN W21 BKK M904 PIDEL Y11 PASVA
TVJ980,B38M,VTBS,VVPQ,2026-07-09T02:33:00Z,330,RW20L,,RYN1E,,,RYN R334 SAKDA
THA415,B789,VTBS,WMKK,2026-07-09T02:35:00Z,370,RW20L,,KASN1E,,,KASNI M757 KARMI
MMA711,A319,VYYY,ZGGG,2026-07-09T02:35:08Z,350,,,,,,BOMAS A581 BIGVO R202 PAE W25 NAN R215 TOMIP
HVN601,A321,VVTS,VTBS,2026-07-09T02:35:13Z,280,,RW19,,TUMG1C,R19,VAPVU P629 NUGPA
AIQ175,A20N,VTBD,VRMM,2026-07-09T02:36:00Z,320,RW21L,,PAST1B,,,PASTO L301 TANEK
ETD411,B78X,VTSP,OMAA,2026-07-09T02:37:00Z,380,RW27,,UBNE1B,,,UBNEN L645 SAPAM
MMA337,E190,VYMD,VTBS,2026-07-09T02:38:23Z,340,,RW19,,WILA1C,R19,LUDVI L507 IGONI
VJC801,A320,VVTS,VTBS,2026-07-09T02:39:03Z,340,,RW19,,TUMG1C,R19,VAPVU P629 NUGPA
HVN611,A321,VVNB,VTBS,2026-07-09T02:39:38Z,340,,RW19,,NORT1C,R19,VTN R470 UDN W21 NOBER
THA205,A320,VTBS,VTSP,2026-07-09T02:40:00Z,340,RW20L,RW27,VANK1E,SAVS1C,,VANKO Y8 SAVSA
THA103,A320,VTCC,VTBS,2026-07-09T02:40:00Z,310,RW36,RW19,PANT2C,NORT1C,R19,PANTA Y7 BLAFF DCT NORTA
THA242,A320,VTSG,VTBS,2026-07-09T02:41:00Z,330,RW14,RW19,OSPE1G,LEBI1C,R19,OSPEX Y99 NONEL Y98 LEBIM
VJC809,A321,VVTS,VTSP,2026-07-09T02:42:57Z,340,,RW27,,SAVS1C,,SAKDA R575 SMU W32 SAPUD Y8 SAVSA
AIQ3355,A320,VTUD,VTBD,2026-07-09T02:46:00Z,320,RW12,RW21R,ANPU1B,ENDU1B,R21R,Y22/Y23 KKN Y23 KRT Y20 UBLOD DCT ENDUU
TLM753,B738,VTSP,VTBD,2026-07-09T02:46:00Z,330,RW27,RW21R,IGEV1B,SABA1B,R21R,IGEVI Y5 EGUBO Y99 HOTEL DCT SABAI
NOK572,B738,VTBD,VTSB,2026-07-09T02:46:00Z,360,RW21L,RW22,SABI2B,IKER1B,R22,SABIS Y8 IKERA
THA301,A320,VTBS,VYYY,2026-07-09T02:47:00Z,320,RW20L,,NUNL1P,,,NUNLI L507 LUDVI
AIQ3511,A320,VTUI,VTBD,2026-07-09T02:48:00Z,320,RW23,RW21R,OMNI,ENDU1B,R21R,Y22/Y23 KKN Y23 KRT Y20 UBLOD DCT ENDUU
IGO1062,A20N,VTBS,VOMM,2026-07-09T02:49:00Z,320,RW20L,,PAST1E,,,PASTO L301 TANEK
NOK322,B738,VTBD,VTUU,2026-07-09T02:51:00Z,330,RW21L,RW23,ROBK3A,VENP1D,R23,ROBKA A1
CSN3055,B38M,ZGGG,VYYY,2026-07-09T02:52:07Z,340,,,,,,TOMIP R215 NAN R202 BIGVO A581 BOMAS
TLM808,B738,VTBD,VTSG,2026-07-09T02:53:00Z,340,RW21L,RW32,SABI2B,NULM1E,R32,SABIS Y8 SAPUD W32 NULMA
AXM832,A320,WMKK,VTSP,2026-07-09T02:53:01Z,380,,RW27,,URGA1C,,DUBAX R325 URGAD
ABY688,A21N,VTSP,OMSJ,2026-07-09T02:54:00Z,320,RW27,,UBNE1B,,,UBNEN L645 SAPAM
CPA717,A21N,VHHH,VTBS,2026-07-09T02:54:52Z,380,,RW19,,EAST1C,R19,BUTRA A1 UBL Y20 GRASO Y13 RUKSA
NOK522,B738,VTBD,VTSP,2026-07-09T02:55:00Z,360,RW21L,RW27,SABI2B,SAVS1C,,SABIS Y8 SAVSA
BKP924,AT76,VDSA,VTBS,2026-07-09T02:55:41Z,160,,RW19,,TUMG1C,R19,BOKAK B205 OLDIR P629 NUGPA
AIQ636,A320,VTBD,VVDN,2026-07-09T02:57:00Z,330,RW21L,,UPKU3A,,,UPKUP Y16 BUTRA
AIQ3038,A320,VTSP,VTBD,2026-07-09T02:57:00Z,370,RW27,RW21R,IGEV1B,SABA1B,R21R,IGEVI Y5 EGUBO Y99 HOTEL DCT SABAI
LAO224,AT76,VLSK,VLVT,2026-07-09T02:57:26Z,160,,,,,,SAV B460 ROT R470 VTN
BKP124,A319,VTSM,VTBS,2026-07-09T02:58:00Z,300,RW17,RW19,OLBA1B,LEBI1C,R19,OLBAG Y17 DONSI M769 LEBIM
NOK172,B738,VTBD,VTCN,2026-07-09T02:59:00Z,360,RW21L,RW02,UGUV1B,,R02,UGUVO Y27 IBUBU W25 NAN
AIQ3249,A20N,VTUK,VTBD,2026-07-09T02:59:00Z,280,RW21,RW21R,EMRU1A,ENDU1B,R21R,Y22/Y23 KKN Y23 KRT Y20 UBLOD DCT ENDUU
AIQ3399,A320,VTUW,VTBD,2026-07-09T02:59:00Z,360,RW15,RW21R,OMNI,ENDU1B,R21R,Y22/Y23 KKN Y23 KRT Y20 UBLOD DCT ENDUU
T7852,GLEX,VLVT,VTBD,2026-07-09T03:00:26Z,320,,RW21R,,NAKO1B,R21R,VTN R470 UDN W21 NOBER
MMA231,A319,VYYY,WSSS,2026-07-09T03:00:51Z,350,,,,,,EKAVO M626 IKOGA DCT PASVA
AIQ640,A320,VTBD,VVNB,2026-07-09T03:02:00Z,350,RW21L,,UGUV1B,,,UGUVO Y27 PIBAN Y29 PSL W26 CMP W21 UDN R470 VTN
ABD4800,B744,VHHH,VCBI,2026-07-09T03:02:56Z,340,,,,,,SAV A202 RAMEI Y20 BKK L301 TANEK
THA202,A320,VTSP,VTBS,2026-07-09T03:03:00Z,330,RW27,RW19,EMRI1B,LEBI1C,R19,EMRIT Y99 NONEL Y98 LEBIM
NOK542,B738,VTBD,VTSG,2026-07-09T03:04:00Z,360,RW21L,RW32,SABI2B,NULM1E,R32,SABIS Y8 SAPUD W32 NULMA
CXA8643,B738,ZGHA,VTBS,2026-07-09T03:05:56Z,340,,RW19,,NORT1C,R19,VTN R470 UDN W21 NOBER
CES9640,B738,VTCC,ZPPP,2026-07-09T03:06:00Z,300,RW36,,MONL2C,,,MONLO R207 IKISU W22 CTR A581 PONUK
AIQ762,A320,VTBD,VMMC,2026-07-09T03:06:00Z,330,RW21L,,ROBK3A,,,ROBKA A1 SANOT Y15 GUROK A202 SAV
HKC332,A332,VTBS,VHHH,2026-07-09T03:06:00Z,410,RW20L,,SELK1F,,,SELKA A1 SANOT Y15 GUROK A202 SAV
SIA728,B38M,WSSS,VTSP,2026-07-09T03:06:55Z,400,,RW27,,URGA1C,,DUBAX R325 URGAD
ANA848,B789,VTBS,RJTT,2026-07-09T03:07:00Z,370,RW20L,,LIPL1J,,,LIPLI Y16 BUTRA
AXM881,A320,VTBD,WMKK,2026-07-09T03:08:00Z,370,RW21L,,KIGO1B,,,KIGOB Y11 PASVA
BOX531,B77L,VTBS,EDDP,2026-07-09T03:09:00Z,300,RW20L,,TARE1E,,,TARED P646 BETNO
IGO1509,A20N,VOHS,VTBS,2026-07-09T03:09:05Z,350,,RW19,,WILA1C,R19,NURDA L524 IBETO
UAE391,A359,VTSP,OMDB,2026-07-09T03:10:00Z,400,RW27,,UBNE1B,,,UBNEN L645 SAPAM
JAL32,B789,VTBS,RJTT,2026-07-09T03:10:00Z,370,RW20L,,LIPL1J,,,LIPLI Y16 BUTRA
EVA067,B77W,RCTP,VTBS,2026-07-09T03:11:25Z,340,,RW19,,EAST1C,R19,BUTRA A1 UBL Y20 GRASO Y13 RUKSA
TLM533,B739,VTCT,VTBD,2026-07-09T03:12:00Z,350,RW21,RW21R,DUBE1A,NAKO1B,R21R,DUBEN Y28 BLAFF DCT NAKON
CXA853,A21N,ZSAM,VTBS,2026-07-09T03:12:40Z,340,,RW19,,EAST1C,R19,SAV A202 RAMEI W42 PAKRI Y13 RUKSA
BKP129,A319,VTBS,VTSM,2026-07-09T03:13:00Z,310,RW20L,RW17,KASN1E,,R17,KASNI M757 MABKO W33 SMU
THA431,A359,VTBS,WADD,2026-07-09T03:14:00Z,370,RW20L,,BUT1E,,,BUT M904 TIDAR
AIQ4125,A320,VTSP,VTBS,2026-07-09T03:15:00Z,370,RW27,RW19,EMRI1B,LEBI1C,R19,EMRIT Y99 NONEL Y98 LEBIM
BKP216,A320,VTCC,VTBS,2026-07-09T03:16:00Z,330,RW36,RW19,PANT2C,NORT1C,R19,PANTA Y7 BLAFF DCT NORTA
CSN8355,B738,ZGOW,VTBS,2026-07-09T03:16:10Z,280,,RW19,,EAST1C,R19,SAV A202 RAMEI W42 PAKRI Y13 RUKSA
CSZ309,A320,ZGSZ,VTBS,2026-07-09T03:16:19Z,340,,RW19,,EAST1C,R19,SAV A202 RAMEI W42 PAKRI Y13 RUKSA
CSH842,B38M,VTBS,ZSPD,2026-07-09T03:17:00Z,330,RW20L,,SELK1F,,,SELKA A1 SANOT Y15 GUROK A202 SAV
BKP223,A319,VTBS,VTCC,2026-07-09T03:18:00Z,320,RW20L,RW36,OLVU1E,MARN2A,R36,OLVUK Y26 MARNI
MFX5538,A21N,VVCR,UZTT,2026-07-09T03:18:29Z,320,,,,,,PAK B202 UBL G473 CMP W26 PSL G473 MAKAS
THA587,A320,VDTI,VTBS,2026-07-09T03:18:59Z,320,,RW19,,TUMG1C,R19,VAPVU P629 NUGPA
AIQ610,A320,VTBD,VDSA,2026-07-09T03:20:00Z,270,RW21L,,GORS1B,,,GORSI N506 GOMES B204 AGEDO
TVJ350,A320,VTBS,VTSB,2026-07-09T03:20:00Z,340,RW20L,RW22,VANK1E,IKER1B,R22,VANKO Y8 IKERA
BKP272,A319,VTSP,VTBS,2026-07-09T03:20:00Z,350,RW27,RW19,EMRI1B,LEBI1C,R19,EMRIT Y99 NONEL Y98 LEBIM
THA131,A320,VTCT,VTBS,2026-07-09T03:21:00Z,330,RW21,RW19,DUBE1A,NORT1C,R19,DUBEN Y28 BLAFF DCT NORTA
TVJ201,B38M,VTUD,VTBS,2026-07-09T03:22:00Z,340,RW12,RW19,ANPU1B,EAST1C,R19,Y22/Y23 KKN Y23 KRT Y20 UBLOD DCT EASTE
TLM754,B738,VTBD,VTSP,2026-07-09T03:22:00Z,340,RW21L,RW27,SABI2B,SAVS1C,,SABIS Y8 SAVSA
THA104,A320,VTBS,VTCC,2026-07-09T03:22:00Z,340,RW20L,RW36,OLVU1E,MARN2A,R36,OLVUK Y26 MARNI
UAE375,B77W,VTBS,OMDB,2026-07-09T03:24:00Z,340,RW20L,,PAST1E,,,PASTO L301 TANEK
CPA755,B773,VHHH,VTBS,2026-07-09T03:24:34Z,380,,RW19,,EAST1C,R19,BUTRA A1 UBL Y20 GRASO Y13 RUKSA
QTR839,B77W,VTBS,OTHH,2026-07-09T03:25:00Z,320,RW20L,,PAST1E,,,PASTO L301 TANEK
CSN8079,A20N,ZGGG,VTBS,2026-07-09T03:25:24Z,300,,RW19,,EAST1C,R19,SAV A202 RAMEI W42 PAKRI Y13 RUKSA
AIQ3254,A20N,VTBD,VTUK,2026-07-09T03:26:00Z,270,RW21L,RW03,ROBK3A,,R03,ROBKA A1 SELKA Y14 KRT Y23 KKN Y23/Y22
THA614,A359,VTBS,ZBAA,2026-07-09T03:27:00Z,360,RW20L,,UGUV1E,,,UGUVO Y27 PIBAN Y29 PSL W26 CMP W21 UDN R470 VTN
HVN51,B789,VVTS,EGLL,2026-07-09T03:27:13Z,280,,,,,,VAPVU P629 BKK L507 LUDVI
CSN8075,A321,ZGSZ,VTBS,2026-07-09T03:27:13Z,180,,RW19,,EAST1C,R19,SAV A202 RAMEI W42 PAKRI Y13 RUKSA
OMA834,B789,VTSP,OOMS,2026-07-09T03:28:00Z,400,RW27,,UBNE1B,,,UBNEN L645 SAPAM
TLM825,B738,VTST,VTBD,2026-07-09T03:28:00Z,240,RW08,RW21R,,SABA1B,R21R,TRN W24 BITEN Y99 HOTEL DCT SABAI
PTW914,AT75,VTBS,VYYY,2026-07-09T03:29:00Z,160,RW20L,,TARE1E,,,BETNO
TVJ102,A321,VTBS,VTCC,2026-07-09T03:29:00Z,340,RW20L,RW36,OLVU1E,MARN2A,R36,OLVUK Y26 MARNI
TLM507,B738,VTCC,VTBD,2026-07-09T03:30:00Z,330,RW36,RW21R,PANT2C,NAKO1B,R21R,PANTA Y7 BLAFF DCT NAKON
BHD211,C750,VTUK,VTCT,2026-07-09T03:30:00Z,240,RW21,RW03,ONUV1B,,R03,CMP W16 PANKU W15 PAE DCT IKISU W22 BENVI
AIQ3427,A21N,VTBD,VTCC,2026-07-09T03:30:00Z,320,RW21L,RW36,OLVU1B,MARN2A,R36,OLVUK Y26 MARNI
VAM04,DC3T,VTPP,VTUN,2026-07-09T03:30:00Z,90,RW32,RW24,PEBL1A,,,PEBLI W9 BLAFF
CSC3995,A21N,ZUTF,WMKK,2026-07-09T03:30:48Z,340,,,,,,VTN R470 UDN W21 BKK M904 BUT Y11 PASVA
HKE705,A21N,VTBS,VHHH,2026-07-09T03:31:00Z,370,RW20L,,LIPL1J,,,LIPLI Y16 BUTRA
AIQ635,A21N,VVDN,VTBD,2026-07-09T03:31:38Z,340,,RW21R,,ENDU1B,R21R,BUTRA A1 UBL Y20 UBLOD
MXD184,B38M,WMKK,VNKT,2026-07-09T03:31:42Z,340,,,,,,DUBAX R325 PUT L515 IKULA
BKP125,A319,VTBS,VTSM,2026-07-09T03:33:00Z,310,RW20L,RW17,KASN1E,,R17,KASNI M757 MABKO W33 SMU
EVA211,B77W,RCTP,VTBS,2026-07-09T03:33:18Z,340,,RW19,,EAST1C,R19,BUTRA A1 UBL Y20 GRASO Y13 RUKSA
AIQ4105,A320,VTCC,VTBS,2026-07-09T03:34:00Z,370,RW36,RW19,PANT2C,NORT1C,R19,PANTA Y7 BLAFF DCT NORTA
AIQ3118,A320,VTBD,VTSS,2026-07-09T03:35:00Z,370,RW21L,RW26,KASN1B,OBLE1B,R26,KASNI M757 OBLEX
AZG8586,B744,VTBS,UBBB,2026-07-09T03:35:00Z,320,RW20L,,TARE1E,,,TARED P646 BETNO
THA204,A21N,VTSP,VTBS,2026-07-09T03:35:00Z,350,RW27,RW19,EMRI1B,LEBI1C,R19,EMRIT Y99 NONEL Y98 LEBIM
AIQ657,A320,VVTS,VTBD,2026-07-09T03:35:12Z,320,,RW21R,,SEHN1B,R21R,VAPVU P629 NUGPA
BKP941,AT76,VTBS,VLLB,2026-07-09T03:36:00Z,170,RW20L,,NOBE1P,,,NOBER W21 UDN R470 VTN
THY209,A359,WSSS,LTFM,2026-07-09T03:36:12Z,360,,,,,,DUBAX R325 PUT L759 TAVUN
VSV5333,B38M,VVCR,UAII,2026-07-09T03:36:33Z,340,,,,,,PAK B202 UBL R470 ROT Y22 KKN W16 CMP W26 PSL G473 MAKAS
KAL660,A333,VTBS,RKSI,2026-07-09T03:37:00Z,370,RW20L,,LIPL1J,,,LIPLI Y16 BUTRA
HKE739,A21N,VTCC,VHHH,2026-07-09T03:37:00Z,370,RW36,,MONL2C,,,MONLO W12 NAN R215 TOMIP
AIC2146,A21N,WADD,VIDP,2026-07-09T03:37:57Z,320,,,,,,DUBAX R325 PUT L759 TAVUN
TLM705,B738,VTSS,VTBD,2026-07-09T03:38:00Z,360,RW26,RW21R,DAND1C,SABA1B,R21R,DANDO M769 GOKEX Y96 EMTIX Y99 HOTEL DCT SABAI
NOK101,B738,VTCT,VTBD,2026-07-09T03:39:00Z,370,RW21,RW21R,DUBE1A,NAKO1B,R21R,DUBEN Y28 BLAFF DCT NAKON
TVJ304,A321,VTBS,VTSP,2026-07-09T03:39:00Z,340,RW20L,RW27,VANK1E,SAVS1C,,VANKO Y8 SAVSA
AXM866,A320,WMKK,VTSG,2026-07-09T03:39:07Z,360,,RW32,,TUNR1E,R32,TAMOS A457 HTY W14 TRN W32 TUNRA
THA668,A359,VTBS,ZGGG,2026-07-09T03:41:00Z,370,RW20L,,SELK1F,,,SELKA A1 SANOT Y15 GUROK A202 SAV
AIQ3212,A21N,VTBD,VTSG,2026-07-09T03:42:00Z,360,RW21L,RW32,SABI2B,NULM1E,R32,SABIS Y8 SAPUD W32 NULMA
AIQ3117,A320,VTSS,VTBD,2026-07-09T03:43:00Z,380,RW26,RW21R,DAND1C,SABA1B,R21R,DANDO M769 GOKEX Y96 EMTIX Y99 HOTEL DCT SABAI
AIQ3030,A21N,VTSP,VTBD,2026-07-09T03:43:00Z,370,RW27,RW21R,IGEV1B,SABA1B,R21R,IGEVI Y5 EGUBO Y99 HOTEL DCT SABAI
THA319,A320,VTBS,VNKT,2026-07-09T03:44:00Z,340,RW20L,,NUNL1P,,,NUNLI L507 LUDVI
AIQ3542,A20N,VTBD,VTUL,2026-07-09T03:44:00Z,340,RW21L,RW19,NOBE2B,,R19,NOBER W21 CMP B218 BOVGO
VPCTS,GLF6,WIII,VTBD,2026-07-09T03:44:16Z,400,,RW21R,,SEHN1B,R21R,ABTOK M644 RYN
THA628,A320,VTBS,VHHH,2026-07-09T03:45:00Z,330,RW20L,,SELK1F,,,SELKA A1 SANOT Y15 GUROK A202 SAV
QTR843,B77W,VTSP,OTHH,2026-07-09T03:45:00Z,340,RW27,,UBNE1B,,,UBNEN L645 SAPAM
KZR932,A21N,VTBS,UAAA,2026-07-09T03:47:00Z,320,RW20L,,TARE1E,,,TARED G463 BETNO
AIQ5423,A320,VTSB,VTCC,2026-07-09T03:47:00Z,390,RW04,RW36,NIXE1C,MARN2A,R36,NIXET Y99 BKK Y26 MARNI
CCA413,A21N,ZUTF,VTSP,2026-07-09T03:47:52Z,320,,RW27,,IGEV1C,,VTN R470 ELNET
TVJ414,A320,VTCC,VTSP,2026-07-09T03:48:00Z,370,RW36,RW27,PANT2C,SAVS1C,,PANTA Y7 BKK Y8 SAVSA
AIQ3130,A320,VTBD,VTSC,2026-07-09T03:48:00Z,370,RW21L,RW20,KASN1B,,R20,KASNI M757 ROBDA W19 NTW
FDX5148,B763,VTBS,WSSS,2026-07-09T03:49:00Z,350,RW20L,,KASN1E,,,KASNI M757 KARMI
SIA722,A359,WSSS,VTBS,2026-07-09T03:49:31Z,400,,RW19,,TUMG1C,R19,ABTOK M644 ALUMO Y12 ALEMI
NOK124,B738,VTBD,VTCC,2026-07-09T03:50:00Z,360,RW21L,RW36,OLVU1B,MARN2A,R36,OLVUK Y26 MARNI
AIQ3202,A320,VTCT,VTBD,2026-07-09T03:50:00Z,370,RW21,RW21R,DUBE1A,NAKO1B,R21R,DUBEN Y28 BLAFF DCT NAKON
AMU995,A321,VTBS,VMMC,2026-07-09T03:51:00Z,330,RW20L,,SELK1F,,,SELKA A1 SANOT Y15 GUROK A202 SAV
AIQ3374,A20N,VTBD,VTUU,2026-07-09T03:52:00Z,330,RW21L,RW23,ROBK3A,VENP1D,R23,ROBKA A1
THA042,A21N,VTBS,VTUK,2026-07-09T03:53:00Z,250,RW20L,RW03,SELK1F,,R03,SELKA Y14 KRT Y23 KKN Y23/Y22
THA321,A333,VTBS,VGHS,2026-07-09T03:55:00Z,360,RW20L,,NUNL1P,,,NUNLI L507 LUDVI
AIQ357,A21N,VTBD,WSSS,2026-07-09T03:56:00Z,350,RW21L,,KIGO1B,,,KIGOB Y11 PASVA
AFL285,B77W,VTSP,UUEE,2026-07-09T03:58:00Z,300,RW27,,SATV1A,,,SATVA L759 TAVUN
AIQ323,A320,VTBD,WMKP,2026-07-09T03:58:00Z,370,RW21L,,KASN1B,,,KASNI M757 KARMI
BKP127,AT76,VTBS,VTSM,2026-07-09T03:59:00Z,170,RW20L,RW17,KASN1E,,R17,KASNI M757 MABKO W33 SMU
MMA336,A320,VTBS,VYYY,2026-07-09T04:00:00Z,340,RW20L,,TARE1E,,,TARED G463 BETNO
BKP275,A319,VTBS,VTSP,2026-07-09T04:01:00Z,340,RW20L,RW27,VANK1E,SAVS1C,,VANKO Y8 SAVSA
CQH8891,A320,ZSPD,VTBS,2026-07-09T04:01:30Z,320,,RW19,,EAST1C,R19,SAV A202 RAMEI W42 PAKRI Y13 RUKSA
AIQ3564,A320,VTBD,VTUV,2026-07-09T04:02:00Z,290,RW21L,RW36,ROBK3A,,R36,ROBKA A1 TOPER W42 RAMEI W38
AIQ3436,A320,VTCC,VTBD,2026-07-09T04:02:00Z,350,RW36,RW21R,PANT2C,NAKO1B,R21R,PANTA Y7 BLAFF DCT NAKON
THA618,A21N,VTBS,ZUTF,2026-07-09T04:03:00Z,340,RW20L,,UGUV1E,,,UGUVO Y27 IBUBU W25 NAN R215 TOMIP
BKP293,AT76,VTSM,VTBU,2026-07-09T04:03:00Z,180,RW17,RW18,OLBA1B,,R18,OLBAG Y17 DONSI M769 SURMA W42 ASEKU DCT BUT
BKP250,AT76,VTSP,VTSM,2026-07-09T04:03:00Z,150,RW27,RW17,EMRI1B,,R17,EMRIT Y99 AKVUG Y93 SMU
THA207,A320,VTBS,VTSP,2026-07-09T04:04:00Z,340,RW20L,RW27,VANK1E,SAVS1C,,VANKO Y8 SAVSA
CAL834,A333,VTBS,RCTP,2026-07-09T04:06:00Z,350,RW20L,,LIPL1J,,,LIPLI Y16 BUTRA
BKP452,AT76,VTSM,VTBD,2026-07-09T04:06:00Z,160,RW17,RW21R,OLBA1B,SABA1B,R21R,OLBAG Y17 DONSI M769 GOKEX Y96 EMTIX Y99 HOTEL DCT SABAI
TVJ960,B38M,VTBS,VVDN,2026-07-09T04:08:00Z,330,RW20L,,LIPL1J,,,LIPLI Y16 BUTRA
IGO1074,A21N,VTSP,VIDP,2026-07-09T04:08:00Z,360,RW27,,SATV1A,,,SATVA L759 TAVUN
AIQ3923,A320,VTBD,VTCL,2026-07-09T04:08:00Z,320,RW21L,RW36,OLVU1B,IBIR1A,R36,OLVUK Y26 BEBUV Y33 IBIRI
CHH429,B38M,ZBAA,VTBS,2026-07-09T04:08:00Z,360,,RW19,,NORT1C,R19,VTN R470 UDN W21 NOBER
THA551,A320,VVTS,VTBS,2026-07-09T04:08:09Z,320,,RW19,,TUMG1C,R19,VAPVU P629 NUGPA
PAL730,B77W,RPLL,VTBS,2026-07-09T04:08:15Z,340,,RW19,,TUMG1C,R19,TUPGO M633 DULEM DCT GOMES
THA664,A359,VTBS,ZSPD,2026-07-09T04:10:00Z,360,RW20L,,UGUV1E,,,UGUVO Y27 PIBAN Y29 PSL W26 CMP W21 UDN R470 VTN
TLM508,B739,VTBD,VTCC,2026-07-09T04:10:00Z,320,RW21L,RW36,OLVU1B,MARN2A,R36,OLVUK Y26 MARNI
CBJ419,A320,ZSHC,VTBS,2026-07-09T04:10:05Z,300,,RW19,,NORT1C,R19,VTN R470 UDN W21 NOBER
TGW682,E290,WSSS,VTSG,2026-07-09T04:10:49Z,380,,RW32,,TUNR1E,R32,TAMOS A457 HTY W14 TRN W32 TUNRA
TGW661,E290,VTSM,WSSS,2026-07-09T04:12:00Z,350,RW17,,RUMV1A,,,RUMVA Y95 IKOGA Y24 PASVA
OMS464,A21N,VTBS,OOMS,2026-07-09T04:12:00Z,320,RW20L,,PAST1E,,,PASTO L301 TANEK
TLM604,B738,VTBD,VTUD,2026-07-09T04:13:00Z,310,RW21L,RW30,ROBK3A,ANPU1A,R30,ROBKA A1 SELKA Y14 KRT Y23 KKN Y23/Y22
CHH7940,A20N,VTBS,ZJHK,2026-07-09T04:14:00Z,330,RW20L,,SELK1F,,,SELKA A1 SANOT Y15 GUROK A202 SAV
AXM833,A320,VTSP,WMKK,2026-07-09T04:14:00Z,390,RW27,,REBE1B,,,REBED B579 DALAN
CPA750,A333,VTBS,VHHH,2026-07-09T04:15:00Z,410,RW20L,,LIPL1J,,,LIPLI Y16 BUTRA
AIQ3159,A320,VTSP,VTCC,2026-07-09T04:16:00Z,370,RW27,RW36,IGEV1B,MARN2A,R36,IGEVI Y5 EGUBO Y99 BKK Y26 MARNI
BKP253,AT76,VTSM,VTSP,2026-07-09T04:16:00Z,140,RW17,RW27,DORN1A,SAVS1C,,DORNA W32 SAPUD Y8 SAVSA
CAL831,A359,RCTP,VTBS,2026-07-09T04:16:09Z,400,,RW19,,EAST1C,R19,BUTRA A1 UBL Y20 GRASO Y13 RUKSA
TVJ965,B38M,VVDN,VTBS,2026-07-09T04:16:54Z,340,,RW19,,EAST1C,R19,BUTRA A1 UBL Y20 GRASO Y13 RUKSA
CQH7502,A320,VTBS,ZUTF,2026-07-09T04:17:00Z,320,RW20L,,UGUV1E,,,UGUVO Y27 IBUBU W25 NAN R215 TOMIP
THA561,A320,VVNB,VTBS,2026-07-09T04:17:59Z,340,,RW19,,NORT1C,R19,VTN R470 UDN W21 NOBER
CEB930,A21N,VTBS,RPLL,2026-07-09T04:20:00Z,330,RW20L,,GOME1E,,,GOMES B204 AGEDO
NOK503,B738,VTSS,VTBD,2026-07-09T04:20:00Z,380,RW26,RW21R,DAND1C,SABA1B,R21R,DANDO M769 GOKEX Y96 EMTIX Y99 HOTEL DCT SABAI
LAO303,AT75,VLVT,VLPS,2026-07-09T04:20:18Z,170,,,,,,VTN R470 UBL B202 PAK
FFM3610,B738,WMKK,VTSG,2026-07-09T04:20:33Z,260,,RW32,,TUNR1E,R32,TAMOS A457 HTY W14 TRN W32 TUNRA
VHULJ,LJ60,WSSL,VECC,2026-07-09T04:20:48Z,400,,,,,,DUBAX R325 PUT L515 IKULA
TGW625,B788,VTBS,WSSS,2026-07-09T04:22:00Z,390,RW20L,,BUT1E,,,BUT Y11 PASVA
AIQ157,A320,VTCC,VTSS,2026-07-09T04:22:00Z,370,RW36,RW26,PANT2C,OBLE1B,R26,PANTA Y7 BKK M757 OBLEX
S3AGC,C130,VGHS,VTBD,2026-07-09T04:23:33Z,130,,RW21R,,WEHA1B,R21R,BETNO G463 TARED
T7A187,GLEX,VTSG,WIHH,2026-07-09T04:24:00Z,410,RW14,,TUNR1G,,,TUNRA W32 TRN W14 HTY A464 KARMI
NOK323,B738,VTUU,VTBD,2026-07-09T04:24:00Z,320,RW23,RW21R,ASAB1B,ENDU1B,R21R,Y20 UBLOD DCT ENDUU
AIQ3209,A320,VTBD,VTCT,2026-07-09T04:24:00Z,360,RW21L,RW03,UGUV1B,,R03,UGUVO Y27 IKISU W22 BENVI
CHH424,B38M,VTBS,ZUCK,2026-07-09T04:26:00Z,320,RW20L,,UGUV1E,,,UGUVO Y27 IBUBU W25 NAN R215 TOMIP
TLM708,B738,VTBD,VTSS,2026-07-09T04:26:00Z,350,RW21L,RW26,KASN1B,OBLE1B,R26,KASNI M757 OBLEX
SJX741,A359,RCTP,VTBS,2026-07-09T04:26:18Z,400,,RW19,,EAST1C,R19,BUTRA A1 UBL Y20 GRASO Y13 RUKSA
HKE725,A21N,VTSP,VHHH,2026-07-09T04:27:00Z,370,RW27,,EMRI1B,,,EMRIT Y99 NONEL Y98 SURMA W42 TOPER A1 SANOT Y15 GUROK A202 SAV
CBY111,AT75,VTBD,VTSB,2026-07-09T04:27:00Z,160,RW21L,RW22,SABI2B,IKER1B,R22,SABIS Y8 IKERA
NOK573,B738,VTSB,VTBD,2026-07-09T04:28:00Z,350,RW04,RW21R,NIXE1C,SABA1B,R21R,NIXET Y99 HOTEL DCT SABAI
TVJ324,A321,VTBS,VTSS,2026-07-09T04:28:00Z,330,RW20L,RW26,KASN1E,OBLE1B,R26,KASNI M757 OBLEX
CES6087,B738,ZPPP,VTBS,2026-07-09T04:28:13Z,320,,RW19,,NORT1C,R19,VTN R470 UDN W21 NOBER
BTN700,A319,VECC,VTBS,2026-07-09T04:28:43Z,390,,RW19,,WILA1C,R19,LUDVI L507 IGONI
CSN8099,A321,ZGGG,VTBS,2026-07-09T04:28:58Z,300,,RW19,,EAST1C,R19,SAV A202 RAMEI W42 PAKRI Y13 RUKSA
THA612,A320,VTBS,ZPPP,2026-07-09T04:29:00Z,340,RW20L,,UGUV1E,,,UGUVO Y27 IBUBU W25 NAN R215 TOMIP
TVJ721,A320,VDTI,VTBS,2026-07-09T04:29:12Z,300,,RW19,,TUMG1C,R19,VAPVU P629 NUGPA
MXD752,B38M,VTBD,WMKK,2026-07-09T04:30:00Z,330,RW21L,,KASN1B,,,KASNI M757 KARMI
THA206,A320,VTSP,VTBS,2026-07-09T04:30:00Z,330,RW27,RW19,EMRI1B,LEBI1C,R19,EMRIT Y99 NONEL Y98 LEBIM
GIA866,B738,WIII,VTBS,2026-07-09T04:30:52Z,320,,RW19,,TUMG1C,R19,ABTOK M644 ALUMO Y12 ALEMI
BKP1186,AT76,VTSM,VTBS,2026-07-09T04:31:00Z,160,RW17,RW19,OLBA1B,LEBI1C,R19,OLBAG Y17 DONSI M769 LEBIM
BKP242,A319,VTCC,VTSM,2026-07-09T04:31:00Z,370,RW36,RW17,PANT2C,,R17,PANTA Y7 BKK M757 MABKO W33 SMU
TVJ220,B38M,VTBS,VTUU,2026-07-09T04:31:00Z,330,RW20L,RW23,SELK1F,VENP1C,R23,SELKA A1
AIQ647,A320,VVCR,VTBD,2026-07-09T04:31:17Z,280,,RW21R,,SEHN1B,R21R,VAPVU P629 NUGPA
TLM644,B738,VTBD,VTUK,2026-07-09T04:32:00Z,250,RW21L,RW03,ROBK3A,,R03,ROBKA A1 SELKA Y14 KRT Y23 KKN Y23/Y22
MMA360,A319,VYYY,VTBD,2026-07-09T04:32:52Z,330,,RW21R,,WEHA1B,R21R,BETNO G463 TARED
BKP131,A319,VTBS,VTSM,2026-07-09T04:33:00Z,310,RW20L,RW17,KASN1E,,R17,KASNI M757 MABKO W33 SMU
DHK037,B763,VTBS,OBBI,2026-07-09T04:34:00Z,320,RW20L,,PAST1E,,,PASTO L301 TANEK
AIQ3184,A320,VTBD,VTSF,2026-07-09T04:34:00Z,350,RW21L,RW19,KASN1B,,R19,KASNI M757 LOSDA Y94 NKS
BTK7631,A320,WIII,VTBD,2026-07-09T04:34:41Z,320,,RW21R,,SEHN1B,R21R,ABTOK M644 ALUMO Y12 ALEMI
TLM784,B738,VTBD,VTSF,2026-07-09T04:36:00Z,310,RW21L,RW19,KASN1B,,R19,KASNI M757 LOSDA Y94 NKS
UBG315,A333,VGHS,WMKK,2026-07-09T04:36:12Z,350,,,,,,EKAVO M626 IKOGA Y24 PASVA
MAS785,B38M,VTBS,WMKK,2026-07-09T04:37:00Z,350,RW20L,,KASN1E,,,KASNI M757 KARMI
AIQ3239,A21N,VTBD,VTSB,2026-07-09T04:38:00Z,340,RW21L,RW22,SABI2B,IKER1B,R22,SABIS Y8 IKERA
HVN600,A321,VTBS,VVTS,2026-07-09T04:38:00Z,330,RW20L,,GOME1E,,,GOMES N506 BOKAK
CQH7431,A20N,ZSNB,VTBS,2026-07-09T04:39:12Z,320,,RW19,,EAST1C,R19,SAV A202 RAMEI W42 PAKRI Y13 RUKSA
CSC3909,A21N,ZUTF,WSSS,2026-07-09T04:39:47Z,340,,,,,,VTN R470 UDN W21 BKK M904 BUT Y11 PASVA
QTR935,B77W,RPLL,OTHH,2026-07-09T04:40:41Z,340,,,,,,TUPGO M633 TANEK
AKJ618,B38M,VABB,VTSP,2026-07-09T04:41:06Z,350,,RW27,,UPSA1C,,IKULA L515 UPSAB
AXM882,A21N,WMKK,VTBD,2026-07-09T04:41:36Z,360,,RW21R,,SABA1B,R21R,RIGTO M769 GOKEX Y96 EMTIX Y99 HOTEL
VJC802,A320,VTBS,VVTS,2026-07-09T04:42:00Z,330,RW20L,,GOME1E,,,GOMES N506 BOKAK
NOK173,B738,VTCN,VTBD,2026-07-09T04:42:00Z,360,RW20,RW21R,OMNI,NAKO1B,R21R,W29 PSL Y28 BLAFF DCT NAKON
TLM510,B739,VTBD,VTCC,2026-07-09T04:42:00Z,320,RW21L,RW36,OLVU1B,MARN2A,R36,OLVUK Y26 MARNI
VJC808,A321,VTSP,VVTS,2026-07-09T04:43:00Z,290,RW27,,ONET1B,,,ONETI R575 SAKDA
BKP905,AT76,VTBS,VDSA,2026-07-09T04:44:00Z,170,RW20L,,GOME1E,,,GOMES N506 BOKAK
AIQ3003,A320,VTBD,VTSP,2026-07-09T04:44:00Z,360,RW21L,RW27,SABI2B,SAVS1C,,SABIS Y8 SAVSA
CSN358,A21N,VTBS,ZGGG,2026-07-09T04:45:00Z,330,RW20L,,SELK1F,,,SELKA A1 SANOT Y15 GUROK A202 SAV
AIQ3394,A20N,VTBD,VTUW,2026-07-09T04:47:00Z,370,RW21L,RW15,ROBK3A,,R15,ROBKA A1 SELKA Y14 KRT Y23 KKN Y23/Y22
CCA555,B38M,ZBAA,VTBS,2026-07-09T04:47:21Z,320,,RW19,,NORT1C,R19,VTN R470 UDN W21 NOBER
MMA338,E190,VTBS,VYMD,2026-07-09T04:48:00Z,360,RW20L,,NUNL1P,,,NUNLI L507 LUDVI
TVJ968,B38M,VTBS,VVCR,2026-07-09T04:50:00Z,330,RW20L,,GOME1E,,,GOMES N506 BOKAK
NOK523,B738,VTSP,VTBD,2026-07-09T04:50:00Z,370,RW27,RW21R,IGEV1B,SABA1B,R21R,IGEVI Y5 EGUBO Y99 HOTEL DCT SABAI
BKP130,A319,VTSM,VTBS,2026-07-09T04:51:00Z,300,RW17,RW19,OLBA1B,LEBI1C,R19,OLBAG Y17 DONSI M769 LEBIM
CSH854,B38M,VTBS,ZSPD,2026-07-09T04:52:00Z,330,RW20L,,SELK1F,,,SELKA A1 SANOT Y15 GUROK A202 SAV
TLM809,B738,VTSG,VTBD,2026-07-09T04:52:00Z,330,RW14,RW21R,OSPE1G,SABA1B,R21R,OSPEX Y99 HOTEL DCT SABAI
HVN610,A321,VTBS,VVNB,2026-07-09T04:54:00Z,340,RW20L,,UGUV1E,,,UGUVO Y27 PIBAN Y29 PSL W26 CMP W21 UDN R470 VTN
AXM867,A320,VTSG,WMKK,2026-07-09T04:56:00Z,370,RW14,,TUNR1G,,,TUNRA W32 TRN W14 HTY A464 KARMI
RTN2113,E135,VTSB,VTBD,2026-07-09T04:56:00Z,290,RW04,RW21R,NIXE1C,SABA1B,R21R,NIXET Y99 HOTEL DCT SABAI
VAG137,A321,VVNB,VTBS,2026-07-09T04:56:05Z,300,,RW19,,NORT1C,R19,VTN R470 UDN W21 NOBER
MMA502,A319,WMKK,VYYY,2026-07-09T04:56:14Z,360,,,,,,RIGTO M769 SORTO M626 EKAVO
THA132,A320,VTBS,VTCT,2026-07-09T04:57:00Z,300,RW20L,RW03,UGUV1E,,R03,UGUVO Y27 IKISU W22 BENVI
BBC584,B738,VGHS,WSSS,2026-07-09T04:57:14Z,310,,,,,,EKAVO M626 IKOGA Y24 PASVA
MAS788,B738,WMKK,VTBS,2026-07-09T04:57:24Z,320,,RW19,,LEBI1C,R19,RIGTO M769 LEBIM
EVA258,A321,VTCC,RCTP,2026-07-09T04:58:00Z,350,RW36,,MONL2C,,,MONLO R207 NAN R215 TOMIP
CKK278,B77L,VTBS,VVNB,2026-07-09T05:00:00Z,310,RW20L,,UGUV1E,,,UGUVO Y27 PIBAN Y29 PSL W26 CMP W21 UDN R470 VTN
AIQ510,A320,VTBD,WMKJ,2026-07-09T05:00:00Z,350,RW21L,,KIGO1B,,,KIGOB Y11 PASVA
NOK543,B738,VTSG,VTBD,2026-07-09T05:00:00Z,370,RW14,RW21R,OSPE1G,SABA1B,R21R,OSPEX Y99 HOTEL DCT SABAI
THA630,A320,VTBS,RCKH,2026-07-09T05:02:00Z,330,RW20L,,LIPL1J,,,LIPLI Y16 BUTRA
AIQ3255,A20N,VTUK,VTBD,2026-07-09T05:02:00Z,280,RW21,RW21R,EMRU1A,ENDU1B,R21R,Y22/Y23 KKN Y23 KRT Y20 UBLOD DCT ENDUU
THA413,A21N,VTBS,WSSS,2026-07-09T05:03:00Z,330,RW20L,,BUT1E,,,BUT Y11 PASVA
TVJ351,A320,VTSB,VTBS,2026-07-09T05:04:00Z,330,RW04,RW19,NIXE1C,LEBI1C,R19,NIXET Y99 NONEL Y98 LEBIM
BKP133,A319,VTBS,VTSM,2026-07-09T05:05:00Z,310,RW20L,RW17,KASN1E,,R17,KASNI M757 MABKO W33 SMU
TVJ981,B38M,VVPQ,VTBS,2026-07-09T05:05:44Z,340,,RW19,,TUMG1C,R19,SAKDA R334 RYN
AIQ557,A20N,ZUCK,VTBD,2026-07-09T05:06:34Z,340,,RW21R,,NAKO1B,R21R,VTN R470 UDN W21 NOBER
AIQ3552,A320,VTBD,VTCN,2026-07-09T05:07:00Z,340,RW21L,RW02,UGUV1B,,R02,UGUVO Y27 IBUBU W25 NAN
KLM844,B77W,VTBS,EHAM,2026-07-09T05:08:00Z,320,RW20L,,TARE1E,,,TARED G463 BETNO
THA105,A320,VTCC,VTBS,2026-07-09T05:08:00Z,330,RW36,RW19,PANT2C,NORT1C,R19,PANTA Y7 BLAFF DCT NORTA
RLH5041,B737,ZPLJ,VTBS,2026-07-09T05:09:14Z,340,,RW19,,NORT1C,R19,VTN R470 UDN W21 NOBER
AIQ611,A320,VDSA,VTBD,2026-07-09T05:09:43Z,300,,RW21R,,SEHN1B,R21R,TUPGO M633 DULEM
BKP807,A319,VTSM,VHHH,2026-07-09T05:10:00Z,320,RW17,,OLBA1B,,,OLBAG Y17 DONSI M769 SURMA W42 TOPER A1 SANOT Y15 GUROK A202 SAV
IGO1510,A20N,VTBS,VOHS,2026-07-09T05:10:00Z,340,RW20L,,PAST1E,,,PASTO L301 TANEK
AIQ3543,A20N,VTUL,VTBD,2026-07-09T05:11:00Z,340,RW19,RW21R,BOVG1A,NAKO1B,R21R,BOVGO B218 CMP W21 NOBER DCT NAKON
BKP224,A319,VTCC,VTBS,2026-07-09T05:11:00Z,330,RW36,RW19,PANT2C,NORT1C,R19,PANTA Y7 BLAFF DCT NORTA
CSC9391,A321,ZGNN,VTBS,2026-07-09T05:12:29Z,340,,RW19,,NORT1C,R19,VTN R470 UDN W21 NOBER
MXD522,B738,WMKK,VTBD,2026-07-09T05:12:43Z,340,,RW21R,,SABA1B,R21R,RIGTO M769 GOKEX Y96 EMTIX Y99 HOTEL
AIQ3428,A21N,VTCC,VTBD,2026-07-09T05:13:00Z,350,RW36,RW21R,PANT2C,NAKO1B,R21R,PANTA Y7 BLAFF DCT NAKON
THA106,A320,VTBS,VTCC,2026-07-09T05:13:00Z,300,RW20L,RW36,OLVU1E,MARN2A,R36,OLVUK Y26 MARNI
ABY824,A21N,VTBS,OMSJ,2026-07-09T05:14:00Z,360,RW20L,,PAST1E,,,PASTO L301 TANEK
VJC901,A321,VVNB,VTBS,2026-07-09T05:16:03Z,340,,RW19,,NORT1C,R19,VTN R470 UDN W21 NOBER
AXM824,A320,WMKK,VTSP,2026-07-09T05:17:12Z,380,,RW27,,URGA1C,,DUBAX R325 URGAD
VJC803,A321,VVTS,VTBS,2026-07-09T05:17:48Z,340,,RW19,,TUMG1C,R19,VAPVU P629 NUGPA
CXA8644,B738,VTBS,ZGHA,2026-07-09T05:18:00Z,370,RW20L,,SELK1F,,,SELKA A1 SANOT Y15 GUROK A202 SAV
CPA770,A333,VTSP,VHHH,2026-07-09T05:19:00Z,390,RW27,,EMRI1B,,,EMRIT Y99 NONEL Y98 SURMA W42 XIKMA Y16 BUTRA
CSN3056,B38M,VYYY,ZGGG,2026-07-09T05:19:33Z,350,,,,,,BOMAS A581 BIGVO R202 NAN R215 TOMIP
IGO1064,A21N,VTBS,VIDP,2026-07-09T05:20:00Z,340,RW20L,,TARE1E,,,TARED P646 BETNO
AIQ3565,A320,VTUV,VTBD,2026-07-09T05:21:00Z,300,RW18,RW21R,ANKI1A,ENDU1B,R21R,W38 RAMEI Y20 UBLOD DCT ENDUU
EVA201,B77W,RCTP,VTBS,2026-07-09T05:21:37Z,340,,RW19,,EAST1C,R19,BUTRA A1 UBL Y20 GRASO Y13 RUKSA
CAL852,A21N,VTCC,RCTP,2026-07-09T05:22:00Z,350,RW36,,KABM2C,,,KABMU W15 PAE W25 NAN R215 TOMIP
ALK404,A21N,VCBI,VTBS,2026-07-09T05:22:07Z,350,,RW19,,WILA1C,R19,PUMOR L877 MIGAR L524 IBETO
TGW670,E290,WSSS,VTCT,2026-07-09T05:22:07Z,380,,RW03,,,R03,GOLUD M751 BKK Y27 IKISU W22 BENVI
THA659,A359,RKSI,VTBS,2026-07-09T05:23:27Z,400,,RW19,,EAST1C,R19,BUTRA A1 UBL Y20 GRASO Y13 RUKSA
TLM755,B738,VTSP,VTBD,2026-07-09T05:24:00Z,330,RW27,RW21R,IGEV1B,SABA1B,R21R,IGEVI Y5 EGUBO Y99 HOTEL DCT SABAI
CSZ310,A320,VTBS,ZGSZ,2026-07-09T05:25:00Z,330,RW20L,,SELK1F,,,SELKA A1 SANOT Y15 GUROK A202 SAV
AIQ308,A320,VTSS,WMKK,2026-07-09T05:25:00Z,310,RW26,,KARM1C,,,KARMI
TLM736,B738,VTBD,VTSB,2026-07-09T05:25:00Z,320,RW21L,RW22,SABI2B,IKER1B,R22,SABIS Y8 IKERA
TVJ103,A321,VTCC,VTBS,2026-07-09T05:25:00Z,330,RW36,RW19,PANT2C,NORT1C,R19,PANTA Y7 BLAFF DCT NORTA
CSN5095,B38M,ZGGG,VTBS,2026-07-09T05:25:52Z,290,,RW19,,EAST1C,R19,SAV A202 RAMEI W42 PAKRI Y13 RUKSA
SIA727,B38M,VTSP,WSSS,2026-07-09T05:26:00Z,370,RW27,,EPGO1B,,,EPGOT W14 HTY A334 PASVA
BKP105,A319,VTBS,VTSM,2026-07-09T05:26:00Z,310,RW20L,RW17,KASN1E,,R17,KASNI M757 MABKO W33 SMU
DRK541,A20N,WSSS,VEGT,2026-07-09T05:26:36Z,380,,,,,,KADAX M626 EKAVO
TAX606,A333,VTBD,RJAA,2026-07-09T05:27:00Z,370,RW21L,,UPKU3A,,,UPKUP Y16 BUTRA
THA043,A21N,VTUK,VTBS,2026-07-09T05:27:00Z,240,RW21,RW19,EMRU1A,EAST1C,R19,Y22/Y23 KKN Y23 KRT Y20 UBLOD DCT EASTE
SIA842,B78X,WSSS,ZUTF,2026-07-09T05:27:01Z,400,,,,,,GOLUD M751 BKK Y27 IKISU W22 CTR A581 PONUK
CXA854,A21N,VTBS,ZSAM,2026-07-09T05:28:00Z,370,RW20L,,SELK1F,,,SELKA A1 SANOT Y15 GUROK A202 SAV
THA302,A320,VYYY,VTBS,2026-07-09T05:28:02Z,310,,RW19,,WILA1C,R19,BETNO G463 TARED
BKP265,AT76,VTSM,VTSG,2026-07-09T05:29:00Z,140,RW17,RW32,DORN1A,NULM1E,R32,DORNA W32 NULMA
AIQ3375,A20N,VTUU,VTBD,2026-07-09T05:29:00Z,320,RW23,RW21R,ASAB1B,ENDU1B,R21R,Y20 UBLOD DCT ENDUU
AMU936,A21N,VMMC,VTBS,2026-07-09T05:30:07Z,340,,RW19,,EAST1C,R19,SAV A202 RAMEI W42 PAKRI Y13 RUKSA
TVJ970,B38M,VTBS,VVTS,2026-07-09T05:31:00Z,330,RW20L,,GOME1E,,,GOMES N506 BOKAK
KZR604,A21N,VTSP,UAAA,2026-07-09T05:32:00Z,340,RW27,,SUSI1A,,,SUSID G331 PADET
NOK125,B738,VTCC,VTBD,2026-07-09T05:32:00Z,370,RW36,RW21R,PANT2C,NAKO1B,R21R,PANTA Y7 BLAFF DCT NAKON
ORCA06,SF34,VTSB,VTSS,2026-07-09T05:32:00Z,150,RW04,RW26,TOGI1D,ELRE1B,R26,TOGIM W17 ELREM
THA570,A320,VTBS,VLVT,2026-07-09T05:33:00Z,290,RW20L,,NOBE1P,,,NOBER W21 UDN R470 VTN
TLM756,B739,VTBD,VTSP,2026-07-09T05:33:00Z,340,RW21L,RW27,SABI2B,SAVS1C,,SABIS Y8 SAVSA
AIQ3211,A21N,VTSG,VTBD,2026-07-09T05:33:00Z,370,RW14,RW21R,OSPE1G,SABA1B,R21R,OSPEX Y99 HOTEL DCT SABAI
KAL657,B77W,RKSI,VTBS,2026-07-09T05:33:16Z,340,,RW19,,EAST1C,R19,BUTRA A1 UBL Y20 GRASO Y13 RUKSA
AIQ3924,A320,VTCL,VTBD,2026-07-09T05:34:00Z,330,RW18,RW21R,VENA1C,NAKO1B,R21R,VENAG W23 PSL Y28 BLAFF DCT NAKON
CSC9400,A321,VTBS,ZGNN,2026-07-09T05:35:00Z,340,RW20L,,UGUV1E,,,UGUVO Y27 PIBAN Y29 PSL W26 CMP W21 UDN R470 VTN
TLM538,B738,VTBD,VTCT,2026-07-09T05:35:00Z,360,RW21L,RW03,UGUV1B,,R03,UGUVO Y27 IKISU W22 BENVI
KMI714,B734,VGHS,VTBS,2026-07-09T05:35:41Z,290,,RW19,,WILA1C,R19,BETNO G463 TARED
AIQ4118,A320,VTBS,VTCC,2026-07-09T05:36:00Z,340,RW20L,RW36,OLVU1E,MARN2A,R36,OLVUK Y26 MARNI
SIA761,B38M,VYYY,WSSS,2026-07-09T05:36:06Z,350,,,,,,EKAVO M626 IKOGA Y24 PASVA
AIQ3358,A21N,VTBD,VTUD,2026-07-09T05:37:00Z,270,RW21L,RW30,ROBK3A,ANPU1A,R30,ROBKA A1 SELKA Y14 KRT Y23 KKN Y23/Y22
AIC2354,A20N,VABB,VTBS,2026-07-09T05:37:21Z,330,,RW19,,WILA1C,R19,BETNO P646 TARED
CSN8356,B738,VTBS,ZGOW,2026-07-09T05:38:00Z,330,RW20L,,SELK1F,,,SELKA A1 SANOT Y15 GUROK A202 SAV
IGO1072,A21N,VTSP,VABB,2026-07-09T05:38:00Z,360,RW27,,UBNE1B,,,UBNEN L645 SAPAM
TVJ110,B38M,VTBS,VTCC,2026-07-09T05:40:00Z,340,RW20L,RW36,OLVU1E,MARN2A,R36,OLVUK Y26 MARNI
AIQ1040,A320,VTBD,VLVT,2026-07-09T05:40:00Z,330,RW21L,,NOBE2B,,,NOBER W21 UDN R470 VTN
TVJ305,A321,VTSP,VTBS,2026-07-09T05:40:00Z,330,RW27,RW19,EMRI1B,LEBI1C,R19,EMRIT Y99 NONEL Y98 LEBIM
AAR744,A21N,VTBS,RKSI,2026-07-09T05:41:00Z,330,RW20L,,LIPL1J,,,LIPLI Y16 BUTRA
THA404,A359,WSSS,VTBS,2026-07-09T05:42:35Z,380,,RW19,,TUMG1C,R19,ABTOK M644 ALUMO Y12 ALEMI
EVA075,B77W,VTBS,EHAM,2026-07-09T05:43:00Z,320,RW20L,,TARE1E,,,TARED P646 BETNO
TVJ821,B38M,RJBB,VTBS,2026-07-09T05:43:05Z,340,,RW19,,EAST1C,R19,BUTRA A1 UBL Y20 GRASO Y13 RUKSA
NOK126,B738,VTBD,VTCC,2026-07-09T05:44:00Z,360,RW21L,RW36,OLVU1B,MARN2A,R36,OLVUK Y26 MARNI
AIQ637,A320,VVDN,VTBD,2026-07-09T05:44:20Z,340,,RW21R,,ENDU1B,R21R,BUTRA A1 UBL Y20 UBLOD
AIQ4110,A320,VTBS,VTSP,2026-07-09T05:45:00Z,360,RW20L,RW27,VANK1E,SAVS1C,,VANKO Y8 SAVSA
MAS794,B738,WMKK,VTSP,2026-07-09T05:45:25Z,320,,RW27,,URGA1C,,DUBAX R325 URGAD
AIQ583,A320,ZPPP,VTBD,2026-07-09T05:45:45Z,360,,RW21R,,NAKO1B,R21R,VTN R470 UDN W21 NOBER
AIQ660,A320,VTBD,VVPQ,2026-07-09T05:46:00Z,330,RW21L,,RYN1B,,,RYN R334 SAKDA
BKP405,AT76,VTSM,VTSP,2026-07-09T05:46:00Z,140,RW17,RW27,DORN1A,SAVS1C,,DORNA W32 SAPUD Y8 SAVSA
THA922,B77W,VTBS,EDDF,2026-07-09T05:47:00Z,340,RW20L,,NUNL1P,,,NUNLI L507 LUDVI
CPA653,A333,VHHH,VTBS,2026-07-09T05:47:10Z,400,,RW19,,EAST1C,R19,BUTRA A1 UBL Y20 GRASO Y13 RUKSA
UBG217,B738,VGHS,VTBS,2026-07-09T05:47:30Z,330,,RW19,,WILA1C,R19,LUDVI L507 IGONI
AIQ3005,A320,VTBD,VTSP,2026-07-09T05:48:00Z,360,RW21L,RW27,SABI2B,SAVS1C,,SABIS Y8 SAVSA
AFL295,A359,VVCR,UUEE,2026-07-09T05:48:20Z,280,,,,,,VAPVU P629 BKK L507 LUDVI
THA004,A320,VTBS,VTUD,2026-07-09T05:49:00Z,270,RW20L,RW30,SELK1F,ANPU1A,R30,SELKA Y14 KRT Y23 KKN Y23/Y22
TAX601,A333,RJAA,VTBD,2026-07-09T05:50:10Z,380,,RW21R,,ENDU1B,R21R,BUTRA A1 UBL Y20 UBLOD
BKP273,A320,VTBS,VTSP,2026-07-09T05:51:00Z,340,RW20L,RW27,VANK1E,SAVS1C,,VANKO Y8 SAVSA
TLM605,B738,VTUD,VTBD,2026-07-09T05:51:00Z,320,RW12,RW21R,ANPU1B,ENDU1B,R21R,Y22/Y23 KKN Y23 KRT Y20 UBLOD DCT ENDUU
BKP281,AT76,VTBU,VTSP,2026-07-09T05:53:00Z,180,RW18,RW27,BKK1A,SAVS1C,,BUT DCT ASEKU W42 MENEX Y8 SAVSA
AIQ3131,A320,VTSC,VTBD,2026-07-09T05:55:00Z,380,RW20,RW21R,OMNI,SABA1B,R21R,NTW W19 UPNEP M626 SORTO M769 GOKEX Y96 EMTIX Y99 HOTEL DCT SABAI
FFM3611,B738,VTSG,WMKK,2026-07-09T05:56:00Z,330,RW14,,TUNR1G,,,TUNRA W32 TRN W14 HTY A464 KARMI
BKP254,AT76,VTSP,VTSM,2026-07-09T05:57:00Z,150,RW27,RW17,EMRI1B,,R17,EMRIT Y99 AKVUG Y93 SMU
THA263,A320,VTBS,VTSS,2026-07-09T05:59:00Z,330,RW20L,RW26,KASN1E,OBLE1B,R26,KASNI M757 OBLEX
SIA710,B78X,WSSS,VTBS,2026-07-09T05:59:08Z,380,,RW19,,TUMG1C,R19,ABTOK M644 ALUMO Y12 ALEMI
HVN605,A21N,VVTS,VTBS,2026-07-09T05:59:28Z,280,,RW19,,TUMG1C,R19,VAPVU P629 NUGPA
BKP217,A319,VTBS,VTCC,2026-07-09T06:00:00Z,340,RW20L,RW36,OLVU1E,MARN2A,R36,OLVUK Y26 MARNI
CQH7301,A320,ZSFZ,VTBS,2026-07-09T06:00:49Z,320,,RW19,,EAST1C,R19,SAV A202 RAMEI W42 PAKRI Y13 RUKSA
AXM101,A320,WMKK,ZPPP,2026-07-09T06:00:53Z,360,,,,,,RIGTO M769 BKK Y27 IBUBU W25 NAN R215 TOMIP
THY65,A333,VTBS,LTFM,2026-07-09T06:02:00Z,360,RW20L,,TARE1E,,,TARED P646 BETNO
TLM581,B739,VTCC,VTBU,2026-07-09T06:02:00Z,330,RW36,RW18,PANT2C,,R18,PANTA Y7 BKK
CSN8076,A321,VTBS,ZGSZ,2026-07-09T06:03:00Z,330,RW20L,,SELK1F,,,SELKA A1 SANOT Y15 GUROK A202 SAV
BKP276,A319,VTSP,VTBS,2026-07-09T06:03:00Z,350,RW27,RW19,EMRI1B,LEBI1C,R19,EMRIT Y99 NONEL Y98 LEBIM
NOK592,B738,VTBD,VTST,2026-07-09T06:04:00Z,380,RW21L,RW08,SABI2B,,R08,SABIS Y8 SAPUD W24 TRN
ICL860,B744,VHHH,OMDW,2026-07-09T06:04:33Z,280,,,,,,SAV A202 OKENA W43 CMP G473 MAKAS
TGW646,E290,WSSS,VTSS,2026-07-09T06:05:08Z,380,,RW26,,TAXE1B,R26,PASVA A334 TAXEB
AFR199,A359,VTBS,LFPG,2026-07-09T06:06:00Z,340,RW20L,,VANK1E,,,VANKO Y8 PUT L645 SAPAM
CBY111,AT75,VTSB,VTBD,2026-07-09T06:06:00Z,150,RW04,RW21R,NIXE1C,SABA1B,R21R,NIXET Y99 HOTEL DCT SABAI
CBJ619,A20N,ZSNJ,VTBS,2026-07-09T06:07:33Z,300,,RW19,,EAST1C,R19,SAV A202 RAMEI W42 PAKRI Y13 RUKSA
AIQ1030,A320,VTBD,VLLB,2026-07-09T06:08:00Z,350,RW21L,,NOBE2B,,,NOBER W21 UDN R470 VTN
SIA7432,B77L,VTBS,RKSI,2026-07-09T06:08:00Z,340,RW20L,,UGUV1E,,,UGUVO Y27 PIBAN Y29 PSL W26 CMP W21 UDN R470 VTN
THA208,A320,VTSP,VTBS,2026-07-09T06:08:00Z,330,RW27,RW19,EMRI1B,LEBI1C,R19,EMRIT Y99 NONEL Y98 LEBIM
UZB554,B788,WMKK,UZTT,2026-07-09T06:08:57Z,400,,,,,,DUBAX R325 PUT L759 TAVUN
BKP132,A319,VTSM,VTBS,2026-07-09T06:09:00Z,300,RW17,RW19,OLBA1B,LEBI1C,R19,OLBAG Y17 DONSI M769 LEBIM
TLM645,B738,VTUK,VTBD,2026-07-09T06:09:00Z,240,RW21,RW21R,EMRU1A,ENDU1B,R21R,Y22/Y23 KKN Y23 KRT Y20 UBLOD DCT ENDUU
VPCTS,GLF6,VTBD,ZHCC,2026-07-09T06:10:00Z,410,RW21L,,UGUV1B,,,UGUVO Y27 PIBAN Y29 PSL W26 CMP W21 UDN R470 VTN
CQH8892,A320,VTBS,ZSPD,2026-07-09T06:10:00Z,330,RW20L,,SELK1F,,,SELKA A1 SANOT Y15 GUROK A202 SAV
CES5082,B38M,WSSS,ZPPP,2026-07-09T06:10:22Z,340,,,,,,ABTOK M644 RYN N891 BKK Y27 IKISU W22 CTR A581 PONUK
THA916,B77W,VTBS,EGLL,2026-07-09T06:11:00Z,320,RW20L,,NUNL1P,,,NUNLI L507 LUDVI
TVJ221,B38M,VTUU,VTBS,2026-07-09T06:11:00Z,340,RW23,RW19,ASAB1B,EAST1C,R19,Y20 GRASO Y13 RUKSA DCT EASTE
AIQ3210,A320,VTCT,VTBD,2026-07-09T06:11:00Z,370,RW21,RW21R,DUBE1A,NAKO1B,R21R,DUBEN Y28 BLAFF DCT NAKON
AIQ3091,A21N,VTBD,VTSP,2026-07-09T06:12:00Z,360,RW21L,RW27,SABI2B,SAVS1C,,SABIS Y8 SAVSA
ORCA303,SF34,VTSB,VTSF,2026-07-09T06:13:00Z,90,RW04,RW19,SEGR1C,,R19,SAPUD W28 SEGRA
SWR181,B77W,VTBS,LSZH,2026-07-09T06:14:00Z,320,RW20L,,NUNL1P,,,NUNLI L507 LUDVI
CSN8080,A20N,VTBS,ZGGG,2026-07-09T06:16:00Z,330,RW20L,,SELK1F,,,SELKA A1 SANOT Y15 GUROK A202 SAV
CQH6465,A320,ZGNN,VTBS,2026-07-09T06:16:03Z,300,,RW19,,NORT1C,R19,VTN R470 UDN W21 NOBER
THA439,A320,VTBS,WADD,2026-07-09T06:17:00Z,330,RW20L,,BUT1E,,,BUT M904 TIDAR
KAL9358,B744,VTBS,RKSI,2026-07-09T06:19:00Z,330,RW20L,,LIPL1J,,,LIPLI Y16 BUTRA
THA683,A359,RJTT,VTBS,2026-07-09T06:19:37Z,360,,RW19,,EAST1C,R19,BUTRA A1 UBL Y20 GRASO Y13 RUKSA
BKP453,AT76,VTBD,VTSM,2026-07-09T06:20:00Z,170,RW21L,RW17,KASN1B,,R17,KASNI M757 MABKO W33 SMU
THA660,A359,VTBS,RJTT,2026-07-09T06:21:00Z,370,RW20L,,LIPL1J,,,LIPLI Y16 BUTRA
CES541,B789,ZSPD,VTBS,2026-07-09T06:21:02Z,300,,RW19,,EAST1C,R19,SAV A202 RAMEI W42 PAKRI Y13 RUKSA
AXM856,A20N,WMKK,VTCC,2026-07-09T06:21:16Z,360,,RW36,,MARN2A,R36,RIGTO M769 BKK Y26 MARNI
CSN3081,A20N,ZGGG,VTBS,2026-07-09T06:21:52Z,300,,RW19,,EAST1C,R19,SAV A202 RAMEI W42 PAKRI Y13 RUKSA
TVJ325,A321,VTSS,VTBS,2026-07-09T06:22:00Z,340,RW26,RW19,DAND1C,LEBI1C,R19,DANDO M769 LEBIM
AIQ3185,A320,VTSF,VTBD,2026-07-09T06:22:00Z,380,RW01,RW21R,TAWI1A,SABA1B,R21R,NKS Y94 DOXAS M769 GOKEX Y96 EMTIX Y99 HOTEL DCT SABAI
ORCA660,SF34,VTSB,VTSS,2026-07-09T06:22:00Z,150,RW04,RW26,TOGI1D,ELRE1B,R26,TOGIM W17 ELREM
AIQ324,A320,WMKP,VTBD,2026-07-09T06:22:11Z,380,,RW21R,,SABA1B,R21R,RIGTO M769 GOKEX Y96 EMTIX Y99 HOTEL
AXM884,A20N,WMKK,VTBD,2026-07-09T06:22:31Z,380,,RW21R,,SABA1B,R21R,RIGTO M769 GOKEX Y96 EMTIX Y99 HOTEL
TGW638,A320,WSSS,VTBS,2026-07-09T06:22:51Z,360,,RW19,,TUMG1C,R19,ABTOK M644 ALUMO Y12 ALEMI
THA634,B772,VTBS,RCTP,2026-07-09T06:23:00Z,410,RW20L,,LIPL1J,,,LIPLI Y16 BUTRA
AIQ9242,A320,VTCC,RCTP,2026-07-09T06:24:00Z,330,RW36,,MONL2C,,,MONLO R207 ANBOK
TLM512,B739,VTBD,VTCC,2026-07-09T06:25:00Z,320,RW21L,RW36,OLVU1B,MARN2A,R36,OLVUK Y26 MARNI
AIQ3240,A21N,VTSB,VTBD,2026-07-09T06:25:00Z,350,RW04,RW21R,NIXE1C,SABA1B,R21R,NIXET Y99 HOTEL DCT SABAI
CBJ420,A320,VTBS,ZSHC,2026-07-09T06:26:00Z,330,RW20L,,SELK1F,,,SELKA A1 SANOT Y15 GUROK A202 SAV
MMA361,A319,VTBD,VYMD,2026-07-09T06:27:00Z,360,RW21L,,NUNL1B,,,NUNLI L507 LUDVI
TLM785,B738,VTSF,VTBD,2026-07-09T06:27:00Z,320,RW01,RW21R,TAWI1A,SABA1B,R21R,NKS Y94 DOXAS M769 GOKEX Y96 EMTIX Y99 HOTEL DCT SABAI
AIQ4103,A320,VTCC,VTBS,2026-07-09T06:27:00Z,370,RW36,RW19,PANT2C,NORT1C,R19,PANTA Y7 BLAFF DCT NORTA
THA416,B789,WMKK,VTBS,2026-07-09T06:27:16Z,400,,RW19,,LEBI1C,R19,RIGTO M769 LEBIM
ORCA06,SF34,VTSS,VTSB,2026-07-09T06:28:00Z,140,RW26,RW22,ELRE1C,SEGR1A,R22,ELREM W17 SAPUD
AFL644,B738,UHWW,VTBS,2026-07-09T06:28:11Z,320,,RW19,,NORT1C,R19,VTN R470 UDN W21 NOBER
EVA212,B77W,VTBS,RCTP,2026-07-09T06:29:00Z,370,RW20L,,LIPL1J,,,LIPLI Y16 BUTRA
RTN2113,E135,VTBD,VTBU,2026-07-09T06:30:00Z,90,RW21L,RW18,KIGO1B,,R18,KIGOB
SIA707,B78X,VTBS,WSSS,2026-07-09T06:32:00Z,370,RW20L,,BUT1E,,,BUT Y11 PASVA
TLM709,B738,VTSS,VTBD,2026-07-09T06:32:00Z,360,RW26,RW21R,DAND1C,SABA1B,R21R,DANDO M769 GOKEX Y96 EMTIX Y99 HOTEL DCT SABAI
AFL629,A333,VTSP,ULLI,2026-07-09T06:33:00Z,320,RW27,,SATV1A,,,SATVA L759 TAVUN
SIA732,B38M,WSSS,VTSP,2026-07-09T06:33:45Z,400,,RW27,,URGA1C,,DUBAX R325 URGAD
TGW683,E290,VTSG,WSSS,2026-07-09T06:34:00Z,350,RW14,,TUNR1G,,,TUNRA W32 TRN W14 HTY A334 PASVA
AXM825,A320,VTSP,WMKK,2026-07-09T06:34:00Z,370,RW27,,REBE1B,,,REBED B579 DALAN
CPA754,B773,VTBS,VHHH,2026-07-09T06:34:00Z,370,RW20L,,LIPL1J,,,LIPLI Y16 BUTRA
AIQ3142,A320,VTBD,VTSR,2026-07-09T06:35:00Z,340,RW21L,RW02,SABI2B,,R02,SABIS Y8 MENEX W34 RAN
AIQ3395,A20N,VTUW,VTBD,2026-07-09T06:35:00Z,360,RW15,RW21R,OMNI,ENDU1B,R21R,Y22/Y23 KKN Y23 KRT Y20 UBLOD DCT ENDUU
THA645,B789,RJGG,VTBS,2026-07-09T06:35:50Z,380,,RW19,,EAST1C,R19,BUTRA A1 UBL Y20 GRASO Y13 RUKSA
EVA067,B77W,VTBS,EGLL,2026-07-09T06:36:00Z,300,RW20L,,TARE1E,,,TARED P646 BETNO
MMA504,A319,WMKK,VYYY,2026-07-09T06:36:10Z,360,,,,,,RIGTO M769 SORTO M626 EKAVO
AIQ641,A320,VVNB,VTBD,2026-07-09T06:36:25Z,360,,RW21R,,NAKO1B,R21R,VTN R470 UDN W21 NOBER
AFL293,A333,VVTS,UUEE,2026-07-09T06:37:30Z,320,,,,,,VAPVU P629 BKK L507 LUDVI
THY52,A333,VTBS,VDTI,2026-07-09T06:38:00Z,330,RW20L,,GOME1E,,,GOMES N506 BOKAK
TLM712,B738,VTBD,VTSS,2026-07-09T06:39:00Z,350,RW21L,RW26,KASN1B,OBLE1B,R26,KASNI M757 OBLEX
TLM511,B739,VTCC,VTBD,2026-07-09T06:39:00Z,330,RW36,RW21R,PANT2C,NAKO1B,R21R,PANTA Y7 BLAFF DCT NAKON
BKP305,AT76,VTBS,VTBO,2026-07-09T06:40:00Z,150,RW20L,,RYN1E,,,RYN
TVJ204,A320,VTBS,VTUD,2026-07-09T06:40:00Z,330,RW20L,RW30,SELK1F,ANPU1A,R30,SELKA Y14 KRT Y23 KKN Y23/Y22
AIQ3004,A320,VTSP,VTBD,2026-07-09T06:41:00Z,370,RW27,RW21R,IGEV1B,SABA1B,R21R,IGEVI Y5 EGUBO Y99 HOTEL DCT SABAI
NOK524,B738,VTBD,VTSP,2026-07-09T06:41:00Z,360,RW21L,RW27,SABI2B,SAVS1C,,SABIS Y8 SAVSA
JAL31,B77W,RJTT,VTBS,2026-07-09T06:41:25Z,340,,RW19,,EAST1C,R19,BUTRA A1 UBL Y20 GRASO Y13 RUKSA
TVJ334,A320,VTBS,VTSF,2026-07-09T06:42:00Z,330,RW20L,RW19,KASN1E,,R19,KASNI M757 LOSDA Y94 NKS
BKP942,AT76,VLLB,VTBS,2026-07-09T06:42:15Z,180,,RW19,,NORT1C,R19,VTN R470 UDN W21 NOBER
HVN615,A321,VVNB,VTBS,2026-07-09T06:42:50Z,340,,RW19,,NORT1C,R19,VTN R470 UDN W21 NOBER
CAL832,A359,VTBS,RCTP,2026-07-09T06:43:00Z,370,RW20L,,LIPL1J,,,LIPLI Y16 BUTRA
AIQ3425,A20N,VTBD,VTCC,2026-07-09T06:43:00Z,320,RW21L,RW36,OLVU1B,MARN2A,R36,OLVUK Y26 MARNI
TVJ417,A320,VTSP,VTCC,2026-07-09T06:43:00Z,370,RW27,RW36,IGEV1B,MARN2A,R36,IGEVI Y5 EGUBO Y99 BKK Y26 MARNI
NOK574,B738,VTBD,VTSB,2026-07-09T06:44:00Z,360,RW21L,RW22,SABI2B,IKER1B,R22,SABIS Y8 IKERA
ORCA303,SF34,VTSF,VTSB,2026-07-09T06:44:00Z,100,RW01,RW22,PUYO1A,SEGR1A,R22,SEGRA W28 SAPUD
VAG131,A321,VVTS,VTBS,2026-07-09T06:44:09Z,320,,RW19,,TUMG1C,R19,VAPVU P629 NUGPA
TVJ132,B38M,VTBS,VTCT,2026-07-09T06:45:00Z,340,RW20L,RW03,UGUV1E,,R03,UGUVO Y27 IKISU W22 BENVI
AIQ3162,A320,VTCC,VTSP,2026-07-09T06:45:00Z,350,RW36,RW27,PANT2C,SAVS1C,,PANTA Y7 BKK Y8 SAVSA
NOK364,B738,VTBD,VTUI,2026-07-09T06:46:00Z,350,RW21L,RW05,ROBK3A,,R05,ROBKA A1 SELKA Y14 KRT Y23 KKN Y23/Y22
AIQ3553,A320,VTCN,VTBD,2026-07-09T06:46:00Z,320,RW20,RW21R,OMNI,NAKO1B,R21R,W29 PSL Y28 BLAFF DCT NAKON
AFL659,A20N,VTBS,UIII,2026-07-09T06:47:00Z,320,RW20L,,UGUV1E,,,UGUVO Y27 PIBAN Y29 PSL W26 CMP W21 UDN R470 VTN
CPA774,A21N,VTBS,VHHH,2026-07-09T06:48:00Z,370,RW20L,,LIPL1J,,,LIPLI Y16 BUTRA
AIQ3203,A20N,VTBD,VTCT,2026-07-09T06:48:00Z,380,RW21L,RW03,UGUV1B,,R03,UGUVO Y27 IKISU W22 BENVI
CRK775,A320,VHHH,VTBS,2026-07-09T06:49:04Z,340,,RW19,,EAST1C,R19,SAV A202 RAMEI W42 PAKRI Y13 RUKSA
AXM883,A21N,VTBD,WMKK,2026-07-09T06:50:00Z,370,RW21L,,KIGO1B,,,KIGOB Y11 PASVA
CES6088,B738,VTBS,ZPPP,2026-07-09T06:50:00Z,320,RW20L,,UGUV1E,,,UGUVO Y27 IKISU W22 CTR A581 PONUK
SIA764,B38M,WSSS,VYYY,2026-07-09T06:50:53Z,360,,,,,,KADAX M626 EKAVO
THA133,A320,VTCT,VTBS,2026-07-09T06:51:00Z,310,RW21,RW19,DUBE1A,NORT1C,R19,DUBEN Y28 BLAFF DCT NORTA
AIQ158,A320,VTSS,VTCC,2026-07-09T06:51:00Z,380,RW26,RW36,DAND1C,MARN2A,R36,DANDO M769 BKK Y26 MARNI
THA110,A320,VTBS,VTCC,2026-07-09T06:52:00Z,340,RW20L,RW36,OLVU1E,MARN2A,R36,OLVUK Y26 MARNI
PAL731,B77W,VTBS,RPLL,2026-07-09T06:53:00Z,330,RW20L,,GOME1E,,,GOMES B204 AGEDO
CCA483,A21N,ZUTF,WMKK,2026-07-09T06:53:54Z,340,,,,,,VTN R470 UDN W21 BKK M904 BUT Y11 PASVA
THA649,B788,RJFF,VTBS,2026-07-09T06:53:59Z,380,,RW19,,EAST1C,R19,BUTRA A1 UBL Y20 GRASO Y13 RUKSA
TLM556,B738,VTBD,VTPP,2026-07-09T06:54:00Z,220,RW21L,RW32,UGUV1B,,R32,UGUVO Y27 PIBAN
TVJ961,B38M,VVDN,VTBS,2026-07-09T06:54:39Z,340,,RW19,,EAST1C,R19,BUTRA A1 UBL Y20 GRASO Y13 RUKSA
CES741,B738,ZPPP,VTBS,2026-07-09T06:54:39Z,340,,RW19,,NORT1C,R19,VTN R470 UDN W21 NOBER
BKP906,AT76,VDSA,VTBS,2026-07-09T06:56:03Z,160,,RW19,,TUMG1C,R19,BOKAK B205 OLDIR P629 NUGPA
BKP963,A319,VTSM,WSSS,2026-07-09T06:57:00Z,330,RW17,,RUMV1A,,,RUMVA Y95 IKOGA Y24 PASVA
BKP135,A319,VTBS,VTSM,2026-07-09T06:57:00Z,310,RW20L,RW17,KASN1E,,R17,KASNI M757 MABKO W33 SMU
ANA847,B789,RJTT,VTBS,2026-07-09T06:57:03Z,380,,RW19,,EAST1C,R19,BUTRA A1 UBL Y20 GRASO Y13 RUKSA
BKP266,AT76,VTSG,VTSM,2026-07-09T06:58:00Z,150,RW14,RW17,OSPE1G,,R17,OSPEX Y99 AKVUG Y93 SMU
AIQ3223,A320,VTBD,VTSG,2026-07-09T06:58:00Z,360,RW21L,RW32,SABI2B,NULM1E,R32,SABIS Y8 SAPUD W32 NULMA
CQH7432,A20N,VTBS,ZSNB,2026-07-09T07:00:00Z,330,RW20L,,SELK1F,,,SELKA A1 SANOT Y15 GUROK A202 SAV
AKJ619,B38M,VTSP,VABB,2026-07-09T07:00:00Z,340,RW27,,UPSA1B,,,UPSAB L515 IKULA
MMA333,A320,VYYY,VTBS,2026-07-09T07:00:33Z,330,,RW19,,WILA1C,R19,BETNO P646 TARED
BTN701,A319,VTBS,VECC,2026-07-09T07:01:00Z,380,RW20L,,NUNL1P,,,NUNLI L507 LUDVI
AIQ3233,A20N,VTBD,VTSB,2026-07-09T07:01:00Z,340,RW21L,RW22,SABI2B,IKER1B,R22,SABIS Y8 IKERA
THA601,B77W,VHHH,VTBS,2026-07-09T07:01:18Z,340,,RW19,,EAST1C,R19,SAV A202 RAMEI W42 PAKRI Y13 RUKSA
THA671,B789,RJCC,VTBS,2026-07-09T07:02:18Z,360,,RW19,,EAST1C,R19,BUTRA A1 UBL Y20 GRASO Y13 RUKSA
LKY627,C130,VTBD,VTBD,2026-07-09T07:03:00Z,220,RW21L,RW21R,SEMB2B,NAKO1B,R21R,SEMBO A464 BEKOD DCT PSL W9 BLAFF
CCA414,A21N,VTSP,ZUTF,2026-07-09T07:04:00Z,350,RW27,,EMRI1B,,,EMRIT Y99 BKK Y27 IBUBU W25 NAN R215 TOMIP
CSN8100,A321,VTBS,ZGGG,2026-07-09T07:04:00Z,330,RW20L,,SELK1F,,,SELKA A1 SANOT Y15 GUROK A202 SAV
AIQ654,A21N,VTBD,VVTS,2026-07-09T07:05:00Z,330,RW21L,,GORS1B,,,GORSI N506 BOKAK
THA107,A320,VTCC,VTBS,2026-07-09T07:05:00Z,310,RW36,RW19,PANT2C,NORT1C,R19,PANTA Y7 BLAFF DCT NORTA
CSN6063,A20N,ZGGG,VTSP,2026-07-09T07:05:12Z,340,,RW27,,SAVS1C,,SAV A202 RAMEI W42 MENEX Y8 SAVSA
AIQ481,A320,ZGHA,VTBD,2026-07-09T07:05:57Z,360,,RW21R,,NAKO1B,R21R,VTN R470 UDN W21 NOBER
CHH430,B38M,VTBS,ZBAA,2026-07-09T07:06:00Z,320,RW20L,,UGUV1E,,,UGUVO Y27 PIBAN Y29 PSL W26 CMP W21 UDN R470 VTN
BTK7630,A320,VTBD,WIII,2026-07-09T07:07:00Z,310,RW21L,,KIGO1B,,,KIGOB Y11 PASVA
BKP142,A319,VTSM,VTBS,2026-07-09T07:07:00Z,300,RW17,RW19,OLBA1B,LEBI1C,R19,OLBAG Y17 DONSI M769 LEBIM
TVJ2300,A320,VTBS,VTSP,2026-07-09T07:07:00Z,340,RW20L,RW27,VANK1E,SAVS1C,,VANKO Y8 SAVSA
AFL635,A333,VTSP,UNKL,2026-07-09T07:08:00Z,350,RW27,,EMRI1B,,,EMRIT Y99 BKK Y27 IKISU W22 CTR A581 PONUK
TVJ106,B38M,VTBS,VTCC,2026-07-09T07:09:00Z,340,RW20L,RW36,OLVU1E,MARN2A,R36,OLVUK Y26 MARNI
CUH2641,B738,ZHLY,VTBS,2026-07-09T07:09:07Z,300,,RW19,,NORT1C,R19,VTN R470 UDN W21 NOBER
MXD540,B738,WMKK,VTSP,2026-07-09T07:10:41Z,340,,RW27,,URGA1C,,DUBAX R325 URGAD
IGO1604,A21N,VTBS,VABB,2026-07-09T07:11:00Z,320,RW20L,,PAST1E,,,PASTO L301 TANEK
BKP144,A319,VTSM,VTBS,2026-07-09T07:11:00Z,300,RW17,RW19,OLBA1B,LEBI1C,R19,OLBAG Y17 DONSI M769 LEBIM
THA484,B788,YPPH,VTBS,2026-07-09T07:11:01Z,390,,RW19,,TUMG1C,R19,ABTOK M644 ALUMO Y12 ALEMI
BKP406,AT76,VTSP,VTSM,2026-07-09T07:12:00Z,150,RW27,RW17,EMRI1B,,R17,EMRIT Y99 AKVUG Y93 SMU
BHD211,C750,VTCT,VTBD,2026-07-09T07:12:00Z,250,RW21,RW21R,DUBE1A,NAKO1B,R21R,DUBEN Y28 BLAFF DCT NAKON
GFA155,B789,RPLL,OBBI,2026-07-09T07:12:22Z,340,,,,,,TUPGO M633 TANEK
RLH5042,B737,VTBS,ZPLJ,2026-07-09T07:13:00Z,320,RW20L,,UGUV1E,,,UGUVO Y27 IBUBU W25 NAN R215 TOMIP
PAL654,B77W,RPLL,OERK,2026-07-09T07:13:47Z,280,,,,,,TUPGO M633 TANEK
CES205,B38M,ZSPD,VTCC,2026-07-09T07:14:07Z,340,,RW36,,MONL2B,R36,TOMIP R215 NAN R207 MONLO
SJX742,A359,VTBS,RCTP,2026-07-09T07:15:00Z,370,RW20L,,LIPL1J,,,LIPLI Y16 BUTRA
AIQ3023,A320,VTBD,VTSP,2026-07-09T07:15:00Z,360,RW21L,RW27,SABI2B,SAVS1C,,SABIS Y8 SAVSA
AIQ4119,A320,VTCC,VTBS,2026-07-09T07:15:00Z,350,RW36,RW19,PANT2C,NORT1C,R19,PANTA Y7 BLAFF DCT NORTA
MAS795,B738,VTSP,WMKK,2026-07-09T07:16:00Z,350,RW27,,REBE1B,,,REBED B579 DALAN
SIA401,B78X,VIDP,WSSS,2026-07-09T07:16:16Z,370,,,,,,EKAVO M626 IKOGA Y24 PASVA
TLM788,B738,VTBD,VTSF,2026-07-09T07:17:00Z,310,RW21L,RW19,KASN1B,,R19,KASNI M757 LOSDA Y94 NKS
CPA775,A21N,VHHH,VTBS,2026-07-09T07:17:26Z,380,,RW19,,EAST1C,R19,BUTRA A1 UBL Y20 GRASO Y13 RUKSA
ANA878,B788,VTBS,RJTT,2026-07-09T07:18:00Z,410,RW20L,,LIPL1J,,,LIPLI Y16 BUTRA
AIQ3359,A21N,VTUD,VTBD,2026-07-09T07:18:00Z,320,RW12,RW21R,ANPU1B,ENDU1B,R21R,Y22/Y23 KKN Y23 KRT Y20 UBLOD DCT ENDUU
TLM737,B738,VTSB,VTBD,2026-07-09T07:18:00Z,330,RW04,RW21R,NIXE1C,SABA1B,R21R,NIXET Y99 HOTEL DCT SABAI
ORCA660,SF34,VTSS,VTSB,2026-07-09T07:20:00Z,140,RW26,RW22,ELRE1C,SEGR1A,R22,ELREM W17 SAPUD
MXD523,B738,VTBD,WMKK,2026-07-09T07:20:00Z,330,RW21L,,KASN1B,,,KASNI M757 KARMI
THA211,A320,VTBS,VTSP,2026-07-09T07:20:00Z,340,RW20L,RW27,VANK1E,SAVS1C,,VANKO Y8 SAVSA
MMA232,A319,WSSS,VYYY,2026-07-09T07:21:25Z,360,,,,,,KADAX M626 EKAVO
THA407,A21N,VTBS,WSSS,2026-07-09T07:22:00Z,330,RW20L,,BUT1E,,,BUT Y11 PASVA
AIQ3360,A20N,VTBD,VTUU,2026-07-09T07:22:00Z,330,RW21L,RW23,ROBK3A,VENP1D,R23,ROBKA A1
VJC804,A321,VTBS,VVTS,2026-07-09T07:24:00Z,330,RW20L,,GOME1E,,,GOMES N506 BOKAK
VJC807,A321,VVTS,VTBS,2026-07-09T07:24:35Z,300,,RW19,,TUMG1C,R19,VAPVU P629 NUGPA
THA044,A320,VTBS,VTUK,2026-07-09T07:25:00Z,250,RW20L,RW03,SELK1F,,R03,SELKA Y14 KRT Y23 KKN Y23/Y22
JST72,A21N,VTSP,YPPH,2026-07-09T07:26:00Z,330,RW27,,REBE1B,,,REBED B579 DALAN
BKP255,AT76,VTSM,VTSP,2026-07-09T07:26:00Z,140,RW17,RW27,DORN1A,SAVS1C,,DORNA W32 SAPUD Y8 SAVSA
HKE700,A21N,VHHH,VTBS,2026-07-09T07:26:25Z,340,,RW19,,EAST1C,R19,BUTRA A1 UBL Y20 GRASO Y13 RUKSA
VAG136,A321,VTBS,VVNB,2026-07-09T07:27:00Z,320,RW20L,,UGUV1E,,,UGUVO Y27 PIBAN Y29 PSL W26 CMP W21 UDN R470 VTN
THA571,A320,VLVT,VTBS,2026-07-09T07:27:30Z,280,,RW19,,NORT1C,R19,VTN R470 UDN W21 NOBER
VJC902,A321,VTBS,VVNB,2026-07-09T07:28:00Z,320,RW20L,,UGUV1E,,,UGUVO Y27 PIBAN Y29 PSL W26 CMP W21 UDN R470 VTN
AIQ3108,A320,VTBD,VTSS,2026-07-09T07:28:00Z,350,RW21L,RW26,KASN1B,OBLE1B,R26,KASNI M757 OBLEX
CES9619,B737,ZPPP,VTCC,2026-07-09T07:28:21Z,340,,RW36,,MONL2B,R36,VTN R207 MONLO
THA621,A21N,RPLL,VTBS,2026-07-09T07:29:05Z,340,,RW19,,TUMG1C,R19,TUPGO M633 DULEM DCT GOMES
TLM757,B739,VTSP,VTBD,2026-07-09T07:30:00Z,330,RW27,RW21R,IGEV1B,SABA1B,R21R,IGEVI Y5 EGUBO Y99 HOTEL DCT SABAI
AIQ1041,A320,VLVT,VTBD,2026-07-09T07:30:59Z,340,,RW21R,,NAKO1B,R21R,VTN R470 UDN W21 NOBER
ALK405,A21N,VTBS,VCBI,2026-07-09T07:31:00Z,300,RW20L,,PAST1E,,,PASTO L301 TANEK
THA005,A320,VTUD,VTBS,2026-07-09T07:31:00Z,280,RW12,RW19,ANPU1B,EAST1C,R19,Y22/Y23 KKN Y23 KRT Y20 UBLOD DCT EASTE
IGO1013,A21N,VIDP,WSSS,2026-07-09T07:31:15Z,330,,,,,,TAVUN L759 PUT B579 DALAN
TGW647,E290,VTSS,WSSS,2026-07-09T07:32:00Z,350,RW26,,TAXE1C,,,PASVA
TLM539,B738,VTCT,VTBD,2026-07-09T07:32:00Z,350,RW21,RW21R,DUBE1A,NAKO1B,R21R,DUBEN Y28 BLAFF DCT NAKON
CTV512,A320,WIII,VTBD,2026-07-09T07:32:19Z,360,,RW21R,,SEHN1B,R21R,ABTOK M644 ALUMO Y12 ALEMI
AIQ3520,A320,VTBD,VTUO,2026-07-09T07:33:00Z,250,RW21L,RW22,ROBK3A,,R22,ROBKA A1 TOPER W42 RAMEI W38
AIQ4111,A320,VTSP,VTBS,2026-07-09T07:33:00Z,370,RW27,RW19,EMRI1B,LEBI1C,R19,EMRIT Y99 NONEL Y98 LEBIM
ETH628,B77L,VTBS,WIII,2026-07-09T07:34:00Z,390,RW20L,,BUT1E,,,BUT Y11 PASVA
NOK127,B738,VTCC,VTBD,2026-07-09T07:34:00Z,370,RW36,RW21R,PANT2C,NAKO1B,R21R,PANTA Y7 BLAFF DCT NAKON
BKP147,A319,VTBS,VTSM,2026-07-09T07:36:00Z,310,RW20L,RW17,KASN1E,,R17,KASNI M757 MABKO W33 SMU
NOK132,B738,VTBD,VTCC,2026-07-09T07:36:00Z,360,RW21L,RW36,OLVU1B,MARN2A,R36,OLVUK Y26 MARNI
UAE384,A388,VTBS,VHHH,2026-07-09T07:39:00Z,370,RW20L,,SELK1F,,,SELKA A1 SANOT Y15 GUROK A202 SAV
TUA803,B77L,UTAA,WMKK,2026-07-09T07:39:39Z,330,,,,,,IKULA L515 PUT B579 DALAN
TVJ111,B38M,VTCC,VTBS,2026-07-09T07:40:00Z,330,RW36,RW19,PANT2C,NORT1C,R19,PANTA Y7 BLAFF DCT NORTA
AKJ623,B38M,VOBL,VTSP,2026-07-09T07:40:58Z,370,,RW27,,UBNE1D,,SAPAM L645 UBNEN
AIQ397,A20N,WADD,VTBD,2026-07-09T07:41:03Z,360,,RW21R,,SEHN1B,R21R,TIDAR M904 TONIK M644 ALUMO Y12 ALEMI
GIA867,B738,VTBS,WIII,2026-07-09T07:42:00Z,330,RW20L,,BUT1E,,,BUT Y11 PASVA
NOK104,B738,VTBD,VTCT,2026-07-09T07:42:00Z,380,RW21L,RW03,UGUV1B,,R03,UGUVO Y27 IKISU W22 BENVI
AIQ356,A21N,WSSS,VTBD,2026-07-09T07:43:18Z,360,,RW21R,,SEHN1B,R21R,ABTOK M644 ALUMO Y12 ALEMI
THA623,A333,RJBB,VTBS,2026-07-09T07:43:24Z,380,,RW19,,EAST1C,R19,BUTRA A1 UBL Y20 GRASO Y13 RUKSA
THA624,A21N,VTBS,RPLL,2026-07-09T07:44:00Z,330,RW20L,,GOME1E,,,GOMES B204 AGEDO
TLM766,B738,VTBD,VTSP,2026-07-09T07:44:00Z,340,RW21L,RW27,SABI2B,SAVS1C,,SABIS Y8 SAVSA
AIQ661,A320,VVPQ,VTBD,2026-07-09T07:44:33Z,340,,RW21R,,SEHN1B,R21R,SAKDA R334 RYN
AIQ3006,A320,VTSP,VTBD,2026-07-09T07:45:00Z,370,RW27,RW21R,IGEV1B,SABA1B,R21R,IGEVI Y5 EGUBO Y99 HOTEL DCT SABAI
SIA721,A359,VTBS,WSSS,2026-07-09T07:46:00Z,390,RW20L,,BUT1E,,,BUT Y11 PASVA
NOK306,B738,VTBD,VTUD,2026-07-09T07:46:00Z,330,RW21L,RW30,ROBK3A,ANPU1A,R30,ROBKA A1 SELKA Y14 KRT Y23 KKN Y23/Y22
BKP274,A320,VTSP,VTBS,2026-07-09T07:48:00Z,350,RW27,RW19,EMRI1B,LEBI1C,R19,EMRIT Y99 NONEL Y98 LEBIM
THA434,A333,WIII,VTBS,2026-07-09T07:48:43Z,380,,RW19,,TUMG1C,R19,ABTOK M644 ALUMO Y12 ALEMI
AXM886,A20N,WMKK,VTBD,2026-07-09T07:49:18Z,360,,RW21R,,SABA1B,R21R,RIGTO M769 GOKEX Y96 EMTIX Y99 HOTEL
HGB510,B39M,VHHH,VRMM,2026-07-09T07:49:28Z,340,,,,,,SAV A202 RAMEI Y20 BKK L301 TANEK
MAS789,B738,VTBS,WMKK,2026-07-09T07:50:00Z,350,RW20L,,KASN1E,,,KASNI M757 KARMI
ALK455,A332,RJAA,VCBI,2026-07-09T07:50:28Z,360,,,,,,BUTRA A1 UBL Y20 BKK L301 TANEK
BBC388,B738,VGHS,VTBS,2026-07-09T07:50:33Z,370,,RW19,,WILA1C,R19,LUDVI L507 IGONI
TVJ342,A321,VTBS,VTSG,2026-07-09T07:52:00Z,340,RW20L,RW32,VANK1E,NULM1E,R32,VANKO Y8 SAPUD W32 NULMA
BKP248,A319,VTCC,VTSP,2026-07-09T07:52:00Z,370,RW36,RW27,PANT2C,SAVS1C,,PANTA Y7 BKK Y8 SAVSA
HVN604,A21N,VTBS,VVTS,2026-07-09T07:54:00Z,330,RW20L,,GOME1E,,,GOMES N506 BOKAK
AIQ3439,A21N,VTBD,VTCC,2026-07-09T07:54:00Z,340,RW21L,RW36,OLVU1B,MARN2A,R36,OLVUK Y26 MARNI
NOK593,B738,VTST,VTBD,2026-07-09T07:54:00Z,240,RW08,RW21R,,SABA1B,R21R,TRN W24 BITEN Y99 HOTEL DCT SABAI
THA638,B77W,VTBS,VHHH,2026-07-09T07:55:00Z,370,RW20L,,SELK1F,,,SELKA A1 SANOT Y15 GUROK A202 SAV
MMA370,A319,VYYY,VTCC,2026-07-09T07:55:58Z,290,,RW36,,PUMA2A,R36,BOMAS A581 PUMAM
TGW645,A21N,VTSP,WSSS,2026-07-09T07:56:00Z,350,RW27,,EPGO1B,,,EPGOT W14 HTY A334 PASVA
NOK196,B738,VTBD,VTPM,2026-07-09T07:57:00Z,260,RW21L,RW27,OLVU1B,URGU1W,R27,OLVUK Y26 NUVLU Y30 URGUM
AIQ309,A320,WMKK,VTSS,2026-07-09T07:57:42Z,320,,RW26,,TAMO1A,R26,TAMOS
UBG218,B738,VTBS,VGHS,2026-07-09T07:59:00Z,320,RW20L,,NUNL1P,,,NUNLI L507 LUDVI
CFG2366,A339,VTBS,ZJSY,2026-07-09T08:00:00Z,390,RW20L,,LIPL1J,,,LIPLI Y16 BUTRA
AIQ3260,A320,VTBD,VTUK,2026-07-09T08:00:00Z,270,RW21L,RW03,ROBK3A,,R03,ROBKA A1 SELKA Y14 KRT Y23 KKN Y23/Y22
BKP306,AT76,VTBO,VTBS,2026-07-09T08:00:00Z,140,,RW19,OMNI,TUMG1C,R19,RYN
TGW674,A21N,WSSS,VTCC,2026-07-09T08:00:27Z,340,,RW36,,MARN2A,R36,GOLUD M751 BKK Y26 MARNI
CDC8021,A320,ZSHC,VTBS,2026-07-09T08:01:37Z,320,,RW19,,EAST1C,R19,SAV A202 RAMEI W42 PAKRI Y13 RUKSA
THA264,A320,VTSS,VTBS,2026-07-09T08:02:00Z,340,RW26,RW19,DAND1C,LEBI1C,R19,DANDO M769 LEBIM
THA215,A320,VTBS,VTSP,2026-07-09T08:02:00Z,340,RW20L,RW27,VANK1E,SAVS1C,,VANKO Y8 SAVSA
THA643,A359,RJAA,VTBS,2026-07-09T08:02:52Z,380,,RW19,,EAST1C,R19,BUTRA A1 UBL Y20 GRASO Y13 RUKSA
AMU935,A21N,VTBS,VMMC,2026-07-09T08:03:00Z,330,RW20L,,SELK1F,,,SELKA A1 SANOT Y15 GUROK A202 SAV
AIQ3362,A320,VTBD,VTUD,2026-07-09T08:04:00Z,270,RW21L,RW30,ROBK3A,ANPU1A,R30,ROBKA A1 SELKA Y14 KRT Y23 KKN Y23/Y22
TVJ224,A321,VTBS,VTUU,2026-07-09T08:05:00Z,330,RW20L,RW23,SELK1F,VENP1C,R23,SELKA A1
AIQ763,A320,VMMC,VTBD,2026-07-09T08:05:52Z,340,,RW21R,,ENDU1B,R21R,SAV A202 RAMEI Y20 UBLOD
TLM628,B738,VTBD,VTUU,2026-07-09T08:06:00Z,290,RW21L,RW23,ROBK3A,VENP1D,R23,ROBKA A1
AIQ3306,A320,VTBD,VTPP,2026-07-09T08:07:00Z,220,RW21L,RW32,UGUV1B,,R32,UGUVO Y27 PIBAN
THA112,A320,VTBS,VTCC,2026-07-09T08:07:00Z,340,RW20L,RW36,OLVU1E,MARN2A,R36,OLVUK Y26 MARNI
CSC3996,A21N,WMKK,ZUTF,2026-07-09T08:07:41Z,330,,,,,,ABTOK M644 RYN N891 BKK B346 YAKUA
TLM582,B739,VTBU,VTCC,2026-07-09T08:09:00Z,340,RW18,RW36,BKK1A,MARN2A,R36,BKK Y26 MARNI
CCA556,B38M,VTBS,ZBAA,2026-07-09T08:10:00Z,340,RW20L,,UGUV1E,,,UGUVO Y27 PIBAN Y29 PSL W26 CMP R474 VTN
MAS782,B38M,WMKK,VTBS,2026-07-09T08:10:41Z,320,,RW19,,LEBI1C,R19,RIGTO M769 LEBIM
AIC2353,A20N,VTBS,VABB,2026-07-09T08:13:00Z,340,RW20L,,PAST1E,,,PASTO L301 TANEK
TLM513,B739,VTCC,VTBD,2026-07-09T08:13:00Z,310,RW36,RW21R,PANT2C,NAKO1B,R21R,PANTA Y7 BLAFF DCT NAKON
AIQ3092,A21N,VTSP,VTBD,2026-07-09T08:13:00Z,370,RW27,RW21R,IGEV1B,SABA1B,R21R,IGEVI Y5 EGUBO Y99 HOTEL DCT SABAI
BKP149,AT76,VTBS,VTSM,2026-07-09T08:15:00Z,150,RW20L,RW17,KASN1E,,R17,KASNI M757 MABKO W33 SMU
BKP282,AT76,VTSP,VTBU,2026-07-09T08:15:00Z,170,RW27,RW18,EMRI1B,,R18,EMRIT Y99 NONEL Y98 SURMA W42 ASEKU DCT BUT
SJX751,A21N,RCTP,VTCC,2026-07-09T08:15:51Z,340,,RW36,,MONL2B,R36,VTN R207 MONLO
CSC9392,A321,VTBS,ZGNN,2026-07-09T08:16:00Z,340,RW20L,,UGUV1E,,,UGUVO Y27 PIBAN Y29 PSL W26 CMP W21 UDN R470 VTN
TLM714,B739,VTBD,VTSS,2026-07-09T08:16:00Z,330,RW21L,RW26,KASN1B,OBLE1B,R26,KASNI M757 OBLEX
TGW671,E290,VTCT,WSSS,2026-07-09T08:17:00Z,350,RW21,,DUBE1A,,,DUBEN Y28 BKK M904 PIDEL Y11 PASVA
BKP150,AT76,VTSM,VTBS,2026-07-09T08:17:00Z,160,RW17,RW19,OLBA1B,LEBI1C,R19,OLBAG Y17 DONSI M769 LEBIM
BKP151,A319,VTBS,VTSM,2026-07-09T08:18:00Z,310,RW20L,RW17,KASN1E,,R17,KASNI M757 MABKO W33 SMU
AIQ3143,A320,VTSR,VTBD,2026-07-09T08:18:00Z,330,RW02,RW21R,CPN1A,SABA1B,R21R,RAN W34 MENEX W42 EGUBO Y99 HOTEL DCT SABAI
CAL835,A21N,RCTP,VTBS,2026-07-09T08:18:25Z,340,,RW19,,EAST1C,R19,BUTRA A1 UBL Y20 GRASO Y13 RUKSA
TVJ205,A320,VTUD,VTBS,2026-07-09T08:19:00Z,340,RW12,RW19,ANPU1B,EAST1C,R19,Y22/Y23 KKN Y23 KRT Y20 UBLOD DCT EASTE
CPA654,A333,VTBS,VHHH,2026-07-09T08:20:00Z,410,RW20L,,SELK1F,,,SELKA A1 SANOT Y15 GUROK A202 SAV
AIQ3215,A21N,VTBD,VTSG,2026-07-09T08:20:00Z,360,RW21L,RW32,SABI2B,NULM1E,R32,SABIS Y8 SAPUD W32 NULMA
CDG2483,B738,ZSQD,VTBS,2026-07-09T08:20:05Z,320,,RW19,,NORT1C,R19,VTN R470 UDN W21 NOBER
AIQ511,A320,WMKJ,VTBD,2026-07-09T08:20:25Z,360,,RW21R,,SEHN1B,R21R,ABTOK M644 ALUMO Y12 ALEMI
TLM391,B739,RCKH,VTBD,2026-07-09T08:20:35Z,300,,RW21R,,ENDU1B,R21R,BUTRA A1 UBL Y20 UBLOD
SIA731,B38M,VTSP,WSSS,2026-07-09T08:21:00Z,350,RW27,,EPGO1B,,,EPGOT W14 HTY A334 PASVA
AIQ1031,A320,VLLB,VTBD,2026-07-09T08:21:06Z,360,,RW21R,,NAKO1B,R21R,VTN R474 CMP W21 NOBER
CQH7302,A320,VTBS,ZSFZ,2026-07-09T08:22:00Z,330,RW20L,,SELK1F,,,SELKA A1 SANOT Y15 GUROK A202 SAV
NOK575,B738,VTSB,VTBD,2026-07-09T08:22:00Z,350,RW04,RW21R,NIXE1C,SABA1B,R21R,NIXET Y99 HOTEL DCT SABAI
CXA833,B38M,ZSAM,VTBS,2026-07-09T08:22:15Z,340,,RW19,,EAST1C,R19,SAV A202 RAMEI W42 PAKRI Y13 RUKSA
KQA886,B788,VTBS,ZGGG,2026-07-09T08:23:00Z,310,RW20L,,UGUV1E,,,UGUVO Y27 PIBAN Y29 PSL W26 CMP R474 VTN
AIQ3426,A20N,VTCC,VTBD,2026-07-09T08:23:00Z,330,RW36,RW21R,PANT2C,NAKO1B,R21R,PANTA Y7 BLAFF DCT NAKON
AIQ3204,A20N,VTCT,VTBD,2026-07-09T08:23:00Z,390,RW21,RW21R,DUBE1A,NAKO1B,R21R,DUBEN Y28 BLAFF DCT NAKON
AIQ614,A20N,VTBD,VDSA,2026-07-09T08:25:00Z,270,RW21L,,GORS1B,,,GORSI N506 GOMES B204 AGEDO
CPA751,A21N,VHHH,VTBS,2026-07-09T08:25:45Z,380,,RW19,,EAST1C,R19,BUTRA A1 UBL Y20 GRASO Y13 RUKSA
THA435,A359,VTBS,WIII,2026-07-09T08:26:00Z,390,RW20L,,BUT1E,,,BUT Y11 PASVA
TVJ335,A320,VTSF,VTBS,2026-07-09T08:26:00Z,340,RW01,RW19,TAWI1A,LEBI1C,R19,NKS Y94 DOXAS M769 LEBIM
BKP259,AT76,VTSM,VTSP,2026-07-09T08:26:00Z,140,RW17,RW27,DORN1A,SAVS1C,,DORNA W32 SAPUD Y8 SAVSA
CSN5096,B38M,VTBS,ZGGG,2026-07-09T08:27:00Z,330,RW20L,,SELK1F,,,SELKA A1 SANOT Y15 GUROK A202 SAV
ETD417,A21N,VTSP,OMAA,2026-07-09T08:27:00Z,340,RW27,,UBNE1B,,,UBNEN R203 SAPAM
AXM885,A20N,VTBD,WMKK,2026-07-09T08:28:00Z,370,RW21L,,KIGO1B,,,KIGOB Y11 PASVA
CQH6466,A320,VTBS,ZGNN,2026-07-09T08:28:00Z,300,RW20L,,UGUV1E,,,UGUVO Y27 PIBAN Y29 PSL W26 CMP R474 VTN
TVJ969,B38M,VVCR,VTBS,2026-07-09T08:29:39Z,340,,RW19,,TUMG1C,R19,VAPVU P629 NUGPA
EVA202,B77W,VTBS,RCTP,2026-07-09T08:30:00Z,370,RW20L,,LIPL1J,,,LIPLI Y16 BUTRA
AIQ662,A320,VTBD,VVPQ,2026-07-09T08:30:00Z,330,RW21L,,RYN1B,,,RYN R334 SAKDA
CQH6825,A320,ZGOW,VTBS,2026-07-09T08:30:04Z,320,,RW19,,EAST1C,R19,SAV A202 RAMEI W42 PAKRI Y13 RUKSA
TLM259,B738,WADD,VTBD,2026-07-09T08:30:19Z,340,,RW21R,,SEHN1B,R21R,TIDAR M904 TONIK M644 ALUMO Y12 ALEMI
MAS103,B38M,VGHS,WMKK,2026-07-09T08:30:54Z,350,,,,,,EKAVO M626 IKOGA DCT PASVA
NOK365,B738,VTUI,VTBD,2026-07-09T08:31:00Z,340,RW23,RW21R,OMNI,ENDU1B,R21R,Y22/Y23 KKN Y23 KRT Y20 UBLOD DCT ENDUU
AIQ4102,A320,VTBS,VTCC,2026-07-09T08:32:00Z,340,RW20L,RW36,OLVU1E,MARN2A,R36,OLVUK Y26 MARNI
TLM826,B738,VTBD,VTST,2026-07-09T08:32:00Z,340,RW21L,RW08,SABI2B,,R08,SABIS Y8 SAPUD W24 TRN
TVJ306,A321,VTBS,VTSP,2026-07-09T08:33:00Z,340,RW20L,RW27,VANK1E,SAVS1C,,VANKO Y8 SAVSA
BKP136,A319,VTSM,VTBS,2026-07-09T08:34:00Z,300,RW17,RW19,OLBA1B,LEBI1C,R19,OLBAG Y17 DONSI M769 LEBIM
TLM557,B738,VTPP,VTBD,2026-07-09T08:34:00Z,210,RW32,RW21R,PEBL1A,NAKO1B,R21R,PEBLI Y28 BLAFF DCT NAKON
BKP145,A319,VTBS,VTSM,2026-07-09T08:35:00Z,310,RW20L,RW17,KASN1E,,R17,KASNI M757 MABKO W33 SMU
TVJ133,B38M,VTCT,VTBS,2026-07-09T08:35:00Z,330,RW21,RW19,DUBE1A,NORT1C,R19,DUBEN Y28 BLAFF DCT NORTA
CQH8665,A20N,ZSPD,VTSP,2026-07-09T08:35:59Z,340,,RW27,,SAVS1C,,SAV A202 RAMEI W42 MENEX Y8 SAVSA
BKP158,AT76,VTSM,VTBS,2026-07-09T08:37:00Z,160,RW17,RW19,OLBA1B,LEBI1C,R19,OLBAG Y17 DONSI M769 LEBIM
CCA821,B38M,ZBAA,VTSP,2026-07-09T08:37:19Z,320,,RW27,,SAVS1C,,VTN R474 CMP W21 BKK Y8 SAVSA
SVA847,B78X,VTBS,OERK,2026-07-09T08:38:00Z,360,RW20L,,PAST1E,,,PASTO L301 TANEK
THA476,A359,YSSY,VTBS,2026-07-09T08:38:18Z,280,,RW19,,TUMG1C,R19,TIDAR M904 TONIK M644 ALUMO Y12 ALEMI
CAL6884,B744,WSSS,VTBS,2026-07-09T08:39:23Z,400,,RW19,,TUMG1C,R19,ABTOK M644 ALUMO Y12 ALEMI
NOK525,B738,VTSP,VTBD,2026-07-09T08:40:00Z,370,RW27,RW21R,IGEV1B,SABA1B,R21R,IGEVI Y5 EGUBO Y99 HOTEL DCT SABAI
TLM646,B738,VTBD,VTUK,2026-07-09T08:40:00Z,250,RW21L,RW03,ROBK3A,,R03,ROBKA A1 SELKA Y14 KRT Y23 KKN Y23/Y22
CBJ620,A20N,VTBS,ZSNJ,2026-07-09T08:42:00Z,330,RW20L,,SELK1F,,,SELKA A1 SANOT Y15 GUROK A202 SAV
CSS313,B752,ZGSZ,VTBS,2026-07-09T08:42:43Z,320,,RW19,,EAST1C,R19,SAV A202 RAMEI W42 PAKRI Y13 RUKSA
VAG130,A321,VTBS,VVTS,2026-07-09T08:43:00Z,330,RW20L,,GOME1E,,,GOMES N506 BOKAK
AIQ321,A320,VTBD,WMKP,2026-07-09T08:44:00Z,370,RW21L,,KASN1B,,,KASNI M757 KARMI
AIQ3224,A320,VTSG,VTBD,2026-07-09T08:45:00Z,370,RW14,RW21R,OSPE1G,SABA1B,R21R,OSPEX Y99 HOTEL DCT SABAI
CRK765,A320,VHHH,VTBS,2026-07-09T08:45:18Z,340,,RW19,,EAST1C,R19,SAV A202 RAMEI W42 PAKRI Y13 RUKSA
AIQ3514,A320,VTBD,VTUI,2026-07-09T08:46:00Z,350,RW21L,RW05,ROBK3A,,R05,ROBKA A1 SELKA Y14 KRT Y23 KKN Y23/Y22
BKP157,AT76,VTBS,VTSM,2026-07-09T08:48:00Z,170,RW20L,RW17,KASN1E,,R17,KASNI M757 MABKO W33 SMU
TLM713,B738,VTSS,VTBD,2026-07-09T08:48:00Z,360,RW26,RW21R,DAND1C,SABA1B,R21R,DANDO M769 GOKEX Y96 EMTIX Y99 HOTEL DCT SABAI
CSN3082,A20N,VTBS,ZGGG,2026-07-09T08:50:00Z,330,RW20L,,SELK1F,,,SELKA A1 SANOT Y15 GUROK A202 SAV
THA111,A320,VTCC,VTBS,2026-07-09T08:50:00Z,330,RW36,RW19,PANT2C,NORT1C,R19,PANTA Y7 BLAFF DCT NORTA
SIA709,B78X,VTBS,WSSS,2026-07-09T08:51:00Z,390,RW20L,,BUT1E,,,BUT Y11 PASVA
CSC3935,A321,ZUTF,VTBS,2026-07-09T08:52:27Z,340,,RW19,,NORT1C,R19,VTN R474 CMP W21 NOBER
AIQ3234,A20N,VTSB,VTBD,2026-07-09T08:53:00Z,350,RW04,RW21R,NIXE1C,SABA1B,R21R,NIXET Y99 HOTEL DCT SABAI
AIQ3017,A320,VTBD,VTSP,2026-07-09T08:53:00Z,360,RW21L,RW27,SABI2B,SAVS1C,,SABIS Y8 SAVSA
PTW915,AT75,VYYY,VTBS,2026-07-09T08:53:07Z,190,,RW19,,WILA1C,R19,BETNO G463 TARED
CES542,B789,VTBS,ZSPD,2026-07-09T08:54:00Z,330,RW20L,,SELK1F,,,SELKA A1 SANOT Y15 GUROK A202 SAV
CES206,B38M,VTCC,ZSPD,2026-07-09T08:54:00Z,310,RW36,,MONL2C,,,MONLO R207 NAN R215 TOMIP
BKP256,AT76,VTSP,VTSM,2026-07-09T08:54:00Z,150,RW27,RW17,EMRI1B,,R17,EMRIT Y99 AKVUG Y93 SMU
CQH8663,A20N,ZSPD,VTSP,2026-07-09T08:54:02Z,340,,RW27,,SAVS1C,,SAV A202 RAMEI W42 MENEX Y8 SAVSA
SIA712,B78X,WSSS,VTBS,2026-07-09T08:54:21Z,400,,RW19,,TUMG1C,R19,ABTOK M644 ALUMO Y12 ALEMI
VJT294,GLEX,VRMM,RJTT,2026-07-09T08:54:47Z,350,,,,,,TANEK L301 BKK A1 BUTRA
AIQ3521,A320,VTUO,VTBD,2026-07-09T08:55:00Z,240,RW22,RW21R,OMNI,ENDU1B,R21R,W38 RAMEI Y20 UBLOD DCT ENDUU
CSH833,B38M,ZSPD,VTBS,2026-07-09T08:55:02Z,300,,RW19,,EAST1C,R19,SAV A202 RAMEI W42 PAKRI Y13 RUKSA
UBG316,A333,WMKK,VGHS,2026-07-09T08:55:56Z,360,,,,,,RIGTO M769 SORTO M626 EKAVO
UAL821,B789,VTBS,VHHH,2026-07-09T08:56:00Z,370,RW20L,,SELK1F,,,SELKA A1 SANOT Y15 GUROK A202 SAV
HVN627,A321,VVDN,VTBS,2026-07-09T08:56:47Z,340,,RW19,,EAST1C,R19,BUTRA A1 UBL Y20 GRASO Y13 RUKSA
TVJ107,B38M,VTCC,VTBS,2026-07-09T08:57:00Z,330,RW36,RW19,PANT2C,NORT1C,R19,PANTA Y7 BLAFF DCT NORTA
CCA471,A321,ZUTF,VTBS,2026-07-09T08:57:47Z,320,,RW19,,NORT1C,R19,VTN R474 CMP W21 NOBER
TVJ971,B38M,VVTS,VTBS,2026-07-09T08:58:51Z,340,,RW19,,TUMG1C,R19,VAPVU P629 NUGPA
TVJ108,A321,VTBS,VTCC,2026-07-09T08:59:00Z,340,RW20L,RW36,OLVU1E,MARN2A,R36,OLVUK Y26 MARNI
HKE758,A320,VHHH,VTBS,2026-07-09T08:59:31Z,380,,RW19,,EAST1C,R19,SAV A202 RAMEI W42 PAKRI Y13 RUKSA
TVJ962,B38M,VTBS,VVDN,2026-07-09T09:00:00Z,330,RW20L,,LIPL1J,,,LIPLI Y16 BUTRA
THA045,A320,VTUK,VTBS,2026-07-09T09:00:00Z,240,RW21,RW19,EMRU1A,EAST1C,R19,Y22/Y23 KKN Y23 KRT Y20 UBLOD DCT EASTE
AIQ3361,A20N,VTUU,VTBD,2026-07-09T09:00:00Z,320,RW23,RW21R,ASAB1B,ENDU1B,R21R,Y20 UBLOD DCT ENDUU
TGW684,E290,WSSS,VTSG,2026-07-09T09:00:26Z,380,,RW32,,TUNR1E,R32,TAMOS A457 HTY W14 TRN W32 TUNRA
AXM857,A20N,VTCC,WMKK,2026-07-09T09:01:00Z,370,RW36,,PANT2C,,,PANTA Y7 BKK M904 PIDEL Y11 PASVA
MAS774,B738,WMKK,VTBS,2026-07-09T09:01:56Z,320,,RW19,,LEBI1C,R19,RIGTO M769 LEBIM
CRK776,A320,VTBS,VHHH,2026-07-09T09:02:00Z,370,RW20L,,SELK1F,,,SELKA A1 SANOT Y15 GUROK A202 SAV
AIQ3231,A320,VTBD,VTSB,2026-07-09T09:02:00Z,340,RW21L,RW22,SABI2B,IKER1B,R22,SABIS Y8 IKERA
CAL839,B738,RCKH,VTBS,2026-07-09T09:02:06Z,340,,RW19,,EAST1C,R19,BUTRA A1 UBL Y20 GRASO Y13 RUKSA
KHV722,A320,VDTI,VTBS,2026-07-09T09:02:41Z,320,,RW19,,TUMG1C,R19,VAPVU P629 NUGPA
ETD405,B77W,VTBS,OMAA,2026-07-09T09:04:00Z,360,RW20L,,PAST1E,,,PASTO L301 TANEK
AIQ3207,A21N,VTBD,VTCT,2026-07-09T09:04:00Z,380,RW21L,RW03,UGUV1B,,R03,UGUVO Y27 IKISU W22 BENVI
AIQ3024,A320,VTSP,VTBD,2026-07-09T09:04:00Z,370,RW27,RW21R,IGEV1B,SABA1B,R21R,IGEVI Y5 EGUBO Y99 HOTEL DCT SABAI
CES5093,B738,ZPPP,VTSP,2026-07-09T09:04:46Z,320,,RW27,,SAVS1C,,VTN R474 CMP W21 BKK Y8 SAVSA
AIQ3119,A320,VTSS,VTBD,2026-07-09T09:05:00Z,380,RW26,RW21R,DAND1C,SABA1B,R21R,DANDO M769 GOKEX Y96 EMTIX Y99 HOTEL DCT SABAI
TVJ982,B38M,VTBS,VVPQ,2026-07-09T09:06:00Z,330,RW20L,,RYN1E,,,RYN R334 SAKDA
CES742,B738,VTBS,ZPPP,2026-07-09T09:07:00Z,330,RW20L,,UGUV1E,,,UGUVO Y27 IKISU W22 CTR A581 PONUK
HVN614,A321,VTBS,VVNB,2026-07-09T09:08:00Z,350,RW20L,,NOBE1P,,,NOBER W21 CMP R474 VTN
MXD541,B738,VTSP,WMKK,2026-07-09T09:08:00Z,330,RW27,,REBE1B,,,REBED B579 DALAN
BBC585,B738,WSSS,VGHS,2026-07-09T09:09:15Z,360,,,,,,KADAX M626 EKAVO
VJC800,A321,VTBS,VVTS,2026-07-09T09:10:00Z,290,RW20L,,GOME1E,,,GOMES N506 BOKAK
TVJ2301,A320,VTSP,VTBS,2026-07-09T09:10:00Z,330,RW27,RW19,EMRI1B,LEBI1C,R19,EMRIT Y99 NONEL Y98 LEBIM
CES9620,B737,VTCC,ZPPP,2026-07-09T09:11:00Z,300,RW36,,MONL2C,,,MONLO R207 IKISU W22 CTR A581 PONUK
BKP148,A319,VTSM,VTBS,2026-07-09T09:11:00Z,300,RW17,RW19,OLBA1B,LEBI1C,R19,OLBAG Y17 DONSI M769 LEBIM
THA633,B77W,RCTP,VTBS,2026-07-09T09:11:15Z,340,,RW19,,EAST1C,R19,BUTRA A1 UBL Y20 GRASO Y13 RUKSA
MMA334,A320,VTBS,VYYY,2026-07-09T09:12:00Z,340,RW20L,,TARE1E,,,TARED G463 BETNO
BKP171,A319,VTBS,VTSM,2026-07-09T09:12:00Z,310,RW20L,RW17,KASN1E,,R17,KASNI M757 MABKO W33 SMU
AKJ624,B38M,VTSP,VOBL,2026-07-09T09:13:00Z,320,RW27,,UBNE1B,,,UBNEN L645 SAPAM
AFL655,A333,VTBS,UHHH,2026-07-09T09:14:00Z,350,RW20L,,NOBE1P,,,NOBER W21 CMP R474 VTN
CSN8323,A321,ZGSZ,VTBS,2026-07-09T09:14:20Z,180,,RW19,,EAST1C,R19,SAV A202 RAMEI W42 PAKRI Y13 RUKSA
THA613,A320,ZPPP,VTBS,2026-07-09T09:14:25Z,300,,RW19,,NORT1C,R19,VTN R474 CMP W21 NOBER
CES235,A333,ZSPD,VRMM,2026-07-09T09:14:30Z,300,,,,,,SAV A202 RAMEI Y20 BKK L301 TANEK
SJX745,A339,RCTP,VTBS,2026-07-09T09:14:55Z,380,,RW19,,EAST1C,R19,BUTRA A1 UBL Y20 GRASO Y13 RUKSA
THA028,A320,VTBS,VTUU,2026-07-09T09:16:00Z,270,RW20L,RW23,SELK1F,VENP1C,R23,SELKA A1
AIQ3165,A320,VTSP,VTCC,2026-07-09T09:16:00Z,390,RW27,RW36,IGEV1B,MARN2A,R36,IGEVI Y5 EGUBO Y99 BKK Y26 MARNI
AIQ4112,A320,VTBS,VTSP,2026-07-09T09:16:00Z,360,RW20L,RW27,VANK1E,SAVS1C,,VANKO Y8 SAVSA
AIQ638,A320,VTBD,VVDN,2026-07-09T09:17:00Z,330,RW21L,,UPKU3A,,,UPKUP Y16 BUTRA
AFL815,B738,VTBS,UNKL,2026-07-09T09:18:00Z,330,RW20L,,NOBE1P,,,NOBER B346 YAKUA
TLM789,B738,VTSF,VTBD,2026-07-09T09:18:00Z,320,RW01,RW21R,TAWI1A,SABA1B,R21R,NKS Y94 DOXAS M769 GOKEX Y96 EMTIX Y99 HOTEL DCT SABAI
SVA870,B789,OEJN,RPLL,2026-07-09T09:18:20Z,330,,,,,,NURDA L524 BKK N506 GOMES B204 AGEDO
THA629,A320,VHHH,VTBS,2026-07-09T09:18:50Z,340,,RW19,,EAST1C,R19,SAV A202 RAMEI W42 PAKRI Y13 RUKSA
N333MB,GLF6,VTBD,VDTI,2026-07-09T09:19:00Z,410,RW21L,,GORS1B,,,GORSI N506 BOKAK
TVJ202,A321,VTBS,VTUD,2026-07-09T09:19:00Z,330,RW20L,RW30,SELK1F,ANPU1A,R30,SELKA Y14 KRT Y23 KKN Y23/Y22
CTJ3859,B738,ZUCK,VTBS,2026-07-09T09:19:50Z,220,,RW19,,NORT1C,R19,YAKUA B346 NOBER
MMA371,A319,VTCC,VYYY,2026-07-09T09:21:00Z,300,RW36,,PUMA2C,,,PUMAM A581 BOMAS
THA212,A320,VTSP,VTBS,2026-07-09T09:21:00Z,330,RW27,RW19,EMRI1B,LEBI1C,R19,EMRIT Y99 NONEL Y98 LEBIM
BKP165,A319,VTBS,VTSM,2026-07-09T09:21:00Z,310,RW20L,RW17,KASN1E,,R17,KASNI M757 MABKO W33 SMU
HKE701,A21N,VTBS,VHHH,2026-07-09T09:22:00Z,330,RW20L,,SELK1F,,,SELKA A1 SANOT Y15 GUROK A202 SAV
AIQ3261,A320,VTUK,VTBD,2026-07-09T09:22:00Z,280,RW21,RW21R,EMRU1A,ENDU1B,R21R,Y22/Y23 KKN Y23 KRT Y20 UBLOD DCT ENDUU
TGW610,B788,WSSS,VTBS,2026-07-09T09:22:39Z,430,,RW19,,TUMG1C,R19,ABTOK M644 ALUMO Y12 ALEMI
TVJ416,A320,VTCC,VTSP,2026-07-09T09:23:00Z,370,RW36,RW27,PANT2C,SAVS1C,,PANTA Y7 BKK Y8 SAVSA
AIQ3114,A320,VTBD,VTSS,2026-07-09T09:23:00Z,350,RW21L,RW26,KASN1B,OBLE1B,R26,KASNI M757 OBLEX
TAX621,A333,RJCC,VTBD,2026-07-09T09:23:54Z,380,,RW21R,,ENDU1B,R21R,BUTRA A1 UBL Y20 UBLOD
TGW751,B788,VIAR,WSSS,2026-07-09T09:24:14Z,390,,,,,,EKAVO M626 IKOGA Y24 PASVA
NOK307,B738,VTUD,VTBD,2026-07-09T09:25:00Z,340,RW12,RW21R,ANPU1B,ENDU1B,R21R,Y22/Y23 KKN Y23 KRT Y20 UBLOD DCT ENDUU
TGW639,A320,VTBS,WSSS,2026-07-09T09:25:00Z,370,RW20L,,BUT1E,,,BUT Y11 PASVA
NOK197,B738,VTPM,VTBD,2026-07-09T09:26:00Z,250,RW27,RW21R,KADA1B,NAKO1B,R21R,KADAV W26 IGPOP Y7 BLAFF DCT NAKON
THA414,A21N,WSSS,VTBS,2026-07-09T09:26:03Z,340,,RW19,,TUMG1C,R19,ABTOK M644 ALUMO Y12 ALEMI
CSC3931,A21N,ZUTF,VTSP,2026-07-09T09:26:04Z,340,,RW27,,SAVS1C,,YAKUA B346 BKK Y8 SAVSA
CPA706,A21N,VTBS,VHHH,2026-07-09T09:28:00Z,370,RW20L,,SELK1F,,,SELKA A1 SANOT Y15 GUROK A202 SAV
ELY084,B772,VTBS,LLBG,2026-07-09T09:29:00Z,320,RW20L,,PAST1E,,,PASTO L301 TANEK
AIQ3307,A320,VTPP,VTBD,2026-07-09T09:29:00Z,230,RW32,RW21R,PEBL1A,NAKO1B,R21R,PEBLI Y28 BLAFF DCT NAKON
NOK133,B738,VTCC,VTBD,2026-07-09T09:30:00Z,370,RW36,RW21R,PANT2C,NAKO1B,R21R,PANTA Y7 BLAFF DCT NAKON
NOK105,B738,VTCT,VTBD,2026-07-09T09:32:00Z,370,RW21,RW21R,DUBE1A,NAKO1B,R21R,DUBEN Y28 BLAFF DCT NAKON
AIQ3074,A320,VTCC,VTSG,2026-07-09T09:33:00Z,370,RW36,RW32,PANT2C,NULM1E,R32,PANTA Y7 BKK Y8 SAPUD W32 NULMA
TVJ225,A321,VTUU,VTBS,2026-07-09T09:34:00Z,340,RW23,RW19,ASAB1B,EAST1C,R19,Y20 GRASO Y13 RUKSA DCT EASTE
JYH1207,B738,ZUGY,VTBS,2026-07-09T09:36:43Z,340,,RW19,,NORT1C,R19,YAKUA B346 NOBER
AIQ3109,A320,VTSS,VTBD,2026-07-09T09:37:00Z,380,RW26,RW21R,DAND1C,SABA1B,R21R,DANDO M769 GOKEX Y96 EMTIX Y99 HOTEL DCT SABAI
AIQ3363,A320,VTUD,VTBD,2026-07-09T09:38:00Z,300,RW12,RW21R,ANPU1B,ENDU1B,R21R,Y22/Y23 KKN Y23 KRT Y20 UBLOD DCT ENDUU
AWQ256,A320,WIII,VTBD,2026-07-09T09:39:32Z,360,,RW21R,,SEHN1B,R21R,ABTOK M644 ALUMO Y12 ALEMI
AIQ3245,A320,VTBD,VTST,2026-07-09T09:41:00Z,360,RW21L,RW08,SABI2B,,R08,SABIS Y8 SAPUD W24 TRN
AIQ3440,A21N,VTCC,VTBD,2026-07-09T09:41:00Z,330,RW36,RW21R,PANT2C,NAKO1B,R21R,PANTA Y7 BLAFF DCT NAKON
THA322,A333,VGHS,VTBS,2026-07-09T09:41:27Z,370,,RW19,,WILA1C,R19,LUDVI L507 IGONI
MMA362,A319,VYMD,VTBD,2026-07-09T09:41:42Z,340,,RW21R,,WEHA1B,R21R,LUDVI L507 IGONI
AIQ4108,A320,VTBS,VTCC,2026-07-09T09:42:00Z,340,RW20L,RW36,OLVU1E,MARN2A,R36,OLVUK Y26 MARNI
TLM767,B738,VTSP,VTBD,2026-07-09T09:43:00Z,330,RW27,RW21R,IGEV1B,SABA1B,R21R,IGEVI Y5 EGUBO Y99 HOTEL DCT SABAI
THA409,A359,VTBS,WSSS,2026-07-09T09:44:00Z,390,RW20L,,BUT1E,,,BUT Y11 PASVA
TLM746,B738,VTBD,VTSB,2026-07-09T09:44:00Z,320,RW21L,RW22,SABI2B,IKER1B,R22,SABIS Y8 IKERA
TVJ343,A321,VTSG,VTBS,2026-07-09T09:44:00Z,330,RW14,RW19,OSPE1G,LEBI1C,R19,OSPEX Y99 NONEL Y98 LEBIM
THA324,A320,VIDP,VTBS,2026-07-09T09:44:57Z,350,,RW19,,WILA1C,R19,BETNO P646 TARED
TLM514,B739,VTBD,VTCC,2026-07-09T09:46:00Z,320,RW21L,RW36,OLVU1B,MARN2A,R36,OLVUK Y26 MARNI
BKP213,AT76,VTBS,VTPO,2026-07-09T09:47:00Z,160,RW20L,RW18,OLVU1E,,R18,OLVUK Y26 ELDAL Y32 KIMET
TLM629,B738,VTUU,VTBD,2026-07-09T09:47:00Z,300,RW23,RW21R,ASAB1B,ENDU1B,R21R,Y20 UBLOD DCT ENDUU
CPA701,B77W,VHHH,VTBS,2026-07-09T09:47:02Z,340,,RW19,,EAST1C,R19,BUTRA A1 UBL Y20 GRASO Y13 RUKSA
SIA736,B38M,WSSS,VTSP,2026-07-09T09:47:16Z,400,,RW27,,URGA1C,,DUBAX R325 URGAD
CSN6064,A20N,VTSP,ZGGG,2026-07-09T09:49:00Z,350,RW27,,EMRI1B,,,EMRIT Y99 NONEL Y98 SURMA W42 TOPER A1 SANOT Y15 GUROK A202 SAV
TLM116,B738,VTBD,WIII,2026-07-09T09:49:00Z,350,RW21L,,KIGO1B,,,KIGOB Y11 PASVA
TVJ3732,B38M,VTBS,VMMC,2026-07-09T09:49:00Z,330,RW20L,,SELK1F,,,SELKA A1 SANOT Y15 GUROK A202 SAV
AXM892,A20N,WMKK,VTBD,2026-07-09T09:50:46Z,380,,RW21R,,SABA1B,R21R,RIGTO M769 GOKEX Y96 EMTIX Y99 HOTEL
BBC389,B738,VTBS,VGHS,2026-07-09T09:51:00Z,360,RW20L,,TARE1E,,,TARED P646 BETNO
AXM887,A20N,VTBD,WMKK,2026-07-09T09:51:00Z,370,RW21L,,KIGO1B,,,KIGOB Y11 PASVA
ABY816,A21N,OMSJ,VTBS,2026-07-09T09:53:46Z,330,,RW19,,WILA1C,R19,BETNO G463 TARED
NOK546,B738,VTBD,VTSG,2026-07-09T09:54:00Z,360,RW21L,RW32,SABI2B,NULM1E,R32,SABIS Y8 SAPUD W32 NULMA
AIQ3256,A21N,VTBD,VTUK,2026-07-09T09:57:00Z,270,RW21L,RW03,ROBK3A,,R03,ROBKA A1 SELKA Y14 KRT Y23 KKN Y23/Y22
BKP961,A319,VTSM,WSSS,2026-07-09T09:58:00Z,330,RW17,,RUMV1A,,,RUMVA Y95 IKOGA Y24 PASVA
THA113,A320,VTCC,VTBS,2026-07-09T09:58:00Z,330,RW36,RW19,PANT2C,NORT1C,R19,PANTA Y7 BLAFF DCT NORTA
THA216,A320,VTSP,VTBS,2026-07-09T09:59:00Z,330,RW27,RW19,EMRI1B,LEBI1C,R19,EMRIT Y99 NONEL Y98 LEBIM
BKP402,AT76,VTSP,VTSM,2026-07-09T10:01:00Z,150,RW27,RW17,EMRI1B,,R17,EMRIT Y99 AKVUG Y93 SMU
OMA815,B789,OOMS,VTBS,2026-07-09T10:03:50Z,370,,RW19,,WILA1C,R19,PUMOR L877 MIGAR L524 IBETO
THA136,A320,VTBS,VTCT,2026-07-09T10:04:00Z,340,RW20L,RW03,UGUV1E,,R03,UGUVO Y27 IKISU W22 BENVI
VJC903,A21N,VVNB,VTBS,2026-07-09T10:04:16Z,340,,RW19,,NORT1C,R19,VTN R474 CMP W21 NOBER
CPA3018,B744,VOMM,VHHH,2026-07-09T10:04:35Z,350,,,,,,TANEK L301 BKK Y16 BUTRA
THA619,A21N,ZUTF,VTBS,2026-07-09T10:05:20Z,300,,RW19,,NORT1C,R19,YAKUA B346 NOBER
EVA068,B77W,VTBS,RCTP,2026-07-09T10:06:00Z,370,RW20L,,LIPL1J,,,LIPLI Y16 BUTRA
CSC3910,A21N,WSSS,ZUTF,2026-07-09T10:07:34Z,340,,,,,,ABTOK M644 RYN N891 BKK B346 YAKUA
AIQ253,A320,VTBD,VYYY,2026-07-09T10:08:00Z,380,RW21L,,TARE1B,,,TARED P646 BETNO
CCA959,B38M,ZBAA,VTBS,2026-07-09T10:08:15Z,320,,RW19,,NORT1C,R19,VTN R474 CMP W21 NOBER
AIQ3216,A21N,VTSG,VTBD,2026-07-09T10:09:00Z,370,RW14,RW21R,OSPE1G,SABA1B,R21R,OSPEX Y99 HOTEL DCT SABAI
ABY714,A21N,OMSJ,VTSP,2026-07-09T10:09:44Z,310,,RW27,,UBNE1D,,SAPAM L645 UBNEN
PAL736,A321,RPLL,VTBS,2026-07-09T10:10:25Z,340,,RW19,,TUMG1C,R19,TUPGO M633 DULEM DCT GOMES
AIQ655,A21N,VVTS,VTBD,2026-07-09T10:10:44Z,320,,RW21R,,SEHN1B,R21R,VAPVU P629 NUGPA
CTV513,A320,VTBD,WIII,2026-07-09T10:11:00Z,350,RW21L,,KIGO1B,,,KIGOB Y11 PASVA
CUH2642,B738,VTBS,ZHLY,2026-07-09T10:11:00Z,330,RW20L,,ALBO1F,,,ALBOS R474 VTN
MAS790,B738,WMKK,VTSP,2026-07-09T10:11:19Z,320,,RW27,,URGA1C,,DUBAX R325 URGAD
TGW685,E290,VTSG,WSSS,2026-07-09T10:12:00Z,350,RW14,,TUNR1G,,,TUNRA W32 TRN W14 HTY A334 PASVA
AIQ615,A20N,VDSA,VTBD,2026-07-09T10:12:10Z,320,,RW21R,,SEHN1B,R21R,TUPGO M633 DULEM
BOX618,B77L,VOBL,VVTS,2026-07-09T10:12:15Z,390,,,,,,TANEK L301 BKK N506 BOKAK
AIQ3021,A20N,VTBD,VTSP,2026-07-09T10:13:00Z,360,RW21L,RW27,SABI2B,SAVS1C,,SABIS Y8 SAVSA
BKP146,A319,VTSM,VTBS,2026-07-09T10:14:00Z,300,RW17,RW19,OLBA1B,LEBI1C,R19,OLBAG Y17 DONSI M769 LEBIM
THA417,B788,VTBS,WMKK,2026-07-09T10:15:00Z,390,RW20L,,KASN1E,,,KASNI M757 KARMI
TLM715,B739,VTSS,VTBD,2026-07-09T10:15:00Z,360,RW26,RW21R,DAND1C,SABA1B,R21R,DANDO M769 GOKEX Y96 EMTIX Y99 HOTEL DCT SABAI
SVA861,B77W,RPLL,OERK,2026-07-09T10:15:04Z,280,,,,,,TUPGO M633 TANEK
MMA505,E190,VYYY,WMKP,2026-07-09T10:15:49Z,350,,,,,,EKAVO M626 VALSI M757 KARMI
BKP294,AT76,VTBU,VTSM,2026-07-09T10:16:00Z,170,RW18,RW17,BKK1A,,R17,BUT DCT ASEKU M757 MABKO W33 SMU
NOK308,B738,VTBD,VTUD,2026-07-09T10:16:00Z,330,RW21L,RW30,ROBK3A,ANPU1A,R30,ROBKA A1 SELKA Y14 KRT Y23 KKN Y23/Y22
AIQ5420,A320,VTCC,VTSB,2026-07-09T10:17:00Z,370,RW36,RW22,PANT2C,IKER1B,R22,PANTA Y7 BKK Y8 IKERA
BKP277,A320,VTBS,VTSP,2026-07-09T10:17:00Z,340,RW20L,RW27,VANK1E,SAVS1C,,VANKO Y8 SAVSA
BKP454,AT76,VTSM,VTBD,2026-07-09T10:17:00Z,160,RW17,RW21R,OLBA1B,SABA1B,R21R,OLBAG Y17 DONSI M769 GOKEX Y96 EMTIX Y99 HOTEL DCT SABAI
UBA2305,B734,VYYY,VTBS,2026-07-09T10:17:49Z,310,,RW19,,WILA1C,R19,BETNO P646 TARED
TLM104,B739,VTBD,WSSS,2026-07-09T10:18:00Z,330,RW21L,,KIGO1B,,,KIGOB Y11 PASVA
ACI501,A339,VTBS,NWWW,2026-07-09T10:19:00Z,230,RW20L,,GOME1E,,,GOMES N506 BOKAK
MMA233,A319,VYYY,WSSS,2026-07-09T10:19:43Z,350,,,,,,EKAVO M626 IKOGA DCT PASVA
AIQ3925,A320,VTBD,VTCL,2026-07-09T10:20:00Z,320,RW21L,RW36,OLVU1B,IBIR1A,R36,OLVUK Y26 BEBUV Y33 IBIRI
TVJ3536,A320,VTBS,ZSHC,2026-07-09T10:21:00Z,330,RW20L,,SELK1F,,,SELKA A1 SANOT Y15 GUROK A202 SAV
AIQ3515,A320,VTUI,VTBD,2026-07-09T10:21:00Z,320,RW23,RW21R,OMNI,ENDU1B,R21R,Y22/Y23 KKN Y23 KRT Y20 UBLOD DCT ENDUU
TLM509,B739,VTCC,VTBD,2026-07-09T10:22:00Z,310,RW36,RW21R,PANT2C,NAKO1B,R21R,PANTA Y7 BLAFF DCT NAKON
TLM812,B738,VTBD,VTSG,2026-07-09T10:22:00Z,340,RW21L,RW32,SABI2B,NULM1E,R32,SABIS Y8 SAPUD W32 NULMA
TVJ352,A320,VTBS,VTSB,2026-07-09T10:23:00Z,340,RW20L,RW22,VANK1E,IKER1B,R22,VANKO Y8 IKERA
AIQ3310,A20N,VTBD,VTPP,2026-07-09T10:24:00Z,220,RW21L,RW32,UGUV1B,,R32,UGUVO Y27 PIBAN
THA303,A320,VTBS,VYYY,2026-07-09T10:25:00Z,320,RW20L,,NUNL1P,,,NUNLI L507 LUDVI
ETD406,A35K,OMAA,VTBS,2026-07-09T10:25:53Z,390,,RW19,,WILA1C,R19,NURDA L524 IBETO
TVJ307,A321,VTSP,VTBS,2026-07-09T10:26:00Z,330,RW27,RW19,EMRI1B,LEBI1C,R19,EMRIT Y99 NONEL Y98 LEBIM
NOK556,B738,VTBD,VTSF,2026-07-09T10:26:00Z,350,RW21L,RW19,KASN1B,,R19,KASNI M757 LOSDA Y94 NKS
BKP267,AT76,VTSM,VTSG,2026-07-09T10:27:00Z,140,RW17,RW32,DORN1A,NULM1E,R32,DORNA W32 NULMA
QFA23,A333,YSSY,VTBS,2026-07-09T10:27:43Z,300,,RW19,,TUMG1C,R19,BENSA N891 RYN
NOK134,B738,VTBD,VTCC,2026-07-09T10:28:00Z,360,RW21L,RW36,OLVU1B,MARN2A,R36,OLVUK Y26 MARNI
TVJ567,B38M,RCTP,VTBS,2026-07-09T10:28:03Z,340,,RW19,,EAST1C,R19,BUTRA A1 UBL Y20 GRASO Y13 RUKSA
BKP968,A319,WSSS,VTSM,2026-07-09T10:28:32Z,340,,RW17,,,R17,KADAX M626 IKOGA Y95 RUMVA
CEB014,A339,RPLL,OMDB,2026-07-09T10:28:38Z,340,,,,,,TUPGO M633 MUBUS P629 BKK L301 TANEK
CCA475,A320,ZUTF,WIII,2026-07-09T10:28:53Z,320,,,,,,YAKUA B346 BKK M904 BUT Y11 PASVA
THA217,A320,VTBS,VTSP,2026-07-09T10:29:00Z,340,RW20L,RW27,VANK1E,SAVS1C,,VANKO Y8 SAVSA
AIQ241,A20N,ROAH,VTBD,2026-07-09T10:29:03Z,360,,RW21R,,ENDU1B,R21R,BUTRA A1 UBL Y20 UBLOD
TLM674,B738,VTBD,VTUW,2026-07-09T10:30:00Z,330,RW21L,RW15,ROBK3A,,R15,ROBKA A1 SELKA Y14 KRT Y23 KKN Y23/Y22
TLM647,B738,VTUK,VTBD,2026-07-09T10:30:00Z,240,RW21,RW21R,EMRU1A,ENDU1B,R21R,Y22/Y23 KKN Y23 KRT Y20 UBLOD DCT ENDUU
TGW694,E290,WSSS,VTSM,2026-07-09T10:31:02Z,380,,RW17,,,R17,KADAX M626 IKOGA Y95 RUMVA
CDC8022,A320,VTBS,ZSHC,2026-07-09T10:32:00Z,330,RW20L,,SELK1F,,,SELKA A1 SANOT Y15 GUROK A202 SAV
BKP307,AT76,VTBS,VTBO,2026-07-09T10:32:00Z,150,RW20L,,RYN1E,,,RYN
HVN621,A21N,VVTS,VTSP,2026-07-09T10:32:02Z,260,,RW27,,EMRI1D,,BASIT R588 EMRIT
OMA843,B789,OOMS,RPLL,2026-07-09T10:32:13Z,330,,,,,,TANEK L301 BKK N506 GOMES B204 AGEDO
CQH6826,A320,VTBS,ZGOW,2026-07-09T10:35:00Z,330,RW20L,,SELK1F,,,SELKA A1 SANOT Y15 GUROK A202 SAV
NOK528,B738,VTBD,VTSP,2026-07-09T10:35:00Z,360,RW21L,RW27,SABI2B,SAVS1C,,SABIS Y8 SAVSA
MMA470,AT76,VYYY,VLVT,2026-07-09T10:35:02Z,170,,,,,,MAKAS G473 PSL W27 LOY B218 VTN
SBI6309,B738,UIII,VTBS,2026-07-09T10:37:07Z,340,,RW19,,NORT1C,R19,YAKUA B346 NOBER
AXM8567,A321,VDTI,VTSP,2026-07-09T10:37:12Z,320,,RW27,,EMRI1D,,BASIT R588 EMRIT
MAS783,B38M,VTBS,WMKK,2026-07-09T10:38:00Z,350,RW20L,,KASN1E,,,KASNI M757 KARMI
AIQ3018,A320,VTSP,VTBD,2026-07-09T10:39:00Z,370,RW27,RW21R,IGEV1B,SABA1B,R21R,IGEVI Y5 EGUBO Y99 HOTEL DCT SABAI
TLM827,B738,VTST,VTBD,2026-07-09T10:39:00Z,240,RW08,RW21R,,SABA1B,R21R,TRN W24 BITEN Y99 HOTEL DCT SABAI
THA636,A320,VTBS,RCTP,2026-07-09T10:41:00Z,370,RW20L,,LIPL1J,,,LIPLI Y16 BUTRA
AIQ3232,A320,VTSB,VTBD,2026-07-09T10:41:00Z,350,RW04,RW21R,NIXE1C,SABA1B,R21R,NIXET Y99 HOTEL DCT SABAI
SIA763,B38M,VYYY,WSSS,2026-07-09T10:41:06Z,370,,,,,,EKAVO M626 IKOGA Y24 PASVA
SIA714,B78X,WSSS,VTBS,2026-07-09T10:42:06Z,380,,RW19,,TUMG1C,R19,ABTOK M644 ALUMO Y12 ALEMI
HKE702,A21N,VHHH,VTBS,2026-07-09T10:42:22Z,340,,RW19,,EAST1C,R19,BUTRA A1 UBL Y20 GRASO Y13 RUKSA
CXA863,A21N,ZSAM,VTBS,2026-07-09T10:42:32Z,340,,RW19,,EAST1C,R19,SAV A202 RAMEI W42 PAKRI Y13 RUKSA
ETD412,B789,OMAA,VTSP,2026-07-09T10:42:36Z,370,,RW27,,UBNE1D,,SAPAM L645 UBNEN
TVJ2304,B38M,VTBS,VTSP,2026-07-09T10:43:00Z,340,RW20L,RW27,VANK1E,SAVS1C,,VANKO Y8 SAVSA
ETD446,B77W,OMAA,RPLL,2026-07-09T10:44:36Z,330,,,,,,NURDA L524 BKK A1 UBL B202 PAK
CDG2484,B738,VTBS,ZSQD,2026-07-09T10:45:00Z,330,RW20L,,ALBO1F,,,ALBOS R474 VTN
AIQ3356,A320,VTBD,VTUD,2026-07-09T10:46:00Z,290,RW21L,RW30,ROBK3A,ANPU1A,R30,ROBKA A1 SELKA Y14 KRT Y23 KKN Y23/Y22
THA320,A320,VNKT,VTBS,2026-07-09T10:46:26Z,270,,RW19,,WILA1C,R19,LUDVI L507 IGONI
CPA708,A21N,VTBS,VHHH,2026-07-09T10:47:00Z,370,RW20L,,SELK1F,,,SELKA A1 SANOT Y15 GUROK A202 SAV
BKP284,A319,VTSP,VTBS,2026-07-09T10:47:00Z,350,RW27,RW19,EMRI1B,LEBI1C,R19,EMRIT Y99 NONEL Y98 LEBIM
TVJ109,A321,VTCC,VTBS,2026-07-09T10:47:00Z,330,RW36,RW19,PANT2C,NORT1C,R19,PANTA Y7 BLAFF DCT NORTA
MMA352,B734,VYYY,VTBS,2026-07-09T10:47:36Z,330,,RW19,,WILA1C,R19,BETNO P646 TARED
ETD436,A21N,OMAA,VDTI,2026-07-09T10:48:16Z,310,,,,,,NURDA L524 BKK N506 BOKAK
KHV723,A320,VTBS,VDTI,2026-07-09T10:49:00Z,310,RW20L,,GOME1E,,,GOMES N506 BOKAK
SJX752,A21N,VTCC,RCTP,2026-07-09T10:50:00Z,330,RW36,,MONL2C,,,MONLO R207 NAN R215 TOMIP
CRK766,A320,VTBS,VHHH,2026-07-09T10:50:00Z,370,RW20L,,SELK1F,,,SELKA A1 SANOT Y15 GUROK A202 SAV
BKP172,A319,VTSM,VTBS,2026-07-09T10:50:00Z,300,RW17,RW19,OLBA1B,LEBI1C,R19,OLBAG Y17 DONSI M769 LEBIM
AIQ3558,A20N,VTBD,VTCN,2026-07-09T10:50:00Z,340,RW21L,RW02,UGUV1B,,R02,UGUVO Y27 IBUBU W25 NAN
MMA331,A319,VYYY,VTBS,2026-07-09T10:50:21Z,330,,RW19,,WILA1C,R19,BETNO P646 TARED
XAX326,A333,WMKK,ZUTF,2026-07-09T10:50:45Z,360,,,,,,RIGTO M769 BKK B346 YAKUA
UAE370,B77W,OMDB,VTBS,2026-07-09T10:51:01Z,330,,RW19,,WILA1C,R19,NURDA L524 IBETO
AIQ663,A320,VVPQ,VTBD,2026-07-09T10:51:30Z,340,,RW21R,,SEHN1B,R21R,SAKDA R334 RYN
CXA834,B38M,VTBS,ZSAM,2026-07-09T10:52:00Z,370,RW20L,,SELK1F,,,SELKA A1 SANOT Y15 GUROK A202 SAV
HKE744,A21N,VHHH,VTCC,2026-07-09T10:52:06Z,340,,RW36,,MONL2B,R36,TOMIP R215 NAN W12 MONLO
AIQ3208,A21N,VTCT,VTBD,2026-07-09T10:53:00Z,370,RW21,RW21R,DUBE1A,NAKO1B,R21R,DUBEN Y28 BLAFF DCT NAKON
BKP257,AT76,VTSM,VTSP,2026-07-09T10:53:00Z,140,RW17,RW27,DORN1A,SAVS1C,,DORNA W32 SAPUD Y8 SAVSA
AIQ3110,A320,VTBD,VTSS,2026-07-09T10:54:00Z,370,RW21L,RW26,KASN1B,OBLE1B,R26,KASNI M757 OBLEX
THA029,A320,VTUU,VTBS,2026-07-09T10:54:00Z,260,RW23,RW19,ASAB1B,EAST1C,R19,Y20 GRASO Y13 RUKSA DCT EASTE
THA046,A21N,VTBS,VTUK,2026-07-09T10:54:00Z,250,RW20L,RW03,SELK1F,,R03,SELKA Y14 KRT Y23 KKN Y23/Y22
TGW675,A21N,VTCC,WSSS,2026-07-09T10:56:00Z,350,RW36,,PANT2C,,,PANTA Y7 BKK M904 PIDEL Y11 PASVA
BKP167,A319,VTBS,VTSM,2026-07-09T10:56:00Z,310,RW20L,RW17,KASN1E,,R17,KASNI M757 MABKO W33 SMU
CEB741,A339,OERK,RPLL,2026-07-09T10:56:10Z,330,,,,,,TANEK L301 BKK N506 GOMES B204 AGEDO
CAL836,A21N,VTBS,RCTP,2026-07-09T10:57:00Z,310,RW20L,,LIPL1J,,,LIPLI Y16 BUTRA
NOK604,B738,VTBD,VTSE,2026-07-09T10:58:00Z,280,RW21L,RW24,SABI2B,,R24,SABIS Y8 MENEX W34 CPN
BKP806,A319,VHHH,VTSM,2026-07-09T10:58:30Z,340,,RW17,,,R17,SAV A202 RAMEI W42 ASEKU M757 MABKO W33 UPNEP
THA556,A320,VTBS,VVTS,2026-07-09T10:59:00Z,330,RW20L,,GOME1E,,,GOMES N506 BOKAK
TGW648,E290,WSSS,VTSM,2026-07-09T10:59:54Z,380,,RW17,,,R17,KADAX M626 IKOGA Y95 RUMVA
HKE759,A320,VTBS,VHHH,2026-07-09T11:01:00Z,390,RW20L,,SELK1F,,,SELKA A1 SANOT Y15 GUROK A202 SAV
BKP166,A319,VTSM,VTBS,2026-07-09T11:02:00Z,300,RW17,RW19,OLBA1B,LEBI1C,R19,OLBAG Y17 DONSI M769 LEBIM
CES6017,A332,ZSPD,VCBI,2026-07-09T11:02:30Z,280,,,,,,SAV A202 RAMEI Y20 BKK L301 TANEK
CSN8023,A20N,ZGGG,VTBS,2026-07-09T11:02:55Z,300,,RW19,,EAST1C,R19,SAV A202 RAMEI W42 PAKRI Y13 RUKSA
CSC3936,A321,VTBS,ZUTF,2026-07-09T11:03:00Z,330,RW20L,,NOBE1P,,,NOBER B346 YAKUA
S3AGC,C130,VTBD,WMSA,2026-07-09T11:03:00Z,130,RW21L,,REGO1B,,,REGOS A464 KARMI
HVN607,A321,VVTS,VTBS,2026-07-09T11:03:14Z,280,,RW19,,TUMG1C,R19,VAPVU P629 NUGPA
AIQ4113,A320,VTSP,VTBS,2026-07-09T11:04:00Z,370,RW27,RW19,EMRI1B,LEBI1C,R19,EMRIT Y99 NONEL Y98 LEBIM
TVJ214,B38M,VTBS,VTUK,2026-07-09T11:04:00Z,330,RW20L,RW03,SELK1F,,R03,SELKA Y14 KRT Y23 KKN Y23/Y22
HVN619,A321,VVNB,VTBS,2026-07-09T11:04:45Z,340,,RW19,,NORT1C,R19,VTN R474 CMP W21 NOBER
AIC2335,A20N,VTBS,VIDP,2026-07-09T11:06:00Z,360,RW20L,,TARE1E,,,TARED P646 BETNO
AIQ3331,A320,VTBD,VTSB,2026-07-09T11:06:00Z,340,RW21L,RW22,SABI2B,IKER1B,R22,SABIS Y8 IKERA
TVJ983,B38M,VVPQ,VTBS,2026-07-09T11:07:44Z,340,,RW19,,TUMG1C,R19,SAKDA R334 RYN
CSH834,B38M,VTBS,ZSPD,2026-07-09T11:08:00Z,330,RW20L,,SELK1F,,,SELKA A1 SANOT Y15 GUROK A202 SAV
TVJ203,A321,VTUD,VTBS,2026-07-09T11:08:00Z,340,RW12,RW19,ANPU1B,EAST1C,R19,Y22/Y23 KKN Y23 KRT Y20 UBLOD DCT EASTE
NOK508,B738,VTBD,VTSS,2026-07-09T11:08:00Z,370,RW21L,RW26,KASN1B,OBLE1B,R26,KASNI M757 OBLEX
CQH8666,A20N,VTSP,ZSPD,2026-07-09T11:10:00Z,330,RW27,,EMRI1B,,,EMRIT Y99 NONEL Y98 SURMA W42 TOPER A1 SANOT Y15 GUROK A202 SAV
TVJ3680,B38M,VTBS,ZUTF,2026-07-09T11:10:00Z,330,RW20L,,NOBE1P,,,NOBER B346 YAKUA
AIQ3342,A320,VTBD,VTUW,2026-07-09T11:10:00Z,370,RW21L,RW15,ROBK3A,,R15,ROBKA A1 SELKA Y14 KRT Y23 KKN Y23/Y22
CSH855,B38M,ZSPD,VTBS,2026-07-09T11:10:19Z,300,,RW19,,EAST1C,R19,SAV A202 RAMEI W42 PAKRI Y13 RUKSA
TGW626,B788,WSSS,VTBS,2026-07-09T11:10:43Z,430,,RW19,,TUMG1C,R19,ABTOK M644 ALUMO Y12 ALEMI
BKP907,AT76,VTBS,VDSA,2026-07-09T11:11:00Z,170,RW20L,,GOME1E,,,GOMES N506 BOKAK
CSZ307,A20N,ZGSZ,VTBS,2026-07-09T11:11:19Z,340,,RW19,,EAST1C,R19,SAV A202 RAMEI W42 PAKRI Y13 RUKSA
CES9613,B738,ZPPP,VTBS,2026-07-09T11:11:44Z,340,,RW19,,NORT1C,R19,YAKUA B346 NOBER
HVN626,A321,VTBS,VVDN,2026-07-09T11:12:00Z,330,RW20L,,LIPL1J,,,LIPLI Y16 BUTRA
TVJ134,B38M,VTBS,VTCT,2026-07-09T11:13:00Z,340,RW20L,RW03,UGUV1E,,R03,UGUVO Y27 IKISU W22 BENVI
TLM762,B739,VTBD,VTSP,2026-07-09T11:13:00Z,340,RW21L,RW27,SABI2B,SAVS1C,,SABIS Y8 SAVSA
AIQ3115,A320,VTSS,VTBD,2026-07-09T11:14:00Z,380,RW26,RW21R,DAND1C,SABA1B,R21R,DANDO M769 GOKEX Y96 EMTIX Y99 HOTEL DCT SABAI
UAE334,B77W,OMDB,RPLL,2026-07-09T11:14:04Z,250,,,,,,NURDA L524 BKK N506 GOMES B204 AGEDO
THA602,A320,VTBS,VHHH,2026-07-09T11:15:00Z,370,RW20L,,SELK1F,,,SELKA A1 SANOT Y15 GUROK A202 SAV
THA669,A359,ZGGG,VTBS,2026-07-09T11:16:38Z,250,,RW19,,EAST1C,R19,SAV A202 RAMEI W42 PAKRI Y13 RUKSA
CSC3771,A20N,ZUCK,VTBS,2026-07-09T11:18:23Z,340,,RW19,,NORT1C,R19,YAKUA B346 NOBER
AIQ322,A320,WMKP,VTBD,2026-07-09T11:18:37Z,380,,RW21R,,SABA1B,R21R,RIGTO M769 GOKEX Y96 EMTIX Y99 HOTEL
TLM716,B739,VTBD,VTSS,2026-07-09T11:19:00Z,350,RW21L,RW26,KASN1B,OBLE1B,R26,KASNI M757 OBLEX
CCA472,A321,VTBS,ZUTF,2026-07-09T11:21:00Z,370,RW20L,,NOBE1P,,,NOBER B346 YAKUA
RTP742,F2TH,VTBD,VTCT,2026-07-09T11:21:00Z,360,RW21L,RW03,UGUV1B,,R03,UGUVO Y27 IKISU W22 BENVI
BKP169,A319,VTBS,VTSM,2026-07-09T11:21:00Z,310,RW20L,RW17,KASN1E,,R17,KASNI M757 MABKO W33 SMU
QFA24,A333,VTBS,YSSY,2026-07-09T11:23:00Z,330,RW20L,,BUT1E,,,BUT M904 TIDAR
BKP214,AT76,VTPO,VTBS,2026-07-09T11:23:00Z,170,RW18,RW19,PEBL1C,NORT1C,R19,PEBLI Y28 BLAFF DCT NORTA
MXD135,B38M,WMKK,OPKC,2026-07-09T11:23:02Z,320,,,,,,DUBAX R325 PUT L759 TAVUN
FDS07,C680,VRMM,VTBD,2026-07-09T11:23:38Z,410,,RW21R,,WEHA1B,R21R,PUMOR L877 MIGAR L524 IBETO
AIQ176,A20N,VRMM,VTBD,2026-07-09T11:23:38Z,350,,RW21R,,WEHA1B,R21R,PUMOR L877 MIGAR L524 IBETO
AXM100,A320,ZPPP,WMKK,2026-07-09T11:24:13Z,340,,,,,,YAKUA B346 BKK M904 PIDEL Y11 PASVA
MXD528,B738,WMKK,VTBD,2026-07-09T11:24:57Z,340,,RW21R,,SABA1B,R21R,RIGTO M769 GOKEX Y96 EMTIX Y99 HOTEL
THA564,A320,VTBS,VVNB,2026-07-09T11:25:00Z,350,RW20L,,ALBO1F,,,ALBOS R474 VTN
MXD205,B738,WMKK,VIDP,2026-07-09T11:25:22Z,360,,,,,,DUBAX R325 PUT L759 TAVUN
IGO1059,A21N,VABB,VTBS,2026-07-09T11:25:52Z,350,,RW19,,WILA1C,R19,PUMOR L877 MIGAR L524 IBETO
AIQ4109,A320,VTCC,VTBS,2026-07-09T11:26:00Z,330,RW36,RW19,PANT2C,NORT1C,R19,PANTA Y7 BLAFF DCT NORTA
SIA735,B38M,VTSP,WSSS,2026-07-09T11:27:00Z,350,RW27,,EPGO1B,,,EPGOT W14 HTY A334 PASVA
CSN8324,A321,VTBS,ZGSZ,2026-07-09T11:27:00Z,330,RW20L,,SELK1F,,,SELKA A1 SANOT Y15 GUROK A202 SAV
AIQ3257,A21N,VTUK,VTBD,2026-07-09T11:27:00Z,280,RW21,RW21R,EMRU1A,ENDU1B,R21R,Y22/Y23 KKN Y23 KRT Y20 UBLOD DCT ENDUU
THA631,A320,RCKH,VTBS,2026-07-09T11:27:02Z,340,,RW19,,EAST1C,R19,BUTRA A1 UBL Y20 GRASO Y13 RUKSA
THA408,A21N,WSSS,VTBS,2026-07-09T11:27:17Z,340,,RW19,,TUMG1C,R19,ABTOK M644 ALUMO Y12 ALEMI
THA466,A359,YMML,VTBS,2026-07-09T11:28:07Z,340,,RW19,,TUMG1C,R19,TIDAR M904 TONIK M644 ALUMO Y12 ALEMI
TVJ3718,B38M,VTBS,ZBAD,2026-07-09T11:29:00Z,330,RW20L,,ALBO1F,,,ALBOS R474 VTN
AIQ3562,A320,VTBD,VTUV,2026-07-09T11:29:00Z,270,RW21L,RW36,ROBK3A,,R36,ROBKA A1 TOPER W42 RAMEI W38
AWQ246,A320,WADD,VTSP,2026-07-09T11:30:21Z,360,,RW27,,EPGO1C,,PASVA A334 HTY W14 EPGOT
TLM544,B738,VTBD,VTCT,2026-07-09T11:31:00Z,360,RW21L,RW03,UGUV1B,,R03,UGUVO Y27 IKISU W22 BENVI
SIA720,B78X,WSSS,VTBS,2026-07-09T11:31:21Z,400,,RW19,,TUMG1C,R19,ABTOK M644 ALUMO Y12 ALEMI
UAE392,A359,OMDB,VVTS,2026-07-09T11:31:22Z,370,,,,,,NURDA L524 BKK N506 BOKAK
CAL840,B738,VTBS,RCKH,2026-07-09T11:32:00Z,330,RW20L,,LIPL1J,,,LIPLI Y16 BUTRA
AIQ3166,A320,VTCC,VTSP,2026-07-09T11:32:00Z,370,RW36,RW27,PANT2C,SAVS1C,,PANTA Y7 BKK Y8 SAVSA
THA432,A359,WADD,VTBS,2026-07-09T11:32:06Z,400,,RW19,,TUMG1C,R19,TIDAR M904 TONIK M644 ALUMO Y12 ALEMI
AIQ3429,A21N,VTBD,VTCC,2026-07-09T11:33:00Z,340,RW21L,RW36,OLVU1B,MARN2A,R36,OLVUK Y26 MARNI
THA267,A320,VTBS,VTSS,2026-07-09T11:34:00Z,330,RW20L,RW26,KASN1E,OBLE1B,R26,KASNI M757 OBLEX
CCA484,A21N,WMKK,ZUTF,2026-07-09T11:35:41Z,350,,,,,,ABTOK M644 RYN N891 BKK B346 YAKUA
TLM397,B739,RCTP,VTBD,2026-07-09T11:35:51Z,300,,RW21R,,ENDU1B,R21R,BUTRA A1 UBL Y20 UBLOD
TLM515,B739,VTCC,VTBD,2026-07-09T11:36:00Z,310,RW36,RW21R,PANT2C,NAKO1B,R21R,PANTA Y7 BLAFF DCT NAKON
AIQ3182,A20N,VTBD,VTSF,2026-07-09T11:36:00Z,370,RW21L,RW19,KASN1B,,R19,KASNI M757 LOSDA Y94 NKS
NOK326,B738,VTBD,VTUU,2026-07-09T11:38:00Z,330,RW21L,RW23,ROBK3A,VENP1D,R23,ROBKA A1
AIQ3311,A20N,VTPP,VTBD,2026-07-09T11:39:00Z,230,RW32,RW21R,PEBL1A,NAKO1B,R21R,PEBLI Y28 BLAFF DCT NAKON
TLM747,B738,VTSB,VTBD,2026-07-09T11:39:00Z,330,RW04,RW21R,NIXE1C,SABA1B,R21R,NIXET Y99 HOTEL DCT SABAI
HVN920,A321,VDTI,VLVT,2026-07-09T11:39:41Z,310,,,,,,PAK B202 UBL R470 VTN
BRU796,A332,VVCR,UMMS,2026-07-09T11:39:46Z,280,,,,,,VAPVU P629 BKK
THA574,A320,VTBS,VLVT,2026-07-09T11:40:00Z,310,RW20L,,ALBO1F,,,ALBOS R474 VTN
AIQ3009,A320,VTBD,VTSP,2026-07-09T11:40:00Z,380,RW21L,RW27,SABI2B,SAVS1C,,SABIS Y8 SAVSA
BKP308,AT76,VTBO,VTBS,2026-07-09T11:40:00Z,140,,RW19,OMNI,TUMG1C,R19,RYN
NOK547,B738,VTSG,VTBD,2026-07-09T11:40:00Z,370,RW14,RW21R,OSPE1G,SABA1B,R21R,OSPEX Y99 HOTEL DCT SABAI
MAS791,B738,VTSP,WMKK,2026-07-09T11:42:00Z,350,RW27,,REBE1B,,,REBED B579 DALAN
AIQ3246,A320,VTST,VTBD,2026-07-09T11:42:00Z,360,RW08,RW21R,,SABA1B,R21R,TRN W24 BITEN Y99 HOTEL DCT SABAI
UAE372,A388,OMDB,VTBS,2026-07-09T11:42:06Z,370,,RW19,,WILA1C,R19,NURDA L524 IBETO
AIQ644,A320,VTBD,VVNB,2026-07-09T11:43:00Z,350,RW21L,,NOBE2B,,,NOBER W21 CMP R474 VTN
THA584,A320,VTBS,VDTI,2026-07-09T11:43:00Z,330,RW20L,,GOME1E,,,GOMES N506 BOKAK
MXD182,B38M,WMKK,VNKT,2026-07-09T11:44:50Z,320,,,,,,DUBAX R325 PUT L515 IKULA
MAS775,B738,VTBS,WMKK,2026-07-09T11:45:00Z,350,RW20L,,KASN1E,,,KASNI M757 KARMI
THA137,A320,VTCT,VTBS,2026-07-09T11:45:00Z,330,RW21,RW19,DUBE1A,NORT1C,R19,DUBEN Y28 BLAFF DCT NORTA
AIQ3926,A320,VTCL,VTBD,2026-07-09T11:45:00Z,330,RW18,RW21R,VENA1C,NAKO1B,R21R,VENAG W23 PSL Y28 BLAFF DCT NAKON
AIQ3104,A21N,VTBD,VTSS,2026-07-09T11:45:00Z,370,RW21L,RW26,KASN1B,OBLE1B,R26,KASNI M757 OBLEX
GIA8201,B738,VOHS,WIII,2026-07-09T11:45:05Z,330,,,,,,TAVUN L759 PUT B579 DALAN
JYH1208,B738,VTBS,ZUGY,2026-07-09T11:47:00Z,330,RW20L,,NOBE1P,,,NOBER B346 YAKUA
VJC805,A320,VVTS,VTBS,2026-07-09T11:47:25Z,340,,RW19,,TUMG1C,R19,VAPVU P629 NUGPA
CSN363,A21N,ZGGG,VTBS,2026-07-09T11:47:35Z,300,,RW19,,EAST1C,R19,SAV A202 RAMEI W42 PAKRI Y13 RUKSA
CQH8664,A20N,VTSP,ZSPD,2026-07-09T11:48:00Z,330,RW27,,EMRI1B,,,EMRIT Y99 NONEL Y98 SURMA W42 TOPER A1 SANOT Y15 GUROK A202 SAV
AIQ3372,A320,VTBD,VTUU,2026-07-09T11:48:00Z,330,RW21L,RW23,ROBK3A,VENP1D,R23,ROBKA A1
BKP176,AT76,VTSM,VTBS,2026-07-09T11:49:00Z,160,RW17,RW19,OLBA1B,LEBI1C,R19,OLBAG Y17 DONSI M769 LEBIM
THA249,A320,VTBS,VTSG,2026-07-09T11:49:00Z,340,RW20L,RW32,VANK1E,NULM1E,R32,VANKO Y8 SAPUD W32 NULMA
JST29,B788,YMML,VTBS,2026-07-09T11:49:10Z,320,,RW19,,TUMG1C,R19,BENSA N891 RYN
TVJ963,B38M,VVDN,VTBS,2026-07-09T11:49:45Z,340,,RW19,,EAST1C,R19,BUTRA A1 UBL Y20 GRASO Y13 RUKSA
ABY715,A21N,VTSP,OMSJ,2026-07-09T11:50:00Z,340,RW27,,UBNE1B,,,UBNEN L645 SAPAM
TLM794,B738,VTBD,VTSF,2026-07-09T11:50:00Z,310,RW21L,RW19,KASN1B,,R19,KASNI M757 LOSDA Y94 NKS
NOK309,B738,VTUD,VTBD,2026-07-09T11:50:00Z,340,RW12,RW21R,ANPU1B,ENDU1B,R21R,Y22/Y23 KKN Y23 KRT Y20 UBLOD DCT ENDUU
AIQ3075,A320,VTSG,VTCC,2026-07-09T11:51:00Z,370,RW14,RW36,OSPE1G,MARN2A,R36,OSPEX Y99 BKK Y26 MARNI
ABY817,A21N,VTBS,OMSJ,2026-07-09T11:52:00Z,340,RW20L,,PAST1E,,,PASTO L301 TANEK
NOK530,B738,VTBD,VTSP,2026-07-09T11:52:00Z,360,RW21L,RW27,SABI2B,SAVS1C,,SABIS Y8 SAVSA
TLM616,B738,VTBD,VTUD,2026-07-09T11:53:00Z,310,RW21L,RW30,ROBK3A,ANPU1A,R30,ROBKA A1 SELKA Y14 KRT Y23 KKN Y23/Y22
AXM893,A20N,VTBD,WMKK,2026-07-09T11:55:00Z,370,RW21L,,KIGO1B,,,KIGOB Y11 PASVA
AIQ3022,A20N,VTSP,VTBD,2026-07-09T11:55:00Z,370,RW27,RW21R,IGEV1B,SABA1B,R21R,IGEVI Y5 EGUBO Y99 HOTEL DCT SABAI
UPS144,B763,WMKP,VTBS,2026-07-09T11:55:29Z,340,,RW19,,LEBI1C,R19,RIGTO M769 LEBIM
SIA711,B78X,VTBS,WSSS,2026-07-09T11:56:00Z,330,RW20L,,BUT1E,,,BUT Y11 PASVA
MMA363,A319,VTBD,VYYY,2026-07-09T11:57:00Z,340,RW21L,,TARE1B,,,TARED G463 BETNO
BKP268,AT76,VTSG,VTSM,2026-07-09T11:57:00Z,150,RW14,RW17,OSPE1G,,R17,OSPEX Y99 AKVUG Y93 SMU
ETD9638,B77L,OMAA,VDTI,2026-07-09T11:57:04Z,350,,,,,,NURDA L524 BKK N506 BOKAK
CTJ3860,B738,VTBS,ZUCK,2026-07-09T11:59:00Z,330,RW20L,,NOBE1P,,,NOBER B346 YAKUA
MAS526,B38M,WMKK,ZUTF,2026-07-09T11:59:24Z,340,,,,,,RIGTO M769 BKK B346 YAKUA
AIQ3258,A320,VTBD,VTUK,2026-07-09T12:00:00Z,310,RW21L,RW03,ROBK3A,,R03,ROBKA A1 SELKA Y14 KRT Y23 KKN Y23/Y22
AIQ639,A320,VVDN,VTBD,2026-07-09T12:00:14Z,340,,RW21R,,ENDU1B,R21R,BUTRA A1 UBL Y20 UBLOD
TREK668,C17,PGUA,VTBU,2026-07-09T12:00:54Z,260,,RW18,,,R18,BENSA N891 RYN
CSS314,B752,VTBS,ZGSZ,2026-07-09T12:01:00Z,330,RW20L,,SELK1F,,,SELKA A1 SANOT Y15 GUROK A202 SAV
CES5094,B738,VTSP,ZPPP,2026-07-09T12:01:00Z,350,RW27,,EMRI1B,,,EMRIT Y99 BKK B346 YAKUA
BKP401,AT76,VTSM,VTSP,2026-07-09T12:01:00Z,140,RW17,RW27,DORN1A,SAVS1C,,DORNA W32 SAPUD Y8 SAVSA
TVJ353,A320,VTSB,VTBS,2026-07-09T12:01:00Z,330,RW04,RW19,NIXE1C,LEBI1C,R19,NIXET Y99 NONEL Y98 LEBIM
VJC904,A21N,VTBS,VVNB,2026-07-09T12:03:00Z,330,RW20L,,ALBO1F,,,ALBOS R474 VTN
AIC2376,A20N,VIDP,VTSP,2026-07-09T12:03:58Z,310,,RW27,,SATV1D,,TAVUN L759 SATVA
QTR826,A359,OTHH,VTBS,2026-07-09T12:04:24Z,350,,RW19,,WILA1C,R19,NURDA L524 IBETO
LAO445,AJ27,VLVT,VTBS,2026-07-09T12:04:59Z,340,,RW19,,NORT1C,R19,VTN R474 CMP W21 NOBER
TGW611,B788,VTBS,WSSS,2026-07-09T12:06:00Z,390,RW20L,,BUT1E,,,BUT Y11 PASVA
NOK557,B738,VTSF,VTBD,2026-07-09T12:06:00Z,360,RW01,RW21R,TAWI1A,SABA1B,R21R,NKS Y94 DOXAS M769 GOKEX Y96 EMTIX Y99 HOTEL DCT SABAI
CQH7281,A320,ZSPD,VTBS,2026-07-09T12:06:39Z,320,,RW19,,EAST1C,R19,SAV A202 RAMEI W42 PAKRI Y13 RUKSA
SIA740,B38M,WSSS,VTSP,2026-07-09T12:06:48Z,380,,RW27,,URGA1C,,DUBAX R325 URGAD
AWQ257,A320,VTBD,WIII,2026-07-09T12:08:00Z,330,RW21L,,KIGO1B,,,KIGOB Y11 PASVA
NOK135,B738,VTCC,VTBD,2026-07-09T12:08:00Z,370,RW36,RW21R,PANT2C,NAKO1B,R21R,PANTA Y7 BLAFF DCT NAKON
THA315,A333,VTBS,VIDP,2026-07-09T12:10:00Z,360,RW20L,,TARE1E,,,TARED P646 BETNO
BKP180,A319,VTSM,VTBS,2026-07-09T12:10:00Z,300,RW17,RW19,OLBA1B,LEBI1C,R19,OLBAG Y17 DONSI M769 LEBIM
QTR846,B788,OTHH,VTSP,2026-07-09T12:10:13Z,350,,RW27,,UBNE1D,,SAPAM L645 UBNEN
THY53,A333,VDTI,VTBS,2026-07-09T12:10:58Z,320,,RW19,,TUMG1C,R19,VAPVU P629 NUGPA
CSN3033,A20N,ZGGG,VTCC,2026-07-09T12:11:08Z,340,,RW36,,MONL2B,R36,TOMIP R215 NAN R207 MONLO
TGW134,A20N,WSSS,ZLXY,2026-07-09T12:11:12Z,380,,,,,,GOLUD M751 BKK R474 VTN
MAS173,B38M,VIDP,WMKK,2026-07-09T12:11:38Z,350,,,,,,EKAVO M626 IKOGA DCT PASVA
CSC3932,A21N,VTSP,ZUTF,2026-07-09T12:12:00Z,350,RW27,,EMRI1B,,,EMRIT Y99 BKK B346 YAKUA
TVJ2106,A321,VTBS,VTCC,2026-07-09T12:12:00Z,340,RW20L,RW36,OLVU1E,MARN2A,R36,OLVUK Y26 MARNI
THA317,A21N,VTBS,VABB,2026-07-09T12:13:00Z,360,RW20L,,PAST1E,,,PASTO L301 TANEK
BKP278,A320,VTSP,VTBS,2026-07-09T12:14:00Z,350,RW27,RW19,EMRI1B,LEBI1C,R19,EMRIT Y99 NONEL Y98 LEBIM
SJX746,A339,VTBS,RCTP,2026-07-09T12:15:00Z,370,RW20L,,LIPL1J,,,LIPLI Y16 BUTRA
OMA831,B38M,OOMS,VTSP,2026-07-09T12:15:07Z,330,,RW27,,UBNE1D,,SAPAM L645 UBNEN
THA653,A359,RKSI,VTBS,2026-07-09T12:15:33Z,380,,RW19,,EAST1C,R19,BUTRA A1 UBL Y20 GRASO Y13 RUKSA
AIQ254,A320,VYYY,VTBD,2026-07-09T12:15:43Z,350,,RW21R,,WEHA1B,R21R,BETNO P646 TARED
SIA442,B38M,WSSS,VNKT,2026-07-09T12:15:57Z,360,,,,,,DUBAX R325 IKULA
TGW652,A20N,WSSS,VTSP,2026-07-09T12:16:52Z,380,,RW27,,URGA1C,,DUBAX R325 URGAD
OMA816,B789,VTBS,OOMS,2026-07-09T12:17:00Z,340,RW20L,,PAST1E,,,PASTO L301 TANEK
AIQ3357,A320,VTUD,VTBD,2026-07-09T12:18:00Z,180,RW12,RW21R,ANPU1B,ENDU1B,R21R,Y22/Y23 KKN Y23 KRT Y20 UBLOD DCT ENDUU
MAS114,B38M,WMKK,VNKT,2026-07-09T12:18:27Z,340,,,,,,RIGTO M769 SORTO M626 EKAVO
BKP177,A319,VTBS,VTSM,2026-07-09T12:19:00Z,310,RW20L,RW17,KASN1E,,R17,KASNI M757 MABKO W33 SMU
TVJ311,A320,VTSP,VTBS,2026-07-09T12:20:00Z,330,RW27,RW19,EMRI1B,LEBI1C,R19,EMRIT Y99 NONEL Y98 LEBIM
TGW695,E290,VTSM,WSSS,2026-07-09T12:23:00Z,350,RW17,,RUMV1A,,,RUMVA Y95 IKOGA Y24 PASVA
AIQ3205,A21N,VTBD,VTCT,2026-07-09T12:23:00Z,380,RW21L,RW03,UGUV1B,,R03,UGUVO Y27 IKISU W22 BENVI
AIQ3559,A20N,VTCN,VTBD,2026-07-09T12:25:00Z,320,RW20,RW21R,OMNI,NAKO1B,R21R,W29 PSL Y28 BLAFF DCT NAKON
AIQ5421,A320,VTSB,VTCC,2026-07-09T12:25:00Z,390,RW04,RW36,NIXE1C,MARN2A,R36,NIXET Y99 BKK Y26 MARNI
PAL737,A321,VTBS,RPLL,2026-07-09T12:26:00Z,330,RW20L,,GOME1E,,,GOMES B204 AGEDO
THA047,A21N,VTUK,VTBS,2026-07-09T12:26:00Z,240,RW21,RW19,EMRU1A,EAST1C,R19,Y22/Y23 KKN Y23 KRT Y20 UBLOD DCT EASTE
TLM675,B738,VTUW,VTBD,2026-07-09T12:26:00Z,320,RW15,RW21R,OMNI,ENDU1B,R21R,Y22/Y23 KKN Y23 KRT Y20 UBLOD DCT ENDUU
HVN609,A321,VVTS,VTBS,2026-07-09T12:26:01Z,280,,RW19,,TUMG1C,R19,VAPVU P629 NUGPA
TUA804,B77L,WMKK,UTAA,2026-07-09T12:26:21Z,340,,,,,,DUBAX R325 PUT L515 IKULA
NOK605,B738,VTSE,VTBD,2026-07-09T12:27:00Z,290,RW06,RW21R,OMNI,SABA1B,R21R,CPN W34 MENEX W42 EGUBO Y99 HOTEL DCT SABAI
CPA704,B77W,VTBS,VHHH,2026-07-09T12:28:00Z,370,RW20L,,SELK1F,,,SELKA A1 SANOT Y15 GUROK A202 SAV
BKP168,A319,VTSM,VTBS,2026-07-09T12:28:00Z,300,RW17,RW19,OLBA1B,LEBI1C,R19,OLBAG Y17 DONSI M769 LEBIM
BKP258,AT76,VTSP,VTSM,2026-07-09T12:29:00Z,150,RW27,RW17,EMRI1B,,R17,EMRIT Y99 AKVUG Y93 SMU
CQH6627,A320,ZLXY,VTCC,2026-07-09T12:29:22Z,300,,RW36,,ADLU2X,R36,PONUK A581 ADLUS
SIA843,B78X,ZUTF,WSSS,2026-07-09T12:29:51Z,360,,,,,,YAKUA B346 BKK M904 BUT Y11 PASVA
THA221,A320,VTBS,VTSP,2026-07-09T12:30:00Z,320,RW20L,RW27,VANK1E,SAVS1C,,VANKO Y8 SAVSA
AIQ658,A320,VTBD,VVTS,2026-07-09T12:31:00Z,330,RW21L,,GORS1B,,,GORSI N506 BOKAK
MMA506,E190,WMKP,VYYY,2026-07-09T12:31:21Z,360,,,,,,RIGTO M769 SORTO M626 EKAVO
HKE755,A21N,VTCC,VHHH,2026-07-09T12:32:00Z,350,RW36,,MONL2C,,,MONLO W12 NAN R215 TOMIP
CAL6884,B744,VTBS,RCTP,2026-07-09T12:32:00Z,350,RW20L,,LIPL1J,,,LIPLI Y16 BUTRA
TVJ215,B38M,VTUK,VTBS,2026-07-09T12:32:00Z,340,RW21,RW19,EMRU1A,EAST1C,R19,Y22/Y23 KKN Y23 KRT Y20 UBLOD DCT EASTE
UEA2867,A320,ZUTF,VTBS,2026-07-09T12:32:56Z,320,,RW19,,NORT1C,R19,YAKUA B346 NOBER
THA218,A320,VTSP,VTBS,2026-07-09T12:33:00Z,330,RW27,RW19,EMRI1B,LEBI1C,R19,EMRIT Y99 NONEL Y98 LEBIM
BKP455,AT76,VTBD,VTSM,2026-07-09T12:33:00Z,150,RW21L,RW17,KASN1B,,R17,KASNI M757 MABKO W33 SMU
THA401,A320,VTBS,WSSS,2026-07-09T12:34:00Z,330,RW20L,,BUT1E,,,BUT Y11 PASVA
UAE333,B77W,RPLL,OMDB,2026-07-09T12:34:06Z,340,,,,,,TUPGO M633 TANEK
TLM520,B739,VTBD,VTCC,2026-07-09T12:35:00Z,320,RW21L,RW36,OLVU1B,MARN2A,R36,OLVUK Y26 MARNI
THA120,A320,VTBS,VTCC,2026-07-09T12:36:00Z,340,RW20L,RW36,OLVU1E,MARN2A,R36,OLVUK Y26 MARNI
UAE396,B77W,OMDB,VTSP,2026-07-09T12:37:05Z,350,,RW27,,UBNE1D,,SAPAM L645 UBNEN
AIQ3443,A320,VTBD,VTCC,2026-07-09T12:38:00Z,320,RW21L,RW36,OLVU1B,MARN2A,R36,OLVUK Y26 MARNI
HVN620,A21N,VTSP,VVTS,2026-07-09T12:39:00Z,310,RW27,,EMRI1B,,,EMRIT R588 BASIT
AXM896,A320,WMKK,VTBD,2026-07-09T12:39:15Z,360,,RW21R,,SABA1B,R21R,RIGTO M769 GOKEX Y96 EMTIX Y99 HOTEL
XAX808,A333,WMKK,ZUCK,2026-07-09T12:39:30Z,380,,,,,,RIGTO M769 BKK B346 YAKUA
HVN606,A321,VTBS,VVTS,2026-07-09T12:40:00Z,330,RW20L,,GOME1E,,,GOMES N506 BOKAK
JST65,B788,YBBN,VTBS,2026-07-09T12:40:20Z,380,,RW19,,TUMG1C,R19,VAPVU P629 NUGPA
AIQ3332,A320,VTSB,VTBD,2026-07-09T12:41:00Z,350,RW04,RW21R,NIXE1C,SABA1B,R21R,NIXET Y99 HOTEL DCT SABAI
TLM813,B738,VTSG,VTBD,2026-07-09T12:42:00Z,330,RW14,RW21R,OSPE1G,SABA1B,R21R,OSPEX Y99 HOTEL DCT SABAI
CSH839,B738,ZSPD,VTBS,2026-07-09T12:42:50Z,300,,RW19,,EAST1C,R19,SAV A202 RAMEI W42 PAKRI Y13 RUKSA
QTR928,B77W,OTHH,RPLL,2026-07-09T12:42:55Z,310,,,,,,NURDA L524 BKK N506 GOMES B204 AGEDO
CCA822,B38M,VTSP,ZBAA,2026-07-09T12:44:00Z,350,RW27,,EMRI1B,,,EMRIT Y99 BKK R474 VTN
FDX6002,B763,VTBS,VVNB,2026-07-09T12:45:00Z,330,RW20L,,ALBO1F,,,ALBOS R474 VTN
CEB943,A20N,RPLC,VTBS,2026-07-09T12:45:00Z,340,,RW19,,TUMG1C,R19,TUPGO M633 DULEM DCT SEHNA
RTP742,F2TH,VTCT,VTBD,2026-07-09T12:45:00Z,350,RW21,RW21R,DUBE1A,NAKO1B,R21R,DUBEN Y28 BLAFF DCT NAKON
AIQ3111,A320,VTSS,VTBD,2026-07-09T12:46:00Z,380,RW26,RW21R,DAND1C,SABA1B,R21R,DANDO M769 GOKEX Y96 EMTIX Y99 HOTEL DCT SABAI
AIQ3343,A320,VTUW,VTBD,2026-07-09T12:46:00Z,360,RW15,RW21R,OMNI,ENDU1B,R21R,Y22/Y23 KKN Y23 KRT Y20 UBLOD DCT ENDUU
APZ601,B789,RKSI,VTBS,2026-07-09T12:46:00Z,380,,RW19,,EAST1C,R19,BUTRA A1 UBL Y20 GRASO Y13 RUKSA
MMA452,A319,VYYY,VVTS,2026-07-09T12:46:55Z,350,,,,,,LUDVI L507 BKK N506 BOKAK
CSH875,B738,ZSPD,VTSP,2026-07-09T12:47:05Z,320,,RW27,,SAVS1C,,SAV A202 RAMEI W42 MENEX Y8 SAVSA
TGW649,E290,VTSM,WSSS,2026-07-09T12:48:00Z,350,RW17,,RUMV1A,,,RUMVA Y95 IKOGA Y24 PASVA
MMA332,A319,VTBS,VYYY,2026-07-09T12:48:00Z,340,RW20L,,TARE1E,,,TARED G463 BETNO
CFG2367,A339,ZJSY,VTBS,2026-07-09T12:48:05Z,400,,RW19,,EAST1C,R19,BUTRA A1 UBL Y20 GRASO Y13 RUKSA
NOK529,B738,VTSP,VTBD,2026-07-09T12:49:00Z,370,RW27,RW21R,IGEV1B,SABA1B,R21R,IGEVI Y5 EGUBO Y99 HOTEL DCT SABAI
BKP935,A319,VTBS,VDTI,2026-07-09T12:49:00Z,310,RW20L,,GOME1E,,,GOMES N506 BOKAK
CXA864,A21N,VTBS,ZSAM,2026-07-09T12:50:00Z,370,RW20L,,SELK1F,,,SELKA A1 SANOT Y15 GUROK A202 SAV
THA673,B77W,RJBB,VTBS,2026-07-09T12:51:09Z,360,,RW19,,EAST1C,R19,BUTRA A1 UBL Y20 GRASO Y13 RUKSA
HKE703,A21N,VTBS,VHHH,2026-07-09T12:52:00Z,370,RW20L,,SELK1F,,,SELKA A1 SANOT Y15 GUROK A202 SAV
THA465,A359,VTBS,YMML,2026-07-09T12:53:00Z,370,RW20L,,BUT1E,,,BUT M904 TIDAR
AXM8568,A321,VTSP,WMKK,2026-07-09T12:54:00Z,390,RW27,,REBE1B,,,REBED B579 DALAN
CCA960,B38M,VTBS,ZBAA,2026-07-09T12:54:00Z,370,RW20L,,ALBO1F,,,ALBOS R474 VTN
AFL299,A359,VVCR,UUEE,2026-07-09T12:54:24Z,300,,,,,,VAPVU P629 BKK
CQH8511,A20N,ZSPD,VTCC,2026-07-09T12:54:49Z,340,,RW36,,MONL2B,R36,TOMIP R215 NAN R207 MONLO
THA472,A359,YSSY,VTBS,2026-07-09T12:54:53Z,280,,RW19,,TUMG1C,R19,TIDAR M904 TONIK M644 ALUMO Y12 ALEMI
AIQ3563,A320,VTUV,VTBD,2026-07-09T12:55:00Z,300,RW18,RW21R,ANKI1A,ENDU1B,R21R,W38 RAMEI Y20 UBLOD DCT ENDUU
THA615,A359,ZBAA,VTBS,2026-07-09T12:55:49Z,340,,RW19,,NORT1C,R19,VTN R474 CMP W21 NOBER
THA425,A320,VTBS,WMKP,2026-07-09T12:56:00Z,350,RW20L,,KASN1E,,,KASNI M757 KARMI
AIH396,B744,WSSS,VTBS,2026-07-09T12:56:48Z,360,,RW19,,TUMG1C,R19,ABTOK M644 ALUMO Y12 ALEMI
BKP170,A319,VTSM,VTBS,2026-07-09T12:57:00Z,300,RW17,RW19,OLBA1B,LEBI1C,R19,OLBAG Y17 DONSI M769 LEBIM
THA008,A320,VTBS,VTUD,2026-07-09T12:58:00Z,270,RW20L,RW30,SELK1F,ANPU1A,R30,SELKA Y14 KRT Y23 KKN Y23/Y22
TVJ2305,B38M,VTSP,VTBS,2026-07-09T12:58:00Z,330,RW27,RW19,EMRI1B,LEBI1C,R19,EMRIT Y99 NONEL Y98 LEBIM
TVJ135,B38M,VTCT,VTBS,2026-07-09T12:58:00Z,330,RW21,RW19,DUBE1A,NORT1C,R19,DUBEN Y28 BLAFF DCT NORTA
JST17,B788,YMML,VTSP,2026-07-09T12:59:48Z,360,,RW27,,URGA1C,,DUBAX R325 URGAD
BKP188,AT76,VTSM,VTBS,2026-07-09T13:00:00Z,160,RW17,RW19,OLBA1B,LEBI1C,R19,OLBAG Y17 DONSI M769 LEBIM
BKP219,A319,VTBS,VTCC,2026-07-09T13:00:00Z,340,RW20L,RW36,OLVU1E,MARN2A,R36,OLVUK Y26 MARNI
THA665,A359,ZSPD,VTBS,2026-07-09T13:00:43Z,340,,RW19,,EAST1C,R19,SAV A202 RAMEI W42 PAKRI Y13 RUKSA
QFA240,A333,VTBS,YSSY,2026-07-09T13:01:00Z,330,RW20L,,BUT1E,,,BUT M904 TIDAR
KAR3516,B772,VTSP,UNNT,2026-07-09T13:03:00Z,350,RW27,,EMRI1B,,,EMRIT Y99 BKK B346 YAKUA
HVN618,A321,VTBS,VVNB,2026-07-09T13:04:00Z,350,RW20L,,NOBE1P,,,NOBER W21 CMP R474 VTN
QTR933,B77W,RPLL,OTHH,2026-07-09T13:04:18Z,280,,,,,,TUPGO M633 TANEK
TGW620,A320,WSSS,VTBS,2026-07-09T13:04:37Z,360,,RW19,,TUMG1C,R19,ABTOK M644 ALUMO Y12 ALEMI
NOK509,B738,VTSS,VTBD,2026-07-09T13:05:00Z,380,RW26,RW21R,DAND1C,SABA1B,R21R,DANDO M769 GOKEX Y96 EMTIX Y99 HOTEL DCT SABAI
TVJ308,A321,VTBS,VTSP,2026-07-09T13:06:00Z,340,RW20L,RW27,VANK1E,SAVS1C,,VANKO Y8 SAVSA
MMA350,A320,VYYY,VTBS,2026-07-09T13:06:18Z,330,,RW19,,WILA1C,R19,BETNO P646 TARED
TVJ328,A321,VTBS,VTSS,2026-07-09T13:07:00Z,330,RW20L,RW26,KASN1E,OBLE1B,R26,KASNI M757 OBLEX
AXM71,A21N,WMKK,VGHS,2026-07-09T13:07:27Z,340,,,,,,RIGTO M769 SORTO M626 EKAVO
UAE379,B77W,VTSP,OMDB,2026-07-09T13:08:00Z,340,RW27,,UBNE1B,,,UBNEN L645 SAPAM
THA345,B77W,VTBS,OPLA,2026-07-09T13:09:00Z,340,RW20L,,TARE1E,,,TARED P646 BETNO
TZP51,B788,RJAA,VTBS,2026-07-09T13:09:07Z,400,,RW19,,EAST1C,R19,BUTRA A1 UBL Y20 GRASO Y13 RUKSA
JNA009,B38M,RKSI,VTCC,2026-07-09T13:10:23Z,360,,RW36,,MONL2B,R36,TOMIP R215 NAN R207 MONLO
THA639,B77W,VHHH,VTBS,2026-07-09T13:10:52Z,360,,RW19,,EAST1C,R19,SAV A202 RAMEI W42 PAKRI Y13 RUKSA
KMI803,B734,VDTI,VTBS,2026-07-09T13:11:07Z,340,,RW19,,TUMG1C,R19,VAPVU P629 NUGPA
THA304,A320,VYYY,VTBS,2026-07-09T13:11:42Z,310,,RW19,,WILA1C,R19,BETNO G463 TARED
AWQ247,A320,VTSP,WADD,2026-07-09T13:12:00Z,350,RW27,,REBE1B,,,REBED B579 DALAN
TVJ118,A321,VTBS,VTCC,2026-07-09T13:12:00Z,340,RW20L,RW36,OLVU1E,MARN2A,R36,OLVUK Y26 MARNI
CSC3919,A20N,ZUTF,WSSS,2026-07-09T13:13:52Z,340,,,,,,YAKUA B346 BKK M904 BUT Y11 PASVA
NOK327,B738,VTUU,VTBD,2026-07-09T13:14:00Z,320,RW23,RW21R,ASAB1B,ENDU1B,R21R,Y20 UBLOD DCT ENDUU
CSN8019,B38M,ZGGG,VTBS,2026-07-09T13:14:02Z,300,,RW19,,EAST1C,R19,SAV A202 RAMEI W42 PAKRI Y13 RUKSA
UBA017,B738,VYYY,VTBS,2026-07-09T13:14:12Z,350,,RW19,,WILA1C,R19,BETNO G463 TARED
SIA818,B38M,WSSS,ZUCK,2026-07-09T13:14:56Z,360,,,,,,GOLUD M751 BKK B346 YAKUA
THA341,A359,VTBS,OPKC,2026-07-09T13:15:00Z,360,RW20L,,PAST1E,,,PASTO L301 TANEK
TLM717,B739,VTSS,VTBD,2026-07-09T13:15:00Z,360,RW26,RW21R,DAND1C,SABA1B,R21R,DANDO M769 GOKEX Y96 EMTIX Y99 HOTEL DCT SABAI
TLM763,B739,VTSP,VTBD,2026-07-09T13:15:00Z,330,RW27,RW21R,IGEV1B,SABA1B,R21R,IGEVI Y5 EGUBO Y99 HOTEL DCT SABAI
CSC3772,A20N,VTBS,ZUCK,2026-07-09T13:17:00Z,330,RW20L,,NOBE1P,,,NOBER B346 YAKUA
AIQ3430,A21N,VTCC,VTBD,2026-07-09T13:18:00Z,330,RW36,RW21R,PANT2C,NAKO1B,R21R,PANTA Y7 BLAFF DCT NAKON
CSN8024,A20N,VTBS,ZGGG,2026-07-09T13:19:00Z,330,RW20L,,SELK1F,,,SELKA A1 SANOT Y15 GUROK A202 SAV
AIQ3183,A20N,VTSF,VTBD,2026-07-09T13:19:00Z,380,RW01,RW21R,TAWI1A,SABA1B,R21R,NKS Y94 DOXAS M769 GOKEX Y96 EMTIX Y99 HOTEL DCT SABAI
AIQ3373,A320,VTUU,VTBD,2026-07-09T13:20:00Z,240,RW23,RW21R,ASAB1B,ENDU1B,R21R,Y20 UBLOD DCT ENDUU
AIQ231,A21N,RCTP,VTBD,2026-07-09T13:20:06Z,340,,RW21R,,ENDU1B,R21R,BUTRA A1 UBL Y20 UBLOD
CSZ308,A20N,VTBS,ZGSZ,2026-07-09T13:21:00Z,330,RW20L,,SELK1F,,,SELKA A1 SANOT Y15 GUROK A202 SAV
BKP186,A319,VTSM,VTBS,2026-07-09T13:21:00Z,300,RW17,RW19,OLBA1B,LEBI1C,R19,OLBAG Y17 DONSI M769 LEBIM
MXD131,B38M,WMKK,OPLA,2026-07-09T13:21:26Z,320,,,,,,DUBAX R325 PUT L759 TAVUN
MXD529,B738,VTBD,WMKK,2026-07-09T13:23:00Z,330,RW21L,,KASN1B,,,KASNI M757 KARMI
CSH856,B38M,VTBS,ZSPD,2026-07-09T13:23:00Z,330,RW20L,,SELK1F,,,SELKA A1 SANOT Y15 GUROK A202 SAV
CSH857,B38M,ZSPD,VTSP,2026-07-09T13:24:16Z,320,,RW27,,SAVS1C,,SAV A202 RAMEI W42 MENEX Y8 SAVSA
HVN977,B789,VVTS,VIDP,2026-07-09T13:24:56Z,280,,,,,,VAPVU P629 BKK L507 LUDVI
BKP183,A319,VTBS,VTSM,2026-07-09T13:25:00Z,310,RW20L,RW17,KASN1E,,R17,KASNI M757 MABKO W33 SMU
AIQ3259,A320,VTUK,VTBD,2026-07-09T13:26:00Z,300,RW21,RW21R,EMRU1A,ENDU1B,R21R,Y22/Y23 KKN Y23 KRT Y20 UBLOD DCT ENDUU
BKP193,AT76,VTBS,VTSM,2026-07-09T13:26:00Z,170,RW20L,RW17,KASN1E,,R17,KASNI M757 MABKO W33 SMU
DRK140,A20N,VEGT,VTBS,2026-07-09T13:26:21Z,380,,RW19,,WILA1C,R19,LUDVI L507 IGONI
KAL651,B77W,RKSI,VTBS,2026-07-09T13:27:21Z,340,,RW19,,EAST1C,R19,BUTRA A1 UBL Y20 GRASO Y13 RUKSA
SIA713,B78X,VTBS,WSSS,2026-07-09T13:28:00Z,390,RW20L,,BUT1E,,,BUT Y11 PASVA
AIQ140,A20N,VTBD,VCBI,2026-07-09T13:29:00Z,320,RW21L,,PAST1B,,,PASTO L301 TANEK
AIQ3010,A320,VTSP,VTBD,2026-07-09T13:29:00Z,370,RW27,RW21R,IGEV1B,SABA1B,R21R,IGEVI Y5 EGUBO Y99 HOTEL DCT SABAI
TLM545,B738,VTCT,VTBD,2026-07-09T13:29:00Z,350,RW21,RW21R,DUBE1A,NAKO1B,R21R,DUBEN Y28 BLAFF DCT NAKON
MMA353,B734,VTBS,VYYY,2026-07-09T13:30:00Z,320,RW20L,,TARE1E,,,TARED P646 BETNO
BKP185,AT76,VTBS,VTSM,2026-07-09T13:30:00Z,150,RW20L,RW17,KASN1E,,R17,KASNI M757 MABKO W33 SMU
BKP908,AT76,VDSA,VTBS,2026-07-09T13:30:40Z,160,,RW19,,TUMG1C,R19,BOKAK B205 OLDIR P629 NUGPA
AIQ3112,A320,VTBD,VTSS,2026-07-09T13:31:00Z,370,RW21L,RW26,KASN1B,OBLE1B,R26,KASNI M757 OBLEX
TLM617,B738,VTUD,VTBD,2026-07-09T13:31:00Z,320,RW12,RW21R,ANPU1B,ENDU1B,R21R,Y22/Y23 KKN Y23 KRT Y20 UBLOD DCT ENDUU
AIQ4419,A320,VTBS,VTSP,2026-07-09T13:32:00Z,380,RW20L,RW27,VANK1E,SAVS1C,,VANKO Y8 SAVSA
THA575,A320,VLVT,VTBS,2026-07-09T13:32:06Z,320,,RW19,,NORT1C,R19,VTN R474 CMP W21 NOBER
KAL677,B789,RKSI,VTSP,2026-07-09T13:32:45Z,360,,RW27,,SAVS1C,,SAKDA R575 SMU W32 SAPUD Y8 SAVSA
BKP962,A319,WSSS,VTSM,2026-07-09T13:33:25Z,340,,RW17,,,R17,KADAX M626 IKOGA Y95 RUMVA
QTR835,A388,VTBS,OTHH,2026-07-09T13:34:00Z,260,RW20L,,PAST1E,,,PASTO L301 TANEK
AXM65,A20N,WMKK,VECC,2026-07-09T13:34:04Z,340,,,,,,DUBAX R325 PUT L515 IKULA
VJC883,A21N,VVTS,VABB,2026-07-09T13:34:15Z,340,,,,,,VAPVU P629 MUBUS M633 TANEK
AIQ137,A320,VTBD,VOBL,2026-07-09T13:35:00Z,360,RW21L,,PAST1B,,,PASTO L301 TANEK
BKP298,AT76,VTSP,VTSS,2026-07-09T13:35:00Z,150,RW27,RW26,EPGO1B,PADP1B,R26,EPGOT W14 PADPA
MMA471,AT76,VLVT,VYYY,2026-07-09T13:35:20Z,180,,,,,,VTN B218 LOY W27 PSL G473 MAKAS
THA677,B77W,RJAA,VTBS,2026-07-09T13:36:25Z,340,,RW19,,EAST1C,R19,BUTRA A1 UBL Y20 GRASO Y13 RUKSA
AIQ170,A20N,VTBD,VOCI,2026-07-09T13:37:00Z,360,RW21L,,PAST1B,,,PASTO L301 TANEK
VJC806,A320,VTBS,VVTS,2026-07-09T13:37:00Z,330,RW20L,,GOME1E,,,GOMES N506 BOKAK
ETD441,A332,RPLL,OMAA,2026-07-09T13:37:30Z,340,,,,,,TUPGO M633 TANEK
UAE370,B77W,VTBS,VDSA,2026-07-09T13:38:00Z,310,RW20L,,GOME1E,,,GOMES B204 AGEDO
THA635,B772,RCTP,VTBS,2026-07-09T13:38:00Z,340,,RW19,,EAST1C,R19,BUTRA A1 UBL Y20 GRASO Y13 RUKSA
GFA153,B789,VTBS,OBBI,2026-07-09T13:40:00Z,360,RW20L,,PAST1E,,,PASTO L301 TANEK
CSN3034,A20N,VTCC,ZGGG,2026-07-09T13:40:00Z,350,RW36,,MONL2C,,,MONLO R207 NAN R215 TOMIP
TLM795,B738,VTSF,VTBD,2026-07-09T13:40:00Z,320,RW01,RW21R,TAWI1A,SABA1B,R21R,NKS Y94 DOXAS M769 GOKEX Y96 EMTIX Y99 HOTEL DCT SABAI
AIQ3105,A21N,VTSS,VTBD,2026-07-09T13:41:00Z,380,RW26,RW21R,DAND1C,SABA1B,R21R,DANDO M769 GOKEX Y96 EMTIX Y99 HOTEL DCT SABAI
CCA823,B738,ZBAA,VTCC,2026-07-09T13:41:35Z,320,,RW36,,ADLU2X,R36,PONUK A581 ADLUS
FDX6053,B763,WMKP,ZGGG,2026-07-09T13:42:14Z,320,,,,,,RIGTO M769 BKK R474 VTN
AIQ4116,A320,VTBS,VTCC,2026-07-09T13:43:00Z,340,RW20L,RW36,OLVU1E,MARN2A,R36,OLVUK Y26 MARNI
NOK7120,B738,VTBD,VTBU,2026-07-09T13:43:00Z,130,RW21L,RW18,KIGO1B,,R18,KIGOB
THA250,A320,VTSG,VTBS,2026-07-09T13:43:00Z,330,RW14,RW19,OSPE1G,LEBI1C,R19,OSPEX Y99 NONEL Y98 LEBIM
IGO1054,A21N,VTBS,VIDP,2026-07-09T13:44:00Z,340,RW20L,,TARE1E,,,TARED P646 BETNO
AMU992,A321,VMMC,VTBS,2026-07-09T13:44:19Z,340,,RW19,,EAST1C,R19,SAV A202 RAMEI W42 PAKRI Y13 RUKSA
BKP192,AT76,VTSM,VTBS,2026-07-09T13:45:00Z,160,RW17,RW19,OLBA1B,LEBI1C,R19,OLBAG Y17 DONSI M769 LEBIM
NOK531,B738,VTSP,VTBD,2026-07-09T13:45:00Z,370,RW27,RW21R,IGEV1B,SABA1B,R21R,IGEVI Y5 EGUBO Y99 HOTEL DCT SABAI
TUA654,B77W,VVTS,UTAA,2026-07-09T13:45:44Z,340,,,,,,VAPVU P629 BKK G463 BETNO
SIA446,B78X,WSSS,VGHS,2026-07-09T13:46:38Z,380,,,,,,KADAX M626 EKAVO
SIA739,B38M,VTSP,WSSS,2026-07-09T13:47:00Z,350,RW27,,EPGO1B,,,EPGOT W14 HTY A334 PASVA
UBA2306,B734,VTBS,VYYY,2026-07-09T13:47:00Z,300,RW20L,,TARE1E,,,TARED P646 BETNO
THA268,A320,VTSS,VTBS,2026-07-09T13:47:00Z,340,RW26,RW19,DAND1C,LEBI1C,R19,DANDO M769 LEBIM
THA410,A359,WSSS,VTBS,2026-07-09T13:49:38Z,400,,RW19,,TUMG1C,R19,ABTOK M644 ALUMO Y12 ALEMI
VQBCC,GL7T,VTBD,VHHH,2026-07-09T13:50:00Z,450,RW21L,,UPKU3A,,,UPKUP Y16 BUTRA
TGW627,B788,VTBS,WSSS,2026-07-09T13:50:00Z,390,RW20L,,BUT1E,,,BUT Y11 PASVA
BOX542,B77L,EDDP,VTBS,2026-07-09T13:52:08Z,290,,RW19,,WILA1C,R19,LUDVI L507 IGONI
BKP178,A319,VTSM,VTBS,2026-07-09T13:53:00Z,300,RW17,RW19,OLBA1B,LEBI1C,R19,OLBAG Y17 DONSI M769 LEBIM
TGW653,A20N,VTSP,WSSS,2026-07-09T13:54:00Z,370,RW27,,EPGO1B,,,EPGOT W14 HTY A334 PASVA
VJC1803,A21N,VVTS,VOHS,2026-07-09T13:54:58Z,340,,,,,,VAPVU P629 MUBUS M633 TANEK
KMI261,B763,OMAA,VTCC,2026-07-09T13:55:33Z,330,,RW36,,LAMU2X,R36,SISUK R207 LAMUN
TVJ2107,A321,VTCC,VTBS,2026-07-09T13:56:00Z,330,RW36,RW19,PANT2C,NORT1C,R19,PANTA Y7 BLAFF DCT NORTA
QTR971,B789,VVTS,OTHH,2026-07-09T13:56:08Z,320,,,,,,VAPVU P629 MUBUS M633 TANEK
THA309,A320,VTBS,VNKT,2026-07-09T13:58:00Z,340,RW20L,,TARE1E,,,TARED P646 BETNO
PAL684,A333,RPLL,OTHH,2026-07-09T13:59:53Z,340,,,,,,TUPGO M633 TANEK
AIQ3206,A21N,VTCT,VTBD,2026-07-09T14:00:00Z,370,RW21,RW21R,DUBE1A,NAKO1B,R21R,DUBEN Y28 BLAFF DCT NAKON
THA418,B788,WMKK,VTBS,2026-07-09T14:00:12Z,400,,RW19,,LEBI1C,R19,RIGTO M769 LEBIM
CES9614,B738,VTBS,ZPPP,2026-07-09T14:01:00Z,350,RW20L,,NOBE1P,,,NOBER B346 YAKUA
JJA2515,B38M,RKSI,VTCC,2026-07-09T14:01:53Z,320,,RW36,,MONL2B,R36,TOMIP R215 NAN R207 MONLO
ETD407,A35K,VTBS,OMAA,2026-07-09T14:03:00Z,380,RW20L,,PAST1E,,,PASTO L301 TANEK
HVN608,A321,VTBS,VVTS,2026-07-09T14:05:00Z,330,RW20L,,GOME1E,,,GOMES N506 BOKAK
AIQ153,A320,VTBD,VOMM,2026-07-09T14:05:00Z,360,RW21L,,PAST1B,,,PASTO L301 TANEK
UAE330,B77W,OMDB,RPLL,2026-07-09T14:05:57Z,250,,,,,,NURDA L524 BKK N506 GOMES B204 AGEDO
CSN364,A21N,VTBS,ZGGG,2026-07-09T14:07:00Z,330,RW20L,,SELK1F,,,SELKA A1 SANOT Y15 GUROK A202 SAV
CEB863,A21N,RPLL,VTBD,2026-07-09T14:08:57Z,340,,RW21R,,SEHN1B,R21R,TUPGO M633 DULEM
CQH7282,A320,VTBS,ZSPD,2026-07-09T14:09:00Z,330,RW20L,,SELK1F,,,SELKA A1 SANOT Y15 GUROK A202 SAV
SIA516,B38M,WSSS,VECC,2026-07-09T14:09:46Z,360,,,,,,DUBAX R325 PUT L515 IKULA
BKP196,AT76,VTSM,VTBS,2026-07-09T14:10:00Z,160,RW17,RW19,OLBA1B,LEBI1C,R19,OLBAG Y17 DONSI M769 LEBIM
OMA832,B38M,VTSP,OOMS,2026-07-09T14:12:00Z,320,RW27,,UBNE1B,,,UBNEN R203 SAPAM
LAO446,AJ27,VTBS,VLVT,2026-07-09T14:12:00Z,350,RW20L,,ALBO1F,,,ALBOS R474 VTN
THA440,A320,WADD,VTBS,2026-07-09T14:13:16Z,340,,RW19,,TUMG1C,R19,TIDAR M904 TONIK M644 ALUMO Y12 ALEMI
KAC417,B77W,OKKK,RPLL,2026-07-09T14:14:06Z,310,,,,,,MAKAS G473 UBL B202 PAK
HVN617,A321,VVNB,VTBS,2026-07-09T14:14:42Z,340,,RW19,,NORT1C,R19,VTN R474 CMP W21 NOBER
FDX6091,B763,VTBS,ZGGG,2026-07-09T14:15:00Z,330,RW20L,,ALBO1F,,,ALBOS R474 VTN
ESR517,B38M,RKSI,VTCC,2026-07-09T14:15:16Z,340,,RW36,,MONL2B,R36,TOMIP R215 NAN R207 MONLO
CQH8521,A20N,ZSPD,VTSP,2026-07-09T14:16:01Z,340,,RW27,,SAVS1C,,SAV A202 RAMEI W42 MENEX Y8 SAVSA
SERMK,GLEX,RPLL,LBBG,2026-07-09T14:16:21Z,340,,,,,,PAK B202 UBL G473 MAKAS
AIQ3444,A320,VTCC,VTBD,2026-07-09T14:17:00Z,350,RW36,RW21R,PANT2C,NAKO1B,R21R,PANTA Y7 BLAFF DCT NAKON
QTR847,B788,VTSP,OTHH,2026-07-09T14:20:00Z,400,RW27,,UBNE1B,,,UBNEN L645 SAPAM
CES9621,B738,ZPPP,VTBS,2026-07-09T14:20:01Z,340,,RW19,,NORT1C,R19,YAKUA B346 NOBER
AIQ3419,A320,VTBD,VTCC,2026-07-09T14:21:00Z,340,RW21L,RW36,OLVU1B,MARN2A,R36,OLVUK Y26 MARNI
AIQ9243,A320,RCTP,VTCC,2026-07-09T14:21:06Z,340,,RW36,,MONL2B,R36,VTN R207 MONLO
THA222,A320,VTSP,VTBS,2026-07-09T14:22:00Z,330,RW27,RW19,EMRI1B,LEBI1C,R19,EMRIT Y99 NONEL Y98 LEBIM
MMA234,A319,WSSS,VYYY,2026-07-09T14:22:50Z,360,,,,,,KADAX M626 EKAVO
THA009,A320,VTUD,VTBS,2026-07-09T14:24:00Z,260,RW12,RW19,ANPU1B,EAST1C,R19,Y22/Y23 KKN Y23 KRT Y20 UBLOD DCT EASTE
ESR917,B38M,RKPK,VTCC,2026-07-09T14:26:15Z,340,,RW36,,MONL2B,R36,TOMIP R215 NAN R207 MONLO
ETD413,B789,VTSP,OMAA,2026-07-09T14:27:00Z,380,RW27,,UBNE1B,,,UBNEN L645 SAPAM
AAR747,A333,RKSI,VTSP,2026-07-09T14:27:15Z,360,,RW27,,SAVS1C,,SAKDA R575 SMU W32 SAPUD Y8 SAVSA
THA121,A320,VTCC,VTBS,2026-07-09T14:28:00Z,330,RW36,RW19,PANT2C,NORT1C,R19,PANTA Y7 BLAFF DCT NORTA
ETD437,A21N,VDTI,OMAA,2026-07-09T14:28:55Z,320,,,,,,VAPVU P629 MUBUS M633 TANEK
TLM521,B739,VTCC,VTBD,2026-07-09T14:33:00Z,330,RW36,RW21R,PANT2C,NAKO1B,R21R,PANTA Y7 BLAFF DCT NAKON
THA436,A359,WIII,VTBS,2026-07-09T14:33:29Z,400,,RW19,,TUMG1C,R19,ABTOK M644 ALUMO Y12 ALEMI
THA557,A320,VVTS,VTBS,2026-07-09T14:33:44Z,320,,RW19,,TUMG1C,R19,VAPVU P629 NUGPA
UEA2868,A320,VTBS,ZUTF,2026-07-09T14:34:00Z,310,RW20L,,NOBE1P,,,NOBER B346 YAKUA
NOK536,B738,VTBD,VTSP,2026-07-09T14:35:00Z,360,RW21L,RW27,SABI2B,SAVS1C,,SABIS Y8 SAVSA
CQH8934,A20N,VTCC,ZGGG,2026-07-09T14:36:00Z,310,RW36,,MONL2C,,,MONLO R207 NAN R215 TOMIP
SIA719,B78X,VTBS,WSSS,2026-07-09T14:36:00Z,390,RW20L,,BUT1E,,,BUT Y11 PASVA
MAS796,B738,WMKK,VTBS,2026-07-09T14:37:53Z,320,,RW19,,LEBI1C,R19,RIGTO M769 LEBIM
CPA611,A333,VHHH,VCBI,2026-07-09T14:38:09Z,380,,,,,,SAV A202 RAMEI Y20 BKK L301 TANEK
CQH7285,A320,ZSPD,VTBS,2026-07-09T14:38:24Z,320,,RW19,,EAST1C,R19,SAV A202 RAMEI W42 PAKRI Y13 RUKSA
CPA623,A359,VHHH,VOBL,2026-07-09T14:38:39Z,400,,,,,,BUTRA A1 UBL Y20 BKK L301 TANEK
CEB944,A20N,VTBS,RPLC,2026-07-09T14:39:00Z,350,RW20L,,GOME1E,,,GOMES B204 AGEDO
MXD672,B38M,WMKK,ZUTF,2026-07-09T14:40:23Z,320,,,,,,RIGTO M769 BKK B346 YAKUA
AXM897,A320,VTBD,WMKK,2026-07-09T14:41:00Z,370,RW21L,,KIGO1B,,,KIGOB Y11 PASVA
TVJ104,B38M,VTBS,VTCC,2026-07-09T14:41:00Z,340,RW20L,RW36,OLVU1E,MARN2A,R36,OLVUK Y26 MARNI
PAL732,A321,RPLL,VTBS,2026-07-09T14:41:14Z,340,,RW19,,TUMG1C,R19,TUPGO M633 DULEM DCT GOMES
MMA372,A320,VYYY,VTBS,2026-07-09T14:42:09Z,330,,RW19,,WILA1C,R19,BETNO P646 TARED
THA307,A320,VTBS,VCBI,2026-07-09T14:43:00Z,320,RW20L,,BONV1E,,,BONVO M502 AKATO
UAE373,A388,VTBS,OMDB,2026-07-09T14:45:00Z,380,RW20L,,PAST1E,,,PASTO L301 TANEK
TLM105,B739,WSSS,VTBD,2026-07-09T14:45:23Z,360,,RW21R,,SEHN1B,R21R,ABTOK M644 ALUMO Y12 ALEMI
JAL707,B788,RJAA,VTBS,2026-07-09T14:46:38Z,400,,RW19,,EAST1C,R19,BUTRA A1 UBL Y20 GRASO Y13 RUKSA
CQH6628,A320,VTCC,ZLXY,2026-07-09T14:47:00Z,290,RW36,,ADLU2N,,,ADLUS A581 PONUK
TVJ569,A321,RCTP,VTBS,2026-07-09T14:47:33Z,340,,RW19,,EAST1C,R19,BUTRA A1 UBL Y20 GRASO Y13 RUKSA
QTR8996,B77L,OTHH,VDTI,2026-07-09T14:47:58Z,310,,,,,,BOKAK N506 PNH
ANA850,B789,VTBS,RJTT,2026-07-09T14:49:00Z,370,RW20L,,LIPL1J,,,LIPLI Y16 BUTRA
BKP1134,A319,VTSM,VTBS,2026-07-09T14:49:00Z,300,RW17,RW19,OLBA1B,LEBI1C,R19,OLBAG Y17 DONSI M769 LEBIM
THA585,A320,VDTI,VTBS,2026-07-09T14:49:43Z,320,,RW19,,TUMG1C,R19,VAPVU P629 NUGPA
CHH7995,B38M,ZBAA,VTBS,2026-07-09T14:50:33Z,360,,RW19,,NORT1C,R19,VTN R474 CMP W21 NOBER
NOK148,B738,VTBD,VTCC,2026-07-09T14:51:00Z,360,RW21L,RW36,OLVU1B,MARN2A,R36,OLVUK Y26 MARNI
CPA651,A333,VHHH,VOMM,2026-07-09T14:51:33Z,380,,,,,,SAV A202 RAMEI Y20 BKK L301 TANEK
JAL34,B77W,VTBS,RJTT,2026-07-09T14:52:00Z,330,RW20L,,LIPL1J,,,LIPLI Y16 BUTRA
BKP220,A319,VTCC,VTBS,2026-07-09T14:53:00Z,330,RW36,RW19,PANT2C,NORT1C,R19,PANTA Y7 BLAFF DCT NORTA
THA625,A21N,RPLL,VTBS,2026-07-09T14:53:17Z,340,,RW19,,TUMG1C,R19,TUPGO M633 DULEM DCT GOMES
THY53,A333,VTBS,LTFM,2026-07-09T14:54:00Z,340,RW20L,,TARE1E,,,TARED P646 BETNO
AHK842,A333,VTBS,VHHH,2026-07-09T14:56:00Z,390,RW20L,,SELK1F,,,SELKA A1 SANOT Y15 GUROK A202 SAV
THA343,A21N,VTBS,VAAH,2026-07-09T14:58:00Z,360,RW20L,,PAST1E,,,PASTO L301 TANEK
BKP936,A319,VDTI,VTBS,2026-07-09T14:58:12Z,320,,RW19,,TUMG1C,R19,VAPVU P629 NUGPA
CES9647,B789,ZPPP,WSSS,2026-07-09T14:58:57Z,340,,,,,,YAKUA B346 BKK M904 BUT Y11 PASVA
TVJ309,A321,VTSP,VTBS,2026-07-09T15:00:00Z,330,RW27,RW19,EMRI1B,LEBI1C,R19,EMRIT Y99 NONEL Y98 LEBIM
TVJ329,A321,VTSS,VTBS,2026-07-09T15:00:00Z,340,RW26,RW19,DAND1C,LEBI1C,R19,DANDO M769 LEBIM
KAL658,B77W,VTBS,RKSI,2026-07-09T15:01:00Z,330,RW20L,,LIPL1J,,,LIPLI Y16 BUTRA
AIQ562,A320,VTBD,ZUTF,2026-07-09T15:01:00Z,350,RW21L,,NOBE2B,,,NOBER B346 YAKUA
THA565,A320,VVNB,VTBS,2026-07-09T15:02:02Z,360,,RW19,,NORT1C,R19,VTN R474 CMP W21 NOBER
UBA018,B738,VTBS,VYYY,2026-07-09T15:03:00Z,360,RW20L,,NUNL1P,,,NUNLI L507 LUDVI
TVJ119,A321,VTCC,VTBS,2026-07-09T15:03:00Z,330,RW36,RW19,PANT2C,NORT1C,R19,PANTA Y7 BLAFF DCT NORTA
BKP299,AT76,VTSS,VTSP,2026-07-09T15:04:00Z,140,RW26,RW27,PADP1C,EPGO1C,,PADPA W14 EPGOT
JST66,B788,VTBS,YBBN,2026-07-09T15:06:00Z,370,RW20L,,BUT1E,,,BUT M904 TIDAR
AIQ4420,A320,VTSP,VTBS,2026-07-09T15:08:00Z,370,RW27,RW19,EMRI1B,LEBI1C,R19,EMRIT Y99 NONEL Y98 LEBIM
MMA351,A320,VTBS,VYYY,2026-07-09T15:09:00Z,340,RW20L,,TARE1E,,,TARED G463 BETNO
ALK884,A20N,VCBI,ZGGG,2026-07-09T15:09:46Z,330,,,,,,TANEK L301 BKK A1 SANOT Y15 GUROK A202 SAV
KMI218,B734,VTBS,ZGSZ,2026-07-09T15:11:00Z,330,RW20L,,SELK1F,,,SELKA A1 SANOT Y15 GUROK A202 SAV
TGW160,A20N,WSSS,ZPPP,2026-07-09T15:11:00Z,380,,,,,,GOLUD M751 BKK B346 YAKUA
JNA010,B38M,VTCC,RKSI,2026-07-09T15:11:00Z,350,RW36,,MONL2C,,,MONLO R207 NAN R215 TOMIP
SBI6310,B738,VTBS,UIII,2026-07-09T15:13:00Z,350,RW20L,,NOBE1P,,,NOBER B346 YAKUA
AIQ645,A320,VVNB,VTBD,2026-07-09T15:14:41Z,380,,RW21R,,NAKO1B,R21R,VTN R474 CMP W21 NOBER
AAR741,A359,RKSI,VTBS,2026-07-09T15:14:55Z,380,,RW19,,EAST1C,R19,BUTRA A1 UBL Y20 GRASO Y13 RUKSA
TVJ2104,B38M,VTBS,VTCC,2026-07-09T15:15:00Z,340,RW20L,RW36,OLVU1E,MARN2A,R36,OLVUK Y26 MARNI
UAE3KV,B77W,RPLC,OMDB,2026-07-09T15:15:50Z,340,,,,,,TUPGO M633 TANEK
AIQ3113,A320,VTSS,VTBD,2026-07-09T15:17:00Z,380,RW26,RW21R,DAND1C,SABA1B,R21R,DANDO M769 GOKEX Y96 EMTIX Y99 HOTEL DCT SABAI
TVJ3733,B38M,VMMC,VTBS,2026-07-09T15:18:20Z,340,,RW19,,EAST1C,R19,SAV A202 RAMEI W42 PAKRI Y13 RUKSA
JST30,B788,VTBS,YMML,2026-07-09T15:19:00Z,370,RW20L,,BUT1E,,,BUT M904 TIDAR
JJA2551,B738,RKPK,VTBS,2026-07-09T15:20:05Z,340,,RW19,,EAST1C,R19,BUTRA A1 UBL Y20 GRASO Y13 RUKSA
AIC2377,A20N,VTSP,VIDP,2026-07-09T15:21:00Z,340,RW27,,SATV1A,,,SATVA L759 TAVUN
EVA205,B78X,RCTP,VTBS,2026-07-09T15:21:45Z,380,,RW19,,EAST1C,R19,BUTRA A1 UBL Y20 GRASO Y13 RUKSA
THA337,A333,VTBS,VOMM,2026-07-09T15:22:00Z,360,RW20L,,PAST1E,,,PASTO L301 TANEK
APJ91,A21N,RJBB,VTBS,2026-07-09T15:22:00Z,320,,RW19,,EAST1C,R19,BUTRA A1 UBL Y20 GRASO Y13 RUKSA
JST18,B788,VTSP,YMML,2026-07-09T15:24:00Z,370,RW27,,REBE1B,,,REBED B579 DALAN
TVJ316,A320,VTBS,VTSP,2026-07-09T15:24:00Z,340,RW20L,RW27,VANK1E,SAVS1C,,VANKO Y8 SAVSA
ANA805,B789,RJAA,VTBS,2026-07-09T15:25:44Z,380,,RW19,,EAST1C,R19,BUTRA A1 UBL Y20 GRASO Y13 RUKSA
UAE385,A388,VHHH,VTBS,2026-07-09T15:25:59Z,400,,RW19,,EAST1C,R19,BUTRA A1 UBL Y20 GRASO Y13 RUKSA
THA329,A320,VTBS,VOHS,2026-07-09T15:26:00Z,360,RW20L,,PAST1E,,,PASTO L301 TANEK
AIQ4117,A320,VTCC,VTBS,2026-07-09T15:27:00Z,350,RW36,RW19,PANT2C,NORT1C,R19,PANTA Y7 BLAFF DCT NORTA
BKP287,A319,VTBS,VTSP,2026-07-09T15:28:00Z,340,RW20L,RW27,VANK1E,SAVS1C,,VANKO Y8 SAVSA
HKE732,A21N,VHHH,VTBS,2026-07-09T15:28:44Z,340,,RW19,,EAST1C,R19,BUTRA A1 UBL Y20 GRASO Y13 RUKSA
CSN8020,B38M,VTBS,ZGGG,2026-07-09T15:30:00Z,330,RW20L,,SELK1F,,,SELKA A1 SANOT Y15 GUROK A202 SAV
AIC2303,A20N,VTBS,VIDP,2026-07-09T15:32:00Z,360,RW20L,,TARE1E,,,TARED P646 BETNO
THA351,A320,VTBS,VABB,2026-07-09T15:35:00Z,340,RW20L,,PAST1E,,,PASTO L301 TANEK
UPS145,B763,VTBS,ZGSZ,2026-07-09T15:37:00Z,330,RW20L,,SELK1F,,,SELKA A1 SANOT Y15 GUROK A202 SAV
BOX530,B77L,EDDP,WSSS,2026-07-09T15:37:33Z,310,,,,,,EKAVO M626 IKOGA Y24 PASVA
CSH876,B738,VTSP,ZSPD,2026-07-09T15:39:00Z,350,RW27,,EMRI1B,,,EMRIT Y99 NONEL Y98 SURMA W42 TOPER A1 SANOT Y15 GUROK A202 SAV
ETH629,B77L,WIII,VTBS,2026-07-09T15:39:37Z,380,,RW19,,TUMG1C,R19,ABTOK M644 ALUMO Y12 ALEMI
TGW621,A320,VTBS,WSSS,2026-07-09T15:40:00Z,370,RW20L,,BUT1E,,,BUT Y11 PASVA
AIQ659,A320,VVTS,VTBD,2026-07-09T15:40:18Z,320,,RW21R,,SEHN1B,R21R,VAPVU P629 NUGPA
THA325,B77W,VTBS,VOBL,2026-07-09T15:41:00Z,360,RW20L,,BONV1E,,,BONVO M502 AKATO
JNA001,B738,RKSI,VTBS,2026-07-09T15:43:08Z,360,,RW19,,EAST1C,R19,BUTRA A1 UBL Y20 GRASO Y13 RUKSA
THY067,A359,WADD,LTFM,2026-07-09T15:43:12Z,360,,,,,,KADAX M626 EKAVO
THA471,A359,VTBS,YSSY,2026-07-09T15:44:00Z,330,RW20L,,BUT1E,,,BUT M904 TIDAR
KMI261,B763,VTCC,ZGSZ,2026-07-09T15:46:00Z,350,RW36,,MONL2C,,,MONLO W12 NAN R215 TOMIP
MXD215,B738,WMKK,VABB,2026-07-09T15:46:17Z,360,,,,,,DUBAX R325 PUT L515 IKULA
AIQ120,A320,VTBD,VECC,2026-07-09T15:49:00Z,360,RW21L,,TARE1B,,,TARED P646 BETNO
APZ602,B789,VTBS,RKSI,2026-07-09T15:51:00Z,370,RW20L,,LIPL1J,,,LIPLI Y16 BUTRA
MXD162,A333,WMKK,VGHS,2026-07-09T15:52:51Z,340,,,,,,RIGTO M769 SORTO M626 EKAVO
CQN2361,A20N,ZUCK,VTBS,2026-07-09T15:53:42Z,360,,RW19,,NORT1C,R19,YAKUA B346 NOBER
ABL7475,A21N,RKSI,VTCC,2026-07-09T15:53:52Z,320,,RW36,,MONL2B,R36,TOMIP R215 NAN R207 MONLO
KQA887,B788,ZGGG,VTBS,2026-07-09T15:54:47Z,290,,RW19,,EAST1C,R19,SAV A202 RAMEI W42 PAKRI Y13 RUKSA
CFG2367,A339,VTBS,EDDF,2026-07-09T15:55:00Z,340,RW20L,,TARE1E,,,TARED P646 BETNO
CCA824,B738,VTCC,ZBAA,2026-07-09T15:56:00Z,310,RW36,,ADLU2N,,,ADLUS A581 PONUK
MAS196,B38M,WMKK,VGHS,2026-07-09T15:56:31Z,340,,,,,,RIGTO M769 SORTO M626 EKAVO
CSH831,B738,ZSPD,VTSP,2026-07-09T15:57:46Z,320,,RW27,,SAVS1C,,SAV A202 RAMEI W42 MENEX Y8 SAVSA
DLH769,A359,WSSS,EDDM,2026-07-09T15:58:36Z,340,,,,,,DUBAX R325 PUT L759 TAVUN
HVN616,A321,VTBS,VVNB,2026-07-09T15:59:00Z,350,RW20L,,NOBE1P,,,NOBER W21 CMP R474 VTN
AIQ3420,A320,VTCC,VTBD,2026-07-09T15:59:00Z,350,RW36,RW21R,PANT2C,NAKO1B,R21R,PANTA Y7 BLAFF DCT NAKON
CES7367,A20N,ZSPD,VTCC,2026-07-09T15:59:11Z,320,,RW36,,MONL2B,R36,TOMIP R215 NAN R207 MONLO
THY6212,B77L,LTFM,VVTS,2026-07-09T15:59:26Z,270,,,,,,LUDVI L507 BKK R468 BOKAK
CCA979,B38M,ZBAA,VTBS,2026-07-09T15:59:41Z,320,,RW19,,NORT1C,R19,VTN R474 CMP W21 NOBER
KMI804,B734,VTBS,WSSS,2026-07-09T16:01:00Z,330,RW20L,,BUT1E,,,BUT Y11 PASVA
KAL659,A333,RKSI,VTBS,2026-07-09T16:01:26Z,360,,RW19,,EAST1C,R19,BUTRA A1 UBL Y20 GRASO Y13 RUKSA
JYH1265,B38M,ZGGG,VTBS,2026-07-09T16:02:56Z,340,,RW19,,EAST1C,R19,SAV A202 RAMEI W42 PAKRI Y13 RUKSA
THY163,A359,VVTS,LTFM,2026-07-09T16:03:15Z,320,,,,,,VAPVU P629 BKK L507 LUDVI
CSH853,B38M,ZSPD,VTBS,2026-07-09T16:04:46Z,300,,RW19,,EAST1C,R19,SAV A202 RAMEI W42 PAKRI Y13 RUKSA
JJA2516,B38M,VTCC,RKSI,2026-07-09T16:08:00Z,330,RW36,,MONL2C,,,MONLO R207 NAN R215 TOMIP
ETD400,B77W,OMAA,VTBS,2026-07-09T16:08:05Z,350,,RW19,,WILA1C,R19,NURDA L524 IBETO
CSC3937,A21N,ZUTF,VTBS,2026-07-09T16:08:20Z,340,,RW19,,NORT1C,R19,YAKUA B346 NOBER
IGO1060,A21N,VTBS,VABB,2026-07-09T16:09:00Z,320,RW20L,,PAST1E,,,PASTO L301 TANEK
RJA183,B789,VTBS,OJAI,2026-07-09T16:13:00Z,340,RW20L,,PAST1E,,,PASTO L301 TANEK
THY55,B77W,WSSS,LTFM,2026-07-09T16:14:29Z,300,,,,,,DUBAX R325 PUT L759 TAVUN
THY69,B789,VTBS,LTFM,2026-07-09T16:15:00Z,380,RW20L,,TARE1E,,,TARED P646 BETNO
CSN361,A21N,ZGGG,VTBS,2026-07-09T16:17:09Z,300,,RW19,,EAST1C,R19,SAV A202 RAMEI W42 PAKRI Y13 RUKSA
ESR918,B38M,VTCC,RKPK,2026-07-09T16:18:00Z,330,RW36,,MONL2C,,,MONLO R207 NAN R215 TOMIP
DLH773,A359,VTBS,EDDM,2026-07-09T16:18:00Z,320,RW20L,,PAST1E,,,PASTO L301 TANEK
JJA2503,B38M,RKSI,VTBS,2026-07-09T16:18:44Z,320,,RW19,,EAST1C,R19,BUTRA A1 UBL Y20 GRASO Y13 RUKSA
ETD414,A21N,OMAA,VTSP,2026-07-09T16:18:59Z,330,,RW27,,UBNE1D,,SAPAM L645 UBNEN
THA682,B789,VTBS,RJTT,2026-07-09T16:23:00Z,370,RW20L,,LIPL1J,,,LIPLI Y16 BUTRA
THA658,A359,VTBS,RKSI,2026-07-09T16:25:00Z,410,RW20L,,LIPL1J,,,LIPLI Y16 BUTRA
THY311,B789,WADD,LTFM,2026-07-09T16:25:33Z,360,,,,,,KADAX M626 EKAVO
CSH858,B38M,VTSP,ZSPD,2026-07-09T16:26:00Z,350,RW27,,EMRI1B,,,EMRIT Y99 NONEL Y98 SURMA W42 TOPER A1 SANOT Y15 GUROK A202 SAV
JNA002D,B738,VTBS,RKSI,2026-07-09T16:28:00Z,330,RW20L,,LIPL1J,,,LIPLI Y16 BUTRA
THY39V,A359,WMKK,LTFM,2026-07-09T16:28:23Z,360,,,,,,DUBAX R325 IKULA
AIH396,B744,VTBS,RKSI,2026-07-09T16:31:00Z,330,RW20L,,LIPL1J,,,LIPLI Y16 BUTRA
MMA453,A319,VVTS,VYYY,2026-07-09T16:33:43Z,360,,,,,,VAPVU P629 BKK L507 LUDVI
TZP52,B788,VTBS,RJAA,2026-07-09T16:34:00Z,370,RW20L,,LIPL1J,,,LIPLI Y16 BUTRA
CQH7420,A320,VTBS,ZGGG,2026-07-09T16:37:00Z,330,RW20L,,SELK1F,,,SELKA A1 SANOT Y15 GUROK A202 SAV
SIA388,A359,WSSS,LEBL,2026-07-09T16:37:07Z,280,,,,,,PASVA A334 HTY W14 PUT L759 TAVUN
KAL655,A21N,RKSI,VTBS,2026-07-09T16:42:37Z,340,,RW19,,EAST1C,R19,BUTRA A1 UBL Y20 GRASO Y13 RUKSA
MMA373,A319,VTBS,VYYY,2026-07-09T16:43:00Z,340,RW20L,,TARE1E,,,TARED G463 BETNO
THA656,A359,VTBS,RKSI,2026-07-09T16:48:00Z,410,RW20L,,LIPL1J,,,LIPLI Y16 BUTRA
TAX600,A333,VTBD,RJAA,2026-07-09T16:48:00Z,330,RW21L,,UPKU3A,,,UPKUP Y16 BUTRA
ANA8507,B763,RJAA,VTBS,2026-07-09T16:49:51Z,320,,RW19,,EAST1C,R19,BUTRA A1 UBL Y20 GRASO Y13 RUKSA
TVJ830,B38M,VTBS,RJAA,2026-07-09T16:51:00Z,330,RW20L,,LIPL1J,,,LIPLI Y16 BUTRA
CXA843,B738,ZSAM,VTBS,2026-07-09T16:51:01Z,340,,RW19,,EAST1C,R19,BUTRA A1 UBL Y20 GRASO Y13 RUKSA
CRK759,A320,VHHH,VTBS,2026-07-09T16:52:56Z,340,,RW19,,EAST1C,R19,SAV A202 RAMEI W42 PAKRI Y13 RUKSA
CEB931,A21N,RPLL,VTBS,2026-07-09T16:53:36Z,340,,RW19,,TUMG1C,R19,TUPGO M633 DULEM DCT GOMES
UAE371,B77W,VDSA,VTBS,2026-07-09T16:53:56Z,280,,RW19,,TUMG1C,R19,BOKAK B205 OLDIR P629 NUGPA
PAL733,A321,VTBS,RPLL,2026-07-09T16:54:00Z,330,RW20L,,GOME1E,,,GOMES B204 AGEDO
ESR518,B38M,VTCC,RKSI,2026-07-09T16:59:00Z,330,RW36,,MONL2C,,,MONLO R207 NAN R215 TOMIP
RBA3,B788,WBSB,EGLL,2026-07-09T16:59:25Z,300,,,,,,VAPVU P629 BKK L507 LUDVI
KLM810,B789,WMKK,EHAM,2026-07-09T16:59:35Z,280,,,,,,DUBAX R325 PUT L759 TAVUN
KAC413,B77W,OKKK,VTBS,2026-07-09T16:59:45Z,330,,RW19,,WILA1C,R19,NURDA L524 IBETO
THA313,A320,VTBS,VECC,2026-07-09T17:01:00Z,340,RW20L,,TARE1E,,,TARED P646 BETNO
UAE397,B77W,VTSP,OMDB,2026-07-09T17:01:00Z,340,RW27,,UBNE1B,,,UBNEN L645 SAPAM
HVN11,A359,VVTS,LFPG,2026-07-09T17:01:20Z,280,,,,,,VAPVU P629 VAPVU
AAR748,A333,VTSP,RKSI,2026-07-09T17:03:00Z,370,RW27,,ONET1B,,,ONETI R575 SAKDA
THA331,A320,VTBS,VIDP,2026-07-09T17:04:00Z,340,RW20L,,TARE1E,,,TARED P646 BETNO
ETD9639,B77L,VDTI,OMAA,2026-07-09T17:04:35Z,320,,,,,,VAPVU P629 MUBUS M633 TANEK
CES2563,B738,ZHHH,VTBS,2026-07-09T17:04:45Z,300,,RW19,,NORT1C,R19,VTN R474 CMP W21 NOBER
DHK035,B763,ZSPD,VTBS,2026-07-09T17:04:55Z,320,,RW19,,EAST1C,R19,SAV B460 ROT W38 RAMEI W42 PAKRI Y13 RUKSA
KAL652,B77W,VTBS,RKSI,2026-07-09T17:06:00Z,330,RW20L,,LIPL1J,,,LIPLI Y16 BUTRA
JYH1267,B38M,ZGGG,VTBS,2026-07-09T17:06:05Z,340,,RW19,,EAST1C,R19,SAV A202 RAMEI W42 PAKRI Y13 RUKSA
CEB864,A21N,VTBD,RPLL,2026-07-09T17:07:00Z,330,RW21L,,GORS1B,,,GORSI N506 GOMES B204 AGEDO
THA900,A359,VTBS,LTFM,2026-07-09T17:08:00Z,380,RW20L,,TARE1E,,,TARED P646 BETNO
CQH8522,A20N,VTSP,ZSPD,2026-07-09T17:08:00Z,330,RW27,,EMRI1B,,,EMRIT Y99 NONEL Y98 SURMA W42 TOPER A1 SANOT Y15 GUROK A202 SAV
FDB1584,B38M,VTBD,OMDB,2026-07-09T17:09:00Z,360,RW21L,,PAST1B,,,PASTO L301 TANEK
CES2077,A320,ZGGG,VTBS,2026-07-09T17:10:34Z,300,,RW19,,EAST1C,R19,SAV A202 RAMEI W42 PAKRI Y13 RUKSA
SIA324,B77W,WSSS,EHAM,2026-07-09T17:10:59Z,300,,,,,,PASVA A334 HTY W14 PUT L515 IKULA
BOX542,B77L,VTBS,VHHH,2026-07-09T17:11:00Z,410,RW20L,,ALBO1F,,,ALBOS R474 VTN
ELY082,B789,VTBS,LLBG,2026-07-09T17:13:00Z,340,RW20L,,PAST1E,,,PASTO L301 TANEK
AIQ236,A20N,VTBD,RJFF,2026-07-09T17:13:00Z,350,RW21L,,UPKU3A,,,UPKUP Y16 BUTRA
TVJ3681,B38M,ZUTF,VTBS,2026-07-09T17:13:04Z,340,,RW19,,NORT1C,R19,YAKUA B346 NOBER
SIA352,A359,WSSS,EKCH,2026-07-09T17:14:08Z,300,,,,,,PASVA A334 HTY W14 PUT L515 IKULA
TUA693,A332,UTAA,VVTS,2026-07-09T17:15:09Z,350,,,,,,BETNO G463 BKK N506 BOKAK
THA920,B77W,VTBS,EDDF,2026-07-09T17:16:00Z,320,RW20L,,TARE1E,,,TARED P646 BETNO
AUA8,B772,VTBS,LOWW,2026-07-09T17:18:00Z,340,RW20L,,TARE1E,,,TARED P646 BETNO
TVJ822,B38M,VTCC,RJBB,2026-07-09T17:19:00Z,350,RW36,,ADLU2N,,,ADLUS A581 PONUK
THA642,A359,VTBS,RJAA,2026-07-09T17:20:00Z,390,RW20L,,LIPL1J,,,LIPLI Y16 BUTRA
THA674,A21N,VTBS,ZBAA,2026-07-09T17:23:00Z,350,RW20L,,ALBO1F,,,ALBOS R474 VTN
THA954,A359,VTBS,ENGM,2026-07-09T17:25:00Z,360,RW20L,,TARE1E,,,TARED P646 BETNO
AIC2361,A21N,RPLL,VIDP,2026-07-09T17:25:23Z,340,,,,,,PAK B202 UBL G473 MAKAS
THA930,B77W,VTBS,LFPG,2026-07-09T17:27:00Z,320,RW20L,,TARE1E,,,TARED P646 BETNO
THA339,A320,VTBS,VGHS,2026-07-09T17:30:00Z,340,RW20L,,NUNL1P,,,NUNLI L507 LUDVI
BBC386,B738,VGHS,WMKK,2026-07-09T17:30:02Z,310,,,,,,EKAVO M626 UPNEP W19 ROBDA M757 KARMI
KAL678,B789,VTSP,RKSI,2026-07-09T17:31:00Z,370,RW27,,ONET1B,,,ONETI R575 SAKDA
THA622,A333,VTBS,RJBB,2026-07-09T17:32:00Z,370,RW20L,,LIPL1J,,,LIPLI Y16 BUTRA
CQH6293,A20N,ZLXY,VTBS,2026-07-09T17:32:42Z,340,,RW19,,NORT1C,R19,YAKUA B346 NOBER
CES7368,A20N,VTCC,ZSPD,2026-07-09T17:33:00Z,310,RW36,,MONL2C,,,MONLO R207 NAN R215 TOMIP
THA644,B788,VTBS,RJGG,2026-07-09T17:34:00Z,370,RW20L,,LIPL1J,,,LIPLI Y16 BUTRA
EVA061,B78X,RCTP,VTBS,2026-07-09T17:35:17Z,380,,RW19,,EAST1C,R19,BUTRA A1 UBL Y20 GRASO Y13 RUKSA
CES547,B789,ZSPD,VTBS,2026-07-09T17:36:07Z,300,,RW19,,EAST1C,R19,SAV A202 RAMEI W42 PAKRI Y13 RUKSA
THA670,B789,VTBS,RJCC,2026-07-09T17:37:00Z,370,RW20L,,LIPL1J,,,LIPLI Y16 BUTRA
THA934,B789,VTBS,EBBR,2026-07-09T17:39:00Z,360,RW20L,,TARE1E,,,TARED P646 BETNO
HKE733,A21N,VTBS,VHHH,2026-07-09T17:41:00Z,370,RW20L,,SELK1F,,,SELKA A1 SANOT Y15 GUROK A202 SAV
THA662,B772,VTBS,ZSPD,2026-07-09T17:44:00Z,370,RW20L,,ALBO1F,,,ALBOS R474 VTN
QFA256,B789,LFPG,WSSS,2026-07-09T17:45:36Z,330,,,,,,TAVUN L759 PUT B579 DALAN
UAE393,A359,VVTS,OMDB,2026-07-09T17:46:50Z,320,,,,,,VAPVU P629 BKK
CHH7996,B38M,VTBS,ZBAA,2026-07-09T17:47:00Z,350,RW20L,,ALBO1F,,,ALBOS R474 VTN
MMA390,A320,VYYY,VTBS,2026-07-09T17:48:41Z,330,,RW19,,WILA1C,R19,BETNO P646 TARED
GULFD,GA7C,WSSS,EGGD,2026-07-09T17:49:45Z,400,,,,,,DUBAX R325 PUT L759 TAVUN
CCA476,A320,WIII,ZUTF,2026-07-09T17:52:35Z,340,,,,,,ABTOK M644 RYN N891 BKK B346 YAKUA
SVA871,B789,RPLL,OEJN,2026-07-09T17:54:10Z,340,,,,,,TUPGO M633 TANEK
THA960,A359,VTBS,ESSA,2026-07-09T17:56:00Z,280,RW20L,,TARE1E,,,TARED P646 BETNO
CDG8075,B738,ZSJN,VTBS,2026-07-09T17:56:30Z,320,,RW19,,NORT1C,R19,VTN R474 CMP W21 NOBER
CDG4079,B738,ZSQD,VTBS,2026-07-09T17:56:55Z,320,,RW19,,NORT1C,R19,VTN R474 CMP W21 NOBER
ABL7485,A21N,VTCC,RKSI,2026-07-09T17:58:00Z,330,RW36,,MONL2C,,,MONLO R207 NAN R215 TOMIP
CSC3920,A20N,WSSS,ZUTF,2026-07-09T17:58:09Z,340,,,,,,ABTOK M644 RYN N891 BKK B346 YAKUA
OAH705,B738,VYYY,VTBS,2026-07-09T18:00:24Z,310,,RW19,,WILA1C,R19,BETNO G463 TARED
CSZ305,A20N,ZGSZ,VTBS,2026-07-09T18:02:34Z,340,,RW19,,EAST1C,R19,SAV A202 RAMEI W42 PAKRI Y13 RUKSA
THA910,B77W,VTBS,EGLL,2026-07-09T18:04:00Z,320,RW20L,,TARE1E,,,TARED P646 BETNO
THA924,A359,VTBS,EDDM,2026-07-09T18:06:00Z,380,RW20L,,TARE1E,,,TARED P646 BETNO
XAX327,A333,ZUTF,WMKK,2026-07-09T18:06:29Z,360,,,,,,YAKUA B346 BKK M757 KARMI
MMA237,A319,VYYY,WSSS,2026-07-09T18:07:33Z,350,,,,,,EKAVO M626 IKOGA DCT PASVA
CSH841,B38M,ZSPD,VTBS,2026-07-09T18:08:29Z,300,,RW19,,EAST1C,R19,SAV A202 RAMEI W42 PAKRI Y13 RUKSA
JNA002,B738,VTBS,RKSI,2026-07-09T18:09:00Z,330,RW20L,,LIPL1J,,,LIPLI Y16 BUTRA
THA940,A359,VTBS,LIMC,2026-07-09T18:11:00Z,360,RW20L,,TARE1E,,,TARED P646 BETNO
TLM394,B739,VTBD,RCTP,2026-07-09T18:14:00Z,330,RW21L,,UPKU3A,,,UPKUP Y16 BUTRA
CQN2362,A20N,VTBS,ZUCK,2026-07-09T18:14:00Z,350,RW20L,,NOBE1P,,,NOBER B346 YAKUA
KLM836,B77W,WSSS,EHAM,2026-07-09T18:14:52Z,300,,,,,,DUBAX R325 PUT L759 TAVUN
TAX607,A333,RJAA,VTBD,2026-07-09T18:17:43Z,360,,RW21R,,ENDU1B,R21R,BUTRA A1 UBL Y20 UBLOD
KQA887,B788,VTBS,HKJK,2026-07-09T18:19:00Z,380,RW20L,,PAST1E,,,PASTO L301 TANEK
QTR8968,B77L,OTHH,VVTS,2026-07-09T18:19:48Z,350,,,,,,NURDA L524 BKK N506 BOKAK
JAL728,B788,VTBS,RJBB,2026-07-09T18:21:00Z,410,RW20L,,LIPL1J,,,LIPLI Y16 BUTRA
ETH645,A359,VHHH,HAAB,2026-07-09T18:21:17Z,340,,,,,,BUTRA A1 UBL Y20 BKK M502 AKATO
THA970,B77W,VTBS,LSZH,2026-07-09T18:24:00Z,340,RW20L,,TARE1E,,,TARED P646 BETNO
CQH8755,A21N,ZSPD,VTBS,2026-07-09T18:25:02Z,320,,RW19,,EAST1C,R19,SAV A202 RAMEI W42 PAKRI Y13 RUKSA
CSH840,B38M,VTBS,ZSPD,2026-07-09T18:26:00Z,330,RW20L,,SELK1F,,,SELKA A1 SANOT Y15 GUROK A202 SAV
CES6018,A332,VCBI,ZSPD,2026-07-09T18:27:57Z,310,,,,,,TANEK L301 BKK R474 VTN
JYH1266,B738,VTBS,ZGGG,2026-07-09T18:28:00Z,330,RW20L,,SELK1F,,,SELKA A1 SANOT Y15 GUROK A202 SAV
CSC3938,A21N,VTBS,ZUTF,2026-07-09T18:29:00Z,330,RW20L,,NOBE1P,,,NOBER B346 YAKUA
THA950,B77W,VTBS,EKCH,2026-07-09T18:32:00Z,320,RW20L,,TARE1E,,,TARED P646 BETNO
TAX612,A333,VTBD,RJBB,2026-07-09T18:33:00Z,370,RW21L,,UPKU3A,,,UPKUP Y16 BUTRA
JJA2552,B738,VTBS,RKPK,2026-07-09T18:34:00Z,310,RW20L,,LIPL1J,,,LIPLI Y16 BUTRA
TVJ3537,A320,ZSHC,VTBS,2026-07-09T18:35:31Z,320,,RW19,,EAST1C,R19,SAV A202 RAMEI W42 PAKRI Y13 RUKSA
CCA980,B38M,VTBS,ZBAA,2026-07-09T18:36:00Z,350,RW20L,,ALBO1F,,,ALBOS R474 VTN
UAE336,B77W,OMDB,RPLL,2026-07-09T18:36:06Z,250,,,,,,NURDA L524 BKK N506 GOMES B204 AGEDO
JJA2504,B38M,VTBS,RKSI,2026-07-09T18:39:00Z,310,RW20L,,LIPL1J,,,LIPLI Y16 BUTRA
THA648,B788,VTBS,RJFF,2026-07-09T18:42:00Z,370,RW20L,,LIPL1J,,,LIPLI Y16 BUTRA
UBG307,A333,VGHS,WSSS,2026-07-09T18:43:00Z,350,,,,,,EKAVO M626 IKOGA Y24 PASVA
CSH832,B738,VTSP,ZSPD,2026-07-09T18:43:00Z,350,RW27,,EMRI1B,,,EMRIT Y99 NONEL Y98 SURMA W42 TOPER A1 SANOT Y15 GUROK A202 SAV
CSN8157,A20N,ZGSZ,VTBS,2026-07-09T18:46:15Z,180,,RW19,,EAST1C,R19,SAV A202 RAMEI W42 PAKRI Y13 RUKSA
CEB932,A21N,VTBS,RPLL,2026-07-09T18:51:00Z,330,RW20L,,GOME1E,,,GOMES B204 AGEDO
UAE385,A388,VTBS,OMDB,2026-07-09T18:53:00Z,340,RW20L,,PAST1E,,,PASTO L301 TANEK
UAE335,B77W,RPLL,OMDB,2026-07-09T18:53:09Z,340,,,,,,TUPGO M633 TANEK
HGB511,B39M,VRMM,VHHH,2026-07-09T18:53:19Z,310,,,,,,AKATO M502 BKK Y16 BUTRA
QTR8997,B77L,VDTI,OTHH,2026-07-09T18:56:54Z,320,,,,,,VAPVU P629 MUBUS M633 TANEK
RNA415,A320,VNKT,WMKK,2026-07-09T18:56:59Z,350,,,,,,EKAVO M626 VALSI M757 KARMI
CLX7954,B748,ELLX,VVTS,2026-07-09T18:57:44Z,130,,,,,,LUDVI L507 BKK N891 RYN R334 SAKDA
CPA748,A359,FAOR,VHHH,2026-07-09T18:58:33Z,370,,,,,,RUSET P627 PUT Y8 SAPUD W32 SMU R575 SAKDA
AAR742,A359,VTBS,RKSI,2026-07-09T19:02:00Z,330,RW20L,,LIPL1J,,,LIPLI Y16 BUTRA
CES236,A333,VRMM,ZSPD,2026-07-09T19:03:58Z,310,,,,,,TANEK L301 BKK R474 VTN
CCA867,A359,ZGSZ,FAOR,2026-07-09T19:04:23Z,300,,,,,,SAV A202 RAMEI Y20 BKK L301 TANEK
EVA206,B78X,VTBS,RCTP,2026-07-09T19:05:00Z,370,RW20L,,LIPL1J,,,LIPLI Y16 BUTRA
MAS527,B38M,ZUTF,WMKK,2026-07-09T19:05:48Z,340,,,,,,YAKUA B346 BKK M904 BUT Y11 PASVA
AXM70,A21N,VGHS,WMKK,2026-07-09T19:11:17Z,330,,,,,,EKAVO M626 VALSI M757 KARMI
ETH629,B77L,VTBS,HAAB,2026-07-09T19:12:00Z,340,RW20L,,PAST1E,,,PASTO L301 TANEK
SIA323,B77W,EHAM,WSSS,2026-07-09T19:12:27Z,290,,,,,,EKAVO M626 IKOGA Y24 PASVA
CXA844,B738,VTBS,ZSAM,2026-07-09T19:14:00Z,370,RW20L,,SELK1F,,,SELKA A1 SANOT Y15 GUROK A202 SAV
APJ92,A21N,VTBS,RJBB,2026-07-09T19:20:00Z,330,RW20L,,LIPL1J,,,LIPLI Y16 BUTRA
TLM392,B739,VTBD,RCKH,2026-07-09T19:21:00Z,330,RW21L,,UPKU3A,,,UPKUP Y16 BUTRA
JYH1268,B38M,VTBS,ZGGG,2026-07-09T19:22:00Z,330,RW20L,,SELK1F,,,SELKA A1 SANOT Y15 GUROK A202 SAV
CRK760,A320,VTBS,VHHH,2026-07-09T19:25:00Z,330,RW20L,,SELK1F,,,SELKA A1 SANOT Y15 GUROK A202 SAV
MMA391,A320,VTBS,VYYY,2026-07-09T19:27:00Z,340,RW20L,,TARE1E,,,TARED G463 BETNO
SIA305,A359,EGLL,WSSS,2026-07-09T19:27:51Z,350,,,,,,EKAVO M626 IKOGA Y24 PASVA
SIA23,A359,KJFK,WSSS,2026-07-09T19:31:45Z,350,,,,,,EKAVO M626 IKOGA Y24 PASVA
CPA749,A359,VHHH,FAOR,2026-07-09T19:34:20Z,340,,,,,,SAKDA R575 SAKDA
KAC414,B77W,VTBS,OKKK,2026-07-09T19:35:00Z,340,RW20L,,OLVU1E,,,OLVUK Y26 CMA R207 SISUK
CES9648,B789,WSSS,ZPPP,2026-07-09T19:35:35Z,340,,,,,,ABTOK M644 RYN N891 BKK B346 YAKUA
CSH847,B738,ZSPD,VTBS,2026-07-09T19:35:50Z,300,,RW19,,EAST1C,R19,SAV A202 RAMEI W42 PAKRI Y13 RUKSA
TVJ850,B38M,VTBS,RKSI,2026-07-09T19:40:00Z,330,RW20L,,LIPL1J,,,LIPLI Y16 BUTRA
QTR837,A388,VTBS,OTHH,2026-07-09T19:42:00Z,260,RW20L,,PAST1E,,,PASTO L301 TANEK
HVN38,B789,EKCH,VVTS,2026-07-09T19:43:30Z,330,,,,,,LUDVI L507 BKK N506 BOKAK
IGO1057,A20N,VECC,VTBS,2026-07-09T19:43:35Z,370,,RW19,,WILA1C,R19,LUDVI L507 IGONI
SIA335,B77W,LFPG,WSSS,2026-07-09T19:47:19Z,310,,,,,,EKAVO M626 IKOGA Y24 PASVA
CES2564,B738,VTBS,ZHHH,2026-07-09T19:49:00Z,330,RW20L,,ALBO1F,,,ALBOS R474 VTN
SIA365,A359,LIRF,WSSS,2026-07-09T19:49:44Z,190,,,,,,EKAVO M626 IKOGA Y24 PASVA
SIA441,B38M,VNKT,WSSS,2026-07-09T19:52:53Z,350,,,,,,DALAN B579 VPL
KAL656,A21N,VTBS,RKSI,2026-07-09T19:56:00Z,330,RW20L,,LIPL1J,,,LIPLI Y16 BUTRA
AIQ677,A20N,VTBD,RKSI,2026-07-09T19:56:00Z,350,RW21L,,UPKU3A,,,UPKUP Y16 BUTRA
ACA65,B789,CYVR,VTBS,2026-07-09T19:57:03Z,340,,RW19,,EAST1C,R19,BUTRA A1 UBL Y20 GRASO Y13 RUKSA
SIA403,B77W,VIDP,WSSS,2026-07-09T19:57:28Z,330,,,,,,TAVUN L759 TAVUN
CDG8076,B738,VTBS,ZSJN,2026-07-09T19:58:00Z,330,RW20L,,ALBO1F,,,ALBOS R474 VTN
CDG4080,B738,VTBS,ZSQD,2026-07-09T20:02:00Z,330,RW20L,,ALBO1F,,,ALBOS R474 VTN
MMA383,E190,VTBD,VYYY,2026-07-09T20:04:00Z,340,RW21L,,TARE1B,,,TARED G463 BETNO
CES548,B789,VTBS,ZSPD,2026-07-09T20:04:00Z,330,RW20L,,SELK1F,,,SELKA A1 SANOT Y15 GUROK A202 SAV
SIA447,B78X,VGHS,WSSS,2026-07-09T20:05:17Z,290,,,,,,EKAVO M626 IKOGA Y24 PASVA
CQH6294,A20N,VTBS,ZLXY,2026-07-09T20:06:00Z,310,RW20L,,NOBE1P,,,NOBER B346 YAKUA
AIC301,B788,YSSY,VIDP,2026-07-09T20:06:02Z,340,,,,,,PASVA A334 HTY W14 PUT L759 TAVUN
MAS21,A359,LFPG,WMKK,2026-07-09T20:06:57Z,350,,,,,,TAVUN L759 PUT B579 DALAN
XAX809,A333,ZUCK,WMKK,2026-07-09T20:07:27Z,400,,,,,,YAKUA B346 BKK M757 KARMI
UAE377,A388,VTBS,OMDB,2026-07-09T20:09:00Z,380,RW20L,,PAST1E,,,PASTO L301 TANEK
AIC2386,A20N,VIDP,WMKK,2026-07-09T20:11:42Z,290,,,,,,TAVUN L759 PUT B579 DALAN
THA661,A359,RJTT,VTBS,2026-07-09T20:12:32Z,400,,RW19,,EAST1C,R19,BUTRA A1 UBL Y20 GRASO Y13 RUKSA
ANA8508,B763,VTBS,RJAA,2026-07-09T20:13:00Z,330,RW20L,,LIPL1J,,,LIPLI Y16 BUTRA
JAL727,B788,RJBB,VTBS,2026-07-09T20:14:17Z,400,,RW19,,EAST1C,R19,BUTRA A1 UBL Y20 GRASO Y13 RUKSA
QTR929,B77W,RPLL,OTHH,2026-07-09T20:15:51Z,280,,,,,,TUPGO M633 TANEK
OAH702,B738,VTBS,VOMM,2026-07-09T20:16:00Z,340,RW20L,,PAST1E,,,PASTO L301 TANEK
XAX601,A333,UAAA,WMKK,2026-07-09T20:18:11Z,360,,,,,,TAVUN L759 PUT B579 DALAN
SIA345,B77W,LSZH,WSSS,2026-07-09T20:19:36Z,310,,,,,,EKAVO M626 IKOGA Y24 PASVA
MAS115,B38M,VNKT,WMKK,2026-07-09T20:19:56Z,350,,,,,,EKAVO M626 IKOGA DCT PASVA
AFL296,A359,UUEE,WADD,2026-07-09T20:21:56Z,350,,,,,,TAVUN L759 PUT B579 DALAN
THA310,A320,VNKT,VTBS,2026-07-09T20:23:31Z,270,,RW19,,WILA1C,R19,LUDVI L507 IGONI
CES2078,A320,VTBS,ZGGG,2026-07-09T20:24:00Z,330,RW20L,,SELK1F,,,SELKA A1 SANOT Y15 GUROK A202 SAV
EVA061,B78X,VTBS,LOWW,2026-07-09T20:26:00Z,340,RW20L,,TARE1E,,,TARED P646 BETNO
ETD415,A21N,VTSP,OMAA,2026-07-09T20:27:00Z,320,RW27,,UBNE1B,,,UBNEN R203 SAPAM
ANA849,B789,RJTT,VTBS,2026-07-09T20:29:00Z,380,,RW19,,EAST1C,R19,BUTRA A1 UBL Y20 GRASO Y13 RUKSA
ETD401,B77W,VTBS,OMAA,2026-07-09T20:30:00Z,340,RW20L,,PAST1E,,,PASTO L301 TANEK
SIA303,A359,EBBR,WSSS,2026-07-09T20:31:50Z,350,,,,,,TAVUN L759 PUT W14 HTY A334 PASVA
CSZ306,A20N,VTBS,ZGSZ,2026-07-09T20:32:00Z,330,RW20L,,SELK1F,,,SELKA A1 SANOT Y15 GUROK A202 SAV
SIA517,B38M,VECC,WSSS,2026-07-09T20:32:10Z,350,,,,,,IKULA L515 PUT B579 DALAN
TGW161,A20N,ZPPP,WSSS,2026-07-09T20:33:00Z,360,,,,,,YAKUA B346 BKK M904 KIGOB Y11 PASVA
KMI801,B734,WSSS,VTBS,2026-07-09T20:33:44Z,320,,RW19,,TUMG1C,R19,ABTOK M644 ALUMO Y12 ALEMI
CQH8756,A21N,VTBS,ZSPD,2026-07-09T20:35:00Z,330,RW20L,,SELK1F,,,SELKA A1 SANOT Y15 GUROK A202 SAV
SIA351,A359,EKCH,WSSS,2026-07-09T20:37:44Z,350,,,,,,EKAVO M626 IKOGA Y24 PASVA
AIQ563,A320,ZUTF,VTBD,2026-07-09T20:41:44Z,380,,RW21R,,NAKO1B,R21R,YAKUA B346 NOBER
SIA309,A359,EGKK,WSSS,2026-07-09T20:42:44Z,230,,,,,,TAVUN L759 PUT W14 HTY A334 PASVA
TGW135,A20N,ZLXY,WSSS,2026-07-09T20:42:49Z,320,,,,,,YAKUA B346 BKK M904 PIDEL Y11 PASVA
AIQ141,A20N,VCBI,VTBD,2026-07-09T20:42:59Z,370,,RW21R,,WEHA1B,R21R,PUMOR L877 MIGAR L524 IBETO
CSN8158,A20N,VTBS,ZGSZ,2026-07-09T20:43:00Z,330,RW20L,,SELK1F,,,SELKA A1 SANOT Y15 GUROK A202 SAV
AIQ121,A320,VECC,VTBD,2026-07-09T20:43:14Z,350,,RW21R,,WEHA1B,R21R,BETNO P646 TARED
UAE371,B77W,VTBS,OMDB,2026-07-09T20:46:00Z,360,RW20L,,PAST1E,,,PASTO L301 TANEK
SIA819,B38M,ZUCK,WSSS,2026-07-09T20:46:14Z,360,,,,,,YAKUA B346 BKK M904 BUT Y11 PASVA
AIQ138,A320,VOBL,VTBD,2026-07-09T20:50:13Z,370,,RW21R,,WEHA1B,R21R,PUMOR L877 MIGAR L524 IBETO
MXD206,B738,VIDP,WMKK,2026-07-09T20:56:22Z,370,,,,,,IKULA L515 PUT B579 DALAN
SIA327,A359,EDDM,WSSS,2026-07-09T20:56:22Z,370,,,,,,EKAVO M626 IKOGA Y24 PASVA
SIA25,B77W,EDDF,WSSS,2026-07-09T20:56:47Z,310,,,,,,TAVUN L759 PUT W14 HTY A334 PASVA
QTR829,A359,VTBS,OTHH,2026-07-09T20:59:00Z,320,RW20L,,PAST1E,,,PASTO L301 TANEK
AIQ154,A320,VOMM,VTBD,2026-07-09T21:02:57Z,330,,RW21R,,WEHA1B,R21R,PUMOR L877 MIGAR L524 IBETO
SIA387,A359,LEBL,WSSS,2026-07-09T21:03:57Z,340,,,,,,TAVUN L759 PUT B579 DALAN
VSV469,B38M,UAII,VTBS,2026-07-09T21:05:07Z,290,,RW19,,WILA1C,R19,LUDVI L507 IGONI
SIA355,A359,LIMC,WSSS,2026-07-09T21:06:16Z,190,,,,,,TAVUN L759 PUT W14 HTY A334 PASVA
MXD673,B38M,ZUTF,WMKK,2026-07-09T21:10:06Z,320,,,,,,YAKUA B346 BKK M757 KARMI
TVJ3719,B38M,ZBAD,VTBS,2026-07-09T21:10:12Z,340,,RW19,,NORT1C,R19,VTN R474 CMP W21 NOBER
AIQ171,A20N,VOCI,VTBD,2026-07-09T21:11:51Z,370,,RW21R,,WEHA1B,R21R,PUMOR L877 MIGAR L524 IBETO
KMI526,B738,VHHH,VTBS,2026-07-09T21:15:51Z,340,,RW19,,EAST1C,R19,SAV A202 RAMEI W42 PAKRI Y13 RUKSA
BBC387,B738,WMKK,VGHS,2026-07-09T21:16:05Z,360,,,,,,RIGTO M769 SORTO M626 EKAVO
ANA877,B788,RJTT,VTBS,2026-07-09T21:16:26Z,400,,RW19,,EAST1C,R19,BUTRA A1 UBL Y20 GRASO Y13 RUKSA
THY58,A333,LTFM,VTBS,2026-07-09T21:20:25Z,350,,RW19,,WILA1C,R19,LUDVI L507 IGONI
ALK885,A20N,ZGGG,VCBI,2026-07-09T21:21:10Z,340,,,,,,SAV A202 RAMEI Y20 BKK L301 TANEK
JAL33,B789,RJTT,VTBS,2026-07-09T21:22:10Z,380,,RW19,,EAST1C,R19,BUTRA A1 UBL Y20 GRASO Y13 RUKSA
THA318,A21N,VABB,VTBS,2026-07-09T21:25:30Z,350,,RW19,,WILA1C,R19,PUMOR L877 MIGAR L524 IBETO
KMI219,B734,ZGSZ,VTBS,2026-07-09T21:25:30Z,280,,RW19,,EAST1C,R19,SAV A202 RAMEI W42 PAKRI Y13 RUKSA
VJC1804,A21N,VOHS,VVTS,2026-07-09T21:27:20Z,350,,,,,,TANEK L301 BKK N506 BOKAK
BOX531,B77L,WSSS,VTBS,2026-07-09T21:27:34Z,360,,RW19,,TUMG1C,R19,ABTOK M644 ALUMO Y12 ALEMI
MAS191,A333,VIDP,WMKK,2026-07-09T21:28:29Z,350,,,,,,DALAN B579 VPL
FDX6159,B763,ZGGG,VTBS,2026-07-09T21:30:04Z,340,,RW19,,EAST1C,R19,SAV A202 RAMEI W42 PAKRI Y13 RUKSA
SIA317,A388,EGLL,WSSS,2026-07-09T21:33:39Z,330,,,,,,IKULA L515 PUT W14 HTY A334 PASVA
THA316,A333,VIDP,VTBS,2026-07-09T21:33:54Z,410,,RW19,,WILA1C,R19,BETNO P646 TARED
HVN30,B789,EDDF,VVTS,2026-07-09T21:34:04Z,350,,,,,,LUDVI L507 BKK N506 BOKAK
CEB5958,A21N,RPVM,VTBD,2026-07-09T21:35:04Z,340,,RW21R,,SEHN1B,R21R,TUPGO M633 DULEM
UAE331,B77W,RPLL,OMDB,2026-07-09T21:35:14Z,340,,,,,,TUPGO M633 TANEK
THA971,B77W,LSZH,VTBS,2026-07-09T21:37:14Z,330,,RW19,,WILA1C,R19,BETNO P646 TARED
MMA238,A319,WSSS,VYYY,2026-07-09T21:45:02Z,360,,,,,,KADAX M626 EKAVO
TUA694,A332,VVTS,UTAA,2026-07-09T21:45:23Z,340,,,,,,VAPVU P629 BKK G463 BETNO
AIC2380,A21N,VIDP,WSSS,2026-07-09T21:47:12Z,290,,,,,,TAVUN L759 PUT B579 DALAN
THA935,B789,EBBR,VTBS,2026-07-09T21:47:33Z,330,,RW19,,WILA1C,R19,BETNO P646 TARED
AHK831,A332,VHHH,VTBS,2026-07-09T21:47:58Z,380,,RW19,,EAST1C,R19,BUTRA A1 UBL Y20 GRASO Y13 RUKSA
IGO1058,A20N,VTBS,VECC,2026-07-09T21:51:00Z,360,RW20L,,NUNL1P,,,NUNLI L507 LUDVI
KAC418,B77W,RPLL,OKKK,2026-07-09T21:52:27Z,280,,,,,,TUPGO M633 TANEK
THA941,A359,LIMC,VTBS,2026-07-09T21:53:42Z,320,,RW19,,WILA1C,R19,BETNO P646 TARED
MAS119,B38M,VIAR,WMKK,2026-07-09T21:56:02Z,330,,,,,,TAVUN L759 PUT B579 DALAN
THA925,A359,EDDM,VTBS,2026-07-09T21:56:37Z,350,,RW19,,WILA1C,R19,BETNO P646 TARED
THA931,B77W,LFPG,VTBS,2026-07-09T22:01:21Z,310,,RW19,,WILA1C,R19,BETNO P646 TARED
HVN976,B789,VIDP,VVTS,2026-07-09T22:02:06Z,390,,,,,,LUDVI L507 BKK N506 BOKAK
THA308,A320,VCBI,VTBS,2026-07-09T22:02:26Z,330,,RW19,,WILA1C,R19,PUMOR L877 MIGAR L524 IBETO
KMI262,B763,ZGSZ,VTCC,2026-07-09T22:05:36Z,340,,RW36,,MONL2B,R36,TOMIP R215 NAN R207 MONLO
SIA313,A359,EGKK,WSSS,2026-07-09T22:07:50Z,230,,,,,,IKULA L515 PUT W14 HTY A334 PASVA
THA961,A359,ESSA,VTBS,2026-07-09T22:08:01Z,270,,RW19,,WILA1C,R19,BETNO P646 TARED
THY174,A359,LTFM,WMKK,2026-07-09T22:08:35Z,370,,,,,,IKULA R325 PUT B579 DALAN
THA911,B77W,EGLL,VTBS,2026-07-09T22:12:15Z,290,,RW19,,WILA1C,R19,BETNO P646 TARED
UPS146,B763,ZGSZ,VTBS,2026-07-09T22:13:35Z,340,,RW19,,EAST1C,R19,SAV A202 RAMEI W42 PAKRI Y13 RUKSA
FDX6092,B77L,ZGGG,VOBL,2026-07-09T22:14:10Z,320,,,,,,SAV B460 KRT Y20 MALKI DCT TANEK
CPA632,A333,VOMM,VHHH,2026-07-09T22:17:49Z,310,,,,,,AKATO M502 BKK Y16 BUTRA
RNA416,A320,WMKK,VNKT,2026-07-09T22:18:04Z,340,,,,,,RIGTO M769 SORTO M626 EKAVO
VJC884,A21N,VABB,VVTS,2026-07-09T22:19:50Z,330,,,,,,TANEK L301 BKK N506 BOKAK
THA901,A359,LTFM,VTBS,2026-07-09T22:20:10Z,390,,RW19,,WILA1C,R19,BETNO P646 TARED
THA340,A320,VGHS,VTBS,2026-07-09T22:20:59Z,350,,RW19,,WILA1C,R19,LUDVI L507 IGONI
QTR8969,B77L,VVTS,OTHH,2026-07-09T22:21:14Z,320,,,,,,VAPVU P629 MUBUS M633 TANEK
CSH848,B738,VTBS,ZSPD,2026-07-09T22:22:00Z,330,RW20L,,SELK1F,,,SELKA A1 SANOT Y15 GUROK A202 SAV
MAS197,B38M,VGHS,WMKK,2026-07-09T22:23:49Z,350,,,,,,EKAVO M626 IKOGA DCT PASVA
THA338,A333,VOMM,VTBS,2026-07-09T22:24:24Z,370,,RW19,,WILA1C,R19,PUMOR L877 MIGAR L524 IBETO
THA314,A320,VECC,VTBS,2026-07-09T22:25:34Z,330,,RW19,,WILA1C,R19,BETNO P646 TARED
THA955,A359,ENGM,VTBS,2026-07-09T22:26:04Z,310,,RW19,,WILA1C,R19,BETNO P646 TARED
THA330,A320,VOHS,VTBS,2026-07-09T22:26:34Z,350,,RW19,,WILA1C,R19,PUMOR L877 MIGAR L524 IBETO
ALK402,A320,VCBI,VTBS,2026-07-09T22:28:04Z,370,,RW19,,WILA1C,R19,PUMOR L877 MIGAR L524 IBETO
MTL124,E135,VTBD,VTSC,2026-07-09T22:32:00Z,350,RW21L,RW20,KASN1B,,R20,KASNI M757 ROBDA W19 NTW
CPA612,A333,VCBI,VHHH,2026-07-09T22:34:03Z,370,,,,,,AKATO M502 BKK A1 SANOT Y15 GUROK A202 SAV
MXD161,A333,VGHS,WMKK,2026-07-09T22:35:53Z,330,,,,,,EKAVO M626 IKOGA DCT PASVA
THA951,B77W,EKCH,VTBS,2026-07-09T22:36:58Z,310,,RW19,,WILA1C,R19,BETNO P646 TARED
THA921,B77W,EDDF,VTBS,2026-07-09T22:39:08Z,310,,RW19,,WILA1C,R19,BETNO P646 TARED
UBG308,A333,WSSS,VGHS,2026-07-09T22:39:17Z,360,,,,,,KADAX M626 EKAVO
AIC2336,A20N,VIDP,VTBS,2026-07-09T22:40:43Z,330,,RW19,,WILA1C,R19,BETNO P646 TARED
MXD136,B38M,OPKC,WMKK,2026-07-09T22:41:42Z,310,,,,,,TAVUN L759 PUT B579 DALAN
THA936,A359,VTBS,EHAM,2026-07-09T22:42:00Z,360,RW20L,,NUNL1P,,,NUNLI L507 LUDVI
THA346,B77W,OPLA,VTBS,2026-07-09T22:42:17Z,290,,RW19,,WILA1C,R19,BETNO P646 TARED
AXM890,A320,WMKK,VTBD,2026-07-09T22:42:47Z,360,,RW21R,,SABA1B,R21R,RIGTO M769 GOKEX Y96 EMTIX Y99 HOTEL
GTI8017,B763,RODN,VTBU,2026-07-09T22:43:27Z,340,,RW18,,,R18,TUPGO M633 DULEM W42 RYN
CPA624,A359,VOBL,VHHH,2026-07-09T22:52:21Z,350,,,,,,TANEK L301 BKK Y16 BUTRA
THA937,A359,EHAM,VTBS,2026-07-09T22:53:31Z,350,,RW19,,WILA1C,R19,BETNO P646 TARED
FDX6179,B763,ZGGG,WMKP,2026-07-09T22:54:11Z,300,,,,,,SAV B460 ROT W38 RAMEI Y20 BKK M757 KARMI
THA326,B77W,VOBL,VTBS,2026-07-09T22:54:21Z,350,,RW19,,WILA1C,R19,PUMOR L877 MIGAR L524 IBETO
TAG02,GLF6,EGSS,WMSA,2026-07-09T22:55:31Z,410,,,,,,TAVUN L759 PUT W14 HTY A464 KARMI
NOK550,B738,VTBD,VTSF,2026-07-09T23:00:00Z,350,RW21L,RW19,KASN1B,,R19,KASNI M757 LOSDA Y94 NKS
AIQ556,A320,VTBD,ZUCK,2026-07-09T23:04:00Z,330,RW21L,,NOBE2B,,,NOBER B346 YAKUA
MAS797,B738,VTBS,WMKK,2026-07-09T23:05:00Z,350,RW20L,,KASN1E,,,KASNI M757 KARMI
AIQ3416,A320,VTBD,VTCC,2026-07-09T23:06:00Z,340,RW21L,RW36,OLVU1B,MARN2A,R36,OLVUK Y26 MARNI
UPS9,B748,ZGSZ,VOBL,2026-07-09T23:07:00Z,300,,,,,,SAV A202 RAMEI Y20 BKK L301 TANEK
NOK300,B738,VTBD,VTUD,2026-07-09T23:07:00Z,330,RW21L,RW30,ROBK3A,ANPU1A,R30,ROBKA A1 SELKA Y14 KRT Y23 KKN Y23/Y22
AIC2118,A21N,VIDP,WSSS,2026-07-09T23:07:05Z,290,,,,,,TAVUN L759 PUT B579 DALAN
DRK141,A319,VTBS,VEGT,2026-07-09T23:08:00Z,380,RW20L,,NUNL1P,,,NUNLI L507 LUDVI
BKP101,A319,VTBS,VTSM,2026-07-09T23:09:00Z,310,RW20L,RW17,KASN1E,,R17,KASNI M757 MABKO W33 SMU
VSV470,B38M,VTBS,UAII,2026-07-09T23:11:00Z,380,RW20L,,TARE1E,,,TARED P646 BETNO
IGO1213,A21N,VOBL,VTBS,2026-07-09T23:11:30Z,330,,RW19,,WILA1C,R19,PUMOR L877 MIGAR L524 IBETO
ETD410,B78X,OMAA,VTSP,2026-07-09T23:11:49Z,370,,RW27,,UBNE1D,,SAPAM L645 UBNEN
TLM502,B738,VTBD,VTCC,2026-07-09T23:12:00Z,320,RW21L,RW36,OLVU1B,MARN2A,R36,OLVUK Y26 MARNI
BKP100,A319,VTSM,VTBS,2026-07-09T23:14:00Z,300,RW17,RW19,OLBA1B,LEBI1C,R19,OLBAG Y17 DONSI M769 LEBIM
UZB531,A21N,UZTT,VTBS,2026-07-09T23:16:04Z,280,,RW19,,WILA1C,R19,LUDVI L507 IGONI
AIQ3102,A20N,VTBD,VTSS,2026-07-09T23:17:00Z,350,RW21L,RW26,KASN1B,OBLE1B,R26,KASNI M757 OBLEX
THA342,A359,OPKC,VTBS,2026-07-09T23:22:09Z,290,,RW19,,WILA1C,R19,BETNO P646 TARED
CEB5959,A21N,VTBD,RPVM,2026-07-09T23:28:00Z,330,RW21L,,GORS1B,,,GORSI N506 GOMES B204 AGEDO
CQH8771,A20N,ZGGG,VTSP,2026-07-09T23:29:13Z,320,,RW27,,SAVS1C,,SAV A202 RAMEI W42 MENEX Y8 SAVSA
TVJ2105,B38M,VTCC,VTBS,2026-07-09T23:30:00Z,330,RW36,RW19,PANT2C,NORT1C,R19,PANTA Y7 BLAFF DCT NORTA
AIQ3213,A320,VTBD,VTSG,2026-07-09T23:30:00Z,380,RW21L,RW32,SABI2B,NULM1E,R32,SABIS Y8 SAPUD W32 NULMA
MXD132,B38M,OPLA,WMKK,2026-07-09T23:30:12Z,290,,,,,,TAVUN L759 PUT B579 DALAN
BKP109,AT76,VTBS,VTSM,2026-07-09T23:32:00Z,170,RW20L,RW17,KASN1E,,R17,KASNI M757 MABKO W33 SMU
NOK120,B738,VTBD,VTCC,2026-07-09T23:33:00Z,360,RW21L,RW36,OLVU1B,MARN2A,R36,OLVUK Y26 MARNI
PAL655,B77W,OERK,RPLL,2026-07-09T23:33:37Z,310,,,,,,TANEK L301 BKK N506 GOMES B204 AGEDO
AIQ3070,A320,VTCC,VTSG,2026-07-09T23:34:00Z,370,RW36,RW32,PANT2C,NULM1E,R32,PANTA Y7 BKK Y8 SAPUD W32 NULMA
TGW608,A320,WSSS,VTBS,2026-07-09T23:34:02Z,360,,RW19,,TUMG1C,R19,ABTOK M644 ALUMO Y12 ALEMI
THA344,A21N,VAAH,VTBS,2026-07-09T23:34:17Z,350,,RW19,,WILA1C,R19,NURDA L524 IBETO
AFL654,A333,UHHH,VTBS,2026-07-09T23:35:58Z,360,,RW19,,NORT1C,R19,VTN R474 CMP W21 NOBER
BKP103,A319,VTBS,VTSM,2026-07-09T23:36:00Z,310,RW20L,RW17,KASN1E,,R17,KASNI M757 MABKO W33 SMU
CQH8781,A320,ZGSZ,VTSP,2026-07-09T23:39:32Z,300,,RW27,,SAVS1C,,SAV A202 RAMEI W42 MENEX Y8 SAVSA
AIQ396,A320,VTBD,WADD,2026-07-09T23:43:00Z,350,RW21L,,KIGO1B,,,KIGOB Y11 BUT M904 TIDAR
AFR258,A359,LFPG,VVTS,2026-07-09T23:44:21Z,350,,,,,,TAVUN L759 PUT R588 BASIT
THY59,A333,VTBS,LTFM,2026-07-09T23:45:00Z,360,RW20L,,TARE1E,,,TARED P646 BETNO
NOK123,B738,VTCC,VTBD,2026-07-09T23:46:00Z,370,RW36,RW21R,PANT2C,NAKO1B,R21R,PANTA Y7 BLAFF DCT NAKON
TVJ314,A321,VTBS,VTSP,2026-07-09T23:49:00Z,340,RW20L,RW27,VANK1E,SAVS1C,,VANKO Y8 SAVSA
AXM8553,A321,VVTS,VTSP,2026-07-09T23:49:01Z,340,,RW27,,SAVS1C,,SAKDA R575 SMU W32 SAPUD Y8 SAVSA
THY45M,A359,LTFM,WMKK,2026-07-09T23:52:25Z,370,,,,,,IKULA R325 PUT B579 DALAN
AIC2385,A20N,WMKK,VIDP,2026-07-09T23:53:25Z,360,,,,,,DUBAX R325 PUT L759 TAVUN
AIQ3437,A21N,VTBD,VTCC,2026-07-09T23:57:00Z,320,RW21L,RW36,OLVU1B,MARN2A,R36,OLVUK Y26 MARNI
TTW032,A20N,OERK,VTBD,2026-07-09T23:59:05Z,390,,RW21R,,WEHA1B,R21R,PUMOR L877 MIGAR L524 IBETO
BOX735,B77L,VHHH,VOBL,2026-07-09T23:59:30Z,340,,,,,,BUTRA A1 UBL Y20 BKK L301 TANEK
TGW640,E290,WSSS,VTSM,2026-07-09T23:59:34Z,380,,RW17,,,R17,KADAX M626 IKOGA Y95 RUMVA
UBA019,B738,VYYY,VTBS,2026-07-09T23:59:55Z,350,,RW19,,WILA1C,R19,BETNO G463 TARED
BKP450,AT76,VTSM,VTBD,2026-07-10T00:01:00Z,160,RW17,RW21R,OLBA1B,SABA1B,R21R,OLBAG Y17 DONSI M769 GOKEX Y96 EMTIX Y99 HOTEL DCT SABAI
CQH7419,A20N,ZGGG,VTBS,2026-07-10T00:01:05Z,320,,RW19,,EAST1C,R19,SAV A202 RAMEI W42 PAKRI Y13 RUKSA
AIQ3370,A20N,VTBD,VTUU,2026-07-10T00:02:00Z,330,RW21L,RW23,ROBK3A,VENP1D,R23,ROBKA A1
CEB015,A339,OMDB,RPLL,2026-07-10T00:03:05Z,330,,,,,,NURDA L524 BKK N506 GOMES B204 AGEDO
KMI525,B738,VTBS,VVNB,2026-07-10T00:06:00Z,350,RW20L,,ALBO1F,,,ALBOS R474 VTN
QTR830,B77W,OTHH,VTBS,2026-07-10T00:06:54Z,310,,RW19,,WILA1C,R19,NURDA L524 IBETO
AIQ3188,A320,VTBD,VTSF,2026-07-10T00:07:00Z,350,RW21L,RW19,KASN1B,,R19,KASNI M757 LOSDA Y94 NKS
BKP1199,A319,VTBS,VTSM,2026-07-10T00:08:00Z,310,RW20L,RW17,KASN1E,,R17,KASNI M757 MABKO W33 SMU
CQH8933,A20N,ZGGG,VTCC,2026-07-10T00:13:54Z,320,,RW36,,MONL2B,R36,TOMIP R215 NAN R207 MONLO
GFA154,B789,OBBI,RPLL,2026-07-10T00:14:58Z,310,,,,,,BETNO P646 BKK N506 GOMES B204 AGEDO
OMA817,B789,OOMS,VTBS,2026-07-10T00:15:18Z,370,,RW19,,WILA1C,R19,NURDA L524 IBETO
NCA254,B748,WSSS,VTBS,2026-07-10T00:16:13Z,380,,RW19,,TUMG1C,R19,ABTOK M644 ALUMO Y12 ALEMI
AIC2378,A20N,VIDP,VTSP,2026-07-10T00:19:23Z,310,,RW27,,SATV1D,,TAVUN L759 SATVA
ETD402,A35K,OMAA,VTBS,2026-07-10T00:26:12Z,390,,RW19,,WILA1C,R19,BETNO G463 TARED
HKC331,A332,VHHH,VTBS,2026-07-10T00:32:22Z,380,,RW19,,EAST1C,R19,SAV A202 RAMEI W42 PAKRI Y13 RUKSA
UAE374,B77W,OMDB,VTBS,2026-07-10T00:33:37Z,330,,RW19,,WILA1C,R19,PUMOR L877 MIGAR L524 IBETO
OMA833,B38M,OOMS,VTSP,2026-07-10T00:38:41Z,310,,RW27,,UBNE1D,,SAPAM L645 UBNEN
ETD447,B77W,RPLL,OMAA,2026-07-10T00:42:21Z,340,,,,,,TUPGO M633 TANEK
THA352,A320,VABB,VTBS,2026-07-10T00:42:56Z,330,,RW19,,WILA1C,R19,PUMOR L877 MIGAR L524 IBETO
IGO1061,A20N,VOMM,VTBS,2026-07-10T00:44:01Z,350,,RW19,,WILA1C,R19,PUMOR L877 MIGAR L524 IBETO
AIQ3566,A320,VTBD,VTUV,2026-07-10T00:45:00Z,290,RW21L,RW36,ROBK3A,,R36,ROBKA A1 TOPER W42 RAMEI W38
CES5081,B738,ZPPP,WSSS,2026-07-10T00:46:05Z,340,,,,,,VTN R474 CMP W21 BKK M904 BUT Y11 PASVA
AFL294,A359,UUEE,VVCR,2026-07-10T00:46:15Z,350,,,,,,LUDVI L507 BKK N506 BOKAK
CKK277,B77L,ZSPD,VTBS,2026-07-10T00:52:35Z,300,,RW19,,EAST1C,R19,SAV A202 RAMEI W42 PAKRI Y13 RUKSA
SIA726,B38M,WSSS,VTSP,2026-07-10T00:57:54Z,380,,RW27,,URGA1C,,DUBAX R325 URGAD
AFL284,B77W,UUEE,VTSP,2026-07-10T00:59:59Z,310,,RW27,,SATV1D,,TAVUN L759 SATVA
MXD216,B738,VABB,WMKK,2026-07-10T01:02:14Z,350,,,,,,IKULA L515 PUT B579 DALAN
CPA037,B748,VHHH,VOBL,2026-07-10T01:03:19Z,340,,,,,,SAV A202 RAMEI Y20 BKK L301 TANEK
QTR842,B77W,OTHH,VTSP,2026-07-10T01:03:58Z,350,,RW27,,UBNE1D,,SAPAM L645 UBNEN
ABY821,A20N,OMSJ,VTBS,2026-07-10T01:05:34Z,330,,RW19,,WILA1C,R19,BETNO G463 TARED
SIA762,B38M,WSSS,VYYY,2026-07-10T01:05:53Z,360,,,,,,KADAX M626 EKAVO
IRM051,A343,OIIE,VTBS,2026-07-10T01:06:29Z,330,,RW19,,WILA1C,R19,BETNO G463 TARED
UAE390,A359,OMDB,VTSP,2026-07-10T01:07:23Z,350,,RW27,,UBNE1D,,SAPAM L645 UBNEN
AIC308,B77W,VIDP,YMML,2026-07-10T01:10:28Z,310,,,,,,TAVUN L759 PUT B579 DALAN
KZR563,A21N,UAAA,VTSP,2026-07-10T01:25:36Z,300,,RW27,,SATV1D,,TAVUN L759 SATVA
AIC2147,A21N,VIDP,WADD,2026-07-10T01:29:31Z,290,,,,,,TAVUN L759 PUT
PAL740,A321,RPLL,VTBS,2026-07-10T01:30:56Z,340,,RW19,,TUMG1C,R19,TUPGO M633 DULEM DCT GOMES
UAL820,B789,VHHH,VTBS,2026-07-10T01:36:01Z,380,,RW19,,EAST1C,R19,SAV A202 RAMEI W42 PAKRI Y13 RUKSA
CQH7501,A320,ZUTF,VTBS,2026-07-10T01:37:11Z,320,,RW19,,NORT1C,R19,VTN R474 CMP W21 NOBER
ABY687,A21N,OMSJ,VTSP,2026-07-10T01:41:35Z,330,,RW27,,SATV1D,,TAVUN L759 SATVA
CAL833,A333,RCTP,VTBS,2026-07-10T01:41:45Z,360,,RW19,,EAST1C,R19,BUTRA A1 UBL Y20 GRASO Y13 RUKSA
KLM843,B789,EHAM,VTBS,2026-07-10T01:42:00Z,330,,RW19,,WILA1C,R19,LUDVI L507 IGONI
HKE704,A21N,VHHH,VTBS,2026-07-10T01:45:55Z,340,,RW19,,EAST1C,R19,BUTRA A1 UBL Y20 GRASO Y13 RUKSA
THY64,A333,LTFM,VTBS,2026-07-10T01:50:49Z,330,,RW19,,WILA1C,R19,LUDVI L507 IGONI
THA332,A320,VIDP,VTBS,2026-07-10T01:51:39Z,350,,RW19,,WILA1C,R19,BETNO P646 TARED
GFA152,B789,OBBI,VTBS,2026-07-10T01:56:29Z,350,,RW19,,WILA1C,R19,BETNO P646 TARED
REU885,B77W,FMEE,VTBS,2026-07-10T01:58:18Z,330,,RW19,,LEBI1C,R19,RUSET P627 PUT Y99 NONEL Y98 LEBIM
HKE724,A21N,VHHH,VTSP,2026-07-10T01:58:29Z,340,,RW27,,SAVS1C,,SAV A202 RAMEI W42 MENEX Y8 SAVSA
QNT2231,A21N,UZTT,VVCR,2026-07-10T02:02:23Z,270,,,,,,MAKAS G473 UBL B202 PAK
SWR180,B77W,LSZH,VTBS,2026-07-10T02:05:43Z,270,,RW19,,WILA1C,R19,LUDVI L507 IGONI
HKE738,A21N,VHHH,VTCC,2026-07-10T02:14:57Z,340,,RW36,,MONL2B,R36,TOMIP R215 NAN W12 MONLO
UAE337,B77W,RPLL,OMDB,2026-07-10T02:16:12Z,340,,,,,,TUPGO M633 TANEK
CEB929,A21N,RPLL,VTBS,2026-07-10T02:18:51Z,340,,RW19,,TUMG1C,R19,TUPGO M633 DULEM
THA603,A320,VHHH,VTBS,2026-07-10T02:20:31Z,340,,RW19,,EAST1C,R19,SAV A202 RAMEI W42 PAKRI Y13 RUKSA
AFL626,A333,USSS,VTSP,2026-07-10T02:26:50Z,350,,RW27,,SATV1D,,TAVUN L759 SATVA
IGO1071,A21N,VABB,VTSP,2026-07-10T02:27:00Z,330,,RW27,,UBNE1D,,SAPAM L645 UBNEN
CAL851,A21N,RCTP,VTCC,2026-07-10T02:29:11Z,340,,RW36,,KABM2B,R36,VTN R207 NAN W25 PAE W15 KABMU
OMS463,A21N,OOMS,VTBS,2026-07-10T02:36:10Z,310,,RW19,,WILA1C,R19,BETNO G463 TARED
OMA844,B789,RPLL,OOMS,2026-07-10T02:42:09Z,340,,,,,,TUPGO M633 TANEK
AAR743,A21N,RKSI,VTBS,2026-07-10T02:42:09Z,340,,RW19,,EAST1C,R19,BUTRA A1 UBL Y20 GRASO Y13 RUKSA
SVA862,B77W,OERK,RPLL,2026-07-10T02:43:04Z,310,,,,,,NURDA L524 BKK N506 GOMES B204 AGEDO
THA637,A320,RCTP,VTBS,2026-07-10T02:49:24Z,340,,RW19,,EAST1C,R19,BUTRA A1 UBL Y20 GRASO Y13 RUKSA
EVA257,A321,RCTP,VTCC,2026-07-10T02:50:14Z,340,,RW36,,MONL2B,R36,VTN R207 MONLO
IGO1603,A21N,VABB,VTBS,2026-07-10T02:51:53Z,330,,RW19,,WILA1C,R19,PUMOR L877 MIGAR L524 IBETO
THA663,B772,ZSPD,VTBS,2026-07-10T02:55:03Z,380,,RW19,,EAST1C,R19,SAV A202 RAMEI W42 PAKRI Y13 RUKSA
ABY823,A21N,OMSJ,VTBS,2026-07-10T03:02:42Z,310,,RW19,,WILA1C,R19,BETNO G463 TARED
THA675,A21N,ZBAA,VTBS,2026-07-10T03:11:51Z,340,,RW19,,NORT1C,R19,VTN R470 UDN W21 NOBER
AIQ237,A20N,RJFF,VTBD,2026-07-10T03:36:14Z,300,,RW21R,,NAKO1B,R21R,VTN R470 UDN W21 NOBER
IGO1073,A21N,VIDP,VTSP,2026-07-10T03:43:23Z,330,,RW27,,SATV1D,,TAVUN L759 SATVA
VSV5332,B38M,UAII,VVCR,2026-07-10T03:52:03Z,290,,,,,,MAKAS G473 PSL W26 CMP G473 UBL B202 PAK
AFR198,A359,LFPG,VTBS,2026-07-10T04:00:02Z,350,,RW19,,LEBI1C,R19,TAVUN L759 PUT Y99 NONEL Y98 LEBIM
ETD404,B77W,OMAA,VTBS,2026-07-10T04:27:24Z,350,,RW19,,WILA1C,R19,NURDA L524 IBETO
HVN50,B789,EGLL,VVTS,2026-07-10T04:41:23Z,330,,,,,,LUDVI L507 BKK N506 BOKAK
ETH608,B77L,HAAB,VTBS,2026-07-10T04:45:17Z,350,,RW19,,WILA1C,R19,PUMOR L877 MIGAR L524 IBETO
TVJ823,B38M,RJBB,VTCC,2026-07-10T04:46:53Z,320,,RW36,,MONL2B,R36,TOMIP R215 NAN W12 MONLO
THA923,B77W,EDDF,VTBS,2026-07-10T04:53:32Z,310,,RW19,,WILA1C,R19,LUDVI L507 IGONI
UAE378,B77W,OMDB,VTSP,2026-07-10T04:54:11Z,350,,RW27,,UBNE1D,,SAPAM L645 UBNEN
FDB1463,B38M,OMDB,VTSG,2026-07-10T04:55:01Z,310,,RW32,,EMRI1E,R32,IKULA R325 PUT Y99 EMRIT
UAE384,A388,OMDB,VTBS,2026-07-10T05:07:45Z,350,,RW19,,WILA1C,R19,PUMOR L877 MIGAR L524 IBETO
UAE338,B77W,OMDB,RPVM,2026-07-10T05:14:40Z,310,,,,,,TANEK L301 BKK N506 BOKAK
UAE332,B77W,OMDB,RPLL,2026-07-10T05:17:24Z,290,,,,,,TANEK L301 BKK N506 GOMES B204 AGEDO
AFL814,B738,UNKL,VTBS,2026-07-10T05:19:34Z,330,,RW19,,NORT1C,R19,VTN R470 UDN W21 NOBER
QTR926,B788,OTHH,RPLC,2026-07-10T05:24:09Z,350,,,,,,NURDA L524 BKK N506 GOMES B204 AGEDO
ETD416,A21N,OMAA,VTSP,2026-07-10T05:28:53Z,330,,RW27,,UBNE1D,,SAPAM L645 UBNEN
QTR970,B789,OTHH,VVTS,2026-07-10T05:33:33Z,350,,,,,,TANEK L301 BKK N891 RYN R334 SAKDA
TVJ831,B38M,RJAA,VTBS,2026-07-10T05:39:02Z,300,,RW19,,NORT1C,R19,VTN R474 ALBOS
KLM835,B77W,EHAM,WSSS,2026-07-10T05:43:32Z,290,,,,,,EKAVO M626 IKOGA DCT PASVA
QTR836,A388,OTHH,VTBS,2026-07-10T05:52:16Z,350,,RW19,,WILA1C,R19,PUMOR L877 MIGAR L524 IBETO
EVA076,B77W,EHAM,VTBS,2026-07-10T05:56:26Z,330,,RW19,,WILA1C,R19,BETNO G463 TARED
QTR834,A388,OTHH,VTBS,2026-07-10T05:57:26Z,350,,RW19,,WILA1C,R19,PUMOR L877 MIGAR L524 IBETO
QTR932,B77W,OTHH,RPLL,2026-07-10T06:02:15Z,310,,,,,,TANEK L301 BKK A1 UBL B202 PAK
DLH772,A359,EDDM,VTBS,2026-07-10T06:02:25Z,350,,RW19,,WILA1C,R19,LUDVI L507 IGONI
PAL685,A333,OTHH,RPLL,2026-07-10T06:05:55Z,350,,,,,,TANEK L301 BKK N506 GOMES B204 AGEDO
UAE376,A388,OMDB,VTBS,2026-07-10T06:10:39Z,350,,RW19,,WILA1C,R19,PUMOR L877 MIGAR L524 IBETO
DLH780,B744,EDDF,WSSS,2026-07-10T06:13:29Z,330,,,,,,EKAVO M626 IKOGA Y24 PASVA
SVA844,B78X,OEJN,VTBS,2026-07-10T06:23:48Z,350,,RW19,,WILA1C,R19,NURDA L524 IBETO
DLH768,A359,EDDM,WSSS,2026-07-10T06:26:17Z,350,,,,,,EKAVO M626 IKOGA Y24 PASVA
SIA21,A359,KEWR,WSSS,2026-07-10T06:44:11Z,350,,,,,,EKAVO M626 IKOGA Y24 PASVA
ELY081,B772,LLBG,VTBS,2026-07-10T06:45:06Z,330,,RW19,,WILA1C,R19,PUMOR L877 MIGAR L524 IBETO
QFA2,A388,EGLL,WSSS,2026-07-10T06:50:10Z,330,,,,,,TAVUN L759 PUT B579 DALAN
SIA319,A388,EGLL,WSSS,2026-07-10T06:51:45Z,310,,,,,,EKAVO M626 IKOGA Y24 PASVA
THY066,A359,LTFM,WADD,2026-07-10T06:52:20Z,370,,,,,,LUDVI L507 BKK R201 BUT Y11 PIDEL M904 TIDAR
ELY087,B789,LLBG,VTSP,2026-07-10T06:53:05Z,330,,RW27,,UPSA1C,,IKULA L515 UPSAB
AUA7,B772,LOWW,VTBS,2026-07-10T06:53:20Z,350,,RW19,,WILA1C,R19,BETNO G463 TARED
THY056,A359,LTFM,WIII,2026-07-10T06:57:30Z,350,,,,,,LUDVI L507 BKK R201 BUT Y11 PIDEL M904 TIDAR
THY68,B789,LTFM,VTBS,2026-07-10T07:11:43Z,370,,RW19,,WILA1C,R19,LUDVI L507 IGONI
THA917,B77W,EGLL,VTBS,2026-07-10T07:22:22Z,310,,RW19,,WILA1C,R19,LUDVI L507 IGONI
THY162,A359,LTFM,VVTS,2026-07-10T07:27:32Z,370,,,,,,LUDVI L507 BKK R468 BOKAK
BAW11,B77W,EGLL,WSSS,2026-07-10T07:32:26Z,310,,,,,,TAVUN L759 PUT B579 DALAN
AFR256,B77W,LFPG,WSSS,2026-07-10T08:04:43Z,310,,,,,,TAVUN L759 PUT B579 DALAN
SIA321,B77W,EGLL,WSSS,2026-07-10T08:18:42Z,310,,,,,,EKAVO M626 IKOGA Y24 PASVA
EVE845,A359,LEMD,VTBS,2026-07-10T08:27:06Z,300,,RW19,,WILA1C,R19,LUDVI L507 IGONI
BAW15,B789,EGLL,WSSS,2026-07-10T08:32:35Z,350,,,,,,TAVUN L759 PUT B579 DALAN
THY172,A333,LTFM,VTSP,2026-07-10T08:39:40Z,250,,RW27,,SATV1D,,TAVUN L759 SATVA
ELY085,B772,LLBG,VTBS,2026-07-10T08:52:44Z,330,,RW19,,WILA1C,R19,PUMOR L877 MIGAR L524 IBETO
