{"type": "FeatureCollection", "features": [{"type": "Feature", "properties": {"feature_type": "route", "flight_key": "THA100_VTCC_VTBS", "route": "PANTA Y7 BLAFF DCT NORTA", "callsign": "THA100", "aircraft_type": "A359", "adep": "VTCC", "ades": "VTBS", "rfl": 350, "sid": "PANT2C", "star": "NORT1C", "approach": "R19", "dep_rwy": "RW36", "arr_rwy": "RW19", "eobt": "2025-12-23T00:22:31.868917+00:00", "idents": ["VTCC", "PANTA", "KEXIL", "IGPOP", "PAKMO", "BLAFF", "NORTA", "VTBS"]}, "geometry": {"type": "LineString", "coordinates": [[98.962778, 18.771389], [99.321389, 18.230833], [99.498333, 17.701111], [99.785556, 16.833889], [99.948889, 16.336944], [100.2975, 15.275833], [100.639017, 14.718789], [100.748889, 13.685833]]}}, {"type": "Feature", "properties": {"flight_key": "THA100_VTCC_VTBS", "callsign": "THA100", "aircraft_type": "A359", "adep": "VTCC", "ades": "VTBS", "epoch_ts": "2025-12-23 00:22:31+00:00", "altitude_ft": 1006.9, "tas_kt": null, "gs_kt": 280.0, "track_deg": 148, "phase": "climb"}, "geometry": {"type": "Point", "coordinates": [98.962778, 18.771389, 306.9]}}, {"type": "Feature", "properties": {"flight_key": "THA100_VTCC_VTBS", "callsign": "THA100", "aircraft_type": "A359", "adep": "VTCC", "ades": "VTBS", "epoch_ts": "2025-12-23 00:28:31+00:00", "altitude_ft": 12337.9, "tas_kt": null, "gs_kt": 280.0, "track_deg": 148, "phase": "climb"}, "geometry": {"type": "Point", "coordinates": [99.163744, 18.468461, 3760.6]}}, {"type": "Feature", "properties": {"flight_key": "THA100_VTCC_VTBS", "callsign": "THA100", "aircraft_type": "A359", "adep": "VTCC", "ades": "VTBS", "epoch_ts": "2025-12-23 00:34:31+00:00", "altitude_ft": 23669.0, "tas_kt": null, "gs_kt": 280.0, "track_deg": 162, "phase": "climb"}, "geometry": {"type": "Point", "coordinates": [99.346217, 18.156506, 7214.3]}}, {"type": "Feature", "properties": {"flight_key": "THA100_VTCC_VTBS", "callsign": "THA100", "aircraft_type": "A359", "adep": "VTCC", "ades": "VTBS", "epoch_ts": "2025-12-23 00:40:31+00:00", "altitude_ft": 35000.0, "tas_kt": null, "gs_kt": 460.0, "track_deg": 162, "phase": "cruise"}, "geometry": {"type": "Point", "coordinates": [99.461391, 17.811705, 10668.0]}}, {"type": "Feature", "properties": {"flight_key": "THA100_VTCC_VTBS", "callsign": "THA100", "aircraft_type": "A359", "adep": "VTCC", "ades": "VTBS", "epoch_ts": "2025-12-23 00:46:31+00:00", "altitude_ft": 35000.0, "tas_kt": null, "gs_kt": 460.0, "track_deg": 162, "phase": "cruise"}, "geometry": {"type": "Point", "coordinates": [99.575968, 17.466705, 10668.0]}}, {"type": "Feature", "properties": {"flight_key": "THA100_VTCC_VTBS", "callsign": "THA100", "aircraft_type": "A359", "adep": "VTCC", "ades": "VTBS", "epoch_ts": "2025-12-23 00:52:31+00:00", "altitude_ft": 35000.0, "tas_kt": null, "gs_kt": 460.0, "track_deg": 162, "phase": "cruise"}, "geometry": {"type": "Point", "coordinates": [99.690262, 17.121612, 10668.0]}}, {"type": "Feature", "properties": {"flight_key": "THA100_VTCC_VTBS", "callsign": "THA100", "aircraft_type": "A359", "adep": "VTCC", "ades": "VTBS", "epoch_ts": "2025-12-23 00:58:31+00:00", "altitude_ft": 35000.0, "tas_kt": null, "gs_kt": 460.0, "track_deg": 163, "phase": "cruise"}, "geometry": {"type": "Point", "coordinates": [99.804426, 16.776475, 10668.0]}}, {"type": "Feature", "properties": {"flight_key": "THA100_VTCC_VTBS", "callsign": "THA100", "aircraft_type": "A359", "adep": "VTCC", "ades": "VTBS", "epoch_ts": "2025-12-23 01:04:31+00:00", "altitude_ft": 35000.0, "tas_kt": null, "gs_kt": 460.0, "track_deg": 163, "phase": "cruise"}, "geometry": {"type": "Point", "coordinates": [99.917935, 16.431122, 10668.0]}}, {"type": "Feature", "properties": {"flight_key": "THA100_VTCC_VTBS", "callsign": "THA100", "aircraft_type": "A359", "adep": "VTCC", "ades": "VTBS", "epoch_ts": "2025-12-23 01:10:31+00:00", "altitude_ft": 35000.0, "tas_kt": null, "gs_kt": 460.0, "track_deg": 162, "phase": "cruise"}, "geometry": {"type": "Point", "coordinates": [100.031412, 16.085759, 10668.0]}}, {"type": "Feature", "properties": {"flight_key": "THA100_VTCC_VTBS", "callsign": "THA100", "aircraft_type": "A359", "adep": "VTCC", "ades": "VTBS", "epoch_ts": "2025-12-23 01:16:31+00:00", "altitude_ft": 35000.0, "tas_kt": null, "gs_kt": 460.0, "track_deg": 162, "phase": "cruise"}, "geometry": {"type": "Point", "coordinates": [100.144877, 15.740391, 10668.0]}}, {"type": "Feature", "properties": {"flight_key": "THA100_VTCC_VTBS", "callsign": "THA100", "aircraft_type": "A359", "adep": "VTCC", "ades": "VTBS", "epoch_ts": "2025-12-23 01:22:31+00:00", "altitude_ft": 35000.0, "tas_kt": null, "gs_kt": 460.0, "track_deg": 162, "phase": "cruise"}, "geometry": {"type": "Point", "coordinates": [100.258342, 15.395024, 10668.0]}}, {"type": "Feature", "properties": {"flight_key": "THA100_VTCC_VTBS", "callsign": "THA100", "aircraft_type": "A359", "adep": "VTCC", "ades": "VTBS", "epoch_ts": "2025-12-23 01:28:31+00:00", "altitude_ft": 35000.0, "tas_kt": null, "gs_kt": 460.0, "track_deg": 149, "phase": "cruise"}, "geometry": {"type": "Point", "coordinates": [100.421933, 15.072871, 10668.0]}}, {"type": "Feature", "properties": {"flight_key": "THA100_VTCC_VTBS", "callsign": "THA100", "aircraft_type": "A359", "adep": "VTCC", "ades": "VTBS", "epoch_ts": "2025-12-23 01:34:31+00:00", "altitude_ft": 35000.0, "tas_kt": null, "gs_kt": 460.0, "track_deg": 149, "phase": "cruise"}, "geometry": {"type": "Point", "coordinates": [100.611941, 14.762952, 10668.0]}}, {"type": "Feature", "properties": {"flight_key": "THA100_VTCC_VTBS", "callsign": "THA100", "aircraft_type": "A359", "adep": "VTCC", "ades": "VTBS", "epoch_ts": "2025-12-23 01:40:31+00:00", "altitude_ft": 23334.6, "tas_kt": null, "gs_kt": 270.0, "track_deg": 174, "phase": "descent"}, "geometry": {"type": "Point", "coordinates": [100.671988, 14.408811, 7112.4]}}, {"type": "Feature", "properties": {"flight_key": "THA100_VTCC_VTBS", "callsign": "THA100", "aircraft_type": "A359", "adep": "VTCC", "ades": "VTBS", "epoch_ts": "2025-12-23 01:46:31+00:00", "altitude_ft": 11669.1, "tas_kt": null, "gs_kt": 270.0, "track_deg": 174, "phase": "descent"}, "geometry": {"type": "Point", "coordinates": [100.710439, 14.047322, 3556.8]}}, {"type": "Feature", "properties": {"flight_key": "THA100_VTCC_VTBS", "callsign": "THA100", "aircraft_type": "A359", "adep": "VTCC", "ades": "VTBS", "epoch_ts": "2025-12-23 01:52:31+00:00", "altitude_ft": 3.7, "tas_kt": null, "gs_kt": 270.0, "track_deg": 0, "phase": "descent"}, "geometry": {"type": "Point", "coordinates": [100.748889, 13.685833, 1.1]}}, {"type": "Feature", "properties": {"feature_type": "route", "flight_key": "AIQ101_VTSB_VTBS", "route": "NIXET Y99 NONEL Y98 LEBIM", "callsign": "AIQ101", "aircraft_type": "B789", "adep": "VTSB", "ades": "VTBS", "rfl": 350, "sid": "NIXE1C", "star": "LEBI1C", "approach": "R19", "dep_rwy": "RW22", "arr_rwy": "RW19", "eobt": "2025-12-23T00:24:42.250654+00:00", "idents": ["VTSB", "NIXET", "NONEL", "OLSEL", "SURMA", "LEBIM", "VTBS"]}, "geometry": {"type": "LineString", "coordinates": [[99.139167, 9.136111], [99.436944, 9.421389], [99.893611, 10.883611], [100.280278, 11.569722], [100.4425, 11.856111], [100.473611, 13.0875], [100.748889, 13.685833]]}}, {"type": "Feature", "properties": {"flight_key": "AIQ101_VTSB_VTBS", "callsign": "AIQ101", "aircraft_type": "B789", "adep": "VTSB", "ades": "VTBS", "epoch_ts": "2025-12-23 00:24:42+00:00", "altitude_ft": 18.0, "tas_kt": null, "gs_kt": 280.0, "track_deg": 46, "phase": "climb"}, "geometry": {"type": "Point", "coordinates": [99.139167, 9.136111, 5.5]}}, {"type": "Feature", "properties": {"flight_key": "AIQ101_VTSB_VTBS", "callsign": "AIQ101", "aircraft_type": "B789", "adep": "VTSB", "ades": "VTBS", "epoch_ts": "2025-12-23 00:30:42+00:00", "altitude_ft": 11678.7, "tas_kt": null, "gs_kt": 280.0, "track_deg": 46, "phase": "climb"}, "geometry": {"type": "Point", "coordinates": [99.377525, 9.364464, 3559.7]}}, {"type": "Feature", "properties": {"flight_key": "AIQ101_VTSB_VTBS", "callsign": "AIQ101", "aircraft_type": "B789", "adep": "VTSB", "ades": "VTBS", "epoch_ts": "2025-12-23 00:36:42+00:00", "altitude_ft": 23339.3, "tas_kt": null, "gs_kt": 280.0, "track_deg": 17, "phase": "climb"}, "geometry": {"type": "Point", "coordinates": [99.510817, 9.657926, 7113.8]}}, {"type": "Feature", "properties": {"flight_key": "AIQ101_VTSB_VTBS", "callsign": "AIQ101", "aircraft_type": "B789", "adep": "VTSB", "ades": "VTBS", "epoch_ts": "2025-12-23 00:42:42+00:00", "altitude_ft": 35000.0, "tas_kt": null, "gs_kt": 460.0, "track_deg": 17, "phase": "cruise"}, "geometry": {"type": "Point", "coordinates": [99.60922, 9.973008, 10668.0]}}, {"type": "Feature", "properties": {"flight_key": "AIQ101_VTSB_VTBS", "callsign": "AIQ101", "aircraft_type": "B789", "adep": "VTSB", "ades": "VTBS", "epoch_ts": "2025-12-23 00:48:42+00:00", "altitude_ft": 35000.0, "tas_kt": null, "gs_kt": 460.0, "track_deg": 17, "phase": "cruise"}, "geometry": {"type": "Point", "coordinates": [99.707624, 10.28809, 10668.0]}}, {"type": "Feature", "properties": {"flight_key": "AIQ101_VTSB_VTBS", "callsign": "AIQ101", "aircraft_type": "B789", "adep": "VTSB", "ades": "VTBS", "epoch_ts": "2025-12-23 00:54:42+00:00", "altitude_ft": 35000.0, "tas_kt": null, "gs_kt": 460.0, "track_deg": 17, "phase": "cruise"}, "geometry": {"type": "Point", "coordinates": [99.806027, 10.603172, 10668.0]}}, {"type": "Feature", "properties": {"flight_key": "AIQ101_VTSB_VTBS", "callsign": "AIQ101", "aircraft_type": "B789", "adep": "VTSB", "ades": "VTBS", "epoch_ts": "2025-12-23 01:00:42+00:00", "altitude_ft": 35000.0, "tas_kt": null, "gs_kt": 460.0, "track_deg": 29, "phase": "cruise"}, "geometry": {"type": "Point", "coordinates": [99.91143, 10.915229, 10668.0]}}, {"type": "Feature", "properties": {"flight_key": "AIQ101_VTSB_VTBS", "callsign": "AIQ101", "aircraft_type": "B789", "adep": "VTSB", "ades": "VTBS", "epoch_ts": "2025-12-23 01:06:42+00:00", "altitude_ft": 35000.0, "tas_kt": null, "gs_kt": 460.0, "track_deg": 29, "phase": "cruise"}, "geometry": {"type": "Point", "coordinates": [100.073493, 11.202797, 10668.0]}}, {"type": "Feature", "properties": {"flight_key": "AIQ101_VTSB_VTBS", "callsign": "AIQ101", "aircraft_type": "B789", "adep": "VTSB", "ades": "VTBS", "epoch_ts": "2025-12-23 01:12:42+00:00", "altitude_ft": 35000.0, "tas_kt": null, "gs_kt": 460.0, "track_deg": 29, "phase": "cruise"}, "geometry": {"type": "Point", "coordinates": [100.235556, 11.490366, 10668.0]}}, {"type": "Feature", "properties": {"flight_key": "AIQ101_VTSB_VTBS", "callsign": "AIQ101", "aircraft_type": "B789", "adep": "VTSB", "ades": "VTBS", "epoch_ts": "2025-12-23 01:18:42+00:00", "altitude_ft": 35000.0, "tas_kt": null, "gs_kt": 460.0, "track_deg": 29, "phase": "cruise"}, "geometry": {"type": "Point", "coordinates": [100.398072, 11.777678, 10668.0]}}, {"type": "Feature", "properties": {"flight_key": "AIQ101_VTSB_VTBS", "callsign": "AIQ101", "aircraft_type": "B789", "adep": "VTSB", "ades": "VTBS", "epoch_ts": "2025-12-23 01:24:42+00:00", "altitude_ft": 35000.0, "tas_kt": null, "gs_kt": 460.0, "track_deg": 1, "phase": "cruise"}, "geometry": {"type": "Point", "coordinates": [100.44856, 12.095983, 10668.0]}}, {"type": "Feature", "properties": {"flight_key": "AIQ101_VTSB_VTBS", "callsign": "AIQ101", "aircraft_type": "B789", "adep": "VTSB", "ades": "VTBS", "epoch_ts": "2025-12-23 01:30:42+00:00", "altitude_ft": 35000.0, "tas_kt": null, "gs_kt": 460.0, "track_deg": 1, "phase": "cruise"}, "geometry": {"type": "Point", "coordinates": [100.456897, 12.425968, 10668.0]}}, {"type": "Feature", "properties": {"flight_key": "AIQ101_VTSB_VTBS", "callsign": "AIQ101", "aircraft_type": "B789", "adep": "VTSB", "ades": "VTBS", "epoch_ts": "2025-12-23 01:36:42+00:00", "altitude_ft": 35000.0, "tas_kt": null, "gs_kt": 460.0, "track_deg": 1, "phase": "cruise"}, "geometry": {"type": "Point", "coordinates": [100.465234, 12.755954, 10668.0]}}, {"type": "Feature", "properties": {"flight_key": "AIQ101_VTSB_VTBS", "callsign": "AIQ101", "aircraft_type": "B789", "adep": "VTSB", "ades": "VTBS", "epoch_ts": "2025-12-23 01:42:42+00:00", "altitude_ft": 23334.6, "tas_kt": null, "gs_kt": 270.0, "track_deg": 1, "phase": "descent"}, "geometry": {"type": "Point", "coordinates": [100.473572, 13.085939, 7112.4]}}, {"type": "Feature", "properties": {"flight_key": "AIQ101_VTSB_VTBS", "callsign": "AIQ101", "aircraft_type": "B789", "adep": "VTSB", "ades": "VTBS", "epoch_ts": "2025-12-23 01:48:42+00:00", "altitude_ft": 11669.1, "tas_kt": null, "gs_kt": 270.0, "track_deg": 24, "phase": "descent"}, "geometry": {"type": "Point", "coordinates": [100.610924, 13.385957, 3556.8]}}, {"type": "Feature", "properties": {"flight_key": "AIQ101_VTSB_VTBS", "callsign": "AIQ101", "aircraft_type": "B789", "adep": "VTSB", "ades": "VTBS", "epoch_ts": "2025-12-23 01:54:42+00:00", "altitude_ft": 3.7, "tas_kt": null, "gs_kt": 270.0, "track_deg": 0, "phase": "descent"}, "geometry": {"type": "Point", "coordinates": [100.748889, 13.685833, 1.1]}}, {"type": "Feature", "properties": {"feature_type": "route", "flight_key": "BKP102_VTCL_VTBS", "route": "VENAG W23 PSL Y28 BLAFF DCT NORTA", "callsign": "BKP102", "aircraft_type": "A333", "adep": "VTCL", "ades": "VTBS", "rfl": 350, "sid": "VENA1C", "star": "NORT1C", "approach": "R19", "dep_rwy": "RW36", "arr_rwy": "RW19", "eobt": "2025-12-23T00:28:10.175523+00:00", "idents": ["VTCL", "VENAG", "PIVUT", "POLOB", "PSL", "PEBLI", "BLAFF", "NORTA", "VTBS"]}, "geometry": {"type": "LineString", "coordinates": [[99.504167, 18.270833], [99.699444, 17.903056], [99.764722, 17.778889], [100.057778, 17.219167], [100.291389, 16.770278], [100.293333, 16.268333], [100.2975, 15.275833], [100.639017, 14.718789], [100.748889, 13.685833]]}}, {"type": "Feature", "properties": {"flight_key": "BKP102_VTCL_VTBS", "callsign": "BKP102", "aircraft_type": "A333", "adep": "VTCL", "ades": "VTBS", "epoch_ts": "2025-12-23 00:28:10+00:00", "altitude_ft": 814.0, "tas_kt": null, "gs_kt": 280.0, "track_deg": 153, "phase": "climb"}, "geometry": {"type": "Point", "coordinates": [99.504167, 18.270833, 248.1]}}, {"type": "Feature", "properties": {"flight_key": "BKP102_VTCL_VTBS", "callsign": "BKP102", "aircraft_type": "A333", "adep": "VTCL", "ades": "VTBS", "epoch_ts": "2025-12-23 00:34:10+00:00", "altitude_ft": 12209.3, "tas_kt": null, "gs_kt": 280.0, "track_deg": 153, "phase": "climb"}, "geometry": {"type": "Point", "coordinates": [99.656772, 17.983424, 3721.4]}}, {"type": "Feature", "properties": {"flight_key": "BKP102_VTCL_VTBS", "callsign": "BKP102", "aircraft_type": "A333", "adep": "VTCL", "ades": "VTBS", "epoch_ts": "2025-12-23 00:40:10+00:00", "altitude_ft": 23604.7, "tas_kt": null, "gs_kt": 280.0, "track_deg": 153, "phase": "climb"}, "geometry": {"type": "Point", "coordinates": [99.808387, 17.695492, 7194.7]}}, {"type": "Feature", "properties": {"flight_key": "BKP102_VTCL_VTBS", "callsign": "BKP102", "aircraft_type": "A333", "adep": "VTCL", "ades": "VTBS", "epoch_ts": "2025-12-23 00:46:10+00:00", "altitude_ft": 35000.0, "tas_kt": null, "gs_kt": 460.0, "track_deg": 153, "phase": "cruise"}, "geometry": {"type": "Point", "coordinates": [99.959326, 17.407205, 10668.0]}}, {"type": "Feature", "properties": {"flight_key": "BKP102_VTCL_VTBS", "callsign": "BKP102", "aircraft_type": "A333", "adep": "VTCL", "ades": "VTBS", "epoch_ts": "2025-12-23 00:52:10+00:00", "altitude_ft": 35000.0, "tas_kt": null, "gs_kt": 460.0, "track_deg": 154, "phase": "cruise"}, "geometry": {"type": "Point", "coordinates": [100.110017, 17.118788, 10668.0]}}, {"type": "Feature", "properties": {"flight_key": "BKP102_VTCL_VTBS", "callsign": "BKP102", "aircraft_type": "A333", "adep": "VTCL", "ades": "VTBS", "epoch_ts": "2025-12-23 00:58:10+00:00", "altitude_ft": 35000.0, "tas_kt": null, "gs_kt": 460.0, "track_deg": 154, "phase": "cruise"}, "geometry": {"type": "Point", "coordinates": [100.260242, 16.830127, 10668.0]}}, {"type": "Feature", "properties": {"flight_key": "BKP102_VTCL_VTBS", "callsign": "BKP102", "aircraft_type": "A333", "adep": "VTCL", "ades": "VTBS", "epoch_ts": "2025-12-23 01:04:10+00:00", "altitude_ft": 35000.0, "tas_kt": null, "gs_kt": 460.0, "track_deg": 180, "phase": "cruise"}, "geometry": {"type": "Point", "coordinates": [100.292388, 16.512338, 10668.0]}}, {"type": "Feature", "properties": {"flight_key": "BKP102_VTCL_VTBS", "callsign": "BKP102", "aircraft_type": "A333", "adep": "VTCL", "ades": "VTBS", "epoch_ts": "2025-12-23 01:10:10+00:00", "altitude_ft": 35000.0, "tas_kt": null, "gs_kt": 460.0, "track_deg": 180, "phase": "cruise"}, "geometry": {"type": "Point", "coordinates": [100.293675, 16.18693, 10668.0]}}, {"type": "Feature", "properties": {"flight_key": "BKP102_VTCL_VTBS", "callsign": "BKP102", "aircraft_type": "A333", "adep": "VTCL", "ades": "VTBS", "epoch_ts": "2025-12-23 01:16:10+00:00", "altitude_ft": 35000.0, "tas_kt": null, "gs_kt": 460.0, "track_deg": 180, "phase": "cruise"}, "geometry": {"type": "Point", "coordinates": [100.295041, 15.861521, 10668.0]}}, {"type": "Feature", "properties": {"flight_key": "BKP102_VTCL_VTBS", "callsign": "BKP102", "aircraft_type": "A333", "adep": "VTCL", "ades": "VTBS", "epoch_ts": "2025-12-23 01:22:10+00:00", "altitude_ft": 35000.0, "tas_kt": null, "gs_kt": 460.0, "track_deg": 180, "phase": "cruise"}, "geometry": {"type": "Point", "coordinates": [100.296407, 15.536113, 10668.0]}}, {"type": "Feature", "properties": {"flight_key": "BKP102_VTCL_VTBS", "callsign": "BKP102", "aircraft_type": "A333", "adep": "VTCL", "ades": "VTBS", "epoch_ts": "2025-12-23 01:28:10+00:00", "altitude_ft": 35000.0, "tas_kt": null, "gs_kt": 460.0, "track_deg": 149, "phase": "cruise"}, "geometry": {"type": "Point", "coordinates": [100.331541, 15.220309, 10668.0]}}, {"type": "Feature", "properties": {"flight_key": "BKP102_VTCL_VTBS", "callsign": "BKP102", "aircraft_type": "A333", "adep": "VTCL", "ades": "VTBS", "epoch_ts": "2025-12-23 01:34:10+00:00", "altitude_ft": 35000.0, "tas_kt": null, "gs_kt": 460.0, "track_deg": 149, "phase": "cruise"}, "geometry": {"type": "Point", "coordinates": [100.501626, 14.942886, 10668.0]}}, {"type": "Feature", "properties": {"flight_key": "BKP102_VTCL_VTBS", "callsign": "BKP102", "aircraft_type": "A333", "adep": "VTCL", "ades": "VTBS", "epoch_ts": "2025-12-23 01:40:10+00:00", "altitude_ft": 35000.0, "tas_kt": null, "gs_kt": 460.0, "track_deg": 174, "phase": "cruise"}, "geometry": {"type": "Point", "coordinates": [100.645633, 14.65659, 10668.0]}}, {"type": "Feature", "properties": {"flight_key": "BKP102_VTCL_VTBS", "callsign": "BKP102", "aircraft_type": "A333", "adep": "VTCL", "ades": "VTBS", "epoch_ts": "2025-12-23 01:46:10+00:00", "altitude_ft": 23334.6, "tas_kt": null, "gs_kt": 270.0, "track_deg": 174, "phase": "descent"}, "geometry": {"type": "Point", "coordinates": [100.680052, 14.333004, 7112.4]}}, {"type": "Feature", "properties": {"flight_key": "BKP102_VTCL_VTBS", "callsign": "BKP102", "aircraft_type": "A333", "adep": "VTCL", "ades": "VTBS", "epoch_ts": "2025-12-23 01:52:10+00:00", "altitude_ft": 11669.1, "tas_kt": null, "gs_kt": 270.0, "track_deg": 174, "phase": "descent"}, "geometry": {"type": "Point", "coordinates": [100.71447, 14.009419, 3556.8]}}, {"type": "Feature", "properties": {"flight_key": "BKP102_VTCL_VTBS", "callsign": "BKP102", "aircraft_type": "A333", "adep": "VTCL", "ades": "VTBS", "epoch_ts": "2025-12-23 01:58:10+00:00", "altitude_ft": 3.7, "tas_kt": null, "gs_kt": 270.0, "track_deg": 0, "phase": "descent"}, "geometry": {"type": "Point", "coordinates": [100.748889, 13.685833, 1.1]}}, {"type": "Feature", "properties": {"feature_type": "route", "flight_key": "SEH103_VTSG_VTBS", "route": "OSPEX Y99 NONEL Y98 LEBIM", "callsign": "SEH103", "aircraft_type": "B77W", "adep": "VTSG", "ades": "VTBS", "rfl": 350, "sid": "OSPE1F", "star": "LEBI1C", "approach": "R19", "dep_rwy": "RW32", "arr_rwy": "RW19", "eobt": "2025-12-23T00:19:54.415023+00:00", "idents": ["VTSG", "OSPEX", "BITEN", "EMVEL", "AKVUG", "VEGNA", "NIXET", "NONEL", "OLSEL", "SURMA", "LEBIM", "VTBS"]}, "geometry": {"type": "LineString", "coordinates": [[98.985278, 8.100278], [99.221944, 8.3375], [99.341389, 8.449722], [99.356111, 8.743889], [99.371944, 9.063611], [99.380833, 9.240833], [99.436944, 9.421389], [99.893611, 10.883611], [100.280278, 11.569722], [100.4425, 11.856111], [100.473611, 13.0875], [100.748889, 13.685833]]}}, {"type": "Feature", "properties": {"flight_key": "SEH103_VTSG_VTBS", "callsign": "SEH103", "aircraft_type": "B77W", "adep": "VTSG", "ades": "VTBS", "epoch_ts": "2025-12-23 00:19:54+00:00", "altitude_ft": 93.0, "tas_kt": null, "gs_kt": 280.0, "track_deg": 45, "phase": "climb"}, "geometry": {"type": "Point", "coordinates": [98.985278, 8.100278, 28.3]}}, {"type": "Feature", "properties": {"flight_key": "SEH103_VTSG_VTBS", "callsign": "SEH103", "aircraft_type": "B77W", "adep": "VTSG", "ades": "VTBS", "epoch_ts": "2025-12-23 00:25:54+00:00", "altitude_ft": 11728.7, "tas_kt": null, "gs_kt": 280.0, "track_deg": 46, "phase": "climb"}, "geometry": {"type": "Point", "coordinates": [99.27018, 8.382819, 3574.9]}}, {"type": "Feature", "properties": {"flight_key": "SEH103_VTSG_VTBS", "callsign": "SEH103", "aircraft_type": "B77W", "adep": "VTSG", "ades": "VTBS", "epoch_ts": "2025-12-23 00:31:54+00:00", "altitude_ft": 23364.3, "tas_kt": null, "gs_kt": 280.0, "track_deg": 3, "phase": "climb"}, "geometry": {"type": "Point", "coordinates": [99.356558, 8.752911, 7121.4]}}, {"type": "Feature", "properties": {"flight_key": "SEH103_VTSG_VTBS", "callsign": "SEH103", "aircraft_type": "B77W", "adep": "VTSG", "ades": "VTBS", "epoch_ts": "2025-12-23 00:37:54+00:00", "altitude_ft": 35000.0, "tas_kt": null, "gs_kt": 460.0, "track_deg": 3, "phase": "cruise"}, "geometry": {"type": "Point", "coordinates": [99.376462, 9.153693, 10668.0]}}, {"type": "Feature", "properties": {"flight_key": "SEH103_VTSG_VTBS", "callsign": "SEH103", "aircraft_type": "B77W", "adep": "VTSG", "ades": "VTBS", "epoch_ts": "2025-12-23 00:43:54+00:00", "altitude_ft": 35000.0, "tas_kt": null, "gs_kt": 460.0, "track_deg": 17, "phase": "cruise"}, "geometry": {"type": "Point", "coordinates": [99.474194, 9.54066, 10668.0]}}, {"type": "Feature", "properties": {"flight_key": "SEH103_VTSG_VTBS", "callsign": "SEH103", "aircraft_type": "B77W", "adep": "VTSG", "ades": "VTBS", "epoch_ts": "2025-12-23 00:49:54+00:00", "altitude_ft": 35000.0, "tas_kt": null, "gs_kt": 460.0, "track_deg": 17, "phase": "cruise"}, "geometry": {"type": "Point", "coordinates": [99.593818, 9.92369, 10668.0]}}, {"type": "Feature", "properties": {"flight_key": "SEH103_VTSG_VTBS", "callsign": "SEH103", "aircraft_type": "B77W", "adep": "VTSG", "ades": "VTBS", "epoch_ts": "2025-12-23 00:55:54+00:00", "altitude_ft": 35000.0, "tas_kt": null, "gs_kt": 460.0, "track_deg": 17, "phase": "cruise"}, "geometry": {"type": "Point", "coordinates": [99.713442, 10.30672, 10668.0]}}, {"type": "Feature", "properties": {"flight_key": "SEH103_VTSG_VTBS", "callsign": "SEH103", "aircraft_type": "B77W", "adep": "VTSG", "ades": "VTBS", "epoch_ts": "2025-12-23 01:01:54+00:00", "altitude_ft": 35000.0, "tas_kt": null, "gs_kt": 460.0, "track_deg": 17, "phase": "cruise"}, "geometry": {"type": "Point", "coordinates": [99.833066, 10.689751, 10668.0]}}, {"type": "Feature", "properties": {"flight_key": "SEH103_VTSG_VTBS", "callsign": "SEH103", "aircraft_type": "B77W", "adep": "VTSG", "ades": "VTBS", "epoch_ts": "2025-12-23 01:07:54+00:00", "altitude_ft": 35000.0, "tas_kt": null, "gs_kt": 460.0, "track_deg": 29, "phase": "cruise"}, "geometry": {"type": "Point", "coordinates": [99.990911, 11.056262, 10668.0]}}, {"type": "Feature", "properties": {"flight_key": "SEH103_VTSG_VTBS", "callsign": "SEH103", "aircraft_type": "B77W", "adep": "VTSG", "ades": "VTBS", "epoch_ts": "2025-12-23 01:13:54+00:00", "altitude_ft": 35000.0, "tas_kt": null, "gs_kt": 460.0, "track_deg": 29, "phase": "cruise"}, "geometry": {"type": "Point", "coordinates": [100.187923, 11.405845, 10668.0]}}, {"type": "Feature", "properties": {"flight_key": "SEH103_VTSG_VTBS", "callsign": "SEH103", "aircraft_type": "B77W", "adep": "VTSG", "ades": "VTBS", "epoch_ts": "2025-12-23 01:19:54+00:00", "altitude_ft": 35000.0, "tas_kt": null, "gs_kt": 460.0, "track_deg": 29, "phase": "cruise"}, "geometry": {"type": "Point", "coordinates": [100.38534, 11.755199, 10668.0]}}, {"type": "Feature", "properties": {"flight_key": "SEH103_VTSG_VTBS", "callsign": "SEH103", "aircraft_type": "B77W", "adep": "VTSG", "ades": "VTBS", "epoch_ts": "2025-12-23 01:25:54+00:00", "altitude_ft": 35000.0, "tas_kt": null, "gs_kt": 460.0, "track_deg": 1, "phase": "cruise"}, "geometry": {"type": "Point", "coordinates": [100.449706, 12.14132, 10668.0]}}, {"type": "Feature", "properties": {"flight_key": "SEH103_VTSG_VTBS", "callsign": "SEH103", "aircraft_type": "B77W", "adep": "VTSG", "ades": "VTBS", "epoch_ts": "2025-12-23 01:31:54+00:00", "altitude_ft": 35000.0, "tas_kt": null, "gs_kt": 460.0, "track_deg": 1, "phase": "cruise"}, "geometry": {"type": "Point", "coordinates": [100.459841, 12.542467, 10668.0]}}, {"type": "Feature", "properties": {"flight_key": "SEH103_VTSG_VTBS", "callsign": "SEH103", "aircraft_type": "B77W", "adep": "VTSG", "ades": "VTBS", "epoch_ts": "2025-12-23 01:37:54+00:00", "altitude_ft": 23334.6, "tas_kt": null, "gs_kt": 270.0, "track_deg": 1, "phase": "descent"}, "geometry": {"type": "Point", "coordinates": [100.469976, 12.943615, 7112.4]}}, {"type": "Feature", "properties": {"flight_key": "SEH103_VTSG_VTBS", "callsign": "SEH103", "aircraft_type": "B77W", "adep": "VTSG", "ades": "VTBS", "epoch_ts": "2025-12-23 01:43:54+00:00", "altitude_ft": 11669.1, "tas_kt": null, "gs_kt": 270.0, "track_deg": 24, "phase": "descent"}, "geometry": {"type": "Point", "coordinates": [100.581171, 13.321288, 3556.8]}}, {"type": "Feature", "properties": {"flight_key": "SEH103_VTSG_VTBS", "callsign": "SEH103", "aircraft_type": "B77W", "adep": "VTSG", "ades": "VTBS", "epoch_ts": "2025-12-23 01:49:54+00:00", "altitude_ft": 3.7, "tas_kt": null, "gs_kt": 270.0, "track_deg": 0, "phase": "descent"}, "geometry": {"type": "Point", "coordinates": [100.748889, 13.685833, 1.1]}}, {"type": "Feature", "properties": {"feature_type": "route", "flight_key": "NOK104_VTCP_VTBS", "route": "IDKOR W22 PSL Y28 BLAFF DCT NORTA", "callsign": "NOK104", "aircraft_type": "A321", "adep": "VTCP", "ades": "VTBS", "rfl": 350, "sid": "IDKO1A", "star": "NORT1C", "approach": "R19", "dep_rwy": "RW19", "arr_rwy": "RW19", "eobt": "2025-12-23T00:33:44.666685+00:00", "idents": ["VTCP", "IDKOR", "NIROP", "PSL", "PEBLI", "BLAFF", "NORTA", "VTBS"]}, "geometry": {"type": "LineString", "coordinates": [[100.164722, 18.132222], [100.211944, 17.636111], [100.245556, 17.270556], [100.291389, 16.770278], [100.293333, 16.268333], [100.2975, 15.275833], [100.639017, 14.718789], [100.748889, 13.685833]]}}, {"type": "Feature", "properties": {"flight_key": "NOK104_VTCP_VTBS", "callsign": "NOK104", "aircraft_type": "A321", "adep": "VTCP", "ades": "VTBS", "epoch_ts": "2025-12-23 00:33:44+00:00", "altitude_ft": 537.0, "tas_kt": null, "gs_kt": 280.0, "track_deg": 175, "phase": "climb"}, "geometry": {"type": "Point", "coordinates": [100.164722, 18.132222, 163.7]}}, {"type": "Feature", "properties": {"flight_key": "NOK104_VTCP_VTBS", "callsign": "NOK104", "aircraft_type": "A321", "adep": "VTCP", "ades": "VTBS", "epoch_ts": "2025-12-23 00:39:44+00:00", "altitude_ft": 12024.7, "tas_kt": null, "gs_kt": 280.0, "track_deg": 175, "phase": "climb"}, "geometry": {"type": "Point", "coordinates": [100.193493, 17.829957, 3665.1]}}, {"type": "Feature", "properties": {"flight_key": "NOK104_VTCP_VTBS", "callsign": "NOK104", "aircraft_type": "A321", "adep": "VTCP", "ades": "VTBS", "epoch_ts": "2025-12-23 00:45:44+00:00", "altitude_ft": 23512.3, "tas_kt": null, "gs_kt": 280.0, "track_deg": 175, "phase": "climb"}, "geometry": {"type": "Point", "coordinates": [100.221916, 17.52766, 7166.6]}}, {"type": "Feature", "properties": {"flight_key": "NOK104_VTCP_VTBS", "callsign": "NOK104", "aircraft_type": "A321", "adep": "VTCP", "ades": "VTBS", "epoch_ts": "2025-12-23 00:51:44+00:00", "altitude_ft": 35000.0, "tas_kt": null, "gs_kt": 460.0, "track_deg": 175, "phase": "cruise"}, "geometry": {"type": "Point", "coordinates": [100.249702, 17.225303, 10668.0]}}, {"type": "Feature", "properties": {"flight_key": "NOK104_VTCP_VTBS", "callsign": "NOK104", "aircraft_type": "A321", "adep": "VTCP", "ades": "VTBS", "epoch_ts": "2025-12-23 00:57:44+00:00", "altitude_ft": 35000.0, "tas_kt": null, "gs_kt": 460.0, "track_deg": 175, "phase": "cruise"}, "geometry": {"type": "Point", "coordinates": [100.277403, 16.922938, 10668.0]}}, {"type": "Feature", "properties": {"flight_key": "NOK104_VTCP_VTBS", "callsign": "NOK104", "aircraft_type": "A321", "adep": "VTCP", "ades": "VTBS", "epoch_ts": "2025-12-23 01:03:44+00:00", "altitude_ft": 35000.0, "tas_kt": null, "gs_kt": 460.0, "track_deg": 180, "phase": "cruise"}, "geometry": {"type": "Point", "coordinates": [100.291971, 16.619948, 10668.0]}}, {"type": "Feature", "properties": {"flight_key": "NOK104_VTCP_VTBS", "callsign": "NOK104", "aircraft_type": "A321", "adep": "VTCP", "ades": "VTBS", "epoch_ts": "2025-12-23 01:09:44+00:00", "altitude_ft": 35000.0, "tas_kt": null, "gs_kt": 460.0, "track_deg": 180, "phase": "cruise"}, "geometry": {"type": "Point", "coordinates": [100.293147, 16.316319, 10668.0]}}, {"type": "Feature", "properties": {"flight_key": "NOK104_VTCP_VTBS", "callsign": "NOK104", "aircraft_type": "A321", "adep": "VTCP", "ades": "VTBS", "epoch_ts": "2025-12-23 01:15:44+00:00", "altitude_ft": 35000.0, "tas_kt": null, "gs_kt": 460.0, "track_deg": 180, "phase": "cruise"}, "geometry": {"type": "Point", "coordinates": [100.294406, 16.012691, 10668.0]}}, {"type": "Feature", "properties": {"flight_key": "NOK104_VTCP_VTBS", "callsign": "NOK104", "aircraft_type": "A321", "adep": "VTCP", "ades": "VTBS", "epoch_ts": "2025-12-23 01:21:44+00:00", "altitude_ft": 35000.0, "tas_kt": null, "gs_kt": 460.0, "track_deg": 180, "phase": "cruise"}, "geometry": {"type": "Point", "coordinates": [100.295681, 15.709063, 10668.0]}}, {"type": "Feature", "properties": {"flight_key": "NOK104_VTCP_VTBS", "callsign": "NOK104", "aircraft_type": "A321", "adep": "VTCP", "ades": "VTBS", "epoch_ts": "2025-12-23 01:27:44+00:00", "altitude_ft": 35000.0, "tas_kt": null, "gs_kt": 460.0, "track_deg": 180, "phase": "cruise"}, "geometry": {"type": "Point", "coordinates": [100.296956, 15.405434, 10668.0]}}, {"type": "Feature", "properties": {"flight_key": "NOK104_VTCP_VTBS", "callsign": "NOK104", "aircraft_type": "A321", "adep": "VTCP", "ades": "VTBS", "epoch_ts": "2025-12-23 01:33:44+00:00", "altitude_ft": 35000.0, "tas_kt": null, "gs_kt": 460.0, "track_deg": 149, "phase": "cruise"}, "geometry": {"type": "Point", "coordinates": [100.388461, 15.127468, 10668.0]}}, {"type": "Feature", "properties": {"flight_key": "NOK104_VTCP_VTBS", "callsign": "NOK104", "aircraft_type": "A321", "adep": "VTCP", "ades": "VTBS", "epoch_ts": "2025-12-23 01:39:44+00:00", "altitude_ft": 35000.0, "tas_kt": null, "gs_kt": 460.0, "track_deg": 149, "phase": "cruise"}, "geometry": {"type": "Point", "coordinates": [100.547161, 14.868614, 10668.0]}}, {"type": "Feature", "properties": {"flight_key": "NOK104_VTCP_VTBS", "callsign": "NOK104", "aircraft_type": "A321", "adep": "VTCP", "ades": "VTBS", "epoch_ts": "2025-12-23 01:45:44+00:00", "altitude_ft": 35000.0, "tas_kt": null, "gs_kt": 460.0, "track_deg": 174, "phase": "cruise"}, "geometry": {"type": "Point", "coordinates": [100.652544, 14.591616, 10668.0]}}, {"type": "Feature", "properties": {"flight_key": "NOK104_VTCP_VTBS", "callsign": "NOK104", "aircraft_type": "A321", "adep": "VTCP", "ades": "VTBS", "epoch_ts": "2025-12-23 01:51:44+00:00", "altitude_ft": 23334.6, "tas_kt": null, "gs_kt": 270.0, "track_deg": 174, "phase": "descent"}, "geometry": {"type": "Point", "coordinates": [100.684659, 14.289689, 7112.4]}}, {"type": "Feature", "properties": {"flight_key": "NOK104_VTCP_VTBS", "callsign": "NOK104", "aircraft_type": "A321", "adep": "VTCP", "ades": "VTBS", "epoch_ts": "2025-12-23 01:57:44+00:00", "altitude_ft": 11669.1, "tas_kt": null, "gs_kt": 270.0, "track_deg": 174, "phase": "descent"}, "geometry": {"type": "Point", "coordinates": [100.716774, 13.987761, 3556.8]}}, {"type": "Feature", "properties": {"flight_key": "NOK104_VTCP_VTBS", "callsign": "NOK104", "aircraft_type": "A321", "adep": "VTCP", "ades": "VTBS", "epoch_ts": "2025-12-23 02:03:44+00:00", "altitude_ft": 3.7, "tas_kt": null, "gs_kt": 270.0, "track_deg": 0, "phase": "descent"}, "geometry": {"type": "Point", "coordinates": [100.748889, 13.685833, 1.1]}}, {"type": "Feature", "properties": {"feature_type": "route", "flight_key": "TVJ105_VTSM_VTBS", "route": "OLBAG Y17 DONSI M769 LEBIM", "callsign": "TVJ105", "aircraft_type": "B738", "adep": "VTSM", "ades": "VTBS", "rfl": 350, "sid": "OLBA1A", "star": "LEBI1C", "approach": "R19", "dep_rwy": "RW17", "arr_rwy": "RW19", "eobt": "2025-12-23T00:31:56.010623+00:00", "idents": ["VTSM", "OLBAG", "APUSA", "DONSI", "GOKEX", "SURMA", "LEBIM", "VTBS"]}, "geometry": {"type": "LineString", "coordinates": [[100.0625, 9.548889], [100.314444, 9.980278], [100.335278, 10.015833], [100.400278, 10.127222], [100.428889, 11.304167], [100.4425, 11.856111], [100.473611, 13.0875], [100.748889, 13.685833]]}}, {"type": "Feature", "properties": {"flight_key": "TVJ105_VTSM_VTBS", "callsign": "TVJ105", "aircraft_type": "B738", "adep": "VTSM", "ades": "VTBS", "epoch_ts": "2025-12-23 00:31:56+00:00", "altitude_ft": 43.0, "tas_kt": null, "gs_kt": 280.0, "track_deg": 30, "phase": "climb"}, "geometry": {"type": "Point", "coordinates": [100.0625, 9.548889, 13.1]}}, {"type": "Feature", "properties": {"flight_key": "TVJ105_VTSM_VTBS", "callsign": "TVJ105", "aircraft_type": "B738", "adep": "VTSM", "ades": "VTBS", "epoch_ts": "2025-12-23 00:37:56+00:00", "altitude_ft": 11695.3, "tas_kt": null, "gs_kt": 280.0, "track_deg": 30, "phase": "climb"}, "geometry": {"type": "Point", "coordinates": [100.20672, 9.795829, 3564.7]}}, {"type": "Feature", "properties": {"flight_key": "TVJ105_VTSM_VTBS", "callsign": "TVJ105", "aircraft_type": "B738", "adep": "VTSM", "ades": "VTBS", "epoch_ts": "2025-12-23 00:43:56+00:00", "altitude_ft": 23347.7, "tas_kt": null, "gs_kt": 280.0, "track_deg": 30, "phase": "climb"}, "geometry": {"type": "Point", "coordinates": [100.350982, 10.042745, 7116.4]}}, {"type": "Feature", "properties": {"flight_key": "TVJ105_VTSM_VTBS", "callsign": "TVJ105", "aircraft_type": "B738", "adep": "VTSM", "ades": "VTBS", "epoch_ts": "2025-12-23 00:49:56+00:00", "altitude_ft": 35000.0, "tas_kt": null, "gs_kt": 460.0, "track_deg": 1, "phase": "cruise"}, "geometry": {"type": "Point", "coordinates": [100.404851, 10.315329, 10668.0]}}, {"type": "Feature", "properties": {"flight_key": "TVJ105_VTSM_VTBS", "callsign": "TVJ105", "aircraft_type": "B738", "adep": "VTSM", "ades": "VTBS", "epoch_ts": "2025-12-23 00:55:56+00:00", "altitude_ft": 35000.0, "tas_kt": null, "gs_kt": 460.0, "track_deg": 1, "phase": "cruise"}, "geometry": {"type": "Point", "coordinates": [100.411801, 10.601215, 10668.0]}}, {"type": "Feature", "properties": {"flight_key": "TVJ105_VTSM_VTBS", "callsign": "TVJ105", "aircraft_type": "B738", "adep": "VTSM", "ades": "VTBS", "epoch_ts": "2025-12-23 01:01:56+00:00", "altitude_ft": 35000.0, "tas_kt": null, "gs_kt": 460.0, "track_deg": 1, "phase": "cruise"}, "geometry": {"type": "Point", "coordinates": [100.41875, 10.887101, 10668.0]}}, {"type": "Feature", "properties": {"flight_key": "TVJ105_VTSM_VTBS", "callsign": "TVJ105", "aircraft_type": "B738", "adep": "VTSM", "ades": "VTBS", "epoch_ts": "2025-12-23 01:07:56+00:00", "altitude_ft": 35000.0, "tas_kt": null, "gs_kt": 460.0, "track_deg": 1, "phase": "cruise"}, "geometry": {"type": "Point", "coordinates": [100.4257, 11.172987, 10668.0]}}, {"type": "Feature", "properties": {"flight_key": "TVJ105_VTSM_VTBS", "callsign": "TVJ105", "aircraft_type": "B738", "adep": "VTSM", "ades": "VTBS", "epoch_ts": "2025-12-23 01:13:56+00:00", "altitude_ft": 35000.0, "tas_kt": null, "gs_kt": 460.0, "track_deg": 1, "phase": "cruise"}, "geometry": {"type": "Point", "coordinates": [100.432704, 11.458871, 10668.0]}}, {"type": "Feature", "properties": {"flight_key": "TVJ105_VTSM_VTBS", "callsign": "TVJ105", "aircraft_type": "B738", "adep": "VTSM", "ades": "VTBS", "epoch_ts": "2025-12-23 01:19:56+00:00", "altitude_ft": 35000.0, "tas_kt": null, "gs_kt": 460.0, "track_deg": 1, "phase": "cruise"}, "geometry": {"type": "Point", "coordinates": [100.439754, 11.744754, 10668.0]}}, {"type": "Feature", "properties": {"flight_key": "TVJ105_VTSM_VTBS", "callsign": "TVJ105", "aircraft_type": "B738", "adep": "VTSM", "ades": "VTBS", "epoch_ts": "2025-12-23 01:25:56+00:00", "altitude_ft": 35000.0, "tas_kt": null, "gs_kt": 460.0, "track_deg": 1, "phase": "cruise"}, "geometry": {"type": "Point", "coordinates": [100.446909, 12.030635, 10668.0]}}, {"type": "Feature", "properties": {"flight_key": "TVJ105_VTSM_VTBS", "callsign": "TVJ105", "aircraft_type": "B738", "adep": "VTSM", "ades": "VTBS", "epoch_ts": "2025-12-23 01:31:56+00:00", "altitude_ft": 35000.0, "tas_kt": null, "gs_kt": 460.0, "track_deg": 1, "phase": "cruise"}, "geometry": {"type": "Point", "coordinates": [100.454132, 12.316514, 10668.0]}}, {"type": "Feature", "properties": {"flight_key": "TVJ105_VTSM_VTBS", "callsign": "TVJ105", "aircraft_type": "B738", "adep": "VTSM", "ades": "VTBS", "epoch_ts": "2025-12-23 01:37:56+00:00", "altitude_ft": 35000.0, "tas_kt": null, "gs_kt": 460.0, "track_deg": 1, "phase": "cruise"}, "geometry": {"type": "Point", "coordinates": [100.461355, 12.602393, 10668.0]}}, {"type": "Feature", "properties": {"flight_key": "TVJ105_VTSM_VTBS", "callsign": "TVJ105", "aircraft_type": "B738", "adep": "VTSM", "ades": "VTBS", "epoch_ts": "2025-12-23 01:43:56+00:00", "altitude_ft": 35000.0, "tas_kt": null, "gs_kt": 460.0, "track_deg": 1, "phase": "cruise"}, "geometry": {"type": "Point", "coordinates": [100.468578, 12.888273, 10668.0]}}, {"type": "Feature", "properties": {"flight_key": "TVJ105_VTSM_VTBS", "callsign": "TVJ105", "aircraft_type": "B738", "adep": "VTSM", "ades": "VTBS", "epoch_ts": "2025-12-23 01:49:56+00:00", "altitude_ft": 23334.6, "tas_kt": null, "gs_kt": 270.0, "track_deg": 24, "phase": "descent"}, "geometry": {"type": "Point", "coordinates": [100.50984, 13.166245, 7112.4]}}, {"type": "Feature", "properties": {"flight_key": "TVJ105_VTSM_VTBS", "callsign": "TVJ105", "aircraft_type": "B738", "adep": "VTSM", "ades": "VTBS", "epoch_ts": "2025-12-23 01:55:56+00:00", "altitude_ft": 11669.1, "tas_kt": null, "gs_kt": 270.0, "track_deg": 24, "phase": "descent"}, "geometry": {"type": "Point", "coordinates": [100.629364, 13.426039, 3556.8]}}, {"type": "Feature", "properties": {"flight_key": "TVJ105_VTSM_VTBS", "callsign": "TVJ105", "aircraft_type": "B738", "adep": "VTSM", "ades": "VTBS", "epoch_ts": "2025-12-23 02:01:56+00:00", "altitude_ft": 3.7, "tas_kt": null, "gs_kt": 270.0, "track_deg": 0, "phase": "descent"}, "geometry": {"type": "Point", "coordinates": [100.748889, 13.685833, 1.1]}}, {"type": "Feature", "properties": {"feature_type": "route", "flight_key": "DMK106_VTCT_VTBS", "route": "DUBEN Y28 BLAFF DCT NORTA", "callsign": "DMK106", "aircraft_type": "A320", "adep": "VTCT", "ades": "VTBS", "rfl": 350, "sid": "DUBE1A", "star": "NORT1C", "approach": "R19", "dep_rwy": "RW03", "arr_rwy": "RW19", "eobt": "2025-12-23T00:18:14.426552+00:00", "idents": ["VTCT", "DUBEN", "CRIST", "PSL", "PEBLI", "BLAFF", "NORTA", "VTBS"]}, "geometry": {"type": "LineString", "coordinates": [[99.882956, 19.95235], [100.201944, 19.546944], [100.226111, 18.797778], [100.291389, 16.770278], [100.293333, 16.268333], [100.2975, 15.275833], [100.639017, 14.718789], [100.748889, 13.685833]]}}, {"type": "Feature", "properties": {"flight_key": "DMK106_VTCT_VTBS", "callsign": "DMK106", "aircraft_type": "A320", "adep": "VTCT", "ades": "VTBS", "epoch_ts": "2025-12-23 00:18:14+00:00", "altitude_ft": 1280.0, "tas_kt": null, "gs_kt": 280.0, "track_deg": 144, "phase": "climb"}, "geometry": {"type": "Point", "coordinates": [99.882956, 19.95235, 390.1]}}, {"type": "Feature", "properties": {"flight_key": "DMK106_VTCT_VTBS", "callsign": "DMK106", "aircraft_type": "A320", "adep": "VTCT", "ades": "VTBS", "epoch_ts": "2025-12-23 00:24:14+00:00", "altitude_ft": 12520.0, "tas_kt": null, "gs_kt": 280.0, "track_deg": 143, "phase": "climb"}, "geometry": {"type": "Point", "coordinates": [100.150115, 19.612814, 3816.1]}}, {"type": "Feature", "properties": {"flight_key": "DMK106_VTCT_VTBS", "callsign": "DMK106", "aircraft_type": "A320", "adep": "VTCT", "ades": "VTBS", "epoch_ts": "2025-12-23 00:30:14+00:00", "altitude_ft": 23760.0, "tas_kt": null, "gs_kt": 280.0, "track_deg": 178, "phase": "climb"}, "geometry": {"type": "Point", "coordinates": [100.213171, 19.198901, 7242.0]}}, {"type": "Feature", "properties": {"flight_key": "DMK106_VTCT_VTBS", "callsign": "DMK106", "aircraft_type": "A320", "adep": "VTCT", "ades": "VTBS", "epoch_ts": "2025-12-23 00:36:14+00:00", "altitude_ft": 35000.0, "tas_kt": null, "gs_kt": 460.0, "track_deg": 178, "phase": "cruise"}, "geometry": {"type": "Point", "coordinates": [100.227099, 18.767085, 10668.0]}}, {"type": "Feature", "properties": {"flight_key": "DMK106_VTCT_VTBS", "callsign": "DMK106", "aircraft_type": "A320", "adep": "VTCT", "ades": "VTBS", "epoch_ts": "2025-12-23 00:42:14+00:00", "altitude_ft": 35000.0, "tas_kt": null, "gs_kt": 460.0, "track_deg": 178, "phase": "cruise"}, "geometry": {"type": "Point", "coordinates": [100.241002, 18.335269, 10668.0]}}, {"type": "Feature", "properties": {"flight_key": "DMK106_VTCT_VTBS", "callsign": "DMK106", "aircraft_type": "A320", "adep": "VTCT", "ades": "VTBS", "epoch_ts": "2025-12-23 00:48:14+00:00", "altitude_ft": 35000.0, "tas_kt": null, "gs_kt": 460.0, "track_deg": 178, "phase": "cruise"}, "geometry": {"type": "Point", "coordinates": [100.254905, 17.903452, 10668.0]}}, {"type": "Feature", "properties": {"flight_key": "DMK106_VTCT_VTBS", "callsign": "DMK106", "aircraft_type": "A320", "adep": "VTCT", "ades": "VTBS", "epoch_ts": "2025-12-23 00:54:14+00:00", "altitude_ft": 35000.0, "tas_kt": null, "gs_kt": 460.0, "track_deg": 178, "phase": "cruise"}, "geometry": {"type": "Point", "coordinates": [100.268808, 17.471636, 10668.0]}}, {"type": "Feature", "properties": {"flight_key": "DMK106_VTCT_VTBS", "callsign": "DMK106", "aircraft_type": "A320", "adep": "VTCT", "ades": "VTBS", "epoch_ts": "2025-12-23 01:00:14+00:00", "altitude_ft": 35000.0, "tas_kt": null, "gs_kt": 460.0, "track_deg": 178, "phase": "cruise"}, "geometry": {"type": "Point", "coordinates": [100.282711, 17.039819, 10668.0]}}, {"type": "Feature", "properties": {"flight_key": "DMK106_VTCT_VTBS", "callsign": "DMK106", "aircraft_type": "A320", "adep": "VTCT", "ades": "VTBS", "epoch_ts": "2025-12-23 01:06:14+00:00", "altitude_ft": 35000.0, "tas_kt": null, "gs_kt": 460.0, "track_deg": 180, "phase": "cruise"}, "geometry": {"type": "Point", "coordinates": [100.292018, 16.60792, 10668.0]}}, {"type": "Feature", "properties": {"flight_key": "DMK106_VTCT_VTBS", "callsign": "DMK106", "aircraft_type": "A320", "adep": "VTCT", "ades": "VTBS", "epoch_ts": "2025-12-23 01:12:14+00:00", "altitude_ft": 35000.0, "tas_kt": null, "gs_kt": 460.0, "track_deg": 180, "phase": "cruise"}, "geometry": {"type": "Point", "coordinates": [100.293721, 16.175883, 10668.0]}}, {"type": "Feature", "properties": {"flight_key": "DMK106_VTCT_VTBS", "callsign": "DMK106", "aircraft_type": "A320", "adep": "VTCT", "ades": "VTBS", "epoch_ts": "2025-12-23 01:18:14+00:00", "altitude_ft": 35000.0, "tas_kt": null, "gs_kt": 460.0, "track_deg": 180, "phase": "cruise"}, "geometry": {"type": "Point", "coordinates": [100.295535, 15.743847, 10668.0]}}, {"type": "Feature", "properties": {"flight_key": "DMK106_VTCT_VTBS", "callsign": "DMK106", "aircraft_type": "A320", "adep": "VTCT", "ades": "VTBS", "epoch_ts": "2025-12-23 01:24:14+00:00", "altitude_ft": 35000.0, "tas_kt": null, "gs_kt": 460.0, "track_deg": 180, "phase": "cruise"}, "geometry": {"type": "Point", "coordinates": [100.297349, 15.31181, 10668.0]}}, {"type": "Feature", "properties": {"flight_key": "DMK106_VTCT_VTBS", "callsign": "DMK106", "aircraft_type": "A320", "adep": "VTCT", "ades": "VTBS", "epoch_ts": "2025-12-23 01:30:14+00:00", "altitude_ft": 35000.0, "tas_kt": null, "gs_kt": 460.0, "track_deg": 149, "phase": "cruise"}, "geometry": {"type": "Point", "coordinates": [100.504513, 14.938177, 10668.0]}}, {"type": "Feature", "properties": {"flight_key": "DMK106_VTCT_VTBS", "callsign": "DMK106", "aircraft_type": "A320", "adep": "VTCT", "ades": "VTBS", "epoch_ts": "2025-12-23 01:36:14+00:00", "altitude_ft": 23334.6, "tas_kt": null, "gs_kt": 270.0, "track_deg": 174, "phase": "descent"}, "geometry": {"type": "Point", "coordinates": [100.657495, 14.545066, 7112.4]}}, {"type": "Feature", "properties": {"flight_key": "DMK106_VTCT_VTBS", "callsign": "DMK106", "aircraft_type": "A320", "adep": "VTCT", "ades": "VTBS", "epoch_ts": "2025-12-23 01:42:14+00:00", "altitude_ft": 11669.1, "tas_kt": null, "gs_kt": 270.0, "track_deg": 174, "phase": "descent"}, "geometry": {"type": "Point", "coordinates": [100.703192, 14.11545, 3556.8]}}, {"type": "Feature", "properties": {"flight_key": "DMK106_VTCT_VTBS", "callsign": "DMK106", "aircraft_type": "A320", "adep": "VTCT", "ades": "VTBS", "epoch_ts": "2025-12-23 01:48:14+00:00", "altitude_ft": 3.7, "tas_kt": null, "gs_kt": 270.0, "track_deg": 180, "phase": "descent"}, "geometry": {"type": "Point", "coordinates": [100.748889, 13.685833, 1.1]}}, {"type": "Feature", "properties": {"feature_type": "route", "flight_key": "THD107_VTSP_VTBS", "route": "EMRIT Y99 NONEL Y98 LEBIM", "callsign": "THD107", "aircraft_type": "B763", "adep": "VTSP", "ades": "VTBS", "rfl": 350, "sid": "EMRI1A", "star": "LEBI1C", "approach": "R19", "dep_rwy": "RW09", "arr_rwy": "RW19", "eobt": "2025-12-23T00:15:30.880207+00:00", "idents": ["VTSP", "EMRIT", "KBI", "OSPEX", "BITEN", "EMVEL", "AKVUG", "VEGNA", "NIXET", "NONEL", "OLSEL", "SURMA", "LEBIM", "VTBS"]}, "geometry": {"type": "LineString", "coordinates": [[98.309167, 8.1125], [98.811111, 8.105833], [98.9775, 8.1075], [99.221944, 8.3375], [99.341389, 8.449722], [99.356111, 8.743889], [99.371944, 9.063611], [99.380833, 9.240833], [99.436944, 9.421389], [99.893611, 10.883611], [100.280278, 11.569722], [100.4425, 11.856111], [100.473611, 13.0875], [100.748889, 13.685833]]}}, {"type": "Feature", "properties": {"flight_key": "THD107_VTSP_VTBS", "callsign": "THD107", "aircraft_type": "B763", "adep": "VTSP", "ades": "VTBS", "epoch_ts": "2025-12-23 00:15:30+00:00", "altitude_ft": 22.0, "tas_kt": null, "gs_kt": 280.0, "track_deg": 91, "phase": "climb"}, "geometry": {"type": "Point", "coordinates": [98.309167, 8.1125, 6.7]}}, {"type": "Feature", "properties": {"flight_key": "THD107_VTSP_VTBS", "callsign": "THD107", "aircraft_type": "B763", "adep": "VTSP", "ades": "VTBS", "epoch_ts": "2025-12-23 00:21:30+00:00", "altitude_ft": 11681.3, "tas_kt": null, "gs_kt": 280.0, "track_deg": 91, "phase": "climb"}, "geometry": {"type": "Point", "coordinates": [98.754999, 8.106578, 3560.5]}}, {"type": "Feature", "properties": {"flight_key": "THD107_VTSP_VTBS", "callsign": "THD107", "aircraft_type": "B763", "adep": "VTSP", "ades": "VTBS", "epoch_ts": "2025-12-23 00:27:30+00:00", "altitude_ft": 23340.7, "tas_kt": null, "gs_kt": 280.0, "track_deg": 46, "phase": "climb"}, "geometry": {"type": "Point", "coordinates": [99.14017, 8.260558, 7114.2]}}, {"type": "Feature", "properties": {"flight_key": "THD107_VTSP_VTBS", "callsign": "THD107", "aircraft_type": "B763", "adep": "VTSP", "ades": "VTBS", "epoch_ts": "2025-12-23 00:33:30+00:00", "altitude_ft": 35000.0, "tas_kt": null, "gs_kt": 460.0, "track_deg": 3, "phase": "cruise"}, "geometry": {"type": "Point", "coordinates": [99.349871, 8.619207, 10668.0]}}, {"type": "Feature", "properties": {"flight_key": "THD107_VTSP_VTBS", "callsign": "THD107", "aircraft_type": "B763", "adep": "VTSP", "ades": "VTBS", "epoch_ts": "2025-12-23 00:39:30+00:00", "altitude_ft": 35000.0, "tas_kt": null, "gs_kt": 460.0, "track_deg": 3, "phase": "cruise"}, "geometry": {"type": "Point", "coordinates": [99.37199, 9.064529, 10668.0]}}, {"type": "Feature", "properties": {"flight_key": "THD107_VTSP_VTBS", "callsign": "THD107", "aircraft_type": "B763", "adep": "VTSP", "ades": "VTBS", "epoch_ts": "2025-12-23 00:45:30+00:00", "altitude_ft": 35000.0, "tas_kt": null, "gs_kt": 460.0, "track_deg": 17, "phase": "cruise"}, "geometry": {"type": "Point", "coordinates": [99.460874, 9.498011, 10668.0]}}, {"type": "Feature", "properties": {"flight_key": "THD107_VTSP_VTBS", "callsign": "THD107", "aircraft_type": "B763", "adep": "VTSP", "ades": "VTBS", "epoch_ts": "2025-12-23 00:51:30+00:00", "altitude_ft": 35000.0, "tas_kt": null, "gs_kt": 460.0, "track_deg": 17, "phase": "cruise"}, "geometry": {"type": "Point", "coordinates": [99.593793, 9.923609, 10668.0]}}, {"type": "Feature", "properties": {"flight_key": "THD107_VTSP_VTBS", "callsign": "THD107", "aircraft_type": "B763", "adep": "VTSP", "ades": "VTBS", "epoch_ts": "2025-12-23 00:57:30+00:00", "altitude_ft": 35000.0, "tas_kt": null, "gs_kt": 460.0, "track_deg": 17, "phase": "cruise"}, "geometry": {"type": "Point", "coordinates": [99.726711, 10.349207, 10668.0]}}, {"type": "Feature", "properties": {"flight_key": "THD107_VTSP_VTBS", "callsign": "THD107", "aircraft_type": "B763", "adep": "VTSP", "ades": "VTBS", "epoch_ts": "2025-12-23 01:03:30+00:00", "altitude_ft": 35000.0, "tas_kt": null, "gs_kt": 460.0, "track_deg": 17, "phase": "cruise"}, "geometry": {"type": "Point", "coordinates": [99.85963, 10.774805, 10668.0]}}, {"type": "Feature", "properties": {"flight_key": "THD107_VTSP_VTBS", "callsign": "THD107", "aircraft_type": "B763", "adep": "VTSP", "ades": "VTBS", "epoch_ts": "2025-12-23 01:09:30+00:00", "altitude_ft": 35000.0, "tas_kt": null, "gs_kt": 460.0, "track_deg": 29, "phase": "cruise"}, "geometry": {"type": "Point", "coordinates": [100.056554, 11.17274, 10668.0]}}, {"type": "Feature", "properties": {"flight_key": "THD107_VTSP_VTBS", "callsign": "THD107", "aircraft_type": "B763", "adep": "VTSP", "ades": "VTBS", "epoch_ts": "2025-12-23 01:15:30+00:00", "altitude_ft": 35000.0, "tas_kt": null, "gs_kt": 460.0, "track_deg": 29, "phase": "cruise"}, "geometry": {"type": "Point", "coordinates": [100.275461, 11.561174, 10668.0]}}, {"type": "Feature", "properties": {"flight_key": "THD107_VTSP_VTBS", "callsign": "THD107", "aircraft_type": "B763", "adep": "VTSP", "ades": "VTBS", "epoch_ts": "2025-12-23 01:21:30+00:00", "altitude_ft": 35000.0, "tas_kt": null, "gs_kt": 460.0, "track_deg": 1, "phase": "cruise"}, "geometry": {"type": "Point", "coordinates": [100.4452, 11.962994, 10668.0]}}, {"type": "Feature", "properties": {"flight_key": "THD107_VTSP_VTBS", "callsign": "THD107", "aircraft_type": "B763", "adep": "VTSP", "ades": "VTBS", "epoch_ts": "2025-12-23 01:27:30+00:00", "altitude_ft": 35000.0, "tas_kt": null, "gs_kt": 460.0, "track_deg": 1, "phase": "cruise"}, "geometry": {"type": "Point", "coordinates": [100.456462, 12.408723, 10668.0]}}, {"type": "Feature", "properties": {"flight_key": "THD107_VTSP_VTBS", "callsign": "THD107", "aircraft_type": "B763", "adep": "VTSP", "ades": "VTBS", "epoch_ts": "2025-12-23 01:33:30+00:00", "altitude_ft": 23334.6, "tas_kt": null, "gs_kt": 270.0, "track_deg": 1, "phase": "descent"}, "geometry": {"type": "Point", "coordinates": [100.467723, 12.854452, 7112.4]}}, {"type": "Feature", "properties": {"flight_key": "THD107_VTSP_VTBS", "callsign": "THD107", "aircraft_type": "B763", "adep": "VTSP", "ades": "VTBS", "epoch_ts": "2025-12-23 01:39:30+00:00", "altitude_ft": 11669.1, "tas_kt": null, "gs_kt": 270.0, "track_deg": 24, "phase": "descent"}, "geometry": {"type": "Point", "coordinates": [100.562532, 13.280775, 3556.8]}}, {"type": "Feature", "properties": {"flight_key": "THD107_VTSP_VTBS", "callsign": "THD107", "aircraft_type": "B763", "adep": "VTSP", "ades": "VTBS", "epoch_ts": "2025-12-23 01:45:30+00:00", "altitude_ft": 3.7, "tas_kt": null, "gs_kt": 270.0, "track_deg": 0, "phase": "descent"}, "geometry": {"type": "Point", "coordinates": [100.748889, 13.685833, 1.1]}}, {"type": "Feature", "properties": {"feature_type": "route", "flight_key": "PGY108_VTPM_VTBS", "route": "KADAV W26 IGPOP Y7 BLAFF DCT NORTA", "callsign": "PGY108", "aircraft_type": "A332", "adep": "VTPM", "ades": "VTBS", "rfl": 350, "sid": "KADA1A", "star": "NORT1C", "approach": "R19", "dep_rwy": "RW09", "arr_rwy": "RW19", "eobt": "2025-12-23T00:37:08.145684+00:00", "idents": ["VTPM", "KADAV", "TK", "IGPOP", "PAKMO", "BLAFF", "NORTA", "VTBS"]}, "geometry": {"type": "LineString", "coordinates": [[98.550122, 16.699925], [98.894722, 16.798333], [99.252222, 16.899444], [99.785556, 16.833889], [99.948889, 16.336944], [100.2975, 15.275833], [100.639017, 14.718789], [100.748889, 13.685833]]}}, {"type": "Feature", "properties": {"flight_key": "PGY108_VTPM_VTBS", "callsign": "PGY108", "aircraft_type": "A332", "adep": "VTPM", "ades": "VTBS", "epoch_ts": "2025-12-23 00:37:08+00:00", "altitude_ft": 691.0, "tas_kt": null, "gs_kt": 280.0, "track_deg": 73, "phase": "climb"}, "geometry": {"type": "Point", "coordinates": [98.550122, 16.699925, 210.6]}}, {"type": "Feature", "properties": {"flight_key": "PGY108_VTPM_VTBS", "callsign": "PGY108", "aircraft_type": "A332", "adep": "VTPM", "ades": "VTBS", "epoch_ts": "2025-12-23 00:43:08+00:00", "altitude_ft": 12127.3, "tas_kt": null, "gs_kt": 280.0, "track_deg": 73, "phase": "climb"}, "geometry": {"type": "Point", "coordinates": [98.844964, 16.784124, 3696.4]}}, {"type": "Feature", "properties": {"flight_key": "PGY108_VTPM_VTBS", "callsign": "PGY108", "aircraft_type": "A332", "adep": "VTPM", "ades": "VTBS", "epoch_ts": "2025-12-23 00:49:08+00:00", "altitude_ft": 23563.7, "tas_kt": null, "gs_kt": 280.0, "track_deg": 74, "phase": "climb"}, "geometry": {"type": "Point", "coordinates": [99.139984, 16.8677, 7182.2]}}, {"type": "Feature", "properties": {"flight_key": "PGY108_VTPM_VTBS", "callsign": "PGY108", "aircraft_type": "A332", "adep": "VTPM", "ades": "VTBS", "epoch_ts": "2025-12-23 00:55:08+00:00", "altitude_ft": 35000.0, "tas_kt": null, "gs_kt": 460.0, "track_deg": 97, "phase": "cruise"}, "geometry": {"type": "Point", "coordinates": [99.440791, 16.876266, 10668.0]}}, {"type": "Feature", "properties": {"flight_key": "PGY108_VTPM_VTBS", "callsign": "PGY108", "aircraft_type": "A332", "adep": "VTPM", "ades": "VTBS", "epoch_ts": "2025-12-23 01:01:08+00:00", "altitude_ft": 35000.0, "tas_kt": null, "gs_kt": 460.0, "track_deg": 97, "phase": "cruise"}, "geometry": {"type": "Point", "coordinates": [99.74513, 16.838858, 10668.0]}}, {"type": "Feature", "properties": {"flight_key": "PGY108_VTPM_VTBS", "callsign": "PGY108", "aircraft_type": "A332", "adep": "VTPM", "ades": "VTBS", "epoch_ts": "2025-12-23 01:07:08+00:00", "altitude_ft": 35000.0, "tas_kt": null, "gs_kt": 460.0, "track_deg": 163, "phase": "cruise"}, "geometry": {"type": "Point", "coordinates": [99.868581, 16.581284, 10668.0]}}, {"type": "Feature", "properties": {"flight_key": "PGY108_VTPM_VTBS", "callsign": "PGY108", "aircraft_type": "A332", "adep": "VTPM", "ades": "VTBS", "epoch_ts": "2025-12-23 01:13:08+00:00", "altitude_ft": 35000.0, "tas_kt": null, "gs_kt": 460.0, "track_deg": 162, "phase": "cruise"}, "geometry": {"type": "Point", "coordinates": [99.964317, 16.289984, 10668.0]}}, {"type": "Feature", "properties": {"flight_key": "PGY108_VTPM_VTBS", "callsign": "PGY108", "aircraft_type": "A332", "adep": "VTPM", "ades": "VTBS", "epoch_ts": "2025-12-23 01:19:08+00:00", "altitude_ft": 35000.0, "tas_kt": null, "gs_kt": 460.0, "track_deg": 162, "phase": "cruise"}, "geometry": {"type": "Point", "coordinates": [100.060022, 15.998673, 10668.0]}}, {"type": "Feature", "properties": {"flight_key": "PGY108_VTPM_VTBS", "callsign": "PGY108", "aircraft_type": "A332", "adep": "VTPM", "ades": "VTBS", "epoch_ts": "2025-12-23 01:25:08+00:00", "altitude_ft": 35000.0, "tas_kt": null, "gs_kt": 460.0, "track_deg": 162, "phase": "cruise"}, "geometry": {"type": "Point", "coordinates": [100.155728, 15.707362, 10668.0]}}, {"type": "Feature", "properties": {"flight_key": "PGY108_VTPM_VTBS", "callsign": "PGY108", "aircraft_type": "A332", "adep": "VTPM", "ades": "VTBS", "epoch_ts": "2025-12-23 01:31:08+00:00", "altitude_ft": 35000.0, "tas_kt": null, "gs_kt": 460.0, "track_deg": 162, "phase": "cruise"}, "geometry": {"type": "Point", "coordinates": [100.251433, 15.416052, 10668.0]}}, {"type": "Feature", "properties": {"flight_key": "PGY108_VTPM_VTBS", "callsign": "PGY108", "aircraft_type": "A332", "adep": "VTPM", "ades": "VTBS", "epoch_ts": "2025-12-23 01:37:08+00:00", "altitude_ft": 35000.0, "tas_kt": null, "gs_kt": 460.0, "track_deg": 149, "phase": "cruise"}, "geometry": {"type": "Point", "coordinates": [100.380625, 15.140249, 10668.0]}}, {"type": "Feature", "properties": {"flight_key": "PGY108_VTPM_VTBS", "callsign": "PGY108", "aircraft_type": "A332", "adep": "VTPM", "ades": "VTBS", "epoch_ts": "2025-12-23 01:43:08+00:00", "altitude_ft": 35000.0, "tas_kt": null, "gs_kt": 460.0, "track_deg": 149, "phase": "cruise"}, "geometry": {"type": "Point", "coordinates": [100.540893, 14.878838, 10668.0]}}, {"type": "Feature", "properties": {"flight_key": "PGY108_VTPM_VTBS", "callsign": "PGY108", "aircraft_type": "A332", "adep": "VTPM", "ades": "VTBS", "epoch_ts": "2025-12-23 01:49:08+00:00", "altitude_ft": 35000.0, "tas_kt": null, "gs_kt": 460.0, "track_deg": 174, "phase": "cruise"}, "geometry": {"type": "Point", "coordinates": [100.651593, 14.600561, 10668.0]}}, {"type": "Feature", "properties": {"flight_key": "PGY108_VTPM_VTBS", "callsign": "PGY108", "aircraft_type": "A332", "adep": "VTPM", "ades": "VTBS", "epoch_ts": "2025-12-23 01:55:08+00:00", "altitude_ft": 23334.6, "tas_kt": null, "gs_kt": 270.0, "track_deg": 174, "phase": "descent"}, "geometry": {"type": "Point", "coordinates": [100.684025, 14.295651, 7112.4]}}, {"type": "Feature", "properties": {"flight_key": "PGY108_VTPM_VTBS", "callsign": "PGY108", "aircraft_type": "A332", "adep": "VTPM", "ades": "VTBS", "epoch_ts": "2025-12-23 02:01:08+00:00", "altitude_ft": 11669.1, "tas_kt": null, "gs_kt": 270.0, "track_deg": 174, "phase": "descent"}, "geometry": {"type": "Point", "coordinates": [100.716457, 13.990742, 3556.8]}}, {"type": "Feature", "properties": {"flight_key": "PGY108_VTPM_VTBS", "callsign": "PGY108", "aircraft_type": "A332", "adep": "VTPM", "ades": "VTBS", "epoch_ts": "2025-12-23 02:07:08+00:00", "altitude_ft": 3.7, "tas_kt": null, "gs_kt": 270.0, "track_deg": 0, "phase": "descent"}, "geometry": {"type": "Point", "coordinates": [100.748889, 13.685833, 1.1]}}, {"type": "Feature", "properties": {"feature_type": "route", "flight_key": "TGW109_VTSS_VTBS", "route": "DANDO M769 LEBIM", "callsign": "TGW109", "aircraft_type": "B739", "adep": "VTSS", "ades": "VTBS", "rfl": 350, "sid": "DAND1C", "star": "LEBI1C", "approach": "R19", "dep_rwy": "RW26", "arr_rwy": "RW19", "eobt": "2025-12-23T00:14:30+00:00", "idents": ["VTSS", "DANDO", "DOXAS", "RIPMU", "PINUN", "SORTO", "DONSI", "GOKEX", "SURMA", "LEBIM", "VTBS"]}, "geometry": {"type": "LineString", "coordinates": [[100.395, 6.932778], [100.34, 7.515], [100.368889, 8.7825], [100.377222, 9.147778], [100.385, 9.473611], [100.395, 9.898056], [100.400278, 10.127222], [100.428889, 11.304167], [100.4425, 11.856111], [100.473611, 13.0875], [100.748889, 13.685833]]}}, {"type": "Feature", "properties": {"flight_key": "TGW109_VTSS_VTBS", "callsign": "TGW109", "aircraft_type": "B739", "adep": "VTSS", "ades": "VTBS", "epoch_ts": "2025-12-23 00:14:30+00:00", "altitude_ft": 58.0, "tas_kt": null, "gs_kt": 280.0, "track_deg": 355, "phase": "climb"}, "geometry": {"type": "Point", "coordinates": [100.395, 6.932778, 17.7]}}, {"type": "Feature", "properties": {"flight_key": "TGW109_VTSS_VTBS", "callsign": "TGW109", "aircraft_type": "B739", "adep": "VTSS", "ades": "VTBS", "epoch_ts": "2025-12-23 00:20:30+00:00", "altitude_ft": 11705.3, "tas_kt": null, "gs_kt": 280.0, "track_deg": 355, "phase": "climb"}, "geometry": {"type": "Point", "coordinates": [100.352255, 7.385266, 3567.8]}}, {"type": "Feature", "properties": {"flight_key": "TGW109_VTSS_VTBS", "callsign": "TGW109", "aircraft_type": "B739", "adep": "VTSS", "ades": "VTBS", "epoch_ts": "2025-12-23 00:26:30+00:00", "altitude_ft": 23352.7, "tas_kt": null, "gs_kt": 280.0, "track_deg": 1, "phase": "climb"}, "geometry": {"type": "Point", "coordinates": [100.347387, 7.839107, 7117.9]}}, {"type": "Feature", "properties": {"flight_key": "TGW109_VTSS_VTBS", "callsign": "TGW109", "aircraft_type": "B739", "adep": "VTSS", "ades": "VTBS", "epoch_ts": "2025-12-23 00:32:30+00:00", "altitude_ft": 35000.0, "tas_kt": null, "gs_kt": 460.0, "track_deg": 1, "phase": "cruise"}, "geometry": {"type": "Point", "coordinates": [100.357743, 8.293491, 10668.0]}}, {"type": "Feature", "properties": {"flight_key": "TGW109_VTSS_VTBS", "callsign": "TGW109", "aircraft_type": "B739", "adep": "VTSS", "ades": "VTBS", "epoch_ts": "2025-12-23 00:38:30+00:00", "altitude_ft": 35000.0, "tas_kt": null, "gs_kt": 460.0, "track_deg": 1, "phase": "cruise"}, "geometry": {"type": "Point", "coordinates": [100.3681, 8.747876, 10668.0]}}, {"type": "Feature", "properties": {"flight_key": "TGW109_VTSS_VTBS", "callsign": "TGW109", "aircraft_type": "B739", "adep": "VTSS", "ades": "VTBS", "epoch_ts": "2025-12-23 00:44:30+00:00", "altitude_ft": 35000.0, "tas_kt": null, "gs_kt": 460.0, "track_deg": 1, "phase": "cruise"}, "geometry": {"type": "Point", "coordinates": [100.378523, 9.202259, 10668.0]}}, {"type": "Feature", "properties": {"flight_key": "TGW109_VTSS_VTBS", "callsign": "TGW109", "aircraft_type": "B739", "adep": "VTSS", "ades": "VTBS", "epoch_ts": "2025-12-23 00:50:30+00:00", "altitude_ft": 35000.0, "tas_kt": null, "gs_kt": 460.0, "track_deg": 1, "phase": "cruise"}, "geometry": {"type": "Point", "coordinates": [100.389312, 9.656633, 10668.0]}}, {"type": "Feature", "properties": {"flight_key": "TGW109_VTSS_VTBS", "callsign": "TGW109", "aircraft_type": "B739", "adep": "VTSS", "ades": "VTBS", "epoch_ts": "2025-12-23 00:56:30+00:00", "altitude_ft": 35000.0, "tas_kt": null, "gs_kt": 460.0, "track_deg": 1, "phase": "cruise"}, "geometry": {"type": "Point", "coordinates": [100.399905, 10.111012, 10668.0]}}, {"type": "Feature", "properties": {"flight_key": "TGW109_VTSS_VTBS", "callsign": "TGW109", "aircraft_type": "B739", "adep": "VTSS", "ades": "VTBS", "epoch_ts": "2025-12-23 01:02:30+00:00", "altitude_ft": 35000.0, "tas_kt": null, "gs_kt": 460.0, "track_deg": 1, "phase": "cruise"}, "geometry": {"type": "Point", "coordinates": [100.410929, 10.565381, 10668.0]}}, {"type": "Feature", "properties": {"flight_key": "TGW109_VTSS_VTBS", "callsign": "TGW109", "aircraft_type": "B739", "adep": "VTSS", "ades": "VTBS", "epoch_ts": "2025-12-23 01:08:30+00:00", "altitude_ft": 35000.0, "tas_kt": null, "gs_kt": 460.0, "track_deg": 1, "phase": "cruise"}, "geometry": {"type": "Point", "coordinates": [100.421975, 11.01975, 10668.0]}}, {"type": "Feature", "properties": {"flight_key": "TGW109_VTSS_VTBS", "callsign": "TGW109", "aircraft_type": "B739", "adep": "VTSS", "ades": "VTBS", "epoch_ts": "2025-12-23 01:14:30+00:00", "altitude_ft": 35000.0, "tas_kt": null, "gs_kt": 460.0, "track_deg": 1, "phase": "cruise"}, "geometry": {"type": "Point", "coordinates": [100.43308, 11.474116, 10668.0]}}, {"type": "Feature", "properties": {"flight_key": "TGW109_VTSS_VTBS", "callsign": "TGW109", "aircraft_type": "B739", "adep": "VTSS", "ades": "VTBS", "epoch_ts": "2025-12-23 01:20:30+00:00", "altitude_ft": 35000.0, "tas_kt": null, "gs_kt": 460.0, "track_deg": 1, "phase": "cruise"}, "geometry": {"type": "Point", "coordinates": [100.444328, 11.92848, 10668.0]}}, {"type": "Feature", "properties": {"flight_key": "TGW109_VTSS_VTBS", "callsign": "TGW109", "aircraft_type": "B739", "adep": "VTSS", "ades": "VTBS", "epoch_ts": "2025-12-23 01:26:30+00:00", "altitude_ft": 35000.0, "tas_kt": null, "gs_kt": 460.0, "track_deg": 1, "phase": "cruise"}, "geometry": {"type": "Point", "coordinates": [100.455808, 12.382837, 10668.0]}}, {"type": "Feature", "properties": {"flight_key": "TGW109_VTSS_VTBS", "callsign": "TGW109", "aircraft_type": "B739", "adep": "VTSS", "ades": "VTBS", "epoch_ts": "2025-12-23 01:32:30+00:00", "altitude_ft": 23334.6, "tas_kt": null, "gs_kt": 270.0, "track_deg": 1, "phase": "descent"}, "geometry": {"type": "Point", "coordinates": [100.467287, 12.837195, 7112.4]}}, {"type": "Feature", "properties": {"flight_key": "TGW109_VTSS_VTBS", "callsign": "TGW109", "aircraft_type": "B739", "adep": "VTSS", "ades": "VTBS", "epoch_ts": "2025-12-23 01:38:30+00:00", "altitude_ft": 11669.1, "tas_kt": null, "gs_kt": 270.0, "track_deg": 24, "phase": "descent"}, "geometry": {"type": "Point", "coordinates": [100.558924, 13.272934, 3556.8]}}, {"type": "Feature", "properties": {"flight_key": "TGW109_VTSS_VTBS", "callsign": "TGW109", "aircraft_type": "B739", "adep": "VTSS", "ades": "VTBS", "epoch_ts": "2025-12-23 01:44:30+00:00", "altitude_ft": 3.7, "tas_kt": null, "gs_kt": 270.0, "track_deg": 0, "phase": "descent"}, "geometry": {"type": "Point", "coordinates": [100.748889, 13.685833, 1.1]}}, {"type": "Feature", "properties": {"feature_type": "route", "flight_key": "THA110_VTPO_VTBS", "route": "PEBLI Y28 BLAFF DCT NORTA", "callsign": "THA110", "aircraft_type": "A359", "adep": "VTPO", "ades": "VTBS", "rfl": 350, "sid": "PEBL1C", "star": "NORT1C", "approach": "R19", "dep_rwy": "RW18", "arr_rwy": "RW19", "eobt": "2025-12-23T00:44:36.148382+00:00", "idents": ["VTPO", "PEBLI", "BLAFF", "NORTA", "VTBS"]}, "geometry": {"type": "LineString", "coordinates": [[99.818333, 17.2375], [100.293333, 16.268333], [100.2975, 15.275833], [100.639017, 14.718789], [100.748889, 13.685833]]}}, {"type": "Feature", "properties": {"flight_key": "THA110_VTPO_VTBS", "callsign": "THA110", "aircraft_type": "A359", "adep": "VTPO", "ades": "VTBS", "epoch_ts": "2025-12-23 00:44:36+00:00", "altitude_ft": 184.0, "tas_kt": null, "gs_kt": 280.0, "track_deg": 155, "phase": "climb"}, "geometry": {"type": "Point", "coordinates": [99.818333, 17.2375, 56.1]}}, {"type": "Feature", "properties": {"flight_key": "THA110_VTPO_VTBS", "callsign": "THA110", "aircraft_type": "A359", "adep": "VTPO", "ades": "VTBS", "epoch_ts": "2025-12-23 00:50:36+00:00", "altitude_ft": 11789.3, "tas_kt": null, "gs_kt": 280.0, "track_deg": 155, "phase": "climb"}, "geometry": {"type": "Point", "coordinates": [99.928768, 17.012174, 3593.4]}}, {"type": "Feature", "properties": {"flight_key": "THA110_VTPO_VTBS", "callsign": "THA110", "aircraft_type": "A359", "adep": "VTPO", "ades": "VTBS", "epoch_ts": "2025-12-23 00:56:36+00:00", "altitude_ft": 23394.7, "tas_kt": null, "gs_kt": 280.0, "track_deg": 155, "phase": "climb"}, "geometry": {"type": "Point", "coordinates": [100.039203, 16.786848, 7130.7]}}, {"type": "Feature", "properties": {"flight_key": "THA110_VTPO_VTBS", "callsign": "THA110", "aircraft_type": "A359", "adep": "VTPO", "ades": "VTBS", "epoch_ts": "2025-12-23 01:02:36+00:00", "altitude_ft": 35000.0, "tas_kt": null, "gs_kt": 460.0, "track_deg": 155, "phase": "cruise"}, "geometry": {"type": "Point", "coordinates": [100.149637, 16.561522, 10668.0]}}, {"type": "Feature", "properties": {"flight_key": "THA110_VTPO_VTBS", "callsign": "THA110", "aircraft_type": "A359", "adep": "VTPO", "ades": "VTBS", "epoch_ts": "2025-12-23 01:08:36+00:00", "altitude_ft": 35000.0, "tas_kt": null, "gs_kt": 460.0, "track_deg": 155, "phase": "cruise"}, "geometry": {"type": "Point", "coordinates": [100.260072, 16.336197, 10668.0]}}, {"type": "Feature", "properties": {"flight_key": "THA110_VTPO_VTBS", "callsign": "THA110", "aircraft_type": "A359", "adep": "VTPO", "ades": "VTBS", "epoch_ts": "2025-12-23 01:14:36+00:00", "altitude_ft": 35000.0, "tas_kt": null, "gs_kt": 460.0, "track_deg": 180, "phase": "cruise"}, "geometry": {"type": "Point", "coordinates": [100.294069, 16.092977, 10668.0]}}, {"type": "Feature", "properties": {"flight_key": "THA110_VTPO_VTBS", "callsign": "THA110", "aircraft_type": "A359", "adep": "VTPO", "ades": "VTBS", "epoch_ts": "2025-12-23 01:20:36+00:00", "altitude_ft": 35000.0, "tas_kt": null, "gs_kt": 460.0, "track_deg": 180, "phase": "cruise"}, "geometry": {"type": "Point", "coordinates": [100.295123, 15.842046, 10668.0]}}, {"type": "Feature", "properties": {"flight_key": "THA110_VTPO_VTBS", "callsign": "THA110", "aircraft_type": "A359", "adep": "VTPO", "ades": "VTBS", "epoch_ts": "2025-12-23 01:26:36+00:00", "altitude_ft": 35000.0, "tas_kt": null, "gs_kt": 460.0, "track_deg": 180, "phase": "cruise"}, "geometry": {"type": "Point", "coordinates": [100.296176, 15.591115, 10668.0]}}, {"type": "Feature", "properties": {"flight_key": "THA110_VTPO_VTBS", "callsign": "THA110", "aircraft_type": "A359", "adep": "VTPO", "ades": "VTBS", "epoch_ts": "2025-12-23 01:32:36+00:00", "altitude_ft": 35000.0, "tas_kt": null, "gs_kt": 460.0, "track_deg": 180, "phase": "cruise"}, "geometry": {"type": "Point", "coordinates": [100.29723, 15.340183, 10668.0]}}, {"type": "Feature", "properties": {"flight_key": "THA110_VTPO_VTBS", "callsign": "THA110", "aircraft_type": "A359", "adep": "VTPO", "ades": "VTBS", "epoch_ts": "2025-12-23 01:38:36+00:00", "altitude_ft": 35000.0, "tas_kt": null, "gs_kt": 460.0, "track_deg": 149, "phase": "cruise"}, "geometry": {"type": "Point", "coordinates": [100.395022, 15.116766, 10668.0]}}, {"type": "Feature", "properties": {"flight_key": "THA110_VTPO_VTBS", "callsign": "THA110", "aircraft_type": "A359", "adep": "VTPO", "ades": "VTBS", "epoch_ts": "2025-12-23 01:44:36+00:00", "altitude_ft": 35000.0, "tas_kt": null, "gs_kt": 460.0, "track_deg": 149, "phase": "cruise"}, "geometry": {"type": "Point", "coordinates": [100.526179, 14.902837, 10668.0]}}, {"type": "Feature", "properties": {"flight_key": "THA110_VTPO_VTBS", "callsign": "THA110", "aircraft_type": "A359", "adep": "VTPO", "ades": "VTBS", "epoch_ts": "2025-12-23 01:50:36+00:00", "altitude_ft": 35000.0, "tas_kt": null, "gs_kt": 460.0, "track_deg": 174, "phase": "cruise"}, "geometry": {"type": "Point", "coordinates": [100.642724, 14.683936, 10668.0]}}, {"type": "Feature", "properties": {"flight_key": "THA110_VTPO_VTBS", "callsign": "THA110", "aircraft_type": "A359", "adep": "VTPO", "ades": "VTBS", "epoch_ts": "2025-12-23 01:56:36+00:00", "altitude_ft": 35000.0, "tas_kt": null, "gs_kt": 460.0, "track_deg": 174, "phase": "cruise"}, "geometry": {"type": "Point", "coordinates": [100.669265, 14.434411, 10668.0]}}, {"type": "Feature", "properties": {"flight_key": "THA110_VTPO_VTBS", "callsign": "THA110", "aircraft_type": "A359", "adep": "VTPO", "ades": "VTBS", "epoch_ts": "2025-12-23 02:02:36+00:00", "altitude_ft": 23334.6, "tas_kt": null, "gs_kt": 270.0, "track_deg": 174, "phase": "descent"}, "geometry": {"type": "Point", "coordinates": [100.695807, 14.184885, 7112.4]}}, {"type": "Feature", "properties": {"flight_key": "THA110_VTPO_VTBS", "callsign": "THA110", "aircraft_type": "A359", "adep": "VTPO", "ades": "VTBS", "epoch_ts": "2025-12-23 02:08:36+00:00", "altitude_ft": 11669.1, "tas_kt": null, "gs_kt": 270.0, "track_deg": 174, "phase": "descent"}, "geometry": {"type": "Point", "coordinates": [100.722348, 13.935359, 3556.8]}}, {"type": "Feature", "properties": {"flight_key": "THA110_VTPO_VTBS", "callsign": "THA110", "aircraft_type": "A359", "adep": "VTPO", "ades": "VTBS", "epoch_ts": "2025-12-23 02:14:36+00:00", "altitude_ft": 3.7, "tas_kt": null, "gs_kt": 270.0, "track_deg": 0, "phase": "descent"}, "geometry": {"type": "Point", "coordinates": [100.748889, 13.685833, 1.1]}}, {"type": "Feature", "properties": {"feature_type": "route", "flight_key": "AIQ111_VTPP_VTBS", "route": "PEBLI Y28 BLAFF DCT NORTA", "callsign": "AIQ111", "aircraft_type": "B789", "adep": "VTPP", "ades": "VTBS", "rfl": 350, "sid": "PEBL1A", "star": "NORT1C", "approach": "R19", "dep_rwy": "RW14", "arr_rwy": "RW19", "eobt": "2025-12-23T00:50:33.002814+00:00", "idents": ["VTPP", "PEBLI", "BLAFF", "NORTA", "VTBS"]}, "geometry": {"type": "LineString", "coordinates": [[100.279133, 16.782942], [100.293333, 16.268333], [100.2975, 15.275833], [100.639017, 14.718789], [100.748889, 13.685833]]}}, {"type": "Feature", "properties": {"flight_key": "AIQ111_VTPP_VTBS", "callsign": "AIQ111", "aircraft_type": "B789", "adep": "VTPP", "ades": "VTBS", "epoch_ts": "2025-12-23 00:50:33+00:00", "altitude_ft": 148.0, "tas_kt": null, "gs_kt": 280.0, "track_deg": 178, "phase": "climb"}, "geometry": {"type": "Point", "coordinates": [100.279133, 16.782942, 45.1]}}, {"type": "Feature", "properties": {"flight_key": "AIQ111_VTPP_VTBS", "callsign": "AIQ111", "aircraft_type": "B789", "adep": "VTPP", "ades": "VTBS", "epoch_ts": "2025-12-23 00:56:33+00:00", "altitude_ft": 11765.3, "tas_kt": null, "gs_kt": 280.0, "track_deg": 178, "phase": "climb"}, "geometry": {"type": "Point", "coordinates": [100.285017, 16.569723, 3586.1]}}, {"type": "Feature", "properties": {"flight_key": "AIQ111_VTPP_VTBS", "callsign": "AIQ111", "aircraft_type": "B789", "adep": "VTPP", "ades": "VTBS", "epoch_ts": "2025-12-23 01:02:33+00:00", "altitude_ft": 23382.7, "tas_kt": null, "gs_kt": 280.0, "track_deg": 178, "phase": "climb"}, "geometry": {"type": "Point", "coordinates": [100.2909, 16.356505, 7127.0]}}, {"type": "Feature", "properties": {"flight_key": "AIQ111_VTPP_VTBS", "callsign": "AIQ111", "aircraft_type": "B789", "adep": "VTPP", "ades": "VTBS", "epoch_ts": "2025-12-23 01:08:33+00:00", "altitude_ft": 35000.0, "tas_kt": null, "gs_kt": 460.0, "track_deg": 180, "phase": "cruise"}, "geometry": {"type": "Point", "coordinates": [100.293858, 16.14324, 10668.0]}}, {"type": "Feature", "properties": {"flight_key": "AIQ111_VTPP_VTBS", "callsign": "AIQ111", "aircraft_type": "B789", "adep": "VTPP", "ades": "VTBS", "epoch_ts": "2025-12-23 01:14:33+00:00", "altitude_ft": 35000.0, "tas_kt": null, "gs_kt": 460.0, "track_deg": 180, "phase": "cruise"}, "geometry": {"type": "Point", "coordinates": [100.294754, 15.929942, 10668.0]}}, {"type": "Feature", "properties": {"flight_key": "AIQ111_VTPP_VTBS", "callsign": "AIQ111", "aircraft_type": "B789", "adep": "VTPP", "ades": "VTBS", "epoch_ts": "2025-12-23 01:20:33+00:00", "altitude_ft": 35000.0, "tas_kt": null, "gs_kt": 460.0, "track_deg": 180, "phase": "cruise"}, "geometry": {"type": "Point", "coordinates": [100.295649, 15.716644, 10668.0]}}, {"type": "Feature", "properties": {"flight_key": "AIQ111_VTPP_VTBS", "callsign": "AIQ111", "aircraft_type": "B789", "adep": "VTPP", "ades": "VTBS", "epoch_ts": "2025-12-23 01:26:33+00:00", "altitude_ft": 35000.0, "tas_kt": null, "gs_kt": 460.0, "track_deg": 180, "phase": "cruise"}, "geometry": {"type": "Point", "coordinates": [100.296545, 15.503346, 10668.0]}}, {"type": "Feature", "properties": {"flight_key": "AIQ111_VTPP_VTBS", "callsign": "AIQ111", "aircraft_type": "B789", "adep": "VTPP", "ades": "VTBS", "epoch_ts": "2025-12-23 01:32:33+00:00", "altitude_ft": 35000.0, "tas_kt": null, "gs_kt": 460.0, "track_deg": 180, "phase": "cruise"}, "geometry": {"type": "Point", "coordinates": [100.29744, 15.290048, 10668.0]}}, {"type": "Feature", "properties": {"flight_key": "AIQ111_VTPP_VTBS", "callsign": "AIQ111", "aircraft_type": "B789", "adep": "VTPP", "ades": "VTBS", "epoch_ts": "2025-12-23 01:38:33+00:00", "altitude_ft": 35000.0, "tas_kt": null, "gs_kt": 460.0, "track_deg": 149, "phase": "cruise"}, "geometry": {"type": "Point", "coordinates": [100.401557, 15.106107, 10668.0]}}, {"type": "Feature", "properties": {"flight_key": "AIQ111_VTPP_VTBS", "callsign": "AIQ111", "aircraft_type": "B789", "adep": "VTPP", "ades": "VTBS", "epoch_ts": "2025-12-23 01:44:33+00:00", "altitude_ft": 35000.0, "tas_kt": null, "gs_kt": 460.0, "track_deg": 149, "phase": "cruise"}, "geometry": {"type": "Point", "coordinates": [100.513044, 14.924262, 10668.0]}}, {"type": "Feature", "properties": {"flight_key": "AIQ111_VTPP_VTBS", "callsign": "AIQ111", "aircraft_type": "B789", "adep": "VTPP", "ades": "VTBS", "epoch_ts": "2025-12-23 01:50:33+00:00", "altitude_ft": 35000.0, "tas_kt": null, "gs_kt": 460.0, "track_deg": 149, "phase": "cruise"}, "geometry": {"type": "Point", "coordinates": [100.62453, 14.742418, 10668.0]}}, {"type": "Feature", "properties": {"flight_key": "AIQ111_VTPP_VTBS", "callsign": "AIQ111", "aircraft_type": "B789", "adep": "VTPP", "ades": "VTBS", "epoch_ts": "2025-12-23 01:56:33+00:00", "altitude_ft": 35000.0, "tas_kt": null, "gs_kt": 460.0, "track_deg": 174, "phase": "cruise"}, "geometry": {"type": "Point", "coordinates": [100.658646, 14.534246, 10668.0]}}, {"type": "Feature", "properties": {"flight_key": "AIQ111_VTPP_VTBS", "callsign": "AIQ111", "aircraft_type": "B789", "adep": "VTPP", "ades": "VTBS", "epoch_ts": "2025-12-23 02:02:33+00:00", "altitude_ft": 35000.0, "tas_kt": null, "gs_kt": 460.0, "track_deg": 174, "phase": "cruise"}, "geometry": {"type": "Point", "coordinates": [100.681207, 14.322143, 10668.0]}}, {"type": "Feature", "properties": {"flight_key": "AIQ111_VTPP_VTBS", "callsign": "AIQ111", "aircraft_type": "B789", "adep": "VTPP", "ades": "VTBS", "epoch_ts": "2025-12-23 02:08:33+00:00", "altitude_ft": 23334.6, "tas_kt": null, "gs_kt": 270.0, "track_deg": 174, "phase": "descent"}, "geometry": {"type": "Point", "coordinates": [100.703768, 14.11004, 7112.4]}}, {"type": "Feature", "properties": {"flight_key": "AIQ111_VTPP_VTBS", "callsign": "AIQ111", "aircraft_type": "B789", "adep": "VTPP", "ades": "VTBS", "epoch_ts": "2025-12-23 02:14:33+00:00", "altitude_ft": 11669.1, "tas_kt": null, "gs_kt": 270.0, "track_deg": 174, "phase": "descent"}, "geometry": {"type": "Point", "coordinates": [100.726328, 13.897936, 3556.8]}}, {"type": "Feature", "properties": {"flight_key": "AIQ111_VTPP_VTBS", "callsign": "AIQ111", "aircraft_type": "B789", "adep": "VTPP", "ades": "VTBS", "epoch_ts": "2025-12-23 02:20:33+00:00", "altitude_ft": 3.7, "tas_kt": null, "gs_kt": 270.0, "track_deg": 0, "phase": "descent"}, "geometry": {"type": "Point", "coordinates": [100.748889, 13.685833, 1.1]}}, {"type": "Feature", "properties": {"feature_type": "route", "flight_key": "BKP112_VTUD_VTBS", "route": "SURGU W21 NOBER DCT NORTA", "callsign": "BKP112", "aircraft_type": "A333", "adep": "VTUD", "ades": "VTBS", "rfl": 350, "sid": "SURG1B", "star": "NORT1C", "approach": "R19", "dep_rwy": "RW12", "arr_rwy": "RW19", "eobt": "2025-12-23T00:37:12.049979+00:00", "idents": ["VTUD", "SURGU", "CMP", "NOBER", "NORTA", "VTBS"]}, "geometry": {"type": "LineString", "coordinates": [[102.788333, 17.386389], [102.402222, 17.032778], [101.988889, 16.635278], [100.668333, 15.276667], [100.639017, 14.718789], [100.748889, 13.685833]]}}, {"type": "Feature", "properties": {"flight_key": "BKP112_VTUD_VTBS", "callsign": "BKP112", "aircraft_type": "A333", "adep": "VTUD", "ades": "VTBS", "epoch_ts": "2025-12-23 00:37:12+00:00", "altitude_ft": 579.0, "tas_kt": null, "gs_kt": 280.0, "track_deg": 226, "phase": "climb"}, "geometry": {"type": "Point", "coordinates": [102.788333, 17.386389, 176.5]}}, {"type": "Feature", "properties": {"flight_key": "BKP112_VTUD_VTBS", "callsign": "BKP112", "aircraft_type": "A333", "adep": "VTUD", "ades": "VTBS", "epoch_ts": "2025-12-23 00:43:12+00:00", "altitude_ft": 12052.7, "tas_kt": null, "gs_kt": 280.0, "track_deg": 226, "phase": "climb"}, "geometry": {"type": "Point", "coordinates": [102.562714, 17.179761, 3673.7]}}, {"type": "Feature", "properties": {"flight_key": "BKP112_VTUD_VTBS", "callsign": "BKP112", "aircraft_type": "A333", "adep": "VTUD", "ades": "VTBS", "epoch_ts": "2025-12-23 00:49:12+00:00", "altitude_ft": 23526.3, "tas_kt": null, "gs_kt": 280.0, "track_deg": 225, "phase": "climb"}, "geometry": {"type": "Point", "coordinates": [102.338568, 16.971562, 7170.8]}}, {"type": "Feature", "properties": {"flight_key": "BKP112_VTUD_VTBS", "callsign": "BKP112", "aircraft_type": "A333", "adep": "VTUD", "ades": "VTBS", "epoch_ts": "2025-12-23 00:55:12+00:00", "altitude_ft": 35000.0, "tas_kt": null, "gs_kt": 460.0, "track_deg": 225, "phase": "cruise"}, "geometry": {"type": "Point", "coordinates": [102.118053, 16.759495, 10668.0]}}, {"type": "Feature", "properties": {"flight_key": "BKP112_VTUD_VTBS", "callsign": "BKP112", "aircraft_type": "A333", "adep": "VTUD", "ades": "VTBS", "epoch_ts": "2025-12-23 01:01:12+00:00", "altitude_ft": 35000.0, "tas_kt": null, "gs_kt": 460.0, "track_deg": 223, "phase": "cruise"}, "geometry": {"type": "Point", "coordinates": [101.900553, 16.544397, 10668.0]}}, {"type": "Feature", "properties": {"flight_key": "BKP112_VTUD_VTBS", "callsign": "BKP112", "aircraft_type": "A333", "adep": "VTUD", "ades": "VTBS", "epoch_ts": "2025-12-23 01:07:12+00:00", "altitude_ft": 35000.0, "tas_kt": null, "gs_kt": 460.0, "track_deg": 223, "phase": "cruise"}, "geometry": {"type": "Point", "coordinates": [101.687315, 16.325014, 10668.0]}}, {"type": "Feature", "properties": {"flight_key": "BKP112_VTUD_VTBS", "callsign": "BKP112", "aircraft_type": "A333", "adep": "VTUD", "ades": "VTBS", "epoch_ts": "2025-12-23 01:13:12+00:00", "altitude_ft": 35000.0, "tas_kt": null, "gs_kt": 460.0, "track_deg": 223, "phase": "cruise"}, "geometry": {"type": "Point", "coordinates": [101.474077, 16.105631, 10668.0]}}, {"type": "Feature", "properties": {"flight_key": "BKP112_VTUD_VTBS", "callsign": "BKP112", "aircraft_type": "A333", "adep": "VTUD", "ades": "VTBS", "epoch_ts": "2025-12-23 01:19:12+00:00", "altitude_ft": 35000.0, "tas_kt": null, "gs_kt": 460.0, "track_deg": 223, "phase": "cruise"}, "geometry": {"type": "Point", "coordinates": [101.260839, 15.886248, 10668.0]}}, {"type": "Feature", "properties": {"flight_key": "BKP112_VTUD_VTBS", "callsign": "BKP112", "aircraft_type": "A333", "adep": "VTUD", "ades": "VTBS", "epoch_ts": "2025-12-23 01:25:12+00:00", "altitude_ft": 35000.0, "tas_kt": null, "gs_kt": 460.0, "track_deg": 223, "phase": "cruise"}, "geometry": {"type": "Point", "coordinates": [101.047601, 15.666865, 10668.0]}}, {"type": "Feature", "properties": {"flight_key": "BKP112_VTUD_VTBS", "callsign": "BKP112", "aircraft_type": "A333", "adep": "VTUD", "ades": "VTBS", "epoch_ts": "2025-12-23 01:31:12+00:00", "altitude_ft": 35000.0, "tas_kt": null, "gs_kt": 460.0, "track_deg": 223, "phase": "cruise"}, "geometry": {"type": "Point", "coordinates": [100.834363, 15.447482, 10668.0]}}, {"type": "Feature", "properties": {"flight_key": "BKP112_VTUD_VTBS", "callsign": "BKP112", "aircraft_type": "A333", "adep": "VTUD", "ades": "VTBS", "epoch_ts": "2025-12-23 01:37:12+00:00", "altitude_ft": 35000.0, "tas_kt": null, "gs_kt": 460.0, "track_deg": 183, "phase": "cruise"}, "geometry": {"type": "Point", "coordinates": [100.664779, 15.20903, 10668.0]}}, {"type": "Feature", "properties": {"flight_key": "BKP112_VTUD_VTBS", "callsign": "BKP112", "aircraft_type": "A333", "adep": "VTUD", "ades": "VTBS", "epoch_ts": "2025-12-23 01:43:12+00:00", "altitude_ft": 35000.0, "tas_kt": null, "gs_kt": 460.0, "track_deg": 183, "phase": "cruise"}, "geometry": {"type": "Point", "coordinates": [100.648724, 14.903511, 10668.0]}}, {"type": "Feature", "properties": {"flight_key": "BKP112_VTUD_VTBS", "callsign": "BKP112", "aircraft_type": "A333", "adep": "VTUD", "ades": "VTBS", "epoch_ts": "2025-12-23 01:49:12+00:00", "altitude_ft": 35000.0, "tas_kt": null, "gs_kt": 460.0, "track_deg": 174, "phase": "cruise"}, "geometry": {"type": "Point", "coordinates": [100.651811, 14.598505, 10668.0]}}, {"type": "Feature", "properties": {"flight_key": "BKP112_VTUD_VTBS", "callsign": "BKP112", "aircraft_type": "A333", "adep": "VTUD", "ades": "VTBS", "epoch_ts": "2025-12-23 01:55:12+00:00", "altitude_ft": 23334.6, "tas_kt": null, "gs_kt": 270.0, "track_deg": 174, "phase": "descent"}, "geometry": {"type": "Point", "coordinates": [100.68417, 14.294281, 7112.4]}}, {"type": "Feature", "properties": {"flight_key": "BKP112_VTUD_VTBS", "callsign": "BKP112", "aircraft_type": "A333", "adep": "VTUD", "ades": "VTBS", "epoch_ts": "2025-12-23 02:01:12+00:00", "altitude_ft": 11669.1, "tas_kt": null, "gs_kt": 270.0, "track_deg": 174, "phase": "descent"}, "geometry": {"type": "Point", "coordinates": [100.71653, 13.990057, 3556.8]}}, {"type": "Feature", "properties": {"flight_key": "BKP112_VTUD_VTBS", "callsign": "BKP112", "aircraft_type": "A333", "adep": "VTUD", "ades": "VTBS", "epoch_ts": "2025-12-23 02:07:12+00:00", "altitude_ft": 3.7, "tas_kt": null, "gs_kt": 270.0, "track_deg": 0, "phase": "descent"}, "geometry": {"type": "Point", "coordinates": [100.748889, 13.685833, 1.1]}}, {"type": "Feature", "properties": {"feature_type": "route", "flight_key": "SEH113_VTUL_VTBS", "route": "BOVGO B218 CMP W21 NOBER DCT NORTA", "callsign": "SEH113", "aircraft_type": "B77W", "adep": "VTUL", "ades": "VTBS", "rfl": 350, "sid": "BOVG1A", "star": "NORT1C", "approach": "R19", "dep_rwy": "RW01", "arr_rwy": "RW19", "eobt": "2025-12-23T00:40:08.560282+00:00", "idents": ["VTUL", "BOVGO", "CMP", "NOBER", "NORTA", "VTBS"]}, "geometry": {"type": "LineString", "coordinates": [[101.721944, 17.439167], [101.826389, 17.127778], [101.988889, 16.635278], [100.668333, 15.276667], [100.639017, 14.718789], [100.748889, 13.685833]]}}, {"type": "Feature", "properties": {"flight_key": "SEH113_VTUL_VTBS", "callsign": "SEH113", "aircraft_type": "B77W", "adep": "VTUL", "ades": "VTBS", "epoch_ts": "2025-12-23 00:40:08+00:00", "altitude_ft": 821.0, "tas_kt": null, "gs_kt": 280.0, "track_deg": 162, "phase": "climb"}, "geometry": {"type": "Point", "coordinates": [101.721944, 17.439167, 250.2]}}, {"type": "Feature", "properties": {"flight_key": "SEH113_VTUL_VTBS", "callsign": "SEH113", "aircraft_type": "B77W", "adep": "VTUL", "ades": "VTBS", "epoch_ts": "2025-12-23 00:46:08+00:00", "altitude_ft": 12214.0, "tas_kt": null, "gs_kt": 280.0, "track_deg": 162, "phase": "climb"}, "geometry": {"type": "Point", "coordinates": [101.813935, 17.164908, 3722.8]}}, {"type": "Feature", "properties": {"flight_key": "SEH113_VTUL_VTBS", "callsign": "SEH113", "aircraft_type": "B77W", "adep": "VTUL", "ades": "VTBS", "epoch_ts": "2025-12-23 00:52:08+00:00", "altitude_ft": 23607.0, "tas_kt": null, "gs_kt": 280.0, "track_deg": 162, "phase": "climb"}, "geometry": {"type": "Point", "coordinates": [101.904758, 16.89026, 7195.4]}}, {"type": "Feature", "properties": {"flight_key": "SEH113_VTUL_VTBS", "callsign": "SEH113", "aircraft_type": "B77W", "adep": "VTUL", "ades": "VTBS", "epoch_ts": "2025-12-23 00:58:08+00:00", "altitude_ft": 35000.0, "tas_kt": null, "gs_kt": 460.0, "track_deg": 223, "phase": "cruise"}, "geometry": {"type": "Point", "coordinates": [101.974411, 16.620383, 10668.0]}}, {"type": "Feature", "properties": {"flight_key": "SEH113_VTUL_VTBS", "callsign": "SEH113", "aircraft_type": "B77W", "adep": "VTUL", "ades": "VTBS", "epoch_ts": "2025-12-23 01:04:08+00:00", "altitude_ft": 35000.0, "tas_kt": null, "gs_kt": 460.0, "track_deg": 223, "phase": "cruise"}, "geometry": {"type": "Point", "coordinates": [101.772788, 16.41295, 10668.0]}}, {"type": "Feature", "properties": {"flight_key": "SEH113_VTUL_VTBS", "callsign": "SEH113", "aircraft_type": "B77W", "adep": "VTUL", "ades": "VTBS", "epoch_ts": "2025-12-23 01:10:08+00:00", "altitude_ft": 35000.0, "tas_kt": null, "gs_kt": 460.0, "track_deg": 223, "phase": "cruise"}, "geometry": {"type": "Point", "coordinates": [101.571165, 16.205516, 10668.0]}}, {"type": "Feature", "properties": {"flight_key": "SEH113_VTUL_VTBS", "callsign": "SEH113", "aircraft_type": "B77W", "adep": "VTUL", "ades": "VTBS", "epoch_ts": "2025-12-23 01:16:08+00:00", "altitude_ft": 35000.0, "tas_kt": null, "gs_kt": 460.0, "track_deg": 223, "phase": "cruise"}, "geometry": {"type": "Point", "coordinates": [101.369542, 15.998083, 10668.0]}}, {"type": "Feature", "properties": {"flight_key": "SEH113_VTUL_VTBS", "callsign": "SEH113", "aircraft_type": "B77W", "adep": "VTUL", "ades": "VTBS", "epoch_ts": "2025-12-23 01:22:08+00:00", "altitude_ft": 35000.0, "tas_kt": null, "gs_kt": 460.0, "track_deg": 223, "phase": "cruise"}, "geometry": {"type": "Point", "coordinates": [101.167919, 15.79065, 10668.0]}}, {"type": "Feature", "properties": {"flight_key": "SEH113_VTUL_VTBS", "callsign": "SEH113", "aircraft_type": "B77W", "adep": "VTUL", "ades": "VTBS", "epoch_ts": "2025-12-23 01:28:08+00:00", "altitude_ft": 35000.0, "tas_kt": null, "gs_kt": 460.0, "track_deg": 223, "phase": "cruise"}, "geometry": {"type": "Point", "coordinates": [100.966296, 15.583217, 10668.0]}}, {"type": "Feature", "properties": {"flight_key": "SEH113_VTUL_VTBS", "callsign": "SEH113", "aircraft_type": "B77W", "adep": "VTUL", "ades": "VTBS", "epoch_ts": "2025-12-23 01:34:08+00:00", "altitude_ft": 35000.0, "tas_kt": null, "gs_kt": 460.0, "track_deg": 223, "phase": "cruise"}, "geometry": {"type": "Point", "coordinates": [100.764673, 15.375783, 10668.0]}}, {"type": "Feature", "properties": {"flight_key": "SEH113_VTUL_VTBS", "callsign": "SEH113", "aircraft_type": "B77W", "adep": "VTUL", "ades": "VTBS", "epoch_ts": "2025-12-23 01:40:08+00:00", "altitude_ft": 35000.0, "tas_kt": null, "gs_kt": 460.0, "track_deg": 183, "phase": "cruise"}, "geometry": {"type": "Point", "coordinates": [100.660406, 15.125822, 10668.0]}}, {"type": "Feature", "properties": {"flight_key": "SEH113_VTUL_VTBS", "callsign": "SEH113", "aircraft_type": "B77W", "adep": "VTUL", "ades": "VTBS", "epoch_ts": "2025-12-23 01:46:08+00:00", "altitude_ft": 35000.0, "tas_kt": null, "gs_kt": 460.0, "track_deg": 183, "phase": "cruise"}, "geometry": {"type": "Point", "coordinates": [100.645226, 14.836945, 10668.0]}}, {"type": "Feature", "properties": {"flight_key": "SEH113_VTUL_VTBS", "callsign": "SEH113", "aircraft_type": "B77W", "adep": "VTUL", "ades": "VTBS", "epoch_ts": "2025-12-23 01:52:08+00:00", "altitude_ft": 35000.0, "tas_kt": null, "gs_kt": 460.0, "track_deg": 174, "phase": "cruise"}, "geometry": {"type": "Point", "coordinates": [100.657099, 14.548792, 10668.0]}}, {"type": "Feature", "properties": {"flight_key": "SEH113_VTUL_VTBS", "callsign": "SEH113", "aircraft_type": "B77W", "adep": "VTUL", "ades": "VTBS", "epoch_ts": "2025-12-23 01:58:08+00:00", "altitude_ft": 23334.6, "tas_kt": null, "gs_kt": 270.0, "track_deg": 174, "phase": "descent"}, "geometry": {"type": "Point", "coordinates": [100.687696, 14.261139, 7112.4]}}, {"type": "Feature", "properties": {"flight_key": "SEH113_VTUL_VTBS", "callsign": "SEH113", "aircraft_type": "B77W", "adep": "VTUL", "ades": "VTBS", "epoch_ts": "2025-12-23 02:04:08+00:00", "altitude_ft": 11669.1, "tas_kt": null, "gs_kt": 270.0, "track_deg": 174, "phase": "descent"}, "geometry": {"type": "Point", "coordinates": [100.718292, 13.973486, 3556.8]}}, {"type": "Feature", "properties": {"flight_key": "SEH113_VTUL_VTBS", "callsign": "SEH113", "aircraft_type": "B77W", "adep": "VTUL", "ades": "VTBS", "epoch_ts": "2025-12-23 02:10:08+00:00", "altitude_ft": 3.7, "tas_kt": null, "gs_kt": 270.0, "track_deg": 0, "phase": "descent"}, "geometry": {"type": "Point", "coordinates": [100.748889, 13.685833, 1.1]}}, {"type": "Feature", "properties": {"feature_type": "route", "flight_key": "NOK114_VTCC_VTBS", "route": "PANTA Y7 BLAFF DCT NORTA", "callsign": "NOK114", "aircraft_type": "A321", "adep": "VTCC", "ades": "VTBS", "rfl": 350, "sid": "PANT2C", "star": "NORT1C", "approach": "R19", "dep_rwy": "RW36", "arr_rwy": "RW19", "eobt": "2025-12-23T00:27:53.445136+00:00", "idents": ["VTCC", "PANTA", "KEXIL", "IGPOP", "PAKMO", "BLAFF", "NORTA", "VTBS"]}, "geometry": {"type": "LineString", "coordinates": [[98.962778, 18.771389], [99.321389, 18.230833], [99.498333, 17.701111], [99.785556, 16.833889], [99.948889, 16.336944], [100.2975, 15.275833], [100.639017, 14.718789], [100.748889, 13.685833]]}}, {"type": "Feature", "properties": {"flight_key": "NOK114_VTCC_VTBS", "callsign": "NOK114", "aircraft_type": "A321", "adep": "VTCC", "ades": "VTBS", "epoch_ts": "2025-12-23 00:27:53+00:00", "altitude_ft": 1006.9, "tas_kt": null, "gs_kt": 280.0, "track_deg": 148, "phase": "climb"}, "geometry": {"type": "Point", "coordinates": [98.962778, 18.771389, 306.9]}}, {"type": "Feature", "properties": {"flight_key": "NOK114_VTCC_VTBS", "callsign": "NOK114", "aircraft_type": "A321", "adep": "VTCC", "ades": "VTBS", "epoch_ts": "2025-12-23 00:33:53+00:00", "altitude_ft": 12337.9, "tas_kt": null, "gs_kt": 280.0, "track_deg": 148, "phase": "climb"}, "geometry": {"type": "Point", "coordinates": [99.163744, 18.468461, 3760.6]}}, {"type": "Feature", "properties": {"flight_key": "NOK114_VTCC_VTBS", "callsign": "NOK114", "aircraft_type": "A321", "adep": "VTCC", "ades": "VTBS", "epoch_ts": "2025-12-23 00:39:53+00:00", "altitude_ft": 23669.0, "tas_kt": null, "gs_kt": 280.0, "track_deg": 162, "phase": "climb"}, "geometry": {"type": "Point", "coordinates": [99.346217, 18.156506, 7214.3]}}, {"type": "Feature", "properties": {"flight_key": "NOK114_VTCC_VTBS", "callsign": "NOK114", "aircraft_type": "A321", "adep": "VTCC", "ades": "VTBS", "epoch_ts": "2025-12-23 00:45:53+00:00", "altitude_ft": 35000.0, "tas_kt": null, "gs_kt": 460.0, "track_deg": 162, "phase": "cruise"}, "geometry": {"type": "Point", "coordinates": [99.461391, 17.811705, 10668.0]}}, {"type": "Feature", "properties": {"flight_key": "NOK114_VTCC_VTBS", "callsign": "NOK114", "aircraft_type": "A321", "adep": "VTCC", "ades": "VTBS", "epoch_ts": "2025-12-23 00:51:53+00:00", "altitude_ft": 35000.0, "tas_kt": null, "gs_kt": 460.0, "track_deg": 162, "phase": "cruise"}, "geometry": {"type": "Point", "coordinates": [99.575968, 17.466705, 10668.0]}}, {"type": "Feature", "properties": {"flight_key": "NOK114_VTCC_VTBS", "callsign": "NOK114", "aircraft_type": "A321", "adep": "VTCC", "ades": "VTBS", "epoch_ts": "2025-12-23 00:57:53+00:00", "altitude_ft": 35000.0, "tas_kt": null, "gs_kt": 460.0, "track_deg": 162, "phase": "cruise"}, "geometry": {"type": "Point", "coordinates": [99.690262, 17.121612, 10668.0]}}, {"type": "Feature", "properties": {"flight_key": "NOK114_VTCC_VTBS", "callsign": "NOK114", "aircraft_type": "A321", "adep": "VTCC", "ades": "VTBS", "epoch_ts": "2025-12-23 01:03:53+00:00", "altitude_ft": 35000.0, "tas_kt": null, "gs_kt": 460.0, "track_deg": 163, "phase": "cruise"}, "geometry": {"type": "Point", "coordinates": [99.804426, 16.776475, 10668.0]}}, {"type": "Feature", "properties": {"flight_key": "NOK114_VTCC_VTBS", "callsign": "NOK114", "aircraft_type": "A321", "adep": "VTCC", "ades": "VTBS", "epoch_ts": "2025-12-23 01:09:53+00:00", "altitude_ft": 35000.0, "tas_kt": null, "gs_kt": 460.0, "track_deg": 163, "phase": "cruise"}, "geometry": {"type": "Point", "coordinates": [99.917935, 16.431122, 10668.0]}}, {"type": "Feature", "properties": {"flight_key": "NOK114_VTCC_VTBS", "callsign": "NOK114", "aircraft_type": "A321", "adep": "VTCC", "ades": "VTBS", "epoch_ts": "2025-12-23 01:15:53+00:00", "altitude_ft": 35000.0, "tas_kt": null, "gs_kt": 460.0, "track_deg": 162, "phase": "cruise"}, "geometry": {"type": "Point", "coordinates": [100.031412, 16.085759, 10668.0]}}, {"type": "Feature", "properties": {"flight_key": "NOK114_VTCC_VTBS", "callsign": "NOK114", "aircraft_type": "A321", "adep": "VTCC", "ades": "VTBS", "epoch_ts": "2025-12-23 01:21:53+00:00", "altitude_ft": 35000.0, "tas_kt": null, "gs_kt": 460.0, "track_deg": 162, "phase": "cruise"}, "geometry": {"type": "Point", "coordinates": [100.144877, 15.740391, 10668.0]}}, {"type": "Feature", "properties": {"flight_key": "NOK114_VTCC_VTBS", "callsign": "NOK114", "aircraft_type": "A321", "adep": "VTCC", "ades": "VTBS", "epoch_ts": "2025-12-23 01:27:53+00:00", "altitude_ft": 35000.0, "tas_kt": null, "gs_kt": 460.0, "track_deg": 162, "phase": "cruise"}, "geometry": {"type": "Point", "coordinates": [100.258342, 15.395024, 10668.0]}}, {"type": "Feature", "properties": {"flight_key": "NOK114_VTCC_VTBS", "callsign": "NOK114", "aircraft_type": "A321", "adep": "VTCC", "ades": "VTBS", "epoch_ts": "2025-12-23 01:33:53+00:00", "altitude_ft": 35000.0, "tas_kt": null, "gs_kt": 460.0, "track_deg": 149, "phase": "cruise"}, "geometry": {"type": "Point", "coordinates": [100.421933, 15.072871, 10668.0]}}, {"type": "Feature", "properties": {"flight_key": "NOK114_VTCC_VTBS", "callsign": "NOK114", "aircraft_type": "A321", "adep": "VTCC", "ades": "VTBS", "epoch_ts": "2025-12-23 01:39:53+00:00", "altitude_ft": 35000.0, "tas_kt": null, "gs_kt": 460.0, "track_deg": 149, "phase": "cruise"}, "geometry": {"type": "Point", "coordinates": [100.611941, 14.762952, 10668.0]}}, {"type": "Feature", "properties": {"flight_key": "NOK114_VTCC_VTBS", "callsign": "NOK114", "aircraft_type": "A321", "adep": "VTCC", "ades": "VTBS", "epoch_ts": "2025-12-23 01:45:53+00:00", "altitude_ft": 23334.6, "tas_kt": null, "gs_kt": 270.0, "track_deg": 174, "phase": "descent"}, "geometry": {"type": "Point", "coordinates": [100.671988, 14.408811, 7112.4]}}, {"type": "Feature", "properties": {"flight_key": "NOK114_VTCC_VTBS", "callsign": "NOK114", "aircraft_type": "A321", "adep": "VTCC", "ades": "VTBS", "epoch_ts": "2025-12-23 01:51:53+00:00", "altitude_ft": 11669.1, "tas_kt": null, "gs_kt": 270.0, "track_deg": 174, "phase": "descent"}, "geometry": {"type": "Point", "coordinates": [100.710439, 14.047322, 3556.8]}}, {"type": "Feature", "properties": {"flight_key": "NOK114_VTCC_VTBS", "callsign": "NOK114", "aircraft_type": "A321", "adep": "VTCC", "ades": "VTBS", "epoch_ts": "2025-12-23 01:57:53+00:00", "altitude_ft": 3.7, "tas_kt": null, "gs_kt": 270.0, "track_deg": 0, "phase": "descent"}, "geometry": {"type": "Point", "coordinates": [100.748889, 13.685833, 1.1]}}, {"type": "Feature", "properties": {"feature_type": "route", "flight_key": "TVJ115_VTSB_VTBS", "route": "NIXET Y99 NONEL Y98 LEBIM", "callsign": "TVJ115", "aircraft_type": "B738", "adep": "VTSB", "ades": "VTBS", "rfl": 350, "sid": "NIXE1C", "star": "LEBI1C", "approach": "R19", "dep_rwy": "RW22", "arr_rwy": "RW19", "eobt": "2025-12-23T00:30:51.985682+00:00", "idents": ["VTSB", "NIXET", "NONEL", "OLSEL", "SURMA", "LEBIM", "VTBS"]}, "geometry": {"type": "LineString", "coordinates": [[99.139167, 9.136111], [99.436944, 9.421389], [99.893611, 10.883611], [100.280278, 11.569722], [100.4425, 11.856111], [100.473611, 13.0875], [100.748889, 13.685833]]}}, {"type": "Feature", "properties": {"flight_key": "TVJ115_VTSB_VTBS", "callsign": "TVJ115", "aircraft_type": "B738", "adep": "VTSB", "ades": "VTBS", "epoch_ts": "2025-12-23 00:30:51+00:00", "altitude_ft": 18.0, "tas_kt": null, "gs_kt": 280.0, "track_deg": 46, "phase": "climb"}, "geometry": {"type": "Point", "coordinates": [99.139167, 9.136111, 5.5]}}, {"type": "Feature", "properties": {"flight_key": "TVJ115_VTSB_VTBS", "callsign": "TVJ115", "aircraft_type": "B738", "adep": "VTSB", "ades": "VTBS", "epoch_ts": "2025-12-23 00:36:51+00:00", "altitude_ft": 11678.7, "tas_kt": null, "gs_kt": 280.0, "track_deg": 46, "phase": "climb"}, "geometry": {"type": "Point", "coordinates": [99.377525, 9.364464, 3559.7]}}, {"type": "Feature", "properties": {"flight_key": "TVJ115_VTSB_VTBS", "callsign": "TVJ115", "aircraft_type": "B738", "adep": "VTSB", "ades": "VTBS", "epoch_ts": "2025-12-23 00:42:51+00:00", "altitude_ft": 23339.3, "tas_kt": null, "gs_kt": 280.0, "track_deg": 17, "phase": "climb"}, "geometry": {"type": "Point", "coordinates": [99.510817, 9.657926, 7113.8]}}, {"type": "Feature", "properties": {"flight_key": "TVJ115_VTSB_VTBS", "callsign": "TVJ115", "aircraft_type": "B738", "adep": "VTSB", "ades": "VTBS", "epoch_ts": "2025-12-23 00:48:51+00:00", "altitude_ft": 35000.0, "tas_kt": null, "gs_kt": 460.0, "track_deg": 17, "phase": "cruise"}, "geometry": {"type": "Point", "coordinates": [99.60922, 9.973008, 10668.0]}}, {"type": "Feature", "properties": {"flight_key": "TVJ115_VTSB_VTBS", "callsign": "TVJ115", "aircraft_type": "B738", "adep": "VTSB", "ades": "VTBS", "epoch_ts": "2025-12-23 00:54:51+00:00", "altitude_ft": 35000.0, "tas_kt": null, "gs_kt": 460.0, "track_deg": 17, "phase": "cruise"}, "geometry": {"type": "Point", "coordinates": [99.707624, 10.28809, 10668.0]}}, {"type": "Feature", "properties": {"flight_key": "TVJ115_VTSB_VTBS", "callsign": "TVJ115", "aircraft_type": "B738", "adep": "VTSB", "ades": "VTBS", "epoch_ts": "2025-12-23 01:00:51+00:00", "altitude_ft": 35000.0, "tas_kt": null, "gs_kt": 460.0, "track_deg": 17, "phase": "cruise"}, "geometry": {"type": "Point", "coordinates": [99.806027, 10.603172, 10668.0]}}, {"type": "Feature", "properties": {"flight_key": "TVJ115_VTSB_VTBS", "callsign": "TVJ115", "aircraft_type": "B738", "adep": "VTSB", "ades": "VTBS", "epoch_ts": "2025-12-23 01:06:51+00:00", "altitude_ft": 35000.0, "tas_kt": null, "gs_kt": 460.0, "track_deg": 29, "phase": "cruise"}, "geometry": {"type": "Point", "coordinates": [99.91143, 10.915229, 10668.0]}}, {"type": "Feature", "properties": {"flight_key": "TVJ115_VTSB_VTBS", "callsign": "TVJ115", "aircraft_type": "B738", "adep": "VTSB", "ades": "VTBS", "epoch_ts": "2025-12-23 01:12:51+00:00", "altitude_ft": 35000.0, "tas_kt": null, "gs_kt": 460.0, "track_deg": 29, "phase": "cruise"}, "geometry": {"type": "Point", "coordinates": [100.073493, 11.202797, 10668.0]}}, {"type": "Feature", "properties": {"flight_key": "TVJ115_VTSB_VTBS", "callsign": "TVJ115", "aircraft_type": "B738", "adep": "VTSB", "ades": "VTBS", "epoch_ts": "2025-12-23 01:18:51+00:00", "altitude_ft": 35000.0, "tas_kt": null, "gs_kt": 460.0, "track_deg": 29, "phase": "cruise"}, "geometry": {"type": "Point", "coordinates": [100.235556, 11.490366, 10668.0]}}, {"type": "Feature", "properties": {"flight_key": "TVJ115_VTSB_VTBS", "callsign": "TVJ115", "aircraft_type": "B738", "adep": "VTSB", "ades": "VTBS", "epoch_ts": "2025-12-23 01:24:51+00:00", "altitude_ft": 35000.0, "tas_kt": null, "gs_kt": 460.0, "track_deg": 29, "phase": "cruise"}, "geometry": {"type": "Point", "coordinates": [100.398072, 11.777678, 10668.0]}}, {"type": "Feature", "properties": {"flight_key": "TVJ115_VTSB_VTBS", "callsign": "TVJ115", "aircraft_type": "B738", "adep": "VTSB", "ades": "VTBS", "epoch_ts": "2025-12-23 01:30:51+00:00", "altitude_ft": 35000.0, "tas_kt": null, "gs_kt": 460.0, "track_deg": 1, "phase": "cruise"}, "geometry": {"type": "Point", "coordinates": [100.44856, 12.095983, 10668.0]}}, {"type": "Feature", "properties": {"flight_key": "TVJ115_VTSB_VTBS", "callsign": "TVJ115", "aircraft_type": "B738", "adep": "VTSB", "ades": "VTBS", "epoch_ts": "2025-12-23 01:36:51+00:00", "altitude_ft": 35000.0, "tas_kt": null, "gs_kt": 460.0, "track_deg": 1, "phase": "cruise"}, "geometry": {"type": "Point", "coordinates": [100.456897, 12.425968, 10668.0]}}, {"type": "Feature", "properties": {"flight_key": "TVJ115_VTSB_VTBS", "callsign": "TVJ115", "aircraft_type": "B738", "adep": "VTSB", "ades": "VTBS", "epoch_ts": "2025-12-23 01:42:51+00:00", "altitude_ft": 35000.0, "tas_kt": null, "gs_kt": 460.0, "track_deg": 1, "phase": "cruise"}, "geometry": {"type": "Point", "coordinates": [100.465234, 12.755954, 10668.0]}}, {"type": "Feature", "properties": {"flight_key": "TVJ115_VTSB_VTBS", "callsign": "TVJ115", "aircraft_type": "B738", "adep": "VTSB", "ades": "VTBS", "epoch_ts": "2025-12-23 01:48:51+00:00", "altitude_ft": 23334.6, "tas_kt": null, "gs_kt": 270.0, "track_deg": 1, "phase": "descent"}, "geometry": {"type": "Point", "coordinates": [100.473572, 13.085939, 7112.4]}}, {"type": "Feature", "properties": {"flight_key": "TVJ115_VTSB_VTBS", "callsign": "TVJ115", "aircraft_type": "B738", "adep": "VTSB", "ades": "VTBS", "epoch_ts": "2025-12-23 01:54:51+00:00", "altitude_ft": 11669.1, "tas_kt": null, "gs_kt": 270.0, "track_deg": 24, "phase": "descent"}, "geometry": {"type": "Point", "coordinates": [100.610924, 13.385957, 3556.8]}}, {"type": "Feature", "properties": {"flight_key": "TVJ115_VTSB_VTBS", "callsign": "TVJ115", "aircraft_type": "B738", "adep": "VTSB", "ades": "VTBS", "epoch_ts": "2025-12-23 02:00:51+00:00", "altitude_ft": 3.7, "tas_kt": null, "gs_kt": 270.0, "track_deg": 0, "phase": "descent"}, "geometry": {"type": "Point", "coordinates": [100.748889, 13.685833, 1.1]}}, {"type": "Feature", "properties": {"feature_type": "route", "flight_key": "DMK116_VTCL_VTBS", "route": "VENAG W23 PSL Y28 BLAFF DCT NORTA", "callsign": "DMK116", "aircraft_type": "A320", "adep": "VTCL", "ades": "VTBS", "rfl": 350, "sid": "VENA1C", "star": "NORT1C", "approach": "R19", "dep_rwy": "RW36", "arr_rwy": "RW19", "eobt": "2025-12-23T00:35:10.308732+00:00", "idents": ["VTCL", "VENAG", "PIVUT", "POLOB", "PSL", "PEBLI", "BLAFF", "NORTA", "VTBS"]}, "geometry": {"type": "LineString", "coordinates": [[99.504167, 18.270833], [99.699444, 17.903056], [99.764722, 17.778889], [100.057778, 17.219167], [100.291389, 16.770278], [100.293333, 16.268333], [100.2975, 15.275833], [100.639017, 14.718789], [100.748889, 13.685833]]}}, {"type": "Feature", "properties": {"flight_key": "DMK116_VTCL_VTBS", "callsign": "DMK116", "aircraft_type": "A320", "adep": "VTCL", "ades": "VTBS", "epoch_ts": "2025-12-23 00:35:10+00:00", "altitude_ft": 814.0, "tas_kt": null, "gs_kt": 280.0, "track_deg": 153, "phase": "climb"}, "geometry": {"type": "Point", "coordinates": [99.504167, 18.270833, 248.1]}}, {"type": "Feature", "properties": {"flight_key": "DMK116_VTCL_VTBS", "callsign": "DMK116", "aircraft_type": "A320", "adep": "VTCL", "ades": "VTBS", "epoch_ts": "2025-12-23 00:41:10+00:00", "altitude_ft": 12209.3, "tas_kt": null, "gs_kt": 280.0, "track_deg": 153, "phase": "climb"}, "geometry": {"type": "Point", "coordinates": [99.656772, 17.983424, 3721.4]}}, {"type": "Feature", "properties": {"flight_key": "DMK116_VTCL_VTBS", "callsign": "DMK116", "aircraft_type": "A320", "adep": "VTCL", "ades": "VTBS", "epoch_ts": "2025-12-23 00:47:10+00:00", "altitude_ft": 23604.7, "tas_kt": null, "gs_kt": 280.0, "track_deg": 153, "phase": "climb"}, "geometry": {"type": "Point", "coordinates": [99.808387, 17.695492, 7194.7]}}, {"type": "Feature", "properties": {"flight_key": "DMK116_VTCL_VTBS", "callsign": "DMK116", "aircraft_type": "A320", "adep": "VTCL", "ades": "VTBS", "epoch_ts": "2025-12-23 00:53:10+00:00", "altitude_ft": 35000.0, "tas_kt": null, "gs_kt": 460.0, "track_deg": 153, "phase": "cruise"}, "geometry": {"type": "Point", "coordinates": [99.959326, 17.407205, 10668.0]}}, {"type": "Feature", "properties": {"flight_key": "DMK116_VTCL_VTBS", "callsign": "DMK116", "aircraft_type": "A320", "adep": "VTCL", "ades": "VTBS", "epoch_ts": "2025-12-23 00:59:10+00:00", "altitude_ft": 35000.0, "tas_kt": null, "gs_kt": 460.0, "track_deg": 154, "phase": "cruise"}, "geometry": {"type": "Point", "coordinates": [100.110017, 17.118788, 10668.0]}}, {"type": "Feature", "properties": {"flight_key": "DMK116_VTCL_VTBS", "callsign": "DMK116", "aircraft_type": "A320", "adep": "VTCL", "ades": "VTBS", "epoch_ts": "2025-12-23 01:05:10+00:00", "altitude_ft": 35000.0, "tas_kt": null, "gs_kt": 460.0, "track_deg": 154, "phase": "cruise"}, "geometry": {"type": "Point", "coordinates": [100.260242, 16.830127, 10668.0]}}, {"type": "Feature", "properties": {"flight_key": "DMK116_VTCL_VTBS", "callsign": "DMK116", "aircraft_type": "A320", "adep": "VTCL", "ades": "VTBS", "epoch_ts": "2025-12-23 01:11:10+00:00", "altitude_ft": 35000.0, "tas_kt": null, "gs_kt": 460.0, "track_deg": 180, "phase": "cruise"}, "geometry": {"type": "Point", "coordinates": [100.292388, 16.512338, 10668.0]}}, {"type": "Feature", "properties": {"flight_key": "DMK116_VTCL_VTBS", "callsign": "DMK116", "aircraft_type": "A320", "adep": "VTCL", "ades": "VTBS", "epoch_ts": "2025-12-23 01:17:10+00:00", "altitude_ft": 35000.0, "tas_kt": null, "gs_kt": 460.0, "track_deg": 180, "phase": "cruise"}, "geometry": {"type": "Point", "coordinates": [100.293675, 16.18693, 10668.0]}}, {"type": "Feature", "properties": {"flight_key": "DMK116_VTCL_VTBS", "callsign": "DMK116", "aircraft_type": "A320", "adep": "VTCL", "ades": "VTBS", "epoch_ts": "2025-12-23 01:23:10+00:00", "altitude_ft": 35000.0, "tas_kt": null, "gs_kt": 460.0, "track_deg": 180, "phase": "cruise"}, "geometry": {"type": "Point", "coordinates": [100.295041, 15.861521, 10668.0]}}, {"type": "Feature", "properties": {"flight_key": "DMK116_VTCL_VTBS", "callsign": "DMK116", "aircraft_type": "A320", "adep": "VTCL", "ades": "VTBS", "epoch_ts": "2025-12-23 01:29:10+00:00", "altitude_ft": 35000.0, "tas_kt": null, "gs_kt": 460.0, "track_deg": 180, "phase": "cruise"}, "geometry": {"type": "Point", "coordinates": [100.296407, 15.536113, 10668.0]}}, {"type": "Feature", "properties": {"flight_key": "DMK116_VTCL_VTBS", "callsign": "DMK116", "aircraft_type": "A320", "adep": "VTCL", "ades": "VTBS", "epoch_ts": "2025-12-23 01:35:10+00:00", "altitude_ft": 35000.0, "tas_kt": null, "gs_kt": 460.0, "track_deg": 149, "phase": "cruise"}, "geometry": {"type": "Point", "coordinates": [100.331541, 15.220309, 10668.0]}}, {"type": "Feature", "properties": {"flight_key": "DMK116_VTCL_VTBS", "callsign": "DMK116", "aircraft_type": "A320", "adep": "VTCL", "ades": "VTBS", "epoch_ts": "2025-12-23 01:41:10+00:00", "altitude_ft": 35000.0, "tas_kt": null, "gs_kt": 460.0, "track_deg": 149, "phase": "cruise"}, "geometry": {"type": "Point", "coordinates": [100.501626, 14.942886, 10668.0]}}, {"type": "Feature", "properties": {"flight_key": "DMK116_VTCL_VTBS", "callsign": "DMK116", "aircraft_type": "A320", "adep": "VTCL", "ades": "VTBS", "epoch_ts": "2025-12-23 01:47:10+00:00", "altitude_ft": 35000.0, "tas_kt": null, "gs_kt": 460.0, "track_deg": 174, "phase": "cruise"}, "geometry": {"type": "Point", "coordinates": [100.645633, 14.65659, 10668.0]}}, {"type": "Feature", "properties": {"flight_key": "DMK116_VTCL_VTBS", "callsign": "DMK116", "aircraft_type": "A320", "adep": "VTCL", "ades": "VTBS", "epoch_ts": "2025-12-23 01:53:10+00:00", "altitude_ft": 23334.6, "tas_kt": null, "gs_kt": 270.0, "track_deg": 174, "phase": "descent"}, "geometry": {"type": "Point", "coordinates": [100.680052, 14.333004, 7112.4]}}, {"type": "Feature", "properties": {"flight_key": "DMK116_VTCL_VTBS", "callsign": "DMK116", "aircraft_type": "A320", "adep": "VTCL", "ades": "VTBS", "epoch_ts": "2025-12-23 01:59:10+00:00", "altitude_ft": 11669.1, "tas_kt": null, "gs_kt": 270.0, "track_deg": 174, "phase": "descent"}, "geometry": {"type": "Point", "coordinates": [100.71447, 14.009419, 3556.8]}}, {"type": "Feature", "properties": {"flight_key": "DMK116_VTCL_VTBS", "callsign": "DMK116", "aircraft_type": "A320", "adep": "VTCL", "ades": "VTBS", "epoch_ts": "2025-12-23 02:05:10+00:00", "altitude_ft": 3.7, "tas_kt": null, "gs_kt": 270.0, "track_deg": 0, "phase": "descent"}, "geometry": {"type": "Point", "coordinates": [100.748889, 13.685833, 1.1]}}, {"type": "Feature", "properties": {"feature_type": "route", "flight_key": "THD117_VTSG_VTBS", "route": "OSPEX Y99 NONEL Y98 LEBIM", "callsign": "THD117", "aircraft_type": "B763", "adep": "VTSG", "ades": "VTBS", "rfl": 350, "sid": "OSPE1F", "star": "LEBI1C", "approach": "R19", "dep_rwy": "RW32", "arr_rwy": "RW19", "eobt": "2025-12-23T00:25:24.637753+00:00", "idents": ["VTSG", "OSPEX", "BITEN", "EMVEL", "AKVUG", "VEGNA", "NIXET", "NONEL", "OLSEL", "SURMA", "LEBIM", "VTBS"]}, "geometry": {"type": "LineString", "coordinates": [[98.985278, 8.100278], [99.221944, 8.3375], [99.341389, 8.449722], [99.356111, 8.743889], [99.371944, 9.063611], [99.380833, 9.240833], [99.436944, 9.421389], [99.893611, 10.883611], [100.280278, 11.569722], [100.4425, 11.856111], [100.473611, 13.0875], [100.748889, 13.685833]]}}, {"type": "Feature", "properties": {"flight_key": "THD117_VTSG_VTBS", "callsign": "THD117", "aircraft_type": "B763", "adep": "VTSG", "ades": "VTBS", "epoch_ts": "2025-12-23 00:25:24+00:00", "altitude_ft": 93.0, "tas_kt": null, "gs_kt": 280.0, "track_deg": 45, "phase": "climb"}, "geometry": {"type": "Point", "coordinates": [98.985278, 8.100278, 28.3]}}, {"type": "Feature", "properties": {"flight_key": "THD117_VTSG_VTBS", "callsign": "THD117", "aircraft_type": "B763", "adep": "VTSG", "ades": "VTBS", "epoch_ts": "2025-12-23 00:31:24+00:00", "altitude_ft": 11728.7, "tas_kt": null, "gs_kt": 280.0, "track_deg": 46, "phase": "climb"}, "geometry": {"type": "Point", "coordinates": [99.27018, 8.382819, 3574.9]}}, {"type": "Feature", "properties": {"flight_key": "THD117_VTSG_VTBS", "callsign": "THD117", "aircraft_type": "B763", "adep": "VTSG", "ades": "VTBS", "epoch_ts": "2025-12-23 00:37:24+00:00", "altitude_ft": 23364.3, "tas_kt": null, "gs_kt": 280.0, "track_deg": 3, "phase": "climb"}, "geometry": {"type": "Point", "coordinates": [99.356558, 8.752911, 7121.4]}}, {"type": "Feature", "properties": {"flight_key": "THD117_VTSG_VTBS", "callsign": "THD117", "aircraft_type": "B763", "adep": "VTSG", "ades": "VTBS", "epoch_ts": "2025-12-23 00:43:24+00:00", "altitude_ft": 35000.0, "tas_kt": null, "gs_kt": 460.0, "track_deg": 3, "phase": "cruise"}, "geometry": {"type": "Point", "coordinates": [99.376462, 9.153693, 10668.0]}}, {"type": "Feature", "properties": {"flight_key": "THD117_VTSG_VTBS", "callsign": "THD117", "aircraft_type": "B763", "adep": "VTSG", "ades": "VTBS", "epoch_ts": "2025-12-23 00:49:24+00:00", "altitude_ft": 35000.0, "tas_kt": null, "gs_kt": 460.0, "track_deg": 17, "phase": "cruise"}, "geometry": {"type": "Point", "coordinates": [99.474194, 9.54066, 10668.0]}}, {"type": "Feature", "properties": {"flight_key": "THD117_VTSG_VTBS", "callsign": "THD117", "aircraft_type": "B763", "adep": "VTSG", "ades": "VTBS", "epoch_ts": "2025-12-23 00:55:24+00:00", "altitude_ft": 35000.0, "tas_kt": null, "gs_kt": 460.0, "track_deg": 17, "phase": "cruise"}, "geometry": {"type": "Point", "coordinates": [99.593818, 9.92369, 10668.0]}}, {"type": "Feature", "properties": {"flight_key": "THD117_VTSG_VTBS", "callsign": "THD117", "aircraft_type": "B763", "adep": "VTSG", "ades": "VTBS", "epoch_ts": "2025-12-23 01:01:24+00:00", "altitude_ft": 35000.0, "tas_kt": null, "gs_kt": 460.0, "track_deg": 17, "phase": "cruise"}, "geometry": {"type": "Point", "coordinates": [99.713442, 10.30672, 10668.0]}}, {"type": "Feature", "properties": {"flight_key": "THD117_VTSG_VTBS", "callsign": "THD117", "aircraft_type": "B763", "adep": "VTSG", "ades": "VTBS", "epoch_ts": "2025-12-23 01:07:24+00:00", "altitude_ft": 35000.0, "tas_kt": null, "gs_kt": 460.0, "track_deg": 17, "phase": "cruise"}, "geometry": {"type": "Point", "coordinates": [99.833066, 10.689751, 10668.0]}}, {"type": "Feature", "properties": {"flight_key": "THD117_VTSG_VTBS", "callsign": "THD117", "aircraft_type": "B763", "adep": "VTSG", "ades": "VTBS", "epoch_ts": "2025-12-23 01:13:24+00:00", "altitude_ft": 35000.0, "tas_kt": null, "gs_kt": 460.0, "track_deg": 29, "phase": "cruise"}, "geometry": {"type": "Point", "coordinates": [99.990911, 11.056262, 10668.0]}}, {"type": "Feature", "properties": {"flight_key": "THD117_VTSG_VTBS", "callsign": "THD117", "aircraft_type": "B763", "adep": "VTSG", "ades": "VTBS", "epoch_ts": "2025-12-23 01:19:24+00:00", "altitude_ft": 35000.0, "tas_kt": null, "gs_kt": 460.0, "track_deg": 29, "phase": "cruise"}, "geometry": {"type": "Point", "coordinates": [100.187923, 11.405845, 10668.0]}}, {"type": "Feature", "properties": {"flight_key": "THD117_VTSG_VTBS", "callsign": "THD117", "aircraft_type": "B763", "adep": "VTSG", "ades": "VTBS", "epoch_ts": "2025-12-23 01:25:24+00:00", "altitude_ft": 35000.0, "tas_kt": null, "gs_kt": 460.0, "track_deg": 29, "phase": "cruise"}, "geometry": {"type": "Point", "coordinates": [100.38534, 11.755199, 10668.0]}}, {"type": "Feature", "properties": {"flight_key": "THD117_VTSG_VTBS", "callsign": "THD117", "aircraft_type": "B763", "adep": "VTSG", "ades": "VTBS", "epoch_ts": "2025-12-23 01:31:24+00:00", "altitude_ft": 35000.0, "tas_kt": null, "gs_kt": 460.0, "track_deg": 1, "phase": "cruise"}, "geometry": {"type": "Point", "coordinates": [100.449706, 12.14132, 10668.0]}}, {"type": "Feature", "properties": {"flight_key": "THD117_VTSG_VTBS", "callsign": "THD117", "aircraft_type": "B763", "adep": "VTSG", "ades": "VTBS", "epoch_ts": "2025-12-23 01:37:24+00:00", "altitude_ft": 35000.0, "tas_kt": null, "gs_kt": 460.0, "track_deg": 1, "phase": "cruise"}, "geometry": {"type": "Point", "coordinates": [100.459841, 12.542467, 10668.0]}}, {"type": "Feature", "properties": {"flight_key": "THD117_VTSG_VTBS", "callsign": "THD117", "aircraft_type": "B763", "adep": "VTSG", "ades": "VTBS", "epoch_ts": "2025-12-23 01:43:24+00:00", "altitude_ft": 23334.6, "tas_kt": null, "gs_kt": 270.0, "track_deg": 1, "phase": "descent"}, "geometry": {"type": "Point", "coordinates": [100.469976, 12.943615, 7112.4]}}, {"type": "Feature", "properties": {"flight_key": "THD117_VTSG_VTBS", "callsign": "THD117", "aircraft_type": "B763", "adep": "VTSG", "ades": "VTBS", "epoch_ts": "2025-12-23 01:49:24+00:00", "altitude_ft": 11669.1, "tas_kt": null, "gs_kt": 270.0, "track_deg": 24, "phase": "descent"}, "geometry": {"type": "Point", "coordinates": [100.581171, 13.321288, 3556.8]}}, {"type": "Feature", "properties": {"flight_key": "THD117_VTSG_VTBS", "callsign": "THD117", "aircraft_type": "B763", "adep": "VTSG", "ades": "VTBS", "epoch_ts": "2025-12-23 01:55:24+00:00", "altitude_ft": 3.7, "tas_kt": null, "gs_kt": 270.0, "track_deg": 0, "phase": "descent"}, "geometry": {"type": "Point", "coordinates": [100.748889, 13.685833, 1.1]}}, {"type": "Feature", "properties": {"feature_type": "route", "flight_key": "PGY118_VTCP_VTBS", "route": "IDKOR W22 PSL Y28 BLAFF DCT NORTA", "callsign": "PGY118", "aircraft_type": "A332", "adep": "VTCP", "ades": "VTBS", "rfl": 350, "sid": "IDKO1A", "star": "NORT1C", "approach": "R19", "dep_rwy": "RW19", "arr_rwy": "RW19", "eobt": "2025-12-23T00:41:57.099251+00:00", "idents": ["VTCP", "IDKOR", "NIROP", "PSL", "PEBLI", "BLAFF", "NORTA", "VTBS"]}, "geometry": {"type": "LineString", "coordinates": [[100.164722, 18.132222], [100.211944, 17.636111], [100.245556, 17.270556], [100.291389, 16.770278], [100.293333, 16.268333], [100.2975, 15.275833], [100.639017, 14.718789], [100.748889, 13.685833]]}}, {"type": "Feature", "properties": {"flight_key": "PGY118_VTCP_VTBS", "callsign": "PGY118", "aircraft_type": "A332", "adep": "VTCP", "ades": "VTBS", "epoch_ts": "2025-12-23 00:41:57+00:00", "altitude_ft": 537.0, "tas_kt": null, "gs_kt": 280.0, "track_deg": 175, "phase": "climb"}, "geometry": {"type": "Point", "coordinates": [100.164722, 18.132222, 163.7]}}, {"type": "Feature", "properties": {"flight_key": "PGY118_VTCP_VTBS", "callsign": "PGY118", "aircraft_type": "A332", "adep": "VTCP", "ades": "VTBS", "epoch_ts": "2025-12-23 00:47:57+00:00", "altitude_ft": 12024.7, "tas_kt": null, "gs_kt": 280.0, "track_deg": 175, "phase": "climb"}, "geometry": {"type": "Point", "coordinates": [100.193493, 17.829957, 3665.1]}}, {"type": "Feature", "properties": {"flight_key": "PGY118_VTCP_VTBS", "callsign": "PGY118", "aircraft_type": "A332", "adep": "VTCP", "ades": "VTBS", "epoch_ts": "2025-12-23 00:53:57+00:00", "altitude_ft": 23512.3, "tas_kt": null, "gs_kt": 280.0, "track_deg": 175, "phase": "climb"}, "geometry": {"type": "Point", "coordinates": [100.221916, 17.52766, 7166.6]}}, {"type": "Feature", "properties": {"flight_key": "PGY118_VTCP_VTBS", "callsign": "PGY118", "aircraft_type": "A332", "adep": "VTCP", "ades": "VTBS", "epoch_ts": "2025-12-23 00:59:57+00:00", "altitude_ft": 35000.0, "tas_kt": null, "gs_kt": 460.0, "track_deg": 175, "phase": "cruise"}, "geometry": {"type": "Point", "coordinates": [100.249702, 17.225303, 10668.0]}}, {"type": "Feature", "properties": {"flight_key": "PGY118_VTCP_VTBS", "callsign": "PGY118", "aircraft_type": "A332", "adep": "VTCP", "ades": "VTBS", "epoch_ts": "2025-12-23 01:05:57+00:00", "altitude_ft": 35000.0, "tas_kt": null, "gs_kt": 460.0, "track_deg": 175, "phase": "cruise"}, "geometry": {"type": "Point", "coordinates": [100.277403, 16.922938, 10668.0]}}, {"type": "Feature", "properties": {"flight_key": "PGY118_VTCP_VTBS", "callsign": "PGY118", "aircraft_type": "A332", "adep": "VTCP", "ades": "VTBS", "epoch_ts": "2025-12-23 01:11:57+00:00", "altitude_ft": 35000.0, "tas_kt": null, "gs_kt": 460.0, "track_deg": 180, "phase": "cruise"}, "geometry": {"type": "Point", "coordinates": [100.291971, 16.619948, 10668.0]}}, {"type": "Feature", "properties": {"flight_key": "PGY118_VTCP_VTBS", "callsign": "PGY118", "aircraft_type": "A332", "adep": "VTCP", "ades": "VTBS", "epoch_ts": "2025-12-23 01:17:57+00:00", "altitude_ft": 35000.0, "tas_kt": null, "gs_kt": 460.0, "track_deg": 180, "phase": "cruise"}, "geometry": {"type": "Point", "coordinates": [100.293147, 16.316319, 10668.0]}}, {"type": "Feature", "properties": {"flight_key": "PGY118_VTCP_VTBS", "callsign": "PGY118", "aircraft_type": "A332", "adep": "VTCP", "ades": "VTBS", "epoch_ts": "2025-12-23 01:23:57+00:00", "altitude_ft": 35000.0, "tas_kt": null, "gs_kt": 460.0, "track_deg": 180, "phase": "cruise"}, "geometry": {"type": "Point", "coordinates": [100.294406, 16.012691, 10668.0]}}, {"type": "Feature", "properties": {"flight_key": "PGY118_VTCP_VTBS", "callsign": "PGY118", "aircraft_type": "A332", "adep": "VTCP", "ades": "VTBS", "epoch_ts": "2025-12-23 01:29:57+00:00", "altitude_ft": 35000.0, "tas_kt": null, "gs_kt": 460.0, "track_deg": 180, "phase": "cruise"}, "geometry": {"type": "Point", "coordinates": [100.295681, 15.709063, 10668.0]}}, {"type": "Feature", "properties": {"flight_key": "PGY118_VTCP_VTBS", "callsign": "PGY118", "aircraft_type": "A332", "adep": "VTCP", "ades": "VTBS", "epoch_ts": "2025-12-23 01:35:57+00:00", "altitude_ft": 35000.0, "tas_kt": null, "gs_kt": 460.0, "track_deg": 180, "phase": "cruise"}, "geometry": {"type": "Point", "coordinates": [100.296956, 15.405434, 10668.0]}}, {"type": "Feature", "properties": {"flight_key": "PGY118_VTCP_VTBS", "callsign": "PGY118", "aircraft_type": "A332", "adep": "VTCP", "ades": "VTBS", "epoch_ts": "2025-12-23 01:41:57+00:00", "altitude_ft": 35000.0, "tas_kt": null, "gs_kt": 460.0, "track_deg": 149, "phase": "cruise"}, "geometry": {"type": "Point", "coordinates": [100.388461, 15.127468, 10668.0]}}, {"type": "Feature", "properties": {"flight_key": "PGY118_VTCP_VTBS", "callsign": "PGY118", "aircraft_type": "A332", "adep": "VTCP", "ades": "VTBS", "epoch_ts": "2025-12-23 01:47:57+00:00", "altitude_ft": 35000.0, "tas_kt": null, "gs_kt": 460.0, "track_deg": 149, "phase": "cruise"}, "geometry": {"type": "Point", "coordinates": [100.547161, 14.868614, 10668.0]}}, {"type": "Feature", "properties": {"flight_key": "PGY118_VTCP_VTBS", "callsign": "PGY118", "aircraft_type": "A332", "adep": "VTCP", "ades": "VTBS", "epoch_ts": "2025-12-23 01:53:57+00:00", "altitude_ft": 35000.0, "tas_kt": null, "gs_kt": 460.0, "track_deg": 174, "phase": "cruise"}, "geometry": {"type": "Point", "coordinates": [100.652544, 14.591616, 10668.0]}}, {"type": "Feature", "properties": {"flight_key": "PGY118_VTCP_VTBS", "callsign": "PGY118", "aircraft_type": "A332", "adep": "VTCP", "ades": "VTBS", "epoch_ts": "2025-12-23 01:59:57+00:00", "altitude_ft": 23334.6, "tas_kt": null, "gs_kt": 270.0, "track_deg": 174, "phase": "descent"}, "geometry": {"type": "Point", "coordinates": [100.684659, 14.289689, 7112.4]}}, {"type": "Feature", "properties": {"flight_key": "PGY118_VTCP_VTBS", "callsign": "PGY118", "aircraft_type": "A332", "adep": "VTCP", "ades": "VTBS", "epoch_ts": "2025-12-23 02:05:57+00:00", "altitude_ft": 11669.1, "tas_kt": null, "gs_kt": 270.0, "track_deg": 174, "phase": "descent"}, "geometry": {"type": "Point", "coordinates": [100.716774, 13.987761, 3556.8]}}, {"type": "Feature", "properties": {"flight_key": "PGY118_VTCP_VTBS", "callsign": "PGY118", "aircraft_type": "A332", "adep": "VTCP", "ades": "VTBS", "epoch_ts": "2025-12-23 02:11:57+00:00", "altitude_ft": 3.7, "tas_kt": null, "gs_kt": 270.0, "track_deg": 0, "phase": "descent"}, "geometry": {"type": "Point", "coordinates": [100.748889, 13.685833, 1.1]}}, {"type": "Feature", "properties": {"feature_type": "route", "flight_key": "TGW119_VTSM_VTBS", "route": "OLBAG Y17 DONSI M769 LEBIM", "callsign": "TGW119", "aircraft_type": "B739", "adep": "VTSM", "ades": "VTBS", "rfl": 350, "sid": "OLBA1A", "star": "LEBI1C", "approach": "R19", "dep_rwy": "RW17", "arr_rwy": "RW19", "eobt": "2025-12-23T00:38:52.641055+00:00", "idents": ["VTSM", "OLBAG", "APUSA", "DONSI", "GOKEX", "SURMA", "LEBIM", "VTBS"]}, "geometry": {"type": "LineString", "coordinates": [[100.0625, 9.548889], [100.314444, 9.980278], [100.335278, 10.015833], [100.400278, 10.127222], [100.428889, 11.304167], [100.4425, 11.856111], [100.473611, 13.0875], [100.748889, 13.685833]]}}, {"type": "Feature", "properties": {"flight_key": "TGW119_VTSM_VTBS", "callsign": "TGW119", "aircraft_type": "B739", "adep": "VTSM", "ades": "VTBS", "epoch_ts": "2025-12-23 00:38:52+00:00", "altitude_ft": 43.0, "tas_kt": null, "gs_kt": 280.0, "track_deg": 30, "phase": "climb"}, "geometry": {"type": "Point", "coordinates": [100.0625, 9.548889, 13.1]}}, {"type": "Feature", "properties": {"flight_key": "TGW119_VTSM_VTBS", "callsign": "TGW119", "aircraft_type": "B739", "adep": "VTSM", "ades": "VTBS", "epoch_ts": "2025-12-23 00:44:52+00:00", "altitude_ft": 11695.3, "tas_kt": null, "gs_kt": 280.0, "track_deg": 30, "phase": "climb"}, "geometry": {"type": "Point", "coordinates": [100.20672, 9.795829, 3564.7]}}, {"type": "Feature", "properties": {"flight_key": "TGW119_VTSM_VTBS", "callsign": "TGW119", "aircraft_type": "B739", "adep": "VTSM", "ades": "VTBS", "epoch_ts": "2025-12-23 00:50:52+00:00", "altitude_ft": 23347.7, "tas_kt": null, "gs_kt": 280.0, "track_deg": 30, "phase": "climb"}, "geometry": {"type": "Point", "coordinates": [100.350982, 10.042745, 7116.4]}}, {"type": "Feature", "properties": {"flight_key": "TGW119_VTSM_VTBS", "callsign": "TGW119", "aircraft_type": "B739", "adep": "VTSM", "ades": "VTBS", "epoch_ts": "2025-12-23 00:56:52+00:00", "altitude_ft": 35000.0, "tas_kt": null, "gs_kt": 460.0, "track_deg": 1, "phase": "cruise"}, "geometry": {"type": "Point", "coordinates": [100.404851, 10.315329, 10668.0]}}, {"type": "Feature", "properties": {"flight_key": "TGW119_VTSM_VTBS", "callsign": "TGW119", "aircraft_type": "B739", "adep": "VTSM", "ades": "VTBS", "epoch_ts": "2025-12-23 01:02:52+00:00", "altitude_ft": 35000.0, "tas_kt": null, "gs_kt": 460.0, "track_deg": 1, "phase": "cruise"}, "geometry": {"type": "Point", "coordinates": [100.411801, 10.601215, 10668.0]}}, {"type": "Feature", "properties": {"flight_key": "TGW119_VTSM_VTBS", "callsign": "TGW119", "aircraft_type": "B739", "adep": "VTSM", "ades": "VTBS", "epoch_ts": "2025-12-23 01:08:52+00:00", "altitude_ft": 35000.0, "tas_kt": null, "gs_kt": 460.0, "track_deg": 1, "phase": "cruise"}, "geometry": {"type": "Point", "coordinates": [100.41875, 10.887101, 10668.0]}}, {"type": "Feature", "properties": {"flight_key": "TGW119_VTSM_VTBS", "callsign": "TGW119", "aircraft_type": "B739", "adep": "VTSM", "ades": "VTBS", "epoch_ts": "2025-12-23 01:14:52+00:00", "altitude_ft": 35000.0, "tas_kt": null, "gs_kt": 460.0, "track_deg": 1, "phase": "cruise"}, "geometry": {"type": "Point", "coordinates": [100.4257, 11.172987, 10668.0]}}, {"type": "Feature", "properties": {"flight_key": "TGW119_VTSM_VTBS", "callsign": "TGW119", "aircraft_type": "B739", "adep": "VTSM", "ades": "VTBS", "epoch_ts": "2025-12-23 01:20:52+00:00", "altitude_ft": 35000.0, "tas_kt": null, "gs_kt": 460.0, "track_deg": 1, "phase": "cruise"}, "geometry": {"type": "Point", "coordinates": [100.432704, 11.458871, 10668.0]}}, {"type": "Feature", "properties": {"flight_key": "TGW119_VTSM_VTBS", "callsign": "TGW119", "aircraft_type": "B739", "adep": "VTSM", "ades": "VTBS", "epoch_ts": "2025-12-23 01:26:52+00:00", "altitude_ft": 35000.0, "tas_kt": null, "gs_kt": 460.0, "track_deg": 1, "phase": "cruise"}, "geometry": {"type": "Point", "coordinates": [100.439754, 11.744754, 10668.0]}}, {"type": "Feature", "properties": {"flight_key": "TGW119_VTSM_VTBS", "callsign": "TGW119", "aircraft_type": "B739", "adep": "VTSM", "ades": "VTBS", "epoch_ts": "2025-12-23 01:32:52+00:00", "altitude_ft": 35000.0, "tas_kt": null, "gs_kt": 460.0, "track_deg": 1, "phase": "cruise"}, "geometry": {"type": "Point", "coordinates": [100.446909, 12.030635, 10668.0]}}, {"type": "Feature", "properties": {"flight_key": "TGW119_VTSM_VTBS", "callsign": "TGW119", "aircraft_type": "B739", "adep": "VTSM", "ades": "VTBS", "epoch_ts": "2025-12-23 01:38:52+00:00", "altitude_ft": 35000.0, "tas_kt": null, "gs_kt": 460.0, "track_deg": 1, "phase": "cruise"}, "geometry": {"type": "Point", "coordinates": [100.454132, 12.316514, 10668.0]}}, {"type": "Feature", "properties": {"flight_key": "TGW119_VTSM_VTBS", "callsign": "TGW119", "aircraft_type": "B739", "adep": "VTSM", "ades": "VTBS", "epoch_ts": "2025-12-23 01:44:52+00:00", "altitude_ft": 35000.0, "tas_kt": null, "gs_kt": 460.0, "track_deg": 1, "phase": "cruise"}, "geometry": {"type": "Point", "coordinates": [100.461355, 12.602393, 10668.0]}}, {"type": "Feature", "properties": {"flight_key": "TGW119_VTSM_VTBS", "callsign": "TGW119", "aircraft_type": "B739", "adep": "VTSM", "ades": "VTBS", "epoch_ts": "2025-12-23 01:50:52+00:00", "altitude_ft": 35000.0, "tas_kt": null, "gs_kt": 460.0, "track_deg": 1, "phase": "cruise"}, "geometry": {"type": "Point", "coordinates": [100.468578, 12.888273, 10668.0]}}, {"type": "Feature", "properties": {"flight_key": "TGW119_VTSM_VTBS", "callsign": "TGW119", "aircraft_type": "B739", "adep": "VTSM", "ades": "VTBS", "epoch_ts": "2025-12-23 01:56:52+00:00", "altitude_ft": 23334.6, "tas_kt": null, "gs_kt": 270.0, "track_deg": 24, "phase": "descent"}, "geometry": {"type": "Point", "coordinates": [100.50984, 13.166245, 7112.4]}}, {"type": "Feature", "properties": {"flight_key": "TGW119_VTSM_VTBS", "callsign": "TGW119", "aircraft_type": "B739", "adep": "VTSM", "ades": "VTBS", "epoch_ts": "2025-12-23 02:02:52+00:00", "altitude_ft": 11669.1, "tas_kt": null, "gs_kt": 270.0, "track_deg": 24, "phase": "descent"}, "geometry": {"type": "Point", "coordinates": [100.629364, 13.426039, 3556.8]}}, {"type": "Feature", "properties": {"flight_key": "TGW119_VTSM_VTBS", "callsign": "TGW119", "aircraft_type": "B739", "adep": "VTSM", "ades": "VTBS", "epoch_ts": "2025-12-23 02:08:52+00:00", "altitude_ft": 3.7, "tas_kt": null, "gs_kt": 270.0, "track_deg": 0, "phase": "descent"}, "geometry": {"type": "Point", "coordinates": [100.748889, 13.685833, 1.1]}}, {"type": "Feature", "properties": {"feature_type": "route", "flight_key": "THA120_VTCT_VTBS", "route": "DUBEN Y28 BLAFF DCT NORTA", "callsign": "THA120", "aircraft_type": "A359", "adep": "VTCT", "ades": "VTBS", "rfl": 350, "sid": "DUBE1A", "star": "NORT1C", "approach": "R19", "dep_rwy": "RW03", "arr_rwy": "RW19", "eobt": "2025-12-23T00:26:28.470929+00:00", "idents": ["VTCT", "DUBEN", "CRIST", "PSL", "PEBLI", "BLAFF", "NORTA", "VTBS"]}, "geometry": {"type": "LineString", "coordinates": [[99.882956, 19.95235], [100.201944, 19.546944], [100.226111, 18.797778], [100.291389, 16.770278], [100.293333, 16.268333], [100.2975, 15.275833], [100.639017, 14.718789], [100.748889, 13.685833]]}}, {"type": "Feature", "properties": {"flight_key": "THA120_VTCT_VTBS", "callsign": "THA120", "aircraft_type": "A359", "adep": "VTCT", "ades": "VTBS", "epoch_ts": "2025-12-23 00:26:28+00:00", "altitude_ft": 1280.0, "tas_kt": null, "gs_kt": 280.0, "track_deg": 144, "phase": "climb"}, "geometry": {"type": "Point", "coordinates": [99.882956, 19.95235, 390.1]}}, {"type": "Feature", "properties": {"flight_key": "THA120_VTCT_VTBS", "callsign": "THA120", "aircraft_type": "A359", "adep": "VTCT", "ades": "VTBS", "epoch_ts": "2025-12-23 00:32:28+00:00", "altitude_ft": 12520.0, "tas_kt": null, "gs_kt": 280.0, "track_deg": 143, "phase": "climb"}, "geometry": {"type": "Point", "coordinates": [100.150115, 19.612814, 3816.1]}}, {"type": "Feature", "properties": {"flight_key": "THA120_VTCT_VTBS", "callsign": "THA120", "aircraft_type": "A359", "adep": "VTCT", "ades": "VTBS", "epoch_ts": "2025-12-23 00:38:28+00:00", "altitude_ft": 23760.0, "tas_kt": null, "gs_kt": 280.0, "track_deg": 178, "phase": "climb"}, "geometry": {"type": "Point", "coordinates": [100.213171, 19.198901, 7242.0]}}, {"type": "Feature", "properties": {"flight_key": "THA120_VTCT_VTBS", "callsign": "THA120", "aircraft_type": "A359", "adep": "VTCT", "ades": "VTBS", "epoch_ts": "2025-12-23 00:44:28+00:00", "altitude_ft": 35000.0, "tas_kt": null, "gs_kt": 460.0, "track_deg": 178, "phase": "cruise"}, "geometry": {"type": "Point", "coordinates": [100.227099, 18.767085, 10668.0]}}, {"type": "Feature", "properties": {"flight_key": "THA120_VTCT_VTBS", "callsign": "THA120", "aircraft_type": "A359", "adep": "VTCT", "ades": "VTBS", "epoch_ts": "2025-12-23 00:50:28+00:00", "altitude_ft": 35000.0, "tas_kt": null, "gs_kt": 460.0, "track_deg": 178, "phase": "cruise"}, "geometry": {"type": "Point", "coordinates": [100.241002, 18.335269, 10668.0]}}, {"type": "Feature", "properties": {"flight_key": "THA120_VTCT_VTBS", "callsign": "THA120", "aircraft_type": "A359", "adep": "VTCT", "ades": "VTBS", "epoch_ts": "2025-12-23 00:56:28+00:00", "altitude_ft": 35000.0, "tas_kt": null, "gs_kt": 460.0, "track_deg": 178, "phase": "cruise"}, "geometry": {"type": "Point", "coordinates": [100.254905, 17.903452, 10668.0]}}, {"type": "Feature", "properties": {"flight_key": "THA120_VTCT_VTBS", "callsign": "THA120", "aircraft_type": "A359", "adep": "VTCT", "ades": "VTBS", "epoch_ts": "2025-12-23 01:02:28+00:00", "altitude_ft": 35000.0, "tas_kt": null, "gs_kt": 460.0, "track_deg": 178, "phase": "cruise"}, "geometry": {"type": "Point", "coordinates": [100.268808, 17.471636, 10668.0]}}, {"type": "Feature", "properties": {"flight_key": "THA120_VTCT_VTBS", "callsign": "THA120", "aircraft_type": "A359", "adep": "VTCT", "ades": "VTBS", "epoch_ts": "2025-12-23 01:08:28+00:00", "altitude_ft": 35000.0, "tas_kt": null, "gs_kt": 460.0, "track_deg": 178, "phase": "cruise"}, "geometry": {"type": "Point", "coordinates": [100.282711, 17.039819, 10668.0]}}, {"type": "Feature", "properties": {"flight_key": "THA120_VTCT_VTBS", "callsign": "THA120", "aircraft_type": "A359", "adep": "VTCT", "ades": "VTBS", "epoch_ts": "2025-12-23 01:14:28+00:00", "altitude_ft": 35000.0, "tas_kt": null, "gs_kt": 460.0, "track_deg": 180, "phase": "cruise"}, "geometry": {"type": "Point", "coordinates": [100.292018, 16.60792, 10668.0]}}, {"type": "Feature", "properties": {"flight_key": "THA120_VTCT_VTBS", "callsign": "THA120", "aircraft_type": "A359", "adep": "VTCT", "ades": "VTBS", "epoch_ts": "2025-12-23 01:20:28+00:00", "altitude_ft": 35000.0, "tas_kt": null, "gs_kt": 460.0, "track_deg": 180, "phase": "cruise"}, "geometry": {"type": "Point", "coordinates": [100.293721, 16.175883, 10668.0]}}, {"type": "Feature", "properties": {"flight_key": "THA120_VTCT_VTBS", "callsign": "THA120", "aircraft_type": "A359", "adep": "VTCT", "ades": "VTBS", "epoch_ts": "2025-12-23 01:26:28+00:00", "altitude_ft": 35000.0, "tas_kt": null, "gs_kt": 460.0, "track_deg": 180, "phase": "cruise"}, "geometry": {"type": "Point", "coordinates": [100.295535, 15.743847, 10668.0]}}, {"type": "Feature", "properties": {"flight_key": "THA120_VTCT_VTBS", "callsign": "THA120", "aircraft_type": "A359", "adep": "VTCT", "ades": "VTBS", "epoch_ts": "2025-12-23 01:32:28+00:00", "altitude_ft": 35000.0, "tas_kt": null, "gs_kt": 460.0, "track_deg": 180, "phase": "cruise"}, "geometry": {"type": "Point", "coordinates": [100.297349, 15.31181, 10668.0]}}, {"type": "Feature", "properties": {"flight_key": "THA120_VTCT_VTBS", "callsign": "THA120", "aircraft_type": "A359", "adep": "VTCT", "ades": "VTBS", "epoch_ts": "2025-12-23 01:38:28+00:00", "altitude_ft": 35000.0, "tas_kt": null, "gs_kt": 460.0, "track_deg": 149, "phase": "cruise"}, "geometry": {"type": "Point", "coordinates": [100.504513, 14.938177, 10668.0]}}, {"type": "Feature", "properties": {"flight_key": "THA120_VTCT_VTBS", "callsign": "THA120", "aircraft_type": "A359", "adep": "VTCT", "ades": "VTBS", "epoch_ts": "2025-12-23 01:44:28+00:00", "altitude_ft": 23334.6, "tas_kt": null, "gs_kt": 270.0, "track_deg": 174, "phase": "descent"}, "geometry": {"type": "Point", "coordinates": [100.657495, 14.545066, 7112.4]}}, {"type": "Feature", "properties": {"flight_key": "THA120_VTCT_VTBS", "callsign": "THA120", "aircraft_type": "A359", "adep": "VTCT", "ades": "VTBS", "epoch_ts": "2025-12-23 01:50:28+00:00", "altitude_ft": 11669.1, "tas_kt": null, "gs_kt": 270.0, "track_deg": 174, "phase": "descent"}, "geometry": {"type": "Point", "coordinates": [100.703192, 14.11545, 3556.8]}}, {"type": "Feature", "properties": {"flight_key": "THA120_VTCT_VTBS", "callsign": "THA120", "aircraft_type": "A359", "adep": "VTCT", "ades": "VTBS", "epoch_ts": "2025-12-23 01:56:28+00:00", "altitude_ft": 3.7, "tas_kt": null, "gs_kt": 270.0, "track_deg": 180, "phase": "descent"}, "geometry": {"type": "Point", "coordinates": [100.748889, 13.685833, 1.1]}}, {"type": "Feature", "properties": {"feature_type": "route", "flight_key": "AIQ121_VTSP_VTBS", "route": "EMRIT Y99 NONEL Y98 LEBIM", "callsign": "AIQ121", "aircraft_type": "B789", "adep": "VTSP", "ades": "VTBS", "rfl": 350, "sid": "EMRI1A", "star": "LEBI1C", "approach": "R19", "dep_rwy": "RW09", "arr_rwy": "RW19", "eobt": "2025-12-23T00:24:01.660109+00:00", "idents": ["VTSP", "EMRIT", "KBI", "OSPEX", "BITEN", "EMVEL", "AKVUG", "VEGNA", "NIXET", "NONEL", "OLSEL", "SURMA", "LEBIM", "VTBS"]}, "geometry": {"type": "LineString", "coordinates": [[98.309167, 8.1125], [98.811111, 8.105833], [98.9775, 8.1075], [99.221944, 8.3375], [99.341389, 8.449722], [99.356111, 8.743889], [99.371944, 9.063611], [99.380833, 9.240833], [99.436944, 9.421389], [99.893611, 10.883611], [100.280278, 11.569722], [100.4425, 11.856111], [100.473611, 13.0875], [100.748889, 13.685833]]}}, {"type": "Feature", "properties": {"flight_key": "AIQ121_VTSP_VTBS", "callsign": "AIQ121", "aircraft_type": "B789", "adep": "VTSP", "ades": "VTBS", "epoch_ts": "2025-12-23 00:24:01+00:00", "altitude_ft": 22.0, "tas_kt": null, "gs_kt": 280.0, "track_deg": 91, "phase": "climb"}, "geometry": {"type": "Point", "coordinates": [98.309167, 8.1125, 6.7]}}, {"type": "Feature", "properties": {"flight_key": "AIQ121_VTSP_VTBS", "callsign": "AIQ121", "aircraft_type": "B789", "adep": "VTSP", "ades": "VTBS", "epoch_ts": "2025-12-23 00:30:01+00:00", "altitude_ft": 11681.3, "tas_kt": null, "gs_kt": 280.0, "track_deg": 91, "phase": "climb"}, "geometry": {"type": "Point", "coordinates": [98.754999, 8.106578, 3560.5]}}, {"type": "Feature", "properties": {"flight_key": "AIQ121_VTSP_VTBS", "callsign": "AIQ121", "aircraft_type": "B789", "adep": "VTSP", "ades": "VTBS", "epoch_ts": "2025-12-23 00:36:01+00:00", "altitude_ft": 23340.7, "tas_kt": null, "gs_kt": 280.0, "track_deg": 46, "phase": "climb"}, "geometry": {"type": "Point", "coordinates": [99.14017, 8.260558, 7114.2]}}, {"type": "Feature", "properties": {"flight_key": "AIQ121_VTSP_VTBS", "callsign": "AIQ121", "aircraft_type": "B789", "adep": "VTSP", "ades": "VTBS", "epoch_ts": "2025-12-23 00:42:01+00:00", "altitude_ft": 35000.0, "tas_kt": null, "gs_kt": 460.0, "track_deg": 3, "phase": "cruise"}, "geometry": {"type": "Point", "coordinates": [99.349871, 8.619207, 10668.0]}}, {"type": "Feature", "properties": {"flight_key": "AIQ121_VTSP_VTBS", "callsign": "AIQ121", "aircraft_type": "B789", "adep": "VTSP", "ades": "VTBS", "epoch_ts": "2025-12-23 00:48:01+00:00", "altitude_ft": 35000.0, "tas_kt": null, "gs_kt": 460.0, "track_deg": 3, "phase": "cruise"}, "geometry": {"type": "Point", "coordinates": [99.37199, 9.064529, 10668.0]}}, {"type": "Feature", "properties": {"flight_key": "AIQ121_VTSP_VTBS", "callsign": "AIQ121", "aircraft_type": "B789", "adep": "VTSP", "ades": "VTBS", "epoch_ts": "2025-12-23 00:54:01+00:00", "altitude_ft": 35000.0, "tas_kt": null, "gs_kt": 460.0, "track_deg": 17, "phase": "cruise"}, "geometry": {"type": "Point", "coordinates": [99.460874, 9.498011, 10668.0]}}, {"type": "Feature", "properties": {"flight_key": "AIQ121_VTSP_VTBS", "callsign": "AIQ121", "aircraft_type": "B789", "adep": "VTSP", "ades": "VTBS", "epoch_ts": "2025-12-23 01:00:01+00:00", "altitude_ft": 35000.0, "tas_kt": null, "gs_kt": 460.0, "track_deg": 17, "phase": "cruise"}, "geometry": {"type": "Point", "coordinates": [99.593793, 9.923609, 10668.0]}}, {"type": "Feature", "properties": {"flight_key": "AIQ121_VTSP_VTBS", "callsign": "AIQ121", "aircraft_type": "B789", "adep": "VTSP", "ades": "VTBS", "epoch_ts": "2025-12-23 01:06:01+00:00", "altitude_ft": 35000.0, "tas_kt": null, "gs_kt": 460.0, "track_deg": 17, "phase": "cruise"}, "geometry": {"type": "Point", "coordinates": [99.726711, 10.349207, 10668.0]}}, {"type": "Feature", "properties": {"flight_key": "AIQ121_VTSP_VTBS", "callsign": "AIQ121", "aircraft_type": "B789", "adep": "VTSP", "ades": "VTBS", "epoch_ts": "2025-12-23 01:12:01+00:00", "altitude_ft": 35000.0, "tas_kt": null, "gs_kt": 460.0, "track_deg": 17, "phase": "cruise"}, "geometry": {"type": "Point", "coordinates": [99.85963, 10.774805, 10668.0]}}, {"type": "Feature", "properties": {"flight_key": "AIQ121_VTSP_VTBS", "callsign": "AIQ121", "aircraft_type": "B789", "adep": "VTSP", "ades": "VTBS", "epoch_ts": "2025-12-23 01:18:01+00:00", "altitude_ft": 35000.0, "tas_kt": null, "gs_kt": 460.0, "track_deg": 29, "phase": "cruise"}, "geometry": {"type": "Point", "coordinates": [100.056554, 11.17274, 10668.0]}}, {"type": "Feature", "properties": {"flight_key": "AIQ121_VTSP_VTBS", "callsign": "AIQ121", "aircraft_type": "B789", "adep": "VTSP", "ades": "VTBS", "epoch_ts": "2025-12-23 01:24:01+00:00", "altitude_ft": 35000.0, "tas_kt": null, "gs_kt": 460.0, "track_deg": 29, "phase": "cruise"}, "geometry": {"type": "Point", "coordinates": [100.275461, 11.561174, 10668.0]}}, {"type": "Feature", "properties": {"flight_key": "AIQ121_VTSP_VTBS", "callsign": "AIQ121", "aircraft_type": "B789", "adep": "VTSP", "ades": "VTBS", "epoch_ts": "2025-12-23 01:30:01+00:00", "altitude_ft": 35000.0, "tas_kt": null, "gs_kt": 460.0, "track_deg": 1, "phase": "cruise"}, "geometry": {"type": "Point", "coordinates": [100.4452, 11.962994, 10668.0]}}, {"type": "Feature", "properties": {"flight_key": "AIQ121_VTSP_VTBS", "callsign": "AIQ121", "aircraft_type": "B789", "adep": "VTSP", "ades": "VTBS", "epoch_ts": "2025-12-23 01:36:01+00:00", "altitude_ft": 35000.0, "tas_kt": null, "gs_kt": 460.0, "track_deg": 1, "phase": "cruise"}, "geometry": {"type": "Point", "coordinates": [100.456462, 12.408723, 10668.0]}}, {"type": "Feature", "properties": {"flight_key": "AIQ121_VTSP_VTBS", "callsign": "AIQ121", "aircraft_type": "B789", "adep": "VTSP", "ades": "VTBS", "epoch_ts": "2025-12-23 01:42:01+00:00", "altitude_ft": 23334.6, "tas_kt": null, "gs_kt": 270.0, "track_deg": 1, "phase": "descent"}, "geometry": {"type": "Point", "coordinates": [100.467723, 12.854452, 7112.4]}}, {"type": "Feature", "properties": {"flight_key": "AIQ121_VTSP_VTBS", "callsign": "AIQ121", "aircraft_type": "B789", "adep": "VTSP", "ades": "VTBS", "epoch_ts": "2025-12-23 01:48:01+00:00", "altitude_ft": 11669.1, "tas_kt": null, "gs_kt": 270.0, "track_deg": 24, "phase": "descent"}, "geometry": {"type": "Point", "coordinates": [100.562532, 13.280775, 3556.8]}}, {"type": "Feature", "properties": {"flight_key": "AIQ121_VTSP_VTBS", "callsign": "AIQ121", "aircraft_type": "B789", "adep": "VTSP", "ades": "VTBS", "epoch_ts": "2025-12-23 01:54:01+00:00", "altitude_ft": 3.7, "tas_kt": null, "gs_kt": 270.0, "track_deg": 0, "phase": "descent"}, "geometry": {"type": "Point", "coordinates": [100.748889, 13.685833, 1.1]}}, {"type": "Feature", "properties": {"feature_type": "route", "flight_key": "BKP122_VTPM_VTBS", "route": "KADAV W26 IGPOP Y7 BLAFF DCT NORTA", "callsign": "BKP122", "aircraft_type": "A333", "adep": "VTPM", "ades": "VTBS", "rfl": 350, "sid": "KADA1A", "star": "NORT1C", "approach": "R19", "dep_rwy": "RW09", "arr_rwy": "RW19", "eobt": "2025-12-23T00:43:49.337259+00:00", "idents": ["VTPM", "KADAV", "TK", "IGPOP", "PAKMO", "BLAFF", "NORTA", "VTBS"]}, "geometry": {"type": "LineString", "coordinates": [[98.550122, 16.699925], [98.894722, 16.798333], [99.252222, 16.899444], [99.785556, 16.833889], [99.948889, 16.336944], [100.2975, 15.275833], [100.639017, 14.718789], [100.748889, 13.685833]]}}, {"type": "Feature", "properties": {"flight_key": "BKP122_VTPM_VTBS", "callsign": "BKP122", "aircraft_type": "A333", "adep": "VTPM", "ades": "VTBS", "epoch_ts": "2025-12-23 00:43:49+00:00", "altitude_ft": 691.0, "tas_kt": null, "gs_kt": 280.0, "track_deg": 73, "phase": "climb"}, "geometry": {"type": "Point", "coordinates": [98.550122, 16.699925, 210.6]}}, {"type": "Feature", "properties": {"flight_key": "BKP122_VTPM_VTBS", "callsign": "BKP122", "aircraft_type": "A333", "adep": "VTPM", "ades": "VTBS", "epoch_ts": "2025-12-23 00:49:49+00:00", "altitude_ft": 12127.3, "tas_kt": null, "gs_kt": 280.0, "track_deg": 73, "phase": "climb"}, "geometry": {"type": "Point", "coordinates": [98.844964, 16.784124, 3696.4]}}, {"type": "Feature", "properties": {"flight_key": "BKP122_VTPM_VTBS", "callsign": "BKP122", "aircraft_type": "A333", "adep": "VTPM", "ades": "VTBS", "epoch_ts": "2025-12-23 00:55:49+00:00", "altitude_ft": 23563.7, "tas_kt": null, "gs_kt": 280.0, "track_deg": 74, "phase": "climb"}, "geometry": {"type": "Point", "coordinates": [99.139984, 16.8677, 7182.2]}}, {"type": "Feature", "properties": {"flight_key": "BKP122_VTPM_VTBS", "callsign": "BKP122", "aircraft_type": "A333", "adep": "VTPM", "ades": "VTBS", "epoch_ts": "2025-12-23 01:01:49+00:00", "altitude_ft": 35000.0, "tas_kt": null, "gs_kt": 460.0, "track_deg": 97, "phase": "cruise"}, "geometry": {"type": "Point", "coordinates": [99.440791, 16.876266, 10668.0]}}, {"type": "Feature", "properties": {"flight_key": "BKP122_VTPM_VTBS", "callsign": "BKP122", "aircraft_type": "A333", "adep": "VTPM", "ades": "VTBS", "epoch_ts": "2025-12-23 01:07:49+00:00", "altitude_ft": 35000.0, "tas_kt": null, "gs_kt": 460.0, "track_deg": 97, "phase": "cruise"}, "geometry": {"type": "Point", "coordinates": [99.74513, 16.838858, 10668.0]}}, {"type": "Feature", "properties": {"flight_key": "BKP122_VTPM_VTBS", "callsign": "BKP122", "aircraft_type": "A333", "adep": "VTPM", "ades": "VTBS", "epoch_ts": "2025-12-23 01:13:49+00:00", "altitude_ft": 35000.0, "tas_kt": null, "gs_kt": 460.0, "track_deg": 163, "phase": "cruise"}, "geometry": {"type": "Point", "coordinates": [99.868581, 16.581284, 10668.0]}}, {"type": "Feature", "properties": {"flight_key": "BKP122_VTPM_VTBS", "callsign": "BKP122", "aircraft_type": "A333", "adep": "VTPM", "ades": "VTBS", "epoch_ts": "2025-12-23 01:19:49+00:00", "altitude_ft": 35000.0, "tas_kt": null, "gs_kt": 460.0, "track_deg": 162, "phase": "cruise"}, "geometry": {"type": "Point", "coordinates": [99.964317, 16.289984, 10668.0]}}, {"type": "Feature", "properties": {"flight_key": "BKP122_VTPM_VTBS", "callsign": "BKP122", "aircraft_type": "A333", "adep": "VTPM", "ades": "VTBS", "epoch_ts": "2025-12-23 01:25:49+00:00", "altitude_ft": 35000.0, "tas_kt": null, "gs_kt": 460.0, "track_deg": 162, "phase": "cruise"}, "geometry": {"type": "Point", "coordinates": [100.060022, 15.998673, 10668.0]}}, {"type": "Feature", "properties": {"flight_key": "BKP122_VTPM_VTBS", "callsign": "BKP122", "aircraft_type": "A333", "adep": "VTPM", "ades": "VTBS", "epoch_ts": "2025-12-23 01:31:49+00:00", "altitude_ft": 35000.0, "tas_kt": null, "gs_kt": 460.0, "track_deg": 162, "phase": "cruise"}, "geometry": {"type": "Point", "coordinates": [100.155728, 15.707362, 10668.0]}}, {"type": "Feature", "properties": {"flight_key": "BKP122_VTPM_VTBS", "callsign": "BKP122", "aircraft_type": "A333", "adep": "VTPM", "ades": "VTBS", "epoch_ts": "2025-12-23 01:37:49+00:00", "altitude_ft": 35000.0, "tas_kt": null, "gs_kt": 460.0, "track_deg": 162, "phase": "cruise"}, "geometry": {"type": "Point", "coordinates": [100.251433, 15.416052, 10668.0]}}, {"type": "Feature", "properties": {"flight_key": "BKP122_VTPM_VTBS", "callsign": "BKP122", "aircraft_type": "A333", "adep": "VTPM", "ades": "VTBS", "epoch_ts": "2025-12-23 01:43:49+00:00", "altitude_ft": 35000.0, "tas_kt": null, "gs_kt": 460.0, "track_deg": 149, "phase": "cruise"}, "geometry": {"type": "Point", "coordinates": [100.380625, 15.140249, 10668.0]}}, {"type": "Feature", "properties": {"flight_key": "BKP122_VTPM_VTBS", "callsign": "BKP122", "aircraft_type": "A333", "adep": "VTPM", "ades": "VTBS", "epoch_ts": "2025-12-23 01:49:49+00:00", "altitude_ft": 35000.0, "tas_kt": null, "gs_kt": 460.0, "track_deg": 149, "phase": "cruise"}, "geometry": {"type": "Point", "coordinates": [100.540893, 14.878838, 10668.0]}}, {"type": "Feature", "properties": {"flight_key": "BKP122_VTPM_VTBS", "callsign": "BKP122", "aircraft_type": "A333", "adep": "VTPM", "ades": "VTBS", "epoch_ts": "2025-12-23 01:55:49+00:00", "altitude_ft": 35000.0, "tas_kt": null, "gs_kt": 460.0, "track_deg": 174, "phase": "cruise"}, "geometry": {"type": "Point", "coordinates": [100.651593, 14.600561, 10668.0]}}, {"type": "Feature", "properties": {"flight_key": "BKP122_VTPM_VTBS", "callsign": "BKP122", "aircraft_type": "A333", "adep": "VTPM", "ades": "VTBS", "epoch_ts": "2025-12-23 02:01:49+00:00", "altitude_ft": 23334.6, "tas_kt": null, "gs_kt": 270.0, "track_deg": 174, "phase": "descent"}, "geometry": {"type": "Point", "coordinates": [100.684025, 14.295651, 7112.4]}}, {"type": "Feature", "properties": {"flight_key": "BKP122_VTPM_VTBS", "callsign": "BKP122", "aircraft_type": "A333", "adep": "VTPM", "ades": "VTBS", "epoch_ts": "2025-12-23 02:07:49+00:00", "altitude_ft": 11669.1, "tas_kt": null, "gs_kt": 270.0, "track_deg": 174, "phase": "descent"}, "geometry": {"type": "Point", "coordinates": [100.716457, 13.990742, 3556.8]}}, {"type": "Feature", "properties": {"flight_key": "BKP122_VTPM_VTBS", "callsign": "BKP122", "aircraft_type": "A333", "adep": "VTPM", "ades": "VTBS", "epoch_ts": "2025-12-23 02:13:49+00:00", "altitude_ft": 3.7, "tas_kt": null, "gs_kt": 270.0, "track_deg": 0, "phase": "descent"}, "geometry": {"type": "Point", "coordinates": [100.748889, 13.685833, 1.1]}}, {"type": "Feature", "properties": {"feature_type": "route", "flight_key": "SEH123_VTSS_VTBS", "route": "DANDO M769 LEBIM", "callsign": "SEH123", "aircraft_type": "B77W", "adep": "VTSS", "ades": "VTBS", "rfl": 350, "sid": "DAND1C", "star": "LEBI1C", "approach": "R19", "dep_rwy": "RW26", "arr_rwy": "RW19", "eobt": "2025-12-23T00:23:35.403880+00:00", "idents": ["VTSS", "DANDO", "DOXAS", "RIPMU", "PINUN", "SORTO", "DONSI", "GOKEX", "SURMA", "LEBIM", "VTBS"]}, "geometry": {"type": "LineString", "coordinates": [[100.395, 6.932778], [100.34, 7.515], [100.368889, 8.7825], [100.377222, 9.147778], [100.385, 9.473611], [100.395, 9.898056], [100.400278, 10.127222], [100.428889, 11.304167], [100.4425, 11.856111], [100.473611, 13.0875], [100.748889, 13.685833]]}}, {"type": "Feature", "properties": {"flight_key": "SEH123_VTSS_VTBS", "callsign": "SEH123", "aircraft_type": "B77W", "adep": "VTSS", "ades": "VTBS", "epoch_ts": "2025-12-23 00:23:35+00:00", "altitude_ft": 58.0, "tas_kt": null, "gs_kt": 280.0, "track_deg": 355, "phase": "climb"}, "geometry": {"type": "Point", "coordinates": [100.395, 6.932778, 17.7]}}, {"type": "Feature", "properties": {"flight_key": "SEH123_VTSS_VTBS", "callsign": "SEH123", "aircraft_type": "B77W", "adep": "VTSS", "ades": "VTBS", "epoch_ts": "2025-12-23 00:29:35+00:00", "altitude_ft": 11705.3, "tas_kt": null, "gs_kt": 280.0, "track_deg": 355, "phase": "climb"}, "geometry": {"type": "Point", "coordinates": [100.352255, 7.385266, 3567.8]}}, {"type": "Feature", "properties": {"flight_key": "SEH123_VTSS_VTBS", "callsign": "SEH123", "aircraft_type": "B77W", "adep": "VTSS", "ades": "VTBS", "epoch_ts": "2025-12-23 00:35:35+00:00", "altitude_ft": 23352.7, "tas_kt": null, "gs_kt": 280.0, "track_deg": 1, "phase": "climb"}, "geometry": {"type": "Point", "coordinates": [100.347387, 7.839107, 7117.9]}}, {"type": "Feature", "properties": {"flight_key": "SEH123_VTSS_VTBS", "callsign": "SEH123", "aircraft_type": "B77W", "adep": "VTSS", "ades": "VTBS", "epoch_ts": "2025-12-23 00:41:35+00:00", "altitude_ft": 35000.0, "tas_kt": null, "gs_kt": 460.0, "track_deg": 1, "phase": "cruise"}, "geometry": {"type": "Point", "coordinates": [100.357743, 8.293491, 10668.0]}}, {"type": "Feature", "properties": {"flight_key": "SEH123_VTSS_VTBS", "callsign": "SEH123", "aircraft_type": "B77W", "adep": "VTSS", "ades": "VTBS", "epoch_ts": "2025-12-23 00:47:35+00:00", "altitude_ft": 35000.0, "tas_kt": null, "gs_kt": 460.0, "track_deg": 1, "phase": "cruise"}, "geometry": {"type": "Point", "coordinates": [100.3681, 8.747876, 10668.0]}}, {"type": "Feature", "properties": {"flight_key": "SEH123_VTSS_VTBS", "callsign": "SEH123", "aircraft_type": "B77W", "adep": "VTSS", "ades": "VTBS", "epoch_ts": "2025-12-23 00:53:35+00:00", "altitude_ft": 35000.0, "tas_kt": null, "gs_kt": 460.0, "track_deg": 1, "phase": "cruise"}, "geometry": {"type": "Point", "coordinates": [100.378523, 9.202259, 10668.0]}}, {"type": "Feature", "properties": {"flight_key": "SEH123_VTSS_VTBS", "callsign": "SEH123", "aircraft_type": "B77W", "adep": "VTSS", "ades": "VTBS", "epoch_ts": "2025-12-23 00:59:35+00:00", "altitude_ft": 35000.0, "tas_kt": null, "gs_kt": 460.0, "track_deg": 1, "phase": "cruise"}, "geometry": {"type": "Point", "coordinates": [100.389312, 9.656633, 10668.0]}}, {"type": "Feature", "properties": {"flight_key": "SEH123_VTSS_VTBS", "callsign": "SEH123", "aircraft_type": "B77W", "adep": "VTSS", "ades": "VTBS", "epoch_ts": "2025-12-23 01:05:35+00:00", "altitude_ft": 35000.0, "tas_kt": null, "gs_kt": 460.0, "track_deg": 1, "phase": "cruise"}, "geometry": {"type": "Point", "coordinates": [100.399905, 10.111012, 10668.0]}}, {"type": "Feature", "properties": {"flight_key": "SEH123_VTSS_VTBS", "callsign": "SEH123", "aircraft_type": "B77W", "adep": "VTSS", "ades": "VTBS", "epoch_ts": "2025-12-23 01:11:35+00:00", "altitude_ft": 35000.0, "tas_kt": null, "gs_kt": 460.0, "track_deg": 1, "phase": "cruise"}, "geometry": {"type": "Point", "coordinates": [100.410929, 10.565381, 10668.0]}}, {"type": "Feature", "properties": {"flight_key": "SEH123_VTSS_VTBS", "callsign": "SEH123", "aircraft_type": "B77W", "adep": "VTSS", "ades": "VTBS", "epoch_ts": "2025-12-23 01:17:35+00:00", "altitude_ft": 35000.0, "tas_kt": null, "gs_kt": 460.0, "track_deg": 1, "phase": "cruise"}, "geometry": {"type": "Point", "coordinates": [100.421975, 11.01975, 10668.0]}}, {"type": "Feature", "properties": {"flight_key": "SEH123_VTSS_VTBS", "callsign": "SEH123", "aircraft_type": "B77W", "adep": "VTSS", "ades": "VTBS", "epoch_ts": "2025-12-23 01:23:35+00:00", "altitude_ft": 35000.0, "tas_kt": null, "gs_kt": 460.0, "track_deg": 1, "phase": "cruise"}, "geometry": {"type": "Point", "coordinates": [100.43308, 11.474116, 10668.0]}}, {"type": "Feature", "properties": {"flight_key": "SEH123_VTSS_VTBS", "callsign": "SEH123", "aircraft_type": "B77W", "adep": "VTSS", "ades": "VTBS", "epoch_ts": "2025-12-23 01:29:35+00:00", "altitude_ft": 35000.0, "tas_kt": null, "gs_kt": 460.0, "track_deg": 1, "phase": "cruise"}, "geometry": {"type": "Point", "coordinates": [100.444328, 11.92848, 10668.0]}}, {"type": "Feature", "properties": {"flight_key": "SEH123_VTSS_VTBS", "callsign": "SEH123", "aircraft_type": "B77W", "adep": "VTSS", "ades": "VTBS", "epoch_ts": "2025-12-23 01:35:35+00:00", "altitude_ft": 35000.0, "tas_kt": null, "gs_kt": 460.0, "track_deg": 1, "phase": "cruise"}, "geometry": {"type": "Point", "coordinates": [100.455808, 12.382837, 10668.0]}}, {"type": "Feature", "properties": {"flight_key": "SEH123_VTSS_VTBS", "callsign": "SEH123", "aircraft_type": "B77W", "adep": "VTSS", "ades": "VTBS", "epoch_ts": "2025-12-23 01:41:35+00:00", "altitude_ft": 23334.6, "tas_kt": null, "gs_kt": 270.0, "track_deg": 1, "phase": "descent"}, "geometry": {"type": "Point", "coordinates": [100.467287, 12.837195, 7112.4]}}, {"type": "Feature", "properties": {"flight_key": "SEH123_VTSS_VTBS", "callsign": "SEH123", "aircraft_type": "B77W", "adep": "VTSS", "ades": "VTBS", "epoch_ts": "2025-12-23 01:47:35+00:00", "altitude_ft": 11669.1, "tas_kt": null, "gs_kt": 270.0, "track_deg": 24, "phase": "descent"}, "geometry": {"type": "Point", "coordinates": [100.558924, 13.272934, 3556.8]}}, {"type": "Feature", "properties": {"flight_key": "SEH123_VTSS_VTBS", "callsign": "SEH123", "aircraft_type": "B77W", "adep": "VTSS", "ades": "VTBS", "epoch_ts": "2025-12-23 01:53:35+00:00", "altitude_ft": 3.7, "tas_kt": null, "gs_kt": 270.0, "track_deg": 0, "phase": "descent"}, "geometry": {"type": "Point", "coordinates": [100.748889, 13.685833, 1.1]}}, {"type": "Feature", "properties": {"feature_type": "route", "flight_key": "NOK124_VTPO_VTBS", "route": "PEBLI Y28 BLAFF DCT NORTA", "callsign": "NOK124", "aircraft_type": "A321", "adep": "VTPO", "ades": "VTBS", "rfl": 350, "sid": "PEBL1C", "star": "NORT1C", "approach": "R19", "dep_rwy": "RW18", "arr_rwy": "RW19", "eobt": "2025-12-23T00:49:58.551798+00:00", "idents": ["VTPO", "PEBLI", "BLAFF", "NORTA", "VTBS"]}, "geometry": {"type": "LineString", "coordinates": [[99.818333, 17.2375], [100.293333, 16.268333], [100.2975, 15.275833], [100.639017, 14.718789], [100.748889, 13.685833]]}}, {"type": "Feature", "properties": {"flight_key": "NOK124_VTPO_VTBS", "callsign": "NOK124", "aircraft_type": "A321", "adep": "VTPO", "ades": "VTBS", "epoch_ts": "2025-12-23 00:49:58+00:00", "altitude_ft": 184.0, "tas_kt": null, "gs_kt": 280.0, "track_deg": 155, "phase": "climb"}, "geometry": {"type": "Point", "coordinates": [99.818333, 17.2375, 56.1]}}, {"type": "Feature", "properties": {"flight_key": "NOK124_VTPO_VTBS", "callsign": "NOK124", "aircraft_type": "A321", "adep": "VTPO", "ades": "VTBS", "epoch_ts": "2025-12-23 00:55:58+00:00", "altitude_ft": 11789.3, "tas_kt": null, "gs_kt": 280.0, "track_deg": 155, "phase": "climb"}, "geometry": {"type": "Point", "coordinates": [99.928768, 17.012174, 3593.4]}}, {"type": "Feature", "properties": {"flight_key": "NOK124_VTPO_VTBS", "callsign": "NOK124", "aircraft_type": "A321", "adep": "VTPO", "ades": "VTBS", "epoch_ts": "2025-12-23 01:01:58+00:00", "altitude_ft": 23394.7, "tas_kt": null, "gs_kt": 280.0, "track_deg": 155, "phase": "climb"}, "geometry": {"type": "Point", "coordinates": [100.039203, 16.786848, 7130.7]}}, {"type": "Feature", "properties": {"flight_key": "NOK124_VTPO_VTBS", "callsign": "NOK124", "aircraft_type": "A321", "adep": "VTPO", "ades": "VTBS", "epoch_ts": "2025-12-23 01:07:58+00:00", "altitude_ft": 35000.0, "tas_kt": null, "gs_kt": 460.0, "track_deg": 155, "phase": "cruise"}, "geometry": {"type": "Point", "coordinates": [100.149637, 16.561522, 10668.0]}}, {"type": "Feature", "properties": {"flight_key": "NOK124_VTPO_VTBS", "callsign": "NOK124", "aircraft_type": "A321", "adep": "VTPO", "ades": "VTBS", "epoch_ts": "2025-12-23 01:13:58+00:00", "altitude_ft": 35000.0, "tas_kt": null, "gs_kt": 460.0, "track_deg": 155, "phase": "cruise"}, "geometry": {"type": "Point", "coordinates": [100.260072, 16.336197, 10668.0]}}, {"type": "Feature", "properties": {"flight_key": "NOK124_VTPO_VTBS", "callsign": "NOK124", "aircraft_type": "A321", "adep": "VTPO", "ades": "VTBS", "epoch_ts": "2025-12-23 01:19:58+00:00", "altitude_ft": 35000.0, "tas_kt": null, "gs_kt": 460.0, "track_deg": 180, "phase": "cruise"}, "geometry": {"type": "Point", "coordinates": [100.294069, 16.092977, 10668.0]}}, {"type": "Feature", "properties": {"flight_key": "NOK124_VTPO_VTBS", "callsign": "NOK124", "aircraft_type": "A321", "adep": "VTPO", "ades": "VTBS", "epoch_ts": "2025-12-23 01:25:58+00:00", "altitude_ft": 35000.0, "tas_kt": null, "gs_kt": 460.0, "track_deg": 180, "phase": "cruise"}, "geometry": {"type": "Point", "coordinates": [100.295123, 15.842046, 10668.0]}}, {"type": "Feature", "properties": {"flight_key": "NOK124_VTPO_VTBS", "callsign": "NOK124", "aircraft_type": "A321", "adep": "VTPO", "ades": "VTBS", "epoch_ts": "2025-12-23 01:31:58+00:00", "altitude_ft": 35000.0, "tas_kt": null, "gs_kt": 460.0, "track_deg": 180, "phase": "cruise"}, "geometry": {"type": "Point", "coordinates": [100.296176, 15.591115, 10668.0]}}, {"type": "Feature", "properties": {"flight_key": "NOK124_VTPO_VTBS", "callsign": "NOK124", "aircraft_type": "A321", "adep": "VTPO", "ades": "VTBS", "epoch_ts": "2025-12-23 01:37:58+00:00", "altitude_ft": 35000.0, "tas_kt": null, "gs_kt": 460.0, "track_deg": 180, "phase": "cruise"}, "geometry": {"type": "Point", "coordinates": [100.29723, 15.340183, 10668.0]}}, {"type": "Feature", "properties": {"flight_key": "NOK124_VTPO_VTBS", "callsign": "NOK124", "aircraft_type": "A321", "adep": "VTPO", "ades": "VTBS", "epoch_ts": "2025-12-23 01:43:58+00:00", "altitude_ft": 35000.0, "tas_kt": null, "gs_kt": 460.0, "track_deg": 149, "phase": "cruise"}, "geometry": {"type": "Point", "coordinates": [100.395022, 15.116766, 10668.0]}}, {"type": "Feature", "properties": {"flight_key": "NOK124_VTPO_VTBS", "callsign": "NOK124", "aircraft_type": "A321", "adep": "VTPO", "ades": "VTBS", "epoch_ts": "2025-12-23 01:49:58+00:00", "altitude_ft": 35000.0, "tas_kt": null, "gs_kt": 460.0, "track_deg": 149, "phase": "cruise"}, "geometry": {"type": "Point", "coordinates": [100.526179, 14.902837, 10668.0]}}, {"type": "Feature", "properties": {"flight_key": "NOK124_VTPO_VTBS", "callsign": "NOK124", "aircraft_type": "A321", "adep": "VTPO", "ades": "VTBS", "epoch_ts": "2025-12-23 01:55:58+00:00", "altitude_ft": 35000.0, "tas_kt": null, "gs_kt": 460.0, "track_deg": 174, "phase": "cruise"}, "geometry": {"type": "Point", "coordinates": [100.642724, 14.683936, 10668.0]}}, {"type": "Feature", "properties": {"flight_key": "NOK124_VTPO_VTBS", "callsign": "NOK124", "aircraft_type": "A321", "adep": "VTPO", "ades": "VTBS", "epoch_ts": "2025-12-23 02:01:58+00:00", "altitude_ft": 35000.0, "tas_kt": null, "gs_kt": 460.0, "track_deg": 174, "phase": "cruise"}, "geometry": {"type": "Point", "coordinates": [100.669265, 14.434411, 10668.0]}}, {"type": "Feature", "properties": {"flight_key": "NOK124_VTPO_VTBS", "callsign": "NOK124", "aircraft_type": "A321", "adep": "VTPO", "ades": "VTBS", "epoch_ts": "2025-12-23 02:07:58+00:00", "altitude_ft": 23334.6, "tas_kt": null, "gs_kt": 270.0, "track_deg": 174, "phase": "descent"}, "geometry": {"type": "Point", "coordinates": [100.695807, 14.184885, 7112.4]}}, {"type": "Feature", "properties": {"flight_key": "NOK124_VTPO_VTBS", "callsign": "NOK124", "aircraft_type": "A321", "adep": "VTPO", "ades": "VTBS", "epoch_ts": "2025-12-23 02:13:58+00:00", "altitude_ft": 11669.1, "tas_kt": null, "gs_kt": 270.0, "track_deg": 174, "phase": "descent"}, "geometry": {"type": "Point", "coordinates": [100.722348, 13.935359, 3556.8]}}, {"type": "Feature", "properties": {"flight_key": "NOK124_VTPO_VTBS", "callsign": "NOK124", "aircraft_type": "A321", "adep": "VTPO", "ades": "VTBS", "epoch_ts": "2025-12-23 02:19:58+00:00", "altitude_ft": 3.7, "tas_kt": null, "gs_kt": 270.0, "track_deg": 0, "phase": "descent"}, "geometry": {"type": "Point", "coordinates": [100.748889, 13.685833, 1.1]}}, {"type": "Feature", "properties": {"feature_type": "route", "flight_key": "TVJ125_VTPP_VTBS", "route": "PEBLI Y28 BLAFF DCT NORTA", "callsign": "TVJ125", "aircraft_type": "B738", "adep": "VTPP", "ades": "VTBS", "rfl": 350, "sid": "PEBL1A", "star": "NORT1C", "approach": "R19", "dep_rwy": "RW14", "arr_rwy": "RW19", "eobt": "2025-12-23T00:56:14.697715+00:00", "idents": ["VTPP", "PEBLI", "BLAFF", "NORTA", "VTBS"]}, "geometry": {"type": "LineString", "coordinates": [[100.279133, 16.782942], [100.293333, 16.268333], [100.2975, 15.275833], [100.639017, 14.718789], [100.748889, 13.685833]]}}, {"type": "Feature", "properties": {"flight_key": "TVJ125_VTPP_VTBS", "callsign": "TVJ125", "aircraft_type": "B738", "adep": "VTPP", "ades": "VTBS", "epoch_ts": "2025-12-23 00:56:14+00:00", "altitude_ft": 148.0, "tas_kt": null, "gs_kt": 280.0, "track_deg": 178, "phase": "climb"}, "geometry": {"type": "Point", "coordinates": [100.279133, 16.782942, 45.1]}}, {"type": "Feature", "properties": {"flight_key": "TVJ125_VTPP_VTBS", "callsign": "TVJ125", "aircraft_type": "B738", "adep": "VTPP", "ades": "VTBS", "epoch_ts": "2025-12-23 01:02:14+00:00", "altitude_ft": 11765.3, "tas_kt": null, "gs_kt": 280.0, "track_deg": 178, "phase": "climb"}, "geometry": {"type": "Point", "coordinates": [100.285017, 16.569723, 3586.1]}}, {"type": "Feature", "properties": {"flight_key": "TVJ125_VTPP_VTBS", "callsign": "TVJ125", "aircraft_type": "B738", "adep": "VTPP", "ades": "VTBS", "epoch_ts": "2025-12-23 01:08:14+00:00", "altitude_ft": 23382.7, "tas_kt": null, "gs_kt": 280.0, "track_deg": 178, "phase": "climb"}, "geometry": {"type": "Point", "coordinates": [100.2909, 16.356505, 7127.0]}}, {"type": "Feature", "properties": {"flight_key": "TVJ125_VTPP_VTBS", "callsign": "TVJ125", "aircraft_type": "B738", "adep": "VTPP", "ades": "VTBS", "epoch_ts": "2025-12-23 01:14:14+00:00", "altitude_ft": 35000.0, "tas_kt": null, "gs_kt": 460.0, "track_deg": 180, "phase": "cruise"}, "geometry": {"type": "Point", "coordinates": [100.293858, 16.14324, 10668.0]}}, {"type": "Feature", "properties": {"flight_key": "TVJ125_VTPP_VTBS", "callsign": "TVJ125", "aircraft_type": "B738", "adep": "VTPP", "ades": "VTBS", "epoch_ts": "2025-12-23 01:20:14+00:00", "altitude_ft": 35000.0, "tas_kt": null, "gs_kt": 460.0, "track_deg": 180, "phase": "cruise"}, "geometry": {"type": "Point", "coordinates": [100.294754, 15.929942, 10668.0]}}, {"type": "Feature", "properties": {"flight_key": "TVJ125_VTPP_VTBS", "callsign": "TVJ125", "aircraft_type": "B738", "adep": "VTPP", "ades": "VTBS", "epoch_ts": "2025-12-23 01:26:14+00:00", "altitude_ft": 35000.0, "tas_kt": null, "gs_kt": 460.0, "track_deg": 180, "phase": "cruise"}, "geometry": {"type": "Point", "coordinates": [100.295649, 15.716644, 10668.0]}}, {"type": "Feature", "properties": {"flight_key": "TVJ125_VTPP_VTBS", "callsign": "TVJ125", "aircraft_type": "B738", "adep": "VTPP", "ades": "VTBS", "epoch_ts": "2025-12-23 01:32:14+00:00", "altitude_ft": 35000.0, "tas_kt": null, "gs_kt": 460.0, "track_deg": 180, "phase": "cruise"}, "geometry": {"type": "Point", "coordinates": [100.296545, 15.503346, 10668.0]}}, {"type": "Feature", "properties": {"flight_key": "TVJ125_VTPP_VTBS", "callsign": "TVJ125", "aircraft_type": "B738", "adep": "VTPP", "ades": "VTBS", "epoch_ts": "2025-12-23 01:38:14+00:00", "altitude_ft": 35000.0, "tas_kt": null, "gs_kt": 460.0, "track_deg": 180, "phase": "cruise"}, "geometry": {"type": "Point", "coordinates": [100.29744, 15.290048, 10668.0]}}, {"type": "Feature", "properties": {"flight_key": "TVJ125_VTPP_VTBS", "callsign": "TVJ125", "aircraft_type": "B738", "adep": "VTPP", "ades": "VTBS", "epoch_ts": "2025-12-23 01:44:14+00:00", "altitude_ft": 35000.0, "tas_kt": null, "gs_kt": 460.0, "track_deg": 149, "phase": "cruise"}, "geometry": {"type": "Point", "coordinates": [100.401557, 15.106107, 10668.0]}}, {"type": "Feature", "properties": {"flight_key": "TVJ125_VTPP_VTBS", "callsign": "TVJ125", "aircraft_type": "B738", "adep": "VTPP", "ades": "VTBS", "epoch_ts": "2025-12-23 01:50:14+00:00", "altitude_ft": 35000.0, "tas_kt": null, "gs_kt": 460.0, "track_deg": 149, "phase": "cruise"}, "geometry": {"type": "Point", "coordinates": [100.513044, 14.924262, 10668.0]}}, {"type": "Feature", "properties": {"flight_key": "TVJ125_VTPP_VTBS", "callsign": "TVJ125", "aircraft_type": "B738", "adep": "VTPP", "ades": "VTBS", "epoch_ts": "2025-12-23 01:56:14+00:00", "altitude_ft": 35000.0, "tas_kt": null, "gs_kt": 460.0, "track_deg": 149, "phase": "cruise"}, "geometry": {"type": "Point", "coordinates": [100.62453, 14.742418, 10668.0]}}, {"type": "Feature", "properties": {"flight_key": "TVJ125_VTPP_VTBS", "callsign": "TVJ125", "aircraft_type": "B738", "adep": "VTPP", "ades": "VTBS", "epoch_ts": "2025-12-23 02:02:14+00:00", "altitude_ft": 35000.0, "tas_kt": null, "gs_kt": 460.0, "track_deg": 174, "phase": "cruise"}, "geometry": {"type": "Point", "coordinates": [100.658646, 14.534246, 10668.0]}}, {"type": "Feature", "properties": {"flight_key": "TVJ125_VTPP_VTBS", "callsign": "TVJ125", "aircraft_type": "B738", "adep": "VTPP", "ades": "VTBS", "epoch_ts": "2025-12-23 02:08:14+00:00", "altitude_ft": 35000.0, "tas_kt": null, "gs_kt": 460.0, "track_deg": 174, "phase": "cruise"}, "geometry": {"type": "Point", "coordinates": [100.681207, 14.322143, 10668.0]}}, {"type": "Feature", "properties": {"flight_key": "TVJ125_VTPP_VTBS", "callsign": "TVJ125", "aircraft_type": "B738", "adep": "VTPP", "ades": "VTBS", "epoch_ts": "2025-12-23 02:14:14+00:00", "altitude_ft": 23334.6, "tas_kt": null, "gs_kt": 270.0, "track_deg": 174, "phase": "descent"}, "geometry": {"type": "Point", "coordinates": [100.703768, 14.11004, 7112.4]}}, {"type": "Feature", "properties": {"flight_key": "TVJ125_VTPP_VTBS", "callsign": "TVJ125", "aircraft_type": "B738", "adep": "VTPP", "ades": "VTBS", "epoch_ts": "2025-12-23 02:20:14+00:00", "altitude_ft": 11669.1, "tas_kt": null, "gs_kt": 270.0, "track_deg": 174, "phase": "descent"}, "geometry": {"type": "Point", "coordinates": [100.726328, 13.897936, 3556.8]}}, {"type": "Feature", "properties": {"flight_key": "TVJ125_VTPP_VTBS", "callsign": "TVJ125", "aircraft_type": "B738", "adep": "VTPP", "ades": "VTBS", "epoch_ts": "2025-12-23 02:26:14+00:00", "altitude_ft": 3.7, "tas_kt": null, "gs_kt": 270.0, "track_deg": 0, "phase": "descent"}, "geometry": {"type": "Point", "coordinates": [100.748889, 13.685833, 1.1]}}, {"type": "Feature", "properties": {"feature_type": "route", "flight_key": "DMK126_VTUD_VTBS", "route": "SURGU W21 NOBER DCT NORTA", "callsign": "DMK126", "aircraft_type": "A320", "adep": "VTUD", "ades": "VTBS", "rfl": 350, "sid": "SURG1B", "star": "NORT1C", "approach": "R19", "dep_rwy": "RW12", "arr_rwy": "RW19", "eobt": "2025-12-23T00:44:07.509162+00:00", "idents": ["VTUD", "SURGU", "CMP", "NOBER", "NORTA", "VTBS"]}, "geometry": {"type": "LineString", "coordinates": [[102.788333, 17.386389], [102.402222, 17.032778], [101.988889, 16.635278], [100.668333, 15.276667], [100.639017, 14.718789], [100.748889, 13.685833]]}}, {"type": "Feature", "properties": {"flight_key": "DMK126_VTUD_VTBS", "callsign": "DMK126", "aircraft_type": "A320", "adep": "VTUD", "ades": "VTBS", "epoch_ts": "2025-12-23 00:44:07+00:00", "altitude_ft": 579.0, "tas_kt": null, "gs_kt": 280.0, "track_deg": 226, "phase": "climb"}, "geometry": {"type": "Point", "coordinates": [102.788333, 17.386389, 176.5]}}, {"type": "Feature", "properties": {"flight_key": "DMK126_VTUD_VTBS", "callsign": "DMK126", "aircraft_type": "A320", "adep": "VTUD", "ades": "VTBS", "epoch_ts": "2025-12-23 00:50:07+00:00", "altitude_ft": 12052.7, "tas_kt": null, "gs_kt": 280.0, "track_deg": 226, "phase": "climb"}, "geometry": {"type": "Point", "coordinates": [102.562714, 17.179761, 3673.7]}}, {"type": "Feature", "properties": {"flight_key": "DMK126_VTUD_VTBS", "callsign": "DMK126", "aircraft_type": "A320", "adep": "VTUD", "ades": "VTBS", "epoch_ts": "2025-12-23 00:56:07+00:00", "altitude_ft": 23526.3, "tas_kt": null, "gs_kt": 280.0, "track_deg": 225, "phase": "climb"}, "geometry": {"type": "Point", "coordinates": [102.338568, 16.971562, 7170.8]}}, {"type": "Feature", "properties": {"flight_key": "DMK126_VTUD_VTBS", "callsign": "DMK126", "aircraft_type": "A320", "adep": "VTUD", "ades": "VTBS", "epoch_ts": "2025-12-23 01:02:07+00:00", "altitude_ft": 35000.0, "tas_kt": null, "gs_kt": 460.0, "track_deg": 225, "phase": "cruise"}, "geometry": {"type": "Point", "coordinates": [102.118053, 16.759495, 10668.0]}}, {"type": "Feature", "properties": {"flight_key": "DMK126_VTUD_VTBS", "callsign": "DMK126", "aircraft_type": "A320", "adep": "VTUD", "ades": "VTBS", "epoch_ts": "2025-12-23 01:08:07+00:00", "altitude_ft": 35000.0, "tas_kt": null, "gs_kt": 460.0, "track_deg": 223, "phase": "cruise"}, "geometry": {"type": "Point", "coordinates": [101.900553, 16.544397, 10668.0]}}, {"type": "Feature", "properties": {"flight_key": "DMK126_VTUD_VTBS", "callsign": "DMK126", "aircraft_type": "A320", "adep": "VTUD", "ades": "VTBS", "epoch_ts": "2025-12-23 01:14:07+00:00", "altitude_ft": 35000.0, "tas_kt": null, "gs_kt": 460.0, "track_deg": 223, "phase": "cruise"}, "geometry": {"type": "Point", "coordinates": [101.687315, 16.325014, 10668.0]}}, {"type": "Feature", "properties": {"flight_key": "DMK126_VTUD_VTBS", "callsign": "DMK126", "aircraft_type": "A320", "adep": "VTUD", "ades": "VTBS", "epoch_ts": "2025-12-23 01:20:07+00:00", "altitude_ft": 35000.0, "tas_kt": null, "gs_kt": 460.0, "track_deg": 223, "phase": "cruise"}, "geometry": {"type": "Point", "coordinates": [101.474077, 16.105631, 10668.0]}}, {"type": "Feature", "properties": {"flight_key": "DMK126_VTUD_VTBS", "callsign": "DMK126", "aircraft_type": "A320", "adep": "VTUD", "ades": "VTBS", "epoch_ts": "2025-12-23 01:26:07+00:00", "altitude_ft": 35000.0, "tas_kt": null, "gs_kt": 460.0, "track_deg": 223, "phase": "cruise"}, "geometry": {"type": "Point", "coordinates": [101.260839, 15.886248, 10668.0]}}, {"type": "Feature", "properties": {"flight_key": "DMK126_VTUD_VTBS", "callsign": "DMK126", "aircraft_type": "A320", "adep": "VTUD", "ades": "VTBS", "epoch_ts": "2025-12-23 01:32:07+00:00", "altitude_ft": 35000.0, "tas_kt": null, "gs_kt": 460.0, "track_deg": 223, "phase": "cruise"}, "geometry": {"type": "Point", "coordinates": [101.047601, 15.666865, 10668.0]}}, {"type": "Feature", "properties": {"flight_key": "DMK126_VTUD_VTBS", "callsign": "DMK126", "aircraft_type": "A320", "adep": "VTUD", "ades": "VTBS", "epoch_ts": "2025-12-23 01:38:07+00:00", "altitude_ft": 35000.0, "tas_kt": null, "gs_kt": 460.0, "track_deg": 223, "phase": "cruise"}, "geometry": {"type": "Point", "coordinates": [100.834363, 15.447482, 10668.0]}}, {"type": "Feature", "properties": {"flight_key": "DMK126_VTUD_VTBS", "callsign": "DMK126", "aircraft_type": "A320", "adep": "VTUD", "ades": "VTBS", "epoch_ts": "2025-12-23 01:44:07+00:00", "altitude_ft": 35000.0, "tas_kt": null, "gs_kt": 460.0, "track_deg": 183, "phase": "cruise"}, "geometry": {"type": "Point", "coordinates": [100.664779, 15.20903, 10668.0]}}, {"type": "Feature", "properties": {"flight_key": "DMK126_VTUD_VTBS", "callsign": "DMK126", "aircraft_type": "A320", "adep": "VTUD", "ades": "VTBS", "epoch_ts": "2025-12-23 01:50:07+00:00", "altitude_ft": 35000.0, "tas_kt": null, "gs_kt": 460.0, "track_deg": 183, "phase": "cruise"}, "geometry": {"type": "Point", "coordinates": [100.648724, 14.903511, 10668.0]}}, {"type": "Feature", "properties": {"flight_key": "DMK126_VTUD_VTBS", "callsign": "DMK126", "aircraft_type": "A320", "adep": "VTUD", "ades": "VTBS", "epoch_ts": "2025-12-23 01:56:07+00:00", "altitude_ft": 35000.0, "tas_kt": null, "gs_kt": 460.0, "track_deg": 174, "phase": "cruise"}, "geometry": {"type": "Point", "coordinates": [100.651811, 14.598505, 10668.0]}}, {"type": "Feature", "properties": {"flight_key": "DMK126_VTUD_VTBS", "callsign": "DMK126", "aircraft_type": "A320", "adep": "VTUD", "ades": "VTBS", "epoch_ts": "2025-12-23 02:02:07+00:00", "altitude_ft": 23334.6, "tas_kt": null, "gs_kt": 270.0, "track_deg": 174, "phase": "descent"}, "geometry": {"type": "Point", "coordinates": [100.68417, 14.294281, 7112.4]}}, {"type": "Feature", "properties": {"flight_key": "DMK126_VTUD_VTBS", "callsign": "DMK126", "aircraft_type": "A320", "adep": "VTUD", "ades": "VTBS", "epoch_ts": "2025-12-23 02:08:07+00:00", "altitude_ft": 11669.1, "tas_kt": null, "gs_kt": 270.0, "track_deg": 174, "phase": "descent"}, "geometry": {"type": "Point", "coordinates": [100.71653, 13.990057, 3556.8]}}, {"type": "Feature", "properties": {"flight_key": "DMK126_VTUD_VTBS", "callsign": "DMK126", "aircraft_type": "A320", "adep": "VTUD", "ades": "VTBS", "epoch_ts": "2025-12-23 02:14:07+00:00", "altitude_ft": 3.7, "tas_kt": null, "gs_kt": 270.0, "track_deg": 0, "phase": "descent"}, "geometry": {"type": "Point", "coordinates": [100.748889, 13.685833, 1.1]}}, {"type": "Feature", "properties": {"feature_type": "route", "flight_key": "THD127_VTUL_VTBS", "route": "BOVGO B218 CMP W21 NOBER DCT NORTA", "callsign": "THD127", "aircraft_type": "B763", "adep": "VTUL", "ades": "VTBS", "rfl": 350, "sid": "BOVG1A", "star": "NORT1C", "approach": "R19", "dep_rwy": "RW01", "arr_rwy": "RW19", "eobt": "2025-12-23T00:46:05.010764+00:00", "idents": ["VTUL", "BOVGO", "CMP", "NOBER", "NORTA", "VTBS"]}, "geometry": {"type": "LineString", "coordinates": [[101.721944, 17.439167], [101.826389, 17.127778], [101.988889, 16.635278], [100.668333, 15.276667], [100.639017, 14.718789], [100.748889, 13.685833]]}}, {"type": "Feature", "properties": {"flight_key": "THD127_VTUL_VTBS", "callsign": "THD127", "aircraft_type": "B763", "adep": "VTUL", "ades": "VTBS", "epoch_ts": "2025-12-23 00:46:05+00:00", "altitude_ft": 821.0, "tas_kt": null, "gs_kt": 280.0, "track_deg": 162, "phase": "climb"}, "geometry": {"type": "Point", "coordinates": [101.721944, 17.439167, 250.2]}}, {"type": "Feature", "properties": {"flight_key": "THD127_VTUL_VTBS", "callsign": "THD127", "aircraft_type": "B763", "adep": "VTUL", "ades": "VTBS", "epoch_ts": "2025-12-23 00:52:05+00:00", "altitude_ft": 12214.0, "tas_kt": null, "gs_kt": 280.0, "track_deg": 162, "phase": "climb"}, "geometry": {"type": "Point", "coordinates": [101.813935, 17.164908, 3722.8]}}, {"type": "Feature", "properties": {"flight_key": "THD127_VTUL_VTBS", "callsign": "THD127", "aircraft_type": "B763", "adep": "VTUL", "ades": "VTBS", "epoch_ts": "2025-12-23 00:58:05+00:00", "altitude_ft": 23607.0, "tas_kt": null, "gs_kt": 280.0, "track_deg": 162, "phase": "climb"}, "geometry": {"type": "Point", "coordinates": [101.904758, 16.89026, 7195.4]}}, {"type": "Feature", "properties": {"flight_key": "THD127_VTUL_VTBS", "callsign": "THD127", "aircraft_type": "B763", "adep": "VTUL", "ades": "VTBS", "epoch_ts": "2025-12-23 01:04:05+00:00", "altitude_ft": 35000.0, "tas_kt": null, "gs_kt": 460.0, "track_deg": 223, "phase": "cruise"}, "geometry": {"type": "Point", "coordinates": [101.974411, 16.620383, 10668.0]}}, {"type": "Feature", "properties": {"flight_key": "THD127_VTUL_VTBS", "callsign": "THD127", "aircraft_type": "B763", "adep": "VTUL", "ades": "VTBS", "epoch_ts": "2025-12-23 01:10:05+00:00", "altitude_ft": 35000.0, "tas_kt": null, "gs_kt": 460.0, "track_deg": 223, "phase": "cruise"}, "geometry": {"type": "Point", "coordinates": [101.772788, 16.41295, 10668.0]}}, {"type": "Feature", "properties": {"flight_key": "THD127_VTUL_VTBS", "callsign": "THD127", "aircraft_type": "B763", "adep": "VTUL", "ades": "VTBS", "epoch_ts": "2025-12-23 01:16:05+00:00", "altitude_ft": 35000.0, "tas_kt": null, "gs_kt": 460.0, "track_deg": 223, "phase": "cruise"}, "geometry": {"type": "Point", "coordinates": [101.571165, 16.205516, 10668.0]}}, {"type": "Feature", "properties": {"flight_key": "THD127_VTUL_VTBS", "callsign": "THD127", "aircraft_type": "B763", "adep": "VTUL", "ades": "VTBS", "epoch_ts": "2025-12-23 01:22:05+00:00", "altitude_ft": 35000.0, "tas_kt": null, "gs_kt": 460.0, "track_deg": 223, "phase": "cruise"}, "geometry": {"type": "Point", "coordinates": [101.369542, 15.998083, 10668.0]}}, {"type": "Feature", "properties": {"flight_key": "THD127_VTUL_VTBS", "callsign": "THD127", "aircraft_type": "B763", "adep": "VTUL", "ades": "VTBS", "epoch_ts": "2025-12-23 01:28:05+00:00", "altitude_ft": 35000.0, "tas_kt": null, "gs_kt": 460.0, "track_deg": 223, "phase": "cruise"}, "geometry": {"type": "Point", "coordinates": [101.167919, 15.79065, 10668.0]}}, {"type": "Feature", "properties": {"flight_key": "THD127_VTUL_VTBS", "callsign": "THD127", "aircraft_type": "B763", "adep": "VTUL", "ades": "VTBS", "epoch_ts": "2025-12-23 01:34:05+00:00", "altitude_ft": 35000.0, "tas_kt": null, "gs_kt": 460.0, "track_deg": 223, "phase": "cruise"}, "geometry": {"type": "Point", "coordinates": [100.966296, 15.583217, 10668.0]}}, {"type": "Feature", "properties": {"flight_key": "THD127_VTUL_VTBS", "callsign": "THD127", "aircraft_type": "B763", "adep": "VTUL", "ades": "VTBS", "epoch_ts": "2025-12-23 01:40:05+00:00", "altitude_ft": 35000.0, "tas_kt": null, "gs_kt": 460.0, "track_deg": 223, "phase": "cruise"}, "geometry": {"type": "Point", "coordinates": [100.764673, 15.375783, 10668.0]}}, {"type": "Feature", "properties": {"flight_key": "THD127_VTUL_VTBS", "callsign": "THD127", "aircraft_type": "B763", "adep": "VTUL", "ades": "VTBS", "epoch_ts": "2025-12-23 01:46:05+00:00", "altitude_ft": 35000.0, "tas_kt": null, "gs_kt": 460.0, "track_deg": 183, "phase": "cruise"}, "geometry": {"type": "Point", "coordinates": [100.660406, 15.125822, 10668.0]}}, {"type": "Feature", "properties": {"flight_key": "THD127_VTUL_VTBS", "callsign": "THD127", "aircraft_type": "B763", "adep": "VTUL", "ades": "VTBS", "epoch_ts": "2025-12-23 01:52:05+00:00", "altitude_ft": 35000.0, "tas_kt": null, "gs_kt": 460.0, "track_deg": 183, "phase": "cruise"}, "geometry": {"type": "Point", "coordinates": [100.645226, 14.836945, 10668.0]}}, {"type": "Feature", "properties": {"flight_key": "THD127_VTUL_VTBS", "callsign": "THD127", "aircraft_type": "B763", "adep": "VTUL", "ades": "VTBS", "epoch_ts": "2025-12-23 01:58:05+00:00", "altitude_ft": 35000.0, "tas_kt": null, "gs_kt": 460.0, "track_deg": 174, "phase": "cruise"}, "geometry": {"type": "Point", "coordinates": [100.657099, 14.548792, 10668.0]}}, {"type": "Feature", "properties": {"flight_key": "THD127_VTUL_VTBS", "callsign": "THD127", "aircraft_type": "B763", "adep": "VTUL", "ades": "VTBS", "epoch_ts": "2025-12-23 02:04:05+00:00", "altitude_ft": 23334.6, "tas_kt": null, "gs_kt": 270.0, "track_deg": 174, "phase": "descent"}, "geometry": {"type": "Point", "coordinates": [100.687696, 14.261139, 7112.4]}}, {"type": "Feature", "properties": {"flight_key": "THD127_VTUL_VTBS", "callsign": "THD127", "aircraft_type": "B763", "adep": "VTUL", "ades": "VTBS", "epoch_ts": "2025-12-23 02:10:05+00:00", "altitude_ft": 11669.1, "tas_kt": null, "gs_kt": 270.0, "track_deg": 174, "phase": "descent"}, "geometry": {"type": "Point", "coordinates": [100.718292, 13.973486, 3556.8]}}, {"type": "Feature", "properties": {"flight_key": "THD127_VTUL_VTBS", "callsign": "THD127", "aircraft_type": "B763", "adep": "VTUL", "ades": "VTBS", "epoch_ts": "2025-12-23 02:16:05+00:00", "altitude_ft": 3.7, "tas_kt": null, "gs_kt": 270.0, "track_deg": 0, "phase": "descent"}, "geometry": {"type": "Point", "coordinates": [100.748889, 13.685833, 1.1]}}, {"type": "Feature", "properties": {"feature_type": "route", "flight_key": "PGY128_VTCC_VTBS", "route": "PANTA Y7 BLAFF DCT NORTA", "callsign": "PGY128", "aircraft_type": "A332", "adep": "VTCC", "ades": "VTBS", "rfl": 350, "sid": "PANT2C", "star": "NORT1C", "approach": "R19", "dep_rwy": "RW36", "arr_rwy": "RW19", "eobt": "2025-12-23T00:36:14.775609+00:00", "idents": ["VTCC", "PANTA", "KEXIL", "IGPOP", "PAKMO", "BLAFF", "NORTA", "VTBS"]}, "geometry": {"type": "LineString", "coordinates": [[98.962778, 18.771389], [99.321389, 18.230833], [99.498333, 17.701111], [99.785556, 16.833889], [99.948889, 16.336944], [100.2975, 15.275833], [100.639017, 14.718789], [100.748889, 13.685833]]}}, {"type": "Feature", "properties": {"flight_key": "PGY128_VTCC_VTBS", "callsign": "PGY128", "aircraft_type": "A332", "adep": "VTCC", "ades": "VTBS", "epoch_ts": "2025-12-23 00:36:14+00:00", "altitude_ft": 1006.9, "tas_kt": null, "gs_kt": 280.0, "track_deg": 148, "phase": "climb"}, "geometry": {"type": "Point", "coordinates": [98.962778, 18.771389, 306.9]}}, {"type": "Feature", "properties": {"flight_key": "PGY128_VTCC_VTBS", "callsign": "PGY128", "aircraft_type": "A332", "adep": "VTCC", "ades": "VTBS", "epoch_ts": "2025-12-23 00:42:14+00:00", "altitude_ft": 12337.9, "tas_kt": null, "gs_kt": 280.0, "track_deg": 148, "phase": "climb"}, "geometry": {"type": "Point", "coordinates": [99.163744, 18.468461, 3760.6]}}, {"type": "Feature", "properties": {"flight_key": "PGY128_VTCC_VTBS", "callsign": "PGY128", "aircraft_type": "A332", "adep": "VTCC", "ades": "VTBS", "epoch_ts": "2025-12-23 00:48:14+00:00", "altitude_ft": 23669.0, "tas_kt": null, "gs_kt": 280.0, "track_deg": 162, "phase": "climb"}, "geometry": {"type": "Point", "coordinates": [99.346217, 18.156506, 7214.3]}}, {"type": "Feature", "properties": {"flight_key": "PGY128_VTCC_VTBS", "callsign": "PGY128", "aircraft_type": "A332", "adep": "VTCC", "ades": "VTBS", "epoch_ts": "2025-12-23 00:54:14+00:00", "altitude_ft": 35000.0, "tas_kt": null, "gs_kt": 460.0, "track_deg": 162, "phase": "cruise"}, "geometry": {"type": "Point", "coordinates": [99.461391, 17.811705, 10668.0]}}, {"type": "Feature", "properties": {"flight_key": "PGY128_VTCC_VTBS", "callsign": "PGY128", "aircraft_type": "A332", "adep": "VTCC", "ades": "VTBS", "epoch_ts": "2025-12-23 01:00:14+00:00", "altitude_ft": 35000.0, "tas_kt": null, "gs_kt": 460.0, "track_deg": 162, "phase": "cruise"}, "geometry": {"type": "Point", "coordinates": [99.575968, 17.466705, 10668.0]}}, {"type": "Feature", "properties": {"flight_key": "PGY128_VTCC_VTBS", "callsign": "PGY128", "aircraft_type": "A332", "adep": "VTCC", "ades": "VTBS", "epoch_ts": "2025-12-23 01:06:14+00:00", "altitude_ft": 35000.0, "tas_kt": null, "gs_kt": 460.0, "track_deg": 162, "phase": "cruise"}, "geometry": {"type": "Point", "coordinates": [99.690262, 17.121612, 10668.0]}}, {"type": "Feature", "properties": {"flight_key": "PGY128_VTCC_VTBS", "callsign": "PGY128", "aircraft_type": "A332", "adep": "VTCC", "ades": "VTBS", "epoch_ts": "2025-12-23 01:12:14+00:00", "altitude_ft": 35000.0, "tas_kt": null, "gs_kt": 460.0, "track_deg": 163, "phase": "cruise"}, "geometry": {"type": "Point", "coordinates": [99.804426, 16.776475, 10668.0]}}, {"type": "Feature", "properties": {"flight_key": "PGY128_VTCC_VTBS", "callsign": "PGY128", "aircraft_type": "A332", "adep": "VTCC", "ades": "VTBS", "epoch_ts": "2025-12-23 01:18:14+00:00", "altitude_ft": 35000.0, "tas_kt": null, "gs_kt": 460.0, "track_deg": 163, "phase": "cruise"}, "geometry": {"type": "Point", "coordinates": [99.917935, 16.431122, 10668.0]}}, {"type": "Feature", "properties": {"flight_key": "PGY128_VTCC_VTBS", "callsign": "PGY128", "aircraft_type": "A332", "adep": "VTCC", "ades": "VTBS", "epoch_ts": "2025-12-23 01:24:14+00:00", "altitude_ft": 35000.0, "tas_kt": null, "gs_kt": 460.0, "track_deg": 162, "phase": "cruise"}, "geometry": {"type": "Point", "coordinates": [100.031412, 16.085759, 10668.0]}}, {"type": "Feature", "properties": {"flight_key": "PGY128_VTCC_VTBS", "callsign": "PGY128", "aircraft_type": "A332", "adep": "VTCC", "ades": "VTBS", "epoch_ts": "2025-12-23 01:30:14+00:00", "altitude_ft": 35000.0, "tas_kt": null, "gs_kt": 460.0, "track_deg": 162, "phase": "cruise"}, "geometry": {"type": "Point", "coordinates": [100.144877, 15.740391, 10668.0]}}, {"type": "Feature", "properties": {"flight_key": "PGY128_VTCC_VTBS", "callsign": "PGY128", "aircraft_type": "A332", "adep": "VTCC", "ades": "VTBS", "epoch_ts": "2025-12-23 01:36:14+00:00", "altitude_ft": 35000.0, "tas_kt": null, "gs_kt": 460.0, "track_deg": 162, "phase": "cruise"}, "geometry": {"type": "Point", "coordinates": [100.258342, 15.395024, 10668.0]}}, {"type": "Feature", "properties": {"flight_key": "PGY128_VTCC_VTBS", "callsign": "PGY128", "aircraft_type": "A332", "adep": "VTCC", "ades": "VTBS", "epoch_ts": "2025-12-23 01:42:14+00:00", "altitude_ft": 35000.0, "tas_kt": null, "gs_kt": 460.0, "track_deg": 149, "phase": "cruise"}, "geometry": {"type": "Point", "coordinates": [100.421933, 15.072871, 10668.0]}}, {"type": "Feature", "properties": {"flight_key": "PGY128_VTCC_VTBS", "callsign": "PGY128", "aircraft_type": "A332", "adep": "VTCC", "ades": "VTBS", "epoch_ts": "2025-12-23 01:48:14+00:00", "altitude_ft": 35000.0, "tas_kt": null, "gs_kt": 460.0, "track_deg": 149, "phase": "cruise"}, "geometry": {"type": "Point", "coordinates": [100.611941, 14.762952, 10668.0]}}, {"type": "Feature", "properties": {"flight_key": "PGY128_VTCC_VTBS", "callsign": "PGY128", "aircraft_type": "A332", "adep": "VTCC", "ades": "VTBS", "epoch_ts": "2025-12-23 01:54:14+00:00", "altitude_ft": 23334.6, "tas_kt": null, "gs_kt": 270.0, "track_deg": 174, "phase": "descent"}, "geometry": {"type": "Point", "coordinates": [100.671988, 14.408811, 7112.4]}}, {"type": "Feature", "properties": {"flight_key": "PGY128_VTCC_VTBS", "callsign": "PGY128", "aircraft_type": "A332", "adep": "VTCC", "ades": "VTBS", "epoch_ts": "2025-12-23 02:00:14+00:00", "altitude_ft": 11669.1, "tas_kt": null, "gs_kt": 270.0, "track_deg": 174, "phase": "descent"}, "geometry": {"type": "Point", "coordinates": [100.710439, 14.047322, 3556.8]}}, {"type": "Feature", "properties": {"flight_key": "PGY128_VTCC_VTBS", "callsign": "PGY128", "aircraft_type": "A332", "adep": "VTCC", "ades": "VTBS", "epoch_ts": "2025-12-23 02:06:14+00:00", "altitude_ft": 3.7, "tas_kt": null, "gs_kt": 270.0, "track_deg": 0, "phase": "descent"}, "geometry": {"type": "Point", "coordinates": [100.748889, 13.685833, 1.1]}}, {"type": "Feature", "properties": {"feature_type": "route", "flight_key": "TGW129_VTSB_VTBS", "route": "NIXET Y99 NONEL Y98 LEBIM", "callsign": "TGW129", "aircraft_type": "B739", "adep": "VTSB", "ades": "VTBS", "rfl": 350, "sid": "NIXE1C", "star": "LEBI1C", "approach": "R19", "dep_rwy": "RW22", "arr_rwy": "RW19", "eobt": "2025-12-23T00:37:45.791657+00:00", "idents": ["VTSB", "NIXET", "NONEL", "OLSEL", "SURMA", "LEBIM", "VTBS"]}, "geometry": {"type": "LineString", "coordinates": [[99.139167, 9.136111], [99.436944, 9.421389], [99.893611, 10.883611], [100.280278, 11.569722], [100.4425, 11.856111], [100.473611, 13.0875], [100.748889, 13.685833]]}}, {"type": "Feature", "properties": {"flight_key": "TGW129_VTSB_VTBS", "callsign": "TGW129", "aircraft_type": "B739", "adep": "VTSB", "ades": "VTBS", "epoch_ts": "2025-12-23 00:37:45+00:00", "altitude_ft": 18.0, "tas_kt": null, "gs_kt": 280.0, "track_deg": 46, "phase": "climb"}, "geometry": {"type": "Point", "coordinates": [99.139167, 9.136111, 5.5]}}, {"type": "Feature", "properties": {"flight_key": "TGW129_VTSB_VTBS", "callsign": "TGW129", "aircraft_type": "B739", "adep": "VTSB", "ades": "VTBS", "epoch_ts": "2025-12-23 00:43:45+00:00", "altitude_ft": 11678.7, "tas_kt": null, "gs_kt": 280.0, "track_deg": 46, "phase": "climb"}, "geometry": {"type": "Point", "coordinates": [99.377525, 9.364464, 3559.7]}}, {"type": "Feature", "properties": {"flight_key": "TGW129_VTSB_VTBS", "callsign": "TGW129", "aircraft_type": "B739", "adep": "VTSB", "ades": "VTBS", "epoch_ts": "2025-12-23 00:49:45+00:00", "altitude_ft": 23339.3, "tas_kt": null, "gs_kt": 280.0, "track_deg": 17, "phase": "climb"}, "geometry": {"type": "Point", "coordinates": [99.510817, 9.657926, 7113.8]}}, {"type": "Feature", "properties": {"flight_key": "TGW129_VTSB_VTBS", "callsign": "TGW129", "aircraft_type": "B739", "adep": "VTSB", "ades": "VTBS", "epoch_ts": "2025-12-23 00:55:45+00:00", "altitude_ft": 35000.0, "tas_kt": null, "gs_kt": 460.0, "track_deg": 17, "phase": "cruise"}, "geometry": {"type": "Point", "coordinates": [99.60922, 9.973008, 10668.0]}}, {"type": "Feature", "properties": {"flight_key": "TGW129_VTSB_VTBS", "callsign": "TGW129", "aircraft_type": "B739", "adep": "VTSB", "ades": "VTBS", "epoch_ts": "2025-12-23 01:01:45+00:00", "altitude_ft": 35000.0, "tas_kt": null, "gs_kt": 460.0, "track_deg": 17, "phase": "cruise"}, "geometry": {"type": "Point", "coordinates": [99.707624, 10.28809, 10668.0]}}, {"type": "Feature", "properties": {"flight_key": "TGW129_VTSB_VTBS", "callsign": "TGW129", "aircraft_type": "B739", "adep": "VTSB", "ades": "VTBS", "epoch_ts": "2025-12-23 01:07:45+00:00", "altitude_ft": 35000.0, "tas_kt": null, "gs_kt": 460.0, "track_deg": 17, "phase": "cruise"}, "geometry": {"type": "Point", "coordinates": [99.806027, 10.603172, 10668.0]}}, {"type": "Feature", "properties": {"flight_key": "TGW129_VTSB_VTBS", "callsign": "TGW129", "aircraft_type": "B739", "adep": "VTSB", "ades": "VTBS", "epoch_ts": "2025-12-23 01:13:45+00:00", "altitude_ft": 35000.0, "tas_kt": null, "gs_kt": 460.0, "track_deg": 29, "phase": "cruise"}, "geometry": {"type": "Point", "coordinates": [99.91143, 10.915229, 10668.0]}}, {"type": "Feature", "properties": {"flight_key": "TGW129_VTSB_VTBS", "callsign": "TGW129", "aircraft_type": "B739", "adep": "VTSB", "ades": "VTBS", "epoch_ts": "2025-12-23 01:19:45+00:00", "altitude_ft": 35000.0, "tas_kt": null, "gs_kt": 460.0, "track_deg": 29, "phase": "cruise"}, "geometry": {"type": "Point", "coordinates": [100.073493, 11.202797, 10668.0]}}, {"type": "Feature", "properties": {"flight_key": "TGW129_VTSB_VTBS", "callsign": "TGW129", "aircraft_type": "B739", "adep": "VTSB", "ades": "VTBS", "epoch_ts": "2025-12-23 01:25:45+00:00", "altitude_ft": 35000.0, "tas_kt": null, "gs_kt": 460.0, "track_deg": 29, "phase": "cruise"}, "geometry": {"type": "Point", "coordinates": [100.235556, 11.490366, 10668.0]}}, {"type": "Feature", "properties": {"flight_key": "TGW129_VTSB_VTBS", "callsign": "TGW129", "aircraft_type": "B739", "adep": "VTSB", "ades": "VTBS", "epoch_ts": "2025-12-23 01:31:45+00:00", "altitude_ft": 35000.0, "tas_kt": null, "gs_kt": 460.0, "track_deg": 29, "phase": "cruise"}, "geometry": {"type": "Point", "coordinates": [100.398072, 11.777678, 10668.0]}}, {"type": "Feature", "properties": {"flight_key": "TGW129_VTSB_VTBS", "callsign": "TGW129", "aircraft_type": "B739", "adep": "VTSB", "ades": "VTBS", "epoch_ts": "2025-12-23 01:37:45+00:00", "altitude_ft": 35000.0, "tas_kt": null, "gs_kt": 460.0, "track_deg": 1, "phase": "cruise"}, "geometry": {"type": "Point", "coordinates": [100.44856, 12.095983, 10668.0]}}, {"type": "Feature", "properties": {"flight_key": "TGW129_VTSB_VTBS", "callsign": "TGW129", "aircraft_type": "B739", "adep": "VTSB", "ades": "VTBS", "epoch_ts": "2025-12-23 01:43:45+00:00", "altitude_ft": 35000.0, "tas_kt": null, "gs_kt": 460.0, "track_deg": 1, "phase": "cruise"}, "geometry": {"type": "Point", "coordinates": [100.456897, 12.425968, 10668.0]}}, {"type": "Feature", "properties": {"flight_key": "TGW129_VTSB_VTBS", "callsign": "TGW129", "aircraft_type": "B739", "adep": "VTSB", "ades": "VTBS", "epoch_ts": "2025-12-23 01:49:45+00:00", "altitude_ft": 35000.0, "tas_kt": null, "gs_kt": 460.0, "track_deg": 1, "phase": "cruise"}, "geometry": {"type": "Point", "coordinates": [100.465234, 12.755954, 10668.0]}}, {"type": "Feature", "properties": {"flight_key": "TGW129_VTSB_VTBS", "callsign": "TGW129", "aircraft_type": "B739", "adep": "VTSB", "ades": "VTBS", "epoch_ts": "2025-12-23 01:55:45+00:00", "altitude_ft": 23334.6, "tas_kt": null, "gs_kt": 270.0, "track_deg": 1, "phase": "descent"}, "geometry": {"type": "Point", "coordinates": [100.473572, 13.085939, 7112.4]}}, {"type": "Feature", "properties": {"flight_key": "TGW129_VTSB_VTBS", "callsign": "TGW129", "aircraft_type": "B739", "adep": "VTSB", "ades": "VTBS", "epoch_ts": "2025-12-23 02:01:45+00:00", "altitude_ft": 11669.1, "tas_kt": null, "gs_kt": 270.0, "track_deg": 24, "phase": "descent"}, "geometry": {"type": "Point", "coordinates": [100.610924, 13.385957, 3556.8]}}, {"type": "Feature", "properties": {"flight_key": "TGW129_VTSB_VTBS", "callsign": "TGW129", "aircraft_type": "B739", "adep": "VTSB", "ades": "VTBS", "epoch_ts": "2025-12-23 02:07:45+00:00", "altitude_ft": 3.7, "tas_kt": null, "gs_kt": 270.0, "track_deg": 0, "phase": "descent"}, "geometry": {"type": "Point", "coordinates": [100.748889, 13.685833, 1.1]}}]}