{"type": "FeatureCollection", "features": [{"type": "Feature", "properties": {"feature_type": "route", "flight_key": "THA100_VTCC_VTBS_2025-12-23 02:02", "route": "PANTA Y7 BLAFF DCT NORTA", "callsign": "THA100", "aircraft_type": "B77W", "adep": "VTCC", "ades": "VTBS", "rfl": 360, "sid": "PANT2C", "star": "NORT1C", "approach": "R19", "dep_rwy": "RW36", "arr_rwy": "RW19", "eobt": "2025-12-23T02:02:50+00:00", "flight_category": "arrival", "vectored": false, "extend_nm": 0.0, "clearance": "DIRECT LETMA, CLEARED R19 APPROACH", "idents": ["RW36", "CC202", "CC203", "POVUT", "CC205", "CC206", "NUDMA", "PANTA", "KEXIL", "IGPOP", "PAKMO", "BLAFF", "NORTA", "BS519", "BS518", "MEPIN", "BS515", "BS514", "ATKIN", "LETMA", "LAVOG", "LOTMU", "BS790", "BS791"]}, "geometry": {"type": "LineString", "coordinates": [[98.96285, 18.75303889], [98.96338889, 18.96936667], [99.08648889, 18.96905], [99.08573056, 18.73451111], [99.08551389, 18.66758611], [99.08515, 18.55194444], [99.085, 18.50515278], [99.32140278, 18.23088056], [99.498333, 17.701111], [99.785556, 16.833889], [99.948889, 16.336944], [100.2975, 15.275833], [100.639017, 14.718789], [100.68273889, 14.57681389], [100.72268889, 14.44695833], [100.67111111, 14.25138889], [100.60333611, 13.99375556], [100.71924722, 13.96344722], [100.74071944, 14.04447222], [100.846425, 14.01610833], [100.82506389, 13.93505278], [100.80371667, 13.85399722], [100.78179167, 13.77066944], [100.76103333, 13.69171389]]}}, {"type": "Feature", "properties": {"flight_key": "THA100_VTCC_VTBS_2025-12-23 02:02", "callsign": "THA100", "aircraft_type": "B77W", "adep": "VTCC", "ades": "VTBS", "epoch_ts": "2025-12-23 02:02:50+00:00", "altitude_ft": 1006.9, "tas_kt": 253.6, "gs_kt": 253.6, "track_deg": 0.1358103844212687, "phase": "climb"}, "geometry": {"type": "Point", "coordinates": [98.96285, 18.753039, 306.9]}}, {"type": "Feature", "properties": {"flight_key": "THA100_VTCC_VTBS_2025-12-23 02:02", "callsign": "THA100", "aircraft_type": "B77W", "adep": "VTCC", "ades": "VTBS", "epoch_ts": "2025-12-23 02:03:10+00:00", "altitude_ft": 1745.4, "tas_kt": 256.2, "gs_kt": 256.2, "track_deg": 0.1358103844212687, "phase": "climb"}, "geometry": {"type": "Point", "coordinates": [98.962911, 18.777438, 532.0]}}, {"type": "Feature", "properties": {"flight_key": "THA100_VTCC_VTBS_2025-12-23 02:02", "callsign": "THA100", "aircraft_type": "B77W", "adep": "VTCC", "ades": "VTBS", "epoch_ts": "2025-12-23 02:03:30+00:00", "altitude_ft": 2369.5, "tas_kt": 258.5, "gs_kt": 258.5, "track_deg": 0.1358103844212687, "phase": "climb"}, "geometry": {"type": "Point", "coordinates": [98.962972, 18.802075, 722.2]}}, {"type": "Feature", "properties": {"flight_key": "THA100_VTCC_VTBS_2025-12-23 02:02", "callsign": "THA100", "aircraft_type": "B77W", "adep": "VTCC", "ades": "VTBS", "epoch_ts": "2025-12-23 02:03:50+00:00", "altitude_ft": 2954.0, "tas_kt": 260.7, "gs_kt": 260.7, "track_deg": 0.1358103844212687, "phase": "climb"}, "geometry": {"type": "Point", "coordinates": [98.963034, 18.826919, 900.4]}}, {"type": "Feature", "properties": {"flight_key": "THA100_VTCC_VTBS_2025-12-23 02:02", "callsign": "THA100", "aircraft_type": "B77W", "adep": "VTCC", "ades": "VTBS", "epoch_ts": "2025-12-23 02:04:10+00:00", "altitude_ft": 3501.5, "tas_kt": 262.7, "gs_kt": 262.7, "track_deg": 0.1358103844212687, "phase": "climb"}, "geometry": {"type": "Point", "coordinates": [98.963096, 18.851965, 1067.3]}}, {"type": "Feature", "properties": {"flight_key": "THA100_VTCC_VTBS_2025-12-23 02:02", "callsign": "THA100", "aircraft_type": "B77W", "adep": "VTCC", "ades": "VTBS", "epoch_ts": "2025-12-23 02:04:30+00:00", "altitude_ft": 4053.0, "tas_kt": 264.8, "gs_kt": 264.8, "track_deg": 0.1358103844212687, "phase": "climb"}, "geometry": {"type": "Point", "coordinates": [98.963159, 18.877207, 1235.4]}}, {"type": "Feature", "properties": {"flight_key": "THA100_VTCC_VTBS_2025-12-23 02:02", "callsign": "THA100", "aircraft_type": "B77W", "adep": "VTCC", "ades": "VTBS", "epoch_ts": "2025-12-23 02:04:50+00:00", "altitude_ft": 4682.2, "tas_kt": 267.2, "gs_kt": 267.2, "track_deg": 0.1358103844212687, "phase": "climb"}, "geometry": {"type": "Point", "coordinates": [98.963223, 18.902663, 1427.1]}}, {"type": "Feature", "properties": {"flight_key": "THA100_VTCC_VTBS_2025-12-23 02:02", "callsign": "THA100", "aircraft_type": "B77W", "adep": "VTCC", "ades": "VTBS", "epoch_ts": "2025-12-23 02:05:10+00:00", "altitude_ft": 5311.3, "tas_kt": 269.6, "gs_kt": 269.6, "track_deg": 0.1358103844212687, "phase": "climb"}, "geometry": {"type": "Point", "coordinates": [98.963287, 18.928351, 1618.9]}}, {"type": "Feature", "properties": {"flight_key": "THA100_VTCC_VTBS_2025-12-23 02:02", "callsign": "THA100", "aircraft_type": "B77W", "adep": "VTCC", "ades": "VTBS", "epoch_ts": "2025-12-23 02:05:30+00:00", "altitude_ft": 5940.5, "tas_kt": 272.1, "gs_kt": 272.1, "track_deg": 12.628884260905147, "phase": "climb"}, "geometry": {"type": "Point", "coordinates": [98.964033, 18.954218, 1810.7]}}, {"type": "Feature", "properties": {"flight_key": "THA100_VTCC_VTBS_2025-12-23 02:02", "callsign": "THA100", "aircraft_type": "B77W", "adep": "VTCC", "ades": "VTBS", "epoch_ts": "2025-12-23 02:05:50+00:00", "altitude_ft": 6632.4, "tas_kt": 274.8, "gs_kt": 274.8, "track_deg": 87.63435281561037, "phase": "climb"}, "geometry": {"type": "Point", "coordinates": [98.984153, 18.9693, 2021.6]}}, {"type": "Feature", "properties": {"flight_key": "THA100_VTCC_VTBS_2025-12-23 02:02", "callsign": "THA100", "aircraft_type": "B77W", "adep": "VTCC", "ades": "VTBS", "epoch_ts": "2025-12-23 02:06:10+00:00", "altitude_ft": 7330.9, "tas_kt": 277.6, "gs_kt": 277.6, "track_deg": 90.1505224338308, "phase": "climb"}, "geometry": {"type": "Point", "coordinates": [99.01194, 18.969248, 2234.5]}}, {"type": "Feature", "properties": {"flight_key": "THA100_VTCC_VTBS_2025-12-23 02:02", "callsign": "THA100", "aircraft_type": "B77W", "adep": "VTCC", "ades": "VTBS", "epoch_ts": "2025-12-23 02:06:30+00:00", "altitude_ft": 8026.8, "tas_kt": 280.4, "gs_kt": 280.4, "track_deg": 90.1505224338308, "phase": "climb"}, "geometry": {"type": "Point", "coordinates": [99.040011, 18.969171, 2446.6]}}, {"type": "Feature", "properties": {"flight_key": "THA100_VTCC_VTBS_2025-12-23 02:02", "callsign": "THA100", "aircraft_type": "B77W", "adep": "VTCC", "ades": "VTBS", "epoch_ts": "2025-12-23 02:06:50+00:00", "altitude_ft": 8662.8, "tas_kt": 283.1, "gs_kt": 283.1, "track_deg": 97.25039794051627, "phase": "climb"}, "geometry": {"type": "Point", "coordinates": [99.068344, 18.968866, 2640.4]}}, {"type": "Feature", "properties": {"flight_key": "THA100_VTCC_VTBS_2025-12-23 02:02", "callsign": "THA100", "aircraft_type": "B77W", "adep": "VTCC", "ades": "VTBS", "epoch_ts": "2025-12-23 02:07:11+00:00", "altitude_ft": 9334.6, "tas_kt": 285.9, "gs_kt": 285.9, "track_deg": 180.1758251677939, "phase": "climb"}, "geometry": {"type": "Point", "coordinates": [99.086421, 18.94886, 2845.2]}}, {"type": "Feature", "properties": {"flight_key": "THA100_VTCC_VTBS_2025-12-23 02:02", "callsign": "THA100", "aircraft_type": "B77W", "adep": "VTCC", "ades": "VTBS", "epoch_ts": "2025-12-23 02:07:35+00:00", "altitude_ft": 10083.4, "tas_kt": 289.1, "gs_kt": 289.1, "track_deg": 180.1758251677939, "phase": "climb"}, "geometry": {"type": "Point", "coordinates": [99.086315, 18.916012, 3073.4]}}, {"type": "Feature", "properties": {"flight_key": "THA100_VTCC_VTBS_2025-12-23 02:02", "callsign": "THA100", "aircraft_type": "B77W", "adep": "VTCC", "ades": "VTBS", "epoch_ts": "2025-12-23 02:07:55+00:00", "altitude_ft": 10648.5, "tas_kt": 291.5, "gs_kt": 291.5, "track_deg": 180.1758251677939, "phase": "climb"}, "geometry": {"type": "Point", "coordinates": [99.086226, 18.888229, 3245.7]}}, {"type": "Feature", "properties": {"flight_key": "THA100_VTCC_VTBS_2025-12-23 02:02", "callsign": "THA100", "aircraft_type": "B77W", "adep": "VTCC", "ades": "VTBS", "epoch_ts": "2025-12-23 02:08:15+00:00", "altitude_ft": 11000.0, "tas_kt": 293.0, "gs_kt": 293.0, "track_deg": 180.1758251677939, "phase": "climb"}, "geometry": {"type": "Point", "coordinates": [99.086135, 18.86023, 3352.8]}}, {"type": "Feature", "properties": {"flight_key": "THA100_VTCC_VTBS_2025-12-23 02:02", "callsign": "THA100", "aircraft_type": "B77W", "adep": "VTCC", "ades": "VTBS", "epoch_ts": "2025-12-23 02:08:35+00:00", "altitude_ft": 11000.0, "tas_kt": 293.0, "gs_kt": 293.0, "track_deg": 180.1758251677939, "phase": "climb"}, "geometry": {"type": "Point", "coordinates": [99.086045, 18.832185, 3352.8]}}, {"type": "Feature", "properties": {"flight_key": "THA100_VTCC_VTBS_2025-12-23 02:02", "callsign": "THA100", "aircraft_type": "B77W", "adep": "VTCC", "ades": "VTBS", "epoch_ts": "2025-12-23 02:08:55+00:00", "altitude_ft": 11000.0, "tas_kt": 293.0, "gs_kt": 293.0, "track_deg": 180.1758251677939, "phase": "climb"}, "geometry": {"type": "Point", "coordinates": [99.085955, 18.80414, 3352.8]}}, {"type": "Feature", "properties": {"flight_key": "THA100_VTCC_VTBS_2025-12-23 02:02", "callsign": "THA100", "aircraft_type": "B77W", "adep": "VTCC", "ades": "VTBS", "epoch_ts": "2025-12-23 02:09:15+00:00", "altitude_ft": 11000.0, "tas_kt": 293.0, "gs_kt": 293.0, "track_deg": 180.1758251677939, "phase": "climb"}, "geometry": {"type": "Point", "coordinates": [99.085864, 18.776095, 3352.8]}}, {"type": "Feature", "properties": {"flight_key": "THA100_VTCC_VTBS_2025-12-23 02:02", "callsign": "THA100", "aircraft_type": "B77W", "adep": "VTCC", "ades": "VTBS", "epoch_ts": "2025-12-23 02:09:35+00:00", "altitude_ft": 11000.0, "tas_kt": 293.0, "gs_kt": 293.0, "track_deg": 180.1758251677939, "phase": "climb"}, "geometry": {"type": "Point", "coordinates": [99.085774, 18.748049, 3352.8]}}, {"type": "Feature", "properties": {"flight_key": "THA100_VTCC_VTBS_2025-12-23 02:02", "callsign": "THA100", "aircraft_type": "B77W", "adep": "VTCC", "ades": "VTBS", "epoch_ts": "2025-12-23 02:09:55+00:00", "altitude_ft": 11258.9, "tas_kt": 305.7, "gs_kt": 305.7, "track_deg": 180.17679861023203, "phase": "climb"}, "geometry": {"type": "Point", "coordinates": [99.085682, 18.719483, 3431.7]}}, {"type": "Feature", "properties": {"flight_key": "THA100_VTCC_VTBS_2025-12-23 02:02", "callsign": "THA100", "aircraft_type": "B77W", "adep": "VTCC", "ades": "VTBS", "epoch_ts": "2025-12-23 02:10:15+00:00", "altitude_ft": 11764.8, "tas_kt": 308.0, "gs_kt": 308.0, "track_deg": 180.17679861023203, "phase": "climb"}, "geometry": {"type": "Point", "coordinates": [99.085587, 18.690116, 3585.9]}}, {"type": "Feature", "properties": {"flight_key": "THA100_VTCC_VTBS_2025-12-23 02:02", "callsign": "THA100", "aircraft_type": "B77W", "adep": "VTCC", "ades": "VTBS", "epoch_ts": "2025-12-23 02:10:35+00:00", "altitude_ft": 12332.1, "tas_kt": 387.8, "gs_kt": 387.8, "track_deg": 180.17195787702266, "phase": "climb"}, "geometry": {"type": "Point", "coordinates": [99.085481, 18.657187, 3758.8]}}, {"type": "Feature", "properties": {"flight_key": "THA100_VTCC_VTBS_2025-12-23 02:02", "callsign": "THA100", "aircraft_type": "B77W", "adep": "VTCC", "ades": "VTBS", "epoch_ts": "2025-12-23 02:10:55+00:00", "altitude_ft": 12974.8, "tas_kt": 391.7, "gs_kt": 391.7, "track_deg": 180.17195787702266, "phase": "climb"}, "geometry": {"type": "Point", "coordinates": [99.085364, 18.619883, 3954.7]}}, {"type": "Feature", "properties": {"flight_key": "THA100_VTCC_VTBS_2025-12-23 02:02", "callsign": "THA100", "aircraft_type": "B77W", "adep": "VTCC", "ades": "VTBS", "epoch_ts": "2025-12-23 02:11:15+00:00", "altitude_ft": 13623.8, "tas_kt": 395.5, "gs_kt": 395.5, "track_deg": 180.17195787702266, "phase": "climb"}, "geometry": {"type": "Point", "coordinates": [99.085245, 18.582211, 4152.5]}}, {"type": "Feature", "properties": {"flight_key": "THA100_VTCC_VTBS_2025-12-23 02:02", "callsign": "THA100", "aircraft_type": "B77W", "adep": "VTCC", "ades": "VTBS", "epoch_ts": "2025-12-23 02:11:35+00:00", "altitude_ft": 14279.2, "tas_kt": 399.4, "gs_kt": 399.4, "track_deg": 180.17518447711842, "phase": "climb"}, "geometry": {"type": "Point", "coordinates": [99.085125, 18.544169, 4352.3]}}, {"type": "Feature", "properties": {"flight_key": "THA100_VTCC_VTBS_2025-12-23 02:02", "callsign": "THA100", "aircraft_type": "B77W", "adep": "VTCC", "ades": "VTBS", "epoch_ts": "2025-12-23 02:11:57+00:00", "altitude_ft": 15023.9, "tas_kt": 403.6, "gs_kt": 403.6, "track_deg": 157.84467666938582, "phase": "climb"}, "geometry": {"type": "Point", "coordinates": [99.090637, 18.501695, 4579.3]}}, {"type": "Feature", "properties": {"flight_key": "THA100_VTCC_VTBS_2025-12-23 02:02", "callsign": "THA100", "aircraft_type": "B77W", "adep": "VTCC", "ades": "VTBS", "epoch_ts": "2025-12-23 02:12:20+00:00", "altitude_ft": 15776.7, "tas_kt": 407.9, "gs_kt": 407.9, "track_deg": 140.51500696396087, "phase": "climb"}, "geometry": {"type": "Point", "coordinates": [99.11807, 18.466855, 4808.7]}}, {"type": "Feature", "properties": {"flight_key": "THA100_VTCC_VTBS_2025-12-23 02:02", "callsign": "THA100", "aircraft_type": "B77W", "adep": "VTCC", "ades": "VTBS", "epoch_ts": "2025-12-23 02:12:40+00:00", "altitude_ft": 16452.4, "tas_kt": 411.7, "gs_kt": 411.7, "track_deg": 140.51500696396087, "phase": "climb"}, "geometry": {"type": "Point", "coordinates": [99.144198, 18.436579, 5014.7]}}, {"type": "Feature", "properties": {"flight_key": "THA100_VTCC_VTBS_2025-12-23 02:02", "callsign": "THA100", "aircraft_type": "B77W", "adep": "VTCC", "ades": "VTBS", "epoch_ts": "2025-12-23 02:13:00+00:00", "altitude_ft": 17134.3, "tas_kt": 415.3, "gs_kt": 415.3, "track_deg": 140.51500696396087, "phase": "climb"}, "geometry": {"type": "Point", "coordinates": [99.170556, 18.406022, 5222.5]}}, {"type": "Feature", "properties": {"flight_key": "THA100_VTCC_VTBS_2025-12-23 02:02", "callsign": "THA100", "aircraft_type": "B77W", "adep": "VTCC", "ades": "VTBS", "epoch_ts": "2025-12-23 02:13:20+00:00", "altitude_ft": 17822.2, "tas_kt": 419.0, "gs_kt": 419.0, "track_deg": 140.51500696396087, "phase": "climb"}, "geometry": {"type": "Point", "coordinates": [99.197135, 18.375194, 5432.2]}}, {"type": "Feature", "properties": {"flight_key": "THA100_VTCC_VTBS_2025-12-23 02:02", "callsign": "THA100", "aircraft_type": "B77W", "adep": "VTCC", "ades": "VTBS", "epoch_ts": "2025-12-23 02:13:40+00:00", "altitude_ft": 18516.0, "tas_kt": 422.6, "gs_kt": 422.6, "track_deg": 140.51500696396087, "phase": "climb"}, "geometry": {"type": "Point", "coordinates": [99.223937, 18.344093, 5643.7]}}, {"type": "Feature", "properties": {"flight_key": "THA100_VTCC_VTBS_2025-12-23 02:02", "callsign": "THA100", "aircraft_type": "B77W", "adep": "VTCC", "ades": "VTBS", "epoch_ts": "2025-12-23 02:14:00+00:00", "altitude_ft": 19215.9, "tas_kt": 426.2, "gs_kt": 426.2, "track_deg": 140.51500696396087, "phase": "climb"}, "geometry": {"type": "Point", "coordinates": [99.250963, 18.312716, 5857.0]}}, {"type": "Feature", "properties": {"flight_key": "THA100_VTCC_VTBS_2025-12-23 02:02", "callsign": "THA100", "aircraft_type": "B77W", "adep": "VTCC", "ades": "VTBS", "epoch_ts": "2025-12-23 02:14:20+00:00", "altitude_ft": 19921.6, "tas_kt": 429.7, "gs_kt": 429.7, "track_deg": 140.51500696396087, "phase": "climb"}, "geometry": {"type": "Point", "coordinates": [99.278203, 18.281076, 6072.1]}}, {"type": "Feature", "properties": {"flight_key": "THA100_VTCC_VTBS_2025-12-23 02:02", "callsign": "THA100", "aircraft_type": "B77W", "adep": "VTCC", "ades": "VTBS", "epoch_ts": "2025-12-23 02:14:40+00:00", "altitude_ft": 20633.0, "tas_kt": 433.2, "gs_kt": 433.2, "track_deg": 140.51500696396087, "phase": "climb"}, "geometry": {"type": "Point", "coordinates": [99.305653, 18.249177, 6288.9]}}, {"type": "Feature", "properties": {"flight_key": "THA100_VTCC_VTBS_2025-12-23 02:02", "callsign": "THA100", "aircraft_type": "B77W", "adep": "VTCC", "ades": "VTBS", "epoch_ts": "2025-12-23 02:15:00+00:00", "altitude_ft": 21350.2, "tas_kt": 436.7, "gs_kt": 436.7, "track_deg": 162.24796740430256, "phase": "climb"}, "geometry": {"type": "Point", "coordinates": [99.327183, 18.213625, 6507.5]}}, {"type": "Feature", "properties": {"flight_key": "THA100_VTCC_VTBS_2025-12-23 02:02", "callsign": "THA100", "aircraft_type": "B77W", "adep": "VTCC", "ades": "VTBS", "epoch_ts": "2025-12-23 02:15:20+00:00", "altitude_ft": 22073.1, "tas_kt": 440.1, "gs_kt": 440.1, "track_deg": 162.24796740430256, "phase": "climb"}, "geometry": {"type": "Point", "coordinates": [99.340567, 18.173659, 6727.9]}}, {"type": "Feature", "properties": {"flight_key": "THA100_VTCC_VTBS_2025-12-23 02:02", "callsign": "THA100", "aircraft_type": "B77W", "adep": "VTCC", "ades": "VTBS", "epoch_ts": "2025-12-23 02:15:40+00:00", "altitude_ft": 22801.5, "tas_kt": 443.3, "gs_kt": 443.3, "track_deg": 162.24796740430256, "phase": "climb"}, "geometry": {"type": "Point", "coordinates": [99.354046, 18.133391, 6949.9]}}, {"type": "Feature", "properties": {"flight_key": "THA100_VTCC_VTBS_2025-12-23 02:02", "callsign": "THA100", "aircraft_type": "B77W", "adep": "VTCC", "ades": "VTBS", "epoch_ts": "2025-12-23 02:16:00+00:00", "altitude_ft": 23535.2, "tas_kt": 446.6, "gs_kt": 446.6, "track_deg": 162.24796740430256, "phase": "climb"}, "geometry": {"type": "Point", "coordinates": [99.367619, 18.092823, 7173.5]}}, {"type": "Feature", "properties": {"flight_key": "THA100_VTCC_VTBS_2025-12-23 02:02", "callsign": "THA100", "aircraft_type": "B77W", "adep": "VTCC", "ades": "VTBS", "epoch_ts": "2025-12-23 02:16:20+00:00", "altitude_ft": 24274.4, "tas_kt": 450.0, "gs_kt": 450.0, "track_deg": 162.24796740430256, "phase": "climb"}, "geometry": {"type": "Point", "coordinates": [99.381286, 18.05195, 7398.8]}}, {"type": "Feature", "properties": {"flight_key": "THA100_VTCC_VTBS_2025-12-23 02:02", "callsign": "THA100", "aircraft_type": "B77W", "adep": "VTCC", "ades": "VTBS", "epoch_ts": "2025-12-23 02:16:40+00:00", "altitude_ft": 25019.1, "tas_kt": 453.2, "gs_kt": 453.2, "track_deg": 162.24796740430256, "phase": "climb"}, "geometry": {"type": "Point", "coordinates": [99.395048, 18.010775, 7625.8]}}, {"type": "Feature", "properties": {"flight_key": "THA100_VTCC_VTBS_2025-12-23 02:02", "callsign": "THA100", "aircraft_type": "B77W", "adep": "VTCC", "ades": "VTBS", "epoch_ts": "2025-12-23 02:17:00+00:00", "altitude_ft": 25769.0, "tas_kt": 456.3, "gs_kt": 456.3, "track_deg": 162.24796740430256, "phase": "climb"}, "geometry": {"type": "Point", "coordinates": [99.4089, 17.969312, 7854.4]}}, {"type": "Feature", "properties": {"flight_key": "THA100_VTCC_VTBS_2025-12-23 02:02", "callsign": "THA100", "aircraft_type": "B77W", "adep": "VTCC", "ades": "VTBS", "epoch_ts": "2025-12-23 02:17:20+00:00", "altitude_ft": 26524.0, "tas_kt": 459.4, "gs_kt": 459.4, "track_deg": 162.24796740430256, "phase": "climb"}, "geometry": {"type": "Point", "coordinates": [99.42284, 17.927564, 8084.5]}}, {"type": "Feature", "properties": {"flight_key": "THA100_VTCC_VTBS_2025-12-23 02:02", "callsign": "THA100", "aircraft_type": "B77W", "adep": "VTCC", "ades": "VTBS", "epoch_ts": "2025-12-23 02:17:40+00:00", "altitude_ft": 27284.2, "tas_kt": 462.6, "gs_kt": 462.6, "track_deg": 162.24796740430256, "phase": "climb"}, "geometry": {"type": "Point", "coordinates": [99.436869, 17.885527, 8316.2]}}, {"type": "Feature", "properties": {"flight_key": "THA100_VTCC_VTBS_2025-12-23 02:02", "callsign": "THA100", "aircraft_type": "B77W", "adep": "VTCC", "ades": "VTBS", "epoch_ts": "2025-12-23 02:18:00+00:00", "altitude_ft": 28021.3, "tas_kt": 465.8, "gs_kt": 465.8, "track_deg": 162.24796740430256, "phase": "climb"}, "geometry": {"type": "Point", "coordinates": [99.450988, 17.8432, 8540.9]}}, {"type": "Feature", "properties": {"flight_key": "THA100_VTCC_VTBS_2025-12-23 02:02", "callsign": "THA100", "aircraft_type": "B77W", "adep": "VTCC", "ades": "VTBS", "epoch_ts": "2025-12-23 02:18:20+00:00", "altitude_ft": 28467.2, "tas_kt": 469.0, "gs_kt": 469.0, "track_deg": 162.24796740430256, "phase": "climb"}, "geometry": {"type": "Point", "coordinates": [99.465197, 17.800581, 8676.8]}}, {"type": "Feature", "properties": {"flight_key": "THA100_VTCC_VTBS_2025-12-23 02:02", "callsign": "THA100", "aircraft_type": "B77W", "adep": "VTCC", "ades": "VTBS", "epoch_ts": "2025-12-23 02:18:40+00:00", "altitude_ft": 28913.0, "tas_kt": 472.2, "gs_kt": 472.2, "track_deg": 162.24796740430256, "phase": "climb"}, "geometry": {"type": "Point", "coordinates": [99.479496, 17.757671, 8812.7]}}, {"type": "Feature", "properties": {"flight_key": "THA100_VTCC_VTBS_2025-12-23 02:02", "callsign": "THA100", "aircraft_type": "B77W", "adep": "VTCC", "ades": "VTBS", "epoch_ts": "2025-12-23 02:19:00+00:00", "altitude_ft": 29358.8, "tas_kt": 475.4, "gs_kt": 475.4, "track_deg": 162.24796740430256, "phase": "climb"}, "geometry": {"type": "Point", "coordinates": [99.493886, 17.714467, 8948.6]}}, {"type": "Feature", "properties": {"flight_key": "THA100_VTCC_VTBS_2025-12-23 02:02", "callsign": "THA100", "aircraft_type": "B77W", "adep": "VTCC", "ades": "VTBS", "epoch_ts": "2025-12-23 02:19:20+00:00", "altitude_ft": 29804.7, "tas_kt": 478.6, "gs_kt": 478.6, "track_deg": 162.30531654990452, "phase": "climb"}, "geometry": {"type": "Point", "coordinates": [99.508365, 17.670966, 9084.5]}}, {"type": "Feature", "properties": {"flight_key": "THA100_VTCC_VTBS_2025-12-23 02:02", "callsign": "THA100", "aircraft_type": "B77W", "adep": "VTCC", "ades": "VTBS", "epoch_ts": "2025-12-23 02:19:40+00:00", "altitude_ft": 30265.4, "tas_kt": 494.5, "gs_kt": 494.5, "track_deg": 162.30531654990452, "phase": "climb"}, "geometry": {"type": "Point", "coordinates": [99.523165, 17.626476, 9224.9]}}, {"type": "Feature", "properties": {"flight_key": "THA100_VTCC_VTBS_2025-12-23 02:02", "callsign": "THA100", "aircraft_type": "B77W", "adep": "VTCC", "ades": "VTBS", "epoch_ts": "2025-12-23 02:20:00+00:00", "altitude_ft": 30737.7, "tas_kt": 493.4, "gs_kt": 493.4, "track_deg": 162.30531654990452, "phase": "climb"}, "geometry": {"type": "Point", "coordinates": [99.538143, 17.581427, 9368.9]}}, {"type": "Feature", "properties": {"flight_key": "THA100_VTCC_VTBS_2025-12-23 02:02", "callsign": "THA100", "aircraft_type": "B77W", "adep": "VTCC", "ades": "VTBS", "epoch_ts": "2025-12-23 02:20:20+00:00", "altitude_ft": 31210.1, "tas_kt": 492.4, "gs_kt": 492.4, "track_deg": 162.30531654990452, "phase": "climb"}, "geometry": {"type": "Point", "coordinates": [99.553083, 17.536468, 9512.8]}}, {"type": "Feature", "properties": {"flight_key": "THA100_VTCC_VTBS_2025-12-23 02:02", "callsign": "THA100", "aircraft_type": "B77W", "adep": "VTCC", "ades": "VTBS", "epoch_ts": "2025-12-23 02:20:40+00:00", "altitude_ft": 31682.4, "tas_kt": 491.4, "gs_kt": 491.4, "track_deg": 162.30531654990452, "phase": "climb"}, "geometry": {"type": "Point", "coordinates": [99.567985, 17.491602, 9656.8]}}, {"type": "Feature", "properties": {"flight_key": "THA100_VTCC_VTBS_2025-12-23 02:02", "callsign": "THA100", "aircraft_type": "B77W", "adep": "VTCC", "ades": "VTBS", "epoch_ts": "2025-12-23 02:21:00+00:00", "altitude_ft": 32158.2, "tas_kt": 490.4, "gs_kt": 490.4, "track_deg": 162.30531654990452, "phase": "climb"}, "geometry": {"type": "Point", "coordinates": [99.582848, 17.446827, 9801.8]}}, {"type": "Feature", "properties": {"flight_key": "THA100_VTCC_VTBS_2025-12-23 02:02", "callsign": "THA100", "aircraft_type": "B77W", "adep": "VTCC", "ades": "VTBS", "epoch_ts": "2025-12-23 02:21:20+00:00", "altitude_ft": 32641.0, "tas_kt": 489.3, "gs_kt": 489.3, "track_deg": 162.30531654990452, "phase": "climb"}, "geometry": {"type": "Point", "coordinates": [99.597673, 17.402145, 9949.0]}}, {"type": "Feature", "properties": {"flight_key": "THA100_VTCC_VTBS_2025-12-23 02:02", "callsign": "THA100", "aircraft_type": "B77W", "adep": "VTCC", "ades": "VTBS", "epoch_ts": "2025-12-23 02:21:40+00:00", "altitude_ft": 33123.8, "tas_kt": 488.3, "gs_kt": 488.3, "track_deg": 162.30531654990452, "phase": "climb"}, "geometry": {"type": "Point", "coordinates": [99.612459, 17.357558, 10096.1]}}, {"type": "Feature", "properties": {"flight_key": "THA100_VTCC_VTBS_2025-12-23 02:02", "callsign": "THA100", "aircraft_type": "B77W", "adep": "VTCC", "ades": "VTBS", "epoch_ts": "2025-12-23 02:22:00+00:00", "altitude_ft": 33606.7, "tas_kt": 487.2, "gs_kt": 487.2, "track_deg": 162.30531654990452, "phase": "climb"}, "geometry": {"type": "Point", "coordinates": [99.62717, 17.313173, 10243.3]}}, {"type": "Feature", "properties": {"flight_key": "THA100_VTCC_VTBS_2025-12-23 02:02", "callsign": "THA100", "aircraft_type": "B77W", "adep": "VTCC", "ades": "VTBS", "epoch_ts": "2025-12-23 02:22:20+00:00", "altitude_ft": 34086.1, "tas_kt": 486.2, "gs_kt": 486.2, "track_deg": 162.30531654990452, "phase": "climb"}, "geometry": {"type": "Point", "coordinates": [99.641641, 17.269492, 10389.4]}}, {"type": "Feature", "properties": {"flight_key": "THA100_VTCC_VTBS_2025-12-23 02:02", "callsign": "THA100", "aircraft_type": "B77W", "adep": "VTCC", "ades": "VTBS", "epoch_ts": "2025-12-23 02:22:40+00:00", "altitude_ft": 34550.8, "tas_kt": 485.2, "gs_kt": 485.2, "track_deg": 162.30531654990452, "phase": "climb"}, "geometry": {"type": "Point", "coordinates": [99.656074, 17.225902, 10531.1]}}, {"type": "Feature", "properties": {"flight_key": "THA100_VTCC_VTBS_2025-12-23 02:02", "callsign": "THA100", "aircraft_type": "B77W", "adep": "VTCC", "ades": "VTBS", "epoch_ts": "2025-12-23 02:23:00+00:00", "altitude_ft": 35015.5, "tas_kt": 484.2, "gs_kt": 484.2, "track_deg": 162.30531654990452, "phase": "climb"}, "geometry": {"type": "Point", "coordinates": [99.67047, 17.182403, 10672.7]}}, {"type": "Feature", "properties": {"flight_key": "THA100_VTCC_VTBS_2025-12-23 02:02", "callsign": "THA100", "aircraft_type": "B77W", "adep": "VTCC", "ades": "VTBS", "epoch_ts": "2025-12-23 02:23:20+00:00", "altitude_ft": 35480.1, "tas_kt": 483.1, "gs_kt": 483.1, "track_deg": 162.30531654990452, "phase": "climb"}, "geometry": {"type": "Point", "coordinates": [99.68483, 17.138993, 10814.3]}}, {"type": "Feature", "properties": {"flight_key": "THA100_VTCC_VTBS_2025-12-23 02:02", "callsign": "THA100", "aircraft_type": "B77W", "adep": "VTCC", "ades": "VTBS", "epoch_ts": "2025-12-23 02:23:40+00:00", "altitude_ft": 35944.8, "tas_kt": 482.1, "gs_kt": 482.1, "track_deg": 162.30531654990452, "phase": "climb"}, "geometry": {"type": "Point", "coordinates": [99.699152, 17.095674, 10956.0]}}, {"type": "Feature", "properties": {"flight_key": "THA100_VTCC_VTBS_2025-12-23 02:02", "callsign": "THA100", "aircraft_type": "B77W", "adep": "VTCC", "ades": "VTBS", "epoch_ts": "2025-12-23 02:24:00+00:00", "altitude_ft": 36000.0, "tas_kt": 487.7, "gs_kt": 487.7, "track_deg": 162.30531654990452, "phase": "cruise"}, "geometry": {"type": "Point", "coordinates": [99.713595, 17.051968, 10972.8]}}, {"type": "Feature", "properties": {"flight_key": "THA100_VTCC_VTBS_2025-12-23 02:02", "callsign": "THA100", "aircraft_type": "B77W", "adep": "VTCC", "ades": "VTBS", "epoch_ts": "2025-12-23 02:24:20+00:00", "altitude_ft": 36000.0, "tas_kt": 487.7, "gs_kt": 487.7, "track_deg": 162.30531654990452, "phase": "cruise"}, "geometry": {"type": "Point", "coordinates": [99.728055, 17.008188, 10972.8]}}, {"type": "Feature", "properties": {"flight_key": "THA100_VTCC_VTBS_2025-12-23 02:02", "callsign": "THA100", "aircraft_type": "B77W", "adep": "VTCC", "ades": "VTBS", "epoch_ts": "2025-12-23 02:24:40+00:00", "altitude_ft": 36000.0, "tas_kt": 487.7, "gs_kt": 487.7, "track_deg": 162.30531654990452, "phase": "cruise"}, "geometry": {"type": "Point", "coordinates": [99.742509, 16.964407, 10972.8]}}, {"type": "Feature", "properties": {"flight_key": "THA100_VTCC_VTBS_2025-12-23 02:02", "callsign": "THA100", "aircraft_type": "B77W", "adep": "VTCC", "ades": "VTBS", "epoch_ts": "2025-12-23 02:25:00+00:00", "altitude_ft": 36000.0, "tas_kt": 487.7, "gs_kt": 487.7, "track_deg": 162.30531654990452, "phase": "cruise"}, "geometry": {"type": "Point", "coordinates": [99.756956, 16.920625, 10972.8]}}, {"type": "Feature", "properties": {"flight_key": "THA100_VTCC_VTBS_2025-12-23 02:02", "callsign": "THA100", "aircraft_type": "B77W", "adep": "VTCC", "ades": "VTBS", "epoch_ts": "2025-12-23 02:25:20+00:00", "altitude_ft": 36000.0, "tas_kt": 487.7, "gs_kt": 487.7, "track_deg": 162.30531654990452, "phase": "cruise"}, "geometry": {"type": "Point", "coordinates": [99.771397, 16.876841, 10972.8]}}, {"type": "Feature", "properties": {"flight_key": "THA100_VTCC_VTBS_2025-12-23 02:02", "callsign": "THA100", "aircraft_type": "B77W", "adep": "VTCC", "ades": "VTBS", "epoch_ts": "2025-12-23 02:25:40+00:00", "altitude_ft": 36000.0, "tas_kt": 487.7, "gs_kt": 487.7, "track_deg": 162.39062760221861, "phase": "cruise"}, "geometry": {"type": "Point", "coordinates": [99.78583, 16.833056, 10972.8]}}, {"type": "Feature", "properties": {"flight_key": "THA100_VTCC_VTBS_2025-12-23 02:02", "callsign": "THA100", "aircraft_type": "B77W", "adep": "VTCC", "ades": "VTBS", "epoch_ts": "2025-12-23 02:26:00+00:00", "altitude_ft": 36000.0, "tas_kt": 487.7, "gs_kt": 487.7, "track_deg": 162.39062760221861, "phase": "cruise"}, "geometry": {"type": "Point", "coordinates": [99.800258, 16.78927, 10972.8]}}, {"type": "Feature", "properties": {"flight_key": "THA100_VTCC_VTBS_2025-12-23 02:02", "callsign": "THA100", "aircraft_type": "B77W", "adep": "VTCC", "ades": "VTBS", "epoch_ts": "2025-12-23 02:26:20+00:00", "altitude_ft": 36000.0, "tas_kt": 487.7, "gs_kt": 487.7, "track_deg": 162.39062760221861, "phase": "cruise"}, "geometry": {"type": "Point", "coordinates": [99.814678, 16.745483, 10972.8]}}, {"type": "Feature", "properties": {"flight_key": "THA100_VTCC_VTBS_2025-12-23 02:02", "callsign": "THA100", "aircraft_type": "B77W", "adep": "VTCC", "ades": "VTBS", "epoch_ts": "2025-12-23 02:26:40+00:00", "altitude_ft": 36000.0, "tas_kt": 487.7, "gs_kt": 487.7, "track_deg": 162.39062760221861, "phase": "cruise"}, "geometry": {"type": "Point", "coordinates": [99.829092, 16.701695, 10972.8]}}, {"type": "Feature", "properties": {"flight_key": "THA100_VTCC_VTBS_2025-12-23 02:02", "callsign": "THA100", "aircraft_type": "B77W", "adep": "VTCC", "ades": "VTBS", "epoch_ts": "2025-12-23 02:27:00+00:00", "altitude_ft": 36000.0, "tas_kt": 487.7, "gs_kt": 487.7, "track_deg": 162.39062760221861, "phase": "cruise"}, "geometry": {"type": "Point", "coordinates": [99.843499, 16.657905, 10972.8]}}, {"type": "Feature", "properties": {"flight_key": "THA100_VTCC_VTBS_2025-12-23 02:02", "callsign": "THA100", "aircraft_type": "B77W", "adep": "VTCC", "ades": "VTBS", "epoch_ts": "2025-12-23 02:27:20+00:00", "altitude_ft": 36000.0, "tas_kt": 487.7, "gs_kt": 487.7, "track_deg": 162.39062760221861, "phase": "cruise"}, "geometry": {"type": "Point", "coordinates": [99.8579, 16.614114, 10972.8]}}, {"type": "Feature", "properties": {"flight_key": "THA100_VTCC_VTBS_2025-12-23 02:02", "callsign": "THA100", "aircraft_type": "B77W", "adep": "VTCC", "ades": "VTBS", "epoch_ts": "2025-12-23 02:27:40+00:00", "altitude_ft": 36000.0, "tas_kt": 487.7, "gs_kt": 487.7, "track_deg": 162.39062760221861, "phase": "cruise"}, "geometry": {"type": "Point", "coordinates": [99.872294, 16.570322, 10972.8]}}, {"type": "Feature", "properties": {"flight_key": "THA100_VTCC_VTBS_2025-12-23 02:02", "callsign": "THA100", "aircraft_type": "B77W", "adep": "VTCC", "ades": "VTBS", "epoch_ts": "2025-12-23 02:28:00+00:00", "altitude_ft": 36000.0, "tas_kt": 487.7, "gs_kt": 487.7, "track_deg": 162.39062760221861, "phase": "cruise"}, "geometry": {"type": "Point", "coordinates": [99.886682, 16.526529, 10972.8]}}, {"type": "Feature", "properties": {"flight_key": "THA100_VTCC_VTBS_2025-12-23 02:02", "callsign": "THA100", "aircraft_type": "B77W", "adep": "VTCC", "ades": "VTBS", "epoch_ts": "2025-12-23 02:28:20+00:00", "altitude_ft": 36000.0, "tas_kt": 487.7, "gs_kt": 487.7, "track_deg": 162.39062760221861, "phase": "cruise"}, "geometry": {"type": "Point", "coordinates": [99.901063, 16.482735, 10972.8]}}, {"type": "Feature", "properties": {"flight_key": "THA100_VTCC_VTBS_2025-12-23 02:02", "callsign": "THA100", "aircraft_type": "B77W", "adep": "VTCC", "ades": "VTBS", "epoch_ts": "2025-12-23 02:28:40+00:00", "altitude_ft": 36000.0, "tas_kt": 487.7, "gs_kt": 487.7, "track_deg": 162.39062760221861, "phase": "cruise"}, "geometry": {"type": "Point", "coordinates": [99.915438, 16.43894, 10972.8]}}, {"type": "Feature", "properties": {"flight_key": "THA100_VTCC_VTBS_2025-12-23 02:02", "callsign": "THA100", "aircraft_type": "B77W", "adep": "VTCC", "ades": "VTBS", "epoch_ts": "2025-12-23 02:29:00+00:00", "altitude_ft": 36000.0, "tas_kt": 487.7, "gs_kt": 487.7, "track_deg": 162.39062760221861, "phase": "cruise"}, "geometry": {"type": "Point", "coordinates": [99.929806, 16.395143, 10972.8]}}, {"type": "Feature", "properties": {"flight_key": "THA100_VTCC_VTBS_2025-12-23 02:02", "callsign": "THA100", "aircraft_type": "B77W", "adep": "VTCC", "ades": "VTBS", "epoch_ts": "2025-12-23 02:29:20+00:00", "altitude_ft": 36000.0, "tas_kt": 487.7, "gs_kt": 487.7, "track_deg": 162.39062760221861, "phase": "cruise"}, "geometry": {"type": "Point", "coordinates": [99.944168, 16.351345, 10972.8]}}, {"type": "Feature", "properties": {"flight_key": "THA100_VTCC_VTBS_2025-12-23 02:02", "callsign": "THA100", "aircraft_type": "B77W", "adep": "VTCC", "ades": "VTBS", "epoch_ts": "2025-12-23 02:29:40+00:00", "altitude_ft": 36000.0, "tas_kt": 487.7, "gs_kt": 487.7, "track_deg": 162.30759100340762, "phase": "cruise"}, "geometry": {"type": "Point", "coordinates": [99.958593, 16.307567, 10972.8]}}, {"type": "Feature", "properties": {"flight_key": "THA100_VTCC_VTBS_2025-12-23 02:02", "callsign": "THA100", "aircraft_type": "B77W", "adep": "VTCC", "ades": "VTBS", "epoch_ts": "2025-12-23 02:30:00+00:00", "altitude_ft": 36000.0, "tas_kt": 487.7, "gs_kt": 487.7, "track_deg": 162.30759100340762, "phase": "cruise"}, "geometry": {"type": "Point", "coordinates": [99.973044, 16.263799, 10972.8]}}, {"type": "Feature", "properties": {"flight_key": "THA100_VTCC_VTBS_2025-12-23 02:02", "callsign": "THA100", "aircraft_type": "B77W", "adep": "VTCC", "ades": "VTBS", "epoch_ts": "2025-12-23 02:30:20+00:00", "altitude_ft": 36000.0, "tas_kt": 487.7, "gs_kt": 487.7, "track_deg": 162.30759100340762, "phase": "cruise"}, "geometry": {"type": "Point", "coordinates": [99.987489, 16.220029, 10972.8]}}, {"type": "Feature", "properties": {"flight_key": "THA100_VTCC_VTBS_2025-12-23 02:02", "callsign": "THA100", "aircraft_type": "B77W", "adep": "VTCC", "ades": "VTBS", "epoch_ts": "2025-12-23 02:30:40+00:00", "altitude_ft": 36000.0, "tas_kt": 487.7, "gs_kt": 487.7, "track_deg": 162.30759100340762, "phase": "cruise"}, "geometry": {"type": "Point", "coordinates": [100.001928, 16.176258, 10972.8]}}, {"type": "Feature", "properties": {"flight_key": "THA100_VTCC_VTBS_2025-12-23 02:02", "callsign": "THA100", "aircraft_type": "B77W", "adep": "VTCC", "ades": "VTBS", "epoch_ts": "2025-12-23 02:31:00+00:00", "altitude_ft": 36000.0, "tas_kt": 487.7, "gs_kt": 487.7, "track_deg": 162.30759100340762, "phase": "cruise"}, "geometry": {"type": "Point", "coordinates": [100.016361, 16.132486, 10972.8]}}, {"type": "Feature", "properties": {"flight_key": "THA100_VTCC_VTBS_2025-12-23 02:02", "callsign": "THA100", "aircraft_type": "B77W", "adep": "VTCC", "ades": "VTBS", "epoch_ts": "2025-12-23 02:31:20+00:00", "altitude_ft": 36000.0, "tas_kt": 487.7, "gs_kt": 487.7, "track_deg": 162.30759100340762, "phase": "cruise"}, "geometry": {"type": "Point", "coordinates": [100.030787, 16.088713, 10972.8]}}, {"type": "Feature", "properties": {"flight_key": "THA100_VTCC_VTBS_2025-12-23 02:02", "callsign": "THA100", "aircraft_type": "B77W", "adep": "VTCC", "ades": "VTBS", "epoch_ts": "2025-12-23 02:31:40+00:00", "altitude_ft": 36000.0, "tas_kt": 487.7, "gs_kt": 487.7, "track_deg": 162.30759100340762, "phase": "cruise"}, "geometry": {"type": "Point", "coordinates": [100.045207, 16.044938, 10972.8]}}, {"type": "Feature", "properties": {"flight_key": "THA100_VTCC_VTBS_2025-12-23 02:02", "callsign": "THA100", "aircraft_type": "B77W", "adep": "VTCC", "ades": "VTBS", "epoch_ts": "2025-12-23 02:32:00+00:00", "altitude_ft": 35518.4, "tas_kt": 483.1, "gs_kt": 483.1, "track_deg": 162.30759100340762, "phase": "descent"}, "geometry": {"type": "Point", "coordinates": [100.059476, 16.001601, 10826.0]}}, {"type": "Feature", "properties": {"flight_key": "THA100_VTCC_VTBS_2025-12-23 02:02", "callsign": "THA100", "aircraft_type": "B77W", "adep": "VTCC", "ades": "VTBS", "epoch_ts": "2025-12-23 02:32:20+00:00", "altitude_ft": 34993.9, "tas_kt": 484.2, "gs_kt": 484.2, "track_deg": 162.30759100340762, "phase": "descent"}, "geometry": {"type": "Point", "coordinates": [100.073762, 15.958193, 10666.1]}}, {"type": "Feature", "properties": {"flight_key": "THA100_VTCC_VTBS_2025-12-23 02:02", "callsign": "THA100", "aircraft_type": "B77W", "adep": "VTCC", "ades": "VTBS", "epoch_ts": "2025-12-23 02:32:40+00:00", "altitude_ft": 35979.4, "tas_kt": 485.4, "gs_kt": 485.4, "track_deg": 162.30759100340762, "phase": "climb"}, "geometry": {"type": "Point", "coordinates": [100.088076, 15.91468, 10966.5]}}, {"type": "Feature", "properties": {"flight_key": "THA100_VTCC_VTBS_2025-12-23 02:02", "callsign": "THA100", "aircraft_type": "B77W", "adep": "VTCC", "ades": "VTBS", "epoch_ts": "2025-12-23 02:33:00+00:00", "altitude_ft": 35667.2, "tas_kt": 486.5, "gs_kt": 486.5, "track_deg": 162.30759100340762, "phase": "descent"}, "geometry": {"type": "Point", "coordinates": [100.102418, 15.871063, 10871.4]}}, {"type": "Feature", "properties": {"flight_key": "THA100_VTCC_VTBS_2025-12-23 02:02", "callsign": "THA100", "aircraft_type": "B77W", "adep": "VTCC", "ades": "VTBS", "epoch_ts": "2025-12-23 02:33:20+00:00", "altitude_ft": 34992.4, "tas_kt": 487.8, "gs_kt": 487.8, "track_deg": 162.30759100340762, "phase": "descent"}, "geometry": {"type": "Point", "coordinates": [100.117678, 15.824633, 10665.7]}}, {"type": "Feature", "properties": {"flight_key": "THA100_VTCC_VTBS_2025-12-23 02:02", "callsign": "THA100", "aircraft_type": "B77W", "adep": "VTCC", "ades": "VTBS", "epoch_ts": "2025-12-23 02:33:40+00:00", "altitude_ft": 34220.8, "tas_kt": 489.0, "gs_kt": 489.0, "track_deg": 162.30759100340762, "phase": "descent"}, "geometry": {"type": "Point", "coordinates": [100.135119, 15.771538, 10430.5]}}, {"type": "Feature", "properties": {"flight_key": "THA100_VTCC_VTBS_2025-12-23 02:02", "callsign": "THA100", "aircraft_type": "B77W", "adep": "VTCC", "ades": "VTBS", "epoch_ts": "2025-12-23 02:34:00+00:00", "altitude_ft": 33447.3, "tas_kt": 490.2, "gs_kt": 490.2, "track_deg": 162.30759100340762, "phase": "descent"}, "geometry": {"type": "Point", "coordinates": [100.152595, 15.718307, 10194.7]}}, {"type": "Feature", "properties": {"flight_key": "THA100_VTCC_VTBS_2025-12-23 02:02", "callsign": "THA100", "aircraft_type": "B77W", "adep": "VTCC", "ades": "VTBS", "epoch_ts": "2025-12-23 02:34:20+00:00", "altitude_ft": 32671.7, "tas_kt": 491.5, "gs_kt": 491.5, "track_deg": 162.30759100340762, "phase": "descent"}, "geometry": {"type": "Point", "coordinates": [100.170106, 15.664938, 9958.3]}}, {"type": "Feature", "properties": {"flight_key": "THA100_VTCC_VTBS_2025-12-23 02:02", "callsign": "THA100", "aircraft_type": "B77W", "adep": "VTCC", "ades": "VTBS", "epoch_ts": "2025-12-23 02:34:40+00:00", "altitude_ft": 31894.1, "tas_kt": 492.9, "gs_kt": 492.9, "track_deg": 162.30759100340762, "phase": "descent"}, "geometry": {"type": "Point", "coordinates": [100.187656, 15.611425, 9721.3]}}, {"type": "Feature", "properties": {"flight_key": "THA100_VTCC_VTBS_2025-12-23 02:02", "callsign": "THA100", "aircraft_type": "B77W", "adep": "VTCC", "ades": "VTBS", "epoch_ts": "2025-12-23 02:35:00+00:00", "altitude_ft": 31114.4, "tas_kt": 494.2, "gs_kt": 494.2, "track_deg": 162.30759100340762, "phase": "descent"}, "geometry": {"type": "Point", "coordinates": [100.205243, 15.557767, 9483.7]}}, {"type": "Feature", "properties": {"flight_key": "THA100_VTCC_VTBS_2025-12-23 02:02", "callsign": "THA100", "aircraft_type": "B77W", "adep": "VTCC", "ades": "VTBS", "epoch_ts": "2025-12-23 02:35:20+00:00", "altitude_ft": 30349.1, "tas_kt": 464.5, "gs_kt": 464.5, "track_deg": 162.30759100340762, "phase": "descent"}, "geometry": {"type": "Point", "coordinates": [100.222497, 15.505096, 9250.4]}}, {"type": "Feature", "properties": {"flight_key": "THA100_VTCC_VTBS_2025-12-23 02:02", "callsign": "THA100", "aircraft_type": "B77W", "adep": "VTCC", "ades": "VTBS", "epoch_ts": "2025-12-23 02:35:40+00:00", "altitude_ft": 29618.8, "tas_kt": 460.1, "gs_kt": 460.1, "track_deg": 162.30759100340762, "phase": "descent"}, "geometry": {"type": "Point", "coordinates": [100.238954, 15.454833, 9027.8]}}, {"type": "Feature", "properties": {"flight_key": "THA100_VTCC_VTBS_2025-12-23 02:02", "callsign": "THA100", "aircraft_type": "B77W", "adep": "VTCC", "ades": "VTBS", "epoch_ts": "2025-12-23 02:36:00+00:00", "altitude_ft": 28895.4, "tas_kt": 455.7, "gs_kt": 455.7, "track_deg": 162.30759100340762, "phase": "descent"}, "geometry": {"type": "Point", "coordinates": [100.255247, 15.405044, 8807.3]}}, {"type": "Feature", "properties": {"flight_key": "THA100_VTCC_VTBS_2025-12-23 02:02", "callsign": "THA100", "aircraft_type": "B77W", "adep": "VTCC", "ades": "VTBS", "epoch_ts": "2025-12-23 02:36:20+00:00", "altitude_ft": 28178.8, "tas_kt": 451.4, "gs_kt": 451.4, "track_deg": 162.30759100340762, "phase": "descent"}, "geometry": {"type": "Point", "coordinates": [100.271379, 15.355723, 8588.9]}}, {"type": "Feature", "properties": {"flight_key": "THA100_VTCC_VTBS_2025-12-23 02:02", "callsign": "THA100", "aircraft_type": "B77W", "adep": "VTCC", "ades": "VTBS", "epoch_ts": "2025-12-23 02:36:40+00:00", "altitude_ft": 27468.9, "tas_kt": 447.2, "gs_kt": 447.2, "track_deg": 162.30759100340762, "phase": "descent"}, "geometry": {"type": "Point", "coordinates": [100.287353, 15.306861, 8372.5]}}, {"type": "Feature", "properties": {"flight_key": "THA100_VTCC_VTBS_2025-12-23 02:02", "callsign": "THA100", "aircraft_type": "B77W", "adep": "VTCC", "ades": "VTBS", "epoch_ts": "2025-12-23 02:37:00+00:00", "altitude_ft": 26777.6, "tas_kt": 415.8, "gs_kt": 415.8, "track_deg": 149.16548508078725, "phase": "descent"}, "geometry": {"type": "Point", "coordinates": [100.306693, 15.260882, 8161.8]}}, {"type": "Feature", "properties": {"flight_key": "THA100_VTCC_VTBS_2025-12-23 02:02", "callsign": "THA100", "aircraft_type": "B77W", "adep": "VTCC", "ades": "VTBS", "epoch_ts": "2025-12-23 02:37:20+00:00", "altitude_ft": 26120.9, "tas_kt": 411.6, "gs_kt": 411.6, "track_deg": 149.16548508078725, "phase": "descent"}, "geometry": {"type": "Point", "coordinates": [100.331723, 15.220164, 7961.7]}}, {"type": "Feature", "properties": {"flight_key": "THA100_VTCC_VTBS_2025-12-23 02:02", "callsign": "THA100", "aircraft_type": "B77W", "adep": "VTCC", "ades": "VTBS", "epoch_ts": "2025-12-23 02:37:40+00:00", "altitude_ft": 25471.0, "tas_kt": 407.5, "gs_kt": 407.5, "track_deg": 149.16548508078725, "phase": "descent"}, "geometry": {"type": "Point", "coordinates": [100.356485, 15.179864, 7763.6]}}, {"type": "Feature", "properties": {"flight_key": "THA100_VTCC_VTBS_2025-12-23 02:02", "callsign": "THA100", "aircraft_type": "B77W", "adep": "VTCC", "ades": "VTBS", "epoch_ts": "2025-12-23 02:38:00+00:00", "altitude_ft": 24827.6, "tas_kt": 403.4, "gs_kt": 403.4, "track_deg": 149.16548508078725, "phase": "descent"}, "geometry": {"type": "Point", "coordinates": [100.380991, 15.139963, 7567.5]}}, {"type": "Feature", "properties": {"flight_key": "THA100_VTCC_VTBS_2025-12-23 02:02", "callsign": "THA100", "aircraft_type": "B77W", "adep": "VTCC", "ades": "VTBS", "epoch_ts": "2025-12-23 02:38:20+00:00", "altitude_ft": 24190.5, "tas_kt": 399.5, "gs_kt": 399.5, "track_deg": 149.16548508078725, "phase": "descent"}, "geometry": {"type": "Point", "coordinates": [100.405248, 15.100448, 7373.3]}}, {"type": "Feature", "properties": {"flight_key": "THA100_VTCC_VTBS_2025-12-23 02:02", "callsign": "THA100", "aircraft_type": "B77W", "adep": "VTCC", "ades": "VTBS", "epoch_ts": "2025-12-23 02:38:40+00:00", "altitude_ft": 23559.5, "tas_kt": 395.6, "gs_kt": 395.6, "track_deg": 149.16548508078725, "phase": "descent"}, "geometry": {"type": "Point", "coordinates": [100.429264, 15.061311, 7180.9]}}, {"type": "Feature", "properties": {"flight_key": "THA100_VTCC_VTBS_2025-12-23 02:02", "callsign": "THA100", "aircraft_type": "B77W", "adep": "VTCC", "ades": "VTBS", "epoch_ts": "2025-12-23 02:39:00+00:00", "altitude_ft": 22947.5, "tas_kt": 351.8, "gs_kt": 351.8, "track_deg": 149.16548508078725, "phase": "descent"}, "geometry": {"type": "Point", "coordinates": [100.452549, 15.023347, 6994.4]}}, {"type": "Feature", "properties": {"flight_key": "THA100_VTCC_VTBS_2025-12-23 02:02", "callsign": "THA100", "aircraft_type": "B77W", "adep": "VTCC", "ades": "VTBS", "epoch_ts": "2025-12-23 02:39:20+00:00", "altitude_ft": 22391.7, "tas_kt": 348.7, "gs_kt": 348.7, "track_deg": 149.16548508078725, "phase": "descent"}, "geometry": {"type": "Point", "coordinates": [100.473686, 14.988872, 6825.0]}}, {"type": "Feature", "properties": {"flight_key": "THA100_VTCC_VTBS_2025-12-23 02:02", "callsign": "THA100", "aircraft_type": "B77W", "adep": "VTCC", "ades": "VTBS", "epoch_ts": "2025-12-23 02:39:40+00:00", "altitude_ft": 21841.3, "tas_kt": 345.7, "gs_kt": 345.7, "track_deg": 149.16548508078725, "phase": "descent"}, "geometry": {"type": "Point", "coordinates": [100.494615, 14.954724, 6657.2]}}, {"type": "Feature", "properties": {"flight_key": "THA100_VTCC_VTBS_2025-12-23 02:02", "callsign": "THA100", "aircraft_type": "B77W", "adep": "VTCC", "ades": "VTBS", "epoch_ts": "2025-12-23 02:40:00+00:00", "altitude_ft": 21296.0, "tas_kt": 342.8, "gs_kt": 342.8, "track_deg": 149.16548508078725, "phase": "descent"}, "geometry": {"type": "Point", "coordinates": [100.51534, 14.920896, 6491.0]}}, {"type": "Feature", "properties": {"flight_key": "THA100_VTCC_VTBS_2025-12-23 02:02", "callsign": "THA100", "aircraft_type": "B77W", "adep": "VTCC", "ades": "VTBS", "epoch_ts": "2025-12-23 02:40:20+00:00", "altitude_ft": 20755.6, "tas_kt": 339.9, "gs_kt": 339.9, "track_deg": 149.16548508078725, "phase": "descent"}, "geometry": {"type": "Point", "coordinates": [100.535873, 14.887367, 6326.3]}}, {"type": "Feature", "properties": {"flight_key": "THA100_VTCC_VTBS_2025-12-23 02:02", "callsign": "THA100", "aircraft_type": "B77W", "adep": "VTCC", "ades": "VTBS", "epoch_ts": "2025-12-23 02:40:40+00:00", "altitude_ft": 20219.7, "tas_kt": 337.1, "gs_kt": 337.1, "track_deg": 149.16548508078725, "phase": "descent"}, "geometry": {"type": "Point", "coordinates": [100.556231, 14.854115, 6163.0]}}, {"type": "Feature", "properties": {"flight_key": "THA100_VTCC_VTBS_2025-12-23 02:02", "callsign": "THA100", "aircraft_type": "B77W", "adep": "VTCC", "ades": "VTBS", "epoch_ts": "2025-12-23 02:41:00+00:00", "altitude_ft": 19688.2, "tas_kt": 334.3, "gs_kt": 334.3, "track_deg": 149.16548508078725, "phase": "descent"}, "geometry": {"type": "Point", "coordinates": [100.576415, 14.821133, 6001.0]}}, {"type": "Feature", "properties": {"flight_key": "THA100_VTCC_VTBS_2025-12-23 02:02", "callsign": "THA100", "aircraft_type": "B77W", "adep": "VTCC", "ades": "VTBS", "epoch_ts": "2025-12-23 02:41:20+00:00", "altitude_ft": 19161.0, "tas_kt": 331.6, "gs_kt": 331.6, "track_deg": 149.16548508078725, "phase": "descent"}, "geometry": {"type": "Point", "coordinates": [100.596429, 14.788418, 5840.3]}}, {"type": "Feature", "properties": {"flight_key": "THA100_VTCC_VTBS_2025-12-23 02:02", "callsign": "THA100", "aircraft_type": "B77W", "adep": "VTCC", "ades": "VTBS", "epoch_ts": "2025-12-23 02:41:40+00:00", "altitude_ft": 18638.1, "tas_kt": 328.9, "gs_kt": 328.9, "track_deg": 149.16548508078725, "phase": "descent"}, "geometry": {"type": "Point", "coordinates": [100.616276, 14.755964, 5680.9]}}, {"type": "Feature", "properties": {"flight_key": "THA100_VTCC_VTBS_2025-12-23 02:02", "callsign": "THA100", "aircraft_type": "B77W", "adep": "VTCC", "ades": "VTBS", "epoch_ts": "2025-12-23 02:42:00+00:00", "altitude_ft": 18119.3, "tas_kt": 326.3, "gs_kt": 326.3, "track_deg": 151.53646067221734, "phase": "descent"}, "geometry": {"type": "Point", "coordinates": [100.635861, 14.723712, 5522.8]}}, {"type": "Feature", "properties": {"flight_key": "THA100_VTCC_VTBS_2025-12-23 02:02", "callsign": "THA100", "aircraft_type": "B77W", "adep": "VTCC", "ades": "VTBS", "epoch_ts": "2025-12-23 02:42:20+00:00", "altitude_ft": 18000.0, "tas_kt": 325.7, "gs_kt": 325.7, "track_deg": 163.30491420080483, "phase": "descent"}, "geometry": {"type": "Point", "coordinates": [100.648312, 14.68862, 5486.4]}}, {"type": "Feature", "properties": {"flight_key": "THA100_VTCC_VTBS_2025-12-23 02:02", "callsign": "THA100", "aircraft_type": "B77W", "adep": "VTCC", "ades": "VTBS", "epoch_ts": "2025-12-23 02:42:40+00:00", "altitude_ft": 17925.6, "tas_kt": 325.3, "gs_kt": 325.3, "track_deg": 163.30491420080483, "phase": "descent"}, "geometry": {"type": "Point", "coordinates": [100.659277, 14.653024, 5463.7]}}, {"type": "Feature", "properties": {"flight_key": "THA100_VTCC_VTBS_2025-12-23 02:02", "callsign": "THA100", "aircraft_type": "B77W", "adep": "VTCC", "ades": "VTBS", "epoch_ts": "2025-12-23 02:43:00+00:00", "altitude_ft": 17440.0, "tas_kt": 285.1, "gs_kt": 285.1, "track_deg": 163.30491420080483, "phase": "descent"}, "geometry": {"type": "Point", "coordinates": [100.669621, 14.61943, 5315.7]}}, {"type": "Feature", "properties": {"flight_key": "THA100_VTCC_VTBS_2025-12-23 02:02", "callsign": "THA100", "aircraft_type": "B77W", "adep": "VTCC", "ades": "VTBS", "epoch_ts": "2025-12-23 02:43:20+00:00", "altitude_ft": 16990.2, "tas_kt": 283.1, "gs_kt": 283.1, "track_deg": 163.30491420080483, "phase": "descent"}, "geometry": {"type": "Point", "coordinates": [100.679198, 14.58832, 5178.6]}}, {"type": "Feature", "properties": {"flight_key": "THA100_VTCC_VTBS_2025-12-23 02:02", "callsign": "THA100", "aircraft_type": "B77W", "adep": "VTCC", "ades": "VTBS", "epoch_ts": "2025-12-23 02:43:40+00:00", "altitude_ft": 16543.9, "tas_kt": 281.2, "gs_kt": 281.2, "track_deg": 163.31154804065102, "phase": "descent"}, "geometry": {"type": "Point", "coordinates": [100.688699, 14.557449, 5042.6]}}, {"type": "Feature", "properties": {"flight_key": "THA100_VTCC_VTBS_2025-12-23 02:02", "callsign": "THA100", "aircraft_type": "B77W", "adep": "VTCC", "ades": "VTBS", "epoch_ts": "2025-12-23 02:44:00+00:00", "altitude_ft": 16101.1, "tas_kt": 279.3, "gs_kt": 279.3, "track_deg": 163.31154804065102, "phase": "descent"}, "geometry": {"type": "Point", "coordinates": [100.698126, 14.526815, 4907.6]}}, {"type": "Feature", "properties": {"flight_key": "THA100_VTCC_VTBS_2025-12-23 02:02", "callsign": "THA100", "aircraft_type": "B77W", "adep": "VTCC", "ades": "VTBS", "epoch_ts": "2025-12-23 02:44:20+00:00", "altitude_ft": 15661.6, "tas_kt": 277.4, "gs_kt": 277.4, "track_deg": 163.31154804065102, "phase": "descent"}, "geometry": {"type": "Point", "coordinates": [100.707479, 14.496413, 4773.7]}}, {"type": "Feature", "properties": {"flight_key": "THA100_VTCC_VTBS_2025-12-23 02:02", "callsign": "THA100", "aircraft_type": "B77W", "adep": "VTCC", "ades": "VTBS", "epoch_ts": "2025-12-23 02:44:40+00:00", "altitude_ft": 15225.2, "tas_kt": 275.5, "gs_kt": 275.5, "track_deg": 163.31154804065102, "phase": "descent"}, "geometry": {"type": "Point", "coordinates": [100.716763, 14.466224, 4640.6]}}, {"type": "Feature", "properties": {"flight_key": "THA100_VTCC_VTBS_2025-12-23 02:02", "callsign": "THA100", "aircraft_type": "B77W", "adep": "VTCC", "ades": "VTBS", "epoch_ts": "2025-12-23 02:45:00+00:00", "altitude_ft": 14791.7, "tas_kt": 273.7, "gs_kt": 273.7, "track_deg": 194.42519405226795, "phase": "descent"}, "geometry": {"type": "Point", "coordinates": [100.719693, 14.43561, 4508.5]}}, {"type": "Feature", "properties": {"flight_key": "THA100_VTCC_VTBS_2025-12-23 02:02", "callsign": "THA100", "aircraft_type": "B77W", "adep": "VTCC", "ades": "VTBS", "epoch_ts": "2025-12-23 02:45:20+00:00", "altitude_ft": 14361.0, "tas_kt": 271.9, "gs_kt": 271.9, "track_deg": 194.42519405226795, "phase": "descent"}, "geometry": {"type": "Point", "coordinates": [100.711744, 14.40549, 4377.2]}}, {"type": "Feature", "properties": {"flight_key": "THA100_VTCC_VTBS_2025-12-23 02:02", "callsign": "THA100", "aircraft_type": "B77W", "adep": "VTCC", "ades": "VTBS", "epoch_ts": "2025-12-23 02:45:40+00:00", "altitude_ft": 13933.2, "tas_kt": 270.1, "gs_kt": 270.1, "track_deg": 194.42519405226795, "phase": "descent"}, "geometry": {"type": "Point", "coordinates": [100.703849, 14.375565, 4246.8]}}, {"type": "Feature", "properties": {"flight_key": "THA100_VTCC_VTBS_2025-12-23 02:02", "callsign": "THA100", "aircraft_type": "B77W", "adep": "VTCC", "ades": "VTBS", "epoch_ts": "2025-12-23 02:46:00+00:00", "altitude_ft": 13508.1, "tas_kt": 268.3, "gs_kt": 268.3, "track_deg": 194.42519405226795, "phase": "descent"}, "geometry": {"type": "Point", "coordinates": [100.696007, 14.345833, 4117.3]}}, {"type": "Feature", "properties": {"flight_key": "THA100_VTCC_VTBS_2025-12-23 02:02", "callsign": "THA100", "aircraft_type": "B77W", "adep": "VTCC", "ades": "VTBS", "epoch_ts": "2025-12-23 02:46:20+00:00", "altitude_ft": 13085.7, "tas_kt": 266.6, "gs_kt": 266.6, "track_deg": 194.42519405226795, "phase": "descent"}, "geometry": {"type": "Point", "coordinates": [100.688217, 14.31629, 3988.5]}}, {"type": "Feature", "properties": {"flight_key": "THA100_VTCC_VTBS_2025-12-23 02:02", "callsign": "THA100", "aircraft_type": "B77W", "adep": "VTCC", "ades": "VTBS", "epoch_ts": "2025-12-23 02:46:40+00:00", "altitude_ft": 12666.0, "tas_kt": 264.9, "gs_kt": 264.9, "track_deg": 194.42519405226795, "phase": "descent"}, "geometry": {"type": "Point", "coordinates": [100.680479, 14.286935, 3860.6]}}, {"type": "Feature", "properties": {"flight_key": "THA100_VTCC_VTBS_2025-12-23 02:02", "callsign": "THA100", "aircraft_type": "B77W", "adep": "VTCC", "ades": "VTBS", "epoch_ts": "2025-12-23 02:47:00+00:00", "altitude_ft": 12248.9, "tas_kt": 263.2, "gs_kt": 263.2, "track_deg": 194.42519405226795, "phase": "descent"}, "geometry": {"type": "Point", "coordinates": [100.672791, 14.257763, 3733.5]}}, {"type": "Feature", "properties": {"flight_key": "THA100_VTCC_VTBS_2025-12-23 02:02", "callsign": "THA100", "aircraft_type": "B77W", "adep": "VTCC", "ades": "VTBS", "epoch_ts": "2025-12-23 02:47:20+00:00", "altitude_ft": 11834.4, "tas_kt": 261.6, "gs_kt": 261.6, "track_deg": 194.40569362049712, "phase": "descent"}, "geometry": {"type": "Point", "coordinates": [100.665155, 14.228771, 3607.1]}}, {"type": "Feature", "properties": {"flight_key": "THA100_VTCC_VTBS_2025-12-23 02:02", "callsign": "THA100", "aircraft_type": "B77W", "adep": "VTCC", "ades": "VTBS", "epoch_ts": "2025-12-23 02:47:40+00:00", "altitude_ft": 11464.7, "tas_kt": 213.3, "gs_kt": 213.3, "track_deg": 194.40569362049712, "phase": "descent"}, "geometry": {"type": "Point", "coordinates": [100.658345, 14.202904, 3494.4]}}, {"type": "Feature", "properties": {"flight_key": "THA100_VTCC_VTBS_2025-12-23 02:02", "callsign": "THA100", "aircraft_type": "B77W", "adep": "VTCC", "ades": "VTBS", "epoch_ts": "2025-12-23 02:48:00+00:00", "altitude_ft": 11128.9, "tas_kt": 212.2, "gs_kt": 212.2, "track_deg": 194.40569362049712, "phase": "descent"}, "geometry": {"type": "Point", "coordinates": [100.652165, 14.179421, 3392.1]}}, {"type": "Feature", "properties": {"flight_key": "THA100_VTCC_VTBS_2025-12-23 02:02", "callsign": "THA100", "aircraft_type": "B77W", "adep": "VTCC", "ades": "VTBS", "epoch_ts": "2025-12-23 02:48:20+00:00", "altitude_ft": 10795.3, "tas_kt": 211.2, "gs_kt": 211.2, "track_deg": 194.40569362049712, "phase": "descent"}, "geometry": {"type": "Point", "coordinates": [100.646023, 14.156082, 3290.4]}}, {"type": "Feature", "properties": {"flight_key": "THA100_VTCC_VTBS_2025-12-23 02:02", "callsign": "THA100", "aircraft_type": "B77W", "adep": "VTCC", "ades": "VTBS", "epoch_ts": "2025-12-23 02:48:40+00:00", "altitude_ft": 10463.6, "tas_kt": 210.1, "gs_kt": 210.1, "track_deg": 194.40569362049712, "phase": "descent"}, "geometry": {"type": "Point", "coordinates": [100.63992, 14.132884, 3189.3]}}, {"type": "Feature", "properties": {"flight_key": "THA100_VTCC_VTBS_2025-12-23 02:02", "callsign": "THA100", "aircraft_type": "B77W", "adep": "VTCC", "ades": "VTBS", "epoch_ts": "2025-12-23 02:49:00+00:00", "altitude_ft": 10133.9, "tas_kt": 209.0, "gs_kt": 209.0, "track_deg": 194.40569362049712, "phase": "descent"}, "geometry": {"type": "Point", "coordinates": [100.633853, 14.109819, 3088.8]}}, {"type": "Feature", "properties": {"flight_key": "THA100_VTCC_VTBS_2025-12-23 02:02", "callsign": "THA100", "aircraft_type": "B77W", "adep": "VTCC", "ades": "VTBS", "epoch_ts": "2025-12-23 02:49:20+00:00", "altitude_ft": 9805.8, "tas_kt": 208.0, "gs_kt": 208.0, "track_deg": 194.40569362049712, "phase": "descent"}, "geometry": {"type": "Point", "coordinates": [100.627817, 14.086867, 2988.8]}}, {"type": "Feature", "properties": {"flight_key": "THA100_VTCC_VTBS_2025-12-23 02:02", "callsign": "THA100", "aircraft_type": "B77W", "adep": "VTCC", "ades": "VTBS", "epoch_ts": "2025-12-23 02:49:40+00:00", "altitude_ft": 9479.3, "tas_kt": 207.0, "gs_kt": 207.0, "track_deg": 194.40569362049712, "phase": "descent"}, "geometry": {"type": "Point", "coordinates": [100.621811, 14.064027, 2889.3]}}, {"type": "Feature", "properties": {"flight_key": "THA100_VTCC_VTBS_2025-12-23 02:02", "callsign": "THA100", "aircraft_type": "B77W", "adep": "VTCC", "ades": "VTBS", "epoch_ts": "2025-12-23 02:50:00+00:00", "altitude_ft": 9154.4, "tas_kt": 206.0, "gs_kt": 206.0, "track_deg": 194.40569362049712, "phase": "descent"}, "geometry": {"type": "Point", "coordinates": [100.615836, 14.041297, 2790.3]}}, {"type": "Feature", "properties": {"flight_key": "THA100_VTCC_VTBS_2025-12-23 02:02", "callsign": "THA100", "aircraft_type": "B77W", "adep": "VTCC", "ades": "VTBS", "epoch_ts": "2025-12-23 02:50:20+00:00", "altitude_ft": 8831.0, "tas_kt": 204.9, "gs_kt": 204.9, "track_deg": 194.40569362049712, "phase": "descent"}, "geometry": {"type": "Point", "coordinates": [100.609891, 14.018677, 2691.7]}}, {"type": "Feature", "properties": {"flight_key": "THA100_VTCC_VTBS_2025-12-23 02:02", "callsign": "THA100", "aircraft_type": "B77W", "adep": "VTCC", "ades": "VTBS", "epoch_ts": "2025-12-23 02:50:41+00:00", "altitude_ft": 8485.1, "tas_kt": 203.9, "gs_kt": 203.9, "track_deg": 142.2347054393293, "phase": "descent"}, "geometry": {"type": "Point", "coordinates": [100.612843, 13.995072, 2586.3]}}, {"type": "Feature", "properties": {"flight_key": "THA100_VTCC_VTBS_2025-12-23 02:02", "callsign": "THA100", "aircraft_type": "B77W", "adep": "VTCC", "ades": "VTBS", "epoch_ts": "2025-12-23 02:51:05+00:00", "altitude_ft": 8109.0, "tas_kt": 202.7, "gs_kt": 202.7, "track_deg": 104.98705020910074, "phase": "descent"}, "geometry": {"type": "Point", "coordinates": [100.638, 13.984697, 2471.6]}}, {"type": "Feature", "properties": {"flight_key": "THA100_VTCC_VTBS_2025-12-23 02:02", "callsign": "THA100", "aircraft_type": "B77W", "adep": "VTCC", "ades": "VTBS", "epoch_ts": "2025-12-23 02:51:25+00:00", "altitude_ft": 7790.6, "tas_kt": 201.8, "gs_kt": 201.8, "track_deg": 104.98705020910074, "phase": "descent"}, "geometry": {"type": "Point", "coordinates": [100.660748, 13.978748, 2374.6]}}, {"type": "Feature", "properties": {"flight_key": "THA100_VTCC_VTBS_2025-12-23 02:02", "callsign": "THA100", "aircraft_type": "B77W", "adep": "VTCC", "ades": "VTBS", "epoch_ts": "2025-12-23 02:51:45+00:00", "altitude_ft": 7473.6, "tas_kt": 200.8, "gs_kt": 200.8, "track_deg": 104.98705020910074, "phase": "descent"}, "geometry": {"type": "Point", "coordinates": [100.683389, 13.972824, 2278.0]}}, {"type": "Feature", "properties": {"flight_key": "THA100_VTCC_VTBS_2025-12-23 02:02", "callsign": "THA100", "aircraft_type": "B77W", "adep": "VTCC", "ades": "VTBS", "epoch_ts": "2025-12-23 02:52:05+00:00", "altitude_ft": 7158.1, "tas_kt": 199.9, "gs_kt": 199.9, "track_deg": 88.31433929606341, "phase": "descent"}, "geometry": {"type": "Point", "coordinates": [100.706096, 13.968012, 2181.8]}}, {"type": "Feature", "properties": {"flight_key": "THA100_VTCC_VTBS_2025-12-23 02:02", "callsign": "THA100", "aircraft_type": "B77W", "adep": "VTCC", "ades": "VTBS", "epoch_ts": "2025-12-23 02:52:25+00:00", "altitude_ft": 6844.1, "tas_kt": 198.9, "gs_kt": 198.9, "track_deg": 21.652516091742157, "phase": "descent"}, "geometry": {"type": "Point", "coordinates": [100.723721, 13.98085, 2086.1]}}, {"type": "Feature", "properties": {"flight_key": "THA100_VTCC_VTBS_2025-12-23 02:02", "callsign": "THA100", "aircraft_type": "B77W", "adep": "VTCC", "ades": "VTBS", "epoch_ts": "2025-12-23 02:52:45+00:00", "altitude_ft": 6531.5, "tas_kt": 198.0, "gs_kt": 198.0, "track_deg": 14.506739960258114, "phase": "descent"}, "geometry": {"type": "Point", "coordinates": [100.729641, 14.002669, 1990.8]}}, {"type": "Feature", "properties": {"flight_key": "THA100_VTCC_VTBS_2025-12-23 02:02", "callsign": "THA100", "aircraft_type": "B77W", "adep": "VTCC", "ades": "VTBS", "epoch_ts": "2025-12-23 02:53:05+00:00", "altitude_ft": 6220.3, "tas_kt": 197.1, "gs_kt": 197.1, "track_deg": 14.506739960258114, "phase": "descent"}, "geometry": {"type": "Point", "coordinates": [100.735408, 14.024426, 1895.9]}}, {"type": "Feature", "properties": {"flight_key": "THA100_VTCC_VTBS_2025-12-23 02:02", "callsign": "THA100", "aircraft_type": "B77W", "adep": "VTCC", "ades": "VTBS", "epoch_ts": "2025-12-23 02:53:25+00:00", "altitude_ft": 5910.5, "tas_kt": 196.2, "gs_kt": 196.2, "track_deg": 79.05498342328819, "phase": "descent"}, "geometry": {"type": "Point", "coordinates": [100.75077, 14.039405, 1801.5]}}, {"type": "Feature", "properties": {"flight_key": "THA100_VTCC_VTBS_2025-12-23 02:02", "callsign": "THA100", "aircraft_type": "B77W", "adep": "VTCC", "ades": "VTBS", "epoch_ts": "2025-12-23 02:53:45+00:00", "altitude_ft": 5602.1, "tas_kt": 195.3, "gs_kt": 195.3, "track_deg": 105.36564747750069, "phase": "descent"}, "geometry": {"type": "Point", "coordinates": [100.773021, 14.035809, 1707.5]}}, {"type": "Feature", "properties": {"flight_key": "THA100_VTCC_VTBS_2025-12-23 02:02", "callsign": "THA100", "aircraft_type": "B77W", "adep": "VTCC", "ades": "VTBS", "epoch_ts": "2025-12-23 02:54:05+00:00", "altitude_ft": 5295.0, "tas_kt": 194.4, "gs_kt": 194.4, "track_deg": 105.36564747750069, "phase": "descent"}, "geometry": {"type": "Point", "coordinates": [100.794922, 14.02993, 1613.9]}}, {"type": "Feature", "properties": {"flight_key": "THA100_VTCC_VTBS_2025-12-23 02:02", "callsign": "THA100", "aircraft_type": "B77W", "adep": "VTCC", "ades": "VTBS", "epoch_ts": "2025-12-23 02:54:25+00:00", "altitude_ft": 4989.3, "tas_kt": 193.5, "gs_kt": 193.5, "track_deg": 105.36564747750069, "phase": "descent"}, "geometry": {"type": "Point", "coordinates": [100.816726, 14.024076, 1520.7]}}, {"type": "Feature", "properties": {"flight_key": "THA100_VTCC_VTBS_2025-12-23 02:02", "callsign": "THA100", "aircraft_type": "B77W", "adep": "VTCC", "ades": "VTBS", "epoch_ts": "2025-12-23 02:54:45+00:00", "altitude_ft": 4684.9, "tas_kt": 192.7, "gs_kt": 192.7, "track_deg": 137.52912193674467, "phase": "descent"}, "geometry": {"type": "Point", "coordinates": [100.836758, 14.014995, 1428.0]}}, {"type": "Feature", "properties": {"flight_key": "THA100_VTCC_VTBS_2025-12-23 02:02", "callsign": "THA100", "aircraft_type": "B77W", "adep": "VTCC", "ades": "VTBS", "epoch_ts": "2025-12-23 02:55:05+00:00", "altitude_ft": 4381.9, "tas_kt": 191.8, "gs_kt": 191.8, "track_deg": 194.43208320504482, "phase": "descent"}, "geometry": {"type": "Point", "coordinates": [100.840707, 13.994423, 1335.6]}}, {"type": "Feature", "properties": {"flight_key": "THA100_VTCC_VTBS_2025-12-23 02:02", "callsign": "THA100", "aircraft_type": "B77W", "adep": "VTCC", "ades": "VTBS", "epoch_ts": "2025-12-23 02:55:25+00:00", "altitude_ft": 4080.1, "tas_kt": 191.0, "gs_kt": 191.0, "track_deg": 194.43208320504482, "phase": "descent"}, "geometry": {"type": "Point", "coordinates": [100.835145, 13.973318, 1243.6]}}, {"type": "Feature", "properties": {"flight_key": "THA100_VTCC_VTBS_2025-12-23 02:02", "callsign": "THA100", "aircraft_type": "B77W", "adep": "VTCC", "ades": "VTBS", "epoch_ts": "2025-12-23 02:55:45+00:00", "altitude_ft": 3779.7, "tas_kt": 190.1, "gs_kt": 190.1, "track_deg": 194.43208320504482, "phase": "descent"}, "geometry": {"type": "Point", "coordinates": [100.829608, 13.952304, 1152.1]}}, {"type": "Feature", "properties": {"flight_key": "THA100_VTCC_VTBS_2025-12-23 02:02", "callsign": "THA100", "aircraft_type": "B77W", "adep": "VTCC", "ades": "VTBS", "epoch_ts": "2025-12-23 02:56:05+00:00", "altitude_ft": 3480.5, "tas_kt": 189.3, "gs_kt": 189.3, "track_deg": 194.43085355493082, "phase": "descent"}, "geometry": {"type": "Point", "coordinates": [100.824096, 13.931378, 1060.9]}}, {"type": "Feature", "properties": {"flight_key": "THA100_VTCC_VTBS_2025-12-23 02:02", "callsign": "THA100", "aircraft_type": "B77W", "adep": "VTCC", "ades": "VTBS", "epoch_ts": "2025-12-23 02:56:25+00:00", "altitude_ft": 3182.6, "tas_kt": 188.5, "gs_kt": 188.5, "track_deg": 194.43085355493082, "phase": "descent"}, "geometry": {"type": "Point", "coordinates": [100.818607, 13.910542, 970.1]}}, {"type": "Feature", "properties": {"flight_key": "THA100_VTCC_VTBS_2025-12-23 02:02", "callsign": "THA100", "aircraft_type": "B77W", "adep": "VTCC", "ades": "VTBS", "epoch_ts": "2025-12-23 02:56:45+00:00", "altitude_ft": 2885.9, "tas_kt": 187.7, "gs_kt": 187.7, "track_deg": 194.43085355493082, "phase": "descent"}, "geometry": {"type": "Point", "coordinates": [100.813142, 13.889792, 879.6]}}, {"type": "Feature", "properties": {"flight_key": "THA100_VTCC_VTBS_2025-12-23 02:02", "callsign": "THA100", "aircraft_type": "B77W", "adep": "VTCC", "ades": "VTBS", "epoch_ts": "2025-12-23 02:57:05+00:00", "altitude_ft": 2590.4, "tas_kt": 186.8, "gs_kt": 186.8, "track_deg": 194.43085355493082, "phase": "descent"}, "geometry": {"type": "Point", "coordinates": [100.8077, 13.869128, 789.6]}}, {"type": "Feature", "properties": {"flight_key": "THA100_VTCC_VTBS_2025-12-23 02:02", "callsign": "THA100", "aircraft_type": "B77W", "adep": "VTCC", "ades": "VTBS", "epoch_ts": "2025-12-23 02:57:25+00:00", "altitude_ft": 2296.2, "tas_kt": 186.1, "gs_kt": 186.1, "track_deg": 194.4228507807794, "phase": "descent"}, "geometry": {"type": "Point", "coordinates": [100.802283, 13.84855, 699.9]}}, {"type": "Feature", "properties": {"flight_key": "THA100_VTCC_VTBS_2025-12-23 02:02", "callsign": "THA100", "aircraft_type": "B77W", "adep": "VTCC", "ades": "VTBS", "epoch_ts": "2025-12-23 02:57:45+00:00", "altitude_ft": 2003.2, "tas_kt": 185.3, "gs_kt": 185.3, "track_deg": 194.4228507807794, "phase": "descent"}, "geometry": {"type": "Point", "coordinates": [100.796889, 13.828056, 610.6]}}, {"type": "Feature", "properties": {"flight_key": "THA100_VTCC_VTBS_2025-12-23 02:02", "callsign": "THA100", "aircraft_type": "B77W", "adep": "VTCC", "ades": "VTBS", "epoch_ts": "2025-12-23 02:58:05+00:00", "altitude_ft": 1711.4, "tas_kt": 184.5, "gs_kt": 184.5, "track_deg": 194.4228507807794, "phase": "descent"}, "geometry": {"type": "Point", "coordinates": [100.791519, 13.807645, 521.6]}}, {"type": "Feature", "properties": {"flight_key": "THA100_VTCC_VTBS_2025-12-23 02:02", "callsign": "THA100", "aircraft_type": "B77W", "adep": "VTCC", "ades": "VTBS", "epoch_ts": "2025-12-23 02:58:25+00:00", "altitude_ft": 1420.8, "tas_kt": 183.7, "gs_kt": 183.7, "track_deg": 194.4228507807794, "phase": "descent"}, "geometry": {"type": "Point", "coordinates": [100.786171, 13.787318, 433.1]}}, {"type": "Feature", "properties": {"flight_key": "THA100_VTCC_VTBS_2025-12-23 02:02", "callsign": "THA100", "aircraft_type": "B77W", "adep": "VTCC", "ades": "VTBS", "epoch_ts": "2025-12-23 02:58:45+00:00", "altitude_ft": 1129.0, "tas_kt": 182.9, "gs_kt": 182.9, "track_deg": 194.41674227824248, "phase": "descent"}, "geometry": {"type": "Point", "coordinates": [100.780845, 13.767071, 344.1]}}, {"type": "Feature", "properties": {"flight_key": "THA100_VTCC_VTBS_2025-12-23 02:02", "callsign": "THA100", "aircraft_type": "B77W", "adep": "VTCC", "ades": "VTBS", "epoch_ts": "2025-12-23 02:59:05+00:00", "altitude_ft": 827.3, "tas_kt": 182.2, "gs_kt": 182.2, "track_deg": 194.41674227824248, "phase": "descent"}, "geometry": {"type": "Point", "coordinates": [100.775543, 13.746906, 252.2]}}, {"type": "Feature", "properties": {"flight_key": "THA100_VTCC_VTBS_2025-12-23 02:02", "callsign": "THA100", "aircraft_type": "B77W", "adep": "VTCC", "ades": "VTBS", "epoch_ts": "2025-12-23 02:59:25+00:00", "altitude_ft": 526.7, "tas_kt": 181.4, "gs_kt": 181.4, "track_deg": 194.41674227824248, "phase": "descent"}, "geometry": {"type": "Point", "coordinates": [100.770262, 13.726821, 160.5]}}, {"type": "Feature", "properties": {"flight_key": "THA100_VTCC_VTBS_2025-12-23 02:02", "callsign": "THA100", "aircraft_type": "B77W", "adep": "VTCC", "ades": "VTBS", "epoch_ts": "2025-12-23 02:59:45+00:00", "altitude_ft": 227.4, "tas_kt": 180.7, "gs_kt": 180.7, "track_deg": 194.41674227824248, "phase": "descent"}, "geometry": {"type": "Point", "coordinates": [100.765003, 13.706815, 69.3]}}, {"type": "Feature", "properties": {"flight_key": "THA100_VTCC_VTBS_2025-12-23 02:02", "callsign": "THA100", "aircraft_type": "B77W", "adep": "VTCC", "ades": "VTBS", "epoch_ts": "2025-12-23 03:00:00+00:00", "altitude_ft": 3.7, "tas_kt": 180.1, "gs_kt": 180.1, "track_deg": 194.41674227824248, "phase": "descent"}, "geometry": {"type": "Point", "coordinates": [100.761072, 13.691862, 1.1]}}, {"type": "Feature", "properties": {"feature_type": "route", "flight_key": "SIA101_VTCL_VTBS_2025-12-23 02:07", "route": "VENAG W23 PSL Y28 BLAFF DCT NORTA", "callsign": "SIA101", "aircraft_type": "A320", "adep": "VTCL", "ades": "VTBS", "rfl": 320, "sid": "VENA1C", "star": "NORT1C", "approach": "R19", "dep_rwy": "RW36", "arr_rwy": "RW19", "eobt": "2025-12-23T02:07:52.747420+00:00", "flight_category": "arrival", "vectored": false, "extend_nm": 0.0, "clearance": "DIRECT LETMA, CLEARED R19 APPROACH", "idents": ["RW36", "MEBGO", "PEDKA", "BIXEB", "IGNUM", "VENAG", "PIVUT", "POLOB", "PSL", "PEBLI", "BLAFF", "NORTA", "BS519", "BS518", "MEPIN", "BS515", "BS514", "ATKIN", "LETMA", "LAVOG", "LOTMU", "BS790", "BS791"]}, "geometry": {"type": "LineString", "coordinates": [[99.50481944, 18.26323611], [99.49713056, 18.35495278], [99.72462778, 18.36714444], [99.74160833, 18.22555278], [99.64553611, 18.00539444], [99.69938333, 17.90316389], [99.764722, 17.778889], [100.057778, 17.219167], [100.291389, 16.770278], [100.293333, 16.268333], [100.2975, 15.275833], [100.639017, 14.718789], [100.68273889, 14.57681389], [100.72268889, 14.44695833], [100.67111111, 14.25138889], [100.60333611, 13.99375556], [100.71924722, 13.96344722], [100.74071944, 14.04447222], [100.846425, 14.01610833], [100.82506389, 13.93505278], [100.80371667, 13.85399722], [100.78179167, 13.77066944], [100.76103333, 13.69171389]]}}, {"type": "Feature", "properties": {"flight_key": "SIA101_VTCL_VTBS_2025-12-23 02:07", "callsign": "SIA101", "aircraft_type": "A320", "adep": "VTCL", "ades": "VTBS", "epoch_ts": "2025-12-23 02:07:52+00:00", "altitude_ft": 814.0, "tas_kt": 202.3, "gs_kt": 202.3, "track_deg": 355.42249740456094, "phase": "climb"}, "geometry": {"type": "Point", "coordinates": [99.504819, 18.263236, 248.1]}}, {"type": "Feature", "properties": {"flight_key": "SIA101_VTCL_VTBS_2025-12-23 02:07", "callsign": "SIA101", "aircraft_type": "A320", "adep": "VTCL", "ades": "VTBS", "epoch_ts": "2025-12-23 02:08:12+00:00", "altitude_ft": 1540.5, "tas_kt": 204.5, "gs_kt": 204.5, "track_deg": 355.42249740456094, "phase": "climb"}, "geometry": {"type": "Point", "coordinates": [99.503157, 18.283068, 469.5]}}, {"type": "Feature", "properties": {"flight_key": "SIA101_VTCL_VTBS_2025-12-23 02:07", "callsign": "SIA101", "aircraft_type": "A320", "adep": "VTCL", "ades": "VTBS", "epoch_ts": "2025-12-23 02:08:32+00:00", "altitude_ft": 2158.5, "tas_kt": 206.3, "gs_kt": 206.3, "track_deg": 355.42249740456094, "phase": "climb"}, "geometry": {"type": "Point", "coordinates": [99.501479, 18.303094, 657.9]}}, {"type": "Feature", "properties": {"flight_key": "SIA101_VTCL_VTBS_2025-12-23 02:07", "callsign": "SIA101", "aircraft_type": "A320", "adep": "VTCL", "ades": "VTBS", "epoch_ts": "2025-12-23 02:08:52+00:00", "altitude_ft": 2699.7, "tas_kt": 207.9, "gs_kt": 207.9, "track_deg": 355.42249740456094, "phase": "climb"}, "geometry": {"type": "Point", "coordinates": [99.499786, 18.323285, 822.9]}}, {"type": "Feature", "properties": {"flight_key": "SIA101_VTCL_VTBS_2025-12-23 02:07", "callsign": "SIA101", "aircraft_type": "A320", "adep": "VTCL", "ades": "VTBS", "epoch_ts": "2025-12-23 02:09:12+00:00", "altitude_ft": 3239.5, "tas_kt": 209.5, "gs_kt": 209.5, "track_deg": 21.854384938784165, "phase": "climb"}, "geometry": {"type": "Point", "coordinates": [99.500033, 18.343509, 987.4]}}, {"type": "Feature", "properties": {"flight_key": "SIA101_VTCL_VTBS_2025-12-23 02:07", "callsign": "SIA101", "aircraft_type": "A320", "adep": "VTCL", "ades": "VTBS", "epoch_ts": "2025-12-23 02:09:32+00:00", "altitude_ft": 3777.5, "tas_kt": 211.2, "gs_kt": 211.2, "track_deg": 79.54027454117859, "phase": "climb"}, "geometry": {"type": "Point", "coordinates": [99.515983, 18.355878, 1151.4]}}, {"type": "Feature", "properties": {"flight_key": "SIA101_VTCL_VTBS_2025-12-23 02:07", "callsign": "SIA101", "aircraft_type": "A320", "adep": "VTCL", "ades": "VTBS", "epoch_ts": "2025-12-23 02:09:52+00:00", "altitude_ft": 4421.8, "tas_kt": 213.2, "gs_kt": 213.2, "track_deg": 86.76621268256518, "phase": "climb"}, "geometry": {"type": "Point", "coordinates": [99.537665, 18.357143, 1347.8]}}, {"type": "Feature", "properties": {"flight_key": "SIA101_VTCL_VTBS_2025-12-23 02:07", "callsign": "SIA101", "aircraft_type": "A320", "adep": "VTCL", "ades": "VTBS", "epoch_ts": "2025-12-23 02:10:12+00:00", "altitude_ft": 5141.1, "tas_kt": 215.4, "gs_kt": 215.4, "track_deg": 86.76621268256518, "phase": "climb"}, "geometry": {"type": "Point", "coordinates": [99.559581, 18.358321, 1567.0]}}, {"type": "Feature", "properties": {"flight_key": "SIA101_VTCL_VTBS_2025-12-23 02:07", "callsign": "SIA101", "aircraft_type": "A320", "adep": "VTCL", "ades": "VTBS", "epoch_ts": "2025-12-23 02:10:32+00:00", "altitude_ft": 5860.4, "tas_kt": 217.7, "gs_kt": 217.7, "track_deg": 86.76621268256518, "phase": "climb"}, "geometry": {"type": "Point", "coordinates": [99.581729, 18.35951, 1786.2]}}, {"type": "Feature", "properties": {"flight_key": "SIA101_VTCL_VTBS_2025-12-23 02:07", "callsign": "SIA101", "aircraft_type": "A320", "adep": "VTCL", "ades": "VTBS", "epoch_ts": "2025-12-23 02:10:52+00:00", "altitude_ft": 6698.1, "tas_kt": 220.4, "gs_kt": 220.4, "track_deg": 86.76621268256518, "phase": "climb"}, "geometry": {"type": "Point", "coordinates": [99.60413, 18.36071, 2041.6]}}, {"type": "Feature", "properties": {"flight_key": "SIA101_VTCL_VTBS_2025-12-23 02:07", "callsign": "SIA101", "aircraft_type": "A320", "adep": "VTCL", "ades": "VTBS", "epoch_ts": "2025-12-23 02:11:12+00:00", "altitude_ft": 7564.3, "tas_kt": 223.3, "gs_kt": 223.3, "track_deg": 86.76621268256518, "phase": "climb"}, "geometry": {"type": "Point", "coordinates": [99.626819, 18.361922, 2305.6]}}, {"type": "Feature", "properties": {"flight_key": "SIA101_VTCL_VTBS_2025-12-23 02:07", "callsign": "SIA101", "aircraft_type": "A320", "adep": "VTCL", "ades": "VTBS", "epoch_ts": "2025-12-23 02:11:32+00:00", "altitude_ft": 8426.6, "tas_kt": 226.2, "gs_kt": 226.2, "track_deg": 86.76621268256518, "phase": "climb"}, "geometry": {"type": "Point", "coordinates": [99.649802, 18.363148, 2568.4]}}, {"type": "Feature", "properties": {"flight_key": "SIA101_VTCL_VTBS_2025-12-23 02:07", "callsign": "SIA101", "aircraft_type": "A320", "adep": "VTCL", "ades": "VTBS", "epoch_ts": "2025-12-23 02:11:52+00:00", "altitude_ft": 9284.9, "tas_kt": 229.1, "gs_kt": 229.1, "track_deg": 86.76621268256518, "phase": "climb"}, "geometry": {"type": "Point", "coordinates": [99.673083, 18.364386, 2830.0]}}, {"type": "Feature", "properties": {"flight_key": "SIA101_VTCL_VTBS_2025-12-23 02:07", "callsign": "SIA101", "aircraft_type": "A320", "adep": "VTCL", "ades": "VTBS", "epoch_ts": "2025-12-23 02:12:12+00:00", "altitude_ft": 10129.9, "tas_kt": 232.0, "gs_kt": 232.0, "track_deg": 86.76621268256518, "phase": "climb"}, "geometry": {"type": "Point", "coordinates": [99.696666, 18.365638, 3087.6]}}, {"type": "Feature", "properties": {"flight_key": "SIA101_VTCL_VTBS_2025-12-23 02:07", "callsign": "SIA101", "aircraft_type": "A320", "adep": "VTCL", "ades": "VTBS", "epoch_ts": "2025-12-23 02:12:32+00:00", "altitude_ft": 10908.0, "tas_kt": 269.5, "gs_kt": 269.5, "track_deg": 132.52354973970634, "phase": "climb"}, "geometry": {"type": "Point", "coordinates": [99.719587, 18.360215, 3324.8]}}, {"type": "Feature", "properties": {"flight_key": "SIA101_VTCL_VTBS_2025-12-23 02:07", "callsign": "SIA101", "aircraft_type": "A320", "adep": "VTCL", "ades": "VTBS", "epoch_ts": "2025-12-23 02:12:52+00:00", "altitude_ft": 11686.2, "tas_kt": 272.7, "gs_kt": 272.7, "track_deg": 173.46219156860744, "phase": "climb"}, "geometry": {"type": "Point", "coordinates": [99.728379, 18.335862, 3562.0]}}, {"type": "Feature", "properties": {"flight_key": "SIA101_VTCL_VTBS_2025-12-23 02:07", "callsign": "SIA101", "aircraft_type": "A320", "adep": "VTCL", "ades": "VTBS", "epoch_ts": "2025-12-23 02:13:12+00:00", "altitude_ft": 12429.3, "tas_kt": 275.8, "gs_kt": 275.8, "track_deg": 173.46219156860744, "phase": "climb"}, "geometry": {"type": "Point", "coordinates": [99.731577, 18.30921, 3788.5]}}, {"type": "Feature", "properties": {"flight_key": "SIA101_VTCL_VTBS_2025-12-23 02:07", "callsign": "SIA101", "aircraft_type": "A320", "adep": "VTCL", "ades": "VTBS", "epoch_ts": "2025-12-23 02:13:32+00:00", "altitude_ft": 13148.8, "tas_kt": 278.8, "gs_kt": 278.8, "track_deg": 173.46219156860744, "phase": "climb"}, "geometry": {"type": "Point", "coordinates": [99.734809, 18.282264, 4007.8]}}, {"type": "Feature", "properties": {"flight_key": "SIA101_VTCL_VTBS_2025-12-23 02:07", "callsign": "SIA101", "aircraft_type": "A320", "adep": "VTCL", "ades": "VTBS", "epoch_ts": "2025-12-23 02:13:52+00:00", "altitude_ft": 13868.3, "tas_kt": 281.9, "gs_kt": 281.9, "track_deg": 173.46219156860744, "phase": "climb"}, "geometry": {"type": "Point", "coordinates": [99.738075, 18.255023, 4227.1]}}, {"type": "Feature", "properties": {"flight_key": "SIA101_VTCL_VTBS_2025-12-23 02:07", "callsign": "SIA101", "aircraft_type": "A320", "adep": "VTCL", "ades": "VTBS", "epoch_ts": "2025-12-23 02:14:12+00:00", "altitude_ft": 14539.1, "tas_kt": 357.0, "gs_kt": 357.0, "track_deg": 190.50827385156953, "phase": "climb"}, "geometry": {"type": "Point", "coordinates": [99.740027, 18.223965, 4431.5]}}, {"type": "Feature", "properties": {"flight_key": "SIA101_VTCL_VTBS_2025-12-23 02:07", "callsign": "SIA101", "aircraft_type": "A320", "adep": "VTCL", "ades": "VTBS", "epoch_ts": "2025-12-23 02:14:32+00:00", "altitude_ft": 15198.9, "tas_kt": 360.5, "gs_kt": 360.5, "track_deg": 202.6592392715661, "phase": "climb"}, "geometry": {"type": "Point", "coordinates": [99.72666, 18.191332, 4632.6]}}, {"type": "Feature", "properties": {"flight_key": "SIA101_VTCL_VTBS_2025-12-23 02:07", "callsign": "SIA101", "aircraft_type": "A320", "adep": "VTCL", "ades": "VTBS", "epoch_ts": "2025-12-23 02:14:52+00:00", "altitude_ft": 15858.8, "tas_kt": 364.1, "gs_kt": 364.1, "track_deg": 202.6592392715661, "phase": "climb"}, "geometry": {"type": "Point", "coordinates": [99.712381, 18.15863, 4833.8]}}, {"type": "Feature", "properties": {"flight_key": "SIA101_VTCL_VTBS_2025-12-23 02:07", "callsign": "SIA101", "aircraft_type": "A320", "adep": "VTCL", "ades": "VTBS", "epoch_ts": "2025-12-23 02:15:12+00:00", "altitude_ft": 16467.2, "tas_kt": 367.4, "gs_kt": 367.4, "track_deg": 202.6592392715661, "phase": "climb"}, "geometry": {"type": "Point", "coordinates": [99.697972, 18.125614, 5019.2]}}, {"type": "Feature", "properties": {"flight_key": "SIA101_VTCL_VTBS_2025-12-23 02:07", "callsign": "SIA101", "aircraft_type": "A320", "adep": "VTCL", "ades": "VTBS", "epoch_ts": "2025-12-23 02:15:32+00:00", "altitude_ft": 17061.7, "tas_kt": 370.6, "gs_kt": 370.6, "track_deg": 202.6592392715661, "phase": "climb"}, "geometry": {"type": "Point", "coordinates": [99.68344, 18.092302, 5200.4]}}, {"type": "Feature", "properties": {"flight_key": "SIA101_VTCL_VTBS_2025-12-23 02:07", "callsign": "SIA101", "aircraft_type": "A320", "adep": "VTCL", "ades": "VTBS", "epoch_ts": "2025-12-23 02:15:52+00:00", "altitude_ft": 17656.2, "tas_kt": 374.0, "gs_kt": 374.0, "track_deg": 202.6592392715661, "phase": "climb"}, "geometry": {"type": "Point", "coordinates": [99.668783, 18.058692, 5381.6]}}, {"type": "Feature", "properties": {"flight_key": "SIA101_VTCL_VTBS_2025-12-23 02:07", "callsign": "SIA101", "aircraft_type": "A320", "adep": "VTCL", "ades": "VTBS", "epoch_ts": "2025-12-23 02:16:12+00:00", "altitude_ft": 18231.1, "tas_kt": 377.2, "gs_kt": 377.2, "track_deg": 195.23084881873933, "phase": "climb"}, "geometry": {"type": "Point", "coordinates": [99.654402, 18.024642, 5556.8]}}, {"type": "Feature", "properties": {"flight_key": "SIA101_VTCL_VTBS_2025-12-23 02:07", "callsign": "SIA101", "aircraft_type": "A320", "adep": "VTCL", "ades": "VTBS", "epoch_ts": "2025-12-23 02:16:32+00:00", "altitude_ft": 18778.9, "tas_kt": 380.3, "gs_kt": 380.3, "track_deg": 160.6329362654504, "phase": "climb"}, "geometry": {"type": "Point", "coordinates": [99.655302, 17.988208, 5723.8]}}, {"type": "Feature", "properties": {"flight_key": "SIA101_VTCL_VTBS_2025-12-23 02:07", "callsign": "SIA101", "aircraft_type": "A320", "adep": "VTCL", "ades": "VTBS", "epoch_ts": "2025-12-23 02:16:52+00:00", "altitude_ft": 19326.7, "tas_kt": 383.5, "gs_kt": 383.5, "track_deg": 153.2435048432767, "phase": "climb"}, "geometry": {"type": "Point", "coordinates": [99.672297, 17.954609, 5890.8]}}, {"type": "Feature", "properties": {"flight_key": "SIA101_VTCL_VTBS_2025-12-23 02:07", "callsign": "SIA101", "aircraft_type": "A320", "adep": "VTCL", "ades": "VTBS", "epoch_ts": "2025-12-23 02:17:12+00:00", "altitude_ft": 19874.6, "tas_kt": 386.6, "gs_kt": 386.6, "track_deg": 153.2435048432767, "phase": "climb"}, "geometry": {"type": "Point", "coordinates": [99.690007, 17.920976, 6057.8]}}, {"type": "Feature", "properties": {"flight_key": "SIA101_VTCL_VTBS_2025-12-23 02:07", "callsign": "SIA101", "aircraft_type": "A320", "adep": "VTCL", "ades": "VTBS", "epoch_ts": "2025-12-23 02:17:32+00:00", "altitude_ft": 20386.7, "tas_kt": 389.6, "gs_kt": 389.6, "track_deg": 153.26326918142365, "phase": "climb"}, "geometry": {"type": "Point", "coordinates": [99.707851, 17.887069, 6213.9]}}, {"type": "Feature", "properties": {"flight_key": "SIA101_VTCL_VTBS_2025-12-23 02:07", "callsign": "SIA101", "aircraft_type": "A320", "adep": "VTCL", "ades": "VTBS", "epoch_ts": "2025-12-23 02:17:52+00:00", "altitude_ft": 20888.2, "tas_kt": 392.6, "gs_kt": 392.6, "track_deg": 153.26326918142365, "phase": "climb"}, "geometry": {"type": "Point", "coordinates": [99.725823, 17.852899, 6366.7]}}, {"type": "Feature", "properties": {"flight_key": "SIA101_VTCL_VTBS_2025-12-23 02:07", "callsign": "SIA101", "aircraft_type": "A320", "adep": "VTCL", "ades": "VTBS", "epoch_ts": "2025-12-23 02:18:12+00:00", "altitude_ft": 21389.7, "tas_kt": 395.6, "gs_kt": 395.6, "track_deg": 153.26326918142365, "phase": "climb"}, "geometry": {"type": "Point", "coordinates": [99.743924, 17.818468, 6519.6]}}, {"type": "Feature", "properties": {"flight_key": "SIA101_VTCL_VTBS_2025-12-23 02:07", "callsign": "SIA101", "aircraft_type": "A320", "adep": "VTCL", "ades": "VTBS", "epoch_ts": "2025-12-23 02:18:32+00:00", "altitude_ft": 21891.2, "tas_kt": 398.6, "gs_kt": 398.6, "track_deg": 153.26326918142365, "phase": "climb"}, "geometry": {"type": "Point", "coordinates": [99.762157, 17.783771, 6672.4]}}, {"type": "Feature", "properties": {"flight_key": "SIA101_VTCL_VTBS_2025-12-23 02:07", "callsign": "SIA101", "aircraft_type": "A320", "adep": "VTCL", "ades": "VTBS", "epoch_ts": "2025-12-23 02:18:52+00:00", "altitude_ft": 22350.9, "tas_kt": 401.4, "gs_kt": 401.4, "track_deg": 153.28060396987425, "phase": "climb"}, "geometry": {"type": "Point", "coordinates": [99.78052, 17.748816, 6812.6]}}, {"type": "Feature", "properties": {"flight_key": "SIA101_VTCL_VTBS_2025-12-23 02:07", "callsign": "SIA101", "aircraft_type": "A320", "adep": "VTCL", "ades": "VTBS", "epoch_ts": "2025-12-23 02:19:12+00:00", "altitude_ft": 22799.1, "tas_kt": 404.2, "gs_kt": 404.2, "track_deg": 153.28060396987425, "phase": "climb"}, "geometry": {"type": "Point", "coordinates": [99.799001, 17.713619, 6949.2]}}, {"type": "Feature", "properties": {"flight_key": "SIA101_VTCL_VTBS_2025-12-23 02:07", "callsign": "SIA101", "aircraft_type": "A320", "adep": "VTCL", "ades": "VTBS", "epoch_ts": "2025-12-23 02:19:32+00:00", "altitude_ft": 23247.2, "tas_kt": 407.0, "gs_kt": 407.0, "track_deg": 153.28060396987425, "phase": "climb"}, "geometry": {"type": "Point", "coordinates": [99.817602, 17.678179, 7085.7]}}, {"type": "Feature", "properties": {"flight_key": "SIA101_VTCL_VTBS_2025-12-23 02:07", "callsign": "SIA101", "aircraft_type": "A320", "adep": "VTCL", "ades": "VTBS", "epoch_ts": "2025-12-23 02:19:52+00:00", "altitude_ft": 23695.4, "tas_kt": 409.8, "gs_kt": 409.8, "track_deg": 153.28060396987425, "phase": "climb"}, "geometry": {"type": "Point", "coordinates": [99.836324, 17.642493, 7222.4]}}, {"type": "Feature", "properties": {"flight_key": "SIA101_VTCL_VTBS_2025-12-23 02:07", "callsign": "SIA101", "aircraft_type": "A320", "adep": "VTCL", "ades": "VTBS", "epoch_ts": "2025-12-23 02:20:12+00:00", "altitude_ft": 24127.3, "tas_kt": 412.5, "gs_kt": 412.5, "track_deg": 153.28060396987425, "phase": "climb"}, "geometry": {"type": "Point", "coordinates": [99.855166, 17.606562, 7354.0]}}, {"type": "Feature", "properties": {"flight_key": "SIA101_VTCL_VTBS_2025-12-23 02:07", "callsign": "SIA101", "aircraft_type": "A320", "adep": "VTCL", "ades": "VTBS", "epoch_ts": "2025-12-23 02:20:32+00:00", "altitude_ft": 24524.6, "tas_kt": 415.0, "gs_kt": 415.0, "track_deg": 153.28060396987425, "phase": "climb"}, "geometry": {"type": "Point", "coordinates": [99.874119, 17.570402, 7475.1]}}, {"type": "Feature", "properties": {"flight_key": "SIA101_VTCL_VTBS_2025-12-23 02:07", "callsign": "SIA101", "aircraft_type": "A320", "adep": "VTCL", "ades": "VTBS", "epoch_ts": "2025-12-23 02:20:52+00:00", "altitude_ft": 24922.0, "tas_kt": 417.5, "gs_kt": 417.5, "track_deg": 153.28060396987425, "phase": "climb"}, "geometry": {"type": "Point", "coordinates": [99.89318, 17.534019, 7596.2]}}, {"type": "Feature", "properties": {"flight_key": "SIA101_VTCL_VTBS_2025-12-23 02:07", "callsign": "SIA101", "aircraft_type": "A320", "adep": "VTCL", "ades": "VTBS", "epoch_ts": "2025-12-23 02:21:12+00:00", "altitude_ft": 25319.3, "tas_kt": 420.1, "gs_kt": 420.1, "track_deg": 153.28060396987425, "phase": "climb"}, "geometry": {"type": "Point", "coordinates": [99.912351, 17.497411, 7717.3]}}, {"type": "Feature", "properties": {"flight_key": "SIA101_VTCL_VTBS_2025-12-23 02:07", "callsign": "SIA101", "aircraft_type": "A320", "adep": "VTCL", "ades": "VTBS", "epoch_ts": "2025-12-23 02:21:32+00:00", "altitude_ft": 25716.6, "tas_kt": 422.7, "gs_kt": 422.7, "track_deg": 153.28060396987425, "phase": "climb"}, "geometry": {"type": "Point", "coordinates": [99.931631, 17.460577, 7838.4]}}, {"type": "Feature", "properties": {"flight_key": "SIA101_VTCL_VTBS_2025-12-23 02:07", "callsign": "SIA101", "aircraft_type": "A320", "adep": "VTCL", "ades": "VTBS", "epoch_ts": "2025-12-23 02:21:52+00:00", "altitude_ft": 26101.8, "tas_kt": 425.2, "gs_kt": 425.2, "track_deg": 153.28060396987425, "phase": "climb"}, "geometry": {"type": "Point", "coordinates": [99.951022, 17.423516, 7955.8]}}, {"type": "Feature", "properties": {"flight_key": "SIA101_VTCL_VTBS_2025-12-23 02:07", "callsign": "SIA101", "aircraft_type": "A320", "adep": "VTCL", "ades": "VTBS", "epoch_ts": "2025-12-23 02:22:12+00:00", "altitude_ft": 26456.6, "tas_kt": 427.5, "gs_kt": 427.5, "track_deg": 153.28060396987425, "phase": "climb"}, "geometry": {"type": "Point", "coordinates": [99.970514, 17.386243, 8064.0]}}, {"type": "Feature", "properties": {"flight_key": "SIA101_VTCL_VTBS_2025-12-23 02:07", "callsign": "SIA101", "aircraft_type": "A320", "adep": "VTCL", "ades": "VTBS", "epoch_ts": "2025-12-23 02:22:32+00:00", "altitude_ft": 26811.4, "tas_kt": 429.9, "gs_kt": 429.9, "track_deg": 153.28060396987425, "phase": "climb"}, "geometry": {"type": "Point", "coordinates": [99.990106, 17.348763, 8172.1]}}, {"type": "Feature", "properties": {"flight_key": "SIA101_VTCL_VTBS_2025-12-23 02:07", "callsign": "SIA101", "aircraft_type": "A320", "adep": "VTCL", "ades": "VTBS", "epoch_ts": "2025-12-23 02:22:52+00:00", "altitude_ft": 27166.3, "tas_kt": 432.3, "gs_kt": 432.3, "track_deg": 153.28060396987425, "phase": "climb"}, "geometry": {"type": "Point", "coordinates": [100.009797, 17.311075, 8280.3]}}, {"type": "Feature", "properties": {"flight_key": "SIA101_VTCL_VTBS_2025-12-23 02:07", "callsign": "SIA101", "aircraft_type": "A320", "adep": "VTCL", "ades": "VTBS", "epoch_ts": "2025-12-23 02:23:12+00:00", "altitude_ft": 27521.1, "tas_kt": 434.6, "gs_kt": 434.6, "track_deg": 153.28060396987425, "phase": "climb"}, "geometry": {"type": "Point", "coordinates": [100.029588, 17.273177, 8388.4]}}, {"type": "Feature", "properties": {"flight_key": "SIA101_VTCL_VTBS_2025-12-23 02:07", "callsign": "SIA101", "aircraft_type": "A320", "adep": "VTCL", "ades": "VTBS", "epoch_ts": "2025-12-23 02:23:32+00:00", "altitude_ft": 27875.9, "tas_kt": 437.0, "gs_kt": 437.0, "track_deg": 153.28060396987425, "phase": "climb"}, "geometry": {"type": "Point", "coordinates": [100.049481, 17.235068, 8496.6]}}, {"type": "Feature", "properties": {"flight_key": "SIA101_VTCL_VTBS_2025-12-23 02:07", "callsign": "SIA101", "aircraft_type": "A320", "adep": "VTCL", "ades": "VTBS", "epoch_ts": "2025-12-23 02:23:52+00:00", "altitude_ft": 28214.5, "tas_kt": 463.2, "gs_kt": 463.2, "track_deg": 153.36943933967163, "phase": "climb"}, "geometry": {"type": "Point", "coordinates": [100.07021, 17.195336, 8599.8]}}, {"type": "Feature", "properties": {"flight_key": "SIA101_VTCL_VTBS_2025-12-23 02:07", "callsign": "SIA101", "aircraft_type": "A320", "adep": "VTCL", "ades": "VTBS", "epoch_ts": "2025-12-23 02:24:12+00:00", "altitude_ft": 28544.3, "tas_kt": 462.6, "gs_kt": 462.6, "track_deg": 153.36943933967163, "phase": "climb"}, "geometry": {"type": "Point", "coordinates": [100.091319, 17.154856, 8700.3]}}, {"type": "Feature", "properties": {"flight_key": "SIA101_VTCL_VTBS_2025-12-23 02:07", "callsign": "SIA101", "aircraft_type": "A320", "adep": "VTCL", "ades": "VTBS", "epoch_ts": "2025-12-23 02:24:32+00:00", "altitude_ft": 28874.2, "tas_kt": 461.9, "gs_kt": 461.9, "track_deg": 153.36943933967163, "phase": "climb"}, "geometry": {"type": "Point", "coordinates": [100.112389, 17.114432, 8800.9]}}, {"type": "Feature", "properties": {"flight_key": "SIA101_VTCL_VTBS_2025-12-23 02:07", "callsign": "SIA101", "aircraft_type": "A320", "adep": "VTCL", "ades": "VTBS", "epoch_ts": "2025-12-23 02:24:52+00:00", "altitude_ft": 29204.0, "tas_kt": 461.3, "gs_kt": 461.3, "track_deg": 153.36943933967163, "phase": "climb"}, "geometry": {"type": "Point", "coordinates": [100.13342, 17.074062, 8901.4]}}, {"type": "Feature", "properties": {"flight_key": "SIA101_VTCL_VTBS_2025-12-23 02:07", "callsign": "SIA101", "aircraft_type": "A320", "adep": "VTCL", "ades": "VTBS", "epoch_ts": "2025-12-23 02:25:12+00:00", "altitude_ft": 29533.8, "tas_kt": 460.6, "gs_kt": 460.6, "track_deg": 153.36943933967163, "phase": "climb"}, "geometry": {"type": "Point", "coordinates": [100.154412, 17.033747, 9001.9]}}, {"type": "Feature", "properties": {"flight_key": "SIA101_VTCL_VTBS_2025-12-23 02:07", "callsign": "SIA101", "aircraft_type": "A320", "adep": "VTCL", "ades": "VTBS", "epoch_ts": "2025-12-23 02:25:32+00:00", "altitude_ft": 29863.7, "tas_kt": 459.9, "gs_kt": 459.9, "track_deg": 153.36943933967163, "phase": "climb"}, "geometry": {"type": "Point", "coordinates": [100.175366, 16.993487, 9102.5]}}, {"type": "Feature", "properties": {"flight_key": "SIA101_VTCL_VTBS_2025-12-23 02:07", "callsign": "SIA101", "aircraft_type": "A320", "adep": "VTCL", "ades": "VTBS", "epoch_ts": "2025-12-23 02:25:52+00:00", "altitude_ft": 30191.3, "tas_kt": 459.3, "gs_kt": 459.3, "track_deg": 153.36943933967163, "phase": "climb"}, "geometry": {"type": "Point", "coordinates": [100.19628, 16.953282, 9202.3]}}, {"type": "Feature", "properties": {"flight_key": "SIA101_VTCL_VTBS_2025-12-23 02:07", "callsign": "SIA101", "aircraft_type": "A320", "adep": "VTCL", "ades": "VTBS", "epoch_ts": "2025-12-23 02:26:12+00:00", "altitude_ft": 30517.3, "tas_kt": 458.6, "gs_kt": 458.6, "track_deg": 153.36943933967163, "phase": "climb"}, "geometry": {"type": "Point", "coordinates": [100.217156, 16.913131, 9301.7]}}, {"type": "Feature", "properties": {"flight_key": "SIA101_VTCL_VTBS_2025-12-23 02:07", "callsign": "SIA101", "aircraft_type": "A320", "adep": "VTCL", "ades": "VTBS", "epoch_ts": "2025-12-23 02:26:32+00:00", "altitude_ft": 30843.3, "tas_kt": 458.0, "gs_kt": 458.0, "track_deg": 153.36943933967163, "phase": "climb"}, "geometry": {"type": "Point", "coordinates": [100.237994, 16.873036, 9401.0]}}, {"type": "Feature", "properties": {"flight_key": "SIA101_VTCL_VTBS_2025-12-23 02:07", "callsign": "SIA101", "aircraft_type": "A320", "adep": "VTCL", "ades": "VTBS", "epoch_ts": "2025-12-23 02:26:52+00:00", "altitude_ft": 31169.3, "tas_kt": 457.3, "gs_kt": 457.3, "track_deg": 153.36943933967163, "phase": "climb"}, "geometry": {"type": "Point", "coordinates": [100.258794, 16.832995, 9500.4]}}, {"type": "Feature", "properties": {"flight_key": "SIA101_VTCL_VTBS_2025-12-23 02:07", "callsign": "SIA101", "aircraft_type": "A320", "adep": "VTCL", "ades": "VTBS", "epoch_ts": "2025-12-23 02:27:15+00:00", "altitude_ft": 31556.1, "tas_kt": 456.6, "gs_kt": 456.6, "track_deg": 160.00085387637807, "phase": "climb"}, "geometry": {"type": "Point", "coordinates": [100.283131, 16.785414, 9618.3]}}, {"type": "Feature", "properties": {"flight_key": "SIA101_VTCL_VTBS_2025-12-23 02:07", "callsign": "SIA101", "aircraft_type": "A320", "adep": "VTCL", "ades": "VTBS", "epoch_ts": "2025-12-23 02:27:37+00:00", "altitude_ft": 31902.8, "tas_kt": 455.9, "gs_kt": 455.9, "track_deg": 179.78534255345926, "phase": "climb"}, "geometry": {"type": "Point", "coordinates": [100.291507, 16.738993, 9724.0]}}, {"type": "Feature", "properties": {"flight_key": "SIA101_VTCL_VTBS_2025-12-23 02:07", "callsign": "SIA101", "aircraft_type": "A320", "adep": "VTCL", "ades": "VTBS", "epoch_ts": "2025-12-23 02:27:57+00:00", "altitude_ft": 32000.0, "tas_kt": 455.7, "gs_kt": 455.7, "track_deg": 179.78534255345926, "phase": "cruise"}, "geometry": {"type": "Point", "coordinates": [100.291675, 16.695966, 9753.6]}}, {"type": "Feature", "properties": {"flight_key": "SIA101_VTCL_VTBS_2025-12-23 02:07", "callsign": "SIA101", "aircraft_type": "A320", "adep": "VTCL", "ades": "VTBS", "epoch_ts": "2025-12-23 02:28:17+00:00", "altitude_ft": 32000.0, "tas_kt": 455.7, "gs_kt": 455.7, "track_deg": 179.78534255345926, "phase": "cruise"}, "geometry": {"type": "Point", "coordinates": [100.291839, 16.653601, 9753.6]}}, {"type": "Feature", "properties": {"flight_key": "SIA101_VTCL_VTBS_2025-12-23 02:07", "callsign": "SIA101", "aircraft_type": "A320", "adep": "VTCL", "ades": "VTBS", "epoch_ts": "2025-12-23 02:28:37+00:00", "altitude_ft": 32000.0, "tas_kt": 455.7, "gs_kt": 455.7, "track_deg": 179.78534255345926, "phase": "cruise"}, "geometry": {"type": "Point", "coordinates": [100.292004, 16.611236, 9753.6]}}, {"type": "Feature", "properties": {"flight_key": "SIA101_VTCL_VTBS_2025-12-23 02:07", "callsign": "SIA101", "aircraft_type": "A320", "adep": "VTCL", "ades": "VTBS", "epoch_ts": "2025-12-23 02:28:57+00:00", "altitude_ft": 32000.0, "tas_kt": 455.7, "gs_kt": 455.7, "track_deg": 179.78534255345926, "phase": "cruise"}, "geometry": {"type": "Point", "coordinates": [100.292168, 16.568871, 9753.6]}}, {"type": "Feature", "properties": {"flight_key": "SIA101_VTCL_VTBS_2025-12-23 02:07", "callsign": "SIA101", "aircraft_type": "A320", "adep": "VTCL", "ades": "VTBS", "epoch_ts": "2025-12-23 02:29:17+00:00", "altitude_ft": 32000.0, "tas_kt": 455.7, "gs_kt": 455.7, "track_deg": 179.78534255345926, "phase": "cruise"}, "geometry": {"type": "Point", "coordinates": [100.292333, 16.526506, 9753.6]}}, {"type": "Feature", "properties": {"flight_key": "SIA101_VTCL_VTBS_2025-12-23 02:07", "callsign": "SIA101", "aircraft_type": "A320", "adep": "VTCL", "ades": "VTBS", "epoch_ts": "2025-12-23 02:29:37+00:00", "altitude_ft": 32000.0, "tas_kt": 455.7, "gs_kt": 455.7, "track_deg": 179.78534255345926, "phase": "cruise"}, "geometry": {"type": "Point", "coordinates": [100.292497, 16.484141, 9753.6]}}, {"type": "Feature", "properties": {"flight_key": "SIA101_VTCL_VTBS_2025-12-23 02:07", "callsign": "SIA101", "aircraft_type": "A320", "adep": "VTCL", "ades": "VTBS", "epoch_ts": "2025-12-23 02:29:57+00:00", "altitude_ft": 32000.0, "tas_kt": 455.7, "gs_kt": 455.7, "track_deg": 179.78534255345926, "phase": "cruise"}, "geometry": {"type": "Point", "coordinates": [100.292661, 16.441775, 9753.6]}}, {"type": "Feature", "properties": {"flight_key": "SIA101_VTCL_VTBS_2025-12-23 02:07", "callsign": "SIA101", "aircraft_type": "A320", "adep": "VTCL", "ades": "VTBS", "epoch_ts": "2025-12-23 02:30:17+00:00", "altitude_ft": 32000.0, "tas_kt": 455.7, "gs_kt": 455.7, "track_deg": 179.78534255345926, "phase": "cruise"}, "geometry": {"type": "Point", "coordinates": [100.292826, 16.399409, 9753.6]}}, {"type": "Feature", "properties": {"flight_key": "SIA101_VTCL_VTBS_2025-12-23 02:07", "callsign": "SIA101", "aircraft_type": "A320", "adep": "VTCL", "ades": "VTBS", "epoch_ts": "2025-12-23 02:30:37+00:00", "altitude_ft": 32000.0, "tas_kt": 455.7, "gs_kt": 455.7, "track_deg": 179.78534255345926, "phase": "cruise"}, "geometry": {"type": "Point", "coordinates": [100.29299, 16.357043, 9753.6]}}, {"type": "Feature", "properties": {"flight_key": "SIA101_VTCL_VTBS_2025-12-23 02:07", "callsign": "SIA101", "aircraft_type": "A320", "adep": "VTCL", "ades": "VTBS", "epoch_ts": "2025-12-23 02:30:57+00:00", "altitude_ft": 32000.0, "tas_kt": 455.7, "gs_kt": 455.7, "track_deg": 179.78534255345926, "phase": "cruise"}, "geometry": {"type": "Point", "coordinates": [100.293154, 16.314677, 9753.6]}}, {"type": "Feature", "properties": {"flight_key": "SIA101_VTCL_VTBS_2025-12-23 02:07", "callsign": "SIA101", "aircraft_type": "A320", "adep": "VTCL", "ades": "VTBS", "epoch_ts": "2025-12-23 02:31:17+00:00", "altitude_ft": 32000.0, "tas_kt": 455.7, "gs_kt": 455.7, "track_deg": 179.78534255345926, "phase": "cruise"}, "geometry": {"type": "Point", "coordinates": [100.293318, 16.272311, 9753.6]}}, {"type": "Feature", "properties": {"flight_key": "SIA101_VTCL_VTBS_2025-12-23 02:07", "callsign": "SIA101", "aircraft_type": "A320", "adep": "VTCL", "ades": "VTBS", "epoch_ts": "2025-12-23 02:31:37+00:00", "altitude_ft": 32000.0, "tas_kt": 455.7, "gs_kt": 455.7, "track_deg": 179.76650014853888, "phase": "cruise"}, "geometry": {"type": "Point", "coordinates": [100.293495, 16.229944, 9753.6]}}, {"type": "Feature", "properties": {"flight_key": "SIA101_VTCL_VTBS_2025-12-23 02:07", "callsign": "SIA101", "aircraft_type": "A320", "adep": "VTCL", "ades": "VTBS", "epoch_ts": "2025-12-23 02:31:57+00:00", "altitude_ft": 32000.0, "tas_kt": 455.7, "gs_kt": 455.7, "track_deg": 179.76650014853888, "phase": "cruise"}, "geometry": {"type": "Point", "coordinates": [100.293674, 16.187578, 9753.6]}}, {"type": "Feature", "properties": {"flight_key": "SIA101_VTCL_VTBS_2025-12-23 02:07", "callsign": "SIA101", "aircraft_type": "A320", "adep": "VTCL", "ades": "VTBS", "epoch_ts": "2025-12-23 02:32:17+00:00", "altitude_ft": 32000.0, "tas_kt": 455.7, "gs_kt": 455.7, "track_deg": 179.76650014853888, "phase": "cruise"}, "geometry": {"type": "Point", "coordinates": [100.293852, 16.145211, 9753.6]}}, {"type": "Feature", "properties": {"flight_key": "SIA101_VTCL_VTBS_2025-12-23 02:07", "callsign": "SIA101", "aircraft_type": "A320", "adep": "VTCL", "ades": "VTBS", "epoch_ts": "2025-12-23 02:32:37+00:00", "altitude_ft": 32000.0, "tas_kt": 455.7, "gs_kt": 455.7, "track_deg": 179.76650014853888, "phase": "cruise"}, "geometry": {"type": "Point", "coordinates": [100.294031, 16.102844, 9753.6]}}, {"type": "Feature", "properties": {"flight_key": "SIA101_VTCL_VTBS_2025-12-23 02:07", "callsign": "SIA101", "aircraft_type": "A320", "adep": "VTCL", "ades": "VTBS", "epoch_ts": "2025-12-23 02:32:57+00:00", "altitude_ft": 32000.0, "tas_kt": 455.7, "gs_kt": 455.7, "track_deg": 179.76650014853888, "phase": "cruise"}, "geometry": {"type": "Point", "coordinates": [100.294209, 16.060477, 9753.6]}}, {"type": "Feature", "properties": {"flight_key": "SIA101_VTCL_VTBS_2025-12-23 02:07", "callsign": "SIA101", "aircraft_type": "A320", "adep": "VTCL", "ades": "VTBS", "epoch_ts": "2025-12-23 02:33:17+00:00", "altitude_ft": 32000.0, "tas_kt": 455.7, "gs_kt": 455.7, "track_deg": 179.76650014853888, "phase": "cruise"}, "geometry": {"type": "Point", "coordinates": [100.294387, 16.01811, 9753.6]}}, {"type": "Feature", "properties": {"flight_key": "SIA101_VTCL_VTBS_2025-12-23 02:07", "callsign": "SIA101", "aircraft_type": "A320", "adep": "VTCL", "ades": "VTBS", "epoch_ts": "2025-12-23 02:33:37+00:00", "altitude_ft": 32000.0, "tas_kt": 455.7, "gs_kt": 455.7, "track_deg": 179.76650014853888, "phase": "cruise"}, "geometry": {"type": "Point", "coordinates": [100.294566, 15.975742, 9753.6]}}, {"type": "Feature", "properties": {"flight_key": "SIA101_VTCL_VTBS_2025-12-23 02:07", "callsign": "SIA101", "aircraft_type": "A320", "adep": "VTCL", "ades": "VTBS", "epoch_ts": "2025-12-23 02:33:57+00:00", "altitude_ft": 32000.0, "tas_kt": 455.7, "gs_kt": 455.7, "track_deg": 179.76650014853888, "phase": "cruise"}, "geometry": {"type": "Point", "coordinates": [100.294744, 15.933375, 9753.6]}}, {"type": "Feature", "properties": {"flight_key": "SIA101_VTCL_VTBS_2025-12-23 02:07", "callsign": "SIA101", "aircraft_type": "A320", "adep": "VTCL", "ades": "VTBS", "epoch_ts": "2025-12-23 02:34:17+00:00", "altitude_ft": 32000.0, "tas_kt": 455.7, "gs_kt": 455.7, "track_deg": 179.76650014853888, "phase": "cruise"}, "geometry": {"type": "Point", "coordinates": [100.294922, 15.891007, 9753.6]}}, {"type": "Feature", "properties": {"flight_key": "SIA101_VTCL_VTBS_2025-12-23 02:07", "callsign": "SIA101", "aircraft_type": "A320", "adep": "VTCL", "ades": "VTBS", "epoch_ts": "2025-12-23 02:34:37+00:00", "altitude_ft": 32000.0, "tas_kt": 455.7, "gs_kt": 455.7, "track_deg": 179.76650014853888, "phase": "cruise"}, "geometry": {"type": "Point", "coordinates": [100.2951, 15.848639, 9753.6]}}, {"type": "Feature", "properties": {"flight_key": "SIA101_VTCL_VTBS_2025-12-23 02:07", "callsign": "SIA101", "aircraft_type": "A320", "adep": "VTCL", "ades": "VTBS", "epoch_ts": "2025-12-23 02:34:57+00:00", "altitude_ft": 32000.0, "tas_kt": 455.7, "gs_kt": 455.7, "track_deg": 179.76650014853888, "phase": "cruise"}, "geometry": {"type": "Point", "coordinates": [100.295278, 15.806271, 9753.6]}}, {"type": "Feature", "properties": {"flight_key": "SIA101_VTCL_VTBS_2025-12-23 02:07", "callsign": "SIA101", "aircraft_type": "A320", "adep": "VTCL", "ades": "VTBS", "epoch_ts": "2025-12-23 02:35:17+00:00", "altitude_ft": 32000.0, "tas_kt": 455.7, "gs_kt": 455.7, "track_deg": 179.76650014853888, "phase": "cruise"}, "geometry": {"type": "Point", "coordinates": [100.295456, 15.763903, 9753.6]}}, {"type": "Feature", "properties": {"flight_key": "SIA101_VTCL_VTBS_2025-12-23 02:07", "callsign": "SIA101", "aircraft_type": "A320", "adep": "VTCL", "ades": "VTBS", "epoch_ts": "2025-12-23 02:35:37+00:00", "altitude_ft": 32000.0, "tas_kt": 455.7, "gs_kt": 455.7, "track_deg": 179.76650014853888, "phase": "cruise"}, "geometry": {"type": "Point", "coordinates": [100.295634, 15.721534, 9753.6]}}, {"type": "Feature", "properties": {"flight_key": "SIA101_VTCL_VTBS_2025-12-23 02:07", "callsign": "SIA101", "aircraft_type": "A320", "adep": "VTCL", "ades": "VTBS", "epoch_ts": "2025-12-23 02:35:57+00:00", "altitude_ft": 32000.0, "tas_kt": 455.7, "gs_kt": 455.7, "track_deg": 179.76650014853888, "phase": "cruise"}, "geometry": {"type": "Point", "coordinates": [100.295811, 15.679166, 9753.6]}}, {"type": "Feature", "properties": {"flight_key": "SIA101_VTCL_VTBS_2025-12-23 02:07", "callsign": "SIA101", "aircraft_type": "A320", "adep": "VTCL", "ades": "VTBS", "epoch_ts": "2025-12-23 02:36:17+00:00", "altitude_ft": 32000.0, "tas_kt": 455.7, "gs_kt": 455.7, "track_deg": 179.76650014853888, "phase": "cruise"}, "geometry": {"type": "Point", "coordinates": [100.295989, 15.636797, 9753.6]}}, {"type": "Feature", "properties": {"flight_key": "SIA101_VTCL_VTBS_2025-12-23 02:07", "callsign": "SIA101", "aircraft_type": "A320", "adep": "VTCL", "ades": "VTBS", "epoch_ts": "2025-12-23 02:36:37+00:00", "altitude_ft": 32000.0, "tas_kt": 455.7, "gs_kt": 455.7, "track_deg": 179.76650014853888, "phase": "cruise"}, "geometry": {"type": "Point", "coordinates": [100.296167, 15.594428, 9753.6]}}, {"type": "Feature", "properties": {"flight_key": "SIA101_VTCL_VTBS_2025-12-23 02:07", "callsign": "SIA101", "aircraft_type": "A320", "adep": "VTCL", "ades": "VTBS", "epoch_ts": "2025-12-23 02:36:57+00:00", "altitude_ft": 32000.0, "tas_kt": 455.7, "gs_kt": 455.7, "track_deg": 179.76650014853888, "phase": "cruise"}, "geometry": {"type": "Point", "coordinates": [100.296344, 15.552059, 9753.6]}}, {"type": "Feature", "properties": {"flight_key": "SIA101_VTCL_VTBS_2025-12-23 02:07", "callsign": "SIA101", "aircraft_type": "A320", "adep": "VTCL", "ades": "VTBS", "epoch_ts": "2025-12-23 02:37:17+00:00", "altitude_ft": 31765.0, "tas_kt": 455.7, "gs_kt": 455.7, "track_deg": 179.76650014853888, "phase": "descent"}, "geometry": {"type": "Point", "coordinates": [100.296522, 15.50969, 9682.0]}}, {"type": "Feature", "properties": {"flight_key": "SIA101_VTCL_VTBS_2025-12-23 02:07", "callsign": "SIA101", "aircraft_type": "A320", "adep": "VTCL", "ades": "VTBS", "epoch_ts": "2025-12-23 02:37:37+00:00", "altitude_ft": 31105.7, "tas_kt": 455.7, "gs_kt": 455.7, "track_deg": 179.76650014853888, "phase": "descent"}, "geometry": {"type": "Point", "coordinates": [100.296699, 15.46732, 9481.0]}}, {"type": "Feature", "properties": {"flight_key": "SIA101_VTCL_VTBS_2025-12-23 02:07", "callsign": "SIA101", "aircraft_type": "A320", "adep": "VTCL", "ades": "VTBS", "epoch_ts": "2025-12-23 02:37:57+00:00", "altitude_ft": 30446.4, "tas_kt": 455.7, "gs_kt": 455.7, "track_deg": 179.76650014853888, "phase": "descent"}, "geometry": {"type": "Point", "coordinates": [100.296876, 15.424951, 9280.1]}}, {"type": "Feature", "properties": {"flight_key": "SIA101_VTCL_VTBS_2025-12-23 02:07", "callsign": "SIA101", "aircraft_type": "A320", "adep": "VTCL", "ades": "VTBS", "epoch_ts": "2025-12-23 02:38:17+00:00", "altitude_ft": 29787.1, "tas_kt": 455.7, "gs_kt": 455.7, "track_deg": 179.76650014853888, "phase": "descent"}, "geometry": {"type": "Point", "coordinates": [100.297054, 15.382581, 9079.1]}}, {"type": "Feature", "properties": {"flight_key": "SIA101_VTCL_VTBS_2025-12-23 02:07", "callsign": "SIA101", "aircraft_type": "A320", "adep": "VTCL", "ades": "VTBS", "epoch_ts": "2025-12-23 02:38:37+00:00", "altitude_ft": 29127.8, "tas_kt": 455.7, "gs_kt": 455.7, "track_deg": 179.76650014853888, "phase": "descent"}, "geometry": {"type": "Point", "coordinates": [100.297231, 15.340211, 8878.2]}}, {"type": "Feature", "properties": {"flight_key": "SIA101_VTCL_VTBS_2025-12-23 02:07", "callsign": "SIA101", "aircraft_type": "A320", "adep": "VTCL", "ades": "VTBS", "epoch_ts": "2025-12-23 02:38:57+00:00", "altitude_ft": 28349.8, "tas_kt": 426.2, "gs_kt": 426.2, "track_deg": 179.76650014853888, "phase": "descent"}, "geometry": {"type": "Point", "coordinates": [100.29744, 15.290212, 8641.0]}}, {"type": "Feature", "properties": {"flight_key": "SIA101_VTCL_VTBS_2025-12-23 02:07", "callsign": "SIA101", "aircraft_type": "A320", "adep": "VTCL", "ades": "VTBS", "epoch_ts": "2025-12-23 02:39:17+00:00", "altitude_ft": 27563.4, "tas_kt": 421.0, "gs_kt": 421.0, "track_deg": 149.1663192404508, "phase": "descent"}, "geometry": {"type": "Point", "coordinates": [100.316854, 15.244355, 8401.3]}}, {"type": "Feature", "properties": {"flight_key": "SIA101_VTCL_VTBS_2025-12-23 02:07", "callsign": "SIA101", "aircraft_type": "A320", "adep": "VTCL", "ades": "VTBS", "epoch_ts": "2025-12-23 02:39:37+00:00", "altitude_ft": 26786.3, "tas_kt": 415.9, "gs_kt": 415.9, "track_deg": 149.1663192404508, "phase": "descent"}, "geometry": {"type": "Point", "coordinates": [100.34321, 15.201472, 8164.5]}}, {"type": "Feature", "properties": {"flight_key": "SIA101_VTCL_VTBS_2025-12-23 02:07", "callsign": "SIA101", "aircraft_type": "A320", "adep": "VTCL", "ades": "VTBS", "epoch_ts": "2025-12-23 02:39:57+00:00", "altitude_ft": 26018.4, "tas_kt": 410.9, "gs_kt": 410.9, "track_deg": 149.1663192404508, "phase": "descent"}, "geometry": {"type": "Point", "coordinates": [100.369244, 15.159091, 7930.4]}}, {"type": "Feature", "properties": {"flight_key": "SIA101_VTCL_VTBS_2025-12-23 02:07", "callsign": "SIA101", "aircraft_type": "A320", "adep": "VTCL", "ades": "VTBS", "epoch_ts": "2025-12-23 02:40:17+00:00", "altitude_ft": 25259.4, "tas_kt": 406.1, "gs_kt": 406.1, "track_deg": 149.1663192404508, "phase": "descent"}, "geometry": {"type": "Point", "coordinates": [100.394966, 15.1172, 7699.1]}}, {"type": "Feature", "properties": {"flight_key": "SIA101_VTCL_VTBS_2025-12-23 02:07", "callsign": "SIA101", "aircraft_type": "A320", "adep": "VTCL", "ades": "VTBS", "epoch_ts": "2025-12-23 02:40:37+00:00", "altitude_ft": 24509.2, "tas_kt": 401.4, "gs_kt": 401.4, "track_deg": 149.1663192404508, "phase": "descent"}, "geometry": {"type": "Point", "coordinates": [100.420383, 15.075786, 7470.4]}}, {"type": "Feature", "properties": {"flight_key": "SIA101_VTCL_VTBS_2025-12-23 02:07", "callsign": "SIA101", "aircraft_type": "A320", "adep": "VTCL", "ades": "VTBS", "epoch_ts": "2025-12-23 02:40:57+00:00", "altitude_ft": 23786.3, "tas_kt": 356.5, "gs_kt": 356.5, "track_deg": 149.1663192404508, "phase": "descent"}, "geometry": {"type": "Point", "coordinates": [100.444862, 15.035881, 7250.1]}}, {"type": "Feature", "properties": {"flight_key": "SIA101_VTCL_VTBS_2025-12-23 02:07", "callsign": "SIA101", "aircraft_type": "A320", "adep": "VTCL", "ades": "VTBS", "epoch_ts": "2025-12-23 02:41:17+00:00", "altitude_ft": 23127.7, "tas_kt": 352.8, "gs_kt": 352.8, "track_deg": 149.1663192404508, "phase": "descent"}, "geometry": {"type": "Point", "coordinates": [100.467156, 14.999524, 7049.3]}}, {"type": "Feature", "properties": {"flight_key": "SIA101_VTCL_VTBS_2025-12-23 02:07", "callsign": "SIA101", "aircraft_type": "A320", "adep": "VTCL", "ades": "VTBS", "epoch_ts": "2025-12-23 02:41:37+00:00", "altitude_ft": 22476.1, "tas_kt": 349.2, "gs_kt": 349.2, "track_deg": 149.1663192404508, "phase": "descent"}, "geometry": {"type": "Point", "coordinates": [100.489208, 14.963548, 6850.7]}}, {"type": "Feature", "properties": {"flight_key": "SIA101_VTCL_VTBS_2025-12-23 02:07", "callsign": "SIA101", "aircraft_type": "A320", "adep": "VTCL", "ades": "VTBS", "epoch_ts": "2025-12-23 02:41:57+00:00", "altitude_ft": 21831.0, "tas_kt": 345.7, "gs_kt": 345.7, "track_deg": 149.1663192404508, "phase": "descent"}, "geometry": {"type": "Point", "coordinates": [100.511031, 14.92793, 6654.1]}}, {"type": "Feature", "properties": {"flight_key": "SIA101_VTCL_VTBS_2025-12-23 02:07", "callsign": "SIA101", "aircraft_type": "A320", "adep": "VTCL", "ades": "VTBS", "epoch_ts": "2025-12-23 02:42:17+00:00", "altitude_ft": 21192.3, "tas_kt": 342.2, "gs_kt": 342.2, "track_deg": 149.1663192404508, "phase": "descent"}, "geometry": {"type": "Point", "coordinates": [100.532631, 14.892663, 6459.4]}}, {"type": "Feature", "properties": {"flight_key": "SIA101_VTCL_VTBS_2025-12-23 02:07", "callsign": "SIA101", "aircraft_type": "A320", "adep": "VTCL", "ades": "VTBS", "epoch_ts": "2025-12-23 02:42:37+00:00", "altitude_ft": 20559.8, "tas_kt": 338.9, "gs_kt": 338.9, "track_deg": 149.1663192404508, "phase": "descent"}, "geometry": {"type": "Point", "coordinates": [100.554012, 14.857739, 6266.6]}}, {"type": "Feature", "properties": {"flight_key": "SIA101_VTCL_VTBS_2025-12-23 02:07", "callsign": "SIA101", "aircraft_type": "A320", "adep": "VTCL", "ades": "VTBS", "epoch_ts": "2025-12-23 02:42:57+00:00", "altitude_ft": 19933.5, "tas_kt": 335.6, "gs_kt": 335.6, "track_deg": 149.1663192404508, "phase": "descent"}, "geometry": {"type": "Point", "coordinates": [100.57518, 14.823151, 6075.7]}}, {"type": "Feature", "properties": {"flight_key": "SIA101_VTCL_VTBS_2025-12-23 02:07", "callsign": "SIA101", "aircraft_type": "A320", "adep": "VTCL", "ades": "VTBS", "epoch_ts": "2025-12-23 02:43:17+00:00", "altitude_ft": 19313.1, "tas_kt": 332.4, "gs_kt": 332.4, "track_deg": 149.1663192404508, "phase": "descent"}, "geometry": {"type": "Point", "coordinates": [100.596139, 14.788891, 5886.6]}}, {"type": "Feature", "properties": {"flight_key": "SIA101_VTCL_VTBS_2025-12-23 02:07", "callsign": "SIA101", "aircraft_type": "A320", "adep": "VTCL", "ades": "VTBS", "epoch_ts": "2025-12-23 02:43:37+00:00", "altitude_ft": 18698.7, "tas_kt": 329.2, "gs_kt": 329.2, "track_deg": 149.1663192404508, "phase": "descent"}, "geometry": {"type": "Point", "coordinates": [100.616894, 14.754953, 5699.4]}}, {"type": "Feature", "properties": {"flight_key": "SIA101_VTCL_VTBS_2025-12-23 02:07", "callsign": "SIA101", "aircraft_type": "A320", "adep": "VTCL", "ades": "VTBS", "epoch_ts": "2025-12-23 02:43:57+00:00", "altitude_ft": 18089.9, "tas_kt": 326.2, "gs_kt": 326.2, "track_deg": 151.53715606221976, "phase": "descent"}, "geometry": {"type": "Point", "coordinates": [100.637249, 14.72122, 5513.8]}}, {"type": "Feature", "properties": {"flight_key": "SIA101_VTCL_VTBS_2025-12-23 02:07", "callsign": "SIA101", "aircraft_type": "A320", "adep": "VTCL", "ades": "VTBS", "epoch_ts": "2025-12-23 02:44:17+00:00", "altitude_ft": 18000.0, "tas_kt": 325.7, "gs_kt": 325.7, "track_deg": 163.30491418266482, "phase": "descent"}, "geometry": {"type": "Point", "coordinates": [100.64964, 14.68431, 5486.4]}}, {"type": "Feature", "properties": {"flight_key": "SIA101_VTCL_VTBS_2025-12-23 02:07", "callsign": "SIA101", "aircraft_type": "A320", "adep": "VTCL", "ades": "VTBS", "epoch_ts": "2025-12-23 02:44:37+00:00", "altitude_ft": 18000.0, "tas_kt": 325.7, "gs_kt": 325.7, "track_deg": 163.30491418266482, "phase": "descent"}, "geometry": {"type": "Point", "coordinates": [100.661105, 14.647088, 5486.4]}}, {"type": "Feature", "properties": {"flight_key": "SIA101_VTCL_VTBS_2025-12-23 02:07", "callsign": "SIA101", "aircraft_type": "A320", "adep": "VTCL", "ades": "VTBS", "epoch_ts": "2025-12-23 02:44:57+00:00", "altitude_ft": 18000.0, "tas_kt": 287.6, "gs_kt": 287.6, "track_deg": 163.30491418266482, "phase": "descent"}, "geometry": {"type": "Point", "coordinates": [100.671486, 14.613373, 5486.4]}}, {"type": "Feature", "properties": {"flight_key": "SIA101_VTCL_VTBS_2025-12-23 02:07", "callsign": "SIA101", "aircraft_type": "A320", "adep": "VTCL", "ades": "VTBS", "epoch_ts": "2025-12-23 02:45:17+00:00", "altitude_ft": 18000.0, "tas_kt": 287.6, "gs_kt": 287.6, "track_deg": 163.30491418266482, "phase": "descent"}, "geometry": {"type": "Point", "coordinates": [100.681604, 14.580501, 5486.4]}}, {"type": "Feature", "properties": {"flight_key": "SIA101_VTCL_VTBS_2025-12-23 02:07", "callsign": "SIA101", "aircraft_type": "A320", "adep": "VTCL", "ades": "VTBS", "epoch_ts": "2025-12-23 02:45:37+00:00", "altitude_ft": 18000.0, "tas_kt": 287.6, "gs_kt": 287.6, "track_deg": 163.31154804065102, "phase": "descent"}, "geometry": {"type": "Point", "coordinates": [100.691721, 14.547629, 5486.4]}}, {"type": "Feature", "properties": {"flight_key": "SIA101_VTCL_VTBS_2025-12-23 02:07", "callsign": "SIA101", "aircraft_type": "A320", "adep": "VTCL", "ades": "VTBS", "epoch_ts": "2025-12-23 02:45:57+00:00", "altitude_ft": 17889.5, "tas_kt": 287.1, "gs_kt": 287.1, "track_deg": 163.31154804065102, "phase": "descent"}, "geometry": {"type": "Point", "coordinates": [100.701833, 14.514766, 5452.7]}}, {"type": "Feature", "properties": {"flight_key": "SIA101_VTCL_VTBS_2025-12-23 02:07", "callsign": "SIA101", "aircraft_type": "A320", "adep": "VTCL", "ades": "VTBS", "epoch_ts": "2025-12-23 02:46:17+00:00", "altitude_ft": 17358.9, "tas_kt": 284.8, "gs_kt": 284.8, "track_deg": 163.31154804065102, "phase": "descent"}, "geometry": {"type": "Point", "coordinates": [100.711882, 14.482096, 5291.0]}}, {"type": "Feature", "properties": {"flight_key": "SIA101_VTCL_VTBS_2025-12-23 02:07", "callsign": "SIA101", "aircraft_type": "A320", "adep": "VTCL", "ades": "VTBS", "epoch_ts": "2025-12-23 02:46:37+00:00", "altitude_ft": 16832.5, "tas_kt": 282.5, "gs_kt": 282.5, "track_deg": 174.4328502148999, "phase": "descent"}, "geometry": {"type": "Point", "coordinates": [100.721047, 14.449514, 5130.5]}}, {"type": "Feature", "properties": {"flight_key": "SIA101_VTCL_VTBS_2025-12-23 02:07", "callsign": "SIA101", "aircraft_type": "A320", "adep": "VTCL", "ades": "VTBS", "epoch_ts": "2025-12-23 02:46:57+00:00", "altitude_ft": 16310.4, "tas_kt": 280.2, "gs_kt": 280.2, "track_deg": 194.42519405226795, "phase": "descent"}, "geometry": {"type": "Point", "coordinates": [100.714707, 14.416716, 4971.4]}}, {"type": "Feature", "properties": {"flight_key": "SIA101_VTCL_VTBS_2025-12-23 02:07", "callsign": "SIA101", "aircraft_type": "A320", "adep": "VTCL", "ades": "VTBS", "epoch_ts": "2025-12-23 02:47:17+00:00", "altitude_ft": 15792.5, "tas_kt": 277.9, "gs_kt": 277.9, "track_deg": 194.42519405226795, "phase": "descent"}, "geometry": {"type": "Point", "coordinates": [100.7062, 14.384477, 4813.6]}}, {"type": "Feature", "properties": {"flight_key": "SIA101_VTCL_VTBS_2025-12-23 02:07", "callsign": "SIA101", "aircraft_type": "A320", "adep": "VTCL", "ades": "VTBS", "epoch_ts": "2025-12-23 02:47:37+00:00", "altitude_ft": 15278.6, "tas_kt": 275.7, "gs_kt": 275.7, "track_deg": 194.42519405226795, "phase": "descent"}, "geometry": {"type": "Point", "coordinates": [100.697764, 14.352493, 4656.9]}}, {"type": "Feature", "properties": {"flight_key": "SIA101_VTCL_VTBS_2025-12-23 02:07", "callsign": "SIA101", "aircraft_type": "A320", "adep": "VTCL", "ades": "VTBS", "epoch_ts": "2025-12-23 02:47:57+00:00", "altitude_ft": 14768.8, "tas_kt": 273.6, "gs_kt": 273.6, "track_deg": 194.42519405226795, "phase": "descent"}, "geometry": {"type": "Point", "coordinates": [100.689395, 14.320758, 4501.5]}}, {"type": "Feature", "properties": {"flight_key": "SIA101_VTCL_VTBS_2025-12-23 02:07", "callsign": "SIA101", "aircraft_type": "A320", "adep": "VTCL", "ades": "VTBS", "epoch_ts": "2025-12-23 02:48:17+00:00", "altitude_ft": 14262.9, "tas_kt": 271.5, "gs_kt": 271.5, "track_deg": 194.42519405226795, "phase": "descent"}, "geometry": {"type": "Point", "coordinates": [100.681094, 14.289269, 4347.3]}}, {"type": "Feature", "properties": {"flight_key": "SIA101_VTCL_VTBS_2025-12-23 02:07", "callsign": "SIA101", "aircraft_type": "A320", "adep": "VTCL", "ades": "VTBS", "epoch_ts": "2025-12-23 02:48:37+00:00", "altitude_ft": 13760.9, "tas_kt": 269.4, "gs_kt": 269.4, "track_deg": 194.42519405226795, "phase": "descent"}, "geometry": {"type": "Point", "coordinates": [100.672859, 14.258021, 4194.3]}}, {"type": "Feature", "properties": {"flight_key": "SIA101_VTCL_VTBS_2025-12-23 02:07", "callsign": "SIA101", "aircraft_type": "A320", "adep": "VTCL", "ades": "VTBS", "epoch_ts": "2025-12-23 02:48:57+00:00", "altitude_ft": 13262.7, "tas_kt": 267.3, "gs_kt": 267.3, "track_deg": 194.40569362049712, "phase": "descent"}, "geometry": {"type": "Point", "coordinates": [100.664691, 14.227008, 4042.5]}}, {"type": "Feature", "properties": {"flight_key": "SIA101_VTCL_VTBS_2025-12-23 02:07", "callsign": "SIA101", "aircraft_type": "A320", "adep": "VTCL", "ades": "VTBS", "epoch_ts": "2025-12-23 02:49:17+00:00", "altitude_ft": 12822.6, "tas_kt": 217.8, "gs_kt": 217.8, "track_deg": 194.40569362049712, "phase": "descent"}, "geometry": {"type": "Point", "coordinates": [100.657478, 14.199609, 3908.3]}}, {"type": "Feature", "properties": {"flight_key": "SIA101_VTCL_VTBS_2025-12-23 02:07", "callsign": "SIA101", "aircraft_type": "A320", "adep": "VTCL", "ades": "VTBS", "epoch_ts": "2025-12-23 02:49:37+00:00", "altitude_ft": 12420.0, "tas_kt": 216.5, "gs_kt": 216.5, "track_deg": 194.40569362049712, "phase": "descent"}, "geometry": {"type": "Point", "coordinates": [100.650882, 14.174547, 3785.6]}}, {"type": "Feature", "properties": {"flight_key": "SIA101_VTCL_VTBS_2025-12-23 02:07", "callsign": "SIA101", "aircraft_type": "A320", "adep": "VTCL", "ades": "VTBS", "epoch_ts": "2025-12-23 02:49:57+00:00", "altitude_ft": 12020.4, "tas_kt": 215.2, "gs_kt": 215.2, "track_deg": 194.40569362049712, "phase": "descent"}, "geometry": {"type": "Point", "coordinates": [100.644336, 14.149669, 3663.8]}}, {"type": "Feature", "properties": {"flight_key": "SIA101_VTCL_VTBS_2025-12-23 02:07", "callsign": "SIA101", "aircraft_type": "A320", "adep": "VTCL", "ades": "VTBS", "epoch_ts": "2025-12-23 02:50:17+00:00", "altitude_ft": 11623.2, "tas_kt": 213.9, "gs_kt": 213.9, "track_deg": 194.40569362049712, "phase": "descent"}, "geometry": {"type": "Point", "coordinates": [100.637832, 14.124947, 3542.8]}}, {"type": "Feature", "properties": {"flight_key": "SIA101_VTCL_VTBS_2025-12-23 02:07", "callsign": "SIA101", "aircraft_type": "A320", "adep": "VTCL", "ades": "VTBS", "epoch_ts": "2025-12-23 02:50:37+00:00", "altitude_ft": 11228.5, "tas_kt": 212.6, "gs_kt": 212.6, "track_deg": 194.40569362049712, "phase": "descent"}, "geometry": {"type": "Point", "coordinates": [100.631368, 14.100373, 3422.4]}}, {"type": "Feature", "properties": {"flight_key": "SIA101_VTCL_VTBS_2025-12-23 02:07", "callsign": "SIA101", "aircraft_type": "A320", "adep": "VTCL", "ades": "VTBS", "epoch_ts": "2025-12-23 02:50:57+00:00", "altitude_ft": 10836.1, "tas_kt": 211.3, "gs_kt": 211.3, "track_deg": 194.40569362049712, "phase": "descent"}, "geometry": {"type": "Point", "coordinates": [100.624945, 14.075945, 3302.8]}}, {"type": "Feature", "properties": {"flight_key": "SIA101_VTCL_VTBS_2025-12-23 02:07", "callsign": "SIA101", "aircraft_type": "A320", "adep": "VTCL", "ades": "VTBS", "epoch_ts": "2025-12-23 02:51:17+00:00", "altitude_ft": 10446.0, "tas_kt": 210.0, "gs_kt": 210.0, "track_deg": 194.40569362049712, "phase": "descent"}, "geometry": {"type": "Point", "coordinates": [100.618561, 14.051661, 3183.9]}}, {"type": "Feature", "properties": {"flight_key": "SIA101_VTCL_VTBS_2025-12-23 02:07", "callsign": "SIA101", "aircraft_type": "A320", "adep": "VTCL", "ades": "VTBS", "epoch_ts": "2025-12-23 02:51:37+00:00", "altitude_ft": 10058.2, "tas_kt": 208.8, "gs_kt": 208.8, "track_deg": 194.40569362049712, "phase": "descent"}, "geometry": {"type": "Point", "coordinates": [100.612215, 14.027519, 3065.7]}}, {"type": "Feature", "properties": {"flight_key": "SIA101_VTCL_VTBS_2025-12-23 02:07", "callsign": "SIA101", "aircraft_type": "A320", "adep": "VTCL", "ades": "VTBS", "epoch_ts": "2025-12-23 02:51:57+00:00", "altitude_ft": 9672.7, "tas_kt": 207.6, "gs_kt": 207.6, "track_deg": 167.0758532558291, "phase": "descent"}, "geometry": {"type": "Point", "coordinates": [100.60852, 14.003301, 2948.2]}}, {"type": "Feature", "properties": {"flight_key": "SIA101_VTCL_VTBS_2025-12-23 02:07", "callsign": "SIA101", "aircraft_type": "A320", "adep": "VTCL", "ades": "VTBS", "epoch_ts": "2025-12-23 02:52:17+00:00", "altitude_ft": 9289.4, "tas_kt": 206.4, "gs_kt": 206.4, "track_deg": 104.98705020910074, "phase": "descent"}, "geometry": {"type": "Point", "coordinates": [100.626275, 13.987763, 2831.4]}}, {"type": "Feature", "properties": {"flight_key": "SIA101_VTCL_VTBS_2025-12-23 02:07", "callsign": "SIA101", "aircraft_type": "A320", "adep": "VTCL", "ades": "VTBS", "epoch_ts": "2025-12-23 02:52:37+00:00", "altitude_ft": 8908.2, "tas_kt": 205.2, "gs_kt": 205.2, "track_deg": 104.98705020910074, "phase": "descent"}, "geometry": {"type": "Point", "coordinates": [100.650508, 13.981426, 2715.2]}}, {"type": "Feature", "properties": {"flight_key": "SIA101_VTCL_VTBS_2025-12-23 02:07", "callsign": "SIA101", "aircraft_type": "A320", "adep": "VTCL", "ades": "VTBS", "epoch_ts": "2025-12-23 02:52:57+00:00", "altitude_ft": 8529.2, "tas_kt": 204.0, "gs_kt": 204.0, "track_deg": 104.98705020910074, "phase": "descent"}, "geometry": {"type": "Point", "coordinates": [100.674602, 13.975123, 2599.7]}}, {"type": "Feature", "properties": {"flight_key": "SIA101_VTCL_VTBS_2025-12-23 02:07", "callsign": "SIA101", "aircraft_type": "A320", "adep": "VTCL", "ades": "VTBS", "epoch_ts": "2025-12-23 02:53:17+00:00", "altitude_ft": 8152.4, "tas_kt": 202.9, "gs_kt": 202.9, "track_deg": 104.98705020910074, "phase": "descent"}, "geometry": {"type": "Point", "coordinates": [100.698559, 13.968853, 2484.9]}}, {"type": "Feature", "properties": {"flight_key": "SIA101_VTCL_VTBS_2025-12-23 02:07", "callsign": "SIA101", "aircraft_type": "A320", "adep": "VTCL", "ades": "VTBS", "epoch_ts": "2025-12-23 02:53:38+00:00", "altitude_ft": 7753.2, "tas_kt": 201.6, "gs_kt": 201.6, "track_deg": 35.93753492234684, "phase": "descent"}, "geometry": {"type": "Point", "coordinates": [100.721651, 13.976872, 2363.2]}}, {"type": "Feature", "properties": {"flight_key": "SIA101_VTCL_VTBS_2025-12-23 02:07", "callsign": "SIA101", "aircraft_type": "A320", "adep": "VTCL", "ades": "VTBS", "epoch_ts": "2025-12-23 02:54:02+00:00", "altitude_ft": 7312.1, "tas_kt": 200.3, "gs_kt": 200.3, "track_deg": 14.506739960258114, "phase": "descent"}, "geometry": {"type": "Point", "coordinates": [100.729976, 14.003933, 2228.7]}}, {"type": "Feature", "properties": {"flight_key": "SIA101_VTCL_VTBS_2025-12-23 02:07", "callsign": "SIA101", "aircraft_type": "A320", "adep": "VTCL", "ades": "VTBS", "epoch_ts": "2025-12-23 02:54:23+00:00", "altitude_ft": 6920.5, "tas_kt": 199.2, "gs_kt": 199.2, "track_deg": 21.67266622769811, "phase": "descent"}, "geometry": {"type": "Point", "coordinates": [100.7367, 14.028212, 2109.4]}}, {"type": "Feature", "properties": {"flight_key": "SIA101_VTCL_VTBS_2025-12-23 02:07", "callsign": "SIA101", "aircraft_type": "A320", "adep": "VTCL", "ades": "VTBS", "epoch_ts": "2025-12-23 02:54:44+00:00", "altitude_ft": 6536.9, "tas_kt": 198.0, "gs_kt": 198.0, "track_deg": 93.40090553328234, "phase": "descent"}, "geometry": {"type": "Point", "coordinates": [100.757161, 14.039779, 1992.4]}}, {"type": "Feature", "properties": {"flight_key": "SIA101_VTCL_VTBS_2025-12-23 02:07", "callsign": "SIA101", "aircraft_type": "A320", "adep": "VTCL", "ades": "VTBS", "epoch_ts": "2025-12-23 02:55:07+00:00", "altitude_ft": 6116.4, "tas_kt": 196.8, "gs_kt": 196.8, "track_deg": 105.36564747750069, "phase": "descent"}, "geometry": {"type": "Point", "coordinates": [100.783919, 14.032884, 1864.3]}}, {"type": "Feature", "properties": {"flight_key": "SIA101_VTCL_VTBS_2025-12-23 02:07", "callsign": "SIA101", "aircraft_type": "A320", "adep": "VTCL", "ades": "VTBS", "epoch_ts": "2025-12-23 02:55:27+00:00", "altitude_ft": 5752.6, "tas_kt": 195.7, "gs_kt": 195.7, "track_deg": 105.36564747750069, "phase": "descent"}, "geometry": {"type": "Point", "coordinates": [100.807007, 14.026686, 1753.4]}}, {"type": "Feature", "properties": {"flight_key": "SIA101_VTCL_VTBS_2025-12-23 02:07", "callsign": "SIA101", "aircraft_type": "A320", "adep": "VTCL", "ades": "VTBS", "epoch_ts": "2025-12-23 02:55:48+00:00", "altitude_ft": 5365.9, "tas_kt": 194.6, "gs_kt": 194.6, "track_deg": 117.7330754194867, "phase": "descent"}, "geometry": {"type": "Point", "coordinates": [100.831308, 14.019443, 1635.5]}}, {"type": "Feature", "properties": {"flight_key": "SIA101_VTCL_VTBS_2025-12-23 02:07", "callsign": "SIA101", "aircraft_type": "A320", "adep": "VTCL", "ades": "VTBS", "epoch_ts": "2025-12-23 02:56:08+00:00", "altitude_ft": 5003.2, "tas_kt": 193.6, "gs_kt": 193.6, "track_deg": 182.06847273563855, "phase": "descent"}, "geometry": {"type": "Point", "coordinates": [100.84181, 13.999848, 1525.0]}}, {"type": "Feature", "properties": {"flight_key": "SIA101_VTCL_VTBS_2025-12-23 02:07", "callsign": "SIA101", "aircraft_type": "A320", "adep": "VTCL", "ades": "VTBS", "epoch_ts": "2025-12-23 02:56:32+00:00", "altitude_ft": 4583.6, "tas_kt": 192.4, "gs_kt": 192.4, "track_deg": 194.43208320504482, "phase": "descent"}, "geometry": {"type": "Point", "coordinates": [100.835239, 13.973673, 1397.1]}}, {"type": "Feature", "properties": {"flight_key": "SIA101_VTCL_VTBS_2025-12-23 02:07", "callsign": "SIA101", "aircraft_type": "A320", "adep": "VTCL", "ades": "VTBS", "epoch_ts": "2025-12-23 02:56:52+00:00", "altitude_ft": 4227.9, "tas_kt": 191.4, "gs_kt": 191.4, "track_deg": 194.43208320504482, "phase": "descent"}, "geometry": {"type": "Point", "coordinates": [100.829404, 13.95153, 1288.7]}}, {"type": "Feature", "properties": {"flight_key": "SIA101_VTCL_VTBS_2025-12-23 02:07", "callsign": "SIA101", "aircraft_type": "A320", "adep": "VTCL", "ades": "VTBS", "epoch_ts": "2025-12-23 02:57:12+00:00", "altitude_ft": 3873.9, "tas_kt": 190.4, "gs_kt": 190.4, "track_deg": 194.43085355493082, "phase": "descent"}, "geometry": {"type": "Point", "coordinates": [100.823601, 13.929499, 1180.8]}}, {"type": "Feature", "properties": {"flight_key": "SIA101_VTCL_VTBS_2025-12-23 02:07", "callsign": "SIA101", "aircraft_type": "A320", "adep": "VTCL", "ades": "VTBS", "epoch_ts": "2025-12-23 02:57:32+00:00", "altitude_ft": 3521.8, "tas_kt": 189.4, "gs_kt": 189.4, "track_deg": 194.43085355493082, "phase": "descent"}, "geometry": {"type": "Point", "coordinates": [100.817827, 13.90758, 1073.4]}}, {"type": "Feature", "properties": {"flight_key": "SIA101_VTCL_VTBS_2025-12-23 02:07", "callsign": "SIA101", "aircraft_type": "A320", "adep": "VTCL", "ades": "VTBS", "epoch_ts": "2025-12-23 02:57:52+00:00", "altitude_ft": 3171.4, "tas_kt": 188.4, "gs_kt": 188.4, "track_deg": 194.43085355493082, "phase": "descent"}, "geometry": {"type": "Point", "coordinates": [100.812083, 13.885772, 966.6]}}, {"type": "Feature", "properties": {"flight_key": "SIA101_VTCL_VTBS_2025-12-23 02:07", "callsign": "SIA101", "aircraft_type": "A320", "adep": "VTCL", "ades": "VTBS", "epoch_ts": "2025-12-23 02:58:12+00:00", "altitude_ft": 2822.8, "tas_kt": 187.5, "gs_kt": 187.5, "track_deg": 194.43085355493082, "phase": "descent"}, "geometry": {"type": "Point", "coordinates": [100.806369, 13.864072, 860.4]}}, {"type": "Feature", "properties": {"flight_key": "SIA101_VTCL_VTBS_2025-12-23 02:07", "callsign": "SIA101", "aircraft_type": "A320", "adep": "VTCL", "ades": "VTBS", "epoch_ts": "2025-12-23 02:58:32+00:00", "altitude_ft": 2475.9, "tas_kt": 186.5, "gs_kt": 186.5, "track_deg": 194.4228507807794, "phase": "descent"}, "geometry": {"type": "Point", "coordinates": [100.800685, 13.842479, 754.7]}}, {"type": "Feature", "properties": {"flight_key": "SIA101_VTCL_VTBS_2025-12-23 02:07", "callsign": "SIA101", "aircraft_type": "A320", "adep": "VTCL", "ades": "VTBS", "epoch_ts": "2025-12-23 02:58:52+00:00", "altitude_ft": 2130.8, "tas_kt": 185.6, "gs_kt": 185.6, "track_deg": 194.4228507807794, "phase": "descent"}, "geometry": {"type": "Point", "coordinates": [100.795031, 13.820992, 649.5]}}, {"type": "Feature", "properties": {"flight_key": "SIA101_VTCL_VTBS_2025-12-23 02:07", "callsign": "SIA101", "aircraft_type": "A320", "adep": "VTCL", "ades": "VTBS", "epoch_ts": "2025-12-23 02:59:12+00:00", "altitude_ft": 1787.3, "tas_kt": 184.7, "gs_kt": 184.7, "track_deg": 194.4228507807794, "phase": "descent"}, "geometry": {"type": "Point", "coordinates": [100.789405, 13.79961, 544.8]}}, {"type": "Feature", "properties": {"flight_key": "SIA101_VTCL_VTBS_2025-12-23 02:07", "callsign": "SIA101", "aircraft_type": "A320", "adep": "VTCL", "ades": "VTBS", "epoch_ts": "2025-12-23 02:59:32+00:00", "altitude_ft": 1445.4, "tas_kt": 183.8, "gs_kt": 183.8, "track_deg": 194.4228507807794, "phase": "descent"}, "geometry": {"type": "Point", "coordinates": [100.783807, 13.778332, 440.6]}}, {"type": "Feature", "properties": {"flight_key": "SIA101_VTCL_VTBS_2025-12-23 02:07", "callsign": "SIA101", "aircraft_type": "A320", "adep": "VTCL", "ades": "VTBS", "epoch_ts": "2025-12-23 02:59:52+00:00", "altitude_ft": 1096.7, "tas_kt": 182.9, "gs_kt": 182.9, "track_deg": 194.41674227824248, "phase": "descent"}, "geometry": {"type": "Point", "coordinates": [100.778238, 13.757155, 334.3]}}, {"type": "Feature", "properties": {"flight_key": "SIA101_VTCL_VTBS_2025-12-23 02:07", "callsign": "SIA101", "aircraft_type": "A320", "adep": "VTCL", "ades": "VTBS", "epoch_ts": "2025-12-23 03:00:12+00:00", "altitude_ft": 744.7, "tas_kt": 182.0, "gs_kt": 182.0, "track_deg": 194.41674227824248, "phase": "descent"}, "geometry": {"type": "Point", "coordinates": [100.772696, 13.73608, 227.0]}}, {"type": "Feature", "properties": {"flight_key": "SIA101_VTCL_VTBS_2025-12-23 02:07", "callsign": "SIA101", "aircraft_type": "A320", "adep": "VTCL", "ades": "VTBS", "epoch_ts": "2025-12-23 03:00:32+00:00", "altitude_ft": 394.4, "tas_kt": 181.1, "gs_kt": 181.1, "track_deg": 194.41674227824248, "phase": "descent"}, "geometry": {"type": "Point", "coordinates": [100.767181, 13.715104, 120.2]}}, {"type": "Feature", "properties": {"flight_key": "SIA101_VTCL_VTBS_2025-12-23 02:07", "callsign": "SIA101", "aircraft_type": "A320", "adep": "VTCL", "ades": "VTBS", "epoch_ts": "2025-12-23 03:00:52+00:00", "altitude_ft": 45.7, "tas_kt": 180.2, "gs_kt": 180.2, "track_deg": 194.41674227824248, "phase": "descent"}, "geometry": {"type": "Point", "coordinates": [100.761694, 13.694227, 13.9]}}, {"type": "Feature", "properties": {"flight_key": "SIA101_VTCL_VTBS_2025-12-23 02:07", "callsign": "SIA101", "aircraft_type": "A320", "adep": "VTCL", "ades": "VTBS", "epoch_ts": "2025-12-23 03:00:54+00:00", "altitude_ft": 3.7, "tas_kt": 180.1, "gs_kt": 180.1, "track_deg": 194.41674227824248, "phase": "descent"}, "geometry": {"type": "Point", "coordinates": [100.761033, 13.691714, 1.1]}}, {"type": "Feature", "properties": {"feature_type": "route", "flight_key": "UAE102_VTCN_VTBS_2025-12-23 02:06", "route": "W29 PSL Y28 BLAFF DCT NORTA", "callsign": "UAE102", "aircraft_type": "B789", "adep": "VTCN", "ades": "VTBS", "rfl": 360, "sid": "OMNI", "star": "NORT1C", "approach": "R19", "dep_rwy": "RW02", "arr_rwy": "RW19", "eobt": "2025-12-23T02:06:59.274110+00:00", "flight_category": "arrival", "vectored": false, "extend_nm": 0.0, "clearance": "DIRECT LETMA, CLEARED R19 APPROACH", "idents": ["RW02", "DER02", "(3000)", "PSL", "PEBLI", "BLAFF", "NORTA", "BS519", "BS518", "MEPIN", "BS515", "BS514", "ATKIN", "LETMA", "LAVOG", "LOTMU", "BS790", "BS791"]}, "geometry": {"type": "LineString", "coordinates": [[100.78033611, 18.80014444], [100.78700833, 18.81696111], [100.83284256191638, 18.93309306588074], [100.291389, 16.770278], [100.293333, 16.268333], [100.2975, 15.275833], [100.639017, 14.718789], [100.68273889, 14.57681389], [100.72268889, 14.44695833], [100.67111111, 14.25138889], [100.60333611, 13.99375556], [100.71924722, 13.96344722], [100.74071944, 14.04447222], [100.846425, 14.01610833], [100.82506389, 13.93505278], [100.80371667, 13.85399722], [100.78179167, 13.77066944], [100.76103333, 13.69171389]]}}, {"type": "Feature", "properties": {"flight_key": "UAE102_VTCN_VTBS_2025-12-23 02:06", "callsign": "UAE102", "aircraft_type": "B789", "adep": "VTCN", "ades": "VTBS", "epoch_ts": "2025-12-23 02:06:59+00:00", "altitude_ft": 679.0, "tas_kt": 252.4, "gs_kt": 252.4, "track_deg": 20.69768010963292, "phase": "climb"}, "geometry": {"type": "Point", "coordinates": [100.780336, 18.800144, 207.0]}}, {"type": "Feature", "properties": {"flight_key": "UAE102_VTCN_VTBS_2025-12-23 02:06", "callsign": "UAE102", "aircraft_type": "B789", "adep": "VTCN", "ades": "VTBS", "epoch_ts": "2025-12-23 02:07:19+00:00", "altitude_ft": 1352.5, "tas_kt": 254.8, "gs_kt": 254.8, "track_deg": 20.584000000001193, "phase": "climb"}, "geometry": {"type": "Point", "coordinates": [100.789074, 18.822199, 412.2]}}, {"type": "Feature", "properties": {"flight_key": "UAE102_VTCN_VTBS_2025-12-23 02:06", "callsign": "UAE102", "aircraft_type": "B789", "adep": "VTCN", "ades": "VTBS", "epoch_ts": "2025-12-23 02:07:39+00:00", "altitude_ft": 2007.9, "tas_kt": 257.2, "gs_kt": 257.2, "track_deg": 20.584000000001193, "phase": "climb"}, "geometry": {"type": "Point", "coordinates": [100.797862, 18.844476, 612.0]}}, {"type": "Feature", "properties": {"flight_key": "UAE102_VTCN_VTBS_2025-12-23 02:06", "callsign": "UAE102", "aircraft_type": "B789", "adep": "VTCN", "ades": "VTBS", "epoch_ts": "2025-12-23 02:07:59+00:00", "altitude_ft": 2580.1, "tas_kt": 259.3, "gs_kt": 259.3, "track_deg": 20.584000000001193, "phase": "climb"}, "geometry": {"type": "Point", "coordinates": [100.806728, 18.866947, 786.4]}}, {"type": "Feature", "properties": {"flight_key": "UAE102_VTCN_VTBS_2025-12-23 02:06", "callsign": "UAE102", "aircraft_type": "B789", "adep": "VTCN", "ades": "VTBS", "epoch_ts": "2025-12-23 02:08:19+00:00", "altitude_ft": 3149.8, "tas_kt": 261.4, "gs_kt": 261.4, "track_deg": 20.584000000001193, "phase": "climb"}, "geometry": {"type": "Point", "coordinates": [100.815669, 18.8896, 960.1]}}, {"type": "Feature", "properties": {"flight_key": "UAE102_VTCN_VTBS_2025-12-23 02:06", "callsign": "UAE102", "aircraft_type": "B789", "adep": "VTCN", "ades": "VTBS", "epoch_ts": "2025-12-23 02:08:39+00:00", "altitude_ft": 3712.8, "tas_kt": 263.5, "gs_kt": 263.5, "track_deg": 20.584000000001193, "phase": "climb"}, "geometry": {"type": "Point", "coordinates": [100.824685, 18.912435, 1131.7]}}, {"type": "Feature", "properties": {"flight_key": "UAE102_VTCN_VTBS_2025-12-23 02:06", "callsign": "UAE102", "aircraft_type": "B789", "adep": "VTCN", "ades": "VTBS", "epoch_ts": "2025-12-23 02:08:59+00:00", "altitude_ft": 4324.2, "tas_kt": 265.8, "gs_kt": 265.8, "track_deg": 23.07578473961141, "phase": "climb"}, "geometry": {"type": "Point", "coordinates": [100.833884, 18.935419, 1318.0]}}, {"type": "Feature", "properties": {"flight_key": "UAE102_VTCN_VTBS_2025-12-23 02:06", "callsign": "UAE102", "aircraft_type": "B789", "adep": "VTCN", "ades": "VTBS", "epoch_ts": "2025-12-23 02:09:19+00:00", "altitude_ft": 4986.0, "tas_kt": 268.3, "gs_kt": 268.3, "track_deg": 63.034847358225065, "phase": "climb"}, "geometry": {"type": "Point", "coordinates": [100.851849, 18.952716, 1519.7]}}, {"type": "Feature", "properties": {"flight_key": "UAE102_VTCN_VTBS_2025-12-23 02:06", "callsign": "UAE102", "aircraft_type": "B789", "adep": "VTCN", "ades": "VTBS", "epoch_ts": "2025-12-23 02:09:39+00:00", "altitude_ft": 5647.9, "tas_kt": 270.9, "gs_kt": 270.9, "track_deg": 103.00237791876424, "phase": "climb"}, "geometry": {"type": "Point", "coordinates": [100.877541, 18.95492, 1721.5]}}, {"type": "Feature", "properties": {"flight_key": "UAE102_VTCN_VTBS_2025-12-23 02:06", "callsign": "UAE102", "aircraft_type": "B789", "adep": "VTCN", "ades": "VTBS", "epoch_ts": "2025-12-23 02:10:01+00:00", "altitude_ft": 6423.6, "tas_kt": 274.0, "gs_kt": 274.0, "track_deg": 147.96442794189906, "phase": "climb"}, "geometry": {"type": "Point", "coordinates": [100.900347, 18.938122, 1957.9]}}, {"type": "Feature", "properties": {"flight_key": "UAE102_VTCN_VTBS_2025-12-23 02:06", "callsign": "UAE102", "aircraft_type": "B789", "adep": "VTCN", "ades": "VTBS", "epoch_ts": "2025-12-23 02:10:23+00:00", "altitude_ft": 7218.4, "tas_kt": 277.2, "gs_kt": 277.2, "track_deg": 192.92062909874898, "phase": "climb"}, "geometry": {"type": "Point", "coordinates": [100.90386, 18.911132, 2200.2]}}, {"type": "Feature", "properties": {"flight_key": "UAE102_VTCN_VTBS_2025-12-23 02:06", "callsign": "UAE102", "aircraft_type": "B789", "adep": "VTCN", "ades": "VTBS", "epoch_ts": "2025-12-23 02:10:44+00:00", "altitude_ft": 7983.6, "tas_kt": 280.3, "gs_kt": 280.3, "track_deg": 195.41594641970914, "phase": "climb"}, "geometry": {"type": "Point", "coordinates": [100.896274, 18.884946, 2433.4]}}, {"type": "Feature", "properties": {"flight_key": "UAE102_VTCN_VTBS_2025-12-23 02:06", "callsign": "UAE102", "aircraft_type": "B789", "adep": "VTCN", "ades": "VTBS", "epoch_ts": "2025-12-23 02:11:04+00:00", "altitude_ft": 8620.6, "tas_kt": 282.9, "gs_kt": 282.9, "track_deg": 195.41594641970914, "phase": "climb"}, "geometry": {"type": "Point", "coordinates": [100.888967, 18.859712, 2627.6]}}, {"type": "Feature", "properties": {"flight_key": "UAE102_VTCN_VTBS_2025-12-23 02:06", "callsign": "UAE102", "aircraft_type": "B789", "adep": "VTCN", "ades": "VTBS", "epoch_ts": "2025-12-23 02:11:24+00:00", "altitude_ft": 9255.4, "tas_kt": 285.5, "gs_kt": 285.5, "track_deg": 195.41594641970914, "phase": "climb"}, "geometry": {"type": "Point", "coordinates": [100.881593, 18.834241, 2821.0]}}, {"type": "Feature", "properties": {"flight_key": "UAE102_VTCN_VTBS_2025-12-23 02:06", "callsign": "UAE102", "aircraft_type": "B789", "adep": "VTCN", "ades": "VTBS", "epoch_ts": "2025-12-23 02:11:44+00:00", "altitude_ft": 9890.3, "tas_kt": 288.2, "gs_kt": 288.2, "track_deg": 195.41594641970914, "phase": "climb"}, "geometry": {"type": "Point", "coordinates": [100.874152, 18.808531, 3014.6]}}, {"type": "Feature", "properties": {"flight_key": "UAE102_VTCN_VTBS_2025-12-23 02:06", "callsign": "UAE102", "aircraft_type": "B789", "adep": "VTCN", "ades": "VTBS", "epoch_ts": "2025-12-23 02:12:04+00:00", "altitude_ft": 10414.8, "tas_kt": 358.8, "gs_kt": 358.8, "track_deg": 195.41594641970914, "phase": "climb"}, "geometry": {"type": "Point", "coordinates": [100.865229, 18.77769, 3174.4]}}, {"type": "Feature", "properties": {"flight_key": "UAE102_VTCN_VTBS_2025-12-23 02:06", "callsign": "UAE102", "aircraft_type": "B789", "adep": "VTCN", "ades": "VTBS", "epoch_ts": "2025-12-23 02:12:24+00:00", "altitude_ft": 10916.3, "tas_kt": 361.4, "gs_kt": 361.4, "track_deg": 195.41594641970914, "phase": "climb"}, "geometry": {"type": "Point", "coordinates": [100.855897, 18.74542, 3327.3]}}, {"type": "Feature", "properties": {"flight_key": "UAE102_VTCN_VTBS_2025-12-23 02:06", "callsign": "UAE102", "aircraft_type": "B789", "adep": "VTCN", "ades": "VTBS", "epoch_ts": "2025-12-23 02:12:44+00:00", "altitude_ft": 11417.8, "tas_kt": 364.0, "gs_kt": 364.0, "track_deg": 195.41594641970914, "phase": "climb"}, "geometry": {"type": "Point", "coordinates": [100.846501, 18.712917, 3480.1]}}, {"type": "Feature", "properties": {"flight_key": "UAE102_VTCN_VTBS_2025-12-23 02:06", "callsign": "UAE102", "aircraft_type": "B789", "adep": "VTCN", "ades": "VTBS", "epoch_ts": "2025-12-23 02:13:04+00:00", "altitude_ft": 11919.3, "tas_kt": 366.6, "gs_kt": 366.6, "track_deg": 195.41594641970914, "phase": "climb"}, "geometry": {"type": "Point", "coordinates": [100.837041, 18.680177, 3633.0]}}, {"type": "Feature", "properties": {"flight_key": "UAE102_VTCN_VTBS_2025-12-23 02:06", "callsign": "UAE102", "aircraft_type": "B789", "adep": "VTCN", "ades": "VTBS", "epoch_ts": "2025-12-23 02:13:24+00:00", "altitude_ft": 12443.2, "tas_kt": 369.4, "gs_kt": 369.4, "track_deg": 195.41594641970914, "phase": "climb"}, "geometry": {"type": "Point", "coordinates": [100.827514, 18.647194, 3792.7]}}, {"type": "Feature", "properties": {"flight_key": "UAE102_VTCN_VTBS_2025-12-23 02:06", "callsign": "UAE102", "aircraft_type": "B789", "adep": "VTCN", "ades": "VTBS", "epoch_ts": "2025-12-23 02:13:44+00:00", "altitude_ft": 12971.4, "tas_kt": 372.3, "gs_kt": 372.3, "track_deg": 195.41594641970914, "phase": "climb"}, "geometry": {"type": "Point", "coordinates": [100.817917, 18.613957, 3953.7]}}, {"type": "Feature", "properties": {"flight_key": "UAE102_VTCN_VTBS_2025-12-23 02:06", "callsign": "UAE102", "aircraft_type": "B789", "adep": "VTCN", "ades": "VTBS", "epoch_ts": "2025-12-23 02:14:04+00:00", "altitude_ft": 13499.5, "tas_kt": 375.1, "gs_kt": 375.1, "track_deg": 195.41594641970914, "phase": "climb"}, "geometry": {"type": "Point", "coordinates": [100.808251, 18.580465, 4114.6]}}, {"type": "Feature", "properties": {"flight_key": "UAE102_VTCN_VTBS_2025-12-23 02:06", "callsign": "UAE102", "aircraft_type": "B789", "adep": "VTCN", "ades": "VTBS", "epoch_ts": "2025-12-23 02:14:24+00:00", "altitude_ft": 14029.4, "tas_kt": 378.0, "gs_kt": 378.0, "track_deg": 195.41594641970914, "phase": "climb"}, "geometry": {"type": "Point", "coordinates": [100.798514, 18.546713, 4276.2]}}, {"type": "Feature", "properties": {"flight_key": "UAE102_VTCN_VTBS_2025-12-23 02:06", "callsign": "UAE102", "aircraft_type": "B789", "adep": "VTCN", "ades": "VTBS", "epoch_ts": "2025-12-23 02:14:44+00:00", "altitude_ft": 14590.8, "tas_kt": 381.1, "gs_kt": 381.1, "track_deg": 195.41594641970914, "phase": "climb"}, "geometry": {"type": "Point", "coordinates": [100.788703, 18.512691, 4447.3]}}, {"type": "Feature", "properties": {"flight_key": "UAE102_VTCN_VTBS_2025-12-23 02:06", "callsign": "UAE102", "aircraft_type": "B789", "adep": "VTCN", "ades": "VTBS", "epoch_ts": "2025-12-23 02:15:04+00:00", "altitude_ft": 15152.1, "tas_kt": 384.3, "gs_kt": 384.3, "track_deg": 195.41594641970914, "phase": "climb"}, "geometry": {"type": "Point", "coordinates": [100.778815, 18.478389, 4618.4]}}, {"type": "Feature", "properties": {"flight_key": "UAE102_VTCN_VTBS_2025-12-23 02:06", "callsign": "UAE102", "aircraft_type": "B789", "adep": "VTCN", "ades": "VTBS", "epoch_ts": "2025-12-23 02:15:24+00:00", "altitude_ft": 15713.4, "tas_kt": 387.4, "gs_kt": 387.4, "track_deg": 195.41594641970914, "phase": "climb"}, "geometry": {"type": "Point", "coordinates": [100.76885, 18.443803, 4789.4]}}, {"type": "Feature", "properties": {"flight_key": "UAE102_VTCN_VTBS_2025-12-23 02:06", "callsign": "UAE102", "aircraft_type": "B789", "adep": "VTCN", "ades": "VTBS", "epoch_ts": "2025-12-23 02:15:44+00:00", "altitude_ft": 16253.2, "tas_kt": 390.5, "gs_kt": 390.5, "track_deg": 195.41594641970914, "phase": "climb"}, "geometry": {"type": "Point", "coordinates": [100.758807, 18.408934, 4954.0]}}, {"type": "Feature", "properties": {"flight_key": "UAE102_VTCN_VTBS_2025-12-23 02:06", "callsign": "UAE102", "aircraft_type": "B789", "adep": "VTCN", "ades": "VTBS", "epoch_ts": "2025-12-23 02:16:04+00:00", "altitude_ft": 16770.6, "tas_kt": 393.5, "gs_kt": 393.5, "track_deg": 195.41594641970914, "phase": "climb"}, "geometry": {"type": "Point", "coordinates": [100.748691, 18.373795, 5111.7]}}, {"type": "Feature", "properties": {"flight_key": "UAE102_VTCN_VTBS_2025-12-23 02:06", "callsign": "UAE102", "aircraft_type": "B789", "adep": "VTCN", "ades": "VTBS", "epoch_ts": "2025-12-23 02:16:24+00:00", "altitude_ft": 17287.9, "tas_kt": 396.5, "gs_kt": 396.5, "track_deg": 195.41594641970914, "phase": "climb"}, "geometry": {"type": "Point", "coordinates": [100.738501, 18.338387, 5269.4]}}, {"type": "Feature", "properties": {"flight_key": "UAE102_VTCN_VTBS_2025-12-23 02:06", "callsign": "UAE102", "aircraft_type": "B789", "adep": "VTCN", "ades": "VTBS", "epoch_ts": "2025-12-23 02:16:44+00:00", "altitude_ft": 17805.2, "tas_kt": 399.6, "gs_kt": 399.6, "track_deg": 195.41594641970914, "phase": "climb"}, "geometry": {"type": "Point", "coordinates": [100.728238, 18.302707, 5427.0]}}, {"type": "Feature", "properties": {"flight_key": "UAE102_VTCN_VTBS_2025-12-23 02:06", "callsign": "UAE102", "aircraft_type": "B789", "adep": "VTCN", "ades": "VTBS", "epoch_ts": "2025-12-23 02:17:04+00:00", "altitude_ft": 18297.5, "tas_kt": 402.5, "gs_kt": 402.5, "track_deg": 195.41594641970914, "phase": "climb"}, "geometry": {"type": "Point", "coordinates": [100.717902, 18.266757, 5577.1]}}, {"type": "Feature", "properties": {"flight_key": "UAE102_VTCN_VTBS_2025-12-23 02:06", "callsign": "UAE102", "aircraft_type": "B789", "adep": "VTCN", "ades": "VTBS", "epoch_ts": "2025-12-23 02:17:24+00:00", "altitude_ft": 18774.7, "tas_kt": 405.3, "gs_kt": 405.3, "track_deg": 195.41594641970914, "phase": "climb"}, "geometry": {"type": "Point", "coordinates": [100.707496, 18.230549, 5722.5]}}, {"type": "Feature", "properties": {"flight_key": "UAE102_VTCN_VTBS_2025-12-23 02:06", "callsign": "UAE102", "aircraft_type": "B789", "adep": "VTCN", "ades": "VTBS", "epoch_ts": "2025-12-23 02:17:44+00:00", "altitude_ft": 19251.9, "tas_kt": 408.2, "gs_kt": 408.2, "track_deg": 195.41594641970914, "phase": "climb"}, "geometry": {"type": "Point", "coordinates": [100.697021, 18.194085, 5868.0]}}, {"type": "Feature", "properties": {"flight_key": "UAE102_VTCN_VTBS_2025-12-23 02:06", "callsign": "UAE102", "aircraft_type": "B789", "adep": "VTCN", "ades": "VTBS", "epoch_ts": "2025-12-23 02:18:04+00:00", "altitude_ft": 19729.0, "tas_kt": 411.1, "gs_kt": 411.1, "track_deg": 195.41594641970914, "phase": "climb"}, "geometry": {"type": "Point", "coordinates": [100.686475, 18.15736, 6013.4]}}, {"type": "Feature", "properties": {"flight_key": "UAE102_VTCN_VTBS_2025-12-23 02:06", "callsign": "UAE102", "aircraft_type": "B789", "adep": "VTCN", "ades": "VTBS", "epoch_ts": "2025-12-23 02:18:24+00:00", "altitude_ft": 20188.8, "tas_kt": 413.9, "gs_kt": 413.9, "track_deg": 195.41594641970914, "phase": "climb"}, "geometry": {"type": "Point", "coordinates": [100.67586, 18.120375, 6153.5]}}, {"type": "Feature", "properties": {"flight_key": "UAE102_VTCN_VTBS_2025-12-23 02:06", "callsign": "UAE102", "aircraft_type": "B789", "adep": "VTCN", "ades": "VTBS", "epoch_ts": "2025-12-23 02:18:44+00:00", "altitude_ft": 20625.8, "tas_kt": 416.6, "gs_kt": 416.6, "track_deg": 195.41594641970914, "phase": "climb"}, "geometry": {"type": "Point", "coordinates": [100.665178, 18.083144, 6286.7]}}, {"type": "Feature", "properties": {"flight_key": "UAE102_VTCN_VTBS_2025-12-23 02:06", "callsign": "UAE102", "aircraft_type": "B789", "adep": "VTCN", "ades": "VTBS", "epoch_ts": "2025-12-23 02:19:04+00:00", "altitude_ft": 21062.8, "tas_kt": 419.4, "gs_kt": 419.4, "track_deg": 195.41594641970914, "phase": "climb"}, "geometry": {"type": "Point", "coordinates": [100.654432, 18.045669, 6419.9]}}, {"type": "Feature", "properties": {"flight_key": "UAE102_VTCN_VTBS_2025-12-23 02:06", "callsign": "UAE102", "aircraft_type": "B789", "adep": "VTCN", "ades": "VTBS", "epoch_ts": "2025-12-23 02:19:24+00:00", "altitude_ft": 21499.8, "tas_kt": 422.1, "gs_kt": 422.1, "track_deg": 195.41594641970914, "phase": "climb"}, "geometry": {"type": "Point", "coordinates": [100.643619, 18.007948, 6553.1]}}, {"type": "Feature", "properties": {"flight_key": "UAE102_VTCN_VTBS_2025-12-23 02:06", "callsign": "UAE102", "aircraft_type": "B789", "adep": "VTCN", "ades": "VTBS", "epoch_ts": "2025-12-23 02:19:44+00:00", "altitude_ft": 21936.8, "tas_kt": 424.9, "gs_kt": 424.9, "track_deg": 195.41594641970914, "phase": "climb"}, "geometry": {"type": "Point", "coordinates": [100.632741, 17.969979, 6686.3]}}, {"type": "Feature", "properties": {"flight_key": "UAE102_VTCN_VTBS_2025-12-23 02:06", "callsign": "UAE102", "aircraft_type": "B789", "adep": "VTCN", "ades": "VTBS", "epoch_ts": "2025-12-23 02:20:04+00:00", "altitude_ft": 22336.2, "tas_kt": 427.4, "gs_kt": 427.4, "track_deg": 195.41594641970914, "phase": "climb"}, "geometry": {"type": "Point", "coordinates": [100.621798, 17.931768, 6808.1]}}, {"type": "Feature", "properties": {"flight_key": "UAE102_VTCN_VTBS_2025-12-23 02:06", "callsign": "UAE102", "aircraft_type": "B789", "adep": "VTCN", "ades": "VTBS", "epoch_ts": "2025-12-23 02:20:24+00:00", "altitude_ft": 22729.2, "tas_kt": 430.0, "gs_kt": 430.0, "track_deg": 195.41594641970914, "phase": "climb"}, "geometry": {"type": "Point", "coordinates": [100.610795, 17.893331, 6927.9]}}, {"type": "Feature", "properties": {"flight_key": "UAE102_VTCN_VTBS_2025-12-23 02:06", "callsign": "UAE102", "aircraft_type": "B789", "adep": "VTCN", "ades": "VTBS", "epoch_ts": "2025-12-23 02:20:44+00:00", "altitude_ft": 23122.2, "tas_kt": 432.5, "gs_kt": 432.5, "track_deg": 195.41594641970914, "phase": "climb"}, "geometry": {"type": "Point", "coordinates": [100.599732, 17.854666, 7047.6]}}, {"type": "Feature", "properties": {"flight_key": "UAE102_VTCN_VTBS_2025-12-23 02:06", "callsign": "UAE102", "aircraft_type": "B789", "adep": "VTCN", "ades": "VTBS", "epoch_ts": "2025-12-23 02:21:04+00:00", "altitude_ft": 23515.2, "tas_kt": 435.1, "gs_kt": 435.1, "track_deg": 195.41594641970914, "phase": "climb"}, "geometry": {"type": "Point", "coordinates": [100.588609, 17.815771, 7167.4]}}, {"type": "Feature", "properties": {"flight_key": "UAE102_VTCN_VTBS_2025-12-23 02:06", "callsign": "UAE102", "aircraft_type": "B789", "adep": "VTCN", "ades": "VTBS", "epoch_ts": "2025-12-23 02:21:24+00:00", "altitude_ft": 23908.2, "tas_kt": 437.7, "gs_kt": 437.7, "track_deg": 195.41594641970914, "phase": "climb"}, "geometry": {"type": "Point", "coordinates": [100.577424, 17.776645, 7287.2]}}, {"type": "Feature", "properties": {"flight_key": "UAE102_VTCN_VTBS_2025-12-23 02:06", "callsign": "UAE102", "aircraft_type": "B789", "adep": "VTCN", "ades": "VTBS", "epoch_ts": "2025-12-23 02:21:44+00:00", "altitude_ft": 24269.9, "tas_kt": 440.0, "gs_kt": 440.0, "track_deg": 195.41594641970914, "phase": "climb"}, "geometry": {"type": "Point", "coordinates": [100.566179, 17.737292, 7397.5]}}, {"type": "Feature", "properties": {"flight_key": "UAE102_VTCN_VTBS_2025-12-23 02:06", "callsign": "UAE102", "aircraft_type": "B789", "adep": "VTCN", "ades": "VTBS", "epoch_ts": "2025-12-23 02:22:04+00:00", "altitude_ft": 24622.1, "tas_kt": 442.4, "gs_kt": 442.4, "track_deg": 195.41594641970914, "phase": "climb"}, "geometry": {"type": "Point", "coordinates": [100.55488, 17.697728, 7504.8]}}, {"type": "Feature", "properties": {"flight_key": "UAE102_VTCN_VTBS_2025-12-23 02:06", "callsign": "UAE102", "aircraft_type": "B789", "adep": "VTCN", "ades": "VTBS", "epoch_ts": "2025-12-23 02:22:24+00:00", "altitude_ft": 24974.2, "tas_kt": 444.7, "gs_kt": 444.7, "track_deg": 195.41594641970914, "phase": "climb"}, "geometry": {"type": "Point", "coordinates": [100.543525, 17.657953, 7612.1]}}, {"type": "Feature", "properties": {"flight_key": "UAE102_VTCN_VTBS_2025-12-23 02:06", "callsign": "UAE102", "aircraft_type": "B789", "adep": "VTCN", "ades": "VTBS", "epoch_ts": "2025-12-23 02:22:44+00:00", "altitude_ft": 25326.4, "tas_kt": 447.1, "gs_kt": 447.1, "track_deg": 195.41594641970914, "phase": "climb"}, "geometry": {"type": "Point", "coordinates": [100.532115, 17.617965, 7719.5]}}, {"type": "Feature", "properties": {"flight_key": "UAE102_VTCN_VTBS_2025-12-23 02:06", "callsign": "UAE102", "aircraft_type": "B789", "adep": "VTCN", "ades": "VTBS", "epoch_ts": "2025-12-23 02:23:04+00:00", "altitude_ft": 25678.6, "tas_kt": 449.5, "gs_kt": 449.5, "track_deg": 195.41594641970914, "phase": "climb"}, "geometry": {"type": "Point", "coordinates": [100.520649, 17.577762, 7826.8]}}, {"type": "Feature", "properties": {"flight_key": "UAE102_VTCN_VTBS_2025-12-23 02:06", "callsign": "UAE102", "aircraft_type": "B789", "adep": "VTCN", "ades": "VTBS", "epoch_ts": "2025-12-23 02:23:24+00:00", "altitude_ft": 26028.3, "tas_kt": 451.9, "gs_kt": 451.9, "track_deg": 195.41594641970914, "phase": "climb"}, "geometry": {"type": "Point", "coordinates": [100.509126, 17.537343, 7933.4]}}, {"type": "Feature", "properties": {"flight_key": "UAE102_VTCN_VTBS_2025-12-23 02:06", "callsign": "UAE102", "aircraft_type": "B789", "adep": "VTCN", "ades": "VTBS", "epoch_ts": "2025-12-23 02:23:44+00:00", "altitude_ft": 26352.6, "tas_kt": 454.1, "gs_kt": 454.1, "track_deg": 195.41594641970914, "phase": "climb"}, "geometry": {"type": "Point", "coordinates": [100.49755, 17.496718, 8032.3]}}, {"type": "Feature", "properties": {"flight_key": "UAE102_VTCN_VTBS_2025-12-23 02:06", "callsign": "UAE102", "aircraft_type": "B789", "adep": "VTCN", "ades": "VTBS", "epoch_ts": "2025-12-23 02:24:04+00:00", "altitude_ft": 26677.0, "tas_kt": 456.4, "gs_kt": 456.4, "track_deg": 195.41594641970914, "phase": "climb"}, "geometry": {"type": "Point", "coordinates": [100.485922, 17.455891, 8131.1]}}, {"type": "Feature", "properties": {"flight_key": "UAE102_VTCN_VTBS_2025-12-23 02:06", "callsign": "UAE102", "aircraft_type": "B789", "adep": "VTCN", "ades": "VTBS", "epoch_ts": "2025-12-23 02:24:24+00:00", "altitude_ft": 27001.3, "tas_kt": 458.6, "gs_kt": 458.6, "track_deg": 195.41594641970914, "phase": "climb"}, "geometry": {"type": "Point", "coordinates": [100.474242, 17.414862, 8230.0]}}, {"type": "Feature", "properties": {"flight_key": "UAE102_VTCN_VTBS_2025-12-23 02:06", "callsign": "UAE102", "aircraft_type": "B789", "adep": "VTCN", "ades": "VTBS", "epoch_ts": "2025-12-23 02:24:44+00:00", "altitude_ft": 27325.6, "tas_kt": 460.9, "gs_kt": 460.9, "track_deg": 195.41594641970914, "phase": "climb"}, "geometry": {"type": "Point", "coordinates": [100.46251, 17.373629, 8328.8]}}, {"type": "Feature", "properties": {"flight_key": "UAE102_VTCN_VTBS_2025-12-23 02:06", "callsign": "UAE102", "aircraft_type": "B789", "adep": "VTCN", "ades": "VTBS", "epoch_ts": "2025-12-23 02:25:04+00:00", "altitude_ft": 27650.0, "tas_kt": 463.2, "gs_kt": 463.2, "track_deg": 195.41594641970914, "phase": "climb"}, "geometry": {"type": "Point", "coordinates": [100.450725, 17.332192, 8427.7]}}, {"type": "Feature", "properties": {"flight_key": "UAE102_VTCN_VTBS_2025-12-23 02:06", "callsign": "UAE102", "aircraft_type": "B789", "adep": "VTCN", "ades": "VTBS", "epoch_ts": "2025-12-23 02:25:24+00:00", "altitude_ft": 27974.3, "tas_kt": 465.5, "gs_kt": 465.5, "track_deg": 195.41594641970914, "phase": "climb"}, "geometry": {"type": "Point", "coordinates": [100.438886, 17.290549, 8526.6]}}, {"type": "Feature", "properties": {"flight_key": "UAE102_VTCN_VTBS_2025-12-23 02:06", "callsign": "UAE102", "aircraft_type": "B789", "adep": "VTCN", "ades": "VTBS", "epoch_ts": "2025-12-23 02:25:44+00:00", "altitude_ft": 28286.8, "tas_kt": 467.7, "gs_kt": 467.7, "track_deg": 195.41594641970914, "phase": "climb"}, "geometry": {"type": "Point", "coordinates": [100.426996, 17.248702, 8621.8]}}, {"type": "Feature", "properties": {"flight_key": "UAE102_VTCN_VTBS_2025-12-23 02:06", "callsign": "UAE102", "aircraft_type": "B789", "adep": "VTCN", "ades": "VTBS", "epoch_ts": "2025-12-23 02:26:04+00:00", "altitude_ft": 28598.3, "tas_kt": 469.9, "gs_kt": 469.9, "track_deg": 195.41594641970914, "phase": "climb"}, "geometry": {"type": "Point", "coordinates": [100.415054, 17.206656, 8716.8]}}, {"type": "Feature", "properties": {"flight_key": "UAE102_VTCN_VTBS_2025-12-23 02:06", "callsign": "UAE102", "aircraft_type": "B789", "adep": "VTCN", "ades": "VTBS", "epoch_ts": "2025-12-23 02:26:24+00:00", "altitude_ft": 28909.8, "tas_kt": 472.1, "gs_kt": 472.1, "track_deg": 195.41594641970914, "phase": "climb"}, "geometry": {"type": "Point", "coordinates": [100.403061, 17.164408, 8811.7]}}, {"type": "Feature", "properties": {"flight_key": "UAE102_VTCN_VTBS_2025-12-23 02:06", "callsign": "UAE102", "aircraft_type": "B789", "adep": "VTCN", "ades": "VTBS", "epoch_ts": "2025-12-23 02:26:44+00:00", "altitude_ft": 29221.3, "tas_kt": 474.4, "gs_kt": 474.4, "track_deg": 195.41594641970914, "phase": "climb"}, "geometry": {"type": "Point", "coordinates": [100.391017, 17.121958, 8906.7]}}, {"type": "Feature", "properties": {"flight_key": "UAE102_VTCN_VTBS_2025-12-23 02:06", "callsign": "UAE102", "aircraft_type": "B789", "adep": "VTCN", "ades": "VTBS", "epoch_ts": "2025-12-23 02:27:04+00:00", "altitude_ft": 29532.8, "tas_kt": 476.7, "gs_kt": 476.7, "track_deg": 195.41594641970914, "phase": "climb"}, "geometry": {"type": "Point", "coordinates": [100.378626, 17.078268, 9001.6]}}, {"type": "Feature", "properties": {"flight_key": "UAE102_VTCN_VTBS_2025-12-23 02:06", "callsign": "UAE102", "aircraft_type": "B789", "adep": "VTCN", "ades": "VTBS", "epoch_ts": "2025-12-23 02:27:24+00:00", "altitude_ft": 29844.3, "tas_kt": 478.9, "gs_kt": 478.9, "track_deg": 195.41594641970914, "phase": "climb"}, "geometry": {"type": "Point", "coordinates": [100.366091, 17.034049, 9096.5]}}, {"type": "Feature", "properties": {"flight_key": "UAE102_VTCN_VTBS_2025-12-23 02:06", "callsign": "UAE102", "aircraft_type": "B789", "adep": "VTCN", "ades": "VTBS", "epoch_ts": "2025-12-23 02:27:44+00:00", "altitude_ft": 30159.7, "tas_kt": 494.7, "gs_kt": 494.7, "track_deg": 195.41594641970914, "phase": "climb"}, "geometry": {"type": "Point", "coordinates": [100.35331, 16.988938, 9192.7]}}, {"type": "Feature", "properties": {"flight_key": "UAE102_VTCN_VTBS_2025-12-23 02:06", "callsign": "UAE102", "aircraft_type": "B789", "adep": "VTCN", "ades": "VTBS", "epoch_ts": "2025-12-23 02:28:04+00:00", "altitude_ft": 30479.1, "tas_kt": 494.0, "gs_kt": 494.0, "track_deg": 195.41594641970914, "phase": "climb"}, "geometry": {"type": "Point", "coordinates": [100.340354, 16.943184, 9290.0]}}, {"type": "Feature", "properties": {"flight_key": "UAE102_VTCN_VTBS_2025-12-23 02:06", "callsign": "UAE102", "aircraft_type": "B789", "adep": "VTCN", "ades": "VTBS", "epoch_ts": "2025-12-23 02:28:24+00:00", "altitude_ft": 30798.4, "tas_kt": 493.3, "gs_kt": 493.3, "track_deg": 195.41594641970914, "phase": "climb"}, "geometry": {"type": "Point", "coordinates": [100.327422, 16.897493, 9387.4]}}, {"type": "Feature", "properties": {"flight_key": "UAE102_VTCN_VTBS_2025-12-23 02:06", "callsign": "UAE102", "aircraft_type": "B789", "adep": "VTCN", "ades": "VTBS", "epoch_ts": "2025-12-23 02:28:44+00:00", "altitude_ft": 31117.7, "tas_kt": 492.6, "gs_kt": 492.6, "track_deg": 195.41594641970914, "phase": "climb"}, "geometry": {"type": "Point", "coordinates": [100.314514, 16.851864, 9484.7]}}, {"type": "Feature", "properties": {"flight_key": "UAE102_VTCN_VTBS_2025-12-23 02:06", "callsign": "UAE102", "aircraft_type": "B789", "adep": "VTCN", "ades": "VTBS", "epoch_ts": "2025-12-23 02:29:04+00:00", "altitude_ft": 31437.1, "tas_kt": 491.9, "gs_kt": 491.9, "track_deg": 195.41594641970914, "phase": "climb"}, "geometry": {"type": "Point", "coordinates": [100.30163, 16.806298, 9582.0]}}, {"type": "Feature", "properties": {"flight_key": "UAE102_VTCN_VTBS_2025-12-23 02:06", "callsign": "UAE102", "aircraft_type": "B789", "adep": "VTCN", "ades": "VTBS", "epoch_ts": "2025-12-23 02:29:24+00:00", "altitude_ft": 31756.4, "tas_kt": 491.3, "gs_kt": 491.3, "track_deg": 181.70248126519562, "phase": "climb"}, "geometry": {"type": "Point", "coordinates": [100.291676, 16.760244, 9679.4]}}, {"type": "Feature", "properties": {"flight_key": "UAE102_VTCN_VTBS_2025-12-23 02:06", "callsign": "UAE102", "aircraft_type": "B789", "adep": "VTCN", "ades": "VTBS", "epoch_ts": "2025-12-23 02:29:44+00:00", "altitude_ft": 32080.9, "tas_kt": 490.5, "gs_kt": 490.5, "track_deg": 179.78577832066327, "phase": "climb"}, "geometry": {"type": "Point", "coordinates": [100.291612, 16.713154, 9778.3]}}, {"type": "Feature", "properties": {"flight_key": "UAE102_VTCN_VTBS_2025-12-23 02:06", "callsign": "UAE102", "aircraft_type": "B789", "adep": "VTCN", "ades": "VTBS", "epoch_ts": "2025-12-23 02:30:04+00:00", "altitude_ft": 32422.1, "tas_kt": 489.8, "gs_kt": 489.8, "track_deg": 179.78577832066327, "phase": "climb"}, "geometry": {"type": "Point", "coordinates": [100.291794, 16.66613, 9882.3]}}, {"type": "Feature", "properties": {"flight_key": "UAE102_VTCN_VTBS_2025-12-23 02:06", "callsign": "UAE102", "aircraft_type": "B789", "adep": "VTCN", "ades": "VTBS", "epoch_ts": "2025-12-23 02:30:24+00:00", "altitude_ft": 32763.2, "tas_kt": 489.1, "gs_kt": 489.1, "track_deg": 179.78577832066327, "phase": "climb"}, "geometry": {"type": "Point", "coordinates": [100.291976, 16.619177, 9986.2]}}, {"type": "Feature", "properties": {"flight_key": "UAE102_VTCN_VTBS_2025-12-23 02:06", "callsign": "UAE102", "aircraft_type": "B789", "adep": "VTCN", "ades": "VTBS", "epoch_ts": "2025-12-23 02:30:44+00:00", "altitude_ft": 33104.4, "tas_kt": 488.3, "gs_kt": 488.3, "track_deg": 179.78577832066327, "phase": "climb"}, "geometry": {"type": "Point", "coordinates": [100.292158, 16.572295, 10090.2]}}, {"type": "Feature", "properties": {"flight_key": "UAE102_VTCN_VTBS_2025-12-23 02:06", "callsign": "UAE102", "aircraft_type": "B789", "adep": "VTCN", "ades": "VTBS", "epoch_ts": "2025-12-23 02:31:04+00:00", "altitude_ft": 33445.6, "tas_kt": 487.6, "gs_kt": 487.6, "track_deg": 179.78577832066327, "phase": "climb"}, "geometry": {"type": "Point", "coordinates": [100.292339, 16.525484, 10194.2]}}, {"type": "Feature", "properties": {"flight_key": "UAE102_VTCN_VTBS_2025-12-23 02:06", "callsign": "UAE102", "aircraft_type": "B789", "adep": "VTCN", "ades": "VTBS", "epoch_ts": "2025-12-23 02:31:24+00:00", "altitude_ft": 33786.7, "tas_kt": 486.8, "gs_kt": 486.8, "track_deg": 179.78577832066327, "phase": "climb"}, "geometry": {"type": "Point", "coordinates": [100.29252, 16.478744, 10298.2]}}, {"type": "Feature", "properties": {"flight_key": "UAE102_VTCN_VTBS_2025-12-23 02:06", "callsign": "UAE102", "aircraft_type": "B789", "adep": "VTCN", "ades": "VTBS", "epoch_ts": "2025-12-23 02:31:44+00:00", "altitude_ft": 34129.0, "tas_kt": 486.1, "gs_kt": 486.1, "track_deg": 179.78577832066327, "phase": "climb"}, "geometry": {"type": "Point", "coordinates": [100.2927, 16.432075, 10402.5]}}, {"type": "Feature", "properties": {"flight_key": "UAE102_VTCN_VTBS_2025-12-23 02:06", "callsign": "UAE102", "aircraft_type": "B789", "adep": "VTCN", "ades": "VTBS", "epoch_ts": "2025-12-23 02:32:04+00:00", "altitude_ft": 34473.2, "tas_kt": 485.3, "gs_kt": 485.3, "track_deg": 179.78577832066327, "phase": "climb"}, "geometry": {"type": "Point", "coordinates": [100.29288, 16.385478, 10507.4]}}, {"type": "Feature", "properties": {"flight_key": "UAE102_VTCN_VTBS_2025-12-23 02:06", "callsign": "UAE102", "aircraft_type": "B789", "adep": "VTCN", "ades": "VTBS", "epoch_ts": "2025-12-23 02:32:24+00:00", "altitude_ft": 34817.4, "tas_kt": 484.6, "gs_kt": 484.6, "track_deg": 179.78577832066327, "phase": "climb"}, "geometry": {"type": "Point", "coordinates": [100.29306, 16.338953, 10612.3]}}, {"type": "Feature", "properties": {"flight_key": "UAE102_VTCN_VTBS_2025-12-23 02:06", "callsign": "UAE102", "aircraft_type": "B789", "adep": "VTCN", "ades": "VTBS", "epoch_ts": "2025-12-23 02:32:44+00:00", "altitude_ft": 35161.5, "tas_kt": 483.8, "gs_kt": 483.8, "track_deg": 179.78577832066327, "phase": "climb"}, "geometry": {"type": "Point", "coordinates": [100.29324, 16.2925, 10717.2]}}, {"type": "Feature", "properties": {"flight_key": "UAE102_VTCN_VTBS_2025-12-23 02:06", "callsign": "UAE102", "aircraft_type": "B789", "adep": "VTCN", "ades": "VTBS", "epoch_ts": "2025-12-23 02:33:04+00:00", "altitude_ft": 35505.7, "tas_kt": 483.1, "gs_kt": 483.1, "track_deg": 179.76650014853888, "phase": "climb"}, "geometry": {"type": "Point", "coordinates": [100.293427, 16.246119, 10822.1]}}, {"type": "Feature", "properties": {"flight_key": "UAE102_VTCN_VTBS_2025-12-23 02:06", "callsign": "UAE102", "aircraft_type": "B789", "adep": "VTCN", "ades": "VTBS", "epoch_ts": "2025-12-23 02:33:24+00:00", "altitude_ft": 35849.9, "tas_kt": 482.3, "gs_kt": 482.3, "track_deg": 179.76650014853888, "phase": "climb"}, "geometry": {"type": "Point", "coordinates": [100.293622, 16.19981, 10927.0]}}, {"type": "Feature", "properties": {"flight_key": "UAE102_VTCN_VTBS_2025-12-23 02:06", "callsign": "UAE102", "aircraft_type": "B789", "adep": "VTCN", "ades": "VTBS", "epoch_ts": "2025-12-23 02:33:44+00:00", "altitude_ft": 36000.0, "tas_kt": 487.7, "gs_kt": 487.7, "track_deg": 179.76650014853888, "phase": "cruise"}, "geometry": {"type": "Point", "coordinates": [100.293818, 16.153247, 10972.8]}}, {"type": "Feature", "properties": {"flight_key": "UAE102_VTCN_VTBS_2025-12-23 02:06", "callsign": "UAE102", "aircraft_type": "B789", "adep": "VTCN", "ades": "VTBS", "epoch_ts": "2025-12-23 02:34:04+00:00", "altitude_ft": 36000.0, "tas_kt": 487.7, "gs_kt": 487.7, "track_deg": 179.76650014853888, "phase": "cruise"}, "geometry": {"type": "Point", "coordinates": [100.294015, 16.106456, 10972.8]}}, {"type": "Feature", "properties": {"flight_key": "UAE102_VTCN_VTBS_2025-12-23 02:06", "callsign": "UAE102", "aircraft_type": "B789", "adep": "VTCN", "ades": "VTBS", "epoch_ts": "2025-12-23 02:34:24+00:00", "altitude_ft": 36000.0, "tas_kt": 487.7, "gs_kt": 487.7, "track_deg": 179.76650014853888, "phase": "cruise"}, "geometry": {"type": "Point", "coordinates": [100.294212, 16.059664, 10972.8]}}, {"type": "Feature", "properties": {"flight_key": "UAE102_VTCN_VTBS_2025-12-23 02:06", "callsign": "UAE102", "aircraft_type": "B789", "adep": "VTCN", "ades": "VTBS", "epoch_ts": "2025-12-23 02:34:44+00:00", "altitude_ft": 35955.0, "tas_kt": 482.1, "gs_kt": 482.1, "track_deg": 179.76650014853888, "phase": "descent"}, "geometry": {"type": "Point", "coordinates": [100.294409, 16.012914, 10959.1]}}, {"type": "Feature", "properties": {"flight_key": "UAE102_VTCN_VTBS_2025-12-23 02:06", "callsign": "UAE102", "aircraft_type": "B789", "adep": "VTCN", "ades": "VTBS", "epoch_ts": "2025-12-23 02:35:04+00:00", "altitude_ft": 35348.5, "tas_kt": 483.4, "gs_kt": 483.4, "track_deg": 179.76650014853888, "phase": "descent"}, "geometry": {"type": "Point", "coordinates": [100.294604, 15.966599, 10774.2]}}, {"type": "Feature", "properties": {"flight_key": "UAE102_VTCN_VTBS_2025-12-23 02:06", "callsign": "UAE102", "aircraft_type": "B789", "adep": "VTCN", "ades": "VTBS", "epoch_ts": "2025-12-23 02:35:24+00:00", "altitude_ft": 34742.0, "tas_kt": 484.8, "gs_kt": 484.8, "track_deg": 179.76650014853888, "phase": "descent"}, "geometry": {"type": "Point", "coordinates": [100.294799, 15.920156, 10589.4]}}, {"type": "Feature", "properties": {"flight_key": "UAE102_VTCN_VTBS_2025-12-23 02:06", "callsign": "UAE102", "aircraft_type": "B789", "adep": "VTCN", "ades": "VTBS", "epoch_ts": "2025-12-23 02:35:44+00:00", "altitude_ft": 34135.5, "tas_kt": 486.1, "gs_kt": 486.1, "track_deg": 179.76650014853888, "phase": "descent"}, "geometry": {"type": "Point", "coordinates": [100.294995, 15.873585, 10404.5]}}, {"type": "Feature", "properties": {"flight_key": "UAE102_VTCN_VTBS_2025-12-23 02:06", "callsign": "UAE102", "aircraft_type": "B789", "adep": "VTCN", "ades": "VTBS", "epoch_ts": "2025-12-23 02:36:04+00:00", "altitude_ft": 33514.3, "tas_kt": 487.4, "gs_kt": 487.4, "track_deg": 179.76650014853888, "phase": "descent"}, "geometry": {"type": "Point", "coordinates": [100.295191, 15.826887, 10215.2]}}, {"type": "Feature", "properties": {"flight_key": "UAE102_VTCN_VTBS_2025-12-23 02:06", "callsign": "UAE102", "aircraft_type": "B789", "adep": "VTCN", "ades": "VTBS", "epoch_ts": "2025-12-23 02:36:24+00:00", "altitude_ft": 32889.0, "tas_kt": 488.8, "gs_kt": 488.8, "track_deg": 179.76650014853888, "phase": "descent"}, "geometry": {"type": "Point", "coordinates": [100.295388, 15.780057, 10024.6]}}, {"type": "Feature", "properties": {"flight_key": "UAE102_VTCN_VTBS_2025-12-23 02:06", "callsign": "UAE102", "aircraft_type": "B789", "adep": "VTCN", "ades": "VTBS", "epoch_ts": "2025-12-23 02:36:44+00:00", "altitude_ft": 32263.7, "tas_kt": 490.2, "gs_kt": 490.2, "track_deg": 179.76650014853888, "phase": "descent"}, "geometry": {"type": "Point", "coordinates": [100.295585, 15.733097, 9834.0]}}, {"type": "Feature", "properties": {"flight_key": "UAE102_VTCN_VTBS_2025-12-23 02:06", "callsign": "UAE102", "aircraft_type": "B789", "adep": "VTCN", "ades": "VTBS", "epoch_ts": "2025-12-23 02:37:04+00:00", "altitude_ft": 35034.6, "tas_kt": 491.5, "gs_kt": 491.5, "track_deg": 179.76650014853888, "phase": "descent"}, "geometry": {"type": "Point", "coordinates": [100.295783, 15.686007, 10678.5]}}, {"type": "Feature", "properties": {"flight_key": "UAE102_VTCN_VTBS_2025-12-23 02:06", "callsign": "UAE102", "aircraft_type": "B789", "adep": "VTCN", "ades": "VTBS", "epoch_ts": "2025-12-23 02:37:24+00:00", "altitude_ft": 34276.4, "tas_kt": 492.8, "gs_kt": 492.8, "track_deg": 179.76650014853888, "phase": "descent"}, "geometry": {"type": "Point", "coordinates": [100.295981, 15.638787, 10447.4]}}, {"type": "Feature", "properties": {"flight_key": "UAE102_VTCN_VTBS_2025-12-23 02:06", "callsign": "UAE102", "aircraft_type": "B789", "adep": "VTCN", "ades": "VTBS", "epoch_ts": "2025-12-23 02:37:44+00:00", "altitude_ft": 33516.1, "tas_kt": 494.2, "gs_kt": 494.2, "track_deg": 179.76650014853888, "phase": "descent"}, "geometry": {"type": "Point", "coordinates": [100.296179, 15.591438, 10215.7]}}, {"type": "Feature", "properties": {"flight_key": "UAE102_VTCN_VTBS_2025-12-23 02:06", "callsign": "UAE102", "aircraft_type": "B789", "adep": "VTCN", "ades": "VTBS", "epoch_ts": "2025-12-23 02:38:04+00:00", "altitude_ft": 32771.4, "tas_kt": 464.3, "gs_kt": 464.3, "track_deg": 179.76650014853888, "phase": "descent"}, "geometry": {"type": "Point", "coordinates": [100.296374, 15.545061, 9988.7]}}, {"type": "Feature", "properties": {"flight_key": "UAE102_VTCN_VTBS_2025-12-23 02:06", "callsign": "UAE102", "aircraft_type": "B789", "adep": "VTCN", "ades": "VTBS", "epoch_ts": "2025-12-23 02:38:24+00:00", "altitude_ft": 32026.7, "tas_kt": 459.9, "gs_kt": 459.9, "track_deg": 179.76650014853888, "phase": "descent"}, "geometry": {"type": "Point", "coordinates": [100.296568, 15.498676, 9761.7]}}, {"type": "Feature", "properties": {"flight_key": "UAE102_VTCN_VTBS_2025-12-23 02:06", "callsign": "UAE102", "aircraft_type": "B789", "adep": "VTCN", "ades": "VTBS", "epoch_ts": "2025-12-23 02:38:44+00:00", "altitude_ft": 31179.7, "tas_kt": 455.5, "gs_kt": 455.5, "track_deg": 179.76650014853888, "phase": "descent"}, "geometry": {"type": "Point", "coordinates": [100.296789, 15.44593, 9503.6]}}, {"type": "Feature", "properties": {"flight_key": "UAE102_VTCN_VTBS_2025-12-23 02:06", "callsign": "UAE102", "aircraft_type": "B789", "adep": "VTCN", "ades": "VTBS", "epoch_ts": "2025-12-23 02:39:04+00:00", "altitude_ft": 30340.8, "tas_kt": 451.2, "gs_kt": 451.2, "track_deg": 179.76650014853888, "phase": "descent"}, "geometry": {"type": "Point", "coordinates": [100.297007, 15.393683, 9247.9]}}, {"type": "Feature", "properties": {"flight_key": "UAE102_VTCN_VTBS_2025-12-23 02:06", "callsign": "UAE102", "aircraft_type": "B789", "adep": "VTCN", "ades": "VTBS", "epoch_ts": "2025-12-23 02:39:24+00:00", "altitude_ft": 29509.8, "tas_kt": 447.0, "gs_kt": 447.0, "track_deg": 179.76650014853888, "phase": "descent"}, "geometry": {"type": "Point", "coordinates": [100.297224, 15.341924, 8994.6]}}, {"type": "Feature", "properties": {"flight_key": "UAE102_VTCN_VTBS_2025-12-23 02:06", "callsign": "UAE102", "aircraft_type": "B789", "adep": "VTCN", "ades": "VTBS", "epoch_ts": "2025-12-23 02:39:44+00:00", "altitude_ft": 28686.4, "tas_kt": 428.4, "gs_kt": 428.4, "track_deg": 179.76650014853888, "phase": "descent"}, "geometry": {"type": "Point", "coordinates": [100.297438, 15.290646, 8743.6]}}, {"type": "Feature", "properties": {"flight_key": "UAE102_VTCN_VTBS_2025-12-23 02:06", "callsign": "UAE102", "aircraft_type": "B789", "adep": "VTCN", "ades": "VTBS", "epoch_ts": "2025-12-23 02:40:04+00:00", "altitude_ft": 27895.6, "tas_kt": 423.2, "gs_kt": 423.2, "track_deg": 149.1663192404508, "phase": "descent"}, "geometry": {"type": "Point", "coordinates": [100.315948, 15.24583, 8502.6]}}, {"type": "Feature", "properties": {"flight_key": "UAE102_VTCN_VTBS_2025-12-23 02:06", "callsign": "UAE102", "aircraft_type": "B789", "adep": "VTCN", "ades": "VTBS", "epoch_ts": "2025-12-23 02:40:24+00:00", "altitude_ft": 27115.9, "tas_kt": 418.0, "gs_kt": 418.0, "track_deg": 149.1663192404508, "phase": "descent"}, "geometry": {"type": "Point", "coordinates": [100.341575, 15.204133, 8264.9]}}, {"type": "Feature", "properties": {"flight_key": "UAE102_VTCN_VTBS_2025-12-23 02:06", "callsign": "UAE102", "aircraft_type": "B789", "adep": "VTCN", "ades": "VTBS", "epoch_ts": "2025-12-23 02:40:44+00:00", "altitude_ft": 26345.5, "tas_kt": 413.0, "gs_kt": 413.0, "track_deg": 149.1663192404508, "phase": "descent"}, "geometry": {"type": "Point", "coordinates": [100.36689, 15.162925, 8030.1]}}, {"type": "Feature", "properties": {"flight_key": "UAE102_VTCN_VTBS_2025-12-23 02:06", "callsign": "UAE102", "aircraft_type": "B789", "adep": "VTCN", "ades": "VTBS", "epoch_ts": "2025-12-23 02:41:04+00:00", "altitude_ft": 25584.0, "tas_kt": 408.2, "gs_kt": 408.2, "track_deg": 149.1663192404508, "phase": "descent"}, "geometry": {"type": "Point", "coordinates": [100.391899, 15.122196, 7798.0]}}, {"type": "Feature", "properties": {"flight_key": "UAE102_VTCN_VTBS_2025-12-23 02:06", "callsign": "UAE102", "aircraft_type": "B789", "adep": "VTCN", "ades": "VTBS", "epoch_ts": "2025-12-23 02:41:24+00:00", "altitude_ft": 24831.4, "tas_kt": 403.4, "gs_kt": 403.4, "track_deg": 149.1663192404508, "phase": "descent"}, "geometry": {"type": "Point", "coordinates": [100.416611, 15.081933, 7568.6]}}, {"type": "Feature", "properties": {"flight_key": "UAE102_VTCN_VTBS_2025-12-23 02:06", "callsign": "UAE102", "aircraft_type": "B789", "adep": "VTCN", "ades": "VTBS", "epoch_ts": "2025-12-23 02:41:44+00:00", "altitude_ft": 24087.3, "tas_kt": 358.2, "gs_kt": 358.2, "track_deg": 149.1663192404508, "phase": "descent"}, "geometry": {"type": "Point", "coordinates": [100.441033, 15.042125, 7341.8]}}, {"type": "Feature", "properties": {"flight_key": "UAE102_VTCN_VTBS_2025-12-23 02:06", "callsign": "UAE102", "aircraft_type": "B789", "adep": "VTCN", "ades": "VTBS", "epoch_ts": "2025-12-23 02:42:04+00:00", "altitude_ft": 23421.9, "tas_kt": 354.4, "gs_kt": 354.4, "track_deg": 149.1663192404508, "phase": "descent"}, "geometry": {"type": "Point", "coordinates": [100.462863, 15.006526, 7139.0]}}, {"type": "Feature", "properties": {"flight_key": "UAE102_VTCN_VTBS_2025-12-23 02:06", "callsign": "UAE102", "aircraft_type": "B789", "adep": "VTCN", "ades": "VTBS", "epoch_ts": "2025-12-23 02:42:24+00:00", "altitude_ft": 22768.7, "tas_kt": 350.8, "gs_kt": 350.8, "track_deg": 149.1663192404508, "phase": "descent"}, "geometry": {"type": "Point", "coordinates": [100.484286, 14.971578, 6939.9]}}, {"type": "Feature", "properties": {"flight_key": "UAE102_VTCN_VTBS_2025-12-23 02:06", "callsign": "UAE102", "aircraft_type": "B789", "adep": "VTCN", "ades": "VTBS", "epoch_ts": "2025-12-23 02:42:44+00:00", "altitude_ft": 22122.6, "tas_kt": 347.3, "gs_kt": 347.3, "track_deg": 149.1663192404508, "phase": "descent"}, "geometry": {"type": "Point", "coordinates": [100.505473, 14.937003, 6743.0]}}, {"type": "Feature", "properties": {"flight_key": "UAE102_VTCN_VTBS_2025-12-23 02:06", "callsign": "UAE102", "aircraft_type": "B789", "adep": "VTCN", "ades": "VTBS", "epoch_ts": "2025-12-23 02:43:04+00:00", "altitude_ft": 21482.8, "tas_kt": 343.8, "gs_kt": 343.8, "track_deg": 149.1663192404508, "phase": "descent"}, "geometry": {"type": "Point", "coordinates": [100.526441, 14.90277, 6548.0]}}, {"type": "Feature", "properties": {"flight_key": "UAE102_VTCN_VTBS_2025-12-23 02:06", "callsign": "UAE102", "aircraft_type": "B789", "adep": "VTCN", "ades": "VTBS", "epoch_ts": "2025-12-23 02:43:24+00:00", "altitude_ft": 20849.4, "tas_kt": 340.4, "gs_kt": 340.4, "track_deg": 149.1663192404508, "phase": "descent"}, "geometry": {"type": "Point", "coordinates": [100.547197, 14.868872, 6354.9]}}, {"type": "Feature", "properties": {"flight_key": "UAE102_VTCN_VTBS_2025-12-23 02:06", "callsign": "UAE102", "aircraft_type": "B789", "adep": "VTCN", "ades": "VTBS", "epoch_ts": "2025-12-23 02:43:44+00:00", "altitude_ft": 20222.1, "tas_kt": 337.1, "gs_kt": 337.1, "track_deg": 149.1663192404508, "phase": "descent"}, "geometry": {"type": "Point", "coordinates": [100.567745, 14.835301, 6163.7]}}, {"type": "Feature", "properties": {"flight_key": "UAE102_VTCN_VTBS_2025-12-23 02:06", "callsign": "UAE102", "aircraft_type": "B789", "adep": "VTCN", "ades": "VTBS", "epoch_ts": "2025-12-23 02:44:04+00:00", "altitude_ft": 19600.8, "tas_kt": 333.9, "gs_kt": 333.9, "track_deg": 149.1663192404508, "phase": "descent"}, "geometry": {"type": "Point", "coordinates": [100.58809, 14.802051, 5974.3]}}, {"type": "Feature", "properties": {"flight_key": "UAE102_VTCN_VTBS_2025-12-23 02:06", "callsign": "UAE102", "aircraft_type": "B789", "adep": "VTCN", "ades": "VTBS", "epoch_ts": "2025-12-23 02:44:24+00:00", "altitude_ft": 18985.5, "tas_kt": 330.7, "gs_kt": 330.7, "track_deg": 149.1663192404508, "phase": "descent"}, "geometry": {"type": "Point", "coordinates": [100.608235, 14.769114, 5786.8]}}, {"type": "Feature", "properties": {"flight_key": "UAE102_VTCN_VTBS_2025-12-23 02:06", "callsign": "UAE102", "aircraft_type": "B789", "adep": "VTCN", "ades": "VTBS", "epoch_ts": "2025-12-23 02:44:44+00:00", "altitude_ft": 18375.8, "tas_kt": 327.6, "gs_kt": 327.6, "track_deg": 149.1663192404508, "phase": "descent"}, "geometry": {"type": "Point", "coordinates": [100.628186, 14.736483, 5600.9]}}, {"type": "Feature", "properties": {"flight_key": "UAE102_VTCN_VTBS_2025-12-23 02:06", "callsign": "UAE102", "aircraft_type": "B789", "adep": "VTCN", "ades": "VTBS", "epoch_ts": "2025-12-23 02:45:04+00:00", "altitude_ft": 18000.0, "tas_kt": 325.7, "gs_kt": 325.7, "track_deg": 163.30491418266482, "phase": "descent"}, "geometry": {"type": "Point", "coordinates": [100.644071, 14.702385, 5486.4]}}, {"type": "Feature", "properties": {"flight_key": "UAE102_VTCN_VTBS_2025-12-23 02:06", "callsign": "UAE102", "aircraft_type": "B789", "adep": "VTCN", "ades": "VTBS", "epoch_ts": "2025-12-23 02:45:24+00:00", "altitude_ft": 18000.0, "tas_kt": 325.7, "gs_kt": 325.7, "track_deg": 163.30491418266482, "phase": "descent"}, "geometry": {"type": "Point", "coordinates": [100.655149, 14.666427, 5486.4]}}, {"type": "Feature", "properties": {"flight_key": "UAE102_VTCN_VTBS_2025-12-23 02:06", "callsign": "UAE102", "aircraft_type": "B789", "adep": "VTCN", "ades": "VTBS", "epoch_ts": "2025-12-23 02:45:44+00:00", "altitude_ft": 18000.0, "tas_kt": 287.6, "gs_kt": 287.6, "track_deg": 163.30491418266482, "phase": "descent"}, "geometry": {"type": "Point", "coordinates": [100.665905, 14.6315, 5486.4]}}, {"type": "Feature", "properties": {"flight_key": "UAE102_VTCN_VTBS_2025-12-23 02:06", "callsign": "UAE102", "aircraft_type": "B789", "adep": "VTCN", "ades": "VTBS", "epoch_ts": "2025-12-23 02:46:04+00:00", "altitude_ft": 18000.0, "tas_kt": 287.6, "gs_kt": 287.6, "track_deg": 163.30491418266482, "phase": "descent"}, "geometry": {"type": "Point", "coordinates": [100.675681, 14.599746, 5486.4]}}, {"type": "Feature", "properties": {"flight_key": "UAE102_VTCN_VTBS_2025-12-23 02:06", "callsign": "UAE102", "aircraft_type": "B789", "adep": "VTCN", "ades": "VTBS", "epoch_ts": "2025-12-23 02:46:24+00:00", "altitude_ft": 18000.0, "tas_kt": 287.6, "gs_kt": 287.6, "track_deg": 163.31154804065102, "phase": "descent"}, "geometry": {"type": "Point", "coordinates": [100.685455, 14.56799, 5486.4]}}, {"type": "Feature", "properties": {"flight_key": "UAE102_VTCN_VTBS_2025-12-23 02:06", "callsign": "UAE102", "aircraft_type": "B789", "adep": "VTCN", "ades": "VTBS", "epoch_ts": "2025-12-23 02:46:44+00:00", "altitude_ft": 18000.0, "tas_kt": 287.6, "gs_kt": 287.6, "track_deg": 163.31154804065102, "phase": "descent"}, "geometry": {"type": "Point", "coordinates": [100.695227, 14.536235, 5486.4]}}, {"type": "Feature", "properties": {"flight_key": "UAE102_VTCN_VTBS_2025-12-23 02:06", "callsign": "UAE102", "aircraft_type": "B789", "adep": "VTCN", "ades": "VTBS", "epoch_ts": "2025-12-23 02:47:04+00:00", "altitude_ft": 18000.0, "tas_kt": 287.6, "gs_kt": 287.6, "track_deg": 163.31154804065102, "phase": "descent"}, "geometry": {"type": "Point", "coordinates": [100.704997, 14.50448, 5486.4]}}, {"type": "Feature", "properties": {"flight_key": "UAE102_VTCN_VTBS_2025-12-23 02:06", "callsign": "UAE102", "aircraft_type": "B789", "adep": "VTCN", "ades": "VTBS", "epoch_ts": "2025-12-23 02:47:24+00:00", "altitude_ft": 17753.7, "tas_kt": 286.5, "gs_kt": 286.5, "track_deg": 163.31154804065102, "phase": "descent"}, "geometry": {"type": "Point", "coordinates": [100.714752, 14.472763, 5411.3]}}, {"type": "Feature", "properties": {"flight_key": "UAE102_VTCN_VTBS_2025-12-23 02:06", "callsign": "UAE102", "aircraft_type": "B789", "adep": "VTCN", "ades": "VTBS", "epoch_ts": "2025-12-23 02:47:44+00:00", "altitude_ft": 17225.9, "tas_kt": 284.2, "gs_kt": 284.2, "track_deg": 187.7679911431166, "phase": "descent"}, "geometry": {"type": "Point", "coordinates": [100.720795, 14.440759, 5250.5]}}, {"type": "Feature", "properties": {"flight_key": "UAE102_VTCN_VTBS_2025-12-23 02:06", "callsign": "UAE102", "aircraft_type": "B789", "adep": "VTCN", "ades": "VTBS", "epoch_ts": "2025-12-23 02:48:04+00:00", "altitude_ft": 16702.4, "tas_kt": 281.9, "gs_kt": 281.9, "track_deg": 194.42519405226795, "phase": "descent"}, "geometry": {"type": "Point", "coordinates": [100.712705, 14.409129, 5090.9]}}, {"type": "Feature", "properties": {"flight_key": "UAE102_VTCN_VTBS_2025-12-23 02:06", "callsign": "UAE102", "aircraft_type": "B789", "adep": "VTCN", "ades": "VTBS", "epoch_ts": "2025-12-23 02:48:24+00:00", "altitude_ft": 16183.1, "tas_kt": 279.6, "gs_kt": 279.6, "track_deg": 194.42519405226795, "phase": "descent"}, "geometry": {"type": "Point", "coordinates": [100.704439, 14.377803, 4932.6]}}, {"type": "Feature", "properties": {"flight_key": "UAE102_VTCN_VTBS_2025-12-23 02:06", "callsign": "UAE102", "aircraft_type": "B789", "adep": "VTCN", "ades": "VTBS", "epoch_ts": "2025-12-23 02:48:44+00:00", "altitude_ft": 15667.9, "tas_kt": 277.4, "gs_kt": 277.4, "track_deg": 194.42519405226795, "phase": "descent"}, "geometry": {"type": "Point", "coordinates": [100.696242, 14.346724, 4775.6]}}, {"type": "Feature", "properties": {"flight_key": "UAE102_VTCN_VTBS_2025-12-23 02:06", "callsign": "UAE102", "aircraft_type": "B789", "adep": "VTCN", "ades": "VTBS", "epoch_ts": "2025-12-23 02:49:04+00:00", "altitude_ft": 15156.8, "tas_kt": 275.2, "gs_kt": 275.2, "track_deg": 194.42519405226795, "phase": "descent"}, "geometry": {"type": "Point", "coordinates": [100.688111, 14.315889, 4619.8]}}, {"type": "Feature", "properties": {"flight_key": "UAE102_VTCN_VTBS_2025-12-23 02:06", "callsign": "UAE102", "aircraft_type": "B789", "adep": "VTCN", "ades": "VTBS", "epoch_ts": "2025-12-23 02:49:24+00:00", "altitude_ft": 14649.6, "tas_kt": 273.1, "gs_kt": 273.1, "track_deg": 194.42519405226795, "phase": "descent"}, "geometry": {"type": "Point", "coordinates": [100.680046, 14.285293, 4465.2]}}, {"type": "Feature", "properties": {"flight_key": "UAE102_VTCN_VTBS_2025-12-23 02:06", "callsign": "UAE102", "aircraft_type": "B789", "adep": "VTCN", "ades": "VTBS", "epoch_ts": "2025-12-23 02:49:44+00:00", "altitude_ft": 14146.3, "tas_kt": 271.0, "gs_kt": 271.0, "track_deg": 194.42519405226795, "phase": "descent"}, "geometry": {"type": "Point", "coordinates": [100.672045, 14.254931, 4311.8]}}, {"type": "Feature", "properties": {"flight_key": "UAE102_VTCN_VTBS_2025-12-23 02:06", "callsign": "UAE102", "aircraft_type": "B789", "adep": "VTCN", "ades": "VTBS", "epoch_ts": "2025-12-23 02:50:04+00:00", "altitude_ft": 13646.8, "tas_kt": 268.9, "gs_kt": 268.9, "track_deg": 194.40569362049712, "phase": "descent"}, "geometry": {"type": "Point", "coordinates": [100.66411, 14.224799, 4159.5]}}, {"type": "Feature", "properties": {"flight_key": "UAE102_VTCN_VTBS_2025-12-23 02:06", "callsign": "UAE102", "aircraft_type": "B789", "adep": "VTCN", "ades": "VTBS", "epoch_ts": "2025-12-23 02:50:24+00:00", "altitude_ft": 13213.7, "tas_kt": 219.2, "gs_kt": 219.2, "track_deg": 194.40569362049712, "phase": "descent"}, "geometry": {"type": "Point", "coordinates": [100.657231, 14.198669, 4027.5]}}, {"type": "Feature", "properties": {"flight_key": "UAE102_VTCN_VTBS_2025-12-23 02:06", "callsign": "UAE102", "aircraft_type": "B789", "adep": "VTCN", "ades": "VTBS", "epoch_ts": "2025-12-23 02:50:44+00:00", "altitude_ft": 12810.1, "tas_kt": 217.8, "gs_kt": 217.8, "track_deg": 194.40569362049712, "phase": "descent"}, "geometry": {"type": "Point", "coordinates": [100.650822, 14.174318, 3904.5]}}, {"type": "Feature", "properties": {"flight_key": "UAE102_VTCN_VTBS_2025-12-23 02:06", "callsign": "UAE102", "aircraft_type": "B789", "adep": "VTCN", "ades": "VTBS", "epoch_ts": "2025-12-23 02:51:04+00:00", "altitude_ft": 12409.5, "tas_kt": 216.5, "gs_kt": 216.5, "track_deg": 194.40569362049712, "phase": "descent"}, "geometry": {"type": "Point", "coordinates": [100.644462, 14.150148, 3782.4]}}, {"type": "Feature", "properties": {"flight_key": "UAE102_VTCN_VTBS_2025-12-23 02:06", "callsign": "UAE102", "aircraft_type": "B789", "adep": "VTCN", "ades": "VTBS", "epoch_ts": "2025-12-23 02:51:24+00:00", "altitude_ft": 12011.6, "tas_kt": 215.1, "gs_kt": 215.1, "track_deg": 194.40569362049712, "phase": "descent"}, "geometry": {"type": "Point", "coordinates": [100.638147, 14.126146, 3661.1]}}, {"type": "Feature", "properties": {"flight_key": "UAE102_VTCN_VTBS_2025-12-23 02:06", "callsign": "UAE102", "aircraft_type": "B789", "adep": "VTCN", "ades": "VTBS", "epoch_ts": "2025-12-23 02:51:44+00:00", "altitude_ft": 11616.2, "tas_kt": 213.8, "gs_kt": 213.8, "track_deg": 194.40569362049712, "phase": "descent"}, "geometry": {"type": "Point", "coordinates": [100.631872, 14.102288, 3540.6]}}, {"type": "Feature", "properties": {"flight_key": "UAE102_VTCN_VTBS_2025-12-23 02:06", "callsign": "UAE102", "aircraft_type": "B789", "adep": "VTCN", "ades": "VTBS", "epoch_ts": "2025-12-23 02:52:04+00:00", "altitude_ft": 11223.1, "tas_kt": 212.5, "gs_kt": 212.5, "track_deg": 194.40569362049712, "phase": "descent"}, "geometry": {"type": "Point", "coordinates": [100.625636, 14.078572, 3420.8]}}, {"type": "Feature", "properties": {"flight_key": "UAE102_VTCN_VTBS_2025-12-23 02:06", "callsign": "UAE102", "aircraft_type": "B789", "adep": "VTCN", "ades": "VTBS", "epoch_ts": "2025-12-23 02:52:24+00:00", "altitude_ft": 10832.3, "tas_kt": 211.3, "gs_kt": 211.3, "track_deg": 194.40569362049712, "phase": "descent"}, "geometry": {"type": "Point", "coordinates": [100.619437, 14.054996, 3301.7]}}, {"type": "Feature", "properties": {"flight_key": "UAE102_VTCN_VTBS_2025-12-23 02:06", "callsign": "UAE102", "aircraft_type": "B789", "adep": "VTCN", "ades": "VTBS", "epoch_ts": "2025-12-23 02:52:44+00:00", "altitude_ft": 10443.9, "tas_kt": 210.0, "gs_kt": 210.0, "track_deg": 194.40569362049712, "phase": "descent"}, "geometry": {"type": "Point", "coordinates": [100.613277, 14.031559, 3183.3]}}, {"type": "Feature", "properties": {"flight_key": "UAE102_VTCN_VTBS_2025-12-23 02:06", "callsign": "UAE102", "aircraft_type": "B789", "adep": "VTCN", "ades": "VTBS", "epoch_ts": "2025-12-23 02:53:05+00:00", "altitude_ft": 10029.5, "tas_kt": 208.7, "gs_kt": 208.7, "track_deg": 177.01256862428016, "phase": "descent"}, "geometry": {"type": "Point", "coordinates": [100.607955, 14.006391, 3057.0]}}, {"type": "Feature", "properties": {"flight_key": "UAE102_VTCN_VTBS_2025-12-23 02:06", "callsign": "UAE102", "aircraft_type": "B789", "adep": "VTCN", "ades": "VTBS", "epoch_ts": "2025-12-23 02:53:26+00:00", "altitude_ft": 9629.1, "tas_kt": 207.4, "gs_kt": 207.4, "track_deg": 107.45832578039636, "phase": "descent"}, "geometry": {"type": "Point", "coordinates": [100.623469, 13.988496, 2934.9]}}, {"type": "Feature", "properties": {"flight_key": "UAE102_VTCN_VTBS_2025-12-23 02:06", "callsign": "UAE102", "aircraft_type": "B789", "adep": "VTCN", "ades": "VTBS", "epoch_ts": "2025-12-23 02:53:49+00:00", "altitude_ft": 9196.7, "tas_kt": 206.1, "gs_kt": 206.1, "track_deg": 104.98705020910074, "phase": "descent"}, "geometry": {"type": "Point", "coordinates": [100.650108, 13.981531, 2803.2]}}, {"type": "Feature", "properties": {"flight_key": "UAE102_VTCN_VTBS_2025-12-23 02:06", "callsign": "UAE102", "aircraft_type": "B789", "adep": "VTCN", "ades": "VTBS", "epoch_ts": "2025-12-23 02:54:09+00:00", "altitude_ft": 8817.6, "tas_kt": 204.9, "gs_kt": 204.9, "track_deg": 104.98705020910074, "phase": "descent"}, "geometry": {"type": "Point", "coordinates": [100.673465, 13.975421, 2687.6]}}, {"type": "Feature", "properties": {"flight_key": "UAE102_VTCN_VTBS_2025-12-23 02:06", "callsign": "UAE102", "aircraft_type": "B789", "adep": "VTCN", "ades": "VTBS", "epoch_ts": "2025-12-23 02:54:29+00:00", "altitude_ft": 8440.7, "tas_kt": 203.7, "gs_kt": 203.7, "track_deg": 104.98705020910074, "phase": "descent"}, "geometry": {"type": "Point", "coordinates": [100.69669, 13.969342, 2572.7]}}, {"type": "Feature", "properties": {"flight_key": "UAE102_VTCN_VTBS_2025-12-23 02:06", "callsign": "UAE102", "aircraft_type": "B789", "adep": "VTCN", "ades": "VTBS", "epoch_ts": "2025-12-23 02:54:49+00:00", "altitude_ft": 8065.8, "tas_kt": 202.6, "gs_kt": 202.6, "track_deg": 45.460745058056744, "phase": "descent"}, "geometry": {"type": "Point", "coordinates": [100.718906, 13.973657, 2458.5]}}, {"type": "Feature", "properties": {"flight_key": "UAE102_VTCN_VTBS_2025-12-23 02:06", "callsign": "UAE102", "aircraft_type": "B789", "adep": "VTCN", "ades": "VTBS", "epoch_ts": "2025-12-23 02:55:09+00:00", "altitude_ft": 7693.0, "tas_kt": 201.5, "gs_kt": 201.5, "track_deg": 14.506739960258114, "phase": "descent"}, "geometry": {"type": "Point", "coordinates": [100.727584, 13.994905, 2344.8]}}, {"type": "Feature", "properties": {"flight_key": "UAE102_VTCN_VTBS_2025-12-23 02:06", "callsign": "UAE102", "aircraft_type": "B789", "adep": "VTCN", "ades": "VTBS", "epoch_ts": "2025-12-23 02:55:29+00:00", "altitude_ft": 7322.2, "tas_kt": 200.4, "gs_kt": 200.4, "track_deg": 14.506739960258114, "phase": "descent"}, "geometry": {"type": "Point", "coordinates": [100.733509, 14.017264, 2231.8]}}, {"type": "Feature", "properties": {"flight_key": "UAE102_VTCN_VTBS_2025-12-23 02:06", "callsign": "UAE102", "aircraft_type": "B789", "adep": "VTCN", "ades": "VTBS", "epoch_ts": "2025-12-23 02:55:50+00:00", "altitude_ft": 6928.1, "tas_kt": 199.2, "gs_kt": 199.2, "track_deg": 59.9272095296033, "phase": "descent"}, "geometry": {"type": "Point", "coordinates": [100.745751, 14.037625, 2111.7]}}, {"type": "Feature", "properties": {"flight_key": "UAE102_VTCN_VTBS_2025-12-23 02:06", "callsign": "UAE102", "aircraft_type": "B789", "adep": "VTCN", "ades": "VTBS", "epoch_ts": "2025-12-23 02:56:14+00:00", "altitude_ft": 6495.2, "tas_kt": 197.9, "gs_kt": 197.9, "track_deg": 105.36564747750069, "phase": "descent"}, "geometry": {"type": "Point", "coordinates": [100.772491, 14.035951, 1979.7]}}, {"type": "Feature", "properties": {"flight_key": "UAE102_VTCN_VTBS_2025-12-23 02:06", "callsign": "UAE102", "aircraft_type": "B789", "adep": "VTCN", "ades": "VTBS", "epoch_ts": "2025-12-23 02:56:34+00:00", "altitude_ft": 6130.9, "tas_kt": 196.8, "gs_kt": 196.8, "track_deg": 105.36564747750069, "phase": "descent"}, "geometry": {"type": "Point", "coordinates": [100.794905, 14.029935, 1868.7]}}, {"type": "Feature", "properties": {"flight_key": "UAE102_VTCN_VTBS_2025-12-23 02:06", "callsign": "UAE102", "aircraft_type": "B789", "adep": "VTCN", "ades": "VTBS", "epoch_ts": "2025-12-23 02:56:54+00:00", "altitude_ft": 5768.4, "tas_kt": 195.8, "gs_kt": 195.8, "track_deg": 105.36564747750069, "phase": "descent"}, "geometry": {"type": "Point", "coordinates": [100.8172, 14.023949, 1758.2]}}, {"type": "Feature", "properties": {"flight_key": "UAE102_VTCN_VTBS_2025-12-23 02:06", "callsign": "UAE102", "aircraft_type": "B789", "adep": "VTCN", "ades": "VTBS", "epoch_ts": "2025-12-23 02:57:14+00:00", "altitude_ft": 5407.9, "tas_kt": 194.7, "gs_kt": 194.7, "track_deg": 142.47807184876092, "phase": "descent"}, "geometry": {"type": "Point", "coordinates": [100.837369, 14.014248, 1648.3]}}, {"type": "Feature", "properties": {"flight_key": "UAE102_VTCN_VTBS_2025-12-23 02:06", "callsign": "UAE102", "aircraft_type": "B789", "adep": "VTCN", "ades": "VTBS", "epoch_ts": "2025-12-23 02:57:34+00:00", "altitude_ft": 5049.2, "tas_kt": 193.7, "gs_kt": 193.7, "track_deg": 194.43208320504482, "phase": "descent"}, "geometry": {"type": "Point", "coordinates": [100.840347, 13.993057, 1539.0]}}, {"type": "Feature", "properties": {"flight_key": "UAE102_VTCN_VTBS_2025-12-23 02:06", "callsign": "UAE102", "aircraft_type": "B789", "adep": "VTCN", "ades": "VTBS", "epoch_ts": "2025-12-23 02:57:54+00:00", "altitude_ft": 4692.4, "tas_kt": 192.7, "gs_kt": 192.7, "track_deg": 194.43208320504482, "phase": "descent"}, "geometry": {"type": "Point", "coordinates": [100.834675, 13.971532, 1430.2]}}, {"type": "Feature", "properties": {"flight_key": "UAE102_VTCN_VTBS_2025-12-23 02:06", "callsign": "UAE102", "aircraft_type": "B789", "adep": "VTCN", "ades": "VTBS", "epoch_ts": "2025-12-23 02:58:14+00:00", "altitude_ft": 4337.4, "tas_kt": 191.7, "gs_kt": 191.7, "track_deg": 194.43208320504482, "phase": "descent"}, "geometry": {"type": "Point", "coordinates": [100.829032, 13.950118, 1322.0]}}, {"type": "Feature", "properties": {"flight_key": "UAE102_VTCN_VTBS_2025-12-23 02:06", "callsign": "UAE102", "aircraft_type": "B789", "adep": "VTCN", "ades": "VTBS", "epoch_ts": "2025-12-23 02:58:34+00:00", "altitude_ft": 3984.2, "tas_kt": 190.7, "gs_kt": 190.7, "track_deg": 194.43085355493082, "phase": "descent"}, "geometry": {"type": "Point", "coordinates": [100.82342, 13.928811, 1214.4]}}, {"type": "Feature", "properties": {"flight_key": "UAE102_VTCN_VTBS_2025-12-23 02:06", "callsign": "UAE102", "aircraft_type": "B789", "adep": "VTCN", "ades": "VTBS", "epoch_ts": "2025-12-23 02:58:54+00:00", "altitude_ft": 3632.8, "tas_kt": 189.7, "gs_kt": 189.7, "track_deg": 194.43085355493082, "phase": "descent"}, "geometry": {"type": "Point", "coordinates": [100.817835, 13.907612, 1107.3]}}, {"type": "Feature", "properties": {"flight_key": "UAE102_VTCN_VTBS_2025-12-23 02:06", "callsign": "UAE102", "aircraft_type": "B789", "adep": "VTCN", "ades": "VTBS", "epoch_ts": "2025-12-23 02:59:14+00:00", "altitude_ft": 3283.1, "tas_kt": 188.7, "gs_kt": 188.7, "track_deg": 194.43085355493082, "phase": "descent"}, "geometry": {"type": "Point", "coordinates": [100.81228, 13.886519, 1000.7]}}, {"type": "Feature", "properties": {"flight_key": "UAE102_VTCN_VTBS_2025-12-23 02:06", "callsign": "UAE102", "aircraft_type": "B789", "adep": "VTCN", "ades": "VTBS", "epoch_ts": "2025-12-23 02:59:34+00:00", "altitude_ft": 2935.2, "tas_kt": 187.8, "gs_kt": 187.8, "track_deg": 194.43085355493082, "phase": "descent"}, "geometry": {"type": "Point", "coordinates": [100.806753, 13.86553, 894.6]}}, {"type": "Feature", "properties": {"flight_key": "UAE102_VTCN_VTBS_2025-12-23 02:06", "callsign": "UAE102", "aircraft_type": "B789", "adep": "VTCN", "ades": "VTBS", "epoch_ts": "2025-12-23 02:59:54+00:00", "altitude_ft": 2589.0, "tas_kt": 186.8, "gs_kt": 186.8, "track_deg": 194.4228507807794, "phase": "descent"}, "geometry": {"type": "Point", "coordinates": [100.801255, 13.844644, 789.1]}}, {"type": "Feature", "properties": {"flight_key": "UAE102_VTCN_VTBS_2025-12-23 02:06", "callsign": "UAE102", "aircraft_type": "B789", "adep": "VTCN", "ades": "VTBS", "epoch_ts": "2025-12-23 03:00:14+00:00", "altitude_ft": 2244.4, "tas_kt": 185.9, "gs_kt": 185.9, "track_deg": 194.4228507807794, "phase": "descent"}, "geometry": {"type": "Point", "coordinates": [100.795785, 13.823859, 684.1]}}, {"type": "Feature", "properties": {"flight_key": "UAE102_VTCN_VTBS_2025-12-23 02:06", "callsign": "UAE102", "aircraft_type": "B789", "adep": "VTCN", "ades": "VTBS", "epoch_ts": "2025-12-23 03:00:34+00:00", "altitude_ft": 1901.6, "tas_kt": 185.0, "gs_kt": 185.0, "track_deg": 194.4228507807794, "phase": "descent"}, "geometry": {"type": "Point", "coordinates": [100.790342, 13.803175, 579.6]}}, {"type": "Feature", "properties": {"flight_key": "UAE102_VTCN_VTBS_2025-12-23 02:06", "callsign": "UAE102", "aircraft_type": "B789", "adep": "VTCN", "ades": "VTBS", "epoch_ts": "2025-12-23 03:00:54+00:00", "altitude_ft": 1560.3, "tas_kt": 184.1, "gs_kt": 184.1, "track_deg": 194.4228507807794, "phase": "descent"}, "geometry": {"type": "Point", "coordinates": [100.784927, 13.78259, 475.6]}}, {"type": "Feature", "properties": {"flight_key": "UAE102_VTCN_VTBS_2025-12-23 02:06", "callsign": "UAE102", "aircraft_type": "B789", "adep": "VTCN", "ades": "VTBS", "epoch_ts": "2025-12-23 03:01:14+00:00", "altitude_ft": 1215.3, "tas_kt": 183.2, "gs_kt": 183.2, "track_deg": 194.41674227824248, "phase": "descent"}, "geometry": {"type": "Point", "coordinates": [100.779539, 13.762103, 370.4]}}, {"type": "Feature", "properties": {"flight_key": "UAE102_VTCN_VTBS_2025-12-23 02:06", "callsign": "UAE102", "aircraft_type": "B789", "adep": "VTCN", "ades": "VTBS", "epoch_ts": "2025-12-23 03:01:34+00:00", "altitude_ft": 864.3, "tas_kt": 182.3, "gs_kt": 182.3, "track_deg": 194.41674227824248, "phase": "descent"}, "geometry": {"type": "Point", "coordinates": [100.774177, 13.741713, 263.4]}}, {"type": "Feature", "properties": {"flight_key": "UAE102_VTCN_VTBS_2025-12-23 02:06", "callsign": "UAE102", "aircraft_type": "B789", "adep": "VTCN", "ades": "VTBS", "epoch_ts": "2025-12-23 03:01:54+00:00", "altitude_ft": 515.0, "tas_kt": 181.4, "gs_kt": 181.4, "track_deg": 194.41674227824248, "phase": "descent"}, "geometry": {"type": "Point", "coordinates": [100.768841, 13.721418, 157.0]}}, {"type": "Feature", "properties": {"flight_key": "UAE102_VTCN_VTBS_2025-12-23 02:06", "callsign": "UAE102", "aircraft_type": "B789", "adep": "VTCN", "ades": "VTBS", "epoch_ts": "2025-12-23 03:02:14+00:00", "altitude_ft": 167.3, "tas_kt": 180.5, "gs_kt": 180.5, "track_deg": 194.41674227824248, "phase": "descent"}, "geometry": {"type": "Point", "coordinates": [100.763531, 13.701218, 51.0]}}, {"type": "Feature", "properties": {"flight_key": "UAE102_VTCN_VTBS_2025-12-23 02:06", "callsign": "UAE102", "aircraft_type": "B789", "adep": "VTCN", "ades": "VTBS", "epoch_ts": "2025-12-23 03:02:23+00:00", "altitude_ft": 3.7, "tas_kt": 180.1, "gs_kt": 180.1, "track_deg": 194.41674227824248, "phase": "descent"}, "geometry": {"type": "Point", "coordinates": [100.761033, 13.691714, 1.1]}}, {"type": "Feature", "properties": {"feature_type": "route", "flight_key": "AIQ103_VTCP_VTBS_2025-12-23 02:13", "route": "IDKOR W22 PSL Y28 BLAFF DCT NORTA", "callsign": "AIQ103", "aircraft_type": "A21N", "adep": "VTCP", "ades": "VTBS", "rfl": 320, "sid": "IDKO1E", "star": "NORT1C", "approach": "R19", "dep_rwy": "RW01", "arr_rwy": "RW19", "eobt": "2025-12-23T02:13:11.602343+00:00", "flight_category": "arrival", "vectored": false, "extend_nm": 0.0, "clearance": "DIRECT LETMA, CLEARED R19 APPROACH", "idents": ["RW01", "(2000)", "CP122", "CP124", "IDKOR", "NIROP", "PSL", "PEBLI", "BLAFF", "NORTA", "BS519", "BS518", "MEPIN", "BS515", "BS514", "ATKIN", "LETMA", "LAVOG", "LOTMU", "BS790", "BS791"]}, "geometry": {"type": "LineString", "coordinates": [[100.16399444, 18.12541944], [100.17152586603336, 18.191575413430822], [100.27691111, 18.20029444], [100.25714444, 18.00665556], [100.21203611, 17.636025], [100.245556, 17.270556], [100.291389, 16.770278], [100.293333, 16.268333], [100.2975, 15.275833], [100.639017, 14.718789], [100.68273889, 14.57681389], [100.72268889, 14.44695833], [100.67111111, 14.25138889], [100.60333611, 13.99375556], [100.71924722, 13.96344722], [100.74071944, 14.04447222], [100.846425, 14.01610833], [100.82506389, 13.93505278], [100.80371667, 13.85399722], [100.78179167, 13.77066944], [100.76103333, 13.69171389]]}}, {"type": "Feature", "properties": {"flight_key": "AIQ103_VTCP_VTBS_2025-12-23 02:13", "callsign": "AIQ103", "aircraft_type": "A21N", "adep": "VTCP", "ades": "VTBS", "epoch_ts": "2025-12-23 02:13:11+00:00", "altitude_ft": 540.0, "tas_kt": 201.5, "gs_kt": 201.5, "track_deg": 6.209999999999253, "phase": "climb"}, "geometry": {"type": "Point", "coordinates": [100.163994, 18.125419, 164.6]}}, {"type": "Feature", "properties": {"flight_key": "AIQ103_VTCP_VTBS_2025-12-23 02:13", "callsign": "AIQ103", "aircraft_type": "A21N", "adep": "VTCP", "ades": "VTBS", "epoch_ts": "2025-12-23 02:13:31+00:00", "altitude_ft": 1327.6, "tas_kt": 203.8, "gs_kt": 203.8, "track_deg": 6.209999999999253, "phase": "climb"}, "geometry": {"type": "Point", "coordinates": [100.166175, 18.144578, 404.7]}}, {"type": "Feature", "properties": {"flight_key": "AIQ103_VTCP_VTBS_2025-12-23 02:13", "callsign": "AIQ103", "aircraft_type": "A21N", "adep": "VTCP", "ades": "VTBS", "epoch_ts": "2025-12-23 02:13:51+00:00", "altitude_ft": 2074.2, "tas_kt": 206.0, "gs_kt": 206.0, "track_deg": 6.209999999999253, "phase": "climb"}, "geometry": {"type": "Point", "coordinates": [100.16838, 18.163949, 632.2]}}, {"type": "Feature", "properties": {"flight_key": "AIQ103_VTCP_VTBS_2025-12-23 02:13", "callsign": "AIQ103", "aircraft_type": "A21N", "adep": "VTCP", "ades": "VTBS", "epoch_ts": "2025-12-23 02:14:11+00:00", "altitude_ft": 2768.2, "tas_kt": 208.1, "gs_kt": 208.1, "track_deg": 6.209999999999253, "phase": "climb"}, "geometry": {"type": "Point", "coordinates": [100.170609, 18.183521, 843.7]}}, {"type": "Feature", "properties": {"flight_key": "AIQ103_VTCP_VTBS_2025-12-23 02:13", "callsign": "AIQ103", "aircraft_type": "A21N", "adep": "VTCP", "ades": "VTBS", "epoch_ts": "2025-12-23 02:14:31+00:00", "altitude_ft": 3434.5, "tas_kt": 210.1, "gs_kt": 210.1, "track_deg": 37.649193133546575, "phase": "climb"}, "geometry": {"type": "Point", "coordinates": [100.175996, 18.202404, 1046.8]}}, {"type": "Feature", "properties": {"flight_key": "AIQ103_VTCP_VTBS_2025-12-23 02:13", "callsign": "AIQ103", "aircraft_type": "A21N", "adep": "VTCP", "ades": "VTBS", "epoch_ts": "2025-12-23 02:14:52+00:00", "altitude_ft": 4154.7, "tas_kt": 212.3, "gs_kt": 212.3, "track_deg": 90.8696986262014, "phase": "climb"}, "geometry": {"type": "Point", "coordinates": [100.195891, 18.211289, 1266.4]}}, {"type": "Feature", "properties": {"flight_key": "AIQ103_VTCP_VTBS_2025-12-23 02:13", "callsign": "AIQ103", "aircraft_type": "A21N", "adep": "VTCP", "ades": "VTBS", "epoch_ts": "2025-12-23 02:15:16+00:00", "altitude_ft": 4962.6, "tas_kt": 214.9, "gs_kt": 214.9, "track_deg": 98.13675312703951, "phase": "climb"}, "geometry": {"type": "Point", "coordinates": [100.220326, 18.208029, 1512.6]}}, {"type": "Feature", "properties": {"flight_key": "AIQ103_VTCP_VTBS_2025-12-23 02:13", "callsign": "AIQ103", "aircraft_type": "A21N", "adep": "VTCP", "ades": "VTBS", "epoch_ts": "2025-12-23 02:15:36+00:00", "altitude_ft": 5658.4, "tas_kt": 217.1, "gs_kt": 217.1, "track_deg": 98.13675312703951, "phase": "climb"}, "geometry": {"type": "Point", "coordinates": [100.241593, 18.20512, 1724.7]}}, {"type": "Feature", "properties": {"flight_key": "AIQ103_VTCP_VTBS_2025-12-23 02:13", "callsign": "AIQ103", "aircraft_type": "A21N", "adep": "VTCP", "ades": "VTBS", "epoch_ts": "2025-12-23 02:15:57+00:00", "altitude_ft": 6473.9, "tas_kt": 219.7, "gs_kt": 219.7, "track_deg": 119.9935180197131, "phase": "climb"}, "geometry": {"type": "Point", "coordinates": [100.264318, 18.200062, 1973.2]}}, {"type": "Feature", "properties": {"flight_key": "AIQ103_VTCP_VTBS_2025-12-23 02:13", "callsign": "AIQ103", "aircraft_type": "A21N", "adep": "VTCP", "ades": "VTBS", "epoch_ts": "2025-12-23 02:16:21+00:00", "altitude_ft": 7407.3, "tas_kt": 277.9, "gs_kt": 277.9, "track_deg": 185.5769746775365, "phase": "climb"}, "geometry": {"type": "Point", "coordinates": [100.274148, 18.17328, 2257.7]}}, {"type": "Feature", "properties": {"flight_key": "AIQ103_VTCP_VTBS_2025-12-23 02:13", "callsign": "AIQ103", "aircraft_type": "A21N", "adep": "VTCP", "ades": "VTBS", "epoch_ts": "2025-12-23 02:16:41+00:00", "altitude_ft": 8201.0, "tas_kt": 281.2, "gs_kt": 281.2, "track_deg": 185.5769746775365, "phase": "climb"}, "geometry": {"type": "Point", "coordinates": [100.271446, 18.146826, 2499.7]}}, {"type": "Feature", "properties": {"flight_key": "AIQ103_VTCP_VTBS_2025-12-23 02:13", "callsign": "AIQ103", "aircraft_type": "A21N", "adep": "VTCP", "ades": "VTBS", "epoch_ts": "2025-12-23 02:17:01+00:00", "altitude_ft": 8976.5, "tas_kt": 284.4, "gs_kt": 284.4, "track_deg": 185.5769746775365, "phase": "climb"}, "geometry": {"type": "Point", "coordinates": [100.268715, 18.120068, 2736.0]}}, {"type": "Feature", "properties": {"flight_key": "AIQ103_VTCP_VTBS_2025-12-23 02:13", "callsign": "AIQ103", "aircraft_type": "A21N", "adep": "VTCP", "ades": "VTBS", "epoch_ts": "2025-12-23 02:17:21+00:00", "altitude_ft": 9752.0, "tas_kt": 287.6, "gs_kt": 287.6, "track_deg": 185.5769746775365, "phase": "climb"}, "geometry": {"type": "Point", "coordinates": [100.265952, 18.093003, 2972.4]}}, {"type": "Feature", "properties": {"flight_key": "AIQ103_VTCP_VTBS_2025-12-23 02:13", "callsign": "AIQ103", "aircraft_type": "A21N", "adep": "VTCP", "ades": "VTBS", "epoch_ts": "2025-12-23 02:17:41+00:00", "altitude_ft": 10454.9, "tas_kt": 336.3, "gs_kt": 336.3, "track_deg": 185.5769746775365, "phase": "climb"}, "geometry": {"type": "Point", "coordinates": [100.262869, 18.06279, 3186.7]}}, {"type": "Feature", "properties": {"flight_key": "AIQ103_VTCP_VTBS_2025-12-23 02:13", "callsign": "AIQ103", "aircraft_type": "A21N", "adep": "VTCP", "ades": "VTBS", "epoch_ts": "2025-12-23 02:18:01+00:00", "altitude_ft": 11123.7, "tas_kt": 339.6, "gs_kt": 339.6, "track_deg": 185.5769746775365, "phase": "climb"}, "geometry": {"type": "Point", "coordinates": [100.259608, 18.030812, 3390.5]}}, {"type": "Feature", "properties": {"flight_key": "AIQ103_VTCP_VTBS_2025-12-23 02:13", "callsign": "AIQ103", "aircraft_type": "A21N", "adep": "VTCP", "ades": "VTBS", "epoch_ts": "2025-12-23 02:18:21+00:00", "altitude_ft": 11792.6, "tas_kt": 342.9, "gs_kt": 342.9, "track_deg": 186.65599551200236, "phase": "climb"}, "geometry": {"type": "Point", "coordinates": [100.256154, 17.998537, 3594.4]}}, {"type": "Feature", "properties": {"flight_key": "AIQ103_VTCP_VTBS_2025-12-23 02:13", "callsign": "AIQ103", "aircraft_type": "A21N", "adep": "VTCP", "ades": "VTBS", "epoch_ts": "2025-12-23 02:18:41+00:00", "altitude_ft": 12461.8, "tas_kt": 346.3, "gs_kt": 346.3, "track_deg": 186.65599551200236, "phase": "climb"}, "geometry": {"type": "Point", "coordinates": [100.252187, 17.965995, 3798.4]}}, {"type": "Feature", "properties": {"flight_key": "AIQ103_VTCP_VTBS_2025-12-23 02:13", "callsign": "AIQ103", "aircraft_type": "A21N", "adep": "VTCP", "ades": "VTBS", "epoch_ts": "2025-12-23 02:19:01+00:00", "altitude_ft": 13131.1, "tas_kt": 349.7, "gs_kt": 349.7, "track_deg": 186.65599551200236, "phase": "climb"}, "geometry": {"type": "Point", "coordinates": [100.248181, 17.933132, 4002.4]}}, {"type": "Feature", "properties": {"flight_key": "AIQ103_VTCP_VTBS_2025-12-23 02:13", "callsign": "AIQ103", "aircraft_type": "A21N", "adep": "VTCP", "ades": "VTBS", "epoch_ts": "2025-12-23 02:19:21+00:00", "altitude_ft": 13800.4, "tas_kt": 353.1, "gs_kt": 353.1, "track_deg": 186.65599551200236, "phase": "climb"}, "geometry": {"type": "Point", "coordinates": [100.244138, 17.899944, 4206.4]}}, {"type": "Feature", "properties": {"flight_key": "AIQ103_VTCP_VTBS_2025-12-23 02:13", "callsign": "AIQ103", "aircraft_type": "A21N", "adep": "VTCP", "ades": "VTBS", "epoch_ts": "2025-12-23 02:19:41+00:00", "altitude_ft": 14472.0, "tas_kt": 356.7, "gs_kt": 356.7, "track_deg": 186.65599551200236, "phase": "climb"}, "geometry": {"type": "Point", "coordinates": [100.240056, 17.866427, 4411.1]}}, {"type": "Feature", "properties": {"flight_key": "AIQ103_VTCP_VTBS_2025-12-23 02:13", "callsign": "AIQ103", "aircraft_type": "A21N", "adep": "VTCP", "ades": "VTBS", "epoch_ts": "2025-12-23 02:20:01+00:00", "altitude_ft": 15144.5, "tas_kt": 360.2, "gs_kt": 360.2, "track_deg": 186.65599551200236, "phase": "climb"}, "geometry": {"type": "Point", "coordinates": [100.235934, 17.832575, 4616.0]}}, {"type": "Feature", "properties": {"flight_key": "AIQ103_VTCP_VTBS_2025-12-23 02:13", "callsign": "AIQ103", "aircraft_type": "A21N", "adep": "VTCP", "ades": "VTBS", "epoch_ts": "2025-12-23 02:20:21+00:00", "altitude_ft": 15817.0, "tas_kt": 363.8, "gs_kt": 363.8, "track_deg": 186.65599551200236, "phase": "climb"}, "geometry": {"type": "Point", "coordinates": [100.231774, 17.798384, 4821.0]}}, {"type": "Feature", "properties": {"flight_key": "AIQ103_VTCP_VTBS_2025-12-23 02:13", "callsign": "AIQ103", "aircraft_type": "A21N", "adep": "VTCP", "ades": "VTBS", "epoch_ts": "2025-12-23 02:20:41+00:00", "altitude_ft": 16450.4, "tas_kt": 367.3, "gs_kt": 367.3, "track_deg": 186.65599551200236, "phase": "climb"}, "geometry": {"type": "Point", "coordinates": [100.227573, 17.763856, 5014.1]}}, {"type": "Feature", "properties": {"flight_key": "AIQ103_VTCP_VTBS_2025-12-23 02:13", "callsign": "AIQ103", "aircraft_type": "A21N", "adep": "VTCP", "ades": "VTBS", "epoch_ts": "2025-12-23 02:21:01+00:00", "altitude_ft": 17069.2, "tas_kt": 370.7, "gs_kt": 370.7, "track_deg": 186.65599551200236, "phase": "climb"}, "geometry": {"type": "Point", "coordinates": [100.223336, 17.729008, 5202.7]}}, {"type": "Feature", "properties": {"flight_key": "AIQ103_VTCP_VTBS_2025-12-23 02:13", "callsign": "AIQ103", "aircraft_type": "A21N", "adep": "VTCP", "ades": "VTBS", "epoch_ts": "2025-12-23 02:21:21+00:00", "altitude_ft": 17688.1, "tas_kt": 374.1, "gs_kt": 374.1, "track_deg": 186.65599551200236, "phase": "climb"}, "geometry": {"type": "Point", "coordinates": [100.219061, 17.693836, 5391.3]}}, {"type": "Feature", "properties": {"flight_key": "AIQ103_VTCP_VTBS_2025-12-23 02:13", "callsign": "AIQ103", "aircraft_type": "A21N", "adep": "VTCP", "ades": "VTBS", "epoch_ts": "2025-12-23 02:21:41+00:00", "altitude_ft": 18279.6, "tas_kt": 377.5, "gs_kt": 377.5, "track_deg": 186.65599551200236, "phase": "climb"}, "geometry": {"type": "Point", "coordinates": [100.214748, 17.65834, 5571.6]}}, {"type": "Feature", "properties": {"flight_key": "AIQ103_VTCP_VTBS_2025-12-23 02:13", "callsign": "AIQ103", "aircraft_type": "A21N", "adep": "VTCP", "ades": "VTBS", "epoch_ts": "2025-12-23 02:22:01+00:00", "altitude_ft": 18843.5, "tas_kt": 380.7, "gs_kt": 380.7, "track_deg": 174.96420585771077, "phase": "climb"}, "geometry": {"type": "Point", "coordinates": [100.213282, 17.622472, 5743.5]}}, {"type": "Feature", "properties": {"flight_key": "AIQ103_VTCP_VTBS_2025-12-23 02:13", "callsign": "AIQ103", "aircraft_type": "A21N", "adep": "VTCP", "ades": "VTBS", "epoch_ts": "2025-12-23 02:22:21+00:00", "altitude_ft": 19407.3, "tas_kt": 383.9, "gs_kt": 383.9, "track_deg": 174.96420585771077, "phase": "climb"}, "geometry": {"type": "Point", "coordinates": [100.216608, 17.586262, 5915.3]}}, {"type": "Feature", "properties": {"flight_key": "AIQ103_VTCP_VTBS_2025-12-23 02:13", "callsign": "AIQ103", "aircraft_type": "A21N", "adep": "VTCP", "ades": "VTBS", "epoch_ts": "2025-12-23 02:22:41+00:00", "altitude_ft": 19971.1, "tas_kt": 387.2, "gs_kt": 387.2, "track_deg": 174.96420585771077, "phase": "climb"}, "geometry": {"type": "Point", "coordinates": [100.219962, 17.549742, 6087.2]}}, {"type": "Feature", "properties": {"flight_key": "AIQ103_VTCP_VTBS_2025-12-23 02:13", "callsign": "AIQ103", "aircraft_type": "A21N", "adep": "VTCP", "ades": "VTBS", "epoch_ts": "2025-12-23 02:23:01+00:00", "altitude_ft": 20480.9, "tas_kt": 390.2, "gs_kt": 390.2, "track_deg": 174.96420585771077, "phase": "climb"}, "geometry": {"type": "Point", "coordinates": [100.223342, 17.512925, 6242.6]}}, {"type": "Feature", "properties": {"flight_key": "AIQ103_VTCP_VTBS_2025-12-23 02:13", "callsign": "AIQ103", "aircraft_type": "A21N", "adep": "VTCP", "ades": "VTBS", "epoch_ts": "2025-12-23 02:23:21+00:00", "altitude_ft": 20987.7, "tas_kt": 393.2, "gs_kt": 393.2, "track_deg": 174.96420585771077, "phase": "climb"}, "geometry": {"type": "Point", "coordinates": [100.226746, 17.475824, 6397.1]}}, {"type": "Feature", "properties": {"flight_key": "AIQ103_VTCP_VTBS_2025-12-23 02:13", "callsign": "AIQ103", "aircraft_type": "A21N", "adep": "VTCP", "ades": "VTBS", "epoch_ts": "2025-12-23 02:23:41+00:00", "altitude_ft": 21494.6, "tas_kt": 396.2, "gs_kt": 396.2, "track_deg": 174.96420585771077, "phase": "climb"}, "geometry": {"type": "Point", "coordinates": [100.230175, 17.438436, 6551.6]}}, {"type": "Feature", "properties": {"flight_key": "AIQ103_VTCP_VTBS_2025-12-23 02:13", "callsign": "AIQ103", "aircraft_type": "A21N", "adep": "VTCP", "ades": "VTBS", "epoch_ts": "2025-12-23 02:24:01+00:00", "altitude_ft": 22001.2, "tas_kt": 399.3, "gs_kt": 399.3, "track_deg": 174.96420585771077, "phase": "climb"}, "geometry": {"type": "Point", "coordinates": [100.23363, 17.400759, 6706.0]}}, {"type": "Feature", "properties": {"flight_key": "AIQ103_VTCP_VTBS_2025-12-23 02:13", "callsign": "AIQ103", "aircraft_type": "A21N", "adep": "VTCP", "ades": "VTBS", "epoch_ts": "2025-12-23 02:24:21+00:00", "altitude_ft": 22447.9, "tas_kt": 402.0, "gs_kt": 402.0, "track_deg": 174.96420585771077, "phase": "climb"}, "geometry": {"type": "Point", "coordinates": [100.237108, 17.362808, 6842.1]}}, {"type": "Feature", "properties": {"flight_key": "AIQ103_VTCP_VTBS_2025-12-23 02:13", "callsign": "AIQ103", "aircraft_type": "A21N", "adep": "VTCP", "ades": "VTBS", "epoch_ts": "2025-12-23 02:24:41+00:00", "altitude_ft": 22894.6, "tas_kt": 404.8, "gs_kt": 404.8, "track_deg": 174.96420585771077, "phase": "climb"}, "geometry": {"type": "Point", "coordinates": [100.240608, 17.324597, 6978.3]}}, {"type": "Feature", "properties": {"flight_key": "AIQ103_VTCP_VTBS_2025-12-23 02:13", "callsign": "AIQ103", "aircraft_type": "A21N", "adep": "VTCP", "ades": "VTBS", "epoch_ts": "2025-12-23 02:25:01+00:00", "altitude_ft": 23341.2, "tas_kt": 407.6, "gs_kt": 407.6, "track_deg": 174.96420585771077, "phase": "climb"}, "geometry": {"type": "Point", "coordinates": [100.244131, 17.286125, 7114.4]}}, {"type": "Feature", "properties": {"flight_key": "AIQ103_VTCP_VTBS_2025-12-23 02:13", "callsign": "AIQ103", "aircraft_type": "A21N", "adep": "VTCP", "ades": "VTBS", "epoch_ts": "2025-12-23 02:25:21+00:00", "altitude_ft": 23787.9, "tas_kt": 410.3, "gs_kt": 410.3, "track_deg": 174.9562461615688, "phase": "climb"}, "geometry": {"type": "Point", "coordinates": [100.247684, 17.24739, 7250.6]}}, {"type": "Feature", "properties": {"flight_key": "AIQ103_VTCP_VTBS_2025-12-23 02:13", "callsign": "AIQ103", "aircraft_type": "A21N", "adep": "VTCP", "ades": "VTBS", "epoch_ts": "2025-12-23 02:25:41+00:00", "altitude_ft": 24203.0, "tas_kt": 413.0, "gs_kt": 413.0, "track_deg": 174.9562461615688, "phase": "climb"}, "geometry": {"type": "Point", "coordinates": [100.251264, 17.208394, 7377.1]}}, {"type": "Feature", "properties": {"flight_key": "AIQ103_VTCP_VTBS_2025-12-23 02:13", "callsign": "AIQ103", "aircraft_type": "A21N", "adep": "VTCP", "ades": "VTBS", "epoch_ts": "2025-12-23 02:26:01+00:00", "altitude_ft": 24589.5, "tas_kt": 415.4, "gs_kt": 415.4, "track_deg": 174.9562461615688, "phase": "climb"}, "geometry": {"type": "Point", "coordinates": [100.254865, 17.169162, 7494.9]}}, {"type": "Feature", "properties": {"flight_key": "AIQ103_VTCP_VTBS_2025-12-23 02:13", "callsign": "AIQ103", "aircraft_type": "A21N", "adep": "VTCP", "ades": "VTBS", "epoch_ts": "2025-12-23 02:26:21+00:00", "altitude_ft": 24976.0, "tas_kt": 417.9, "gs_kt": 417.9, "track_deg": 174.9562461615688, "phase": "climb"}, "geometry": {"type": "Point", "coordinates": [100.258486, 17.129696, 7612.7]}}, {"type": "Feature", "properties": {"flight_key": "AIQ103_VTCP_VTBS_2025-12-23 02:13", "callsign": "AIQ103", "aircraft_type": "A21N", "adep": "VTCP", "ades": "VTBS", "epoch_ts": "2025-12-23 02:26:41+00:00", "altitude_ft": 25362.5, "tas_kt": 420.4, "gs_kt": 420.4, "track_deg": 174.9562461615688, "phase": "climb"}, "geometry": {"type": "Point", "coordinates": [100.262126, 17.089995, 7730.5]}}, {"type": "Feature", "properties": {"flight_key": "AIQ103_VTCP_VTBS_2025-12-23 02:13", "callsign": "AIQ103", "aircraft_type": "A21N", "adep": "VTCP", "ades": "VTBS", "epoch_ts": "2025-12-23 02:27:01+00:00", "altitude_ft": 25749.0, "tas_kt": 422.9, "gs_kt": 422.9, "track_deg": 174.9562461615688, "phase": "climb"}, "geometry": {"type": "Point", "coordinates": [100.265787, 17.050056, 7848.3]}}, {"type": "Feature", "properties": {"flight_key": "AIQ103_VTCP_VTBS_2025-12-23 02:13", "callsign": "AIQ103", "aircraft_type": "A21N", "adep": "VTCP", "ades": "VTBS", "epoch_ts": "2025-12-23 02:27:21+00:00", "altitude_ft": 26118.6, "tas_kt": 425.3, "gs_kt": 425.3, "track_deg": 174.9562461615688, "phase": "climb"}, "geometry": {"type": "Point", "coordinates": [100.269468, 17.009881, 7960.9]}}, {"type": "Feature", "properties": {"flight_key": "AIQ103_VTCP_VTBS_2025-12-23 02:13", "callsign": "AIQ103", "aircraft_type": "A21N", "adep": "VTCP", "ades": "VTBS", "epoch_ts": "2025-12-23 02:27:41+00:00", "altitude_ft": 26457.1, "tas_kt": 427.5, "gs_kt": 427.5, "track_deg": 174.9562461615688, "phase": "climb"}, "geometry": {"type": "Point", "coordinates": [100.273167, 16.969489, 8064.1]}}, {"type": "Feature", "properties": {"flight_key": "AIQ103_VTCP_VTBS_2025-12-23 02:13", "callsign": "AIQ103", "aircraft_type": "A21N", "adep": "VTCP", "ades": "VTBS", "epoch_ts": "2025-12-23 02:28:01+00:00", "altitude_ft": 26795.6, "tas_kt": 429.8, "gs_kt": 429.8, "track_deg": 174.9562461615688, "phase": "climb"}, "geometry": {"type": "Point", "coordinates": [100.276884, 16.928885, 8167.3]}}, {"type": "Feature", "properties": {"flight_key": "AIQ103_VTCP_VTBS_2025-12-23 02:13", "callsign": "AIQ103", "aircraft_type": "A21N", "adep": "VTCP", "ades": "VTBS", "epoch_ts": "2025-12-23 02:28:21+00:00", "altitude_ft": 27134.1, "tas_kt": 432.0, "gs_kt": 432.0, "track_deg": 174.9562461615688, "phase": "climb"}, "geometry": {"type": "Point", "coordinates": [100.280619, 16.888068, 8270.5]}}, {"type": "Feature", "properties": {"flight_key": "AIQ103_VTCP_VTBS_2025-12-23 02:13", "callsign": "AIQ103", "aircraft_type": "A21N", "adep": "VTCP", "ades": "VTBS", "epoch_ts": "2025-12-23 02:28:41+00:00", "altitude_ft": 27472.6, "tas_kt": 434.3, "gs_kt": 434.3, "track_deg": 174.9562461615688, "phase": "climb"}, "geometry": {"type": "Point", "coordinates": [100.284372, 16.847036, 8373.6]}}, {"type": "Feature", "properties": {"flight_key": "AIQ103_VTCP_VTBS_2025-12-23 02:13", "callsign": "AIQ103", "aircraft_type": "A21N", "adep": "VTCP", "ades": "VTBS", "epoch_ts": "2025-12-23 02:29:01+00:00", "altitude_ft": 27811.1, "tas_kt": 436.6, "gs_kt": 436.6, "track_deg": 174.9562461615688, "phase": "climb"}, "geometry": {"type": "Point", "coordinates": [100.288143, 16.805788, 8476.8]}}, {"type": "Feature", "properties": {"flight_key": "AIQ103_VTCP_VTBS_2025-12-23 02:13", "callsign": "AIQ103", "aircraft_type": "A21N", "adep": "VTCP", "ades": "VTBS", "epoch_ts": "2025-12-23 02:29:21+00:00", "altitude_ft": 28140.2, "tas_kt": 438.8, "gs_kt": 438.8, "track_deg": 179.78566343283663, "phase": "climb"}, "geometry": {"type": "Point", "coordinates": [100.291412, 16.764293, 8577.1]}}, {"type": "Feature", "properties": {"flight_key": "AIQ103_VTCP_VTBS_2025-12-23 02:13", "callsign": "AIQ103", "aircraft_type": "A21N", "adep": "VTCP", "ades": "VTBS", "epoch_ts": "2025-12-23 02:29:41+00:00", "altitude_ft": 28457.4, "tas_kt": 441.0, "gs_kt": 441.0, "track_deg": 179.78566343283663, "phase": "climb"}, "geometry": {"type": "Point", "coordinates": [100.291575, 16.722462, 8673.8]}}, {"type": "Feature", "properties": {"flight_key": "AIQ103_VTCP_VTBS_2025-12-23 02:13", "callsign": "AIQ103", "aircraft_type": "A21N", "adep": "VTCP", "ades": "VTBS", "epoch_ts": "2025-12-23 02:30:01+00:00", "altitude_ft": 28774.5, "tas_kt": 443.2, "gs_kt": 443.2, "track_deg": 179.78566343283663, "phase": "climb"}, "geometry": {"type": "Point", "coordinates": [100.291738, 16.680423, 8770.5]}}, {"type": "Feature", "properties": {"flight_key": "AIQ103_VTCP_VTBS_2025-12-23 02:13", "callsign": "AIQ103", "aircraft_type": "A21N", "adep": "VTCP", "ades": "VTBS", "epoch_ts": "2025-12-23 02:30:21+00:00", "altitude_ft": 29091.7, "tas_kt": 445.4, "gs_kt": 445.4, "track_deg": 179.78566343283663, "phase": "climb"}, "geometry": {"type": "Point", "coordinates": [100.291902, 16.638177, 8867.2]}}, {"type": "Feature", "properties": {"flight_key": "AIQ103_VTCP_VTBS_2025-12-23 02:13", "callsign": "AIQ103", "aircraft_type": "A21N", "adep": "VTCP", "ades": "VTBS", "epoch_ts": "2025-12-23 02:30:41+00:00", "altitude_ft": 29408.9, "tas_kt": 447.6, "gs_kt": 447.6, "track_deg": 179.78566343283663, "phase": "climb"}, "geometry": {"type": "Point", "coordinates": [100.292066, 16.595722, 8963.8]}}, {"type": "Feature", "properties": {"flight_key": "AIQ103_VTCP_VTBS_2025-12-23 02:13", "callsign": "AIQ103", "aircraft_type": "A21N", "adep": "VTCP", "ades": "VTBS", "epoch_ts": "2025-12-23 02:31:01+00:00", "altitude_ft": 29726.0, "tas_kt": 449.8, "gs_kt": 449.8, "track_deg": 179.78566343283663, "phase": "climb"}, "geometry": {"type": "Point", "coordinates": [100.292232, 16.553056, 9060.5]}}, {"type": "Feature", "properties": {"flight_key": "AIQ103_VTCP_VTBS_2025-12-23 02:13", "callsign": "AIQ103", "aircraft_type": "A21N", "adep": "VTCP", "ades": "VTBS", "epoch_ts": "2025-12-23 02:31:21+00:00", "altitude_ft": 30042.7, "tas_kt": 465.5, "gs_kt": 465.5, "track_deg": 179.78566343283663, "phase": "climb"}, "geometry": {"type": "Point", "coordinates": [100.292397, 16.510309, 9157.0]}}, {"type": "Feature", "properties": {"flight_key": "AIQ103_VTCP_VTBS_2025-12-23 02:13", "callsign": "AIQ103", "aircraft_type": "A21N", "adep": "VTCP", "ades": "VTBS", "epoch_ts": "2025-12-23 02:31:41+00:00", "altitude_ft": 30356.0, "tas_kt": 464.8, "gs_kt": 464.8, "track_deg": 179.78566343283663, "phase": "climb"}, "geometry": {"type": "Point", "coordinates": [100.292567, 16.46655, 9252.5]}}, {"type": "Feature", "properties": {"flight_key": "AIQ103_VTCP_VTBS_2025-12-23 02:13", "callsign": "AIQ103", "aircraft_type": "A21N", "adep": "VTCP", "ades": "VTBS", "epoch_ts": "2025-12-23 02:32:01+00:00", "altitude_ft": 30669.4, "tas_kt": 464.2, "gs_kt": 464.2, "track_deg": 179.78566343283663, "phase": "climb"}, "geometry": {"type": "Point", "coordinates": [100.292736, 16.42285, 9348.0]}}, {"type": "Feature", "properties": {"flight_key": "AIQ103_VTCP_VTBS_2025-12-23 02:13", "callsign": "AIQ103", "aircraft_type": "A21N", "adep": "VTCP", "ades": "VTBS", "epoch_ts": "2025-12-23 02:32:21+00:00", "altitude_ft": 30982.7, "tas_kt": 463.6, "gs_kt": 463.6, "track_deg": 179.78566343283663, "phase": "climb"}, "geometry": {"type": "Point", "coordinates": [100.292904, 16.379209, 9443.5]}}, {"type": "Feature", "properties": {"flight_key": "AIQ103_VTCP_VTBS_2025-12-23 02:13", "callsign": "AIQ103", "aircraft_type": "A21N", "adep": "VTCP", "ades": "VTBS", "epoch_ts": "2025-12-23 02:32:41+00:00", "altitude_ft": 31296.0, "tas_kt": 462.9, "gs_kt": 462.9, "track_deg": 179.78566343283663, "phase": "climb"}, "geometry": {"type": "Point", "coordinates": [100.293073, 16.335628, 9539.0]}}, {"type": "Feature", "properties": {"flight_key": "AIQ103_VTCP_VTBS_2025-12-23 02:13", "callsign": "AIQ103", "aircraft_type": "A21N", "adep": "VTCP", "ades": "VTBS", "epoch_ts": "2025-12-23 02:33:01+00:00", "altitude_ft": 31609.4, "tas_kt": 462.3, "gs_kt": 462.3, "track_deg": 179.78566343283663, "phase": "climb"}, "geometry": {"type": "Point", "coordinates": [100.293241, 16.292107, 9634.5]}}, {"type": "Feature", "properties": {"flight_key": "AIQ103_VTCP_VTBS_2025-12-23 02:13", "callsign": "AIQ103", "aircraft_type": "A21N", "adep": "VTCP", "ades": "VTBS", "epoch_ts": "2025-12-23 02:33:21+00:00", "altitude_ft": 31922.7, "tas_kt": 461.7, "gs_kt": 461.7, "track_deg": 179.76650014853888, "phase": "climb"}, "geometry": {"type": "Point", "coordinates": [100.293416, 16.248645, 9730.0]}}, {"type": "Feature", "properties": {"flight_key": "AIQ103_VTCP_VTBS_2025-12-23 02:13", "callsign": "AIQ103", "aircraft_type": "A21N", "adep": "VTCP", "ades": "VTBS", "epoch_ts": "2025-12-23 02:33:41+00:00", "altitude_ft": 32000.0, "tas_kt": 461.5, "gs_kt": 461.5, "track_deg": 179.76650014853888, "phase": "cruise"}, "geometry": {"type": "Point", "coordinates": [100.293599, 16.205226, 9753.6]}}, {"type": "Feature", "properties": {"flight_key": "AIQ103_VTCP_VTBS_2025-12-23 02:13", "callsign": "AIQ103", "aircraft_type": "A21N", "adep": "VTCP", "ades": "VTBS", "epoch_ts": "2025-12-23 02:34:01+00:00", "altitude_ft": 32000.0, "tas_kt": 461.5, "gs_kt": 461.5, "track_deg": 179.76650014853888, "phase": "cruise"}, "geometry": {"type": "Point", "coordinates": [100.293782, 16.161809, 9753.6]}}, {"type": "Feature", "properties": {"flight_key": "AIQ103_VTCP_VTBS_2025-12-23 02:13", "callsign": "AIQ103", "aircraft_type": "A21N", "adep": "VTCP", "ades": "VTBS", "epoch_ts": "2025-12-23 02:34:21+00:00", "altitude_ft": 32000.0, "tas_kt": 461.5, "gs_kt": 461.5, "track_deg": 179.76650014853888, "phase": "cruise"}, "geometry": {"type": "Point", "coordinates": [100.293965, 16.118391, 9753.6]}}, {"type": "Feature", "properties": {"flight_key": "AIQ103_VTCP_VTBS_2025-12-23 02:13", "callsign": "AIQ103", "aircraft_type": "A21N", "adep": "VTCP", "ades": "VTBS", "epoch_ts": "2025-12-23 02:34:41+00:00", "altitude_ft": 32000.0, "tas_kt": 461.5, "gs_kt": 461.5, "track_deg": 179.76650014853888, "phase": "cruise"}, "geometry": {"type": "Point", "coordinates": [100.294148, 16.074974, 9753.6]}}, {"type": "Feature", "properties": {"flight_key": "AIQ103_VTCP_VTBS_2025-12-23 02:13", "callsign": "AIQ103", "aircraft_type": "A21N", "adep": "VTCP", "ades": "VTBS", "epoch_ts": "2025-12-23 02:35:01+00:00", "altitude_ft": 32000.0, "tas_kt": 461.5, "gs_kt": 461.5, "track_deg": 179.76650014853888, "phase": "cruise"}, "geometry": {"type": "Point", "coordinates": [100.294331, 16.031556, 9753.6]}}, {"type": "Feature", "properties": {"flight_key": "AIQ103_VTCP_VTBS_2025-12-23 02:13", "callsign": "AIQ103", "aircraft_type": "A21N", "adep": "VTCP", "ades": "VTBS", "epoch_ts": "2025-12-23 02:35:21+00:00", "altitude_ft": 32000.0, "tas_kt": 461.5, "gs_kt": 461.5, "track_deg": 179.76650014853888, "phase": "cruise"}, "geometry": {"type": "Point", "coordinates": [100.294514, 15.988138, 9753.6]}}, {"type": "Feature", "properties": {"flight_key": "AIQ103_VTCP_VTBS_2025-12-23 02:13", "callsign": "AIQ103", "aircraft_type": "A21N", "adep": "VTCP", "ades": "VTBS", "epoch_ts": "2025-12-23 02:35:41+00:00", "altitude_ft": 32000.0, "tas_kt": 461.5, "gs_kt": 461.5, "track_deg": 179.76650014853888, "phase": "cruise"}, "geometry": {"type": "Point", "coordinates": [100.294696, 15.944719, 9753.6]}}, {"type": "Feature", "properties": {"flight_key": "AIQ103_VTCP_VTBS_2025-12-23 02:13", "callsign": "AIQ103", "aircraft_type": "A21N", "adep": "VTCP", "ades": "VTBS", "epoch_ts": "2025-12-23 02:36:01+00:00", "altitude_ft": 32000.0, "tas_kt": 461.5, "gs_kt": 461.5, "track_deg": 179.76650014853888, "phase": "cruise"}, "geometry": {"type": "Point", "coordinates": [100.294879, 15.901301, 9753.6]}}, {"type": "Feature", "properties": {"flight_key": "AIQ103_VTCP_VTBS_2025-12-23 02:13", "callsign": "AIQ103", "aircraft_type": "A21N", "adep": "VTCP", "ades": "VTBS", "epoch_ts": "2025-12-23 02:36:21+00:00", "altitude_ft": 32000.0, "tas_kt": 461.5, "gs_kt": 461.5, "track_deg": 179.76650014853888, "phase": "cruise"}, "geometry": {"type": "Point", "coordinates": [100.295061, 15.857882, 9753.6]}}, {"type": "Feature", "properties": {"flight_key": "AIQ103_VTCP_VTBS_2025-12-23 02:13", "callsign": "AIQ103", "aircraft_type": "A21N", "adep": "VTCP", "ades": "VTBS", "epoch_ts": "2025-12-23 02:36:41+00:00", "altitude_ft": 32000.0, "tas_kt": 461.5, "gs_kt": 461.5, "track_deg": 179.76650014853888, "phase": "cruise"}, "geometry": {"type": "Point", "coordinates": [100.295244, 15.814464, 9753.6]}}, {"type": "Feature", "properties": {"flight_key": "AIQ103_VTCP_VTBS_2025-12-23 02:13", "callsign": "AIQ103", "aircraft_type": "A21N", "adep": "VTCP", "ades": "VTBS", "epoch_ts": "2025-12-23 02:37:01+00:00", "altitude_ft": 32000.0, "tas_kt": 461.5, "gs_kt": 461.5, "track_deg": 179.76650014853888, "phase": "cruise"}, "geometry": {"type": "Point", "coordinates": [100.295426, 15.771045, 9753.6]}}, {"type": "Feature", "properties": {"flight_key": "AIQ103_VTCP_VTBS_2025-12-23 02:13", "callsign": "AIQ103", "aircraft_type": "A21N", "adep": "VTCP", "ades": "VTBS", "epoch_ts": "2025-12-23 02:37:21+00:00", "altitude_ft": 32000.0, "tas_kt": 461.5, "gs_kt": 461.5, "track_deg": 179.76650014853888, "phase": "cruise"}, "geometry": {"type": "Point", "coordinates": [100.295608, 15.727626, 9753.6]}}, {"type": "Feature", "properties": {"flight_key": "AIQ103_VTCP_VTBS_2025-12-23 02:13", "callsign": "AIQ103", "aircraft_type": "A21N", "adep": "VTCP", "ades": "VTBS", "epoch_ts": "2025-12-23 02:37:41+00:00", "altitude_ft": 32000.0, "tas_kt": 461.5, "gs_kt": 461.5, "track_deg": 179.76650014853888, "phase": "cruise"}, "geometry": {"type": "Point", "coordinates": [100.29579, 15.684206, 9753.6]}}, {"type": "Feature", "properties": {"flight_key": "AIQ103_VTCP_VTBS_2025-12-23 02:13", "callsign": "AIQ103", "aircraft_type": "A21N", "adep": "VTCP", "ades": "VTBS", "epoch_ts": "2025-12-23 02:38:01+00:00", "altitude_ft": 32000.0, "tas_kt": 461.5, "gs_kt": 461.5, "track_deg": 179.76650014853888, "phase": "cruise"}, "geometry": {"type": "Point", "coordinates": [100.295972, 15.640787, 9753.6]}}, {"type": "Feature", "properties": {"flight_key": "AIQ103_VTCP_VTBS_2025-12-23 02:13", "callsign": "AIQ103", "aircraft_type": "A21N", "adep": "VTCP", "ades": "VTBS", "epoch_ts": "2025-12-23 02:38:21+00:00", "altitude_ft": 32000.0, "tas_kt": 461.5, "gs_kt": 461.5, "track_deg": 179.76650014853888, "phase": "cruise"}, "geometry": {"type": "Point", "coordinates": [100.296154, 15.597367, 9753.6]}}, {"type": "Feature", "properties": {"flight_key": "AIQ103_VTCP_VTBS_2025-12-23 02:13", "callsign": "AIQ103", "aircraft_type": "A21N", "adep": "VTCP", "ades": "VTBS", "epoch_ts": "2025-12-23 02:38:41+00:00", "altitude_ft": 32000.0, "tas_kt": 461.5, "gs_kt": 461.5, "track_deg": 179.76650014853888, "phase": "cruise"}, "geometry": {"type": "Point", "coordinates": [100.296336, 15.553947, 9753.6]}}, {"type": "Feature", "properties": {"flight_key": "AIQ103_VTCP_VTBS_2025-12-23 02:13", "callsign": "AIQ103", "aircraft_type": "A21N", "adep": "VTCP", "ades": "VTBS", "epoch_ts": "2025-12-23 02:39:01+00:00", "altitude_ft": 32000.0, "tas_kt": 461.5, "gs_kt": 461.5, "track_deg": 179.76650014853888, "phase": "cruise"}, "geometry": {"type": "Point", "coordinates": [100.296518, 15.510527, 9753.6]}}, {"type": "Feature", "properties": {"flight_key": "AIQ103_VTCP_VTBS_2025-12-23 02:13", "callsign": "AIQ103", "aircraft_type": "A21N", "adep": "VTCP", "ades": "VTBS", "epoch_ts": "2025-12-23 02:39:21+00:00", "altitude_ft": 31621.8, "tas_kt": 461.5, "gs_kt": 461.5, "track_deg": 179.76650014853888, "phase": "descent"}, "geometry": {"type": "Point", "coordinates": [100.2967, 15.467107, 9638.3]}}, {"type": "Feature", "properties": {"flight_key": "AIQ103_VTCP_VTBS_2025-12-23 02:13", "callsign": "AIQ103", "aircraft_type": "A21N", "adep": "VTCP", "ades": "VTBS", "epoch_ts": "2025-12-23 02:39:41+00:00", "altitude_ft": 30919.4, "tas_kt": 461.5, "gs_kt": 461.5, "track_deg": 179.76650014853888, "phase": "descent"}, "geometry": {"type": "Point", "coordinates": [100.296882, 15.423687, 9424.2]}}, {"type": "Feature", "properties": {"flight_key": "AIQ103_VTCP_VTBS_2025-12-23 02:13", "callsign": "AIQ103", "aircraft_type": "A21N", "adep": "VTCP", "ades": "VTBS", "epoch_ts": "2025-12-23 02:40:01+00:00", "altitude_ft": 30216.8, "tas_kt": 461.9, "gs_kt": 461.9, "track_deg": 179.76650014853888, "phase": "descent"}, "geometry": {"type": "Point", "coordinates": [100.297063, 15.38026, 9210.1]}}, {"type": "Feature", "properties": {"flight_key": "AIQ103_VTCP_VTBS_2025-12-23 02:13", "callsign": "AIQ103", "aircraft_type": "A21N", "adep": "VTCP", "ades": "VTBS", "epoch_ts": "2025-12-23 02:40:21+00:00", "altitude_ft": 29512.8, "tas_kt": 463.2, "gs_kt": 463.2, "track_deg": 179.76650014853888, "phase": "descent"}, "geometry": {"type": "Point", "coordinates": [100.297245, 15.33674, 8995.5]}}, {"type": "Feature", "properties": {"flight_key": "AIQ103_VTCP_VTBS_2025-12-23 02:13", "callsign": "AIQ103", "aircraft_type": "A21N", "adep": "VTCP", "ades": "VTBS", "epoch_ts": "2025-12-23 02:40:41+00:00", "altitude_ft": 28809.1, "tas_kt": 429.3, "gs_kt": 429.3, "track_deg": 179.76650014853888, "phase": "descent"}, "geometry": {"type": "Point", "coordinates": [100.297427, 15.293244, 8781.0]}}, {"type": "Feature", "properties": {"flight_key": "AIQ103_VTCP_VTBS_2025-12-23 02:13", "callsign": "AIQ103", "aircraft_type": "A21N", "adep": "VTCP", "ades": "VTBS", "epoch_ts": "2025-12-23 02:41:01+00:00", "altitude_ft": 28159.1, "tas_kt": 424.9, "gs_kt": 424.9, "track_deg": 149.1663192404508, "phase": "descent"}, "geometry": {"type": "Point", "coordinates": [100.309785, 15.255854, 8582.9]}}, {"type": "Feature", "properties": {"flight_key": "AIQ103_VTCP_VTBS_2025-12-23 02:13", "callsign": "AIQ103", "aircraft_type": "A21N", "adep": "VTCP", "ades": "VTBS", "epoch_ts": "2025-12-23 02:41:21+00:00", "altitude_ft": 27375.8, "tas_kt": 419.7, "gs_kt": 419.7, "track_deg": 149.1663192404508, "phase": "descent"}, "geometry": {"type": "Point", "coordinates": [100.33534, 15.214279, 8344.1]}}, {"type": "Feature", "properties": {"flight_key": "AIQ103_VTCP_VTBS_2025-12-23 02:13", "callsign": "AIQ103", "aircraft_type": "A21N", "adep": "VTCP", "ades": "VTBS", "epoch_ts": "2025-12-23 02:41:41+00:00", "altitude_ft": 26576.6, "tas_kt": 414.5, "gs_kt": 414.5, "track_deg": 149.1663192404508, "phase": "descent"}, "geometry": {"type": "Point", "coordinates": [100.361407, 15.171851, 8100.5]}}, {"type": "Feature", "properties": {"flight_key": "AIQ103_VTCP_VTBS_2025-12-23 02:13", "callsign": "AIQ103", "aircraft_type": "A21N", "adep": "VTCP", "ades": "VTBS", "epoch_ts": "2025-12-23 02:42:01+00:00", "altitude_ft": 25787.0, "tas_kt": 409.5, "gs_kt": 409.5, "track_deg": 149.1663192404508, "phase": "descent"}, "geometry": {"type": "Point", "coordinates": [100.387149, 15.129933, 7859.9]}}, {"type": "Feature", "properties": {"flight_key": "AIQ103_VTCP_VTBS_2025-12-23 02:13", "callsign": "AIQ103", "aircraft_type": "A21N", "adep": "VTCP", "ades": "VTBS", "epoch_ts": "2025-12-23 02:42:21+00:00", "altitude_ft": 25006.9, "tas_kt": 404.5, "gs_kt": 404.5, "track_deg": 149.1663192404508, "phase": "descent"}, "geometry": {"type": "Point", "coordinates": [100.412573, 15.088513, 7622.1]}}, {"type": "Feature", "properties": {"flight_key": "AIQ103_VTCP_VTBS_2025-12-23 02:13", "callsign": "AIQ103", "aircraft_type": "A21N", "adep": "VTCP", "ades": "VTBS", "epoch_ts": "2025-12-23 02:42:41+00:00", "altitude_ft": 24235.9, "tas_kt": 359.0, "gs_kt": 359.0, "track_deg": 149.1663192404508, "phase": "descent"}, "geometry": {"type": "Point", "coordinates": [100.437688, 15.047578, 7387.1]}}, {"type": "Feature", "properties": {"flight_key": "AIQ103_VTCP_VTBS_2025-12-23 02:13", "callsign": "AIQ103", "aircraft_type": "A21N", "adep": "VTCP", "ades": "VTBS", "epoch_ts": "2025-12-23 02:43:01+00:00", "altitude_ft": 23547.4, "tas_kt": 355.1, "gs_kt": 355.1, "track_deg": 149.1663192404508, "phase": "descent"}, "geometry": {"type": "Point", "coordinates": [100.46011, 15.011018, 7177.2]}}, {"type": "Feature", "properties": {"flight_key": "AIQ103_VTCP_VTBS_2025-12-23 02:13", "callsign": "AIQ103", "aircraft_type": "A21N", "adep": "VTCP", "ades": "VTBS", "epoch_ts": "2025-12-23 02:43:21+00:00", "altitude_ft": 22870.7, "tas_kt": 351.4, "gs_kt": 351.4, "track_deg": 149.1663192404508, "phase": "descent"}, "geometry": {"type": "Point", "coordinates": [100.482139, 14.975082, 6971.0]}}, {"type": "Feature", "properties": {"flight_key": "AIQ103_VTCP_VTBS_2025-12-23 02:13", "callsign": "AIQ103", "aircraft_type": "A21N", "adep": "VTCP", "ades": "VTBS", "epoch_ts": "2025-12-23 02:43:41+00:00", "altitude_ft": 22201.1, "tas_kt": 347.7, "gs_kt": 347.7, "track_deg": 149.1663192404508, "phase": "descent"}, "geometry": {"type": "Point", "coordinates": [100.503931, 14.939519, 6766.9]}}, {"type": "Feature", "properties": {"flight_key": "AIQ103_VTCP_VTBS_2025-12-23 02:13", "callsign": "AIQ103", "aircraft_type": "A21N", "adep": "VTCP", "ades": "VTBS", "epoch_ts": "2025-12-23 02:44:01+00:00", "altitude_ft": 21538.3, "tas_kt": 344.1, "gs_kt": 344.1, "track_deg": 149.1663192404508, "phase": "descent"}, "geometry": {"type": "Point", "coordinates": [100.525492, 14.90432, 6564.9]}}, {"type": "Feature", "properties": {"flight_key": "AIQ103_VTCP_VTBS_2025-12-23 02:13", "callsign": "AIQ103", "aircraft_type": "A21N", "adep": "VTCP", "ades": "VTBS", "epoch_ts": "2025-12-23 02:44:21+00:00", "altitude_ft": 20882.3, "tas_kt": 340.6, "gs_kt": 340.6, "track_deg": 149.1663192404508, "phase": "descent"}, "geometry": {"type": "Point", "coordinates": [100.546827, 14.869477, 6364.9]}}, {"type": "Feature", "properties": {"flight_key": "AIQ103_VTCP_VTBS_2025-12-23 02:13", "callsign": "AIQ103", "aircraft_type": "A21N", "adep": "VTCP", "ades": "VTBS", "epoch_ts": "2025-12-23 02:44:41+00:00", "altitude_ft": 20232.8, "tas_kt": 337.2, "gs_kt": 337.2, "track_deg": 149.1663192404508, "phase": "descent"}, "geometry": {"type": "Point", "coordinates": [100.567941, 14.834981, 6167.0]}}, {"type": "Feature", "properties": {"flight_key": "AIQ103_VTCP_VTBS_2025-12-23 02:13", "callsign": "AIQ103", "aircraft_type": "A21N", "adep": "VTCP", "ades": "VTBS", "epoch_ts": "2025-12-23 02:45:01+00:00", "altitude_ft": 19589.9, "tas_kt": 333.8, "gs_kt": 333.8, "track_deg": 149.1663192404508, "phase": "descent"}, "geometry": {"type": "Point", "coordinates": [100.588839, 14.800826, 5971.0]}}, {"type": "Feature", "properties": {"flight_key": "AIQ103_VTCP_VTBS_2025-12-23 02:13", "callsign": "AIQ103", "aircraft_type": "A21N", "adep": "VTCP", "ades": "VTBS", "epoch_ts": "2025-12-23 02:45:21+00:00", "altitude_ft": 18953.2, "tas_kt": 330.5, "gs_kt": 330.5, "track_deg": 149.1663192404508, "phase": "descent"}, "geometry": {"type": "Point", "coordinates": [100.609526, 14.767003, 5776.9]}}, {"type": "Feature", "properties": {"flight_key": "AIQ103_VTCP_VTBS_2025-12-23 02:13", "callsign": "AIQ103", "aircraft_type": "A21N", "adep": "VTCP", "ades": "VTBS", "epoch_ts": "2025-12-23 02:45:41+00:00", "altitude_ft": 18322.6, "tas_kt": 327.3, "gs_kt": 327.3, "track_deg": 149.1663192404508, "phase": "descent"}, "geometry": {"type": "Point", "coordinates": [100.630006, 14.733506, 5584.7]}}, {"type": "Feature", "properties": {"flight_key": "AIQ103_VTCP_VTBS_2025-12-23 02:13", "callsign": "AIQ103", "aircraft_type": "A21N", "adep": "VTCP", "ades": "VTBS", "epoch_ts": "2025-12-23 02:46:01+00:00", "altitude_ft": 18000.0, "tas_kt": 325.7, "gs_kt": 325.7, "track_deg": 163.30491418266482, "phase": "descent"}, "geometry": {"type": "Point", "coordinates": [100.64539, 14.698104, 5486.4]}}, {"type": "Feature", "properties": {"flight_key": "AIQ103_VTCP_VTBS_2025-12-23 02:13", "callsign": "AIQ103", "aircraft_type": "A21N", "adep": "VTCP", "ades": "VTBS", "epoch_ts": "2025-12-23 02:46:21+00:00", "altitude_ft": 18000.0, "tas_kt": 325.7, "gs_kt": 325.7, "track_deg": 163.30491418266482, "phase": "descent"}, "geometry": {"type": "Point", "coordinates": [100.656771, 14.661161, 5486.4]}}, {"type": "Feature", "properties": {"flight_key": "AIQ103_VTCP_VTBS_2025-12-23 02:13", "callsign": "AIQ103", "aircraft_type": "A21N", "adep": "VTCP", "ades": "VTBS", "epoch_ts": "2025-12-23 02:46:41+00:00", "altitude_ft": 18000.0, "tas_kt": 287.6, "gs_kt": 287.6, "track_deg": 163.30491418266482, "phase": "descent"}, "geometry": {"type": "Point", "coordinates": [100.667553, 14.626149, 5486.4]}}, {"type": "Feature", "properties": {"flight_key": "AIQ103_VTCP_VTBS_2025-12-23 02:13", "callsign": "AIQ103", "aircraft_type": "A21N", "adep": "VTCP", "ades": "VTBS", "epoch_ts": "2025-12-23 02:47:01+00:00", "altitude_ft": 18000.0, "tas_kt": 287.6, "gs_kt": 287.6, "track_deg": 163.30491418266482, "phase": "descent"}, "geometry": {"type": "Point", "coordinates": [100.677596, 14.593523, 5486.4]}}, {"type": "Feature", "properties": {"flight_key": "AIQ103_VTCP_VTBS_2025-12-23 02:13", "callsign": "AIQ103", "aircraft_type": "A21N", "adep": "VTCP", "ades": "VTBS", "epoch_ts": "2025-12-23 02:47:21+00:00", "altitude_ft": 18000.0, "tas_kt": 287.6, "gs_kt": 287.6, "track_deg": 163.31154804065102, "phase": "descent"}, "geometry": {"type": "Point", "coordinates": [100.687638, 14.560897, 5486.4]}}, {"type": "Feature", "properties": {"flight_key": "AIQ103_VTCP_VTBS_2025-12-23 02:13", "callsign": "AIQ103", "aircraft_type": "A21N", "adep": "VTCP", "ades": "VTBS", "epoch_ts": "2025-12-23 02:47:41+00:00", "altitude_ft": 18000.0, "tas_kt": 287.6, "gs_kt": 287.6, "track_deg": 163.31154804065102, "phase": "descent"}, "geometry": {"type": "Point", "coordinates": [100.697678, 14.528271, 5486.4]}}, {"type": "Feature", "properties": {"flight_key": "AIQ103_VTCP_VTBS_2025-12-23 02:13", "callsign": "AIQ103", "aircraft_type": "A21N", "adep": "VTCP", "ades": "VTBS", "epoch_ts": "2025-12-23 02:48:01+00:00", "altitude_ft": 18000.0, "tas_kt": 287.6, "gs_kt": 287.6, "track_deg": 163.31154804065102, "phase": "descent"}, "geometry": {"type": "Point", "coordinates": [100.707715, 14.495645, 5486.4]}}, {"type": "Feature", "properties": {"flight_key": "AIQ103_VTCP_VTBS_2025-12-23 02:13", "callsign": "AIQ103", "aircraft_type": "A21N", "adep": "VTCP", "ades": "VTBS", "epoch_ts": "2025-12-23 02:48:21+00:00", "altitude_ft": 17723.3, "tas_kt": 286.4, "gs_kt": 286.4, "track_deg": 163.31154804065102, "phase": "descent"}, "geometry": {"type": "Point", "coordinates": [100.717738, 14.463054, 5402.1]}}, {"type": "Feature", "properties": {"flight_key": "AIQ103_VTCP_VTBS_2025-12-23 02:13", "callsign": "AIQ103", "aircraft_type": "A21N", "adep": "VTCP", "ades": "VTBS", "epoch_ts": "2025-12-23 02:48:41+00:00", "altitude_ft": 17177.0, "tas_kt": 284.0, "gs_kt": 284.0, "track_deg": 194.42519405226795, "phase": "descent"}, "geometry": {"type": "Point", "coordinates": [100.718217, 14.430019, 5235.5]}}, {"type": "Feature", "properties": {"flight_key": "AIQ103_VTCP_VTBS_2025-12-23 02:13", "callsign": "AIQ103", "aircraft_type": "A21N", "adep": "VTCP", "ades": "VTBS", "epoch_ts": "2025-12-23 02:49:01+00:00", "altitude_ft": 16635.3, "tas_kt": 281.6, "gs_kt": 281.6, "track_deg": 194.42519405226795, "phase": "descent"}, "geometry": {"type": "Point", "coordinates": [100.709659, 14.397586, 5070.4]}}, {"type": "Feature", "properties": {"flight_key": "AIQ103_VTCP_VTBS_2025-12-23 02:13", "callsign": "AIQ103", "aircraft_type": "A21N", "adep": "VTCP", "ades": "VTBS", "epoch_ts": "2025-12-23 02:49:21+00:00", "altitude_ft": 16098.1, "tas_kt": 279.2, "gs_kt": 279.2, "track_deg": 194.42519405226795, "phase": "descent"}, "geometry": {"type": "Point", "coordinates": [100.701174, 14.365422, 4906.7]}}, {"type": "Feature", "properties": {"flight_key": "AIQ103_VTCP_VTBS_2025-12-23 02:13", "callsign": "AIQ103", "aircraft_type": "A21N", "adep": "VTCP", "ades": "VTBS", "epoch_ts": "2025-12-23 02:49:41+00:00", "altitude_ft": 15565.3, "tas_kt": 277.0, "gs_kt": 277.0, "track_deg": 194.42519405226795, "phase": "descent"}, "geometry": {"type": "Point", "coordinates": [100.692761, 14.333522, 4744.3]}}, {"type": "Feature", "properties": {"flight_key": "AIQ103_VTCP_VTBS_2025-12-23 02:13", "callsign": "AIQ103", "aircraft_type": "A21N", "adep": "VTCP", "ades": "VTBS", "epoch_ts": "2025-12-23 02:50:01+00:00", "altitude_ft": 15036.8, "tas_kt": 274.7, "gs_kt": 274.7, "track_deg": 194.42519405226795, "phase": "descent"}, "geometry": {"type": "Point", "coordinates": [100.684419, 14.301881, 4583.2]}}, {"type": "Feature", "properties": {"flight_key": "AIQ103_VTCP_VTBS_2025-12-23 02:13", "callsign": "AIQ103", "aircraft_type": "A21N", "adep": "VTCP", "ades": "VTBS", "epoch_ts": "2025-12-23 02:50:21+00:00", "altitude_ft": 14512.6, "tas_kt": 272.5, "gs_kt": 272.5, "track_deg": 194.42519405226795, "phase": "descent"}, "geometry": {"type": "Point", "coordinates": [100.676146, 14.270494, 4423.4]}}, {"type": "Feature", "properties": {"flight_key": "AIQ103_VTCP_VTBS_2025-12-23 02:13", "callsign": "AIQ103", "aircraft_type": "A21N", "adep": "VTCP", "ades": "VTBS", "epoch_ts": "2025-12-23 02:50:41+00:00", "altitude_ft": 13992.6, "tas_kt": 270.3, "gs_kt": 270.3, "track_deg": 194.40569362049712, "phase": "descent"}, "geometry": {"type": "Point", "coordinates": [100.667942, 14.239356, 4264.9]}}, {"type": "Feature", "properties": {"flight_key": "AIQ103_VTCP_VTBS_2025-12-23 02:13", "callsign": "AIQ103", "aircraft_type": "A21N", "adep": "VTCP", "ades": "VTBS", "epoch_ts": "2025-12-23 02:51:01+00:00", "altitude_ft": 13495.0, "tas_kt": 220.1, "gs_kt": 220.1, "track_deg": 194.40569362049712, "phase": "descent"}, "geometry": {"type": "Point", "coordinates": [100.660098, 14.209561, 4113.3]}}, {"type": "Feature", "properties": {"flight_key": "AIQ103_VTCP_VTBS_2025-12-23 02:13", "callsign": "AIQ103", "aircraft_type": "A21N", "adep": "VTCP", "ades": "VTBS", "epoch_ts": "2025-12-23 02:51:21+00:00", "altitude_ft": 13074.9, "tas_kt": 218.7, "gs_kt": 218.7, "track_deg": 194.40569362049712, "phase": "descent"}, "geometry": {"type": "Point", "coordinates": [100.653478, 14.184412, 3985.2]}}, {"type": "Feature", "properties": {"flight_key": "AIQ103_VTCP_VTBS_2025-12-23 02:13", "callsign": "AIQ103", "aircraft_type": "A21N", "adep": "VTCP", "ades": "VTBS", "epoch_ts": "2025-12-23 02:51:41+00:00", "altitude_ft": 12658.2, "tas_kt": 217.3, "gs_kt": 217.3, "track_deg": 194.40569362049712, "phase": "descent"}, "geometry": {"type": "Point", "coordinates": [100.646912, 14.159459, 3858.2]}}, {"type": "Feature", "properties": {"flight_key": "AIQ103_VTCP_VTBS_2025-12-23 02:13", "callsign": "AIQ103", "aircraft_type": "A21N", "adep": "VTCP", "ades": "VTBS", "epoch_ts": "2025-12-23 02:52:01+00:00", "altitude_ft": 12244.4, "tas_kt": 215.9, "gs_kt": 215.9, "track_deg": 194.40569362049712, "phase": "descent"}, "geometry": {"type": "Point", "coordinates": [100.640392, 14.134679, 3732.1]}}, {"type": "Feature", "properties": {"flight_key": "AIQ103_VTCP_VTBS_2025-12-23 02:13", "callsign": "AIQ103", "aircraft_type": "A21N", "adep": "VTCP", "ades": "VTBS", "epoch_ts": "2025-12-23 02:52:21+00:00", "altitude_ft": 11833.2, "tas_kt": 214.5, "gs_kt": 214.5, "track_deg": 194.40569362049712, "phase": "descent"}, "geometry": {"type": "Point", "coordinates": [100.633915, 14.110055, 3606.8]}}, {"type": "Feature", "properties": {"flight_key": "AIQ103_VTCP_VTBS_2025-12-23 02:13", "callsign": "AIQ103", "aircraft_type": "A21N", "adep": "VTCP", "ades": "VTBS", "epoch_ts": "2025-12-23 02:52:41+00:00", "altitude_ft": 11424.5, "tas_kt": 213.2, "gs_kt": 213.2, "track_deg": 194.40569362049712, "phase": "descent"}, "geometry": {"type": "Point", "coordinates": [100.627479, 14.085584, 3482.2]}}, {"type": "Feature", "properties": {"flight_key": "AIQ103_VTCP_VTBS_2025-12-23 02:13", "callsign": "AIQ103", "aircraft_type": "A21N", "adep": "VTCP", "ades": "VTBS", "epoch_ts": "2025-12-23 02:53:01+00:00", "altitude_ft": 11018.3, "tas_kt": 211.9, "gs_kt": 211.9, "track_deg": 194.40569362049712, "phase": "descent"}, "geometry": {"type": "Point", "coordinates": [100.621085, 14.061263, 3358.4]}}, {"type": "Feature", "properties": {"flight_key": "AIQ103_VTCP_VTBS_2025-12-23 02:13", "callsign": "AIQ103", "aircraft_type": "A21N", "adep": "VTCP", "ades": "VTBS", "epoch_ts": "2025-12-23 02:53:21+00:00", "altitude_ft": 10614.7, "tas_kt": 210.6, "gs_kt": 210.6, "track_deg": 194.40569362049712, "phase": "descent"}, "geometry": {"type": "Point", "coordinates": [100.614731, 14.037092, 3235.4]}}, {"type": "Feature", "properties": {"flight_key": "AIQ103_VTCP_VTBS_2025-12-23 02:13", "callsign": "AIQ103", "aircraft_type": "A21N", "adep": "VTCP", "ades": "VTBS", "epoch_ts": "2025-12-23 02:53:41+00:00", "altitude_ft": 10213.5, "tas_kt": 209.3, "gs_kt": 209.3, "track_deg": 191.91792783171346, "phase": "descent"}, "geometry": {"type": "Point", "coordinates": [100.608435, 14.013063, 3113.1]}}, {"type": "Feature", "properties": {"flight_key": "AIQ103_VTCP_VTBS_2025-12-23 02:13", "callsign": "AIQ103", "aircraft_type": "A21N", "adep": "VTCP", "ades": "VTBS", "epoch_ts": "2025-12-23 02:54:02+00:00", "altitude_ft": 9787.8, "tas_kt": 207.9, "gs_kt": 207.9, "track_deg": 122.36235314892178, "phase": "descent"}, "geometry": {"type": "Point", "coordinates": [100.618422, 13.99053, 2983.3]}}, {"type": "Feature", "properties": {"flight_key": "AIQ103_VTCP_VTBS_2025-12-23 02:13", "callsign": "AIQ103", "aircraft_type": "A21N", "adep": "VTCP", "ades": "VTBS", "epoch_ts": "2025-12-23 02:54:26+00:00", "altitude_ft": 9319.5, "tas_kt": 206.5, "gs_kt": 206.5, "track_deg": 104.98705020910074, "phase": "descent"}, "geometry": {"type": "Point", "coordinates": [100.646819, 13.982391, 2840.6]}}, {"type": "Feature", "properties": {"flight_key": "AIQ103_VTCP_VTBS_2025-12-23 02:13", "callsign": "AIQ103", "aircraft_type": "A21N", "adep": "VTCP", "ades": "VTBS", "epoch_ts": "2025-12-23 02:54:46+00:00", "altitude_ft": 8926.1, "tas_kt": 205.2, "gs_kt": 205.2, "track_deg": 104.98705020910074, "phase": "descent"}, "geometry": {"type": "Point", "coordinates": [100.670881, 13.976097, 2720.7]}}, {"type": "Feature", "properties": {"flight_key": "AIQ103_VTCP_VTBS_2025-12-23 02:13", "callsign": "AIQ103", "aircraft_type": "A21N", "adep": "VTCP", "ades": "VTBS", "epoch_ts": "2025-12-23 02:55:06+00:00", "altitude_ft": 8534.9, "tas_kt": 204.0, "gs_kt": 204.0, "track_deg": 104.98705020910074, "phase": "descent"}, "geometry": {"type": "Point", "coordinates": [100.694801, 13.969837, 2601.4]}}, {"type": "Feature", "properties": {"flight_key": "AIQ103_VTCP_VTBS_2025-12-23 02:13", "callsign": "AIQ103", "aircraft_type": "A21N", "adep": "VTCP", "ades": "VTBS", "epoch_ts": "2025-12-23 02:55:26+00:00", "altitude_ft": 8145.9, "tas_kt": 202.8, "gs_kt": 202.8, "track_deg": 50.22231492189764, "phase": "descent"}, "geometry": {"type": "Point", "coordinates": [100.717993, 13.972831, 2482.9]}}, {"type": "Feature", "properties": {"flight_key": "AIQ103_VTCP_VTBS_2025-12-23 02:13", "callsign": "AIQ103", "aircraft_type": "A21N", "adep": "VTCP", "ades": "VTBS", "epoch_ts": "2025-12-23 02:55:46+00:00", "altitude_ft": 7759.3, "tas_kt": 201.7, "gs_kt": 201.7, "track_deg": 14.506739960258114, "phase": "descent"}, "geometry": {"type": "Point", "coordinates": [100.727447, 13.994388, 2365.0]}}, {"type": "Feature", "properties": {"flight_key": "AIQ103_VTCP_VTBS_2025-12-23 02:13", "callsign": "AIQ103", "aircraft_type": "A21N", "adep": "VTCP", "ades": "VTBS", "epoch_ts": "2025-12-23 02:56:06+00:00", "altitude_ft": 7374.8, "tas_kt": 200.5, "gs_kt": 200.5, "track_deg": 14.506739960258114, "phase": "descent"}, "geometry": {"type": "Point", "coordinates": [100.733545, 14.0174, 2247.8]}}, {"type": "Feature", "properties": {"flight_key": "AIQ103_VTCP_VTBS_2025-12-23 02:13", "callsign": "AIQ103", "aircraft_type": "A21N", "adep": "VTCP", "ades": "VTBS", "epoch_ts": "2025-12-23 02:56:26+00:00", "altitude_ft": 6992.5, "tas_kt": 199.4, "gs_kt": 199.4, "track_deg": 59.9272095296033, "phase": "descent"}, "geometry": {"type": "Point", "coordinates": [100.74507, 14.03724, 2131.3]}}, {"type": "Feature", "properties": {"flight_key": "AIQ103_VTCP_VTBS_2025-12-23 02:13", "callsign": "AIQ103", "aircraft_type": "A21N", "adep": "VTCP", "ades": "VTBS", "epoch_ts": "2025-12-23 02:56:46+00:00", "altitude_ft": 6612.3, "tas_kt": 198.2, "gs_kt": 198.2, "track_deg": 105.36564747750069, "phase": "descent"}, "geometry": {"type": "Point", "coordinates": [100.768312, 14.037072, 2015.4]}}, {"type": "Feature", "properties": {"flight_key": "AIQ103_VTCP_VTBS_2025-12-23 02:13", "callsign": "AIQ103", "aircraft_type": "A21N", "adep": "VTCP", "ades": "VTBS", "epoch_ts": "2025-12-23 02:57:06+00:00", "altitude_ft": 6234.2, "tas_kt": 197.1, "gs_kt": 197.1, "track_deg": 105.36564747750069, "phase": "descent"}, "geometry": {"type": "Point", "coordinates": [100.791395, 14.030877, 1900.2]}}, {"type": "Feature", "properties": {"flight_key": "AIQ103_VTCP_VTBS_2025-12-23 02:13", "callsign": "AIQ103", "aircraft_type": "A21N", "adep": "VTCP", "ades": "VTBS", "epoch_ts": "2025-12-23 02:57:26+00:00", "altitude_ft": 5858.3, "tas_kt": 196.0, "gs_kt": 196.0, "track_deg": 105.36564747750069, "phase": "descent"}, "geometry": {"type": "Point", "coordinates": [100.81435, 14.024714, 1785.6]}}, {"type": "Feature", "properties": {"flight_key": "AIQ103_VTCP_VTBS_2025-12-23 02:13", "callsign": "AIQ103", "aircraft_type": "A21N", "adep": "VTCP", "ades": "VTBS", "epoch_ts": "2025-12-23 02:57:46+00:00", "altitude_ft": 5484.3, "tas_kt": 194.9, "gs_kt": 194.9, "track_deg": 137.52912193674467, "phase": "descent"}, "geometry": {"type": "Point", "coordinates": [100.835879, 14.015933, 1671.6]}}, {"type": "Feature", "properties": {"flight_key": "AIQ103_VTCP_VTBS_2025-12-23 02:13", "callsign": "AIQ103", "aircraft_type": "A21N", "adep": "VTCP", "ades": "VTBS", "epoch_ts": "2025-12-23 02:58:06+00:00", "altitude_ft": 5112.5, "tas_kt": 193.9, "gs_kt": 193.9, "track_deg": 194.43208320504482, "phase": "descent"}, "geometry": {"type": "Point", "coordinates": [100.840749, 13.994585, 1558.3]}}, {"type": "Feature", "properties": {"flight_key": "AIQ103_VTCP_VTBS_2025-12-23 02:13", "callsign": "AIQ103", "aircraft_type": "A21N", "adep": "VTCP", "ades": "VTBS", "epoch_ts": "2025-12-23 02:58:26+00:00", "altitude_ft": 4742.6, "tas_kt": 192.8, "gs_kt": 192.8, "track_deg": 194.43208320504482, "phase": "descent"}, "geometry": {"type": "Point", "coordinates": [100.834913, 13.972439, 1445.5]}}, {"type": "Feature", "properties": {"flight_key": "AIQ103_VTCP_VTBS_2025-12-23 02:13", "callsign": "AIQ103", "aircraft_type": "A21N", "adep": "VTCP", "ades": "VTBS", "epoch_ts": "2025-12-23 02:58:46+00:00", "altitude_ft": 4374.6, "tas_kt": 191.8, "gs_kt": 191.8, "track_deg": 194.43208320504482, "phase": "descent"}, "geometry": {"type": "Point", "coordinates": [100.82911, 13.950411, 1333.4]}}, {"type": "Feature", "properties": {"flight_key": "AIQ103_VTCP_VTBS_2025-12-23 02:13", "callsign": "AIQ103", "aircraft_type": "A21N", "adep": "VTCP", "ades": "VTBS", "epoch_ts": "2025-12-23 02:59:06+00:00", "altitude_ft": 4008.7, "tas_kt": 190.8, "gs_kt": 190.8, "track_deg": 194.43085355493082, "phase": "descent"}, "geometry": {"type": "Point", "coordinates": [100.823337, 13.9285, 1221.9]}}, {"type": "Feature", "properties": {"flight_key": "AIQ103_VTCP_VTBS_2025-12-23 02:13", "callsign": "AIQ103", "aircraft_type": "A21N", "adep": "VTCP", "ades": "VTBS", "epoch_ts": "2025-12-23 02:59:26+00:00", "altitude_ft": 3644.6, "tas_kt": 189.7, "gs_kt": 189.7, "track_deg": 194.43085355493082, "phase": "descent"}, "geometry": {"type": "Point", "coordinates": [100.817596, 13.906704, 1110.9]}}, {"type": "Feature", "properties": {"flight_key": "AIQ103_VTCP_VTBS_2025-12-23 02:13", "callsign": "AIQ103", "aircraft_type": "A21N", "adep": "VTCP", "ades": "VTBS", "epoch_ts": "2025-12-23 02:59:46+00:00", "altitude_ft": 3282.5, "tas_kt": 188.7, "gs_kt": 188.7, "track_deg": 194.43085355493082, "phase": "descent"}, "geometry": {"type": "Point", "coordinates": [100.811885, 13.885021, 1000.5]}}, {"type": "Feature", "properties": {"flight_key": "AIQ103_VTCP_VTBS_2025-12-23 02:13", "callsign": "AIQ103", "aircraft_type": "A21N", "adep": "VTCP", "ades": "VTBS", "epoch_ts": "2025-12-23 03:00:06+00:00", "altitude_ft": 2922.2, "tas_kt": 187.8, "gs_kt": 187.8, "track_deg": 194.43085355493082, "phase": "descent"}, "geometry": {"type": "Point", "coordinates": [100.806205, 13.86345, 890.7]}}, {"type": "Feature", "properties": {"flight_key": "AIQ103_VTCP_VTBS_2025-12-23 02:13", "callsign": "AIQ103", "aircraft_type": "A21N", "adep": "VTCP", "ades": "VTBS", "epoch_ts": "2025-12-23 03:00:26+00:00", "altitude_ft": 2563.8, "tas_kt": 186.8, "gs_kt": 186.8, "track_deg": 194.4228507807794, "phase": "descent"}, "geometry": {"type": "Point", "coordinates": [100.800556, 13.84199, 781.4]}}, {"type": "Feature", "properties": {"flight_key": "AIQ103_VTCP_VTBS_2025-12-23 02:13", "callsign": "AIQ103", "aircraft_type": "A21N", "adep": "VTCP", "ades": "VTBS", "epoch_ts": "2025-12-23 03:00:46+00:00", "altitude_ft": 2207.2, "tas_kt": 185.8, "gs_kt": 185.8, "track_deg": 194.4228507807794, "phase": "descent"}, "geometry": {"type": "Point", "coordinates": [100.794937, 13.820638, 672.8]}}, {"type": "Feature", "properties": {"flight_key": "AIQ103_VTCP_VTBS_2025-12-23 02:13", "callsign": "AIQ103", "aircraft_type": "A21N", "adep": "VTCP", "ades": "VTBS", "epoch_ts": "2025-12-23 03:01:06+00:00", "altitude_ft": 1852.4, "tas_kt": 184.9, "gs_kt": 184.9, "track_deg": 194.4228507807794, "phase": "descent"}, "geometry": {"type": "Point", "coordinates": [100.789348, 13.799394, 564.6]}}, {"type": "Feature", "properties": {"flight_key": "AIQ103_VTCP_VTBS_2025-12-23 02:13", "callsign": "AIQ103", "aircraft_type": "A21N", "adep": "VTCP", "ades": "VTBS", "epoch_ts": "2025-12-23 03:01:26+00:00", "altitude_ft": 1499.3, "tas_kt": 183.9, "gs_kt": 183.9, "track_deg": 194.4228507807794, "phase": "descent"}, "geometry": {"type": "Point", "coordinates": [100.783787, 13.778256, 457.0]}}, {"type": "Feature", "properties": {"flight_key": "AIQ103_VTCP_VTBS_2025-12-23 02:13", "callsign": "AIQ103", "aircraft_type": "A21N", "adep": "VTCP", "ades": "VTBS", "epoch_ts": "2025-12-23 03:01:46+00:00", "altitude_ft": 1139.5, "tas_kt": 183.0, "gs_kt": 183.0, "track_deg": 194.41674227824248, "phase": "descent"}, "geometry": {"type": "Point", "coordinates": [100.778256, 13.757224, 347.3]}}, {"type": "Feature", "properties": {"flight_key": "AIQ103_VTCP_VTBS_2025-12-23 02:13", "callsign": "AIQ103", "aircraft_type": "A21N", "adep": "VTCP", "ades": "VTBS", "epoch_ts": "2025-12-23 03:02:06+00:00", "altitude_ft": 776.6, "tas_kt": 182.1, "gs_kt": 182.1, "track_deg": 194.41674227824248, "phase": "descent"}, "geometry": {"type": "Point", "coordinates": [100.772752, 13.736295, 236.7]}}, {"type": "Feature", "properties": {"flight_key": "AIQ103_VTCP_VTBS_2025-12-23 02:13", "callsign": "AIQ103", "aircraft_type": "A21N", "adep": "VTCP", "ades": "VTBS", "epoch_ts": "2025-12-23 03:02:26+00:00", "altitude_ft": 415.5, "tas_kt": 181.2, "gs_kt": 181.2, "track_deg": 194.41674227824248, "phase": "descent"}, "geometry": {"type": "Point", "coordinates": [100.767277, 13.715468, 126.6]}}, {"type": "Feature", "properties": {"flight_key": "AIQ103_VTCP_VTBS_2025-12-23 02:13", "callsign": "AIQ103", "aircraft_type": "A21N", "adep": "VTCP", "ades": "VTBS", "epoch_ts": "2025-12-23 03:02:46+00:00", "altitude_ft": 56.2, "tas_kt": 180.3, "gs_kt": 180.3, "track_deg": 194.41674227824248, "phase": "descent"}, "geometry": {"type": "Point", "coordinates": [100.761829, 13.694743, 17.1]}}, {"type": "Feature", "properties": {"flight_key": "AIQ103_VTCP_VTBS_2025-12-23 02:13", "callsign": "AIQ103", "aircraft_type": "A21N", "adep": "VTCP", "ades": "VTBS", "epoch_ts": "2025-12-23 03:02:48+00:00", "altitude_ft": 3.7, "tas_kt": 180.1, "gs_kt": 180.1, "track_deg": 194.41674227824248, "phase": "descent"}, "geometry": {"type": "Point", "coordinates": [100.761033, 13.691714, 1.1]}}, {"type": "Feature", "properties": {"feature_type": "route", "flight_key": "CPA104_VTCT_VTBS_2025-12-23 01:57", "route": "DUBEN Y28 BLAFF DCT NORTA", "callsign": "CPA104", "aircraft_type": "A388", "adep": "VTCT", "ades": "VTBS", "rfl": 360, "sid": "DUBE1A", "star": "NORT1C", "approach": "R19", "dep_rwy": "RW03", "arr_rwy": "RW19", "eobt": "2025-12-23T01:57:32.420047+00:00", "flight_category": "arrival", "vectored": false, "extend_nm": 0.0, "clearance": "DIRECT LETMA, CLEARED R19 APPROACH", "idents": ["RW03", "NODOV", "NITED", "TESER", "DUBEN", "CRIST", "PSL", "PEBLI", "BLAFF", "NORTA", "BS519", "BS518", "MEPIN", "BS515", "BS514", "ATKIN", "LETMA", "LAVOG", "LOTMU", "BS790", "BS791"]}, "geometry": {"type": "LineString", "coordinates": [[99.87600278, 19.94048333], [99.94997222, 20.06660278], [100.16656667, 19.9528], [100.18836389, 19.70270556], [100.20189722, 19.54706111], [100.226111, 18.797778], [100.291389, 16.770278], [100.293333, 16.268333], [100.2975, 15.275833], [100.639017, 14.718789], [100.68273889, 14.57681389], [100.72268889, 14.44695833], [100.67111111, 14.25138889], [100.60333611, 13.99375556], [100.71924722, 13.96344722], [100.74071944, 14.04447222], [100.846425, 14.01610833], [100.82506389, 13.93505278], [100.80371667, 13.85399722], [100.78179167, 13.77066944], [100.76103333, 13.69171389]]}}, {"type": "Feature", "properties": {"flight_key": "CPA104_VTCT_VTBS_2025-12-23 01:57", "callsign": "CPA104", "aircraft_type": "A388", "adep": "VTCT", "ades": "VTBS", "epoch_ts": "2025-12-23 01:57:32+00:00", "altitude_ft": 1280.0, "tas_kt": 254.5, "gs_kt": 254.5, "track_deg": 28.995452541268783, "phase": "climb"}, "geometry": {"type": "Point", "coordinates": [99.876003, 19.940483, 390.1]}}, {"type": "Feature", "properties": {"flight_key": "CPA104_VTCT_VTBS_2025-12-23 01:57", "callsign": "CPA104", "aircraft_type": "A388", "adep": "VTCT", "ades": "VTBS", "epoch_ts": "2025-12-23 01:57:52+00:00", "altitude_ft": 1720.0, "tas_kt": 256.1, "gs_kt": 256.1, "track_deg": 28.995452541268783, "phase": "climb"}, "geometry": {"type": "Point", "coordinates": [99.888169, 19.961239, 524.3]}}, {"type": "Feature", "properties": {"flight_key": "CPA104_VTCT_VTBS_2025-12-23 01:57", "callsign": "CPA104", "aircraft_type": "A388", "adep": "VTCT", "ades": "VTBS", "epoch_ts": "2025-12-23 01:58:12+00:00", "altitude_ft": 2152.0, "tas_kt": 257.7, "gs_kt": 257.7, "track_deg": 28.995452541268783, "phase": "climb"}, "geometry": {"type": "Point", "coordinates": [99.900413, 19.982123, 655.9]}}, {"type": "Feature", "properties": {"flight_key": "CPA104_VTCT_VTBS_2025-12-23 01:57", "callsign": "CPA104", "aircraft_type": "A388", "adep": "VTCT", "ades": "VTBS", "epoch_ts": "2025-12-23 01:58:32+00:00", "altitude_ft": 2576.5, "tas_kt": 259.3, "gs_kt": 259.3, "track_deg": 28.995452541268783, "phase": "climb"}, "geometry": {"type": "Point", "coordinates": [99.912736, 20.003132, 785.3]}}, {"type": "Feature", "properties": {"flight_key": "CPA104_VTCT_VTBS_2025-12-23 01:57", "callsign": "CPA104", "aircraft_type": "A388", "adep": "VTCT", "ades": "VTBS", "epoch_ts": "2025-12-23 01:58:52+00:00", "altitude_ft": 3001.1, "tas_kt": 260.8, "gs_kt": 260.8, "track_deg": 28.995452541268783, "phase": "climb"}, "geometry": {"type": "Point", "coordinates": [99.925136, 20.024268, 914.7]}}, {"type": "Feature", "properties": {"flight_key": "CPA104_VTCT_VTBS_2025-12-23 01:57", "callsign": "CPA104", "aircraft_type": "A388", "adep": "VTCT", "ades": "VTBS", "epoch_ts": "2025-12-23 01:59:12+00:00", "altitude_ft": 3471.0, "tas_kt": 262.6, "gs_kt": 262.6, "track_deg": 28.995452541268783, "phase": "climb"}, "geometry": {"type": "Point", "coordinates": [99.937618, 20.045538, 1058.0]}}, {"type": "Feature", "properties": {"flight_key": "CPA104_VTCT_VTBS_2025-12-23 01:57", "callsign": "CPA104", "aircraft_type": "A388", "adep": "VTCT", "ades": "VTBS", "epoch_ts": "2025-12-23 01:59:32+00:00", "altitude_ft": 3940.8, "tas_kt": 264.3, "gs_kt": 264.3, "track_deg": 88.2274899385051, "phase": "climb"}, "geometry": {"type": "Point", "coordinates": [99.957355, 20.059306, 1201.2]}}, {"type": "Feature", "properties": {"flight_key": "CPA104_VTCT_VTBS_2025-12-23 01:57", "callsign": "CPA104", "aircraft_type": "A388", "adep": "VTCT", "ades": "VTBS", "epoch_ts": "2025-12-23 01:59:52+00:00", "altitude_ft": 4528.1, "tas_kt": 266.6, "gs_kt": 266.6, "track_deg": 119.04465716906273, "phase": "climb"}, "geometry": {"type": "Point", "coordinates": [99.981201, 20.050218, 1380.2]}}, {"type": "Feature", "properties": {"flight_key": "CPA104_VTCT_VTBS_2025-12-23 01:57", "callsign": "CPA104", "aircraft_type": "A388", "adep": "VTCT", "ades": "VTBS", "epoch_ts": "2025-12-23 02:00:12+00:00", "altitude_ft": 5132.2, "tas_kt": 268.9, "gs_kt": 268.9, "track_deg": 119.04465716906273, "phase": "climb"}, "geometry": {"type": "Point", "coordinates": [100.004219, 20.038134, 1564.3]}}, {"type": "Feature", "properties": {"flight_key": "CPA104_VTCT_VTBS_2025-12-23 01:57", "callsign": "CPA104", "aircraft_type": "A388", "adep": "VTCT", "ades": "VTBS", "epoch_ts": "2025-12-23 02:00:32+00:00", "altitude_ft": 5736.4, "tas_kt": 271.3, "gs_kt": 271.3, "track_deg": 119.04465716906273, "phase": "climb"}, "geometry": {"type": "Point", "coordinates": [100.027435, 20.025941, 1748.5]}}, {"type": "Feature", "properties": {"flight_key": "CPA104_VTCT_VTBS_2025-12-23 01:57", "callsign": "CPA104", "aircraft_type": "A388", "adep": "VTCT", "ades": "VTBS", "epoch_ts": "2025-12-23 02:00:52+00:00", "altitude_ft": 6399.1, "tas_kt": 273.9, "gs_kt": 273.9, "track_deg": 119.04465716906273, "phase": "climb"}, "geometry": {"type": "Point", "coordinates": [100.050857, 20.013635, 1950.4]}}, {"type": "Feature", "properties": {"flight_key": "CPA104_VTCT_VTBS_2025-12-23 01:57", "callsign": "CPA104", "aircraft_type": "A388", "adep": "VTCT", "ades": "VTBS", "epoch_ts": "2025-12-23 02:01:12+00:00", "altitude_ft": 7000.0, "tas_kt": 276.7, "gs_kt": 276.7, "track_deg": 119.04465716906273, "phase": "climb"}, "geometry": {"type": "Point", "coordinates": [100.074513, 20.001201, 2133.6]}}, {"type": "Feature", "properties": {"flight_key": "CPA104_VTCT_VTBS_2025-12-23 01:57", "callsign": "CPA104", "aircraft_type": "A388", "adep": "VTCT", "ades": "VTBS", "epoch_ts": "2025-12-23 02:01:32+00:00", "altitude_ft": 7000.0, "tas_kt": 279.6, "gs_kt": 279.6, "track_deg": 119.04465716906273, "phase": "climb"}, "geometry": {"type": "Point", "coordinates": [100.09841, 19.988635, 2133.6]}}, {"type": "Feature", "properties": {"flight_key": "CPA104_VTCT_VTBS_2025-12-23 01:57", "callsign": "CPA104", "aircraft_type": "A388", "adep": "VTCT", "ades": "VTBS", "epoch_ts": "2025-12-23 02:01:52+00:00", "altitude_ft": 7000.0, "tas_kt": 282.2, "gs_kt": 282.2, "track_deg": 119.04465716906273, "phase": "climb"}, "geometry": {"type": "Point", "coordinates": [100.122544, 19.97594, 2133.6]}}, {"type": "Feature", "properties": {"flight_key": "CPA104_VTCT_VTBS_2025-12-23 01:57", "callsign": "CPA104", "aircraft_type": "A388", "adep": "VTCT", "ades": "VTBS", "epoch_ts": "2025-12-23 02:02:14+00:00", "altitude_ft": 7000.0, "tas_kt": 285.2, "gs_kt": 285.2, "track_deg": 121.38766049356562, "phase": "climb"}, "geometry": {"type": "Point", "coordinates": [100.149797, 19.961448, 2133.6]}}, {"type": "Feature", "properties": {"flight_key": "CPA104_VTCT_VTBS_2025-12-23 01:57", "callsign": "CPA104", "aircraft_type": "A388", "adep": "VTCT", "ades": "VTBS", "epoch_ts": "2025-12-23 02:02:36+00:00", "altitude_ft": 7260.2, "tas_kt": 288.1, "gs_kt": 288.1, "track_deg": 163.5774150265682, "phase": "climb"}, "geometry": {"type": "Point", "coordinates": [100.167293, 19.937972, 2212.9]}}, {"type": "Feature", "properties": {"flight_key": "CPA104_VTCT_VTBS_2025-12-23 01:57", "callsign": "CPA104", "aircraft_type": "A388", "adep": "VTCT", "ades": "VTBS", "epoch_ts": "2025-12-23 02:02:57+00:00", "altitude_ft": 7877.5, "tas_kt": 335.9, "gs_kt": 335.9, "track_deg": 175.28098731117475, "phase": "climb"}, "geometry": {"type": "Point", "coordinates": [100.170545, 19.907176, 2401.1]}}, {"type": "Feature", "properties": {"flight_key": "CPA104_VTCT_VTBS_2025-12-23 01:57", "callsign": "CPA104", "aircraft_type": "A388", "adep": "VTCT", "ades": "VTBS", "epoch_ts": "2025-12-23 02:03:17+00:00", "altitude_ft": 8502.1, "tas_kt": 338.3, "gs_kt": 338.3, "track_deg": 175.28098731117475, "phase": "climb"}, "geometry": {"type": "Point", "coordinates": [100.173269, 19.875948, 2591.4]}}, {"type": "Feature", "properties": {"flight_key": "CPA104_VTCT_VTBS_2025-12-23 01:57", "callsign": "CPA104", "aircraft_type": "A388", "adep": "VTCT", "ades": "VTBS", "epoch_ts": "2025-12-23 02:03:37+00:00", "altitude_ft": 9131.1, "tas_kt": 340.7, "gs_kt": 340.7, "track_deg": 175.28098731117475, "phase": "climb"}, "geometry": {"type": "Point", "coordinates": [100.176012, 19.844498, 2783.2]}}, {"type": "Feature", "properties": {"flight_key": "CPA104_VTCT_VTBS_2025-12-23 01:57", "callsign": "CPA104", "aircraft_type": "A388", "adep": "VTCT", "ades": "VTBS", "epoch_ts": "2025-12-23 02:03:57+00:00", "altitude_ft": 9764.5, "tas_kt": 343.2, "gs_kt": 343.2, "track_deg": 175.28098731117475, "phase": "climb"}, "geometry": {"type": "Point", "coordinates": [100.178773, 19.812824, 2976.2]}}, {"type": "Feature", "properties": {"flight_key": "CPA104_VTCT_VTBS_2025-12-23 01:57", "callsign": "CPA104", "aircraft_type": "A388", "adep": "VTCT", "ades": "VTBS", "epoch_ts": "2025-12-23 02:04:17+00:00", "altitude_ft": 10402.6, "tas_kt": 345.7, "gs_kt": 345.7, "track_deg": 175.28098731117475, "phase": "climb"}, "geometry": {"type": "Point", "coordinates": [100.181553, 19.780921, 3170.7]}}, {"type": "Feature", "properties": {"flight_key": "CPA104_VTCT_VTBS_2025-12-23 01:57", "callsign": "CPA104", "aircraft_type": "A388", "adep": "VTCT", "ades": "VTBS", "epoch_ts": "2025-12-23 02:04:37+00:00", "altitude_ft": 11045.3, "tas_kt": 348.3, "gs_kt": 348.3, "track_deg": 175.28098731117475, "phase": "climb"}, "geometry": {"type": "Point", "coordinates": [100.184352, 19.748782, 3366.6]}}, {"type": "Feature", "properties": {"flight_key": "CPA104_VTCT_VTBS_2025-12-23 01:57", "callsign": "CPA104", "aircraft_type": "A388", "adep": "VTCT", "ades": "VTBS", "epoch_ts": "2025-12-23 02:04:57+00:00", "altitude_ft": 11692.9, "tas_kt": 350.9, "gs_kt": 350.9, "track_deg": 175.28098731117475, "phase": "climb"}, "geometry": {"type": "Point", "coordinates": [100.187172, 19.716403, 3564.0]}}, {"type": "Feature", "properties": {"flight_key": "CPA104_VTCT_VTBS_2025-12-23 01:57", "callsign": "CPA104", "aircraft_type": "A388", "adep": "VTCT", "ades": "VTBS", "epoch_ts": "2025-12-23 02:05:17+00:00", "altitude_ft": 12345.2, "tas_kt": 353.5, "gs_kt": 353.5, "track_deg": 175.28783916212058, "phase": "climb"}, "geometry": {"type": "Point", "coordinates": [100.190011, 19.683783, 3762.8]}}, {"type": "Feature", "properties": {"flight_key": "CPA104_VTCT_VTBS_2025-12-23 01:57", "callsign": "CPA104", "aircraft_type": "A388", "adep": "VTCT", "ades": "VTBS", "epoch_ts": "2025-12-23 02:05:37+00:00", "altitude_ft": 13002.6, "tas_kt": 356.2, "gs_kt": 356.2, "track_deg": 175.28783916212058, "phase": "climb"}, "geometry": {"type": "Point", "coordinates": [100.19287, 19.650915, 3963.2]}}, {"type": "Feature", "properties": {"flight_key": "CPA104_VTCT_VTBS_2025-12-23 01:57", "callsign": "CPA104", "aircraft_type": "A388", "adep": "VTCT", "ades": "VTBS", "epoch_ts": "2025-12-23 02:05:57+00:00", "altitude_ft": 13665.1, "tas_kt": 359.0, "gs_kt": 359.0, "track_deg": 175.28783916212058, "phase": "climb"}, "geometry": {"type": "Point", "coordinates": [100.195751, 19.617788, 4165.1]}}, {"type": "Feature", "properties": {"flight_key": "CPA104_VTCT_VTBS_2025-12-23 01:57", "callsign": "CPA104", "aircraft_type": "A388", "adep": "VTCT", "ades": "VTBS", "epoch_ts": "2025-12-23 02:06:17+00:00", "altitude_ft": 14332.8, "tas_kt": 361.9, "gs_kt": 361.9, "track_deg": 175.28783916212058, "phase": "climb"}, "geometry": {"type": "Point", "coordinates": [100.198653, 19.5844, 4368.6]}}, {"type": "Feature", "properties": {"flight_key": "CPA104_VTCT_VTBS_2025-12-23 01:57", "callsign": "CPA104", "aircraft_type": "A388", "adep": "VTCT", "ades": "VTBS", "epoch_ts": "2025-12-23 02:06:37+00:00", "altitude_ft": 15005.8, "tas_kt": 364.7, "gs_kt": 364.7, "track_deg": 175.28783916212058, "phase": "climb"}, "geometry": {"type": "Point", "coordinates": [100.201577, 19.550749, 4573.8]}}, {"type": "Feature", "properties": {"flight_key": "CPA104_VTCT_VTBS_2025-12-23 01:57", "callsign": "CPA104", "aircraft_type": "A388", "adep": "VTCT", "ades": "VTBS", "epoch_ts": "2025-12-23 02:06:57+00:00", "altitude_ft": 15683.8, "tas_kt": 367.3, "gs_kt": 367.3, "track_deg": 178.23719111676223, "phase": "climb"}, "geometry": {"type": "Point", "coordinates": [100.202881, 19.516754, 4780.4]}}, {"type": "Feature", "properties": {"flight_key": "CPA104_VTCT_VTBS_2025-12-23 01:57", "callsign": "CPA104", "aircraft_type": "A388", "adep": "VTCT", "ades": "VTBS", "epoch_ts": "2025-12-23 02:07:17+00:00", "altitude_ft": 16366.8, "tas_kt": 370.0, "gs_kt": 370.0, "track_deg": 178.23719111676223, "phase": "climb"}, "geometry": {"type": "Point", "coordinates": [100.203992, 19.482506, 4988.6]}}, {"type": "Feature", "properties": {"flight_key": "CPA104_VTCT_VTBS_2025-12-23 01:57", "callsign": "CPA104", "aircraft_type": "A388", "adep": "VTCT", "ades": "VTBS", "epoch_ts": "2025-12-23 02:07:37+00:00", "altitude_ft": 17054.6, "tas_kt": 372.6, "gs_kt": 372.6, "track_deg": 178.23719111676223, "phase": "climb"}, "geometry": {"type": "Point", "coordinates": [100.205111, 19.448012, 5198.2]}}, {"type": "Feature", "properties": {"flight_key": "CPA104_VTCT_VTBS_2025-12-23 01:57", "callsign": "CPA104", "aircraft_type": "A388", "adep": "VTCT", "ades": "VTBS", "epoch_ts": "2025-12-23 02:07:57+00:00", "altitude_ft": 17747.3, "tas_kt": 375.3, "gs_kt": 375.3, "track_deg": 178.23719111676223, "phase": "climb"}, "geometry": {"type": "Point", "coordinates": [100.206237, 19.413271, 5409.4]}}, {"type": "Feature", "properties": {"flight_key": "CPA104_VTCT_VTBS_2025-12-23 01:57", "callsign": "CPA104", "aircraft_type": "A388", "adep": "VTCT", "ades": "VTBS", "epoch_ts": "2025-12-23 02:08:17+00:00", "altitude_ft": 18333.6, "tas_kt": 377.8, "gs_kt": 377.8, "track_deg": 178.23719111676223, "phase": "climb"}, "geometry": {"type": "Point", "coordinates": [100.207371, 19.378288, 5588.1]}}, {"type": "Feature", "properties": {"flight_key": "CPA104_VTCT_VTBS_2025-12-23 01:57", "callsign": "CPA104", "aircraft_type": "A388", "adep": "VTCT", "ades": "VTBS", "epoch_ts": "2025-12-23 02:08:37+00:00", "altitude_ft": 18760.1, "tas_kt": 380.2, "gs_kt": 380.2, "track_deg": 178.23719111676223, "phase": "climb"}, "geometry": {"type": "Point", "coordinates": [100.208511, 19.343079, 5718.1]}}, {"type": "Feature", "properties": {"flight_key": "CPA104_VTCT_VTBS_2025-12-23 01:57", "callsign": "CPA104", "aircraft_type": "A388", "adep": "VTCT", "ades": "VTBS", "epoch_ts": "2025-12-23 02:08:57+00:00", "altitude_ft": 19186.6, "tas_kt": 382.6, "gs_kt": 382.6, "track_deg": 178.23719111676223, "phase": "climb"}, "geometry": {"type": "Point", "coordinates": [100.209658, 19.307644, 5848.1]}}, {"type": "Feature", "properties": {"flight_key": "CPA104_VTCT_VTBS_2025-12-23 01:57", "callsign": "CPA104", "aircraft_type": "A388", "adep": "VTCT", "ades": "VTBS", "epoch_ts": "2025-12-23 02:09:17+00:00", "altitude_ft": 19613.1, "tas_kt": 385.1, "gs_kt": 385.1, "track_deg": 178.23719111676223, "phase": "climb"}, "geometry": {"type": "Point", "coordinates": [100.210812, 19.27198, 5978.1]}}, {"type": "Feature", "properties": {"flight_key": "CPA104_VTCT_VTBS_2025-12-23 01:57", "callsign": "CPA104", "aircraft_type": "A388", "adep": "VTCT", "ades": "VTBS", "epoch_ts": "2025-12-23 02:09:37+00:00", "altitude_ft": 20034.9, "tas_kt": 387.6, "gs_kt": 387.6, "track_deg": 178.23719111676223, "phase": "climb"}, "geometry": {"type": "Point", "coordinates": [100.211974, 19.236087, 6106.6]}}, {"type": "Feature", "properties": {"flight_key": "CPA104_VTCT_VTBS_2025-12-23 01:57", "callsign": "CPA104", "aircraft_type": "A388", "adep": "VTCT", "ades": "VTBS", "epoch_ts": "2025-12-23 02:09:57+00:00", "altitude_ft": 20410.9, "tas_kt": 389.8, "gs_kt": 389.8, "track_deg": 178.23719111676223, "phase": "climb"}, "geometry": {"type": "Point", "coordinates": [100.213141, 19.199977, 6221.2]}}, {"type": "Feature", "properties": {"flight_key": "CPA104_VTCT_VTBS_2025-12-23 01:57", "callsign": "CPA104", "aircraft_type": "A388", "adep": "VTCT", "ades": "VTBS", "epoch_ts": "2025-12-23 02:10:17+00:00", "altitude_ft": 20786.9, "tas_kt": 392.0, "gs_kt": 392.0, "track_deg": 178.23719111676223, "phase": "climb"}, "geometry": {"type": "Point", "coordinates": [100.214315, 19.163661, 6335.8]}}, {"type": "Feature", "properties": {"flight_key": "CPA104_VTCT_VTBS_2025-12-23 01:57", "callsign": "CPA104", "aircraft_type": "A388", "adep": "VTCT", "ades": "VTBS", "epoch_ts": "2025-12-23 02:10:37+00:00", "altitude_ft": 21162.9, "tas_kt": 394.3, "gs_kt": 394.3, "track_deg": 178.23719111676223, "phase": "climb"}, "geometry": {"type": "Point", "coordinates": [100.215495, 19.127138, 6450.5]}}, {"type": "Feature", "properties": {"flight_key": "CPA104_VTCT_VTBS_2025-12-23 01:57", "callsign": "CPA104", "aircraft_type": "A388", "adep": "VTCT", "ades": "VTBS", "epoch_ts": "2025-12-23 02:10:57+00:00", "altitude_ft": 21538.9, "tas_kt": 396.5, "gs_kt": 396.5, "track_deg": 178.23719111676223, "phase": "climb"}, "geometry": {"type": "Point", "coordinates": [100.216681, 19.090405, 6565.1]}}, {"type": "Feature", "properties": {"flight_key": "CPA104_VTCT_VTBS_2025-12-23 01:57", "callsign": "CPA104", "aircraft_type": "A388", "adep": "VTCT", "ades": "VTBS", "epoch_ts": "2025-12-23 02:11:17+00:00", "altitude_ft": 21914.9, "tas_kt": 398.8, "gs_kt": 398.8, "track_deg": 178.23719111676223, "phase": "climb"}, "geometry": {"type": "Point", "coordinates": [100.217873, 19.053462, 6679.7]}}, {"type": "Feature", "properties": {"flight_key": "CPA104_VTCT_VTBS_2025-12-23 01:57", "callsign": "CPA104", "aircraft_type": "A388", "adep": "VTCT", "ades": "VTBS", "epoch_ts": "2025-12-23 02:11:37+00:00", "altitude_ft": 22261.1, "tas_kt": 400.9, "gs_kt": 400.9, "track_deg": 178.23719111676223, "phase": "climb"}, "geometry": {"type": "Point", "coordinates": [100.219072, 19.016314, 6785.2]}}, {"type": "Feature", "properties": {"flight_key": "CPA104_VTCT_VTBS_2025-12-23 01:57", "callsign": "CPA104", "aircraft_type": "A388", "adep": "VTCT", "ades": "VTBS", "epoch_ts": "2025-12-23 02:11:57+00:00", "altitude_ft": 22598.6, "tas_kt": 403.0, "gs_kt": 403.0, "track_deg": 178.23719111676223, "phase": "climb"}, "geometry": {"type": "Point", "coordinates": [100.220276, 18.978973, 6888.1]}}, {"type": "Feature", "properties": {"flight_key": "CPA104_VTCT_VTBS_2025-12-23 01:57", "callsign": "CPA104", "aircraft_type": "A388", "adep": "VTCT", "ades": "VTBS", "epoch_ts": "2025-12-23 02:12:17+00:00", "altitude_ft": 22936.1, "tas_kt": 405.0, "gs_kt": 405.0, "track_deg": 178.23719111676223, "phase": "climb"}, "geometry": {"type": "Point", "coordinates": [100.221485, 18.941439, 6990.9]}}, {"type": "Feature", "properties": {"flight_key": "CPA104_VTCT_VTBS_2025-12-23 01:57", "callsign": "CPA104", "aircraft_type": "A388", "adep": "VTCT", "ades": "VTBS", "epoch_ts": "2025-12-23 02:12:37+00:00", "altitude_ft": 23273.6, "tas_kt": 407.1, "gs_kt": 407.1, "track_deg": 178.23719111676223, "phase": "climb"}, "geometry": {"type": "Point", "coordinates": [100.222701, 18.903712, 7093.8]}}, {"type": "Feature", "properties": {"flight_key": "CPA104_VTCT_VTBS_2025-12-23 01:57", "callsign": "CPA104", "aircraft_type": "A388", "adep": "VTCT", "ades": "VTBS", "epoch_ts": "2025-12-23 02:12:57+00:00", "altitude_ft": 23611.1, "tas_kt": 409.2, "gs_kt": 409.2, "track_deg": 178.23719111676223, "phase": "climb"}, "geometry": {"type": "Point", "coordinates": [100.223922, 18.865789, 7196.7]}}, {"type": "Feature", "properties": {"flight_key": "CPA104_VTCT_VTBS_2025-12-23 01:57", "callsign": "CPA104", "aircraft_type": "A388", "adep": "VTCT", "ades": "VTBS", "epoch_ts": "2025-12-23 02:13:17+00:00", "altitude_ft": 23948.6, "tas_kt": 411.4, "gs_kt": 411.4, "track_deg": 178.23719111676223, "phase": "climb"}, "geometry": {"type": "Point", "coordinates": [100.225149, 18.827669, 7299.5]}}, {"type": "Feature", "properties": {"flight_key": "CPA104_VTCT_VTBS_2025-12-23 01:57", "callsign": "CPA104", "aircraft_type": "A388", "adep": "VTCT", "ades": "VTBS", "epoch_ts": "2025-12-23 02:13:37+00:00", "altitude_ft": 24271.5, "tas_kt": 413.4, "gs_kt": 413.4, "track_deg": 178.22320416580618, "phase": "climb"}, "geometry": {"type": "Point", "coordinates": [100.226385, 18.789356, 7398.0]}}, {"type": "Feature", "properties": {"flight_key": "CPA104_VTCT_VTBS_2025-12-23 01:57", "callsign": "CPA104", "aircraft_type": "A388", "adep": "VTCT", "ades": "VTBS", "epoch_ts": "2025-12-23 02:13:57+00:00", "altitude_ft": 24591.9, "tas_kt": 415.4, "gs_kt": 415.4, "track_deg": 178.22320416580618, "phase": "climb"}, "geometry": {"type": "Point", "coordinates": [100.227639, 18.750854, 7495.6]}}, {"type": "Feature", "properties": {"flight_key": "CPA104_VTCT_VTBS_2025-12-23 01:57", "callsign": "CPA104", "aircraft_type": "A388", "adep": "VTCT", "ades": "VTBS", "epoch_ts": "2025-12-23 02:14:17+00:00", "altitude_ft": 24912.2, "tas_kt": 417.5, "gs_kt": 417.5, "track_deg": 178.22320416580618, "phase": "climb"}, "geometry": {"type": "Point", "coordinates": [100.228898, 18.712162, 7593.2]}}, {"type": "Feature", "properties": {"flight_key": "CPA104_VTCT_VTBS_2025-12-23 01:57", "callsign": "CPA104", "aircraft_type": "A388", "adep": "VTCT", "ades": "VTBS", "epoch_ts": "2025-12-23 02:14:37+00:00", "altitude_ft": 25232.5, "tas_kt": 419.5, "gs_kt": 419.5, "track_deg": 178.22320416580618, "phase": "climb"}, "geometry": {"type": "Point", "coordinates": [100.230163, 18.673278, 7690.9]}}, {"type": "Feature", "properties": {"flight_key": "CPA104_VTCT_VTBS_2025-12-23 01:57", "callsign": "CPA104", "aircraft_type": "A388", "adep": "VTCT", "ades": "VTBS", "epoch_ts": "2025-12-23 02:14:57+00:00", "altitude_ft": 25552.9, "tas_kt": 421.6, "gs_kt": 421.6, "track_deg": 178.22320416580618, "phase": "climb"}, "geometry": {"type": "Point", "coordinates": [100.231434, 18.634203, 7788.5]}}, {"type": "Feature", "properties": {"flight_key": "CPA104_VTCT_VTBS_2025-12-23 01:57", "callsign": "CPA104", "aircraft_type": "A388", "adep": "VTCT", "ades": "VTBS", "epoch_ts": "2025-12-23 02:15:17+00:00", "altitude_ft": 25873.2, "tas_kt": 423.7, "gs_kt": 423.7, "track_deg": 178.22320416580618, "phase": "climb"}, "geometry": {"type": "Point", "coordinates": [100.23271, 18.594934, 7886.2]}}, {"type": "Feature", "properties": {"flight_key": "CPA104_VTCT_VTBS_2025-12-23 01:57", "callsign": "CPA104", "aircraft_type": "A388", "adep": "VTCT", "ades": "VTBS", "epoch_ts": "2025-12-23 02:15:37+00:00", "altitude_ft": 26193.6, "tas_kt": 425.8, "gs_kt": 425.8, "track_deg": 178.22320416580618, "phase": "climb"}, "geometry": {"type": "Point", "coordinates": [100.233992, 18.555471, 7983.8]}}, {"type": "Feature", "properties": {"flight_key": "CPA104_VTCT_VTBS_2025-12-23 01:57", "callsign": "CPA104", "aircraft_type": "A388", "adep": "VTCT", "ades": "VTBS", "epoch_ts": "2025-12-23 02:15:57+00:00", "altitude_ft": 26514.1, "tas_kt": 427.9, "gs_kt": 427.9, "track_deg": 178.22320416580618, "phase": "climb"}, "geometry": {"type": "Point", "coordinates": [100.23528, 18.515811, 8081.5]}}, {"type": "Feature", "properties": {"flight_key": "CPA104_VTCT_VTBS_2025-12-23 01:57", "callsign": "CPA104", "aircraft_type": "A388", "adep": "VTCT", "ades": "VTBS", "epoch_ts": "2025-12-23 02:16:17+00:00", "altitude_ft": 26834.6, "tas_kt": 430.0, "gs_kt": 430.0, "track_deg": 178.22320416580618, "phase": "climb"}, "geometry": {"type": "Point", "coordinates": [100.236573, 18.475955, 8179.2]}}, {"type": "Feature", "properties": {"flight_key": "CPA104_VTCT_VTBS_2025-12-23 01:57", "callsign": "CPA104", "aircraft_type": "A388", "adep": "VTCT", "ades": "VTBS", "epoch_ts": "2025-12-23 02:16:37+00:00", "altitude_ft": 27155.1, "tas_kt": 432.2, "gs_kt": 432.2, "track_deg": 178.22320416580618, "phase": "climb"}, "geometry": {"type": "Point", "coordinates": [100.237873, 18.435901, 8276.9]}}, {"type": "Feature", "properties": {"flight_key": "CPA104_VTCT_VTBS_2025-12-23 01:57", "callsign": "CPA104", "aircraft_type": "A388", "adep": "VTCT", "ades": "VTBS", "epoch_ts": "2025-12-23 02:16:57+00:00", "altitude_ft": 27475.6, "tas_kt": 434.3, "gs_kt": 434.3, "track_deg": 178.22320416580618, "phase": "climb"}, "geometry": {"type": "Point", "coordinates": [100.239178, 18.395647, 8374.6]}}, {"type": "Feature", "properties": {"flight_key": "CPA104_VTCT_VTBS_2025-12-23 01:57", "callsign": "CPA104", "aircraft_type": "A388", "adep": "VTCT", "ades": "VTBS", "epoch_ts": "2025-12-23 02:17:17+00:00", "altitude_ft": 27796.1, "tas_kt": 436.5, "gs_kt": 436.5, "track_deg": 178.22320416580618, "phase": "climb"}, "geometry": {"type": "Point", "coordinates": [100.240489, 18.355193, 8472.3]}}, {"type": "Feature", "properties": {"flight_key": "CPA104_VTCT_VTBS_2025-12-23 01:57", "callsign": "CPA104", "aircraft_type": "A388", "adep": "VTCT", "ades": "VTBS", "epoch_ts": "2025-12-23 02:17:37+00:00", "altitude_ft": 28122.4, "tas_kt": 463.4, "gs_kt": 463.4, "track_deg": 178.22320416580618, "phase": "climb"}, "geometry": {"type": "Point", "coordinates": [100.241833, 18.313709, 8571.7]}}, {"type": "Feature", "properties": {"flight_key": "CPA104_VTCT_VTBS_2025-12-23 01:57", "callsign": "CPA104", "aircraft_type": "A388", "adep": "VTCT", "ades": "VTBS", "epoch_ts": "2025-12-23 02:17:57+00:00", "altitude_ft": 28458.7, "tas_kt": 462.7, "gs_kt": 462.7, "track_deg": 178.22320416580618, "phase": "climb"}, "geometry": {"type": "Point", "coordinates": [100.243226, 18.270685, 8674.2]}}, {"type": "Feature", "properties": {"flight_key": "CPA104_VTCT_VTBS_2025-12-23 01:57", "callsign": "CPA104", "aircraft_type": "A388", "adep": "VTCT", "ades": "VTBS", "epoch_ts": "2025-12-23 02:18:17+00:00", "altitude_ft": 28795.1, "tas_kt": 462.1, "gs_kt": 462.1, "track_deg": 178.22320416580618, "phase": "climb"}, "geometry": {"type": "Point", "coordinates": [100.244617, 18.227723, 8776.7]}}, {"type": "Feature", "properties": {"flight_key": "CPA104_VTCT_VTBS_2025-12-23 01:57", "callsign": "CPA104", "aircraft_type": "A388", "adep": "VTCT", "ades": "VTBS", "epoch_ts": "2025-12-23 02:18:37+00:00", "altitude_ft": 29131.4, "tas_kt": 461.4, "gs_kt": 461.4, "track_deg": 178.22320416580618, "phase": "climb"}, "geometry": {"type": "Point", "coordinates": [100.246004, 18.184822, 8879.3]}}, {"type": "Feature", "properties": {"flight_key": "CPA104_VTCT_VTBS_2025-12-23 01:57", "callsign": "CPA104", "aircraft_type": "A388", "adep": "VTCT", "ades": "VTBS", "epoch_ts": "2025-12-23 02:18:57+00:00", "altitude_ft": 29467.7, "tas_kt": 460.7, "gs_kt": 460.7, "track_deg": 178.22320416580618, "phase": "climb"}, "geometry": {"type": "Point", "coordinates": [100.247389, 18.141983, 8981.8]}}, {"type": "Feature", "properties": {"flight_key": "CPA104_VTCT_VTBS_2025-12-23 01:57", "callsign": "CPA104", "aircraft_type": "A388", "adep": "VTCT", "ades": "VTBS", "epoch_ts": "2025-12-23 02:19:17+00:00", "altitude_ft": 29804.1, "tas_kt": 460.1, "gs_kt": 460.1, "track_deg": 178.22320416580618, "phase": "climb"}, "geometry": {"type": "Point", "coordinates": [100.248772, 18.099206, 9084.3]}}, {"type": "Feature", "properties": {"flight_key": "CPA104_VTCT_VTBS_2025-12-23 01:57", "callsign": "CPA104", "aircraft_type": "A388", "adep": "VTCT", "ades": "VTBS", "epoch_ts": "2025-12-23 02:19:37+00:00", "altitude_ft": 30150.8, "tas_kt": 459.4, "gs_kt": 459.4, "track_deg": 178.22320416580618, "phase": "climb"}, "geometry": {"type": "Point", "coordinates": [100.250151, 18.056491, 9190.0]}}, {"type": "Feature", "properties": {"flight_key": "CPA104_VTCT_VTBS_2025-12-23 01:57", "callsign": "CPA104", "aircraft_type": "A388", "adep": "VTCT", "ades": "VTBS", "epoch_ts": "2025-12-23 02:19:57+00:00", "altitude_ft": 30511.9, "tas_kt": 458.7, "gs_kt": 458.7, "track_deg": 178.22320416580618, "phase": "climb"}, "geometry": {"type": "Point", "coordinates": [100.251528, 18.013843, 9300.0]}}, {"type": "Feature", "properties": {"flight_key": "CPA104_VTCT_VTBS_2025-12-23 01:57", "callsign": "CPA104", "aircraft_type": "A388", "adep": "VTCT", "ades": "VTBS", "epoch_ts": "2025-12-23 02:20:17+00:00", "altitude_ft": 30873.1, "tas_kt": 457.9, "gs_kt": 457.9, "track_deg": 178.22320416580618, "phase": "climb"}, "geometry": {"type": "Point", "coordinates": [100.252902, 17.971261, 9410.1]}}, {"type": "Feature", "properties": {"flight_key": "CPA104_VTCT_VTBS_2025-12-23 01:57", "callsign": "CPA104", "aircraft_type": "A388", "adep": "VTCT", "ades": "VTBS", "epoch_ts": "2025-12-23 02:20:37+00:00", "altitude_ft": 31234.3, "tas_kt": 457.2, "gs_kt": 457.2, "track_deg": 178.22320416580618, "phase": "climb"}, "geometry": {"type": "Point", "coordinates": [100.254273, 17.928745, 9520.2]}}, {"type": "Feature", "properties": {"flight_key": "CPA104_VTCT_VTBS_2025-12-23 01:57", "callsign": "CPA104", "aircraft_type": "A388", "adep": "VTCT", "ades": "VTBS", "epoch_ts": "2025-12-23 02:20:57+00:00", "altitude_ft": 31595.4, "tas_kt": 456.5, "gs_kt": 456.5, "track_deg": 178.22320416580618, "phase": "climb"}, "geometry": {"type": "Point", "coordinates": [100.255642, 17.886297, 9630.3]}}, {"type": "Feature", "properties": {"flight_key": "CPA104_VTCT_VTBS_2025-12-23 01:57", "callsign": "CPA104", "aircraft_type": "A388", "adep": "VTCT", "ades": "VTBS", "epoch_ts": "2025-12-23 02:21:17+00:00", "altitude_ft": 31956.6, "tas_kt": 455.8, "gs_kt": 455.8, "track_deg": 178.22320416580618, "phase": "climb"}, "geometry": {"type": "Point", "coordinates": [100.257007, 17.843916, 9740.4]}}, {"type": "Feature", "properties": {"flight_key": "CPA104_VTCT_VTBS_2025-12-23 01:57", "callsign": "CPA104", "aircraft_type": "A388", "adep": "VTCT", "ades": "VTBS", "epoch_ts": "2025-12-23 02:21:37+00:00", "altitude_ft": 32325.8, "tas_kt": 455.0, "gs_kt": 455.0, "track_deg": 178.22320416580618, "phase": "climb"}, "geometry": {"type": "Point", "coordinates": [100.25837, 17.801603, 9852.9]}}, {"type": "Feature", "properties": {"flight_key": "CPA104_VTCT_VTBS_2025-12-23 01:57", "callsign": "CPA104", "aircraft_type": "A388", "adep": "VTCT", "ades": "VTBS", "epoch_ts": "2025-12-23 02:21:57+00:00", "altitude_ft": 32696.2, "tas_kt": 454.3, "gs_kt": 454.3, "track_deg": 178.22320416580618, "phase": "climb"}, "geometry": {"type": "Point", "coordinates": [100.25973, 17.759359, 9965.8]}}, {"type": "Feature", "properties": {"flight_key": "CPA104_VTCT_VTBS_2025-12-23 01:57", "callsign": "CPA104", "aircraft_type": "A388", "adep": "VTCT", "ades": "VTBS", "epoch_ts": "2025-12-23 02:22:17+00:00", "altitude_ft": 33066.5, "tas_kt": 453.5, "gs_kt": 453.5, "track_deg": 178.22320416580618, "phase": "climb"}, "geometry": {"type": "Point", "coordinates": [100.261087, 17.717183, 10078.7]}}, {"type": "Feature", "properties": {"flight_key": "CPA104_VTCT_VTBS_2025-12-23 01:57", "callsign": "CPA104", "aircraft_type": "A388", "adep": "VTCT", "ades": "VTBS", "epoch_ts": "2025-12-23 02:22:37+00:00", "altitude_ft": 33436.8, "tas_kt": 452.8, "gs_kt": 452.8, "track_deg": 178.22320416580618, "phase": "climb"}, "geometry": {"type": "Point", "coordinates": [100.262441, 17.675078, 10191.5]}}, {"type": "Feature", "properties": {"flight_key": "CPA104_VTCT_VTBS_2025-12-23 01:57", "callsign": "CPA104", "aircraft_type": "A388", "adep": "VTCT", "ades": "VTBS", "epoch_ts": "2025-12-23 02:22:57+00:00", "altitude_ft": 33807.2, "tas_kt": 452.0, "gs_kt": 452.0, "track_deg": 178.22320416580618, "phase": "climb"}, "geometry": {"type": "Point", "coordinates": [100.263792, 17.633041, 10304.4]}}, {"type": "Feature", "properties": {"flight_key": "CPA104_VTCT_VTBS_2025-12-23 01:57", "callsign": "CPA104", "aircraft_type": "A388", "adep": "VTCT", "ades": "VTBS", "epoch_ts": "2025-12-23 02:23:17+00:00", "altitude_ft": 34168.5, "tas_kt": 451.3, "gs_kt": 451.3, "track_deg": 178.22320416580618, "phase": "climb"}, "geometry": {"type": "Point", "coordinates": [100.265141, 17.591074, 10414.6]}}, {"type": "Feature", "properties": {"flight_key": "CPA104_VTCT_VTBS_2025-12-23 01:57", "callsign": "CPA104", "aircraft_type": "A388", "adep": "VTCT", "ades": "VTBS", "epoch_ts": "2025-12-23 02:23:37+00:00", "altitude_ft": 34520.0, "tas_kt": 450.6, "gs_kt": 450.6, "track_deg": 178.22320416580618, "phase": "climb"}, "geometry": {"type": "Point", "coordinates": [100.266486, 17.549173, 10521.7]}}, {"type": "Feature", "properties": {"flight_key": "CPA104_VTCT_VTBS_2025-12-23 01:57", "callsign": "CPA104", "aircraft_type": "A388", "adep": "VTCT", "ades": "VTBS", "epoch_ts": "2025-12-23 02:23:57+00:00", "altitude_ft": 34871.5, "tas_kt": 449.9, "gs_kt": 449.9, "track_deg": 178.22320416580618, "phase": "climb"}, "geometry": {"type": "Point", "coordinates": [100.267829, 17.507338, 10628.8]}}, {"type": "Feature", "properties": {"flight_key": "CPA104_VTCT_VTBS_2025-12-23 01:57", "callsign": "CPA104", "aircraft_type": "A388", "adep": "VTCT", "ades": "VTBS", "epoch_ts": "2025-12-23 02:24:17+00:00", "altitude_ft": 35223.0, "tas_kt": 449.2, "gs_kt": 449.2, "track_deg": 178.22320416580618, "phase": "climb"}, "geometry": {"type": "Point", "coordinates": [100.269174, 17.465419, 10736.0]}}, {"type": "Feature", "properties": {"flight_key": "CPA104_VTCT_VTBS_2025-12-23 01:57", "callsign": "CPA104", "aircraft_type": "A388", "adep": "VTCT", "ades": "VTBS", "epoch_ts": "2025-12-23 02:24:37+00:00", "altitude_ft": 35574.5, "tas_kt": 448.4, "gs_kt": 448.4, "track_deg": 178.22320416580618, "phase": "climb"}, "geometry": {"type": "Point", "coordinates": [100.270518, 17.42353, 10843.1]}}, {"type": "Feature", "properties": {"flight_key": "CPA104_VTCT_VTBS_2025-12-23 01:57", "callsign": "CPA104", "aircraft_type": "A388", "adep": "VTCT", "ades": "VTBS", "epoch_ts": "2025-12-23 02:24:57+00:00", "altitude_ft": 35926.0, "tas_kt": 447.7, "gs_kt": 447.7, "track_deg": 178.22320416580618, "phase": "climb"}, "geometry": {"type": "Point", "coordinates": [100.271858, 17.381708, 10950.2]}}, {"type": "Feature", "properties": {"flight_key": "CPA104_VTCT_VTBS_2025-12-23 01:57", "callsign": "CPA104", "aircraft_type": "A388", "adep": "VTCT", "ades": "VTBS", "epoch_ts": "2025-12-23 02:25:17+00:00", "altitude_ft": 36000.0, "tas_kt": 447.6, "gs_kt": 447.6, "track_deg": 178.22320416580618, "phase": "cruise"}, "geometry": {"type": "Point", "coordinates": [100.273197, 17.339931, 10972.8]}}, {"type": "Feature", "properties": {"flight_key": "CPA104_VTCT_VTBS_2025-12-23 01:57", "callsign": "CPA104", "aircraft_type": "A388", "adep": "VTCT", "ades": "VTBS", "epoch_ts": "2025-12-23 02:25:37+00:00", "altitude_ft": 36000.0, "tas_kt": 447.6, "gs_kt": 447.6, "track_deg": 178.22320416580618, "phase": "cruise"}, "geometry": {"type": "Point", "coordinates": [100.274535, 17.298156, 10972.8]}}, {"type": "Feature", "properties": {"flight_key": "CPA104_VTCT_VTBS_2025-12-23 01:57", "callsign": "CPA104", "aircraft_type": "A388", "adep": "VTCT", "ades": "VTBS", "epoch_ts": "2025-12-23 02:25:57+00:00", "altitude_ft": 36000.0, "tas_kt": 447.6, "gs_kt": 447.6, "track_deg": 178.22320416580618, "phase": "cruise"}, "geometry": {"type": "Point", "coordinates": [100.275872, 17.256381, 10972.8]}}, {"type": "Feature", "properties": {"flight_key": "CPA104_VTCT_VTBS_2025-12-23 01:57", "callsign": "CPA104", "aircraft_type": "A388", "adep": "VTCT", "ades": "VTBS", "epoch_ts": "2025-12-23 02:26:17+00:00", "altitude_ft": 36000.0, "tas_kt": 447.6, "gs_kt": 447.6, "track_deg": 178.22320416580618, "phase": "cruise"}, "geometry": {"type": "Point", "coordinates": [100.277209, 17.214606, 10972.8]}}, {"type": "Feature", "properties": {"flight_key": "CPA104_VTCT_VTBS_2025-12-23 01:57", "callsign": "CPA104", "aircraft_type": "A388", "adep": "VTCT", "ades": "VTBS", "epoch_ts": "2025-12-23 02:26:37+00:00", "altitude_ft": 36000.0, "tas_kt": 447.6, "gs_kt": 447.6, "track_deg": 178.22320416580618, "phase": "cruise"}, "geometry": {"type": "Point", "coordinates": [100.278545, 17.17283, 10972.8]}}, {"type": "Feature", "properties": {"flight_key": "CPA104_VTCT_VTBS_2025-12-23 01:57", "callsign": "CPA104", "aircraft_type": "A388", "adep": "VTCT", "ades": "VTBS", "epoch_ts": "2025-12-23 02:26:57+00:00", "altitude_ft": 36000.0, "tas_kt": 447.6, "gs_kt": 447.6, "track_deg": 178.22320416580618, "phase": "cruise"}, "geometry": {"type": "Point", "coordinates": [100.27988, 17.131055, 10972.8]}}, {"type": "Feature", "properties": {"flight_key": "CPA104_VTCT_VTBS_2025-12-23 01:57", "callsign": "CPA104", "aircraft_type": "A388", "adep": "VTCT", "ades": "VTBS", "epoch_ts": "2025-12-23 02:27:17+00:00", "altitude_ft": 36000.0, "tas_kt": 447.6, "gs_kt": 447.6, "track_deg": 178.22320416580618, "phase": "cruise"}, "geometry": {"type": "Point", "coordinates": [100.281215, 17.089279, 10972.8]}}, {"type": "Feature", "properties": {"flight_key": "CPA104_VTCT_VTBS_2025-12-23 01:57", "callsign": "CPA104", "aircraft_type": "A388", "adep": "VTCT", "ades": "VTBS", "epoch_ts": "2025-12-23 02:27:37+00:00", "altitude_ft": 36000.0, "tas_kt": 447.6, "gs_kt": 447.6, "track_deg": 178.22320416580618, "phase": "cruise"}, "geometry": {"type": "Point", "coordinates": [100.28255, 17.047503, 10972.8]}}, {"type": "Feature", "properties": {"flight_key": "CPA104_VTCT_VTBS_2025-12-23 01:57", "callsign": "CPA104", "aircraft_type": "A388", "adep": "VTCT", "ades": "VTBS", "epoch_ts": "2025-12-23 02:27:57+00:00", "altitude_ft": 36000.0, "tas_kt": 447.6, "gs_kt": 447.6, "track_deg": 178.22320416580618, "phase": "cruise"}, "geometry": {"type": "Point", "coordinates": [100.283883, 17.005726, 10972.8]}}, {"type": "Feature", "properties": {"flight_key": "CPA104_VTCT_VTBS_2025-12-23 01:57", "callsign": "CPA104", "aircraft_type": "A388", "adep": "VTCT", "ades": "VTBS", "epoch_ts": "2025-12-23 02:28:17+00:00", "altitude_ft": 36000.0, "tas_kt": 447.6, "gs_kt": 447.6, "track_deg": 178.22320416580618, "phase": "cruise"}, "geometry": {"type": "Point", "coordinates": [100.285216, 16.96395, 10972.8]}}, {"type": "Feature", "properties": {"flight_key": "CPA104_VTCT_VTBS_2025-12-23 01:57", "callsign": "CPA104", "aircraft_type": "A388", "adep": "VTCT", "ades": "VTBS", "epoch_ts": "2025-12-23 02:28:37+00:00", "altitude_ft": 36000.0, "tas_kt": 447.6, "gs_kt": 447.6, "track_deg": 178.22320416580618, "phase": "cruise"}, "geometry": {"type": "Point", "coordinates": [100.286549, 16.922173, 10972.8]}}, {"type": "Feature", "properties": {"flight_key": "CPA104_VTCT_VTBS_2025-12-23 01:57", "callsign": "CPA104", "aircraft_type": "A388", "adep": "VTCT", "ades": "VTBS", "epoch_ts": "2025-12-23 02:28:57+00:00", "altitude_ft": 36000.0, "tas_kt": 447.6, "gs_kt": 447.6, "track_deg": 178.22320416580618, "phase": "cruise"}, "geometry": {"type": "Point", "coordinates": [100.287881, 16.880396, 10972.8]}}, {"type": "Feature", "properties": {"flight_key": "CPA104_VTCT_VTBS_2025-12-23 01:57", "callsign": "CPA104", "aircraft_type": "A388", "adep": "VTCT", "ades": "VTBS", "epoch_ts": "2025-12-23 02:29:17+00:00", "altitude_ft": 36000.0, "tas_kt": 447.6, "gs_kt": 447.6, "track_deg": 178.22320416580618, "phase": "cruise"}, "geometry": {"type": "Point", "coordinates": [100.289212, 16.838619, 10972.8]}}, {"type": "Feature", "properties": {"flight_key": "CPA104_VTCT_VTBS_2025-12-23 01:57", "callsign": "CPA104", "aircraft_type": "A388", "adep": "VTCT", "ades": "VTBS", "epoch_ts": "2025-12-23 02:29:37+00:00", "altitude_ft": 36000.0, "tas_kt": 447.6, "gs_kt": 447.6, "track_deg": 178.22320416580618, "phase": "cruise"}, "geometry": {"type": "Point", "coordinates": [100.290543, 16.796842, 10972.8]}}, {"type": "Feature", "properties": {"flight_key": "CPA104_VTCT_VTBS_2025-12-23 01:57", "callsign": "CPA104", "aircraft_type": "A388", "adep": "VTCT", "ades": "VTBS", "epoch_ts": "2025-12-23 02:29:57+00:00", "altitude_ft": 36000.0, "tas_kt": 447.6, "gs_kt": 447.6, "track_deg": 179.78566256007463, "phase": "cruise"}, "geometry": {"type": "Point", "coordinates": [100.291448, 16.755058, 10972.8]}}, {"type": "Feature", "properties": {"flight_key": "CPA104_VTCT_VTBS_2025-12-23 01:57", "callsign": "CPA104", "aircraft_type": "A388", "adep": "VTCT", "ades": "VTBS", "epoch_ts": "2025-12-23 02:30:17+00:00", "altitude_ft": 36000.0, "tas_kt": 447.6, "gs_kt": 447.6, "track_deg": 179.78566256007463, "phase": "cruise"}, "geometry": {"type": "Point", "coordinates": [100.29161, 16.713261, 10972.8]}}, {"type": "Feature", "properties": {"flight_key": "CPA104_VTCT_VTBS_2025-12-23 01:57", "callsign": "CPA104", "aircraft_type": "A388", "adep": "VTCT", "ades": "VTBS", "epoch_ts": "2025-12-23 02:30:37+00:00", "altitude_ft": 36000.0, "tas_kt": 447.6, "gs_kt": 447.6, "track_deg": 179.78566256007463, "phase": "cruise"}, "geometry": {"type": "Point", "coordinates": [100.291773, 16.671464, 10972.8]}}, {"type": "Feature", "properties": {"flight_key": "CPA104_VTCT_VTBS_2025-12-23 01:57", "callsign": "CPA104", "aircraft_type": "A388", "adep": "VTCT", "ades": "VTBS", "epoch_ts": "2025-12-23 02:30:57+00:00", "altitude_ft": 36000.0, "tas_kt": 447.6, "gs_kt": 447.6, "track_deg": 179.78566256007463, "phase": "cruise"}, "geometry": {"type": "Point", "coordinates": [100.291935, 16.629667, 10972.8]}}, {"type": "Feature", "properties": {"flight_key": "CPA104_VTCT_VTBS_2025-12-23 01:57", "callsign": "CPA104", "aircraft_type": "A388", "adep": "VTCT", "ades": "VTBS", "epoch_ts": "2025-12-23 02:31:17+00:00", "altitude_ft": 36000.0, "tas_kt": 447.6, "gs_kt": 447.6, "track_deg": 179.78566256007463, "phase": "cruise"}, "geometry": {"type": "Point", "coordinates": [100.292097, 16.587869, 10972.8]}}, {"type": "Feature", "properties": {"flight_key": "CPA104_VTCT_VTBS_2025-12-23 01:57", "callsign": "CPA104", "aircraft_type": "A388", "adep": "VTCT", "ades": "VTBS", "epoch_ts": "2025-12-23 02:31:37+00:00", "altitude_ft": 36000.0, "tas_kt": 447.6, "gs_kt": 447.6, "track_deg": 179.78566256007463, "phase": "cruise"}, "geometry": {"type": "Point", "coordinates": [100.292259, 16.546072, 10972.8]}}, {"type": "Feature", "properties": {"flight_key": "CPA104_VTCT_VTBS_2025-12-23 01:57", "callsign": "CPA104", "aircraft_type": "A388", "adep": "VTCT", "ades": "VTBS", "epoch_ts": "2025-12-23 02:31:57+00:00", "altitude_ft": 36000.0, "tas_kt": 447.6, "gs_kt": 447.6, "track_deg": 179.78566256007463, "phase": "cruise"}, "geometry": {"type": "Point", "coordinates": [100.29242, 16.504274, 10972.8]}}, {"type": "Feature", "properties": {"flight_key": "CPA104_VTCT_VTBS_2025-12-23 01:57", "callsign": "CPA104", "aircraft_type": "A388", "adep": "VTCT", "ades": "VTBS", "epoch_ts": "2025-12-23 02:32:17+00:00", "altitude_ft": 36000.0, "tas_kt": 447.6, "gs_kt": 447.6, "track_deg": 179.78566256007463, "phase": "cruise"}, "geometry": {"type": "Point", "coordinates": [100.292582, 16.462476, 10972.8]}}, {"type": "Feature", "properties": {"flight_key": "CPA104_VTCT_VTBS_2025-12-23 01:57", "callsign": "CPA104", "aircraft_type": "A388", "adep": "VTCT", "ades": "VTBS", "epoch_ts": "2025-12-23 02:32:37+00:00", "altitude_ft": 36000.0, "tas_kt": 447.6, "gs_kt": 447.6, "track_deg": 179.78566256007463, "phase": "cruise"}, "geometry": {"type": "Point", "coordinates": [100.292744, 16.420678, 10972.8]}}, {"type": "Feature", "properties": {"flight_key": "CPA104_VTCT_VTBS_2025-12-23 01:57", "callsign": "CPA104", "aircraft_type": "A388", "adep": "VTCT", "ades": "VTBS", "epoch_ts": "2025-12-23 02:32:57+00:00", "altitude_ft": 36000.0, "tas_kt": 447.6, "gs_kt": 447.6, "track_deg": 179.78566256007463, "phase": "cruise"}, "geometry": {"type": "Point", "coordinates": [100.292906, 16.37888, 10972.8]}}, {"type": "Feature", "properties": {"flight_key": "CPA104_VTCT_VTBS_2025-12-23 01:57", "callsign": "CPA104", "aircraft_type": "A388", "adep": "VTCT", "ades": "VTBS", "epoch_ts": "2025-12-23 02:33:17+00:00", "altitude_ft": 36000.0, "tas_kt": 447.6, "gs_kt": 447.6, "track_deg": 179.78566256007463, "phase": "cruise"}, "geometry": {"type": "Point", "coordinates": [100.293067, 16.337082, 10972.8]}}, {"type": "Feature", "properties": {"flight_key": "CPA104_VTCT_VTBS_2025-12-23 01:57", "callsign": "CPA104", "aircraft_type": "A388", "adep": "VTCT", "ades": "VTBS", "epoch_ts": "2025-12-23 02:33:37+00:00", "altitude_ft": 36000.0, "tas_kt": 447.6, "gs_kt": 447.6, "track_deg": 179.78566256007463, "phase": "cruise"}, "geometry": {"type": "Point", "coordinates": [100.293229, 16.295283, 10972.8]}}, {"type": "Feature", "properties": {"flight_key": "CPA104_VTCT_VTBS_2025-12-23 01:57", "callsign": "CPA104", "aircraft_type": "A388", "adep": "VTCT", "ades": "VTBS", "epoch_ts": "2025-12-23 02:33:57+00:00", "altitude_ft": 36000.0, "tas_kt": 447.6, "gs_kt": 447.6, "track_deg": 179.76650014853888, "phase": "cruise"}, "geometry": {"type": "Point", "coordinates": [100.293396, 16.253485, 10972.8]}}, {"type": "Feature", "properties": {"flight_key": "CPA104_VTCT_VTBS_2025-12-23 01:57", "callsign": "CPA104", "aircraft_type": "A388", "adep": "VTCT", "ades": "VTBS", "epoch_ts": "2025-12-23 02:34:17+00:00", "altitude_ft": 35832.0, "tas_kt": 447.9, "gs_kt": 447.9, "track_deg": 179.76650014853888, "phase": "descent"}, "geometry": {"type": "Point", "coordinates": [100.293572, 16.211681, 10921.6]}}, {"type": "Feature", "properties": {"flight_key": "CPA104_VTCT_VTBS_2025-12-23 01:57", "callsign": "CPA104", "aircraft_type": "A388", "adep": "VTCT", "ades": "VTBS", "epoch_ts": "2025-12-23 02:34:37+00:00", "altitude_ft": 35623.2, "tas_kt": 449.1, "gs_kt": 449.1, "track_deg": 179.76650014853888, "phase": "descent"}, "geometry": {"type": "Point", "coordinates": [100.293749, 16.169794, 10858.0]}}, {"type": "Feature", "properties": {"flight_key": "CPA104_VTCT_VTBS_2025-12-23 01:57", "callsign": "CPA104", "aircraft_type": "A388", "adep": "VTCT", "ades": "VTBS", "epoch_ts": "2025-12-23 02:34:57+00:00", "altitude_ft": 35744.5, "tas_kt": 450.3, "gs_kt": 450.3, "track_deg": 179.76650014853888, "phase": "descent"}, "geometry": {"type": "Point", "coordinates": [100.293942, 16.123958, 10894.9]}}, {"type": "Feature", "properties": {"flight_key": "CPA104_VTCT_VTBS_2025-12-23 01:57", "callsign": "CPA104", "aircraft_type": "A388", "adep": "VTCT", "ades": "VTBS", "epoch_ts": "2025-12-23 02:35:17+00:00", "altitude_ft": 35121.5, "tas_kt": 451.5, "gs_kt": 451.5, "track_deg": 179.76650014853888, "phase": "descent"}, "geometry": {"type": "Point", "coordinates": [100.294152, 16.074124, 10705.0]}}, {"type": "Feature", "properties": {"flight_key": "CPA104_VTCT_VTBS_2025-12-23 01:57", "callsign": "CPA104", "aircraft_type": "A388", "adep": "VTCT", "ades": "VTBS", "epoch_ts": "2025-12-23 02:35:37+00:00", "altitude_ft": 34496.9, "tas_kt": 452.7, "gs_kt": 452.7, "track_deg": 179.76650014853888, "phase": "descent"}, "geometry": {"type": "Point", "coordinates": [100.294362, 16.024157, 10514.7]}}, {"type": "Feature", "properties": {"flight_key": "CPA104_VTCT_VTBS_2025-12-23 01:57", "callsign": "CPA104", "aircraft_type": "A388", "adep": "VTCT", "ades": "VTBS", "epoch_ts": "2025-12-23 02:35:57+00:00", "altitude_ft": 33870.6, "tas_kt": 453.9, "gs_kt": 453.9, "track_deg": 179.76650014853888, "phase": "descent"}, "geometry": {"type": "Point", "coordinates": [100.294573, 15.97406, 10323.8]}}, {"type": "Feature", "properties": {"flight_key": "CPA104_VTCT_VTBS_2025-12-23 01:57", "callsign": "CPA104", "aircraft_type": "A388", "adep": "VTCT", "ades": "VTBS", "epoch_ts": "2025-12-23 02:36:17+00:00", "altitude_ft": 33242.7, "tas_kt": 455.1, "gs_kt": 455.1, "track_deg": 179.76650014853888, "phase": "descent"}, "geometry": {"type": "Point", "coordinates": [100.294784, 15.923831, 10132.4]}}, {"type": "Feature", "properties": {"flight_key": "CPA104_VTCT_VTBS_2025-12-23 01:57", "callsign": "CPA104", "aircraft_type": "A388", "adep": "VTCT", "ades": "VTBS", "epoch_ts": "2025-12-23 02:36:37+00:00", "altitude_ft": 32613.2, "tas_kt": 456.2, "gs_kt": 456.2, "track_deg": 179.76650014853888, "phase": "descent"}, "geometry": {"type": "Point", "coordinates": [100.294996, 15.873472, 9940.5]}}, {"type": "Feature", "properties": {"flight_key": "CPA104_VTCT_VTBS_2025-12-23 01:57", "callsign": "CPA104", "aircraft_type": "A388", "adep": "VTCT", "ades": "VTBS", "epoch_ts": "2025-12-23 02:36:57+00:00", "altitude_ft": 31982.1, "tas_kt": 457.4, "gs_kt": 457.4, "track_deg": 179.76650014853888, "phase": "descent"}, "geometry": {"type": "Point", "coordinates": [100.295208, 15.822987, 9748.1]}}, {"type": "Feature", "properties": {"flight_key": "CPA104_VTCT_VTBS_2025-12-23 01:57", "callsign": "CPA104", "aircraft_type": "A388", "adep": "VTCT", "ades": "VTBS", "epoch_ts": "2025-12-23 02:37:17+00:00", "altitude_ft": 31349.4, "tas_kt": 458.5, "gs_kt": 458.5, "track_deg": 179.76650014853888, "phase": "descent"}, "geometry": {"type": "Point", "coordinates": [100.29542, 15.772377, 9555.3]}}, {"type": "Feature", "properties": {"flight_key": "CPA104_VTCT_VTBS_2025-12-23 01:57", "callsign": "CPA104", "aircraft_type": "A388", "adep": "VTCT", "ades": "VTBS", "epoch_ts": "2025-12-23 02:37:37+00:00", "altitude_ft": 30715.2, "tas_kt": 459.6, "gs_kt": 459.6, "track_deg": 179.76650014853888, "phase": "descent"}, "geometry": {"type": "Point", "coordinates": [100.295633, 15.721642, 9362.0]}}, {"type": "Feature", "properties": {"flight_key": "CPA104_VTCT_VTBS_2025-12-23 01:57", "callsign": "CPA104", "aircraft_type": "A388", "adep": "VTCT", "ades": "VTBS", "epoch_ts": "2025-12-23 02:37:57+00:00", "altitude_ft": 30079.4, "tas_kt": 460.7, "gs_kt": 460.7, "track_deg": 179.76650014853888, "phase": "descent"}, "geometry": {"type": "Point", "coordinates": [100.295847, 15.670785, 9168.2]}}, {"type": "Feature", "properties": {"flight_key": "CPA104_VTCT_VTBS_2025-12-23 01:57", "callsign": "CPA104", "aircraft_type": "A388", "adep": "VTCT", "ades": "VTBS", "epoch_ts": "2025-12-23 02:38:17+00:00", "altitude_ft": 29442.2, "tas_kt": 461.8, "gs_kt": 461.8, "track_deg": 179.76650014853888, "phase": "descent"}, "geometry": {"type": "Point", "coordinates": [100.29606, 15.619807, 8974.0]}}, {"type": "Feature", "properties": {"flight_key": "CPA104_VTCT_VTBS_2025-12-23 01:57", "callsign": "CPA104", "aircraft_type": "A388", "adep": "VTCT", "ades": "VTBS", "epoch_ts": "2025-12-23 02:38:37+00:00", "altitude_ft": 28803.4, "tas_kt": 462.9, "gs_kt": 462.9, "track_deg": 179.76650014853888, "phase": "descent"}, "geometry": {"type": "Point", "coordinates": [100.296274, 15.568709, 8779.3]}}, {"type": "Feature", "properties": {"flight_key": "CPA104_VTCT_VTBS_2025-12-23 01:57", "callsign": "CPA104", "aircraft_type": "A388", "adep": "VTCT", "ades": "VTBS", "epoch_ts": "2025-12-23 02:38:57+00:00", "altitude_ft": 28174.3, "tas_kt": 436.8, "gs_kt": 436.8, "track_deg": 179.76650014853888, "phase": "descent"}, "geometry": {"type": "Point", "coordinates": [100.296485, 15.51838, 8587.5]}}, {"type": "Feature", "properties": {"flight_key": "CPA104_VTCT_VTBS_2025-12-23 01:57", "callsign": "CPA104", "aircraft_type": "A388", "adep": "VTCT", "ades": "VTBS", "epoch_ts": "2025-12-23 02:39:17+00:00", "altitude_ft": 27573.3, "tas_kt": 433.2, "gs_kt": 433.2, "track_deg": 179.76650014853888, "phase": "descent"}, "geometry": {"type": "Point", "coordinates": [100.296687, 15.470308, 8404.3]}}, {"type": "Feature", "properties": {"flight_key": "CPA104_VTCT_VTBS_2025-12-23 01:57", "callsign": "CPA104", "aircraft_type": "A388", "adep": "VTCT", "ades": "VTBS", "epoch_ts": "2025-12-23 02:39:37+00:00", "altitude_ft": 26977.3, "tas_kt": 429.6, "gs_kt": 429.6, "track_deg": 179.76650014853888, "phase": "descent"}, "geometry": {"type": "Point", "coordinates": [100.296886, 15.422631, 8222.7]}}, {"type": "Feature", "properties": {"flight_key": "CPA104_VTCT_VTBS_2025-12-23 01:57", "callsign": "CPA104", "aircraft_type": "A388", "adep": "VTCT", "ades": "VTBS", "epoch_ts": "2025-12-23 02:39:57+00:00", "altitude_ft": 26386.3, "tas_kt": 426.1, "gs_kt": 426.1, "track_deg": 179.76650014853888, "phase": "descent"}, "geometry": {"type": "Point", "coordinates": [100.297084, 15.375345, 8042.5]}}, {"type": "Feature", "properties": {"flight_key": "CPA104_VTCT_VTBS_2025-12-23 01:57", "callsign": "CPA104", "aircraft_type": "A388", "adep": "VTCT", "ades": "VTBS", "epoch_ts": "2025-12-23 02:40:17+00:00", "altitude_ft": 25800.0, "tas_kt": 422.7, "gs_kt": 422.7, "track_deg": 179.76650014853888, "phase": "descent"}, "geometry": {"type": "Point", "coordinates": [100.29728, 15.328445, 7863.8]}}, {"type": "Feature", "properties": {"flight_key": "CPA104_VTCT_VTBS_2025-12-23 01:57", "callsign": "CPA104", "aircraft_type": "A388", "adep": "VTCT", "ades": "VTBS", "epoch_ts": "2025-12-23 02:40:37+00:00", "altitude_ft": 25218.4, "tas_kt": 405.9, "gs_kt": 405.9, "track_deg": 173.19854987515643, "phase": "descent"}, "geometry": {"type": "Point", "coordinates": [100.297746, 15.28193, 7686.6]}}, {"type": "Feature", "properties": {"flight_key": "CPA104_VTCT_VTBS_2025-12-23 01:57", "callsign": "CPA104", "aircraft_type": "A388", "adep": "VTCT", "ades": "VTBS", "epoch_ts": "2025-12-23 02:40:57+00:00", "altitude_ft": 24649.9, "tas_kt": 402.3, "gs_kt": 402.3, "track_deg": 149.1663192404508, "phase": "descent"}, "geometry": {"type": "Point", "coordinates": [100.318561, 15.241578, 7513.3]}}, {"type": "Feature", "properties": {"flight_key": "CPA104_VTCT_VTBS_2025-12-23 01:57", "callsign": "CPA104", "aircraft_type": "A388", "adep": "VTCT", "ades": "VTBS", "epoch_ts": "2025-12-23 02:41:17+00:00", "altitude_ft": 24092.9, "tas_kt": 398.9, "gs_kt": 398.9, "track_deg": 149.1663192404508, "phase": "descent"}, "geometry": {"type": "Point", "coordinates": [100.342079, 15.203313, 7343.5]}}, {"type": "Feature", "properties": {"flight_key": "CPA104_VTCT_VTBS_2025-12-23 01:57", "callsign": "CPA104", "aircraft_type": "A388", "adep": "VTCT", "ades": "VTBS", "epoch_ts": "2025-12-23 02:41:37+00:00", "altitude_ft": 23540.6, "tas_kt": 395.5, "gs_kt": 395.5, "track_deg": 149.1663192404508, "phase": "descent"}, "geometry": {"type": "Point", "coordinates": [100.365389, 15.165369, 7175.2]}}, {"type": "Feature", "properties": {"flight_key": "CPA104_VTCT_VTBS_2025-12-23 01:57", "callsign": "CPA104", "aircraft_type": "A388", "adep": "VTCT", "ades": "VTBS", "epoch_ts": "2025-12-23 02:41:57+00:00", "altitude_ft": 22992.9, "tas_kt": 392.1, "gs_kt": 392.1, "track_deg": 149.1663192404508, "phase": "descent"}, "geometry": {"type": "Point", "coordinates": [100.388495, 15.127741, 7008.2]}}, {"type": "Feature", "properties": {"flight_key": "CPA104_VTCT_VTBS_2025-12-23 01:57", "callsign": "CPA104", "aircraft_type": "A388", "adep": "VTCT", "ades": "VTBS", "epoch_ts": "2025-12-23 02:42:17+00:00", "altitude_ft": 22449.7, "tas_kt": 388.9, "gs_kt": 388.9, "track_deg": 149.1663192404508, "phase": "descent"}, "geometry": {"type": "Point", "coordinates": [100.411403, 15.09042, 6842.7]}}, {"type": "Feature", "properties": {"flight_key": "CPA104_VTCT_VTBS_2025-12-23 01:57", "callsign": "CPA104", "aircraft_type": "A388", "adep": "VTCT", "ades": "VTBS", "epoch_ts": "2025-12-23 02:42:37+00:00", "altitude_ft": 21911.0, "tas_kt": 385.7, "gs_kt": 385.7, "track_deg": 149.1663192404508, "phase": "descent"}, "geometry": {"type": "Point", "coordinates": [100.434115, 15.053403, 6678.5]}}, {"type": "Feature", "properties": {"flight_key": "CPA104_VTCT_VTBS_2025-12-23 01:57", "callsign": "CPA104", "aircraft_type": "A388", "adep": "VTCT", "ades": "VTBS", "epoch_ts": "2025-12-23 02:42:57+00:00", "altitude_ft": 21379.9, "tas_kt": 343.2, "gs_kt": 343.2, "track_deg": 149.1663192404508, "phase": "descent"}, "geometry": {"type": "Point", "coordinates": [100.456499, 15.016906, 6516.6]}}, {"type": "Feature", "properties": {"flight_key": "CPA104_VTCT_VTBS_2025-12-23 01:57", "callsign": "CPA104", "aircraft_type": "A388", "adep": "VTCT", "ades": "VTBS", "epoch_ts": "2025-12-23 02:43:17+00:00", "altitude_ft": 20904.3, "tas_kt": 340.7, "gs_kt": 340.7, "track_deg": 149.1663192404508, "phase": "descent"}, "geometry": {"type": "Point", "coordinates": [100.476537, 14.984221, 6371.6]}}, {"type": "Feature", "properties": {"flight_key": "CPA104_VTCT_VTBS_2025-12-23 01:57", "callsign": "CPA104", "aircraft_type": "A388", "adep": "VTCT", "ades": "VTBS", "epoch_ts": "2025-12-23 02:43:37+00:00", "altitude_ft": 20432.6, "tas_kt": 338.2, "gs_kt": 338.2, "track_deg": 149.1663192404508, "phase": "descent"}, "geometry": {"type": "Point", "coordinates": [100.496406, 14.951801, 6227.9]}}, {"type": "Feature", "properties": {"flight_key": "CPA104_VTCT_VTBS_2025-12-23 01:57", "callsign": "CPA104", "aircraft_type": "A388", "adep": "VTCT", "ades": "VTBS", "epoch_ts": "2025-12-23 02:43:57+00:00", "altitude_ft": 19964.7, "tas_kt": 335.8, "gs_kt": 335.8, "track_deg": 149.1663192404508, "phase": "descent"}, "geometry": {"type": "Point", "coordinates": [100.516109, 14.91964, 6085.2]}}, {"type": "Feature", "properties": {"flight_key": "CPA104_VTCT_VTBS_2025-12-23 01:57", "callsign": "CPA104", "aircraft_type": "A388", "adep": "VTCT", "ades": "VTBS", "epoch_ts": "2025-12-23 02:44:17+00:00", "altitude_ft": 19500.5, "tas_kt": 333.4, "gs_kt": 333.4, "track_deg": 149.1663192404508, "phase": "descent"}, "geometry": {"type": "Point", "coordinates": [100.535649, 14.887734, 5943.8]}}, {"type": "Feature", "properties": {"flight_key": "CPA104_VTCT_VTBS_2025-12-23 01:57", "callsign": "CPA104", "aircraft_type": "A388", "adep": "VTCT", "ades": "VTBS", "epoch_ts": "2025-12-23 02:44:37+00:00", "altitude_ft": 19039.8, "tas_kt": 331.0, "gs_kt": 331.0, "track_deg": 149.1663192404508, "phase": "descent"}, "geometry": {"type": "Point", "coordinates": [100.555038, 14.856063, 5803.3]}}, {"type": "Feature", "properties": {"flight_key": "CPA104_VTCT_VTBS_2025-12-23 01:57", "callsign": "CPA104", "aircraft_type": "A388", "adep": "VTCT", "ades": "VTBS", "epoch_ts": "2025-12-23 02:44:57+00:00", "altitude_ft": 18582.3, "tas_kt": 328.7, "gs_kt": 328.7, "track_deg": 149.1663192404508, "phase": "descent"}, "geometry": {"type": "Point", "coordinates": [100.574285, 14.824613, 5663.9]}}, {"type": "Feature", "properties": {"flight_key": "CPA104_VTCT_VTBS_2025-12-23 01:57", "callsign": "CPA104", "aircraft_type": "A388", "adep": "VTCT", "ades": "VTBS", "epoch_ts": "2025-12-23 02:45:17+00:00", "altitude_ft": 18128.0, "tas_kt": 326.4, "gs_kt": 326.4, "track_deg": 149.1663192404508, "phase": "descent"}, "geometry": {"type": "Point", "coordinates": [100.593393, 14.793381, 5525.4]}}, {"type": "Feature", "properties": {"flight_key": "CPA104_VTCT_VTBS_2025-12-23 01:57", "callsign": "CPA104", "aircraft_type": "A388", "adep": "VTCT", "ades": "VTBS", "epoch_ts": "2025-12-23 02:45:37+00:00", "altitude_ft": 17676.8, "tas_kt": 324.1, "gs_kt": 324.1, "track_deg": 149.1663192404508, "phase": "descent"}, "geometry": {"type": "Point", "coordinates": [100.612363, 14.762363, 5387.9]}}, {"type": "Feature", "properties": {"flight_key": "CPA104_VTCT_VTBS_2025-12-23 01:57", "callsign": "CPA104", "aircraft_type": "A388", "adep": "VTCT", "ades": "VTBS", "epoch_ts": "2025-12-23 02:45:57+00:00", "altitude_ft": 17228.7, "tas_kt": 321.9, "gs_kt": 321.9, "track_deg": 149.1663192404508, "phase": "descent"}, "geometry": {"type": "Point", "coordinates": [100.631197, 14.731556, 5251.3]}}, {"type": "Feature", "properties": {"flight_key": "CPA104_VTCT_VTBS_2025-12-23 01:57", "callsign": "CPA104", "aircraft_type": "A388", "adep": "VTCT", "ades": "VTBS", "epoch_ts": "2025-12-23 02:46:17+00:00", "altitude_ft": 16783.7, "tas_kt": 319.7, "gs_kt": 319.7, "track_deg": 163.30491418266482, "phase": "descent"}, "geometry": {"type": "Point", "coordinates": [100.645165, 14.698835, 5115.7]}}, {"type": "Feature", "properties": {"flight_key": "CPA104_VTCT_VTBS_2025-12-23 01:57", "callsign": "CPA104", "aircraft_type": "A388", "adep": "VTCT", "ades": "VTBS", "epoch_ts": "2025-12-23 02:46:37+00:00", "altitude_ft": 16341.7, "tas_kt": 317.5, "gs_kt": 317.5, "track_deg": 163.30491418266482, "phase": "descent"}, "geometry": {"type": "Point", "coordinates": [100.6556, 14.664961, 4981.0]}}, {"type": "Feature", "properties": {"flight_key": "CPA104_VTCT_VTBS_2025-12-23 01:57", "callsign": "CPA104", "aircraft_type": "A388", "adep": "VTCT", "ades": "VTBS", "epoch_ts": "2025-12-23 02:46:57+00:00", "altitude_ft": 15902.6, "tas_kt": 278.4, "gs_kt": 278.4, "track_deg": 163.30491418266482, "phase": "descent"}, "geometry": {"type": "Point", "coordinates": [100.665963, 14.631312, 4847.1]}}, {"type": "Feature", "properties": {"flight_key": "CPA104_VTCT_VTBS_2025-12-23 01:57", "callsign": "CPA104", "aircraft_type": "A388", "adep": "VTCT", "ades": "VTBS", "epoch_ts": "2025-12-23 02:47:17+00:00", "altitude_ft": 15505.5, "tas_kt": 276.7, "gs_kt": 276.7, "track_deg": 163.30491418266482, "phase": "descent"}, "geometry": {"type": "Point", "coordinates": [100.67533, 14.600885, 4726.1]}}, {"type": "Feature", "properties": {"flight_key": "CPA104_VTCT_VTBS_2025-12-23 01:57", "callsign": "CPA104", "aircraft_type": "A388", "adep": "VTCT", "ades": "VTBS", "epoch_ts": "2025-12-23 02:47:37+00:00", "altitude_ft": 15123.1, "tas_kt": 275.1, "gs_kt": 275.1, "track_deg": 163.31154804065102, "phase": "descent"}, "geometry": {"type": "Point", "coordinates": [100.684351, 14.571578, 4609.5]}}, {"type": "Feature", "properties": {"flight_key": "CPA104_VTCT_VTBS_2025-12-23 01:57", "callsign": "CPA104", "aircraft_type": "A388", "adep": "VTCT", "ades": "VTBS", "epoch_ts": "2025-12-23 02:47:57+00:00", "altitude_ft": 14743.2, "tas_kt": 273.5, "gs_kt": 273.5, "track_deg": 163.31154804065102, "phase": "descent"}, "geometry": {"type": "Point", "coordinates": [100.693311, 14.542464, 4493.7]}}, {"type": "Feature", "properties": {"flight_key": "CPA104_VTCT_VTBS_2025-12-23 01:57", "callsign": "CPA104", "aircraft_type": "A388", "adep": "VTCT", "ades": "VTBS", "epoch_ts": "2025-12-23 02:48:17+00:00", "altitude_ft": 14365.8, "tas_kt": 271.9, "gs_kt": 271.9, "track_deg": 163.31154804065102, "phase": "descent"}, "geometry": {"type": "Point", "coordinates": [100.70221, 14.513541, 4378.7]}}, {"type": "Feature", "properties": {"flight_key": "CPA104_VTCT_VTBS_2025-12-23 01:57", "callsign": "CPA104", "aircraft_type": "A388", "adep": "VTCT", "ades": "VTBS", "epoch_ts": "2025-12-23 02:48:37+00:00", "altitude_ft": 13990.8, "tas_kt": 270.3, "gs_kt": 270.3, "track_deg": 163.31154804065102, "phase": "descent"}, "geometry": {"type": "Point", "coordinates": [100.711049, 14.484805, 4264.4]}}, {"type": "Feature", "properties": {"flight_key": "CPA104_VTCT_VTBS_2025-12-23 01:57", "callsign": "CPA104", "aircraft_type": "A388", "adep": "VTCT", "ades": "VTBS", "epoch_ts": "2025-12-23 02:48:57+00:00", "altitude_ft": 13618.2, "tas_kt": 268.8, "gs_kt": 268.8, "track_deg": 165.54246847267723, "phase": "descent"}, "geometry": {"type": "Point", "coordinates": [100.7198, 14.45624, 4150.8]}}, {"type": "Feature", "properties": {"flight_key": "CPA104_VTCT_VTBS_2025-12-23 01:57", "callsign": "CPA104", "aircraft_type": "A388", "adep": "VTCT", "ades": "VTBS", "epoch_ts": "2025-12-23 02:49:17+00:00", "altitude_ft": 13247.7, "tas_kt": 267.3, "gs_kt": 267.3, "track_deg": 194.42519405226795, "phase": "descent"}, "geometry": {"type": "Point", "coordinates": [100.717457, 14.427137, 4037.9]}}, {"type": "Feature", "properties": {"flight_key": "CPA104_VTCT_VTBS_2025-12-23 01:57", "callsign": "CPA104", "aircraft_type": "A388", "adep": "VTCT", "ades": "VTBS", "epoch_ts": "2025-12-23 02:49:37+00:00", "altitude_ft": 12879.3, "tas_kt": 265.8, "gs_kt": 265.8, "track_deg": 194.42519405226795, "phase": "descent"}, "geometry": {"type": "Point", "coordinates": [100.709923, 14.398589, 3925.6]}}, {"type": "Feature", "properties": {"flight_key": "CPA104_VTCT_VTBS_2025-12-23 01:57", "callsign": "CPA104", "aircraft_type": "A388", "adep": "VTCT", "ades": "VTBS", "epoch_ts": "2025-12-23 02:49:57+00:00", "altitude_ft": 12512.9, "tas_kt": 264.3, "gs_kt": 264.3, "track_deg": 194.42519405226795, "phase": "descent"}, "geometry": {"type": "Point", "coordinates": [100.702434, 14.370199, 3813.9]}}, {"type": "Feature", "properties": {"flight_key": "CPA104_VTCT_VTBS_2025-12-23 01:57", "callsign": "CPA104", "aircraft_type": "A388", "adep": "VTCT", "ades": "VTBS", "epoch_ts": "2025-12-23 02:50:17+00:00", "altitude_ft": 12148.5, "tas_kt": 262.8, "gs_kt": 262.8, "track_deg": 194.42519405226795, "phase": "descent"}, "geometry": {"type": "Point", "coordinates": [100.694987, 14.341964, 3702.9]}}, {"type": "Feature", "properties": {"flight_key": "CPA104_VTCT_VTBS_2025-12-23 01:57", "callsign": "CPA104", "aircraft_type": "A388", "adep": "VTCT", "ades": "VTBS", "epoch_ts": "2025-12-23 02:50:37+00:00", "altitude_ft": 11786.1, "tas_kt": 261.4, "gs_kt": 261.4, "track_deg": 194.42519405226795, "phase": "descent"}, "geometry": {"type": "Point", "coordinates": [100.687583, 14.313884, 3592.4]}}, {"type": "Feature", "properties": {"flight_key": "CPA104_VTCT_VTBS_2025-12-23 01:57", "callsign": "CPA104", "aircraft_type": "A388", "adep": "VTCT", "ades": "VTBS", "epoch_ts": "2025-12-23 02:50:57+00:00", "altitude_ft": 11425.6, "tas_kt": 260.0, "gs_kt": 260.0, "track_deg": 194.42519405226795, "phase": "descent"}, "geometry": {"type": "Point", "coordinates": [100.68022, 14.285955, 3482.5]}}, {"type": "Feature", "properties": {"flight_key": "CPA104_VTCT_VTBS_2025-12-23 01:57", "callsign": "CPA104", "aircraft_type": "A388", "adep": "VTCT", "ades": "VTBS", "epoch_ts": "2025-12-23 02:51:17+00:00", "altitude_ft": 11067.1, "tas_kt": 258.6, "gs_kt": 258.6, "track_deg": 194.42519405226795, "phase": "descent"}, "geometry": {"type": "Point", "coordinates": [100.672899, 14.258175, 3373.3]}}, {"type": "Feature", "properties": {"flight_key": "CPA104_VTCT_VTBS_2025-12-23 01:57", "callsign": "CPA104", "aircraft_type": "A388", "adep": "VTCT", "ades": "VTBS", "epoch_ts": "2025-12-23 02:51:37+00:00", "altitude_ft": 10710.5, "tas_kt": 257.2, "gs_kt": 257.2, "track_deg": 194.40569362049712, "phase": "descent"}, "geometry": {"type": "Point", "coordinates": [100.665622, 14.230542, 3264.6]}}, {"type": "Feature", "properties": {"flight_key": "CPA104_VTCT_VTBS_2025-12-23 01:57", "callsign": "CPA104", "aircraft_type": "A388", "adep": "VTCT", "ades": "VTBS", "epoch_ts": "2025-12-23 02:51:57+00:00", "altitude_ft": 10373.2, "tas_kt": 209.8, "gs_kt": 209.8, "track_deg": 194.40569362049712, "phase": "descent"}, "geometry": {"type": "Point", "coordinates": [100.658739, 14.204398, 3161.8]}}, {"type": "Feature", "properties": {"flight_key": "CPA104_VTCT_VTBS_2025-12-23 01:57", "callsign": "CPA104", "aircraft_type": "A388", "adep": "VTCT", "ades": "VTBS", "epoch_ts": "2025-12-23 02:52:17+00:00", "altitude_ft": 10083.9, "tas_kt": 208.9, "gs_kt": 208.9, "track_deg": 194.40569362049712, "phase": "descent"}, "geometry": {"type": "Point", "coordinates": [100.652838, 14.181981, 3073.6]}}, {"type": "Feature", "properties": {"flight_key": "CPA104_VTCT_VTBS_2025-12-23 01:57", "callsign": "CPA104", "aircraft_type": "A388", "adep": "VTCT", "ades": "VTBS", "epoch_ts": "2025-12-23 02:52:37+00:00", "altitude_ft": 9796.1, "tas_kt": 208.0, "gs_kt": 208.0, "track_deg": 194.40569362049712, "phase": "descent"}, "geometry": {"type": "Point", "coordinates": [100.64697, 14.159682, 2985.9]}}, {"type": "Feature", "properties": {"flight_key": "CPA104_VTCT_VTBS_2025-12-23 01:57", "callsign": "CPA104", "aircraft_type": "A388", "adep": "VTCT", "ades": "VTBS", "epoch_ts": "2025-12-23 02:52:57+00:00", "altitude_ft": 9509.9, "tas_kt": 207.1, "gs_kt": 207.1, "track_deg": 194.40569362049712, "phase": "descent"}, "geometry": {"type": "Point", "coordinates": [100.641134, 14.1375, 2898.6]}}, {"type": "Feature", "properties": {"flight_key": "CPA104_VTCT_VTBS_2025-12-23 01:57", "callsign": "CPA104", "aircraft_type": "A388", "adep": "VTCT", "ades": "VTBS", "epoch_ts": "2025-12-23 02:53:17+00:00", "altitude_ft": 9225.1, "tas_kt": 206.2, "gs_kt": 206.2, "track_deg": 194.40569362049712, "phase": "descent"}, "geometry": {"type": "Point", "coordinates": [100.635329, 14.115433, 2811.8]}}, {"type": "Feature", "properties": {"flight_key": "CPA104_VTCT_VTBS_2025-12-23 01:57", "callsign": "CPA104", "aircraft_type": "A388", "adep": "VTCT", "ades": "VTBS", "epoch_ts": "2025-12-23 02:53:37+00:00", "altitude_ft": 8941.8, "tas_kt": 205.3, "gs_kt": 205.3, "track_deg": 194.40569362049712, "phase": "descent"}, "geometry": {"type": "Point", "coordinates": [100.629555, 14.093478, 2725.5]}}, {"type": "Feature", "properties": {"flight_key": "CPA104_VTCT_VTBS_2025-12-23 01:57", "callsign": "CPA104", "aircraft_type": "A388", "adep": "VTCT", "ades": "VTBS", "epoch_ts": "2025-12-23 02:53:57+00:00", "altitude_ft": 8659.7, "tas_kt": 204.4, "gs_kt": 204.4, "track_deg": 194.40569362049712, "phase": "descent"}, "geometry": {"type": "Point", "coordinates": [100.623807, 14.071619, 2639.5]}}, {"type": "Feature", "properties": {"flight_key": "CPA104_VTCT_VTBS_2025-12-23 01:57", "callsign": "CPA104", "aircraft_type": "A388", "adep": "VTCT", "ades": "VTBS", "epoch_ts": "2025-12-23 02:54:17+00:00", "altitude_ft": 8378.8, "tas_kt": 203.6, "gs_kt": 203.6, "track_deg": 194.40569362049712, "phase": "descent"}, "geometry": {"type": "Point", "coordinates": [100.618085, 14.04985, 2553.9]}}, {"type": "Feature", "properties": {"flight_key": "CPA104_VTCT_VTBS_2025-12-23 01:57", "callsign": "CPA104", "aircraft_type": "A388", "adep": "VTCT", "ades": "VTBS", "epoch_ts": "2025-12-23 02:54:37+00:00", "altitude_ft": 8099.1, "tas_kt": 202.7, "gs_kt": 202.7, "track_deg": 194.40569362049712, "phase": "descent"}, "geometry": {"type": "Point", "coordinates": [100.612386, 14.028172, 2468.6]}}, {"type": "Feature", "properties": {"flight_key": "CPA104_VTCT_VTBS_2025-12-23 01:57", "callsign": "CPA104", "aircraft_type": "A388", "adep": "VTCT", "ades": "VTBS", "epoch_ts": "2025-12-23 02:54:57+00:00", "altitude_ft": 7820.5, "tas_kt": 201.9, "gs_kt": 201.9, "track_deg": 177.01256862428016, "phase": "descent"}, "geometry": {"type": "Point", "coordinates": [100.607954, 14.006414, 2383.7]}}, {"type": "Feature", "properties": {"flight_key": "CPA104_VTCT_VTBS_2025-12-23 01:57", "callsign": "CPA104", "aircraft_type": "A388", "adep": "VTCT", "ades": "VTBS", "epoch_ts": "2025-12-23 02:55:17+00:00", "altitude_ft": 7543.1, "tas_kt": 201.0, "gs_kt": 201.0, "track_deg": 112.42631784226245, "phase": "descent"}, "geometry": {"type": "Point", "coordinates": [100.620795, 13.989407, 2299.1]}}, {"type": "Feature", "properties": {"flight_key": "CPA104_VTCT_VTBS_2025-12-23 01:57", "callsign": "CPA104", "aircraft_type": "A388", "adep": "VTCT", "ades": "VTBS", "epoch_ts": "2025-12-23 02:55:37+00:00", "altitude_ft": 7266.8, "tas_kt": 200.2, "gs_kt": 200.2, "track_deg": 104.98705020910074, "phase": "descent"}, "geometry": {"type": "Point", "coordinates": [100.6426, 13.983494, 2214.9]}}, {"type": "Feature", "properties": {"flight_key": "CPA104_VTCT_VTBS_2025-12-23 01:57", "callsign": "CPA104", "aircraft_type": "A388", "adep": "VTCT", "ades": "VTBS", "epoch_ts": "2025-12-23 02:55:57+00:00", "altitude_ft": 6991.6, "tas_kt": 199.4, "gs_kt": 199.4, "track_deg": 104.98705020910074, "phase": "descent"}, "geometry": {"type": "Point", "coordinates": [100.664379, 13.977798, 2131.0]}}, {"type": "Feature", "properties": {"flight_key": "CPA104_VTCT_VTBS_2025-12-23 01:57", "callsign": "CPA104", "aircraft_type": "A388", "adep": "VTCT", "ades": "VTBS", "epoch_ts": "2025-12-23 02:56:17+00:00", "altitude_ft": 6717.5, "tas_kt": 198.5, "gs_kt": 198.5, "track_deg": 104.98705020910074, "phase": "descent"}, "geometry": {"type": "Point", "coordinates": [100.68607, 13.972122, 2047.5]}}, {"type": "Feature", "properties": {"flight_key": "CPA104_VTCT_VTBS_2025-12-23 01:57", "callsign": "CPA104", "aircraft_type": "A388", "adep": "VTCT", "ades": "VTBS", "epoch_ts": "2025-12-23 02:56:38+00:00", "altitude_ft": 6425.2, "tas_kt": 197.7, "gs_kt": 197.7, "track_deg": 78.79138598371264, "phase": "descent"}, "geometry": {"type": "Point", "coordinates": [100.709444, 13.96852, 1958.4]}}, {"type": "Feature", "properties": {"flight_key": "CPA104_VTCT_VTBS_2025-12-23 01:57", "callsign": "CPA104", "aircraft_type": "A388", "adep": "VTCT", "ades": "VTBS", "epoch_ts": "2025-12-23 02:57:02+00:00", "altitude_ft": 6104.7, "tas_kt": 196.7, "gs_kt": 196.7, "track_deg": 14.506739960258114, "phase": "descent"}, "geometry": {"type": "Point", "coordinates": [100.725458, 13.986882, 1860.7]}}, {"type": "Feature", "properties": {"flight_key": "CPA104_VTCT_VTBS_2025-12-23 01:57", "callsign": "CPA104", "aircraft_type": "A388", "adep": "VTCT", "ades": "VTBS", "epoch_ts": "2025-12-23 02:57:22+00:00", "altitude_ft": 5834.2, "tas_kt": 196.0, "gs_kt": 196.0, "track_deg": 14.506739960258114, "phase": "descent"}, "geometry": {"type": "Point", "coordinates": [100.731012, 14.00784, 1778.3]}}, {"type": "Feature", "properties": {"flight_key": "CPA104_VTCT_VTBS_2025-12-23 01:57", "callsign": "CPA104", "aircraft_type": "A388", "adep": "VTCT", "ades": "VTBS", "epoch_ts": "2025-12-23 02:57:42+00:00", "altitude_ft": 5564.6, "tas_kt": 195.2, "gs_kt": 195.2, "track_deg": 26.454385832214232, "phase": "descent"}, "geometry": {"type": "Point", "coordinates": [100.736899, 14.028602, 1696.1]}}, {"type": "Feature", "properties": {"flight_key": "CPA104_VTCT_VTBS_2025-12-23 01:57", "callsign": "CPA104", "aircraft_type": "A388", "adep": "VTCT", "ades": "VTBS", "epoch_ts": "2025-12-23 02:58:02+00:00", "altitude_ft": 5296.2, "tas_kt": 194.4, "gs_kt": 194.4, "track_deg": 88.6189283078924, "phase": "descent"}, "geometry": {"type": "Point", "coordinates": [100.754359, 14.03985, 1614.3]}}, {"type": "Feature", "properties": {"flight_key": "CPA104_VTCT_VTBS_2025-12-23 01:57", "callsign": "CPA104", "aircraft_type": "A388", "adep": "VTCT", "ades": "VTBS", "epoch_ts": "2025-12-23 02:58:22+00:00", "altitude_ft": 5028.7, "tas_kt": 193.6, "gs_kt": 193.6, "track_deg": 105.36564747750069, "phase": "descent"}, "geometry": {"type": "Point", "coordinates": [100.77565, 14.035103, 1532.7]}}, {"type": "Feature", "properties": {"flight_key": "CPA104_VTCT_VTBS_2025-12-23 01:57", "callsign": "CPA104", "aircraft_type": "A388", "adep": "VTCT", "ades": "VTBS", "epoch_ts": "2025-12-23 02:58:42+00:00", "altitude_ft": 4762.3, "tas_kt": 192.9, "gs_kt": 192.9, "track_deg": 105.36564747750069, "phase": "descent"}, "geometry": {"type": "Point", "coordinates": [100.796701, 14.029453, 1451.5]}}, {"type": "Feature", "properties": {"flight_key": "CPA104_VTCT_VTBS_2025-12-23 01:57", "callsign": "CPA104", "aircraft_type": "A388", "adep": "VTCT", "ades": "VTBS", "epoch_ts": "2025-12-23 02:59:02+00:00", "altitude_ft": 4496.9, "tas_kt": 192.1, "gs_kt": 192.1, "track_deg": 105.36564747750069, "phase": "descent"}, "geometry": {"type": "Point", "coordinates": [100.817672, 14.023822, 1370.7]}}, {"type": "Feature", "properties": {"flight_key": "CPA104_VTCT_VTBS_2025-12-23 01:57", "callsign": "CPA104", "aircraft_type": "A388", "adep": "VTCT", "ades": "VTBS", "epoch_ts": "2025-12-23 02:59:22+00:00", "altitude_ft": 4232.5, "tas_kt": 191.4, "gs_kt": 191.4, "track_deg": 137.52912193674467, "phase": "descent"}, "geometry": {"type": "Point", "coordinates": [100.836848, 14.014899, 1290.1]}}, {"type": "Feature", "properties": {"flight_key": "CPA104_VTCT_VTBS_2025-12-23 01:57", "callsign": "CPA104", "aircraft_type": "A388", "adep": "VTCT", "ades": "VTBS", "epoch_ts": "2025-12-23 02:59:42+00:00", "altitude_ft": 3969.1, "tas_kt": 190.6, "gs_kt": 190.6, "track_deg": 194.43208320504482, "phase": "descent"}, "geometry": {"type": "Point", "coordinates": [100.840881, 13.995083, 1209.8]}}, {"type": "Feature", "properties": {"flight_key": "CPA104_VTCT_VTBS_2025-12-23 01:57", "callsign": "CPA104", "aircraft_type": "A388", "adep": "VTCT", "ades": "VTBS", "epoch_ts": "2025-12-23 03:00:02+00:00", "altitude_ft": 3706.7, "tas_kt": 189.9, "gs_kt": 189.9, "track_deg": 194.43208320504482, "phase": "descent"}, "geometry": {"type": "Point", "coordinates": [100.835522, 13.97475, 1129.8]}}, {"type": "Feature", "properties": {"flight_key": "CPA104_VTCT_VTBS_2025-12-23 01:57", "callsign": "CPA104", "aircraft_type": "A388", "adep": "VTCT", "ades": "VTBS", "epoch_ts": "2025-12-23 03:00:22+00:00", "altitude_ft": 3445.2, "tas_kt": 189.2, "gs_kt": 189.2, "track_deg": 194.43208320504482, "phase": "descent"}, "geometry": {"type": "Point", "coordinates": [100.830185, 13.954493, 1050.1]}}, {"type": "Feature", "properties": {"flight_key": "CPA104_VTCT_VTBS_2025-12-23 01:57", "callsign": "CPA104", "aircraft_type": "A388", "adep": "VTCT", "ades": "VTBS", "epoch_ts": "2025-12-23 03:00:42+00:00", "altitude_ft": 3184.8, "tas_kt": 188.5, "gs_kt": 188.5, "track_deg": 194.43085355493082, "phase": "descent"}, "geometry": {"type": "Point", "coordinates": [100.824868, 13.93431, 970.7]}}, {"type": "Feature", "properties": {"flight_key": "CPA104_VTCT_VTBS_2025-12-23 01:57", "callsign": "CPA104", "aircraft_type": "A388", "adep": "VTCT", "ades": "VTBS", "epoch_ts": "2025-12-23 03:01:02+00:00", "altitude_ft": 2925.2, "tas_kt": 187.8, "gs_kt": 187.8, "track_deg": 194.43085355493082, "phase": "descent"}, "geometry": {"type": "Point", "coordinates": [100.819571, 13.914201, 891.6]}}, {"type": "Feature", "properties": {"flight_key": "CPA104_VTCT_VTBS_2025-12-23 01:57", "callsign": "CPA104", "aircraft_type": "A388", "adep": "VTCT", "ades": "VTBS", "epoch_ts": "2025-12-23 03:01:22+00:00", "altitude_ft": 2666.7, "tas_kt": 187.1, "gs_kt": 187.1, "track_deg": 194.43085355493082, "phase": "descent"}, "geometry": {"type": "Point", "coordinates": [100.814294, 13.894166, 812.8]}}, {"type": "Feature", "properties": {"flight_key": "CPA104_VTCT_VTBS_2025-12-23 01:57", "callsign": "CPA104", "aircraft_type": "A388", "adep": "VTCT", "ades": "VTBS", "epoch_ts": "2025-12-23 03:01:42+00:00", "altitude_ft": 2409.0, "tas_kt": 186.4, "gs_kt": 186.4, "track_deg": 194.43085355493082, "phase": "descent"}, "geometry": {"type": "Point", "coordinates": [100.809037, 13.874204, 734.3]}}, {"type": "Feature", "properties": {"flight_key": "CPA104_VTCT_VTBS_2025-12-23 01:57", "callsign": "CPA104", "aircraft_type": "A388", "adep": "VTCT", "ades": "VTBS", "epoch_ts": "2025-12-23 03:02:02+00:00", "altitude_ft": 2152.3, "tas_kt": 185.7, "gs_kt": 185.7, "track_deg": 194.43085355493082, "phase": "descent"}, "geometry": {"type": "Point", "coordinates": [100.8038, 13.854313, 656.0]}}, {"type": "Feature", "properties": {"flight_key": "CPA104_VTCT_VTBS_2025-12-23 01:57", "callsign": "CPA104", "aircraft_type": "A388", "adep": "VTCT", "ades": "VTBS", "epoch_ts": "2025-12-23 03:02:22+00:00", "altitude_ft": 1896.6, "tas_kt": 185.0, "gs_kt": 185.0, "track_deg": 194.4228507807794, "phase": "descent"}, "geometry": {"type": "Point", "coordinates": [100.798583, 13.834493, 578.1]}}, {"type": "Feature", "properties": {"flight_key": "CPA104_VTCT_VTBS_2025-12-23 01:57", "callsign": "CPA104", "aircraft_type": "A388", "adep": "VTCT", "ades": "VTBS", "epoch_ts": "2025-12-23 03:02:42+00:00", "altitude_ft": 1641.7, "tas_kt": 184.3, "gs_kt": 184.3, "track_deg": 194.4228507807794, "phase": "descent"}, "geometry": {"type": "Point", "coordinates": [100.793386, 13.814744, 500.4]}}, {"type": "Feature", "properties": {"flight_key": "CPA104_VTCT_VTBS_2025-12-23 01:57", "callsign": "CPA104", "aircraft_type": "A388", "adep": "VTCT", "ades": "VTBS", "epoch_ts": "2025-12-23 03:03:02+00:00", "altitude_ft": 1387.7, "tas_kt": 183.6, "gs_kt": 183.6, "track_deg": 194.4228507807794, "phase": "descent"}, "geometry": {"type": "Point", "coordinates": [100.788209, 13.795065, 423.0]}}, {"type": "Feature", "properties": {"flight_key": "CPA104_VTCT_VTBS_2025-12-23 01:57", "callsign": "CPA104", "aircraft_type": "A388", "adep": "VTCT", "ades": "VTBS", "epoch_ts": "2025-12-23 03:03:22+00:00", "altitude_ft": 1134.7, "tas_kt": 183.0, "gs_kt": 183.0, "track_deg": 194.4228507807794, "phase": "descent"}, "geometry": {"type": "Point", "coordinates": [100.78305, 13.775455, 345.9]}}, {"type": "Feature", "properties": {"flight_key": "CPA104_VTCT_VTBS_2025-12-23 01:57", "callsign": "CPA104", "aircraft_type": "A388", "adep": "VTCT", "ades": "VTBS", "epoch_ts": "2025-12-23 03:03:42+00:00", "altitude_ft": 873.1, "tas_kt": 182.3, "gs_kt": 182.3, "track_deg": 194.41674227824248, "phase": "descent"}, "geometry": {"type": "Point", "coordinates": [100.777911, 13.755914, 266.1]}}, {"type": "Feature", "properties": {"flight_key": "CPA104_VTCT_VTBS_2025-12-23 01:57", "callsign": "CPA104", "aircraft_type": "A388", "adep": "VTCT", "ades": "VTBS", "epoch_ts": "2025-12-23 03:04:02+00:00", "altitude_ft": 609.4, "tas_kt": 181.6, "gs_kt": 181.6, "track_deg": 194.41674227824248, "phase": "descent"}, "geometry": {"type": "Point", "coordinates": [100.772791, 13.73644, 185.7]}}, {"type": "Feature", "properties": {"flight_key": "CPA104_VTCT_VTBS_2025-12-23 01:57", "callsign": "CPA104", "aircraft_type": "A388", "adep": "VTCT", "ades": "VTBS", "epoch_ts": "2025-12-23 03:04:22+00:00", "altitude_ft": 346.6, "tas_kt": 181.0, "gs_kt": 181.0, "track_deg": 194.41674227824248, "phase": "descent"}, "geometry": {"type": "Point", "coordinates": [100.767689, 13.717035, 105.6]}}, {"type": "Feature", "properties": {"flight_key": "CPA104_VTCT_VTBS_2025-12-23 01:57", "callsign": "CPA104", "aircraft_type": "A388", "adep": "VTCT", "ades": "VTBS", "epoch_ts": "2025-12-23 03:04:42+00:00", "altitude_ft": 84.7, "tas_kt": 180.3, "gs_kt": 180.3, "track_deg": 194.41674227824248, "phase": "descent"}, "geometry": {"type": "Point", "coordinates": [100.762605, 13.697695, 25.8]}}, {"type": "Feature", "properties": {"flight_key": "CPA104_VTCT_VTBS_2025-12-23 01:57", "callsign": "CPA104", "aircraft_type": "A388", "adep": "VTCT", "ades": "VTBS", "epoch_ts": "2025-12-23 03:04:48+00:00", "altitude_ft": 3.7, "tas_kt": 180.1, "gs_kt": 180.1, "track_deg": 194.41674227824248, "phase": "descent"}, "geometry": {"type": "Point", "coordinates": [100.761033, 13.691714, 1.1]}}, {"type": "Feature", "properties": {"feature_type": "route", "flight_key": "QTR105_VTPB_VTBS_2025-12-23 02:19", "route": "W26 CMP W21 NOBER DCT NORTA", "callsign": "QTR105", "aircraft_type": "B738", "adep": "VTPB", "ades": "VTBS", "rfl": 320, "sid": "OMNI", "star": "NORT1C", "approach": "R19", "dep_rwy": "RW18", "arr_rwy": "RW19", "eobt": "2025-12-23T02:19:26.408383+00:00", "flight_category": "arrival", "vectored": false, "extend_nm": 0.0, "clearance": "DIRECT LETMA, CLEARED R19 APPROACH", "idents": ["RW18", "DER18", "(3000)", "CMP", "NOBER", "NORTA", "BS519", "BS518", "MEPIN", "BS515", "BS514", "ATKIN", "LETMA", "LAVOG", "LOTMU", "BS790", "BS791"]}, "geometry": {"type": "LineString", "coordinates": [[101.19511667, 16.685525], [101.1951, 16.66653333], [101.19520450923264, 16.555471463495504], [101.988889, 16.635278], [100.668333, 15.276667], [100.639017, 14.718789], [100.68273889, 14.57681389], [100.72268889, 14.44695833], [100.67111111, 14.25138889], [100.60333611, 13.99375556], [100.71924722, 13.96344722], [100.74071944, 14.04447222], [100.846425, 14.01610833], [100.82506389, 13.93505278], [100.80371667, 13.85399722], [100.78179167, 13.77066944], [100.76103333, 13.69171389]]}}, {"type": "Feature", "properties": {"flight_key": "QTR105_VTPB_VTBS_2025-12-23 02:19", "callsign": "QTR105", "aircraft_type": "B738", "adep": "VTPB", "ades": "VTBS", "epoch_ts": "2025-12-23 02:19:26+00:00", "altitude_ft": 450.0, "tas_kt": 251.6, "gs_kt": 251.6, "track_deg": 180.04847675496612, "phase": "climb"}, "geometry": {"type": "Point", "coordinates": [101.195117, 16.685525, 137.2]}}, {"type": "Feature", "properties": {"flight_key": "QTR105_VTPB_VTBS_2025-12-23 02:19", "callsign": "QTR105", "aircraft_type": "B738", "adep": "VTPB", "ades": "VTBS", "epoch_ts": "2025-12-23 02:19:46+00:00", "altitude_ft": 1142.8, "tas_kt": 254.0, "gs_kt": 254.0, "track_deg": 179.94800000000288, "phase": "climb"}, "geometry": {"type": "Point", "coordinates": [101.195104, 16.662024, 348.3]}}, {"type": "Feature", "properties": {"flight_key": "QTR105_VTPB_VTBS_2025-12-23 02:19", "callsign": "QTR105", "aircraft_type": "B738", "adep": "VTPB", "ades": "VTBS", "epoch_ts": "2025-12-23 02:20:06+00:00", "altitude_ft": 1863.8, "tas_kt": 256.6, "gs_kt": 256.6, "track_deg": 179.94800000000288, "phase": "climb"}, "geometry": {"type": "Point", "coordinates": [101.195127, 16.638283, 568.1]}}, {"type": "Feature", "properties": {"flight_key": "QTR105_VTPB_VTBS_2025-12-23 02:19", "callsign": "QTR105", "aircraft_type": "B738", "adep": "VTPB", "ades": "VTBS", "epoch_ts": "2025-12-23 02:20:26+00:00", "altitude_ft": 2505.6, "tas_kt": 259.0, "gs_kt": 259.0, "track_deg": 179.94800000000288, "phase": "climb"}, "geometry": {"type": "Point", "coordinates": [101.195149, 16.614311, 763.7]}}, {"type": "Feature", "properties": {"flight_key": "QTR105_VTPB_VTBS_2025-12-23 02:19", "callsign": "QTR105", "aircraft_type": "B738", "adep": "VTPB", "ades": "VTBS", "epoch_ts": "2025-12-23 02:20:46+00:00", "altitude_ft": 3131.5, "tas_kt": 261.3, "gs_kt": 261.3, "track_deg": 179.94800000000288, "phase": "climb"}, "geometry": {"type": "Point", "coordinates": [101.195172, 16.590125, 954.5]}}, {"type": "Feature", "properties": {"flight_key": "QTR105_VTPB_VTBS_2025-12-23 02:19", "callsign": "QTR105", "aircraft_type": "B738", "adep": "VTPB", "ades": "VTBS", "epoch_ts": "2025-12-23 02:21:06+00:00", "altitude_ft": 3748.6, "tas_kt": 263.6, "gs_kt": 263.6, "track_deg": 179.94800000000288, "phase": "climb"}, "geometry": {"type": "Point", "coordinates": [101.195195, 16.565723, 1142.6]}}, {"type": "Feature", "properties": {"flight_key": "QTR105_VTPB_VTBS_2025-12-23 02:19", "callsign": "QTR105", "aircraft_type": "B738", "adep": "VTPB", "ades": "VTBS", "epoch_ts": "2025-12-23 02:21:26+00:00", "altitude_ft": 4429.0, "tas_kt": 266.2, "gs_kt": 266.2, "track_deg": 157.64679995174737, "phase": "climb"}, "geometry": {"type": "Point", "coordinates": [101.198217, 16.541496, 1350.0]}}, {"type": "Feature", "properties": {"flight_key": "QTR105_VTPB_VTBS_2025-12-23 02:19", "callsign": "QTR105", "aircraft_type": "B738", "adep": "VTPB", "ades": "VTBS", "epoch_ts": "2025-12-23 02:21:46+00:00", "altitude_ft": 5152.8, "tas_kt": 269.0, "gs_kt": 269.0, "track_deg": 118.0223389272511, "phase": "climb"}, "geometry": {"type": "Point", "coordinates": [101.215517, 16.523745, 1570.6]}}, {"type": "Feature", "properties": {"flight_key": "QTR105_VTPB_VTBS_2025-12-23 02:19", "callsign": "QTR105", "aircraft_type": "B738", "adep": "VTPB", "ades": "VTBS", "epoch_ts": "2025-12-23 02:22:06+00:00", "altitude_ft": 5876.7, "tas_kt": 271.8, "gs_kt": 271.8, "track_deg": 80.8807504967564, "phase": "climb"}, "geometry": {"type": "Point", "coordinates": [101.240894, 16.520831, 1791.2]}}, {"type": "Feature", "properties": {"flight_key": "QTR105_VTPB_VTBS_2025-12-23 02:19", "callsign": "QTR105", "aircraft_type": "B738", "adep": "VTPB", "ades": "VTBS", "epoch_ts": "2025-12-23 02:22:26+00:00", "altitude_ft": 6688.3, "tas_kt": 275.0, "gs_kt": 275.0, "track_deg": 80.8807504967564, "phase": "climb"}, "geometry": {"type": "Point", "coordinates": [101.26691, 16.524858, 2038.6]}}, {"type": "Feature", "properties": {"flight_key": "QTR105_VTPB_VTBS_2025-12-23 02:19", "callsign": "QTR105", "aircraft_type": "B738", "adep": "VTPB", "ades": "VTBS", "epoch_ts": "2025-12-23 02:22:46+00:00", "altitude_ft": 7518.0, "tas_kt": 278.4, "gs_kt": 278.4, "track_deg": 80.8807504967564, "phase": "climb"}, "geometry": {"type": "Point", "coordinates": [101.293242, 16.52893, 2291.5]}}, {"type": "Feature", "properties": {"flight_key": "QTR105_VTPB_VTBS_2025-12-23 02:19", "callsign": "QTR105", "aircraft_type": "B738", "adep": "VTPB", "ades": "VTBS", "epoch_ts": "2025-12-23 02:23:06+00:00", "altitude_ft": 8345.5, "tas_kt": 281.8, "gs_kt": 281.8, "track_deg": 80.8807504967564, "phase": "climb"}, "geometry": {"type": "Point", "coordinates": [101.319896, 16.533048, 2543.7]}}, {"type": "Feature", "properties": {"flight_key": "QTR105_VTPB_VTBS_2025-12-23 02:19", "callsign": "QTR105", "aircraft_type": "B738", "adep": "VTPB", "ades": "VTBS", "epoch_ts": "2025-12-23 02:23:26+00:00", "altitude_ft": 9170.0, "tas_kt": 285.2, "gs_kt": 285.2, "track_deg": 80.8807504967564, "phase": "climb"}, "geometry": {"type": "Point", "coordinates": [101.346875, 16.537212, 2795.0]}}, {"type": "Feature", "properties": {"flight_key": "QTR105_VTPB_VTBS_2025-12-23 02:19", "callsign": "QTR105", "aircraft_type": "B738", "adep": "VTPB", "ades": "VTBS", "epoch_ts": "2025-12-23 02:23:46+00:00", "altitude_ft": 9994.5, "tas_kt": 288.7, "gs_kt": 288.7, "track_deg": 80.8807504967564, "phase": "climb"}, "geometry": {"type": "Point", "coordinates": [101.374227, 16.541431, 3046.3]}}, {"type": "Feature", "properties": {"flight_key": "QTR105_VTPB_VTBS_2025-12-23 02:19", "callsign": "QTR105", "aircraft_type": "B738", "adep": "VTPB", "ades": "VTBS", "epoch_ts": "2025-12-23 02:24:06+00:00", "altitude_ft": 10772.3, "tas_kt": 337.8, "gs_kt": 337.8, "track_deg": 80.8807504967564, "phase": "climb"}, "geometry": {"type": "Point", "coordinates": [101.406202, 16.546357, 3283.4]}}, {"type": "Feature", "properties": {"flight_key": "QTR105_VTPB_VTBS_2025-12-23 02:19", "callsign": "QTR105", "aircraft_type": "B738", "adep": "VTPB", "ades": "VTBS", "epoch_ts": "2025-12-23 02:24:26+00:00", "altitude_ft": 11549.8, "tas_kt": 341.7, "gs_kt": 341.7, "track_deg": 80.8807504967564, "phase": "climb"}, "geometry": {"type": "Point", "coordinates": [101.438543, 16.551335, 3520.4]}}, {"type": "Feature", "properties": {"flight_key": "QTR105_VTPB_VTBS_2025-12-23 02:19", "callsign": "QTR105", "aircraft_type": "B738", "adep": "VTPB", "ades": "VTBS", "epoch_ts": "2025-12-23 02:24:46+00:00", "altitude_ft": 12340.1, "tas_kt": 345.7, "gs_kt": 345.7, "track_deg": 80.8807504967564, "phase": "climb"}, "geometry": {"type": "Point", "coordinates": [101.471256, 16.556365, 3761.3]}}, {"type": "Feature", "properties": {"flight_key": "QTR105_VTPB_VTBS_2025-12-23 02:19", "callsign": "QTR105", "aircraft_type": "B738", "adep": "VTPB", "ades": "VTBS", "epoch_ts": "2025-12-23 02:25:06+00:00", "altitude_ft": 13148.1, "tas_kt": 349.8, "gs_kt": 349.8, "track_deg": 80.8807504967564, "phase": "climb"}, "geometry": {"type": "Point", "coordinates": [101.504357, 16.561449, 4007.5]}}, {"type": "Feature", "properties": {"flight_key": "QTR105_VTPB_VTBS_2025-12-23 02:19", "callsign": "QTR105", "aircraft_type": "B738", "adep": "VTPB", "ades": "VTBS", "epoch_ts": "2025-12-23 02:25:26+00:00", "altitude_ft": 13956.1, "tas_kt": 354.0, "gs_kt": 354.0, "track_deg": 80.8807504967564, "phase": "climb"}, "geometry": {"type": "Point", "coordinates": [101.537855, 16.566588, 4253.8]}}, {"type": "Feature", "properties": {"flight_key": "QTR105_VTPB_VTBS_2025-12-23 02:19", "callsign": "QTR105", "aircraft_type": "B738", "adep": "VTPB", "ades": "VTBS", "epoch_ts": "2025-12-23 02:25:46+00:00", "altitude_ft": 14790.6, "tas_kt": 358.3, "gs_kt": 358.3, "track_deg": 80.8807504967564, "phase": "climb"}, "geometry": {"type": "Point", "coordinates": [101.571763, 16.571784, 4508.2]}}, {"type": "Feature", "properties": {"flight_key": "QTR105_VTPB_VTBS_2025-12-23 02:19", "callsign": "QTR105", "aircraft_type": "B738", "adep": "VTPB", "ades": "VTBS", "epoch_ts": "2025-12-23 02:26:06+00:00", "altitude_ft": 15626.6, "tas_kt": 362.8, "gs_kt": 362.8, "track_deg": 80.8807504967564, "phase": "climb"}, "geometry": {"type": "Point", "coordinates": [101.606094, 16.577039, 4763.0]}}, {"type": "Feature", "properties": {"flight_key": "QTR105_VTPB_VTBS_2025-12-23 02:19", "callsign": "QTR105", "aircraft_type": "B738", "adep": "VTPB", "ades": "VTBS", "epoch_ts": "2025-12-23 02:26:26+00:00", "altitude_ft": 16441.1, "tas_kt": 367.2, "gs_kt": 367.2, "track_deg": 80.8807504967564, "phase": "climb"}, "geometry": {"type": "Point", "coordinates": [101.640853, 16.582354, 5011.2]}}, {"type": "Feature", "properties": {"flight_key": "QTR105_VTPB_VTBS_2025-12-23 02:19", "callsign": "QTR105", "aircraft_type": "B738", "adep": "VTPB", "ades": "VTBS", "epoch_ts": "2025-12-23 02:26:46+00:00", "altitude_ft": 17238.3, "tas_kt": 371.6, "gs_kt": 371.6, "track_deg": 80.8807504967564, "phase": "climb"}, "geometry": {"type": "Point", "coordinates": [101.67603, 16.587727, 5254.2]}}, {"type": "Feature", "properties": {"flight_key": "QTR105_VTPB_VTBS_2025-12-23 02:19", "callsign": "QTR105", "aircraft_type": "B738", "adep": "VTPB", "ades": "VTBS", "epoch_ts": "2025-12-23 02:27:06+00:00", "altitude_ft": 18032.9, "tas_kt": 376.1, "gs_kt": 376.1, "track_deg": 80.8807504967564, "phase": "climb"}, "geometry": {"type": "Point", "coordinates": [101.711632, 16.593157, 5496.4]}}, {"type": "Feature", "properties": {"flight_key": "QTR105_VTPB_VTBS_2025-12-23 02:19", "callsign": "QTR105", "aircraft_type": "B738", "adep": "VTPB", "ades": "VTBS", "epoch_ts": "2025-12-23 02:27:26+00:00", "altitude_ft": 18771.4, "tas_kt": 380.3, "gs_kt": 380.3, "track_deg": 80.8807504967564, "phase": "climb"}, "geometry": {"type": "Point", "coordinates": [101.747646, 16.598645, 5721.5]}}, {"type": "Feature", "properties": {"flight_key": "QTR105_VTPB_VTBS_2025-12-23 02:19", "callsign": "QTR105", "aircraft_type": "B738", "adep": "VTPB", "ades": "VTBS", "epoch_ts": "2025-12-23 02:27:46+00:00", "altitude_ft": 19509.9, "tas_kt": 384.5, "gs_kt": 384.5, "track_deg": 80.8807504967564, "phase": "climb"}, "geometry": {"type": "Point", "coordinates": [101.784064, 16.604187, 5946.6]}}, {"type": "Feature", "properties": {"flight_key": "QTR105_VTPB_VTBS_2025-12-23 02:19", "callsign": "QTR105", "aircraft_type": "B738", "adep": "VTPB", "ades": "VTBS", "epoch_ts": "2025-12-23 02:28:06+00:00", "altitude_ft": 20228.3, "tas_kt": 388.7, "gs_kt": 388.7, "track_deg": 80.8807504967564, "phase": "climb"}, "geometry": {"type": "Point", "coordinates": [101.82089, 16.609785, 6165.6]}}, {"type": "Feature", "properties": {"flight_key": "QTR105_VTPB_VTBS_2025-12-23 02:19", "callsign": "QTR105", "aircraft_type": "B738", "adep": "VTPB", "ades": "VTBS", "epoch_ts": "2025-12-23 02:28:26+00:00", "altitude_ft": 20907.1, "tas_kt": 392.7, "gs_kt": 392.7, "track_deg": 80.8807504967564, "phase": "climb"}, "geometry": {"type": "Point", "coordinates": [101.858106, 16.615434, 6372.5]}}, {"type": "Feature", "properties": {"flight_key": "QTR105_VTPB_VTBS_2025-12-23 02:19", "callsign": "QTR105", "aircraft_type": "B738", "adep": "VTPB", "ades": "VTBS", "epoch_ts": "2025-12-23 02:28:46+00:00", "altitude_ft": 21586.0, "tas_kt": 396.8, "gs_kt": 396.8, "track_deg": 80.8807504967564, "phase": "climb"}, "geometry": {"type": "Point", "coordinates": [101.895708, 16.621136, 6579.4]}}, {"type": "Feature", "properties": {"flight_key": "QTR105_VTPB_VTBS_2025-12-23 02:19", "callsign": "QTR105", "aircraft_type": "B738", "adep": "VTPB", "ades": "VTBS", "epoch_ts": "2025-12-23 02:29:06+00:00", "altitude_ft": 22239.8, "tas_kt": 400.8, "gs_kt": 400.8, "track_deg": 80.8807504967564, "phase": "climb"}, "geometry": {"type": "Point", "coordinates": [101.9337, 16.626889, 6778.7]}}, {"type": "Feature", "properties": {"flight_key": "QTR105_VTPB_VTBS_2025-12-23 02:19", "callsign": "QTR105", "aircraft_type": "B738", "adep": "VTPB", "ades": "VTBS", "epoch_ts": "2025-12-23 02:29:26+00:00", "altitude_ft": 22854.7, "tas_kt": 404.5, "gs_kt": 404.5, "track_deg": 80.8807504967564, "phase": "climb"}, "geometry": {"type": "Point", "coordinates": [101.972059, 16.63269, 6966.1]}}, {"type": "Feature", "properties": {"flight_key": "QTR105_VTPB_VTBS_2025-12-23 02:19", "callsign": "QTR105", "aircraft_type": "B738", "adep": "VTPB", "ades": "VTBS", "epoch_ts": "2025-12-23 02:29:46+00:00", "altitude_ft": 23469.5, "tas_kt": 408.4, "gs_kt": 408.4, "track_deg": 223.41795971364283, "phase": "climb"}, "geometry": {"type": "Point", "coordinates": [101.964039, 16.609958, 7153.5]}}, {"type": "Feature", "properties": {"flight_key": "QTR105_VTPB_VTBS_2025-12-23 02:19", "callsign": "QTR105", "aircraft_type": "B738", "adep": "VTPB", "ades": "VTBS", "epoch_ts": "2025-12-23 02:30:06+00:00", "altitude_ft": 24075.7, "tas_kt": 412.2, "gs_kt": 412.2, "track_deg": 223.41795971364283, "phase": "climb"}, "geometry": {"type": "Point", "coordinates": [101.936855, 16.582248, 7338.3]}}, {"type": "Feature", "properties": {"flight_key": "QTR105_VTPB_VTBS_2025-12-23 02:19", "callsign": "QTR105", "aircraft_type": "B738", "adep": "VTPB", "ades": "VTBS", "epoch_ts": "2025-12-23 02:30:26+00:00", "altitude_ft": 24627.9, "tas_kt": 415.7, "gs_kt": 415.7, "track_deg": 223.41795971364283, "phase": "climb"}, "geometry": {"type": "Point", "coordinates": [101.909439, 16.554289, 7506.6]}}, {"type": "Feature", "properties": {"flight_key": "QTR105_VTPB_VTBS_2025-12-23 02:19", "callsign": "QTR105", "aircraft_type": "B738", "adep": "VTPB", "ades": "VTBS", "epoch_ts": "2025-12-23 02:30:46+00:00", "altitude_ft": 25180.1, "tas_kt": 419.2, "gs_kt": 419.2, "track_deg": 223.41795971364283, "phase": "climb"}, "geometry": {"type": "Point", "coordinates": [101.881797, 16.526088, 7674.9]}}, {"type": "Feature", "properties": {"flight_key": "QTR105_VTPB_VTBS_2025-12-23 02:19", "callsign": "QTR105", "aircraft_type": "B738", "adep": "VTPB", "ades": "VTBS", "epoch_ts": "2025-12-23 02:31:06+00:00", "altitude_ft": 25732.2, "tas_kt": 422.8, "gs_kt": 422.8, "track_deg": 223.41795971364283, "phase": "climb"}, "geometry": {"type": "Point", "coordinates": [101.853927, 16.497643, 7843.2]}}, {"type": "Feature", "properties": {"flight_key": "QTR105_VTPB_VTBS_2025-12-23 02:19", "callsign": "QTR105", "aircraft_type": "B738", "adep": "VTPB", "ades": "VTBS", "epoch_ts": "2025-12-23 02:31:26+00:00", "altitude_ft": 26256.3, "tas_kt": 426.2, "gs_kt": 426.2, "track_deg": 223.41795971364283, "phase": "climb"}, "geometry": {"type": "Point", "coordinates": [101.825831, 16.468955, 8002.9]}}, {"type": "Feature", "properties": {"flight_key": "QTR105_VTPB_VTBS_2025-12-23 02:19", "callsign": "QTR105", "aircraft_type": "B738", "adep": "VTPB", "ades": "VTBS", "epoch_ts": "2025-12-23 02:31:46+00:00", "altitude_ft": 26754.0, "tas_kt": 429.5, "gs_kt": 429.5, "track_deg": 223.41795971364283, "phase": "climb"}, "geometry": {"type": "Point", "coordinates": [101.797523, 16.440038, 8154.6]}}, {"type": "Feature", "properties": {"flight_key": "QTR105_VTPB_VTBS_2025-12-23 02:19", "callsign": "QTR105", "aircraft_type": "B738", "adep": "VTPB", "ades": "VTBS", "epoch_ts": "2025-12-23 02:32:06+00:00", "altitude_ft": 27251.7, "tas_kt": 432.8, "gs_kt": 432.8, "track_deg": 223.41795971364283, "phase": "climb"}, "geometry": {"type": "Point", "coordinates": [101.769006, 16.410894, 8306.3]}}, {"type": "Feature", "properties": {"flight_key": "QTR105_VTPB_VTBS_2025-12-23 02:19", "callsign": "QTR105", "aircraft_type": "B738", "adep": "VTPB", "ades": "VTBS", "epoch_ts": "2025-12-23 02:32:26+00:00", "altitude_ft": 27749.3, "tas_kt": 436.2, "gs_kt": 436.2, "track_deg": 223.41795971364283, "phase": "climb"}, "geometry": {"type": "Point", "coordinates": [101.740276, 16.381521, 8458.0]}}, {"type": "Feature", "properties": {"flight_key": "QTR105_VTPB_VTBS_2025-12-23 02:19", "callsign": "QTR105", "aircraft_type": "B738", "adep": "VTPB", "ades": "VTBS", "epoch_ts": "2025-12-23 02:32:46+00:00", "altitude_ft": 28227.1, "tas_kt": 463.2, "gs_kt": 463.2, "track_deg": 223.41795971364283, "phase": "climb"}, "geometry": {"type": "Point", "coordinates": [101.710551, 16.351116, 8603.6]}}, {"type": "Feature", "properties": {"flight_key": "QTR105_VTPB_VTBS_2025-12-23 02:19", "callsign": "QTR105", "aircraft_type": "B738", "adep": "VTPB", "ades": "VTBS", "epoch_ts": "2025-12-23 02:33:06+00:00", "altitude_ft": 28684.6, "tas_kt": 462.3, "gs_kt": 462.3, "track_deg": 223.41795971364283, "phase": "climb"}, "geometry": {"type": "Point", "coordinates": [101.679974, 16.319825, 8743.1]}}, {"type": "Feature", "properties": {"flight_key": "QTR105_VTPB_VTBS_2025-12-23 02:19", "callsign": "QTR105", "aircraft_type": "B738", "adep": "VTPB", "ades": "VTBS", "epoch_ts": "2025-12-23 02:33:26+00:00", "altitude_ft": 29142.1, "tas_kt": 461.4, "gs_kt": 461.4, "track_deg": 223.41795971364283, "phase": "climb"}, "geometry": {"type": "Point", "coordinates": [101.649465, 16.28859, 8882.5]}}, {"type": "Feature", "properties": {"flight_key": "QTR105_VTPB_VTBS_2025-12-23 02:19", "callsign": "QTR105", "aircraft_type": "B738", "adep": "VTPB", "ades": "VTBS", "epoch_ts": "2025-12-23 02:33:46+00:00", "altitude_ft": 29599.6, "tas_kt": 460.5, "gs_kt": 460.5, "track_deg": 223.41795971364283, "phase": "climb"}, "geometry": {"type": "Point", "coordinates": [101.619027, 16.257413, 9022.0]}}, {"type": "Feature", "properties": {"flight_key": "QTR105_VTPB_VTBS_2025-12-23 02:19", "callsign": "QTR105", "aircraft_type": "B738", "adep": "VTPB", "ades": "VTBS", "epoch_ts": "2025-12-23 02:34:06+00:00", "altitude_ft": 30053.5, "tas_kt": 459.6, "gs_kt": 459.6, "track_deg": 223.41795971364283, "phase": "climb"}, "geometry": {"type": "Point", "coordinates": [101.588658, 16.226293, 9160.3]}}, {"type": "Feature", "properties": {"flight_key": "QTR105_VTPB_VTBS_2025-12-23 02:19", "callsign": "QTR105", "aircraft_type": "B738", "adep": "VTPB", "ades": "VTBS", "epoch_ts": "2025-12-23 02:34:26+00:00", "altitude_ft": 30482.7, "tas_kt": 458.7, "gs_kt": 458.7, "track_deg": 223.41795971364283, "phase": "climb"}, "geometry": {"type": "Point", "coordinates": [101.558356, 16.195227, 9291.1]}}, {"type": "Feature", "properties": {"flight_key": "QTR105_VTPB_VTBS_2025-12-23 02:19", "callsign": "QTR105", "aircraft_type": "B738", "adep": "VTPB", "ades": "VTBS", "epoch_ts": "2025-12-23 02:34:46+00:00", "altitude_ft": 30911.9, "tas_kt": 457.9, "gs_kt": 457.9, "track_deg": 223.41795971364283, "phase": "climb"}, "geometry": {"type": "Point", "coordinates": [101.52812, 16.164215, 9421.9]}}, {"type": "Feature", "properties": {"flight_key": "QTR105_VTPB_VTBS_2025-12-23 02:19", "callsign": "QTR105", "aircraft_type": "B738", "adep": "VTPB", "ades": "VTBS", "epoch_ts": "2025-12-23 02:35:06+00:00", "altitude_ft": 31341.0, "tas_kt": 457.0, "gs_kt": 457.0, "track_deg": 223.41795971364283, "phase": "climb"}, "geometry": {"type": "Point", "coordinates": [101.497751, 16.133052, 9552.7]}}, {"type": "Feature", "properties": {"flight_key": "QTR105_VTPB_VTBS_2025-12-23 02:19", "callsign": "QTR105", "aircraft_type": "B738", "adep": "VTPB", "ades": "VTBS", "epoch_ts": "2025-12-23 02:35:26+00:00", "altitude_ft": 31770.2, "tas_kt": 456.1, "gs_kt": 456.1, "track_deg": 223.41795971364283, "phase": "climb"}, "geometry": {"type": "Point", "coordinates": [101.467423, 16.101916, 9683.6]}}, {"type": "Feature", "properties": {"flight_key": "QTR105_VTPB_VTBS_2025-12-23 02:19", "callsign": "QTR105", "aircraft_type": "B738", "adep": "VTPB", "ades": "VTBS", "epoch_ts": "2025-12-23 02:35:46+00:00", "altitude_ft": 32000.0, "tas_kt": 455.7, "gs_kt": 455.7, "track_deg": 223.41795971364283, "phase": "cruise"}, "geometry": {"type": "Point", "coordinates": [101.437154, 16.070828, 9753.6]}}, {"type": "Feature", "properties": {"flight_key": "QTR105_VTPB_VTBS_2025-12-23 02:19", "callsign": "QTR105", "aircraft_type": "B738", "adep": "VTPB", "ades": "VTBS", "epoch_ts": "2025-12-23 02:36:06+00:00", "altitude_ft": 32000.0, "tas_kt": 455.7, "gs_kt": 455.7, "track_deg": 223.41795971364283, "phase": "cruise"}, "geometry": {"type": "Point", "coordinates": [101.406904, 16.039745, 9753.6]}}, {"type": "Feature", "properties": {"flight_key": "QTR105_VTPB_VTBS_2025-12-23 02:19", "callsign": "QTR105", "aircraft_type": "B738", "adep": "VTPB", "ades": "VTBS", "epoch_ts": "2025-12-23 02:36:26+00:00", "altitude_ft": 32000.0, "tas_kt": 455.7, "gs_kt": 455.7, "track_deg": 223.41795971364283, "phase": "cruise"}, "geometry": {"type": "Point", "coordinates": [101.376663, 16.008657, 9753.6]}}, {"type": "Feature", "properties": {"flight_key": "QTR105_VTPB_VTBS_2025-12-23 02:19", "callsign": "QTR105", "aircraft_type": "B738", "adep": "VTPB", "ades": "VTBS", "epoch_ts": "2025-12-23 02:36:46+00:00", "altitude_ft": 32000.0, "tas_kt": 455.7, "gs_kt": 455.7, "track_deg": 223.41795971364283, "phase": "cruise"}, "geometry": {"type": "Point", "coordinates": [101.346431, 15.977565, 9753.6]}}, {"type": "Feature", "properties": {"flight_key": "QTR105_VTPB_VTBS_2025-12-23 02:19", "callsign": "QTR105", "aircraft_type": "B738", "adep": "VTPB", "ades": "VTBS", "epoch_ts": "2025-12-23 02:37:06+00:00", "altitude_ft": 32000.0, "tas_kt": 455.7, "gs_kt": 455.7, "track_deg": 223.41795971364283, "phase": "cruise"}, "geometry": {"type": "Point", "coordinates": [101.316208, 15.946468, 9753.6]}}, {"type": "Feature", "properties": {"flight_key": "QTR105_VTPB_VTBS_2025-12-23 02:19", "callsign": "QTR105", "aircraft_type": "B738", "adep": "VTPB", "ades": "VTBS", "epoch_ts": "2025-12-23 02:37:26+00:00", "altitude_ft": 32000.0, "tas_kt": 455.7, "gs_kt": 455.7, "track_deg": 223.41795971364283, "phase": "cruise"}, "geometry": {"type": "Point", "coordinates": [101.285995, 15.915367, 9753.6]}}, {"type": "Feature", "properties": {"flight_key": "QTR105_VTPB_VTBS_2025-12-23 02:19", "callsign": "QTR105", "aircraft_type": "B738", "adep": "VTPB", "ades": "VTBS", "epoch_ts": "2025-12-23 02:37:46+00:00", "altitude_ft": 32000.0, "tas_kt": 455.7, "gs_kt": 455.7, "track_deg": 223.41795971364283, "phase": "cruise"}, "geometry": {"type": "Point", "coordinates": [101.255791, 15.884262, 9753.6]}}, {"type": "Feature", "properties": {"flight_key": "QTR105_VTPB_VTBS_2025-12-23 02:19", "callsign": "QTR105", "aircraft_type": "B738", "adep": "VTPB", "ades": "VTBS", "epoch_ts": "2025-12-23 02:38:06+00:00", "altitude_ft": 32000.0, "tas_kt": 455.7, "gs_kt": 455.7, "track_deg": 223.41795971364283, "phase": "cruise"}, "geometry": {"type": "Point", "coordinates": [101.225597, 15.853152, 9753.6]}}, {"type": "Feature", "properties": {"flight_key": "QTR105_VTPB_VTBS_2025-12-23 02:19", "callsign": "QTR105", "aircraft_type": "B738", "adep": "VTPB", "ades": "VTBS", "epoch_ts": "2025-12-23 02:38:26+00:00", "altitude_ft": 32000.0, "tas_kt": 455.7, "gs_kt": 455.7, "track_deg": 223.41795971364283, "phase": "cruise"}, "geometry": {"type": "Point", "coordinates": [101.195411, 15.822038, 9753.6]}}, {"type": "Feature", "properties": {"flight_key": "QTR105_VTPB_VTBS_2025-12-23 02:19", "callsign": "QTR105", "aircraft_type": "B738", "adep": "VTPB", "ades": "VTBS", "epoch_ts": "2025-12-23 02:38:46+00:00", "altitude_ft": 32000.0, "tas_kt": 455.7, "gs_kt": 455.7, "track_deg": 223.41795971364283, "phase": "cruise"}, "geometry": {"type": "Point", "coordinates": [101.165235, 15.79092, 9753.6]}}, {"type": "Feature", "properties": {"flight_key": "QTR105_VTPB_VTBS_2025-12-23 02:19", "callsign": "QTR105", "aircraft_type": "B738", "adep": "VTPB", "ades": "VTBS", "epoch_ts": "2025-12-23 02:39:06+00:00", "altitude_ft": 32000.0, "tas_kt": 455.7, "gs_kt": 455.7, "track_deg": 223.41795971364283, "phase": "cruise"}, "geometry": {"type": "Point", "coordinates": [101.135068, 15.759798, 9753.6]}}, {"type": "Feature", "properties": {"flight_key": "QTR105_VTPB_VTBS_2025-12-23 02:19", "callsign": "QTR105", "aircraft_type": "B738", "adep": "VTPB", "ades": "VTBS", "epoch_ts": "2025-12-23 02:39:26+00:00", "altitude_ft": 32000.0, "tas_kt": 455.7, "gs_kt": 455.7, "track_deg": 223.41795971364283, "phase": "cruise"}, "geometry": {"type": "Point", "coordinates": [101.10491, 15.728671, 9753.6]}}, {"type": "Feature", "properties": {"flight_key": "QTR105_VTPB_VTBS_2025-12-23 02:19", "callsign": "QTR105", "aircraft_type": "B738", "adep": "VTPB", "ades": "VTBS", "epoch_ts": "2025-12-23 02:39:46+00:00", "altitude_ft": 32000.0, "tas_kt": 455.7, "gs_kt": 455.7, "track_deg": 223.41795971364283, "phase": "cruise"}, "geometry": {"type": "Point", "coordinates": [101.074762, 15.69754, 9753.6]}}, {"type": "Feature", "properties": {"flight_key": "QTR105_VTPB_VTBS_2025-12-23 02:19", "callsign": "QTR105", "aircraft_type": "B738", "adep": "VTPB", "ades": "VTBS", "epoch_ts": "2025-12-23 02:40:06+00:00", "altitude_ft": 32000.0, "tas_kt": 455.7, "gs_kt": 455.7, "track_deg": 223.41795971364283, "phase": "cruise"}, "geometry": {"type": "Point", "coordinates": [101.044622, 15.666405, 9753.6]}}, {"type": "Feature", "properties": {"flight_key": "QTR105_VTPB_VTBS_2025-12-23 02:19", "callsign": "QTR105", "aircraft_type": "B738", "adep": "VTPB", "ades": "VTBS", "epoch_ts": "2025-12-23 02:40:26+00:00", "altitude_ft": 32000.0, "tas_kt": 455.7, "gs_kt": 455.7, "track_deg": 223.41795971364283, "phase": "cruise"}, "geometry": {"type": "Point", "coordinates": [101.014492, 15.635265, 9753.6]}}, {"type": "Feature", "properties": {"flight_key": "QTR105_VTPB_VTBS_2025-12-23 02:19", "callsign": "QTR105", "aircraft_type": "B738", "adep": "VTPB", "ades": "VTBS", "epoch_ts": "2025-12-23 02:40:46+00:00", "altitude_ft": 32000.0, "tas_kt": 455.7, "gs_kt": 455.7, "track_deg": 223.41795971364283, "phase": "cruise"}, "geometry": {"type": "Point", "coordinates": [100.984371, 15.604122, 9753.6]}}, {"type": "Feature", "properties": {"flight_key": "QTR105_VTPB_VTBS_2025-12-23 02:19", "callsign": "QTR105", "aircraft_type": "B738", "adep": "VTPB", "ades": "VTBS", "epoch_ts": "2025-12-23 02:41:06+00:00", "altitude_ft": 32000.0, "tas_kt": 455.7, "gs_kt": 455.7, "track_deg": 223.41795971364283, "phase": "cruise"}, "geometry": {"type": "Point", "coordinates": [100.954259, 15.572974, 9753.6]}}, {"type": "Feature", "properties": {"flight_key": "QTR105_VTPB_VTBS_2025-12-23 02:19", "callsign": "QTR105", "aircraft_type": "B738", "adep": "VTPB", "ades": "VTBS", "epoch_ts": "2025-12-23 02:41:26+00:00", "altitude_ft": 32000.0, "tas_kt": 455.7, "gs_kt": 455.7, "track_deg": 223.41795971364283, "phase": "cruise"}, "geometry": {"type": "Point", "coordinates": [100.924156, 15.541822, 9753.6]}}, {"type": "Feature", "properties": {"flight_key": "QTR105_VTPB_VTBS_2025-12-23 02:19", "callsign": "QTR105", "aircraft_type": "B738", "adep": "VTPB", "ades": "VTBS", "epoch_ts": "2025-12-23 02:41:46+00:00", "altitude_ft": 32000.0, "tas_kt": 455.7, "gs_kt": 455.7, "track_deg": 223.41795971364283, "phase": "cruise"}, "geometry": {"type": "Point", "coordinates": [100.894062, 15.510665, 9753.6]}}, {"type": "Feature", "properties": {"flight_key": "QTR105_VTPB_VTBS_2025-12-23 02:19", "callsign": "QTR105", "aircraft_type": "B738", "adep": "VTPB", "ades": "VTBS", "epoch_ts": "2025-12-23 02:42:06+00:00", "altitude_ft": 31527.4, "tas_kt": 455.7, "gs_kt": 455.7, "track_deg": 223.41795971364283, "phase": "descent"}, "geometry": {"type": "Point", "coordinates": [100.863977, 15.479505, 9609.6]}}, {"type": "Feature", "properties": {"flight_key": "QTR105_VTPB_VTBS_2025-12-23 02:19", "callsign": "QTR105", "aircraft_type": "B738", "adep": "VTPB", "ades": "VTBS", "epoch_ts": "2025-12-23 02:42:26+00:00", "altitude_ft": 30836.0, "tas_kt": 455.7, "gs_kt": 455.7, "track_deg": 223.41795971364283, "phase": "descent"}, "geometry": {"type": "Point", "coordinates": [100.833901, 15.44834, 9398.8]}}, {"type": "Feature", "properties": {"flight_key": "QTR105_VTPB_VTBS_2025-12-23 02:19", "callsign": "QTR105", "aircraft_type": "B738", "adep": "VTPB", "ades": "VTBS", "epoch_ts": "2025-12-23 02:42:46+00:00", "altitude_ft": 30144.6, "tas_kt": 455.7, "gs_kt": 455.7, "track_deg": 223.41795971364283, "phase": "descent"}, "geometry": {"type": "Point", "coordinates": [100.803834, 15.417171, 9188.1]}}, {"type": "Feature", "properties": {"flight_key": "QTR105_VTPB_VTBS_2025-12-23 02:19", "callsign": "QTR105", "aircraft_type": "B738", "adep": "VTPB", "ades": "VTBS", "epoch_ts": "2025-12-23 02:43:06+00:00", "altitude_ft": 29453.1, "tas_kt": 455.7, "gs_kt": 455.7, "track_deg": 223.41795971364283, "phase": "descent"}, "geometry": {"type": "Point", "coordinates": [100.773776, 15.385998, 8977.3]}}, {"type": "Feature", "properties": {"flight_key": "QTR105_VTPB_VTBS_2025-12-23 02:19", "callsign": "QTR105", "aircraft_type": "B738", "adep": "VTPB", "ades": "VTBS", "epoch_ts": "2025-12-23 02:43:26+00:00", "altitude_ft": 28765.5, "tas_kt": 429.0, "gs_kt": 429.0, "track_deg": 223.41795971364283, "phase": "descent"}, "geometry": {"type": "Point", "coordinates": [100.743891, 15.354992, 8767.7]}}, {"type": "Feature", "properties": {"flight_key": "QTR105_VTPB_VTBS_2025-12-23 02:19", "callsign": "QTR105", "aircraft_type": "B738", "adep": "VTPB", "ades": "VTBS", "epoch_ts": "2025-12-23 02:43:46+00:00", "altitude_ft": 28117.9, "tas_kt": 424.6, "gs_kt": 424.6, "track_deg": 223.41795971364283, "phase": "descent"}, "geometry": {"type": "Point", "coordinates": [100.715755, 15.325787, 8570.3]}}, {"type": "Feature", "properties": {"flight_key": "QTR105_VTPB_VTBS_2025-12-23 02:19", "callsign": "QTR105", "aircraft_type": "B738", "adep": "VTPB", "ades": "VTBS", "epoch_ts": "2025-12-23 02:44:06+00:00", "altitude_ft": 27337.7, "tas_kt": 419.5, "gs_kt": 419.5, "track_deg": 223.41795971364283, "phase": "descent"}, "geometry": {"type": "Point", "coordinates": [100.681868, 15.290598, 8332.5]}}, {"type": "Feature", "properties": {"flight_key": "QTR105_VTPB_VTBS_2025-12-23 02:19", "callsign": "QTR105", "aircraft_type": "B738", "adep": "VTPB", "ades": "VTBS", "epoch_ts": "2025-12-23 02:44:26+00:00", "altitude_ft": 26531.4, "tas_kt": 414.2, "gs_kt": 414.2, "track_deg": 182.92759125027587, "phase": "descent"}, "geometry": {"type": "Point", "coordinates": [100.666661, 15.244906, 8086.8]}}, {"type": "Feature", "properties": {"flight_key": "QTR105_VTPB_VTBS_2025-12-23 02:19", "callsign": "QTR105", "aircraft_type": "B738", "adep": "VTPB", "ades": "VTBS", "epoch_ts": "2025-12-23 02:44:46+00:00", "altitude_ft": 25734.9, "tas_kt": 409.1, "gs_kt": 409.1, "track_deg": 182.92759125027587, "phase": "descent"}, "geometry": {"type": "Point", "coordinates": [100.664075, 15.1958, 7844.0]}}, {"type": "Feature", "properties": {"flight_key": "QTR105_VTPB_VTBS_2025-12-23 02:19", "callsign": "QTR105", "aircraft_type": "B738", "adep": "VTPB", "ades": "VTBS", "epoch_ts": "2025-12-23 02:45:06+00:00", "altitude_ft": 24948.1, "tas_kt": 404.2, "gs_kt": 404.2, "track_deg": 182.92759125027587, "phase": "descent"}, "geometry": {"type": "Point", "coordinates": [100.661522, 15.147287, 7604.2]}}, {"type": "Feature", "properties": {"flight_key": "QTR105_VTPB_VTBS_2025-12-23 02:19", "callsign": "QTR105", "aircraft_type": "B738", "adep": "VTPB", "ades": "VTBS", "epoch_ts": "2025-12-23 02:45:26+00:00", "altitude_ft": 24170.6, "tas_kt": 358.6, "gs_kt": 358.6, "track_deg": 182.92759125027587, "phase": "descent"}, "geometry": {"type": "Point", "coordinates": [100.659, 15.09935, 7367.2]}}, {"type": "Feature", "properties": {"flight_key": "QTR105_VTPB_VTBS_2025-12-23 02:19", "callsign": "QTR105", "aircraft_type": "B738", "adep": "VTPB", "ades": "VTBS", "epoch_ts": "2025-12-23 02:45:46+00:00", "altitude_ft": 23480.3, "tas_kt": 354.8, "gs_kt": 354.8, "track_deg": 182.92759125027587, "phase": "descent"}, "geometry": {"type": "Point", "coordinates": [100.656761, 15.056787, 7156.8]}}, {"type": "Feature", "properties": {"flight_key": "QTR105_VTPB_VTBS_2025-12-23 02:19", "callsign": "QTR105", "aircraft_type": "B738", "adep": "VTPB", "ades": "VTBS", "epoch_ts": "2025-12-23 02:46:06+00:00", "altitude_ft": 22797.8, "tas_kt": 351.0, "gs_kt": 351.0, "track_deg": 182.92759125027587, "phase": "descent"}, "geometry": {"type": "Point", "coordinates": [100.65455, 15.014711, 6948.8]}}, {"type": "Feature", "properties": {"flight_key": "QTR105_VTPB_VTBS_2025-12-23 02:19", "callsign": "QTR105", "aircraft_type": "B738", "adep": "VTPB", "ades": "VTBS", "epoch_ts": "2025-12-23 02:46:26+00:00", "altitude_ft": 22122.6, "tas_kt": 347.3, "gs_kt": 347.3, "track_deg": 182.92759125027587, "phase": "descent"}, "geometry": {"type": "Point", "coordinates": [100.652362, 14.973076, 6743.0]}}, {"type": "Feature", "properties": {"flight_key": "QTR105_VTPB_VTBS_2025-12-23 02:19", "callsign": "QTR105", "aircraft_type": "B738", "adep": "VTPB", "ades": "VTBS", "epoch_ts": "2025-12-23 02:46:46+00:00", "altitude_ft": 21454.3, "tas_kt": 343.6, "gs_kt": 343.6, "track_deg": 182.92759125027587, "phase": "descent"}, "geometry": {"type": "Point", "coordinates": [100.650198, 14.931875, 6539.3]}}, {"type": "Feature", "properties": {"flight_key": "QTR105_VTPB_VTBS_2025-12-23 02:19", "callsign": "QTR105", "aircraft_type": "B738", "adep": "VTPB", "ades": "VTBS", "epoch_ts": "2025-12-23 02:47:06+00:00", "altitude_ft": 20792.9, "tas_kt": 340.1, "gs_kt": 340.1, "track_deg": 182.92759125027587, "phase": "descent"}, "geometry": {"type": "Point", "coordinates": [100.648057, 14.891095, 6337.7]}}, {"type": "Feature", "properties": {"flight_key": "QTR105_VTPB_VTBS_2025-12-23 02:19", "callsign": "QTR105", "aircraft_type": "B738", "adep": "VTPB", "ades": "VTBS", "epoch_ts": "2025-12-23 02:47:26+00:00", "altitude_ft": 20138.3, "tas_kt": 336.7, "gs_kt": 336.7, "track_deg": 182.92759125027587, "phase": "descent"}, "geometry": {"type": "Point", "coordinates": [100.645938, 14.850729, 6138.2]}}, {"type": "Feature", "properties": {"flight_key": "QTR105_VTPB_VTBS_2025-12-23 02:19", "callsign": "QTR105", "aircraft_type": "B738", "adep": "VTPB", "ades": "VTBS", "epoch_ts": "2025-12-23 02:47:46+00:00", "altitude_ft": 19490.1, "tas_kt": 333.3, "gs_kt": 333.3, "track_deg": 182.92759125027587, "phase": "descent"}, "geometry": {"type": "Point", "coordinates": [100.643841, 14.810766, 5940.6]}}, {"type": "Feature", "properties": {"flight_key": "QTR105_VTPB_VTBS_2025-12-23 02:19", "callsign": "QTR105", "aircraft_type": "B738", "adep": "VTPB", "ades": "VTBS", "epoch_ts": "2025-12-23 02:48:06+00:00", "altitude_ft": 18848.4, "tas_kt": 330.0, "gs_kt": 330.0, "track_deg": 182.92759125027587, "phase": "descent"}, "geometry": {"type": "Point", "coordinates": [100.641766, 14.771197, 5745.0]}}, {"type": "Feature", "properties": {"flight_key": "QTR105_VTPB_VTBS_2025-12-23 02:19", "callsign": "QTR105", "aircraft_type": "B738", "adep": "VTPB", "ades": "VTBS", "epoch_ts": "2025-12-23 02:48:26+00:00", "altitude_ft": 18212.9, "tas_kt": 326.8, "gs_kt": 326.8, "track_deg": 182.92759125027587, "phase": "descent"}, "geometry": {"type": "Point", "coordinates": [100.639712, 14.732014, 5551.3]}}, {"type": "Feature", "properties": {"flight_key": "QTR105_VTPB_VTBS_2025-12-23 02:19", "callsign": "QTR105", "aircraft_type": "B738", "adep": "VTPB", "ades": "VTBS", "epoch_ts": "2025-12-23 02:48:46+00:00", "altitude_ft": 18000.0, "tas_kt": 325.7, "gs_kt": 325.7, "track_deg": 163.30533488257623, "phase": "descent"}, "geometry": {"type": "Point", "coordinates": [100.646666, 14.693964, 5486.4]}}, {"type": "Feature", "properties": {"flight_key": "QTR105_VTPB_VTBS_2025-12-23 02:19", "callsign": "QTR105", "aircraft_type": "B738", "adep": "VTPB", "ades": "VTBS", "epoch_ts": "2025-12-23 02:49:06+00:00", "altitude_ft": 18000.0, "tas_kt": 325.7, "gs_kt": 325.7, "track_deg": 163.30533488257623, "phase": "descent"}, "geometry": {"type": "Point", "coordinates": [100.65814, 14.656715, 5486.4]}}, {"type": "Feature", "properties": {"flight_key": "QTR105_VTPB_VTBS_2025-12-23 02:19", "callsign": "QTR105", "aircraft_type": "B738", "adep": "VTPB", "ades": "VTBS", "epoch_ts": "2025-12-23 02:49:26+00:00", "altitude_ft": 18000.0, "tas_kt": 287.6, "gs_kt": 287.6, "track_deg": 163.30533488257623, "phase": "descent"}, "geometry": {"type": "Point", "coordinates": [100.668876, 14.62185, 5486.4]}}, {"type": "Feature", "properties": {"flight_key": "QTR105_VTPB_VTBS_2025-12-23 02:19", "callsign": "QTR105", "aircraft_type": "B738", "adep": "VTPB", "ades": "VTBS", "epoch_ts": "2025-12-23 02:49:46+00:00", "altitude_ft": 18000.0, "tas_kt": 287.6, "gs_kt": 287.6, "track_deg": 163.30533488257623, "phase": "descent"}, "geometry": {"type": "Point", "coordinates": [100.679002, 14.588955, 5486.4]}}, {"type": "Feature", "properties": {"flight_key": "QTR105_VTPB_VTBS_2025-12-23 02:19", "callsign": "QTR105", "aircraft_type": "B738", "adep": "VTPB", "ades": "VTBS", "epoch_ts": "2025-12-23 02:50:06+00:00", "altitude_ft": 18000.0, "tas_kt": 287.6, "gs_kt": 287.6, "track_deg": 163.31154804065102, "phase": "descent"}, "geometry": {"type": "Point", "coordinates": [100.689127, 14.55606, 5486.4]}}, {"type": "Feature", "properties": {"flight_key": "QTR105_VTPB_VTBS_2025-12-23 02:19", "callsign": "QTR105", "aircraft_type": "B738", "adep": "VTPB", "ades": "VTBS", "epoch_ts": "2025-12-23 02:50:26+00:00", "altitude_ft": 18000.0, "tas_kt": 287.6, "gs_kt": 287.6, "track_deg": 163.31154804065102, "phase": "descent"}, "geometry": {"type": "Point", "coordinates": [100.699249, 14.523164, 5486.4]}}, {"type": "Feature", "properties": {"flight_key": "QTR105_VTPB_VTBS_2025-12-23 02:19", "callsign": "QTR105", "aircraft_type": "B738", "adep": "VTPB", "ades": "VTBS", "epoch_ts": "2025-12-23 02:50:46+00:00", "altitude_ft": 18000.0, "tas_kt": 287.6, "gs_kt": 287.6, "track_deg": 163.31154804065102, "phase": "descent"}, "geometry": {"type": "Point", "coordinates": [100.709369, 14.490268, 5486.4]}}, {"type": "Feature", "properties": {"flight_key": "QTR105_VTPB_VTBS_2025-12-23 02:19", "callsign": "QTR105", "aircraft_type": "B738", "adep": "VTPB", "ades": "VTBS", "epoch_ts": "2025-12-23 02:51:06+00:00", "altitude_ft": 17650.8, "tas_kt": 286.1, "gs_kt": 286.1, "track_deg": 163.31154804065102, "phase": "descent"}, "geometry": {"type": "Point", "coordinates": [100.719468, 14.457426, 5380.0]}}, {"type": "Feature", "properties": {"flight_key": "QTR105_VTPB_VTBS_2025-12-23 02:19", "callsign": "QTR105", "aircraft_type": "B738", "adep": "VTPB", "ades": "VTBS", "epoch_ts": "2025-12-23 02:51:26+00:00", "altitude_ft": 17099.9, "tas_kt": 283.6, "gs_kt": 283.6, "track_deg": 194.42519405226795, "phase": "descent"}, "geometry": {"type": "Point", "coordinates": [100.716653, 14.424092, 5212.0]}}, {"type": "Feature", "properties": {"flight_key": "QTR105_VTPB_VTBS_2025-12-23 02:19", "callsign": "QTR105", "aircraft_type": "B738", "adep": "VTPB", "ades": "VTBS", "epoch_ts": "2025-12-23 02:51:46+00:00", "altitude_ft": 16553.6, "tas_kt": 281.2, "gs_kt": 281.2, "track_deg": 194.42519405226795, "phase": "descent"}, "geometry": {"type": "Point", "coordinates": [100.708034, 14.391428, 5045.5]}}, {"type": "Feature", "properties": {"flight_key": "QTR105_VTPB_VTBS_2025-12-23 02:19", "callsign": "QTR105", "aircraft_type": "B738", "adep": "VTPB", "ades": "VTBS", "epoch_ts": "2025-12-23 02:52:06+00:00", "altitude_ft": 16011.9, "tas_kt": 278.9, "gs_kt": 278.9, "track_deg": 194.42519405226795, "phase": "descent"}, "geometry": {"type": "Point", "coordinates": [100.69949, 14.359038, 4880.4]}}, {"type": "Feature", "properties": {"flight_key": "QTR105_VTPB_VTBS_2025-12-23 02:19", "callsign": "QTR105", "aircraft_type": "B738", "adep": "VTPB", "ades": "VTBS", "epoch_ts": "2025-12-23 02:52:26+00:00", "altitude_ft": 15474.7, "tas_kt": 276.6, "gs_kt": 276.6, "track_deg": 194.42519405226795, "phase": "descent"}, "geometry": {"type": "Point", "coordinates": [100.691019, 14.326915, 4716.7]}}, {"type": "Feature", "properties": {"flight_key": "QTR105_VTPB_VTBS_2025-12-23 02:19", "callsign": "QTR105", "aircraft_type": "B738", "adep": "VTPB", "ades": "VTBS", "epoch_ts": "2025-12-23 02:52:46+00:00", "altitude_ft": 14941.9, "tas_kt": 274.3, "gs_kt": 274.3, "track_deg": 194.42519405226795, "phase": "descent"}, "geometry": {"type": "Point", "coordinates": [100.682619, 14.295055, 4554.3]}}, {"type": "Feature", "properties": {"flight_key": "QTR105_VTPB_VTBS_2025-12-23 02:19", "callsign": "QTR105", "aircraft_type": "B738", "adep": "VTPB", "ades": "VTBS", "epoch_ts": "2025-12-23 02:53:06+00:00", "altitude_ft": 14413.4, "tas_kt": 272.1, "gs_kt": 272.1, "track_deg": 194.42519405226795, "phase": "descent"}, "geometry": {"type": "Point", "coordinates": [100.67429, 14.263454, 4393.2]}}, {"type": "Feature", "properties": {"flight_key": "QTR105_VTPB_VTBS_2025-12-23 02:19", "callsign": "QTR105", "aircraft_type": "B738", "adep": "VTPB", "ades": "VTBS", "epoch_ts": "2025-12-23 02:53:26+00:00", "altitude_ft": 13889.2, "tas_kt": 269.9, "gs_kt": 269.9, "track_deg": 194.40569362049712, "phase": "descent"}, "geometry": {"type": "Point", "coordinates": [100.666033, 14.232104, 4233.4]}}, {"type": "Feature", "properties": {"flight_key": "QTR105_VTPB_VTBS_2025-12-23 02:19", "callsign": "QTR105", "aircraft_type": "B738", "adep": "VTPB", "ades": "VTBS", "epoch_ts": "2025-12-23 02:53:46+00:00", "altitude_ft": 13406.3, "tas_kt": 219.8, "gs_kt": 219.8, "track_deg": 194.40569362049712, "phase": "descent"}, "geometry": {"type": "Point", "coordinates": [100.65843, 14.203226, 4086.2]}}, {"type": "Feature", "properties": {"flight_key": "QTR105_VTPB_VTBS_2025-12-23 02:19", "callsign": "QTR105", "aircraft_type": "B738", "adep": "VTPB", "ades": "VTBS", "epoch_ts": "2025-12-23 02:54:06+00:00", "altitude_ft": 12982.9, "tas_kt": 218.4, "gs_kt": 218.4, "track_deg": 194.40569362049712, "phase": "descent"}, "geometry": {"type": "Point", "coordinates": [100.651767, 14.17791, 3957.2]}}, {"type": "Feature", "properties": {"flight_key": "QTR105_VTPB_VTBS_2025-12-23 02:19", "callsign": "QTR105", "aircraft_type": "B738", "adep": "VTPB", "ades": "VTBS", "epoch_ts": "2025-12-23 02:54:26+00:00", "altitude_ft": 12562.9, "tas_kt": 217.0, "gs_kt": 217.0, "track_deg": 194.40569362049712, "phase": "descent"}, "geometry": {"type": "Point", "coordinates": [100.645156, 14.152789, 3829.2]}}, {"type": "Feature", "properties": {"flight_key": "QTR105_VTPB_VTBS_2025-12-23 02:19", "callsign": "QTR105", "aircraft_type": "B738", "adep": "VTPB", "ades": "VTBS", "epoch_ts": "2025-12-23 02:54:46+00:00", "altitude_ft": 12145.5, "tas_kt": 215.6, "gs_kt": 215.6, "track_deg": 194.40569362049712, "phase": "descent"}, "geometry": {"type": "Point", "coordinates": [100.638591, 14.127832, 3701.9]}}, {"type": "Feature", "properties": {"flight_key": "QTR105_VTPB_VTBS_2025-12-23 02:19", "callsign": "QTR105", "aircraft_type": "B738", "adep": "VTPB", "ades": "VTBS", "epoch_ts": "2025-12-23 02:55:06+00:00", "altitude_ft": 11730.9, "tas_kt": 214.2, "gs_kt": 214.2, "track_deg": 194.40569362049712, "phase": "descent"}, "geometry": {"type": "Point", "coordinates": [100.632068, 14.103033, 3575.6]}}, {"type": "Feature", "properties": {"flight_key": "QTR105_VTPB_VTBS_2025-12-23 02:19", "callsign": "QTR105", "aircraft_type": "B738", "adep": "VTPB", "ades": "VTBS", "epoch_ts": "2025-12-23 02:55:26+00:00", "altitude_ft": 11318.8, "tas_kt": 212.9, "gs_kt": 212.9, "track_deg": 194.40569362049712, "phase": "descent"}, "geometry": {"type": "Point", "coordinates": [100.625588, 14.07839, 3450.0]}}, {"type": "Feature", "properties": {"flight_key": "QTR105_VTPB_VTBS_2025-12-23 02:19", "callsign": "QTR105", "aircraft_type": "B738", "adep": "VTPB", "ades": "VTBS", "epoch_ts": "2025-12-23 02:55:46+00:00", "altitude_ft": 10909.3, "tas_kt": 211.5, "gs_kt": 211.5, "track_deg": 194.40569362049712, "phase": "descent"}, "geometry": {"type": "Point", "coordinates": [100.619149, 14.053901, 3325.2]}}, {"type": "Feature", "properties": {"flight_key": "QTR105_VTPB_VTBS_2025-12-23 02:19", "callsign": "QTR105", "aircraft_type": "B738", "adep": "VTPB", "ades": "VTBS", "epoch_ts": "2025-12-23 02:56:06+00:00", "altitude_ft": 10502.3, "tas_kt": 210.2, "gs_kt": 210.2, "track_deg": 194.40569362049712, "phase": "descent"}, "geometry": {"type": "Point", "coordinates": [100.612752, 14.029562, 3201.1]}}, {"type": "Feature", "properties": {"flight_key": "QTR105_VTPB_VTBS_2025-12-23 02:19", "callsign": "QTR105", "aircraft_type": "B738", "adep": "VTPB", "ades": "VTBS", "epoch_ts": "2025-12-23 02:56:26+00:00", "altitude_ft": 10097.9, "tas_kt": 208.9, "gs_kt": 208.9, "track_deg": 172.04419188947048, "phase": "descent"}, "geometry": {"type": "Point", "coordinates": [100.608129, 14.005178, 3077.8]}}, {"type": "Feature", "properties": {"flight_key": "QTR105_VTPB_VTBS_2025-12-23 02:19", "callsign": "QTR105", "aircraft_type": "B738", "adep": "VTPB", "ades": "VTBS", "epoch_ts": "2025-12-23 02:56:46+00:00", "altitude_ft": 9695.9, "tas_kt": 207.6, "gs_kt": 207.6, "track_deg": 104.98705020910074, "phase": "descent"}, "geometry": {"type": "Point", "coordinates": [100.624562, 13.988211, 2955.3]}}, {"type": "Feature", "properties": {"flight_key": "QTR105_VTPB_VTBS_2025-12-23 02:19", "callsign": "QTR105", "aircraft_type": "B738", "adep": "VTPB", "ades": "VTBS", "epoch_ts": "2025-12-23 02:57:06+00:00", "altitude_ft": 9296.3, "tas_kt": 206.4, "gs_kt": 206.4, "track_deg": 104.98705020910074, "phase": "descent"}, "geometry": {"type": "Point", "coordinates": [100.648968, 13.981829, 2833.5]}}, {"type": "Feature", "properties": {"flight_key": "QTR105_VTPB_VTBS_2025-12-23 02:19", "callsign": "QTR105", "aircraft_type": "B738", "adep": "VTPB", "ades": "VTBS", "epoch_ts": "2025-12-23 02:57:26+00:00", "altitude_ft": 8899.0, "tas_kt": 205.2, "gs_kt": 205.2, "track_deg": 104.98705020910074, "phase": "descent"}, "geometry": {"type": "Point", "coordinates": [100.673227, 13.975483, 2712.4]}}, {"type": "Feature", "properties": {"flight_key": "QTR105_VTPB_VTBS_2025-12-23 02:19", "callsign": "QTR105", "aircraft_type": "B738", "adep": "VTPB", "ades": "VTBS", "epoch_ts": "2025-12-23 02:57:46+00:00", "altitude_ft": 8504.2, "tas_kt": 203.9, "gs_kt": 203.9, "track_deg": 104.98705020910074, "phase": "descent"}, "geometry": {"type": "Point", "coordinates": [100.697341, 13.969172, 2592.1]}}, {"type": "Feature", "properties": {"flight_key": "QTR105_VTPB_VTBS_2025-12-23 02:19", "callsign": "QTR105", "aircraft_type": "B738", "adep": "VTPB", "ades": "VTBS", "epoch_ts": "2025-12-23 02:58:06+00:00", "altitude_ft": 8111.6, "tas_kt": 202.7, "gs_kt": 202.7, "track_deg": 40.699152396466935, "phase": "descent"}, "geometry": {"type": "Point", "coordinates": [100.719993, 13.974778, 2472.4]}}, {"type": "Feature", "properties": {"flight_key": "QTR105_VTPB_VTBS_2025-12-23 02:19", "callsign": "QTR105", "aircraft_type": "B738", "adep": "VTPB", "ades": "VTBS", "epoch_ts": "2025-12-23 02:58:26+00:00", "altitude_ft": 7721.3, "tas_kt": 201.6, "gs_kt": 201.6, "track_deg": 14.506739960258114, "phase": "descent"}, "geometry": {"type": "Point", "coordinates": [100.728204, 13.997246, 2353.5]}}, {"type": "Feature", "properties": {"flight_key": "QTR105_VTPB_VTBS_2025-12-23 02:19", "callsign": "QTR105", "aircraft_type": "B738", "adep": "VTPB", "ades": "VTBS", "epoch_ts": "2025-12-23 02:58:46+00:00", "altitude_ft": 7333.3, "tas_kt": 200.4, "gs_kt": 200.4, "track_deg": 14.506739960258114, "phase": "descent"}, "geometry": {"type": "Point", "coordinates": [100.734351, 14.02044, 2235.2]}}, {"type": "Feature", "properties": {"flight_key": "QTR105_VTPB_VTBS_2025-12-23 02:19", "callsign": "QTR105", "aircraft_type": "B738", "adep": "VTPB", "ades": "VTBS", "epoch_ts": "2025-12-23 02:59:06+00:00", "altitude_ft": 6947.5, "tas_kt": 199.2, "gs_kt": 199.2, "track_deg": 69.49106996936912, "phase": "descent"}, "geometry": {"type": "Point", "coordinates": [100.748151, 14.038648, 2117.6]}}, {"type": "Feature", "properties": {"flight_key": "QTR105_VTPB_VTBS_2025-12-23 02:19", "callsign": "QTR105", "aircraft_type": "B738", "adep": "VTPB", "ades": "VTBS", "epoch_ts": "2025-12-23 02:59:26+00:00", "altitude_ft": 6563.9, "tas_kt": 198.1, "gs_kt": 198.1, "track_deg": 105.36564747750069, "phase": "descent"}, "geometry": {"type": "Point", "coordinates": [100.771778, 14.036142, 2000.7]}}, {"type": "Feature", "properties": {"flight_key": "QTR105_VTPB_VTBS_2025-12-23 02:19", "callsign": "QTR105", "aircraft_type": "B738", "adep": "VTPB", "ades": "VTBS", "epoch_ts": "2025-12-23 02:59:46+00:00", "altitude_ft": 6182.4, "tas_kt": 197.0, "gs_kt": 197.0, "track_deg": 105.36564747750069, "phase": "descent"}, "geometry": {"type": "Point", "coordinates": [100.79504, 14.029899, 1884.4]}}, {"type": "Feature", "properties": {"flight_key": "QTR105_VTPB_VTBS_2025-12-23 02:19", "callsign": "QTR105", "aircraft_type": "B738", "adep": "VTPB", "ades": "VTBS", "epoch_ts": "2025-12-23 03:00:06+00:00", "altitude_ft": 5803.0, "tas_kt": 195.9, "gs_kt": 195.9, "track_deg": 105.36564747750069, "phase": "descent"}, "geometry": {"type": "Point", "coordinates": [100.81817, 14.023688, 1768.8]}}, {"type": "Feature", "properties": {"flight_key": "QTR105_VTPB_VTBS_2025-12-23 02:19", "callsign": "QTR105", "aircraft_type": "B738", "adep": "VTPB", "ades": "VTBS", "epoch_ts": "2025-12-23 03:00:26+00:00", "altitude_ft": 5425.8, "tas_kt": 194.8, "gs_kt": 194.8, "track_deg": 147.42699230710593, "phase": "descent"}, "geometry": {"type": "Point", "coordinates": [100.838446, 14.012768, 1653.8]}}, {"type": "Feature", "properties": {"flight_key": "QTR105_VTPB_VTBS_2025-12-23 02:19", "callsign": "QTR105", "aircraft_type": "B738", "adep": "VTPB", "ades": "VTBS", "epoch_ts": "2025-12-23 03:00:46+00:00", "altitude_ft": 5050.6, "tas_kt": 193.7, "gs_kt": 193.7, "track_deg": 194.43208320504482, "phase": "descent"}, "geometry": {"type": "Point", "coordinates": [100.839673, 13.990499, 1539.4]}}, {"type": "Feature", "properties": {"flight_key": "QTR105_VTPB_VTBS_2025-12-23 02:19", "callsign": "QTR105", "aircraft_type": "B738", "adep": "VTPB", "ades": "VTBS", "epoch_ts": "2025-12-23 03:01:06+00:00", "altitude_ft": 4677.5, "tas_kt": 192.6, "gs_kt": 192.6, "track_deg": 194.43208320504482, "phase": "descent"}, "geometry": {"type": "Point", "coordinates": [100.833793, 13.968187, 1425.7]}}, {"type": "Feature", "properties": {"flight_key": "QTR105_VTPB_VTBS_2025-12-23 02:19", "callsign": "QTR105", "aircraft_type": "B738", "adep": "VTPB", "ades": "VTBS", "epoch_ts": "2025-12-23 03:01:26+00:00", "altitude_ft": 4306.3, "tas_kt": 191.6, "gs_kt": 191.6, "track_deg": 194.43208320504482, "phase": "descent"}, "geometry": {"type": "Point", "coordinates": [100.827946, 13.945995, 1312.6]}}, {"type": "Feature", "properties": {"flight_key": "QTR105_VTPB_VTBS_2025-12-23 02:19", "callsign": "QTR105", "aircraft_type": "B738", "adep": "VTPB", "ades": "VTBS", "epoch_ts": "2025-12-23 03:01:46+00:00", "altitude_ft": 3937.2, "tas_kt": 190.6, "gs_kt": 190.6, "track_deg": 194.43085355493082, "phase": "descent"}, "geometry": {"type": "Point", "coordinates": [100.822131, 13.923922, 1200.1]}}, {"type": "Feature", "properties": {"flight_key": "QTR105_VTPB_VTBS_2025-12-23 02:19", "callsign": "QTR105", "aircraft_type": "B738", "adep": "VTPB", "ades": "VTBS", "epoch_ts": "2025-12-23 03:02:06+00:00", "altitude_ft": 3570.0, "tas_kt": 189.5, "gs_kt": 189.5, "track_deg": 194.43085355493082, "phase": "descent"}, "geometry": {"type": "Point", "coordinates": [100.816348, 13.901965, 1088.1]}}, {"type": "Feature", "properties": {"flight_key": "QTR105_VTPB_VTBS_2025-12-23 02:19", "callsign": "QTR105", "aircraft_type": "B738", "adep": "VTPB", "ades": "VTBS", "epoch_ts": "2025-12-23 03:02:26+00:00", "altitude_ft": 3204.7, "tas_kt": 188.5, "gs_kt": 188.5, "track_deg": 194.43085355493082, "phase": "descent"}, "geometry": {"type": "Point", "coordinates": [100.810596, 13.880125, 976.8]}}, {"type": "Feature", "properties": {"flight_key": "QTR105_VTPB_VTBS_2025-12-23 02:19", "callsign": "QTR105", "aircraft_type": "B738", "adep": "VTPB", "ades": "VTBS", "epoch_ts": "2025-12-23 03:02:46+00:00", "altitude_ft": 2841.4, "tas_kt": 187.5, "gs_kt": 187.5, "track_deg": 194.43085355493082, "phase": "descent"}, "geometry": {"type": "Point", "coordinates": [100.804875, 13.858398, 866.1]}}, {"type": "Feature", "properties": {"flight_key": "QTR105_VTPB_VTBS_2025-12-23 02:19", "callsign": "QTR105", "aircraft_type": "B738", "adep": "VTPB", "ades": "VTBS", "epoch_ts": "2025-12-23 03:03:06+00:00", "altitude_ft": 2479.9, "tas_kt": 186.5, "gs_kt": 186.5, "track_deg": 194.4228507807794, "phase": "descent"}, "geometry": {"type": "Point", "coordinates": [100.799186, 13.836783, 755.9]}}, {"type": "Feature", "properties": {"flight_key": "QTR105_VTPB_VTBS_2025-12-23 02:19", "callsign": "QTR105", "aircraft_type": "B738", "adep": "VTPB", "ades": "VTBS", "epoch_ts": "2025-12-23 03:03:26+00:00", "altitude_ft": 2120.3, "tas_kt": 185.6, "gs_kt": 185.6, "track_deg": 194.4228507807794, "phase": "descent"}, "geometry": {"type": "Point", "coordinates": [100.793527, 13.81528, 646.3]}}, {"type": "Feature", "properties": {"flight_key": "QTR105_VTPB_VTBS_2025-12-23 02:19", "callsign": "QTR105", "aircraft_type": "B738", "adep": "VTPB", "ades": "VTBS", "epoch_ts": "2025-12-23 03:03:46+00:00", "altitude_ft": 1762.6, "tas_kt": 184.6, "gs_kt": 184.6, "track_deg": 194.4228507807794, "phase": "descent"}, "geometry": {"type": "Point", "coordinates": [100.787899, 13.793886, 537.2]}}, {"type": "Feature", "properties": {"flight_key": "QTR105_VTPB_VTBS_2025-12-23 02:19", "callsign": "QTR105", "aircraft_type": "B738", "adep": "VTPB", "ades": "VTBS", "epoch_ts": "2025-12-23 03:04:06+00:00", "altitude_ft": 1406.6, "tas_kt": 183.7, "gs_kt": 183.7, "track_deg": 194.4228507807794, "phase": "descent"}, "geometry": {"type": "Point", "coordinates": [100.782299, 13.7726, 428.7]}}, {"type": "Feature", "properties": {"flight_key": "QTR105_VTPB_VTBS_2025-12-23 02:19", "callsign": "QTR105", "aircraft_type": "B738", "adep": "VTPB", "ades": "VTBS", "epoch_ts": "2025-12-23 03:04:26+00:00", "altitude_ft": 1040.2, "tas_kt": 182.7, "gs_kt": 182.7, "track_deg": 194.41674227824248, "phase": "descent"}, "geometry": {"type": "Point", "coordinates": [100.77673, 13.751421, 317.1]}}, {"type": "Feature", "properties": {"flight_key": "QTR105_VTPB_VTBS_2025-12-23 02:19", "callsign": "QTR105", "aircraft_type": "B738", "adep": "VTPB", "ades": "VTBS", "epoch_ts": "2025-12-23 03:04:46+00:00", "altitude_ft": 674.3, "tas_kt": 181.8, "gs_kt": 181.8, "track_deg": 194.41674227824248, "phase": "descent"}, "geometry": {"type": "Point", "coordinates": [100.771189, 13.730347, 205.5]}}, {"type": "Feature", "properties": {"flight_key": "QTR105_VTPB_VTBS_2025-12-23 02:19", "callsign": "QTR105", "aircraft_type": "B738", "adep": "VTPB", "ades": "VTBS", "epoch_ts": "2025-12-23 03:05:06+00:00", "altitude_ft": 310.3, "tas_kt": 180.9, "gs_kt": 180.9, "track_deg": 194.41674227824248, "phase": "descent"}, "geometry": {"type": "Point", "coordinates": [100.765676, 13.709378, 94.6]}}, {"type": "Feature", "properties": {"flight_key": "QTR105_VTPB_VTBS_2025-12-23 02:19", "callsign": "QTR105", "aircraft_type": "B738", "adep": "VTPB", "ades": "VTBS", "epoch_ts": "2025-12-23 03:05:22+00:00", "altitude_ft": 3.7, "tas_kt": 180.1, "gs_kt": 180.1, "track_deg": 194.41674227824248, "phase": "descent"}, "geometry": {"type": "Point", "coordinates": [100.761033, 13.691714, 1.1]}}, {"type": "Feature", "properties": {"feature_type": "route", "flight_key": "ANA106_VTPB_VTBS_2025-12-23 02:32", "route": "W39 NOBER DCT NORTA", "callsign": "ANA106", "aircraft_type": "A359", "adep": "VTPB", "ades": "VTBS", "rfl": 360, "sid": "OMNI", "star": "NORT1C", "approach": "R19", "dep_rwy": "RW18", "arr_rwy": "RW19", "eobt": "2025-12-23T02:32:03.409268+00:00", "flight_category": "arrival", "vectored": false, "extend_nm": 0.0, "clearance": "DIRECT LETMA, CLEARED R19 APPROACH", "idents": ["RW18", "DER18", "(3000)", "NOBER", "NORTA", "BS519", "BS518", "MEPIN", "BS515", "BS514", "ATKIN", "LETMA", "LAVOG", "LOTMU", "BS790", "BS791"]}, "geometry": {"type": "LineString", "coordinates": [[101.19511667, 16.685525], [101.1951, 16.66653333], [101.19523329263049, 16.524860771611], [100.668333, 15.276667], [100.639017, 14.718789], [100.68273889, 14.57681389], [100.72268889, 14.44695833], [100.67111111, 14.25138889], [100.60333611, 13.99375556], [100.71924722, 13.96344722], [100.74071944, 14.04447222], [100.846425, 14.01610833], [100.82506389, 13.93505278], [100.80371667, 13.85399722], [100.78179167, 13.77066944], [100.76103333, 13.69171389]]}}, {"type": "Feature", "properties": {"flight_key": "ANA106_VTPB_VTBS_2025-12-23 02:32", "callsign": "ANA106", "aircraft_type": "A359", "adep": "VTPB", "ades": "VTBS", "epoch_ts": "2025-12-23 02:32:03+00:00", "altitude_ft": 450.0, "tas_kt": 251.6, "gs_kt": 251.6, "track_deg": 180.04847675496612, "phase": "climb"}, "geometry": {"type": "Point", "coordinates": [101.195117, 16.685525, 137.2]}}, {"type": "Feature", "properties": {"flight_key": "ANA106_VTPB_VTBS_2025-12-23 02:32", "callsign": "ANA106", "aircraft_type": "A359", "adep": "VTPB", "ades": "VTBS", "epoch_ts": "2025-12-23 02:32:23+00:00", "altitude_ft": 1185.7, "tas_kt": 254.2, "gs_kt": 254.2, "track_deg": 179.94799999999972, "phase": "climb"}, "geometry": {"type": "Point", "coordinates": [101.195104, 16.66201, 361.4]}}, {"type": "Feature", "properties": {"flight_key": "ANA106_VTPB_VTBS_2025-12-23 02:32", "callsign": "ANA106", "aircraft_type": "A359", "adep": "VTPB", "ades": "VTBS", "epoch_ts": "2025-12-23 02:32:43+00:00", "altitude_ft": 1848.7, "tas_kt": 256.6, "gs_kt": 256.6, "track_deg": 179.94799999999972, "phase": "climb"}, "geometry": {"type": "Point", "coordinates": [101.195127, 16.638259, 563.5]}}, {"type": "Feature", "properties": {"flight_key": "ANA106_VTPB_VTBS_2025-12-23 02:32", "callsign": "ANA106", "aircraft_type": "A359", "adep": "VTPB", "ades": "VTBS", "epoch_ts": "2025-12-23 02:33:03+00:00", "altitude_ft": 2387.1, "tas_kt": 258.6, "gs_kt": 258.6, "track_deg": 179.94799999999972, "phase": "climb"}, "geometry": {"type": "Point", "coordinates": [101.195149, 16.614306, 727.6]}}, {"type": "Feature", "properties": {"flight_key": "ANA106_VTPB_VTBS_2025-12-23 02:32", "callsign": "ANA106", "aircraft_type": "A359", "adep": "VTPB", "ades": "VTBS", "epoch_ts": "2025-12-23 02:33:23+00:00", "altitude_ft": 2897.1, "tas_kt": 260.4, "gs_kt": 260.4, "track_deg": 179.94799999999972, "phase": "climb"}, "geometry": {"type": "Point", "coordinates": [101.195172, 16.590177, 883.0]}}, {"type": "Feature", "properties": {"flight_key": "ANA106_VTPB_VTBS_2025-12-23 02:32", "callsign": "ANA106", "aircraft_type": "A359", "adep": "VTPB", "ades": "VTBS", "epoch_ts": "2025-12-23 02:33:43+00:00", "altitude_ft": 3392.5, "tas_kt": 262.3, "gs_kt": 262.3, "track_deg": 179.94799999999972, "phase": "climb"}, "geometry": {"type": "Point", "coordinates": [101.195195, 16.565875, 1034.0]}}, {"type": "Feature", "properties": {"flight_key": "ANA106_VTPB_VTBS_2025-12-23 02:32", "callsign": "ANA106", "aircraft_type": "A359", "adep": "VTPB", "ades": "VTBS", "epoch_ts": "2025-12-23 02:34:03+00:00", "altitude_ft": 3884.1, "tas_kt": 264.1, "gs_kt": 264.1, "track_deg": 179.94799999999972, "phase": "climb"}, "geometry": {"type": "Point", "coordinates": [101.195218, 16.541401, 1183.9]}}, {"type": "Feature", "properties": {"flight_key": "ANA106_VTPB_VTBS_2025-12-23 02:32", "callsign": "ANA106", "aircraft_type": "A359", "adep": "VTPB", "ades": "VTBS", "epoch_ts": "2025-12-23 02:34:23+00:00", "altitude_ft": 4484.5, "tas_kt": 266.4, "gs_kt": 266.4, "track_deg": 191.18317425770437, "phase": "climb"}, "geometry": {"type": "Point", "coordinates": [101.194275, 16.516809, 1366.9]}}, {"type": "Feature", "properties": {"flight_key": "ANA106_VTPB_VTBS_2025-12-23 02:32", "callsign": "ANA106", "aircraft_type": "A359", "adep": "VTPB", "ades": "VTBS", "epoch_ts": "2025-12-23 02:34:43+00:00", "altitude_ft": 5118.3, "tas_kt": 268.9, "gs_kt": 268.9, "track_deg": 202.4063486900328, "phase": "climb"}, "geometry": {"type": "Point", "coordinates": [101.184917, 16.493642, 1560.1]}}, {"type": "Feature", "properties": {"flight_key": "ANA106_VTPB_VTBS_2025-12-23 02:32", "callsign": "ANA106", "aircraft_type": "A359", "adep": "VTPB", "ades": "VTBS", "epoch_ts": "2025-12-23 02:35:03+00:00", "altitude_ft": 5752.1, "tas_kt": 271.3, "gs_kt": 271.3, "track_deg": 202.4063486900328, "phase": "climb"}, "geometry": {"type": "Point", "coordinates": [101.174997, 16.470424, 1753.2]}}, {"type": "Feature", "properties": {"flight_key": "ANA106_VTPB_VTBS_2025-12-23 02:32", "callsign": "ANA106", "aircraft_type": "A359", "adep": "VTPB", "ades": "VTBS", "epoch_ts": "2025-12-23 02:35:23+00:00", "altitude_ft": 6446.8, "tas_kt": 274.1, "gs_kt": 274.1, "track_deg": 202.4063486900328, "phase": "climb"}, "geometry": {"type": "Point", "coordinates": [101.164986, 16.446985, 1965.0]}}, {"type": "Feature", "properties": {"flight_key": "ANA106_VTPB_VTBS_2025-12-23 02:32", "callsign": "ANA106", "aircraft_type": "A359", "adep": "VTPB", "ades": "VTBS", "epoch_ts": "2025-12-23 02:35:43+00:00", "altitude_ft": 7180.7, "tas_kt": 277.0, "gs_kt": 277.0, "track_deg": 202.4063486900328, "phase": "climb"}, "geometry": {"type": "Point", "coordinates": [101.154871, 16.423297, 2188.7]}}, {"type": "Feature", "properties": {"flight_key": "ANA106_VTPB_VTBS_2025-12-23 02:32", "callsign": "ANA106", "aircraft_type": "A359", "adep": "VTPB", "ades": "VTBS", "epoch_ts": "2025-12-23 02:36:03+00:00", "altitude_ft": 7914.5, "tas_kt": 280.0, "gs_kt": 280.0, "track_deg": 202.4063486900328, "phase": "climb"}, "geometry": {"type": "Point", "coordinates": [101.144649, 16.399355, 2412.3]}}, {"type": "Feature", "properties": {"flight_key": "ANA106_VTPB_VTBS_2025-12-23 02:32", "callsign": "ANA106", "aircraft_type": "A359", "adep": "VTPB", "ades": "VTBS", "epoch_ts": "2025-12-23 02:36:23+00:00", "altitude_ft": 8567.8, "tas_kt": 282.7, "gs_kt": 282.7, "track_deg": 202.4063486900328, "phase": "climb"}, "geometry": {"type": "Point", "coordinates": [101.134326, 16.375166, 2611.5]}}, {"type": "Feature", "properties": {"flight_key": "ANA106_VTPB_VTBS_2025-12-23 02:32", "callsign": "ANA106", "aircraft_type": "A359", "adep": "VTPB", "ades": "VTBS", "epoch_ts": "2025-12-23 02:36:43+00:00", "altitude_ft": 9210.5, "tas_kt": 285.4, "gs_kt": 285.4, "track_deg": 202.4063486900328, "phase": "climb"}, "geometry": {"type": "Point", "coordinates": [101.123907, 16.350748, 2807.4]}}, {"type": "Feature", "properties": {"flight_key": "ANA106_VTPB_VTBS_2025-12-23 02:32", "callsign": "ANA106", "aircraft_type": "A359", "adep": "VTPB", "ades": "VTBS", "epoch_ts": "2025-12-23 02:37:03+00:00", "altitude_ft": 9853.1, "tas_kt": 288.1, "gs_kt": 288.1, "track_deg": 202.4063486900328, "phase": "climb"}, "geometry": {"type": "Point", "coordinates": [101.113392, 16.326097, 3003.2]}}, {"type": "Feature", "properties": {"flight_key": "ANA106_VTPB_VTBS_2025-12-23 02:32", "callsign": "ANA106", "aircraft_type": "A359", "adep": "VTPB", "ades": "VTBS", "epoch_ts": "2025-12-23 02:37:23+00:00", "altitude_ft": 10386.9, "tas_kt": 358.6, "gs_kt": 358.6, "track_deg": 202.4063486900328, "phase": "climb"}, "geometry": {"type": "Point", "coordinates": [101.100892, 16.296783, 3165.9]}}, {"type": "Feature", "properties": {"flight_key": "ANA106_VTPB_VTBS_2025-12-23 02:32", "callsign": "ANA106", "aircraft_type": "A359", "adep": "VTPB", "ades": "VTBS", "epoch_ts": "2025-12-23 02:37:43+00:00", "altitude_ft": 10888.4, "tas_kt": 361.2, "gs_kt": 361.2, "track_deg": 202.4063486900328, "phase": "climb"}, "geometry": {"type": "Point", "coordinates": [101.087699, 16.265836, 3318.8]}}, {"type": "Feature", "properties": {"flight_key": "ANA106_VTPB_VTBS_2025-12-23 02:32", "callsign": "ANA106", "aircraft_type": "A359", "adep": "VTPB", "ades": "VTBS", "epoch_ts": "2025-12-23 02:38:03+00:00", "altitude_ft": 11389.9, "tas_kt": 363.8, "gs_kt": 363.8, "track_deg": 202.4063486900328, "phase": "climb"}, "geometry": {"type": "Point", "coordinates": [101.074415, 16.234664, 3471.6]}}, {"type": "Feature", "properties": {"flight_key": "ANA106_VTPB_VTBS_2025-12-23 02:32", "callsign": "ANA106", "aircraft_type": "A359", "adep": "VTPB", "ades": "VTBS", "epoch_ts": "2025-12-23 02:38:23+00:00", "altitude_ft": 11891.4, "tas_kt": 366.5, "gs_kt": 366.5, "track_deg": 202.4063486900328, "phase": "climb"}, "geometry": {"type": "Point", "coordinates": [101.06104, 16.203265, 3624.5]}}, {"type": "Feature", "properties": {"flight_key": "ANA106_VTPB_VTBS_2025-12-23 02:32", "callsign": "ANA106", "aircraft_type": "A359", "adep": "VTPB", "ades": "VTBS", "epoch_ts": "2025-12-23 02:38:43+00:00", "altitude_ft": 12415.7, "tas_kt": 369.3, "gs_kt": 369.3, "track_deg": 202.4063486900328, "phase": "climb"}, "geometry": {"type": "Point", "coordinates": [101.047569, 16.171632, 3784.3]}}, {"type": "Feature", "properties": {"flight_key": "ANA106_VTPB_VTBS_2025-12-23 02:32", "callsign": "ANA106", "aircraft_type": "A359", "adep": "VTPB", "ades": "VTBS", "epoch_ts": "2025-12-23 02:39:03+00:00", "altitude_ft": 12946.4, "tas_kt": 372.1, "gs_kt": 372.1, "track_deg": 202.4063486900328, "phase": "climb"}, "geometry": {"type": "Point", "coordinates": [101.033999, 16.139756, 3946.1]}}, {"type": "Feature", "properties": {"flight_key": "ANA106_VTPB_VTBS_2025-12-23 02:32", "callsign": "ANA106", "aircraft_type": "A359", "adep": "VTPB", "ades": "VTBS", "epoch_ts": "2025-12-23 02:39:23+00:00", "altitude_ft": 13477.1, "tas_kt": 375.0, "gs_kt": 375.0, "track_deg": 202.4063486900328, "phase": "climb"}, "geometry": {"type": "Point", "coordinates": [101.020329, 16.107632, 4107.8]}}, {"type": "Feature", "properties": {"flight_key": "ANA106_VTPB_VTBS_2025-12-23 02:32", "callsign": "ANA106", "aircraft_type": "A359", "adep": "VTPB", "ades": "VTBS", "epoch_ts": "2025-12-23 02:39:43+00:00", "altitude_ft": 14008.2, "tas_kt": 377.9, "gs_kt": 377.9, "track_deg": 202.4063486900328, "phase": "climb"}, "geometry": {"type": "Point", "coordinates": [101.006557, 16.075258, 4269.7]}}, {"type": "Feature", "properties": {"flight_key": "ANA106_VTPB_VTBS_2025-12-23 02:32", "callsign": "ANA106", "aircraft_type": "A359", "adep": "VTPB", "ades": "VTBS", "epoch_ts": "2025-12-23 02:40:03+00:00", "altitude_ft": 14573.4, "tas_kt": 381.0, "gs_kt": 381.0, "track_deg": 202.4063486900328, "phase": "climb"}, "geometry": {"type": "Point", "coordinates": [100.99268, 16.042624, 4442.0]}}, {"type": "Feature", "properties": {"flight_key": "ANA106_VTPB_VTBS_2025-12-23 02:32", "callsign": "ANA106", "aircraft_type": "A359", "adep": "VTPB", "ades": "VTBS", "epoch_ts": "2025-12-23 02:40:23+00:00", "altitude_ft": 15138.6, "tas_kt": 384.2, "gs_kt": 384.2, "track_deg": 202.4063486900328, "phase": "climb"}, "geometry": {"type": "Point", "coordinates": [100.978692, 16.009718, 4614.2]}}, {"type": "Feature", "properties": {"flight_key": "ANA106_VTPB_VTBS_2025-12-23 02:32", "callsign": "ANA106", "aircraft_type": "A359", "adep": "VTPB", "ades": "VTBS", "epoch_ts": "2025-12-23 02:40:43+00:00", "altitude_ft": 15703.7, "tas_kt": 387.4, "gs_kt": 387.4, "track_deg": 202.4063486900328, "phase": "climb"}, "geometry": {"type": "Point", "coordinates": [100.963927, 15.974973, 4786.5]}}, {"type": "Feature", "properties": {"flight_key": "ANA106_VTPB_VTBS_2025-12-23 02:32", "callsign": "ANA106", "aircraft_type": "A359", "adep": "VTPB", "ades": "VTBS", "epoch_ts": "2025-12-23 02:41:03+00:00", "altitude_ft": 16243.6, "tas_kt": 390.5, "gs_kt": 390.5, "track_deg": 202.4063486900328, "phase": "climb"}, "geometry": {"type": "Point", "coordinates": [100.943892, 15.927803, 4951.0]}}, {"type": "Feature", "properties": {"flight_key": "ANA106_VTPB_VTBS_2025-12-23 02:32", "callsign": "ANA106", "aircraft_type": "A359", "adep": "VTPB", "ades": "VTBS", "epoch_ts": "2025-12-23 02:41:23+00:00", "altitude_ft": 16755.6, "tas_kt": 393.4, "gs_kt": 393.4, "track_deg": 202.4063486900328, "phase": "climb"}, "geometry": {"type": "Point", "coordinates": [100.923713, 15.880271, 5107.1]}}, {"type": "Feature", "properties": {"flight_key": "ANA106_VTPB_VTBS_2025-12-23 02:32", "callsign": "ANA106", "aircraft_type": "A359", "adep": "VTPB", "ades": "VTBS", "epoch_ts": "2025-12-23 02:41:43+00:00", "altitude_ft": 17267.6, "tas_kt": 396.4, "gs_kt": 396.4, "track_deg": 202.4063486900328, "phase": "climb"}, "geometry": {"type": "Point", "coordinates": [100.903391, 15.832377, 5263.2]}}, {"type": "Feature", "properties": {"flight_key": "ANA106_VTPB_VTBS_2025-12-23 02:32", "callsign": "ANA106", "aircraft_type": "A359", "adep": "VTPB", "ades": "VTBS", "epoch_ts": "2025-12-23 02:42:03+00:00", "altitude_ft": 17779.6, "tas_kt": 399.4, "gs_kt": 399.4, "track_deg": 202.4063486900328, "phase": "climb"}, "geometry": {"type": "Point", "coordinates": [100.882925, 15.784118, 5419.2]}}, {"type": "Feature", "properties": {"flight_key": "ANA106_VTPB_VTBS_2025-12-23 02:32", "callsign": "ANA106", "aircraft_type": "A359", "adep": "VTPB", "ades": "VTBS", "epoch_ts": "2025-12-23 02:42:23+00:00", "altitude_ft": 18261.3, "tas_kt": 402.3, "gs_kt": 402.3, "track_deg": 202.4063486900328, "phase": "climb"}, "geometry": {"type": "Point", "coordinates": [100.862315, 15.735497, 5566.0]}}, {"type": "Feature", "properties": {"flight_key": "ANA106_VTPB_VTBS_2025-12-23 02:32", "callsign": "ANA106", "aircraft_type": "A359", "adep": "VTPB", "ades": "VTBS", "epoch_ts": "2025-12-23 02:42:43+00:00", "altitude_ft": 18720.2, "tas_kt": 405.0, "gs_kt": 405.0, "track_deg": 202.4063486900328, "phase": "climb"}, "geometry": {"type": "Point", "coordinates": [100.841574, 15.686539, 5705.9]}}, {"type": "Feature", "properties": {"flight_key": "ANA106_VTPB_VTBS_2025-12-23 02:32", "callsign": "ANA106", "aircraft_type": "A359", "adep": "VTPB", "ades": "VTBS", "epoch_ts": "2025-12-23 02:43:03+00:00", "altitude_ft": 19179.0, "tas_kt": 407.8, "gs_kt": 407.8, "track_deg": 202.4063486900328, "phase": "climb"}, "geometry": {"type": "Point", "coordinates": [100.820701, 15.637245, 5845.8]}}, {"type": "Feature", "properties": {"flight_key": "ANA106_VTPB_VTBS_2025-12-23 02:32", "callsign": "ANA106", "aircraft_type": "A359", "adep": "VTPB", "ades": "VTBS", "epoch_ts": "2025-12-23 02:43:23+00:00", "altitude_ft": 19637.8, "tas_kt": 410.6, "gs_kt": 410.6, "track_deg": 202.4063486900328, "phase": "climb"}, "geometry": {"type": "Point", "coordinates": [100.799696, 15.587611, 5985.6]}}, {"type": "Feature", "properties": {"flight_key": "ANA106_VTPB_VTBS_2025-12-23 02:32", "callsign": "ANA106", "aircraft_type": "A359", "adep": "VTPB", "ades": "VTBS", "epoch_ts": "2025-12-23 02:43:43+00:00", "altitude_ft": 20086.6, "tas_kt": 413.3, "gs_kt": 413.3, "track_deg": 202.4063486900328, "phase": "climb"}, "geometry": {"type": "Point", "coordinates": [100.778557, 15.537637, 6122.4]}}, {"type": "Feature", "properties": {"flight_key": "ANA106_VTPB_VTBS_2025-12-23 02:32", "callsign": "ANA106", "aircraft_type": "A359", "adep": "VTPB", "ades": "VTBS", "epoch_ts": "2025-12-23 02:44:03+00:00", "altitude_ft": 20497.6, "tas_kt": 415.8, "gs_kt": 415.8, "track_deg": 202.4063486900328, "phase": "climb"}, "geometry": {"type": "Point", "coordinates": [100.757295, 15.487342, 6247.7]}}, {"type": "Feature", "properties": {"flight_key": "ANA106_VTPB_VTBS_2025-12-23 02:32", "callsign": "ANA106", "aircraft_type": "A359", "adep": "VTPB", "ades": "VTBS", "epoch_ts": "2025-12-23 02:44:23+00:00", "altitude_ft": 20908.6, "tas_kt": 418.4, "gs_kt": 418.4, "track_deg": 202.4063486900328, "phase": "climb"}, "geometry": {"type": "Point", "coordinates": [100.735912, 15.436736, 6372.9]}}, {"type": "Feature", "properties": {"flight_key": "ANA106_VTPB_VTBS_2025-12-23 02:32", "callsign": "ANA106", "aircraft_type": "A359", "adep": "VTPB", "ades": "VTBS", "epoch_ts": "2025-12-23 02:44:43+00:00", "altitude_ft": 21319.6, "tas_kt": 421.0, "gs_kt": 421.0, "track_deg": 202.4063486900328, "phase": "climb"}, "geometry": {"type": "Point", "coordinates": [100.714408, 15.385816, 6498.2]}}, {"type": "Feature", "properties": {"flight_key": "ANA106_VTPB_VTBS_2025-12-23 02:32", "callsign": "ANA106", "aircraft_type": "A359", "adep": "VTPB", "ades": "VTBS", "epoch_ts": "2025-12-23 02:45:03+00:00", "altitude_ft": 21730.6, "tas_kt": 384.6, "gs_kt": 384.6, "track_deg": 202.4063486900328, "phase": "climb"}, "geometry": {"type": "Point", "coordinates": [100.694423, 15.338469, 6623.5]}}, {"type": "Feature", "properties": {"flight_key": "ANA106_VTPB_VTBS_2025-12-23 02:32", "callsign": "ANA106", "aircraft_type": "A359", "adep": "VTPB", "ades": "VTBS", "epoch_ts": "2025-12-23 02:45:23+00:00", "altitude_ft": 22129.6, "tas_kt": 387.0, "gs_kt": 387.0, "track_deg": 202.4063486900328, "phase": "climb"}, "geometry": {"type": "Point", "coordinates": [100.674672, 15.291653, 6745.1]}}, {"type": "Feature", "properties": {"flight_key": "ANA106_VTPB_VTBS_2025-12-23 02:32", "callsign": "ANA106", "aircraft_type": "A359", "adep": "VTPB", "ades": "VTBS", "epoch_ts": "2025-12-23 02:45:43+00:00", "altitude_ft": 21908.1, "tas_kt": 385.7, "gs_kt": 385.7, "track_deg": 182.92759277160363, "phase": "descent"}, "geometry": {"type": "Point", "coordinates": [100.666509, 15.242043, 6677.6]}}, {"type": "Feature", "properties": {"flight_key": "ANA106_VTPB_VTBS_2025-12-23 02:32", "callsign": "ANA106", "aircraft_type": "A359", "adep": "VTPB", "ades": "VTBS", "epoch_ts": "2025-12-23 02:46:03+00:00", "altitude_ft": 21339.1, "tas_kt": 382.3, "gs_kt": 382.3, "track_deg": 182.92759277160363, "phase": "descent"}, "geometry": {"type": "Point", "coordinates": [100.663862, 15.19176, 6504.2]}}, {"type": "Feature", "properties": {"flight_key": "ANA106_VTPB_VTBS_2025-12-23 02:32", "callsign": "ANA106", "aircraft_type": "A359", "adep": "VTPB", "ades": "VTBS", "epoch_ts": "2025-12-23 02:46:23+00:00", "altitude_ft": 20770.1, "tas_kt": 379.0, "gs_kt": 379.0, "track_deg": 182.92759277160363, "phase": "descent"}, "geometry": {"type": "Point", "coordinates": [100.661238, 15.141912, 6330.7]}}, {"type": "Feature", "properties": {"flight_key": "ANA106_VTPB_VTBS_2025-12-23 02:32", "callsign": "ANA106", "aircraft_type": "A359", "adep": "VTPB", "ades": "VTBS", "epoch_ts": "2025-12-23 02:46:43+00:00", "altitude_ft": 20201.1, "tas_kt": 337.0, "gs_kt": 337.0, "track_deg": 182.92759277160363, "phase": "descent"}, "geometry": {"type": "Point", "coordinates": [100.658686, 15.093405, 6157.3]}}, {"type": "Feature", "properties": {"flight_key": "ANA106_VTPB_VTBS_2025-12-23 02:32", "callsign": "ANA106", "aircraft_type": "A359", "adep": "VTPB", "ades": "VTBS", "epoch_ts": "2025-12-23 02:47:03+00:00", "altitude_ft": 19650.3, "tas_kt": 334.1, "gs_kt": 334.1, "track_deg": 182.92759277160363, "phase": "descent"}, "geometry": {"type": "Point", "coordinates": [100.656376, 15.049466, 5989.4]}}, {"type": "Feature", "properties": {"flight_key": "ANA106_VTPB_VTBS_2025-12-23 02:32", "callsign": "ANA106", "aircraft_type": "A359", "adep": "VTPB", "ades": "VTBS", "epoch_ts": "2025-12-23 02:47:23+00:00", "altitude_ft": 19109.5, "tas_kt": 331.3, "gs_kt": 331.3, "track_deg": 182.92759277160363, "phase": "descent"}, "geometry": {"type": "Point", "coordinates": [100.654086, 15.005895, 5824.6]}}, {"type": "Feature", "properties": {"flight_key": "ANA106_VTPB_VTBS_2025-12-23 02:32", "callsign": "ANA106", "aircraft_type": "A359", "adep": "VTPB", "ades": "VTBS", "epoch_ts": "2025-12-23 02:47:43+00:00", "altitude_ft": 18568.7, "tas_kt": 328.6, "gs_kt": 328.6, "track_deg": 182.92759277160363, "phase": "descent"}, "geometry": {"type": "Point", "coordinates": [100.651816, 14.962686, 5659.7]}}, {"type": "Feature", "properties": {"flight_key": "ANA106_VTPB_VTBS_2025-12-23 02:32", "callsign": "ANA106", "aircraft_type": "A359", "adep": "VTPB", "ades": "VTBS", "epoch_ts": "2025-12-23 02:48:03+00:00", "altitude_ft": 21296.7, "tas_kt": 342.8, "gs_kt": 342.8, "track_deg": 182.92759277160363, "phase": "descent"}, "geometry": {"type": "Point", "coordinates": [100.649478, 14.918175, 6491.2]}}, {"type": "Feature", "properties": {"flight_key": "ANA106_VTPB_VTBS_2025-12-23 02:32", "callsign": "ANA106", "aircraft_type": "A359", "adep": "VTPB", "ades": "VTBS", "epoch_ts": "2025-12-23 02:48:23+00:00", "altitude_ft": 20558.5, "tas_kt": 338.9, "gs_kt": 338.9, "track_deg": 182.92759277160363, "phase": "descent"}, "geometry": {"type": "Point", "coordinates": [100.647135, 14.87355, 6266.2]}}, {"type": "Feature", "properties": {"flight_key": "ANA106_VTPB_VTBS_2025-12-23 02:32", "callsign": "ANA106", "aircraft_type": "A359", "adep": "VTPB", "ades": "VTBS", "epoch_ts": "2025-12-23 02:48:43+00:00", "altitude_ft": 19828.6, "tas_kt": 335.1, "gs_kt": 335.1, "track_deg": 182.92759277160363, "phase": "descent"}, "geometry": {"type": "Point", "coordinates": [100.64482, 14.829431, 6043.8]}}, {"type": "Feature", "properties": {"flight_key": "ANA106_VTPB_VTBS_2025-12-23 02:32", "callsign": "ANA106", "aircraft_type": "A359", "adep": "VTPB", "ades": "VTBS", "epoch_ts": "2025-12-23 02:49:03+00:00", "altitude_ft": 19106.9, "tas_kt": 331.3, "gs_kt": 331.3, "track_deg": 182.92759277160363, "phase": "descent"}, "geometry": {"type": "Point", "coordinates": [100.642532, 14.785804, 5823.8]}}, {"type": "Feature", "properties": {"flight_key": "ANA106_VTPB_VTBS_2025-12-23 02:32", "callsign": "ANA106", "aircraft_type": "A359", "adep": "VTPB", "ades": "VTBS", "epoch_ts": "2025-12-23 02:49:23+00:00", "altitude_ft": 18393.2, "tas_kt": 327.7, "gs_kt": 327.7, "track_deg": 182.92759277160363, "phase": "descent"}, "geometry": {"type": "Point", "coordinates": [100.64027, 14.742657, 5606.2]}}, {"type": "Feature", "properties": {"flight_key": "ANA106_VTPB_VTBS_2025-12-23 02:32", "callsign": "ANA106", "aircraft_type": "A359", "adep": "VTPB", "ades": "VTBS", "epoch_ts": "2025-12-23 02:49:43+00:00", "altitude_ft": 18000.0, "tas_kt": 325.7, "gs_kt": 325.7, "track_deg": 163.30533488267446, "phase": "descent"}, "geometry": {"type": "Point", "coordinates": [100.644469, 14.701095, 5486.4]}}, {"type": "Feature", "properties": {"flight_key": "ANA106_VTPB_VTBS_2025-12-23 02:32", "callsign": "ANA106", "aircraft_type": "A359", "adep": "VTPB", "ades": "VTBS", "epoch_ts": "2025-12-23 02:50:03+00:00", "altitude_ft": 18000.0, "tas_kt": 325.7, "gs_kt": 325.7, "track_deg": 163.30533488267446, "phase": "descent"}, "geometry": {"type": "Point", "coordinates": [100.656042, 14.663526, 5486.4]}}, {"type": "Feature", "properties": {"flight_key": "ANA106_VTPB_VTBS_2025-12-23 02:32", "callsign": "ANA106", "aircraft_type": "A359", "adep": "VTPB", "ades": "VTBS", "epoch_ts": "2025-12-23 02:50:23+00:00", "altitude_ft": 18000.0, "tas_kt": 287.6, "gs_kt": 287.6, "track_deg": 163.30533488267446, "phase": "descent"}, "geometry": {"type": "Point", "coordinates": [100.666953, 14.628098, 5486.4]}}, {"type": "Feature", "properties": {"flight_key": "ANA106_VTPB_VTBS_2025-12-23 02:32", "callsign": "ANA106", "aircraft_type": "A359", "adep": "VTPB", "ades": "VTBS", "epoch_ts": "2025-12-23 02:50:43+00:00", "altitude_ft": 18000.0, "tas_kt": 287.6, "gs_kt": 287.6, "track_deg": 163.30533488267446, "phase": "descent"}, "geometry": {"type": "Point", "coordinates": [100.677166, 14.59492, 5486.4]}}, {"type": "Feature", "properties": {"flight_key": "ANA106_VTPB_VTBS_2025-12-23 02:32", "callsign": "ANA106", "aircraft_type": "A359", "adep": "VTPB", "ades": "VTBS", "epoch_ts": "2025-12-23 02:51:03+00:00", "altitude_ft": 18000.0, "tas_kt": 287.6, "gs_kt": 287.6, "track_deg": 163.31154804065102, "phase": "descent"}, "geometry": {"type": "Point", "coordinates": [100.687378, 14.561742, 5486.4]}}, {"type": "Feature", "properties": {"flight_key": "ANA106_VTPB_VTBS_2025-12-23 02:32", "callsign": "ANA106", "aircraft_type": "A359", "adep": "VTPB", "ades": "VTBS", "epoch_ts": "2025-12-23 02:51:23+00:00", "altitude_ft": 18000.0, "tas_kt": 287.6, "gs_kt": 287.6, "track_deg": 163.31154804065102, "phase": "descent"}, "geometry": {"type": "Point", "coordinates": [100.697588, 14.528564, 5486.4]}}, {"type": "Feature", "properties": {"flight_key": "ANA106_VTPB_VTBS_2025-12-23 02:32", "callsign": "ANA106", "aircraft_type": "A359", "adep": "VTPB", "ades": "VTBS", "epoch_ts": "2025-12-23 02:51:43+00:00", "altitude_ft": 18000.0, "tas_kt": 287.6, "gs_kt": 287.6, "track_deg": 163.31154804065102, "phase": "descent"}, "geometry": {"type": "Point", "coordinates": [100.707795, 14.495386, 5486.4]}}, {"type": "Feature", "properties": {"flight_key": "ANA106_VTPB_VTBS_2025-12-23 02:32", "callsign": "ANA106", "aircraft_type": "A359", "adep": "VTPB", "ades": "VTBS", "epoch_ts": "2025-12-23 02:52:03+00:00", "altitude_ft": 18000.0, "tas_kt": 287.6, "gs_kt": 287.6, "track_deg": 163.31154804065102, "phase": "descent"}, "geometry": {"type": "Point", "coordinates": [100.717998, 14.462207, 5486.4]}}, {"type": "Feature", "properties": {"flight_key": "ANA106_VTPB_VTBS_2025-12-23 02:32", "callsign": "ANA106", "aircraft_type": "A359", "adep": "VTPB", "ades": "VTBS", "epoch_ts": "2025-12-23 02:52:23+00:00", "altitude_ft": 17514.1, "tas_kt": 285.5, "gs_kt": 285.5, "track_deg": 194.42519405226795, "phase": "descent"}, "geometry": {"type": "Point", "coordinates": [100.717796, 14.428423, 5338.3]}}, {"type": "Feature", "properties": {"flight_key": "ANA106_VTPB_VTBS_2025-12-23 02:32", "callsign": "ANA106", "aircraft_type": "A359", "adep": "VTPB", "ades": "VTBS", "epoch_ts": "2025-12-23 02:52:43+00:00", "altitude_ft": 16948.5, "tas_kt": 283.0, "gs_kt": 283.0, "track_deg": 194.42519405226795, "phase": "descent"}, "geometry": {"type": "Point", "coordinates": [100.709047, 14.395265, 5165.9]}}, {"type": "Feature", "properties": {"flight_key": "ANA106_VTPB_VTBS_2025-12-23 02:32", "callsign": "ANA106", "aircraft_type": "A359", "adep": "VTPB", "ades": "VTBS", "epoch_ts": "2025-12-23 02:53:03+00:00", "altitude_ft": 16387.8, "tas_kt": 280.5, "gs_kt": 280.5, "track_deg": 194.42519405226795, "phase": "descent"}, "geometry": {"type": "Point", "coordinates": [100.700375, 14.362395, 4995.0]}}, {"type": "Feature", "properties": {"flight_key": "ANA106_VTPB_VTBS_2025-12-23 02:32", "callsign": "ANA106", "aircraft_type": "A359", "adep": "VTPB", "ades": "VTBS", "epoch_ts": "2025-12-23 02:53:23+00:00", "altitude_ft": 15831.9, "tas_kt": 278.1, "gs_kt": 278.1, "track_deg": 194.42519405226795, "phase": "descent"}, "geometry": {"type": "Point", "coordinates": [100.691781, 14.329807, 4825.6]}}, {"type": "Feature", "properties": {"flight_key": "ANA106_VTPB_VTBS_2025-12-23 02:32", "callsign": "ANA106", "aircraft_type": "A359", "adep": "VTPB", "ades": "VTBS", "epoch_ts": "2025-12-23 02:53:43+00:00", "altitude_ft": 15280.8, "tas_kt": 275.7, "gs_kt": 275.7, "track_deg": 194.42519405226795, "phase": "descent"}, "geometry": {"type": "Point", "coordinates": [100.683262, 14.297495, 4657.6]}}, {"type": "Feature", "properties": {"flight_key": "ANA106_VTPB_VTBS_2025-12-23 02:32", "callsign": "ANA106", "aircraft_type": "A359", "adep": "VTPB", "ades": "VTBS", "epoch_ts": "2025-12-23 02:54:03+00:00", "altitude_ft": 14734.3, "tas_kt": 273.4, "gs_kt": 273.4, "track_deg": 194.42519405226795, "phase": "descent"}, "geometry": {"type": "Point", "coordinates": [100.674817, 14.265454, 4491.0]}}, {"type": "Feature", "properties": {"flight_key": "ANA106_VTPB_VTBS_2025-12-23 02:32", "callsign": "ANA106", "aircraft_type": "A359", "adep": "VTPB", "ades": "VTBS", "epoch_ts": "2025-12-23 02:54:23+00:00", "altitude_ft": 14192.3, "tas_kt": 271.2, "gs_kt": 271.2, "track_deg": 194.40569362049712, "phase": "descent"}, "geometry": {"type": "Point", "coordinates": [100.666447, 14.233678, 4325.8]}}, {"type": "Feature", "properties": {"flight_key": "ANA106_VTPB_VTBS_2025-12-23 02:32", "callsign": "ANA106", "aircraft_type": "A359", "adep": "VTPB", "ades": "VTBS", "epoch_ts": "2025-12-23 02:54:43+00:00", "altitude_ft": 13687.8, "tas_kt": 220.8, "gs_kt": 220.8, "track_deg": 194.40569362049712, "phase": "descent"}, "geometry": {"type": "Point", "coordinates": [100.65866, 14.2041, 4172.0]}}, {"type": "Feature", "properties": {"flight_key": "ANA106_VTPB_VTBS_2025-12-23 02:32", "callsign": "ANA106", "aircraft_type": "A359", "adep": "VTPB", "ades": "VTBS", "epoch_ts": "2025-12-23 02:55:03+00:00", "altitude_ft": 13250.3, "tas_kt": 219.3, "gs_kt": 219.3, "track_deg": 194.40569362049712, "phase": "descent"}, "geometry": {"type": "Point", "coordinates": [100.651909, 14.178449, 4038.7]}}, {"type": "Feature", "properties": {"flight_key": "ANA106_VTPB_VTBS_2025-12-23 02:32", "callsign": "ANA106", "aircraft_type": "A359", "adep": "VTPB", "ades": "VTBS", "epoch_ts": "2025-12-23 02:55:23+00:00", "altitude_ft": 12815.8, "tas_kt": 217.8, "gs_kt": 217.8, "track_deg": 194.40569362049712, "phase": "descent"}, "geometry": {"type": "Point", "coordinates": [100.645206, 14.152976, 3906.3]}}, {"type": "Feature", "properties": {"flight_key": "ANA106_VTPB_VTBS_2025-12-23 02:32", "callsign": "ANA106", "aircraft_type": "A359", "adep": "VTPB", "ades": "VTBS", "epoch_ts": "2025-12-23 02:55:43+00:00", "altitude_ft": 12384.3, "tas_kt": 216.4, "gs_kt": 216.4, "track_deg": 194.40569362049712, "phase": "descent"}, "geometry": {"type": "Point", "coordinates": [100.638549, 14.127673, 3774.7]}}, {"type": "Feature", "properties": {"flight_key": "ANA106_VTPB_VTBS_2025-12-23 02:32", "callsign": "ANA106", "aircraft_type": "A359", "adep": "VTPB", "ades": "VTBS", "epoch_ts": "2025-12-23 02:56:03+00:00", "altitude_ft": 11955.6, "tas_kt": 214.9, "gs_kt": 214.9, "track_deg": 194.40569362049712, "phase": "descent"}, "geometry": {"type": "Point", "coordinates": [100.631937, 14.102537, 3644.1]}}, {"type": "Feature", "properties": {"flight_key": "ANA106_VTPB_VTBS_2025-12-23 02:32", "callsign": "ANA106", "aircraft_type": "A359", "adep": "VTPB", "ades": "VTBS", "epoch_ts": "2025-12-23 02:56:23+00:00", "altitude_ft": 11529.7, "tas_kt": 213.5, "gs_kt": 213.5, "track_deg": 194.40569362049712, "phase": "descent"}, "geometry": {"type": "Point", "coordinates": [100.625371, 14.077565, 3514.3]}}, {"type": "Feature", "properties": {"flight_key": "ANA106_VTPB_VTBS_2025-12-23 02:32", "callsign": "ANA106", "aircraft_type": "A359", "adep": "VTPB", "ades": "VTBS", "epoch_ts": "2025-12-23 02:56:43+00:00", "altitude_ft": 11106.5, "tas_kt": 212.2, "gs_kt": 212.2, "track_deg": 194.40569362049712, "phase": "descent"}, "geometry": {"type": "Point", "coordinates": [100.618848, 14.052755, 3385.3]}}, {"type": "Feature", "properties": {"flight_key": "ANA106_VTPB_VTBS_2025-12-23 02:32", "callsign": "ANA106", "aircraft_type": "A359", "adep": "VTPB", "ades": "VTBS", "epoch_ts": "2025-12-23 02:57:03+00:00", "altitude_ft": 10686.1, "tas_kt": 210.8, "gs_kt": 210.8, "track_deg": 194.40569362049712, "phase": "descent"}, "geometry": {"type": "Point", "coordinates": [100.612369, 14.028104, 3257.1]}}, {"type": "Feature", "properties": {"flight_key": "ANA106_VTPB_VTBS_2025-12-23 02:32", "callsign": "ANA106", "aircraft_type": "A359", "adep": "VTPB", "ades": "VTBS", "epoch_ts": "2025-12-23 02:57:23+00:00", "altitude_ft": 10268.4, "tas_kt": 209.5, "gs_kt": 209.5, "track_deg": 167.0758532558291, "phase": "descent"}, "geometry": {"type": "Point", "coordinates": [100.608497, 14.003395, 3129.8]}}, {"type": "Feature", "properties": {"flight_key": "ANA106_VTPB_VTBS_2025-12-23 02:32", "callsign": "ANA106", "aircraft_type": "A359", "adep": "VTPB", "ades": "VTBS", "epoch_ts": "2025-12-23 02:57:43+00:00", "altitude_ft": 9853.3, "tas_kt": 208.1, "gs_kt": 208.1, "track_deg": 104.98705020910074, "phase": "descent"}, "geometry": {"type": "Point", "coordinates": [100.626665, 13.987661, 3003.3]}}, {"type": "Feature", "properties": {"flight_key": "ANA106_VTPB_VTBS_2025-12-23 02:32", "callsign": "ANA106", "aircraft_type": "A359", "adep": "VTPB", "ades": "VTBS", "epoch_ts": "2025-12-23 02:58:03+00:00", "altitude_ft": 9440.7, "tas_kt": 206.8, "gs_kt": 206.8, "track_deg": 104.98705020910074, "phase": "descent"}, "geometry": {"type": "Point", "coordinates": [100.651366, 13.981202, 2877.5]}}, {"type": "Feature", "properties": {"flight_key": "ANA106_VTPB_VTBS_2025-12-23 02:32", "callsign": "ANA106", "aircraft_type": "A359", "adep": "VTPB", "ades": "VTBS", "epoch_ts": "2025-12-23 02:58:23+00:00", "altitude_ft": 9030.8, "tas_kt": 205.6, "gs_kt": 205.6, "track_deg": 104.98705020910074, "phase": "descent"}, "geometry": {"type": "Point", "coordinates": [100.675912, 13.97478, 2752.6]}}, {"type": "Feature", "properties": {"flight_key": "ANA106_VTPB_VTBS_2025-12-23 02:32", "callsign": "ANA106", "aircraft_type": "A359", "adep": "VTPB", "ades": "VTBS", "epoch_ts": "2025-12-23 02:58:43+00:00", "altitude_ft": 8623.4, "tas_kt": 204.3, "gs_kt": 204.3, "track_deg": 102.59877936527654, "phase": "descent"}, "geometry": {"type": "Point", "coordinates": [100.700316, 13.968434, 2628.4]}}, {"type": "Feature", "properties": {"flight_key": "ANA106_VTPB_VTBS_2025-12-23 02:32", "callsign": "ANA106", "aircraft_type": "A359", "adep": "VTPB", "ades": "VTBS", "epoch_ts": "2025-12-23 02:59:03+00:00", "altitude_ft": 8218.4, "tas_kt": 203.1, "gs_kt": 203.1, "track_deg": 31.17589078907275, "phase": "descent"}, "geometry": {"type": "Point", "coordinates": [100.721982, 13.977406, 2505.0]}}, {"type": "Feature", "properties": {"flight_key": "ANA106_VTPB_VTBS_2025-12-23 02:32", "callsign": "ANA106", "aircraft_type": "A359", "adep": "VTPB", "ades": "VTBS", "epoch_ts": "2025-12-23 02:59:23+00:00", "altitude_ft": 7815.9, "tas_kt": 201.8, "gs_kt": 201.8, "track_deg": 14.506739960258114, "phase": "descent"}, "geometry": {"type": "Point", "coordinates": [100.729113, 14.000675, 2382.3]}}, {"type": "Feature", "properties": {"flight_key": "ANA106_VTPB_VTBS_2025-12-23 02:32", "callsign": "ANA106", "aircraft_type": "A359", "adep": "VTPB", "ades": "VTBS", "epoch_ts": "2025-12-23 02:59:43+00:00", "altitude_ft": 7415.8, "tas_kt": 200.6, "gs_kt": 200.6, "track_deg": 14.506739960258114, "phase": "descent"}, "geometry": {"type": "Point", "coordinates": [100.735327, 14.024122, 2260.3]}}, {"type": "Feature", "properties": {"flight_key": "ANA106_VTPB_VTBS_2025-12-23 02:32", "callsign": "ANA106", "aircraft_type": "A359", "adep": "VTPB", "ades": "VTBS", "epoch_ts": "2025-12-23 03:00:04+00:00", "altitude_ft": 6991.6, "tas_kt": 199.4, "gs_kt": 199.4, "track_deg": 83.836953327556, "phase": "descent"}, "geometry": {"type": "Point", "coordinates": [100.753798, 14.039837, 2131.0]}}, {"type": "Feature", "properties": {"flight_key": "ANA106_VTPB_VTBS_2025-12-23 02:32", "callsign": "ANA106", "aircraft_type": "A359", "adep": "VTPB", "ades": "VTBS", "epoch_ts": "2025-12-23 03:00:28+00:00", "altitude_ft": 6524.3, "tas_kt": 198.0, "gs_kt": 198.0, "track_deg": 105.36564747750069, "phase": "descent"}, "geometry": {"type": "Point", "coordinates": [100.781917, 14.033421, 1988.6]}}, {"type": "Feature", "properties": {"flight_key": "ANA106_VTPB_VTBS_2025-12-23 02:32", "callsign": "ANA106", "aircraft_type": "A359", "adep": "VTPB", "ades": "VTBS", "epoch_ts": "2025-12-23 03:00:48+00:00", "altitude_ft": 6131.8, "tas_kt": 196.8, "gs_kt": 196.8, "track_deg": 105.36564747750069, "phase": "descent"}, "geometry": {"type": "Point", "coordinates": [100.805382, 14.027122, 1869.0]}}, {"type": "Feature", "properties": {"flight_key": "ANA106_VTPB_VTBS_2025-12-23 02:32", "callsign": "ANA106", "aircraft_type": "A359", "adep": "VTPB", "ades": "VTBS", "epoch_ts": "2025-12-23 03:01:08+00:00", "altitude_ft": 5741.5, "tas_kt": 195.7, "gs_kt": 195.7, "track_deg": 112.78401558217703, "phase": "descent"}, "geometry": {"type": "Point", "coordinates": [100.828656, 14.020698, 1750.0]}}, {"type": "Feature", "properties": {"flight_key": "ANA106_VTPB_VTBS_2025-12-23 02:32", "callsign": "ANA106", "aircraft_type": "A359", "adep": "VTPB", "ades": "VTBS", "epoch_ts": "2025-12-23 03:01:28+00:00", "altitude_ft": 5353.6, "tas_kt": 194.6, "gs_kt": 194.6, "track_deg": 177.11980085969174, "phase": "descent"}, "geometry": {"type": "Point", "coordinates": [100.841829, 14.002553, 1631.8]}}, {"type": "Feature", "properties": {"flight_key": "ANA106_VTPB_VTBS_2025-12-23 02:32", "callsign": "ANA106", "aircraft_type": "A359", "adep": "VTPB", "ades": "VTBS", "epoch_ts": "2025-12-23 03:01:48+00:00", "altitude_ft": 4967.8, "tas_kt": 193.5, "gs_kt": 193.5, "track_deg": 194.43208320504482, "phase": "descent"}, "geometry": {"type": "Point", "coordinates": [100.836851, 13.979793, 1514.2]}}, {"type": "Feature", "properties": {"flight_key": "ANA106_VTPB_VTBS_2025-12-23 02:32", "callsign": "ANA106", "aircraft_type": "A359", "adep": "VTPB", "ades": "VTBS", "epoch_ts": "2025-12-23 03:02:08+00:00", "altitude_ft": 4584.1, "tas_kt": 192.4, "gs_kt": 192.4, "track_deg": 194.43208320504482, "phase": "descent"}, "geometry": {"type": "Point", "coordinates": [100.830926, 13.957304, 1397.2]}}, {"type": "Feature", "properties": {"flight_key": "ANA106_VTPB_VTBS_2025-12-23 02:32", "callsign": "ANA106", "aircraft_type": "A359", "adep": "VTPB", "ades": "VTBS", "epoch_ts": "2025-12-23 03:02:33+00:00", "altitude_ft": 4107.6, "tas_kt": 191.0, "gs_kt": 191.0, "track_deg": 194.43085355493082, "phase": "descent"}, "geometry": {"type": "Point", "coordinates": [100.823566, 13.929368, 1252.0]}}, {"type": "Feature", "properties": {"flight_key": "ANA106_VTPB_VTBS_2025-12-23 02:32", "callsign": "ANA106", "aircraft_type": "A359", "adep": "VTPB", "ades": "VTBS", "epoch_ts": "2025-12-23 03:02:53+00:00", "altitude_ft": 3728.8, "tas_kt": 190.0, "gs_kt": 190.0, "track_deg": 194.43085355493082, "phase": "descent"}, "geometry": {"type": "Point", "coordinates": [100.817716, 13.90716, 1136.5]}}, {"type": "Feature", "properties": {"flight_key": "ANA106_VTPB_VTBS_2025-12-23 02:32", "callsign": "ANA106", "aircraft_type": "A359", "adep": "VTPB", "ades": "VTBS", "epoch_ts": "2025-12-23 03:03:13+00:00", "altitude_ft": 3352.1, "tas_kt": 188.9, "gs_kt": 188.9, "track_deg": 194.43085355493082, "phase": "descent"}, "geometry": {"type": "Point", "coordinates": [100.811899, 13.885072, 1021.7]}}, {"type": "Feature", "properties": {"flight_key": "ANA106_VTPB_VTBS_2025-12-23 02:32", "callsign": "ANA106", "aircraft_type": "A359", "adep": "VTPB", "ades": "VTBS", "epoch_ts": "2025-12-23 03:03:33+00:00", "altitude_ft": 2977.3, "tas_kt": 187.9, "gs_kt": 187.9, "track_deg": 194.43085355493082, "phase": "descent"}, "geometry": {"type": "Point", "coordinates": [100.806115, 13.863105, 907.5]}}, {"type": "Feature", "properties": {"flight_key": "ANA106_VTPB_VTBS_2025-12-23 02:32", "callsign": "ANA106", "aircraft_type": "A359", "adep": "VTPB", "ades": "VTBS", "epoch_ts": "2025-12-23 03:03:53+00:00", "altitude_ft": 2604.7, "tas_kt": 186.9, "gs_kt": 186.9, "track_deg": 194.4228507807794, "phase": "descent"}, "geometry": {"type": "Point", "coordinates": [100.800363, 13.841256, 793.9]}}, {"type": "Feature", "properties": {"flight_key": "ANA106_VTPB_VTBS_2025-12-23 02:32", "callsign": "ANA106", "aircraft_type": "A359", "adep": "VTPB", "ades": "VTBS", "epoch_ts": "2025-12-23 03:04:13+00:00", "altitude_ft": 2234.0, "tas_kt": 185.9, "gs_kt": 185.9, "track_deg": 194.4228507807794, "phase": "descent"}, "geometry": {"type": "Point", "coordinates": [100.794644, 13.819524, 680.9]}}, {"type": "Feature", "properties": {"flight_key": "ANA106_VTPB_VTBS_2025-12-23 02:32", "callsign": "ANA106", "aircraft_type": "A359", "adep": "VTPB", "ades": "VTBS", "epoch_ts": "2025-12-23 03:04:33+00:00", "altitude_ft": 1865.3, "tas_kt": 184.9, "gs_kt": 184.9, "track_deg": 194.4228507807794, "phase": "descent"}, "geometry": {"type": "Point", "coordinates": [100.788956, 13.797907, 568.5]}}, {"type": "Feature", "properties": {"flight_key": "ANA106_VTPB_VTBS_2025-12-23 02:32", "callsign": "ANA106", "aircraft_type": "A359", "adep": "VTPB", "ades": "VTBS", "epoch_ts": "2025-12-23 03:04:53+00:00", "altitude_ft": 1498.5, "tas_kt": 183.9, "gs_kt": 183.9, "track_deg": 194.4228507807794, "phase": "descent"}, "geometry": {"type": "Point", "coordinates": [100.7833, 13.776403, 456.7]}}, {"type": "Feature", "properties": {"flight_key": "ANA106_VTPB_VTBS_2025-12-23 02:32", "callsign": "ANA106", "aircraft_type": "A359", "adep": "VTPB", "ades": "VTBS", "epoch_ts": "2025-12-23 03:05:13+00:00", "altitude_ft": 1123.7, "tas_kt": 183.0, "gs_kt": 183.0, "track_deg": 194.41674227824248, "phase": "descent"}, "geometry": {"type": "Point", "coordinates": [100.777674, 13.755012, 342.5]}}, {"type": "Feature", "properties": {"flight_key": "ANA106_VTPB_VTBS_2025-12-23 02:32", "callsign": "ANA106", "aircraft_type": "A359", "adep": "VTPB", "ades": "VTBS", "epoch_ts": "2025-12-23 03:05:33+00:00", "altitude_ft": 747.1, "tas_kt": 182.0, "gs_kt": 182.0, "track_deg": 194.41674227824248, "phase": "descent"}, "geometry": {"type": "Point", "coordinates": [100.772079, 13.733732, 227.7]}}, {"type": "Feature", "properties": {"flight_key": "ANA106_VTPB_VTBS_2025-12-23 02:32", "callsign": "ANA106", "aircraft_type": "A359", "adep": "VTPB", "ades": "VTBS", "epoch_ts": "2025-12-23 03:05:53+00:00", "altitude_ft": 372.6, "tas_kt": 181.1, "gs_kt": 181.1, "track_deg": 194.41674227824248, "phase": "descent"}, "geometry": {"type": "Point", "coordinates": [100.766513, 13.712562, 113.6]}}, {"type": "Feature", "properties": {"flight_key": "ANA106_VTPB_VTBS_2025-12-23 02:32", "callsign": "ANA106", "aircraft_type": "A359", "adep": "VTPB", "ades": "VTBS", "epoch_ts": "2025-12-23 03:06:12+00:00", "altitude_ft": 3.7, "tas_kt": 180.1, "gs_kt": 180.1, "track_deg": 194.41674227824248, "phase": "descent"}, "geometry": {"type": "Point", "coordinates": [100.761033, 13.691714, 1.1]}}, {"type": "Feature", "properties": {"feature_type": "route", "flight_key": "MAS107_VTPM_VTBS_2025-12-23 02:18", "route": "KADAV W26 IGPOP Y7 BLAFF DCT NORTA", "callsign": "MAS107", "aircraft_type": "A320", "adep": "VTPM", "ades": "VTBS", "rfl": 320, "sid": "KADA1B", "star": "NORT1C", "approach": "R19", "dep_rwy": "RW09", "arr_rwy": "RW19", "eobt": "2025-12-23T02:18:42.374396+00:00", "flight_category": "arrival", "vectored": false, "extend_nm": 0.0, "clearance": "DIRECT LETMA, CLEARED R19 APPROACH", "idents": ["RW09", "GUSAV", "UPDEK", "LEDOK", "KADAV", "TK", "IGPOP", "PAKMO", "BLAFF", "NORTA", "BS519", "BS518", "MEPIN", "BS515", "BS514", "ATKIN", "LETMA", "LAVOG", "LOTMU", "BS790", "BS791"]}, "geometry": {"type": "LineString", "coordinates": [[98.544125, 16.69983889], [98.60985556, 16.70079722], [98.61224722, 16.88133611], [98.74136111, 16.88129722], [98.89469167, 16.7984], [99.252222, 16.899444], [99.785556, 16.833889], [99.948889, 16.336944], [100.2975, 15.275833], [100.639017, 14.718789], [100.68273889, 14.57681389], [100.72268889, 14.44695833], [100.67111111, 14.25138889], [100.60333611, 13.99375556], [100.71924722, 13.96344722], [100.74071944, 14.04447222], [100.846425, 14.01610833], [100.82506389, 13.93505278], [100.80371667, 13.85399722], [100.78179167, 13.77066944], [100.76103333, 13.69171389]]}}, {"type": "Feature", "properties": {"flight_key": "MAS107_VTPM_VTBS_2025-12-23 02:18", "callsign": "MAS107", "aircraft_type": "A320", "adep": "VTPM", "ades": "VTBS", "epoch_ts": "2025-12-23 02:18:42+00:00", "altitude_ft": 691.0, "tas_kt": 212.1, "gs_kt": 212.1, "track_deg": 89.1238413785285, "phase": "climb"}, "geometry": {"type": "Point", "coordinates": [98.544125, 16.699839, 210.6]}}, {"type": "Feature", "properties": {"flight_key": "MAS107_VTPM_VTBS_2025-12-23 02:18", "callsign": "MAS107", "aircraft_type": "A320", "adep": "VTPM", "ades": "VTBS", "epoch_ts": "2025-12-23 02:19:02+00:00", "altitude_ft": 1427.9, "tas_kt": 214.3, "gs_kt": 214.3, "track_deg": 89.1238413785285, "phase": "climb"}, "geometry": {"type": "Point", "coordinates": [98.565202, 16.700148, 435.2]}}, {"type": "Feature", "properties": {"flight_key": "MAS107_VTPM_VTBS_2025-12-23 02:18", "callsign": "MAS107", "aircraft_type": "A320", "adep": "VTPM", "ades": "VTBS", "epoch_ts": "2025-12-23 02:19:22+00:00", "altitude_ft": 2070.8, "tas_kt": 216.3, "gs_kt": 216.3, "track_deg": 89.1238413785285, "phase": "climb"}, "geometry": {"type": "Point", "coordinates": [98.586489, 16.700459, 631.2]}}, {"type": "Feature", "properties": {"flight_key": "MAS107_VTPM_VTBS_2025-12-23 02:18", "callsign": "MAS107", "aircraft_type": "A320", "adep": "VTPM", "ades": "VTBS", "epoch_ts": "2025-12-23 02:19:42+00:00", "altitude_ft": 2611.9, "tas_kt": 218.0, "gs_kt": 218.0, "track_deg": 89.1238413785285, "phase": "climb"}, "geometry": {"type": "Point", "coordinates": [98.607955, 16.70077, 796.1]}}, {"type": "Feature", "properties": {"flight_key": "MAS107_VTPM_VTBS_2025-12-23 02:18", "callsign": "MAS107", "aircraft_type": "A320", "adep": "VTPM", "ades": "VTBS", "epoch_ts": "2025-12-23 02:20:02+00:00", "altitude_ft": 3152.2, "tas_kt": 219.7, "gs_kt": 219.7, "track_deg": 43.02962540047005, "phase": "climb"}, "geometry": {"type": "Point", "coordinates": [98.627499, 16.708169, 960.8]}}, {"type": "Feature", "properties": {"flight_key": "MAS107_VTPM_VTBS_2025-12-23 02:18", "callsign": "MAS107", "aircraft_type": "A320", "adep": "VTPM", "ades": "VTBS", "epoch_ts": "2025-12-23 02:20:22+00:00", "altitude_ft": 3690.2, "tas_kt": 221.4, "gs_kt": 221.4, "track_deg": 354.5062131148261, "phase": "climb"}, "geometry": {"type": "Point", "coordinates": [98.634449, 16.727386, 1124.8]}}, {"type": "Feature", "properties": {"flight_key": "MAS107_VTPM_VTBS_2025-12-23 02:18", "callsign": "MAS107", "aircraft_type": "A320", "adep": "VTPM", "ades": "VTBS", "epoch_ts": "2025-12-23 02:20:42+00:00", "altitude_ft": 4305.1, "tas_kt": 223.4, "gs_kt": 223.4, "track_deg": 352.07903506656754, "phase": "climb"}, "geometry": {"type": "Point", "coordinates": [98.631461, 16.748373, 1312.2]}}, {"type": "Feature", "properties": {"flight_key": "MAS107_VTPM_VTBS_2025-12-23 02:18", "callsign": "MAS107", "aircraft_type": "A320", "adep": "VTPM", "ades": "VTBS", "epoch_ts": "2025-12-23 02:21:02+00:00", "altitude_ft": 5024.4, "tas_kt": 225.8, "gs_kt": 225.8, "track_deg": 352.07903506656754, "phase": "climb"}, "geometry": {"type": "Point", "coordinates": [98.6284, 16.769567, 1531.4]}}, {"type": "Feature", "properties": {"flight_key": "MAS107_VTPM_VTBS_2025-12-23 02:18", "callsign": "MAS107", "aircraft_type": "A320", "adep": "VTPM", "ades": "VTBS", "epoch_ts": "2025-12-23 02:21:22+00:00", "altitude_ft": 5743.8, "tas_kt": 228.1, "gs_kt": 228.1, "track_deg": 352.07903506656754, "phase": "climb"}, "geometry": {"type": "Point", "coordinates": [98.625306, 16.790984, 1750.7]}}, {"type": "Feature", "properties": {"flight_key": "MAS107_VTPM_VTBS_2025-12-23 02:18", "callsign": "MAS107", "aircraft_type": "A320", "adep": "VTPM", "ades": "VTBS", "epoch_ts": "2025-12-23 02:21:42+00:00", "altitude_ft": 6557.6, "tas_kt": 230.9, "gs_kt": 230.9, "track_deg": 352.07903506656754, "phase": "climb"}, "geometry": {"type": "Point", "coordinates": [98.622177, 16.812639, 1998.8]}}, {"type": "Feature", "properties": {"flight_key": "MAS107_VTPM_VTBS_2025-12-23 02:18", "callsign": "MAS107", "aircraft_type": "A320", "adep": "VTPM", "ades": "VTBS", "epoch_ts": "2025-12-23 02:22:02+00:00", "altitude_ft": 7423.8, "tas_kt": 233.9, "gs_kt": 233.9, "track_deg": 352.07903506656754, "phase": "climb"}, "geometry": {"type": "Point", "coordinates": [98.619007, 16.834569, 2262.8]}}, {"type": "Feature", "properties": {"flight_key": "MAS107_VTPM_VTBS_2025-12-23 02:18", "callsign": "MAS107", "aircraft_type": "A320", "adep": "VTPM", "ades": "VTBS", "epoch_ts": "2025-12-23 02:22:22+00:00", "altitude_ft": 8287.3, "tas_kt": 236.9, "gs_kt": 236.9, "track_deg": 352.07903506656754, "phase": "climb"}, "geometry": {"type": "Point", "coordinates": [98.615796, 16.856781, 2526.0]}}, {"type": "Feature", "properties": {"flight_key": "MAS107_VTPM_VTBS_2025-12-23 02:18", "callsign": "MAS107", "aircraft_type": "A320", "adep": "VTPM", "ades": "VTBS", "epoch_ts": "2025-12-23 02:22:42+00:00", "altitude_ft": 9187.6, "tas_kt": 285.3, "gs_kt": 285.3, "track_deg": 58.17269608535224, "phase": "climb"}, "geometry": {"type": "Point", "coordinates": [98.623182, 16.879278, 2800.4]}}, {"type": "Feature", "properties": {"flight_key": "MAS107_VTPM_VTBS_2025-12-23 02:18", "callsign": "MAS107", "aircraft_type": "A320", "adep": "VTPM", "ades": "VTBS", "epoch_ts": "2025-12-23 02:23:07+00:00", "altitude_ft": 10198.2, "tas_kt": 335.0, "gs_kt": 335.0, "track_deg": 90.0083233060667, "phase": "climb"}, "geometry": {"type": "Point", "coordinates": [98.658108, 16.88133, 3108.4]}}, {"type": "Feature", "properties": {"flight_key": "MAS107_VTPM_VTBS_2025-12-23 02:18", "callsign": "MAS107", "aircraft_type": "A320", "adep": "VTPM", "ades": "VTBS", "epoch_ts": "2025-12-23 02:23:27+00:00", "altitude_ft": 10976.3, "tas_kt": 338.8, "gs_kt": 338.8, "track_deg": 90.0083233060667, "phase": "climb"}, "geometry": {"type": "Point", "coordinates": [98.691452, 16.881318, 3345.6]}}, {"type": "Feature", "properties": {"flight_key": "MAS107_VTPM_VTBS_2025-12-23 02:18", "callsign": "MAS107", "aircraft_type": "A320", "adep": "VTPM", "ades": "VTBS", "epoch_ts": "2025-12-23 02:23:47+00:00", "altitude_ft": 11754.5, "tas_kt": 342.7, "gs_kt": 342.7, "track_deg": 90.0083233060667, "phase": "climb"}, "geometry": {"type": "Point", "coordinates": [98.725175, 16.881301, 3582.8]}}, {"type": "Feature", "properties": {"flight_key": "MAS107_VTPM_VTBS_2025-12-23 02:18", "callsign": "MAS107", "aircraft_type": "A320", "adep": "VTPM", "ades": "VTBS", "epoch_ts": "2025-12-23 02:24:07+00:00", "altitude_ft": 12492.5, "tas_kt": 346.4, "gs_kt": 346.4, "track_deg": 119.29509129819161, "phase": "climb"}, "geometry": {"type": "Point", "coordinates": [98.757404, 16.87263, 3807.7]}}, {"type": "Feature", "properties": {"flight_key": "MAS107_VTPM_VTBS_2025-12-23 02:18", "callsign": "MAS107", "aircraft_type": "A320", "adep": "VTPM", "ades": "VTBS", "epoch_ts": "2025-12-23 02:24:27+00:00", "altitude_ft": 13212.0, "tas_kt": 350.1, "gs_kt": 350.1, "track_deg": 119.29509129819161, "phase": "climb"}, "geometry": {"type": "Point", "coordinates": [98.787457, 16.856391, 4027.0]}}, {"type": "Feature", "properties": {"flight_key": "MAS107_VTPM_VTBS_2025-12-23 02:18", "callsign": "MAS107", "aircraft_type": "A320", "adep": "VTPM", "ades": "VTBS", "epoch_ts": "2025-12-23 02:24:47+00:00", "altitude_ft": 13931.5, "tas_kt": 353.8, "gs_kt": 353.8, "track_deg": 119.29509129819161, "phase": "climb"}, "geometry": {"type": "Point", "coordinates": [98.817823, 16.839974, 4246.3]}}, {"type": "Feature", "properties": {"flight_key": "MAS107_VTPM_VTBS_2025-12-23 02:18", "callsign": "MAS107", "aircraft_type": "A320", "adep": "VTPM", "ades": "VTBS", "epoch_ts": "2025-12-23 02:25:07+00:00", "altitude_ft": 14597.0, "tas_kt": 357.3, "gs_kt": 357.3, "track_deg": 119.29509129819161, "phase": "climb"}, "geometry": {"type": "Point", "coordinates": [98.848497, 16.823383, 4449.2]}}, {"type": "Feature", "properties": {"flight_key": "MAS107_VTPM_VTBS_2025-12-23 02:18", "callsign": "MAS107", "aircraft_type": "A320", "adep": "VTPM", "ades": "VTBS", "epoch_ts": "2025-12-23 02:25:27+00:00", "altitude_ft": 15256.9, "tas_kt": 360.8, "gs_kt": 360.8, "track_deg": 116.99906763948566, "phase": "climb"}, "geometry": {"type": "Point", "coordinates": [98.879476, 16.806643, 4650.3]}}, {"type": "Feature", "properties": {"flight_key": "MAS107_VTPM_VTBS_2025-12-23 02:18", "callsign": "MAS107", "aircraft_type": "A320", "adep": "VTPM", "ades": "VTBS", "epoch_ts": "2025-12-23 02:25:47+00:00", "altitude_ft": 15916.7, "tas_kt": 364.4, "gs_kt": 364.4, "track_deg": 73.60389271238203, "phase": "climb"}, "geometry": {"type": "Point", "coordinates": [98.91421, 16.803932, 4851.4]}}, {"type": "Feature", "properties": {"flight_key": "MAS107_VTPM_VTBS_2025-12-23 02:18", "callsign": "MAS107", "aircraft_type": "A320", "adep": "VTPM", "ades": "VTBS", "epoch_ts": "2025-12-23 02:26:07+00:00", "altitude_ft": 16519.4, "tas_kt": 367.7, "gs_kt": 367.7, "track_deg": 73.60389271238203, "phase": "climb"}, "geometry": {"type": "Point", "coordinates": [98.948949, 16.813774, 5035.1]}}, {"type": "Feature", "properties": {"flight_key": "MAS107_VTPM_VTBS_2025-12-23 02:18", "callsign": "MAS107", "aircraft_type": "A320", "adep": "VTPM", "ades": "VTBS", "epoch_ts": "2025-12-23 02:26:27+00:00", "altitude_ft": 17113.9, "tas_kt": 370.9, "gs_kt": 370.9, "track_deg": 73.60389271238203, "phase": "climb"}, "geometry": {"type": "Point", "coordinates": [98.984, 16.823697, 5216.3]}}, {"type": "Feature", "properties": {"flight_key": "MAS107_VTPM_VTBS_2025-12-23 02:18", "callsign": "MAS107", "aircraft_type": "A320", "adep": "VTPM", "ades": "VTBS", "epoch_ts": "2025-12-23 02:26:47+00:00", "altitude_ft": 17708.4, "tas_kt": 374.3, "gs_kt": 374.3, "track_deg": 73.60389271238203, "phase": "climb"}, "geometry": {"type": "Point", "coordinates": [99.019367, 16.833703, 5397.5]}}, {"type": "Feature", "properties": {"flight_key": "MAS107_VTPM_VTBS_2025-12-23 02:18", "callsign": "MAS107", "aircraft_type": "A320", "adep": "VTPM", "ades": "VTBS", "epoch_ts": "2025-12-23 02:27:07+00:00", "altitude_ft": 18279.2, "tas_kt": 377.5, "gs_kt": 377.5, "track_deg": 73.60389271238203, "phase": "climb"}, "geometry": {"type": "Point", "coordinates": [99.055052, 16.843791, 5571.5]}}, {"type": "Feature", "properties": {"flight_key": "MAS107_VTPM_VTBS_2025-12-23 02:18", "callsign": "MAS107", "aircraft_type": "A320", "adep": "VTPM", "ades": "VTBS", "epoch_ts": "2025-12-23 02:27:27+00:00", "altitude_ft": 18827.0, "tas_kt": 380.6, "gs_kt": 380.6, "track_deg": 73.60389271238203, "phase": "climb"}, "geometry": {"type": "Point", "coordinates": [99.091037, 16.853957, 5738.5]}}, {"type": "Feature", "properties": {"flight_key": "MAS107_VTPM_VTBS_2025-12-23 02:18", "callsign": "MAS107", "aircraft_type": "A320", "adep": "VTPM", "ades": "VTBS", "epoch_ts": "2025-12-23 02:27:47+00:00", "altitude_ft": 19374.8, "tas_kt": 383.7, "gs_kt": 383.7, "track_deg": 73.60389271238203, "phase": "climb"}, "geometry": {"type": "Point", "coordinates": [99.127324, 16.8642, 5905.4]}}, {"type": "Feature", "properties": {"flight_key": "MAS107_VTPM_VTBS_2025-12-23 02:18", "callsign": "MAS107", "aircraft_type": "A320", "adep": "VTPM", "ades": "VTBS", "epoch_ts": "2025-12-23 02:28:07+00:00", "altitude_ft": 19922.7, "tas_kt": 386.9, "gs_kt": 386.9, "track_deg": 73.60389271238203, "phase": "climb"}, "geometry": {"type": "Point", "coordinates": [99.163916, 16.874522, 6072.4]}}, {"type": "Feature", "properties": {"flight_key": "MAS107_VTPM_VTBS_2025-12-23 02:18", "callsign": "MAS107", "aircraft_type": "A320", "adep": "VTPM", "ades": "VTBS", "epoch_ts": "2025-12-23 02:28:27+00:00", "altitude_ft": 20430.7, "tas_kt": 389.9, "gs_kt": 389.9, "track_deg": 73.60389271238203, "phase": "climb"}, "geometry": {"type": "Point", "coordinates": [99.200807, 16.884921, 6227.3]}}, {"type": "Feature", "properties": {"flight_key": "MAS107_VTPM_VTBS_2025-12-23 02:18", "callsign": "MAS107", "aircraft_type": "A320", "adep": "VTPM", "ades": "VTBS", "epoch_ts": "2025-12-23 02:28:47+00:00", "altitude_ft": 20932.2, "tas_kt": 392.9, "gs_kt": 392.9, "track_deg": 75.9476692195968, "phase": "climb"}, "geometry": {"type": "Point", "coordinates": [99.238072, 16.895073, 6380.1]}}, {"type": "Feature", "properties": {"flight_key": "MAS107_VTPM_VTBS_2025-12-23 02:18", "callsign": "MAS107", "aircraft_type": "A320", "adep": "VTPM", "ades": "VTBS", "epoch_ts": "2025-12-23 02:29:07+00:00", "altitude_ft": 21433.7, "tas_kt": 395.9, "gs_kt": 395.9, "track_deg": 97.21248878477702, "phase": "climb"}, "geometry": {"type": "Point", "coordinates": [99.27689, 16.896438, 6533.0]}}, {"type": "Feature", "properties": {"flight_key": "MAS107_VTPM_VTBS_2025-12-23 02:18", "callsign": "MAS107", "aircraft_type": "A320", "adep": "VTPM", "ades": "VTBS", "epoch_ts": "2025-12-23 02:29:27+00:00", "altitude_ft": 21935.2, "tas_kt": 398.9, "gs_kt": 398.9, "track_deg": 97.21248878477702, "phase": "climb"}, "geometry": {"type": "Point", "coordinates": [99.315907, 16.891681, 6685.8]}}, {"type": "Feature", "properties": {"flight_key": "MAS107_VTPM_VTBS_2025-12-23 02:18", "callsign": "MAS107", "aircraft_type": "A320", "adep": "VTPM", "ades": "VTBS", "epoch_ts": "2025-12-23 02:29:47+00:00", "altitude_ft": 22390.3, "tas_kt": 401.7, "gs_kt": 401.7, "track_deg": 97.21248878477702, "phase": "climb"}, "geometry": {"type": "Point", "coordinates": [99.355209, 16.88688, 6824.6]}}, {"type": "Feature", "properties": {"flight_key": "MAS107_VTPM_VTBS_2025-12-23 02:18", "callsign": "MAS107", "aircraft_type": "A320", "adep": "VTPM", "ades": "VTBS", "epoch_ts": "2025-12-23 02:30:07+00:00", "altitude_ft": 22838.4, "tas_kt": 404.4, "gs_kt": 404.4, "track_deg": 97.21248878477702, "phase": "climb"}, "geometry": {"type": "Point", "coordinates": [99.394778, 16.88204, 6961.1]}}, {"type": "Feature", "properties": {"flight_key": "MAS107_VTPM_VTBS_2025-12-23 02:18", "callsign": "MAS107", "aircraft_type": "A320", "adep": "VTPM", "ades": "VTBS", "epoch_ts": "2025-12-23 02:30:27+00:00", "altitude_ft": 23286.6, "tas_kt": 407.2, "gs_kt": 407.2, "track_deg": 97.21248878477702, "phase": "climb"}, "geometry": {"type": "Point", "coordinates": [99.434617, 16.877158, 7097.8]}}, {"type": "Feature", "properties": {"flight_key": "MAS107_VTPM_VTBS_2025-12-23 02:18", "callsign": "MAS107", "aircraft_type": "A320", "adep": "VTPM", "ades": "VTBS", "epoch_ts": "2025-12-23 02:30:47+00:00", "altitude_ft": 23734.8, "tas_kt": 410.0, "gs_kt": 410.0, "track_deg": 97.21248878477702, "phase": "climb"}, "geometry": {"type": "Point", "coordinates": [99.474727, 16.872235, 7234.4]}}, {"type": "Feature", "properties": {"flight_key": "MAS107_VTPM_VTBS_2025-12-23 02:18", "callsign": "MAS107", "aircraft_type": "A320", "adep": "VTPM", "ades": "VTBS", "epoch_ts": "2025-12-23 02:31:07+00:00", "altitude_ft": 24162.2, "tas_kt": 412.7, "gs_kt": 412.7, "track_deg": 97.21248878477702, "phase": "climb"}, "geometry": {"type": "Point", "coordinates": [99.515109, 16.86727, 7364.6]}}, {"type": "Feature", "properties": {"flight_key": "MAS107_VTPM_VTBS_2025-12-23 02:18", "callsign": "MAS107", "aircraft_type": "A320", "adep": "VTPM", "ades": "VTBS", "epoch_ts": "2025-12-23 02:31:27+00:00", "altitude_ft": 24559.5, "tas_kt": 415.2, "gs_kt": 415.2, "track_deg": 97.21248878477702, "phase": "climb"}, "geometry": {"type": "Point", "coordinates": [99.555741, 16.862267, 7485.7]}}, {"type": "Feature", "properties": {"flight_key": "MAS107_VTPM_VTBS_2025-12-23 02:18", "callsign": "MAS107", "aircraft_type": "A320", "adep": "VTPM", "ades": "VTBS", "epoch_ts": "2025-12-23 02:31:47+00:00", "altitude_ft": 24956.8, "tas_kt": 417.8, "gs_kt": 417.8, "track_deg": 97.21248878477702, "phase": "climb"}, "geometry": {"type": "Point", "coordinates": [99.59662, 16.857224, 7606.8]}}, {"type": "Feature", "properties": {"flight_key": "MAS107_VTPM_VTBS_2025-12-23 02:18", "callsign": "MAS107", "aircraft_type": "A320", "adep": "VTPM", "ades": "VTBS", "epoch_ts": "2025-12-23 02:32:07+00:00", "altitude_ft": 25354.2, "tas_kt": 420.3, "gs_kt": 420.3, "track_deg": 97.21248878477702, "phase": "climb"}, "geometry": {"type": "Point", "coordinates": [99.637746, 16.852143, 7728.0]}}, {"type": "Feature", "properties": {"flight_key": "MAS107_VTPM_VTBS_2025-12-23 02:18", "callsign": "MAS107", "aircraft_type": "A320", "adep": "VTPM", "ades": "VTBS", "epoch_ts": "2025-12-23 02:32:27+00:00", "altitude_ft": 25751.5, "tas_kt": 422.9, "gs_kt": 422.9, "track_deg": 97.21248878477702, "phase": "climb"}, "geometry": {"type": "Point", "coordinates": [99.679123, 16.847022, 7849.1]}}, {"type": "Feature", "properties": {"flight_key": "MAS107_VTPM_VTBS_2025-12-23 02:18", "callsign": "MAS107", "aircraft_type": "A320", "adep": "VTPM", "ades": "VTBS", "epoch_ts": "2025-12-23 02:32:47+00:00", "altitude_ft": 26132.9, "tas_kt": 425.4, "gs_kt": 425.4, "track_deg": 97.21248878477702, "phase": "climb"}, "geometry": {"type": "Point", "coordinates": [99.72075, 16.841861, 7965.3]}}, {"type": "Feature", "properties": {"flight_key": "MAS107_VTPM_VTBS_2025-12-23 02:18", "callsign": "MAS107", "aircraft_type": "A320", "adep": "VTPM", "ades": "VTBS", "epoch_ts": "2025-12-23 02:33:07+00:00", "altitude_ft": 26487.8, "tas_kt": 427.7, "gs_kt": 427.7, "track_deg": 104.19051774184199, "phase": "climb"}, "geometry": {"type": "Point", "coordinates": [99.762524, 16.836209, 8073.5]}}, {"type": "Feature", "properties": {"flight_key": "MAS107_VTPM_VTBS_2025-12-23 02:18", "callsign": "MAS107", "aircraft_type": "A320", "adep": "VTPM", "ades": "VTBS", "epoch_ts": "2025-12-23 02:33:27+00:00", "altitude_ft": 26842.6, "tas_kt": 430.1, "gs_kt": 430.1, "track_deg": 155.4182614572727, "phase": "climb"}, "geometry": {"type": "Point", "coordinates": [99.793226, 16.810081, 8181.6]}}, {"type": "Feature", "properties": {"flight_key": "MAS107_VTPM_VTBS_2025-12-23 02:18", "callsign": "MAS107", "aircraft_type": "A320", "adep": "VTPM", "ades": "VTBS", "epoch_ts": "2025-12-23 02:33:47+00:00", "altitude_ft": 27197.4, "tas_kt": 432.5, "gs_kt": 432.5, "track_deg": 162.39252399131405, "phase": "climb"}, "geometry": {"type": "Point", "coordinates": [99.806282, 16.770963, 8289.8]}}, {"type": "Feature", "properties": {"flight_key": "MAS107_VTPM_VTBS_2025-12-23 02:18", "callsign": "MAS107", "aircraft_type": "A320", "adep": "VTPM", "ades": "VTBS", "epoch_ts": "2025-12-23 02:34:07+00:00", "altitude_ft": 27552.3, "tas_kt": 434.8, "gs_kt": 434.8, "track_deg": 162.39252399131405, "phase": "climb"}, "geometry": {"type": "Point", "coordinates": [99.81925, 16.731578, 8397.9]}}, {"type": "Feature", "properties": {"flight_key": "MAS107_VTPM_VTBS_2025-12-23 02:18", "callsign": "MAS107", "aircraft_type": "A320", "adep": "VTPM", "ades": "VTBS", "epoch_ts": "2025-12-23 02:34:27+00:00", "altitude_ft": 27907.1, "tas_kt": 437.2, "gs_kt": 437.2, "track_deg": 162.39252399131405, "phase": "climb"}, "geometry": {"type": "Point", "coordinates": [99.832285, 16.691975, 8506.1]}}, {"type": "Feature", "properties": {"flight_key": "MAS107_VTPM_VTBS_2025-12-23 02:18", "callsign": "MAS107", "aircraft_type": "A320", "adep": "VTPM", "ades": "VTBS", "epoch_ts": "2025-12-23 02:34:47+00:00", "altitude_ft": 28243.5, "tas_kt": 463.2, "gs_kt": 463.2, "track_deg": 162.39252399131405, "phase": "climb"}, "geometry": {"type": "Point", "coordinates": [99.845939, 16.650473, 8608.6]}}, {"type": "Feature", "properties": {"flight_key": "MAS107_VTPM_VTBS_2025-12-23 02:18", "callsign": "MAS107", "aircraft_type": "A320", "adep": "VTPM", "ades": "VTBS", "epoch_ts": "2025-12-23 02:35:07+00:00", "altitude_ft": 28573.3, "tas_kt": 462.5, "gs_kt": 462.5, "track_deg": 162.39252399131405, "phase": "climb"}, "geometry": {"type": "Point", "coordinates": [99.859763, 16.608435, 8709.1]}}, {"type": "Feature", "properties": {"flight_key": "MAS107_VTPM_VTBS_2025-12-23 02:18", "callsign": "MAS107", "aircraft_type": "A320", "adep": "VTPM", "ades": "VTBS", "epoch_ts": "2025-12-23 02:35:27+00:00", "altitude_ft": 28903.1, "tas_kt": 461.9, "gs_kt": 461.9, "track_deg": 162.39252399131405, "phase": "climb"}, "geometry": {"type": "Point", "coordinates": [99.873562, 16.566455, 8809.7]}}, {"type": "Feature", "properties": {"flight_key": "MAS107_VTPM_VTBS_2025-12-23 02:18", "callsign": "MAS107", "aircraft_type": "A320", "adep": "VTPM", "ades": "VTBS", "epoch_ts": "2025-12-23 02:35:47+00:00", "altitude_ft": 29233.0, "tas_kt": 461.2, "gs_kt": 461.2, "track_deg": 162.39252399131405, "phase": "climb"}, "geometry": {"type": "Point", "coordinates": [99.887335, 16.524534, 8910.2]}}, {"type": "Feature", "properties": {"flight_key": "MAS107_VTPM_VTBS_2025-12-23 02:18", "callsign": "MAS107", "aircraft_type": "A320", "adep": "VTPM", "ades": "VTBS", "epoch_ts": "2025-12-23 02:36:07+00:00", "altitude_ft": 29562.8, "tas_kt": 460.5, "gs_kt": 460.5, "track_deg": 162.39252399131405, "phase": "climb"}, "geometry": {"type": "Point", "coordinates": [99.901082, 16.482671, 9010.7]}}, {"type": "Feature", "properties": {"flight_key": "MAS107_VTPM_VTBS_2025-12-23 02:18", "callsign": "MAS107", "aircraft_type": "A320", "adep": "VTPM", "ades": "VTBS", "epoch_ts": "2025-12-23 02:36:27+00:00", "altitude_ft": 29892.6, "tas_kt": 459.9, "gs_kt": 459.9, "track_deg": 162.39252399131405, "phase": "climb"}, "geometry": {"type": "Point", "coordinates": [99.914804, 16.440866, 9111.3]}}, {"type": "Feature", "properties": {"flight_key": "MAS107_VTPM_VTBS_2025-12-23 02:18", "callsign": "MAS107", "aircraft_type": "A320", "adep": "VTPM", "ades": "VTBS", "epoch_ts": "2025-12-23 02:36:47+00:00", "altitude_ft": 30219.9, "tas_kt": 459.2, "gs_kt": 459.2, "track_deg": 162.39252399131405, "phase": "climb"}, "geometry": {"type": "Point", "coordinates": [99.928501, 16.39912, 9211.0]}}, {"type": "Feature", "properties": {"flight_key": "MAS107_VTPM_VTBS_2025-12-23 02:18", "callsign": "MAS107", "aircraft_type": "A320", "adep": "VTPM", "ades": "VTBS", "epoch_ts": "2025-12-23 02:37:07+00:00", "altitude_ft": 30545.9, "tas_kt": 458.6, "gs_kt": 458.6, "track_deg": 162.39252399131405, "phase": "climb"}, "geometry": {"type": "Point", "coordinates": [99.942102, 16.357646, 9310.4]}}, {"type": "Feature", "properties": {"flight_key": "MAS107_VTPM_VTBS_2025-12-23 02:18", "callsign": "MAS107", "aircraft_type": "A320", "adep": "VTPM", "ades": "VTBS", "epoch_ts": "2025-12-23 02:37:27+00:00", "altitude_ft": 30871.9, "tas_kt": 457.9, "gs_kt": 457.9, "track_deg": 162.30759100340762, "phase": "climb"}, "geometry": {"type": "Point", "coordinates": [99.955596, 16.31664, 9409.8]}}, {"type": "Feature", "properties": {"flight_key": "MAS107_VTPM_VTBS_2025-12-23 02:18", "callsign": "MAS107", "aircraft_type": "A320", "adep": "VTPM", "ades": "VTBS", "epoch_ts": "2025-12-23 02:37:47+00:00", "altitude_ft": 31197.9, "tas_kt": 457.3, "gs_kt": 457.3, "track_deg": 162.30759100340762, "phase": "climb"}, "geometry": {"type": "Point", "coordinates": [99.969113, 16.275707, 9509.1]}}, {"type": "Feature", "properties": {"flight_key": "MAS107_VTPM_VTBS_2025-12-23 02:18", "callsign": "MAS107", "aircraft_type": "A320", "adep": "VTPM", "ades": "VTBS", "epoch_ts": "2025-12-23 02:38:07+00:00", "altitude_ft": 31523.9, "tas_kt": 456.6, "gs_kt": 456.6, "track_deg": 162.30759100340762, "phase": "climb"}, "geometry": {"type": "Point", "coordinates": [99.982605, 16.23483, 9608.5]}}, {"type": "Feature", "properties": {"flight_key": "MAS107_VTPM_VTBS_2025-12-23 02:18", "callsign": "MAS107", "aircraft_type": "A320", "adep": "VTPM", "ades": "VTBS", "epoch_ts": "2025-12-23 02:38:27+00:00", "altitude_ft": 31849.9, "tas_kt": 456.0, "gs_kt": 456.0, "track_deg": 162.30759100340762, "phase": "climb"}, "geometry": {"type": "Point", "coordinates": [99.996073, 16.194012, 9707.8]}}, {"type": "Feature", "properties": {"flight_key": "MAS107_VTPM_VTBS_2025-12-23 02:18", "callsign": "MAS107", "aircraft_type": "A320", "adep": "VTPM", "ades": "VTBS", "epoch_ts": "2025-12-23 02:38:47+00:00", "altitude_ft": 32000.0, "tas_kt": 455.7, "gs_kt": 455.7, "track_deg": 162.30759100340762, "phase": "cruise"}, "geometry": {"type": "Point", "coordinates": [100.009518, 16.153242, 9753.6]}}, {"type": "Feature", "properties": {"flight_key": "MAS107_VTPM_VTBS_2025-12-23 02:18", "callsign": "MAS107", "aircraft_type": "A320", "adep": "VTPM", "ades": "VTBS", "epoch_ts": "2025-12-23 02:39:07+00:00", "altitude_ft": 32000.0, "tas_kt": 455.7, "gs_kt": 455.7, "track_deg": 162.30759100340762, "phase": "cruise"}, "geometry": {"type": "Point", "coordinates": [100.022956, 16.112477, 9753.6]}}, {"type": "Feature", "properties": {"flight_key": "MAS107_VTPM_VTBS_2025-12-23 02:18", "callsign": "MAS107", "aircraft_type": "A320", "adep": "VTPM", "ades": "VTBS", "epoch_ts": "2025-12-23 02:39:27+00:00", "altitude_ft": 32000.0, "tas_kt": 455.7, "gs_kt": 455.7, "track_deg": 162.30759100340762, "phase": "cruise"}, "geometry": {"type": "Point", "coordinates": [100.036388, 16.071712, 9753.6]}}, {"type": "Feature", "properties": {"flight_key": "MAS107_VTPM_VTBS_2025-12-23 02:18", "callsign": "MAS107", "aircraft_type": "A320", "adep": "VTPM", "ades": "VTBS", "epoch_ts": "2025-12-23 02:39:47+00:00", "altitude_ft": 32000.0, "tas_kt": 455.7, "gs_kt": 455.7, "track_deg": 162.30759100340762, "phase": "cruise"}, "geometry": {"type": "Point", "coordinates": [100.049815, 16.030945, 9753.6]}}, {"type": "Feature", "properties": {"flight_key": "MAS107_VTPM_VTBS_2025-12-23 02:18", "callsign": "MAS107", "aircraft_type": "A320", "adep": "VTPM", "ades": "VTBS", "epoch_ts": "2025-12-23 02:40:07+00:00", "altitude_ft": 32000.0, "tas_kt": 455.7, "gs_kt": 455.7, "track_deg": 162.30759100340762, "phase": "cruise"}, "geometry": {"type": "Point", "coordinates": [100.063237, 15.990177, 9753.6]}}, {"type": "Feature", "properties": {"flight_key": "MAS107_VTPM_VTBS_2025-12-23 02:18", "callsign": "MAS107", "aircraft_type": "A320", "adep": "VTPM", "ades": "VTBS", "epoch_ts": "2025-12-23 02:40:27+00:00", "altitude_ft": 32000.0, "tas_kt": 455.7, "gs_kt": 455.7, "track_deg": 162.30759100340762, "phase": "cruise"}, "geometry": {"type": "Point", "coordinates": [100.076653, 15.949409, 9753.6]}}, {"type": "Feature", "properties": {"flight_key": "MAS107_VTPM_VTBS_2025-12-23 02:18", "callsign": "MAS107", "aircraft_type": "A320", "adep": "VTPM", "ades": "VTBS", "epoch_ts": "2025-12-23 02:40:47+00:00", "altitude_ft": 32000.0, "tas_kt": 455.7, "gs_kt": 455.7, "track_deg": 162.30759100340762, "phase": "cruise"}, "geometry": {"type": "Point", "coordinates": [100.090063, 15.908639, 9753.6]}}, {"type": "Feature", "properties": {"flight_key": "MAS107_VTPM_VTBS_2025-12-23 02:18", "callsign": "MAS107", "aircraft_type": "A320", "adep": "VTPM", "ades": "VTBS", "epoch_ts": "2025-12-23 02:41:07+00:00", "altitude_ft": 32000.0, "tas_kt": 455.7, "gs_kt": 455.7, "track_deg": 162.30759100340762, "phase": "cruise"}, "geometry": {"type": "Point", "coordinates": [100.103468, 15.867869, 9753.6]}}, {"type": "Feature", "properties": {"flight_key": "MAS107_VTPM_VTBS_2025-12-23 02:18", "callsign": "MAS107", "aircraft_type": "A320", "adep": "VTPM", "ades": "VTBS", "epoch_ts": "2025-12-23 02:41:27+00:00", "altitude_ft": 32000.0, "tas_kt": 455.7, "gs_kt": 455.7, "track_deg": 162.30759100340762, "phase": "cruise"}, "geometry": {"type": "Point", "coordinates": [100.116868, 15.827097, 9753.6]}}, {"type": "Feature", "properties": {"flight_key": "MAS107_VTPM_VTBS_2025-12-23 02:18", "callsign": "MAS107", "aircraft_type": "A320", "adep": "VTPM", "ades": "VTBS", "epoch_ts": "2025-12-23 02:41:47+00:00", "altitude_ft": 32000.0, "tas_kt": 455.7, "gs_kt": 455.7, "track_deg": 162.30759100340762, "phase": "cruise"}, "geometry": {"type": "Point", "coordinates": [100.130262, 15.786325, 9753.6]}}, {"type": "Feature", "properties": {"flight_key": "MAS107_VTPM_VTBS_2025-12-23 02:18", "callsign": "MAS107", "aircraft_type": "A320", "adep": "VTPM", "ades": "VTBS", "epoch_ts": "2025-12-23 02:42:07+00:00", "altitude_ft": 32000.0, "tas_kt": 455.7, "gs_kt": 455.7, "track_deg": 162.30759100340762, "phase": "cruise"}, "geometry": {"type": "Point", "coordinates": [100.143651, 15.745551, 9753.6]}}, {"type": "Feature", "properties": {"flight_key": "MAS107_VTPM_VTBS_2025-12-23 02:18", "callsign": "MAS107", "aircraft_type": "A320", "adep": "VTPM", "ades": "VTBS", "epoch_ts": "2025-12-23 02:42:27+00:00", "altitude_ft": 32000.0, "tas_kt": 455.7, "gs_kt": 455.7, "track_deg": 162.30759100340762, "phase": "cruise"}, "geometry": {"type": "Point", "coordinates": [100.157035, 15.704777, 9753.6]}}, {"type": "Feature", "properties": {"flight_key": "MAS107_VTPM_VTBS_2025-12-23 02:18", "callsign": "MAS107", "aircraft_type": "A320", "adep": "VTPM", "ades": "VTBS", "epoch_ts": "2025-12-23 02:42:47+00:00", "altitude_ft": 32000.0, "tas_kt": 455.7, "gs_kt": 455.7, "track_deg": 162.30759100340762, "phase": "cruise"}, "geometry": {"type": "Point", "coordinates": [100.170414, 15.664001, 9753.6]}}, {"type": "Feature", "properties": {"flight_key": "MAS107_VTPM_VTBS_2025-12-23 02:18", "callsign": "MAS107", "aircraft_type": "A320", "adep": "VTPM", "ades": "VTBS", "epoch_ts": "2025-12-23 02:43:07+00:00", "altitude_ft": 32000.0, "tas_kt": 455.7, "gs_kt": 455.7, "track_deg": 162.30759100340762, "phase": "cruise"}, "geometry": {"type": "Point", "coordinates": [100.183787, 15.623225, 9753.6]}}, {"type": "Feature", "properties": {"flight_key": "MAS107_VTPM_VTBS_2025-12-23 02:18", "callsign": "MAS107", "aircraft_type": "A320", "adep": "VTPM", "ades": "VTBS", "epoch_ts": "2025-12-23 02:43:27+00:00", "altitude_ft": 32000.0, "tas_kt": 455.7, "gs_kt": 455.7, "track_deg": 162.30759100340762, "phase": "cruise"}, "geometry": {"type": "Point", "coordinates": [100.197154, 15.582448, 9753.6]}}, {"type": "Feature", "properties": {"flight_key": "MAS107_VTPM_VTBS_2025-12-23 02:18", "callsign": "MAS107", "aircraft_type": "A320", "adep": "VTPM", "ades": "VTBS", "epoch_ts": "2025-12-23 02:43:47+00:00", "altitude_ft": 32000.0, "tas_kt": 455.7, "gs_kt": 455.7, "track_deg": 162.30759100340762, "phase": "cruise"}, "geometry": {"type": "Point", "coordinates": [100.210517, 15.541669, 9753.6]}}, {"type": "Feature", "properties": {"flight_key": "MAS107_VTPM_VTBS_2025-12-23 02:18", "callsign": "MAS107", "aircraft_type": "A320", "adep": "VTPM", "ades": "VTBS", "epoch_ts": "2025-12-23 02:44:07+00:00", "altitude_ft": 32000.0, "tas_kt": 455.7, "gs_kt": 455.7, "track_deg": 162.30759100340762, "phase": "cruise"}, "geometry": {"type": "Point", "coordinates": [100.223874, 15.50089, 9753.6]}}, {"type": "Feature", "properties": {"flight_key": "MAS107_VTPM_VTBS_2025-12-23 02:18", "callsign": "MAS107", "aircraft_type": "A320", "adep": "VTPM", "ades": "VTBS", "epoch_ts": "2025-12-23 02:44:27+00:00", "altitude_ft": 31756.8, "tas_kt": 455.7, "gs_kt": 455.7, "track_deg": 162.30759100340762, "phase": "descent"}, "geometry": {"type": "Point", "coordinates": [100.237226, 15.46011, 9679.5]}}, {"type": "Feature", "properties": {"flight_key": "MAS107_VTPM_VTBS_2025-12-23 02:18", "callsign": "MAS107", "aircraft_type": "A320", "adep": "VTPM", "ades": "VTBS", "epoch_ts": "2025-12-23 02:44:47+00:00", "altitude_ft": 31059.9, "tas_kt": 455.7, "gs_kt": 455.7, "track_deg": 162.30759100340762, "phase": "descent"}, "geometry": {"type": "Point", "coordinates": [100.250573, 15.419329, 9467.1]}}, {"type": "Feature", "properties": {"flight_key": "MAS107_VTPM_VTBS_2025-12-23 02:18", "callsign": "MAS107", "aircraft_type": "A320", "adep": "VTPM", "ades": "VTBS", "epoch_ts": "2025-12-23 02:45:07+00:00", "altitude_ft": 30362.9, "tas_kt": 455.7, "gs_kt": 455.7, "track_deg": 162.30759100340762, "phase": "descent"}, "geometry": {"type": "Point", "coordinates": [100.263915, 15.378546, 9254.6]}}, {"type": "Feature", "properties": {"flight_key": "MAS107_VTPM_VTBS_2025-12-23 02:18", "callsign": "MAS107", "aircraft_type": "A320", "adep": "VTPM", "ades": "VTBS", "epoch_ts": "2025-12-23 02:45:27+00:00", "altitude_ft": 29665.9, "tas_kt": 455.7, "gs_kt": 455.7, "track_deg": 162.30759100340762, "phase": "descent"}, "geometry": {"type": "Point", "coordinates": [100.277251, 15.337763, 9042.2]}}, {"type": "Feature", "properties": {"flight_key": "MAS107_VTPM_VTBS_2025-12-23 02:18", "callsign": "MAS107", "aircraft_type": "A320", "adep": "VTPM", "ades": "VTBS", "epoch_ts": "2025-12-23 02:45:47+00:00", "altitude_ft": 28968.7, "tas_kt": 456.5, "gs_kt": 456.5, "track_deg": 162.30759100340762, "phase": "descent"}, "geometry": {"type": "Point", "coordinates": [100.290588, 15.29696, 8829.7]}}, {"type": "Feature", "properties": {"flight_key": "MAS107_VTPM_VTBS_2025-12-23 02:18", "callsign": "MAS107", "aircraft_type": "A320", "adep": "VTPM", "ades": "VTBS", "epoch_ts": "2025-12-23 02:46:07+00:00", "altitude_ft": 28310.9, "tas_kt": 425.9, "gs_kt": 425.9, "track_deg": 149.16548508078725, "phase": "descent"}, "geometry": {"type": "Point", "coordinates": [100.307137, 15.26016, 8629.2]}}, {"type": "Feature", "properties": {"flight_key": "MAS107_VTPM_VTBS_2025-12-23 02:18", "callsign": "MAS107", "aircraft_type": "A320", "adep": "VTPM", "ades": "VTBS", "epoch_ts": "2025-12-23 02:46:27+00:00", "altitude_ft": 27596.3, "tas_kt": 421.2, "gs_kt": 421.2, "track_deg": 149.16548508078725, "phase": "descent"}, "geometry": {"type": "Point", "coordinates": [100.330294, 15.22249, 8411.4]}}, {"type": "Feature", "properties": {"flight_key": "MAS107_VTPM_VTBS_2025-12-23 02:18", "callsign": "MAS107", "aircraft_type": "A320", "adep": "VTPM", "ades": "VTBS", "epoch_ts": "2025-12-23 02:46:47+00:00", "altitude_ft": 26781.9, "tas_kt": 415.9, "gs_kt": 415.9, "track_deg": 149.16548508078725, "phase": "descent"}, "geometry": {"type": "Point", "coordinates": [100.356675, 15.179554, 8163.1]}}, {"type": "Feature", "properties": {"flight_key": "MAS107_VTPM_VTBS_2025-12-23 02:18", "callsign": "MAS107", "aircraft_type": "A320", "adep": "VTPM", "ades": "VTBS", "epoch_ts": "2025-12-23 02:47:07+00:00", "altitude_ft": 25977.6, "tas_kt": 410.7, "gs_kt": 410.7, "track_deg": 149.16548508078725, "phase": "descent"}, "geometry": {"type": "Point", "coordinates": [100.382721, 15.137145, 7918.0]}}, {"type": "Feature", "properties": {"flight_key": "MAS107_VTPM_VTBS_2025-12-23 02:18", "callsign": "MAS107", "aircraft_type": "A320", "adep": "VTPM", "ades": "VTBS", "epoch_ts": "2025-12-23 02:47:27+00:00", "altitude_ft": 25183.0, "tas_kt": 405.6, "gs_kt": 405.6, "track_deg": 149.16548508078725, "phase": "descent"}, "geometry": {"type": "Point", "coordinates": [100.408439, 15.095249, 7675.8]}}, {"type": "Feature", "properties": {"flight_key": "MAS107_VTPM_VTBS_2025-12-23 02:18", "callsign": "MAS107", "aircraft_type": "A320", "adep": "VTPM", "ades": "VTBS", "epoch_ts": "2025-12-23 02:47:47+00:00", "altitude_ft": 24398.0, "tas_kt": 400.7, "gs_kt": 400.7, "track_deg": 149.16548508078725, "phase": "descent"}, "geometry": {"type": "Point", "coordinates": [100.433839, 15.053853, 7436.5]}}, {"type": "Feature", "properties": {"flight_key": "MAS107_VTPM_VTBS_2025-12-23 02:18", "callsign": "MAS107", "aircraft_type": "A320", "adep": "VTPM", "ades": "VTBS", "epoch_ts": "2025-12-23 02:48:07+00:00", "altitude_ft": 23688.0, "tas_kt": 355.9, "gs_kt": 355.9, "track_deg": 149.16548508078725, "phase": "descent"}, "geometry": {"type": "Point", "coordinates": [100.456802, 15.016411, 7220.1]}}, {"type": "Feature", "properties": {"flight_key": "MAS107_VTPM_VTBS_2025-12-23 02:18", "callsign": "MAS107", "aircraft_type": "A320", "adep": "VTPM", "ades": "VTBS", "epoch_ts": "2025-12-23 02:48:27+00:00", "altitude_ft": 22999.2, "tas_kt": 352.1, "gs_kt": 352.1, "track_deg": 149.16548508078725, "phase": "descent"}, "geometry": {"type": "Point", "coordinates": [100.479073, 14.980084, 7010.2]}}, {"type": "Feature", "properties": {"flight_key": "MAS107_VTPM_VTBS_2025-12-23 02:18", "callsign": "MAS107", "aircraft_type": "A320", "adep": "VTPM", "ades": "VTBS", "epoch_ts": "2025-12-23 02:48:47+00:00", "altitude_ft": 22317.7, "tas_kt": 348.3, "gs_kt": 348.3, "track_deg": 149.16548508078725, "phase": "descent"}, "geometry": {"type": "Point", "coordinates": [100.5011, 14.944139, 6802.4]}}, {"type": "Feature", "properties": {"flight_key": "MAS107_VTPM_VTBS_2025-12-23 02:18", "callsign": "MAS107", "aircraft_type": "A320", "adep": "VTPM", "ades": "VTBS", "epoch_ts": "2025-12-23 02:49:07+00:00", "altitude_ft": 21643.3, "tas_kt": 344.7, "gs_kt": 344.7, "track_deg": 149.16548508078725, "phase": "descent"}, "geometry": {"type": "Point", "coordinates": [100.522889, 14.90857, 6596.9]}}, {"type": "Feature", "properties": {"flight_key": "MAS107_VTPM_VTBS_2025-12-23 02:18", "callsign": "MAS107", "aircraft_type": "A320", "adep": "VTPM", "ades": "VTBS", "epoch_ts": "2025-12-23 02:49:27+00:00", "altitude_ft": 20975.9, "tas_kt": 341.1, "gs_kt": 341.1, "track_deg": 149.16548508078725, "phase": "descent"}, "geometry": {"type": "Point", "coordinates": [100.544445, 14.873367, 6393.5]}}, {"type": "Feature", "properties": {"flight_key": "MAS107_VTPM_VTBS_2025-12-23 02:18", "callsign": "MAS107", "aircraft_type": "A320", "adep": "VTPM", "ades": "VTBS", "epoch_ts": "2025-12-23 02:49:47+00:00", "altitude_ft": 20315.4, "tas_kt": 337.6, "gs_kt": 337.6, "track_deg": 149.16548508078725, "phase": "descent"}, "geometry": {"type": "Point", "coordinates": [100.565775, 14.838521, 6192.1]}}, {"type": "Feature", "properties": {"flight_key": "MAS107_VTPM_VTBS_2025-12-23 02:18", "callsign": "MAS107", "aircraft_type": "A320", "adep": "VTPM", "ades": "VTBS", "epoch_ts": "2025-12-23 02:50:07+00:00", "altitude_ft": 19661.5, "tas_kt": 334.2, "gs_kt": 334.2, "track_deg": 149.16548508078725, "phase": "descent"}, "geometry": {"type": "Point", "coordinates": [100.586881, 14.804025, 5992.8]}}, {"type": "Feature", "properties": {"flight_key": "MAS107_VTPM_VTBS_2025-12-23 02:18", "callsign": "MAS107", "aircraft_type": "A320", "adep": "VTPM", "ades": "VTBS", "epoch_ts": "2025-12-23 02:50:27+00:00", "altitude_ft": 19014.1, "tas_kt": 330.9, "gs_kt": 330.9, "track_deg": 149.16548508078725, "phase": "descent"}, "geometry": {"type": "Point", "coordinates": [100.607771, 14.769871, 5795.5]}}, {"type": "Feature", "properties": {"flight_key": "MAS107_VTPM_VTBS_2025-12-23 02:18", "callsign": "MAS107", "aircraft_type": "A320", "adep": "VTPM", "ades": "VTBS", "epoch_ts": "2025-12-23 02:50:47+00:00", "altitude_ft": 18373.1, "tas_kt": 327.6, "gs_kt": 327.6, "track_deg": 149.16548508078725, "phase": "descent"}, "geometry": {"type": "Point", "coordinates": [100.628449, 14.736052, 5600.1]}}, {"type": "Feature", "properties": {"flight_key": "MAS107_VTPM_VTBS_2025-12-23 02:18", "callsign": "MAS107", "aircraft_type": "A320", "adep": "VTPM", "ades": "VTBS", "epoch_ts": "2025-12-23 02:51:07+00:00", "altitude_ft": 18000.0, "tas_kt": 325.7, "gs_kt": 325.7, "track_deg": 163.30491420080483, "phase": "descent"}, "geometry": {"type": "Point", "coordinates": [100.644621, 14.700601, 5486.4]}}, {"type": "Feature", "properties": {"flight_key": "MAS107_VTPM_VTBS_2025-12-23 02:18", "callsign": "MAS107", "aircraft_type": "A320", "adep": "VTPM", "ades": "VTBS", "epoch_ts": "2025-12-23 02:51:27+00:00", "altitude_ft": 18000.0, "tas_kt": 325.7, "gs_kt": 325.7, "track_deg": 163.30491420080483, "phase": "descent"}, "geometry": {"type": "Point", "coordinates": [100.656102, 14.663333, 5486.4]}}, {"type": "Feature", "properties": {"flight_key": "MAS107_VTPM_VTBS_2025-12-23 02:18", "callsign": "MAS107", "aircraft_type": "A320", "adep": "VTPM", "ades": "VTBS", "epoch_ts": "2025-12-23 02:51:47+00:00", "altitude_ft": 18000.0, "tas_kt": 287.6, "gs_kt": 287.6, "track_deg": 163.30491420080483, "phase": "descent"}, "geometry": {"type": "Point", "coordinates": [100.667055, 14.627764, 5486.4]}}, {"type": "Feature", "properties": {"flight_key": "MAS107_VTPM_VTBS_2025-12-23 02:18", "callsign": "MAS107", "aircraft_type": "A320", "adep": "VTPM", "ades": "VTBS", "epoch_ts": "2025-12-23 02:52:07+00:00", "altitude_ft": 18000.0, "tas_kt": 287.6, "gs_kt": 287.6, "track_deg": 163.30491420080483, "phase": "descent"}, "geometry": {"type": "Point", "coordinates": [100.677187, 14.594853, 5486.4]}}, {"type": "Feature", "properties": {"flight_key": "MAS107_VTPM_VTBS_2025-12-23 02:18", "callsign": "MAS107", "aircraft_type": "A320", "adep": "VTPM", "ades": "VTBS", "epoch_ts": "2025-12-23 02:52:27+00:00", "altitude_ft": 18000.0, "tas_kt": 287.6, "gs_kt": 287.6, "track_deg": 163.31154804065102, "phase": "descent"}, "geometry": {"type": "Point", "coordinates": [100.687317, 14.561941, 5486.4]}}, {"type": "Feature", "properties": {"flight_key": "MAS107_VTPM_VTBS_2025-12-23 02:18", "callsign": "MAS107", "aircraft_type": "A320", "adep": "VTPM", "ades": "VTBS", "epoch_ts": "2025-12-23 02:52:47+00:00", "altitude_ft": 18000.0, "tas_kt": 287.6, "gs_kt": 287.6, "track_deg": 163.31154804065102, "phase": "descent"}, "geometry": {"type": "Point", "coordinates": [100.697445, 14.529028, 5486.4]}}, {"type": "Feature", "properties": {"flight_key": "MAS107_VTPM_VTBS_2025-12-23 02:18", "callsign": "MAS107", "aircraft_type": "A320", "adep": "VTPM", "ades": "VTBS", "epoch_ts": "2025-12-23 02:53:07+00:00", "altitude_ft": 18000.0, "tas_kt": 287.6, "gs_kt": 287.6, "track_deg": 163.31154804065102, "phase": "descent"}, "geometry": {"type": "Point", "coordinates": [100.70757, 14.496116, 5486.4]}}, {"type": "Feature", "properties": {"flight_key": "MAS107_VTPM_VTBS_2025-12-23 02:18", "callsign": "MAS107", "aircraft_type": "A320", "adep": "VTPM", "ades": "VTBS", "epoch_ts": "2025-12-23 02:53:27+00:00", "altitude_ft": 17848.0, "tas_kt": 287.0, "gs_kt": 287.0, "track_deg": 163.31154804065102, "phase": "descent"}, "geometry": {"type": "Point", "coordinates": [100.717689, 14.463213, 5440.1]}}, {"type": "Feature", "properties": {"flight_key": "MAS107_VTPM_VTBS_2025-12-23 02:18", "callsign": "MAS107", "aircraft_type": "A320", "adep": "VTPM", "ades": "VTBS", "epoch_ts": "2025-12-23 02:53:47+00:00", "altitude_ft": 17292.0, "tas_kt": 284.5, "gs_kt": 284.5, "track_deg": 194.42519405226795, "phase": "descent"}, "geometry": {"type": "Point", "coordinates": [100.718167, 14.429828, 5270.6]}}, {"type": "Feature", "properties": {"flight_key": "MAS107_VTPM_VTBS_2025-12-23 02:18", "callsign": "MAS107", "aircraft_type": "A320", "adep": "VTPM", "ades": "VTBS", "epoch_ts": "2025-12-23 02:54:07+00:00", "altitude_ft": 16740.8, "tas_kt": 282.0, "gs_kt": 282.0, "track_deg": 194.42519405226795, "phase": "descent"}, "geometry": {"type": "Point", "coordinates": [100.709518, 14.397053, 5102.6]}}, {"type": "Feature", "properties": {"flight_key": "MAS107_VTPM_VTBS_2025-12-23 02:18", "callsign": "MAS107", "aircraft_type": "A320", "adep": "VTPM", "ades": "VTBS", "epoch_ts": "2025-12-23 02:54:27+00:00", "altitude_ft": 16194.3, "tas_kt": 279.7, "gs_kt": 279.7, "track_deg": 194.42519405226795, "phase": "descent"}, "geometry": {"type": "Point", "coordinates": [100.700945, 14.364554, 4936.0]}}, {"type": "Feature", "properties": {"flight_key": "MAS107_VTPM_VTBS_2025-12-23 02:18", "callsign": "MAS107", "aircraft_type": "A320", "adep": "VTPM", "ades": "VTBS", "epoch_ts": "2025-12-23 02:54:47+00:00", "altitude_ft": 15652.3, "tas_kt": 277.3, "gs_kt": 277.3, "track_deg": 194.42519405226795, "phase": "descent"}, "geometry": {"type": "Point", "coordinates": [100.692446, 14.332327, 4770.8]}}, {"type": "Feature", "properties": {"flight_key": "MAS107_VTPM_VTBS_2025-12-23 02:18", "callsign": "MAS107", "aircraft_type": "A320", "adep": "VTPM", "ades": "VTBS", "epoch_ts": "2025-12-23 02:55:07+00:00", "altitude_ft": 15114.8, "tas_kt": 275.0, "gs_kt": 275.0, "track_deg": 194.42519405226795, "phase": "descent"}, "geometry": {"type": "Point", "coordinates": [100.684019, 14.300367, 4607.0]}}, {"type": "Feature", "properties": {"flight_key": "MAS107_VTPM_VTBS_2025-12-23 02:18", "callsign": "MAS107", "aircraft_type": "A320", "adep": "VTPM", "ades": "VTBS", "epoch_ts": "2025-12-23 02:55:27+00:00", "altitude_ft": 14581.7, "tas_kt": 272.8, "gs_kt": 272.8, "track_deg": 194.42519405226795, "phase": "descent"}, "geometry": {"type": "Point", "coordinates": [100.675664, 14.268667, 4444.5]}}, {"type": "Feature", "properties": {"flight_key": "MAS107_VTPM_VTBS_2025-12-23 02:18", "callsign": "MAS107", "aircraft_type": "A320", "adep": "VTPM", "ades": "VTBS", "epoch_ts": "2025-12-23 02:55:47+00:00", "altitude_ft": 14052.9, "tas_kt": 270.6, "gs_kt": 270.6, "track_deg": 194.40569362049712, "phase": "descent"}, "geometry": {"type": "Point", "coordinates": [100.667381, 14.237224, 4283.3]}}, {"type": "Feature", "properties": {"flight_key": "MAS107_VTPM_VTBS_2025-12-23 02:18", "callsign": "MAS107", "aircraft_type": "A320", "adep": "VTPM", "ades": "VTBS", "epoch_ts": "2025-12-23 02:56:07+00:00", "altitude_ft": 13551.8, "tas_kt": 220.3, "gs_kt": 220.3, "track_deg": 194.40569362049712, "phase": "descent"}, "geometry": {"type": "Point", "coordinates": [100.659535, 14.207421, 4130.6]}}, {"type": "Feature", "properties": {"flight_key": "MAS107_VTPM_VTBS_2025-12-23 02:18", "callsign": "MAS107", "aircraft_type": "A320", "adep": "VTPM", "ades": "VTBS", "epoch_ts": "2025-12-23 02:56:27+00:00", "altitude_ft": 13124.8, "tas_kt": 218.9, "gs_kt": 218.9, "track_deg": 194.40569362049712, "phase": "descent"}, "geometry": {"type": "Point", "coordinates": [100.652852, 14.182032, 4000.4]}}, {"type": "Feature", "properties": {"flight_key": "MAS107_VTPM_VTBS_2025-12-23 02:18", "callsign": "MAS107", "aircraft_type": "A320", "adep": "VTPM", "ades": "VTBS", "epoch_ts": "2025-12-23 02:56:47+00:00", "altitude_ft": 12701.3, "tas_kt": 217.4, "gs_kt": 217.4, "track_deg": 194.40569362049712, "phase": "descent"}, "geometry": {"type": "Point", "coordinates": [100.646223, 14.156843, 3871.4]}}, {"type": "Feature", "properties": {"flight_key": "MAS107_VTPM_VTBS_2025-12-23 02:18", "callsign": "MAS107", "aircraft_type": "A320", "adep": "VTPM", "ades": "VTBS", "epoch_ts": "2025-12-23 02:57:07+00:00", "altitude_ft": 12280.5, "tas_kt": 216.0, "gs_kt": 216.0, "track_deg": 194.40569362049712, "phase": "descent"}, "geometry": {"type": "Point", "coordinates": [100.639641, 14.131824, 3743.1]}}, {"type": "Feature", "properties": {"flight_key": "MAS107_VTPM_VTBS_2025-12-23 02:18", "callsign": "MAS107", "aircraft_type": "A320", "adep": "VTPM", "ades": "VTBS", "epoch_ts": "2025-12-23 02:57:27+00:00", "altitude_ft": 11862.5, "tas_kt": 214.6, "gs_kt": 214.6, "track_deg": 194.40569362049712, "phase": "descent"}, "geometry": {"type": "Point", "coordinates": [100.633102, 14.106966, 3615.7]}}, {"type": "Feature", "properties": {"flight_key": "MAS107_VTPM_VTBS_2025-12-23 02:18", "callsign": "MAS107", "aircraft_type": "A320", "adep": "VTPM", "ades": "VTBS", "epoch_ts": "2025-12-23 02:57:47+00:00", "altitude_ft": 11447.2, "tas_kt": 213.3, "gs_kt": 213.3, "track_deg": 194.40569362049712, "phase": "descent"}, "geometry": {"type": "Point", "coordinates": [100.626606, 14.082265, 3489.1]}}, {"type": "Feature", "properties": {"flight_key": "MAS107_VTPM_VTBS_2025-12-23 02:18", "callsign": "MAS107", "aircraft_type": "A320", "adep": "VTPM", "ades": "VTBS", "epoch_ts": "2025-12-23 02:58:07+00:00", "altitude_ft": 11034.4, "tas_kt": 211.9, "gs_kt": 211.9, "track_deg": 194.40569362049712, "phase": "descent"}, "geometry": {"type": "Point", "coordinates": [100.620153, 14.057718, 3363.3]}}, {"type": "Feature", "properties": {"flight_key": "MAS107_VTPM_VTBS_2025-12-23 02:18", "callsign": "MAS107", "aircraft_type": "A320", "adep": "VTPM", "ades": "VTBS", "epoch_ts": "2025-12-23 02:58:27+00:00", "altitude_ft": 10624.2, "tas_kt": 210.6, "gs_kt": 210.6, "track_deg": 194.40569362049712, "phase": "descent"}, "geometry": {"type": "Point", "coordinates": [100.613741, 14.033325, 3238.3]}}, {"type": "Feature", "properties": {"flight_key": "MAS107_VTPM_VTBS_2025-12-23 02:18", "callsign": "MAS107", "aircraft_type": "A320", "adep": "VTPM", "ades": "VTBS", "epoch_ts": "2025-12-23 02:58:47+00:00", "altitude_ft": 10216.6, "tas_kt": 209.3, "gs_kt": 209.3, "track_deg": 181.9809836433666, "phase": "descent"}, "geometry": {"type": "Point", "coordinates": [100.607889, 14.008991, 3114.0]}}, {"type": "Feature", "properties": {"flight_key": "MAS107_VTPM_VTBS_2025-12-23 02:18", "callsign": "MAS107", "aircraft_type": "A320", "adep": "VTPM", "ades": "VTBS", "epoch_ts": "2025-12-23 02:59:07+00:00", "altitude_ft": 9811.4, "tas_kt": 208.0, "gs_kt": 208.0, "track_deg": 112.42631784226245, "phase": "descent"}, "geometry": {"type": "Point", "coordinates": [100.620888, 13.98937, 2990.5]}}, {"type": "Feature", "properties": {"flight_key": "MAS107_VTPM_VTBS_2025-12-23 02:18", "callsign": "MAS107", "aircraft_type": "A320", "adep": "VTPM", "ades": "VTBS", "epoch_ts": "2025-12-23 02:59:27+00:00", "altitude_ft": 9408.7, "tas_kt": 206.7, "gs_kt": 206.7, "track_deg": 104.98705020910074, "phase": "descent"}, "geometry": {"type": "Point", "coordinates": [100.645286, 13.982792, 2867.8]}}, {"type": "Feature", "properties": {"flight_key": "MAS107_VTPM_VTBS_2025-12-23 02:18", "callsign": "MAS107", "aircraft_type": "A320", "adep": "VTPM", "ades": "VTBS", "epoch_ts": "2025-12-23 02:59:47+00:00", "altitude_ft": 9008.5, "tas_kt": 205.5, "gs_kt": 205.5, "track_deg": 104.98705020910074, "phase": "descent"}, "geometry": {"type": "Point", "coordinates": [100.669596, 13.976433, 2745.8]}}, {"type": "Feature", "properties": {"flight_key": "MAS107_VTPM_VTBS_2025-12-23 02:18", "callsign": "MAS107", "aircraft_type": "A320", "adep": "VTPM", "ades": "VTBS", "epoch_ts": "2025-12-23 03:00:07+00:00", "altitude_ft": 8610.6, "tas_kt": 204.3, "gs_kt": 204.3, "track_deg": 104.98705020910074, "phase": "descent"}, "geometry": {"type": "Point", "coordinates": [100.69376, 13.97011, 2624.5]}}, {"type": "Feature", "properties": {"flight_key": "MAS107_VTPM_VTBS_2025-12-23 02:18", "callsign": "MAS107", "aircraft_type": "A320", "adep": "VTPM", "ades": "VTBS", "epoch_ts": "2025-12-23 03:00:27+00:00", "altitude_ft": 8215.0, "tas_kt": 203.1, "gs_kt": 203.1, "track_deg": 50.22231492189764, "phase": "descent"}, "geometry": {"type": "Point", "coordinates": [100.717354, 13.972312, 2503.9]}}, {"type": "Feature", "properties": {"flight_key": "MAS107_VTPM_VTBS_2025-12-23 02:18", "callsign": "MAS107", "aircraft_type": "A320", "adep": "VTPM", "ades": "VTBS", "epoch_ts": "2025-12-23 03:00:47+00:00", "altitude_ft": 7821.8, "tas_kt": 201.9, "gs_kt": 201.9, "track_deg": 14.506739960258114, "phase": "descent"}, "geometry": {"type": "Point", "coordinates": [100.7273, 13.993833, 2384.1]}}, {"type": "Feature", "properties": {"flight_key": "MAS107_VTPM_VTBS_2025-12-23 02:18", "callsign": "MAS107", "aircraft_type": "A320", "adep": "VTPM", "ades": "VTBS", "epoch_ts": "2025-12-23 03:01:07+00:00", "altitude_ft": 7430.8, "tas_kt": 200.7, "gs_kt": 200.7, "track_deg": 14.506739960258114, "phase": "descent"}, "geometry": {"type": "Point", "coordinates": [100.733458, 14.017071, 2264.9]}}, {"type": "Feature", "properties": {"flight_key": "MAS107_VTPM_VTBS_2025-12-23 02:18", "callsign": "MAS107", "aircraft_type": "A320", "adep": "VTPM", "ades": "VTBS", "epoch_ts": "2025-12-23 03:01:27+00:00", "altitude_ft": 7042.1, "tas_kt": 199.5, "gs_kt": 199.5, "track_deg": 59.9272095296033, "phase": "descent"}, "geometry": {"type": "Point", "coordinates": [100.744973, 14.037185, 2146.4]}}, {"type": "Feature", "properties": {"flight_key": "MAS107_VTPM_VTBS_2025-12-23 02:18", "callsign": "MAS107", "aircraft_type": "A320", "adep": "VTPM", "ades": "VTBS", "epoch_ts": "2025-12-23 03:01:47+00:00", "altitude_ft": 6655.7, "tas_kt": 198.4, "gs_kt": 198.4, "track_deg": 105.36564747750069, "phase": "descent"}, "geometry": {"type": "Point", "coordinates": [100.768428, 14.037041, 2028.7]}}, {"type": "Feature", "properties": {"flight_key": "MAS107_VTPM_VTBS_2025-12-23 02:18", "callsign": "MAS107", "aircraft_type": "A320", "adep": "VTPM", "ades": "VTBS", "epoch_ts": "2025-12-23 03:02:07+00:00", "altitude_ft": 6271.4, "tas_kt": 197.2, "gs_kt": 197.2, "track_deg": 105.36564747750069, "phase": "descent"}, "geometry": {"type": "Point", "coordinates": [100.791731, 14.030787, 1911.5]}}, {"type": "Feature", "properties": {"flight_key": "MAS107_VTPM_VTBS_2025-12-23 02:18", "callsign": "MAS107", "aircraft_type": "A320", "adep": "VTPM", "ades": "VTBS", "epoch_ts": "2025-12-23 03:02:27+00:00", "altitude_ft": 5889.2, "tas_kt": 196.1, "gs_kt": 196.1, "track_deg": 105.36564747750069, "phase": "descent"}, "geometry": {"type": "Point", "coordinates": [100.814902, 14.024566, 1795.0]}}, {"type": "Feature", "properties": {"flight_key": "MAS107_VTPM_VTBS_2025-12-23 02:18", "callsign": "MAS107", "aircraft_type": "A320", "adep": "VTPM", "ades": "VTBS", "epoch_ts": "2025-12-23 03:02:47+00:00", "altitude_ft": 5509.2, "tas_kt": 195.0, "gs_kt": 195.0, "track_deg": 137.52912193674467, "phase": "descent"}, "geometry": {"type": "Point", "coordinates": [100.836415, 14.015361, 1679.2]}}, {"type": "Feature", "properties": {"flight_key": "MAS107_VTPM_VTBS_2025-12-23 02:18", "callsign": "MAS107", "aircraft_type": "A320", "adep": "VTPM", "ades": "VTBS", "epoch_ts": "2025-12-23 03:03:07+00:00", "altitude_ft": 5131.3, "tas_kt": 193.9, "gs_kt": 193.9, "track_deg": 194.43208320504482, "phase": "descent"}, "geometry": {"type": "Point", "coordinates": [100.840497, 13.993628, 1564.0]}}, {"type": "Feature", "properties": {"flight_key": "MAS107_VTPM_VTBS_2025-12-23 02:18", "callsign": "MAS107", "aircraft_type": "A320", "adep": "VTPM", "ades": "VTBS", "epoch_ts": "2025-12-23 03:03:27+00:00", "altitude_ft": 4755.4, "tas_kt": 192.9, "gs_kt": 192.9, "track_deg": 194.43208320504482, "phase": "descent"}, "geometry": {"type": "Point", "coordinates": [100.834608, 13.97128, 1449.4]}}, {"type": "Feature", "properties": {"flight_key": "MAS107_VTPM_VTBS_2025-12-23 02:18", "callsign": "MAS107", "aircraft_type": "A320", "adep": "VTPM", "ades": "VTBS", "epoch_ts": "2025-12-23 03:03:47+00:00", "altitude_ft": 4381.6, "tas_kt": 191.8, "gs_kt": 191.8, "track_deg": 194.43208320504482, "phase": "descent"}, "geometry": {"type": "Point", "coordinates": [100.828752, 13.949053, 1335.5]}}, {"type": "Feature", "properties": {"flight_key": "MAS107_VTPM_VTBS_2025-12-23 02:18", "callsign": "MAS107", "aircraft_type": "A320", "adep": "VTPM", "ades": "VTBS", "epoch_ts": "2025-12-23 03:04:07+00:00", "altitude_ft": 4009.8, "tas_kt": 190.8, "gs_kt": 190.8, "track_deg": 194.43085355493082, "phase": "descent"}, "geometry": {"type": "Point", "coordinates": [100.822928, 13.926946, 1222.2]}}, {"type": "Feature", "properties": {"flight_key": "MAS107_VTPM_VTBS_2025-12-23 02:18", "callsign": "MAS107", "aircraft_type": "A320", "adep": "VTPM", "ades": "VTBS", "epoch_ts": "2025-12-23 03:04:27+00:00", "altitude_ft": 3640.0, "tas_kt": 189.7, "gs_kt": 189.7, "track_deg": 194.43085355493082, "phase": "descent"}, "geometry": {"type": "Point", "coordinates": [100.817136, 13.904956, 1109.5]}}, {"type": "Feature", "properties": {"flight_key": "MAS107_VTPM_VTBS_2025-12-23 02:18", "callsign": "MAS107", "aircraft_type": "A320", "adep": "VTPM", "ades": "VTBS", "epoch_ts": "2025-12-23 03:04:47+00:00", "altitude_ft": 3272.2, "tas_kt": 188.7, "gs_kt": 188.7, "track_deg": 194.43085355493082, "phase": "descent"}, "geometry": {"type": "Point", "coordinates": [100.811375, 13.883084, 997.4]}}, {"type": "Feature", "properties": {"flight_key": "MAS107_VTPM_VTBS_2025-12-23 02:18", "callsign": "MAS107", "aircraft_type": "A320", "adep": "VTPM", "ades": "VTBS", "epoch_ts": "2025-12-23 03:05:07+00:00", "altitude_ft": 2906.3, "tas_kt": 187.7, "gs_kt": 187.7, "track_deg": 194.43085355493082, "phase": "descent"}, "geometry": {"type": "Point", "coordinates": [100.805646, 13.861326, 885.8]}}, {"type": "Feature", "properties": {"flight_key": "MAS107_VTPM_VTBS_2025-12-23 02:18", "callsign": "MAS107", "aircraft_type": "A320", "adep": "VTPM", "ades": "VTBS", "epoch_ts": "2025-12-23 03:05:27+00:00", "altitude_ft": 2542.3, "tas_kt": 186.7, "gs_kt": 186.7, "track_deg": 194.4228507807794, "phase": "descent"}, "geometry": {"type": "Point", "coordinates": [100.799949, 13.839681, 774.9]}}, {"type": "Feature", "properties": {"flight_key": "MAS107_VTPM_VTBS_2025-12-23 02:18", "callsign": "MAS107", "aircraft_type": "A320", "adep": "VTPM", "ades": "VTBS", "epoch_ts": "2025-12-23 03:05:47+00:00", "altitude_ft": 2180.2, "tas_kt": 185.7, "gs_kt": 185.7, "track_deg": 194.4228507807794, "phase": "descent"}, "geometry": {"type": "Point", "coordinates": [100.794282, 13.818148, 664.5]}}, {"type": "Feature", "properties": {"flight_key": "MAS107_VTPM_VTBS_2025-12-23 02:18", "callsign": "MAS107", "aircraft_type": "A320", "adep": "VTPM", "ades": "VTBS", "epoch_ts": "2025-12-23 03:06:07+00:00", "altitude_ft": 1819.9, "tas_kt": 184.8, "gs_kt": 184.8, "track_deg": 194.4228507807794, "phase": "descent"}, "geometry": {"type": "Point", "coordinates": [100.788646, 13.796725, 554.7]}}, {"type": "Feature", "properties": {"flight_key": "MAS107_VTPM_VTBS_2025-12-23 02:18", "callsign": "MAS107", "aircraft_type": "A320", "adep": "VTPM", "ades": "VTBS", "epoch_ts": "2025-12-23 03:06:27+00:00", "altitude_ft": 1461.5, "tas_kt": 183.8, "gs_kt": 183.8, "track_deg": 194.4228507807794, "phase": "descent"}, "geometry": {"type": "Point", "coordinates": [100.783039, 13.775412, 445.5]}}, {"type": "Feature", "properties": {"flight_key": "MAS107_VTPM_VTBS_2025-12-23 02:18", "callsign": "MAS107", "aircraft_type": "A320", "adep": "VTPM", "ades": "VTBS", "epoch_ts": "2025-12-23 03:06:47+00:00", "altitude_ft": 1094.4, "tas_kt": 182.9, "gs_kt": 182.9, "track_deg": 194.41674227824248, "phase": "descent"}, "geometry": {"type": "Point", "coordinates": [100.777462, 13.754206, 333.6]}}, {"type": "Feature", "properties": {"flight_key": "MAS107_VTPM_VTBS_2025-12-23 02:18", "callsign": "MAS107", "aircraft_type": "A320", "adep": "VTPM", "ades": "VTBS", "epoch_ts": "2025-12-23 03:07:07+00:00", "altitude_ft": 726.1, "tas_kt": 181.9, "gs_kt": 181.9, "track_deg": 194.41674227824248, "phase": "descent"}, "geometry": {"type": "Point", "coordinates": [100.771914, 13.733107, 221.3]}}, {"type": "Feature", "properties": {"flight_key": "MAS107_VTPM_VTBS_2025-12-23 02:18", "callsign": "MAS107", "aircraft_type": "A320", "adep": "VTPM", "ades": "VTBS", "epoch_ts": "2025-12-23 03:07:27+00:00", "altitude_ft": 359.7, "tas_kt": 181.0, "gs_kt": 181.0, "track_deg": 194.41674227824248, "phase": "descent"}, "geometry": {"type": "Point", "coordinates": [100.766395, 13.712112, 109.6]}}, {"type": "Feature", "properties": {"flight_key": "MAS107_VTPM_VTBS_2025-12-23 02:18", "callsign": "MAS107", "aircraft_type": "A320", "adep": "VTPM", "ades": "VTBS", "epoch_ts": "2025-12-23 03:07:46+00:00", "altitude_ft": 3.7, "tas_kt": 180.1, "gs_kt": 180.1, "track_deg": 194.41674227824248, "phase": "descent"}, "geometry": {"type": "Point", "coordinates": [100.761033, 13.691714, 1.1]}}, {"type": "Feature", "properties": {"feature_type": "route", "flight_key": "JAL108_VTPO_VTBS_2025-12-23 02:28", "route": "PEBLI Y28 BLAFF DCT NORTA", "callsign": "JAL108", "aircraft_type": "B788", "adep": "VTPO", "ades": "VTBS", "rfl": 360, "sid": "PEBL1C", "star": "NORT1C", "approach": "R19", "dep_rwy": "RW18", "arr_rwy": "RW19", "eobt": "2025-12-23T02:28:27.482605+00:00", "flight_category": "arrival", "vectored": false, "extend_nm": 0.0, "clearance": "DIRECT LETMA, CLEARED R19 APPROACH", "idents": ["RW18", "VASBI", "PO302", "PEBLI", "BLAFF", "NORTA", "BS519", "BS518", "MEPIN", "BS515", "BS514", "ATKIN", "LETMA", "LAVOG", "LOTMU", "BS790", "BS791"]}, "geometry": {"type": "LineString", "coordinates": [[99.81851667, 17.24718611], [99.8142, 17.03486389], [99.87651667, 16.62495833], [100.29339167, 16.26831667], [100.2975, 15.275833], [100.639017, 14.718789], [100.68273889, 14.57681389], [100.72268889, 14.44695833], [100.67111111, 14.25138889], [100.60333611, 13.99375556], [100.71924722, 13.96344722], [100.74071944, 14.04447222], [100.846425, 14.01610833], [100.82506389, 13.93505278], [100.80371667, 13.85399722], [100.78179167, 13.77066944], [100.76103333, 13.69171389]]}}, {"type": "Feature", "properties": {"flight_key": "JAL108_VTPO_VTBS_2025-12-23 02:28", "callsign": "JAL108", "aircraft_type": "B788", "adep": "VTPO", "ades": "VTBS", "epoch_ts": "2025-12-23 02:28:27+00:00", "altitude_ft": 184.0, "tas_kt": 250.6, "gs_kt": 250.6, "track_deg": 181.12045180123567, "phase": "climb"}, "geometry": {"type": "Point", "coordinates": [99.818517, 17.247186, 56.1]}}, {"type": "Feature", "properties": {"flight_key": "JAL108_VTPO_VTBS_2025-12-23 02:28", "callsign": "JAL108", "aircraft_type": "B788", "adep": "VTPO", "ades": "VTBS", "epoch_ts": "2025-12-23 02:28:47+00:00", "altitude_ft": 872.7, "tas_kt": 253.1, "gs_kt": 253.1, "track_deg": 181.12045180123567, "phase": "climb"}, "geometry": {"type": "Point", "coordinates": [99.81804, 17.223776, 266.0]}}, {"type": "Feature", "properties": {"flight_key": "JAL108_VTPO_VTBS_2025-12-23 02:28", "callsign": "JAL108", "aircraft_type": "B788", "adep": "VTPO", "ades": "VTBS", "epoch_ts": "2025-12-23 02:29:07+00:00", "altitude_ft": 1547.6, "tas_kt": 255.5, "gs_kt": 255.5, "track_deg": 181.12045180123567, "phase": "climb"}, "geometry": {"type": "Point", "coordinates": [99.817559, 17.200139, 471.7]}}, {"type": "Feature", "properties": {"flight_key": "JAL108_VTPO_VTBS_2025-12-23 02:28", "callsign": "JAL108", "aircraft_type": "B788", "adep": "VTPO", "ades": "VTBS", "epoch_ts": "2025-12-23 02:29:27+00:00", "altitude_ft": 2180.7, "tas_kt": 257.8, "gs_kt": 257.8, "track_deg": 181.12045180123567, "phase": "climb"}, "geometry": {"type": "Point", "coordinates": [99.817074, 17.176282, 664.7]}}, {"type": "Feature", "properties": {"flight_key": "JAL108_VTPO_VTBS_2025-12-23 02:28", "callsign": "JAL108", "aircraft_type": "B788", "adep": "VTPO", "ades": "VTBS", "epoch_ts": "2025-12-23 02:29:47+00:00", "altitude_ft": 2784.0, "tas_kt": 260.0, "gs_kt": 260.0, "track_deg": 181.12045180123567, "phase": "climb"}, "geometry": {"type": "Point", "coordinates": [99.816585, 17.152216, 848.6]}}, {"type": "Feature", "properties": {"flight_key": "JAL108_VTPO_VTBS_2025-12-23 02:28", "callsign": "JAL108", "aircraft_type": "B788", "adep": "VTPO", "ades": "VTBS", "epoch_ts": "2025-12-23 02:30:07+00:00", "altitude_ft": 3390.7, "tas_kt": 262.3, "gs_kt": 262.3, "track_deg": 181.12045180123567, "phase": "climb"}, "geometry": {"type": "Point", "coordinates": [99.816091, 17.127943, 1033.5]}}, {"type": "Feature", "properties": {"flight_key": "JAL108_VTPO_VTBS_2025-12-23 02:28", "callsign": "JAL108", "aircraft_type": "B788", "adep": "VTPO", "ades": "VTBS", "epoch_ts": "2025-12-23 02:30:27+00:00", "altitude_ft": 3999.4, "tas_kt": 264.6, "gs_kt": 264.6, "track_deg": 181.12045180123567, "phase": "climb"}, "geometry": {"type": "Point", "coordinates": [99.815594, 17.103458, 1219.0]}}, {"type": "Feature", "properties": {"flight_key": "JAL108_VTPO_VTBS_2025-12-23 02:28", "callsign": "JAL108", "aircraft_type": "B788", "adep": "VTPO", "ades": "VTBS", "epoch_ts": "2025-12-23 02:30:47+00:00", "altitude_ft": 4700.5, "tas_kt": 267.2, "gs_kt": 267.2, "track_deg": 181.12045180123567, "phase": "climb"}, "geometry": {"type": "Point", "coordinates": [99.815091, 17.078742, 1432.7]}}, {"type": "Feature", "properties": {"flight_key": "JAL108_VTPO_VTBS_2025-12-23 02:28", "callsign": "JAL108", "aircraft_type": "B788", "adep": "VTPO", "ades": "VTBS", "epoch_ts": "2025-12-23 02:31:07+00:00", "altitude_ft": 5401.7, "tas_kt": 270.0, "gs_kt": 270.0, "track_deg": 181.12045180123567, "phase": "climb"}, "geometry": {"type": "Point", "coordinates": [99.814584, 17.053775, 1646.4]}}, {"type": "Feature", "properties": {"flight_key": "JAL108_VTPO_VTBS_2025-12-23 02:28", "callsign": "JAL108", "aircraft_type": "B788", "adep": "VTPO", "ades": "VTBS", "epoch_ts": "2025-12-23 02:31:27+00:00", "altitude_ft": 6114.0, "tas_kt": 272.7, "gs_kt": 272.7, "track_deg": 171.66208058568196, "phase": "climb"}, "geometry": {"type": "Point", "coordinates": [99.815153, 17.028606, 1863.5]}}, {"type": "Feature", "properties": {"flight_key": "JAL108_VTPO_VTBS_2025-12-23 02:28", "callsign": "JAL108", "aircraft_type": "B788", "adep": "VTPO", "ades": "VTBS", "epoch_ts": "2025-12-23 02:31:47+00:00", "altitude_ft": 6891.3, "tas_kt": 275.8, "gs_kt": 275.8, "track_deg": 171.66208058568196, "phase": "climb"}, "geometry": {"type": "Point", "coordinates": [99.818997, 17.003374, 2100.5]}}, {"type": "Feature", "properties": {"flight_key": "JAL108_VTPO_VTBS_2025-12-23 02:28", "callsign": "JAL108", "aircraft_type": "B788", "adep": "VTPO", "ades": "VTBS", "epoch_ts": "2025-12-23 02:32:07+00:00", "altitude_ft": 7668.7, "tas_kt": 279.0, "gs_kt": 279.0, "track_deg": 171.66208058568196, "phase": "climb"}, "geometry": {"type": "Point", "coordinates": [99.822882, 16.977856, 2337.4]}}, {"type": "Feature", "properties": {"flight_key": "JAL108_VTPO_VTBS_2025-12-23 02:28", "callsign": "JAL108", "aircraft_type": "B788", "adep": "VTPO", "ades": "VTBS", "epoch_ts": "2025-12-23 02:32:27+00:00", "altitude_ft": 8394.7, "tas_kt": 282.0, "gs_kt": 282.0, "track_deg": 171.66208058568196, "phase": "climb"}, "geometry": {"type": "Point", "coordinates": [99.826811, 16.952053, 2558.7]}}, {"type": "Feature", "properties": {"flight_key": "JAL108_VTPO_VTBS_2025-12-23 02:28", "callsign": "JAL108", "aircraft_type": "B788", "adep": "VTPO", "ades": "VTBS", "epoch_ts": "2025-12-23 02:32:47+00:00", "altitude_ft": 9082.7, "tas_kt": 284.8, "gs_kt": 284.8, "track_deg": 171.66208058568196, "phase": "climb"}, "geometry": {"type": "Point", "coordinates": [99.830778, 16.925984, 2768.4]}}, {"type": "Feature", "properties": {"flight_key": "JAL108_VTPO_VTBS_2025-12-23 02:28", "callsign": "JAL108", "aircraft_type": "B788", "adep": "VTPO", "ades": "VTBS", "epoch_ts": "2025-12-23 02:33:07+00:00", "altitude_ft": 9770.7, "tas_kt": 287.7, "gs_kt": 287.7, "track_deg": 171.66208058568196, "phase": "climb"}, "geometry": {"type": "Point", "coordinates": [99.834785, 16.899651, 2978.1]}}, {"type": "Feature", "properties": {"flight_key": "JAL108_VTPO_VTBS_2025-12-23 02:28", "callsign": "JAL108", "aircraft_type": "B788", "adep": "VTPO", "ades": "VTBS", "epoch_ts": "2025-12-23 02:33:27+00:00", "altitude_ft": 10368.8, "tas_kt": 358.5, "gs_kt": 358.5, "track_deg": 171.66208058568196, "phase": "climb"}, "geometry": {"type": "Point", "coordinates": [99.839464, 16.868885, 3160.4]}}, {"type": "Feature", "properties": {"flight_key": "JAL108_VTPO_VTBS_2025-12-23 02:28", "callsign": "JAL108", "aircraft_type": "B788", "adep": "VTPO", "ades": "VTBS", "epoch_ts": "2025-12-23 02:33:47+00:00", "altitude_ft": 10922.0, "tas_kt": 361.4, "gs_kt": 361.4, "track_deg": 171.66208058568196, "phase": "climb"}, "geometry": {"type": "Point", "coordinates": [99.844499, 16.835772, 3329.0]}}, {"type": "Feature", "properties": {"flight_key": "JAL108_VTPO_VTBS_2025-12-23 02:28", "callsign": "JAL108", "aircraft_type": "B788", "adep": "VTPO", "ades": "VTBS", "epoch_ts": "2025-12-23 02:34:07+00:00", "altitude_ft": 11475.2, "tas_kt": 364.3, "gs_kt": 364.3, "track_deg": 171.66208058568196, "phase": "climb"}, "geometry": {"type": "Point", "coordinates": [99.849572, 16.802394, 3497.6]}}, {"type": "Feature", "properties": {"flight_key": "JAL108_VTPO_VTBS_2025-12-23 02:28", "callsign": "JAL108", "aircraft_type": "B788", "adep": "VTPO", "ades": "VTBS", "epoch_ts": "2025-12-23 02:34:27+00:00", "altitude_ft": 12030.1, "tas_kt": 367.2, "gs_kt": 367.2, "track_deg": 171.66208058568196, "phase": "climb"}, "geometry": {"type": "Point", "coordinates": [99.854684, 16.768749, 3666.8]}}, {"type": "Feature", "properties": {"flight_key": "JAL108_VTPO_VTBS_2025-12-23 02:28", "callsign": "JAL108", "aircraft_type": "B788", "adep": "VTPO", "ades": "VTBS", "epoch_ts": "2025-12-23 02:34:47+00:00", "altitude_ft": 12617.9, "tas_kt": 370.4, "gs_kt": 370.4, "track_deg": 171.66208058568196, "phase": "climb"}, "geometry": {"type": "Point", "coordinates": [99.859837, 16.734824, 3845.9]}}, {"type": "Feature", "properties": {"flight_key": "JAL108_VTPO_VTBS_2025-12-23 02:28", "callsign": "JAL108", "aircraft_type": "B788", "adep": "VTPO", "ades": "VTBS", "epoch_ts": "2025-12-23 02:35:07+00:00", "altitude_ft": 13205.8, "tas_kt": 373.5, "gs_kt": 373.5, "track_deg": 171.66208058568196, "phase": "climb"}, "geometry": {"type": "Point", "coordinates": [99.865032, 16.700609, 4025.1]}}, {"type": "Feature", "properties": {"flight_key": "JAL108_VTPO_VTBS_2025-12-23 02:28", "callsign": "JAL108", "aircraft_type": "B788", "adep": "VTPO", "ades": "VTBS", "epoch_ts": "2025-12-23 02:35:27+00:00", "altitude_ft": 13793.6, "tas_kt": 376.7, "gs_kt": 376.7, "track_deg": 171.66208058568196, "phase": "climb"}, "geometry": {"type": "Point", "coordinates": [99.870269, 16.666101, 4204.3]}}, {"type": "Feature", "properties": {"flight_key": "JAL108_VTPO_VTBS_2025-12-23 02:28", "callsign": "JAL108", "aircraft_type": "B788", "adep": "VTPO", "ades": "VTBS", "epoch_ts": "2025-12-23 02:35:47+00:00", "altitude_ft": 14409.4, "tas_kt": 380.1, "gs_kt": 380.1, "track_deg": 160.49295346746723, "phase": "climb"}, "geometry": {"type": "Point", "coordinates": [99.876562, 16.631506, 4392.0]}}, {"type": "Feature", "properties": {"flight_key": "JAL108_VTPO_VTBS_2025-12-23 02:28", "callsign": "JAL108", "aircraft_type": "B788", "adep": "VTPO", "ades": "VTBS", "epoch_ts": "2025-12-23 02:36:07+00:00", "altitude_ft": 15040.2, "tas_kt": 383.6, "gs_kt": 383.6, "track_deg": 131.50548802868587, "phase": "climb"}, "geometry": {"type": "Point", "coordinates": [99.90012, 16.604821, 4584.3]}}, {"type": "Feature", "properties": {"flight_key": "JAL108_VTPO_VTBS_2025-12-23 02:28", "callsign": "JAL108", "aircraft_type": "B788", "adep": "VTPO", "ades": "VTBS", "epoch_ts": "2025-12-23 02:36:27+00:00", "altitude_ft": 15671.0, "tas_kt": 387.2, "gs_kt": 387.2, "track_deg": 131.50548802868587, "phase": "climb"}, "geometry": {"type": "Point", "coordinates": [99.927946, 16.581071, 4776.5]}}, {"type": "Feature", "properties": {"flight_key": "JAL108_VTPO_VTBS_2025-12-23 02:28", "callsign": "JAL108", "aircraft_type": "B788", "adep": "VTPO", "ades": "VTBS", "epoch_ts": "2025-12-23 02:36:47+00:00", "altitude_ft": 16281.5, "tas_kt": 390.7, "gs_kt": 390.7, "track_deg": 131.50548802868587, "phase": "climb"}, "geometry": {"type": "Point", "coordinates": [99.956022, 16.557098, 4962.6]}}, {"type": "Feature", "properties": {"flight_key": "JAL108_VTPO_VTBS_2025-12-23 02:28", "callsign": "JAL108", "aircraft_type": "B788", "adep": "VTPO", "ades": "VTBS", "epoch_ts": "2025-12-23 02:37:07+00:00", "altitude_ft": 16869.8, "tas_kt": 394.1, "gs_kt": 394.1, "track_deg": 131.50548802868587, "phase": "climb"}, "geometry": {"type": "Point", "coordinates": [99.984336, 16.532912, 5141.9]}}, {"type": "Feature", "properties": {"flight_key": "JAL108_VTPO_VTBS_2025-12-23 02:28", "callsign": "JAL108", "aircraft_type": "B788", "adep": "VTPO", "ades": "VTBS", "epoch_ts": "2025-12-23 02:37:27+00:00", "altitude_ft": 17458.2, "tas_kt": 397.5, "gs_kt": 397.5, "track_deg": 131.50548802868587, "phase": "climb"}, "geometry": {"type": "Point", "coordinates": [100.01289, 16.508511, 5321.3]}}, {"type": "Feature", "properties": {"flight_key": "JAL108_VTPO_VTBS_2025-12-23 02:28", "callsign": "JAL108", "aircraft_type": "B788", "adep": "VTPO", "ades": "VTBS", "epoch_ts": "2025-12-23 02:37:47+00:00", "altitude_ft": 18042.8, "tas_kt": 401.0, "gs_kt": 401.0, "track_deg": 131.50548802868587, "phase": "climb"}, "geometry": {"type": "Point", "coordinates": [100.041685, 16.483894, 5499.4]}}, {"type": "Feature", "properties": {"flight_key": "JAL108_VTPO_VTBS_2025-12-23 02:28", "callsign": "JAL108", "aircraft_type": "B788", "adep": "VTPO", "ades": "VTBS", "epoch_ts": "2025-12-23 02:38:07+00:00", "altitude_ft": 18584.5, "tas_kt": 404.2, "gs_kt": 404.2, "track_deg": 131.50548802868587, "phase": "climb"}, "geometry": {"type": "Point", "coordinates": [100.070713, 16.459067, 5664.6]}}, {"type": "Feature", "properties": {"flight_key": "JAL108_VTPO_VTBS_2025-12-23 02:28", "callsign": "JAL108", "aircraft_type": "B788", "adep": "VTPO", "ades": "VTBS", "epoch_ts": "2025-12-23 02:38:27+00:00", "altitude_ft": 19126.2, "tas_kt": 407.4, "gs_kt": 407.4, "track_deg": 131.50548802868587, "phase": "climb"}, "geometry": {"type": "Point", "coordinates": [100.099967, 16.434036, 5829.7]}}, {"type": "Feature", "properties": {"flight_key": "JAL108_VTPO_VTBS_2025-12-23 02:28", "callsign": "JAL108", "aircraft_type": "B788", "adep": "VTPO", "ades": "VTBS", "epoch_ts": "2025-12-23 02:38:47+00:00", "altitude_ft": 19667.8, "tas_kt": 410.7, "gs_kt": 410.7, "track_deg": 131.50548802868587, "phase": "climb"}, "geometry": {"type": "Point", "coordinates": [100.129449, 16.408799, 5994.7]}}, {"type": "Feature", "properties": {"flight_key": "JAL108_VTPO_VTBS_2025-12-23 02:28", "callsign": "JAL108", "aircraft_type": "B788", "adep": "VTPO", "ades": "VTBS", "epoch_ts": "2025-12-23 02:39:07+00:00", "altitude_ft": 20190.9, "tas_kt": 413.9, "gs_kt": 413.9, "track_deg": 131.50548802868587, "phase": "climb"}, "geometry": {"type": "Point", "coordinates": [100.159161, 16.383355, 6154.2]}}, {"type": "Feature", "properties": {"flight_key": "JAL108_VTPO_VTBS_2025-12-23 02:28", "callsign": "JAL108", "aircraft_type": "B788", "adep": "VTPO", "ades": "VTBS", "epoch_ts": "2025-12-23 02:39:27+00:00", "altitude_ft": 20684.6, "tas_kt": 417.0, "gs_kt": 417.0, "track_deg": 131.50548802868587, "phase": "climb"}, "geometry": {"type": "Point", "coordinates": [100.189088, 16.357716, 6304.7]}}, {"type": "Feature", "properties": {"flight_key": "JAL108_VTPO_VTBS_2025-12-23 02:28", "callsign": "JAL108", "aircraft_type": "B788", "adep": "VTPO", "ades": "VTBS", "epoch_ts": "2025-12-23 02:39:47+00:00", "altitude_ft": 21178.3, "tas_kt": 420.1, "gs_kt": 420.1, "track_deg": 131.50548802868587, "phase": "climb"}, "geometry": {"type": "Point", "coordinates": [100.222564, 16.329023, 6455.1]}}, {"type": "Feature", "properties": {"flight_key": "JAL108_VTPO_VTBS_2025-12-23 02:28", "callsign": "JAL108", "aircraft_type": "B788", "adep": "VTPO", "ades": "VTBS", "epoch_ts": "2025-12-23 02:40:07+00:00", "altitude_ft": 21671.9, "tas_kt": 423.2, "gs_kt": 423.2, "track_deg": 131.50548802868587, "phase": "climb"}, "geometry": {"type": "Point", "coordinates": [100.25915, 16.297649, 6605.6]}}, {"type": "Feature", "properties": {"flight_key": "JAL108_VTPO_VTBS_2025-12-23 02:28", "callsign": "JAL108", "aircraft_type": "B788", "adep": "VTPO", "ades": "VTBS", "epoch_ts": "2025-12-23 02:40:27+00:00", "altitude_ft": 22150.4, "tas_kt": 426.2, "gs_kt": 426.2, "track_deg": 162.88622315293466, "phase": "climb"}, "geometry": {"type": "Point", "coordinates": [100.291592, 16.262705, 6751.4]}}, {"type": "Feature", "properties": {"flight_key": "JAL108_VTPO_VTBS_2025-12-23 02:28", "callsign": "JAL108", "aircraft_type": "B788", "adep": "VTPO", "ades": "VTBS", "epoch_ts": "2025-12-23 02:40:47+00:00", "altitude_ft": 22598.7, "tas_kt": 429.1, "gs_kt": 429.1, "track_deg": 179.76969745907607, "phase": "climb"}, "geometry": {"type": "Point", "coordinates": [100.293612, 16.214968, 6888.1]}}, {"type": "Feature", "properties": {"flight_key": "JAL108_VTPO_VTBS_2025-12-23 02:28", "callsign": "JAL108", "aircraft_type": "B788", "adep": "VTPO", "ades": "VTBS", "epoch_ts": "2025-12-23 02:41:07+00:00", "altitude_ft": 23047.1, "tas_kt": 432.0, "gs_kt": 432.0, "track_deg": 179.76969745907607, "phase": "climb"}, "geometry": {"type": "Point", "coordinates": [100.293812, 16.166718, 7024.8]}}, {"type": "Feature", "properties": {"flight_key": "JAL108_VTPO_VTBS_2025-12-23 02:28", "callsign": "JAL108", "aircraft_type": "B788", "adep": "VTPO", "ades": "VTBS", "epoch_ts": "2025-12-23 02:41:27+00:00", "altitude_ft": 23495.4, "tas_kt": 434.9, "gs_kt": 434.9, "track_deg": 179.76969745907607, "phase": "climb"}, "geometry": {"type": "Point", "coordinates": [100.294014, 16.118141, 7161.4]}}, {"type": "Feature", "properties": {"flight_key": "JAL108_VTPO_VTBS_2025-12-23 02:28", "callsign": "JAL108", "aircraft_type": "B788", "adep": "VTPO", "ades": "VTBS", "epoch_ts": "2025-12-23 02:41:47+00:00", "altitude_ft": 23943.7, "tas_kt": 437.9, "gs_kt": 437.9, "track_deg": 179.76969745907607, "phase": "climb"}, "geometry": {"type": "Point", "coordinates": [100.294217, 16.069236, 7298.0]}}, {"type": "Feature", "properties": {"flight_key": "JAL108_VTPO_VTBS_2025-12-23 02:28", "callsign": "JAL108", "aircraft_type": "B788", "adep": "VTPO", "ades": "VTBS", "epoch_ts": "2025-12-23 02:42:07+00:00", "altitude_ft": 24358.2, "tas_kt": 440.6, "gs_kt": 440.6, "track_deg": 179.76969745907607, "phase": "climb"}, "geometry": {"type": "Point", "coordinates": [100.294422, 16.02001, 7424.4]}}, {"type": "Feature", "properties": {"flight_key": "JAL108_VTPO_VTBS_2025-12-23 02:28", "callsign": "JAL108", "aircraft_type": "B788", "adep": "VTPO", "ades": "VTBS", "epoch_ts": "2025-12-23 02:42:27+00:00", "altitude_ft": 24767.9, "tas_kt": 443.4, "gs_kt": 443.4, "track_deg": 179.76969745907607, "phase": "climb"}, "geometry": {"type": "Point", "coordinates": [100.294627, 15.970478, 7549.3]}}, {"type": "Feature", "properties": {"flight_key": "JAL108_VTPO_VTBS_2025-12-23 02:28", "callsign": "JAL108", "aircraft_type": "B788", "adep": "VTPO", "ades": "VTBS", "epoch_ts": "2025-12-23 02:42:47+00:00", "altitude_ft": 25177.6, "tas_kt": 446.1, "gs_kt": 446.1, "track_deg": 179.76969745907607, "phase": "climb"}, "geometry": {"type": "Point", "coordinates": [100.294834, 15.920639, 7674.1]}}, {"type": "Feature", "properties": {"flight_key": "JAL108_VTPO_VTBS_2025-12-23 02:28", "callsign": "JAL108", "aircraft_type": "B788", "adep": "VTPO", "ades": "VTBS", "epoch_ts": "2025-12-23 02:43:07+00:00", "altitude_ft": 25587.2, "tas_kt": 448.9, "gs_kt": 448.9, "track_deg": 179.76969745907607, "phase": "climb"}, "geometry": {"type": "Point", "coordinates": [100.295042, 15.87049, 7799.0]}}, {"type": "Feature", "properties": {"flight_key": "JAL108_VTPO_VTBS_2025-12-23 02:28", "callsign": "JAL108", "aircraft_type": "B788", "adep": "VTPO", "ades": "VTBS", "epoch_ts": "2025-12-23 02:43:27+00:00", "altitude_ft": 25996.9, "tas_kt": 451.7, "gs_kt": 451.7, "track_deg": 179.76969745907607, "phase": "climb"}, "geometry": {"type": "Point", "coordinates": [100.295251, 15.820028, 7923.9]}}, {"type": "Feature", "properties": {"flight_key": "JAL108_VTPO_VTBS_2025-12-23 02:28", "callsign": "JAL108", "aircraft_type": "B788", "adep": "VTPO", "ades": "VTBS", "epoch_ts": "2025-12-23 02:43:47+00:00", "altitude_ft": 26377.1, "tas_kt": 454.3, "gs_kt": 454.3, "track_deg": 179.76969745907607, "phase": "climb"}, "geometry": {"type": "Point", "coordinates": [100.295461, 15.769264, 8039.7]}}, {"type": "Feature", "properties": {"flight_key": "JAL108_VTPO_VTBS_2025-12-23 02:28", "callsign": "JAL108", "aircraft_type": "B788", "adep": "VTPO", "ades": "VTBS", "epoch_ts": "2025-12-23 02:44:07+00:00", "altitude_ft": 26757.1, "tas_kt": 456.9, "gs_kt": 456.9, "track_deg": 179.76969745907607, "phase": "climb"}, "geometry": {"type": "Point", "coordinates": [100.295673, 15.718205, 8155.6]}}, {"type": "Feature", "properties": {"flight_key": "JAL108_VTPO_VTBS_2025-12-23 02:28", "callsign": "JAL108", "aircraft_type": "B788", "adep": "VTPO", "ades": "VTBS", "epoch_ts": "2025-12-23 02:44:27+00:00", "altitude_ft": 27137.1, "tas_kt": 459.6, "gs_kt": 459.6, "track_deg": 179.76969745907607, "phase": "climb"}, "geometry": {"type": "Point", "coordinates": [100.295885, 15.666851, 8271.4]}}, {"type": "Feature", "properties": {"flight_key": "JAL108_VTPO_VTBS_2025-12-23 02:28", "callsign": "JAL108", "aircraft_type": "B788", "adep": "VTPO", "ades": "VTBS", "epoch_ts": "2025-12-23 02:44:47+00:00", "altitude_ft": 27517.1, "tas_kt": 462.2, "gs_kt": 462.2, "track_deg": 179.76969745907607, "phase": "climb"}, "geometry": {"type": "Point", "coordinates": [100.296099, 15.6152, 8387.2]}}, {"type": "Feature", "properties": {"flight_key": "JAL108_VTPO_VTBS_2025-12-23 02:28", "callsign": "JAL108", "aircraft_type": "B788", "adep": "VTPO", "ades": "VTBS", "epoch_ts": "2025-12-23 02:45:07+00:00", "altitude_ft": 27897.1, "tas_kt": 464.9, "gs_kt": 464.9, "track_deg": 179.76969745907607, "phase": "climb"}, "geometry": {"type": "Point", "coordinates": [100.296314, 15.563249, 8503.0]}}, {"type": "Feature", "properties": {"flight_key": "JAL108_VTPO_VTBS_2025-12-23 02:28", "callsign": "JAL108", "aircraft_type": "B788", "adep": "VTPO", "ades": "VTBS", "epoch_ts": "2025-12-23 02:45:27+00:00", "altitude_ft": 28129.8, "tas_kt": 452.7, "gs_kt": 452.7, "track_deg": 179.76969745907607, "phase": "descent"}, "geometry": {"type": "Point", "coordinates": [100.296529, 15.511181, 8574.0]}}, {"type": "Feature", "properties": {"flight_key": "JAL108_VTPO_VTBS_2025-12-23 02:28", "callsign": "JAL108", "aircraft_type": "B788", "adep": "VTPO", "ades": "VTBS", "epoch_ts": "2025-12-23 02:45:47+00:00", "altitude_ft": 27504.8, "tas_kt": 448.4, "gs_kt": 448.4, "track_deg": 179.76969745907607, "phase": "descent"}, "geometry": {"type": "Point", "coordinates": [100.296737, 15.460691, 8383.5]}}, {"type": "Feature", "properties": {"flight_key": "JAL108_VTPO_VTBS_2025-12-23 02:28", "callsign": "JAL108", "aircraft_type": "B788", "adep": "VTPO", "ades": "VTBS", "epoch_ts": "2025-12-23 02:46:07+00:00", "altitude_ft": 26883.4, "tas_kt": 444.1, "gs_kt": 444.1, "track_deg": 179.76969745907607, "phase": "descent"}, "geometry": {"type": "Point", "coordinates": [100.296944, 15.41068, 8194.1]}}, {"type": "Feature", "properties": {"flight_key": "JAL108_VTPO_VTBS_2025-12-23 02:28", "callsign": "JAL108", "aircraft_type": "B788", "adep": "VTPO", "ades": "VTBS", "epoch_ts": "2025-12-23 02:46:27+00:00", "altitude_ft": 26262.1, "tas_kt": 439.9, "gs_kt": 439.9, "track_deg": 179.76969745907607, "phase": "descent"}, "geometry": {"type": "Point", "coordinates": [100.297148, 15.361143, 8004.7]}}, {"type": "Feature", "properties": {"flight_key": "JAL108_VTPO_VTBS_2025-12-23 02:28", "callsign": "JAL108", "aircraft_type": "B788", "adep": "VTPO", "ades": "VTBS", "epoch_ts": "2025-12-23 02:46:47+00:00", "altitude_ft": 25653.8, "tas_kt": 435.8, "gs_kt": 435.8, "track_deg": 179.76969745907607, "phase": "descent"}, "geometry": {"type": "Point", "coordinates": [100.29735, 15.312071, 7819.3]}}, {"type": "Feature", "properties": {"flight_key": "JAL108_VTPO_VTBS_2025-12-23 02:28", "callsign": "JAL108", "aircraft_type": "B788", "adep": "VTPO", "ades": "VTBS", "epoch_ts": "2025-12-23 02:47:07+00:00", "altitude_ft": 25054.9, "tas_kt": 404.8, "gs_kt": 404.8, "track_deg": 149.16631940215822, "phase": "descent"}, "geometry": {"type": "Point", "coordinates": [100.303312, 15.266382, 7636.7]}}, {"type": "Feature", "properties": {"flight_key": "JAL108_VTPO_VTBS_2025-12-23 02:28", "callsign": "JAL108", "aircraft_type": "B788", "adep": "VTPO", "ades": "VTBS", "epoch_ts": "2025-12-23 02:47:27+00:00", "altitude_ft": 24456.1, "tas_kt": 401.1, "gs_kt": 401.1, "track_deg": 149.16631940215822, "phase": "descent"}, "geometry": {"type": "Point", "coordinates": [100.327152, 15.227603, 7454.2]}}, {"type": "Feature", "properties": {"flight_key": "JAL108_VTPO_VTBS_2025-12-23 02:28", "callsign": "JAL108", "aircraft_type": "B788", "adep": "VTPO", "ades": "VTBS", "epoch_ts": "2025-12-23 02:47:47+00:00", "altitude_ft": 27231.3, "tas_kt": 418.8, "gs_kt": 418.8, "track_deg": 149.16631940215822, "phase": "descent"}, "geometry": {"type": "Point", "coordinates": [100.351635, 15.187759, 8300.1]}}, {"type": "Feature", "properties": {"flight_key": "JAL108_VTPO_VTBS_2025-12-23 02:28", "callsign": "JAL108", "aircraft_type": "B788", "adep": "VTPO", "ades": "VTBS", "epoch_ts": "2025-12-23 02:48:07+00:00", "altitude_ft": 26446.4, "tas_kt": 413.7, "gs_kt": 413.7, "track_deg": 149.16631940215822, "phase": "descent"}, "geometry": {"type": "Point", "coordinates": [100.376247, 15.147689, 8060.9]}}, {"type": "Feature", "properties": {"flight_key": "JAL108_VTPO_VTBS_2025-12-23 02:28", "callsign": "JAL108", "aircraft_type": "B788", "adep": "VTPO", "ades": "VTBS", "epoch_ts": "2025-12-23 02:48:27+00:00", "altitude_ft": 25670.9, "tas_kt": 408.7, "gs_kt": 408.7, "track_deg": 149.16631940215822, "phase": "descent"}, "geometry": {"type": "Point", "coordinates": [100.400552, 15.1081, 7824.5]}}, {"type": "Feature", "properties": {"flight_key": "JAL108_VTPO_VTBS_2025-12-23 02:28", "callsign": "JAL108", "aircraft_type": "B788", "adep": "VTPO", "ades": "VTBS", "epoch_ts": "2025-12-23 02:48:47+00:00", "altitude_ft": 24904.6, "tas_kt": 403.9, "gs_kt": 403.9, "track_deg": 149.16631940215822, "phase": "descent"}, "geometry": {"type": "Point", "coordinates": [100.424558, 15.068981, 7590.9]}}, {"type": "Feature", "properties": {"flight_key": "JAL108_VTPO_VTBS_2025-12-23 02:28", "callsign": "JAL108", "aircraft_type": "B788", "adep": "VTPO", "ades": "VTBS", "epoch_ts": "2025-12-23 02:49:07+00:00", "altitude_ft": 24183.9, "tas_kt": 358.7, "gs_kt": 358.7, "track_deg": 149.16631940215822, "phase": "descent"}, "geometry": {"type": "Point", "coordinates": [100.447129, 15.032186, 7371.3]}}, {"type": "Feature", "properties": {"flight_key": "JAL108_VTPO_VTBS_2025-12-23 02:28", "callsign": "JAL108", "aircraft_type": "B788", "adep": "VTPO", "ades": "VTBS", "epoch_ts": "2025-12-23 02:49:27+00:00", "altitude_ft": 23511.1, "tas_kt": 354.9, "gs_kt": 354.9, "track_deg": 149.16631940215822, "phase": "descent"}, "geometry": {"type": "Point", "coordinates": [100.468192, 14.997834, 7166.2]}}, {"type": "Feature", "properties": {"flight_key": "JAL108_VTPO_VTBS_2025-12-23 02:28", "callsign": "JAL108", "aircraft_type": "B788", "adep": "VTPO", "ades": "VTBS", "epoch_ts": "2025-12-23 02:49:47+00:00", "altitude_ft": 22811.1, "tas_kt": 351.0, "gs_kt": 351.0, "track_deg": 149.16631940215822, "phase": "descent"}, "geometry": {"type": "Point", "coordinates": [100.490101, 14.962089, 6952.8]}}, {"type": "Feature", "properties": {"flight_key": "JAL108_VTPO_VTBS_2025-12-23 02:28", "callsign": "JAL108", "aircraft_type": "B788", "adep": "VTPO", "ades": "VTBS", "epoch_ts": "2025-12-23 02:50:07+00:00", "altitude_ft": 22111.6, "tas_kt": 347.2, "gs_kt": 347.2, "track_deg": 149.16631940215822, "phase": "descent"}, "geometry": {"type": "Point", "coordinates": [100.511987, 14.926369, 6739.6]}}, {"type": "Feature", "properties": {"flight_key": "JAL108_VTPO_VTBS_2025-12-23 02:28", "callsign": "JAL108", "aircraft_type": "B788", "adep": "VTPO", "ades": "VTBS", "epoch_ts": "2025-12-23 02:50:27+00:00", "altitude_ft": 21419.6, "tas_kt": 343.5, "gs_kt": 343.5, "track_deg": 149.16631940215822, "phase": "descent"}, "geometry": {"type": "Point", "coordinates": [100.533631, 14.89103, 6528.7]}}, {"type": "Feature", "properties": {"flight_key": "JAL108_VTPO_VTBS_2025-12-23 02:28", "callsign": "JAL108", "aircraft_type": "B788", "adep": "VTPO", "ades": "VTBS", "epoch_ts": "2025-12-23 02:50:47+00:00", "altitude_ft": 20735.0, "tas_kt": 339.8, "gs_kt": 339.8, "track_deg": 149.16631940215822, "phase": "descent"}, "geometry": {"type": "Point", "coordinates": [100.555038, 14.856064, 6320.0]}}, {"type": "Feature", "properties": {"flight_key": "JAL108_VTPO_VTBS_2025-12-23 02:28", "callsign": "JAL108", "aircraft_type": "B788", "adep": "VTPO", "ades": "VTBS", "epoch_ts": "2025-12-23 02:51:07+00:00", "altitude_ft": 20057.5, "tas_kt": 336.2, "gs_kt": 336.2, "track_deg": 149.16631940215822, "phase": "descent"}, "geometry": {"type": "Point", "coordinates": [100.576214, 14.821461, 6113.5]}}, {"type": "Feature", "properties": {"flight_key": "JAL108_VTPO_VTBS_2025-12-23 02:28", "callsign": "JAL108", "aircraft_type": "B788", "adep": "VTPO", "ades": "VTBS", "epoch_ts": "2025-12-23 02:51:27+00:00", "altitude_ft": 19387.0, "tas_kt": 332.8, "gs_kt": 332.8, "track_deg": 149.16631940215822, "phase": "descent"}, "geometry": {"type": "Point", "coordinates": [100.597165, 14.787214, 5909.2]}}, {"type": "Feature", "properties": {"flight_key": "JAL108_VTPO_VTBS_2025-12-23 02:28", "callsign": "JAL108", "aircraft_type": "B788", "adep": "VTPO", "ades": "VTBS", "epoch_ts": "2025-12-23 02:51:47+00:00", "altitude_ft": 18723.3, "tas_kt": 329.4, "gs_kt": 329.4, "track_deg": 149.16631940215822, "phase": "descent"}, "geometry": {"type": "Point", "coordinates": [100.617896, 14.753314, 5706.9]}}, {"type": "Feature", "properties": {"flight_key": "JAL108_VTPO_VTBS_2025-12-23 02:28", "callsign": "JAL108", "aircraft_type": "B788", "adep": "VTPO", "ades": "VTBS", "epoch_ts": "2025-12-23 02:52:07+00:00", "altitude_ft": 18066.3, "tas_kt": 326.1, "gs_kt": 326.1, "track_deg": 156.25095021633027, "phase": "descent"}, "geometry": {"type": "Point", "coordinates": [100.638016, 14.719545, 5506.6]}}, {"type": "Feature", "properties": {"flight_key": "JAL108_VTPO_VTBS_2025-12-23 02:28", "callsign": "JAL108", "aircraft_type": "B788", "adep": "VTPO", "ades": "VTBS", "epoch_ts": "2025-12-23 02:52:27+00:00", "altitude_ft": 18000.0, "tas_kt": 325.7, "gs_kt": 325.7, "track_deg": 163.30491418266058, "phase": "descent"}, "geometry": {"type": "Point", "coordinates": [100.650159, 14.682626, 5486.4]}}, {"type": "Feature", "properties": {"flight_key": "JAL108_VTPO_VTBS_2025-12-23 02:28", "callsign": "JAL108", "aircraft_type": "B788", "adep": "VTPO", "ades": "VTBS", "epoch_ts": "2025-12-23 02:52:47+00:00", "altitude_ft": 18000.0, "tas_kt": 325.7, "gs_kt": 325.7, "track_deg": 163.30491418266058, "phase": "descent"}, "geometry": {"type": "Point", "coordinates": [100.661602, 14.645474, 5486.4]}}, {"type": "Feature", "properties": {"flight_key": "JAL108_VTPO_VTBS_2025-12-23 02:28", "callsign": "JAL108", "aircraft_type": "B788", "adep": "VTPO", "ades": "VTBS", "epoch_ts": "2025-12-23 02:53:07+00:00", "altitude_ft": 18000.0, "tas_kt": 287.6, "gs_kt": 287.6, "track_deg": 163.30491418266058, "phase": "descent"}, "geometry": {"type": "Point", "coordinates": [100.671862, 14.612151, 5486.4]}}, {"type": "Feature", "properties": {"flight_key": "JAL108_VTPO_VTBS_2025-12-23 02:28", "callsign": "JAL108", "aircraft_type": "B788", "adep": "VTPO", "ades": "VTBS", "epoch_ts": "2025-12-23 02:53:27+00:00", "altitude_ft": 18000.0, "tas_kt": 287.6, "gs_kt": 287.6, "track_deg": 163.30491418266058, "phase": "descent"}, "geometry": {"type": "Point", "coordinates": [100.681961, 14.579341, 5486.4]}}, {"type": "Feature", "properties": {"flight_key": "JAL108_VTPO_VTBS_2025-12-23 02:28", "callsign": "JAL108", "aircraft_type": "B788", "adep": "VTPO", "ades": "VTBS", "epoch_ts": "2025-12-23 02:53:47+00:00", "altitude_ft": 18000.0, "tas_kt": 287.6, "gs_kt": 287.6, "track_deg": 163.31154804065102, "phase": "descent"}, "geometry": {"type": "Point", "coordinates": [100.692059, 14.546531, 5486.4]}}, {"type": "Feature", "properties": {"flight_key": "JAL108_VTPO_VTBS_2025-12-23 02:28", "callsign": "JAL108", "aircraft_type": "B788", "adep": "VTPO", "ades": "VTBS", "epoch_ts": "2025-12-23 02:54:07+00:00", "altitude_ft": 18000.0, "tas_kt": 287.6, "gs_kt": 287.6, "track_deg": 163.31154804065102, "phase": "descent"}, "geometry": {"type": "Point", "coordinates": [100.702155, 14.51372, 5486.4]}}, {"type": "Feature", "properties": {"flight_key": "JAL108_VTPO_VTBS_2025-12-23 02:28", "callsign": "JAL108", "aircraft_type": "B788", "adep": "VTPO", "ades": "VTBS", "epoch_ts": "2025-12-23 02:54:27+00:00", "altitude_ft": 18000.0, "tas_kt": 287.6, "gs_kt": 287.6, "track_deg": 163.31154804065102, "phase": "descent"}, "geometry": {"type": "Point", "coordinates": [100.712247, 14.480909, 5486.4]}}, {"type": "Feature", "properties": {"flight_key": "JAL108_VTPO_VTBS_2025-12-23 02:28", "callsign": "JAL108", "aircraft_type": "B788", "adep": "VTPO", "ades": "VTBS", "epoch_ts": "2025-12-23 02:54:47+00:00", "altitude_ft": 18000.0, "tas_kt": 287.6, "gs_kt": 287.6, "track_deg": 178.8779551604437, "phase": "descent"}, "geometry": {"type": "Point", "coordinates": [100.721171, 14.447857, 5486.4]}}, {"type": "Feature", "properties": {"flight_key": "JAL108_VTPO_VTBS_2025-12-23 02:28", "callsign": "JAL108", "aircraft_type": "B788", "adep": "VTPO", "ades": "VTBS", "epoch_ts": "2025-12-23 02:55:07+00:00", "altitude_ft": 17592.3, "tas_kt": 285.8, "gs_kt": 285.8, "track_deg": 194.42519405226795, "phase": "descent"}, "geometry": {"type": "Point", "coordinates": [100.71412, 14.414493, 5362.1]}}, {"type": "Feature", "properties": {"flight_key": "JAL108_VTPO_VTBS_2025-12-23 02:28", "callsign": "JAL108", "aircraft_type": "B788", "adep": "VTPO", "ades": "VTBS", "epoch_ts": "2025-12-23 02:55:27+00:00", "altitude_ft": 17021.9, "tas_kt": 283.3, "gs_kt": 283.3, "track_deg": 194.42519405226795, "phase": "descent"}, "geometry": {"type": "Point", "coordinates": [100.705457, 14.381658, 5188.3]}}, {"type": "Feature", "properties": {"flight_key": "JAL108_VTPO_VTBS_2025-12-23 02:28", "callsign": "JAL108", "aircraft_type": "B788", "adep": "VTPO", "ades": "VTBS", "epoch_ts": "2025-12-23 02:55:47+00:00", "altitude_ft": 16456.5, "tas_kt": 280.8, "gs_kt": 280.8, "track_deg": 194.42519405226795, "phase": "descent"}, "geometry": {"type": "Point", "coordinates": [100.696871, 14.34911, 5015.9]}}, {"type": "Feature", "properties": {"flight_key": "JAL108_VTPO_VTBS_2025-12-23 02:28", "callsign": "JAL108", "aircraft_type": "B788", "adep": "VTPO", "ades": "VTBS", "epoch_ts": "2025-12-23 02:56:07+00:00", "altitude_ft": 15896.1, "tas_kt": 278.4, "gs_kt": 278.4, "track_deg": 194.42519405226795, "phase": "descent"}, "geometry": {"type": "Point", "coordinates": [100.688363, 14.316845, 4845.1]}}, {"type": "Feature", "properties": {"flight_key": "JAL108_VTPO_VTBS_2025-12-23 02:28", "callsign": "JAL108", "aircraft_type": "B788", "adep": "VTPO", "ades": "VTBS", "epoch_ts": "2025-12-23 02:56:27+00:00", "altitude_ft": 15340.4, "tas_kt": 276.0, "gs_kt": 276.0, "track_deg": 194.42519405226795, "phase": "descent"}, "geometry": {"type": "Point", "coordinates": [100.679931, 14.284855, 4675.8]}}, {"type": "Feature", "properties": {"flight_key": "JAL108_VTPO_VTBS_2025-12-23 02:28", "callsign": "JAL108", "aircraft_type": "B788", "adep": "VTPO", "ades": "VTBS", "epoch_ts": "2025-12-23 02:56:47+00:00", "altitude_ft": 14789.5, "tas_kt": 273.7, "gs_kt": 273.7, "track_deg": 194.42519405226795, "phase": "descent"}, "geometry": {"type": "Point", "coordinates": [100.671572, 14.253137, 4507.8]}}, {"type": "Feature", "properties": {"flight_key": "JAL108_VTPO_VTBS_2025-12-23 02:28", "callsign": "JAL108", "aircraft_type": "B788", "adep": "VTPO", "ades": "VTBS", "epoch_ts": "2025-12-23 02:57:07+00:00", "altitude_ft": 14243.2, "tas_kt": 271.4, "gs_kt": 271.4, "track_deg": 194.40569362049712, "phase": "descent"}, "geometry": {"type": "Point", "coordinates": [100.663289, 14.221683, 4341.3]}}, {"type": "Feature", "properties": {"flight_key": "JAL108_VTPO_VTBS_2025-12-23 02:28", "callsign": "JAL108", "aircraft_type": "B788", "adep": "VTPO", "ades": "VTBS", "epoch_ts": "2025-12-23 02:57:27+00:00", "altitude_ft": 13772.9, "tas_kt": 221.1, "gs_kt": 221.1, "track_deg": 194.40569362049712, "phase": "descent"}, "geometry": {"type": "Point", "coordinates": [100.656161, 14.194605, 4198.0]}}, {"type": "Feature", "properties": {"flight_key": "JAL108_VTPO_VTBS_2025-12-23 02:28", "callsign": "JAL108", "aircraft_type": "B788", "adep": "VTPO", "ades": "VTBS", "epoch_ts": "2025-12-23 02:57:47+00:00", "altitude_ft": 13331.9, "tas_kt": 219.6, "gs_kt": 219.6, "track_deg": 194.40569362049712, "phase": "descent"}, "geometry": {"type": "Point", "coordinates": [100.64948, 14.169218, 4063.6]}}, {"type": "Feature", "properties": {"flight_key": "JAL108_VTPO_VTBS_2025-12-23 02:28", "callsign": "JAL108", "aircraft_type": "B788", "adep": "VTPO", "ades": "VTBS", "epoch_ts": "2025-12-23 02:58:07+00:00", "altitude_ft": 12894.1, "tas_kt": 218.1, "gs_kt": 218.1, "track_deg": 194.40569362049712, "phase": "descent"}, "geometry": {"type": "Point", "coordinates": [100.642847, 14.144011, 3930.1]}}, {"type": "Feature", "properties": {"flight_key": "JAL108_VTPO_VTBS_2025-12-23 02:28", "callsign": "JAL108", "aircraft_type": "B788", "adep": "VTPO", "ades": "VTBS", "epoch_ts": "2025-12-23 02:58:27+00:00", "altitude_ft": 12459.2, "tas_kt": 216.6, "gs_kt": 216.6, "track_deg": 194.40569362049712, "phase": "descent"}, "geometry": {"type": "Point", "coordinates": [100.63626, 14.118972, 3797.6]}}, {"type": "Feature", "properties": {"flight_key": "JAL108_VTPO_VTBS_2025-12-23 02:28", "callsign": "JAL108", "aircraft_type": "B788", "adep": "VTPO", "ades": "VTBS", "epoch_ts": "2025-12-23 02:58:47+00:00", "altitude_ft": 12027.2, "tas_kt": 215.2, "gs_kt": 215.2, "track_deg": 194.40569362049712, "phase": "descent"}, "geometry": {"type": "Point", "coordinates": [100.629719, 14.0941, 3665.9]}}, {"type": "Feature", "properties": {"flight_key": "JAL108_VTPO_VTBS_2025-12-23 02:28", "callsign": "JAL108", "aircraft_type": "B788", "adep": "VTPO", "ades": "VTBS", "epoch_ts": "2025-12-23 02:59:07+00:00", "altitude_ft": 11598.1, "tas_kt": 213.8, "gs_kt": 213.8, "track_deg": 194.40569362049712, "phase": "descent"}, "geometry": {"type": "Point", "coordinates": [100.623222, 14.069391, 3535.1]}}, {"type": "Feature", "properties": {"flight_key": "JAL108_VTPO_VTBS_2025-12-23 02:28", "callsign": "JAL108", "aircraft_type": "B788", "adep": "VTPO", "ades": "VTBS", "epoch_ts": "2025-12-23 02:59:27+00:00", "altitude_ft": 11171.8, "tas_kt": 212.4, "gs_kt": 212.4, "track_deg": 194.40569362049712, "phase": "descent"}, "geometry": {"type": "Point", "coordinates": [100.616768, 14.044843, 3405.2]}}, {"type": "Feature", "properties": {"flight_key": "JAL108_VTPO_VTBS_2025-12-23 02:28", "callsign": "JAL108", "aircraft_type": "B788", "adep": "VTPO", "ades": "VTBS", "epoch_ts": "2025-12-23 02:59:47+00:00", "altitude_ft": 10748.2, "tas_kt": 211.0, "gs_kt": 211.0, "track_deg": 194.40569362049712, "phase": "descent"}, "geometry": {"type": "Point", "coordinates": [100.610358, 14.020454, 3276.1]}}, {"type": "Feature", "properties": {"flight_key": "JAL108_VTPO_VTBS_2025-12-23 02:28", "callsign": "JAL108", "aircraft_type": "B788", "adep": "VTPO", "ades": "VTBS", "epoch_ts": "2025-12-23 03:00:07+00:00", "altitude_ft": 10327.3, "tas_kt": 209.7, "gs_kt": 209.7, "track_deg": 147.20286615230347, "phase": "descent"}, "geometry": {"type": "Point", "coordinates": [100.611716, 13.996494, 3147.8]}}, {"type": "Feature", "properties": {"flight_key": "JAL108_VTPO_VTBS_2025-12-23 02:28", "callsign": "JAL108", "aircraft_type": "B788", "adep": "VTPO", "ades": "VTBS", "epoch_ts": "2025-12-23 03:00:27+00:00", "altitude_ft": 9909.1, "tas_kt": 208.3, "gs_kt": 208.3, "track_deg": 104.98705020910074, "phase": "descent"}, "geometry": {"type": "Point", "coordinates": [100.633945, 13.985757, 3020.3]}}, {"type": "Feature", "properties": {"flight_key": "JAL108_VTPO_VTBS_2025-12-23 02:28", "callsign": "JAL108", "aircraft_type": "B788", "adep": "VTPO", "ades": "VTBS", "epoch_ts": "2025-12-23 03:00:47+00:00", "altitude_ft": 9493.6, "tas_kt": 207.0, "gs_kt": 207.0, "track_deg": 104.98705020910074, "phase": "descent"}, "geometry": {"type": "Point", "coordinates": [100.65838, 13.979367, 2893.6]}}, {"type": "Feature", "properties": {"flight_key": "JAL108_VTPO_VTBS_2025-12-23 02:28", "callsign": "JAL108", "aircraft_type": "B788", "adep": "VTPO", "ades": "VTBS", "epoch_ts": "2025-12-23 03:01:07+00:00", "altitude_ft": 9080.6, "tas_kt": 205.7, "gs_kt": 205.7, "track_deg": 104.98705020910074, "phase": "descent"}, "geometry": {"type": "Point", "coordinates": [100.682662, 13.973014, 2767.8]}}, {"type": "Feature", "properties": {"flight_key": "JAL108_VTPO_VTBS_2025-12-23 02:28", "callsign": "JAL108", "aircraft_type": "B788", "adep": "VTPO", "ades": "VTBS", "epoch_ts": "2025-12-23 03:01:27+00:00", "altitude_ft": 8670.2, "tas_kt": 204.4, "gs_kt": 204.4, "track_deg": 83.55286384294979, "phase": "descent"}, "geometry": {"type": "Point", "coordinates": [100.706988, 13.96811, 2642.7]}}, {"type": "Feature", "properties": {"flight_key": "JAL108_VTPO_VTBS_2025-12-23 02:28", "callsign": "JAL108", "aircraft_type": "B788", "adep": "VTPO", "ades": "VTBS", "epoch_ts": "2025-12-23 03:01:52+00:00", "altitude_ft": 8160.7, "tas_kt": 202.9, "gs_kt": 202.9, "track_deg": 14.506739960258114, "phase": "descent"}, "geometry": {"type": "Point", "coordinates": [100.726026, 13.989025, 2487.4]}}, {"type": "Feature", "properties": {"flight_key": "JAL108_VTPO_VTBS_2025-12-23 02:28", "callsign": "JAL108", "aircraft_type": "B788", "adep": "VTPO", "ades": "VTBS", "epoch_ts": "2025-12-23 03:02:12+00:00", "altitude_ft": 7755.9, "tas_kt": 201.7, "gs_kt": 201.7, "track_deg": 14.506739960258114, "phase": "descent"}, "geometry": {"type": "Point", "coordinates": [100.732199, 14.012321, 2364.0]}}, {"type": "Feature", "properties": {"flight_key": "JAL108_VTPO_VTBS_2025-12-23 02:28", "callsign": "JAL108", "aircraft_type": "B788", "adep": "VTPO", "ades": "VTBS", "epoch_ts": "2025-12-23 03:02:32+00:00", "altitude_ft": 7353.5, "tas_kt": 200.4, "gs_kt": 200.4, "track_deg": 45.58156169301056, "phase": "descent"}, "geometry": {"type": "Point", "coordinates": [100.741032, 14.034254, 2241.3]}}, {"type": "Feature", "properties": {"flight_key": "JAL108_VTPO_VTBS_2025-12-23 02:28", "callsign": "JAL108", "aircraft_type": "B788", "adep": "VTPO", "ades": "VTBS", "epoch_ts": "2025-12-23 03:02:52+00:00", "altitude_ft": 6953.5, "tas_kt": 199.3, "gs_kt": 199.3, "track_deg": 105.36564747750069, "phase": "descent"}, "geometry": {"type": "Point", "coordinates": [100.763682, 14.038314, 2119.4]}}, {"type": "Feature", "properties": {"flight_key": "JAL108_VTPO_VTBS_2025-12-23 02:28", "callsign": "JAL108", "aircraft_type": "B788", "adep": "VTPO", "ades": "VTBS", "epoch_ts": "2025-12-23 03:03:12+00:00", "altitude_ft": 6555.9, "tas_kt": 198.1, "gs_kt": 198.1, "track_deg": 105.36564747750069, "phase": "descent"}, "geometry": {"type": "Point", "coordinates": [100.787027, 14.03205, 1998.2]}}, {"type": "Feature", "properties": {"flight_key": "JAL108_VTPO_VTBS_2025-12-23 02:28", "callsign": "JAL108", "aircraft_type": "B788", "adep": "VTPO", "ades": "VTBS", "epoch_ts": "2025-12-23 03:03:32+00:00", "altitude_ft": 6160.6, "tas_kt": 196.9, "gs_kt": 196.9, "track_deg": 105.36564747750069, "phase": "descent"}, "geometry": {"type": "Point", "coordinates": [100.810234, 14.02582, 1877.8]}}, {"type": "Feature", "properties": {"flight_key": "JAL108_VTPO_VTBS_2025-12-23 02:28", "callsign": "JAL108", "aircraft_type": "B788", "adep": "VTPO", "ades": "VTBS", "epoch_ts": "2025-12-23 03:03:52+00:00", "altitude_ft": 5767.5, "tas_kt": 195.8, "gs_kt": 195.8, "track_deg": 122.68211883798755, "phase": "descent"}, "geometry": {"type": "Point", "coordinates": [100.832837, 14.018485, 1757.9]}}, {"type": "Feature", "properties": {"flight_key": "JAL108_VTPO_VTBS_2025-12-23 02:28", "callsign": "JAL108", "aircraft_type": "B788", "adep": "VTPO", "ades": "VTBS", "epoch_ts": "2025-12-23 03:04:12+00:00", "altitude_ft": 5376.8, "tas_kt": 194.6, "gs_kt": 194.6, "track_deg": 187.01710624318267, "phase": "descent"}, "geometry": {"type": "Point", "coordinates": [100.841599, 13.998174, 1638.8]}}, {"type": "Feature", "properties": {"flight_key": "JAL108_VTPO_VTBS_2025-12-23 02:28", "callsign": "JAL108", "aircraft_type": "B788", "adep": "VTPO", "ades": "VTBS", "epoch_ts": "2025-12-23 03:04:32+00:00", "altitude_ft": 4988.3, "tas_kt": 193.5, "gs_kt": 193.5, "track_deg": 194.43208320504482, "phase": "descent"}, "geometry": {"type": "Point", "coordinates": [100.835796, 13.975787, 1520.4]}}, {"type": "Feature", "properties": {"flight_key": "JAL108_VTPO_VTBS_2025-12-23 02:28", "callsign": "JAL108", "aircraft_type": "B788", "adep": "VTPO", "ades": "VTBS", "epoch_ts": "2025-12-23 03:04:52+00:00", "altitude_ft": 4601.9, "tas_kt": 192.4, "gs_kt": 192.4, "track_deg": 194.43208320504482, "phase": "descent"}, "geometry": {"type": "Point", "coordinates": [100.829936, 13.953546, 1402.7]}}, {"type": "Feature", "properties": {"flight_key": "JAL108_VTPO_VTBS_2025-12-23 02:28", "callsign": "JAL108", "aircraft_type": "B788", "adep": "VTPO", "ades": "VTBS", "epoch_ts": "2025-12-23 03:05:12+00:00", "altitude_ft": 4217.8, "tas_kt": 191.3, "gs_kt": 191.3, "track_deg": 194.43085355493082, "phase": "descent"}, "geometry": {"type": "Point", "coordinates": [100.82411, 13.931431, 1285.6]}}, {"type": "Feature", "properties": {"flight_key": "JAL108_VTPO_VTBS_2025-12-23 02:28", "callsign": "JAL108", "aircraft_type": "B788", "adep": "VTPO", "ades": "VTBS", "epoch_ts": "2025-12-23 03:05:32+00:00", "altitude_ft": 3835.8, "tas_kt": 190.3, "gs_kt": 190.3, "track_deg": 194.43085355493082, "phase": "descent"}, "geometry": {"type": "Point", "coordinates": [100.818316, 13.909438, 1169.2]}}, {"type": "Feature", "properties": {"flight_key": "JAL108_VTPO_VTBS_2025-12-23 02:28", "callsign": "JAL108", "aircraft_type": "B788", "adep": "VTPO", "ades": "VTBS", "epoch_ts": "2025-12-23 03:05:52+00:00", "altitude_ft": 3455.9, "tas_kt": 189.2, "gs_kt": 189.2, "track_deg": 194.43085355493082, "phase": "descent"}, "geometry": {"type": "Point", "coordinates": [100.812556, 13.887567, 1053.4]}}, {"type": "Feature", "properties": {"flight_key": "JAL108_VTPO_VTBS_2025-12-23 02:28", "callsign": "JAL108", "aircraft_type": "B788", "adep": "VTPO", "ades": "VTBS", "epoch_ts": "2025-12-23 03:06:12+00:00", "altitude_ft": 3078.0, "tas_kt": 188.2, "gs_kt": 188.2, "track_deg": 194.43085355493082, "phase": "descent"}, "geometry": {"type": "Point", "coordinates": [100.806828, 13.865815, 938.2]}}, {"type": "Feature", "properties": {"flight_key": "JAL108_VTPO_VTBS_2025-12-23 02:28", "callsign": "JAL108", "aircraft_type": "B788", "adep": "VTPO", "ades": "VTBS", "epoch_ts": "2025-12-23 03:06:32+00:00", "altitude_ft": 2702.2, "tas_kt": 187.2, "gs_kt": 187.2, "track_deg": 194.4228507807794, "phase": "descent"}, "geometry": {"type": "Point", "coordinates": [100.801133, 13.84418, 823.6]}}, {"type": "Feature", "properties": {"flight_key": "JAL108_VTPO_VTBS_2025-12-23 02:28", "callsign": "JAL108", "aircraft_type": "B788", "adep": "VTPO", "ades": "VTBS", "epoch_ts": "2025-12-23 03:06:52+00:00", "altitude_ft": 2328.5, "tas_kt": 186.1, "gs_kt": 186.1, "track_deg": 194.4228507807794, "phase": "descent"}, "geometry": {"type": "Point", "coordinates": [100.79547, 13.822662, 709.7]}}, {"type": "Feature", "properties": {"flight_key": "JAL108_VTPO_VTBS_2025-12-23 02:28", "callsign": "JAL108", "aircraft_type": "B788", "adep": "VTPO", "ades": "VTBS", "epoch_ts": "2025-12-23 03:07:12+00:00", "altitude_ft": 1956.7, "tas_kt": 185.1, "gs_kt": 185.1, "track_deg": 194.4228507807794, "phase": "descent"}, "geometry": {"type": "Point", "coordinates": [100.789838, 13.801259, 596.4]}}, {"type": "Feature", "properties": {"flight_key": "JAL108_VTPO_VTBS_2025-12-23 02:28", "callsign": "JAL108", "aircraft_type": "B788", "adep": "VTPO", "ades": "VTBS", "epoch_ts": "2025-12-23 03:07:32+00:00", "altitude_ft": 1586.9, "tas_kt": 184.2, "gs_kt": 184.2, "track_deg": 194.4228507807794, "phase": "descent"}, "geometry": {"type": "Point", "coordinates": [100.784238, 13.779968, 483.7]}}, {"type": "Feature", "properties": {"flight_key": "JAL108_VTPO_VTBS_2025-12-23 02:28", "callsign": "JAL108", "aircraft_type": "B788", "adep": "VTPO", "ades": "VTBS", "epoch_ts": "2025-12-23 03:07:52+00:00", "altitude_ft": 1211.5, "tas_kt": 183.2, "gs_kt": 183.2, "track_deg": 194.41674227824248, "phase": "descent"}, "geometry": {"type": "Point", "coordinates": [100.778667, 13.75879, 369.3]}}, {"type": "Feature", "properties": {"flight_key": "JAL108_VTPO_VTBS_2025-12-23 02:28", "callsign": "JAL108", "aircraft_type": "B788", "adep": "VTPO", "ades": "VTBS", "epoch_ts": "2025-12-23 03:08:12+00:00", "altitude_ft": 832.1, "tas_kt": 182.2, "gs_kt": 182.2, "track_deg": 194.41674227824248, "phase": "descent"}, "geometry": {"type": "Point", "coordinates": [100.773128, 13.737722, 253.6]}}, {"type": "Feature", "properties": {"flight_key": "JAL108_VTPO_VTBS_2025-12-23 02:28", "callsign": "JAL108", "aircraft_type": "B788", "adep": "VTPO", "ades": "VTBS", "epoch_ts": "2025-12-23 03:08:32+00:00", "altitude_ft": 454.7, "tas_kt": 181.3, "gs_kt": 181.3, "track_deg": 194.41674227824248, "phase": "descent"}, "geometry": {"type": "Point", "coordinates": [100.767617, 13.716762, 138.6]}}, {"type": "Feature", "properties": {"flight_key": "JAL108_VTPO_VTBS_2025-12-23 02:28", "callsign": "JAL108", "aircraft_type": "B788", "adep": "VTPO", "ades": "VTBS", "epoch_ts": "2025-12-23 03:08:52+00:00", "altitude_ft": 79.3, "tas_kt": 180.3, "gs_kt": 180.3, "track_deg": 194.41674227824248, "phase": "descent"}, "geometry": {"type": "Point", "coordinates": [100.762136, 13.69591, 24.2]}}, {"type": "Feature", "properties": {"flight_key": "JAL108_VTPO_VTBS_2025-12-23 02:28", "callsign": "JAL108", "aircraft_type": "B788", "adep": "VTPO", "ades": "VTBS", "epoch_ts": "2025-12-23 03:08:56+00:00", "altitude_ft": 3.7, "tas_kt": 180.1, "gs_kt": 180.1, "track_deg": 194.41674227824248, "phase": "descent"}, "geometry": {"type": "Point", "coordinates": [100.761033, 13.691714, 1.1]}}, {"type": "Feature", "properties": {"feature_type": "route", "flight_key": "TGW109_VTPP_VTBS_2025-12-23 02:33", "route": "PEBLI Y28 BLAFF DCT NORTA", "callsign": "TGW109", "aircraft_type": "B738", "adep": "VTPP", "ades": "VTBS", "rfl": 320, "sid": "PEBL1A", "star": "NORT1C", "approach": "R19", "dep_rwy": "RW14", "arr_rwy": "RW19", "eobt": "2025-12-23T02:33:46.459190+00:00", "flight_category": "arrival", "vectored": false, "extend_nm": 0.0, "clearance": "DIRECT LETMA, CLEARED R19 APPROACH", "idents": ["RW14", "EMVAS", "PEBLI", "BLAFF", "NORTA", "BS519", "BS518", "MEPIN", "BS515", "BS514", "ATKIN", "LETMA", "LAVOG", "LOTMU", "BS790", "BS791"]}, "geometry": {"type": "LineString", "coordinates": [[100.27083611, 16.79389722], [100.36928611, 16.66380556], [100.29339167, 16.26831667], [100.2975, 15.275833], [100.639017, 14.718789], [100.68273889, 14.57681389], [100.72268889, 14.44695833], [100.67111111, 14.25138889], [100.60333611, 13.99375556], [100.71924722, 13.96344722], [100.74071944, 14.04447222], [100.846425, 14.01610833], [100.82506389, 13.93505278], [100.80371667, 13.85399722], [100.78179167, 13.77066944], [100.76103333, 13.69171389]]}}, {"type": "Feature", "properties": {"flight_key": "TGW109_VTPP_VTBS_2025-12-23 02:33", "callsign": "TGW109", "aircraft_type": "B738", "adep": "VTPP", "ades": "VTBS", "epoch_ts": "2025-12-23 02:33:46+00:00", "altitude_ft": 148.0, "tas_kt": 210.4, "gs_kt": 210.4, "track_deg": 143.88736138411923, "phase": "climb"}, "geometry": {"type": "Point", "coordinates": [100.270836, 16.793897, 45.1]}}, {"type": "Feature", "properties": {"flight_key": "TGW109_VTPP_VTBS_2025-12-23 02:33", "callsign": "TGW109", "aircraft_type": "B738", "adep": "VTPP", "ades": "VTBS", "epoch_ts": "2025-12-23 02:34:06+00:00", "altitude_ft": 752.6, "tas_kt": 212.3, "gs_kt": 212.3, "track_deg": 143.88736138411923, "phase": "climb"}, "geometry": {"type": "Point", "coordinates": [100.283244, 16.777512, 229.4]}}, {"type": "Feature", "properties": {"flight_key": "TGW109_VTPP_VTBS_2025-12-23 02:33", "callsign": "TGW109", "aircraft_type": "B738", "adep": "VTPP", "ades": "VTBS", "epoch_ts": "2025-12-23 02:34:26+00:00", "altitude_ft": 1480.6, "tas_kt": 214.5, "gs_kt": 214.5, "track_deg": 143.88736138411923, "phase": "climb"}, "geometry": {"type": "Point", "coordinates": [100.29577, 16.760968, 451.3]}}, {"type": "Feature", "properties": {"flight_key": "TGW109_VTPP_VTBS_2025-12-23 02:33", "callsign": "TGW109", "aircraft_type": "B738", "adep": "VTPP", "ades": "VTBS", "epoch_ts": "2025-12-23 02:34:46+00:00", "altitude_ft": 2162.2, "tas_kt": 216.6, "gs_kt": 216.6, "track_deg": 143.88736138411923, "phase": "climb"}, "geometry": {"type": "Point", "coordinates": [100.308424, 16.744252, 659.0]}}, {"type": "Feature", "properties": {"flight_key": "TGW109_VTPP_VTBS_2025-12-23 02:33", "callsign": "TGW109", "aircraft_type": "B738", "adep": "VTPP", "ades": "VTBS", "epoch_ts": "2025-12-23 02:35:06+00:00", "altitude_ft": 2790.3, "tas_kt": 218.6, "gs_kt": 218.6, "track_deg": 143.88736138411923, "phase": "climb"}, "geometry": {"type": "Point", "coordinates": [100.321193, 16.727379, 850.5]}}, {"type": "Feature", "properties": {"flight_key": "TGW109_VTPP_VTBS_2025-12-23 02:33", "callsign": "TGW109", "aircraft_type": "B738", "adep": "VTPP", "ades": "VTBS", "epoch_ts": "2025-12-23 02:35:26+00:00", "altitude_ft": 3411.2, "tas_kt": 220.5, "gs_kt": 220.5, "track_deg": 143.88736138411923, "phase": "climb"}, "geometry": {"type": "Point", "coordinates": [100.334076, 16.710352, 1039.7]}}, {"type": "Feature", "properties": {"flight_key": "TGW109_VTPP_VTBS_2025-12-23 02:33", "callsign": "TGW109", "aircraft_type": "B738", "adep": "VTPP", "ades": "VTBS", "epoch_ts": "2025-12-23 02:35:46+00:00", "altitude_ft": 4033.2, "tas_kt": 222.5, "gs_kt": 222.5, "track_deg": 143.88736138411923, "phase": "climb"}, "geometry": {"type": "Point", "coordinates": [100.347072, 16.693171, 1229.3]}}, {"type": "Feature", "properties": {"flight_key": "TGW109_VTPP_VTBS_2025-12-23 02:33", "callsign": "TGW109", "aircraft_type": "B738", "adep": "VTPP", "ades": "VTBS", "epoch_ts": "2025-12-23 02:36:06+00:00", "altitude_ft": 4757.1, "tas_kt": 224.9, "gs_kt": 224.9, "track_deg": 143.88736138411923, "phase": "climb"}, "geometry": {"type": "Point", "coordinates": [100.360194, 16.67582, 1450.0]}}, {"type": "Feature", "properties": {"flight_key": "TGW109_VTPP_VTBS_2025-12-23 02:33", "callsign": "TGW109", "aircraft_type": "B738", "adep": "VTPP", "ades": "VTBS", "epoch_ts": "2025-12-23 02:36:26+00:00", "altitude_ft": 5480.9, "tas_kt": 270.3, "gs_kt": 270.3, "track_deg": 188.17801465669498, "phase": "climb"}, "geometry": {"type": "Point", "coordinates": [100.36738, 16.654081, 1670.6]}}, {"type": "Feature", "properties": {"flight_key": "TGW109_VTPP_VTBS_2025-12-23 02:33", "callsign": "TGW109", "aircraft_type": "B738", "adep": "VTPP", "ades": "VTBS", "epoch_ts": "2025-12-23 02:36:46+00:00", "altitude_ft": 6234.7, "tas_kt": 273.2, "gs_kt": 273.2, "track_deg": 190.50056731333095, "phase": "climb"}, "geometry": {"type": "Point", "coordinates": [100.362485, 16.628433, 1900.3]}}, {"type": "Feature", "properties": {"flight_key": "TGW109_VTPP_VTBS_2025-12-23 02:33", "callsign": "TGW109", "aircraft_type": "B738", "adep": "VTPP", "ades": "VTBS", "epoch_ts": "2025-12-23 02:37:06+00:00", "altitude_ft": 7064.3, "tas_kt": 276.5, "gs_kt": 276.5, "track_deg": 190.50056731333095, "phase": "climb"}, "geometry": {"type": "Point", "coordinates": [100.357499, 16.602491, 2153.2]}}, {"type": "Feature", "properties": {"flight_key": "TGW109_VTPP_VTBS_2025-12-23 02:33", "callsign": "TGW109", "aircraft_type": "B738", "adep": "VTPP", "ades": "VTBS", "epoch_ts": "2025-12-23 02:37:26+00:00", "altitude_ft": 7894.0, "tas_kt": 279.9, "gs_kt": 279.9, "track_deg": 190.50056731333095, "phase": "climb"}, "geometry": {"type": "Point", "coordinates": [100.352453, 16.576233, 2406.1]}}, {"type": "Feature", "properties": {"flight_key": "TGW109_VTPP_VTBS_2025-12-23 02:33", "callsign": "TGW109", "aircraft_type": "B738", "adep": "VTPP", "ades": "VTBS", "epoch_ts": "2025-12-23 02:37:46+00:00", "altitude_ft": 8719.2, "tas_kt": 283.3, "gs_kt": 283.3, "track_deg": 190.50056731333095, "phase": "climb"}, "geometry": {"type": "Point", "coordinates": [100.347348, 16.549656, 2657.6]}}, {"type": "Feature", "properties": {"flight_key": "TGW109_VTPP_VTBS_2025-12-23 02:33", "callsign": "TGW109", "aircraft_type": "B738", "adep": "VTPP", "ades": "VTBS", "epoch_ts": "2025-12-23 02:38:06+00:00", "altitude_ft": 9000.0, "tas_kt": 286.8, "gs_kt": 286.8, "track_deg": 190.50056731333095, "phase": "climb"}, "geometry": {"type": "Point", "coordinates": [100.342182, 16.522754, 2743.2]}}, {"type": "Feature", "properties": {"flight_key": "TGW109_VTPP_VTBS_2025-12-23 02:33", "callsign": "TGW109", "aircraft_type": "B738", "adep": "VTPP", "ades": "VTBS", "epoch_ts": "2025-12-23 02:38:26+00:00", "altitude_ft": 9000.0, "tas_kt": 335.8, "gs_kt": 335.8, "track_deg": 190.50056731333095, "phase": "climb"}, "geometry": {"type": "Point", "coordinates": [100.33658, 16.493573, 2743.2]}}, {"type": "Feature", "properties": {"flight_key": "TGW109_VTPP_VTBS_2025-12-23 02:33", "callsign": "TGW109", "aircraft_type": "B738", "adep": "VTPP", "ades": "VTBS", "epoch_ts": "2025-12-23 02:38:46+00:00", "altitude_ft": 9000.0, "tas_kt": 339.6, "gs_kt": 339.6, "track_deg": 190.50056731333095, "phase": "climb"}, "geometry": {"type": "Point", "coordinates": [100.330464, 16.461704, 2743.2]}}, {"type": "Feature", "properties": {"flight_key": "TGW109_VTPP_VTBS_2025-12-23 02:33", "callsign": "TGW109", "aircraft_type": "B738", "adep": "VTPP", "ades": "VTBS", "epoch_ts": "2025-12-23 02:39:06+00:00", "altitude_ft": 9000.0, "tas_kt": 343.4, "gs_kt": 343.4, "track_deg": 190.50056731333095, "phase": "climb"}, "geometry": {"type": "Point", "coordinates": [100.32428, 16.429471, 2743.2]}}, {"type": "Feature", "properties": {"flight_key": "TGW109_VTPP_VTBS_2025-12-23 02:33", "callsign": "TGW109", "aircraft_type": "B738", "adep": "VTPP", "ades": "VTBS", "epoch_ts": "2025-12-23 02:39:26+00:00", "altitude_ft": 9000.0, "tas_kt": 347.5, "gs_kt": 347.5, "track_deg": 190.50056731333095, "phase": "climb"}, "geometry": {"type": "Point", "coordinates": [100.318026, 16.396865, 2743.2]}}, {"type": "Feature", "properties": {"flight_key": "TGW109_VTPP_VTBS_2025-12-23 02:33", "callsign": "TGW109", "aircraft_type": "B738", "adep": "VTPP", "ades": "VTBS", "epoch_ts": "2025-12-23 02:39:46+00:00", "altitude_ft": 9000.0, "tas_kt": 351.7, "gs_kt": 351.7, "track_deg": 190.50056731333095, "phase": "climb"}, "geometry": {"type": "Point", "coordinates": [100.3117, 16.363869, 2743.2]}}, {"type": "Feature", "properties": {"flight_key": "TGW109_VTPP_VTBS_2025-12-23 02:33", "callsign": "TGW109", "aircraft_type": "B738", "adep": "VTPP", "ades": "VTBS", "epoch_ts": "2025-12-23 02:40:06+00:00", "altitude_ft": 9000.0, "tas_kt": 355.9, "gs_kt": 355.9, "track_deg": 190.50056731333095, "phase": "climb"}, "geometry": {"type": "Point", "coordinates": [100.305301, 16.330478, 2743.2]}}, {"type": "Feature", "properties": {"flight_key": "TGW109_VTPP_VTBS_2025-12-23 02:33", "callsign": "TGW109", "aircraft_type": "B738", "adep": "VTPP", "ades": "VTBS", "epoch_ts": "2025-12-23 02:40:26+00:00", "altitude_ft": 9000.0, "tas_kt": 360.4, "gs_kt": 360.4, "track_deg": 190.50056731333095, "phase": "climb"}, "geometry": {"type": "Point", "coordinates": [100.298824, 16.296675, 2743.2]}}, {"type": "Feature", "properties": {"flight_key": "TGW109_VTPP_VTBS_2025-12-23 02:33", "callsign": "TGW109", "aircraft_type": "B738", "adep": "VTPP", "ades": "VTBS", "epoch_ts": "2025-12-23 02:40:46+00:00", "altitude_ft": 9153.1, "tas_kt": 364.9, "gs_kt": 364.9, "track_deg": 179.76979030113222, "phase": "climb"}, "geometry": {"type": "Point", "coordinates": [100.293417, 16.262325, 2789.9]}}, {"type": "Feature", "properties": {"flight_key": "TGW109_VTPP_VTBS_2025-12-23 02:33", "callsign": "TGW109", "aircraft_type": "B738", "adep": "VTPP", "ades": "VTBS", "epoch_ts": "2025-12-23 02:41:06+00:00", "altitude_ft": 10313.5, "tas_kt": 369.2, "gs_kt": 369.2, "track_deg": 179.76979030113222, "phase": "climb"}, "geometry": {"type": "Point", "coordinates": [100.293563, 16.227095, 3143.6]}}, {"type": "Feature", "properties": {"flight_key": "TGW109_VTPP_VTBS_2025-12-23 02:33", "callsign": "TGW109", "aircraft_type": "B738", "adep": "VTPP", "ades": "VTBS", "epoch_ts": "2025-12-23 02:41:26+00:00", "altitude_ft": 11487.7, "tas_kt": 373.6, "gs_kt": 373.6, "track_deg": 179.76979030113222, "phase": "climb"}, "geometry": {"type": "Point", "coordinates": [100.293711, 16.191443, 3501.5]}}, {"type": "Feature", "properties": {"flight_key": "TGW109_VTPP_VTBS_2025-12-23 02:33", "callsign": "TGW109", "aircraft_type": "B738", "adep": "VTPP", "ades": "VTBS", "epoch_ts": "2025-12-23 02:41:46+00:00", "altitude_ft": 12675.9, "tas_kt": 378.0, "gs_kt": 378.0, "track_deg": 179.76979030113222, "phase": "climb"}, "geometry": {"type": "Point", "coordinates": [100.293861, 16.155366, 3863.6]}}, {"type": "Feature", "properties": {"flight_key": "TGW109_VTPP_VTBS_2025-12-23 02:33", "callsign": "TGW109", "aircraft_type": "B738", "adep": "VTPP", "ades": "VTBS", "epoch_ts": "2025-12-23 02:42:06+00:00", "altitude_ft": 13877.5, "tas_kt": 382.2, "gs_kt": 382.2, "track_deg": 179.76979030113222, "phase": "climb"}, "geometry": {"type": "Point", "coordinates": [100.294013, 16.118884, 4229.9]}}, {"type": "Feature", "properties": {"flight_key": "TGW109_VTPP_VTBS_2025-12-23 02:33", "callsign": "TGW109", "aircraft_type": "B738", "adep": "VTPP", "ades": "VTBS", "epoch_ts": "2025-12-23 02:42:26+00:00", "altitude_ft": 15092.5, "tas_kt": 386.5, "gs_kt": 386.5, "track_deg": 179.76979030113222, "phase": "climb"}, "geometry": {"type": "Point", "coordinates": [100.294166, 16.081993, 4600.2]}}, {"type": "Feature", "properties": {"flight_key": "TGW109_VTPP_VTBS_2025-12-23 02:33", "callsign": "TGW109", "aircraft_type": "B738", "adep": "VTPP", "ades": "VTBS", "epoch_ts": "2025-12-23 02:42:46+00:00", "altitude_ft": 16320.8, "tas_kt": 390.5, "gs_kt": 390.5, "track_deg": 179.76979030113222, "phase": "climb"}, "geometry": {"type": "Point", "coordinates": [100.294321, 16.0447, 4974.6]}}, {"type": "Feature", "properties": {"flight_key": "TGW109_VTPP_VTBS_2025-12-23 02:33", "callsign": "TGW109", "aircraft_type": "B738", "adep": "VTPP", "ades": "VTBS", "epoch_ts": "2025-12-23 02:43:06+00:00", "altitude_ft": 17561.8, "tas_kt": 394.6, "gs_kt": 394.6, "track_deg": 179.76979030113222, "phase": "climb"}, "geometry": {"type": "Point", "coordinates": [100.294477, 16.00702, 5352.8]}}, {"type": "Feature", "properties": {"flight_key": "TGW109_VTPP_VTBS_2025-12-23 02:33", "callsign": "TGW109", "aircraft_type": "B738", "adep": "VTPP", "ades": "VTBS", "epoch_ts": "2025-12-23 02:43:26+00:00", "altitude_ft": 18815.7, "tas_kt": 398.7, "gs_kt": 398.7, "track_deg": 179.76979030113222, "phase": "climb"}, "geometry": {"type": "Point", "coordinates": [100.294635, 15.96895, 5735.0]}}, {"type": "Feature", "properties": {"flight_key": "TGW109_VTPP_VTBS_2025-12-23 02:33", "callsign": "TGW109", "aircraft_type": "B738", "adep": "VTPP", "ades": "VTBS", "epoch_ts": "2025-12-23 02:43:46+00:00", "altitude_ft": 20082.1, "tas_kt": 402.5, "gs_kt": 402.5, "track_deg": 179.76979030113222, "phase": "climb"}, "geometry": {"type": "Point", "coordinates": [100.294795, 15.930498, 6121.0]}}, {"type": "Feature", "properties": {"flight_key": "TGW109_VTPP_VTBS_2025-12-23 02:33", "callsign": "TGW109", "aircraft_type": "B738", "adep": "VTPP", "ades": "VTBS", "epoch_ts": "2025-12-23 02:44:06+00:00", "altitude_ft": 21410.8, "tas_kt": 406.3, "gs_kt": 406.3, "track_deg": 179.76979030113222, "phase": "climb"}, "geometry": {"type": "Point", "coordinates": [100.294962, 15.890155, 6526.0]}}, {"type": "Feature", "properties": {"flight_key": "TGW109_VTPP_VTBS_2025-12-23 02:33", "callsign": "TGW109", "aircraft_type": "B738", "adep": "VTPP", "ades": "VTBS", "epoch_ts": "2025-12-23 02:44:26+00:00", "altitude_ft": 22841.5, "tas_kt": 410.1, "gs_kt": 410.1, "track_deg": 179.76979030113222, "phase": "climb"}, "geometry": {"type": "Point", "coordinates": [100.295142, 15.846715, 6962.1]}}, {"type": "Feature", "properties": {"flight_key": "TGW109_VTPP_VTBS_2025-12-23 02:33", "callsign": "TGW109", "aircraft_type": "B738", "adep": "VTPP", "ades": "VTBS", "epoch_ts": "2025-12-23 02:44:46+00:00", "altitude_ft": 24285.5, "tas_kt": 413.7, "gs_kt": 413.7, "track_deg": 179.76979030113222, "phase": "climb"}, "geometry": {"type": "Point", "coordinates": [100.295323, 15.802871, 7402.2]}}, {"type": "Feature", "properties": {"flight_key": "TGW109_VTPP_VTBS_2025-12-23 02:33", "callsign": "TGW109", "aircraft_type": "B738", "adep": "VTPP", "ades": "VTBS", "epoch_ts": "2025-12-23 02:45:06+00:00", "altitude_ft": 24878.2, "tas_kt": 417.3, "gs_kt": 417.3, "track_deg": 179.76979030113222, "phase": "climb"}, "geometry": {"type": "Point", "coordinates": [100.295506, 15.75865, 7582.9]}}, {"type": "Feature", "properties": {"flight_key": "TGW109_VTPP_VTBS_2025-12-23 02:33", "callsign": "TGW109", "aircraft_type": "B738", "adep": "VTPP", "ades": "VTBS", "epoch_ts": "2025-12-23 02:45:26+00:00", "altitude_ft": 25430.3, "tas_kt": 420.8, "gs_kt": 420.8, "track_deg": 179.76979030113222, "phase": "climb"}, "geometry": {"type": "Point", "coordinates": [100.295691, 15.714052, 7751.2]}}, {"type": "Feature", "properties": {"flight_key": "TGW109_VTPP_VTBS_2025-12-23 02:33", "callsign": "TGW109", "aircraft_type": "B738", "adep": "VTPP", "ades": "VTBS", "epoch_ts": "2025-12-23 02:45:46+00:00", "altitude_ft": 25982.5, "tas_kt": 424.4, "gs_kt": 424.4, "track_deg": 179.76979030113222, "phase": "climb"}, "geometry": {"type": "Point", "coordinates": [100.295877, 15.669073, 7919.5]}}, {"type": "Feature", "properties": {"flight_key": "TGW109_VTPP_VTBS_2025-12-23 02:33", "callsign": "TGW109", "aircraft_type": "B738", "adep": "VTPP", "ades": "VTBS", "epoch_ts": "2025-12-23 02:46:06+00:00", "altitude_ft": 26481.9, "tas_kt": 427.7, "gs_kt": 427.7, "track_deg": 179.76979030113222, "phase": "climb"}, "geometry": {"type": "Point", "coordinates": [100.296064, 15.623728, 8071.7]}}, {"type": "Feature", "properties": {"flight_key": "TGW109_VTPP_VTBS_2025-12-23 02:33", "callsign": "TGW109", "aircraft_type": "B738", "adep": "VTPP", "ades": "VTBS", "epoch_ts": "2025-12-23 02:46:26+00:00", "altitude_ft": 26979.5, "tas_kt": 431.0, "gs_kt": 431.0, "track_deg": 179.76979030113222, "phase": "climb"}, "geometry": {"type": "Point", "coordinates": [100.296253, 15.578032, 8223.4]}}, {"type": "Feature", "properties": {"flight_key": "TGW109_VTPP_VTBS_2025-12-23 02:33", "callsign": "TGW109", "aircraft_type": "B738", "adep": "VTPP", "ades": "VTBS", "epoch_ts": "2025-12-23 02:46:46+00:00", "altitude_ft": 27477.2, "tas_kt": 434.3, "gs_kt": 434.3, "track_deg": 179.76979030113222, "phase": "climb"}, "geometry": {"type": "Point", "coordinates": [100.296443, 15.531983, 8375.1]}}, {"type": "Feature", "properties": {"flight_key": "TGW109_VTPP_VTBS_2025-12-23 02:33", "callsign": "TGW109", "aircraft_type": "B738", "adep": "VTPP", "ades": "VTBS", "epoch_ts": "2025-12-23 02:47:06+00:00", "altitude_ft": 27974.9, "tas_kt": 437.7, "gs_kt": 437.7, "track_deg": 179.76979030113222, "phase": "climb"}, "geometry": {"type": "Point", "coordinates": [100.296635, 15.485578, 8526.7]}}, {"type": "Feature", "properties": {"flight_key": "TGW109_VTPP_VTBS_2025-12-23 02:33", "callsign": "TGW109", "aircraft_type": "B738", "adep": "VTPP", "ades": "VTBS", "epoch_ts": "2025-12-23 02:47:26+00:00", "altitude_ft": 28434.4, "tas_kt": 462.8, "gs_kt": 462.8, "track_deg": 179.76979030113222, "phase": "climb"}, "geometry": {"type": "Point", "coordinates": [100.296838, 15.436373, 8666.8]}}, {"type": "Feature", "properties": {"flight_key": "TGW109_VTPP_VTBS_2025-12-23 02:33", "callsign": "TGW109", "aircraft_type": "B738", "adep": "VTPP", "ades": "VTBS", "epoch_ts": "2025-12-23 02:47:46+00:00", "altitude_ft": 28891.9, "tas_kt": 461.9, "gs_kt": 461.9, "track_deg": 179.76979030113222, "phase": "climb"}, "geometry": {"type": "Point", "coordinates": [100.297041, 15.387168, 8806.3]}}, {"type": "Feature", "properties": {"flight_key": "TGW109_VTPP_VTBS_2025-12-23 02:33", "callsign": "TGW109", "aircraft_type": "B738", "adep": "VTPP", "ades": "VTBS", "epoch_ts": "2025-12-23 02:48:06+00:00", "altitude_ft": 29349.4, "tas_kt": 461.0, "gs_kt": 461.0, "track_deg": 179.76979030113222, "phase": "climb"}, "geometry": {"type": "Point", "coordinates": [100.297243, 15.338058, 8945.7]}}, {"type": "Feature", "properties": {"flight_key": "TGW109_VTPP_VTBS_2025-12-23 02:33", "callsign": "TGW109", "aircraft_type": "B738", "adep": "VTPP", "ades": "VTBS", "epoch_ts": "2025-12-23 02:48:26+00:00", "altitude_ft": 29806.9, "tas_kt": 436.0, "gs_kt": 436.0, "track_deg": 179.76979030113222, "phase": "climb"}, "geometry": {"type": "Point", "coordinates": [100.297445, 15.289087, 9085.1]}}, {"type": "Feature", "properties": {"flight_key": "TGW109_VTPP_VTBS_2025-12-23 02:33", "callsign": "TGW109", "aircraft_type": "B738", "adep": "VTPP", "ades": "VTBS", "epoch_ts": "2025-12-23 02:48:46+00:00", "altitude_ft": 30248.0, "tas_kt": 439.1, "gs_kt": 439.1, "track_deg": 149.16631940685593, "phase": "climb"}, "geometry": {"type": "Point", "coordinates": [100.315354, 15.246795, 9219.6]}}, {"type": "Feature", "properties": {"flight_key": "TGW109_VTPP_VTBS_2025-12-23 02:33", "callsign": "TGW109", "aircraft_type": "B738", "adep": "VTPP", "ades": "VTBS", "epoch_ts": "2025-12-23 02:49:06+00:00", "altitude_ft": 29429.7, "tas_kt": 433.5, "gs_kt": 433.5, "track_deg": 149.16631940685593, "phase": "descent"}, "geometry": {"type": "Point", "coordinates": [100.339899, 15.206861, 8970.2]}}, {"type": "Feature", "properties": {"flight_key": "TGW109_VTPP_VTBS_2025-12-23 02:33", "callsign": "TGW109", "aircraft_type": "B738", "adep": "VTPP", "ades": "VTBS", "epoch_ts": "2025-12-23 02:49:26+00:00", "altitude_ft": 28512.0, "tas_kt": 427.3, "gs_kt": 427.3, "track_deg": 149.16631940685593, "phase": "descent"}, "geometry": {"type": "Point", "coordinates": [100.364083, 15.167496, 8690.5]}}, {"type": "Feature", "properties": {"flight_key": "TGW109_VTPP_VTBS_2025-12-23 02:33", "callsign": "TGW109", "aircraft_type": "B738", "adep": "VTPP", "ades": "VTBS", "epoch_ts": "2025-12-23 02:49:46+00:00", "altitude_ft": 27607.4, "tas_kt": 421.3, "gs_kt": 421.3, "track_deg": 149.16631940685593, "phase": "descent"}, "geometry": {"type": "Point", "coordinates": [100.387914, 15.128688, 8414.7]}}, {"type": "Feature", "properties": {"flight_key": "TGW109_VTPP_VTBS_2025-12-23 02:33", "callsign": "TGW109", "aircraft_type": "B738", "adep": "VTPP", "ades": "VTBS", "epoch_ts": "2025-12-23 02:50:06+00:00", "altitude_ft": 26715.5, "tas_kt": 415.4, "gs_kt": 415.4, "track_deg": 149.16631940685593, "phase": "descent"}, "geometry": {"type": "Point", "coordinates": [100.411403, 15.09042, 8142.9]}}, {"type": "Feature", "properties": {"flight_key": "TGW109_VTPP_VTBS_2025-12-23 02:33", "callsign": "TGW109", "aircraft_type": "B738", "adep": "VTPP", "ades": "VTBS", "epoch_ts": "2025-12-23 02:50:26+00:00", "altitude_ft": 25835.8, "tas_kt": 409.8, "gs_kt": 409.8, "track_deg": 149.16631940685593, "phase": "descent"}, "geometry": {"type": "Point", "coordinates": [100.434562, 15.052675, 7874.8]}}, {"type": "Feature", "properties": {"flight_key": "TGW109_VTPP_VTBS_2025-12-23 02:33", "callsign": "TGW109", "aircraft_type": "B738", "adep": "VTPP", "ades": "VTBS", "epoch_ts": "2025-12-23 02:50:46+00:00", "altitude_ft": 25044.3, "tas_kt": 363.6, "gs_kt": 363.6, "track_deg": 149.16631940685593, "phase": "descent"}, "geometry": {"type": "Point", "coordinates": [100.455389, 15.018716, 7633.5]}}, {"type": "Feature", "properties": {"flight_key": "TGW109_VTPP_VTBS_2025-12-23 02:33", "callsign": "TGW109", "aircraft_type": "B738", "adep": "VTPP", "ades": "VTBS", "epoch_ts": "2025-12-23 02:51:06+00:00", "altitude_ft": 24274.3, "tas_kt": 359.2, "gs_kt": 359.2, "track_deg": 149.16631940685593, "phase": "descent"}, "geometry": {"type": "Point", "coordinates": [100.475646, 14.985674, 7398.8]}}, {"type": "Feature", "properties": {"flight_key": "TGW109_VTPP_VTBS_2025-12-23 02:33", "callsign": "TGW109", "aircraft_type": "B738", "adep": "VTPP", "ades": "VTBS", "epoch_ts": "2025-12-23 02:51:26+00:00", "altitude_ft": 23513.6, "tas_kt": 354.9, "gs_kt": 354.9, "track_deg": 149.16631940685593, "phase": "descent"}, "geometry": {"type": "Point", "coordinates": [100.495654, 14.953029, 7166.9]}}, {"type": "Feature", "properties": {"flight_key": "TGW109_VTPP_VTBS_2025-12-23 02:33", "callsign": "TGW109", "aircraft_type": "B738", "adep": "VTPP", "ades": "VTBS", "epoch_ts": "2025-12-23 02:51:46+00:00", "altitude_ft": 22761.9, "tas_kt": 350.8, "gs_kt": 350.8, "track_deg": 149.16631940685593, "phase": "descent"}, "geometry": {"type": "Point", "coordinates": [100.515418, 14.920768, 6937.8]}}, {"type": "Feature", "properties": {"flight_key": "TGW109_VTPP_VTBS_2025-12-23 02:33", "callsign": "TGW109", "aircraft_type": "B738", "adep": "VTPP", "ades": "VTBS", "epoch_ts": "2025-12-23 02:52:06+00:00", "altitude_ft": 22018.9, "tas_kt": 346.7, "gs_kt": 346.7, "track_deg": 149.16631940685593, "phase": "descent"}, "geometry": {"type": "Point", "coordinates": [100.534947, 14.888881, 6711.4]}}, {"type": "Feature", "properties": {"flight_key": "TGW109_VTPP_VTBS_2025-12-23 02:33", "callsign": "TGW109", "aircraft_type": "B738", "adep": "VTPP", "ades": "VTBS", "epoch_ts": "2025-12-23 02:52:26+00:00", "altitude_ft": 21282.6, "tas_kt": 342.7, "gs_kt": 342.7, "track_deg": 149.16631940685593, "phase": "descent"}, "geometry": {"type": "Point", "coordinates": [100.554296, 14.857276, 6486.9]}}, {"type": "Feature", "properties": {"flight_key": "TGW109_VTPP_VTBS_2025-12-23 02:33", "callsign": "TGW109", "aircraft_type": "B738", "adep": "VTPP", "ades": "VTBS", "epoch_ts": "2025-12-23 02:52:46+00:00", "altitude_ft": 20467.2, "tas_kt": 338.4, "gs_kt": 338.4, "track_deg": 149.16631940685593, "phase": "descent"}, "geometry": {"type": "Point", "coordinates": [100.575713, 14.82228, 6238.4]}}, {"type": "Feature", "properties": {"flight_key": "TGW109_VTPP_VTBS_2025-12-23 02:33", "callsign": "TGW109", "aircraft_type": "B738", "adep": "VTPP", "ades": "VTBS", "epoch_ts": "2025-12-23 02:53:06+00:00", "altitude_ft": 19662.1, "tas_kt": 334.2, "gs_kt": 334.2, "track_deg": 149.16631940685593, "phase": "descent"}, "geometry": {"type": "Point", "coordinates": [100.596858, 14.787716, 5993.0]}}, {"type": "Feature", "properties": {"flight_key": "TGW109_VTPP_VTBS_2025-12-23 02:33", "callsign": "TGW109", "aircraft_type": "B738", "adep": "VTPP", "ades": "VTBS", "epoch_ts": "2025-12-23 02:53:26+00:00", "altitude_ft": 18866.7, "tas_kt": 330.1, "gs_kt": 330.1, "track_deg": 149.16631940685593, "phase": "descent"}, "geometry": {"type": "Point", "coordinates": [100.617737, 14.753573, 5750.6]}}, {"type": "Feature", "properties": {"flight_key": "TGW109_VTPP_VTBS_2025-12-23 02:33", "callsign": "TGW109", "aircraft_type": "B738", "adep": "VTPP", "ades": "VTBS", "epoch_ts": "2025-12-23 02:53:46+00:00", "altitude_ft": 18081.0, "tas_kt": 326.1, "gs_kt": 326.1, "track_deg": 156.25095021871044, "phase": "descent"}, "geometry": {"type": "Point", "coordinates": [100.637974, 14.719637, 5511.1]}}, {"type": "Feature", "properties": {"flight_key": "TGW109_VTPP_VTBS_2025-12-23 02:33", "callsign": "TGW109", "aircraft_type": "B738", "adep": "VTPP", "ades": "VTBS", "epoch_ts": "2025-12-23 02:54:06+00:00", "altitude_ft": 18000.0, "tas_kt": 325.7, "gs_kt": 325.7, "track_deg": 163.30491418265956, "phase": "descent"}, "geometry": {"type": "Point", "coordinates": [100.650178, 14.682565, 5486.4]}}, {"type": "Feature", "properties": {"flight_key": "TGW109_VTPP_VTBS_2025-12-23 02:33", "callsign": "TGW109", "aircraft_type": "B738", "adep": "VTPP", "ades": "VTBS", "epoch_ts": "2025-12-23 02:54:26+00:00", "altitude_ft": 18000.0, "tas_kt": 325.7, "gs_kt": 325.7, "track_deg": 163.30491418265956, "phase": "descent"}, "geometry": {"type": "Point", "coordinates": [100.66167, 14.645253, 5486.4]}}, {"type": "Feature", "properties": {"flight_key": "TGW109_VTPP_VTBS_2025-12-23 02:33", "callsign": "TGW109", "aircraft_type": "B738", "adep": "VTPP", "ades": "VTBS", "epoch_ts": "2025-12-23 02:54:46+00:00", "altitude_ft": 18000.0, "tas_kt": 287.6, "gs_kt": 287.6, "track_deg": 163.30491418265956, "phase": "descent"}, "geometry": {"type": "Point", "coordinates": [100.671917, 14.611971, 5486.4]}}, {"type": "Feature", "properties": {"flight_key": "TGW109_VTPP_VTBS_2025-12-23 02:33", "callsign": "TGW109", "aircraft_type": "B738", "adep": "VTPP", "ades": "VTBS", "epoch_ts": "2025-12-23 02:55:06+00:00", "altitude_ft": 18000.0, "tas_kt": 287.6, "gs_kt": 287.6, "track_deg": 163.30491418265956, "phase": "descent"}, "geometry": {"type": "Point", "coordinates": [100.68206, 14.57902, 5486.4]}}, {"type": "Feature", "properties": {"flight_key": "TGW109_VTPP_VTBS_2025-12-23 02:33", "callsign": "TGW109", "aircraft_type": "B738", "adep": "VTPP", "ades": "VTBS", "epoch_ts": "2025-12-23 02:55:26+00:00", "altitude_ft": 18000.0, "tas_kt": 287.6, "gs_kt": 287.6, "track_deg": 163.31154804065102, "phase": "descent"}, "geometry": {"type": "Point", "coordinates": [100.692202, 14.546068, 5486.4]}}, {"type": "Feature", "properties": {"flight_key": "TGW109_VTPP_VTBS_2025-12-23 02:33", "callsign": "TGW109", "aircraft_type": "B738", "adep": "VTPP", "ades": "VTBS", "epoch_ts": "2025-12-23 02:55:46+00:00", "altitude_ft": 18000.0, "tas_kt": 287.6, "gs_kt": 287.6, "track_deg": 163.31154804065102, "phase": "descent"}, "geometry": {"type": "Point", "coordinates": [100.702341, 14.513116, 5486.4]}}, {"type": "Feature", "properties": {"flight_key": "TGW109_VTPP_VTBS_2025-12-23 02:33", "callsign": "TGW109", "aircraft_type": "B738", "adep": "VTPP", "ades": "VTBS", "epoch_ts": "2025-12-23 02:56:06+00:00", "altitude_ft": 18000.0, "tas_kt": 287.6, "gs_kt": 287.6, "track_deg": 163.31154804065102, "phase": "descent"}, "geometry": {"type": "Point", "coordinates": [100.712476, 14.480163, 5486.4]}}, {"type": "Feature", "properties": {"flight_key": "TGW109_VTPP_VTBS_2025-12-23 02:33", "callsign": "TGW109", "aircraft_type": "B738", "adep": "VTPP", "ades": "VTBS", "epoch_ts": "2025-12-23 02:56:26+00:00", "altitude_ft": 18000.0, "tas_kt": 287.6, "gs_kt": 287.6, "track_deg": 178.8779551604437, "phase": "descent"}, "geometry": {"type": "Point", "coordinates": [100.721189, 14.446931, 5486.4]}}, {"type": "Feature", "properties": {"flight_key": "TGW109_VTPP_VTBS_2025-12-23 02:33", "callsign": "TGW109", "aircraft_type": "B738", "adep": "VTPP", "ades": "VTBS", "epoch_ts": "2025-12-23 02:56:46+00:00", "altitude_ft": 18000.0, "tas_kt": 287.6, "gs_kt": 287.6, "track_deg": 194.42519405226795, "phase": "descent"}, "geometry": {"type": "Point", "coordinates": [100.713829, 14.413391, 5486.4]}}, {"type": "Feature", "properties": {"flight_key": "TGW109_VTPP_VTBS_2025-12-23 02:33", "callsign": "TGW109", "aircraft_type": "B738", "adep": "VTPP", "ades": "VTBS", "epoch_ts": "2025-12-23 02:57:06+00:00", "altitude_ft": 18000.0, "tas_kt": 287.6, "gs_kt": 287.6, "track_deg": 194.42519405226795, "phase": "descent"}, "geometry": {"type": "Point", "coordinates": [100.705039, 14.380074, 5486.4]}}, {"type": "Feature", "properties": {"flight_key": "TGW109_VTPP_VTBS_2025-12-23 02:33", "callsign": "TGW109", "aircraft_type": "B738", "adep": "VTPP", "ades": "VTBS", "epoch_ts": "2025-12-23 02:57:26+00:00", "altitude_ft": 18000.0, "tas_kt": 287.6, "gs_kt": 287.6, "track_deg": 194.42519405226795, "phase": "descent"}, "geometry": {"type": "Point", "coordinates": [100.696251, 14.346757, 5486.4]}}, {"type": "Feature", "properties": {"flight_key": "TGW109_VTPP_VTBS_2025-12-23 02:33", "callsign": "TGW109", "aircraft_type": "B738", "adep": "VTPP", "ades": "VTBS", "epoch_ts": "2025-12-23 02:57:46+00:00", "altitude_ft": 18000.0, "tas_kt": 287.6, "gs_kt": 287.6, "track_deg": 194.42519405226795, "phase": "descent"}, "geometry": {"type": "Point", "coordinates": [100.687466, 14.313439, 5486.4]}}, {"type": "Feature", "properties": {"flight_key": "TGW109_VTPP_VTBS_2025-12-23 02:33", "callsign": "TGW109", "aircraft_type": "B738", "adep": "VTPP", "ades": "VTBS", "epoch_ts": "2025-12-23 02:58:06+00:00", "altitude_ft": 18000.0, "tas_kt": 287.6, "gs_kt": 287.6, "track_deg": 194.42519405226795, "phase": "descent"}, "geometry": {"type": "Point", "coordinates": [100.678683, 14.280122, 5486.4]}}, {"type": "Feature", "properties": {"flight_key": "TGW109_VTPP_VTBS_2025-12-23 02:33", "callsign": "TGW109", "aircraft_type": "B738", "adep": "VTPP", "ades": "VTBS", "epoch_ts": "2025-12-23 02:58:26+00:00", "altitude_ft": 17373.6, "tas_kt": 284.8, "gs_kt": 284.8, "track_deg": 194.40569362049712, "phase": "descent"}, "geometry": {"type": "Point", "coordinates": [100.669936, 14.246925, 5295.5]}}, {"type": "Feature", "properties": {"flight_key": "TGW109_VTPP_VTBS_2025-12-23 02:33", "callsign": "TGW109", "aircraft_type": "B738", "adep": "VTPP", "ades": "VTBS", "epoch_ts": "2025-12-23 02:58:46+00:00", "altitude_ft": 16694.7, "tas_kt": 231.5, "gs_kt": 231.5, "track_deg": 194.40569362049712, "phase": "descent"}, "geometry": {"type": "Point", "coordinates": [100.661286, 14.214073, 5088.5]}}, {"type": "Feature", "properties": {"flight_key": "TGW109_VTPP_VTBS_2025-12-23 02:33", "callsign": "TGW109", "aircraft_type": "B738", "adep": "VTPP", "ades": "VTBS", "epoch_ts": "2025-12-23 02:59:06+00:00", "altitude_ft": 16134.7, "tas_kt": 229.4, "gs_kt": 229.4, "track_deg": 194.40569362049712, "phase": "descent"}, "geometry": {"type": "Point", "coordinates": [100.654154, 14.186978, 4917.9]}}, {"type": "Feature", "properties": {"flight_key": "TGW109_VTPP_VTBS_2025-12-23 02:33", "callsign": "TGW109", "aircraft_type": "B738", "adep": "VTPP", "ades": "VTBS", "epoch_ts": "2025-12-23 02:59:26+00:00", "altitude_ft": 15588.2, "tas_kt": 227.5, "gs_kt": 227.5, "track_deg": 194.40569362049712, "phase": "descent"}, "geometry": {"type": "Point", "coordinates": [100.647195, 14.160537, 4751.3]}}, {"type": "Feature", "properties": {"flight_key": "TGW109_VTPP_VTBS_2025-12-23 02:33", "callsign": "TGW109", "aircraft_type": "B738", "adep": "VTPP", "ades": "VTBS", "epoch_ts": "2025-12-23 02:59:46+00:00", "altitude_ft": 15046.4, "tas_kt": 225.5, "gs_kt": 225.5, "track_deg": 194.40569362049712, "phase": "descent"}, "geometry": {"type": "Point", "coordinates": [100.640298, 14.134321, 4586.1]}}, {"type": "Feature", "properties": {"flight_key": "TGW109_VTPP_VTBS_2025-12-23 02:33", "callsign": "TGW109", "aircraft_type": "B738", "adep": "VTPP", "ades": "VTBS", "epoch_ts": "2025-12-23 03:00:06+00:00", "altitude_ft": 14509.2, "tas_kt": 223.6, "gs_kt": 223.6, "track_deg": 194.40569362049712, "phase": "descent"}, "geometry": {"type": "Point", "coordinates": [100.63346, 14.108325, 4422.4]}}, {"type": "Feature", "properties": {"flight_key": "TGW109_VTPP_VTBS_2025-12-23 02:33", "callsign": "TGW109", "aircraft_type": "B738", "adep": "VTPP", "ades": "VTBS", "epoch_ts": "2025-12-23 03:00:26+00:00", "altitude_ft": 13976.4, "tas_kt": 221.8, "gs_kt": 221.8, "track_deg": 194.40569362049712, "phase": "descent"}, "geometry": {"type": "Point", "coordinates": [100.62668, 14.082545, 4260.0]}}, {"type": "Feature", "properties": {"flight_key": "TGW109_VTPP_VTBS_2025-12-23 02:33", "callsign": "TGW109", "aircraft_type": "B738", "adep": "VTPP", "ades": "VTBS", "epoch_ts": "2025-12-23 03:00:46+00:00", "altitude_ft": 13448.0, "tas_kt": 220.0, "gs_kt": 220.0, "track_deg": 194.40569362049712, "phase": "descent"}, "geometry": {"type": "Point", "coordinates": [100.619958, 14.056978, 4099.0]}}, {"type": "Feature", "properties": {"flight_key": "TGW109_VTPP_VTBS_2025-12-23 02:33", "callsign": "TGW109", "aircraft_type": "B738", "adep": "VTPP", "ades": "VTBS", "epoch_ts": "2025-12-23 03:01:06+00:00", "altitude_ft": 12923.9, "tas_kt": 218.2, "gs_kt": 218.2, "track_deg": 194.40569362049712, "phase": "descent"}, "geometry": {"type": "Point", "coordinates": [100.613292, 14.031618, 3939.2]}}, {"type": "Feature", "properties": {"flight_key": "TGW109_VTPP_VTBS_2025-12-23 02:33", "callsign": "TGW109", "aircraft_type": "B738", "adep": "VTPP", "ades": "VTBS", "epoch_ts": "2025-12-23 03:01:27+00:00", "altitude_ft": 12370.4, "tas_kt": 216.3, "gs_kt": 216.3, "track_deg": 172.04419188947048, "phase": "descent"}, "geometry": {"type": "Point", "coordinates": [100.608208, 14.004627, 3770.5]}}, {"type": "Feature", "properties": {"flight_key": "TGW109_VTPP_VTBS_2025-12-23 02:33", "callsign": "TGW109", "aircraft_type": "B738", "adep": "VTPP", "ades": "VTBS", "epoch_ts": "2025-12-23 03:01:51+00:00", "altitude_ft": 11760.0, "tas_kt": 214.3, "gs_kt": 214.3, "track_deg": 104.98705020910074, "phase": "descent"}, "geometry": {"type": "Point", "coordinates": [100.630724, 13.9866, 3584.4]}}, {"type": "Feature", "properties": {"flight_key": "TGW109_VTPP_VTBS_2025-12-23 02:33", "callsign": "TGW109", "aircraft_type": "B738", "adep": "VTPP", "ades": "VTBS", "epoch_ts": "2025-12-23 03:02:11+00:00", "altitude_ft": 11249.3, "tas_kt": 212.6, "gs_kt": 212.6, "track_deg": 104.98705020910074, "phase": "descent"}, "geometry": {"type": "Point", "coordinates": [100.65596, 13.98, 3428.8]}}, {"type": "Feature", "properties": {"flight_key": "TGW109_VTPP_VTBS_2025-12-23 02:33", "callsign": "TGW109", "aircraft_type": "B738", "adep": "VTPP", "ades": "VTBS", "epoch_ts": "2025-12-23 03:02:31+00:00", "altitude_ft": 10742.6, "tas_kt": 211.0, "gs_kt": 211.0, "track_deg": 104.98705020910074, "phase": "descent"}, "geometry": {"type": "Point", "coordinates": [100.680999, 13.973449, 3274.3]}}, {"type": "Feature", "properties": {"flight_key": "TGW109_VTPP_VTBS_2025-12-23 02:33", "callsign": "TGW109", "aircraft_type": "B738", "adep": "VTPP", "ades": "VTBS", "epoch_ts": "2025-12-23 03:02:51+00:00", "altitude_ft": 10239.8, "tas_kt": 209.4, "gs_kt": 209.4, "track_deg": 88.31433929606341, "phase": "descent"}, "geometry": {"type": "Point", "coordinates": [100.706013, 13.96801, 3121.1]}}, {"type": "Feature", "properties": {"flight_key": "TGW109_VTPP_VTBS_2025-12-23 02:33", "callsign": "TGW109", "aircraft_type": "B738", "adep": "VTPP", "ades": "VTBS", "epoch_ts": "2025-12-23 03:03:16+00:00", "altitude_ft": 9616.6, "tas_kt": 207.4, "gs_kt": 207.4, "track_deg": 14.506739960258114, "phase": "descent"}, "geometry": {"type": "Point", "coordinates": [100.725997, 13.988916, 2931.1]}}, {"type": "Feature", "properties": {"flight_key": "TGW109_VTPP_VTBS_2025-12-23 02:33", "callsign": "TGW109", "aircraft_type": "B738", "adep": "VTPP", "ades": "VTBS", "epoch_ts": "2025-12-23 03:03:36+00:00", "altitude_ft": 9122.3, "tas_kt": 205.9, "gs_kt": 205.9, "track_deg": 14.506739960258114, "phase": "descent"}, "geometry": {"type": "Point", "coordinates": [100.732333, 14.012825, 2780.5]}}, {"type": "Feature", "properties": {"flight_key": "TGW109_VTPP_VTBS_2025-12-23 02:33", "callsign": "TGW109", "aircraft_type": "B738", "adep": "VTPP", "ades": "VTBS", "epoch_ts": "2025-12-23 03:03:56+00:00", "altitude_ft": 8631.6, "tas_kt": 204.3, "gs_kt": 204.3, "track_deg": 50.36342220323644, "phase": "descent"}, "geometry": {"type": "Point", "coordinates": [100.741864, 14.035014, 2630.9]}}, {"type": "Feature", "properties": {"flight_key": "TGW109_VTPP_VTBS_2025-12-23 02:33", "callsign": "TGW109", "aircraft_type": "B738", "adep": "VTPP", "ades": "VTBS", "epoch_ts": "2025-12-23 03:04:16+00:00", "altitude_ft": 8144.5, "tas_kt": 202.8, "gs_kt": 202.8, "track_deg": 105.36564747750069, "phase": "descent"}, "geometry": {"type": "Point", "coordinates": [100.765332, 14.037872, 2482.4]}}, {"type": "Feature", "properties": {"flight_key": "TGW109_VTPP_VTBS_2025-12-23 02:33", "callsign": "TGW109", "aircraft_type": "B738", "adep": "VTPP", "ades": "VTBS", "epoch_ts": "2025-12-23 03:04:36+00:00", "altitude_ft": 7660.9, "tas_kt": 201.4, "gs_kt": 201.4, "track_deg": 105.36564747750069, "phase": "descent"}, "geometry": {"type": "Point", "coordinates": [100.78919, 14.031469, 2335.0]}}, {"type": "Feature", "properties": {"flight_key": "TGW109_VTPP_VTBS_2025-12-23 02:33", "callsign": "TGW109", "aircraft_type": "B738", "adep": "VTPP", "ades": "VTBS", "epoch_ts": "2025-12-23 03:04:56+00:00", "altitude_ft": 7180.9, "tas_kt": 199.9, "gs_kt": 199.9, "track_deg": 105.36564747750069, "phase": "descent"}, "geometry": {"type": "Point", "coordinates": [100.812875, 14.02511, 2188.7]}}, {"type": "Feature", "properties": {"flight_key": "TGW109_VTPP_VTBS_2025-12-23 02:33", "callsign": "TGW109", "aircraft_type": "B738", "adep": "VTPP", "ades": "VTBS", "epoch_ts": "2025-12-23 03:05:16+00:00", "altitude_ft": 6704.2, "tas_kt": 198.5, "gs_kt": 198.5, "track_deg": 132.58014480582725, "phase": "descent"}, "geometry": {"type": "Point", "coordinates": [100.835298, 14.016491, 2043.4]}}, {"type": "Feature", "properties": {"flight_key": "TGW109_VTPP_VTBS_2025-12-23 02:33", "callsign": "TGW109", "aircraft_type": "B738", "adep": "VTPP", "ades": "VTBS", "epoch_ts": "2025-12-23 03:05:36+00:00", "altitude_ft": 6230.9, "tas_kt": 197.1, "gs_kt": 197.1, "track_deg": 194.43208320504482, "phase": "descent"}, "geometry": {"type": "Point", "coordinates": [100.840785, 13.994721, 1899.2]}}, {"type": "Feature", "properties": {"flight_key": "TGW109_VTPP_VTBS_2025-12-23 02:33", "callsign": "TGW109", "aircraft_type": "B738", "adep": "VTPP", "ades": "VTBS", "epoch_ts": "2025-12-23 03:05:56+00:00", "altitude_ft": 5760.8, "tas_kt": 195.7, "gs_kt": 195.7, "track_deg": 194.43208320504482, "phase": "descent"}, "geometry": {"type": "Point", "coordinates": [100.834793, 13.971981, 1755.9]}}, {"type": "Feature", "properties": {"flight_key": "TGW109_VTPP_VTBS_2025-12-23 02:33", "callsign": "TGW109", "aircraft_type": "B738", "adep": "VTPP", "ades": "VTBS", "epoch_ts": "2025-12-23 03:06:16+00:00", "altitude_ft": 5294.1, "tas_kt": 194.4, "gs_kt": 194.4, "track_deg": 194.43208320504482, "phase": "descent"}, "geometry": {"type": "Point", "coordinates": [100.828843, 13.949398, 1613.6]}}, {"type": "Feature", "properties": {"flight_key": "TGW109_VTPP_VTBS_2025-12-23 02:33", "callsign": "TGW109", "aircraft_type": "B738", "adep": "VTPP", "ades": "VTBS", "epoch_ts": "2025-12-23 03:06:36+00:00", "altitude_ft": 4830.5, "tas_kt": 193.1, "gs_kt": 193.1, "track_deg": 194.43085355493082, "phase": "descent"}, "geometry": {"type": "Point", "coordinates": [100.822934, 13.926968, 1472.3]}}, {"type": "Feature", "properties": {"flight_key": "TGW109_VTPP_VTBS_2025-12-23 02:33", "callsign": "TGW109", "aircraft_type": "B738", "adep": "VTPP", "ades": "VTBS", "epoch_ts": "2025-12-23 03:06:56+00:00", "altitude_ft": 4370.0, "tas_kt": 191.8, "gs_kt": 191.8, "track_deg": 194.43085355493082, "phase": "descent"}, "geometry": {"type": "Point", "coordinates": [100.817066, 13.90469, 1332.0]}}, {"type": "Feature", "properties": {"flight_key": "TGW109_VTPP_VTBS_2025-12-23 02:33", "callsign": "TGW109", "aircraft_type": "B738", "adep": "VTPP", "ades": "VTBS", "epoch_ts": "2025-12-23 03:07:16+00:00", "altitude_ft": 3912.6, "tas_kt": 190.5, "gs_kt": 190.5, "track_deg": 194.43085355493082, "phase": "descent"}, "geometry": {"type": "Point", "coordinates": [100.811238, 13.882561, 1192.6]}}, {"type": "Feature", "properties": {"flight_key": "TGW109_VTPP_VTBS_2025-12-23 02:33", "callsign": "TGW109", "aircraft_type": "B738", "adep": "VTPP", "ades": "VTBS", "epoch_ts": "2025-12-23 03:07:36+00:00", "altitude_ft": 3458.3, "tas_kt": 189.2, "gs_kt": 189.2, "track_deg": 194.43085355493082, "phase": "descent"}, "geometry": {"type": "Point", "coordinates": [100.805449, 13.860579, 1054.1]}}, {"type": "Feature", "properties": {"flight_key": "TGW109_VTPP_VTBS_2025-12-23 02:33", "callsign": "TGW109", "aircraft_type": "B738", "adep": "VTPP", "ades": "VTBS", "epoch_ts": "2025-12-23 03:07:56+00:00", "altitude_ft": 3006.9, "tas_kt": 188.0, "gs_kt": 188.0, "track_deg": 194.4228507807794, "phase": "descent"}, "geometry": {"type": "Point", "coordinates": [100.799701, 13.83874, 916.5]}}, {"type": "Feature", "properties": {"flight_key": "TGW109_VTPP_VTBS_2025-12-23 02:33", "callsign": "TGW109", "aircraft_type": "B738", "adep": "VTPP", "ades": "VTBS", "epoch_ts": "2025-12-23 03:08:16+00:00", "altitude_ft": 2558.4, "tas_kt": 186.8, "gs_kt": 186.8, "track_deg": 194.4228507807794, "phase": "descent"}, "geometry": {"type": "Point", "coordinates": [100.793991, 13.817042, 779.8]}}, {"type": "Feature", "properties": {"flight_key": "TGW109_VTPP_VTBS_2025-12-23 02:33", "callsign": "TGW109", "aircraft_type": "B738", "adep": "VTPP", "ades": "VTBS", "epoch_ts": "2025-12-23 03:08:36+00:00", "altitude_ft": 2112.9, "tas_kt": 185.6, "gs_kt": 185.6, "track_deg": 194.4228507807794, "phase": "descent"}, "geometry": {"type": "Point", "coordinates": [100.788319, 13.795484, 644.0]}}, {"type": "Feature", "properties": {"flight_key": "TGW109_VTPP_VTBS_2025-12-23 02:33", "callsign": "TGW109", "aircraft_type": "B738", "adep": "VTPP", "ades": "VTBS", "epoch_ts": "2025-12-23 03:08:56+00:00", "altitude_ft": 1670.2, "tas_kt": 184.4, "gs_kt": 184.4, "track_deg": 194.4228507807794, "phase": "descent"}, "geometry": {"type": "Point", "coordinates": [100.782684, 13.774064, 509.1]}}, {"type": "Feature", "properties": {"flight_key": "TGW109_VTPP_VTBS_2025-12-23 02:33", "callsign": "TGW109", "aircraft_type": "B738", "adep": "VTPP", "ades": "VTBS", "epoch_ts": "2025-12-23 03:09:16+00:00", "altitude_ft": 1237.9, "tas_kt": 183.4, "gs_kt": 183.4, "track_deg": 194.41674227824248, "phase": "descent"}, "geometry": {"type": "Point", "coordinates": [100.777081, 13.752758, 377.3]}}, {"type": "Feature", "properties": {"flight_key": "TGW109_VTPP_VTBS_2025-12-23 02:33", "callsign": "TGW109", "aircraft_type": "B738", "adep": "VTPP", "ades": "VTBS", "epoch_ts": "2025-12-23 03:09:36+00:00", "altitude_ft": 809.7, "tas_kt": 182.3, "gs_kt": 182.3, "track_deg": 194.41674227824248, "phase": "descent"}, "geometry": {"type": "Point", "coordinates": [100.771513, 13.731579, 246.8]}}, {"type": "Feature", "properties": {"flight_key": "TGW109_VTPP_VTBS_2025-12-23 02:33", "callsign": "TGW109", "aircraft_type": "B738", "adep": "VTPP", "ades": "VTBS", "epoch_ts": "2025-12-23 03:09:56+00:00", "altitude_ft": 384.1, "tas_kt": 181.1, "gs_kt": 181.1, "track_deg": 194.41674227824248, "phase": "descent"}, "geometry": {"type": "Point", "coordinates": [100.765979, 13.710532, 117.1]}}, {"type": "Feature", "properties": {"flight_key": "TGW109_VTPP_VTBS_2025-12-23 02:33", "callsign": "TGW109", "aircraft_type": "B738", "adep": "VTPP", "ades": "VTBS", "epoch_ts": "2025-12-23 03:10:13+00:00", "altitude_ft": 3.7, "tas_kt": 180.1, "gs_kt": 180.1, "track_deg": 194.41674227824248, "phase": "descent"}, "geometry": {"type": "Point", "coordinates": [100.761033, 13.691714, 1.1]}}, {"type": "Feature", "properties": {"feature_type": "route", "flight_key": "KAL110_VTSB_VTBS_2025-12-23 02:14", "route": "NIXET Y99 NONEL Y98 LEBIM", "callsign": "KAL110", "aircraft_type": "A333", "adep": "VTSB", "ades": "VTBS", "rfl": 360, "sid": "NIXE1C", "star": "LEBI1C", "approach": "R19", "dep_rwy": "RW22", "arr_rwy": "RW19", "eobt": "2025-12-23T02:14:01.478092+00:00", "flight_category": "arrival", "vectored": false, "extend_nm": 0.0, "clearance": "DIRECT LETMA, CLEARED R19 APPROACH", "idents": ["RW22", "VEMIX", "LUTBA", "SB210", "NIXET", "NONEL", "OLSEL", "SURMA", "LEBIM", "SAGAP", "BS521", "DUDER", "BS520", "MUMUP", "BS501", "ESGEN", "LETMA", "LAVOG", "LOTMU", "BS790", "BS791"]}, "geometry": {"type": "LineString", "coordinates": [[99.14513889, 9.142375], [99.08494722, 9.08079167], [99.169525, 8.99911667], [99.31213889, 9.14495], [99.43701389, 9.42141944], [99.893611, 10.883611], [100.280278, 11.569722], [100.4425, 11.856111], [100.473611, 13.0875], [100.60349722, 13.26724167], [100.71542778, 13.42216111], [100.80917778, 13.55150556], [100.82934167, 13.62522778], [100.88652222, 13.83396389], [100.90840833, 13.91385], [100.93103889, 13.99625556], [100.846425, 14.01610833], [100.82506389, 13.93505278], [100.80371667, 13.85399722], [100.78179167, 13.77066944], [100.76103333, 13.69171389]]}}, {"type": "Feature", "properties": {"flight_key": "KAL110_VTSB_VTBS_2025-12-23 02:14", "callsign": "KAL110", "aircraft_type": "A333", "adep": "VTSB", "ades": "VTBS", "epoch_ts": "2025-12-23 02:14:01+00:00", "altitude_ft": 18.0, "tas_kt": 230.1, "gs_kt": 230.1, "track_deg": 224.17390503430886, "phase": "climb"}, "geometry": {"type": "Point", "coordinates": [99.145139, 9.142375, 5.5]}}, {"type": "Feature", "properties": {"flight_key": "KAL110_VTSB_VTBS_2025-12-23 02:14", "callsign": "KAL110", "aircraft_type": "A333", "adep": "VTSB", "ades": "VTBS", "epoch_ts": "2025-12-23 02:14:21+00:00", "altitude_ft": 753.3, "tas_kt": 232.5, "gs_kt": 232.5, "track_deg": 224.17390503430886, "phase": "climb"}, "geometry": {"type": "Point", "coordinates": [99.130004, 9.126894, 229.6]}}, {"type": "Feature", "properties": {"flight_key": "KAL110_VTSB_VTBS_2025-12-23 02:14", "callsign": "KAL110", "aircraft_type": "A333", "adep": "VTSB", "ades": "VTBS", "epoch_ts": "2025-12-23 02:14:41+00:00", "altitude_ft": 1458.7, "tas_kt": 234.8, "gs_kt": 234.8, "track_deg": 224.17390503430886, "phase": "climb"}, "geometry": {"type": "Point", "coordinates": [99.114715, 9.111252, 444.6]}}, {"type": "Feature", "properties": {"flight_key": "KAL110_VTSB_VTBS_2025-12-23 02:14", "callsign": "KAL110", "aircraft_type": "A333", "adep": "VTSB", "ades": "VTBS", "epoch_ts": "2025-12-23 02:15:01+00:00", "altitude_ft": 2049.5, "tas_kt": 236.8, "gs_kt": 236.8, "track_deg": 224.17390503430886, "phase": "climb"}, "geometry": {"type": "Point", "coordinates": [99.099285, 9.095463, 624.7]}}, {"type": "Feature", "properties": {"flight_key": "KAL110_VTSB_VTBS_2025-12-23 02:14", "callsign": "KAL110", "aircraft_type": "A333", "adep": "VTSB", "ades": "VTBS", "epoch_ts": "2025-12-23 02:15:21+00:00", "altitude_ft": 2513.8, "tas_kt": 259.0, "gs_kt": 259.0, "track_deg": 221.70703476685597, "phase": "climb"}, "geometry": {"type": "Point", "coordinates": [99.083662, 9.079359, 766.2]}}, {"type": "Feature", "properties": {"flight_key": "KAL110_VTSB_VTBS_2025-12-23 02:14", "callsign": "KAL110", "aircraft_type": "A333", "adep": "VTSB", "ades": "VTBS", "epoch_ts": "2025-12-23 02:15:43+00:00", "altitude_ft": 3034.2, "tas_kt": 260.9, "gs_kt": 260.9, "track_deg": 182.26758829897685, "phase": "climb"}, "geometry": {"type": "Point", "coordinates": [99.074224, 9.054396, 924.8]}}, {"type": "Feature", "properties": {"flight_key": "KAL110_VTSB_VTBS_2025-12-23 02:14", "callsign": "KAL110", "aircraft_type": "A333", "adep": "VTSB", "ades": "VTBS", "epoch_ts": "2025-12-23 02:16:04+00:00", "altitude_ft": 3510.2, "tas_kt": 262.7, "gs_kt": 262.7, "track_deg": 142.8329950801587, "phase": "climb"}, "geometry": {"type": "Point", "coordinates": [99.08294, 9.030481, 1069.9]}}, {"type": "Feature", "properties": {"flight_key": "KAL110_VTSB_VTBS_2025-12-23 02:14", "callsign": "KAL110", "aircraft_type": "A333", "adep": "VTSB", "ades": "VTBS", "epoch_ts": "2025-12-23 02:16:26+00:00", "altitude_ft": 3988.0, "tas_kt": 264.5, "gs_kt": 264.5, "track_deg": 105.87039433857812, "phase": "climb"}, "geometry": {"type": "Point", "coordinates": [99.105182, 9.017303, 1215.5]}}, {"type": "Feature", "properties": {"flight_key": "KAL110_VTSB_VTBS_2025-12-23 02:14", "callsign": "KAL110", "aircraft_type": "A333", "adep": "VTSB", "ades": "VTBS", "epoch_ts": "2025-12-23 02:16:46+00:00", "altitude_ft": 4603.7, "tas_kt": 266.9, "gs_kt": 266.9, "track_deg": 105.87039433857812, "phase": "climb"}, "geometry": {"type": "Point", "coordinates": [99.129176, 9.01052, 1403.2]}}, {"type": "Feature", "properties": {"flight_key": "KAL110_VTSB_VTBS_2025-12-23 02:14", "callsign": "KAL110", "aircraft_type": "A333", "adep": "VTSB", "ades": "VTBS", "epoch_ts": "2025-12-23 02:17:06+00:00", "altitude_ft": 5224.1, "tas_kt": 269.3, "gs_kt": 269.3, "track_deg": 98.74626461197307, "phase": "climb"}, "geometry": {"type": "Point", "coordinates": [99.153488, 9.00413, 1592.3]}}, {"type": "Feature", "properties": {"flight_key": "KAL110_VTSB_VTBS_2025-12-23 02:14", "callsign": "KAL110", "aircraft_type": "A333", "adep": "VTSB", "ades": "VTBS", "epoch_ts": "2025-12-23 02:17:26+00:00", "altitude_ft": 5844.4, "tas_kt": 271.7, "gs_kt": 271.7, "track_deg": 60.787657042338864, "phase": "climb"}, "geometry": {"type": "Point", "coordinates": [99.17785, 9.00935, 1781.4]}}, {"type": "Feature", "properties": {"flight_key": "KAL110_VTSB_VTBS_2025-12-23 02:14", "callsign": "KAL110", "aircraft_type": "A333", "adep": "VTSB", "ades": "VTBS", "epoch_ts": "2025-12-23 02:17:46+00:00", "altitude_ft": 6549.5, "tas_kt": 274.5, "gs_kt": 274.5, "track_deg": 44.179085070307615, "phase": "climb"}, "geometry": {"type": "Point", "coordinates": [99.19651, 9.026721, 1996.3]}}, {"type": "Feature", "properties": {"flight_key": "KAL110_VTSB_VTBS_2025-12-23 02:14", "callsign": "KAL110", "aircraft_type": "A333", "adep": "VTSB", "ades": "VTBS", "epoch_ts": "2025-12-23 02:18:06+00:00", "altitude_ft": 7283.0, "tas_kt": 277.4, "gs_kt": 277.4, "track_deg": 44.179085070307615, "phase": "climb"}, "geometry": {"type": "Point", "coordinates": [99.214567, 9.045191, 2219.9]}}, {"type": "Feature", "properties": {"flight_key": "KAL110_VTSB_VTBS_2025-12-23 02:14", "callsign": "KAL110", "aircraft_type": "A333", "adep": "VTSB", "ades": "VTBS", "epoch_ts": "2025-12-23 02:18:26+00:00", "altitude_ft": 8014.7, "tas_kt": 280.4, "gs_kt": 280.4, "track_deg": 44.179085070307615, "phase": "climb"}, "geometry": {"type": "Point", "coordinates": [99.23282, 9.063859, 2442.9]}}, {"type": "Feature", "properties": {"flight_key": "KAL110_VTSB_VTBS_2025-12-23 02:14", "callsign": "KAL110", "aircraft_type": "A333", "adep": "VTSB", "ades": "VTBS", "epoch_ts": "2025-12-23 02:18:46+00:00", "altitude_ft": 8669.1, "tas_kt": 283.1, "gs_kt": 283.1, "track_deg": 44.179085070307615, "phase": "climb"}, "geometry": {"type": "Point", "coordinates": [99.251261, 9.082715, 2642.3]}}, {"type": "Feature", "properties": {"flight_key": "KAL110_VTSB_VTBS_2025-12-23 02:14", "callsign": "KAL110", "aircraft_type": "A333", "adep": "VTSB", "ades": "VTBS", "epoch_ts": "2025-12-23 02:19:06+00:00", "altitude_ft": 9323.4, "tas_kt": 285.8, "gs_kt": 285.8, "track_deg": 44.179085070307615, "phase": "climb"}, "geometry": {"type": "Point", "coordinates": [99.269881, 9.101753, 2841.8]}}, {"type": "Feature", "properties": {"flight_key": "KAL110_VTSB_VTBS_2025-12-23 02:14", "callsign": "KAL110", "aircraft_type": "A333", "adep": "VTSB", "ades": "VTBS", "epoch_ts": "2025-12-23 02:19:26+00:00", "altitude_ft": 9977.7, "tas_kt": 288.6, "gs_kt": 288.6, "track_deg": 44.179085070307615, "phase": "climb"}, "geometry": {"type": "Point", "coordinates": [99.288684, 9.120974, 3041.2]}}, {"type": "Feature", "properties": {"flight_key": "KAL110_VTSB_VTBS_2025-12-23 02:14", "callsign": "KAL110", "aircraft_type": "A333", "adep": "VTSB", "ades": "VTBS", "epoch_ts": "2025-12-23 02:19:47+00:00", "altitude_ft": 10560.7, "tas_kt": 348.2, "gs_kt": 348.2, "track_deg": 34.17201604557201, "phase": "climb"}, "geometry": {"type": "Point", "coordinates": [99.312399, 9.146507, 3218.9]}}, {"type": "Feature", "properties": {"flight_key": "KAL110_VTSB_VTBS_2025-12-23 02:14", "callsign": "KAL110", "aircraft_type": "A333", "adep": "VTSB", "ades": "VTBS", "epoch_ts": "2025-12-23 02:20:11+00:00", "altitude_ft": 11186.3, "tas_kt": 351.3, "gs_kt": 351.3, "track_deg": 24.155743219072168, "phase": "climb"}, "geometry": {"type": "Point", "coordinates": [99.328471, 9.181136, 3409.6]}}, {"type": "Feature", "properties": {"flight_key": "KAL110_VTSB_VTBS_2025-12-23 02:14", "callsign": "KAL110", "aircraft_type": "A333", "adep": "VTSB", "ades": "VTBS", "epoch_ts": "2025-12-23 02:20:31+00:00", "altitude_ft": 11721.6, "tas_kt": 354.1, "gs_kt": 354.1, "track_deg": 24.155743219072168, "phase": "climb"}, "geometry": {"type": "Point", "coordinates": [99.342031, 9.211172, 3572.7]}}, {"type": "Feature", "properties": {"flight_key": "KAL110_VTSB_VTBS_2025-12-23 02:14", "callsign": "KAL110", "aircraft_type": "A333", "adep": "VTSB", "ades": "VTBS", "epoch_ts": "2025-12-23 02:20:51+00:00", "altitude_ft": 12271.2, "tas_kt": 356.9, "gs_kt": 356.9, "track_deg": 24.155743219072168, "phase": "climb"}, "geometry": {"type": "Point", "coordinates": [99.355699, 9.241445, 3740.3]}}, {"type": "Feature", "properties": {"flight_key": "KAL110_VTSB_VTBS_2025-12-23 02:14", "callsign": "KAL110", "aircraft_type": "A333", "adep": "VTSB", "ades": "VTBS", "epoch_ts": "2025-12-23 02:21:11+00:00", "altitude_ft": 12836.2, "tas_kt": 359.9, "gs_kt": 359.9, "track_deg": 24.155743219072168, "phase": "climb"}, "geometry": {"type": "Point", "coordinates": [99.369482, 9.271964, 3912.5]}}, {"type": "Feature", "properties": {"flight_key": "KAL110_VTSB_VTBS_2025-12-23 02:14", "callsign": "KAL110", "aircraft_type": "A333", "adep": "VTSB", "ades": "VTBS", "epoch_ts": "2025-12-23 02:21:31+00:00", "altitude_ft": 13401.2, "tas_kt": 362.8, "gs_kt": 362.8, "track_deg": 24.155743219072168, "phase": "climb"}, "geometry": {"type": "Point", "coordinates": [99.383381, 9.302736, 4084.7]}}, {"type": "Feature", "properties": {"flight_key": "KAL110_VTSB_VTBS_2025-12-23 02:14", "callsign": "KAL110", "aircraft_type": "A333", "adep": "VTSB", "ades": "VTBS", "epoch_ts": "2025-12-23 02:21:51+00:00", "altitude_ft": 13966.2, "tas_kt": 365.9, "gs_kt": 365.9, "track_deg": 24.155743219072168, "phase": "climb"}, "geometry": {"type": "Point", "coordinates": [99.397398, 9.333762, 4256.9]}}, {"type": "Feature", "properties": {"flight_key": "KAL110_VTSB_VTBS_2025-12-23 02:14", "callsign": "KAL110", "aircraft_type": "A333", "adep": "VTSB", "ades": "VTBS", "epoch_ts": "2025-12-23 02:22:11+00:00", "altitude_ft": 14560.3, "tas_kt": 369.1, "gs_kt": 369.1, "track_deg": 24.155743219072168, "phase": "climb"}, "geometry": {"type": "Point", "coordinates": [99.411537, 9.365051, 4438.0]}}, {"type": "Feature", "properties": {"flight_key": "KAL110_VTSB_VTBS_2025-12-23 02:14", "callsign": "KAL110", "aircraft_type": "A333", "adep": "VTSB", "ades": "VTBS", "epoch_ts": "2025-12-23 02:22:31+00:00", "altitude_ft": 15156.3, "tas_kt": 372.3, "gs_kt": 372.3, "track_deg": 24.155743219072168, "phase": "climb"}, "geometry": {"type": "Point", "coordinates": [99.425802, 9.396615, 4619.6]}}, {"type": "Feature", "properties": {"flight_key": "KAL110_VTSB_VTBS_2025-12-23 02:14", "callsign": "KAL110", "aircraft_type": "A333", "adep": "VTSB", "ades": "VTBS", "epoch_ts": "2025-12-23 02:22:51+00:00", "altitude_ft": 15752.3, "tas_kt": 375.6, "gs_kt": 375.6, "track_deg": 17.152395459292244, "phase": "climb"}, "geometry": {"type": "Point", "coordinates": [99.439307, 9.428797, 4801.3]}}, {"type": "Feature", "properties": {"flight_key": "KAL110_VTSB_VTBS_2025-12-23 02:14", "callsign": "KAL110", "aircraft_type": "A333", "adep": "VTSB", "ades": "VTBS", "epoch_ts": "2025-12-23 02:23:11+00:00", "altitude_ft": 16321.2, "tas_kt": 378.8, "gs_kt": 378.8, "track_deg": 17.152395459292244, "phase": "climb"}, "geometry": {"type": "Point", "coordinates": [99.449765, 9.462438, 4974.7]}}, {"type": "Feature", "properties": {"flight_key": "KAL110_VTSB_VTBS_2025-12-23 02:14", "callsign": "KAL110", "aircraft_type": "A333", "adep": "VTSB", "ades": "VTBS", "epoch_ts": "2025-12-23 02:23:31+00:00", "altitude_ft": 16870.7, "tas_kt": 381.9, "gs_kt": 381.9, "track_deg": 17.152395459292244, "phase": "climb"}, "geometry": {"type": "Point", "coordinates": [99.460311, 9.496354, 5142.2]}}, {"type": "Feature", "properties": {"flight_key": "KAL110_VTSB_VTBS_2025-12-23 02:14", "callsign": "KAL110", "aircraft_type": "A333", "adep": "VTSB", "ades": "VTBS", "epoch_ts": "2025-12-23 02:23:51+00:00", "altitude_ft": 17420.2, "tas_kt": 385.0, "gs_kt": 385.0, "track_deg": 17.152395459292244, "phase": "climb"}, "geometry": {"type": "Point", "coordinates": [99.470945, 9.530548, 5309.7]}}, {"type": "Feature", "properties": {"flight_key": "KAL110_VTSB_VTBS_2025-12-23 02:14", "callsign": "KAL110", "aircraft_type": "A333", "adep": "VTSB", "ades": "VTBS", "epoch_ts": "2025-12-23 02:24:11+00:00", "altitude_ft": 17969.7, "tas_kt": 388.1, "gs_kt": 388.1, "track_deg": 17.152395459292244, "phase": "climb"}, "geometry": {"type": "Point", "coordinates": [99.481668, 9.565021, 5477.2]}}, {"type": "Feature", "properties": {"flight_key": "KAL110_VTSB_VTBS_2025-12-23 02:14", "callsign": "KAL110", "aircraft_type": "A333", "adep": "VTSB", "ades": "VTBS", "epoch_ts": "2025-12-23 02:24:31+00:00", "altitude_ft": 18475.2, "tas_kt": 391.1, "gs_kt": 391.1, "track_deg": 17.152395459292244, "phase": "climb"}, "geometry": {"type": "Point", "coordinates": [99.492478, 9.599767, 5631.2]}}, {"type": "Feature", "properties": {"flight_key": "KAL110_VTSB_VTBS_2025-12-23 02:14", "callsign": "KAL110", "aircraft_type": "A333", "adep": "VTSB", "ades": "VTBS", "epoch_ts": "2025-12-23 02:24:51+00:00", "altitude_ft": 18978.2, "tas_kt": 394.0, "gs_kt": 394.0, "track_deg": 17.152395459292244, "phase": "climb"}, "geometry": {"type": "Point", "coordinates": [99.503372, 9.634774, 5784.6]}}, {"type": "Feature", "properties": {"flight_key": "KAL110_VTSB_VTBS_2025-12-23 02:14", "callsign": "KAL110", "aircraft_type": "A333", "adep": "VTSB", "ades": "VTBS", "epoch_ts": "2025-12-23 02:25:11+00:00", "altitude_ft": 19481.2, "tas_kt": 397.0, "gs_kt": 397.0, "track_deg": 17.152395459292244, "phase": "climb"}, "geometry": {"type": "Point", "coordinates": [99.514351, 9.670044, 5937.9]}}, {"type": "Feature", "properties": {"flight_key": "KAL110_VTSB_VTBS_2025-12-23 02:14", "callsign": "KAL110", "aircraft_type": "A333", "adep": "VTSB", "ades": "VTBS", "epoch_ts": "2025-12-23 02:25:31+00:00", "altitude_ft": 19984.2, "tas_kt": 400.0, "gs_kt": 400.0, "track_deg": 17.152395459292244, "phase": "climb"}, "geometry": {"type": "Point", "coordinates": [99.525414, 9.70558, 6091.2]}}, {"type": "Feature", "properties": {"flight_key": "KAL110_VTSB_VTBS_2025-12-23 02:14", "callsign": "KAL110", "aircraft_type": "A333", "adep": "VTSB", "ades": "VTBS", "epoch_ts": "2025-12-23 02:25:51+00:00", "altitude_ft": 20442.0, "tas_kt": 402.8, "gs_kt": 402.8, "track_deg": 17.152395459292244, "phase": "climb"}, "geometry": {"type": "Point", "coordinates": [99.53656, 9.741373, 6230.7]}}, {"type": "Feature", "properties": {"flight_key": "KAL110_VTSB_VTBS_2025-12-23 02:14", "callsign": "KAL110", "aircraft_type": "A333", "adep": "VTSB", "ades": "VTBS", "epoch_ts": "2025-12-23 02:26:11+00:00", "altitude_ft": 20898.4, "tas_kt": 405.5, "gs_kt": 405.5, "track_deg": 17.152395459292244, "phase": "climb"}, "geometry": {"type": "Point", "coordinates": [99.547785, 9.777412, 6369.8]}}, {"type": "Feature", "properties": {"flight_key": "KAL110_VTSB_VTBS_2025-12-23 02:14", "callsign": "KAL110", "aircraft_type": "A333", "adep": "VTSB", "ades": "VTBS", "epoch_ts": "2025-12-23 02:26:31+00:00", "altitude_ft": 21354.7, "tas_kt": 408.3, "gs_kt": 408.3, "track_deg": 17.152395459292244, "phase": "climb"}, "geometry": {"type": "Point", "coordinates": [99.55909, 9.813699, 6508.9]}}, {"type": "Feature", "properties": {"flight_key": "KAL110_VTSB_VTBS_2025-12-23 02:14", "callsign": "KAL110", "aircraft_type": "A333", "adep": "VTSB", "ades": "VTBS", "epoch_ts": "2025-12-23 02:26:51+00:00", "altitude_ft": 21811.0, "tas_kt": 411.1, "gs_kt": 411.1, "track_deg": 17.152395459292244, "phase": "climb"}, "geometry": {"type": "Point", "coordinates": [99.570476, 9.850236, 6648.0]}}, {"type": "Feature", "properties": {"flight_key": "KAL110_VTSB_VTBS_2025-12-23 02:14", "callsign": "KAL110", "aircraft_type": "A333", "adep": "VTSB", "ades": "VTBS", "epoch_ts": "2025-12-23 02:27:11+00:00", "altitude_ft": 22237.8, "tas_kt": 413.8, "gs_kt": 413.8, "track_deg": 17.152395459292244, "phase": "climb"}, "geometry": {"type": "Point", "coordinates": [99.581941, 9.887019, 6778.1]}}, {"type": "Feature", "properties": {"flight_key": "KAL110_VTSB_VTBS_2025-12-23 02:14", "callsign": "KAL110", "aircraft_type": "A333", "adep": "VTSB", "ades": "VTBS", "epoch_ts": "2025-12-23 02:27:31+00:00", "altitude_ft": 22643.6, "tas_kt": 416.4, "gs_kt": 416.4, "track_deg": 17.152395459292244, "phase": "climb"}, "geometry": {"type": "Point", "coordinates": [99.59348, 9.924031, 6901.8]}}, {"type": "Feature", "properties": {"flight_key": "KAL110_VTSB_VTBS_2025-12-23 02:14", "callsign": "KAL110", "aircraft_type": "A333", "adep": "VTSB", "ades": "VTBS", "epoch_ts": "2025-12-23 02:27:51+00:00", "altitude_ft": 23049.4, "tas_kt": 418.9, "gs_kt": 418.9, "track_deg": 17.152395459292244, "phase": "climb"}, "geometry": {"type": "Point", "coordinates": [99.605092, 9.961271, 7025.5]}}, {"type": "Feature", "properties": {"flight_key": "KAL110_VTSB_VTBS_2025-12-23 02:14", "callsign": "KAL110", "aircraft_type": "A333", "adep": "VTSB", "ades": "VTBS", "epoch_ts": "2025-12-23 02:28:11+00:00", "altitude_ft": 23455.3, "tas_kt": 421.5, "gs_kt": 421.5, "track_deg": 17.152395459292244, "phase": "climb"}, "geometry": {"type": "Point", "coordinates": [99.616779, 9.99874, 7149.2]}}, {"type": "Feature", "properties": {"flight_key": "KAL110_VTSB_VTBS_2025-12-23 02:14", "callsign": "KAL110", "aircraft_type": "A333", "adep": "VTSB", "ades": "VTBS", "epoch_ts": "2025-12-23 02:28:31+00:00", "altitude_ft": 23861.1, "tas_kt": 424.1, "gs_kt": 424.1, "track_deg": 17.152395459292244, "phase": "climb"}, "geometry": {"type": "Point", "coordinates": [99.628541, 10.036439, 7272.9]}}, {"type": "Feature", "properties": {"flight_key": "KAL110_VTSB_VTBS_2025-12-23 02:14", "callsign": "KAL110", "aircraft_type": "A333", "adep": "VTSB", "ades": "VTBS", "epoch_ts": "2025-12-23 02:28:51+00:00", "altitude_ft": 24233.4, "tas_kt": 426.5, "gs_kt": 426.5, "track_deg": 17.152395459292244, "phase": "climb"}, "geometry": {"type": "Point", "coordinates": [99.640376, 10.074365, 7386.3]}}, {"type": "Feature", "properties": {"flight_key": "KAL110_VTSB_VTBS_2025-12-23 02:14", "callsign": "KAL110", "aircraft_type": "A333", "adep": "VTSB", "ades": "VTBS", "epoch_ts": "2025-12-23 02:29:11+00:00", "altitude_ft": 24588.2, "tas_kt": 428.8, "gs_kt": 428.8, "track_deg": 17.152395459292244, "phase": "climb"}, "geometry": {"type": "Point", "coordinates": [99.652279, 10.112497, 7494.5]}}, {"type": "Feature", "properties": {"flight_key": "KAL110_VTSB_VTBS_2025-12-23 02:14", "callsign": "KAL110", "aircraft_type": "A333", "adep": "VTSB", "ades": "VTBS", "epoch_ts": "2025-12-23 02:29:31+00:00", "altitude_ft": 24943.1, "tas_kt": 431.1, "gs_kt": 431.1, "track_deg": 17.152395459292244, "phase": "climb"}, "geometry": {"type": "Point", "coordinates": [99.664249, 10.150835, 7602.7]}}, {"type": "Feature", "properties": {"flight_key": "KAL110_VTSB_VTBS_2025-12-23 02:14", "callsign": "KAL110", "aircraft_type": "A333", "adep": "VTSB", "ades": "VTBS", "epoch_ts": "2025-12-23 02:29:51+00:00", "altitude_ft": 25297.9, "tas_kt": 433.5, "gs_kt": 433.5, "track_deg": 17.152395459292244, "phase": "climb"}, "geometry": {"type": "Point", "coordinates": [99.676286, 10.189381, 7710.8]}}, {"type": "Feature", "properties": {"flight_key": "KAL110_VTSB_VTBS_2025-12-23 02:14", "callsign": "KAL110", "aircraft_type": "A333", "adep": "VTSB", "ades": "VTBS", "epoch_ts": "2025-12-23 02:30:11+00:00", "altitude_ft": 25652.7, "tas_kt": 435.8, "gs_kt": 435.8, "track_deg": 17.152395459292244, "phase": "climb"}, "geometry": {"type": "Point", "coordinates": [99.688392, 10.228135, 7818.9]}}, {"type": "Feature", "properties": {"flight_key": "KAL110_VTSB_VTBS_2025-12-23 02:14", "callsign": "KAL110", "aircraft_type": "A333", "adep": "VTSB", "ades": "VTBS", "epoch_ts": "2025-12-23 02:30:31+00:00", "altitude_ft": 26006.7, "tas_kt": 438.2, "gs_kt": 438.2, "track_deg": 17.152395459292244, "phase": "climb"}, "geometry": {"type": "Point", "coordinates": [99.700567, 10.267099, 7926.8]}}, {"type": "Feature", "properties": {"flight_key": "KAL110_VTSB_VTBS_2025-12-23 02:14", "callsign": "KAL110", "aircraft_type": "A333", "adep": "VTSB", "ades": "VTBS", "epoch_ts": "2025-12-23 02:30:51+00:00", "altitude_ft": 26320.9, "tas_kt": 440.3, "gs_kt": 440.3, "track_deg": 17.152395459292244, "phase": "climb"}, "geometry": {"type": "Point", "coordinates": [99.712807, 10.306262, 8022.6]}}, {"type": "Feature", "properties": {"flight_key": "KAL110_VTSB_VTBS_2025-12-23 02:14", "callsign": "KAL110", "aircraft_type": "A333", "adep": "VTSB", "ades": "VTBS", "epoch_ts": "2025-12-23 02:31:11+00:00", "altitude_ft": 26635.0, "tas_kt": 442.4, "gs_kt": 442.4, "track_deg": 17.152395459292244, "phase": "climb"}, "geometry": {"type": "Point", "coordinates": [99.725109, 10.345614, 8118.3]}}, {"type": "Feature", "properties": {"flight_key": "KAL110_VTSB_VTBS_2025-12-23 02:14", "callsign": "KAL110", "aircraft_type": "A333", "adep": "VTSB", "ades": "VTBS", "epoch_ts": "2025-12-23 02:31:31+00:00", "altitude_ft": 26949.2, "tas_kt": 444.6, "gs_kt": 444.6, "track_deg": 17.152395459292244, "phase": "climb"}, "geometry": {"type": "Point", "coordinates": [99.737473, 10.385154, 8214.1]}}, {"type": "Feature", "properties": {"flight_key": "KAL110_VTSB_VTBS_2025-12-23 02:14", "callsign": "KAL110", "aircraft_type": "A333", "adep": "VTSB", "ades": "VTBS", "epoch_ts": "2025-12-23 02:31:51+00:00", "altitude_ft": 27263.4, "tas_kt": 446.7, "gs_kt": 446.7, "track_deg": 17.152395459292244, "phase": "climb"}, "geometry": {"type": "Point", "coordinates": [99.749901, 10.424884, 8309.9]}}, {"type": "Feature", "properties": {"flight_key": "KAL110_VTSB_VTBS_2025-12-23 02:14", "callsign": "KAL110", "aircraft_type": "A333", "adep": "VTSB", "ades": "VTBS", "epoch_ts": "2025-12-23 02:32:11+00:00", "altitude_ft": 27577.5, "tas_kt": 448.9, "gs_kt": 448.9, "track_deg": 17.152395459292244, "phase": "climb"}, "geometry": {"type": "Point", "coordinates": [99.762391, 10.464806, 8405.6]}}, {"type": "Feature", "properties": {"flight_key": "KAL110_VTSB_VTBS_2025-12-23 02:14", "callsign": "KAL110", "aircraft_type": "A333", "adep": "VTSB", "ades": "VTBS", "epoch_ts": "2025-12-23 02:32:31+00:00", "altitude_ft": 27891.7, "tas_kt": 451.1, "gs_kt": 451.1, "track_deg": 17.152395459292244, "phase": "climb"}, "geometry": {"type": "Point", "coordinates": [99.774945, 10.504921, 8501.4]}}, {"type": "Feature", "properties": {"flight_key": "KAL110_VTSB_VTBS_2025-12-23 02:14", "callsign": "KAL110", "aircraft_type": "A333", "adep": "VTSB", "ades": "VTBS", "epoch_ts": "2025-12-23 02:32:51+00:00", "altitude_ft": 28193.5, "tas_kt": 453.1, "gs_kt": 453.1, "track_deg": 17.152395459292244, "phase": "climb"}, "geometry": {"type": "Point", "coordinates": [99.787562, 10.545226, 8593.4]}}, {"type": "Feature", "properties": {"flight_key": "KAL110_VTSB_VTBS_2025-12-23 02:14", "callsign": "KAL110", "aircraft_type": "A333", "adep": "VTSB", "ades": "VTBS", "epoch_ts": "2025-12-23 02:33:11+00:00", "altitude_ft": 28488.9, "tas_kt": 455.2, "gs_kt": 455.2, "track_deg": 17.152395459292244, "phase": "climb"}, "geometry": {"type": "Point", "coordinates": [99.800241, 10.585715, 8683.4]}}, {"type": "Feature", "properties": {"flight_key": "KAL110_VTSB_VTBS_2025-12-23 02:14", "callsign": "KAL110", "aircraft_type": "A333", "adep": "VTSB", "ades": "VTBS", "epoch_ts": "2025-12-23 02:33:31+00:00", "altitude_ft": 28784.2, "tas_kt": 457.3, "gs_kt": 457.3, "track_deg": 17.152395459292244, "phase": "climb"}, "geometry": {"type": "Point", "coordinates": [99.81298, 10.626388, 8773.4]}}, {"type": "Feature", "properties": {"flight_key": "KAL110_VTSB_VTBS_2025-12-23 02:14", "callsign": "KAL110", "aircraft_type": "A333", "adep": "VTSB", "ades": "VTBS", "epoch_ts": "2025-12-23 02:33:51+00:00", "altitude_ft": 29079.5, "tas_kt": 459.4, "gs_kt": 459.4, "track_deg": 17.152395459292244, "phase": "climb"}, "geometry": {"type": "Point", "coordinates": [99.825781, 10.667246, 8863.4]}}, {"type": "Feature", "properties": {"flight_key": "KAL110_VTSB_VTBS_2025-12-23 02:14", "callsign": "KAL110", "aircraft_type": "A333", "adep": "VTSB", "ades": "VTBS", "epoch_ts": "2025-12-23 02:34:11+00:00", "altitude_ft": 29374.9, "tas_kt": 461.5, "gs_kt": 461.5, "track_deg": 17.152395459292244, "phase": "climb"}, "geometry": {"type": "Point", "coordinates": [99.838643, 10.708289, 8953.5]}}, {"type": "Feature", "properties": {"flight_key": "KAL110_VTSB_VTBS_2025-12-23 02:14", "callsign": "KAL110", "aircraft_type": "A333", "adep": "VTSB", "ades": "VTBS", "epoch_ts": "2025-12-23 02:34:31+00:00", "altitude_ft": 29670.2, "tas_kt": 463.6, "gs_kt": 463.6, "track_deg": 17.152395459292244, "phase": "climb"}, "geometry": {"type": "Point", "coordinates": [99.851568, 10.749519, 9043.5]}}, {"type": "Feature", "properties": {"flight_key": "KAL110_VTSB_VTBS_2025-12-23 02:14", "callsign": "KAL110", "aircraft_type": "A333", "adep": "VTSB", "ades": "VTBS", "epoch_ts": "2025-12-23 02:34:51+00:00", "altitude_ft": 29965.5, "tas_kt": 465.7, "gs_kt": 465.7, "track_deg": 17.152395459292244, "phase": "climb"}, "geometry": {"type": "Point", "coordinates": [99.864555, 10.790937, 9133.5]}}, {"type": "Feature", "properties": {"flight_key": "KAL110_VTSB_VTBS_2025-12-23 02:14", "callsign": "KAL110", "aircraft_type": "A333", "adep": "VTSB", "ades": "VTBS", "epoch_ts": "2025-12-23 02:35:11+00:00", "altitude_ft": 30272.8, "tas_kt": 476.8, "gs_kt": 476.8, "track_deg": 17.152395459292244, "phase": "climb"}, "geometry": {"type": "Point", "coordinates": [99.877862, 10.833361, 9227.1]}}, {"type": "Feature", "properties": {"flight_key": "KAL110_VTSB_VTBS_2025-12-23 02:14", "callsign": "KAL110", "aircraft_type": "A333", "adep": "VTSB", "ades": "VTBS", "epoch_ts": "2025-12-23 02:35:31+00:00", "altitude_ft": 30581.6, "tas_kt": 476.1, "gs_kt": 476.1, "track_deg": 19.114129499427698, "phase": "climb"}, "geometry": {"type": "Point", "coordinates": [99.891635, 10.876707, 9321.3]}}, {"type": "Feature", "properties": {"flight_key": "KAL110_VTSB_VTBS_2025-12-23 02:14", "callsign": "KAL110", "aircraft_type": "A333", "adep": "VTSB", "ades": "VTBS", "epoch_ts": "2025-12-23 02:35:51+00:00", "altitude_ft": 30890.4, "tas_kt": 475.5, "gs_kt": 475.5, "track_deg": 29.05365857648437, "phase": "climb"}, "geometry": {"type": "Point", "coordinates": [99.912429, 10.917089, 9415.4]}}, {"type": "Feature", "properties": {"flight_key": "KAL110_VTSB_VTBS_2025-12-23 02:14", "callsign": "KAL110", "aircraft_type": "A333", "adep": "VTSB", "ades": "VTBS", "epoch_ts": "2025-12-23 02:36:11+00:00", "altitude_ft": 31199.3, "tas_kt": 474.9, "gs_kt": 474.9, "track_deg": 29.05365857648437, "phase": "climb"}, "geometry": {"type": "Point", "coordinates": [99.934701, 10.956699, 9509.5]}}, {"type": "Feature", "properties": {"flight_key": "KAL110_VTSB_VTBS_2025-12-23 02:14", "callsign": "KAL110", "aircraft_type": "A333", "adep": "VTSB", "ades": "VTBS", "epoch_ts": "2025-12-23 02:36:31+00:00", "altitude_ft": 31508.1, "tas_kt": 474.2, "gs_kt": 474.2, "track_deg": 29.05365857648437, "phase": "climb"}, "geometry": {"type": "Point", "coordinates": [99.956948, 10.996255, 9603.7]}}, {"type": "Feature", "properties": {"flight_key": "KAL110_VTSB_VTBS_2025-12-23 02:14", "callsign": "KAL110", "aircraft_type": "A333", "adep": "VTSB", "ades": "VTBS", "epoch_ts": "2025-12-23 02:36:51+00:00", "altitude_ft": 31816.9, "tas_kt": 473.6, "gs_kt": 473.6, "track_deg": 29.05365857648437, "phase": "climb"}, "geometry": {"type": "Point", "coordinates": [99.979172, 11.035755, 9697.8]}}, {"type": "Feature", "properties": {"flight_key": "KAL110_VTSB_VTBS_2025-12-23 02:14", "callsign": "KAL110", "aircraft_type": "A333", "adep": "VTSB", "ades": "VTBS", "epoch_ts": "2025-12-23 02:37:11+00:00", "altitude_ft": 32136.8, "tas_kt": 472.9, "gs_kt": 472.9, "track_deg": 29.05365857648437, "phase": "climb"}, "geometry": {"type": "Point", "coordinates": [100.00137, 11.075199, 9795.3]}}, {"type": "Feature", "properties": {"flight_key": "KAL110_VTSB_VTBS_2025-12-23 02:14", "callsign": "KAL110", "aircraft_type": "A333", "adep": "VTSB", "ades": "VTBS", "epoch_ts": "2025-12-23 02:37:31+00:00", "altitude_ft": 32472.8, "tas_kt": 472.2, "gs_kt": 472.2, "track_deg": 29.05365857648437, "phase": "climb"}, "geometry": {"type": "Point", "coordinates": [100.023543, 11.114584, 9897.7]}}, {"type": "Feature", "properties": {"flight_key": "KAL110_VTSB_VTBS_2025-12-23 02:14", "callsign": "KAL110", "aircraft_type": "A333", "adep": "VTSB", "ades": "VTBS", "epoch_ts": "2025-12-23 02:37:51+00:00", "altitude_ft": 32808.8, "tas_kt": 471.5, "gs_kt": 471.5, "track_deg": 29.05365857648437, "phase": "climb"}, "geometry": {"type": "Point", "coordinates": [100.045688, 11.153909, 10000.1]}}, {"type": "Feature", "properties": {"flight_key": "KAL110_VTSB_VTBS_2025-12-23 02:14", "callsign": "KAL110", "aircraft_type": "A333", "adep": "VTSB", "ades": "VTBS", "epoch_ts": "2025-12-23 02:38:11+00:00", "altitude_ft": 33144.8, "tas_kt": 470.8, "gs_kt": 470.8, "track_deg": 29.05365857648437, "phase": "climb"}, "geometry": {"type": "Point", "coordinates": [100.067806, 11.193174, 10102.5]}}, {"type": "Feature", "properties": {"flight_key": "KAL110_VTSB_VTBS_2025-12-23 02:14", "callsign": "KAL110", "aircraft_type": "A333", "adep": "VTSB", "ades": "VTBS", "epoch_ts": "2025-12-23 02:38:31+00:00", "altitude_ft": 33480.8, "tas_kt": 470.1, "gs_kt": 470.1, "track_deg": 29.05365857648437, "phase": "climb"}, "geometry": {"type": "Point", "coordinates": [100.089897, 11.232378, 10204.9]}}, {"type": "Feature", "properties": {"flight_key": "KAL110_VTSB_VTBS_2025-12-23 02:14", "callsign": "KAL110", "aircraft_type": "A333", "adep": "VTSB", "ades": "VTBS", "epoch_ts": "2025-12-23 02:38:51+00:00", "altitude_ft": 33816.8, "tas_kt": 469.4, "gs_kt": 469.4, "track_deg": 29.05365857648437, "phase": "climb"}, "geometry": {"type": "Point", "coordinates": [100.111961, 11.271521, 10307.4]}}, {"type": "Feature", "properties": {"flight_key": "KAL110_VTSB_VTBS_2025-12-23 02:14", "callsign": "KAL110", "aircraft_type": "A333", "adep": "VTSB", "ades": "VTBS", "epoch_ts": "2025-12-23 02:39:11+00:00", "altitude_ft": 34152.8, "tas_kt": 468.7, "gs_kt": 468.7, "track_deg": 29.05365857648437, "phase": "climb"}, "geometry": {"type": "Point", "coordinates": [100.133998, 11.310604, 10409.8]}}, {"type": "Feature", "properties": {"flight_key": "KAL110_VTSB_VTBS_2025-12-23 02:14", "callsign": "KAL110", "aircraft_type": "A333", "adep": "VTSB", "ades": "VTBS", "epoch_ts": "2025-12-23 02:39:31+00:00", "altitude_ft": 34488.8, "tas_kt": 468.0, "gs_kt": 468.0, "track_deg": 29.05365857648437, "phase": "climb"}, "geometry": {"type": "Point", "coordinates": [100.156008, 11.349626, 10512.2]}}, {"type": "Feature", "properties": {"flight_key": "KAL110_VTSB_VTBS_2025-12-23 02:14", "callsign": "KAL110", "aircraft_type": "A333", "adep": "VTSB", "ades": "VTBS", "epoch_ts": "2025-12-23 02:39:51+00:00", "altitude_ft": 34824.8, "tas_kt": 467.3, "gs_kt": 467.3, "track_deg": 29.05365857648437, "phase": "climb"}, "geometry": {"type": "Point", "coordinates": [100.17799, 11.388588, 10614.6]}}, {"type": "Feature", "properties": {"flight_key": "KAL110_VTSB_VTBS_2025-12-23 02:14", "callsign": "KAL110", "aircraft_type": "A333", "adep": "VTSB", "ades": "VTBS", "epoch_ts": "2025-12-23 02:40:11+00:00", "altitude_ft": 35160.8, "tas_kt": 466.6, "gs_kt": 466.6, "track_deg": 29.05365857648437, "phase": "climb"}, "geometry": {"type": "Point", "coordinates": [100.199944, 11.427488, 10717.0]}}, {"type": "Feature", "properties": {"flight_key": "KAL110_VTSB_VTBS_2025-12-23 02:14", "callsign": "KAL110", "aircraft_type": "A333", "adep": "VTSB", "ades": "VTBS", "epoch_ts": "2025-12-23 02:40:31+00:00", "altitude_ft": 35496.8, "tas_kt": 465.8, "gs_kt": 465.8, "track_deg": 29.05365857648437, "phase": "climb"}, "geometry": {"type": "Point", "coordinates": [100.221872, 11.466328, 10819.4]}}, {"type": "Feature", "properties": {"flight_key": "KAL110_VTSB_VTBS_2025-12-23 02:14", "callsign": "KAL110", "aircraft_type": "A333", "adep": "VTSB", "ades": "VTBS", "epoch_ts": "2025-12-23 02:40:51+00:00", "altitude_ft": 35832.8, "tas_kt": 465.1, "gs_kt": 465.1, "track_deg": 29.05365857648437, "phase": "climb"}, "geometry": {"type": "Point", "coordinates": [100.243771, 11.505106, 10921.8]}}, {"type": "Feature", "properties": {"flight_key": "KAL110_VTSB_VTBS_2025-12-23 02:14", "callsign": "KAL110", "aircraft_type": "A333", "adep": "VTSB", "ades": "VTBS", "epoch_ts": "2025-12-23 02:41:11+00:00", "altitude_ft": 36000.0, "tas_kt": 470.5, "gs_kt": 470.5, "track_deg": 29.05365857648437, "phase": "cruise"}, "geometry": {"type": "Point", "coordinates": [100.265787, 11.544078, 10972.8]}}, {"type": "Feature", "properties": {"flight_key": "KAL110_VTSB_VTBS_2025-12-23 02:14", "callsign": "KAL110", "aircraft_type": "A333", "adep": "VTSB", "ades": "VTBS", "epoch_ts": "2025-12-23 02:41:31+00:00", "altitude_ft": 36000.0, "tas_kt": 470.5, "gs_kt": 470.5, "track_deg": 29.156032171895102, "phase": "cruise"}, "geometry": {"type": "Point", "coordinates": [100.287943, 11.583268, 10972.8]}}, {"type": "Feature", "properties": {"flight_key": "KAL110_VTSB_VTBS_2025-12-23 02:14", "callsign": "KAL110", "aircraft_type": "A333", "adep": "VTSB", "ades": "VTBS", "epoch_ts": "2025-12-23 02:41:51+00:00", "altitude_ft": 36000.0, "tas_kt": 470.5, "gs_kt": 470.5, "track_deg": 29.156032171895102, "phase": "cruise"}, "geometry": {"type": "Point", "coordinates": [100.310117, 11.622449, 10972.8]}}, {"type": "Feature", "properties": {"flight_key": "KAL110_VTSB_VTBS_2025-12-23 02:14", "callsign": "KAL110", "aircraft_type": "A333", "adep": "VTSB", "ades": "VTBS", "epoch_ts": "2025-12-23 02:42:11+00:00", "altitude_ft": 36000.0, "tas_kt": 470.5, "gs_kt": 470.5, "track_deg": 29.156032171895102, "phase": "cruise"}, "geometry": {"type": "Point", "coordinates": [100.332297, 11.661629, 10972.8]}}, {"type": "Feature", "properties": {"flight_key": "KAL110_VTSB_VTBS_2025-12-23 02:14", "callsign": "KAL110", "aircraft_type": "A333", "adep": "VTSB", "ades": "VTBS", "epoch_ts": "2025-12-23 02:42:31+00:00", "altitude_ft": 36000.0, "tas_kt": 470.5, "gs_kt": 470.5, "track_deg": 29.156032171895102, "phase": "cruise"}, "geometry": {"type": "Point", "coordinates": [100.354484, 11.700806, 10972.8]}}, {"type": "Feature", "properties": {"flight_key": "KAL110_VTSB_VTBS_2025-12-23 02:14", "callsign": "KAL110", "aircraft_type": "A333", "adep": "VTSB", "ades": "VTBS", "epoch_ts": "2025-12-23 02:42:51+00:00", "altitude_ft": 36000.0, "tas_kt": 470.5, "gs_kt": 470.5, "track_deg": 29.156032171895102, "phase": "cruise"}, "geometry": {"type": "Point", "coordinates": [100.376677, 11.739982, 10972.8]}}, {"type": "Feature", "properties": {"flight_key": "KAL110_VTSB_VTBS_2025-12-23 02:14", "callsign": "KAL110", "aircraft_type": "A333", "adep": "VTSB", "ades": "VTBS", "epoch_ts": "2025-12-23 02:43:11+00:00", "altitude_ft": 35965.7, "tas_kt": 464.9, "gs_kt": 464.9, "track_deg": 29.156032171895102, "phase": "descent"}, "geometry": {"type": "Point", "coordinates": [100.398856, 11.779121, 10962.3]}}, {"type": "Feature", "properties": {"flight_key": "KAL110_VTSB_VTBS_2025-12-23 02:14", "callsign": "KAL110", "aircraft_type": "A333", "adep": "VTSB", "ades": "VTBS", "epoch_ts": "2025-12-23 02:43:31+00:00", "altitude_ft": 35373.5, "tas_kt": 466.1, "gs_kt": 466.1, "track_deg": 29.156032171895102, "phase": "descent"}, "geometry": {"type": "Point", "coordinates": [100.420824, 11.817874, 10781.8]}}, {"type": "Feature", "properties": {"flight_key": "KAL110_VTSB_VTBS_2025-12-23 02:14", "callsign": "KAL110", "aircraft_type": "A333", "adep": "VTSB", "ades": "VTBS", "epoch_ts": "2025-12-23 02:43:51+00:00", "altitude_ft": 34781.3, "tas_kt": 467.4, "gs_kt": 467.4, "track_deg": 12.983208721022192, "phase": "descent"}, "geometry": {"type": "Point", "coordinates": [100.441596, 11.857283, 10601.3]}}, {"type": "Feature", "properties": {"flight_key": "KAL110_VTSB_VTBS_2025-12-23 02:14", "callsign": "KAL110", "aircraft_type": "A333", "adep": "VTSB", "ades": "VTBS", "epoch_ts": "2025-12-23 02:44:11+00:00", "altitude_ft": 35673.0, "tas_kt": 468.6, "gs_kt": 468.6, "track_deg": 1.4190245196811795, "phase": "descent"}, "geometry": {"type": "Point", "coordinates": [100.44365, 11.901803, 10873.1]}}, {"type": "Feature", "properties": {"flight_key": "KAL110_VTSB_VTBS_2025-12-23 02:14", "callsign": "KAL110", "aircraft_type": "A333", "adep": "VTSB", "ades": "VTBS", "epoch_ts": "2025-12-23 02:44:31+00:00", "altitude_ft": 34980.8, "tas_kt": 469.9, "gs_kt": 469.9, "track_deg": 1.4190245196811795, "phase": "descent"}, "geometry": {"type": "Point", "coordinates": [100.444775, 11.946534, 10662.1]}}, {"type": "Feature", "properties": {"flight_key": "KAL110_VTSB_VTBS_2025-12-23 02:14", "callsign": "KAL110", "aircraft_type": "A333", "adep": "VTSB", "ades": "VTBS", "epoch_ts": "2025-12-23 02:44:51+00:00", "altitude_ft": 34350.7, "tas_kt": 471.2, "gs_kt": 471.2, "track_deg": 1.4190245196811795, "phase": "descent"}, "geometry": {"type": "Point", "coordinates": [100.445904, 11.991388, 10470.1]}}, {"type": "Feature", "properties": {"flight_key": "KAL110_VTSB_VTBS_2025-12-23 02:14", "callsign": "KAL110", "aircraft_type": "A333", "adep": "VTSB", "ades": "VTBS", "epoch_ts": "2025-12-23 02:45:11+00:00", "altitude_ft": 33654.7, "tas_kt": 472.5, "gs_kt": 472.5, "track_deg": 1.4190245196811795, "phase": "descent"}, "geometry": {"type": "Point", "coordinates": [100.447036, 12.036364, 10258.0]}}, {"type": "Feature", "properties": {"flight_key": "KAL110_VTSB_VTBS_2025-12-23 02:14", "callsign": "KAL110", "aircraft_type": "A333", "adep": "VTSB", "ades": "VTBS", "epoch_ts": "2025-12-23 02:45:31+00:00", "altitude_ft": 32956.9, "tas_kt": 473.7, "gs_kt": 473.7, "track_deg": 1.4190245196811795, "phase": "descent"}, "geometry": {"type": "Point", "coordinates": [100.448172, 12.081462, 10045.3]}}, {"type": "Feature", "properties": {"flight_key": "KAL110_VTSB_VTBS_2025-12-23 02:14", "callsign": "KAL110", "aircraft_type": "A333", "adep": "VTSB", "ades": "VTBS", "epoch_ts": "2025-12-23 02:45:51+00:00", "altitude_ft": 32257.1, "tas_kt": 475.0, "gs_kt": 475.0, "track_deg": 1.4190245196811795, "phase": "descent"}, "geometry": {"type": "Point", "coordinates": [100.449312, 12.126681, 9832.0]}}, {"type": "Feature", "properties": {"flight_key": "KAL110_VTSB_VTBS_2025-12-23 02:14", "callsign": "KAL110", "aircraft_type": "A333", "adep": "VTSB", "ades": "VTBS", "epoch_ts": "2025-12-23 02:46:11+00:00", "altitude_ft": 31555.5, "tas_kt": 476.3, "gs_kt": 476.3, "track_deg": 1.4190245196811795, "phase": "descent"}, "geometry": {"type": "Point", "coordinates": [100.450454, 12.17202, 9618.1]}}, {"type": "Feature", "properties": {"flight_key": "KAL110_VTSB_VTBS_2025-12-23 02:14", "callsign": "KAL110", "aircraft_type": "A333", "adep": "VTSB", "ades": "VTBS", "epoch_ts": "2025-12-23 02:46:31+00:00", "altitude_ft": 30769.5, "tas_kt": 465.4, "gs_kt": 465.4, "track_deg": 1.4190245196811795, "phase": "descent"}, "geometry": {"type": "Point", "coordinates": [100.451735, 12.222812, 9378.5]}}, {"type": "Feature", "properties": {"flight_key": "KAL110_VTSB_VTBS_2025-12-23 02:14", "callsign": "KAL110", "aircraft_type": "A333", "adep": "VTSB", "ades": "VTBS", "epoch_ts": "2025-12-23 02:46:51+00:00", "altitude_ft": 29943.9, "tas_kt": 461.0, "gs_kt": 461.0, "track_deg": 1.4190245196811795, "phase": "descent"}, "geometry": {"type": "Point", "coordinates": [100.45308, 12.276162, 9126.9]}}, {"type": "Feature", "properties": {"flight_key": "KAL110_VTSB_VTBS_2025-12-23 02:14", "callsign": "KAL110", "aircraft_type": "A333", "adep": "VTSB", "ades": "VTBS", "epoch_ts": "2025-12-23 02:47:11+00:00", "altitude_ft": 29126.0, "tas_kt": 456.8, "gs_kt": 456.8, "track_deg": 1.4190245196811795, "phase": "descent"}, "geometry": {"type": "Point", "coordinates": [100.454414, 12.329016, 8877.6]}}, {"type": "Feature", "properties": {"flight_key": "KAL110_VTSB_VTBS_2025-12-23 02:14", "callsign": "KAL110", "aircraft_type": "A333", "adep": "VTSB", "ades": "VTBS", "epoch_ts": "2025-12-23 02:47:31+00:00", "altitude_ft": 28315.7, "tas_kt": 452.5, "gs_kt": 452.5, "track_deg": 1.4190245196811795, "phase": "descent"}, "geometry": {"type": "Point", "coordinates": [100.455736, 12.381379, 8630.6]}}, {"type": "Feature", "properties": {"flight_key": "KAL110_VTSB_VTBS_2025-12-23 02:14", "callsign": "KAL110", "aircraft_type": "A333", "adep": "VTSB", "ades": "VTBS", "epoch_ts": "2025-12-23 02:47:51+00:00", "altitude_ft": 27516.8, "tas_kt": 420.7, "gs_kt": 420.7, "track_deg": 1.4190245196811795, "phase": "descent"}, "geometry": {"type": "Point", "coordinates": [100.45704, 12.433002, 8387.1]}}, {"type": "Feature", "properties": {"flight_key": "KAL110_VTSB_VTBS_2025-12-23 02:14", "callsign": "KAL110", "aircraft_type": "A333", "adep": "VTSB", "ades": "VTBS", "epoch_ts": "2025-12-23 02:48:11+00:00", "altitude_ft": 26770.2, "tas_kt": 415.8, "gs_kt": 415.8, "track_deg": 1.4190245196811795, "phase": "descent"}, "geometry": {"type": "Point", "coordinates": [100.458258, 12.481251, 8159.6]}}, {"type": "Feature", "properties": {"flight_key": "KAL110_VTSB_VTBS_2025-12-23 02:14", "callsign": "KAL110", "aircraft_type": "A333", "adep": "VTSB", "ades": "VTBS", "epoch_ts": "2025-12-23 02:48:31+00:00", "altitude_ft": 26032.1, "tas_kt": 411.0, "gs_kt": 411.0, "track_deg": 1.4190245196811795, "phase": "descent"}, "geometry": {"type": "Point", "coordinates": [100.459464, 12.528946, 7934.6]}}, {"type": "Feature", "properties": {"flight_key": "KAL110_VTSB_VTBS_2025-12-23 02:14", "callsign": "KAL110", "aircraft_type": "A333", "adep": "VTSB", "ades": "VTBS", "epoch_ts": "2025-12-23 02:48:51+00:00", "altitude_ft": 25302.2, "tas_kt": 406.4, "gs_kt": 406.4, "track_deg": 1.4190245196811795, "phase": "descent"}, "geometry": {"type": "Point", "coordinates": [100.460656, 12.576111, 7712.1]}}, {"type": "Feature", "properties": {"flight_key": "KAL110_VTSB_VTBS_2025-12-23 02:14", "callsign": "KAL110", "aircraft_type": "A333", "adep": "VTSB", "ades": "VTBS", "epoch_ts": "2025-12-23 02:49:11+00:00", "altitude_ft": 24580.3, "tas_kt": 401.9, "gs_kt": 401.9, "track_deg": 1.4190245196811795, "phase": "descent"}, "geometry": {"type": "Point", "coordinates": [100.461836, 12.622757, 7492.1]}}, {"type": "Feature", "properties": {"flight_key": "KAL110_VTSB_VTBS_2025-12-23 02:14", "callsign": "KAL110", "aircraft_type": "A333", "adep": "VTSB", "ades": "VTBS", "epoch_ts": "2025-12-23 02:49:31+00:00", "altitude_ft": 23866.3, "tas_kt": 397.5, "gs_kt": 397.5, "track_deg": 1.4190245196811795, "phase": "descent"}, "geometry": {"type": "Point", "coordinates": [100.463003, 12.668896, 7274.4]}}, {"type": "Feature", "properties": {"flight_key": "KAL110_VTSB_VTBS_2025-12-23 02:14", "callsign": "KAL110", "aircraft_type": "A333", "adep": "VTSB", "ades": "VTBS", "epoch_ts": "2025-12-23 02:49:51+00:00", "altitude_ft": 23159.9, "tas_kt": 393.2, "gs_kt": 393.2, "track_deg": 1.4190245196811795, "phase": "descent"}, "geometry": {"type": "Point", "coordinates": [100.464158, 12.71454, 7059.1]}}, {"type": "Feature", "properties": {"flight_key": "KAL110_VTSB_VTBS_2025-12-23 02:14", "callsign": "KAL110", "aircraft_type": "A333", "adep": "VTSB", "ades": "VTBS", "epoch_ts": "2025-12-23 02:50:11+00:00", "altitude_ft": 22461.1, "tas_kt": 389.0, "gs_kt": 389.0, "track_deg": 1.4190245196811795, "phase": "descent"}, "geometry": {"type": "Point", "coordinates": [100.465302, 12.759699, 6846.1]}}, {"type": "Feature", "properties": {"flight_key": "KAL110_VTSB_VTBS_2025-12-23 02:14", "callsign": "KAL110", "aircraft_type": "A333", "adep": "VTSB", "ades": "VTBS", "epoch_ts": "2025-12-23 02:50:31+00:00", "altitude_ft": 21769.5, "tas_kt": 384.9, "gs_kt": 384.9, "track_deg": 1.4190245196811795, "phase": "descent"}, "geometry": {"type": "Point", "coordinates": [100.466434, 12.804385, 6635.3]}}, {"type": "Feature", "properties": {"flight_key": "KAL110_VTSB_VTBS_2025-12-23 02:14", "callsign": "KAL110", "aircraft_type": "A333", "adep": "VTSB", "ades": "VTBS", "epoch_ts": "2025-12-23 02:50:51+00:00", "altitude_ft": 21085.2, "tas_kt": 380.8, "gs_kt": 380.8, "track_deg": 1.4190245196811795, "phase": "descent"}, "geometry": {"type": "Point", "coordinates": [100.467554, 12.848609, 6426.8]}}, {"type": "Feature", "properties": {"flight_key": "KAL110_VTSB_VTBS_2025-12-23 02:14", "callsign": "KAL110", "aircraft_type": "A333", "adep": "VTSB", "ades": "VTBS", "epoch_ts": "2025-12-23 02:51:11+00:00", "altitude_ft": 20407.8, "tas_kt": 376.9, "gs_kt": 376.9, "track_deg": 1.4190245196811795, "phase": "descent"}, "geometry": {"type": "Point", "coordinates": [100.468663, 12.892379, 6220.3]}}, {"type": "Feature", "properties": {"flight_key": "KAL110_VTSB_VTBS_2025-12-23 02:14", "callsign": "KAL110", "aircraft_type": "A333", "adep": "VTSB", "ades": "VTBS", "epoch_ts": "2025-12-23 02:51:31+00:00", "altitude_ft": 19737.3, "tas_kt": 373.1, "gs_kt": 373.1, "track_deg": 1.4190245196811795, "phase": "descent"}, "geometry": {"type": "Point", "coordinates": [100.469762, 12.935707, 6015.9]}}, {"type": "Feature", "properties": {"flight_key": "KAL110_VTSB_VTBS_2025-12-23 02:14", "callsign": "KAL110", "aircraft_type": "A333", "adep": "VTSB", "ades": "VTBS", "epoch_ts": "2025-12-23 02:51:51+00:00", "altitude_ft": 19073.4, "tas_kt": 369.4, "gs_kt": 369.4, "track_deg": 1.4190245196811795, "phase": "descent"}, "geometry": {"type": "Point", "coordinates": [100.47085, 12.978601, 5813.6]}}, {"type": "Feature", "properties": {"flight_key": "KAL110_VTSB_VTBS_2025-12-23 02:14", "callsign": "KAL110", "aircraft_type": "A333", "adep": "VTSB", "ades": "VTBS", "epoch_ts": "2025-12-23 02:52:11+00:00", "altitude_ft": 18449.2, "tas_kt": 328.0, "gs_kt": 328.0, "track_deg": 1.4190245196811795, "phase": "descent"}, "geometry": {"type": "Point", "coordinates": [100.471873, 13.018936, 5623.3]}}, {"type": "Feature", "properties": {"flight_key": "KAL110_VTSB_VTBS_2025-12-23 02:14", "callsign": "KAL110", "aircraft_type": "A333", "adep": "VTSB", "ades": "VTBS", "epoch_ts": "2025-12-23 02:52:31+00:00", "altitude_ft": 17865.8, "tas_kt": 325.0, "gs_kt": 325.0, "track_deg": 1.4190245196811795, "phase": "descent"}, "geometry": {"type": "Point", "coordinates": [100.47283, 13.056633, 5445.5]}}, {"type": "Feature", "properties": {"flight_key": "KAL110_VTSB_VTBS_2025-12-23 02:14", "callsign": "KAL110", "aircraft_type": "A333", "adep": "VTSB", "ades": "VTBS", "epoch_ts": "2025-12-23 02:52:51+00:00", "altitude_ft": 17288.2, "tas_kt": 322.2, "gs_kt": 322.2, "track_deg": 23.17656174281714, "phase": "descent"}, "geometry": {"type": "Point", "coordinates": [100.479313, 13.093092, 5269.4]}}, {"type": "Feature", "properties": {"flight_key": "KAL110_VTSB_VTBS_2025-12-23 02:14", "callsign": "KAL110", "aircraft_type": "A333", "adep": "VTSB", "ades": "VTBS", "epoch_ts": "2025-12-23 02:53:11+00:00", "altitude_ft": 16716.1, "tas_kt": 319.4, "gs_kt": 319.4, "track_deg": 35.29012845283006, "phase": "descent"}, "geometry": {"type": "Point", "coordinates": [100.499948, 13.123972, 5095.1]}}, {"type": "Feature", "properties": {"flight_key": "KAL110_VTSB_VTBS_2025-12-23 02:14", "callsign": "KAL110", "aircraft_type": "A333", "adep": "VTSB", "ades": "VTBS", "epoch_ts": "2025-12-23 02:53:31+00:00", "altitude_ft": 16148.9, "tas_kt": 316.6, "gs_kt": 316.6, "track_deg": 35.29012845283006, "phase": "descent"}, "geometry": {"type": "Point", "coordinates": [100.521559, 13.153891, 4922.2]}}, {"type": "Feature", "properties": {"flight_key": "KAL110_VTSB_VTBS_2025-12-23 02:14", "callsign": "KAL110", "aircraft_type": "A333", "adep": "VTSB", "ades": "VTBS", "epoch_ts": "2025-12-23 02:53:51+00:00", "altitude_ft": 15586.7, "tas_kt": 313.9, "gs_kt": 313.9, "track_deg": 35.29012845283006, "phase": "descent"}, "geometry": {"type": "Point", "coordinates": [100.542992, 13.183553, 4750.8]}}, {"type": "Feature", "properties": {"flight_key": "KAL110_VTSB_VTBS_2025-12-23 02:14", "callsign": "KAL110", "aircraft_type": "A333", "adep": "VTSB", "ades": "VTBS", "epoch_ts": "2025-12-23 02:54:11+00:00", "altitude_ft": 15029.1, "tas_kt": 311.3, "gs_kt": 311.3, "track_deg": 35.29012845283006, "phase": "descent"}, "geometry": {"type": "Point", "coordinates": [100.564248, 13.212962, 4580.9]}}, {"type": "Feature", "properties": {"flight_key": "KAL110_VTSB_VTBS_2025-12-23 02:14", "callsign": "KAL110", "aircraft_type": "A333", "adep": "VTSB", "ades": "VTBS", "epoch_ts": "2025-12-23 02:54:31+00:00", "altitude_ft": 14476.2, "tas_kt": 308.7, "gs_kt": 308.7, "track_deg": 35.29012845283006, "phase": "descent"}, "geometry": {"type": "Point", "coordinates": [100.585333, 13.242125, 4412.3]}}, {"type": "Feature", "properties": {"flight_key": "KAL110_VTSB_VTBS_2025-12-23 02:14", "callsign": "KAL110", "aircraft_type": "A333", "adep": "VTSB", "ades": "VTBS", "epoch_ts": "2025-12-23 02:54:51+00:00", "altitude_ft": 14000.0, "tas_kt": 270.4, "gs_kt": 270.4, "track_deg": 35.26594305467925, "phase": "descent"}, "geometry": {"type": "Point", "coordinates": [100.604181, 13.268189, 4267.2]}}, {"type": "Feature", "properties": {"flight_key": "KAL110_VTSB_VTBS_2025-12-23 02:14", "callsign": "KAL110", "aircraft_type": "A333", "adep": "VTSB", "ades": "VTBS", "epoch_ts": "2025-12-23 02:55:11+00:00", "altitude_ft": 14000.0, "tas_kt": 270.4, "gs_kt": 270.4, "track_deg": 35.26594305467925, "phase": "descent"}, "geometry": {"type": "Point", "coordinates": [100.622543, 13.293621, 4267.2]}}, {"type": "Feature", "properties": {"flight_key": "KAL110_VTSB_VTBS_2025-12-23 02:14", "callsign": "KAL110", "aircraft_type": "A333", "adep": "VTSB", "ades": "VTBS", "epoch_ts": "2025-12-23 02:55:31+00:00", "altitude_ft": 14000.0, "tas_kt": 270.4, "gs_kt": 270.4, "track_deg": 35.26594305467925, "phase": "descent"}, "geometry": {"type": "Point", "coordinates": [100.640909, 13.31905, 4267.2]}}, {"type": "Feature", "properties": {"flight_key": "KAL110_VTSB_VTBS_2025-12-23 02:14", "callsign": "KAL110", "aircraft_type": "A333", "adep": "VTSB", "ades": "VTBS", "epoch_ts": "2025-12-23 02:55:51+00:00", "altitude_ft": 14000.0, "tas_kt": 270.4, "gs_kt": 270.4, "track_deg": 35.26594305467925, "phase": "descent"}, "geometry": {"type": "Point", "coordinates": [100.659279, 13.344479, 4267.2]}}, {"type": "Feature", "properties": {"flight_key": "KAL110_VTSB_VTBS_2025-12-23 02:14", "callsign": "KAL110", "aircraft_type": "A333", "adep": "VTSB", "ades": "VTBS", "epoch_ts": "2025-12-23 02:56:11+00:00", "altitude_ft": 14000.0, "tas_kt": 270.4, "gs_kt": 270.4, "track_deg": 35.26594305467925, "phase": "descent"}, "geometry": {"type": "Point", "coordinates": [100.677653, 13.369906, 4267.2]}}, {"type": "Feature", "properties": {"flight_key": "KAL110_VTSB_VTBS_2025-12-23 02:14", "callsign": "KAL110", "aircraft_type": "A333", "adep": "VTSB", "ades": "VTBS", "epoch_ts": "2025-12-23 02:56:31+00:00", "altitude_ft": 14000.0, "tas_kt": 270.4, "gs_kt": 270.4, "track_deg": 35.26594305467925, "phase": "descent"}, "geometry": {"type": "Point", "coordinates": [100.69603, 13.395331, 4267.2]}}, {"type": "Feature", "properties": {"flight_key": "KAL110_VTSB_VTBS_2025-12-23 02:14", "callsign": "KAL110", "aircraft_type": "A333", "adep": "VTSB", "ades": "VTBS", "epoch_ts": "2025-12-23 02:56:51+00:00", "altitude_ft": 14000.0, "tas_kt": 270.4, "gs_kt": 270.4, "track_deg": 35.26594305467925, "phase": "descent"}, "geometry": {"type": "Point", "coordinates": [100.714411, 13.420755, 4267.2]}}, {"type": "Feature", "properties": {"flight_key": "KAL110_VTSB_VTBS_2025-12-23 02:14", "callsign": "KAL110", "aircraft_type": "A333", "adep": "VTSB", "ades": "VTBS", "epoch_ts": "2025-12-23 02:57:11+00:00", "altitude_ft": 14000.0, "tas_kt": 270.4, "gs_kt": 270.4, "track_deg": 35.33862577249104, "phase": "descent"}, "geometry": {"type": "Point", "coordinates": [100.732816, 13.446164, 4267.2]}}, {"type": "Feature", "properties": {"flight_key": "KAL110_VTSB_VTBS_2025-12-23 02:14", "callsign": "KAL110", "aircraft_type": "A333", "adep": "VTSB", "ades": "VTBS", "epoch_ts": "2025-12-23 02:57:31+00:00", "altitude_ft": 13695.9, "tas_kt": 269.1, "gs_kt": 269.1, "track_deg": 35.33862577249104, "phase": "descent"}, "geometry": {"type": "Point", "coordinates": [100.751185, 13.471514, 4174.5]}}, {"type": "Feature", "properties": {"flight_key": "KAL110_VTSB_VTBS_2025-12-23 02:14", "callsign": "KAL110", "aircraft_type": "A333", "adep": "VTSB", "ades": "VTBS", "epoch_ts": "2025-12-23 02:57:51+00:00", "altitude_ft": 13218.4, "tas_kt": 267.2, "gs_kt": 267.2, "track_deg": 35.33862577249104, "phase": "descent"}, "geometry": {"type": "Point", "coordinates": [100.76943, 13.496685, 4029.0]}}, {"type": "Feature", "properties": {"flight_key": "KAL110_VTSB_VTBS_2025-12-23 02:14", "callsign": "KAL110", "aircraft_type": "A333", "adep": "VTSB", "ades": "VTBS", "epoch_ts": "2025-12-23 02:58:11+00:00", "altitude_ft": 12744.3, "tas_kt": 265.2, "gs_kt": 265.2, "track_deg": 35.33862577249104, "phase": "descent"}, "geometry": {"type": "Point", "coordinates": [100.78755, 13.521678, 3884.5]}}, {"type": "Feature", "properties": {"flight_key": "KAL110_VTSB_VTBS_2025-12-23 02:14", "callsign": "KAL110", "aircraft_type": "A333", "adep": "VTSB", "ades": "VTBS", "epoch_ts": "2025-12-23 02:58:31+00:00", "altitude_ft": 12273.6, "tas_kt": 263.3, "gs_kt": 263.3, "track_deg": 33.30887261931032, "phase": "descent"}, "geometry": {"type": "Point", "coordinates": [100.805526, 13.546505, 3741.0]}}, {"type": "Feature", "properties": {"flight_key": "KAL110_VTSB_VTBS_2025-12-23 02:14", "callsign": "KAL110", "aircraft_type": "A333", "adep": "VTSB", "ades": "VTBS", "epoch_ts": "2025-12-23 02:58:51+00:00", "altitude_ft": 11809.7, "tas_kt": 261.5, "gs_kt": 261.5, "track_deg": 14.976457262185379, "phase": "descent"}, "geometry": {"type": "Point", "coordinates": [100.815512, 13.57467, 3599.6]}}, {"type": "Feature", "properties": {"flight_key": "KAL110_VTSB_VTBS_2025-12-23 02:14", "callsign": "KAL110", "aircraft_type": "A333", "adep": "VTSB", "ades": "VTBS", "epoch_ts": "2025-12-23 02:59:11+00:00", "altitude_ft": 11429.1, "tas_kt": 213.2, "gs_kt": 213.2, "track_deg": 14.976457262185379, "phase": "descent"}, "geometry": {"type": "Point", "coordinates": [100.822013, 13.598439, 3483.6]}}, {"type": "Feature", "properties": {"flight_key": "KAL110_VTSB_VTBS_2025-12-23 02:14", "callsign": "KAL110", "aircraft_type": "A333", "adep": "VTSB", "ades": "VTBS", "epoch_ts": "2025-12-23 02:59:31+00:00", "altitude_ft": 11050.9, "tas_kt": 212.0, "gs_kt": 212.0, "track_deg": 14.976457262185379, "phase": "descent"}, "geometry": {"type": "Point", "coordinates": [100.828472, 13.622049, 3368.3]}}, {"type": "Feature", "properties": {"flight_key": "KAL110_VTSB_VTBS_2025-12-23 02:14", "callsign": "KAL110", "aircraft_type": "A333", "adep": "VTSB", "ades": "VTBS", "epoch_ts": "2025-12-23 02:59:51+00:00", "altitude_ft": 11000.0, "tas_kt": 211.8, "gs_kt": 211.8, "track_deg": 14.985362561166985, "phase": "descent"}, "geometry": {"type": "Point", "coordinates": [100.834924, 13.645621, 3352.8]}}, {"type": "Feature", "properties": {"flight_key": "KAL110_VTSB_VTBS_2025-12-23 02:14", "callsign": "KAL110", "aircraft_type": "A333", "adep": "VTSB", "ades": "VTBS", "epoch_ts": "2025-12-23 03:00:11+00:00", "altitude_ft": 11000.0, "tas_kt": 211.8, "gs_kt": 211.8, "track_deg": 14.985362561166985, "phase": "descent"}, "geometry": {"type": "Point", "coordinates": [100.841377, 13.669193, 3352.8]}}, {"type": "Feature", "properties": {"flight_key": "KAL110_VTSB_VTBS_2025-12-23 02:14", "callsign": "KAL110", "aircraft_type": "A333", "adep": "VTSB", "ades": "VTBS", "epoch_ts": "2025-12-23 03:00:31+00:00", "altitude_ft": 11000.0, "tas_kt": 211.8, "gs_kt": 211.8, "track_deg": 14.985362561166985, "phase": "descent"}, "geometry": {"type": "Point", "coordinates": [100.847829, 13.692758, 3352.8]}}, {"type": "Feature", "properties": {"flight_key": "KAL110_VTSB_VTBS_2025-12-23 02:14", "callsign": "KAL110", "aircraft_type": "A333", "adep": "VTSB", "ades": "VTBS", "epoch_ts": "2025-12-23 03:00:51+00:00", "altitude_ft": 10767.1, "tas_kt": 211.1, "gs_kt": 211.1, "track_deg": 14.985362561166985, "phase": "descent"}, "geometry": {"type": "Point", "coordinates": [100.854256, 13.716223, 3281.8]}}, {"type": "Feature", "properties": {"flight_key": "KAL110_VTSB_VTBS_2025-12-23 02:14", "callsign": "KAL110", "aircraft_type": "A333", "adep": "VTSB", "ades": "VTBS", "epoch_ts": "2025-12-23 03:01:11+00:00", "altitude_ft": 10393.3, "tas_kt": 209.9, "gs_kt": 209.9, "track_deg": 14.985362561166985, "phase": "descent"}, "geometry": {"type": "Point", "coordinates": [100.860648, 13.739557, 3167.9]}}, {"type": "Feature", "properties": {"flight_key": "KAL110_VTSB_VTBS_2025-12-23 02:14", "callsign": "KAL110", "aircraft_type": "A333", "adep": "VTSB", "ades": "VTBS", "epoch_ts": "2025-12-23 03:01:31+00:00", "altitude_ft": 10021.6, "tas_kt": 208.7, "gs_kt": 208.7, "track_deg": 14.985362561166985, "phase": "descent"}, "geometry": {"type": "Point", "coordinates": [100.867006, 13.762762, 3054.6]}}, {"type": "Feature", "properties": {"flight_key": "KAL110_VTSB_VTBS_2025-12-23 02:14", "callsign": "KAL110", "aircraft_type": "A333", "adep": "VTSB", "ades": "VTBS", "epoch_ts": "2025-12-23 03:01:51+00:00", "altitude_ft": 9652.0, "tas_kt": 207.5, "gs_kt": 207.5, "track_deg": 14.985362561166985, "phase": "descent"}, "geometry": {"type": "Point", "coordinates": [100.87333, 13.785839, 2941.9]}}, {"type": "Feature", "properties": {"flight_key": "KAL110_VTSB_VTBS_2025-12-23 02:14", "callsign": "KAL110", "aircraft_type": "A333", "adep": "VTSB", "ades": "VTBS", "epoch_ts": "2025-12-23 03:02:11+00:00", "altitude_ft": 9284.4, "tas_kt": 206.4, "gs_kt": 206.4, "track_deg": 14.985362561166985, "phase": "descent"}, "geometry": {"type": "Point", "coordinates": [100.87962, 13.808788, 2829.9]}}, {"type": "Feature", "properties": {"flight_key": "KAL110_VTSB_VTBS_2025-12-23 02:14", "callsign": "KAL110", "aircraft_type": "A333", "adep": "VTSB", "ades": "VTBS", "epoch_ts": "2025-12-23 03:02:31+00:00", "altitude_ft": 8918.8, "tas_kt": 205.2, "gs_kt": 205.2, "track_deg": 14.985362561166985, "phase": "descent"}, "geometry": {"type": "Point", "coordinates": [100.885877, 13.831612, 2718.5]}}, {"type": "Feature", "properties": {"flight_key": "KAL110_VTSB_VTBS_2025-12-23 02:14", "callsign": "KAL110", "aircraft_type": "A333", "adep": "VTSB", "ades": "VTBS", "epoch_ts": "2025-12-23 03:02:51+00:00", "altitude_ft": 8555.2, "tas_kt": 204.1, "gs_kt": 204.1, "track_deg": 14.982082814871584, "phase": "descent"}, "geometry": {"type": "Point", "coordinates": [100.892096, 13.854315, 2607.6]}}, {"type": "Feature", "properties": {"flight_key": "KAL110_VTSB_VTBS_2025-12-23 02:14", "callsign": "KAL110", "aircraft_type": "A333", "adep": "VTSB", "ades": "VTBS", "epoch_ts": "2025-12-23 03:03:11+00:00", "altitude_ft": 8193.5, "tas_kt": 203.0, "gs_kt": 203.0, "track_deg": 14.982082814871584, "phase": "descent"}, "geometry": {"type": "Point", "coordinates": [100.898282, 13.876896, 2497.4]}}, {"type": "Feature", "properties": {"flight_key": "KAL110_VTSB_VTBS_2025-12-23 02:14", "callsign": "KAL110", "aircraft_type": "A333", "adep": "VTSB", "ades": "VTBS", "epoch_ts": "2025-12-23 03:03:31+00:00", "altitude_ft": 7833.8, "tas_kt": 201.9, "gs_kt": 201.9, "track_deg": 14.982082814871584, "phase": "descent"}, "geometry": {"type": "Point", "coordinates": [100.904437, 13.899357, 2387.7]}}, {"type": "Feature", "properties": {"flight_key": "KAL110_VTSB_VTBS_2025-12-23 02:14", "callsign": "KAL110", "aircraft_type": "A333", "adep": "VTSB", "ades": "VTBS", "epoch_ts": "2025-12-23 03:03:51+00:00", "altitude_ft": 7475.9, "tas_kt": 200.8, "gs_kt": 200.8, "track_deg": 15.012891697531828, "phase": "descent"}, "geometry": {"type": "Point", "coordinates": [100.910563, 13.921699, 2278.7]}}, {"type": "Feature", "properties": {"flight_key": "KAL110_VTSB_VTBS_2025-12-23 02:14", "callsign": "KAL110", "aircraft_type": "A333", "adep": "VTSB", "ades": "VTBS", "epoch_ts": "2025-12-23 03:04:11+00:00", "altitude_ft": 7119.9, "tas_kt": 199.7, "gs_kt": 199.7, "track_deg": 15.012891697531828, "phase": "descent"}, "geometry": {"type": "Point", "coordinates": [100.916666, 13.943922, 2170.1]}}, {"type": "Feature", "properties": {"flight_key": "KAL110_VTSB_VTBS_2025-12-23 02:14", "callsign": "KAL110", "aircraft_type": "A333", "adep": "VTSB", "ades": "VTBS", "epoch_ts": "2025-12-23 03:04:31+00:00", "altitude_ft": 6765.8, "tas_kt": 198.7, "gs_kt": 198.7, "track_deg": 15.012891697531828, "phase": "descent"}, "geometry": {"type": "Point", "coordinates": [100.922738, 13.966029, 2062.2]}}, {"type": "Feature", "properties": {"flight_key": "KAL110_VTSB_VTBS_2025-12-23 02:14", "callsign": "KAL110", "aircraft_type": "A333", "adep": "VTSB", "ades": "VTBS", "epoch_ts": "2025-12-23 03:04:51+00:00", "altitude_ft": 6413.5, "tas_kt": 197.7, "gs_kt": 197.7, "track_deg": 343.71686959853554, "phase": "descent"}, "geometry": {"type": "Point", "coordinates": [100.925423, 13.988246, 1954.8]}}, {"type": "Feature", "properties": {"flight_key": "KAL110_VTSB_VTBS_2025-12-23 02:14", "callsign": "KAL110", "aircraft_type": "A333", "adep": "VTSB", "ades": "VTBS", "epoch_ts": "2025-12-23 03:05:11+00:00", "altitude_ft": 6062.9, "tas_kt": 196.6, "gs_kt": 196.6, "track_deg": 283.50948055265195, "phase": "descent"}, "geometry": {"type": "Point", "coordinates": [100.908183, 14.001621, 1848.0]}}, {"type": "Feature", "properties": {"flight_key": "KAL110_VTSB_VTBS_2025-12-23 02:14", "callsign": "KAL110", "aircraft_type": "A333", "adep": "VTSB", "ades": "VTBS", "epoch_ts": "2025-12-23 03:05:31+00:00", "altitude_ft": 5714.2, "tas_kt": 195.6, "gs_kt": 195.6, "track_deg": 283.50948055265195, "phase": "descent"}, "geometry": {"type": "Point", "coordinates": [100.885737, 14.006886, 1741.7]}}, {"type": "Feature", "properties": {"flight_key": "KAL110_VTSB_VTBS_2025-12-23 02:14", "callsign": "KAL110", "aircraft_type": "A333", "adep": "VTSB", "ades": "VTBS", "epoch_ts": "2025-12-23 03:05:51+00:00", "altitude_ft": 5367.2, "tas_kt": 194.6, "gs_kt": 194.6, "track_deg": 276.09395084381737, "phase": "descent"}, "geometry": {"type": "Point", "coordinates": [100.863351, 14.011843, 1635.9]}}, {"type": "Feature", "properties": {"flight_key": "KAL110_VTSB_VTBS_2025-12-23 02:14", "callsign": "KAL110", "aircraft_type": "A333", "adep": "VTSB", "ades": "VTBS", "epoch_ts": "2025-12-23 03:06:11+00:00", "altitude_ft": 5021.9, "tas_kt": 193.6, "gs_kt": 193.6, "track_deg": 211.7521413942282, "phase": "descent"}, "geometry": {"type": "Point", "coordinates": [100.843899, 14.002312, 1530.7]}}, {"type": "Feature", "properties": {"flight_key": "KAL110_VTSB_VTBS_2025-12-23 02:14", "callsign": "KAL110", "aircraft_type": "A333", "adep": "VTSB", "ades": "VTBS", "epoch_ts": "2025-12-23 03:06:31+00:00", "altitude_ft": 4678.3, "tas_kt": 192.6, "gs_kt": 192.6, "track_deg": 194.4353050724086, "phase": "descent"}, "geometry": {"type": "Point", "coordinates": [100.837219, 13.981179, 1425.9]}}, {"type": "Feature", "properties": {"flight_key": "KAL110_VTSB_VTBS_2025-12-23 02:14", "callsign": "KAL110", "aircraft_type": "A333", "adep": "VTSB", "ades": "VTBS", "epoch_ts": "2025-12-23 03:06:51+00:00", "altitude_ft": 4336.5, "tas_kt": 191.7, "gs_kt": 191.7, "track_deg": 194.4353050724086, "phase": "descent"}, "geometry": {"type": "Point", "coordinates": [100.83158, 13.95978, 1321.8]}}, {"type": "Feature", "properties": {"flight_key": "KAL110_VTSB_VTBS_2025-12-23 02:14", "callsign": "KAL110", "aircraft_type": "A333", "adep": "VTSB", "ades": "VTBS", "epoch_ts": "2025-12-23 03:07:11+00:00", "altitude_ft": 3996.3, "tas_kt": 190.7, "gs_kt": 190.7, "track_deg": 194.4353050724086, "phase": "descent"}, "geometry": {"type": "Point", "coordinates": [100.825968, 13.938486, 1218.1]}}, {"type": "Feature", "properties": {"flight_key": "KAL110_VTSB_VTBS_2025-12-23 02:14", "callsign": "KAL110", "aircraft_type": "A333", "adep": "VTSB", "ades": "VTBS", "epoch_ts": "2025-12-23 03:07:31+00:00", "altitude_ft": 3657.7, "tas_kt": 189.8, "gs_kt": 189.8, "track_deg": 194.43085355493082, "phase": "descent"}, "geometry": {"type": "Point", "coordinates": [100.820385, 13.917294, 1114.9]}}, {"type": "Feature", "properties": {"flight_key": "KAL110_VTSB_VTBS_2025-12-23 02:14", "callsign": "KAL110", "aircraft_type": "A333", "adep": "VTSB", "ades": "VTBS", "epoch_ts": "2025-12-23 03:07:51+00:00", "altitude_ft": 3320.8, "tas_kt": 188.8, "gs_kt": 188.8, "track_deg": 194.43085355493082, "phase": "descent"}, "geometry": {"type": "Point", "coordinates": [100.81483, 13.896204, 1012.2]}}, {"type": "Feature", "properties": {"flight_key": "KAL110_VTSB_VTBS_2025-12-23 02:14", "callsign": "KAL110", "aircraft_type": "A333", "adep": "VTSB", "ades": "VTBS", "epoch_ts": "2025-12-23 03:08:11+00:00", "altitude_ft": 2985.4, "tas_kt": 187.9, "gs_kt": 187.9, "track_deg": 194.43085355493082, "phase": "descent"}, "geometry": {"type": "Point", "coordinates": [100.809303, 13.875214, 909.9]}}, {"type": "Feature", "properties": {"flight_key": "KAL110_VTSB_VTBS_2025-12-23 02:14", "callsign": "KAL110", "aircraft_type": "A333", "adep": "VTSB", "ades": "VTBS", "epoch_ts": "2025-12-23 03:08:31+00:00", "altitude_ft": 2651.7, "tas_kt": 187.0, "gs_kt": 187.0, "track_deg": 194.43085355493082, "phase": "descent"}, "geometry": {"type": "Point", "coordinates": [100.803802, 13.854323, 808.2]}}, {"type": "Feature", "properties": {"flight_key": "KAL110_VTSB_VTBS_2025-12-23 02:14", "callsign": "KAL110", "aircraft_type": "A333", "adep": "VTSB", "ades": "VTBS", "epoch_ts": "2025-12-23 03:08:51+00:00", "altitude_ft": 2319.5, "tas_kt": 186.1, "gs_kt": 186.1, "track_deg": 194.4228507807794, "phase": "descent"}, "geometry": {"type": "Point", "coordinates": [100.79833, 13.83353, 707.0]}}, {"type": "Feature", "properties": {"flight_key": "KAL110_VTSB_VTBS_2025-12-23 02:14", "callsign": "KAL110", "aircraft_type": "A333", "adep": "VTSB", "ades": "VTBS", "epoch_ts": "2025-12-23 03:09:11+00:00", "altitude_ft": 1988.9, "tas_kt": 185.2, "gs_kt": 185.2, "track_deg": 194.4228507807794, "phase": "descent"}, "geometry": {"type": "Point", "coordinates": [100.792884, 13.812834, 606.2]}}, {"type": "Feature", "properties": {"flight_key": "KAL110_VTSB_VTBS_2025-12-23 02:14", "callsign": "KAL110", "aircraft_type": "A333", "adep": "VTSB", "ades": "VTBS", "epoch_ts": "2025-12-23 03:09:31+00:00", "altitude_ft": 1659.8, "tas_kt": 184.3, "gs_kt": 184.3, "track_deg": 194.4228507807794, "phase": "descent"}, "geometry": {"type": "Point", "coordinates": [100.787464, 13.792233, 505.9]}}, {"type": "Feature", "properties": {"flight_key": "KAL110_VTSB_VTBS_2025-12-23 02:14", "callsign": "KAL110", "aircraft_type": "A333", "adep": "VTSB", "ades": "VTBS", "epoch_ts": "2025-12-23 03:09:51+00:00", "altitude_ft": 1332.2, "tas_kt": 183.5, "gs_kt": 183.5, "track_deg": 194.4228507807794, "phase": "descent"}, "geometry": {"type": "Point", "coordinates": [100.78207, 13.771727, 406.1]}}, {"type": "Feature", "properties": {"flight_key": "KAL110_VTSB_VTBS_2025-12-23 02:14", "callsign": "KAL110", "aircraft_type": "A333", "adep": "VTSB", "ades": "VTBS", "epoch_ts": "2025-12-23 03:10:11+00:00", "altitude_ft": 993.8, "tas_kt": 182.6, "gs_kt": 182.6, "track_deg": 194.41674227824248, "phase": "descent"}, "geometry": {"type": "Point", "coordinates": [100.776702, 13.751314, 302.9]}}, {"type": "Feature", "properties": {"flight_key": "KAL110_VTSB_VTBS_2025-12-23 02:14", "callsign": "KAL110", "aircraft_type": "A333", "adep": "VTSB", "ades": "VTBS", "epoch_ts": "2025-12-23 03:10:31+00:00", "altitude_ft": 656.2, "tas_kt": 181.8, "gs_kt": 181.8, "track_deg": 194.41674227824248, "phase": "descent"}, "geometry": {"type": "Point", "coordinates": [100.771359, 13.730993, 200.0]}}, {"type": "Feature", "properties": {"flight_key": "KAL110_VTSB_VTBS_2025-12-23 02:14", "callsign": "KAL110", "aircraft_type": "A333", "adep": "VTSB", "ades": "VTBS", "epoch_ts": "2025-12-23 03:10:51+00:00", "altitude_ft": 320.2, "tas_kt": 180.9, "gs_kt": 180.9, "track_deg": 194.41674227824248, "phase": "descent"}, "geometry": {"type": "Point", "coordinates": [100.766041, 13.710764, 97.6]}}, {"type": "Feature", "properties": {"flight_key": "KAL110_VTSB_VTBS_2025-12-23 02:14", "callsign": "KAL110", "aircraft_type": "A333", "adep": "VTSB", "ades": "VTBS", "epoch_ts": "2025-12-23 03:11:09+00:00", "altitude_ft": 3.7, "tas_kt": 180.1, "gs_kt": 180.1, "track_deg": 194.41674227824248, "phase": "descent"}, "geometry": {"type": "Point", "coordinates": [100.761033, 13.691714, 1.1]}}, {"type": "Feature", "properties": {"feature_type": "route", "flight_key": "BAW111_VTSC_VTBS_2025-12-23 01:56", "route": "NTW W19 UPNEP M626 SORTO M769 LEBIM", "callsign": "BAW111", "aircraft_type": "A21N", "adep": "VTSC", "ades": "VTBS", "rfl": 320, "sid": "OMNI", "star": "LEBI1C", "approach": "R19", "dep_rwy": "RW02", "arr_rwy": "RW19", "eobt": "2025-12-23T01:56:23.385187+00:00", "flight_category": "arrival", "vectored": false, "extend_nm": 0.0, "clearance": "DIRECT LETMA, CLEARED R19 APPROACH", "idents": ["RW02", "DER02", "(1000)", "NTW", "UPNEP", "SORTO", "DONSI", "GOKEX", "SURMA", "LEBIM", "SAGAP", "BS521", "DUDER", "BS520", "MUMUP", "BS501", "ESGEN", "LETMA", "LAVOG", "LOTMU", "BS790", "BS791"]}, "geometry": {"type": "LineString", "coordinates": [[101.73801667, 6.50746667], [101.74700556, 6.52820833], [101.75510929173414, 6.547031086961787], [101.745139, 6.527278], [100.493333, 9.703611], [100.395, 9.898056], [100.400278, 10.127222], [100.428889, 11.304167], [100.4425, 11.856111], [100.473611, 13.0875], [100.60349722, 13.26724167], [100.71542778, 13.42216111], [100.80917778, 13.55150556], [100.82934167, 13.62522778], [100.88652222, 13.83396389], [100.90840833, 13.91385], [100.93103889, 13.99625556], [100.846425, 14.01610833], [100.82506389, 13.93505278], [100.80371667, 13.85399722], [100.78179167, 13.77066944], [100.76103333, 13.69171389]]}}, {"type": "Feature", "properties": {"flight_key": "BAW111_VTSC_VTBS_2025-12-23 01:56", "callsign": "BAW111", "aircraft_type": "A21N", "adep": "VTSC", "ades": "VTBS", "epoch_ts": "2025-12-23 01:56:23+00:00", "altitude_ft": 23.0, "tas_kt": 250.1, "gs_kt": 250.1, "track_deg": 23.433186739435317, "phase": "climb"}, "geometry": {"type": "Point", "coordinates": [101.738017, 6.507467, 7.0]}}, {"type": "Feature", "properties": {"flight_key": "BAW111_VTSC_VTBS_2025-12-23 01:56", "callsign": "BAW111", "aircraft_type": "A21N", "adep": "VTSC", "ades": "VTBS", "epoch_ts": "2025-12-23 01:56:43+00:00", "altitude_ft": 817.7, "tas_kt": 252.9, "gs_kt": 252.9, "track_deg": 23.29499999998816, "phase": "climb"}, "geometry": {"type": "Point", "coordinates": [101.747318, 6.528933, 249.2]}}, {"type": "Feature", "properties": {"flight_key": "BAW111_VTSC_VTBS_2025-12-23 01:56", "callsign": "BAW111", "aircraft_type": "A21N", "adep": "VTSC", "ades": "VTBS", "epoch_ts": "2025-12-23 01:57:03+00:00", "altitude_ft": 1595.2, "tas_kt": 255.7, "gs_kt": 255.7, "track_deg": 15.800337511689504, "phase": "climb"}, "geometry": {"type": "Point", "coordinates": [101.756428, 6.550755, 486.2]}}, {"type": "Feature", "properties": {"flight_key": "BAW111_VTSC_VTBS_2025-12-23 01:56", "callsign": "BAW111", "aircraft_type": "A21N", "adep": "VTSC", "ades": "VTBS", "epoch_ts": "2025-12-23 01:57:23+00:00", "altitude_ft": 2316.7, "tas_kt": 258.3, "gs_kt": 258.3, "track_deg": 335.8092860008159, "phase": "climb"}, "geometry": {"type": "Point", "coordinates": [101.754872, 6.574099, 706.1]}}, {"type": "Feature", "properties": {"flight_key": "BAW111_VTSC_VTBS_2025-12-23 01:56", "callsign": "BAW111", "aircraft_type": "A21N", "adep": "VTSC", "ades": "VTBS", "epoch_ts": "2025-12-23 01:57:43+00:00", "altitude_ft": 3010.0, "tas_kt": 260.9, "gs_kt": 260.9, "track_deg": 295.8165586371632, "phase": "climb"}, "geometry": {"type": "Point", "coordinates": [101.738247, 6.590879, 917.4]}}, {"type": "Feature", "properties": {"flight_key": "BAW111_VTSC_VTBS_2025-12-23 01:56", "callsign": "BAW111", "aircraft_type": "A21N", "adep": "VTSC", "ades": "VTBS", "epoch_ts": "2025-12-23 01:58:05+00:00", "altitude_ft": 3737.7, "tas_kt": 263.6, "gs_kt": 263.6, "track_deg": 250.82377351824536, "phase": "climb"}, "geometry": {"type": "Point", "coordinates": [101.711789, 6.591595, 1139.3]}}, {"type": "Feature", "properties": {"flight_key": "BAW111_VTSC_VTBS_2025-12-23 01:56", "callsign": "BAW111", "aircraft_type": "A21N", "adep": "VTSC", "ades": "VTBS", "epoch_ts": "2025-12-23 01:58:26+00:00", "altitude_ft": 4465.8, "tas_kt": 266.3, "gs_kt": 266.3, "track_deg": 205.8316396621931, "phase": "climb"}, "geometry": {"type": "Point", "coordinates": [101.693326, 6.573658, 1361.2]}}, {"type": "Feature", "properties": {"flight_key": "BAW111_VTSC_VTBS_2025-12-23 01:56", "callsign": "BAW111", "aircraft_type": "A21N", "adep": "VTSC", "ades": "VTBS", "epoch_ts": "2025-12-23 01:58:47+00:00", "altitude_ft": 5203.4, "tas_kt": 269.2, "gs_kt": 269.2, "track_deg": 160.8414948996259, "phase": "climb"}, "geometry": {"type": "Point", "coordinates": [101.69295, 6.547919, 1586.0]}}, {"type": "Feature", "properties": {"flight_key": "BAW111_VTSC_VTBS_2025-12-23 01:56", "callsign": "BAW111", "aircraft_type": "A21N", "adep": "VTSC", "ades": "VTBS", "epoch_ts": "2025-12-23 01:59:08+00:00", "altitude_ft": 5901.6, "tas_kt": 271.9, "gs_kt": 271.9, "track_deg": 115.8535004874623, "phase": "climb"}, "geometry": {"type": "Point", "coordinates": [101.709842, 6.529952, 1798.8]}}, {"type": "Feature", "properties": {"flight_key": "BAW111_VTSC_VTBS_2025-12-23 01:56", "callsign": "BAW111", "aircraft_type": "A21N", "adep": "VTSC", "ades": "VTBS", "epoch_ts": "2025-12-23 01:59:28+00:00", "altitude_ft": 6686.8, "tas_kt": 275.0, "gs_kt": 275.0, "track_deg": 88.36349249041227, "phase": "climb"}, "geometry": {"type": "Point", "coordinates": [101.734786, 6.526982, 2038.1]}}, {"type": "Feature", "properties": {"flight_key": "BAW111_VTSC_VTBS_2025-12-23 01:56", "callsign": "BAW111", "aircraft_type": "A21N", "adep": "VTSC", "ades": "VTBS", "epoch_ts": "2025-12-23 01:59:48+00:00", "altitude_ft": 7486.8, "tas_kt": 278.2, "gs_kt": 278.2, "track_deg": 338.64289383815174, "phase": "climb"}, "geometry": {"type": "Point", "coordinates": [101.737404, 6.547061, 2282.0]}}, {"type": "Feature", "properties": {"flight_key": "BAW111_VTSC_VTBS_2025-12-23 01:56", "callsign": "BAW111", "aircraft_type": "A21N", "adep": "VTSC", "ades": "VTBS", "epoch_ts": "2025-12-23 02:00:08+00:00", "altitude_ft": 8278.1, "tas_kt": 281.5, "gs_kt": 281.5, "track_deg": 338.64289383815174, "phase": "climb"}, "geometry": {"type": "Point", "coordinates": [101.727922, 6.57131, 2523.2]}}, {"type": "Feature", "properties": {"flight_key": "BAW111_VTSC_VTBS_2025-12-23 01:56", "callsign": "BAW111", "aircraft_type": "A21N", "adep": "VTSC", "ades": "VTBS", "epoch_ts": "2025-12-23 02:00:28+00:00", "altitude_ft": 9053.6, "tas_kt": 284.7, "gs_kt": 284.7, "track_deg": 338.64289383815174, "phase": "climb"}, "geometry": {"type": "Point", "coordinates": [101.71833, 6.595837, 2759.5]}}, {"type": "Feature", "properties": {"flight_key": "BAW111_VTSC_VTBS_2025-12-23 01:56", "callsign": "BAW111", "aircraft_type": "A21N", "adep": "VTSC", "ades": "VTBS", "epoch_ts": "2025-12-23 02:00:48+00:00", "altitude_ft": 9829.1, "tas_kt": 288.0, "gs_kt": 288.0, "track_deg": 338.64289383815174, "phase": "climb"}, "geometry": {"type": "Point", "coordinates": [101.708627, 6.620645, 2995.9]}}, {"type": "Feature", "properties": {"flight_key": "BAW111_VTSC_VTBS_2025-12-23 01:56", "callsign": "BAW111", "aircraft_type": "A21N", "adep": "VTSC", "ades": "VTBS", "epoch_ts": "2025-12-23 02:01:08+00:00", "altitude_ft": 10521.4, "tas_kt": 336.6, "gs_kt": 336.6, "track_deg": 338.64289383815174, "phase": "climb"}, "geometry": {"type": "Point", "coordinates": [101.697582, 6.648884, 3206.9]}}, {"type": "Feature", "properties": {"flight_key": "BAW111_VTSC_VTBS_2025-12-23 01:56", "callsign": "BAW111", "aircraft_type": "A21N", "adep": "VTSC", "ades": "VTBS", "epoch_ts": "2025-12-23 02:01:28+00:00", "altitude_ft": 11190.2, "tas_kt": 339.9, "gs_kt": 339.9, "track_deg": 338.64289383815174, "phase": "climb"}, "geometry": {"type": "Point", "coordinates": [101.686117, 6.67819, 3410.8]}}, {"type": "Feature", "properties": {"flight_key": "BAW111_VTSC_VTBS_2025-12-23 01:56", "callsign": "BAW111", "aircraft_type": "A21N", "adep": "VTSC", "ades": "VTBS", "epoch_ts": "2025-12-23 02:01:48+00:00", "altitude_ft": 11859.1, "tas_kt": 343.2, "gs_kt": 343.2, "track_deg": 338.64289383815174, "phase": "climb"}, "geometry": {"type": "Point", "coordinates": [101.674538, 6.707783, 3614.7]}}, {"type": "Feature", "properties": {"flight_key": "BAW111_VTSC_VTBS_2025-12-23 01:56", "callsign": "BAW111", "aircraft_type": "A21N", "adep": "VTSC", "ades": "VTBS", "epoch_ts": "2025-12-23 02:02:08+00:00", "altitude_ft": 12528.3, "tas_kt": 346.6, "gs_kt": 346.6, "track_deg": 338.64289383815174, "phase": "climb"}, "geometry": {"type": "Point", "coordinates": [101.662845, 6.737666, 3818.6]}}, {"type": "Feature", "properties": {"flight_key": "BAW111_VTSC_VTBS_2025-12-23 01:56", "callsign": "BAW111", "aircraft_type": "A21N", "adep": "VTSC", "ades": "VTBS", "epoch_ts": "2025-12-23 02:02:28+00:00", "altitude_ft": 13197.6, "tas_kt": 350.0, "gs_kt": 350.0, "track_deg": 338.64289383815174, "phase": "climb"}, "geometry": {"type": "Point", "coordinates": [101.651035, 6.767843, 4022.6]}}, {"type": "Feature", "properties": {"flight_key": "BAW111_VTSC_VTBS_2025-12-23 01:56", "callsign": "BAW111", "aircraft_type": "A21N", "adep": "VTSC", "ades": "VTBS", "epoch_ts": "2025-12-23 02:02:48+00:00", "altitude_ft": 13867.0, "tas_kt": 353.5, "gs_kt": 353.5, "track_deg": 338.64289383815174, "phase": "climb"}, "geometry": {"type": "Point", "coordinates": [101.639107, 6.798318, 4226.7]}}, {"type": "Feature", "properties": {"flight_key": "BAW111_VTSC_VTBS_2025-12-23 01:56", "callsign": "BAW111", "aircraft_type": "A21N", "adep": "VTSC", "ades": "VTBS", "epoch_ts": "2025-12-23 02:03:08+00:00", "altitude_ft": 14538.8, "tas_kt": 357.0, "gs_kt": 357.0, "track_deg": 338.64289383815174, "phase": "climb"}, "geometry": {"type": "Point", "coordinates": [101.627058, 6.829095, 4431.4]}}, {"type": "Feature", "properties": {"flight_key": "BAW111_VTSC_VTBS_2025-12-23 01:56", "callsign": "BAW111", "aircraft_type": "A21N", "adep": "VTSC", "ades": "VTBS", "epoch_ts": "2025-12-23 02:03:28+00:00", "altitude_ft": 15211.3, "tas_kt": 360.6, "gs_kt": 360.6, "track_deg": 338.64289383815174, "phase": "climb"}, "geometry": {"type": "Point", "coordinates": [101.614888, 6.860178, 4636.4]}}, {"type": "Feature", "properties": {"flight_key": "BAW111_VTSC_VTBS_2025-12-23 01:56", "callsign": "BAW111", "aircraft_type": "A21N", "adep": "VTSC", "ades": "VTBS", "epoch_ts": "2025-12-23 02:03:48+00:00", "altitude_ft": 15883.8, "tas_kt": 364.2, "gs_kt": 364.2, "track_deg": 338.64289383815174, "phase": "climb"}, "geometry": {"type": "Point", "coordinates": [101.602595, 6.891573, 4841.4]}}, {"type": "Feature", "properties": {"flight_key": "BAW111_VTSC_VTBS_2025-12-23 01:56", "callsign": "BAW111", "aircraft_type": "A21N", "adep": "VTSC", "ades": "VTBS", "epoch_ts": "2025-12-23 02:04:08+00:00", "altitude_ft": 16511.9, "tas_kt": 367.6, "gs_kt": 367.6, "track_deg": 338.64289383815174, "phase": "climb"}, "geometry": {"type": "Point", "coordinates": [101.590179, 6.923275, 5032.8]}}, {"type": "Feature", "properties": {"flight_key": "BAW111_VTSC_VTBS_2025-12-23 01:56", "callsign": "BAW111", "aircraft_type": "A21N", "adep": "VTSC", "ades": "VTBS", "epoch_ts": "2025-12-23 02:04:28+00:00", "altitude_ft": 17130.8, "tas_kt": 371.0, "gs_kt": 371.0, "track_deg": 338.64289383815174, "phase": "climb"}, "geometry": {"type": "Point", "coordinates": [101.577647, 6.955269, 5221.5]}}, {"type": "Feature", "properties": {"flight_key": "BAW111_VTSC_VTBS_2025-12-23 01:56", "callsign": "BAW111", "aircraft_type": "A21N", "adep": "VTSC", "ades": "VTBS", "epoch_ts": "2025-12-23 02:04:48+00:00", "altitude_ft": 17749.6, "tas_kt": 374.5, "gs_kt": 374.5, "track_deg": 338.64289383815174, "phase": "climb"}, "geometry": {"type": "Point", "coordinates": [101.564997, 6.987561, 5410.1]}}, {"type": "Feature", "properties": {"flight_key": "BAW111_VTSC_VTBS_2025-12-23 01:56", "callsign": "BAW111", "aircraft_type": "A21N", "adep": "VTSC", "ades": "VTBS", "epoch_ts": "2025-12-23 02:05:08+00:00", "altitude_ft": 18335.7, "tas_kt": 377.8, "gs_kt": 377.8, "track_deg": 338.64289383815174, "phase": "climb"}, "geometry": {"type": "Point", "coordinates": [101.552229, 7.020148, 5588.7]}}, {"type": "Feature", "properties": {"flight_key": "BAW111_VTSC_VTBS_2025-12-23 01:56", "callsign": "BAW111", "aircraft_type": "A21N", "adep": "VTSC", "ades": "VTBS", "epoch_ts": "2025-12-23 02:05:28+00:00", "altitude_ft": 18899.5, "tas_kt": 381.0, "gs_kt": 381.0, "track_deg": 338.64289383815174, "phase": "climb"}, "geometry": {"type": "Point", "coordinates": [101.53935, 7.053013, 5760.6]}}, {"type": "Feature", "properties": {"flight_key": "BAW111_VTSC_VTBS_2025-12-23 01:56", "callsign": "BAW111", "aircraft_type": "A21N", "adep": "VTSC", "ades": "VTBS", "epoch_ts": "2025-12-23 02:05:48+00:00", "altitude_ft": 19463.4, "tas_kt": 384.2, "gs_kt": 384.2, "track_deg": 338.64289383815174, "phase": "climb"}, "geometry": {"type": "Point", "coordinates": [101.52636, 7.086159, 5932.4]}}, {"type": "Feature", "properties": {"flight_key": "BAW111_VTSC_VTBS_2025-12-23 01:56", "callsign": "BAW111", "aircraft_type": "A21N", "adep": "VTSC", "ades": "VTBS", "epoch_ts": "2025-12-23 02:06:08+00:00", "altitude_ft": 20024.4, "tas_kt": 387.5, "gs_kt": 387.5, "track_deg": 338.64289383815174, "phase": "climb"}, "geometry": {"type": "Point", "coordinates": [101.513256, 7.119586, 6103.4]}}, {"type": "Feature", "properties": {"flight_key": "BAW111_VTSC_VTBS_2025-12-23 01:56", "callsign": "BAW111", "aircraft_type": "A21N", "adep": "VTSC", "ades": "VTBS", "epoch_ts": "2025-12-23 02:06:28+00:00", "altitude_ft": 20531.3, "tas_kt": 390.5, "gs_kt": 390.5, "track_deg": 338.64289383815174, "phase": "climb"}, "geometry": {"type": "Point", "coordinates": [101.500045, 7.153283, 6257.9]}}, {"type": "Feature", "properties": {"flight_key": "BAW111_VTSC_VTBS_2025-12-23 01:56", "callsign": "BAW111", "aircraft_type": "A21N", "adep": "VTSC", "ades": "VTBS", "epoch_ts": "2025-12-23 02:06:48+00:00", "altitude_ft": 21038.1, "tas_kt": 393.5, "gs_kt": 393.5, "track_deg": 338.64289383815174, "phase": "climb"}, "geometry": {"type": "Point", "coordinates": [101.486731, 7.18724, 6412.4]}}, {"type": "Feature", "properties": {"flight_key": "BAW111_VTSC_VTBS_2025-12-23 01:56", "callsign": "BAW111", "aircraft_type": "A21N", "adep": "VTSC", "ades": "VTBS", "epoch_ts": "2025-12-23 02:07:08+00:00", "altitude_ft": 21544.9, "tas_kt": 396.5, "gs_kt": 396.5, "track_deg": 338.64289383815174, "phase": "climb"}, "geometry": {"type": "Point", "coordinates": [101.473311, 7.221458, 6566.9]}}, {"type": "Feature", "properties": {"flight_key": "BAW111_VTSC_VTBS_2025-12-23 01:56", "callsign": "BAW111", "aircraft_type": "A21N", "adep": "VTSC", "ades": "VTBS", "epoch_ts": "2025-12-23 02:07:28+00:00", "altitude_ft": 22045.6, "tas_kt": 399.6, "gs_kt": 399.6, "track_deg": 338.64289383815174, "phase": "climb"}, "geometry": {"type": "Point", "coordinates": [101.459786, 7.255939, 6719.5]}}, {"type": "Feature", "properties": {"flight_key": "BAW111_VTSC_VTBS_2025-12-23 01:56", "callsign": "BAW111", "aircraft_type": "A21N", "adep": "VTSC", "ades": "VTBS", "epoch_ts": "2025-12-23 02:07:48+00:00", "altitude_ft": 22492.3, "tas_kt": 402.3, "gs_kt": 402.3, "track_deg": 338.64289383815174, "phase": "climb"}, "geometry": {"type": "Point", "coordinates": [101.446161, 7.290668, 6855.7]}}, {"type": "Feature", "properties": {"flight_key": "BAW111_VTSC_VTBS_2025-12-23 01:56", "callsign": "BAW111", "aircraft_type": "A21N", "adep": "VTSC", "ades": "VTBS", "epoch_ts": "2025-12-23 02:08:08+00:00", "altitude_ft": 22939.0, "tas_kt": 405.1, "gs_kt": 405.1, "track_deg": 338.64289383815174, "phase": "climb"}, "geometry": {"type": "Point", "coordinates": [101.432442, 7.325634, 6991.8]}}, {"type": "Feature", "properties": {"flight_key": "BAW111_VTSC_VTBS_2025-12-23 01:56", "callsign": "BAW111", "aircraft_type": "A21N", "adep": "VTSC", "ades": "VTBS", "epoch_ts": "2025-12-23 02:08:28+00:00", "altitude_ft": 23385.6, "tas_kt": 407.8, "gs_kt": 407.8, "track_deg": 338.64289383815174, "phase": "climb"}, "geometry": {"type": "Point", "coordinates": [101.418626, 7.360839, 7127.9]}}, {"type": "Feature", "properties": {"flight_key": "BAW111_VTSC_VTBS_2025-12-23 01:56", "callsign": "BAW111", "aircraft_type": "A21N", "adep": "VTSC", "ades": "VTBS", "epoch_ts": "2025-12-23 02:08:48+00:00", "altitude_ft": 23832.3, "tas_kt": 410.6, "gs_kt": 410.6, "track_deg": 338.64289383815174, "phase": "climb"}, "geometry": {"type": "Point", "coordinates": [101.404713, 7.396285, 7264.1]}}, {"type": "Feature", "properties": {"flight_key": "BAW111_VTSC_VTBS_2025-12-23 01:56", "callsign": "BAW111", "aircraft_type": "A21N", "adep": "VTSC", "ades": "VTBS", "epoch_ts": "2025-12-23 02:09:08+00:00", "altitude_ft": 24241.4, "tas_kt": 413.2, "gs_kt": 413.2, "track_deg": 338.64289383815174, "phase": "climb"}, "geometry": {"type": "Point", "coordinates": [101.390706, 7.431967, 7388.8]}}, {"type": "Feature", "properties": {"flight_key": "BAW111_VTSC_VTBS_2025-12-23 01:56", "callsign": "BAW111", "aircraft_type": "A21N", "adep": "VTSC", "ades": "VTBS", "epoch_ts": "2025-12-23 02:09:28+00:00", "altitude_ft": 24627.9, "tas_kt": 415.7, "gs_kt": 415.7, "track_deg": 338.64289383815174, "phase": "climb"}, "geometry": {"type": "Point", "coordinates": [101.376611, 7.467862, 7506.6]}}, {"type": "Feature", "properties": {"flight_key": "BAW111_VTSC_VTBS_2025-12-23 01:56", "callsign": "BAW111", "aircraft_type": "A21N", "adep": "VTSC", "ades": "VTBS", "epoch_ts": "2025-12-23 02:09:48+00:00", "altitude_ft": 25014.4, "tas_kt": 418.1, "gs_kt": 418.1, "track_deg": 338.64289383815174, "phase": "climb"}, "geometry": {"type": "Point", "coordinates": [101.362431, 7.503971, 7624.4]}}, {"type": "Feature", "properties": {"flight_key": "BAW111_VTSC_VTBS_2025-12-23 01:56", "callsign": "BAW111", "aircraft_type": "A21N", "adep": "VTSC", "ades": "VTBS", "epoch_ts": "2025-12-23 02:10:08+00:00", "altitude_ft": 25400.9, "tas_kt": 420.6, "gs_kt": 420.6, "track_deg": 338.64289383815174, "phase": "climb"}, "geometry": {"type": "Point", "coordinates": [101.348163, 7.540295, 7742.2]}}, {"type": "Feature", "properties": {"flight_key": "BAW111_VTSC_VTBS_2025-12-23 01:56", "callsign": "BAW111", "aircraft_type": "A21N", "adep": "VTSC", "ades": "VTBS", "epoch_ts": "2025-12-23 02:10:28+00:00", "altitude_ft": 25787.4, "tas_kt": 423.1, "gs_kt": 423.1, "track_deg": 338.64289383815174, "phase": "climb"}, "geometry": {"type": "Point", "coordinates": [101.333808, 7.576835, 7860.0]}}, {"type": "Feature", "properties": {"flight_key": "BAW111_VTSC_VTBS_2025-12-23 01:56", "callsign": "BAW111", "aircraft_type": "A21N", "adep": "VTSC", "ades": "VTBS", "epoch_ts": "2025-12-23 02:10:48+00:00", "altitude_ft": 26152.3, "tas_kt": 425.5, "gs_kt": 425.5, "track_deg": 338.64289383815174, "phase": "climb"}, "geometry": {"type": "Point", "coordinates": [101.319366, 7.61359, 7971.2]}}, {"type": "Feature", "properties": {"flight_key": "BAW111_VTSC_VTBS_2025-12-23 01:56", "callsign": "BAW111", "aircraft_type": "A21N", "adep": "VTSC", "ades": "VTBS", "epoch_ts": "2025-12-23 02:11:08+00:00", "altitude_ft": 26490.8, "tas_kt": 427.8, "gs_kt": 427.8, "track_deg": 338.64289383815174, "phase": "climb"}, "geometry": {"type": "Point", "coordinates": [101.304845, 7.65054, 8074.4]}}, {"type": "Feature", "properties": {"flight_key": "BAW111_VTSC_VTBS_2025-12-23 01:56", "callsign": "BAW111", "aircraft_type": "A21N", "adep": "VTSC", "ades": "VTBS", "epoch_ts": "2025-12-23 02:11:28+00:00", "altitude_ft": 26829.3, "tas_kt": 430.0, "gs_kt": 430.0, "track_deg": 338.64289383815174, "phase": "climb"}, "geometry": {"type": "Point", "coordinates": [101.290244, 7.687684, 8177.6]}}, {"type": "Feature", "properties": {"flight_key": "BAW111_VTSC_VTBS_2025-12-23 01:56", "callsign": "BAW111", "aircraft_type": "A21N", "adep": "VTSC", "ades": "VTBS", "epoch_ts": "2025-12-23 02:11:48+00:00", "altitude_ft": 27167.8, "tas_kt": 432.3, "gs_kt": 432.3, "track_deg": 338.64289383815174, "phase": "climb"}, "geometry": {"type": "Point", "coordinates": [101.275565, 7.725023, 8280.7]}}, {"type": "Feature", "properties": {"flight_key": "BAW111_VTSC_VTBS_2025-12-23 01:56", "callsign": "BAW111", "aircraft_type": "A21N", "adep": "VTSC", "ades": "VTBS", "epoch_ts": "2025-12-23 02:12:08+00:00", "altitude_ft": 27506.3, "tas_kt": 434.5, "gs_kt": 434.5, "track_deg": 338.64289383815174, "phase": "climb"}, "geometry": {"type": "Point", "coordinates": [101.260805, 7.762557, 8383.9]}}, {"type": "Feature", "properties": {"flight_key": "BAW111_VTSC_VTBS_2025-12-23 01:56", "callsign": "BAW111", "aircraft_type": "A21N", "adep": "VTSC", "ades": "VTBS", "epoch_ts": "2025-12-23 02:12:28+00:00", "altitude_ft": 27844.8, "tas_kt": 436.8, "gs_kt": 436.8, "track_deg": 338.64289383815174, "phase": "climb"}, "geometry": {"type": "Point", "coordinates": [101.245966, 7.800287, 8487.1]}}, {"type": "Feature", "properties": {"flight_key": "BAW111_VTSC_VTBS_2025-12-23 01:56", "callsign": "BAW111", "aircraft_type": "A21N", "adep": "VTSC", "ades": "VTBS", "epoch_ts": "2025-12-23 02:12:48+00:00", "altitude_ft": 28171.7, "tas_kt": 439.0, "gs_kt": 439.0, "track_deg": 338.64289383815174, "phase": "climb"}, "geometry": {"type": "Point", "coordinates": [101.231046, 7.838214, 8586.7]}}, {"type": "Feature", "properties": {"flight_key": "BAW111_VTSC_VTBS_2025-12-23 01:56", "callsign": "BAW111", "aircraft_type": "A21N", "adep": "VTSC", "ades": "VTBS", "epoch_ts": "2025-12-23 02:13:08+00:00", "altitude_ft": 28488.9, "tas_kt": 441.2, "gs_kt": 441.2, "track_deg": 338.64289383815174, "phase": "climb"}, "geometry": {"type": "Point", "coordinates": [101.21605, 7.876329, 8683.4]}}, {"type": "Feature", "properties": {"flight_key": "BAW111_VTSC_VTBS_2025-12-23 01:56", "callsign": "BAW111", "aircraft_type": "A21N", "adep": "VTSC", "ades": "VTBS", "epoch_ts": "2025-12-23 02:13:28+00:00", "altitude_ft": 28806.1, "tas_kt": 443.4, "gs_kt": 443.4, "track_deg": 338.64289383815174, "phase": "climb"}, "geometry": {"type": "Point", "coordinates": [101.200977, 7.914631, 8780.1]}}, {"type": "Feature", "properties": {"flight_key": "BAW111_VTSC_VTBS_2025-12-23 01:56", "callsign": "BAW111", "aircraft_type": "A21N", "adep": "VTSC", "ades": "VTBS", "epoch_ts": "2025-12-23 02:13:48+00:00", "altitude_ft": 29123.2, "tas_kt": 445.6, "gs_kt": 445.6, "track_deg": 338.64289383815174, "phase": "climb"}, "geometry": {"type": "Point", "coordinates": [101.185826, 7.953122, 8876.8]}}, {"type": "Feature", "properties": {"flight_key": "BAW111_VTSC_VTBS_2025-12-23 01:56", "callsign": "BAW111", "aircraft_type": "A21N", "adep": "VTSC", "ades": "VTBS", "epoch_ts": "2025-12-23 02:14:08+00:00", "altitude_ft": 29440.4, "tas_kt": 447.8, "gs_kt": 447.8, "track_deg": 338.64289383815174, "phase": "climb"}, "geometry": {"type": "Point", "coordinates": [101.170598, 7.991803, 8973.4]}}, {"type": "Feature", "properties": {"flight_key": "BAW111_VTSC_VTBS_2025-12-23 01:56", "callsign": "BAW111", "aircraft_type": "A21N", "adep": "VTSC", "ades": "VTBS", "epoch_ts": "2025-12-23 02:14:28+00:00", "altitude_ft": 29757.6, "tas_kt": 450.0, "gs_kt": 450.0, "track_deg": 338.64289383815174, "phase": "climb"}, "geometry": {"type": "Point", "coordinates": [101.155291, 8.030674, 9070.1]}}, {"type": "Feature", "properties": {"flight_key": "BAW111_VTSC_VTBS_2025-12-23 01:56", "callsign": "BAW111", "aircraft_type": "A21N", "adep": "VTSC", "ades": "VTBS", "epoch_ts": "2025-12-23 02:14:48+00:00", "altitude_ft": 30073.8, "tas_kt": 465.4, "gs_kt": 465.4, "track_deg": 338.64289383815174, "phase": "climb"}, "geometry": {"type": "Point", "coordinates": [101.139789, 8.070034, 9166.5]}}, {"type": "Feature", "properties": {"flight_key": "BAW111_VTSC_VTBS_2025-12-23 01:56", "callsign": "BAW111", "aircraft_type": "A21N", "adep": "VTSC", "ades": "VTBS", "epoch_ts": "2025-12-23 02:15:08+00:00", "altitude_ft": 30387.2, "tas_kt": 464.8, "gs_kt": 464.8, "track_deg": 338.64289383815174, "phase": "climb"}, "geometry": {"type": "Point", "coordinates": [101.123924, 8.110307, 9262.0]}}, {"type": "Feature", "properties": {"flight_key": "BAW111_VTSC_VTBS_2025-12-23 01:56", "callsign": "BAW111", "aircraft_type": "A21N", "adep": "VTSC", "ades": "VTBS", "epoch_ts": "2025-12-23 02:15:28+00:00", "altitude_ft": 30700.5, "tas_kt": 464.1, "gs_kt": 464.1, "track_deg": 338.64289383815174, "phase": "climb"}, "geometry": {"type": "Point", "coordinates": [101.108077, 8.150525, 9357.5]}}, {"type": "Feature", "properties": {"flight_key": "BAW111_VTSC_VTBS_2025-12-23 01:56", "callsign": "BAW111", "aircraft_type": "A21N", "adep": "VTSC", "ades": "VTBS", "epoch_ts": "2025-12-23 02:15:48+00:00", "altitude_ft": 31013.8, "tas_kt": 463.5, "gs_kt": 463.5, "track_deg": 338.64289383815174, "phase": "climb"}, "geometry": {"type": "Point", "coordinates": [101.092248, 8.190688, 9453.0]}}, {"type": "Feature", "properties": {"flight_key": "BAW111_VTSC_VTBS_2025-12-23 01:56", "callsign": "BAW111", "aircraft_type": "A21N", "adep": "VTSC", "ades": "VTBS", "epoch_ts": "2025-12-23 02:16:08+00:00", "altitude_ft": 31327.2, "tas_kt": 462.9, "gs_kt": 462.9, "track_deg": 338.64289383815174, "phase": "climb"}, "geometry": {"type": "Point", "coordinates": [101.076438, 8.230795, 9548.5]}}, {"type": "Feature", "properties": {"flight_key": "BAW111_VTSC_VTBS_2025-12-23 01:56", "callsign": "BAW111", "aircraft_type": "A21N", "adep": "VTSC", "ades": "VTBS", "epoch_ts": "2025-12-23 02:16:28+00:00", "altitude_ft": 31640.5, "tas_kt": 462.2, "gs_kt": 462.2, "track_deg": 338.64289383815174, "phase": "climb"}, "geometry": {"type": "Point", "coordinates": [101.060647, 8.270846, 9644.0]}}, {"type": "Feature", "properties": {"flight_key": "BAW111_VTSC_VTBS_2025-12-23 01:56", "callsign": "BAW111", "aircraft_type": "A21N", "adep": "VTSC", "ades": "VTBS", "epoch_ts": "2025-12-23 02:16:48+00:00", "altitude_ft": 31953.8, "tas_kt": 461.6, "gs_kt": 461.6, "track_deg": 338.64289383815174, "phase": "climb"}, "geometry": {"type": "Point", "coordinates": [101.044874, 8.310841, 9739.5]}}, {"type": "Feature", "properties": {"flight_key": "BAW111_VTSC_VTBS_2025-12-23 01:56", "callsign": "BAW111", "aircraft_type": "A21N", "adep": "VTSC", "ades": "VTBS", "epoch_ts": "2025-12-23 02:17:08+00:00", "altitude_ft": 32000.0, "tas_kt": 461.5, "gs_kt": 461.5, "track_deg": 338.64289383815174, "phase": "cruise"}, "geometry": {"type": "Point", "coordinates": [101.029111, 8.350803, 9753.6]}}, {"type": "Feature", "properties": {"flight_key": "BAW111_VTSC_VTBS_2025-12-23 01:56", "callsign": "BAW111", "aircraft_type": "A21N", "adep": "VTSC", "ades": "VTBS", "epoch_ts": "2025-12-23 02:17:28+00:00", "altitude_ft": 32000.0, "tas_kt": 461.5, "gs_kt": 461.5, "track_deg": 338.64289383815174, "phase": "cruise"}, "geometry": {"type": "Point", "coordinates": [101.013345, 8.390763, 9753.6]}}, {"type": "Feature", "properties": {"flight_key": "BAW111_VTSC_VTBS_2025-12-23 01:56", "callsign": "BAW111", "aircraft_type": "A21N", "adep": "VTSC", "ades": "VTBS", "epoch_ts": "2025-12-23 02:17:48+00:00", "altitude_ft": 32000.0, "tas_kt": 461.5, "gs_kt": 461.5, "track_deg": 338.64289383815174, "phase": "cruise"}, "geometry": {"type": "Point", "coordinates": [100.997575, 8.430723, 9753.6]}}, {"type": "Feature", "properties": {"flight_key": "BAW111_VTSC_VTBS_2025-12-23 01:56", "callsign": "BAW111", "aircraft_type": "A21N", "adep": "VTSC", "ades": "VTBS", "epoch_ts": "2025-12-23 02:18:08+00:00", "altitude_ft": 32000.0, "tas_kt": 461.5, "gs_kt": 461.5, "track_deg": 338.64289383815174, "phase": "cruise"}, "geometry": {"type": "Point", "coordinates": [100.981803, 8.470682, 9753.6]}}, {"type": "Feature", "properties": {"flight_key": "BAW111_VTSC_VTBS_2025-12-23 01:56", "callsign": "BAW111", "aircraft_type": "A21N", "adep": "VTSC", "ades": "VTBS", "epoch_ts": "2025-12-23 02:18:28+00:00", "altitude_ft": 32000.0, "tas_kt": 461.5, "gs_kt": 461.5, "track_deg": 338.64289383815174, "phase": "cruise"}, "geometry": {"type": "Point", "coordinates": [100.966027, 8.510641, 9753.6]}}, {"type": "Feature", "properties": {"flight_key": "BAW111_VTSC_VTBS_2025-12-23 01:56", "callsign": "BAW111", "aircraft_type": "A21N", "adep": "VTSC", "ades": "VTBS", "epoch_ts": "2025-12-23 02:18:48+00:00", "altitude_ft": 32000.0, "tas_kt": 461.5, "gs_kt": 461.5, "track_deg": 338.64289383815174, "phase": "cruise"}, "geometry": {"type": "Point", "coordinates": [100.950248, 8.550599, 9753.6]}}, {"type": "Feature", "properties": {"flight_key": "BAW111_VTSC_VTBS_2025-12-23 01:56", "callsign": "BAW111", "aircraft_type": "A21N", "adep": "VTSC", "ades": "VTBS", "epoch_ts": "2025-12-23 02:19:08+00:00", "altitude_ft": 32000.0, "tas_kt": 461.5, "gs_kt": 461.5, "track_deg": 338.64289383815174, "phase": "cruise"}, "geometry": {"type": "Point", "coordinates": [100.934465, 8.590556, 9753.6]}}, {"type": "Feature", "properties": {"flight_key": "BAW111_VTSC_VTBS_2025-12-23 01:56", "callsign": "BAW111", "aircraft_type": "A21N", "adep": "VTSC", "ades": "VTBS", "epoch_ts": "2025-12-23 02:19:28+00:00", "altitude_ft": 32000.0, "tas_kt": 461.5, "gs_kt": 461.5, "track_deg": 338.64289383815174, "phase": "cruise"}, "geometry": {"type": "Point", "coordinates": [100.918679, 8.630512, 9753.6]}}, {"type": "Feature", "properties": {"flight_key": "BAW111_VTSC_VTBS_2025-12-23 01:56", "callsign": "BAW111", "aircraft_type": "A21N", "adep": "VTSC", "ades": "VTBS", "epoch_ts": "2025-12-23 02:19:48+00:00", "altitude_ft": 32000.0, "tas_kt": 461.5, "gs_kt": 461.5, "track_deg": 338.64289383815174, "phase": "cruise"}, "geometry": {"type": "Point", "coordinates": [100.90289, 8.670467, 9753.6]}}, {"type": "Feature", "properties": {"flight_key": "BAW111_VTSC_VTBS_2025-12-23 01:56", "callsign": "BAW111", "aircraft_type": "A21N", "adep": "VTSC", "ades": "VTBS", "epoch_ts": "2025-12-23 02:20:08+00:00", "altitude_ft": 32000.0, "tas_kt": 461.5, "gs_kt": 461.5, "track_deg": 338.64289383815174, "phase": "cruise"}, "geometry": {"type": "Point", "coordinates": [100.887098, 8.710422, 9753.6]}}, {"type": "Feature", "properties": {"flight_key": "BAW111_VTSC_VTBS_2025-12-23 01:56", "callsign": "BAW111", "aircraft_type": "A21N", "adep": "VTSC", "ades": "VTBS", "epoch_ts": "2025-12-23 02:20:28+00:00", "altitude_ft": 32000.0, "tas_kt": 461.5, "gs_kt": 461.5, "track_deg": 338.64289383815174, "phase": "cruise"}, "geometry": {"type": "Point", "coordinates": [100.871302, 8.750376, 9753.6]}}, {"type": "Feature", "properties": {"flight_key": "BAW111_VTSC_VTBS_2025-12-23 01:56", "callsign": "BAW111", "aircraft_type": "A21N", "adep": "VTSC", "ades": "VTBS", "epoch_ts": "2025-12-23 02:20:48+00:00", "altitude_ft": 32000.0, "tas_kt": 461.5, "gs_kt": 461.5, "track_deg": 338.64289383815174, "phase": "cruise"}, "geometry": {"type": "Point", "coordinates": [100.855503, 8.79033, 9753.6]}}, {"type": "Feature", "properties": {"flight_key": "BAW111_VTSC_VTBS_2025-12-23 01:56", "callsign": "BAW111", "aircraft_type": "A21N", "adep": "VTSC", "ades": "VTBS", "epoch_ts": "2025-12-23 02:21:08+00:00", "altitude_ft": 32000.0, "tas_kt": 461.5, "gs_kt": 461.5, "track_deg": 338.64289383815174, "phase": "cruise"}, "geometry": {"type": "Point", "coordinates": [100.8397, 8.830282, 9753.6]}}, {"type": "Feature", "properties": {"flight_key": "BAW111_VTSC_VTBS_2025-12-23 01:56", "callsign": "BAW111", "aircraft_type": "A21N", "adep": "VTSC", "ades": "VTBS", "epoch_ts": "2025-12-23 02:21:28+00:00", "altitude_ft": 32000.0, "tas_kt": 461.5, "gs_kt": 461.5, "track_deg": 338.64289383815174, "phase": "cruise"}, "geometry": {"type": "Point", "coordinates": [100.823895, 8.870234, 9753.6]}}, {"type": "Feature", "properties": {"flight_key": "BAW111_VTSC_VTBS_2025-12-23 01:56", "callsign": "BAW111", "aircraft_type": "A21N", "adep": "VTSC", "ades": "VTBS", "epoch_ts": "2025-12-23 02:21:48+00:00", "altitude_ft": 32000.0, "tas_kt": 461.5, "gs_kt": 461.5, "track_deg": 338.64289383815174, "phase": "cruise"}, "geometry": {"type": "Point", "coordinates": [100.808085, 8.910185, 9753.6]}}, {"type": "Feature", "properties": {"flight_key": "BAW111_VTSC_VTBS_2025-12-23 01:56", "callsign": "BAW111", "aircraft_type": "A21N", "adep": "VTSC", "ades": "VTBS", "epoch_ts": "2025-12-23 02:22:08+00:00", "altitude_ft": 32000.0, "tas_kt": 461.5, "gs_kt": 461.5, "track_deg": 338.64289383815174, "phase": "cruise"}, "geometry": {"type": "Point", "coordinates": [100.792272, 8.950136, 9753.6]}}, {"type": "Feature", "properties": {"flight_key": "BAW111_VTSC_VTBS_2025-12-23 01:56", "callsign": "BAW111", "aircraft_type": "A21N", "adep": "VTSC", "ades": "VTBS", "epoch_ts": "2025-12-23 02:22:28+00:00", "altitude_ft": 32000.0, "tas_kt": 461.5, "gs_kt": 461.5, "track_deg": 338.64289383815174, "phase": "cruise"}, "geometry": {"type": "Point", "coordinates": [100.776456, 8.990085, 9753.6]}}, {"type": "Feature", "properties": {"flight_key": "BAW111_VTSC_VTBS_2025-12-23 01:56", "callsign": "BAW111", "aircraft_type": "A21N", "adep": "VTSC", "ades": "VTBS", "epoch_ts": "2025-12-23 02:22:48+00:00", "altitude_ft": 32000.0, "tas_kt": 461.5, "gs_kt": 461.5, "track_deg": 338.64289383815174, "phase": "cruise"}, "geometry": {"type": "Point", "coordinates": [100.760637, 9.030034, 9753.6]}}, {"type": "Feature", "properties": {"flight_key": "BAW111_VTSC_VTBS_2025-12-23 01:56", "callsign": "BAW111", "aircraft_type": "A21N", "adep": "VTSC", "ades": "VTBS", "epoch_ts": "2025-12-23 02:23:08+00:00", "altitude_ft": 32000.0, "tas_kt": 461.5, "gs_kt": 461.5, "track_deg": 338.64289383815174, "phase": "cruise"}, "geometry": {"type": "Point", "coordinates": [100.744813, 9.069982, 9753.6]}}, {"type": "Feature", "properties": {"flight_key": "BAW111_VTSC_VTBS_2025-12-23 01:56", "callsign": "BAW111", "aircraft_type": "A21N", "adep": "VTSC", "ades": "VTBS", "epoch_ts": "2025-12-23 02:23:28+00:00", "altitude_ft": 32000.0, "tas_kt": 461.5, "gs_kt": 461.5, "track_deg": 338.64289383815174, "phase": "cruise"}, "geometry": {"type": "Point", "coordinates": [100.728987, 9.109929, 9753.6]}}, {"type": "Feature", "properties": {"flight_key": "BAW111_VTSC_VTBS_2025-12-23 01:56", "callsign": "BAW111", "aircraft_type": "A21N", "adep": "VTSC", "ades": "VTBS", "epoch_ts": "2025-12-23 02:23:48+00:00", "altitude_ft": 32000.0, "tas_kt": 461.5, "gs_kt": 461.5, "track_deg": 338.64289383815174, "phase": "cruise"}, "geometry": {"type": "Point", "coordinates": [100.713156, 9.149876, 9753.6]}}, {"type": "Feature", "properties": {"flight_key": "BAW111_VTSC_VTBS_2025-12-23 01:56", "callsign": "BAW111", "aircraft_type": "A21N", "adep": "VTSC", "ades": "VTBS", "epoch_ts": "2025-12-23 02:24:08+00:00", "altitude_ft": 32000.0, "tas_kt": 461.5, "gs_kt": 461.5, "track_deg": 338.64289383815174, "phase": "cruise"}, "geometry": {"type": "Point", "coordinates": [100.697323, 9.189821, 9753.6]}}, {"type": "Feature", "properties": {"flight_key": "BAW111_VTSC_VTBS_2025-12-23 01:56", "callsign": "BAW111", "aircraft_type": "A21N", "adep": "VTSC", "ades": "VTBS", "epoch_ts": "2025-12-23 02:24:28+00:00", "altitude_ft": 32000.0, "tas_kt": 461.5, "gs_kt": 461.5, "track_deg": 338.64289383815174, "phase": "cruise"}, "geometry": {"type": "Point", "coordinates": [100.681485, 9.229766, 9753.6]}}, {"type": "Feature", "properties": {"flight_key": "BAW111_VTSC_VTBS_2025-12-23 01:56", "callsign": "BAW111", "aircraft_type": "A21N", "adep": "VTSC", "ades": "VTBS", "epoch_ts": "2025-12-23 02:24:48+00:00", "altitude_ft": 32000.0, "tas_kt": 461.5, "gs_kt": 461.5, "track_deg": 338.64289383815174, "phase": "cruise"}, "geometry": {"type": "Point", "coordinates": [100.665645, 9.26971, 9753.6]}}, {"type": "Feature", "properties": {"flight_key": "BAW111_VTSC_VTBS_2025-12-23 01:56", "callsign": "BAW111", "aircraft_type": "A21N", "adep": "VTSC", "ades": "VTBS", "epoch_ts": "2025-12-23 02:25:08+00:00", "altitude_ft": 32000.0, "tas_kt": 461.5, "gs_kt": 461.5, "track_deg": 338.64289383815174, "phase": "cruise"}, "geometry": {"type": "Point", "coordinates": [100.6498, 9.309654, 9753.6]}}, {"type": "Feature", "properties": {"flight_key": "BAW111_VTSC_VTBS_2025-12-23 01:56", "callsign": "BAW111", "aircraft_type": "A21N", "adep": "VTSC", "ades": "VTBS", "epoch_ts": "2025-12-23 02:25:28+00:00", "altitude_ft": 32000.0, "tas_kt": 461.5, "gs_kt": 461.5, "track_deg": 338.64289383815174, "phase": "cruise"}, "geometry": {"type": "Point", "coordinates": [100.633952, 9.349596, 9753.6]}}, {"type": "Feature", "properties": {"flight_key": "BAW111_VTSC_VTBS_2025-12-23 01:56", "callsign": "BAW111", "aircraft_type": "A21N", "adep": "VTSC", "ades": "VTBS", "epoch_ts": "2025-12-23 02:25:48+00:00", "altitude_ft": 32000.0, "tas_kt": 461.5, "gs_kt": 461.5, "track_deg": 338.64289383815174, "phase": "cruise"}, "geometry": {"type": "Point", "coordinates": [100.618101, 9.389538, 9753.6]}}, {"type": "Feature", "properties": {"flight_key": "BAW111_VTSC_VTBS_2025-12-23 01:56", "callsign": "BAW111", "aircraft_type": "A21N", "adep": "VTSC", "ades": "VTBS", "epoch_ts": "2025-12-23 02:26:08+00:00", "altitude_ft": 32000.0, "tas_kt": 461.5, "gs_kt": 461.5, "track_deg": 338.64289383815174, "phase": "cruise"}, "geometry": {"type": "Point", "coordinates": [100.602245, 9.429479, 9753.6]}}, {"type": "Feature", "properties": {"flight_key": "BAW111_VTSC_VTBS_2025-12-23 01:56", "callsign": "BAW111", "aircraft_type": "A21N", "adep": "VTSC", "ades": "VTBS", "epoch_ts": "2025-12-23 02:26:28+00:00", "altitude_ft": 32000.0, "tas_kt": 461.5, "gs_kt": 461.5, "track_deg": 338.64289383815174, "phase": "cruise"}, "geometry": {"type": "Point", "coordinates": [100.586386, 9.469419, 9753.6]}}, {"type": "Feature", "properties": {"flight_key": "BAW111_VTSC_VTBS_2025-12-23 01:56", "callsign": "BAW111", "aircraft_type": "A21N", "adep": "VTSC", "ades": "VTBS", "epoch_ts": "2025-12-23 02:26:48+00:00", "altitude_ft": 32000.0, "tas_kt": 461.5, "gs_kt": 461.5, "track_deg": 338.64289383815174, "phase": "cruise"}, "geometry": {"type": "Point", "coordinates": [100.570524, 9.509359, 9753.6]}}, {"type": "Feature", "properties": {"flight_key": "BAW111_VTSC_VTBS_2025-12-23 01:56", "callsign": "BAW111", "aircraft_type": "A21N", "adep": "VTSC", "ades": "VTBS", "epoch_ts": "2025-12-23 02:27:08+00:00", "altitude_ft": 32000.0, "tas_kt": 461.5, "gs_kt": 461.5, "track_deg": 338.64289383815174, "phase": "cruise"}, "geometry": {"type": "Point", "coordinates": [100.554657, 9.549297, 9753.6]}}, {"type": "Feature", "properties": {"flight_key": "BAW111_VTSC_VTBS_2025-12-23 01:56", "callsign": "BAW111", "aircraft_type": "A21N", "adep": "VTSC", "ades": "VTBS", "epoch_ts": "2025-12-23 02:27:28+00:00", "altitude_ft": 32000.0, "tas_kt": 461.5, "gs_kt": 461.5, "track_deg": 338.64289383815174, "phase": "cruise"}, "geometry": {"type": "Point", "coordinates": [100.538788, 9.589235, 9753.6]}}, {"type": "Feature", "properties": {"flight_key": "BAW111_VTSC_VTBS_2025-12-23 01:56", "callsign": "BAW111", "aircraft_type": "A21N", "adep": "VTSC", "ades": "VTBS", "epoch_ts": "2025-12-23 02:27:48+00:00", "altitude_ft": 32000.0, "tas_kt": 461.5, "gs_kt": 461.5, "track_deg": 338.64289383815174, "phase": "cruise"}, "geometry": {"type": "Point", "coordinates": [100.522914, 9.629172, 9753.6]}}, {"type": "Feature", "properties": {"flight_key": "BAW111_VTSC_VTBS_2025-12-23 01:56", "callsign": "BAW111", "aircraft_type": "A21N", "adep": "VTSC", "ades": "VTBS", "epoch_ts": "2025-12-23 02:28:08+00:00", "altitude_ft": 32000.0, "tas_kt": 461.5, "gs_kt": 461.5, "track_deg": 338.64289383815174, "phase": "cruise"}, "geometry": {"type": "Point", "coordinates": [100.507036, 9.669108, 9753.6]}}, {"type": "Feature", "properties": {"flight_key": "BAW111_VTSC_VTBS_2025-12-23 01:56", "callsign": "BAW111", "aircraft_type": "A21N", "adep": "VTSC", "ades": "VTBS", "epoch_ts": "2025-12-23 02:28:28+00:00", "altitude_ft": 32000.0, "tas_kt": 461.5, "gs_kt": 461.5, "track_deg": 333.36756447229357, "phase": "cruise"}, "geometry": {"type": "Point", "coordinates": [100.490688, 9.708844, 9753.6]}}, {"type": "Feature", "properties": {"flight_key": "BAW111_VTSC_VTBS_2025-12-23 01:56", "callsign": "BAW111", "aircraft_type": "A21N", "adep": "VTSC", "ades": "VTBS", "epoch_ts": "2025-12-23 02:28:48+00:00", "altitude_ft": 32000.0, "tas_kt": 461.5, "gs_kt": 461.5, "track_deg": 333.36756447229357, "phase": "cruise"}, "geometry": {"type": "Point", "coordinates": [100.471289, 9.74722, 9753.6]}}, {"type": "Feature", "properties": {"flight_key": "BAW111_VTSC_VTBS_2025-12-23 01:56", "callsign": "BAW111", "aircraft_type": "A21N", "adep": "VTSC", "ades": "VTBS", "epoch_ts": "2025-12-23 02:29:08+00:00", "altitude_ft": 32000.0, "tas_kt": 461.5, "gs_kt": 461.5, "track_deg": 333.36756447229357, "phase": "cruise"}, "geometry": {"type": "Point", "coordinates": [100.451885, 9.785595, 9753.6]}}, {"type": "Feature", "properties": {"flight_key": "BAW111_VTSC_VTBS_2025-12-23 01:56", "callsign": "BAW111", "aircraft_type": "A21N", "adep": "VTSC", "ades": "VTBS", "epoch_ts": "2025-12-23 02:29:28+00:00", "altitude_ft": 32000.0, "tas_kt": 461.5, "gs_kt": 461.5, "track_deg": 333.36756447229357, "phase": "cruise"}, "geometry": {"type": "Point", "coordinates": [100.432476, 9.823968, 9753.6]}}, {"type": "Feature", "properties": {"flight_key": "BAW111_VTSC_VTBS_2025-12-23 01:56", "callsign": "BAW111", "aircraft_type": "A21N", "adep": "VTSC", "ades": "VTBS", "epoch_ts": "2025-12-23 02:29:48+00:00", "altitude_ft": 32000.0, "tas_kt": 461.5, "gs_kt": 461.5, "track_deg": 333.36756447229357, "phase": "cruise"}, "geometry": {"type": "Point", "coordinates": [100.413063, 9.86234, 9753.6]}}, {"type": "Feature", "properties": {"flight_key": "BAW111_VTSC_VTBS_2025-12-23 01:56", "callsign": "BAW111", "aircraft_type": "A21N", "adep": "VTSC", "ades": "VTBS", "epoch_ts": "2025-12-23 02:30:08+00:00", "altitude_ft": 32000.0, "tas_kt": 461.5, "gs_kt": 461.5, "track_deg": 349.64789206398376, "phase": "cruise"}, "geometry": {"type": "Point", "coordinates": [100.397702, 9.902277, 9753.6]}}, {"type": "Feature", "properties": {"flight_key": "BAW111_VTSC_VTBS_2025-12-23 01:56", "callsign": "BAW111", "aircraft_type": "A21N", "adep": "VTSC", "ades": "VTBS", "epoch_ts": "2025-12-23 02:30:28+00:00", "altitude_ft": 32000.0, "tas_kt": 461.5, "gs_kt": 461.5, "track_deg": 1.3079780488921364, "phase": "cruise"}, "geometry": {"type": "Point", "coordinates": [100.39608, 9.945067, 9753.6]}}, {"type": "Feature", "properties": {"flight_key": "BAW111_VTSC_VTBS_2025-12-23 01:56", "callsign": "BAW111", "aircraft_type": "A21N", "adep": "VTSC", "ades": "VTBS", "epoch_ts": "2025-12-23 02:30:48+00:00", "altitude_ft": 32000.0, "tas_kt": 461.5, "gs_kt": 461.5, "track_deg": 1.3079780488921364, "phase": "cruise"}, "geometry": {"type": "Point", "coordinates": [100.397069, 9.987987, 9753.6]}}, {"type": "Feature", "properties": {"flight_key": "BAW111_VTSC_VTBS_2025-12-23 01:56", "callsign": "BAW111", "aircraft_type": "A21N", "adep": "VTSC", "ades": "VTBS", "epoch_ts": "2025-12-23 02:31:08+00:00", "altitude_ft": 32000.0, "tas_kt": 461.5, "gs_kt": 461.5, "track_deg": 1.3079780488921364, "phase": "cruise"}, "geometry": {"type": "Point", "coordinates": [100.398058, 10.030906, 9753.6]}}, {"type": "Feature", "properties": {"flight_key": "BAW111_VTSC_VTBS_2025-12-23 01:56", "callsign": "BAW111", "aircraft_type": "A21N", "adep": "VTSC", "ades": "VTBS", "epoch_ts": "2025-12-23 02:31:28+00:00", "altitude_ft": 32000.0, "tas_kt": 461.5, "gs_kt": 461.5, "track_deg": 1.3079780488921364, "phase": "cruise"}, "geometry": {"type": "Point", "coordinates": [100.399047, 10.073826, 9753.6]}}, {"type": "Feature", "properties": {"flight_key": "BAW111_VTSC_VTBS_2025-12-23 01:56", "callsign": "BAW111", "aircraft_type": "A21N", "adep": "VTSC", "ades": "VTBS", "epoch_ts": "2025-12-23 02:31:48+00:00", "altitude_ft": 32000.0, "tas_kt": 461.5, "gs_kt": 461.5, "track_deg": 1.3079780488921364, "phase": "cruise"}, "geometry": {"type": "Point", "coordinates": [100.400036, 10.116745, 9753.6]}}, {"type": "Feature", "properties": {"flight_key": "BAW111_VTSC_VTBS_2025-12-23 01:56", "callsign": "BAW111", "aircraft_type": "A21N", "adep": "VTSC", "ades": "VTBS", "epoch_ts": "2025-12-23 02:32:08+00:00", "altitude_ft": 32000.0, "tas_kt": 461.5, "gs_kt": 461.5, "track_deg": 1.3745487574477147, "phase": "cruise"}, "geometry": {"type": "Point", "coordinates": [100.401064, 10.159663, 9753.6]}}, {"type": "Feature", "properties": {"flight_key": "BAW111_VTSC_VTBS_2025-12-23 01:56", "callsign": "BAW111", "aircraft_type": "A21N", "adep": "VTSC", "ades": "VTBS", "epoch_ts": "2025-12-23 02:32:28+00:00", "altitude_ft": 32000.0, "tas_kt": 461.5, "gs_kt": 461.5, "track_deg": 1.3745487574477147, "phase": "cruise"}, "geometry": {"type": "Point", "coordinates": [100.402103, 10.202581, 9753.6]}}, {"type": "Feature", "properties": {"flight_key": "BAW111_VTSC_VTBS_2025-12-23 01:56", "callsign": "BAW111", "aircraft_type": "A21N", "adep": "VTSC", "ades": "VTBS", "epoch_ts": "2025-12-23 02:32:48+00:00", "altitude_ft": 32000.0, "tas_kt": 461.5, "gs_kt": 461.5, "track_deg": 1.3745487574477147, "phase": "cruise"}, "geometry": {"type": "Point", "coordinates": [100.403143, 10.245499, 9753.6]}}, {"type": "Feature", "properties": {"flight_key": "BAW111_VTSC_VTBS_2025-12-23 01:56", "callsign": "BAW111", "aircraft_type": "A21N", "adep": "VTSC", "ades": "VTBS", "epoch_ts": "2025-12-23 02:33:08+00:00", "altitude_ft": 32000.0, "tas_kt": 461.5, "gs_kt": 461.5, "track_deg": 1.3745487574477147, "phase": "cruise"}, "geometry": {"type": "Point", "coordinates": [100.404184, 10.288416, 9753.6]}}, {"type": "Feature", "properties": {"flight_key": "BAW111_VTSC_VTBS_2025-12-23 01:56", "callsign": "BAW111", "aircraft_type": "A21N", "adep": "VTSC", "ades": "VTBS", "epoch_ts": "2025-12-23 02:33:28+00:00", "altitude_ft": 32000.0, "tas_kt": 461.5, "gs_kt": 461.5, "track_deg": 1.3745487574477147, "phase": "cruise"}, "geometry": {"type": "Point", "coordinates": [100.405224, 10.331334, 9753.6]}}, {"type": "Feature", "properties": {"flight_key": "BAW111_VTSC_VTBS_2025-12-23 01:56", "callsign": "BAW111", "aircraft_type": "A21N", "adep": "VTSC", "ades": "VTBS", "epoch_ts": "2025-12-23 02:33:48+00:00", "altitude_ft": 32000.0, "tas_kt": 461.5, "gs_kt": 461.5, "track_deg": 1.3745487574477147, "phase": "cruise"}, "geometry": {"type": "Point", "coordinates": [100.406265, 10.374251, 9753.6]}}, {"type": "Feature", "properties": {"flight_key": "BAW111_VTSC_VTBS_2025-12-23 01:56", "callsign": "BAW111", "aircraft_type": "A21N", "adep": "VTSC", "ades": "VTBS", "epoch_ts": "2025-12-23 02:34:08+00:00", "altitude_ft": 32000.0, "tas_kt": 461.5, "gs_kt": 461.5, "track_deg": 1.3745487574477147, "phase": "cruise"}, "geometry": {"type": "Point", "coordinates": [100.407306, 10.417169, 9753.6]}}, {"type": "Feature", "properties": {"flight_key": "BAW111_VTSC_VTBS_2025-12-23 01:56", "callsign": "BAW111", "aircraft_type": "A21N", "adep": "VTSC", "ades": "VTBS", "epoch_ts": "2025-12-23 02:34:28+00:00", "altitude_ft": 32000.0, "tas_kt": 461.5, "gs_kt": 461.5, "track_deg": 1.3745487574477147, "phase": "cruise"}, "geometry": {"type": "Point", "coordinates": [100.408347, 10.460086, 9753.6]}}, {"type": "Feature", "properties": {"flight_key": "BAW111_VTSC_VTBS_2025-12-23 01:56", "callsign": "BAW111", "aircraft_type": "A21N", "adep": "VTSC", "ades": "VTBS", "epoch_ts": "2025-12-23 02:34:48+00:00", "altitude_ft": 32000.0, "tas_kt": 461.5, "gs_kt": 461.5, "track_deg": 1.3745487574477147, "phase": "cruise"}, "geometry": {"type": "Point", "coordinates": [100.409389, 10.503003, 9753.6]}}, {"type": "Feature", "properties": {"flight_key": "BAW111_VTSC_VTBS_2025-12-23 01:56", "callsign": "BAW111", "aircraft_type": "A21N", "adep": "VTSC", "ades": "VTBS", "epoch_ts": "2025-12-23 02:35:08+00:00", "altitude_ft": 32000.0, "tas_kt": 461.5, "gs_kt": 461.5, "track_deg": 1.3745487574477147, "phase": "cruise"}, "geometry": {"type": "Point", "coordinates": [100.410431, 10.54592, 9753.6]}}, {"type": "Feature", "properties": {"flight_key": "BAW111_VTSC_VTBS_2025-12-23 01:56", "callsign": "BAW111", "aircraft_type": "A21N", "adep": "VTSC", "ades": "VTBS", "epoch_ts": "2025-12-23 02:35:28+00:00", "altitude_ft": 32000.0, "tas_kt": 461.5, "gs_kt": 461.5, "track_deg": 1.3745487574477147, "phase": "cruise"}, "geometry": {"type": "Point", "coordinates": [100.411473, 10.588837, 9753.6]}}, {"type": "Feature", "properties": {"flight_key": "BAW111_VTSC_VTBS_2025-12-23 01:56", "callsign": "BAW111", "aircraft_type": "A21N", "adep": "VTSC", "ades": "VTBS", "epoch_ts": "2025-12-23 02:35:48+00:00", "altitude_ft": 32000.0, "tas_kt": 461.5, "gs_kt": 461.5, "track_deg": 1.3745487574477147, "phase": "cruise"}, "geometry": {"type": "Point", "coordinates": [100.412516, 10.631753, 9753.6]}}, {"type": "Feature", "properties": {"flight_key": "BAW111_VTSC_VTBS_2025-12-23 01:56", "callsign": "BAW111", "aircraft_type": "A21N", "adep": "VTSC", "ades": "VTBS", "epoch_ts": "2025-12-23 02:36:08+00:00", "altitude_ft": 32000.0, "tas_kt": 461.5, "gs_kt": 461.5, "track_deg": 1.3745487574477147, "phase": "cruise"}, "geometry": {"type": "Point", "coordinates": [100.413558, 10.67467, 9753.6]}}, {"type": "Feature", "properties": {"flight_key": "BAW111_VTSC_VTBS_2025-12-23 01:56", "callsign": "BAW111", "aircraft_type": "A21N", "adep": "VTSC", "ades": "VTBS", "epoch_ts": "2025-12-23 02:36:28+00:00", "altitude_ft": 32000.0, "tas_kt": 461.5, "gs_kt": 461.5, "track_deg": 1.3745487574477147, "phase": "cruise"}, "geometry": {"type": "Point", "coordinates": [100.414602, 10.717586, 9753.6]}}, {"type": "Feature", "properties": {"flight_key": "BAW111_VTSC_VTBS_2025-12-23 01:56", "callsign": "BAW111", "aircraft_type": "A21N", "adep": "VTSC", "ades": "VTBS", "epoch_ts": "2025-12-23 02:36:48+00:00", "altitude_ft": 32000.0, "tas_kt": 461.5, "gs_kt": 461.5, "track_deg": 1.3745487574477147, "phase": "cruise"}, "geometry": {"type": "Point", "coordinates": [100.415645, 10.760503, 9753.6]}}, {"type": "Feature", "properties": {"flight_key": "BAW111_VTSC_VTBS_2025-12-23 01:56", "callsign": "BAW111", "aircraft_type": "A21N", "adep": "VTSC", "ades": "VTBS", "epoch_ts": "2025-12-23 02:37:08+00:00", "altitude_ft": 32000.0, "tas_kt": 461.5, "gs_kt": 461.5, "track_deg": 1.3745487574477147, "phase": "cruise"}, "geometry": {"type": "Point", "coordinates": [100.416689, 10.803419, 9753.6]}}, {"type": "Feature", "properties": {"flight_key": "BAW111_VTSC_VTBS_2025-12-23 01:56", "callsign": "BAW111", "aircraft_type": "A21N", "adep": "VTSC", "ades": "VTBS", "epoch_ts": "2025-12-23 02:37:28+00:00", "altitude_ft": 32000.0, "tas_kt": 461.5, "gs_kt": 461.5, "track_deg": 1.3745487574477147, "phase": "cruise"}, "geometry": {"type": "Point", "coordinates": [100.417733, 10.846335, 9753.6]}}, {"type": "Feature", "properties": {"flight_key": "BAW111_VTSC_VTBS_2025-12-23 01:56", "callsign": "BAW111", "aircraft_type": "A21N", "adep": "VTSC", "ades": "VTBS", "epoch_ts": "2025-12-23 02:37:48+00:00", "altitude_ft": 32000.0, "tas_kt": 461.5, "gs_kt": 461.5, "track_deg": 1.3745487574477147, "phase": "cruise"}, "geometry": {"type": "Point", "coordinates": [100.418777, 10.889251, 9753.6]}}, {"type": "Feature", "properties": {"flight_key": "BAW111_VTSC_VTBS_2025-12-23 01:56", "callsign": "BAW111", "aircraft_type": "A21N", "adep": "VTSC", "ades": "VTBS", "epoch_ts": "2025-12-23 02:38:08+00:00", "altitude_ft": 32000.0, "tas_kt": 461.5, "gs_kt": 461.5, "track_deg": 1.3745487574477147, "phase": "cruise"}, "geometry": {"type": "Point", "coordinates": [100.419822, 10.932167, 9753.6]}}, {"type": "Feature", "properties": {"flight_key": "BAW111_VTSC_VTBS_2025-12-23 01:56", "callsign": "BAW111", "aircraft_type": "A21N", "adep": "VTSC", "ades": "VTBS", "epoch_ts": "2025-12-23 02:38:28+00:00", "altitude_ft": 32000.0, "tas_kt": 461.5, "gs_kt": 461.5, "track_deg": 1.3745487574477147, "phase": "cruise"}, "geometry": {"type": "Point", "coordinates": [100.420866, 10.975082, 9753.6]}}, {"type": "Feature", "properties": {"flight_key": "BAW111_VTSC_VTBS_2025-12-23 01:56", "callsign": "BAW111", "aircraft_type": "A21N", "adep": "VTSC", "ades": "VTBS", "epoch_ts": "2025-12-23 02:38:48+00:00", "altitude_ft": 32000.0, "tas_kt": 461.5, "gs_kt": 461.5, "track_deg": 1.3745487574477147, "phase": "cruise"}, "geometry": {"type": "Point", "coordinates": [100.421912, 11.017998, 9753.6]}}, {"type": "Feature", "properties": {"flight_key": "BAW111_VTSC_VTBS_2025-12-23 01:56", "callsign": "BAW111", "aircraft_type": "A21N", "adep": "VTSC", "ades": "VTBS", "epoch_ts": "2025-12-23 02:39:08+00:00", "altitude_ft": 32000.0, "tas_kt": 461.5, "gs_kt": 461.5, "track_deg": 1.3745487574477147, "phase": "cruise"}, "geometry": {"type": "Point", "coordinates": [100.422957, 11.060913, 9753.6]}}, {"type": "Feature", "properties": {"flight_key": "BAW111_VTSC_VTBS_2025-12-23 01:56", "callsign": "BAW111", "aircraft_type": "A21N", "adep": "VTSC", "ades": "VTBS", "epoch_ts": "2025-12-23 02:39:28+00:00", "altitude_ft": 32000.0, "tas_kt": 461.5, "gs_kt": 461.5, "track_deg": 1.3745487574477147, "phase": "cruise"}, "geometry": {"type": "Point", "coordinates": [100.424003, 11.103829, 9753.6]}}, {"type": "Feature", "properties": {"flight_key": "BAW111_VTSC_VTBS_2025-12-23 01:56", "callsign": "BAW111", "aircraft_type": "A21N", "adep": "VTSC", "ades": "VTBS", "epoch_ts": "2025-12-23 02:39:48+00:00", "altitude_ft": 32000.0, "tas_kt": 461.5, "gs_kt": 461.5, "track_deg": 1.3745487574477147, "phase": "cruise"}, "geometry": {"type": "Point", "coordinates": [100.425049, 11.146744, 9753.6]}}, {"type": "Feature", "properties": {"flight_key": "BAW111_VTSC_VTBS_2025-12-23 01:56", "callsign": "BAW111", "aircraft_type": "A21N", "adep": "VTSC", "ades": "VTBS", "epoch_ts": "2025-12-23 02:40:08+00:00", "altitude_ft": 32000.0, "tas_kt": 461.5, "gs_kt": 461.5, "track_deg": 1.3745487574477147, "phase": "cruise"}, "geometry": {"type": "Point", "coordinates": [100.426095, 11.189659, 9753.6]}}, {"type": "Feature", "properties": {"flight_key": "BAW111_VTSC_VTBS_2025-12-23 01:56", "callsign": "BAW111", "aircraft_type": "A21N", "adep": "VTSC", "ades": "VTBS", "epoch_ts": "2025-12-23 02:40:28+00:00", "altitude_ft": 32000.0, "tas_kt": 461.5, "gs_kt": 461.5, "track_deg": 1.3745487574477147, "phase": "cruise"}, "geometry": {"type": "Point", "coordinates": [100.427142, 11.232574, 9753.6]}}, {"type": "Feature", "properties": {"flight_key": "BAW111_VTSC_VTBS_2025-12-23 01:56", "callsign": "BAW111", "aircraft_type": "A21N", "adep": "VTSC", "ades": "VTBS", "epoch_ts": "2025-12-23 02:40:48+00:00", "altitude_ft": 32000.0, "tas_kt": 461.5, "gs_kt": 461.5, "track_deg": 1.3745487574477147, "phase": "cruise"}, "geometry": {"type": "Point", "coordinates": [100.428189, 11.275489, 9753.6]}}, {"type": "Feature", "properties": {"flight_key": "BAW111_VTSC_VTBS_2025-12-23 01:56", "callsign": "BAW111", "aircraft_type": "A21N", "adep": "VTSC", "ades": "VTBS", "epoch_ts": "2025-12-23 02:41:08+00:00", "altitude_ft": 32000.0, "tas_kt": 461.5, "gs_kt": 461.5, "track_deg": 1.3914774156987912, "phase": "cruise"}, "geometry": {"type": "Point", "coordinates": [100.429239, 11.318403, 9753.6]}}, {"type": "Feature", "properties": {"flight_key": "BAW111_VTSC_VTBS_2025-12-23 01:56", "callsign": "BAW111", "aircraft_type": "A21N", "adep": "VTSC", "ades": "VTBS", "epoch_ts": "2025-12-23 02:41:28+00:00", "altitude_ft": 32000.0, "tas_kt": 461.5, "gs_kt": 461.5, "track_deg": 1.3914774156987912, "phase": "cruise"}, "geometry": {"type": "Point", "coordinates": [100.430296, 11.361318, 9753.6]}}, {"type": "Feature", "properties": {"flight_key": "BAW111_VTSC_VTBS_2025-12-23 01:56", "callsign": "BAW111", "aircraft_type": "A21N", "adep": "VTSC", "ades": "VTBS", "epoch_ts": "2025-12-23 02:41:48+00:00", "altitude_ft": 32000.0, "tas_kt": 461.5, "gs_kt": 461.5, "track_deg": 1.3914774156987912, "phase": "cruise"}, "geometry": {"type": "Point", "coordinates": [100.431353, 11.404232, 9753.6]}}, {"type": "Feature", "properties": {"flight_key": "BAW111_VTSC_VTBS_2025-12-23 01:56", "callsign": "BAW111", "aircraft_type": "A21N", "adep": "VTSC", "ades": "VTBS", "epoch_ts": "2025-12-23 02:42:08+00:00", "altitude_ft": 32000.0, "tas_kt": 461.5, "gs_kt": 461.5, "track_deg": 1.3914774156987912, "phase": "cruise"}, "geometry": {"type": "Point", "coordinates": [100.43241, 11.447146, 9753.6]}}, {"type": "Feature", "properties": {"flight_key": "BAW111_VTSC_VTBS_2025-12-23 01:56", "callsign": "BAW111", "aircraft_type": "A21N", "adep": "VTSC", "ades": "VTBS", "epoch_ts": "2025-12-23 02:42:28+00:00", "altitude_ft": 32000.0, "tas_kt": 461.5, "gs_kt": 461.5, "track_deg": 1.3914774156987912, "phase": "cruise"}, "geometry": {"type": "Point", "coordinates": [100.433467, 11.49006, 9753.6]}}, {"type": "Feature", "properties": {"flight_key": "BAW111_VTSC_VTBS_2025-12-23 01:56", "callsign": "BAW111", "aircraft_type": "A21N", "adep": "VTSC", "ades": "VTBS", "epoch_ts": "2025-12-23 02:42:48+00:00", "altitude_ft": 32000.0, "tas_kt": 461.5, "gs_kt": 461.5, "track_deg": 1.3914774156987912, "phase": "cruise"}, "geometry": {"type": "Point", "coordinates": [100.434525, 11.532974, 9753.6]}}, {"type": "Feature", "properties": {"flight_key": "BAW111_VTSC_VTBS_2025-12-23 01:56", "callsign": "BAW111", "aircraft_type": "A21N", "adep": "VTSC", "ades": "VTBS", "epoch_ts": "2025-12-23 02:43:08+00:00", "altitude_ft": 32000.0, "tas_kt": 461.5, "gs_kt": 461.5, "track_deg": 1.3914774156987912, "phase": "cruise"}, "geometry": {"type": "Point", "coordinates": [100.435583, 11.575888, 9753.6]}}, {"type": "Feature", "properties": {"flight_key": "BAW111_VTSC_VTBS_2025-12-23 01:56", "callsign": "BAW111", "aircraft_type": "A21N", "adep": "VTSC", "ades": "VTBS", "epoch_ts": "2025-12-23 02:43:28+00:00", "altitude_ft": 32000.0, "tas_kt": 461.5, "gs_kt": 461.5, "track_deg": 1.3914774156987912, "phase": "cruise"}, "geometry": {"type": "Point", "coordinates": [100.436641, 11.618801, 9753.6]}}, {"type": "Feature", "properties": {"flight_key": "BAW111_VTSC_VTBS_2025-12-23 01:56", "callsign": "BAW111", "aircraft_type": "A21N", "adep": "VTSC", "ades": "VTBS", "epoch_ts": "2025-12-23 02:43:48+00:00", "altitude_ft": 32000.0, "tas_kt": 461.5, "gs_kt": 461.5, "track_deg": 1.3914774156987912, "phase": "cruise"}, "geometry": {"type": "Point", "coordinates": [100.4377, 11.661715, 9753.6]}}, {"type": "Feature", "properties": {"flight_key": "BAW111_VTSC_VTBS_2025-12-23 01:56", "callsign": "BAW111", "aircraft_type": "A21N", "adep": "VTSC", "ades": "VTBS", "epoch_ts": "2025-12-23 02:44:08+00:00", "altitude_ft": 32000.0, "tas_kt": 461.5, "gs_kt": 461.5, "track_deg": 1.3914774156987912, "phase": "cruise"}, "geometry": {"type": "Point", "coordinates": [100.438759, 11.704628, 9753.6]}}, {"type": "Feature", "properties": {"flight_key": "BAW111_VTSC_VTBS_2025-12-23 01:56", "callsign": "BAW111", "aircraft_type": "A21N", "adep": "VTSC", "ades": "VTBS", "epoch_ts": "2025-12-23 02:44:28+00:00", "altitude_ft": 32000.0, "tas_kt": 461.5, "gs_kt": 461.5, "track_deg": 1.3914774156987912, "phase": "cruise"}, "geometry": {"type": "Point", "coordinates": [100.439818, 11.747541, 9753.6]}}, {"type": "Feature", "properties": {"flight_key": "BAW111_VTSC_VTBS_2025-12-23 01:56", "callsign": "BAW111", "aircraft_type": "A21N", "adep": "VTSC", "ades": "VTBS", "epoch_ts": "2025-12-23 02:44:48+00:00", "altitude_ft": 32000.0, "tas_kt": 461.5, "gs_kt": 461.5, "track_deg": 1.3914774156987912, "phase": "cruise"}, "geometry": {"type": "Point", "coordinates": [100.440878, 11.790454, 9753.6]}}, {"type": "Feature", "properties": {"flight_key": "BAW111_VTSC_VTBS_2025-12-23 01:56", "callsign": "BAW111", "aircraft_type": "A21N", "adep": "VTSC", "ades": "VTBS", "epoch_ts": "2025-12-23 02:45:08+00:00", "altitude_ft": 32000.0, "tas_kt": 461.5, "gs_kt": 461.5, "track_deg": 1.3914774156987912, "phase": "cruise"}, "geometry": {"type": "Point", "coordinates": [100.441938, 11.833367, 9753.6]}}, {"type": "Feature", "properties": {"flight_key": "BAW111_VTSC_VTBS_2025-12-23 01:56", "callsign": "BAW111", "aircraft_type": "A21N", "adep": "VTSC", "ades": "VTBS", "epoch_ts": "2025-12-23 02:45:28+00:00", "altitude_ft": 32000.0, "tas_kt": 461.5, "gs_kt": 461.5, "track_deg": 1.4189899158072088, "phase": "cruise"}, "geometry": {"type": "Point", "coordinates": [100.443007, 11.87628, 9753.6]}}, {"type": "Feature", "properties": {"flight_key": "BAW111_VTSC_VTBS_2025-12-23 01:56", "callsign": "BAW111", "aircraft_type": "A21N", "adep": "VTSC", "ades": "VTBS", "epoch_ts": "2025-12-23 02:45:48+00:00", "altitude_ft": 32000.0, "tas_kt": 461.5, "gs_kt": 461.5, "track_deg": 1.4189899158072088, "phase": "cruise"}, "geometry": {"type": "Point", "coordinates": [100.444087, 11.919192, 9753.6]}}, {"type": "Feature", "properties": {"flight_key": "BAW111_VTSC_VTBS_2025-12-23 01:56", "callsign": "BAW111", "aircraft_type": "A21N", "adep": "VTSC", "ades": "VTBS", "epoch_ts": "2025-12-23 02:46:08+00:00", "altitude_ft": 32000.0, "tas_kt": 461.5, "gs_kt": 461.5, "track_deg": 1.4189899158072088, "phase": "cruise"}, "geometry": {"type": "Point", "coordinates": [100.445167, 11.962104, 9753.6]}}, {"type": "Feature", "properties": {"flight_key": "BAW111_VTSC_VTBS_2025-12-23 01:56", "callsign": "BAW111", "aircraft_type": "A21N", "adep": "VTSC", "ades": "VTBS", "epoch_ts": "2025-12-23 02:46:28+00:00", "altitude_ft": 32000.0, "tas_kt": 461.5, "gs_kt": 461.5, "track_deg": 1.4189899158072088, "phase": "cruise"}, "geometry": {"type": "Point", "coordinates": [100.446247, 12.005016, 9753.6]}}, {"type": "Feature", "properties": {"flight_key": "BAW111_VTSC_VTBS_2025-12-23 01:56", "callsign": "BAW111", "aircraft_type": "A21N", "adep": "VTSC", "ades": "VTBS", "epoch_ts": "2025-12-23 02:46:48+00:00", "altitude_ft": 32000.0, "tas_kt": 461.5, "gs_kt": 461.5, "track_deg": 1.4189899158072088, "phase": "cruise"}, "geometry": {"type": "Point", "coordinates": [100.447327, 12.047928, 9753.6]}}, {"type": "Feature", "properties": {"flight_key": "BAW111_VTSC_VTBS_2025-12-23 01:56", "callsign": "BAW111", "aircraft_type": "A21N", "adep": "VTSC", "ades": "VTBS", "epoch_ts": "2025-12-23 02:47:08+00:00", "altitude_ft": 32000.0, "tas_kt": 461.5, "gs_kt": 461.5, "track_deg": 1.4189899158072088, "phase": "cruise"}, "geometry": {"type": "Point", "coordinates": [100.448408, 12.090839, 9753.6]}}, {"type": "Feature", "properties": {"flight_key": "BAW111_VTSC_VTBS_2025-12-23 01:56", "callsign": "BAW111", "aircraft_type": "A21N", "adep": "VTSC", "ades": "VTBS", "epoch_ts": "2025-12-23 02:47:28+00:00", "altitude_ft": 31632.2, "tas_kt": 461.5, "gs_kt": 461.5, "track_deg": 1.4189899158072088, "phase": "descent"}, "geometry": {"type": "Point", "coordinates": [100.449489, 12.133751, 9641.5]}}, {"type": "Feature", "properties": {"flight_key": "BAW111_VTSC_VTBS_2025-12-23 01:56", "callsign": "BAW111", "aircraft_type": "A21N", "adep": "VTSC", "ades": "VTBS", "epoch_ts": "2025-12-23 02:47:48+00:00", "altitude_ft": 30987.0, "tas_kt": 461.5, "gs_kt": 461.5, "track_deg": 1.4189899158072088, "phase": "descent"}, "geometry": {"type": "Point", "coordinates": [100.450571, 12.176662, 9444.8]}}, {"type": "Feature", "properties": {"flight_key": "BAW111_VTSC_VTBS_2025-12-23 01:56", "callsign": "BAW111", "aircraft_type": "A21N", "adep": "VTSC", "ades": "VTBS", "epoch_ts": "2025-12-23 02:48:08+00:00", "altitude_ft": 30341.8, "tas_kt": 461.5, "gs_kt": 461.5, "track_deg": 1.4189899158072088, "phase": "descent"}, "geometry": {"type": "Point", "coordinates": [100.451653, 12.219573, 9248.2]}}, {"type": "Feature", "properties": {"flight_key": "BAW111_VTSC_VTBS_2025-12-23 01:56", "callsign": "BAW111", "aircraft_type": "A21N", "adep": "VTSC", "ades": "VTBS", "epoch_ts": "2025-12-23 02:48:28+00:00", "altitude_ft": 29696.7, "tas_kt": 461.5, "gs_kt": 461.5, "track_deg": 1.4189899158072088, "phase": "descent"}, "geometry": {"type": "Point", "coordinates": [100.452735, 12.262484, 9051.6]}}, {"type": "Feature", "properties": {"flight_key": "BAW111_VTSC_VTBS_2025-12-23 01:56", "callsign": "BAW111", "aircraft_type": "A21N", "adep": "VTSC", "ades": "VTBS", "epoch_ts": "2025-12-23 02:48:48+00:00", "altitude_ft": 29051.5, "tas_kt": 461.5, "gs_kt": 461.5, "track_deg": 1.4189899158072088, "phase": "descent"}, "geometry": {"type": "Point", "coordinates": [100.453818, 12.305395, 8854.9]}}, {"type": "Feature", "properties": {"flight_key": "BAW111_VTSC_VTBS_2025-12-23 01:56", "callsign": "BAW111", "aircraft_type": "A21N", "adep": "VTSC", "ades": "VTBS", "epoch_ts": "2025-12-23 02:49:08+00:00", "altitude_ft": 28406.3, "tas_kt": 461.5, "gs_kt": 461.5, "track_deg": 1.4189899158072088, "phase": "descent"}, "geometry": {"type": "Point", "coordinates": [100.454901, 12.348306, 8658.2]}}, {"type": "Feature", "properties": {"flight_key": "BAW111_VTSC_VTBS_2025-12-23 01:56", "callsign": "BAW111", "aircraft_type": "A21N", "adep": "VTSC", "ades": "VTBS", "epoch_ts": "2025-12-23 02:49:28+00:00", "altitude_ft": 27752.0, "tas_kt": 461.6, "gs_kt": 461.6, "track_deg": 1.4189899158072088, "phase": "descent"}, "geometry": {"type": "Point", "coordinates": [100.455999, 12.391823, 8458.8]}}, {"type": "Feature", "properties": {"flight_key": "BAW111_VTSC_VTBS_2025-12-23 01:56", "callsign": "BAW111", "aircraft_type": "A21N", "adep": "VTSC", "ades": "VTBS", "epoch_ts": "2025-12-23 02:49:48+00:00", "altitude_ft": 26961.6, "tas_kt": 417.0, "gs_kt": 417.0, "track_deg": 1.4189899158072088, "phase": "descent"}, "geometry": {"type": "Point", "coordinates": [100.457327, 12.44439, 8217.9]}}, {"type": "Feature", "properties": {"flight_key": "BAW111_VTSC_VTBS_2025-12-23 01:56", "callsign": "BAW111", "aircraft_type": "A21N", "adep": "VTSC", "ades": "VTBS", "epoch_ts": "2025-12-23 02:50:08+00:00", "altitude_ft": 26220.3, "tas_kt": 412.2, "gs_kt": 412.2, "track_deg": 1.4189899158072088, "phase": "descent"}, "geometry": {"type": "Point", "coordinates": [100.458573, 12.493692, 7991.9]}}, {"type": "Feature", "properties": {"flight_key": "BAW111_VTSC_VTBS_2025-12-23 01:56", "callsign": "BAW111", "aircraft_type": "A21N", "adep": "VTSC", "ades": "VTBS", "epoch_ts": "2025-12-23 02:50:28+00:00", "altitude_ft": 25487.3, "tas_kt": 407.6, "gs_kt": 407.6, "track_deg": 1.4189899158072088, "phase": "descent"}, "geometry": {"type": "Point", "coordinates": [100.459805, 12.542443, 7768.5]}}, {"type": "Feature", "properties": {"flight_key": "BAW111_VTSC_VTBS_2025-12-23 01:56", "callsign": "BAW111", "aircraft_type": "A21N", "adep": "VTSC", "ades": "VTBS", "epoch_ts": "2025-12-23 02:50:48+00:00", "altitude_ft": 24762.4, "tas_kt": 403.0, "gs_kt": 403.0, "track_deg": 1.4189899158072088, "phase": "descent"}, "geometry": {"type": "Point", "coordinates": [100.461024, 12.590657, 7547.6]}}, {"type": "Feature", "properties": {"flight_key": "BAW111_VTSC_VTBS_2025-12-23 01:56", "callsign": "BAW111", "aircraft_type": "A21N", "adep": "VTSC", "ades": "VTBS", "epoch_ts": "2025-12-23 02:51:08+00:00", "altitude_ft": 24045.4, "tas_kt": 398.6, "gs_kt": 398.6, "track_deg": 1.4189899158072088, "phase": "descent"}, "geometry": {"type": "Point", "coordinates": [100.46223, 12.638345, 7329.0]}}, {"type": "Feature", "properties": {"flight_key": "BAW111_VTSC_VTBS_2025-12-23 01:56", "callsign": "BAW111", "aircraft_type": "A21N", "adep": "VTSC", "ades": "VTBS", "epoch_ts": "2025-12-23 02:51:28+00:00", "altitude_ft": 23336.1, "tas_kt": 394.2, "gs_kt": 394.2, "track_deg": 1.4189899158072088, "phase": "descent"}, "geometry": {"type": "Point", "coordinates": [100.463424, 12.68552, 7112.8]}}, {"type": "Feature", "properties": {"flight_key": "BAW111_VTSC_VTBS_2025-12-23 01:56", "callsign": "BAW111", "aircraft_type": "A21N", "adep": "VTSC", "ades": "VTBS", "epoch_ts": "2025-12-23 02:51:48+00:00", "altitude_ft": 22634.3, "tas_kt": 390.0, "gs_kt": 390.0, "track_deg": 1.4189899158072088, "phase": "descent"}, "geometry": {"type": "Point", "coordinates": [100.464605, 12.732192, 6898.9]}}, {"type": "Feature", "properties": {"flight_key": "BAW111_VTSC_VTBS_2025-12-23 01:56", "callsign": "BAW111", "aircraft_type": "A21N", "adep": "VTSC", "ades": "VTBS", "epoch_ts": "2025-12-23 02:52:08+00:00", "altitude_ft": 21939.9, "tas_kt": 385.9, "gs_kt": 385.9, "track_deg": 1.4189899158072088, "phase": "descent"}, "geometry": {"type": "Point", "coordinates": [100.465775, 12.778375, 6687.3]}}, {"type": "Feature", "properties": {"flight_key": "BAW111_VTSC_VTBS_2025-12-23 01:56", "callsign": "BAW111", "aircraft_type": "A21N", "adep": "VTSC", "ades": "VTBS", "epoch_ts": "2025-12-23 02:52:28+00:00", "altitude_ft": 21252.7, "tas_kt": 381.8, "gs_kt": 381.8, "track_deg": 1.4189899158072088, "phase": "descent"}, "geometry": {"type": "Point", "coordinates": [100.466932, 12.824077, 6477.8]}}, {"type": "Feature", "properties": {"flight_key": "BAW111_VTSC_VTBS_2025-12-23 01:56", "callsign": "BAW111", "aircraft_type": "A21N", "adep": "VTSC", "ades": "VTBS", "epoch_ts": "2025-12-23 02:52:48+00:00", "altitude_ft": 20572.6, "tas_kt": 377.9, "gs_kt": 377.9, "track_deg": 1.4189899158072088, "phase": "descent"}, "geometry": {"type": "Point", "coordinates": [100.468079, 12.86931, 6270.5]}}, {"type": "Feature", "properties": {"flight_key": "BAW111_VTSC_VTBS_2025-12-23 01:56", "callsign": "BAW111", "aircraft_type": "A21N", "adep": "VTSC", "ades": "VTBS", "epoch_ts": "2025-12-23 02:53:08+00:00", "altitude_ft": 19899.4, "tas_kt": 374.0, "gs_kt": 374.0, "track_deg": 1.4189899158072088, "phase": "descent"}, "geometry": {"type": "Point", "coordinates": [100.469214, 12.914084, 6065.3]}}, {"type": "Feature", "properties": {"flight_key": "BAW111_VTSC_VTBS_2025-12-23 01:56", "callsign": "BAW111", "aircraft_type": "A21N", "adep": "VTSC", "ades": "VTBS", "epoch_ts": "2025-12-23 02:53:28+00:00", "altitude_ft": 19232.9, "tas_kt": 370.3, "gs_kt": 370.3, "track_deg": 1.4189899158072088, "phase": "descent"}, "geometry": {"type": "Point", "coordinates": [100.470338, 12.958409, 5862.2]}}, {"type": "Feature", "properties": {"flight_key": "BAW111_VTSC_VTBS_2025-12-23 01:56", "callsign": "BAW111", "aircraft_type": "A21N", "adep": "VTSC", "ades": "VTBS", "epoch_ts": "2025-12-23 02:53:48+00:00", "altitude_ft": 18583.5, "tas_kt": 328.7, "gs_kt": 328.7, "track_deg": 1.4189899158072088, "phase": "descent"}, "geometry": {"type": "Point", "coordinates": [100.471433, 13.001602, 5664.3]}}, {"type": "Feature", "properties": {"flight_key": "BAW111_VTSC_VTBS_2025-12-23 01:56", "callsign": "BAW111", "aircraft_type": "A21N", "adep": "VTSC", "ades": "VTBS", "epoch_ts": "2025-12-23 02:54:08+00:00", "altitude_ft": 17997.8, "tas_kt": 325.7, "gs_kt": 325.7, "track_deg": 1.4189899158072088, "phase": "descent"}, "geometry": {"type": "Point", "coordinates": [100.472422, 13.040554, 5485.7]}}, {"type": "Feature", "properties": {"flight_key": "BAW111_VTSC_VTBS_2025-12-23 01:56", "callsign": "BAW111", "aircraft_type": "A21N", "adep": "VTSC", "ades": "VTBS", "epoch_ts": "2025-12-23 02:54:28+00:00", "altitude_ft": 17417.9, "tas_kt": 322.8, "gs_kt": 322.8, "track_deg": 13.499112113927719, "phase": "descent"}, "geometry": {"type": "Point", "coordinates": [100.474612, 13.079019, 5309.0]}}, {"type": "Feature", "properties": {"flight_key": "BAW111_VTSC_VTBS_2025-12-23 01:56", "callsign": "BAW111", "aircraft_type": "A21N", "adep": "VTSC", "ades": "VTBS", "epoch_ts": "2025-12-23 02:54:48+00:00", "altitude_ft": 16843.2, "tas_kt": 320.0, "gs_kt": 320.0, "track_deg": 35.29012845638609, "phase": "descent"}, "geometry": {"type": "Point", "coordinates": [100.491937, 13.11288, 5133.8]}}, {"type": "Feature", "properties": {"flight_key": "BAW111_VTSC_VTBS_2025-12-23 01:56", "callsign": "BAW111", "aircraft_type": "A21N", "adep": "VTSC", "ades": "VTBS", "epoch_ts": "2025-12-23 02:55:08+00:00", "altitude_ft": 16273.5, "tas_kt": 317.2, "gs_kt": 317.2, "track_deg": 35.29012845638609, "phase": "descent"}, "geometry": {"type": "Point", "coordinates": [100.514278, 13.143812, 4960.2]}}, {"type": "Feature", "properties": {"flight_key": "BAW111_VTSC_VTBS_2025-12-23 01:56", "callsign": "BAW111", "aircraft_type": "A21N", "adep": "VTSC", "ades": "VTBS", "epoch_ts": "2025-12-23 02:55:28+00:00", "altitude_ft": 15708.7, "tas_kt": 314.5, "gs_kt": 314.5, "track_deg": 35.29012845638609, "phase": "descent"}, "geometry": {"type": "Point", "coordinates": [100.536434, 13.174478, 4788.0]}}, {"type": "Feature", "properties": {"flight_key": "BAW111_VTSC_VTBS_2025-12-23 01:56", "callsign": "BAW111", "aircraft_type": "A21N", "adep": "VTSC", "ades": "VTBS", "epoch_ts": "2025-12-23 02:55:48+00:00", "altitude_ft": 15148.7, "tas_kt": 311.8, "gs_kt": 311.8, "track_deg": 35.29012845638609, "phase": "descent"}, "geometry": {"type": "Point", "coordinates": [100.558407, 13.204881, 4617.3]}}, {"type": "Feature", "properties": {"flight_key": "BAW111_VTSC_VTBS_2025-12-23 01:56", "callsign": "BAW111", "aircraft_type": "A21N", "adep": "VTSC", "ades": "VTBS", "epoch_ts": "2025-12-23 02:56:08+00:00", "altitude_ft": 14593.4, "tas_kt": 309.2, "gs_kt": 309.2, "track_deg": 35.29012845638609, "phase": "descent"}, "geometry": {"type": "Point", "coordinates": [100.580201, 13.235028, 4448.1]}}, {"type": "Feature", "properties": {"flight_key": "BAW111_VTSC_VTBS_2025-12-23 01:56", "callsign": "BAW111", "aircraft_type": "A21N", "adep": "VTSC", "ades": "VTBS", "epoch_ts": "2025-12-23 02:56:28+00:00", "altitude_ft": 14085.1, "tas_kt": 270.7, "gs_kt": 270.7, "track_deg": 35.29012845638609, "phase": "descent"}, "geometry": {"type": "Point", "coordinates": [100.600157, 13.262623, 4293.1]}}, {"type": "Feature", "properties": {"flight_key": "BAW111_VTSC_VTBS_2025-12-23 01:56", "callsign": "BAW111", "aircraft_type": "A21N", "adep": "VTSC", "ades": "VTBS", "epoch_ts": "2025-12-23 02:56:48+00:00", "altitude_ft": 14000.0, "tas_kt": 270.4, "gs_kt": 270.4, "track_deg": 35.26594305467925, "phase": "descent"}, "geometry": {"type": "Point", "coordinates": [100.619114, 13.288871, 4267.2]}}, {"type": "Feature", "properties": {"flight_key": "BAW111_VTSC_VTBS_2025-12-23 01:56", "callsign": "BAW111", "aircraft_type": "A21N", "adep": "VTSC", "ades": "VTBS", "epoch_ts": "2025-12-23 02:57:08+00:00", "altitude_ft": 14000.0, "tas_kt": 270.4, "gs_kt": 270.4, "track_deg": 35.26594305467925, "phase": "descent"}, "geometry": {"type": "Point", "coordinates": [100.638069, 13.315117, 4267.2]}}, {"type": "Feature", "properties": {"flight_key": "BAW111_VTSC_VTBS_2025-12-23 01:56", "callsign": "BAW111", "aircraft_type": "A21N", "adep": "VTSC", "ades": "VTBS", "epoch_ts": "2025-12-23 02:57:28+00:00", "altitude_ft": 14000.0, "tas_kt": 270.4, "gs_kt": 270.4, "track_deg": 35.26594305467925, "phase": "descent"}, "geometry": {"type": "Point", "coordinates": [100.657028, 13.341362, 4267.2]}}, {"type": "Feature", "properties": {"flight_key": "BAW111_VTSC_VTBS_2025-12-23 01:56", "callsign": "BAW111", "aircraft_type": "A21N", "adep": "VTSC", "ades": "VTBS", "epoch_ts": "2025-12-23 02:57:48+00:00", "altitude_ft": 14000.0, "tas_kt": 270.4, "gs_kt": 270.4, "track_deg": 35.26594305467925, "phase": "descent"}, "geometry": {"type": "Point", "coordinates": [100.675991, 13.367606, 4267.2]}}, {"type": "Feature", "properties": {"flight_key": "BAW111_VTSC_VTBS_2025-12-23 01:56", "callsign": "BAW111", "aircraft_type": "A21N", "adep": "VTSC", "ades": "VTBS", "epoch_ts": "2025-12-23 02:58:08+00:00", "altitude_ft": 14000.0, "tas_kt": 270.4, "gs_kt": 270.4, "track_deg": 35.26594305467925, "phase": "descent"}, "geometry": {"type": "Point", "coordinates": [100.694958, 13.393848, 4267.2]}}, {"type": "Feature", "properties": {"flight_key": "BAW111_VTSC_VTBS_2025-12-23 01:56", "callsign": "BAW111", "aircraft_type": "A21N", "adep": "VTSC", "ades": "VTBS", "epoch_ts": "2025-12-23 02:58:28+00:00", "altitude_ft": 14000.0, "tas_kt": 270.4, "gs_kt": 270.4, "track_deg": 35.26594305467925, "phase": "descent"}, "geometry": {"type": "Point", "coordinates": [100.713929, 13.420089, 4267.2]}}, {"type": "Feature", "properties": {"flight_key": "BAW111_VTSC_VTBS_2025-12-23 01:56", "callsign": "BAW111", "aircraft_type": "A21N", "adep": "VTSC", "ades": "VTBS", "epoch_ts": "2025-12-23 02:58:48+00:00", "altitude_ft": 14000.0, "tas_kt": 270.4, "gs_kt": 270.4, "track_deg": 35.33862577249104, "phase": "descent"}, "geometry": {"type": "Point", "coordinates": [100.732925, 13.446314, 4267.2]}}, {"type": "Feature", "properties": {"flight_key": "BAW111_VTSC_VTBS_2025-12-23 01:56", "callsign": "BAW111", "aircraft_type": "A21N", "adep": "VTSC", "ades": "VTBS", "epoch_ts": "2025-12-23 02:59:08+00:00", "altitude_ft": 13602.0, "tas_kt": 268.7, "gs_kt": 268.7, "track_deg": 35.33862577249104, "phase": "descent"}, "geometry": {"type": "Point", "coordinates": [100.751866, 13.472453, 4145.9]}}, {"type": "Feature", "properties": {"flight_key": "BAW111_VTSC_VTBS_2025-12-23 01:56", "callsign": "BAW111", "aircraft_type": "A21N", "adep": "VTSC", "ades": "VTBS", "epoch_ts": "2025-12-23 02:59:28+00:00", "altitude_ft": 13123.7, "tas_kt": 266.8, "gs_kt": 266.8, "track_deg": 35.33862577249104, "phase": "descent"}, "geometry": {"type": "Point", "coordinates": [100.770676, 13.498404, 4000.1]}}, {"type": "Feature", "properties": {"flight_key": "BAW111_VTSC_VTBS_2025-12-23 01:56", "callsign": "BAW111", "aircraft_type": "A21N", "adep": "VTSC", "ades": "VTBS", "epoch_ts": "2025-12-23 02:59:48+00:00", "altitude_ft": 12648.9, "tas_kt": 264.9, "gs_kt": 264.9, "track_deg": 35.33862577249104, "phase": "descent"}, "geometry": {"type": "Point", "coordinates": [100.789355, 13.524168, 3855.4]}}, {"type": "Feature", "properties": {"flight_key": "BAW111_VTSC_VTBS_2025-12-23 01:56", "callsign": "BAW111", "aircraft_type": "A21N", "adep": "VTSC", "ades": "VTBS", "epoch_ts": "2025-12-23 03:00:08+00:00", "altitude_ft": 12177.4, "tas_kt": 263.0, "gs_kt": 263.0, "track_deg": 29.23693850193646, "phase": "descent"}, "geometry": {"type": "Point", "coordinates": [100.807645, 13.549911, 3711.7]}}, {"type": "Feature", "properties": {"flight_key": "BAW111_VTSC_VTBS_2025-12-23 01:56", "callsign": "BAW111", "aircraft_type": "A21N", "adep": "VTSC", "ades": "VTBS", "epoch_ts": "2025-12-23 03:00:28+00:00", "altitude_ft": 11722.4, "tas_kt": 214.2, "gs_kt": 214.2, "track_deg": 14.976457262185379, "phase": "descent"}, "geometry": {"type": "Point", "coordinates": [100.816643, 13.578804, 3573.0]}}, {"type": "Feature", "properties": {"flight_key": "BAW111_VTSC_VTBS_2025-12-23 01:56", "callsign": "BAW111", "aircraft_type": "A21N", "adep": "VTSC", "ades": "VTBS", "epoch_ts": "2025-12-23 03:00:48+00:00", "altitude_ft": 11341.2, "tas_kt": 212.9, "gs_kt": 212.9, "track_deg": 14.976457262185379, "phase": "descent"}, "geometry": {"type": "Point", "coordinates": [100.823344, 13.603303, 3456.8]}}, {"type": "Feature", "properties": {"flight_key": "BAW111_VTSC_VTBS_2025-12-23 01:56", "callsign": "BAW111", "aircraft_type": "A21N", "adep": "VTSC", "ades": "VTBS", "epoch_ts": "2025-12-23 03:01:08+00:00", "altitude_ft": 11000.0, "tas_kt": 211.8, "gs_kt": 211.8, "track_deg": 14.985362561166985, "phase": "descent"}, "geometry": {"type": "Point", "coordinates": [100.830005, 13.627652, 3352.8]}}, {"type": "Feature", "properties": {"flight_key": "BAW111_VTSC_VTBS_2025-12-23 01:56", "callsign": "BAW111", "aircraft_type": "A21N", "adep": "VTSC", "ades": "VTBS", "epoch_ts": "2025-12-23 03:01:28+00:00", "altitude_ft": 11000.0, "tas_kt": 211.8, "gs_kt": 211.8, "track_deg": 14.985362561166985, "phase": "descent"}, "geometry": {"type": "Point", "coordinates": [100.836664, 13.651981, 3352.8]}}, {"type": "Feature", "properties": {"flight_key": "BAW111_VTSC_VTBS_2025-12-23 01:56", "callsign": "BAW111", "aircraft_type": "A21N", "adep": "VTSC", "ades": "VTBS", "epoch_ts": "2025-12-23 03:01:48+00:00", "altitude_ft": 11000.0, "tas_kt": 211.8, "gs_kt": 211.8, "track_deg": 14.985362561166985, "phase": "descent"}, "geometry": {"type": "Point", "coordinates": [100.843323, 13.676303, 3352.8]}}, {"type": "Feature", "properties": {"flight_key": "BAW111_VTSC_VTBS_2025-12-23 01:56", "callsign": "BAW111", "aircraft_type": "A21N", "adep": "VTSC", "ades": "VTBS", "epoch_ts": "2025-12-23 03:02:08+00:00", "altitude_ft": 10707.1, "tas_kt": 210.9, "gs_kt": 210.9, "track_deg": 14.985362561166985, "phase": "descent"}, "geometry": {"type": "Point", "coordinates": [100.849955, 13.70052, 3263.5]}}, {"type": "Feature", "properties": {"flight_key": "BAW111_VTSC_VTBS_2025-12-23 01:56", "callsign": "BAW111", "aircraft_type": "A21N", "adep": "VTSC", "ades": "VTBS", "epoch_ts": "2025-12-23 03:02:28+00:00", "altitude_ft": 10332.4, "tas_kt": 209.7, "gs_kt": 209.7, "track_deg": 14.985362561166985, "phase": "descent"}, "geometry": {"type": "Point", "coordinates": [100.85655, 13.724601, 3149.3]}}, {"type": "Feature", "properties": {"flight_key": "BAW111_VTSC_VTBS_2025-12-23 01:56", "callsign": "BAW111", "aircraft_type": "A21N", "adep": "VTSC", "ades": "VTBS", "epoch_ts": "2025-12-23 03:02:48+00:00", "altitude_ft": 9959.7, "tas_kt": 208.5, "gs_kt": 208.5, "track_deg": 14.985362561166985, "phase": "descent"}, "geometry": {"type": "Point", "coordinates": [100.86311, 13.748546, 3035.7]}}, {"type": "Feature", "properties": {"flight_key": "BAW111_VTSC_VTBS_2025-12-23 01:56", "callsign": "BAW111", "aircraft_type": "A21N", "adep": "VTSC", "ades": "VTBS", "epoch_ts": "2025-12-23 03:03:08+00:00", "altitude_ft": 9589.1, "tas_kt": 207.3, "gs_kt": 207.3, "track_deg": 14.985362561166985, "phase": "descent"}, "geometry": {"type": "Point", "coordinates": [100.869635, 13.772359, 2922.8]}}, {"type": "Feature", "properties": {"flight_key": "BAW111_VTSC_VTBS_2025-12-23 01:56", "callsign": "BAW111", "aircraft_type": "A21N", "adep": "VTSC", "ades": "VTBS", "epoch_ts": "2025-12-23 03:03:28+00:00", "altitude_ft": 9220.6, "tas_kt": 206.2, "gs_kt": 206.2, "track_deg": 14.985362561166985, "phase": "descent"}, "geometry": {"type": "Point", "coordinates": [100.876125, 13.796039, 2810.4]}}, {"type": "Feature", "properties": {"flight_key": "BAW111_VTSC_VTBS_2025-12-23 01:56", "callsign": "BAW111", "aircraft_type": "A21N", "adep": "VTSC", "ades": "VTBS", "epoch_ts": "2025-12-23 03:03:48+00:00", "altitude_ft": 8854.1, "tas_kt": 205.0, "gs_kt": 205.0, "track_deg": 14.985362561166985, "phase": "descent"}, "geometry": {"type": "Point", "coordinates": [100.882581, 13.819591, 2698.7]}}, {"type": "Feature", "properties": {"flight_key": "BAW111_VTSC_VTBS_2025-12-23 01:56", "callsign": "BAW111", "aircraft_type": "A21N", "adep": "VTSC", "ades": "VTBS", "epoch_ts": "2025-12-23 03:04:08+00:00", "altitude_ft": 8489.6, "tas_kt": 203.9, "gs_kt": 203.9, "track_deg": 14.982082814871584, "phase": "descent"}, "geometry": {"type": "Point", "coordinates": [100.889001, 13.843015, 2587.6]}}, {"type": "Feature", "properties": {"flight_key": "BAW111_VTSC_VTBS_2025-12-23 01:56", "callsign": "BAW111", "aircraft_type": "A21N", "adep": "VTSC", "ades": "VTBS", "epoch_ts": "2025-12-23 03:04:28+00:00", "altitude_ft": 8127.0, "tas_kt": 202.8, "gs_kt": 202.8, "track_deg": 14.982082814871584, "phase": "descent"}, "geometry": {"type": "Point", "coordinates": [100.895383, 13.866313, 2477.1]}}, {"type": "Feature", "properties": {"flight_key": "BAW111_VTSC_VTBS_2025-12-23 01:56", "callsign": "BAW111", "aircraft_type": "A21N", "adep": "VTSC", "ades": "VTBS", "epoch_ts": "2025-12-23 03:04:48+00:00", "altitude_ft": 7766.4, "tas_kt": 201.7, "gs_kt": 201.7, "track_deg": 14.982082814871584, "phase": "descent"}, "geometry": {"type": "Point", "coordinates": [100.901732, 13.889487, 2367.2]}}, {"type": "Feature", "properties": {"flight_key": "BAW111_VTSC_VTBS_2025-12-23 01:56", "callsign": "BAW111", "aircraft_type": "A21N", "adep": "VTSC", "ades": "VTBS", "epoch_ts": "2025-12-23 03:05:08+00:00", "altitude_ft": 7407.6, "tas_kt": 200.6, "gs_kt": 200.6, "track_deg": 14.982082814871584, "phase": "descent"}, "geometry": {"type": "Point", "coordinates": [100.908049, 13.912539, 2257.8]}}, {"type": "Feature", "properties": {"flight_key": "BAW111_VTSC_VTBS_2025-12-23 01:56", "callsign": "BAW111", "aircraft_type": "A21N", "adep": "VTSC", "ades": "VTBS", "epoch_ts": "2025-12-23 03:05:28+00:00", "altitude_ft": 7050.8, "tas_kt": 199.5, "gs_kt": 199.5, "track_deg": 15.012891697531828, "phase": "descent"}, "geometry": {"type": "Point", "coordinates": [100.914344, 13.935466, 2149.1]}}, {"type": "Feature", "properties": {"flight_key": "BAW111_VTSC_VTBS_2025-12-23 01:56", "callsign": "BAW111", "aircraft_type": "A21N", "adep": "VTSC", "ades": "VTBS", "epoch_ts": "2025-12-23 03:05:48+00:00", "altitude_ft": 6695.8, "tas_kt": 198.5, "gs_kt": 198.5, "track_deg": 15.012891697531828, "phase": "descent"}, "geometry": {"type": "Point", "coordinates": [100.920607, 13.958273, 2040.9]}}, {"type": "Feature", "properties": {"flight_key": "BAW111_VTSC_VTBS_2025-12-23 01:56", "callsign": "BAW111", "aircraft_type": "A21N", "adep": "VTSC", "ades": "VTBS", "epoch_ts": "2025-12-23 03:06:08+00:00", "altitude_ft": 6342.7, "tas_kt": 197.4, "gs_kt": 197.4, "track_deg": 2.9779178574620286, "phase": "descent"}, "geometry": {"type": "Point", "coordinates": [100.926405, 13.981044, 1933.3]}}, {"type": "Feature", "properties": {"flight_key": "BAW111_VTSC_VTBS_2025-12-23 01:56", "callsign": "BAW111", "aircraft_type": "A21N", "adep": "VTSC", "ades": "VTBS", "epoch_ts": "2025-12-23 03:06:28+00:00", "altitude_ft": 5991.4, "tas_kt": 196.4, "gs_kt": 196.4, "track_deg": 295.56214286720376, "phase": "descent"}, "geometry": {"type": "Point", "coordinates": [100.914654, 13.999773, 1826.2]}}, {"type": "Feature", "properties": {"flight_key": "BAW111_VTSC_VTBS_2025-12-23 01:56", "callsign": "BAW111", "aircraft_type": "A21N", "adep": "VTSC", "ades": "VTBS", "epoch_ts": "2025-12-23 03:06:48+00:00", "altitude_ft": 5641.8, "tas_kt": 195.4, "gs_kt": 195.4, "track_deg": 283.50948055265195, "phase": "descent"}, "geometry": {"type": "Point", "coordinates": [100.891596, 14.005512, 1719.6]}}, {"type": "Feature", "properties": {"flight_key": "BAW111_VTSC_VTBS_2025-12-23 01:56", "callsign": "BAW111", "aircraft_type": "A21N", "adep": "VTSC", "ades": "VTBS", "epoch_ts": "2025-12-23 03:07:08+00:00", "altitude_ft": 5294.1, "tas_kt": 194.4, "gs_kt": 194.4, "track_deg": 283.50948055265195, "phase": "descent"}, "geometry": {"type": "Point", "coordinates": [100.868558, 14.010913, 1613.6]}}, {"type": "Feature", "properties": {"flight_key": "BAW111_VTSC_VTBS_2025-12-23 01:56", "callsign": "BAW111", "aircraft_type": "A21N", "adep": "VTSC", "ades": "VTBS", "epoch_ts": "2025-12-23 03:07:28+00:00", "altitude_ft": 4948.0, "tas_kt": 193.4, "gs_kt": 193.4, "track_deg": 226.59997582074544, "phase": "descent"}, "geometry": {"type": "Point", "coordinates": [100.846754, 14.005797, 1508.2]}}, {"type": "Feature", "properties": {"flight_key": "BAW111_VTSC_VTBS_2025-12-23 01:56", "callsign": "BAW111", "aircraft_type": "A21N", "adep": "VTSC", "ades": "VTBS", "epoch_ts": "2025-12-23 03:07:48+00:00", "altitude_ft": 4603.7, "tas_kt": 192.4, "gs_kt": 192.4, "track_deg": 194.4353050724086, "phase": "descent"}, "geometry": {"type": "Point", "coordinates": [100.838183, 13.984834, 1403.2]}}, {"type": "Feature", "properties": {"flight_key": "BAW111_VTSC_VTBS_2025-12-23 01:56", "callsign": "BAW111", "aircraft_type": "A21N", "adep": "VTSC", "ades": "VTBS", "epoch_ts": "2025-12-23 03:08:08+00:00", "altitude_ft": 4261.1, "tas_kt": 191.5, "gs_kt": 191.5, "track_deg": 194.4353050724086, "phase": "descent"}, "geometry": {"type": "Point", "coordinates": [100.832366, 13.962763, 1298.8]}}, {"type": "Feature", "properties": {"flight_key": "BAW111_VTSC_VTBS_2025-12-23 01:56", "callsign": "BAW111", "aircraft_type": "A21N", "adep": "VTSC", "ades": "VTBS", "epoch_ts": "2025-12-23 03:08:28+00:00", "altitude_ft": 3920.2, "tas_kt": 190.5, "gs_kt": 190.5, "track_deg": 194.4353050724086, "phase": "descent"}, "geometry": {"type": "Point", "coordinates": [100.826578, 13.9408, 1194.9]}}, {"type": "Feature", "properties": {"flight_key": "BAW111_VTSC_VTBS_2025-12-23 01:56", "callsign": "BAW111", "aircraft_type": "A21N", "adep": "VTSC", "ades": "VTBS", "epoch_ts": "2025-12-23 03:08:48+00:00", "altitude_ft": 3581.0, "tas_kt": 189.6, "gs_kt": 189.6, "track_deg": 194.43085355493082, "phase": "descent"}, "geometry": {"type": "Point", "coordinates": [100.82082, 13.918944, 1091.5]}}, {"type": "Feature", "properties": {"flight_key": "BAW111_VTSC_VTBS_2025-12-23 01:56", "callsign": "BAW111", "aircraft_type": "A21N", "adep": "VTSC", "ades": "VTBS", "epoch_ts": "2025-12-23 03:09:08+00:00", "altitude_ft": 3243.3, "tas_kt": 188.6, "gs_kt": 188.6, "track_deg": 194.43085355493082, "phase": "descent"}, "geometry": {"type": "Point", "coordinates": [100.815091, 13.897193, 988.6]}}, {"type": "Feature", "properties": {"flight_key": "BAW111_VTSC_VTBS_2025-12-23 01:56", "callsign": "BAW111", "aircraft_type": "A21N", "adep": "VTSC", "ades": "VTBS", "epoch_ts": "2025-12-23 03:09:28+00:00", "altitude_ft": 2907.3, "tas_kt": 187.7, "gs_kt": 187.7, "track_deg": 194.43085355493082, "phase": "descent"}, "geometry": {"type": "Point", "coordinates": [100.809391, 13.875547, 886.1]}}, {"type": "Feature", "properties": {"flight_key": "BAW111_VTSC_VTBS_2025-12-23 01:56", "callsign": "BAW111", "aircraft_type": "A21N", "adep": "VTSC", "ades": "VTBS", "epoch_ts": "2025-12-23 03:09:48+00:00", "altitude_ft": 2572.9, "tas_kt": 186.8, "gs_kt": 186.8, "track_deg": 194.43085355493082, "phase": "descent"}, "geometry": {"type": "Point", "coordinates": [100.803718, 13.854004, 784.2]}}, {"type": "Feature", "properties": {"flight_key": "BAW111_VTSC_VTBS_2025-12-23 01:56", "callsign": "BAW111", "aircraft_type": "A21N", "adep": "VTSC", "ades": "VTBS", "epoch_ts": "2025-12-23 03:10:08+00:00", "altitude_ft": 2240.1, "tas_kt": 185.9, "gs_kt": 185.9, "track_deg": 194.4228507807794, "phase": "descent"}, "geometry": {"type": "Point", "coordinates": [100.798075, 13.832562, 682.8]}}, {"type": "Feature", "properties": {"flight_key": "BAW111_VTSC_VTBS_2025-12-23 01:56", "callsign": "BAW111", "aircraft_type": "A21N", "adep": "VTSC", "ades": "VTBS", "epoch_ts": "2025-12-23 03:10:28+00:00", "altitude_ft": 1908.9, "tas_kt": 185.0, "gs_kt": 185.0, "track_deg": 194.4228507807794, "phase": "descent"}, "geometry": {"type": "Point", "coordinates": [100.792459, 13.81122, 581.8]}}, {"type": "Feature", "properties": {"flight_key": "BAW111_VTSC_VTBS_2025-12-23 01:56", "callsign": "BAW111", "aircraft_type": "A21N", "adep": "VTSC", "ades": "VTBS", "epoch_ts": "2025-12-23 03:10:48+00:00", "altitude_ft": 1579.2, "tas_kt": 184.1, "gs_kt": 184.1, "track_deg": 194.4228507807794, "phase": "descent"}, "geometry": {"type": "Point", "coordinates": [100.786871, 13.789978, 481.3]}}, {"type": "Feature", "properties": {"flight_key": "BAW111_VTSC_VTBS_2025-12-23 01:56", "callsign": "BAW111", "aircraft_type": "A21N", "adep": "VTSC", "ades": "VTBS", "epoch_ts": "2025-12-23 03:11:08+00:00", "altitude_ft": 1249.9, "tas_kt": 183.3, "gs_kt": 183.3, "track_deg": 194.41674227824248, "phase": "descent"}, "geometry": {"type": "Point", "coordinates": [100.781309, 13.768835, 381.0]}}, {"type": "Feature", "properties": {"flight_key": "BAW111_VTSC_VTBS_2025-12-23 01:56", "callsign": "BAW111", "aircraft_type": "A21N", "adep": "VTSC", "ades": "VTBS", "epoch_ts": "2025-12-23 03:11:28+00:00", "altitude_ft": 909.8, "tas_kt": 182.4, "gs_kt": 182.4, "track_deg": 194.41674227824248, "phase": "descent"}, "geometry": {"type": "Point", "coordinates": [100.775774, 13.747788, 277.3]}}, {"type": "Feature", "properties": {"flight_key": "BAW111_VTSC_VTBS_2025-12-23 01:56", "callsign": "BAW111", "aircraft_type": "A21N", "adep": "VTSC", "ades": "VTBS", "epoch_ts": "2025-12-23 03:11:48+00:00", "altitude_ft": 571.2, "tas_kt": 181.6, "gs_kt": 181.6, "track_deg": 194.41674227824248, "phase": "descent"}, "geometry": {"type": "Point", "coordinates": [100.770266, 13.726837, 174.1]}}, {"type": "Feature", "properties": {"flight_key": "BAW111_VTSC_VTBS_2025-12-23 01:56", "callsign": "BAW111", "aircraft_type": "A21N", "adep": "VTSC", "ades": "VTBS", "epoch_ts": "2025-12-23 03:12:08+00:00", "altitude_ft": 234.2, "tas_kt": 180.7, "gs_kt": 180.7, "track_deg": 194.41674227824248, "phase": "descent"}, "geometry": {"type": "Point", "coordinates": [100.764783, 13.705981, 71.4]}}, {"type": "Feature", "properties": {"flight_key": "BAW111_VTSC_VTBS_2025-12-23 01:56", "callsign": "BAW111", "aircraft_type": "A21N", "adep": "VTSC", "ades": "VTBS", "epoch_ts": "2025-12-23 03:12:21+00:00", "altitude_ft": 3.7, "tas_kt": 180.1, "gs_kt": 180.1, "track_deg": 194.41674227824248, "phase": "descent"}, "geometry": {"type": "Point", "coordinates": [100.761033, 13.691714, 1.1]}}]}